month,slug,product,category,kind,eth,usd,eth_usd
2024-10,aave-v1,Aave V1,lending,,1782.5288,4487872.88,2517.7
2024-11,aave-v1,Aave V1,lending,,1777.3689,6618975.25,3724.03
2024-12,aave-v1,Aave V1,lending,,1737.7647,5785592.18,3329.33
2025-01,aave-v1,Aave V1,lending,,1726.5518,5695808.11,3298.95
2025-02,aave-v1,Aave V1,lending,,1629.696,3627214.39,2225.7
2025-03,aave-v1,Aave V1,lending,,1614.179,2943729.76,1823.67
2025-04,aave-v1,Aave V1,lending,,1613.2788,2892576.69,1792.98
2025-05,aave-v1,Aave V1,lending,,0.0,0.0,2517.89
2025-06,aave-v1,Aave V1,lending,,0.0,0.0,2496.22
2025-07,aave-v1,Aave V1,lending,,0.0,0.0,3694.68
2025-08,aave-v1,Aave V1,lending,,0.0,0.0,4400.37
2025-09,aave-v1,Aave V1,lending,,0.0,0.0,4146.85
2025-10,aave-v1,Aave V1,lending,,0.0,0.0,3854.6968
2025-11,aave-v1,Aave V1,lending,,0.0,0.0,2987.0461
2025-12,aave-v1,Aave V1,lending,,0.0,0.0,2971.5129
2026-01,aave-v1,Aave V1,lending,,0.0,0.0,2469.7591
2026-02,aave-v1,Aave V1,lending,,0.0,0.0,1957.2655
2026-03,aave-v1,Aave V1,lending,,0.0,0.0,2100.0636
2026-04,aave-v1,Aave V1,lending,,0.0,0.0,2258.4696
2026-05,aave-v1,Aave V1,lending,,0.0,0.0,2009.5608
2026-06,aave-v1,Aave V1,lending,,0.0,0.0,1567.7911
2026-07,aave-v1,Aave V1,lending,,0.0,0.0,1863.4753
2026-08,aave-v1,Aave V1,lending,,0.0,0.0,2470.6262
2026-09,aave-v1,Aave V1,lending,,0.0,0.0,2677.2247
2026-10-02,aave-v1,Aave V1,lending,,0.0,0.0,2669.3876
2024-10,aave-v2,Aave V2,lending,,77820.917,195929722.68,2517.7
2024-11,aave-v2,Aave V2,lending,,64205.894,239104675.36,3724.03
2024-12,aave-v2,Aave V2,lending,,37090.6553,123487031.41,3329.33
2025-01,aave-v2,Aave V2,lending,,38004.8354,125376051.88,3298.95
2025-02,aave-v2,Aave V2,lending,,39649.8863,88248751.83,2225.7
2025-03,aave-v2,Aave V2,lending,,33646.0388,61359271.63,1823.67
2025-04,aave-v2,Aave V2,lending,,32036.784,57441312.93,1792.98
2025-05,aave-v2,Aave V2,lending,,30965.1189,77966763.3,2517.89
2025-06,aave-v2,Aave V2,lending,,30276.959,75577950.53,2496.22
2025-07,aave-v2,Aave V2,lending,,28417.2744,104992735.2,3694.68
2025-08,aave-v2,Aave V2,lending,,28179.3665,123999638.85,4400.37
2025-09,aave-v2,Aave V2,lending,,27419.2161,113703376.3,4146.85
2025-10,aave-v2,Aave V2,lending,,18437.1481,71069615.31,3854.6968
2025-11,aave-v2,Aave V2,lending,,16278.6588,48625105.1,2987.0461
2025-12,aave-v2,Aave V2,lending,,14663.8893,43573935.66,2971.5129
2026-01,aave-v2,Aave V2,lending,,13049.3266,32228693.25,2469.7591
2026-02,aave-v2,Aave V2,lending,,11865.1723,23223292.72,1957.2655
2026-03,aave-v2,Aave V2,lending,,11455.1647,24056574.21,2100.0636
2026-04,aave-v2,Aave V2,lending,,10766.7762,24316436.78,2258.4696
2026-05,aave-v2,Aave V2,lending,,10366.9518,20833020.01,2009.5608
2026-06,aave-v2,Aave V2,lending,,9688.6335,15189753.26,1567.7911
2026-07,aave-v2,Aave V2,lending,,9648.0937,17978984.69,1863.4753
2026-08,aave-v2,Aave V2,lending,,9535.0735,23557602.32,2470.6262
2026-09,aave-v2,Aave V2,lending,,9317.6716,24945500.5,2677.2247
2026-10-02,aave-v2,Aave V2,lending,,9296.8905,24817004.18,2669.3876
2024-10,aave-v3,Aave V3,lending,,225336.2145,567328987.35,2517.7
2024-11,aave-v3,Aave V3,lending,,257573.6261,959211910.67,3724.03
2024-12,aave-v3,Aave V3,lending,,351444.6462,1170075203.93,3329.33
2025-01,aave-v3,Aave V3,lending,,313740.667,1035014773.5,3298.95
2025-02,aave-v3,Aave V3,lending,,422002.7569,939251536.08,2225.7
2025-03,aave-v3,Aave V3,lending,,333229.3489,607700366.69,1823.67
2025-04,aave-v3,Aave V3,lending,,450094.1781,807009859.53,1792.98
2025-05,aave-v3,Aave V3,lending,,457137.0996,1151020931.75,2517.89
2025-06,aave-v3,Aave V3,lending,,558154.853,1393277307.23,2496.22
2025-07,aave-v3,Aave V3,lending,,217587.7936,803917269.23,3694.68
2025-08,aave-v3,Aave V3,lending,,364587.9358,1604321815.0,4400.37
2025-09,aave-v3,Aave V3,lending,,777427.1702,3223873860.68,4146.85
2025-10,aave-v3,Aave V3,lending,,433197.8742,1669846449.15,3854.6968
2025-11,aave-v3,Aave V3,lending,,973578.8037,2908124817.11,2987.0461
2025-12,aave-v3,Aave V3,lending,,991350.0399,2945809399.55,2971.5129
2026-01,aave-v3,Aave V3,lending,,553668.1751,1367427014.62,2469.7591
2026-02,aave-v3,Aave V3,lending,,281661.0212,551285409.07,1957.2655
2026-03,aave-v3,Aave V3,lending,,480512.8699,1009107582.79,2100.0636
2026-04,aave-v3,Aave V3,lending,,38940.82,87946658.53,2258.4696
2026-05,aave-v3,Aave V3,lending,,398341.1619,800490786.97,2009.5608
2026-06,aave-v3,Aave V3,lending,,415975.5173,652162705.97,1567.7911
2026-07,aave-v3,Aave V3,lending,,398885.6539,743313577.94,1863.4753
2026-08,aave-v3,Aave V3,lending,,354435.7342,875678211.52,2470.6262
2026-09,aave-v3,Aave V3,lending,,346417.7456,927438141.97,2677.2247
2026-10-02,aave-v3,Aave V3,lending,,320221.9293,854796448.11,2669.3876
2026-03,aave-v4,Aave V4,lending,,226.1344,474896.68,2100.0636
2026-04,aave-v4,Aave V4,lending,,939.074,2120870.16,2258.4696
2026-05,aave-v4,Aave V4,lending,,3141.8145,6313667.36,2009.5608
2026-06,aave-v4,Aave V4,lending,,3112.8775,4880341.6,1567.7911
2026-07,aave-v4,Aave V4,lending,,4542.217,8464309.36,1863.4753
2026-08,aave-v4,Aave V4,lending,,4171.6208,10306515.58,2470.6262
2026-09,aave-v4,Aave V4,lending,,11379.7721,30466206.75,2677.2247
2026-10-02,aave-v4,Aave V4,lending,,12093.5443,32282357.26,2669.3876
2024-10,abracadabra-spell,Abracadabra Spell,cdp,,2678.0788,6742598.9,2517.7
2024-11,abracadabra-spell,Abracadabra Spell,cdp,,2711.7904,10098788.86,3724.03
2024-12,abracadabra-spell,Abracadabra Spell,cdp,,2721.1901,9059739.95,3329.33
2025-01,abracadabra-spell,Abracadabra Spell,cdp,,2702.0131,8913806.06,3298.95
2025-02,abracadabra-spell,Abracadabra Spell,cdp,,2794.2688,6219204.07,2225.7
2025-03,abracadabra-spell,Abracadabra Spell,cdp,,2878.9763,5250302.79,1823.67
2025-04,abracadabra-spell,Abracadabra Spell,cdp,,2862.8431,5133020.34,1792.98
2025-05,abracadabra-spell,Abracadabra Spell,cdp,,2787.4478,7018486.83,2517.89
2025-06,abracadabra-spell,Abracadabra Spell,cdp,,2783.7865,6948943.49,2496.22
2025-07,abracadabra-spell,Abracadabra Spell,cdp,,2637.2195,9743682.01,3694.68
2025-08,abracadabra-spell,Abracadabra Spell,cdp,,2336.6754,10282236.54,4400.37
2025-09,abracadabra-spell,Abracadabra Spell,cdp,,2286.0703,9479990.81,4146.85
2025-10,abracadabra-spell,Abracadabra Spell,cdp,,2320.5111,8944866.77,3854.6968
2025-11,abracadabra-spell,Abracadabra Spell,cdp,,2405.1739,7184365.47,2987.0461
2025-12,abracadabra-spell,Abracadabra Spell,cdp,,2345.581,6969923.99,2971.5129
2026-01,abracadabra-spell,Abracadabra Spell,cdp,,2333.6022,5763435.39,2469.7591
2026-02,abracadabra-spell,Abracadabra Spell,cdp,,2351.6013,4602708.2,1957.2655
2026-03,abracadabra-spell,Abracadabra Spell,cdp,,2306.115,4842988.19,2100.0636
2026-04,abracadabra-spell,Abracadabra Spell,cdp,,1281.4225,2894053.67,2258.4696
2026-05,abracadabra-spell,Abracadabra Spell,cdp,,1280.8627,2573971.43,2009.5608
2026-06,abracadabra-spell,Abracadabra Spell,cdp,,1207.4923,1893095.67,1567.7911
2026-07,abracadabra-spell,Abracadabra Spell,cdp,,759.9294,1416109.68,1863.4753
2026-08,abracadabra-spell,Abracadabra Spell,cdp,,652.5984,1612326.62,2470.6262
2026-09,abracadabra-spell,Abracadabra Spell,cdp,,653.9299,1750717.22,2677.2247
2026-10-02,abracadabra-spell,Abracadabra Spell,cdp,,654.8636,1748084.69,2669.3876
2024-10,across,Across,farming,pools,19004.7593,47848282.52,2517.7
2024-11,across,Across,farming,pools,20481.4919,76273690.43,3724.03
2024-12,across,Across,farming,pools,24987.969,83193194.8,3329.33
2025-01,across,Across,farming,pools,21196.7268,69926942.01,3298.95
2025-02,across,Across,farming,pools,17940.4129,39929977.05,2225.7
2025-03,across,Across,farming,pools,13746.8287,25069679.1,1823.67
2025-04,across,Across,farming,pools,16073.5866,28819619.35,1792.98
2025-05,across,Across,farming,pools,19045.8872,47955448.88,2517.89
2025-06,across,Across,farming,pools,11383.1709,28414898.94,2496.22
2025-07,across,Across,farming,pools,10456.2088,38632345.68,3694.68
2025-08,across,Across,farming,pools,9363.7217,41203840.17,4400.37
2025-09,across,Across,farming,pools,8448.1648,35033272.26,4146.85
2025-10,across,Across,farming,pools,6230.2737,24015816.08,3854.6968
2025-11,across,Across,farming,pools,6069.8038,18130783.95,2987.0461
2025-12,across,Across,farming,pools,5153.9141,15314922.21,2971.5129
2026-01,across,Across,farming,pools,4791.7447,11834455.03,2469.7591
2026-02,across,Across,farming,pools,5484.4725,10734568.92,1957.2655
2026-03,across,Across,farming,pools,5163.8105,10844330.35,2100.0636
2026-04,across,Across,farming,pools,2960.6714,6686586.35,2258.4696
2026-05,across,Across,farming,pools,3530.0118,7093773.35,2009.5608
2026-06,across,Across,farming,pools,2727.303,4275841.34,1567.7911
2026-07,across,Across,farming,pools,2861.717,5332739.08,1863.4753
2026-08,across,Across,farming,pools,2336.628,5772934.47,2470.6262
2026-09,across,Across,farming,pools,2347.8177,6285635.55,2677.2247
2026-10-02,across,Across,farming,pools,2343.245,6255029.28,2669.3876
2024-10,aerodrome-slipstream,Aerodrome Slipstream,farming,pools,63087.199,158834640.81,2517.7
2024-11,aerodrome-slipstream,Aerodrome Slipstream,farming,pools,45184.7525,168269374.01,3724.03
2024-12,aerodrome-slipstream,Aerodrome Slipstream,farming,pools,37722.9598,125592181.67,3329.33
2025-01,aerodrome-slipstream,Aerodrome Slipstream,farming,pools,26024.9371,85854966.21,3298.95
2025-02,aerodrome-slipstream,Aerodrome Slipstream,farming,pools,28653.04,63773071.05,2225.7
2025-03,aerodrome-slipstream,Aerodrome Slipstream,farming,pools,33213.6453,60570728.49,1823.67
2025-04,aerodrome-slipstream,Aerodrome Slipstream,farming,pools,31383.3502,56269719.25,1792.98
2025-05,aerodrome-slipstream,Aerodrome Slipstream,farming,pools,29411.1505,74054041.68,2517.89
2025-06,aerodrome-slipstream,Aerodrome Slipstream,farming,pools,28934.4228,72226684.98,2496.22
2025-07,aerodrome-slipstream,Aerodrome Slipstream,farming,pools,14827.7728,54783875.65,3694.68
2025-08,aerodrome-slipstream,Aerodrome Slipstream,farming,pools,16499.566,72604195.28,4400.37
2025-09,aerodrome-slipstream,Aerodrome Slipstream,farming,pools,19365.1484,80304365.45,4146.85
2025-10,aerodrome-slipstream,Aerodrome Slipstream,farming,pools,20718.3683,79863027.5,3854.6968
2025-11,aerodrome-slipstream,Aerodrome Slipstream,farming,pools,20213.6658,60379152.72,2987.0461
2025-12,aerodrome-slipstream,Aerodrome Slipstream,farming,pools,24412.464,72541950.76,2971.5129
2026-01,aerodrome-slipstream,Aerodrome Slipstream,farming,pools,28565.7042,70550407.97,2469.7591
2026-02,aerodrome-slipstream,Aerodrome Slipstream,farming,pools,30628.8424,59948777.52,1957.2655
2026-03,aerodrome-slipstream,Aerodrome Slipstream,farming,pools,19312.418,40557305.97,2100.0636
2026-04,aerodrome-slipstream,Aerodrome Slipstream,farming,pools,21677.6357,48958281.44,2258.4696
2026-05,aerodrome-slipstream,Aerodrome Slipstream,farming,pools,25869.4816,51986296.42,2009.5608
2026-06,aerodrome-slipstream,Aerodrome Slipstream,farming,pools,20382.3878,31955325.78,1567.7911
2026-07,aerodrome-slipstream,Aerodrome Slipstream,farming,pools,14824.7232,27625506.14,1863.4753
2026-08,aerodrome-slipstream,Aerodrome Slipstream,farming,pools,15098.6118,37303025.92,2470.6262
2026-09,aerodrome-slipstream,Aerodrome Slipstream,farming,pools,18310.4039,49021065.48,2677.2247
2026-10-02,aerodrome-slipstream,Aerodrome Slipstream,farming,pools,18841.0583,50294087.44,2669.3876
2024-10,aerodrome-v1,Aerodrome V1,farming,pools,80563.8108,202835506.47,2517.7
2024-11,aerodrome-v1,Aerodrome V1,farming,pools,72518.8832,270062496.52,3724.03
2024-12,aerodrome-v1,Aerodrome V1,farming,pools,95564.1543,318164605.79,3329.33
2025-01,aerodrome-v1,Aerodrome V1,farming,pools,74293.3734,245090124.21,3298.95
2025-02,aerodrome-v1,Aerodrome V1,farming,pools,62807.9264,139791601.84,2225.7
2025-03,aerodrome-v1,Aerodrome V1,farming,pools,53765.2921,98050150.18,1823.67
2025-04,aerodrome-v1,Aerodrome V1,farming,pools,55862.9581,100161166.64,1792.98
2025-05,aerodrome-v1,Aerodrome V1,farming,pools,49032.1562,123457575.89,2517.89
2025-06,aerodrome-v1,Aerodrome V1,farming,pools,48551.5753,121195413.28,2496.22
2025-07,aerodrome-v1,Aerodrome V1,farming,pools,38462.1386,142105294.3,3694.68
2025-08,aerodrome-v1,Aerodrome V1,farming,pools,34897.3946,153561448.22,4400.37
2025-09,aerodrome-v1,Aerodrome V1,farming,pools,32486.2339,134715538.99,4146.85
2025-10,aerodrome-v1,Aerodrome V1,farming,pools,29546.9331,113894467.96,3854.6968
2025-11,aerodrome-v1,Aerodrome V1,farming,pools,28404.5879,84845815.02,2987.0461
2025-12,aerodrome-v1,Aerodrome V1,farming,pools,24751.195,73548494.31,2971.5129
2026-01,aerodrome-v1,Aerodrome V1,farming,pools,23691.9509,58513411.47,2469.7591
2026-02,aerodrome-v1,Aerodrome V1,farming,pools,27705.8391,54227683.94,1957.2655
2026-03,aerodrome-v1,Aerodrome V1,farming,pools,26668.1432,56004796.52,2100.0636
2026-04,aerodrome-v1,Aerodrome V1,farming,pools,25562.858,57732937.83,2258.4696
2026-05,aerodrome-v1,Aerodrome V1,farming,pools,29897.1902,60080221.78,2009.5608
2026-06,aerodrome-v1,Aerodrome V1,farming,pools,30310.2148,47520084.43,1567.7911
2026-07,aerodrome-v1,Aerodrome V1,farming,pools,25196.0301,46952180.73,1863.4753
2026-08,aerodrome-v1,Aerodrome V1,farming,pools,21164.9987,52290800.31,2470.6262
2026-09,aerodrome-v1,Aerodrome V1,farming,pools,22520.455,60292318.31,2677.2247
2026-10-02,aerodrome-v1,Aerodrome V1,farming,pools,22495.8048,60050022.35,2669.3876
2024-10,agni-finance,Agni Finance,farming,pools,1898.4876,4779822.21,2517.7
2024-11,agni-finance,Agni Finance,farming,pools,1391.6963,5182718.88,3724.03
2024-12,agni-finance,Agni Finance,farming,pools,2739.4433,9120510.66,3329.33
2025-01,agni-finance,Agni Finance,farming,pools,3004.108,9910402.02,3298.95
2025-02,agni-finance,Agni Finance,farming,pools,1889.0289,4204411.61,2225.7
2025-03,agni-finance,Agni Finance,farming,pools,2159.8998,3938944.52,1823.67
2025-04,agni-finance,Agni Finance,farming,pools,991.596,1777911.8,1792.98
2025-05,agni-finance,Agni Finance,farming,pools,251.3683,632917.74,2517.89
2025-06,agni-finance,Agni Finance,farming,pools,251.5605,627950.46,2496.22
2025-07,agni-finance,Agni Finance,farming,pools,276.4835,1021517.92,3694.68
2025-08,agni-finance,Agni Finance,farming,pools,302.8695,1332738.06,4400.37
2025-09,agni-finance,Agni Finance,farming,pools,359.1096,1489173.65,4146.85
2025-10,agni-finance,Agni Finance,farming,pools,373.1379,1438333.5,3854.6968
2025-11,agni-finance,Agni Finance,farming,pools,482.376,1440879.43,2987.0461
2025-12,agni-finance,Agni Finance,farming,pools,456.5599,1356673.7,2971.5129
2026-01,agni-finance,Agni Finance,farming,pools,476.7198,1177383.06,2469.7591
2026-02,agni-finance,Agni Finance,farming,pools,500.7293,980060.18,1957.2655
2026-03,agni-finance,Agni Finance,farming,pools,534.1917,1121836.53,2100.0636
2026-04,agni-finance,Agni Finance,farming,pools,547.1234,1235661.61,2258.4696
2026-05,agni-finance,Agni Finance,farming,pools,107.7222,216474.25,2009.5608
2026-06,agni-finance,Agni Finance,farming,pools,171.207,268416.77,1567.7911
2026-07,agni-finance,Agni Finance,farming,pools,253.5129,472415.07,1863.4753
2026-08,agni-finance,Agni Finance,farming,pools,308.3597,761841.52,2470.6262
2026-09,agni-finance,Agni Finance,farming,pools,388.0865,1038994.81,2677.2247
2026-10-02,agni-finance,Agni Finance,farming,pools,391.3757,1044733.46,2669.3876
2026-04,alchemix-v3,Alchemix V3,farming,vaults,11911.9881,26902863.13,2258.4696
2026-05,alchemix-v3,Alchemix V3,farming,vaults,12860.6636,25844285.6,2009.5608
2026-06,alchemix-v3,Alchemix V3,farming,vaults,12933.6616,20277279.37,1567.7911
2026-07,alchemix-v3,Alchemix V3,farming,vaults,11800.6619,21990242.38,1863.4753
2026-08,alchemix-v3,Alchemix V3,farming,vaults,11830.9267,29229797.58,2470.6262
2026-09,alchemix-v3,Alchemix V3,farming,vaults,12222.2553,32721723.67,2677.2247
2026-10-02,alchemix-v3,Alchemix V3,farming,vaults,12172.5347,32493213.26,2669.3876
2024-10,alpaca-finance-2.0,Alpaca Finance 2.0,lending,,325.791,820243.94,2517.7
2024-11,alpaca-finance-2.0,Alpaca Finance 2.0,lending,,225.9912,841597.93,3724.03
2024-12,alpaca-finance-2.0,Alpaca Finance 2.0,lending,,175.9716,585867.51,3329.33
2025-01,alpaca-finance-2.0,Alpaca Finance 2.0,lending,,95.3204,314457.15,3298.95
2025-02,alpaca-finance-2.0,Alpaca Finance 2.0,lending,,168.3398,374673.88,2225.7
2025-03,alpaca-finance-2.0,Alpaca Finance 2.0,lending,,253.5388,462371.15,1823.67
2025-04,alpaca-finance-2.0,Alpaca Finance 2.0,lending,,248.9015,446275.4,1792.98
2025-05,alpaca-finance-2.0,Alpaca Finance 2.0,lending,,187.4629,472011.02,2517.89
2025-06,alpaca-finance-2.0,Alpaca Finance 2.0,lending,,173.6608,433495.49,2496.22
2025-07,alpaca-finance-2.0,Alpaca Finance 2.0,lending,,169.6173,626681.47,3694.68
2025-08,alpaca-finance-2.0,Alpaca Finance 2.0,lending,,135.4495,596027.97,4400.37
2025-09,alpaca-finance-2.0,Alpaca Finance 2.0,lending,,134.1569,556328.68,4146.85
2025-10,alpaca-finance-2.0,Alpaca Finance 2.0,lending,,133.5257,514701.02,3854.6968
2025-11,alpaca-finance-2.0,Alpaca Finance 2.0,lending,,129.0867,385587.97,2987.0461
2025-12,alpaca-finance-2.0,Alpaca Finance 2.0,lending,,134.1358,398586.13,2971.5129
2026-01,alpaca-finance-2.0,Alpaca Finance 2.0,lending,,132.8231,328040.98,2469.7591
2026-02,alpaca-finance-2.0,Alpaca Finance 2.0,lending,,134.5289,263308.87,1957.2655
2026-03,alpaca-finance-2.0,Alpaca Finance 2.0,lending,,134.0832,281583.25,2100.0636
2026-04,alpaca-finance-2.0,Alpaca Finance 2.0,lending,,134.0836,302823.8,2258.4696
2026-05,alpaca-finance-2.0,Alpaca Finance 2.0,lending,,133.662,268601.99,2009.5608
2026-06,alpaca-finance-2.0,Alpaca Finance 2.0,lending,,133.8565,209859.05,1567.7911
2026-07,alpaca-finance-2.0,Alpaca Finance 2.0,lending,,133.8602,249445.22,1863.4753
2026-08,alpaca-finance-2.0,Alpaca Finance 2.0,lending,,133.9436,330924.63,2470.6262
2026-09,alpaca-finance-2.0,Alpaca Finance 2.0,lending,,134.4003,359819.7,2677.2247
2026-10-02,alpaca-finance-2.0,Alpaca Finance 2.0,lending,,133.8722,357356.81,2669.3876
2026-07,ammalgam-vaults,Ammalgam Vaults,farming,vaults,648.2057,1207915.32,1863.4753
2026-08,ammalgam-vaults,Ammalgam Vaults,farming,vaults,611.6501,1511158.82,2470.6262
2026-09,ammalgam-vaults,Ammalgam Vaults,farming,vaults,422.8859,1132160.52,2677.2247
2026-10-02,ammalgam-vaults,Ammalgam Vaults,farming,vaults,422.182,1126967.32,2669.3876
2025-07,angstrom,Angstrom,farming,pools,114.5811,423340.4,3694.68
2025-08,angstrom,Angstrom,farming,pools,831.0609,3656975.61,4400.37
2025-09,angstrom,Angstrom,farming,pools,692.028,2869736.49,4146.85
2025-10,angstrom,Angstrom,farming,pools,702.1966,2706754.9,3854.6968
2025-11,angstrom,Angstrom,farming,pools,736.5771,2200189.85,2987.0461
2025-12,angstrom,Angstrom,farming,pools,713.4367,2119986.43,2971.5129
2026-01,angstrom,Angstrom,farming,pools,654.8809,1617398.12,2469.7591
2026-02,angstrom,Angstrom,farming,pools,2401.2333,4699851.1,1957.2655
2026-03,angstrom,Angstrom,farming,pools,1864.8634,3916331.76,2100.0636
2026-04,angstrom,Angstrom,farming,pools,1949.7884,4403537.78,2258.4696
2026-05,angstrom,Angstrom,farming,pools,3476.5586,6986355.85,2009.5608
2026-06,angstrom,Angstrom,farming,pools,1476.0762,2314179.06,1567.7911
2026-07,angstrom,Angstrom,farming,pools,1125.0619,2096525.18,1863.4753
2026-08,angstrom,Angstrom,farming,pools,889.0317,2196464.96,2470.6262
2026-09,angstrom,Angstrom,farming,pools,957.7201,2564031.94,2677.2247
2026-10-02,angstrom,Angstrom,farming,pools,1033.5339,2758902.71,2669.3876
2024-10,ankr,Ankr,staking,,14698.3615,37006064.74,2517.7
2024-11,ankr,Ankr,staking,,14227.1891,52982479.12,3724.03
2024-12,ankr,Ankr,staking,,13611.1078,45315869.7,3329.33
2025-01,ankr,Ankr,staking,,13247.432,43702615.65,3298.95
2025-02,ankr,Ankr,staking,,13050.1655,29045753.4,2225.7
2025-03,ankr,Ankr,staking,,12643.3977,23057385.15,1823.67
2025-04,ankr,Ankr,staking,,12574.3712,22545596.08,1792.98
2025-05,ankr,Ankr,staking,,12480.8068,31425298.73,2517.89
2025-06,ankr,Ankr,staking,,10323.3987,25769474.34,2496.22
2025-07,ankr,Ankr,staking,,10089.5098,37277509.93,3694.68
2025-08,ankr,Ankr,staking,,9819.1569,43207923.34,4400.37
2025-09,ankr,Ankr,staking,,9612.948,39863453.62,4146.85
2025-10,ankr,Ankr,staking,,9272.2238,35741611.08,3854.6968
2025-11,ankr,Ankr,staking,,8846.4518,26424759.94,2987.0461
2025-12,ankr,Ankr,staking,,8947.1571,26586592.33,2971.5129
2026-01,ankr,Ankr,staking,,8777.9011,21679301.16,2469.7591
2026-02,ankr,Ankr,staking,,8685.1621,16999168.35,1957.2655
2026-03,ankr,Ankr,staking,,8619.7898,18102106.74,2100.0636
2026-04,ankr,Ankr,staking,,8651.2288,19538537.3,2258.4696
2026-05,ankr,Ankr,staking,,8613.1928,17308734.68,2009.5608
2026-06,ankr,Ankr,staking,,8464.9335,13271247.18,1567.7911
2026-07,ankr,Ankr,staking,,8473.5204,15790196.33,1863.4753
2026-08,ankr,Ankr,staking,,8346.0071,20619863.94,2470.6262
2026-09,ankr,Ankr,staking,,8337.3413,22320935.88,2677.2247
2026-10-02,ankr,Ankr,staking,,8338.4344,22258513.45,2669.3876
2024-10,aptin-finance-v2,Aptin Finance V2,lending,,1874.5355,4719518.01,2517.7
2024-11,aptin-finance-v2,Aptin Finance V2,lending,,2322.6975,8649795.24,3724.03
2024-12,aptin-finance-v2,Aptin Finance V2,lending,,2023.6067,6737254.45,3329.33
2025-01,aptin-finance-v2,Aptin Finance V2,lending,,1756.4922,5794579.98,3298.95
2025-02,aptin-finance-v2,Aptin Finance V2,lending,,1766.848,3932473.54,2225.7
2025-03,aptin-finance-v2,Aptin Finance V2,lending,,1842.7513,3360570.18,1823.67
2025-04,aptin-finance-v2,Aptin Finance V2,lending,,1920.8272,3444004.75,1792.98
2025-05,aptin-finance-v2,Aptin Finance V2,lending,,1780.8648,4484021.72,2517.89
2025-06,aptin-finance-v2,Aptin Finance V2,lending,,1740.0302,4343498.29,2496.22
2025-07,aptin-finance-v2,Aptin Finance V2,lending,,1434.4467,5299821.67,3694.68
2025-08,aptin-finance-v2,Aptin Finance V2,lending,,1429.3013,6289454.48,4400.37
2025-09,aptin-finance-v2,Aptin Finance V2,lending,,1433.5458,5944699.44,4146.85
2025-10,aptin-finance-v2,Aptin Finance V2,lending,,1400.9675,5400305.05,3854.6968
2025-11,aptin-finance-v2,Aptin Finance V2,lending,,1419.0649,4238812.2,2987.0461
2025-12,aptin-finance-v2,Aptin Finance V2,lending,,1412.5563,4197429.31,2971.5129
2026-01,aptin-finance-v2,Aptin Finance V2,lending,,1347.7291,3328566.31,2469.7591
2026-02,aptin-finance-v2,Aptin Finance V2,lending,,1468.181,2873619.99,1957.2655
2026-03,aptin-finance-v2,Aptin Finance V2,lending,,1398.2976,2936513.91,2100.0636
2024-10,arbitrove,Arbitrove,farming,vaults,0.0,0.0,2517.7
2024-11,arbitrove,Arbitrove,farming,vaults,0.0,0.0,3724.03
2024-12,arbitrove,Arbitrove,farming,vaults,0.0,0.0,3329.33
2025-01,arbitrove,Arbitrove,farming,vaults,0.0,0.0,3298.95
2025-02,arbitrove,Arbitrove,farming,vaults,0.0,0.0,2225.7
2025-03,arbitrove,Arbitrove,farming,vaults,0.0,0.0,1823.67
2025-04,arbitrove,Arbitrove,farming,vaults,0.0,0.0,1792.98
2025-05,arbitrove,Arbitrove,farming,vaults,0.0,0.0,2517.89
2025-06,arbitrove,Arbitrove,farming,vaults,0.0,0.0,2496.22
2025-07,arbitrove,Arbitrove,farming,vaults,0.0,0.0,3694.68
2025-08,arbitrove,Arbitrove,farming,vaults,0.0,0.0,4400.37
2025-09,arbitrove,Arbitrove,farming,vaults,0.0,0.0,4146.85
2025-10,arbitrove,Arbitrove,farming,vaults,0.0,0.0,3854.6968
2025-11,arbitrove,Arbitrove,farming,vaults,0.0,0.0,2987.0461
2025-12,arbitrove,Arbitrove,farming,vaults,0.0,0.0,2971.5129
2026-01,arbitrove,Arbitrove,farming,vaults,0.0,0.0,2469.7591
2026-02,arbitrove,Arbitrove,farming,vaults,0.0,0.0,1957.2655
2026-03,arbitrove,Arbitrove,farming,vaults,0.0,0.0,2100.0636
2026-04,arbitrove,Arbitrove,farming,vaults,0.0,0.0,2258.4696
2026-05,arbitrove,Arbitrove,farming,vaults,0.0,0.0,2009.5608
2026-06,arbitrove,Arbitrove,farming,vaults,0.0,0.0,1567.7911
2026-07,arbitrove,Arbitrove,farming,vaults,0.0,0.0,1863.4753
2026-08,arbitrove,Arbitrove,farming,vaults,0.0,0.0,2470.6262
2026-09,arbitrove,Arbitrove,farming,vaults,0.0,0.0,2677.2247
2026-10-02,arbitrove,Arbitrove,farming,vaults,0.0,0.0,2669.3876
2024-10,autofarm,Autofarm,farming,vaults,489.5357,1232504.0,2517.7
2024-11,autofarm,Autofarm,farming,vaults,527.7468,1965344.91,3724.03
2024-12,autofarm,Autofarm,farming,vaults,496.2131,1652057.04,3329.33
2025-01,autofarm,Autofarm,farming,vaults,473.8585,1563235.56,3298.95
2025-02,autofarm,Autofarm,farming,vaults,477.6513,1063108.46,2225.7
2025-03,autofarm,Autofarm,farming,vaults,476.2868,868589.9,1823.67
2025-04,autofarm,Autofarm,farming,vaults,509.1384,912874.95,1792.98
2025-05,autofarm,Autofarm,farming,vaults,185.8949,468062.91,2517.89
2025-06,autofarm,Autofarm,farming,vaults,182.5301,455635.21,2496.22
2025-07,autofarm,Autofarm,farming,vaults,162.9672,602111.5,3694.68
2025-08,autofarm,Autofarm,farming,vaults,164.685,724675.09,4400.37
2025-09,autofarm,Autofarm,farming,vaults,155.8445,646263.9,4146.85
2025-10,autofarm,Autofarm,farming,vaults,156.1214,601800.67,3854.6968
2025-11,autofarm,Autofarm,farming,vaults,159.4064,476154.14,2987.0461
2025-12,autofarm,Autofarm,farming,vaults,154.5607,459279.21,2971.5129
2026-01,autofarm,Autofarm,farming,vaults,161.4554,398756.0,2469.7591
2026-02,autofarm,Autofarm,farming,vaults,170.251,333226.45,1957.2655
2026-03,autofarm,Autofarm,farming,vaults,163.2395,342813.35,2100.0636
2026-04,autofarm,Autofarm,farming,vaults,159.5553,360350.81,2258.4696
2026-05,autofarm,Autofarm,farming,vaults,170.4737,342577.18,2009.5608
2026-06,autofarm,Autofarm,farming,vaults,173.7858,272459.75,1567.7911
2026-07,autofarm,Autofarm,farming,vaults,164.683,306882.68,1863.4753
2026-08,autofarm,Autofarm,farming,vaults,155.6003,384430.11,2470.6262
2026-09,autofarm,Autofarm,farming,vaults,158.3265,423875.55,2677.2247
2026-10-02,autofarm,Autofarm,farming,vaults,158.1229,422091.3,2669.3876
2025-10,avant-aveth,Avant avETH,farming,vaults,0.0,0.0,3854.6968
2025-11,avant-aveth,Avant avETH,farming,vaults,0.0,0.0,2987.0461
2025-12,avant-aveth,Avant avETH,farming,vaults,0.0,0.0,2971.5129
2026-01,avant-aveth,Avant avETH,farming,vaults,0.0,0.0,2469.7591
2026-02,avant-aveth,Avant avETH,farming,vaults,0.0,0.0,1957.2655
2026-03,avant-aveth,Avant avETH,farming,vaults,0.0,0.0,2100.0636
2026-04,avant-aveth,Avant avETH,farming,vaults,0.0,0.0,2258.4696
2026-05,avant-aveth,Avant avETH,farming,vaults,6530.3049,13123044.73,2009.5608
2026-06,avant-aveth,Avant avETH,farming,vaults,0.0,0.0,1567.7911
2026-07,avant-aveth,Avant avETH,farming,vaults,0.0,0.0,1863.4753
2026-08,avant-aveth,Avant avETH,farming,vaults,0.0,0.0,2470.6262
2026-09,avant-aveth,Avant avETH,farming,vaults,28.3128,75799.84,2677.2247
2026-10-02,avant-aveth,Avant avETH,farming,vaults,0.0,0.0,2669.3876
2024-10,balancer-v1,Balancer V1,farming,pools,1518.1555,3822260.22,2517.7
2024-11,balancer-v1,Balancer V1,farming,pools,1432.9411,5336315.51,3724.03
2024-12,balancer-v1,Balancer V1,farming,pools,1457.1289,4851262.84,3329.33
2025-01,balancer-v1,Balancer V1,farming,pools,1450.7392,4785915.97,3298.95
2025-02,balancer-v1,Balancer V1,farming,pools,1527.6483,3400086.74,2225.7
2025-03,balancer-v1,Balancer V1,farming,pools,1551.7461,2829872.83,1823.67
2025-04,balancer-v1,Balancer V1,farming,pools,1599.0625,2867087.05,1792.98
2025-05,balancer-v1,Balancer V1,farming,pools,1476.0229,3716463.36,2517.89
2025-06,balancer-v1,Balancer V1,farming,pools,1474.2631,3680085.02,2496.22
2025-07,balancer-v1,Balancer V1,farming,pools,1302.5566,4812529.9,3694.68
2025-08,balancer-v1,Balancer V1,farming,pools,1199.7355,5279280.15,4400.37
2025-09,balancer-v1,Balancer V1,farming,pools,1198.367,4969448.2,4146.85
2025-10,balancer-v1,Balancer V1,farming,pools,1180.3621,4549938.16,3854.6968
2025-11,balancer-v1,Balancer V1,farming,pools,1216.4363,3633551.29,2987.0461
2025-12,balancer-v1,Balancer V1,farming,pools,1183.2095,3515922.32,2971.5129
2026-01,balancer-v1,Balancer V1,farming,pools,1171.0855,2892299.13,2469.7591
2026-02,balancer-v1,Balancer V1,farming,pools,1204.4612,2357450.33,1957.2655
2026-03,balancer-v1,Balancer V1,farming,pools,1177.5175,2472861.63,2100.0636
2026-04,balancer-v1,Balancer V1,farming,pools,1168.1099,2638140.8,2258.4696
2026-05,balancer-v1,Balancer V1,farming,pools,1172.5854,2356381.74,2009.5608
2026-06,balancer-v1,Balancer V1,farming,pools,916.073,1436211.13,1567.7911
2026-07,balancer-v1,Balancer V1,farming,pools,875.1792,1630874.94,1863.4753
2026-08,balancer-v1,Balancer V1,farming,pools,829.0807,2048348.46,2470.6262
2026-09,balancer-v1,Balancer V1,farming,pools,678.8489,1817431.1,2677.2247
2026-10-02,balancer-v1,Balancer V1,farming,pools,699.3483,1866831.81,2669.3876
2024-12,balancer-v3,Balancer V3,farming,pools,25.0274,83324.48,3329.33
2025-01,balancer-v3,Balancer V3,farming,pools,35.4381,116908.45,3298.95
2025-02,balancer-v3,Balancer V3,farming,pools,59.1358,131618.61,2225.7
2025-03,balancer-v3,Balancer V3,farming,pools,318.3653,580593.21,1823.67
2025-04,balancer-v3,Balancer V3,farming,pools,153.0845,274477.52,1792.98
2025-05,balancer-v3,Balancer V3,farming,pools,160.0509,402990.47,2517.89
2025-06,balancer-v3,Balancer V3,farming,pools,192.4803,480473.09,2496.22
2025-07,balancer-v3,Balancer V3,farming,pools,179.7113,663975.79,3694.68
2025-08,balancer-v3,Balancer V3,farming,pools,204.2826,898919.22,4400.37
2025-09,balancer-v3,Balancer V3,farming,pools,288.6914,1197159.98,4146.85
2025-10,balancer-v3,Balancer V3,farming,pools,681.776,2628039.94,3854.6968
2025-11,balancer-v3,Balancer V3,farming,pools,177.8176,531149.5,2987.0461
2025-12,balancer-v3,Balancer V3,farming,pools,279.4745,830462.11,2971.5129
2026-01,balancer-v3,Balancer V3,farming,pools,1195.2895,2952077.23,2469.7591
2026-02,balancer-v3,Balancer V3,farming,pools,257.4928,503981.79,1957.2655
2026-03,balancer-v3,Balancer V3,farming,pools,279.1322,586195.41,2100.0636
2026-04,balancer-v3,Balancer V3,farming,pools,177.1294,400041.42,2258.4696
2026-05,balancer-v3,Balancer V3,farming,pools,199.1713,400246.93,2009.5608
2026-06,balancer-v3,Balancer V3,farming,pools,199.6433,312998.95,1567.7911
2026-07,balancer-v3,Balancer V3,farming,pools,188.9016,352013.49,1863.4753
2026-08,balancer-v3,Balancer V3,farming,pools,162.9381,402559.07,2470.6262
2026-09,balancer-v3,Balancer V3,farming,pools,200.3243,536313.24,2677.2247
2026-10-02,balancer-v3,Balancer V3,farming,pools,171.0788,456675.68,2669.3876
2024-10,bancor-v2.1,Bancor V2.1,farming,pools,1192.2839,3001813.27,2517.7
2024-11,bancor-v2.1,Bancor V2.1,farming,pools,1223.9622,4558071.83,3724.03
2024-12,bancor-v2.1,Bancor V2.1,farming,pools,1175.9774,3915216.88,3329.33
2025-01,bancor-v2.1,Bancor V2.1,farming,pools,1169.8794,3859373.49,3298.95
2025-02,bancor-v2.1,Bancor V2.1,farming,pools,1165.0371,2593023.13,2225.7
2025-03,bancor-v2.1,Bancor V2.1,farming,pools,1222.4139,2229279.55,1823.67
2025-04,bancor-v2.1,Bancor V2.1,farming,pools,1299.7842,2330487.04,1792.98
2025-05,bancor-v2.1,Bancor V2.1,farming,pools,1285.787,3237470.16,2517.89
2025-06,bancor-v2.1,Bancor V2.1,farming,pools,1254.7702,3132182.41,2496.22
2025-07,bancor-v2.1,Bancor V2.1,farming,pools,1106.6724,4088800.22,3694.68
2025-08,bancor-v2.1,Bancor V2.1,farming,pools,1011.8872,4452678.12,4400.37
2025-09,bancor-v2.1,Bancor V2.1,farming,pools,978.2744,4056757.13,4146.85
2025-10,bancor-v2.1,Bancor V2.1,farming,pools,946.5356,3648607.58,3854.6968
2025-11,bancor-v2.1,Bancor V2.1,farming,pools,945.9362,2825555.03,2987.0461
2025-12,bancor-v2.1,Bancor V2.1,farming,pools,903.9893,2686215.9,2971.5129
2026-01,bancor-v2.1,Bancor V2.1,farming,pools,909.0585,2245155.38,2469.7591
2026-02,bancor-v2.1,Bancor V2.1,farming,pools,935.1732,1830382.33,1957.2655
2026-03,bancor-v2.1,Bancor V2.1,farming,pools,903.6028,1897623.36,2100.0636
2026-04,bancor-v2.1,Bancor V2.1,farming,pools,902.8094,2038967.51,2258.4696
2026-05,bancor-v2.1,Bancor V2.1,farming,pools,985.8838,1981193.42,2009.5608
2026-06,bancor-v2.1,Bancor V2.1,farming,pools,959.2355,1503880.89,1567.7911
2026-07,bancor-v2.1,Bancor V2.1,farming,pools,916.7864,1708408.94,1863.4753
2026-08,bancor-v2.1,Bancor V2.1,farming,pools,0.0,0.0,2470.6262
2026-09,bancor-v2.1,Bancor V2.1,farming,pools,0.0,0.0,2677.2247
2026-10-02,bancor-v2.1,Bancor V2.1,farming,pools,0.0,0.0,2669.3876
2024-10,bancor-v3,Bancor V3,farming,pools,3096.8518,7796943.68,2517.7
2024-11,bancor-v3,Bancor V3,farming,pools,3146.4217,11717368.9,3724.03
2024-12,bancor-v3,Bancor V3,farming,pools,3011.4892,10026241.49,3329.33
2025-01,bancor-v3,Bancor V3,farming,pools,3018.1492,9956723.21,3298.95
2025-02,bancor-v3,Bancor V3,farming,pools,3007.3978,6693565.27,2225.7
2025-03,bancor-v3,Bancor V3,farming,pools,3079.0591,5615187.65,1823.67
2025-04,bancor-v3,Bancor V3,farming,pools,3226.5616,5785160.5,1792.98
2025-05,bancor-v3,Bancor V3,farming,pools,3128.3631,7876874.12,2517.89
2025-06,bancor-v3,Bancor V3,farming,pools,3046.1668,7603902.51,2496.22
2025-07,bancor-v3,Bancor V3,farming,pools,2731.5924,10092359.65,3694.68
2025-08,bancor-v3,Bancor V3,farming,pools,2504.9173,11022563.1,4400.37
2025-09,bancor-v3,Bancor V3,farming,pools,2419.2991,10032470.42,4146.85
2025-10,bancor-v3,Bancor V3,farming,pools,2344.4665,9037207.47,3854.6968
2025-11,bancor-v3,Bancor V3,farming,pools,2446.2023,7306919.08,2987.0461
2025-12,bancor-v3,Bancor V3,farming,pools,2231.9814,6632361.6,2971.5129
2026-01,bancor-v3,Bancor V3,farming,pools,2190.4395,5409857.98,2469.7591
2026-02,bancor-v3,Bancor V3,farming,pools,2240.6468,4385540.81,1957.2655
2026-03,bancor-v3,Bancor V3,farming,pools,2174.8781,4567382.34,2100.0636
2026-04,bancor-v3,Bancor V3,farming,pools,2050.6944,4631431.06,2258.4696
2026-05,bancor-v3,Bancor V3,farming,pools,2231.9955,4485330.61,2009.5608
2026-06,bancor-v3,Bancor V3,farming,pools,2179.856,3417558.8,1567.7911
2026-07,bancor-v3,Bancor V3,farming,pools,2022.9395,3769697.79,1863.4753
2026-08,bancor-v3,Bancor V3,farming,pools,1456.9685,3599624.48,2470.6262
2026-09,bancor-v3,Bancor V3,farming,pools,1454.7663,3894736.29,2677.2247
2026-10-02,bancor-v3,Bancor V3,farming,pools,1447.032,3862689.39,2669.3876
2024-10,bedrock-unieth,Bedrock uniETH,restaking,,35890.1542,90360641.12,2517.7
2024-11,bedrock-unieth,Bedrock uniETH,restaking,,35472.1439,132099327.92,3724.03
2024-12,bedrock-unieth,Bedrock uniETH,restaking,,28752.2427,95725704.07,3329.33
2025-01,bedrock-unieth,Bedrock uniETH,restaking,,27544.9977,90869570.06,3298.95
2025-02,bedrock-unieth,Bedrock uniETH,restaking,,22874.3841,50911516.64,2225.7
2025-03,bedrock-unieth,Bedrock uniETH,restaking,,15644.7273,28530819.78,1823.67
2025-04,bedrock-unieth,Bedrock uniETH,restaking,,13837.7294,24810772.08,1792.98
2025-05,bedrock-unieth,Bedrock uniETH,restaking,,12466.0097,31388041.08,2517.89
2025-06,bedrock-unieth,Bedrock uniETH,restaking,,12610.4837,31478541.67,2496.22
2025-07,bedrock-unieth,Bedrock uniETH,restaking,,12663.0593,46785951.8,3694.68
2025-08,bedrock-unieth,Bedrock uniETH,restaking,,11546.8478,50810402.59,4400.37
2025-09,bedrock-unieth,Bedrock uniETH,restaking,,11592.0396,48070449.26,4146.85
2025-10,bedrock-unieth,Bedrock uniETH,restaking,,11058.4117,42626823.75,3854.6968
2025-11,bedrock-unieth,Bedrock uniETH,restaking,,10368.3729,30970808.31,2987.0461
2025-12,bedrock-unieth,Bedrock uniETH,restaking,,10472.7781,31119994.83,2971.5129
2026-01,bedrock-unieth,Bedrock uniETH,restaking,,10641.4998,26281940.86,2469.7591
2026-02,bedrock-unieth,Bedrock uniETH,restaking,,10629.7772,20805296.64,1957.2655
2026-03,bedrock-unieth,Bedrock uniETH,restaking,,10643.9581,22352988.93,2100.0636
2026-04,bedrock-unieth,Bedrock uniETH,restaking,,10103.6041,22818682.78,2258.4696
2026-05,bedrock-unieth,Bedrock uniETH,restaking,,10073.3079,20242924.69,2009.5608
2026-06,bedrock-unieth,Bedrock uniETH,restaking,,10200.5091,15992267.25,1567.7911
2026-07,bedrock-unieth,Bedrock uniETH,restaking,,10199.7449,19006973.07,1863.4753
2026-08,bedrock-unieth,Bedrock uniETH,restaking,,10224.0401,25259781.29,2470.6262
2026-09,bedrock-unieth,Bedrock uniETH,restaking,,10203.1229,27316052.67,2677.2247
2026-10-02,bedrock-unieth,Bedrock uniETH,restaking,,10235.868,27323499.14,2669.3876
2024-10,belt-finance,Belt Finance,farming,vaults,308.1465,775820.46,2517.7
2024-12,belt-finance,Belt Finance,farming,vaults,0.0,0.0,3329.33
2025-01,belt-finance,Belt Finance,farming,vaults,0.0,0.0,3298.95
2025-02,belt-finance,Belt Finance,farming,vaults,0.0,0.0,2225.7
2025-03,belt-finance,Belt Finance,farming,vaults,0.0,0.0,1823.67
2025-04,belt-finance,Belt Finance,farming,vaults,0.0,0.0,1792.98
2025-05,belt-finance,Belt Finance,farming,vaults,0.0,0.0,2517.89
2025-06,belt-finance,Belt Finance,farming,vaults,0.0,0.0,2496.22
2025-07,belt-finance,Belt Finance,farming,vaults,0.0,0.0,3694.68
2025-08,belt-finance,Belt Finance,farming,vaults,0.0,0.0,4400.37
2025-09,belt-finance,Belt Finance,farming,vaults,0.0,0.0,4146.85
2025-10,belt-finance,Belt Finance,farming,vaults,0.0,0.0,3854.6968
2025-11,belt-finance,Belt Finance,farming,vaults,0.0,0.0,2987.0461
2025-12,belt-finance,Belt Finance,farming,vaults,0.0,0.0,2971.5129
2026-01,belt-finance,Belt Finance,farming,vaults,0.0,0.0,2469.7591
2026-02,belt-finance,Belt Finance,farming,vaults,0.0,0.0,1957.2655
2026-03,belt-finance,Belt Finance,farming,vaults,0.0,0.0,2100.0636
2026-04,belt-finance,Belt Finance,farming,vaults,0.0,0.0,2258.4696
2026-05,belt-finance,Belt Finance,farming,vaults,0.0,0.0,2009.5608
2026-06,belt-finance,Belt Finance,farming,vaults,0.0,0.0,1567.7911
2026-07,belt-finance,Belt Finance,farming,vaults,0.0,0.0,1863.4753
2026-08,belt-finance,Belt Finance,farming,vaults,0.0,0.0,2470.6262
2026-09,belt-finance,Belt Finance,farming,vaults,0.0,0.0,2677.2247
2026-10-02,belt-finance,Belt Finance,farming,vaults,0.0,0.0,2669.3876
2025-10,bend,BEND,lending,,10.1216,39015.68,3854.6968
2025-11,bend,BEND,lending,,276.232,825117.69,2987.0461
2025-12,bend,BEND,lending,,298.8481,888030.88,2971.5129
2026-01,bend,BEND,lending,,303.8121,750342.82,2469.7591
2026-02,bend,BEND,lending,,263.4741,515688.69,1957.2655
2026-03,bend,BEND,lending,,69.4994,145953.16,2100.0636
2026-04,bend,BEND,lending,,52.2018,117896.14,2258.4696
2026-05,bend,BEND,lending,,51.7539,104002.53,2009.5608
2026-06,bend,BEND,lending,,6.6652,10449.62,1567.7911
2026-07,bend,BEND,lending,,37.6655,70188.74,1863.4753
2026-08,bend,BEND,lending,,1212.6322,2995960.77,2470.6262
2026-09,bend,BEND,lending,,1350.2829,3615010.63,2677.2247
2026-10-02,bend,BEND,lending,,1344.7511,3589661.89,2669.3876
2024-10,benqi-lending,Benqi Lending,lending,,1016.8435,2560106.93,2517.7
2024-11,benqi-lending,Benqi Lending,lending,,1680.3839,6257800.14,3724.03
2024-12,benqi-lending,Benqi Lending,lending,,1514.512,5042310.1,3329.33
2025-01,benqi-lending,Benqi Lending,lending,,990.0414,3266097.22,3298.95
2025-02,benqi-lending,Benqi Lending,lending,,1534.8812,3416185.17,2225.7
2025-03,benqi-lending,Benqi Lending,lending,,1332.5702,2430168.39,1823.67
2025-04,benqi-lending,Benqi Lending,lending,,1572.2363,2818988.24,1792.98
2025-05,benqi-lending,Benqi Lending,lending,,1160.9837,2923229.13,2517.89
2025-06,benqi-lending,Benqi Lending,lending,,797.6476,1991103.85,2496.22
2025-07,benqi-lending,Benqi Lending,lending,,1310.8825,4843291.22,3694.68
2025-08,benqi-lending,Benqi Lending,lending,,2035.629,8957520.91,4400.37
2025-09,benqi-lending,Benqi Lending,lending,,1759.841,7297796.73,4146.85
2025-10,benqi-lending,Benqi Lending,lending,,2087.7575,8047672.06,3854.6968
2025-11,benqi-lending,Benqi Lending,lending,,958.5066,2863103.31,2987.0461
2025-12,benqi-lending,Benqi Lending,lending,,796.8126,2367738.8,2971.5129
2026-01,benqi-lending,Benqi Lending,lending,,395.9809,977977.33,2469.7591
2026-02,benqi-lending,Benqi Lending,lending,,672.2163,1315705.71,1957.2655
2026-03,benqi-lending,Benqi Lending,lending,,707.0127,1484771.56,2100.0636
2026-04,benqi-lending,Benqi Lending,lending,,619.9932,1400235.91,2258.4696
2026-05,benqi-lending,Benqi Lending,lending,,1012.4905,2034661.28,2009.5608
2026-06,benqi-lending,Benqi Lending,lending,,1043.6131,1636167.25,1567.7911
2026-07,benqi-lending,Benqi Lending,lending,,1141.035,2126290.65,1863.4753
2026-08,benqi-lending,Benqi Lending,lending,,446.3241,1102700.04,2470.6262
2026-09,benqi-lending,Benqi Lending,lending,,548.9955,1469784.18,2677.2247
2026-10-02,benqi-lending,Benqi Lending,lending,,594.9084,1588041.16,2669.3876
2024-10,bifi,BiFi,lending,,195.8755,493155.71,2517.7
2024-11,bifi,BiFi,lending,,255.6601,952086.02,3724.03
2024-12,bifi,BiFi,lending,,254.75,848146.97,3329.33
2025-01,bifi,BiFi,lending,,254.2381,838718.88,3298.95
2025-02,bifi,BiFi,lending,,240.287,534806.86,2225.7
2025-03,bifi,BiFi,lending,,232.3167,423669.03,1823.67
2025-04,bifi,BiFi,lending,,208.9025,374558.09,1792.98
2025-05,bifi,BiFi,lending,,195.7605,492903.44,2517.89
2025-06,bifi,BiFi,lending,,140.0348,349557.58,2496.22
2025-07,bifi,BiFi,lending,,144.498,533873.84,3694.68
2025-08,bifi,BiFi,lending,,241.5193,1062774.18,4400.37
2025-09,bifi,BiFi,lending,,223.1317,925293.59,4146.85
2025-10,bifi,BiFi,lending,,222.5621,857909.58,3854.6968
2025-11,bifi,BiFi,lending,,5.5056,16445.36,2987.0461
2025-12,bifi,BiFi,lending,,220.8198,656168.87,2971.5129
2026-01,bifi,BiFi,lending,,218.1854,538865.26,2469.7591
2026-02,bifi,BiFi,lending,,197.8375,387220.55,1957.2655
2026-03,bifi,BiFi,lending,,190.3328,399711.01,2100.0636
2026-04,bifi,BiFi,lending,,186.2005,420528.12,2258.4696
2026-05,bifi,BiFi,lending,,3.9888,8015.77,2009.5608
2026-06,bifi,BiFi,lending,,191.9157,300883.7,1567.7911
2026-07,bifi,BiFi,lending,,185.8429,346313.69,1863.4753
2026-08,bifi,BiFi,lending,,3.9962,9873.09,2470.6262
2026-09,bifi,BiFi,lending,,3.9667,10619.87,2677.2247
2026-10-02,bifi,BiFi,lending,,192.2825,513276.46,2669.3876
2024-10,bifrost-liquid-staking,Bifrost Liquid Staking,staking,,1082.2577,2724800.25,2517.7
2024-11,bifrost-liquid-staking,Bifrost Liquid Staking,staking,,1047.038,3899201.06,3724.03
2024-12,bifrost-liquid-staking,Bifrost Liquid Staking,staking,,953.3115,3173888.61,3329.33
2025-01,bifrost-liquid-staking,Bifrost Liquid Staking,staking,,890.5546,2937895.25,3298.95
2025-02,bifrost-liquid-staking,Bifrost Liquid Staking,staking,,858.0169,1909688.14,2225.7
2025-03,bifrost-liquid-staking,Bifrost Liquid Staking,staking,,849.3548,1548942.88,1823.67
2025-04,bifrost-liquid-staking,Bifrost Liquid Staking,staking,,0.0,0.0,1792.98
2025-05,bifrost-liquid-staking,Bifrost Liquid Staking,staking,,0.0,0.0,2517.89
2025-06,bifrost-liquid-staking,Bifrost Liquid Staking,staking,,0.0,0.0,2496.22
2025-07,bifrost-liquid-staking,Bifrost Liquid Staking,staking,,0.0,0.0,3694.68
2025-08,bifrost-liquid-staking,Bifrost Liquid Staking,staking,,0.0,0.0,4400.37
2025-09,bifrost-liquid-staking,Bifrost Liquid Staking,staking,,0.0,0.0,4146.85
2026-02,bifrost-liquid-staking,Bifrost Liquid Staking,staking,,0.0,0.0,1957.2655
2026-03,bifrost-liquid-staking,Bifrost Liquid Staking,staking,,0.0,0.0,2100.0636
2026-04,bifrost-liquid-staking,Bifrost Liquid Staking,staking,,0.0,0.0,2258.4696
2026-05,bifrost-liquid-staking,Bifrost Liquid Staking,staking,,0.0,0.0,2009.5608
2026-06,bifrost-liquid-staking,Bifrost Liquid Staking,staking,,0.0,0.0,1567.7911
2026-07,bifrost-liquid-staking,Bifrost Liquid Staking,staking,,0.0,0.0,1863.4753
2026-08,bifrost-liquid-staking,Bifrost Liquid Staking,staking,,0.0,0.0,2470.6262
2026-09,bifrost-liquid-staking,Bifrost Liquid Staking,staking,,0.0,0.0,2677.2247
2026-10-02,bifrost-liquid-staking,Bifrost Liquid Staking,staking,,0.0,0.0,2669.3876
2024-10,binance-staked-eth,Binance staked ETH,staking,,1550184.4661,3902899430.26,2517.7
2024-11,binance-staked-eth,Binance staked ETH,staking,,1708500.9254,6362508701.13,3724.03
2024-12,binance-staked-eth,Binance staked ETH,staking,,1809360.5468,6023958349.39,3329.33
2025-01,binance-staked-eth,Binance staked ETH,staking,,2011338.0391,6635303624.23,3298.95
2025-02,binance-staked-eth,Binance staked ETH,staking,,2019270.5675,4494290502.1,2225.7
2025-03,binance-staked-eth,Binance staked ETH,staking,,2058145.2063,3753377668.44,1823.67
2025-04,binance-staked-eth,Binance staked ETH,staking,,2209009.9966,3960710743.63,1792.98
2025-05,binance-staked-eth,Binance staked ETH,staking,,2406618.2982,6059600146.84,2517.89
2025-06,binance-staked-eth,Binance staked ETH,staking,,2753167.8032,6872512533.82,2496.22
2025-07,binance-staked-eth,Binance staked ETH,staking,,2951246.805,10903912545.59,3694.68
2025-08,binance-staked-eth,Binance staked ETH,staking,,3291858.38,14485394859.38,4400.37
2025-09,binance-staked-eth,Binance staked ETH,staking,,3519298.4727,14594002871.54,4146.85
2025-10,binance-staked-eth,Binance staked ETH,staking,,3515471.7418,13551077590.38,3854.6968
2025-11,binance-staked-eth,Binance staked ETH,staking,,3537362.2483,10566264284.07,2987.0461
2025-12,binance-staked-eth,Binance staked ETH,staking,,3552767.0834,10557093103.1,2971.5129
2026-01,binance-staked-eth,Binance staked ETH,staking,,3627816.1977,8959832071.98,2469.7591
2026-02,binance-staked-eth,Binance staked ETH,staking,,3671404.5343,7185913555.57,1957.2655
2026-03,binance-staked-eth,Binance staked ETH,staking,,3680323.0191,7728912373.71,2100.0636
2026-04,binance-staked-eth,Binance staked ETH,staking,,3695048.3348,8345154372.08,2258.4696
2026-05,binance-staked-eth,Binance staked ETH,staking,,3697693.7283,7430740394.94,2009.5608
2026-06,binance-staked-eth,Binance staked ETH,staking,,3682831.3657,5773910168.16,1567.7911
2026-07,binance-staked-eth,Binance staked ETH,staking,,3713722.6821,6920430622.75,1863.4753
2026-08,binance-staked-eth,Binance staked ETH,staking,,3721239.403,9193791570.24,2470.6262
2026-09,binance-staked-eth,Binance staked ETH,staking,,3736852.6798,10004394260.25,2677.2247
2026-10-02,binance-staked-eth,Binance staked ETH,staking,,3741681.618,9987998522.56,2669.3876
2024-10,biswap-v2,Biswap V2,farming,pools,759.8362,1913039.57,2517.7
2024-11,biswap-v2,Biswap V2,farming,pools,190.1411,708091.32,3724.03
2024-12,biswap-v2,Biswap V2,farming,pools,188.8477,628736.17,3329.33
2025-01,biswap-v2,Biswap V2,farming,pools,187.8775,619798.61,3298.95
2025-02,biswap-v2,Biswap V2,farming,pools,213.2832,474704.33,2225.7
2025-03,biswap-v2,Biswap V2,farming,pools,220.7262,402531.7,1823.67
2025-04,biswap-v2,Biswap V2,farming,pools,225.6359,404560.58,1792.98
2025-05,biswap-v2,Biswap V2,farming,pools,180.6073,454749.28,2517.89
2025-06,biswap-v2,Biswap V2,farming,pools,181.224,452374.88,2496.22
2025-07,biswap-v2,Biswap V2,farming,pools,155.1287,573151.02,3694.68
2025-08,biswap-v2,Biswap V2,farming,pools,142.594,627466.37,4400.37
2025-09,biswap-v2,Biswap V2,farming,pools,152.827,633750.52,4146.85
2025-10,biswap-v2,Biswap V2,farming,pools,156.2317,602225.82,3854.6968
2025-11,biswap-v2,Biswap V2,farming,pools,161.3283,481895.18,2987.0461
2025-12,biswap-v2,Biswap V2,farming,pools,154.5008,459101.04,2971.5129
2026-01,biswap-v2,Biswap V2,farming,pools,158.8095,392221.3,2469.7591
2026-02,biswap-v2,Biswap V2,farming,pools,162.118,317307.88,1957.2655
2026-03,biswap-v2,Biswap V2,farming,pools,157.2979,330335.52,2100.0636
2026-04,biswap-v2,Biswap V2,farming,pools,154.6571,349288.4,2258.4696
2026-05,biswap-v2,Biswap V2,farming,pools,167.297,336193.58,2009.5608
2026-06,biswap-v2,Biswap V2,farming,pools,170.386,267129.58,1567.7911
2026-07,biswap-v2,Biswap V2,farming,pools,161.104,300213.41,1863.4753
2026-08,biswap-v2,Biswap V2,farming,pools,150.917,372859.6,2470.6262
2026-09,biswap-v2,Biswap V2,farming,pools,149.8722,401241.53,2677.2247
2026-10-02,biswap-v2,Biswap V2,farming,pools,150.3746,401407.98,2669.3876
2024-10,blackwing,Blackwing,farming,points,5169.1606,13014395.54,2517.7
2024-11,blackwing,Blackwing,farming,points,4405.413,16405890.2,3724.03
2024-12,blackwing,Blackwing,farming,points,3820.0444,12718188.46,3329.33
2025-01,blackwing,Blackwing,farming,points,3529.7578,11644494.58,3298.95
2025-02,blackwing,Blackwing,farming,points,3060.9109,6812669.35,2225.7
2025-03,blackwing,Blackwing,farming,points,2820.2226,5143155.4,1823.67
2025-04,blackwing,Blackwing,farming,points,2321.2609,4161974.41,1792.98
2025-05,blackwing,Blackwing,farming,points,2022.3741,5092115.43,2517.89
2025-06,blackwing,Blackwing,farming,points,1840.1541,4593429.42,2496.22
2025-07,blackwing,Blackwing,farming,points,1492.1854,5513147.62,3694.68
2025-08,blackwing,Blackwing,farming,points,1280.882,5636354.57,4400.37
2025-09,blackwing,Blackwing,farming,points,1133.397,4700027.49,4146.85
2025-10,blackwing,Blackwing,farming,points,573.9522,2212411.63,3854.6968
2025-11,blackwing,Blackwing,farming,points,439.5219,1312872.23,2987.0461
2025-12,blackwing,Blackwing,farming,points,413.5954,1229004.09,2971.5129
2026-01,blackwing,Blackwing,farming,points,370.7294,915612.28,2469.7591
2026-02,blackwing,Blackwing,farming,points,353.0894,691089.75,1957.2655
2026-03,blackwing,Blackwing,farming,points,313.5483,658471.34,2100.0636
2026-04,blackwing,Blackwing,farming,points,285.6463,645123.56,2258.4696
2026-05,blackwing,Blackwing,farming,points,261.7802,526063.29,2009.5608
2026-06,blackwing,Blackwing,farming,points,252.5548,395953.17,1567.7911
2026-07,blackwing,Blackwing,farming,points,240.8399,448799.21,1863.4753
2026-08,blackwing,Blackwing,farming,points,226.9506,560710.03,2470.6262
2026-09,blackwing,Blackwing,farming,points,217.7028,582839.24,2677.2247
2026-10-02,blackwing,Blackwing,farming,points,217.0778,579464.87,2669.3876
2024-10,blast-pre-launch-farm,Blast pre-launch Farm,farming,points,1261.1363,3175162.87,2517.7
2024-11,blast-pre-launch-farm,Blast pre-launch Farm,farming,points,1166.4722,4343977.58,3724.03
2024-12,blast-pre-launch-farm,Blast pre-launch Farm,farming,points,1095.4257,3647033.48,3329.33
2025-01,blast-pre-launch-farm,Blast pre-launch Farm,farming,points,1071.6916,3535456.99,3298.95
2025-02,blast-pre-launch-farm,Blast pre-launch Farm,farming,points,1067.7145,2376412.23,2225.7
2025-03,blast-pre-launch-farm,Blast pre-launch Farm,farming,points,1062.3048,1937293.46,1823.67
2025-04,blast-pre-launch-farm,Blast pre-launch Farm,farming,points,1059.4933,1899650.28,1792.98
2025-05,blast-pre-launch-farm,Blast pre-launch Farm,farming,points,1052.7587,2650730.59,2517.89
2025-06,blast-pre-launch-farm,Blast pre-launch Farm,farming,points,1040.4071,2597084.91,2496.22
2025-07,blast-pre-launch-farm,Blast pre-launch Farm,farming,points,1030.7794,3808399.9,3694.68
2025-08,blast-pre-launch-farm,Blast pre-launch Farm,farming,points,1014.6947,4465031.9,4400.37
2025-09,blast-pre-launch-farm,Blast pre-launch Farm,farming,points,994.7266,4124981.84,4146.85
2025-10,blast-pre-launch-farm,Blast pre-launch Farm,farming,points,985.4709,3798691.58,3854.6968
2025-11,blast-pre-launch-farm,Blast pre-launch Farm,farming,points,963.8242,2878987.29,2987.0461
2025-12,blast-pre-launch-farm,Blast pre-launch Farm,farming,points,948.6073,2818798.75,2971.5129
2026-01,blast-pre-launch-farm,Blast pre-launch Farm,farming,points,918.9553,2269598.14,2469.7591
2026-02,blast-pre-launch-farm,Blast pre-launch Farm,farming,points,875.5766,1713735.9,1957.2655
2026-03,blast-pre-launch-farm,Blast pre-launch Farm,farming,points,874.5808,1836675.39,2100.0636
2026-04,blast-pre-launch-farm,Blast pre-launch Farm,farming,points,859.8518,1941949.09,2258.4696
2026-05,blast-pre-launch-farm,Blast pre-launch Farm,farming,points,852.7922,1713737.84,2009.5608
2026-06,blast-pre-launch-farm,Blast pre-launch Farm,farming,points,0.0,0.0,1567.7911
2026-07,blast-pre-launch-farm,Blast pre-launch Farm,farming,points,0.0,0.0,1863.4753
2026-08,blast-pre-launch-farm,Blast pre-launch Farm,farming,points,0.0,0.0,2470.6262
2026-09,blast-pre-launch-farm,Blast pre-launch Farm,farming,points,0.0,0.0,2677.2247
2026-10-02,blast-pre-launch-farm,Blast pre-launch Farm,farming,points,0.0,0.0,2669.3876
2024-10,bulbaswap-v3,BulbaSwap V3,farming,pools,1.4666,3692.51,2517.7
2024-11,bulbaswap-v3,BulbaSwap V3,farming,pools,102.6867,382408.26,3724.03
2024-12,bulbaswap-v3,BulbaSwap V3,farming,pools,220.3687,733680.13,3329.33
2025-01,bulbaswap-v3,BulbaSwap V3,farming,pools,32.9908,108835.13,3298.95
2025-02,bulbaswap-v3,BulbaSwap V3,farming,pools,92.7628,206462.26,2225.7
2025-03,bulbaswap-v3,BulbaSwap V3,farming,pools,244.3289,445575.27,1823.67
2025-04,bulbaswap-v3,BulbaSwap V3,farming,pools,160.6614,288062.74,1792.98
2025-05,bulbaswap-v3,BulbaSwap V3,farming,pools,193.5711,487390.84,2517.89
2025-06,bulbaswap-v3,BulbaSwap V3,farming,pools,177.2068,442347.07,2496.22
2025-07,bulbaswap-v3,BulbaSwap V3,farming,pools,42.5273,157124.61,3694.68
2025-08,bulbaswap-v3,BulbaSwap V3,farming,pools,42.9444,188971.38,4400.37
2025-09,bulbaswap-v3,BulbaSwap V3,farming,pools,155.1032,643189.74,4146.85
2025-10,bulbaswap-v3,BulbaSwap V3,farming,pools,636.5313,2453635.19,3854.6968
2025-11,bulbaswap-v3,BulbaSwap V3,farming,pools,708.7085,2116945.1,2987.0461
2025-12,bulbaswap-v3,BulbaSwap V3,farming,pools,685.97,2038368.74,2971.5129
2026-02,bulbaswap-v3,BulbaSwap V3,farming,pools,1100.4561,2153884.84,1957.2655
2026-03,bulbaswap-v3,BulbaSwap V3,farming,pools,1271.2555,2669717.44,2100.0636
2026-04,bulbaswap-v3,BulbaSwap V3,farming,pools,1237.5409,2794948.42,2258.4696
2026-05,bulbaswap-v3,BulbaSwap V3,farming,pools,1309.5204,2631560.82,2009.5608
2026-06,bulbaswap-v3,BulbaSwap V3,farming,pools,1458.5043,2286630.03,1567.7911
2026-07,bulbaswap-v3,BulbaSwap V3,farming,pools,1338.0023,2493334.31,1863.4753
2026-08,bulbaswap-v3,BulbaSwap V3,farming,pools,1191.276,2943197.67,2470.6262
2026-09,bulbaswap-v3,BulbaSwap V3,farming,pools,1147.2558,3071461.44,2677.2247
2026-10-02,bulbaswap-v3,BulbaSwap V3,farming,pools,1145.5875,3058017.16,2669.3876
2024-10,camelot-v2,Camelot V2,farming,pools,6216.3986,15651026.64,2517.7
2024-11,camelot-v2,Camelot V2,farming,pools,5614.8389,20909828.42,3724.03
2024-12,camelot-v2,Camelot V2,farming,pools,5188.5343,17274342.92,3329.33
2025-01,camelot-v2,Camelot V2,farming,pools,5158.0464,17016137.22,3298.95
2025-02,camelot-v2,Camelot V2,farming,pools,5051.1497,11242343.99,2225.7
2025-03,camelot-v2,Camelot V2,farming,pools,4926.9359,8985105.24,1823.67
2025-04,camelot-v2,Camelot V2,farming,pools,5239.9309,9395091.25,1792.98
2025-05,camelot-v2,Camelot V2,farming,pools,4636.9019,11675208.92,2517.89
2025-06,camelot-v2,Camelot V2,farming,pools,4458.4213,11129200.39,2496.22
2025-07,camelot-v2,Camelot V2,farming,pools,3922.5225,14492465.34,3694.68
2025-08,camelot-v2,Camelot V2,farming,pools,3539.4186,15574751.22,4400.37
2025-09,camelot-v2,Camelot V2,farming,pools,3374.2361,13992450.85,4146.85
2025-10,camelot-v2,Camelot V2,farming,pools,2951.5799,11377445.58,3854.6968
2025-11,camelot-v2,Camelot V2,farming,pools,2933.0612,8761189.29,2987.0461
2025-12,camelot-v2,Camelot V2,farming,pools,2733.9819,8124062.28,2971.5129
2026-01,camelot-v2,Camelot V2,farming,pools,2628.3343,6491352.48,2469.7591
2026-03,camelot-v2,Camelot V2,farming,pools,2455.2053,5156087.18,2100.0636
2026-04,camelot-v2,Camelot V2,farming,pools,2492.5545,5629358.51,2258.4696
2026-05,camelot-v2,Camelot V2,farming,pools,2561.2739,5147035.7,2009.5608
2026-06,camelot-v2,Camelot V2,farming,pools,2610.6076,4092887.26,1567.7911
2026-07,camelot-v2,Camelot V2,farming,pools,2585.6729,4818337.72,1863.4753
2026-08,camelot-v2,Camelot V2,farming,pools,2455.4967,6066614.59,2470.6262
2026-09,camelot-v2,Camelot V2,farming,pools,2473.3428,6621694.44,2677.2247
2026-10-02,camelot-v2,Camelot V2,farming,pools,2450.8137,6542171.66,2669.3876
2024-10,camelot-v3,Camelot V3,farming,pools,6812.4688,17151752.69,2517.7
2024-11,camelot-v3,Camelot V3,farming,pools,5367.5596,19988952.98,3724.03
2024-12,camelot-v3,Camelot V3,farming,pools,4882.6989,16256115.85,3329.33
2025-01,camelot-v3,Camelot V3,farming,pools,4857.5032,16024660.06,3298.95
2025-02,camelot-v3,Camelot V3,farming,pools,4553.4204,10134547.89,2225.7
2025-03,camelot-v3,Camelot V3,farming,pools,4763.258,8686610.72,1823.67
2025-04,camelot-v3,Camelot V3,farming,pools,4412.7463,7911965.89,1792.98
2025-05,camelot-v3,Camelot V3,farming,pools,3326.4461,8375625.43,2517.89
2025-06,camelot-v3,Camelot V3,farming,pools,3295.3533,8225926.88,2496.22
2025-07,camelot-v3,Camelot V3,farming,pools,2377.0631,8782487.43,3694.68
2025-08,camelot-v3,Camelot V3,farming,pools,2396.0891,10543678.48,4400.37
2025-09,camelot-v3,Camelot V3,farming,pools,2454.5413,10178614.77,4146.85
2025-10,camelot-v3,Camelot V3,farming,pools,2834.6924,10926879.81,3854.6968
2025-11,camelot-v3,Camelot V3,farming,pools,2822.8689,8432039.76,2987.0461
2025-12,camelot-v3,Camelot V3,farming,pools,2957.8663,8789337.71,2971.5129
2026-03,camelot-v3,Camelot V3,farming,pools,1804.1365,3788801.35,2100.0636
2026-04,camelot-v3,Camelot V3,farming,pools,1229.4913,2776768.8,2258.4696
2026-05,camelot-v3,Camelot V3,farming,pools,1247.5069,2506940.93,2009.5608
2026-06,camelot-v3,Camelot V3,farming,pools,1148.3467,1800367.66,1567.7911
2026-07,camelot-v3,Camelot V3,farming,pools,1072.7475,1999038.59,1863.4753
2026-08,camelot-v3,Camelot V3,farming,pools,910.7969,2250238.71,2470.6262
2026-09,camelot-v3,Camelot V3,farming,pools,748.5588,2004060.22,2677.2247
2026-10-02,camelot-v3,Camelot V3,farming,pools,736.1171,1964981.91,2669.3876
2025-03,canopy,Canopy,farming,vaults,0.0002,0.31,1823.67
2025-04,canopy,Canopy,farming,vaults,11056.2365,19823610.92,1792.98
2025-05,canopy,Canopy,farming,vaults,11247.4271,28319784.26,2517.89
2025-06,canopy,Canopy,farming,vaults,4858.0498,12126761.09,2496.22
2025-07,canopy,Canopy,farming,vaults,3807.4901,14067457.66,3694.68
2025-08,canopy,Canopy,farming,vaults,3097.1667,13628679.62,4400.37
2025-09,canopy,Canopy,farming,vaults,3270.4896,13562229.82,4146.85
2025-10,canopy,Canopy,farming,vaults,3285.5309,12664725.48,3854.6968
2025-11,canopy,Canopy,farming,vaults,2016.6355,6023783.34,2987.0461
2025-12,canopy,Canopy,farming,vaults,1998.5455,5938703.69,2971.5129
2026-01,canopy,Canopy,farming,vaults,1477.7335,3649645.64,2469.7591
2026-02,canopy,Canopy,farming,vaults,644.067,1260610.05,1957.2655
2026-03,canopy,Canopy,farming,vaults,570.7238,1198556.22,2100.0636
2026-04,canopy,Canopy,farming,vaults,401.5781,906951.87,2258.4696
2026-05,canopy,Canopy,farming,vaults,418.8554,841715.37,2009.5608
2026-06,canopy,Canopy,farming,vaults,417.6435,654777.81,1567.7911
2026-07,canopy,Canopy,farming,vaults,417.6329,778248.62,1863.4753
2026-08,canopy,Canopy,farming,vaults,419.6111,1036702.14,2470.6262
2026-09,canopy,Canopy,farming,vaults,421.7969,1129245.1,2677.2247
2026-10-02,canopy,Canopy,farming,vaults,420.1517,1121547.64,2669.3876
2025-08,cap,cap,credit,,1.8089,7959.64,4400.37
2025-09,cap,cap,credit,,3038.9619,12602119.34,4146.85
2025-10,cap,cap,credit,,11058.3685,42626657.28,3854.6968
2025-11,cap,cap,credit,,10194.3069,30450865.25,2987.0461
2025-12,cap,cap,credit,,11414.8154,33919270.83,2971.5129
2026-01,cap,cap,credit,,12579.4817,31068289.49,2469.7591
2026-02,cap,cap,credit,,13103.9198,25647850.58,1957.2655
2026-03,cap,cap,credit,,28492.9479,59837002.46,2100.0636
2026-04,cap,cap,credit,,25715.0357,58076626.62,2258.4696
2026-05,cap,cap,credit,,20268.2907,40730362.72,2009.5608
2026-06,cap,cap,credit,,19483.2725,30545700.87,1567.7911
2026-07,cap,cap,credit,,20809.133,38777306.11,1863.4753
2026-08,cap,cap,credit,,23579.1187,58255188.43,2470.6262
2026-09,cap,cap,credit,,22753.5042,60916243.31,2677.2247
2026-10-02,cap,cap,credit,,22666.2226,60504933.51,2669.3876
2024-10,capyfi,Capyfi,lending,,5.9758,15045.38,2517.7
2024-11,capyfi,Capyfi,lending,,5.977,22258.35,3724.03
2024-12,capyfi,Capyfi,lending,,4.9842,16593.94,3329.33
2025-01,capyfi,Capyfi,lending,,27.1609,89602.47,3298.95
2025-02,capyfi,Capyfi,lending,,38.9265,86638.78,2225.7
2025-03,capyfi,Capyfi,lending,,38.7493,70665.89,1823.67
2025-04,capyfi,Capyfi,lending,,7.6615,13737.0,1792.98
2025-05,capyfi,Capyfi,lending,,424.5997,1069095.31,2517.89
2025-06,capyfi,Capyfi,lending,,473.3673,1181628.88,2496.22
2025-07,capyfi,Capyfi,lending,,333.0449,1230494.18,3694.68
2025-08,capyfi,Capyfi,lending,,906.7418,3989999.52,4400.37
2025-09,capyfi,Capyfi,lending,,914.0753,3790532.99,4146.85
2025-10,capyfi,Capyfi,lending,,923.0005,3557887.2,3854.6968
2025-11,capyfi,Capyfi,lending,,926.0297,2766093.55,2987.0461
2025-12,capyfi,Capyfi,lending,,927.1942,2755169.37,2971.5129
2026-01,capyfi,Capyfi,lending,,931.4985,2300576.89,2469.7591
2026-02,capyfi,Capyfi,lending,,1020.6766,1997735.22,1957.2655
2026-03,capyfi,Capyfi,lending,,1190.8776,2500918.63,2100.0636
2026-04,capyfi,Capyfi,lending,,1204.8703,2721162.92,2258.4696
2026-05,capyfi,Capyfi,lending,,1100.1052,2210728.23,2009.5608
2026-06,capyfi,Capyfi,lending,,1101.0933,1726284.27,1567.7911
2026-07,capyfi,Capyfi,lending,,1100.689,2051106.79,1863.4753
2026-08,capyfi,Capyfi,lending,,1113.7206,2751587.21,2470.6262
2026-09,capyfi,Capyfi,lending,,1212.5299,3246214.92,2677.2247
2026-10-02,capyfi,Capyfi,lending,,1227.2897,3276111.81,2669.3876
2025-08,carry:avant-aveth,Avant avETH / savETH,carry,,0.0,0.0,4400.37
2025-09,carry:avant-aveth,Avant avETH / savETH,carry,,1059.1333,4392066.8,4146.85
2025-10,carry:avant-aveth,Avant avETH / savETH,carry,,2178.5909,8397807.15,3854.6968
2025-11,carry:avant-aveth,Avant avETH / savETH,carry,,1953.8779,5836323.42,2987.0461
2025-12,carry:avant-aveth,Avant avETH / savETH,carry,,2888.6282,8583595.85,2971.5129
2026-01,carry:avant-aveth,Avant avETH / savETH,carry,,2819.4798,6963436.0,2469.7591
2026-02,carry:avant-aveth,Avant avETH / savETH,carry,,3987.179,7803968.09,1957.2655
2026-03,carry:avant-aveth,Avant avETH / savETH,carry,,5739.1127,12052501.58,2100.0636
2026-04,carry:avant-aveth,Avant avETH / savETH,carry,,6556.2864,14807173.66,2258.4696
2026-05,carry:avant-aveth,Avant avETH / savETH,carry,,0.0,0.0,2009.5608
2026-06,carry:avant-aveth,Avant avETH / savETH,carry,,9164.06,14367331.59,1567.7911
2026-07,carry:avant-aveth,Avant avETH / savETH,carry,,10330.2346,19250137.34,1863.4753
2026-08,carry:avant-aveth,Avant avETH / savETH,carry,,12572.6891,31062415.12,2470.6262
2026-09,carry:avant-aveth,Avant avETH / savETH,carry,,12356.7551,33081809.75,2677.2247
2026-10-02,carry:avant-aveth,Avant avETH / savETH,carry,,12582.7122,33588136.01,2669.3876
2025-08,carry:avant-aveth:nodebt,Avant avETH / savETH (months without dollar debt),staking,,0.0031,13.64,4400.37
2026-02,carry:lido-earn,Lido Earn ETH,carry,,0.0,0.0,1957.2655
2026-03,carry:lido-earn,Lido Earn ETH,carry,,86458.9196,181569229.17,2100.0636
2026-04,carry:lido-earn,Lido Earn ETH,carry,,110594.3343,249773943.07,2258.4696
2026-05,carry:lido-earn,Lido Earn ETH,carry,,44337.3217,89098543.94,2009.5608
2026-06,carry:lido-earn,Lido Earn ETH,carry,,90416.9799,141754934.62,1567.7911
2026-07,carry:lido-earn,Lido Earn ETH,carry,,77748.2136,144881878.42,1863.4753
2026-08,carry:lido-earn,Lido Earn ETH,carry,,79323.1161,195977769.11,2470.6262
2026-09,carry:lido-earn,Lido Earn ETH,carry,,83046.3578,222333759.47,2677.2247
2026-10-02,carry:lido-earn,Lido Earn ETH,carry,,83309.2031,222384554.03,2669.3876
2024-10,carry:liquid-eth,ether.fi Liquid ETH,carry,,0.0,0.0,2517.7
2024-11,carry:liquid-eth,ether.fi Liquid ETH,carry,,0.0,0.0,3724.03
2024-12,carry:liquid-eth,ether.fi Liquid ETH,carry,,0.0,0.0,3329.33
2025-01,carry:liquid-eth,ether.fi Liquid ETH,carry,,0.0,0.0,3298.95
2025-02,carry:liquid-eth,ether.fi Liquid ETH,carry,,0.0,0.0,2225.7
2025-03,carry:liquid-eth,ether.fi Liquid ETH,carry,,0.0,0.0,1823.67
2025-04,carry:liquid-eth,ether.fi Liquid ETH,carry,,0.0,0.0,1792.98
2025-05,carry:liquid-eth,ether.fi Liquid ETH,carry,,0.0,0.0,2517.89
2025-06,carry:liquid-eth,ether.fi Liquid ETH,carry,,0.0,0.0,2496.22
2025-07,carry:liquid-eth,ether.fi Liquid ETH,carry,,0.0,0.0,3694.68
2025-08,carry:liquid-eth,ether.fi Liquid ETH,carry,,203044.5194,893471011.66,4400.37
2025-09,carry:liquid-eth,ether.fi Liquid ETH,carry,,192310.3933,797482354.5,4146.85
2025-10,carry:liquid-eth,ether.fi Liquid ETH,carry,,0.0,0.0,3854.6968
2025-11,carry:liquid-eth,ether.fi Liquid ETH,carry,,0.0,0.0,2987.0461
2025-12,carry:liquid-eth,ether.fi Liquid ETH,carry,,0.0,0.0,2971.5129
2026-01,carry:liquid-eth,ether.fi Liquid ETH,carry,,0.0,0.0,2469.7591
2026-02,carry:liquid-eth,ether.fi Liquid ETH,carry,,0.0,0.0,1957.2655
2026-03,carry:liquid-eth,ether.fi Liquid ETH,carry,,0.0,0.0,2100.0636
2026-04,carry:liquid-eth,ether.fi Liquid ETH,carry,,0.0,0.0,2258.4696
2026-05,carry:liquid-eth,ether.fi Liquid ETH,carry,,0.0,0.0,2009.5608
2026-06,carry:liquid-eth,ether.fi Liquid ETH,carry,,88680.8765,139033087.2,1567.7911
2026-07,carry:liquid-eth,ether.fi Liquid ETH,carry,,122177.1149,227674040.27,1863.4753
2026-08,carry:liquid-eth,ether.fi Liquid ETH,carry,,173879.6793,429591691.67,2470.6262
2026-09,carry:liquid-eth,ether.fi Liquid ETH,carry,,176962.4306,473768188.63,2677.2247
2026-10-02,carry:liquid-eth,ether.fi Liquid ETH,carry,,177171.0633,472938239.85,2669.3876
2026-01,carry:liquity-carry,Liquity ETH Carry,carry,,0.0,0.0,2469.7591
2026-02,carry:liquity-carry,Liquity ETH Carry,carry,,0.0,0.0,1957.2655
2026-03,carry:liquity-carry,Liquity ETH Carry,carry,,0.0,0.0,2100.0636
2026-04,carry:liquity-carry,Liquity ETH Carry,carry,,31.8619,71959.1,2258.4696
2026-05,carry:liquity-carry,Liquity ETH Carry,carry,,528.0794,1061207.57,2009.5608
2026-06,carry:liquity-carry,Liquity ETH Carry,carry,,641.015,1004977.57,1567.7911
2026-07,carry:liquity-carry,Liquity ETH Carry,carry,,1502.3368,2799567.57,1863.4753
2026-08,carry:liquity-carry,Liquity ETH Carry,carry,,2813.7668,6951765.95,2470.6262
2026-09,carry:liquity-carry,Liquity ETH Carry,carry,,6016.6691,16107975.04,2677.2247
2026-10-02,carry:liquity-carry,Liquity ETH Carry,carry,,6014.0017,16053701.67,2669.3876
2025-10,carry:makina-deth,Makina DETH,carry,,0.0,0.0,3854.6968
2025-11,carry:makina-deth,Makina DETH,carry,,0.0,0.0,2987.0461
2025-12,carry:makina-deth,Makina DETH,carry,,0.0,0.0,2971.5129
2026-01,carry:makina-deth,Makina DETH,carry,,0.0,0.0,2469.7591
2026-02,carry:makina-deth,Makina DETH,carry,,0.0,0.0,1957.2655
2026-03,carry:makina-deth,Makina DETH,carry,,0.0,0.0,2100.0636
2026-04,carry:makina-deth,Makina DETH,carry,,0.0,0.0,2258.4696
2026-05,carry:makina-deth,Makina DETH,carry,,0.0,0.0,2009.5608
2026-06,carry:makina-deth,Makina DETH,carry,,0.0,0.0,1567.7911
2026-07,carry:makina-deth,Makina DETH,carry,,0.0,0.0,1863.4753
2026-08,carry:makina-deth,Makina DETH,carry,,2593.3252,6407137.15,2470.6262
2026-09,carry:makina-deth,Makina DETH,carry,,2493.8765,6676667.83,2677.2247
2026-10-02,carry:makina-deth,Makina DETH,carry,,2499.3591,6671758.16,2669.3876
2026-10-02,carry:nemo-eth-prime,NEMO ETH Prime,carry,,3037.666,8108707.96,2669.3876
2025-08,carry:reservoir-eth,Reservoir ETH Yield,carry,,0.0,0.0,4400.37
2025-09,carry:reservoir-eth,Reservoir ETH Yield,carry,,2428.7992,10071865.99,4146.85
2025-10,carry:reservoir-eth,Reservoir ETH Yield,carry,,4136.8805,15946419.92,3854.6968
2025-11,carry:reservoir-eth,Reservoir ETH Yield,carry,,1620.1598,4839492.18,2987.0461
2025-12,carry:reservoir-eth,Reservoir ETH Yield,carry,,575.1906,1709186.14,2971.5129
2026-01,carry:reservoir-eth,Reservoir ETH Yield,carry,,152.9874,377842.02,2469.7591
2026-02,carry:reservoir-eth,Reservoir ETH Yield,carry,,310.3446,607426.74,1957.2655
2026-03,carry:reservoir-eth,Reservoir ETH Yield,carry,,1229.8731,2582811.69,2100.0636
2026-04,carry:reservoir-eth,Reservoir ETH Yield,carry,,0.0,0.0,2258.4696
2026-05,carry:reservoir-eth,Reservoir ETH Yield,carry,,175.3364,352349.17,2009.5608
2026-06,carry:reservoir-eth,Reservoir ETH Yield,carry,,162.5469,254839.56,1567.7911
2026-07,carry:reservoir-eth,Reservoir ETH Yield,carry,,62.793,117013.25,1863.4753
2026-08,carry:reservoir-eth,Reservoir ETH Yield,carry,,61.2468,151317.91,2470.6262
2026-09,carry:reservoir-eth,Reservoir ETH Yield,carry,,60.1991,161166.64,2677.2247
2026-10-02,carry:reservoir-eth,Reservoir ETH Yield,carry,,23.5948,62983.77,2669.3876
2025-08,carry:rocksolid,Rocksolid rETH,carry,,0.0,0.0,4400.37
2025-09,carry:rocksolid,Rocksolid rETH,carry,,0.0,0.0,4146.85
2025-10,carry:rocksolid,Rocksolid rETH,carry,,0.0,0.0,3854.6968
2025-11,carry:rocksolid,Rocksolid rETH,carry,,0.0,0.0,2987.0461
2025-12,carry:rocksolid,Rocksolid rETH,carry,,0.0,0.0,2971.5129
2026-01,carry:rocksolid,Rocksolid rETH,carry,,0.0,0.0,2469.7591
2026-02,carry:rocksolid,Rocksolid rETH,carry,,0.0,0.0,1957.2655
2026-03,carry:rocksolid,Rocksolid rETH,carry,,9485.0544,19919217.43,2100.0636
2026-04,carry:rocksolid,Rocksolid rETH,carry,,9662.4574,21822366.5,2258.4696
2026-05,carry:rocksolid,Rocksolid rETH,carry,,9738.3092,19569724.46,2009.5608
2026-06,carry:rocksolid,Rocksolid rETH,carry,,8759.0959,13732432.42,1567.7911
2026-07,carry:rocksolid,Rocksolid rETH,carry,,8831.8633,16457959.46,1863.4753
2026-08,carry:rocksolid,Rocksolid rETH,carry,,8829.8629,21815290.7,2470.6262
2026-09,carry:rocksolid,Rocksolid rETH,carry,,8998.1427,24090049.8,2677.2247
2026-10-02,carry:rocksolid,Rocksolid rETH,carry,,8999.2874,24022586.09,2669.3876
2025-08,carry:rocksolid:nodebt,Rocksolid rETH (months without dollar debt),loops,,0.0,0.0,4400.37
2026-03,carry:royco-eth,Royco ETH,carry,,0.0,0.0,2100.0636
2026-04,carry:royco-eth,Royco ETH,carry,,48.5278,109598.56,2258.4696
2026-05,carry:royco-eth,Royco ETH,carry,,115.0234,231146.57,2009.5608
2026-06,carry:royco-eth,Royco ETH,carry,,115.2793,180733.92,1567.7911
2026-07,carry:royco-eth,Royco ETH,carry,,115.5302,215287.62,1863.4753
2026-08,carry:royco-eth,Royco ETH,carry,,115.8235,286156.5,2470.6262
2026-09,carry:royco-eth,Royco ETH,carry,,116.0375,310658.48,2677.2247
2026-10-02,carry:royco-eth,Royco ETH,carry,,116.0516,309786.72,2669.3876
2026-03,carry:royco-eth:nodebt,Royco ETH (months without dollar debt),farming,vaults,0.0139,29.23,2100.0636
2026-10-02,carry:sentora-eth,Sentora ETH,carry,,676.67,1806294.51,2669.3876
2025-10,carry:tau-infinifi,TAU InfiniFi ETH Carry,carry,,0.0,0.0,3854.6968
2025-11,carry:tau-infinifi,TAU InfiniFi ETH Carry,carry,,0.0,0.0,2987.0461
2025-12,carry:tau-infinifi,TAU InfiniFi ETH Carry,carry,,41.0145,121875.18,2971.5129
2026-01,carry:tau-infinifi,TAU InfiniFi ETH Carry,carry,,349.5577,863323.29,2469.7591
2026-02,carry:tau-infinifi,TAU InfiniFi ETH Carry,carry,,303.9049,594822.57,1957.2655
2026-03,carry:tau-infinifi,TAU InfiniFi ETH Carry,carry,,44.7236,93922.39,2100.0636
2026-04,carry:tau-infinifi,TAU InfiniFi ETH Carry,carry,,0.0,0.0,2258.4696
2026-05,carry:tau-infinifi,TAU InfiniFi ETH Carry,carry,,175.3472,352370.92,2009.5608
2026-06,carry:tau-infinifi,TAU InfiniFi ETH Carry,carry,,0.0,0.0,1567.7911
2026-07,carry:tau-infinifi,TAU InfiniFi ETH Carry,carry,,0.0,0.0,1863.4753
2026-08,carry:tau-infinifi,TAU InfiniFi ETH Carry,carry,,0.0,0.0,2470.6262
2026-09,carry:tau-infinifi,TAU InfiniFi ETH Carry,carry,,0.0,0.0,2677.2247
2026-10-02,carry:tau-infinifi,TAU InfiniFi ETH Carry,carry,,0.0,0.0,2669.3876
2025-10,carry:tau-infinifi:nodebt,TAU InfiniFi ETH Carry (months without dollar debt),farming,vaults,0.0496,191.17,3854.6968
2025-11,carry:tau-infinifi:nodebt,TAU InfiniFi ETH Carry (months without dollar debt),farming,vaults,0.5903,1763.11,2987.0461
2026-10-02,carry:tau-infinifi:nodebt,TAU InfiniFi ETH Carry (months without dollar debt),farming,vaults,82.2339,219514.03,2669.3876
2024-10,carry:vesper-vaeth,Vesper vaETH,carry,,0.0,0.0,2517.7
2024-11,carry:vesper-vaeth,Vesper vaETH,carry,,0.0,0.0,3724.03
2024-12,carry:vesper-vaeth,Vesper vaETH,carry,,0.0,0.0,3329.33
2025-01,carry:vesper-vaeth,Vesper vaETH,carry,,1095.1441,3612825.55,3298.95
2025-02,carry:vesper-vaeth,Vesper vaETH,carry,,1090.7118,2427597.24,2225.7
2025-03,carry:vesper-vaeth,Vesper vaETH,carry,,1354.7431,2470604.4,1823.67
2025-04,carry:vesper-vaeth,Vesper vaETH,carry,,1460.4112,2618488.01,1792.98
2025-05,carry:vesper-vaeth,Vesper vaETH,carry,,1433.3795,3609091.83,2517.89
2025-06,carry:vesper-vaeth,Vesper vaETH,carry,,1463.5003,3653218.65,2496.22
2025-07,carry:vesper-vaeth,Vesper vaETH,carry,,1448.4455,5351542.69,3694.68
2025-08,carry:vesper-vaeth,Vesper vaETH,carry,,1583.3293,6967234.9,4400.37
2025-09,carry:vesper-vaeth,Vesper vaETH,carry,,1870.8418,7758100.39,4146.85
2025-10,carry:vesper-vaeth,Vesper vaETH,carry,,1876.1912,7232147.99,3854.6968
2025-11,carry:vesper-vaeth,Vesper vaETH,carry,,2182.3075,6518653.35,2987.0461
2025-12,carry:vesper-vaeth,Vesper vaETH,carry,,2215.6903,6583952.36,2971.5129
2026-01,carry:vesper-vaeth,Vesper vaETH,carry,,2240.5753,5533681.22,2469.7591
2026-02,carry:vesper-vaeth,Vesper vaETH,carry,,2541.5039,4974398.05,1957.2655
2026-03,carry:vesper-vaeth,Vesper vaETH,carry,,2490.9778,5231211.69,2100.0636
2026-04,carry:vesper-vaeth,Vesper vaETH,carry,,2443.0774,5517615.98,2258.4696
2026-05,carry:vesper-vaeth,Vesper vaETH,carry,,2622.0867,5269242.69,2009.5608
2026-06,carry:vesper-vaeth,Vesper vaETH,carry,,1881.9656,2950528.95,1567.7911
2026-07,carry:vesper-vaeth,Vesper vaETH,carry,,1862.6886,3471074.35,1863.4753
2026-08,carry:vesper-vaeth,Vesper vaETH,carry,,1617.5359,3996326.55,2470.6262
2026-09,carry:vesper-vaeth,Vesper vaETH,carry,,1052.2899,2817216.58,2677.2247
2026-10-02,carry:vesper-vaeth,Vesper vaETH,carry,,1052.3953,2809250.91,2669.3876
2026-05,carry:yieldbasis-weth,YieldBasis WETH,carry,,641.105,1288339.42,2009.5608
2026-06,carry:yieldbasis-weth,YieldBasis WETH,carry,,5085.1283,7972418.72,1567.7911
2026-07,carry:yieldbasis-weth,YieldBasis WETH,carry,,7632.4561,14222893.72,1863.4753
2026-08,carry:yieldbasis-weth,YieldBasis WETH,carry,,12512.0002,30912475.44,2470.6262
2026-09,carry:yieldbasis-weth,YieldBasis WETH,carry,,10616.2053,28421966.85,2677.2247
2026-10-02,carry:yieldbasis-weth,YieldBasis WETH,carry,,10425.9986,27831031.49,2669.3876
2026-06,carry:zensats,ZenSats wstETH,carry,,0.0,0.0,1567.7911
2026-07,carry:zensats,ZenSats wstETH,carry,,0.0,0.0,1863.4753
2026-08,carry:zensats,ZenSats wstETH,carry,,0.0,0.0,2470.6262
2026-09,carry:zensats,ZenSats wstETH,carry,,0.0,0.0,2677.2247
2026-10-02,carry:zensats,ZenSats wstETH,carry,,0.0,0.0,2669.3876
2026-06,carry:zensats:nodebt,ZenSats wstETH (months without dollar debt),farming,vaults,0.5433,851.78,1567.7911
2026-07,carry:zensats:nodebt,ZenSats wstETH (months without dollar debt),farming,vaults,0.545,1015.56,1863.4753
2026-08,carry:zensats:nodebt,ZenSats wstETH (months without dollar debt),farming,vaults,0.5471,1351.69,2470.6262
2026-09,carry:zensats:nodebt,ZenSats wstETH (months without dollar debt),farming,vaults,0.5485,1468.51,2677.2247
2026-10-02,carry:zensats:nodebt,ZenSats wstETH (months without dollar debt),farming,vaults,0.5486,1464.34,2669.3876
2024-10,chainflip-amm,Chainflip AMM,farming,pools,404.6408,1018764.04,2517.7
2024-11,chainflip-amm,Chainflip AMM,farming,pools,464.5032,1729823.76,3724.03
2024-12,chainflip-amm,Chainflip AMM,farming,pools,278.7341,927997.77,3329.33
2025-01,chainflip-amm,Chainflip AMM,farming,pools,267.4767,882392.16,3298.95
2025-02,chainflip-amm,Chainflip AMM,farming,pools,398.3572,886623.62,2225.7
2025-03,chainflip-amm,Chainflip AMM,farming,pools,361.3666,659013.38,1823.67
2025-04,chainflip-amm,Chainflip AMM,farming,pools,324.5561,581922.68,1792.98
2025-05,chainflip-amm,Chainflip AMM,farming,pools,358.384,902371.49,2517.89
2025-06,chainflip-amm,Chainflip AMM,farming,pools,301.4345,752446.74,2496.22
2025-07,chainflip-amm,Chainflip AMM,farming,pools,306.3539,1131879.45,3694.68
2025-08,chainflip-amm,Chainflip AMM,farming,pools,165.4754,728152.8,4400.37
2025-09,chainflip-amm,Chainflip AMM,farming,pools,218.5226,906180.34,4146.85
2025-10,chainflip-amm,Chainflip AMM,farming,pools,232.054,894497.7,3854.6968
2025-11,chainflip-amm,Chainflip AMM,farming,pools,85.8911,256560.81,2987.0461
2025-12,chainflip-amm,Chainflip AMM,farming,pools,170.2262,505829.27,2971.5129
2026-01,chainflip-amm,Chainflip AMM,farming,pools,114.2845,282255.25,2469.7591
2026-02,chainflip-amm,Chainflip AMM,farming,pools,439.2015,859633.99,1957.2655
2026-03,chainflip-amm,Chainflip AMM,farming,pools,278.8019,585501.82,2100.0636
2026-04,chainflip-amm,Chainflip AMM,farming,pools,217.1131,490343.23,2258.4696
2026-05,chainflip-amm,Chainflip AMM,farming,pools,255.7728,513991.01,2009.5608
2026-06,chainflip-amm,Chainflip AMM,farming,pools,485.8052,761641.04,1567.7911
2026-07,chainflip-amm,Chainflip AMM,farming,pools,359.269,669488.89,1863.4753
2026-08,chainflip-amm,Chainflip AMM,farming,pools,246.5033,609017.53,2470.6262
2026-09,chainflip-amm,Chainflip AMM,farming,pools,285.6404,764723.43,2677.2247
2026-10-02,chainflip-amm,Chainflip AMM,farming,pools,212.6752,567712.58,2669.3876
2024-10,chainge-finance,Chainge Finance,farming,vaults,2596.1573,6536345.12,2517.7
2024-11,chainge-finance,Chainge Finance,farming,vaults,2588.7646,9640636.87,3724.03
2024-12,chainge-finance,Chainge Finance,farming,vaults,2619.5508,8721349.06,3329.33
2025-01,chainge-finance,Chainge Finance,farming,vaults,2618.859,8639484.78,3298.95
2025-02,chainge-finance,Chainge Finance,farming,vaults,2637.2362,5869696.67,2225.7
2025-03,chainge-finance,Chainge Finance,farming,vaults,2678.4358,4884582.95,1823.67
2025-05,chainge-finance,Chainge Finance,farming,vaults,2676.4059,6738895.54,2517.89
2025-06,chainge-finance,Chainge Finance,farming,vaults,2663.5254,6648745.36,2496.22
2025-07,chainge-finance,Chainge Finance,farming,vaults,2676.2058,9887723.99,3694.68
2025-08,chainge-finance,Chainge Finance,farming,vaults,2672.8971,11761736.02,4400.37
2025-09,chainge-finance,Chainge Finance,farming,vaults,2667.9647,11063649.38,4146.85
2025-10,chainge-finance,Chainge Finance,farming,vaults,2669.0076,10288215.14,3854.6968
2025-11,chainge-finance,Chainge Finance,farming,vaults,2603.6936,7777353.0,2987.0461
2025-12,chainge-finance,Chainge Finance,farming,vaults,2684.8897,7978184.27,2971.5129
2026-01,chainge-finance,Chainge Finance,farming,vaults,2634.0971,6505585.4,2469.7591
2026-02,chainge-finance,Chainge Finance,farming,vaults,2673.6698,5233081.69,1957.2655
2026-03,chainge-finance,Chainge Finance,farming,vaults,2692.0702,5653518.64,2100.0636
2026-04,chainge-finance,Chainge Finance,farming,vaults,2682.8157,6059057.63,2258.4696
2026-05,chainge-finance,Chainge Finance,farming,vaults,2676.3252,5378238.2,2009.5608
2026-06,chainge-finance,Chainge Finance,farming,vaults,2676.6203,4196381.42,1567.7911
2026-07,chainge-finance,Chainge Finance,farming,vaults,2676.5556,4987695.26,1863.4753
2026-08,chainge-finance,Chainge Finance,farming,vaults,2674.9638,6608835.66,2470.6262
2024-10,cian-yield-layer,CIAN Yield Layer,loops,,11738.6179,29554318.17,2517.7
2024-11,cian-yield-layer,CIAN Yield Layer,loops,,35322.3361,131541439.37,3724.03
2024-12,cian-yield-layer,CIAN Yield Layer,loops,,37261.4311,124055600.32,3329.33
2025-01,cian-yield-layer,CIAN Yield Layer,loops,,22263.4648,73446057.12,3298.95
2025-02,cian-yield-layer,CIAN Yield Layer,loops,,36777.1688,81854944.65,2225.7
2025-03,cian-yield-layer,CIAN Yield Layer,loops,,36203.3608,66022983.05,1823.67
2025-04,cian-yield-layer,CIAN Yield Layer,loops,,35436.9416,63537727.62,1792.98
2025-05,cian-yield-layer,CIAN Yield Layer,loops,,35407.0757,89151121.84,2517.89
2025-06,cian-yield-layer,CIAN Yield Layer,loops,,30072.3022,75067082.14,2496.22
2025-07,cian-yield-layer,CIAN Yield Layer,loops,,28236.3231,104324178.06,3694.68
2025-08,cian-yield-layer,CIAN Yield Layer,loops,,25124.7884,110558365.15,4400.37
2025-09,cian-yield-layer,CIAN Yield Layer,loops,,18011.5171,74691059.79,4146.85
2025-10,cian-yield-layer,CIAN Yield Layer,loops,,12597.9922,48561439.79,3854.6968
2025-11,cian-yield-layer,CIAN Yield Layer,loops,,10717.4373,32013479.95,2987.0461
2025-12,cian-yield-layer,CIAN Yield Layer,loops,,6545.3454,19449577.98,2971.5129
2026-01,cian-yield-layer,CIAN Yield Layer,loops,,6566.4925,16217654.5,2469.7591
2026-02,cian-yield-layer,CIAN Yield Layer,loops,,4669.6037,9139654.39,1957.2655
2026-03,cian-yield-layer,CIAN Yield Layer,loops,,6165.7977,12948567.25,2100.0636
2026-04,cian-yield-layer,CIAN Yield Layer,loops,,4611.345,10414582.49,2258.4696
2026-05,cian-yield-layer,CIAN Yield Layer,loops,,4697.4525,9439816.37,2009.5608
2026-06,cian-yield-layer,CIAN Yield Layer,loops,,4707.6929,7380678.88,1567.7911
2026-07,cian-yield-layer,CIAN Yield Layer,loops,,2509.4086,4676221.1,1863.4753
2026-08,cian-yield-layer,CIAN Yield Layer,loops,,2484.622,6138572.27,2470.6262
2026-09,cian-yield-layer,CIAN Yield Layer,loops,,2490.4991,6667625.64,2677.2247
2026-10-02,cian-yield-layer,CIAN Yield Layer,loops,,2487.4659,6640010.54,2669.3876
2024-10,coinbase-wrapped-staked-eth,Coinbase Wrapped Staked ETH,staking,,405011.2777,1019696893.76,2517.7
2024-11,coinbase-wrapped-staked-eth,Coinbase Wrapped Staked ETH,staking,,414846.1827,1544899629.88,3724.03
2024-12,coinbase-wrapped-staked-eth,Coinbase Wrapped Staked ETH,staking,,418976.4014,1394910702.41,3329.33
2025-01,coinbase-wrapped-staked-eth,Coinbase Wrapped Staked ETH,staking,,421586.6236,1390793191.76,3298.95
2025-02,coinbase-wrapped-staked-eth,Coinbase Wrapped Staked ETH,staking,,424930.6659,945768183.12,2225.7
2025-03,coinbase-wrapped-staked-eth,Coinbase Wrapped Staked ETH,staking,,428150.1282,780804544.37,1823.67
2025-04,coinbase-wrapped-staked-eth,Coinbase Wrapped Staked ETH,staking,,429650.221,770354253.23,1792.98
2025-05,coinbase-wrapped-staked-eth,Coinbase Wrapped Staked ETH,staking,,430483.0034,1083908849.33,2517.89
2025-06,coinbase-wrapped-staked-eth,Coinbase Wrapped Staked ETH,staking,,430552.3695,1074753435.77,2496.22
2025-07,coinbase-wrapped-staked-eth,Coinbase Wrapped Staked ETH,staking,,432270.8082,1597102309.55,3694.68
2025-08,coinbase-wrapped-staked-eth,Coinbase Wrapped Staked ETH,staking,,433859.6527,1909143000.01,4400.37
2025-09,coinbase-wrapped-staked-eth,Coinbase Wrapped Staked ETH,staking,,434986.2283,1803822640.86,4146.85
2025-10,coinbase-wrapped-staked-eth,Coinbase Wrapped Staked ETH,staking,,435380.9701,1678261622.02,3854.6968
2025-11,coinbase-wrapped-staked-eth,Coinbase Wrapped Staked ETH,staking,,438066.3182,1308524309.14,2987.0461
2025-12,coinbase-wrapped-staked-eth,Coinbase Wrapped Staked ETH,staking,,439460.6565,1305862995.49,2971.5129
2026-01,coinbase-wrapped-staked-eth,Coinbase Wrapped Staked ETH,staking,,439962.8561,1086602267.98,2469.7591
2026-02,coinbase-wrapped-staked-eth,Coinbase Wrapped Staked ETH,staking,,441132.9628,863414343.96,1957.2655
2026-03,coinbase-wrapped-staked-eth,Coinbase Wrapped Staked ETH,staking,,442188.6779,928624342.67,2100.0636
2026-04,coinbase-wrapped-staked-eth,Coinbase Wrapped Staked ETH,staking,,443878.6445,1002486429.2,2258.4696
2026-05,coinbase-wrapped-staked-eth,Coinbase Wrapped Staked ETH,staking,,443356.8121,890952473.4,2009.5608
2026-06,coinbase-wrapped-staked-eth,Coinbase Wrapped Staked ETH,staking,,443588.3735,695453895.71,1567.7911
2026-07,coinbase-wrapped-staked-eth,Coinbase Wrapped Staked ETH,staking,,443599.2314,826636226.85,1863.4753
2026-08,coinbase-wrapped-staked-eth,Coinbase Wrapped Staked ETH,staking,,444213.5524,1097485641.56,2470.6262
2026-09,coinbase-wrapped-staked-eth,Coinbase Wrapped Staked ETH,staking,,445521.8886,1192762200.46,2677.2247
2026-10-02,coinbase-wrapped-staked-eth,Coinbase Wrapped Staked ETH,staking,,445350.9745,1188814370.08,2669.3876
2024-10,compound-v1,Compound V1,lending,,426.6514,1074180.24,2517.7
2024-11,compound-v1,Compound V1,lending,,426.6109,1588711.74,3724.03
2024-12,compound-v1,Compound V1,lending,,426.6109,1420328.42,3329.33
2025-01,compound-v1,Compound V1,lending,,425.9785,1405281.86,3298.95
2025-02,compound-v1,Compound V1,lending,,428.8995,954601.58,2225.7
2025-03,compound-v1,Compound V1,lending,,426.7817,778308.9,1823.67
2025-04,compound-v1,Compound V1,lending,,426.9416,765497.78,1792.98
2025-05,compound-v1,Compound V1,lending,,426.6109,1074159.28,2517.89
2025-06,compound-v1,Compound V1,lending,,426.6109,1064914.63,2496.22
2025-07,compound-v1,Compound V1,lending,,426.6109,1576190.71,3694.68
2025-08,compound-v1,Compound V1,lending,,426.6109,1877245.75,4400.37
2025-09,compound-v1,Compound V1,lending,,426.5162,1768698.87,4146.85
2025-10,compound-v1,Compound V1,lending,,425.2082,1639048.77,3854.6968
2025-11,compound-v1,Compound V1,lending,,426.6109,1274306.41,2987.0461
2025-12,compound-v1,Compound V1,lending,,427.346,1269864.23,2971.5129
2026-01,compound-v1,Compound V1,lending,,422.4517,1043353.91,2469.7591
2026-02,compound-v1,Compound V1,lending,,427.8261,837369.33,1957.2655
2026-03,compound-v1,Compound V1,lending,,427.5582,897899.47,2100.0636
2026-04,compound-v1,Compound V1,lending,,426.6109,963487.72,2258.4696
2026-05,compound-v1,Compound V1,lending,,426.6109,857300.52,2009.5608
2026-06,compound-v1,Compound V1,lending,,424.0557,664830.7,1567.7911
2026-07,compound-v1,Compound V1,lending,,426.6027,794963.69,1863.4753
2026-08,compound-v1,Compound V1,lending,,426.6109,1053996.03,2470.6262
2026-09,compound-v1,Compound V1,lending,,427.4417,1144357.57,2677.2247
2026-10-02,compound-v1,Compound V1,lending,,428.1108,1142793.57,2669.3876
2024-10,compound-v2,Compound V2,lending,,62472.725,157287579.63,2517.7
2024-11,compound-v2,Compound V2,lending,,60106.8854,223839844.3,3724.03
2024-12,compound-v2,Compound V2,lending,,61977.2122,206342591.83,3329.33
2025-01,compound-v2,Compound V2,lending,,61792.3226,203849782.52,3298.95
2025-02,compound-v2,Compound V2,lending,,52387.6689,116599234.63,2225.7
2025-03,compound-v2,Compound V2,lending,,45678.8814,83303205.7,1823.67
2025-04,compound-v2,Compound V2,lending,,43609.4583,78190886.63,1792.98
2025-05,compound-v2,Compound V2,lending,,49202.5617,123886637.99,2517.89
2025-06,compound-v2,Compound V2,lending,,50958.2833,127203085.94,2496.22
2025-07,compound-v2,Compound V2,lending,,50176.1519,185384824.73,3694.68
2025-08,compound-v2,Compound V2,lending,,37996.9022,167200428.37,4400.37
2025-09,compound-v2,Compound V2,lending,,35600.4733,147629822.76,4146.85
2025-10,compound-v2,Compound V2,lending,,34302.8281,132227001.03,3854.6968
2025-11,compound-v2,Compound V2,lending,,32291.9747,96457618.81,2987.0461
2025-12,compound-v2,Compound V2,lending,,29587.4025,87919347.23,2971.5129
2026-01,compound-v2,Compound V2,lending,,27293.5146,67408406.19,2469.7591
2026-02,compound-v2,Compound V2,lending,,23982.5726,46940262.77,1957.2655
2026-03,compound-v2,Compound V2,lending,,23889.8864,50170280.66,2100.0636
2026-04,compound-v2,Compound V2,lending,,23830.2399,53819872.52,2258.4696
2026-05,compound-v2,Compound V2,lending,,22982.2869,46184303.05,2009.5608
2026-06,compound-v2,Compound V2,lending,,22213.9695,34826863.27,1567.7911
2026-07,compound-v2,Compound V2,lending,,22184.7299,41340696.96,1863.4753
2026-08,compound-v2,Compound V2,lending,,21999.2494,54351921.9,2470.6262
2026-09,compound-v2,Compound V2,lending,,21741.8791,58207895.54,2677.2247
2026-10-02,compound-v2,Compound V2,lending,,21669.0328,57843047.54,2669.3876
2024-10,compound-v3,Compound V3,lending,,114407.974,288044956.25,2517.7
2024-11,compound-v3,Compound V3,lending,,121669.8759,453102267.81,3724.03
2024-12,compound-v3,Compound V3,lending,,130992.174,436116174.82,3329.33
2025-01,compound-v3,Compound V3,lending,,137294.3154,452927081.79,3298.95
2025-02,compound-v3,Compound V3,lending,,119686.8824,266387094.14,2225.7
2025-03,compound-v3,Compound V3,lending,,120517.1411,219783494.78,1823.67
2025-04,compound-v3,Compound V3,lending,,127918.3504,229355043.95,1792.98
2025-05,compound-v3,Compound V3,lending,,114895.3082,289293747.54,2517.89
2025-06,compound-v3,Compound V3,lending,,122058.1563,304684010.92,2496.22
2025-07,compound-v3,Compound V3,lending,,107483.0241,397115379.62,3694.68
2025-08,compound-v3,Compound V3,lending,,84502.8426,371843773.3,4400.37
2025-09,compound-v3,Compound V3,lending,,95451.8081,395824330.38,4146.85
2025-10,compound-v3,Compound V3,lending,,82192.9697,316828975.35,3854.6968
2025-11,compound-v3,Compound V3,lending,,83256.9747,248692425.7,2987.0461
2025-12,compound-v3,Compound V3,lending,,85280.0422,253410742.81,2971.5129
2026-01,compound-v3,Compound V3,lending,,87199.7313,215362329.9,2469.7591
2026-02,compound-v3,Compound V3,lending,,93895.2971,183778028.76,1957.2655
2026-03,compound-v3,Compound V3,lending,,107215.0763,225158478.1,2100.0636
2026-04,compound-v3,Compound V3,lending,,92353.5388,208577660.72,2258.4696
2026-05,compound-v3,Compound V3,lending,,109747.1927,220543657.18,2009.5608
2026-06,compound-v3,Compound V3,lending,,110833.9108,173764416.87,1567.7911
2026-07,compound-v3,Compound V3,lending,,127163.4663,236965983.12,1863.4753
2026-08,compound-v3,Compound V3,lending,,116035.1569,286679498.8,2470.6262
2026-09,compound-v3,Compound V3,lending,,126476.9677,338607260.85,2677.2247
2026-10-02,compound-v3,Compound V3,lending,,122186.2964,326162584.89,2669.3876
2024-10,corn-kernels,Corn Kernels,farming,points,5731.1512,14429319.27,2517.7
2024-11,corn-kernels,Corn Kernels,farming,points,2369.6805,8824761.46,3724.03
2024-12,corn-kernels,Corn Kernels,farming,points,1553.7614,5172984.35,3329.33
2025-01,corn-kernels,Corn Kernels,farming,points,848.6024,2799496.84,3298.95
2025-02,corn-kernels,Corn Kernels,farming,points,657.887,1464259.12,2225.7
2025-03,corn-kernels,Corn Kernels,farming,points,229.3576,418272.53,1823.67
2025-04,corn-kernels,Corn Kernels,farming,points,72.1097,129291.29,1792.98
2025-05,corn-kernels,Corn Kernels,farming,points,45.1012,113559.87,2517.89
2025-06,corn-kernels,Corn Kernels,farming,points,37.4367,93450.15,2496.22
2025-07,corn-kernels,Corn Kernels,farming,points,22.9088,84640.52,3694.68
2025-08,corn-kernels,Corn Kernels,farming,points,16.8099,73969.73,4400.37
2025-09,corn-kernels,Corn Kernels,farming,points,14.436,59863.82,4146.85
2025-10,corn-kernels,Corn Kernels,farming,points,12.0346,46389.89,3854.6968
2025-11,corn-kernels,Corn Kernels,farming,points,11.8164,35296.21,2987.0461
2025-12,corn-kernels,Corn Kernels,farming,points,11.7178,34819.73,2971.5129
2026-01,corn-kernels,Corn Kernels,farming,points,11.5581,28545.61,2469.7591
2026-02,corn-kernels,Corn Kernels,farming,points,11.5859,22676.61,1957.2655
2026-03,corn-kernels,Corn Kernels,farming,points,10.8082,22698.0,2100.0636
2026-04,corn-kernels,Corn Kernels,farming,points,10.7936,24376.96,2258.4696
2026-05,corn-kernels,Corn Kernels,farming,points,10.2285,20554.76,2009.5608
2026-06,corn-kernels,Corn Kernels,farming,points,9.9694,15629.98,1567.7911
2026-07,corn-kernels,Corn Kernels,farming,points,10.0146,18661.91,1863.4753
2026-08,corn-kernels,Corn Kernels,farming,points,0.0,0.0,2470.6262
2026-09,corn-kernels,Corn Kernels,farming,points,0.0,0.0,2677.2247
2026-10-02,corn-kernels,Corn Kernels,farming,points,0.0,0.0,2669.3876
2024-10,creth2,CRETH2,staking,,0.0,0.0,2517.7
2024-11,creth2,CRETH2,staking,,0.0,0.0,3724.03
2024-12,creth2,CRETH2,staking,,0.0,0.0,3329.33
2025-01,creth2,CRETH2,staking,,0.0,0.0,3298.95
2025-02,creth2,CRETH2,staking,,0.0,0.0,2225.7
2025-03,creth2,CRETH2,staking,,0.0,0.0,1823.67
2025-04,creth2,CRETH2,staking,,0.0,0.0,1792.98
2025-05,creth2,CRETH2,staking,,0.0,0.0,2517.89
2025-06,creth2,CRETH2,staking,,0.0,0.0,2496.22
2025-07,creth2,CRETH2,staking,,0.0,0.0,3694.68
2025-08,creth2,CRETH2,staking,,0.0,0.0,4400.37
2025-09,creth2,CRETH2,staking,,0.0,0.0,4146.85
2025-10,creth2,CRETH2,staking,,0.0,0.0,3854.6968
2025-11,creth2,CRETH2,staking,,0.0,0.0,2987.0461
2025-12,creth2,CRETH2,staking,,0.0,0.0,2971.5129
2026-01,creth2,CRETH2,staking,,0.0,0.0,2469.7591
2026-02,creth2,CRETH2,staking,,0.0,0.0,1957.2655
2026-03,creth2,CRETH2,staking,,0.0,0.0,2100.0636
2026-04,creth2,CRETH2,staking,,0.0,0.0,2258.4696
2026-05,creth2,CRETH2,staking,,0.0,0.0,2009.5608
2026-06,creth2,CRETH2,staking,,0.0,0.0,1567.7911
2026-07,creth2,CRETH2,staking,,0.0,0.0,1863.4753
2026-08,creth2,CRETH2,staking,,0.0,0.0,2470.6262
2026-09,creth2,CRETH2,staking,,0.0,0.0,2677.2247
2026-10-02,creth2,CRETH2,staking,,0.0,0.0,2669.3876
2024-10,crvusd,crvUSD,cdp,,12183.0644,30673301.18,2517.7
2024-11,crvusd,crvUSD,cdp,,14703.2831,54755467.22,3724.03
2024-12,crvusd,crvUSD,cdp,,15634.0003,52050746.38,3329.33
2025-01,crvusd,crvUSD,cdp,,16091.8348,53086158.31,3298.95
2025-02,crvusd,crvUSD,cdp,,9902.9098,22040906.27,2225.7
2025-03,crvusd,crvUSD,cdp,,16459.516,30016725.56,1823.67
2025-04,crvusd,crvUSD,cdp,,19114.1561,34271299.58,1792.98
2025-05,crvusd,crvUSD,cdp,,18648.8114,46955655.61,2517.89
2025-06,crvusd,crvUSD,cdp,,17938.5556,44778581.17,2496.22
2025-07,crvusd,crvUSD,cdp,,18288.2261,67569143.33,3694.68
2025-08,crvusd,crvUSD,cdp,,19976.8817,87905670.77,4400.37
2025-09,crvusd,crvUSD,cdp,,16214.0654,67237297.27,4146.85
2025-10,crvusd,crvUSD,cdp,,17760.9932,68463243.28,3854.6968
2025-11,crvusd,crvUSD,cdp,,7172.2147,21423736.45,2987.0461
2025-12,crvusd,crvUSD,cdp,,11278.8711,33515310.66,2971.5129
2026-01,crvusd,crvUSD,cdp,,5401.062,13339322.07,2469.7591
2026-02,crvusd,crvUSD,cdp,,1672.4212,3273372.4,1957.2655
2026-03,crvusd,crvUSD,cdp,,1107.4332,2325680.06,2100.0636
2026-04,crvusd,crvUSD,cdp,,1562.9481,3529870.68,2258.4696
2026-05,crvusd,crvUSD,cdp,,1740.363,3497365.25,2009.5608
2026-06,crvusd,crvUSD,cdp,,1627.3707,2551377.27,1567.7911
2026-07,crvusd,crvUSD,cdp,,1768.5668,3295680.63,1863.4753
2026-08,crvusd,crvUSD,cdp,,2438.0578,6023529.41,2470.6262
2026-09,crvusd,crvUSD,cdp,,2234.2402,5981563.07,2677.2247
2026-10-02,crvusd,crvUSD,cdp,,2230.7314,5954686.73,2669.3876
2025-11,curvance,Curvance,lending,,192.9481,576344.8,2987.0461
2025-12,curvance,Curvance,lending,,369.7351,1098672.56,2971.5129
2026-01,curvance,Curvance,lending,,176.3214,435471.42,2469.7591
2026-02,curvance,Curvance,lending,,490.4418,959924.81,1957.2655
2026-03,curvance,Curvance,lending,,1018.1317,2138141.22,2100.0636
2026-04,curvance,Curvance,lending,,277.0246,625651.68,2258.4696
2026-05,curvance,Curvance,lending,,227.7263,457629.77,2009.5608
2026-06,curvance,Curvance,lending,,90.4565,141816.88,1567.7911
2026-07,curvance,Curvance,lending,,80.1624,149380.57,1863.4753
2026-08,curvance,Curvance,lending,,76.5627,189157.88,2470.6262
2026-09,curvance,Curvance,lending,,63.4402,169843.79,2677.2247
2026-10-02,curvance,Curvance,lending,,63.3051,168985.73,2669.3876
2024-10,curve-dex,Curve DEX,farming,pools,52385.325,131890532.67,2517.7
2024-11,curve-dex,Curve DEX,farming,pools,50377.7032,187608078.15,3724.03
2024-12,curve-dex,Curve DEX,farming,pools,57533.3066,191547363.72,3329.33
2025-01,curve-dex,Curve DEX,farming,pools,54828.6194,180876873.97,3298.95
2025-02,curve-dex,Curve DEX,farming,pools,52336.8244,116486070.16,2225.7
2025-03,curve-dex,Curve DEX,farming,pools,67701.8569,123465845.36,1823.67
2025-04,curve-dex,Curve DEX,farming,pools,65912.1824,118179224.83,1792.98
2025-05,curve-dex,Curve DEX,farming,pools,79662.8629,200582325.86,2517.89
2025-06,curve-dex,Curve DEX,farming,pools,82990.5068,207162562.83,2496.22
2025-07,curve-dex,Curve DEX,farming,pools,62809.7785,232062032.6,3694.68
2025-08,curve-dex,Curve DEX,farming,pools,35216.1906,154964268.66,4400.37
2025-09,curve-dex,Curve DEX,farming,pools,54470.7957,225882218.95,4146.85
2025-10,curve-dex,Curve DEX,farming,pools,57590.6786,221994603.33,3854.6968
2025-11,curve-dex,Curve DEX,farming,pools,45905.8164,137122792.02,2987.0461
2025-12,curve-dex,Curve DEX,farming,pools,53646.297,159410661.93,2971.5129
2026-01,curve-dex,Curve DEX,farming,pools,61479.7523,151840177.66,2469.7591
2026-02,curve-dex,Curve DEX,farming,pools,59751.5198,116949590.23,1957.2655
2026-03,curve-dex,Curve DEX,farming,pools,64853.5581,136196596.1,2100.0636
2026-04,curve-dex,Curve DEX,farming,pools,48213.034,108887672.05,2258.4696
2026-05,curve-dex,Curve DEX,farming,pools,62210.7497,125016284.4,2009.5608
2026-06,curve-dex,Curve DEX,farming,pools,62159.8362,97453636.72,1567.7911
2026-07,curve-dex,Curve DEX,farming,pools,56450.8037,105194680.43,1863.4753
2026-08,curve-dex,Curve DEX,farming,pools,38749.195,95734776.54,2470.6262
2026-09,curve-dex,Curve DEX,farming,pools,35282.1887,94458346.71,2677.2247
2026-10-02,curve-dex,Curve DEX,farming,pools,34271.5847,91484143.25,2669.3876
2024-10,curve-llamalend,Curve LlamaLend,lending,,3246.4632,8173620.36,2517.7
2024-11,curve-llamalend,Curve LlamaLend,lending,,3414.757,12716657.46,3724.03
2024-12,curve-llamalend,Curve LlamaLend,lending,,2681.4659,8927484.95,3329.33
2025-01,curve-llamalend,Curve LlamaLend,lending,,2237.6096,7381762.2,3298.95
2025-02,curve-llamalend,Curve LlamaLend,lending,,2320.2419,5164162.44,2225.7
2025-03,curve-llamalend,Curve LlamaLend,lending,,2719.0852,4958714.18,1823.67
2025-04,curve-llamalend,Curve LlamaLend,lending,,2391.9904,4288790.9,1792.98
2025-05,curve-llamalend,Curve LlamaLend,lending,,3589.8039,9038731.37,2517.89
2025-06,curve-llamalend,Curve LlamaLend,lending,,1861.7576,4647356.66,2496.22
2025-07,curve-llamalend,Curve LlamaLend,lending,,1853.4161,6847779.37,3694.68
2025-08,curve-llamalend,Curve LlamaLend,lending,,1685.1367,7415224.95,4400.37
2025-09,curve-llamalend,Curve LlamaLend,lending,,1699.6241,7048086.01,4146.85
2025-10,curve-llamalend,Curve LlamaLend,lending,,1266.3805,4881513.01,3854.6968
2025-11,curve-llamalend,Curve LlamaLend,lending,,687.3077,2053019.93,2987.0461
2025-12,curve-llamalend,Curve LlamaLend,lending,,505.9678,1503489.73,2971.5129
2026-01,curve-llamalend,Curve LlamaLend,lending,,499.555,1233780.5,2469.7591
2026-02,curve-llamalend,Curve LlamaLend,lending,,538.7006,1054380.07,1957.2655
2026-03,curve-llamalend,Curve LlamaLend,lending,,823.1628,1728694.23,2100.0636
2026-04,curve-llamalend,Curve LlamaLend,lending,,744.986,1682528.3,2258.4696
2026-05,curve-llamalend,Curve LlamaLend,lending,,636.0793,1278240.03,2009.5608
2026-06,curve-llamalend,Curve LlamaLend,lending,,680.3472,1066642.23,1567.7911
2026-07,curve-llamalend,Curve LlamaLend,lending,,615.237,1146479.0,1863.4753
2026-08,curve-llamalend,Curve LlamaLend,lending,,603.6045,1491281.12,2470.6262
2026-09,curve-llamalend,Curve LlamaLend,lending,,955.1233,2557079.81,2677.2247
2026-10-02,curve-llamalend,Curve LlamaLend,lending,,964.878,2575633.5,2669.3876
2024-11,cytonic-airdrop-campaign,Cytonic Airdrop Campaign,farming,points,236.899,882219.02,3724.03
2024-12,cytonic-airdrop-campaign,Cytonic Airdrop Campaign,farming,points,1550.8046,5163140.26,3329.33
2025-01,cytonic-airdrop-campaign,Cytonic Airdrop Campaign,farming,points,1619.0952,5341314.24,3298.95
2025-02,cytonic-airdrop-campaign,Cytonic Airdrop Campaign,farming,points,1619.5271,3604581.41,2225.7
2025-03,cytonic-airdrop-campaign,Cytonic Airdrop Campaign,farming,points,667.9174,1218060.85,1823.67
2025-04,cytonic-airdrop-campaign,Cytonic Airdrop Campaign,farming,points,666.2741,1194616.06,1792.98
2025-05,cytonic-airdrop-campaign,Cytonic Airdrop Campaign,farming,points,594.9188,1497940.03,2517.89
2025-06,cytonic-airdrop-campaign,Cytonic Airdrop Campaign,farming,points,538.1124,1343246.94,2496.22
2025-07,cytonic-airdrop-campaign,Cytonic Airdrop Campaign,farming,points,493.1161,1821906.25,3694.68
2025-08,cytonic-airdrop-campaign,Cytonic Airdrop Campaign,farming,points,463.218,2038330.72,4400.37
2025-09,cytonic-airdrop-campaign,Cytonic Airdrop Campaign,farming,points,856.7341,3552748.01,4146.85
2025-10,cytonic-airdrop-campaign,Cytonic Airdrop Campaign,farming,points,312.4461,1204385.11,3854.6968
2025-11,cytonic-airdrop-campaign,Cytonic Airdrop Campaign,farming,points,244.06,729018.56,2987.0461
2025-12,cytonic-airdrop-campaign,Cytonic Airdrop Campaign,farming,points,191.4105,568778.67,2971.5129
2026-01,cytonic-airdrop-campaign,Cytonic Airdrop Campaign,farming,points,169.8885,419583.68,2469.7591
2026-02,cytonic-airdrop-campaign,Cytonic Airdrop Campaign,farming,points,142.9856,279860.72,1957.2655
2026-03,cytonic-airdrop-campaign,Cytonic Airdrop Campaign,farming,points,72.8637,153018.48,2100.0636
2026-04,cytonic-airdrop-campaign,Cytonic Airdrop Campaign,farming,points,59.0183,133290.94,2258.4696
2026-05,cytonic-airdrop-campaign,Cytonic Airdrop Campaign,farming,points,53.0909,106689.43,2009.5608
2026-06,cytonic-airdrop-campaign,Cytonic Airdrop Campaign,farming,points,50.5233,79210.01,1567.7911
2026-07,cytonic-airdrop-campaign,Cytonic Airdrop Campaign,farming,points,44.2123,82388.49,1863.4753
2026-08,cytonic-airdrop-campaign,Cytonic Airdrop Campaign,farming,points,39.6322,97916.45,2470.6262
2026-09,cytonic-airdrop-campaign,Cytonic Airdrop Campaign,farming,points,35.6267,95380.79,2677.2247
2026-10-02,cytonic-airdrop-campaign,Cytonic Airdrop Campaign,farming,points,35.5028,94770.82,2669.3876
2024-10,desyn-basis-trading,DeSyn Basis Trading,basis,,7405.187,18644039.41,2517.7
2024-11,desyn-basis-trading,DeSyn Basis Trading,basis,,0.0,0.0,3724.03
2024-12,desyn-basis-trading,DeSyn Basis Trading,basis,,0.0,0.0,3329.33
2025-01,desyn-basis-trading,DeSyn Basis Trading,basis,,0.0,0.0,3298.95
2025-02,desyn-basis-trading,DeSyn Basis Trading,basis,,0.0,0.0,2225.7
2025-03,desyn-basis-trading,DeSyn Basis Trading,basis,,0.0,0.0,1823.67
2025-04,desyn-basis-trading,DeSyn Basis Trading,basis,,0.0,0.0,1792.98
2025-05,desyn-basis-trading,DeSyn Basis Trading,basis,,0.0,0.0,2517.89
2025-06,desyn-basis-trading,DeSyn Basis Trading,basis,,0.0,0.0,2496.22
2025-07,desyn-basis-trading,DeSyn Basis Trading,basis,,0.0,0.0,3694.68
2025-08,desyn-basis-trading,DeSyn Basis Trading,basis,,0.0,0.0,4400.37
2025-09,desyn-basis-trading,DeSyn Basis Trading,basis,,0.0,0.0,4146.85
2025-10,desyn-basis-trading,DeSyn Basis Trading,basis,,0.0,0.0,3854.6968
2025-11,desyn-basis-trading,DeSyn Basis Trading,basis,,0.0,0.0,2987.0461
2025-12,desyn-basis-trading,DeSyn Basis Trading,basis,,0.0,0.0,2971.5129
2026-01,desyn-basis-trading,DeSyn Basis Trading,basis,,0.0,0.0,2469.7591
2026-02,desyn-basis-trading,DeSyn Basis Trading,basis,,0.0,0.0,1957.2655
2026-03,desyn-basis-trading,DeSyn Basis Trading,basis,,0.0,0.0,2100.0636
2026-04,desyn-basis-trading,DeSyn Basis Trading,basis,,0.0,0.0,2258.4696
2026-05,desyn-basis-trading,DeSyn Basis Trading,basis,,0.0,0.0,2009.5608
2026-06,desyn-basis-trading,DeSyn Basis Trading,basis,,0.0,0.0,1567.7911
2026-07,desyn-basis-trading,DeSyn Basis Trading,basis,,0.0,0.0,1863.4753
2026-08,desyn-basis-trading,DeSyn Basis Trading,basis,,0.0,0.0,2470.6262
2026-09,desyn-basis-trading,DeSyn Basis Trading,basis,,0.0,0.0,2677.2247
2026-10-02,desyn-basis-trading,DeSyn Basis Trading,basis,,0.0,0.0,2669.3876
2025-07,dexfi-aggregator,DexFi Aggregator,farming,vaults,375.5523,1387545.75,3694.68
2025-08,dexfi-aggregator,DexFi Aggregator,farming,vaults,283.8054,1248848.67,4400.37
2025-09,dexfi-aggregator,DexFi Aggregator,farming,vaults,288.015,1194355.02,4146.85
2025-10,dexfi-aggregator,DexFi Aggregator,farming,vaults,278.0517,1071805.14,3854.6968
2025-11,dexfi-aggregator,DexFi Aggregator,farming,vaults,291.6872,871283.07,2987.0461
2025-12,dexfi-aggregator,DexFi Aggregator,farming,vaults,220.2894,654592.71,2971.5129
2026-01,dexfi-aggregator,DexFi Aggregator,farming,vaults,288.1969,711776.96,2469.7591
2026-02,dexfi-aggregator,DexFi Aggregator,farming,vaults,430.7129,843019.45,1957.2655
2026-03,dexfi-aggregator,DexFi Aggregator,farming,vaults,331.1019,695334.98,2100.0636
2026-04,dexfi-aggregator,DexFi Aggregator,farming,vaults,314.0636,709303.0,2258.4696
2026-05,dexfi-aggregator,DexFi Aggregator,farming,vaults,609.7478,1225325.38,2009.5608
2026-06,dexfi-aggregator,DexFi Aggregator,farming,vaults,410.8744,644165.18,1567.7911
2026-07,dexfi-aggregator,DexFi Aggregator,farming,vaults,341.2187,635852.67,1863.4753
2026-08,dexfi-aggregator,DexFi Aggregator,farming,vaults,423.4961,1046300.53,2470.6262
2026-09,dexfi-aggregator,DexFi Aggregator,farming,vaults,447.8996,1199127.83,2677.2247
2026-10-02,dexfi-aggregator,DexFi Aggregator,farming,vaults,448.337,1196785.18,2669.3876
2024-10,dinero-(pxeth),Dinero (pxETH),staking,,30414.0227,76573385.04,2517.7
2024-11,dinero-(pxeth),Dinero (pxETH),staking,,32708.6906,121808145.15,3724.03
2024-12,dinero-(pxeth),Dinero (pxETH),staking,,40315.4645,134223485.29,3329.33
2025-01,dinero-(pxeth),Dinero (pxETH),staking,,51923.5912,171293331.33,3298.95
2025-02,dinero-(pxeth),Dinero (pxETH),staking,,70520.2242,156956862.9,2225.7
2025-03,dinero-(pxeth),Dinero (pxETH),staking,,75027.6117,136825604.6,1823.67
2025-04,dinero-(pxeth),Dinero (pxETH),staking,,79007.5391,141658937.5,1792.98
2025-05,dinero-(pxeth),Dinero (pxETH),staking,,40353.9474,101606800.67,2517.89
2025-06,dinero-(pxeth),Dinero (pxETH),staking,,33926.7456,84688620.97,2496.22
2025-07,dinero-(pxeth),Dinero (pxETH),staking,,24154.5386,89243290.72,3694.68
2025-08,dinero-(pxeth),Dinero (pxETH),staking,,22509.7328,99051152.92,4400.37
2025-09,dinero-(pxeth),Dinero (pxETH),staking,,13901.4112,57647067.11,4146.85
2025-10,dinero-(pxeth),Dinero (pxETH),staking,,10197.4641,39308131.8,3854.6968
2025-11,dinero-(pxeth),Dinero (pxETH),staking,,8892.2292,26561499.05,2987.0461
2025-12,dinero-(pxeth),Dinero (pxETH),staking,,6983.6685,20752060.88,2971.5129
2026-01,dinero-(pxeth),Dinero (pxETH),staking,,4714.9251,11644729.09,2469.7591
2026-02,dinero-(pxeth),Dinero (pxETH),staking,,4404.5522,8620878.15,1957.2655
2026-03,dinero-(pxeth),Dinero (pxETH),staking,,4030.8637,8465070.04,2100.0636
2026-04,dinero-(pxeth),Dinero (pxETH),staking,,2624.032,5926296.44,2258.4696
2026-05,dinero-(pxeth),Dinero (pxETH),staking,,2449.3701,4922158.13,2009.5608
2026-06,dinero-(pxeth),Dinero (pxETH),staking,,2322.5268,3641236.86,1567.7911
2026-07,dinero-(pxeth),Dinero (pxETH),staking,,2109.6819,3931340.19,1863.4753
2026-08,dinero-(pxeth),Dinero (pxETH),staking,,2148.1382,5307246.47,2470.6262
2026-09,dinero-(pxeth),Dinero (pxETH),staking,,2155.4613,5770654.23,2677.2247
2026-10-02,dinero-(pxeth),Dinero (pxETH),staking,,2150.5338,5740608.32,2669.3876
2024-10,dodo-amm,DODO AMM,farming,pools,699.4227,1760936.42,2517.7
2024-11,dodo-amm,DODO AMM,farming,pools,916.6506,3413634.27,3724.03
2024-12,dodo-amm,DODO AMM,farming,pools,921.087,3066602.5,3329.33
2025-01,dodo-amm,DODO AMM,farming,pools,1010.3397,3333060.1,3298.95
2025-02,dodo-amm,DODO AMM,farming,pools,1084.2317,2413174.39,2225.7
2025-03,dodo-amm,DODO AMM,farming,pools,1232.191,2247109.85,1823.67
2025-04,dodo-amm,DODO AMM,farming,pools,1436.9575,2576436.05,1792.98
2025-05,dodo-amm,DODO AMM,farming,pools,1274.6565,3209444.95,2517.89
2025-06,dodo-amm,DODO AMM,farming,pools,1252.3373,3126109.51,2496.22
2025-07,dodo-amm,DODO AMM,farming,pools,1052.5632,3888884.25,3694.68
2025-08,dodo-amm,DODO AMM,farming,pools,1044.6936,4597038.44,4400.37
2025-09,dodo-amm,DODO AMM,farming,pools,975.3572,4044659.97,4146.85
2025-10,dodo-amm,DODO AMM,farming,pools,1056.8552,4073856.52,3854.6968
2025-11,dodo-amm,DODO AMM,farming,pools,1071.1624,3199611.64,2987.0461
2025-12,dodo-amm,DODO AMM,farming,pools,1231.0238,3658003.19,2971.5129
2026-01,dodo-amm,DODO AMM,farming,pools,1358.7606,3355811.35,2469.7591
2026-02,dodo-amm,DODO AMM,farming,pools,1136.7093,2224841.86,1957.2655
2026-03,dodo-amm,DODO AMM,farming,pools,1046.2355,2197161.18,2100.0636
2026-04,dodo-amm,DODO AMM,farming,pools,936.462,2114971.01,2258.4696
2026-05,dodo-amm,DODO AMM,farming,pools,1282.0502,2576357.77,2009.5608
2026-06,dodo-amm,DODO AMM,farming,pools,1014.2688,1590161.53,1567.7911
2026-07,dodo-amm,DODO AMM,farming,pools,925.2081,1724102.56,1863.4753
2026-08,dodo-amm,DODO AMM,farming,pools,786.5569,1943288.14,2470.6262
2026-09,dodo-amm,DODO AMM,farming,pools,799.6387,2140812.58,2677.2247
2026-10-02,dodo-amm,DODO AMM,farming,pools,774.5162,2067483.85,2669.3876
2024-10,dolomite,Dolomite,lending,,1587.3055,3996359.07,2517.7
2024-11,dolomite,Dolomite,lending,,710.0622,2644292.91,3724.03
2024-12,dolomite,Dolomite,lending,,4277.9342,14242654.52,3329.33
2025-01,dolomite,Dolomite,lending,,491.9457,1622904.25,3298.95
2025-02,dolomite,Dolomite,lending,,72672.8685,161748003.5,2225.7
2025-03,dolomite,Dolomite,lending,,37104.7506,67666820.55,1823.67
2025-04,dolomite,Dolomite,lending,,35162.1082,63044956.83,1792.98
2025-05,dolomite,Dolomite,lending,,1600.1543,4029012.53,2517.89
2025-06,dolomite,Dolomite,lending,,2562.3634,6396222.89,2496.22
2025-07,dolomite,Dolomite,lending,,1304.5894,4820040.54,3694.68
2025-08,dolomite,Dolomite,lending,,3011.3743,13251161.3,4400.37
2025-09,dolomite,Dolomite,lending,,2718.0407,11271306.91,4146.85
2025-10,dolomite,Dolomite,lending,,3885.1582,14976106.64,3854.6968
2025-11,dolomite,Dolomite,lending,,2592.1915,7742995.53,2987.0461
2025-12,dolomite,Dolomite,lending,,2107.7951,6263340.27,2971.5129
2026-01,dolomite,Dolomite,lending,,21999.2536,54332856.68,2469.7591
2026-02,dolomite,Dolomite,lending,,13086.8689,25614477.41,1957.2655
2026-03,dolomite,Dolomite,lending,,16067.9352,33743685.72,2100.0636
2026-04,dolomite,Dolomite,lending,,8249.3771,18630967.46,2258.4696
2026-05,dolomite,Dolomite,lending,,11005.8333,22116891.22,2009.5608
2026-06,dolomite,Dolomite,lending,,12636.1255,19810804.86,1567.7911
2026-07,dolomite,Dolomite,lending,,12677.0228,23623319.4,1863.4753
2026-08,dolomite,Dolomite,lending,,10349.2001,25569004.95,2470.6262
2026-09,dolomite,Dolomite,lending,,9287.023,24863447.33,2677.2247
2026-10-02,dolomite,Dolomite,lending,,9682.6715,25846803.23,2669.3876
2024-10,echelon-market,Echelon Market,lending,,710.8239,1789641.37,2517.7
2024-11,echelon-market,Echelon Market,lending,,1544.7272,5752610.59,3724.03
2024-12,echelon-market,Echelon Market,lending,,488.0447,1624861.92,3329.33
2025-01,echelon-market,Echelon Market,lending,,530.9353,1751529.13,3298.95
2025-02,echelon-market,Echelon Market,lending,,147.5404,328380.61,2225.7
2025-03,echelon-market,Echelon Market,lending,,123.0059,224322.1,1823.67
2025-04,echelon-market,Echelon Market,lending,,60.7911,108997.19,1792.98
2025-05,echelon-market,Echelon Market,lending,,65.5056,164935.91,2517.89
2025-06,echelon-market,Echelon Market,lending,,329.668,822923.97,2496.22
2025-07,echelon-market,Echelon Market,lending,,334.6463,1236411.06,3694.68
2025-08,echelon-market,Echelon Market,lending,,203.3856,894971.82,4400.37
2025-09,echelon-market,Echelon Market,lending,,98.1758,407120.28,4146.85
2025-10,echelon-market,Echelon Market,lending,,95.8464,369458.68,3854.6968
2025-11,echelon-market,Echelon Market,lending,,56.2571,168042.57,2987.0461
2025-12,echelon-market,Echelon Market,lending,,75.3423,223880.73,2971.5129
2026-01,echelon-market,Echelon Market,lending,,119.7722,295808.4,2469.7591
2026-02,echelon-market,Echelon Market,lending,,105.6334,206752.63,1957.2655
2026-03,echelon-market,Echelon Market,lending,,95.7395,201059.07,2100.0636
2026-04,echelon-market,Echelon Market,lending,,72.3765,163460.12,2258.4696
2026-05,echelon-market,Echelon Market,lending,,68.8042,138266.26,2009.5608
2026-06,echelon-market,Echelon Market,lending,,36.2586,56845.98,1567.7911
2026-07,echelon-market,Echelon Market,lending,,36.0598,67196.6,1863.4753
2026-08,echelon-market,Echelon Market,lending,,35.9226,88751.29,2470.6262
2026-09,echelon-market,Echelon Market,lending,,33.8408,90599.41,2677.2247
2026-10-02,echelon-market,Echelon Market,lending,,33.6296,89770.51,2669.3876
2024-10,eigencloud,EigenLayer: direct restaking,restaking,,576303.8443,1450960188.76,2517.7
2024-11,eigencloud,EigenLayer: direct restaking,restaking,,446431.5128,1662524346.54,3724.03
2024-12,eigencloud,EigenLayer: direct restaking,restaking,,462848.272,1540974637.27,3329.33
2025-01,eigencloud,EigenLayer: direct restaking,restaking,,454618.3642,1499763252.63,3298.95
2025-02,eigencloud,EigenLayer: direct restaking,restaking,,490534.0764,1091781693.81,2225.7
2025-03,eigencloud,EigenLayer: direct restaking,restaking,,730757.8943,1332661249.03,1823.67
2025-04,eigencloud,EigenLayer: direct restaking,restaking,,493288.3194,884456090.85,1792.98
2025-05,eigencloud,EigenLayer: direct restaking,restaking,,809386.7902,2037946905.29,2517.89
2025-06,eigencloud,EigenLayer: direct restaking,restaking,,1152064.9443,2875807555.25,2496.22
2025-07,eigencloud,EigenLayer: direct restaking,restaking,,1337204.2178,4940541679.27,3694.68
2025-08,eigencloud,EigenLayer: direct restaking,restaking,,1096884.6785,4826698432.92,4400.37
2025-09,eigencloud,EigenLayer: direct restaking,restaking,,897702.4184,3722637273.6,4146.85
2025-10,eigencloud,EigenLayer: direct restaking,restaking,,942068.654,3631389003.73,3854.6968
2025-11,eigencloud,EigenLayer: direct restaking,restaking,,1089092.4723,3253169475.97,2987.0461
2025-12,eigencloud,EigenLayer: direct restaking,restaking,,882741.1591,2623076712.95,2971.5129
2026-01,eigencloud,EigenLayer: direct restaking,restaking,,783038.4494,1933916336.96,2469.7591
2026-02,eigencloud,EigenLayer: direct restaking,restaking,,897809.351,1757251298.6,1957.2655
2026-03,eigencloud,EigenLayer: direct restaking,restaking,,906956.016,1904665307.46,2100.0636
2026-04,eigencloud,EigenLayer: direct restaking,restaking,,696432.7177,1572872128.51,2258.4696
2026-05,eigencloud,EigenLayer: direct restaking,restaking,,416332.262,836644996.68,2009.5608
2026-06,eigencloud,EigenLayer: direct restaking,restaking,,425241.5986,666689985.64,1567.7911
2026-07,eigencloud,EigenLayer: direct restaking,restaking,,369561.349,688668458.97,1863.4753
2026-08,eigencloud,EigenLayer: direct restaking,restaking,,281575.0542,695666706.43,2470.6262
2026-09,eigencloud,EigenLayer: direct restaking,restaking,,191424.9278,512487543.06,2677.2247
2026-10-02,eigencloud,EigenLayer: direct restaking,restaking,,207112.5333,552863628.7,2669.3876
2024-10,eigenpie,Eigenpie,restaking,,234337.7857,589992243.1,2517.7
2024-11,eigenpie,Eigenpie,restaking,,229445.0312,854460179.6,3724.03
2024-12,eigenpie,Eigenpie,restaking,,173337.1278,577096499.66,3329.33
2025-01,eigenpie,Eigenpie,restaking,,76740.2294,253162179.7,3298.95
2025-02,eigenpie,Eigenpie,restaking,,74881.994,166664854.15,2225.7
2025-03,eigenpie,Eigenpie,restaking,,76921.5528,140279528.13,1823.67
2025-04,eigenpie,Eigenpie,restaking,,113397.6773,203319767.52,1792.98
2025-05,eigenpie,Eigenpie,restaking,,113048.0608,284642581.68,2517.89
2025-06,eigenpie,Eigenpie,restaking,,111809.6153,279101397.84,2496.22
2025-07,eigenpie,Eigenpie,restaking,,0.0,0.0,3694.68
2025-08,eigenpie,Eigenpie,restaking,,0.0,0.0,4400.37
2025-09,eigenpie,Eigenpie,restaking,,0.0,0.0,4146.85
2025-10,eigenpie,Eigenpie,restaking,,2526.1495,9737540.39,3854.6968
2025-11,eigenpie,Eigenpie,restaking,,2670.6651,7977399.8,2987.0461
2025-12,eigenpie,Eigenpie,restaking,,2611.2713,7759426.17,2971.5129
2026-01,eigenpie,Eigenpie,restaking,,2383.4178,5886467.83,2469.7591
2026-02,eigenpie,Eigenpie,restaking,,2135.2616,4179274.02,1957.2655
2026-03,eigenpie,Eigenpie,restaking,,2126.4108,4465597.95,2100.0636
2026-04,eigenpie,Eigenpie,restaking,,2057.6123,4647054.92,2258.4696
2026-05,eigenpie,Eigenpie,restaking,,1990.4272,3999884.48,2009.5608
2026-06,eigenpie,Eigenpie,restaking,,1796.7587,2816942.23,1567.7911
2026-07,eigenpie,Eigenpie,restaking,,1762.7016,3284750.88,1863.4753
2026-08,eigenpie,Eigenpie,restaking,,1714.8074,4236648.05,2470.6262
2026-09,eigenpie,Eigenpie,restaking,,1690.7833,4526606.91,2677.2247
2026-10-02,eigenpie,Eigenpie,restaking,,1681.5027,4488582.33,2669.3876
2024-10,ekubo,Ekubo,farming,pools,5329.3497,13417703.66,2517.7
2024-11,ekubo,Ekubo,farming,pools,5233.9574,19491414.3,3724.03
2024-12,ekubo,Ekubo,farming,pools,3563.6008,11864403.19,3329.33
2025-01,ekubo,Ekubo,farming,pools,1757.429,5797670.49,3298.95
2025-02,ekubo,Ekubo,farming,pools,2346.332,5222231.16,2225.7
2025-03,ekubo,Ekubo,farming,pools,2850.3442,5198087.16,1823.67
2025-04,ekubo,Ekubo,farming,pools,2264.3486,4059931.78,1792.98
2025-05,ekubo,Ekubo,farming,pools,1720.6423,4332387.97,2517.89
2025-06,ekubo,Ekubo,farming,pools,2189.2667,5464891.2,2496.22
2025-07,ekubo,Ekubo,farming,pools,1688.0227,6236703.57,3694.68
2025-08,ekubo,Ekubo,farming,pools,1673.9332,7365925.36,4400.37
2025-09,ekubo,Ekubo,farming,pools,2379.3501,9866808.03,4146.85
2025-10,ekubo,Ekubo,farming,pools,2350.927,9062110.57,3854.6968
2025-11,ekubo,Ekubo,farming,pools,3544.8184,10588536.02,2987.0461
2025-12,ekubo,Ekubo,farming,pools,3186.9272,9469995.11,2971.5129
2026-01,ekubo,Ekubo,farming,pools,3296.9945,8142782.17,2469.7591
2026-02,ekubo,Ekubo,farming,pools,2487.6345,4868961.3,1957.2655
2026-03,ekubo,Ekubo,farming,pools,2574.9828,5407627.56,2100.0636
2026-04,ekubo,Ekubo,farming,pools,2300.4981,5195605.06,2258.4696
2026-05,ekubo,Ekubo,farming,pools,2265.9355,4553535.21,2009.5608
2026-06,ekubo,Ekubo,farming,pools,2722.6111,4268485.44,1567.7911
2026-07,ekubo,Ekubo,farming,pools,1641.5345,3058959.14,1863.4753
2026-08,ekubo,Ekubo,farming,pools,1290.0251,3187169.87,2470.6262
2026-09,ekubo,Ekubo,farming,pools,1660.8121,4446367.11,2677.2247
2026-10-02,ekubo,Ekubo,farming,pools,1665.3091,4445355.44,2669.3876
2024-10,enzyme-finance,Enzyme Finance,farming,vaults,47847.9388,120466755.61,2517.7
2024-11,enzyme-finance,Enzyme Finance,farming,vaults,44592.892,166065267.74,3724.03
2024-12,enzyme-finance,Enzyme Finance,farming,vaults,24780.3715,82502034.2,3329.33
2025-01,enzyme-finance,Enzyme Finance,farming,vaults,22471.2731,74131606.45,3298.95
2025-02,enzyme-finance,Enzyme Finance,farming,vaults,21578.4072,48027060.85,2225.7
2025-03,enzyme-finance,Enzyme Finance,farming,vaults,20442.2342,37279889.15,1823.67
2025-04,enzyme-finance,Enzyme Finance,farming,vaults,20675.2007,37070221.28,1792.98
2025-05,enzyme-finance,Enzyme Finance,farming,vaults,19991.4491,50336269.79,2517.89
2025-06,enzyme-finance,Enzyme Finance,farming,vaults,19727.0886,49243153.19,2496.22
2025-07,enzyme-finance,Enzyme Finance,farming,vaults,19701.2173,72789693.69,3694.68
2025-08,enzyme-finance,Enzyme Finance,farming,vaults,19298.491,84920500.62,4400.37
2025-09,enzyme-finance,Enzyme Finance,farming,vaults,19298.9389,80029804.7,4146.85
2025-10,enzyme-finance,Enzyme Finance,farming,vaults,19213.4474,74062013.87,3854.6968
2025-11,enzyme-finance,Enzyme Finance,farming,vaults,18611.8148,55594349.82,2987.0461
2025-12,enzyme-finance,Enzyme Finance,farming,vaults,23941.7558,71143235.4,2971.5129
2026-01,enzyme-finance,Enzyme Finance,farming,vaults,24096.9939,59513770.11,2469.7591
2026-02,enzyme-finance,Enzyme Finance,farming,vaults,25038.527,49007045.82,1957.2655
2026-03,enzyme-finance,Enzyme Finance,farming,vaults,24251.0908,50928832.92,2100.0636
2026-04,enzyme-finance,Enzyme Finance,farming,vaults,23852.0375,53869101.95,2258.4696
2026-05,enzyme-finance,Enzyme Finance,farming,vaults,23191.7231,46605177.73,2009.5608
2026-06,enzyme-finance,Enzyme Finance,farming,vaults,23253.6069,36456797.45,1567.7911
2026-07,enzyme-finance,Enzyme Finance,farming,vaults,25353.4052,47245445.25,1863.4753
2026-08,enzyme-finance,Enzyme Finance,farming,vaults,17645.9137,43596456.83,2470.6262
2026-09,enzyme-finance,Enzyme Finance,farming,vaults,17727.176,47459633.18,2677.2247
2026-10-02,enzyme-finance,Enzyme Finance,farming,vaults,17749.2241,47379558.65,2669.3876
2024-10,ether.fi-stake,ether.fi Stake,restaking,,1510431.2833,3802812841.87,2517.7
2024-11,ether.fi-stake,ether.fi Stake,restaking,,1964986.8117,7317669836.52,3724.03
2024-12,ether.fi-stake,ether.fi Stake,restaking,,2078087.2224,6918638132.03,3329.33
2025-01,ether.fi-stake,ether.fi Stake,restaking,,2137925.6922,7052909962.31,3298.95
2025-02,ether.fi-stake,ether.fi Stake,restaking,,2039877.0408,4540154329.66,2225.7
2025-03,ether.fi-stake,ether.fi Stake,restaking,,2110522.9319,3848897355.23,1823.67
2025-04,ether.fi-stake,ether.fi Stake,restaking,,2112594.3312,3787839383.93,1792.98
2025-05,ether.fi-stake,ether.fi Stake,restaking,,1953883.8073,4919664499.62,2517.89
2025-06,ether.fi-stake,ether.fi Stake,restaking,,2020423.5644,5043421710.03,2496.22
2025-07,ether.fi-stake,ether.fi Stake,restaking,,2189312.657,8088809687.67,3694.68
2025-08,ether.fi-stake,ether.fi Stake,restaking,,2114740.7024,9305641544.54,4400.37
2025-09,ether.fi-stake,ether.fi Stake,restaking,,2062163.9669,8551484645.96,4146.85
2025-10,ether.fi-stake,ether.fi Stake,restaking,,2099883.36,8094413618.69,3854.6968
2025-11,ether.fi-stake,ether.fi Stake,restaking,,2009906.231,6003682668.56,2987.0461
2025-12,ether.fi-stake,ether.fi Stake,restaking,,2462284.1428,7316709013.48,2971.5129
2026-01,ether.fi-stake,ether.fi Stake,restaking,,2637903.1025,6514985195.67,2469.7591
2026-02,ether.fi-stake,ether.fi Stake,restaking,,2559461.9329,5009546626.39,1957.2655
2026-03,ether.fi-stake,ether.fi Stake,restaking,,2219112.8191,4660278034.67,2100.0636
2026-04,ether.fi-stake,ether.fi Stake,restaking,,2044240.2699,4616854525.49,2258.4696
2026-05,ether.fi-stake,ether.fi Stake,restaking,,1573321.423,3161685069.35,2009.5608
2026-06,ether.fi-stake,ether.fi Stake,restaking,,1514771.727,2374845603.5,1567.7911
2026-07,ether.fi-stake,ether.fi Stake,restaking,,1564275.5525,2914988910.63,1863.4753
2026-08,ether.fi-stake,ether.fi Stake,restaking,,1586427.7752,3919470027.82,2470.6262
2026-09,ether.fi-stake,ether.fi Stake,restaking,,1704396.0321,4563051140.05,2677.2247
2026-10-02,ether.fi-stake,ether.fi Stake,restaking,,1696788.7697,4529386905.4,2669.3876
2024-10,euclid-finance,Euclid Finance,restaking,,220.2026,554404.21,2517.7
2024-11,euclid-finance,Euclid Finance,restaking,,0.0,0.0,3724.03
2024-12,euclid-finance,Euclid Finance,restaking,,0.0,0.0,3329.33
2025-01,euclid-finance,Euclid Finance,restaking,,0.0,0.0,3298.95
2025-02,euclid-finance,Euclid Finance,restaking,,0.0,0.0,2225.7
2025-03,euclid-finance,Euclid Finance,restaking,,0.0,0.0,1823.67
2025-04,euclid-finance,Euclid Finance,restaking,,0.0,0.0,1792.98
2025-05,euclid-finance,Euclid Finance,restaking,,0.0,0.0,2517.89
2025-06,euclid-finance,Euclid Finance,restaking,,0.0,0.0,2496.22
2025-07,euclid-finance,Euclid Finance,restaking,,0.0,0.0,3694.68
2025-08,euclid-finance,Euclid Finance,restaking,,0.0,0.0,4400.37
2025-09,euclid-finance,Euclid Finance,restaking,,0.0,0.0,4146.85
2025-10,euclid-finance,Euclid Finance,restaking,,0.0,0.0,3854.6968
2025-11,euclid-finance,Euclid Finance,restaking,,0.0,0.0,2987.0461
2025-12,euclid-finance,Euclid Finance,restaking,,0.0,0.0,2971.5129
2026-01,euclid-finance,Euclid Finance,restaking,,0.0,0.0,2469.7591
2026-02,euclid-finance,Euclid Finance,restaking,,0.0,0.0,1957.2655
2026-03,euclid-finance,Euclid Finance,restaking,,0.0,0.0,2100.0636
2026-04,euclid-finance,Euclid Finance,restaking,,0.0,0.0,2258.4696
2026-05,euclid-finance,Euclid Finance,restaking,,0.0,0.0,2009.5608
2026-06,euclid-finance,Euclid Finance,restaking,,0.0,0.0,1567.7911
2026-07,euclid-finance,Euclid Finance,restaking,,0.0,0.0,1863.4753
2026-08,euclid-finance,Euclid Finance,restaking,,0.0,0.0,2470.6262
2026-09,euclid-finance,Euclid Finance,restaking,,0.0,0.0,2677.2247
2026-10-02,euclid-finance,Euclid Finance,restaking,,0.0,0.0,2669.3876
2024-10,euler-v2,Euler V2,lending,,188.888,475563.29,2517.7
2024-11,euler-v2,Euler V2,lending,,1195.2801,4451259.02,3724.03
2024-12,euler-v2,Euler V2,lending,,1409.7524,4693531.1,3329.33
2025-01,euler-v2,Euler V2,lending,,3658.5561,12069393.78,3298.95
2025-02,euler-v2,Euler V2,lending,,7268.3838,16177241.85,2225.7
2025-03,euler-v2,Euler V2,lending,,13240.5263,24146350.62,1823.67
2025-04,euler-v2,Euler V2,lending,,7989.7343,14325433.88,1792.98
2025-05,euler-v2,Euler V2,lending,,9297.7237,23410645.63,2517.89
2025-06,euler-v2,Euler V2,lending,,13806.8618,34464964.57,2496.22
2025-07,euler-v2,Euler V2,lending,,17297.0766,63907163.05,3694.68
2025-08,euler-v2,Euler V2,lending,,18679.5938,82197124.31,4400.37
2025-09,euler-v2,Euler V2,lending,,18033.1786,74780886.73,4146.85
2025-10,euler-v2,Euler V2,lending,,7476.9371,28821325.18,3854.6968
2025-11,euler-v2,Euler V2,lending,,2095.3337,6258858.47,2987.0461
2025-12,euler-v2,Euler V2,lending,,2530.3562,7518985.92,2971.5129
2026-01,euler-v2,Euler V2,lending,,1412.2717,3487970.93,2469.7591
2026-02,euler-v2,Euler V2,lending,,1188.591,2326388.17,1957.2655
2026-03,euler-v2,Euler V2,lending,,3289.8072,6908804.41,2100.0636
2026-04,euler-v2,Euler V2,lending,,529.4359,1195714.79,2258.4696
2026-05,euler-v2,Euler V2,lending,,1322.7396,2658125.63,2009.5608
2026-06,euler-v2,Euler V2,lending,,9101.5891,14269390.17,1567.7911
2026-07,euler-v2,Euler V2,lending,,7119.7463,13267471.7,1863.4753
2026-08,euler-v2,Euler V2,lending,,4210.8642,10403471.52,2470.6262
2026-09,euler-v2,Euler V2,lending,,8387.4245,22455019.88,2677.2247
2026-10-02,euler-v2,Euler V2,lending,,7704.5687,20566480.07,2669.3876
2024-10,exactly,Exactly,lending,,883.4202,2224187.16,2517.7
2024-11,exactly,Exactly,lending,,590.138,2197691.54,3724.03
2024-12,exactly,Exactly,lending,,546.5654,1819696.49,3329.33
2025-01,exactly,Exactly,lending,,555.1102,1831280.82,3298.95
2025-02,exactly,Exactly,lending,,793.2797,1765602.62,2225.7
2025-03,exactly,Exactly,lending,,864.7349,1576991.13,1823.67
2025-04,exactly,Exactly,lending,,803.1051,1439951.32,1792.98
2025-05,exactly,Exactly,lending,,722.7442,1819790.43,2517.89
2025-06,exactly,Exactly,lending,,630.3797,1573566.46,2496.22
2025-07,exactly,Exactly,lending,,443.9661,1640312.8,3694.68
2025-08,exactly,Exactly,lending,,311.8842,1372405.93,4400.37
2025-09,exactly,Exactly,lending,,422.1576,1750624.36,4146.85
2025-10,exactly,Exactly,lending,,365.278,1408035.86,3854.6968
2025-11,exactly,Exactly,lending,,368.0272,1099314.33,2987.0461
2025-12,exactly,Exactly,lending,,417.034,1239221.75,2971.5129
2026-01,exactly,Exactly,lending,,329.9022,814778.88,2469.7591
2026-02,exactly,Exactly,lending,,289.1416,565926.89,1957.2655
2026-03,exactly,Exactly,lending,,286.0743,600774.25,2100.0636
2026-04,exactly,Exactly,lending,,283.5048,640286.98,2258.4696
2026-05,exactly,Exactly,lending,,308.6711,620293.33,2009.5608
2026-06,exactly,Exactly,lending,,364.7285,571818.16,1567.7911
2026-07,exactly,Exactly,lending,,394.9883,736050.95,1863.4753
2026-08,exactly,Exactly,lending,,428.1843,1057883.38,2470.6262
2026-09,exactly,Exactly,lending,,460.6081,1233151.48,2677.2247
2026-10-02,exactly,Exactly,lending,,465.4116,1242364.05,2669.3876
2025-04,extra-finance-vaults,Extra Finance Vaults,lending,,295.8589,530469.08,1792.98
2025-05,extra-finance-vaults,Extra Finance Vaults,lending,,401.961,1012093.61,2517.89
2025-06,extra-finance-vaults,Extra Finance Vaults,lending,,2121.9102,5296754.67,2496.22
2025-07,extra-finance-vaults,Extra Finance Vaults,lending,,3298.7237,12187728.6,3694.68
2025-08,extra-finance-vaults,Extra Finance Vaults,lending,,4882.771,21485999.07,4400.37
2025-09,extra-finance-vaults,Extra Finance Vaults,lending,,4136.0723,17151671.28,4146.85
2025-10,extra-finance-vaults,Extra Finance Vaults,lending,,4527.9684,17453945.26,3854.6968
2025-11,extra-finance-vaults,Extra Finance Vaults,lending,,2280.8279,6812938.18,2987.0461
2025-12,extra-finance-vaults,Extra Finance Vaults,lending,,3028.8149,9000162.34,2971.5129
2026-01,extra-finance-vaults,Extra Finance Vaults,lending,,3333.4478,8232812.94,2469.7591
2026-02,extra-finance-vaults,Extra Finance Vaults,lending,,2420.5563,4737671.45,1957.2655
2026-03,extra-finance-vaults,Extra Finance Vaults,lending,,2150.0465,4515234.28,2100.0636
2026-04,extra-finance-vaults,Extra Finance Vaults,lending,,381.4636,861524.01,2258.4696
2026-05,extra-finance-vaults,Extra Finance Vaults,lending,,316.6427,636312.84,2009.5608
2026-06,extra-finance-vaults,Extra Finance Vaults,lending,,251.3613,394082.05,1567.7911
2026-07,extra-finance-vaults,Extra Finance Vaults,lending,,249.7915,465480.34,1863.4753
2026-08,extra-finance-vaults,Extra Finance Vaults,lending,,230.3145,569020.99,2470.6262
2026-09,extra-finance-vaults,Extra Finance Vaults,lending,,206.9538,554061.79,2677.2247
2026-10-02,extra-finance-vaults,Extra Finance Vaults,lending,,206.558,551383.44,2669.3876
2026-08,fables,Fables,farming,pools,289.1544,714392.54,2470.6262
2026-09,fables,Fables,farming,pools,5324.3941,14254599.38,2677.2247
2026-10-02,fables,Fables,farming,pools,6505.7765,17366439.19,2669.3876
2026-05,fluid-dex,Fluid DEX,farming,pools,32132.8807,64572977.62,2009.5608
2026-06,fluid-dex,Fluid DEX,farming,pools,29849.9911,46798549.81,1567.7911
2026-07,fluid-dex,Fluid DEX,farming,pools,27699.9317,51618139.49,1863.4753
2026-08,fluid-dex,Fluid DEX,farming,pools,25613.4594,63281283.99,2470.6262
2026-09,fluid-dex,Fluid DEX,farming,pools,21188.7856,56727140.0,2677.2247
2026-10-02,fluid-dex,Fluid DEX,farming,pools,21645.4625,57780129.14,2669.3876
2024-10,fluid-lending,Fluid Lending,lending,,8921.7884,22462386.56,2517.7
2024-11,fluid-lending,Fluid Lending,lending,,8737.8261,32539926.43,3724.03
2024-12,fluid-lending,Fluid Lending,lending,,19465.7662,64807959.53,3329.33
2025-01,fluid-lending,Fluid Lending,lending,,17692.821,58367731.79,3298.95
2025-02,fluid-lending,Fluid Lending,lending,,13082.8466,29118491.62,2225.7
2025-03,fluid-lending,Fluid Lending,lending,,25694.1986,46857739.16,1823.67
2025-04,fluid-lending,Fluid Lending,lending,,22881.5471,41026156.3,1792.98
2025-05,fluid-lending,Fluid Lending,lending,,32663.7036,82243612.65,2517.89
2025-06,fluid-lending,Fluid Lending,lending,,33593.6773,83857209.18,2496.22
2025-07,fluid-lending,Fluid Lending,lending,,15847.1681,58550214.98,3694.68
2025-08,fluid-lending,Fluid Lending,lending,,13342.2805,58710970.87,4400.37
2025-09,fluid-lending,Fluid Lending,lending,,29495.1315,122311885.94,4146.85
2025-10,fluid-lending,Fluid Lending,lending,,26376.2956,101672621.54,3854.6968
2025-11,fluid-lending,Fluid Lending,lending,,27001.5565,80654895.37,2987.0461
2025-12,fluid-lending,Fluid Lending,lending,,24900.0739,73990889.85,2971.5129
2026-01,fluid-lending,Fluid Lending,lending,,32339.5105,79870800.5,2469.7591
2026-02,fluid-lending,Fluid Lending,lending,,28258.1167,55308637.84,1957.2655
2026-03,fluid-lending,Fluid Lending,lending,,25702.2427,53976344.06,2100.0636
2026-04,fluid-lending,Fluid Lending,lending,,14453.388,32642537.47,2258.4696
2026-05,fluid-lending,Fluid Lending,lending,,25403.6989,51050277.61,2009.5608
2026-06,fluid-lending,Fluid Lending,lending,,27860.6252,43679639.63,1567.7911
2026-07,fluid-lending,Fluid Lending,lending,,23553.1528,43890719.31,1863.4753
2026-08,fluid-lending,Fluid Lending,lending,,19796.846,48910606.35,2470.6262
2026-09,fluid-lending,Fluid Lending,lending,,9246.6935,24755476.03,2677.2247
2026-10-02,fluid-lending,Fluid Lending,lending,,13785.6759,36799312.36,2669.3876
2024-10,fluid-lite,Fluid Lite,loops,,32255.2738,81209102.72,2517.7
2024-11,fluid-lite,Fluid Lite,loops,,43818.1206,163179995.65,3724.03
2024-12,fluid-lite,Fluid Lite,loops,,44549.9453,148321469.28,3329.33
2025-01,fluid-lite,Fluid Lite,loops,,48863.5275,161198333.91,3298.95
2025-02,fluid-lite,Fluid Lite,loops,,52668.5128,117224309.0,2225.7
2025-03,fluid-lite,Fluid Lite,loops,,60912.4961,111084291.68,1823.67
2025-04,fluid-lite,Fluid Lite,loops,,60422.5512,108336425.78,1792.98
2025-05,fluid-lite,Fluid Lite,loops,,70183.1542,176713462.23,2517.89
2025-06,fluid-lite,Fluid Lite,loops,,69110.5035,172515021.01,2496.22
2025-07,fluid-lite,Fluid Lite,loops,,54744.9395,202265033.05,3694.68
2025-08,fluid-lite,Fluid Lite,loops,,56826.6819,250058426.25,4400.37
2025-09,fluid-lite,Fluid Lite,loops,,67325.8218,279190084.21,4146.85
2025-10,fluid-lite,Fluid Lite,loops,,68613.6935,264484983.0,3854.6968
2025-11,fluid-lite,Fluid Lite,loops,,76102.8703,227322785.66,2987.0461
2025-12,fluid-lite,Fluid Lite,loops,,85133.2173,252974450.76,2971.5129
2026-01,fluid-lite,Fluid Lite,loops,,95532.8662,235943165.77,2469.7591
2026-02,fluid-lite,Fluid Lite,loops,,73517.1011,143892488.07,1957.2655
2026-03,fluid-lite,Fluid Lite,loops,,80172.5057,168367360.21,2100.0636
2026-04,fluid-lite,Fluid Lite,loops,,70694.1563,159660603.64,2258.4696
2026-05,fluid-lite,Fluid Lite,loops,,63965.296,128542151.88,2009.5608
2026-06,fluid-lite,Fluid Lite,loops,,70509.7321,110544529.17,1567.7911
2026-07,fluid-lite,Fluid Lite,loops,,74666.245,139138706.07,1863.4753
2026-08,fluid-lite,Fluid Lite,loops,,72886.3439,180074911.02,2470.6262
2026-09,fluid-lite,Fluid Lite,loops,,77701.8944,208025430.34,2677.2247
2026-10-02,fluid-lite,Fluid Lite,loops,,77313.6451,206380085.58,2669.3876
2026-01,fluxion-network,Fluxion Network,farming,pools,0.1642,405.48,2469.7591
2026-02,fluxion-network,Fluxion Network,farming,pools,0.1771,346.63,1957.2655
2026-03,fluxion-network,Fluxion Network,farming,pools,0.1723,361.79,2100.0636
2026-04,fluxion-network,Fluxion Network,farming,pools,1.1504,2598.05,2258.4696
2026-05,fluxion-network,Fluxion Network,farming,pools,1.2126,2436.76,2009.5608
2026-06,fluxion-network,Fluxion Network,farming,pools,1.3684,2145.32,1567.7911
2026-07,fluxion-network,Fluxion Network,farming,pools,1.2535,2335.9,1863.4753
2026-08,fluxion-network,Fluxion Network,farming,pools,1014.469,2506373.81,2470.6262
2026-09,fluxion-network,Fluxion Network,farming,pools,830.9914,2224750.57,2677.2247
2026-10-02,fluxion-network,Fluxion Network,farming,pools,838.2222,2237539.87,2669.3876
2026-05,flying-tulip-lend,Flying Tulip Lend,lending,,5.9402,11937.23,2009.5608
2026-06,flying-tulip-lend,Flying Tulip Lend,lending,,727.7239,1140918.99,1567.7911
2026-07,flying-tulip-lend,Flying Tulip Lend,lending,,737.5784,1374459.13,1863.4753
2026-08,flying-tulip-lend,Flying Tulip Lend,lending,,429.0192,1059946.06,2470.6262
2026-09,flying-tulip-lend,Flying Tulip Lend,lending,,172.8029,462632.3,2677.2247
2026-10-02,flying-tulip-lend,Flying Tulip Lend,lending,,177.5577,473970.42,2669.3876
2024-10,folks-finance-xchain,Folks Finance xChain,lending,,37.1209,93459.29,2517.7
2024-11,folks-finance-xchain,Folks Finance xChain,lending,,330.7848,1231852.66,3724.03
2024-12,folks-finance-xchain,Folks Finance xChain,lending,,403.3243,1342799.55,3329.33
2025-01,folks-finance-xchain,Folks Finance xChain,lending,,449.7459,1483689.31,3298.95
2025-02,folks-finance-xchain,Folks Finance xChain,lending,,450.3798,1002410.43,2225.7
2025-03,folks-finance-xchain,Folks Finance xChain,lending,,657.8921,1199778.1,1823.67
2025-04,folks-finance-xchain,Folks Finance xChain,lending,,496.766,890691.44,1792.98
2025-05,folks-finance-xchain,Folks Finance xChain,lending,,516.2744,1299922.06,2517.89
2025-06,folks-finance-xchain,Folks Finance xChain,lending,,421.2732,1051590.7,2496.22
2025-07,folks-finance-xchain,Folks Finance xChain,lending,,613.052,2265030.92,3694.68
2025-08,folks-finance-xchain,Folks Finance xChain,lending,,181.0651,796753.64,4400.37
2025-09,folks-finance-xchain,Folks Finance xChain,lending,,154.3376,640014.83,4146.85
2025-10,folks-finance-xchain,Folks Finance xChain,lending,,223.4602,861371.16,3854.6968
2025-11,folks-finance-xchain,Folks Finance xChain,lending,,161.625,482781.44,2987.0461
2025-12,folks-finance-xchain,Folks Finance xChain,lending,,219.3796,651889.25,2971.5129
2026-01,folks-finance-xchain,Folks Finance xChain,lending,,151.9196,375204.87,2469.7591
2026-02,folks-finance-xchain,Folks Finance xChain,lending,,90.7126,177548.58,1957.2655
2026-03,folks-finance-xchain,Folks Finance xChain,lending,,72.2389,151706.26,2100.0636
2026-04,folks-finance-xchain,Folks Finance xChain,lending,,52.4486,118453.63,2258.4696
2026-05,folks-finance-xchain,Folks Finance xChain,lending,,56.2038,112945.03,2009.5608
2026-06,folks-finance-xchain,Folks Finance xChain,lending,,54.6391,85662.68,1567.7911
2026-07,folks-finance-xchain,Folks Finance xChain,lending,,54.8057,102129.06,1863.4753
2026-08,folks-finance-xchain,Folks Finance xChain,lending,,47.1858,116578.46,2470.6262
2026-09,folks-finance-xchain,Folks Finance xChain,lending,,44.5458,119259.03,2677.2247
2026-10-02,folks-finance-xchain,Folks Finance xChain,lending,,48.4265,129269.06,2669.3876
2025-09,forgeyields,ForgeYields,farming,vaults,30.1113,124866.89,4146.85
2025-10,forgeyields,ForgeYields,farming,vaults,40.234,155089.77,3854.6968
2025-11,forgeyields,ForgeYields,farming,vaults,53.6667,160304.95,2987.0461
2025-12,forgeyields,ForgeYields,farming,vaults,86.5623,257221.06,2971.5129
2026-01,forgeyields,ForgeYields,farming,vaults,135.8493,335515.16,2469.7591
2026-02,forgeyields,ForgeYields,farming,vaults,157.422,308116.72,1957.2655
2026-03,forgeyields,ForgeYields,farming,vaults,272.4399,572141.12,2100.0636
2026-04,forgeyields,ForgeYields,farming,vaults,276.829,625209.8,2258.4696
2026-05,forgeyields,ForgeYields,farming,vaults,268.2806,539126.13,2009.5608
2026-06,forgeyields,ForgeYields,farming,vaults,276.5877,433631.74,1567.7911
2026-07,forgeyields,ForgeYields,farming,vaults,211.1914,393550.01,1863.4753
2026-08,forgeyields,ForgeYields,farming,vaults,200.3542,495000.29,2470.6262
2026-09,forgeyields,ForgeYields,farming,vaults,199.7283,534717.57,2677.2247
2026-10-02,forgeyields,ForgeYields,farming,vaults,199.1398,531581.35,2669.3876
2024-10,frankencoin,Frankencoin,cdp,,0,0.0,2517.7
2024-11,frankencoin,Frankencoin,cdp,,0,0.0,3724.03
2024-12,frankencoin,Frankencoin,cdp,,301.3333,1003238.11,3329.33
2025-01,frankencoin,Frankencoin,cdp,,237.7654,784376.08,3298.95
2025-02,frankencoin,Frankencoin,cdp,,307.8289,685134.79,2225.7
2025-03,frankencoin,Frankencoin,cdp,,369.1466,673201.6,1823.67
2025-04,frankencoin,Frankencoin,cdp,,492.0,882146.16,1792.98
2025-05,frankencoin,Frankencoin,cdp,,492.0,1238801.88,2517.89
2025-06,frankencoin,Frankencoin,cdp,,11.9699,29879.52,2496.22
2025-07,frankencoin,Frankencoin,cdp,,10.0,36946.8,3694.68
2025-08,frankencoin,Frankencoin,cdp,,9.9772,43903.5,4400.37
2025-09,frankencoin,Frankencoin,cdp,,5.9987,24875.58,4146.85
2025-10,frankencoin,Frankencoin,cdp,,366.8391,1414053.65,3854.6968
2025-11,frankencoin,Frankencoin,cdp,,435.0,1299365.08,2987.0461
2025-12,frankencoin,Frankencoin,cdp,,435.0,1292608.1,2971.5129
2026-01,frankencoin,Frankencoin,cdp,,523.4935,1292902.76,2469.7591
2026-02,frankencoin,Frankencoin,cdp,,436.2391,853835.83,1957.2655
2026-03,frankencoin,Frankencoin,cdp,,437.9704,919765.72,2100.0636
2026-04,frankencoin,Frankencoin,cdp,,481.6788,1087857.02,2258.4696
2026-05,frankencoin,Frankencoin,cdp,,499.2886,1003350.88,2009.5608
2026-06,frankencoin,Frankencoin,cdp,,486.54,762793.04,1567.7911
2026-07,frankencoin,Frankencoin,cdp,,490.6293,914275.55,1863.4753
2026-08,frankencoin,Frankencoin,cdp,,498.9071,1232613.05,2470.6262
2026-09,frankencoin,Frankencoin,cdp,,514.6182,1377748.47,2677.2247
2026-10-02,frankencoin,Frankencoin,cdp,,514.6182,1373715.37,2669.3876
2024-10,frax-ether,Frax Ether,staking,,120408.9554,303153627.0,2517.7
2024-11,frax-ether,Frax Ether,staking,,111235.6529,414244908.58,3724.03
2024-12,frax-ether,Frax Ether,staking,,109600.0692,364894798.44,3329.33
2025-01,frax-ether,Frax Ether,staking,,103342.9909,340923359.95,3298.95
2025-02,frax-ether,Frax Ether,staking,,99258.6187,220919907.61,2225.7
2025-03,frax-ether,Frax Ether,staking,,90791.3086,165573385.69,1823.67
2025-04,frax-ether,Frax Ether,staking,,87230.6055,156402731.0,1792.98
2025-05,frax-ether,Frax Ether,staking,,83237.9524,209584008.01,2517.89
2025-06,frax-ether,Frax Ether,staking,,81190.5126,202669381.34,2496.22
2025-07,frax-ether,Frax Ether,staking,,80681.9577,298094015.38,3694.68
2025-08,frax-ether,Frax Ether,staking,,76008.4413,334465264.72,4400.37
2025-09,frax-ether,Frax Ether,staking,,72140.9208,299157577.53,4146.85
2025-10,frax-ether,Frax Ether,staking,,68309.2277,263311359.84,3854.6968
2025-11,frax-ether,Frax Ether,staking,,75921.6486,226781468.28,2987.0461
2025-12,frax-ether,Frax Ether,staking,,76120.7804,226193878.56,2971.5129
2026-01,frax-ether,Frax Ether,staking,,62913.9693,155382348.39,2469.7591
2026-02,frax-ether,Frax Ether,staking,,57698.3954,112931080.61,1957.2655
2026-03,frax-ether,Frax Ether,staking,,56071.7293,117754197.11,2100.0636
2026-04,frax-ether,Frax Ether,staking,,53586.0667,121022503.16,2258.4696
2026-05,frax-ether,Frax Ether,staking,,53527.6696,107567106.9,2009.5608
2026-06,frax-ether,Frax Ether,staking,,54039.7915,84723103.21,1567.7911
2026-07,frax-ether,Frax Ether,staking,,48713.7962,90776957.74,1863.4753
2026-08,frax-ether,Frax Ether,staking,,48511.9537,119854903.98,2470.6262
2026-09,frax-ether,Frax Ether,staking,,48586.4502,130076844.24,2677.2247
2026-10-02,frax-ether,Frax Ether,staking,,48513.6148,129501641.86,2669.3876
2024-10,frax-swap,Frax Swap,farming,pools,158.4064,398819.75,2517.7
2024-11,frax-swap,Frax Swap,farming,pools,131.0195,487920.45,3724.03
2024-12,frax-swap,Frax Swap,farming,pools,138.8065,462132.6,3329.33
2025-01,frax-swap,Frax Swap,farming,pools,139.93,461622.08,3298.95
2025-02,frax-swap,Frax Swap,farming,pools,171.9027,382603.85,2225.7
2025-03,frax-swap,Frax Swap,farming,pools,190.2137,346887.07,1823.67
2025-04,frax-swap,Frax Swap,farming,pools,192.9817,346012.35,1792.98
2025-05,frax-swap,Frax Swap,farming,pools,163.4176,411467.64,2517.89
2025-06,frax-swap,Frax Swap,farming,pools,164.8818,411581.36,2496.22
2025-07,frax-swap,Frax Swap,farming,pools,106.9235,395048.23,3694.68
2025-08,frax-swap,Frax Swap,farming,pools,97.9766,431133.48,4400.37
2025-09,frax-swap,Frax Swap,farming,pools,101.5223,420997.69,4146.85
2025-10,frax-swap,Frax Swap,farming,pools,105.2909,405864.32,3854.6968
2025-11,frax-swap,Frax Swap,farming,pools,122.2631,365205.6,2987.0461
2025-12,frax-swap,Frax Swap,farming,pools,137.922,409837.05,2971.5129
2026-01,frax-swap,Frax Swap,farming,pools,151.2957,373664.04,2469.7591
2026-02,frax-swap,Frax Swap,farming,pools,171.0564,334802.79,1957.2655
2026-03,frax-swap,Frax Swap,farming,pools,165.6657,347908.57,2100.0636
2026-04,frax-swap,Frax Swap,farming,pools,160.5308,362553.85,2258.4696
2026-05,frax-swap,Frax Swap,farming,pools,170.6214,342874.06,2009.5608
2026-06,frax-swap,Frax Swap,farming,pools,192.9158,302451.66,1567.7911
2026-07,frax-swap,Frax Swap,farming,pools,177.9675,331638.05,1863.4753
2026-08,frax-swap,Frax Swap,farming,pools,154.7342,382290.25,2470.6262
2026-09,frax-swap,Frax Swap,farming,pools,149.2157,399483.83,2677.2247
2026-10-02,frax-swap,Frax Swap,farming,pools,149.3928,398787.24,2669.3876
2024-10,fraxlend,Fraxlend,lending,,1351.9051,3403691.39,2517.7
2024-11,fraxlend,Fraxlend,lending,,1365.3282,5084523.35,3724.03
2024-12,fraxlend,Fraxlend,lending,,1254.4524,4176485.88,3329.33
2025-01,fraxlend,Fraxlend,lending,,629.0134,2075083.71,3298.95
2025-02,fraxlend,Fraxlend,lending,,567.8048,1263763.23,2225.7
2025-03,fraxlend,Fraxlend,lending,,555.0319,1012194.97,1823.67
2025-04,fraxlend,Fraxlend,lending,,555.2409,995535.83,1792.98
2025-05,fraxlend,Fraxlend,lending,,26.0053,65478.6,2517.89
2025-06,fraxlend,Fraxlend,lending,,35.8108,89391.6,2496.22
2025-07,fraxlend,Fraxlend,lending,,41.6658,153941.68,3694.68
2025-08,fraxlend,Fraxlend,lending,,34.7202,152781.74,4400.37
2025-09,fraxlend,Fraxlend,lending,,37.4327,155227.82,4146.85
2025-10,fraxlend,Fraxlend,lending,,30.3307,116915.48,3854.6968
2025-11,fraxlend,Fraxlend,lending,,23.3245,69671.29,2987.0461
2025-12,fraxlend,Fraxlend,lending,,22.7245,67526.08,2971.5129
2026-01,fraxlend,Fraxlend,lending,,28.4358,70229.55,2469.7591
2026-02,fraxlend,Fraxlend,lending,,21.076,41251.27,1957.2655
2026-03,fraxlend,Fraxlend,lending,,16.1117,33835.53,2100.0636
2026-04,fraxlend,Fraxlend,lending,,3.2238,7280.83,2258.4696
2026-05,fraxlend,Fraxlend,lending,,3.2238,6478.4,2009.5608
2026-06,fraxlend,Fraxlend,lending,,3.2045,5023.95,1567.7911
2026-07,fraxlend,Fraxlend,lending,,3.2236,6007.01,1863.4753
2026-08,fraxlend,Fraxlend,lending,,3.2236,7964.2,2470.6262
2026-09,fraxlend,Fraxlend,lending,,3.2298,8646.99,2677.2247
2026-10-02,fraxlend,Fraxlend,lending,,3.2311,8625.12,2669.3876
2024-10,fusion-by-ipor,Fusion by IPOR,farming,vaults,0.0,0.0,2517.7
2024-11,fusion-by-ipor,Fusion by IPOR,farming,vaults,0.0,0.0,3724.03
2024-12,fusion-by-ipor,Fusion by IPOR,farming,vaults,0.0,0.0,3329.33
2025-01,fusion-by-ipor,Fusion by IPOR,farming,vaults,0.0323,106.5,3298.95
2025-02,fusion-by-ipor,Fusion by IPOR,farming,vaults,0.0326,72.51,2225.7
2025-03,fusion-by-ipor,Fusion by IPOR,farming,vaults,8.3319,15194.63,1823.67
2025-04,fusion-by-ipor,Fusion by IPOR,farming,vaults,740.4689,1327645.99,1792.98
2025-05,fusion-by-ipor,Fusion by IPOR,farming,vaults,1402.3243,3530898.44,2517.89
2025-06,fusion-by-ipor,Fusion by IPOR,farming,vaults,1768.3581,4414210.85,2496.22
2025-07,fusion-by-ipor,Fusion by IPOR,farming,vaults,2217.8428,8194219.36,3694.68
2025-08,fusion-by-ipor,Fusion by IPOR,farming,vaults,2117.1934,9316434.2,4400.37
2025-09,fusion-by-ipor,Fusion by IPOR,farming,vaults,2840.2758,11778197.69,4146.85
2025-10,fusion-by-ipor,Fusion by IPOR,farming,vaults,2112.7145,8143873.65,3854.6968
2025-11,fusion-by-ipor,Fusion by IPOR,farming,vaults,2289.3101,6838275.01,2987.0461
2025-12,fusion-by-ipor,Fusion by IPOR,farming,vaults,3088.9123,9178742.73,2971.5129
2026-01,fusion-by-ipor,Fusion by IPOR,farming,vaults,4639.7046,11458952.71,2469.7591
2026-02,fusion-by-ipor,Fusion by IPOR,farming,vaults,4619.0624,9040731.54,1957.2655
2026-03,fusion-by-ipor,Fusion by IPOR,farming,vaults,4603.9079,9668499.37,2100.0636
2026-04,fusion-by-ipor,Fusion by IPOR,farming,vaults,4835.9442,10921832.9,2258.4696
2026-05,fusion-by-ipor,Fusion by IPOR,farming,vaults,7333.8044,14737725.82,2009.5608
2026-06,fusion-by-ipor,Fusion by IPOR,farming,vaults,10187.7936,15972331.96,1567.7911
2026-07,fusion-by-ipor,Fusion by IPOR,farming,vaults,12437.2925,23176587.84,1863.4753
2026-08,fusion-by-ipor,Fusion by IPOR,farming,vaults,14764.5731,36477741.21,2470.6262
2026-09,fusion-by-ipor,Fusion by IPOR,farming,vaults,14324.1571,38348987.18,2677.2247
2026-10-02,fusion-by-ipor,Fusion by IPOR,farming,vaults,14561.0755,38869154.43,2669.3876
2024-10,fx-protocol,fx Protocol,cdp,,0,0.0,2517.7
2024-11,fx-protocol,fx Protocol,cdp,,0,0.0,3724.03
2024-12,fx-protocol,fx Protocol,cdp,,0,0.0,3329.33
2025-01,fx-protocol,fx Protocol,cdp,,0,0.0,3298.95
2025-02,fx-protocol,fx Protocol,cdp,,0,0.0,2225.7
2025-03,fx-protocol,fx Protocol,cdp,,0,0.0,1823.67
2025-04,fx-protocol,fx Protocol,cdp,,0,0.0,1792.98
2025-05,fx-protocol,fx Protocol,cdp,,0,0.0,2517.89
2025-06,fx-protocol,fx Protocol,cdp,,0,0.0,2496.22
2025-07,fx-protocol,fx Protocol,cdp,,0,0.0,3694.68
2025-08,fx-protocol,fx Protocol,cdp,,0,0.0,4400.37
2025-09,fx-protocol,fx Protocol,cdp,,0,0.0,4146.85
2025-10,fx-protocol,fx Protocol,cdp,,0,0.0,3854.6968
2025-11,fx-protocol,fx Protocol,cdp,,0,0.0,2987.0461
2025-12,fx-protocol,fx Protocol,cdp,,0,0.0,2971.5129
2026-01,fx-protocol,fx Protocol,cdp,,0,0.0,2469.7591
2026-02,fx-protocol,fx Protocol,cdp,,0,0.0,1957.2655
2026-03,fx-protocol,fx Protocol,cdp,,0,0.0,2100.0636
2026-04,fx-protocol,fx Protocol,cdp,,0,0.0,2258.4696
2026-05,fx-protocol,fx Protocol,cdp,,0,0.0,2009.5608
2026-06,fx-protocol,fx Protocol,cdp,,0,0.0,1567.7911
2026-07,fx-protocol,fx Protocol,cdp,,0,0.0,1863.4753
2026-08,fx-protocol,fx Protocol,cdp,,0,0.0,2470.6262
2026-09,fx-protocol,fx Protocol,cdp,,0,0.0,2677.2247
2026-10-02,fx-protocol,fx Protocol,cdp,,0,0.0,2669.3876
2024-10,fyde-protocol,Fyde Protocol,farming,vaults,355.9361,896140.43,2517.7
2024-11,fyde-protocol,Fyde Protocol,farming,vaults,334.5833,1245998.26,3724.03
2024-12,fyde-protocol,Fyde Protocol,farming,vaults,283.8421,945003.89,3329.33
2025-01,fyde-protocol,Fyde Protocol,farming,vaults,179.9809,593748.05,3298.95
2025-02,fyde-protocol,Fyde Protocol,farming,vaults,166.0299,369532.82,2225.7
2025-03,fyde-protocol,Fyde Protocol,farming,vaults,0.0,0.0,1823.67
2025-04,fyde-protocol,Fyde Protocol,farming,vaults,0.0,0.0,1792.98
2025-05,fyde-protocol,Fyde Protocol,farming,vaults,0.0,0.0,2517.89
2025-06,fyde-protocol,Fyde Protocol,farming,vaults,0.0,0.0,2496.22
2025-07,fyde-protocol,Fyde Protocol,farming,vaults,0.0,0.0,3694.68
2025-08,fyde-protocol,Fyde Protocol,farming,vaults,0.0,0.0,4400.37
2025-09,fyde-protocol,Fyde Protocol,farming,vaults,0.0,0.0,4146.85
2025-10,fyde-protocol,Fyde Protocol,farming,vaults,0.0,0.0,3854.6968
2025-11,fyde-protocol,Fyde Protocol,farming,vaults,0.0,0.0,2987.0461
2025-12,fyde-protocol,Fyde Protocol,farming,vaults,0.0,0.0,2971.5129
2026-01,fyde-protocol,Fyde Protocol,farming,vaults,0.0,0.0,2469.7591
2026-02,fyde-protocol,Fyde Protocol,farming,vaults,0.0,0.0,1957.2655
2026-03,fyde-protocol,Fyde Protocol,farming,vaults,0.0,0.0,2100.0636
2026-04,fyde-protocol,Fyde Protocol,farming,vaults,0.0,0.0,2258.4696
2026-05,fyde-protocol,Fyde Protocol,farming,vaults,0.0,0.0,2009.5608
2026-06,fyde-protocol,Fyde Protocol,farming,vaults,0.0,0.0,1567.7911
2026-07,fyde-protocol,Fyde Protocol,farming,vaults,0.0,0.0,1863.4753
2026-08,fyde-protocol,Fyde Protocol,farming,vaults,0.0,0.0,2470.6262
2026-09,fyde-protocol,Fyde Protocol,farming,vaults,0.0,0.0,2677.2247
2026-10-02,fyde-protocol,Fyde Protocol,farming,vaults,0.0,0.0,2669.3876
2024-10,gain,Gain,farming,points,56391.122,141975927.92,2517.7
2024-11,gain,Gain,farming,points,46994.757,175009885.01,3724.03
2024-12,gain,Gain,farming,points,0.0,0.0,3329.33
2025-01,gain,Gain,farming,points,0.0,0.0,3298.95
2025-02,gain,Gain,farming,points,0.0,0.0,2225.7
2025-03,gain,Gain,farming,points,0.0,0.0,1823.67
2025-04,gain,Gain,farming,points,0.0,0.0,1792.98
2025-05,gain,Gain,farming,points,0.0,0.0,2517.89
2025-06,gain,Gain,farming,points,0.0,0.0,2496.22
2025-07,gain,Gain,farming,points,0.0,0.0,3694.68
2025-08,gain,Gain,farming,points,0.0,0.0,4400.37
2025-09,gain,Gain,farming,points,0.0,0.0,4146.85
2025-10,gain,Gain,farming,points,0.0,0.0,3854.6968
2025-11,gain,Gain,farming,points,0.0,0.0,2987.0461
2025-12,gain,Gain,farming,points,0.0,0.0,2971.5129
2026-01,gain,Gain,farming,points,0.0,0.0,2469.7591
2026-02,gain,Gain,farming,points,0.0,0.0,1957.2655
2026-03,gain,Gain,farming,points,0.0,0.0,2100.0636
2026-04,gain,Gain,farming,points,0.0,0.0,2258.4696
2026-05,gain,Gain,farming,points,0.0,0.0,2009.5608
2026-06,gain,Gain,farming,points,0.0,0.0,1567.7911
2026-07,gain,Gain,farming,points,0.0,0.0,1863.4753
2026-08,gain,Gain,farming,points,0.0,0.0,2470.6262
2026-09,gain,Gain,farming,points,0.0,0.0,2677.2247
2026-10-02,gain,Gain,farming,points,0.0,0.0,2669.3876
2024-10,gearbox,Gearbox,lending,,2224.6312,5600953.92,2517.7
2024-11,gearbox,Gearbox,lending,,4976.5731,18532907.39,3724.03
2024-12,gearbox,Gearbox,lending,,8360.0738,27833444.39,3329.33
2025-01,gearbox,Gearbox,lending,,5628.0483,18566650.02,3298.95
2025-02,gearbox,Gearbox,lending,,4055.2263,9025717.09,2225.7
2025-03,gearbox,Gearbox,lending,,3750.3354,6839374.22,1823.67
2025-04,gearbox,Gearbox,lending,,3345.7615,5998883.4,1792.98
2025-05,gearbox,Gearbox,lending,,5825.2318,14667292.93,2517.89
2025-06,gearbox,Gearbox,lending,,3914.9495,9772575.25,2496.22
2025-07,gearbox,Gearbox,lending,,2729.3059,10083911.88,3694.68
2025-08,gearbox,Gearbox,lending,,2389.9915,10516846.81,4400.37
2025-09,gearbox,Gearbox,lending,,2215.7722,9188475.02,4146.85
2025-10,gearbox,Gearbox,lending,,2535.6842,9774293.82,3854.6968
2025-11,gearbox,Gearbox,lending,,4878.9339,14573600.77,2987.0461
2025-12,gearbox,Gearbox,lending,,4819.2222,14320380.72,2971.5129
2026-01,gearbox,Gearbox,lending,,5342.9155,13195714.2,2469.7591
2026-02,gearbox,Gearbox,lending,,1427.0656,2793146.34,1957.2655
2026-03,gearbox,Gearbox,lending,,1147.3843,2409579.98,2100.0636
2026-04,gearbox,Gearbox,lending,,979.8919,2213056.1,2258.4696
2026-05,gearbox,Gearbox,lending,,1168.419,2348009.02,2009.5608
2026-06,gearbox,Gearbox,lending,,1143.4886,1792751.18,1567.7911
2026-07,gearbox,Gearbox,lending,,1084.8995,2021683.46,1863.4753
2026-08,gearbox,Gearbox,lending,,1052.2085,2599613.82,2470.6262
2026-09,gearbox,Gearbox,lending,,1101.4444,2948814.19,2677.2247
2026-10-02,gearbox,Gearbox,lending,,1091.5671,2913815.78,2669.3876
2024-10,geth,GETH,staking,,6878.6706,17318428.95,2517.7
2024-11,geth,GETH,staking,,6883.0744,25632775.67,3724.03
2024-12,geth,GETH,staking,,6926.1242,23059352.99,3329.33
2025-01,geth,GETH,staking,,0.0,0.0,3298.95
2025-02,geth,GETH,staking,,0.0,0.0,2225.7
2025-03,geth,GETH,staking,,0.0,0.0,1823.67
2025-04,geth,GETH,staking,,0.0,0.0,1792.98
2025-05,geth,GETH,staking,,0.0,0.0,2517.89
2025-06,geth,GETH,staking,,0.0,0.0,2496.22
2025-07,geth,GETH,staking,,0.0,0.0,3694.68
2025-08,geth,GETH,staking,,0.0,0.0,4400.37
2025-09,geth,GETH,staking,,0.0,0.0,4146.85
2025-10,geth,GETH,staking,,0.0,0.0,3854.6968
2025-11,geth,GETH,staking,,0.0,0.0,2987.0461
2025-12,geth,GETH,staking,,0.0,0.0,2971.5129
2026-01,geth,GETH,staking,,0.0,0.0,2469.7591
2026-02,geth,GETH,staking,,0.0,0.0,1957.2655
2026-03,geth,GETH,staking,,0.0,0.0,2100.0636
2026-04,geth,GETH,staking,,0.0,0.0,2258.4696
2026-05,geth,GETH,staking,,0.0,0.0,2009.5608
2026-06,geth,GETH,staking,,0.0,0.0,1567.7911
2026-07,geth,GETH,staking,,0.0,0.0,1863.4753
2026-08,geth,GETH,staking,,0.0,0.0,2470.6262
2026-09,geth,GETH,staking,,0.0,0.0,2677.2247
2026-10-02,geth,GETH,staking,,0.0,0.0,2669.3876
2024-10,gmx-v2-perps,GMX V2 Perps,farming,pools,32689.1151,82301385.01,2517.7
2024-11,gmx-v2-perps,GMX V2 Perps,farming,pools,35318.61,131527563.28,3724.03
2024-12,gmx-v2-perps,GMX V2 Perps,farming,pools,32654.516,108717659.68,3329.33
2025-01,gmx-v2-perps,GMX V2 Perps,farming,pools,32987.7087,108824801.52,3298.95
2025-02,gmx-v2-perps,GMX V2 Perps,farming,pools,33675.3486,74951223.39,2225.7
2025-03,gmx-v2-perps,GMX V2 Perps,farming,pools,30723.0331,56028673.7,1823.67
2025-04,gmx-v2-perps,GMX V2 Perps,farming,pools,31392.0725,56285358.06,1792.98
2025-05,gmx-v2-perps,GMX V2 Perps,farming,pools,35328.7525,88953912.63,2517.89
2025-06,gmx-v2-perps,GMX V2 Perps,farming,pools,35889.7157,89588626.01,2496.22
2025-07,gmx-v2-perps,GMX V2 Perps,farming,pools,33531.9284,123889745.2,3694.68
2025-08,gmx-v2-perps,GMX V2 Perps,farming,pools,39230.531,172628851.71,4400.37
2025-09,gmx-v2-perps,GMX V2 Perps,farming,pools,32519.3691,134852945.63,4146.85
2025-10,gmx-v2-perps,GMX V2 Perps,farming,pools,30739.1993,118490292.44,3854.6968
2025-11,gmx-v2-perps,GMX V2 Perps,farming,pools,30442.4906,90933124.36,2987.0461
2025-12,gmx-v2-perps,GMX V2 Perps,farming,pools,32196.6276,95672693.06,2971.5129
2026-01,gmx-v2-perps,GMX V2 Perps,farming,pools,32787.378,80976925.25,2469.7591
2026-02,gmx-v2-perps,GMX V2 Perps,farming,pools,32343.7309,63305269.64,1957.2655
2026-03,gmx-v2-perps,GMX V2 Perps,farming,pools,32586.9692,68434707.58,2100.0636
2026-04,gmx-v2-perps,GMX V2 Perps,farming,pools,30222.534,68256674.47,2258.4696
2026-05,gmx-v2-perps,GMX V2 Perps,farming,pools,27063.5454,54385840.2,2009.5608
2026-06,gmx-v2-perps,GMX V2 Perps,farming,pools,28104.1275,44061400.37,1567.7911
2026-07,gmx-v2-perps,GMX V2 Perps,farming,pools,25355.4231,47249205.61,1863.4753
2026-08,gmx-v2-perps,GMX V2 Perps,farming,pools,22761.6084,56235426.08,2470.6262
2026-09,gmx-v2-perps,GMX V2 Perps,farming,pools,20962.9436,56122510.16,2677.2247
2026-10-02,gmx-v2-perps,GMX V2 Perps,farming,pools,20934.237,55881592.79,2669.3876
2024-12,goldsand-by-inshallah,Goldsand by InshAllah,staking,,533.6385,1776658.52,3329.33
2025-01,goldsand-by-inshallah,Goldsand by InshAllah,staking,,561.8596,1853546.77,3298.95
2025-02,goldsand-by-inshallah,Goldsand by InshAllah,staking,,561.3797,1249462.86,2225.7
2025-03,goldsand-by-inshallah,Goldsand by InshAllah,staking,,555.6662,1013351.86,1823.67
2025-04,goldsand-by-inshallah,Goldsand by InshAllah,staking,,579.1557,1038414.59,1792.98
2025-05,goldsand-by-inshallah,Goldsand by InshAllah,staking,,546.7806,1376733.38,2517.89
2025-06,goldsand-by-inshallah,Goldsand by InshAllah,staking,,579.0445,1445422.4,2496.22
2025-07,goldsand-by-inshallah,Goldsand by InshAllah,staking,,583.7313,2156700.35,3694.68
2025-08,goldsand-by-inshallah,Goldsand by InshAllah,staking,,574.4908,2527972.16,4400.37
2025-09,goldsand-by-inshallah,Goldsand by InshAllah,staking,,555.1768,2302235.05,4146.85
2025-10,goldsand-by-inshallah,Goldsand by InshAllah,staking,,472.7063,1822139.62,3854.6968
2025-11,goldsand-by-inshallah,Goldsand by InshAllah,staking,,203.0481,606514.18,2987.0461
2025-12,goldsand-by-inshallah,Goldsand by InshAllah,staking,,203.0481,603360.18,2971.5129
2026-01,goldsand-by-inshallah,Goldsand by InshAllah,staking,,172.0481,424917.47,2469.7591
2026-02,goldsand-by-inshallah,Goldsand by InshAllah,staking,,0.0,0.0,1957.2655
2026-03,goldsand-by-inshallah,Goldsand by InshAllah,staking,,0.0,0.0,2100.0636
2026-04,goldsand-by-inshallah,Goldsand by InshAllah,staking,,0.0,0.0,2258.4696
2026-05,goldsand-by-inshallah,Goldsand by InshAllah,staking,,0.0,0.0,2009.5608
2026-06,goldsand-by-inshallah,Goldsand by InshAllah,staking,,0.0,0.0,1567.7911
2026-07,goldsand-by-inshallah,Goldsand by InshAllah,staking,,0.0,0.0,1863.4753
2026-08,goldsand-by-inshallah,Goldsand by InshAllah,staking,,0.0,0.0,2470.6262
2026-09,goldsand-by-inshallah,Goldsand by InshAllah,staking,,0.0,0.0,2677.2247
2026-10-02,goldsand-by-inshallah,Goldsand by InshAllah,staking,,0.0,0.0,2669.3876
2024-10,harvest-finance,Harvest Finance,lending,,1833.6049,4616467.16,2517.7
2024-11,harvest-finance,Harvest Finance,lending,,1797.1856,6692773.13,3724.03
2024-12,harvest-finance,Harvest Finance,lending,,2082.115,6932047.96,3329.33
2025-01,harvest-finance,Harvest Finance,lending,,1799.406,5936150.37,3298.95
2025-02,harvest-finance,Harvest Finance,lending,,1824.9996,4061901.54,2225.7
2025-03,harvest-finance,Harvest Finance,lending,,1777.707,3241950.87,1823.67
2025-04,harvest-finance,Harvest Finance,lending,,2112.5981,3787846.11,1792.98
2025-05,harvest-finance,Harvest Finance,lending,,3583.3367,9022447.52,2517.89
2025-06,harvest-finance,Harvest Finance,lending,,4024.8369,10046878.25,2496.22
2025-07,harvest-finance,Harvest Finance,lending,,3642.7272,13458711.33,3694.68
2025-08,harvest-finance,Harvest Finance,lending,,3134.3404,13792257.64,4400.37
2025-09,harvest-finance,Harvest Finance,lending,,2729.9098,11320526.35,4146.85
2025-10,harvest-finance,Harvest Finance,lending,,2313.1282,8916407.75,3854.6968
2025-11,harvest-finance,Harvest Finance,lending,,1806.0399,5394724.62,2987.0461
2025-12,harvest-finance,Harvest Finance,lending,,1705.7526,5068665.69,2971.5129
2026-01,harvest-finance,Harvest Finance,lending,,1734.2182,4283101.08,2469.7591
2026-02,harvest-finance,Harvest Finance,lending,,1724.8037,3375898.78,1957.2655
2026-03,harvest-finance,Harvest Finance,lending,,1671.9717,3511246.81,2100.0636
2026-04,harvest-finance,Harvest Finance,lending,,1650.5768,3727777.46,2258.4696
2026-05,harvest-finance,Harvest Finance,lending,,1712.2189,3440808.0,2009.5608
2026-06,harvest-finance,Harvest Finance,lending,,1969.4381,3087667.42,1567.7911
2026-07,harvest-finance,Harvest Finance,lending,,2391.4348,4456379.69,1863.4753
2026-08,harvest-finance,Harvest Finance,lending,,4247.4445,10493847.6,2470.6262
2026-09,harvest-finance,Harvest Finance,lending,,5206.1962,13938157.09,2677.2247
2026-10-02,harvest-finance,Harvest Finance,lending,,5262.8089,14048476.81,2669.3876
2024-10,hatom-lending,Hatom Lending,lending,,550.9099,1387025.89,2517.7
2024-11,hatom-lending,Hatom Lending,lending,,533.4495,1986582.08,3724.03
2024-12,hatom-lending,Hatom Lending,lending,,466.8329,1554240.62,3329.33
2025-01,hatom-lending,Hatom Lending,lending,,482.3253,1591167.13,3298.95
2025-02,hatom-lending,Hatom Lending,lending,,519.9907,1157343.3,2225.7
2025-03,hatom-lending,Hatom Lending,lending,,445.2536,811995.57,1823.67
2025-04,hatom-lending,Hatom Lending,lending,,262.0691,469884.71,1792.98
2025-05,hatom-lending,Hatom Lending,lending,,261.1148,657458.41,2517.89
2025-06,hatom-lending,Hatom Lending,lending,,246.9476,616435.61,2496.22
2025-07,hatom-lending,Hatom Lending,lending,,209.9491,775694.78,3694.68
2025-08,hatom-lending,Hatom Lending,lending,,185.1095,814550.43,4400.37
2025-09,hatom-lending,Hatom Lending,lending,,172.3024,714512.34,4146.85
2025-10,hatom-lending,Hatom Lending,lending,,164.7314,634989.79,3854.6968
2025-11,hatom-lending,Hatom Lending,lending,,149.9702,447967.96,2987.0461
2025-12,hatom-lending,Hatom Lending,lending,,153.7498,456869.63,2971.5129
2026-01,hatom-lending,Hatom Lending,lending,,138.4358,341902.96,2469.7591
2026-02,hatom-lending,Hatom Lending,lending,,125.5941,245820.97,1957.2655
2026-03,hatom-lending,Hatom Lending,lending,,121.3219,254783.65,2100.0636
2026-04,hatom-lending,Hatom Lending,lending,,123.2899,278446.39,2258.4696
2026-05,hatom-lending,Hatom Lending,lending,,128.1841,257593.77,2009.5608
2026-06,hatom-lending,Hatom Lending,lending,,131.195,205686.28,1567.7911
2026-07,hatom-lending,Hatom Lending,lending,,129.5564,241425.15,1863.4753
2026-08,hatom-lending,Hatom Lending,lending,,124.1946,306838.36,2470.6262
2026-09,hatom-lending,Hatom Lending,lending,,126.3432,338249.12,2677.2247
2026-10-02,hatom-lending,Hatom Lending,lending,,126.3186,337193.26,2669.3876
2024-10,hord,Hord,staking,,2054.6562,5173007.9,2517.7
2024-11,hord,Hord,staking,,2056.798,7659577.5,3724.03
2024-12,hord,Hord,staking,,2124.5352,7073278.72,3329.33
2025-01,hord,Hord,staking,,2125.5188,7011980.15,3298.95
2025-02,hord,Hord,staking,,2148.691,4782341.57,2225.7
2025-03,hord,Hord,staking,,2155.5998,3931102.67,1823.67
2025-04,hord,Hord,staking,,2132.8603,3824175.94,1792.98
2025-05,hord,Hord,staking,,2119.0029,5335416.33,2517.89
2025-06,hord,Hord,staking,,2115.5295,5280827.11,2496.22
2025-07,hord,Hord,staking,,2115.3547,7815558.73,3694.68
2025-08,hord,Hord,staking,,2111.3102,9290546.07,4400.37
2025-09,hord,Hord,staking,,2098.1288,8700625.24,4146.85
2025-10,hord,Hord,staking,,2103.766,8109380.1,3854.6968
2025-11,hord,Hord,staking,,2063.9727,6165181.8,2987.0461
2025-12,hord,Hord,staking,,2046.128,6080095.56,2971.5129
2026-01,hord,Hord,staking,,192.3636,475091.75,2469.7591
2026-02,hord,Hord,staking,,192.3666,376512.51,1957.2655
2026-03,hord,Hord,staking,,192.3367,403919.27,2100.0636
2026-04,hord,Hord,staking,,192.4273,434591.24,2258.4696
2026-05,hord,Hord,staking,,192.0556,385947.47,2009.5608
2026-06,hord,Hord,staking,,192.3043,301493.01,1567.7911
2024-10,hourglass,Hourglass,fixed_yield,,97.7518,246109.8,2517.7
2024-11,hourglass,Hourglass,fixed_yield,,2591.8784,9652232.92,3724.03
2024-12,hourglass,Hourglass,fixed_yield,,552.9593,1840984.12,3329.33
2025-01,hourglass,Hourglass,fixed_yield,,473.4998,1562052.24,3298.95
2025-02,hourglass,Hourglass,fixed_yield,,17.2455,38383.32,2225.7
2025-03,hourglass,Hourglass,fixed_yield,,17.6066,32108.54,1823.67
2025-04,hourglass,Hourglass,fixed_yield,,6.6257,11879.76,1792.98
2025-05,hourglass,Hourglass,fixed_yield,,6.6607,16770.95,2517.89
2025-06,hourglass,Hourglass,fixed_yield,,4.3281,10803.88,2496.22
2025-07,hourglass,Hourglass,fixed_yield,,4.3227,15971.06,3694.68
2025-08,hourglass,Hourglass,fixed_yield,,4.3305,19056.0,4400.37
2025-09,hourglass,Hourglass,fixed_yield,,4.3591,18076.42,4146.85
2025-10,hourglass,Hourglass,fixed_yield,,4.3665,16831.55,3854.6968
2025-11,hourglass,Hourglass,fixed_yield,,4.3617,13028.58,2987.0461
2025-12,hourglass,Hourglass,fixed_yield,,4.367,12976.47,2971.5129
2026-01,hourglass,Hourglass,fixed_yield,,4.3497,10742.65,2469.7591
2026-02,hourglass,Hourglass,fixed_yield,,4.4046,8620.89,1957.2655
2026-03,hourglass,Hourglass,fixed_yield,,4.4012,9242.8,2100.0636
2026-04,hourglass,Hourglass,fixed_yield,,4.3935,9922.64,2258.4696
2026-05,hourglass,Hourglass,fixed_yield,,4.3633,8768.39,2009.5608
2026-06,hourglass,Hourglass,fixed_yield,,4.4596,6991.8,1567.7911
2026-07,hourglass,Hourglass,fixed_yield,,4.4108,8219.49,1863.4753
2026-08,hourglass,Hourglass,fixed_yield,,4.4144,10906.43,2470.6262
2026-09,hourglass,Hourglass,fixed_yield,,0.1582,423.52,2677.2247
2026-10-02,hourglass,Hourglass,fixed_yield,,0.1584,422.84,2669.3876
2024-10,hydration-dex,Hydration DEX,farming,pools,890.9582,2243165.41,2517.7
2024-11,hydration-dex,Hydration DEX,farming,pools,909.8462,3388294.56,3724.03
2024-12,hydration-dex,Hydration DEX,farming,pools,862.7571,2872403.2,3329.33
2025-01,hydration-dex,Hydration DEX,farming,pools,828.9367,2734620.58,3298.95
2025-02,hydration-dex,Hydration DEX,farming,pools,918.8537,2045092.72,2225.7
2025-03,hydration-dex,Hydration DEX,farming,pools,502.7462,916843.09,1823.67
2025-04,hydration-dex,Hydration DEX,farming,pools,505.6743,906663.83,1792.98
2025-05,hydration-dex,Hydration DEX,farming,pools,425.5486,1071484.59,2517.89
2025-07,hydration-dex,Hydration DEX,farming,pools,154.4922,570799.33,3694.68
2025-08,hydration-dex,Hydration DEX,farming,pools,0,0.0,4400.37
2025-09,hydration-dex,Hydration DEX,farming,pools,0,0.0,4146.85
2025-10,hydration-dex,Hydration DEX,farming,pools,0,0.0,3854.6968
2026-01,hydration-dex,Hydration DEX,farming,pools,0,0.0,2469.7591
2026-02,hydration-dex,Hydration DEX,farming,pools,0,0.0,1957.2655
2026-03,hydration-dex,Hydration DEX,farming,pools,1154.0031,2423479.92,2100.0636
2026-04,hydration-dex,Hydration DEX,farming,pools,938.1909,2118875.53,2258.4696
2026-05,hydration-dex,Hydration DEX,farming,pools,996.6949,2002919.07,2009.5608
2026-06,hydration-dex,Hydration DEX,farming,pools,1072.954,1682167.74,1567.7911
2026-07,hydration-dex,Hydration DEX,farming,pools,1119.1157,2085444.55,1863.4753
2026-09,hydration-dex,Hydration DEX,farming,pools,1000.7725,2679292.87,2677.2247
2026-10-02,hydration-dex,Hydration DEX,farming,pools,964.2249,2573889.93,2669.3876
2025-06,hydration-lending,Hydration Lending,lending,,0,0.0,2496.22
2025-07,hydration-lending,Hydration Lending,lending,,1225.2794,4527015.15,3694.68
2025-08,hydration-lending,Hydration Lending,lending,,1144.8803,5037897.09,4400.37
2025-09,hydration-lending,Hydration Lending,lending,,1500.5662,6222623.03,4146.85
2025-10,hydration-lending,Hydration Lending,lending,,1445.4874,5571915.62,3854.6968
2025-11,hydration-lending,Hydration Lending,lending,,1322.1174,3949225.63,2987.0461
2025-12,hydration-lending,Hydration Lending,lending,,1424.456,4232789.39,2971.5129
2026-01,hydration-lending,Hydration Lending,lending,,1195.8008,2953340.02,2469.7591
2026-02,hydration-lending,Hydration Lending,lending,,942.7243,1845161.86,1957.2655
2026-03,hydration-lending,Hydration Lending,lending,,883.2104,1854798.0,2100.0636
2026-04,hydration-lending,Hydration Lending,lending,,890.6516,2011509.55,2258.4696
2026-05,hydration-lending,Hydration Lending,lending,,973.2127,1955730.09,2009.5608
2026-06,hydration-lending,Hydration Lending,lending,,983.8653,1542495.21,1567.7911
2026-07,hydration-lending,Hydration Lending,lending,,1039.2506,1936617.95,1863.4753
2026-08,hydration-lending,Hydration Lending,lending,,970.1624,2396908.62,2470.6262
2026-09,hydration-lending,Hydration Lending,lending,,1070.0157,2864672.45,2677.2247
2026-10-02,hydration-lending,Hydration Lending,lending,,1033.2912,2758254.63,2669.3876
2025-06,hydrex-integral,Hydrex Integral,farming,pools,34.5194,86167.92,2496.22
2025-07,hydrex-integral,Hydrex Integral,farming,pools,89.8683,332034.6,3694.68
2025-09,hydrex-integral,Hydrex Integral,farming,pools,319.7269,1325859.48,4146.85
2025-10,hydrex-integral,Hydrex Integral,farming,pools,757.4393,2919698.65,3854.6968
2025-11,hydrex-integral,Hydrex Integral,farming,pools,1040.1871,3107086.99,2987.0461
2025-12,hydrex-integral,Hydrex Integral,farming,pools,1395.8598,4147815.35,2971.5129
2026-01,hydrex-integral,Hydrex Integral,farming,pools,1916.1825,4732509.11,2469.7591
2026-02,hydrex-integral,Hydrex Integral,farming,pools,1444.4965,2827263.28,1957.2655
2026-03,hydrex-integral,Hydrex Integral,farming,pools,1097.3508,2304506.39,2100.0636
2026-04,hydrex-integral,Hydrex Integral,farming,pools,1031.5966,2329829.51,2258.4696
2026-05,hydrex-integral,Hydrex Integral,farming,pools,1327.6724,2668038.33,2009.5608
2026-06,hydrex-integral,Hydrex Integral,farming,pools,1402.7926,2199285.8,1567.7911
2026-07,hydrex-integral,Hydrex Integral,farming,pools,1241.73,2313933.26,1863.4753
2026-08,hydrex-integral,Hydrex Integral,farming,pools,826.6951,2042454.66,2470.6262
2026-09,hydrex-integral,Hydrex Integral,farming,pools,467.2803,1251014.24,2677.2247
2026-10-02,hydrex-integral,Hydrex Integral,farming,pools,408.6858,1090940.84,2669.3876
2025-04,hyperbeat-earn,Hyperbeat Earn,farming,vaults,2948.7895,5287120.51,1792.98
2025-05,hyperbeat-earn,Hyperbeat Earn,farming,vaults,3977.8631,10015821.72,2517.89
2025-06,hyperbeat-earn,Hyperbeat Earn,farming,vaults,0.0,0.0,2496.22
2025-07,hyperbeat-earn,Hyperbeat Earn,farming,vaults,0.0,0.0,3694.68
2025-08,hyperbeat-earn,Hyperbeat Earn,farming,vaults,0.0,0.0,4400.37
2025-09,hyperbeat-earn,Hyperbeat Earn,farming,vaults,0.0,0.0,4146.85
2025-10,hyperbeat-earn,Hyperbeat Earn,farming,vaults,0.0,0.0,3854.6968
2025-11,hyperbeat-earn,Hyperbeat Earn,farming,vaults,0.0,0.0,2987.0461
2025-12,hyperbeat-earn,Hyperbeat Earn,farming,vaults,0.0,0.0,2971.5129
2026-01,hyperbeat-earn,Hyperbeat Earn,farming,vaults,0.0,0.0,2469.7591
2026-02,hyperbeat-earn,Hyperbeat Earn,farming,vaults,0.0,0.0,1957.2655
2026-03,hyperbeat-earn,Hyperbeat Earn,farming,vaults,0.0,0.0,2100.0636
2026-04,hyperbeat-earn,Hyperbeat Earn,farming,vaults,0.0,0.0,2258.4696
2026-05,hyperbeat-earn,Hyperbeat Earn,farming,vaults,0.0,0.0,2009.5608
2026-06,hyperbeat-earn,Hyperbeat Earn,farming,vaults,0.0,0.0,1567.7911
2026-07,hyperbeat-earn,Hyperbeat Earn,farming,vaults,0.0,0.0,1863.4753
2026-08,hyperbeat-earn,Hyperbeat Earn,farming,vaults,0.0,0.0,2470.6262
2026-09,hyperbeat-earn,Hyperbeat Earn,farming,vaults,0.0,0.0,2677.2247
2026-10-02,hyperbeat-earn,Hyperbeat Earn,farming,vaults,0.0,0.0,2669.3876
2024-10,inceptionlrt-(isolated-restaking),InceptionLRT (Isolated Restaking),restaking,,1313.4292,3306820.74,2517.7
2024-11,inceptionlrt-(isolated-restaking),InceptionLRT (Isolated Restaking),restaking,,1332.7679,4963267.62,3724.03
2024-12,inceptionlrt-(isolated-restaking),InceptionLRT (Isolated Restaking),restaking,,15768.3933,52498184.7,3329.33
2025-02,inceptionlrt-(isolated-restaking),InceptionLRT (Isolated Restaking),restaking,,26934.3122,59947698.72,2225.7
2025-03,inceptionlrt-(isolated-restaking),InceptionLRT (Isolated Restaking),restaking,,19850.9451,36201573.1,1823.67
2025-04,inceptionlrt-(isolated-restaking),InceptionLRT (Isolated Restaking),restaking,,22234.1769,39865434.58,1792.98
2025-05,inceptionlrt-(isolated-restaking),InceptionLRT (Isolated Restaking),restaking,,21347.6195,53750957.59,2517.89
2025-06,inceptionlrt-(isolated-restaking),InceptionLRT (Isolated Restaking),restaking,,15540.106,38791523.33,2496.22
2025-07,inceptionlrt-(isolated-restaking),InceptionLRT (Isolated Restaking),restaking,,2939.2539,10859602.71,3694.68
2025-08,inceptionlrt-(isolated-restaking),InceptionLRT (Isolated Restaking),restaking,,2695.4737,11861081.58,4400.37
2025-09,inceptionlrt-(isolated-restaking),InceptionLRT (Isolated Restaking),restaking,,0.0,0.0,4146.85
2025-10,inceptionlrt-(isolated-restaking),InceptionLRT (Isolated Restaking),restaking,,0.0,0.0,3854.6968
2025-11,inceptionlrt-(isolated-restaking),InceptionLRT (Isolated Restaking),restaking,,0.0,0.0,2987.0461
2025-12,inceptionlrt-(isolated-restaking),InceptionLRT (Isolated Restaking),restaking,,0.0,0.0,2971.5129
2026-01,inceptionlrt-(isolated-restaking),InceptionLRT (Isolated Restaking),restaking,,0.0,0.0,2469.7591
2026-02,inceptionlrt-(isolated-restaking),InceptionLRT (Isolated Restaking),restaking,,0.0,0.0,1957.2655
2026-03,inceptionlrt-(isolated-restaking),InceptionLRT (Isolated Restaking),restaking,,0.0,0.0,2100.0636
2026-04,inceptionlrt-(isolated-restaking),InceptionLRT (Isolated Restaking),restaking,,0.0,0.0,2258.4696
2026-05,inceptionlrt-(isolated-restaking),InceptionLRT (Isolated Restaking),restaking,,0.0,0.0,2009.5608
2026-06,inceptionlrt-(isolated-restaking),InceptionLRT (Isolated Restaking),restaking,,0.0,0.0,1567.7911
2026-07,inceptionlrt-(isolated-restaking),InceptionLRT (Isolated Restaking),restaking,,0.0,0.0,1863.4753
2026-08,inceptionlrt-(isolated-restaking),InceptionLRT (Isolated Restaking),restaking,,0.0,0.0,2470.6262
2026-09,inceptionlrt-(isolated-restaking),InceptionLRT (Isolated Restaking),restaking,,0.0,0.0,2677.2247
2026-10-02,inceptionlrt-(isolated-restaking),InceptionLRT (Isolated Restaking),restaking,,0.0,0.0,2669.3876
2024-10,index-coop,Index Coop,loops,,263.6966,663909.04,2517.7
2024-11,index-coop,Index Coop,loops,,261.486,973781.76,3724.03
2024-12,index-coop,Index Coop,loops,,245.1789,816281.39,3329.33
2025-01,index-coop,Index Coop,loops,,242.9892,801609.26,3298.95
2025-02,index-coop,Index Coop,loops,,209.7336,466804.05,2225.7
2025-03,index-coop,Index Coop,loops,,106.8522,194863.14,1823.67
2025-04,index-coop,Index Coop,loops,,424.0451,760304.32,1792.98
2025-05,index-coop,Index Coop,loops,,1205.0075,3034076.45,2517.89
2025-06,index-coop,Index Coop,loops,,1055.9519,2635888.24,2496.22
2025-07,index-coop,Index Coop,loops,,677.7585,2504100.73,3694.68
2025-08,index-coop,Index Coop,loops,,680.6944,2995307.19,4400.37
2025-09,index-coop,Index Coop,loops,,704.8256,2922806.07,4146.85
2025-10,index-coop,Index Coop,loops,,738.1716,2845427.82,3854.6968
2025-11,index-coop,Index Coop,loops,,715.0868,2135997.41,2987.0461
2025-12,index-coop,Index Coop,loops,,746.0325,2216845.08,2971.5129
2026-01,index-coop,Index Coop,loops,,772.3343,1907479.54,2469.7591
2026-02,index-coop,Index Coop,loops,,665.9612,1303462.96,1957.2655
2026-03,index-coop,Index Coop,loops,,656.7526,1379222.26,2100.0636
2026-04,index-coop,Index Coop,loops,,545.306,1231557.11,2258.4696
2026-05,index-coop,Index Coop,loops,,512.1061,1029108.41,2009.5608
2026-06,index-coop,Index Coop,loops,,508.4603,797159.46,1567.7911
2026-07,index-coop,Index Coop,loops,,175.0059,326119.16,1863.4753
2026-08,index-coop,Index Coop,loops,,174.0979,430130.71,2470.6262
2026-09,index-coop,Index Coop,loops,,110.4304,295647.03,2677.2247
2026-10-02,index-coop,Index Coop,loops,,109.9593,293524.11,2669.3876
2024-10,init-capital,INIT Capital,lending,,5712.2016,14381610.0,2517.7
2024-11,init-capital,INIT Capital,lending,,4416.6099,16447587.85,3724.03
2024-12,init-capital,INIT Capital,lending,,3335.0978,11103641.1,3329.33
2025-01,init-capital,INIT Capital,lending,,3027.8731,9988801.86,3298.95
2025-02,init-capital,INIT Capital,lending,,1728.9807,3848192.35,2225.7
2025-03,init-capital,INIT Capital,lending,,1751.0772,3193386.92,1823.67
2025-04,init-capital,INIT Capital,lending,,765.6732,1372836.78,1792.98
2025-05,init-capital,INIT Capital,lending,,726.2878,1828712.74,2517.89
2025-06,init-capital,INIT Capital,lending,,585.7735,1462219.42,2496.22
2025-07,init-capital,INIT Capital,lending,,516.9508,1909967.78,3694.68
2025-08,init-capital,INIT Capital,lending,,331.0027,1456534.39,4400.37
2025-09,init-capital,INIT Capital,lending,,363.8918,1509004.56,4146.85
2025-10,init-capital,INIT Capital,lending,,220.4588,849801.96,3854.6968
2025-11,init-capital,INIT Capital,lending,,196.7701,587761.45,2987.0461
2025-12,init-capital,INIT Capital,lending,,191.9451,570367.22,2971.5129
2026-01,init-capital,INIT Capital,lending,,192.8707,476344.19,2469.7591
2026-02,init-capital,INIT Capital,lending,,84.1013,164608.67,1957.2655
2026-03,init-capital,INIT Capital,lending,,194.5104,408484.14,2100.0636
2026-04,init-capital,INIT Capital,lending,,105.2671,237742.63,2258.4696
2026-05,init-capital,INIT Capital,lending,,104.288,209573.05,2009.5608
2026-06,init-capital,INIT Capital,lending,,100.6877,157857.26,1567.7911
2026-07,init-capital,INIT Capital,lending,,99.8344,186039.0,1863.4753
2026-08,init-capital,INIT Capital,lending,,98.2844,242824.12,2470.6262
2026-09,init-capital,INIT Capital,lending,,97.2212,260283.01,2677.2247
2026-10-02,init-capital,INIT Capital,lending,,96.9175,258710.32,2669.3876
2024-10,inverse-finance-firm,Inverse Finance FiRM,cdp,,107.3349,270237.13,2517.7
2024-11,inverse-finance-firm,Inverse Finance FiRM,cdp,,82.1916,306083.85,3724.03
2024-12,inverse-finance-firm,Inverse Finance FiRM,cdp,,38.6976,128837.1,3329.33
2025-01,inverse-finance-firm,Inverse Finance FiRM,cdp,,38.6694,127568.5,3298.95
2025-02,inverse-finance-firm,Inverse Finance FiRM,cdp,,38.8089,86376.96,2225.7
2025-03,inverse-finance-firm,Inverse Finance FiRM,cdp,,39.2222,71528.39,1823.67
2025-04,inverse-finance-firm,Inverse Finance FiRM,cdp,,20.132,36096.36,1792.98
2025-05,inverse-finance-firm,Inverse Finance FiRM,cdp,,18.83,47411.93,2517.89
2025-06,inverse-finance-firm,Inverse Finance FiRM,cdp,,18.6182,46475.23,2496.22
2025-07,inverse-finance-firm,Inverse Finance FiRM,cdp,,18.7086,69122.18,3694.68
2025-08,inverse-finance-firm,Inverse Finance FiRM,cdp,,16.1407,71025.05,4400.37
2025-09,inverse-finance-firm,Inverse Finance FiRM,cdp,,16.0708,66642.99,4146.85
2025-10,inverse-finance-firm,Inverse Finance FiRM,cdp,,16.0473,61857.48,3854.6968
2025-11,inverse-finance-firm,Inverse Finance FiRM,cdp,,16.1143,48134.01,2987.0461
2025-12,inverse-finance-firm,Inverse Finance FiRM,cdp,,16.0746,47765.82,2971.5129
2026-01,inverse-finance-firm,Inverse Finance FiRM,cdp,,16.9761,41926.88,2469.7591
2026-02,inverse-finance-firm,Inverse Finance FiRM,cdp,,17.9771,35185.96,1957.2655
2026-03,inverse-finance-firm,Inverse Finance FiRM,cdp,,18.017,37836.89,2100.0636
2026-04,inverse-finance-firm,Inverse Finance FiRM,cdp,,17.9771,40600.73,2258.4696
2026-05,inverse-finance-firm,Inverse Finance FiRM,cdp,,17.9771,36126.08,2009.5608
2026-06,inverse-finance-firm,Inverse Finance FiRM,cdp,,17.9356,28119.32,1567.7911
2026-07,inverse-finance-firm,Inverse Finance FiRM,cdp,,3.9771,7411.23,1863.4753
2026-08,inverse-finance-firm,Inverse Finance FiRM,cdp,,43.9771,108650.98,2470.6262
2026-09,inverse-finance-firm,Inverse Finance FiRM,cdp,,44.0779,118006.35,2677.2247
2026-10-02,inverse-finance-firm,Inverse Finance FiRM,cdp,,43.9771,117391.93,2669.3876
2024-10,ionic-protocol,Ionic Protocol,lending,,823.3278,2072892.47,2517.7
2024-11,ionic-protocol,Ionic Protocol,lending,,340.6062,1268427.76,3724.03
2024-12,ionic-protocol,Ionic Protocol,lending,,473.9524,1577944.09,3329.33
2025-01,ionic-protocol,Ionic Protocol,lending,,345.3324,1139234.33,3298.95
2025-02,ionic-protocol,Ionic Protocol,lending,,113.4482,252501.62,2225.7
2025-03,ionic-protocol,Ionic Protocol,lending,,65.4672,119390.52,1823.67
2025-04,ionic-protocol,Ionic Protocol,lending,,54.7512,98167.74,1792.98
2024-10,joe-dex,Joe DEX,farming,pools,203.7165,512896.97,2517.7
2024-11,joe-dex,Joe DEX,farming,pools,219.4024,817061.04,3724.03
2024-12,joe-dex,Joe DEX,farming,pools,197.0527,656053.37,3329.33
2025-01,joe-dex,Joe DEX,farming,pools,190.0729,627041.04,3298.95
2025-02,joe-dex,Joe DEX,farming,pools,186.1373,414285.78,2225.7
2025-03,joe-dex,Joe DEX,farming,pools,190.5289,347461.76,1823.67
2025-04,joe-dex,Joe DEX,farming,pools,200.7387,359920.42,1792.98
2025-05,joe-dex,Joe DEX,farming,pools,167.8047,422513.86,2517.89
2025-06,joe-dex,Joe DEX,farming,pools,156.3831,390366.57,2496.22
2025-07,joe-dex,Joe DEX,farming,pools,137.7991,509123.71,3694.68
2025-08,joe-dex,Joe DEX,farming,pools,127.0291,558975.15,4400.37
2025-09,joe-dex,Joe DEX,farming,pools,148.9393,617629.06,4146.85
2025-10,joe-dex,Joe DEX,farming,pools,121.636,468869.98,3854.6968
2025-11,joe-dex,Joe DEX,farming,pools,116.2296,347183.25,2987.0461
2025-12,joe-dex,Joe DEX,farming,pools,114.7174,340884.3,2971.5129
2026-01,joe-dex,Joe DEX,farming,pools,113.8214,281111.54,2469.7591
2026-02,joe-dex,Joe DEX,farming,pools,134.4759,263205.05,1957.2655
2026-03,joe-dex,Joe DEX,farming,pools,127.0548,266823.2,2100.0636
2026-04,joe-dex,Joe DEX,farming,pools,123.3681,278623.21,2258.4696
2026-05,joe-dex,Joe DEX,farming,pools,129.4807,260199.32,2009.5608
2026-06,joe-dex,Joe DEX,farming,pools,126.3789,198135.73,1567.7911
2026-07,joe-dex,Joe DEX,farming,pools,115.3889,215024.34,1863.4753
2026-08,joe-dex,Joe DEX,farming,pools,106.7471,263732.3,2470.6262
2026-09,joe-dex,Joe DEX,farming,pools,123.4709,330559.45,2677.2247
2026-10-02,joe-dex,Joe DEX,farming,pools,123.0255,328402.66,2669.3876
2024-10,juice-finance,Juice Finance,loops,,30018.4779,75577521.69,2517.7
2024-11,juice-finance,Juice Finance,loops,,18911.5699,70427253.83,3724.03
2024-12,juice-finance,Juice Finance,loops,,6571.8005,21879692.72,3329.33
2025-01,juice-finance,Juice Finance,loops,,4713.4549,15549451.98,3298.95
2025-02,juice-finance,Juice Finance,loops,,4345.1656,9671035.01,2225.7
2025-03,juice-finance,Juice Finance,loops,,3292.2563,6003989.1,1823.67
2025-04,juice-finance,Juice Finance,loops,,3160.9288,5667482.16,1792.98
2025-05,juice-finance,Juice Finance,loops,,2261.8341,5695049.4,2517.89
2025-06,juice-finance,Juice Finance,loops,,2126.4311,5308039.87,2496.22
2025-07,juice-finance,Juice Finance,loops,,1887.1621,6972460.11,3694.68
2025-08,juice-finance,Juice Finance,loops,,1462.2871,6434604.38,4400.37
2025-09,juice-finance,Juice Finance,loops,,1433.5585,5944751.97,4146.85
2025-10,juice-finance,Juice Finance,loops,,877.5085,3382529.3,3854.6968
2025-11,juice-finance,Juice Finance,loops,,811.1147,2422837.1,2987.0461
2025-12,juice-finance,Juice Finance,loops,,806.2401,2395752.78,2971.5129
2026-01,juice-finance,Juice Finance,loops,,74.5181,184041.75,2469.7591
2026-02,juice-finance,Juice Finance,loops,,76.0805,148909.64,1957.2655
2026-03,juice-finance,Juice Finance,loops,,71.7624,150705.6,2100.0636
2026-04,juice-finance,Juice Finance,loops,,70.1209,158365.97,2258.4696
2026-05,juice-finance,Juice Finance,loops,,0.0,0.0,2009.5608
2026-06,juice-finance,Juice Finance,loops,,0.0,0.0,1567.7911
2026-07,juice-finance,Juice Finance,loops,,0.0,0.0,1863.4753
2026-08,juice-finance,Juice Finance,loops,,0.0,0.0,2470.6262
2026-09,juice-finance,Juice Finance,loops,,0.0,0.0,2677.2247
2026-10-02,juice-finance,Juice Finance,loops,,0.0,0.0,2669.3876
2024-10,jupiter-perpetual-exchange,Jupiter Perpetual Exchange,farming,pools,32256.0282,81211002.18,2517.7
2024-11,jupiter-perpetual-exchange,Jupiter Perpetual Exchange,farming,pools,42559.644,158493391.14,3724.03
2024-12,jupiter-perpetual-exchange,Jupiter Perpetual Exchange,farming,pools,50831.6372,169235294.66,3329.33
2025-01,jupiter-perpetual-exchange,Jupiter Perpetual Exchange,farming,pools,61086.1826,201520262.0,3298.95
2025-02,jupiter-perpetual-exchange,Jupiter Perpetual Exchange,farming,pools,66836.2892,148757528.79,2225.7
2025-03,jupiter-perpetual-exchange,Jupiter Perpetual Exchange,farming,pools,74999.194,136773780.04,1823.67
2025-04,jupiter-perpetual-exchange,Jupiter Perpetual Exchange,farming,pools,85051.3301,152495333.88,1792.98
2025-05,jupiter-perpetual-exchange,Jupiter Perpetual Exchange,farming,pools,53051.2806,133577289.0,2517.89
2025-06,jupiter-perpetual-exchange,Jupiter Perpetual Exchange,farming,pools,52235.4439,130391159.85,2496.22
2025-07,jupiter-perpetual-exchange,Jupiter Perpetual Exchange,farming,pools,36846.2416,136135071.85,3694.68
2025-08,jupiter-perpetual-exchange,Jupiter Perpetual Exchange,farming,pools,40798.8936,179530227.21,4400.37
2025-09,jupiter-perpetual-exchange,Jupiter Perpetual Exchange,farming,pools,44972.9552,186496099.36,4146.85
2025-10,jupiter-perpetual-exchange,Jupiter Perpetual Exchange,farming,pools,47033.121,181298419.91,3854.6968
2025-11,jupiter-perpetual-exchange,Jupiter Perpetual Exchange,farming,pools,48408.8846,144599572.32,2987.0461
2025-12,jupiter-perpetual-exchange,Jupiter Perpetual Exchange,farming,pools,40964.5583,121726712.23,2971.5129
2026-01,jupiter-perpetual-exchange,Jupiter Perpetual Exchange,farming,pools,44732.4356,110478339.89,2469.7591
2026-02,jupiter-perpetual-exchange,Jupiter Perpetual Exchange,farming,pools,45400.0039,88859862.86,1957.2655
2026-03,jupiter-perpetual-exchange,Jupiter Perpetual Exchange,farming,pools,41827.1613,87839698.48,2100.0636
2026-04,jupiter-perpetual-exchange,Jupiter Perpetual Exchange,farming,pools,31104.7147,70249052.87,2258.4696
2026-05,jupiter-perpetual-exchange,Jupiter Perpetual Exchange,farming,pools,31257.7698,62814389.14,2009.5608
2026-06,jupiter-perpetual-exchange,Jupiter Perpetual Exchange,farming,pools,35585.2669,55790264.06,1567.7911
2026-07,jupiter-perpetual-exchange,Jupiter Perpetual Exchange,farming,pools,33769.5401,62928705.17,1863.4753
2026-08,jupiter-perpetual-exchange,Jupiter Perpetual Exchange,farming,pools,29158.4216,72039560.3,2470.6262
2026-09,jupiter-perpetual-exchange,Jupiter Perpetual Exchange,farming,pools,26729.0485,71559668.59,2677.2247
2026-10-02,jupiter-perpetual-exchange,Jupiter Perpetual Exchange,farming,pools,27258.7803,72764250.28,2669.3876
2024-10,kamino-lend,Kamino Lend,lending,,544.4605,1370788.26,2517.7
2024-11,kamino-lend,Kamino Lend,lending,,602.9992,2245587.02,3724.03
2024-12,kamino-lend,Kamino Lend,lending,,1323.9868,4407989.08,3329.33
2025-01,kamino-lend,Kamino Lend,lending,,3106.8147,10249226.46,3298.95
2025-02,kamino-lend,Kamino Lend,lending,,1167.7076,2598966.78,2225.7
2025-03,kamino-lend,Kamino Lend,lending,,1484.6243,2707464.76,1823.67
2025-04,kamino-lend,Kamino Lend,lending,,1477.2794,2648732.44,1792.98
2025-05,kamino-lend,Kamino Lend,lending,,1518.5867,3823634.19,2517.89
2025-06,kamino-lend,Kamino Lend,lending,,692.5012,1728635.44,2496.22
2025-07,kamino-lend,Kamino Lend,lending,,2393.7656,8844198.04,3694.68
2025-08,kamino-lend,Kamino Lend,lending,,2020.1718,8889503.44,4400.37
2025-09,kamino-lend,Kamino Lend,lending,,1760.1785,7299196.39,4146.85
2025-10,kamino-lend,Kamino Lend,lending,,2067.6876,7970308.74,3854.6968
2025-11,kamino-lend,Kamino Lend,lending,,1947.1354,5816183.35,2987.0461
2025-12,kamino-lend,Kamino Lend,lending,,1524.9639,4531449.7,2971.5129
2026-01,kamino-lend,Kamino Lend,lending,,1622.6658,4007593.51,2469.7591
2026-02,kamino-lend,Kamino Lend,lending,,1494.0341,2924221.48,1957.2655
2026-03,kamino-lend,Kamino Lend,lending,,1445.7733,3036215.82,2100.0636
2026-04,kamino-lend,Kamino Lend,lending,,1068.6874,2413597.94,2258.4696
2026-05,kamino-lend,Kamino Lend,lending,,471.9079,948327.6,2009.5608
2026-06,kamino-lend,Kamino Lend,lending,,492.9224,772799.27,1567.7911
2026-07,kamino-lend,Kamino Lend,lending,,976.9268,1820479.07,1863.4753
2026-08,kamino-lend,Kamino Lend,lending,,990.9109,2448170.34,2470.6262
2026-09,kamino-lend,Kamino Lend,lending,,926.8308,2481334.25,2677.2247
2026-10-02,kamino-lend,Kamino Lend,lending,,951.4303,2539736.24,2669.3876
2024-10,katana-dex,Katana DEX,farming,pools,14503.3804,36515160.81,2517.7
2024-11,katana-dex,Katana DEX,farming,pools,13010.6438,48452027.98,3724.03
2024-12,katana-dex,Katana DEX,farming,pools,11658.3885,38814622.55,3329.33
2025-01,katana-dex,Katana DEX,farming,pools,10026.7603,33077780.8,3298.95
2025-02,katana-dex,Katana DEX,farming,pools,9583.1914,21329309.09,2225.7
2025-03,katana-dex,Katana DEX,farming,pools,9286.4234,16935371.8,1823.67
2025-04,katana-dex,Katana DEX,farming,pools,7816.0331,14013990.99,1792.98
2025-05,katana-dex,Katana DEX,farming,pools,5945.4615,14970018.07,2517.89
2025-06,katana-dex,Katana DEX,farming,pools,3604.9671,8998791.01,2496.22
2025-07,katana-dex,Katana DEX,farming,pools,2758.944,10193415.26,3694.68
2025-08,katana-dex,Katana DEX,farming,pools,2392.2769,10526903.69,4400.37
2025-09,katana-dex,Katana DEX,farming,pools,2266.0342,9396904.07,4146.85
2025-10,katana-dex,Katana DEX,farming,pools,2026.0509,7809811.77,3854.6968
2025-11,katana-dex,Katana DEX,farming,pools,1898.901,5672104.85,2987.0461
2025-12,katana-dex,Katana DEX,farming,pools,1726.7142,5130953.32,2971.5129
2026-01,katana-dex,Katana DEX,farming,pools,1959.1545,4838639.63,2469.7591
2026-02,katana-dex,Katana DEX,farming,pools,2070.6827,4052875.9,1957.2655
2026-03,katana-dex,Katana DEX,farming,pools,1950.9901,4097203.26,2100.0636
2026-04,katana-dex,Katana DEX,farming,pools,1926.4111,4350741.04,2258.4696
2026-05,katana-dex,Katana DEX,farming,pools,1907.9647,3834171.17,2009.5608
2026-06,katana-dex,Katana DEX,farming,pools,1930.5244,3026659.0,1567.7911
2026-07,katana-dex,Katana DEX,farming,pools,1765.0217,3289074.48,1863.4753
2026-08,katana-dex,Katana DEX,farming,pools,1584.9464,3915810.15,2470.6262
2026-09,katana-dex,Katana DEX,farming,pools,1606.1719,4300083.19,2677.2247
2026-10-02,katana-dex,Katana DEX,farming,pools,1634.3281,4362655.19,2669.3876
2024-10,kelp,Kelp,restaking,,174105.6447,438345781.63,2517.7
2024-11,kelp,Kelp,restaking,,295118.2942,1099029381.22,3724.03
2024-12,kelp,Kelp,restaking,,464430.1995,1546241396.16,3329.33
2025-01,kelp,Kelp,restaking,,534601.9124,1763624978.97,3298.95
2025-02,kelp,Kelp,restaking,,540736.5983,1203517446.76,2225.7
2025-03,kelp,Kelp,restaking,,537633.8168,980466662.62,1823.67
2025-04,kelp,Kelp,restaking,,484078.1928,867942518.19,1792.98
2025-05,kelp,Kelp,restaking,,383216.7321,964897577.55,2517.89
2025-06,kelp,Kelp,restaking,,384124.5125,958859290.65,2496.22
2025-07,kelp,Kelp,restaking,,380966.0637,1407547696.06,3694.68
2025-08,kelp,Kelp,restaking,,369364.186,1625339083.26,4400.37
2025-09,kelp,Kelp,restaking,,381097.8643,1580355678.46,4146.85
2025-10,kelp,Kelp,restaking,,339148.3362,1307313998.22,3854.6968
2025-11,kelp,Kelp,restaking,,318654.8012,951836596.97,2987.0461
2025-12,kelp,Kelp,restaking,,332359.6082,987610852.28,2971.5129
2026-01,kelp,Kelp,restaking,,561401.5543,1386526598.07,2469.7591
2026-02,kelp,Kelp,restaking,,546018.098,1068702403.96,1957.2655
2026-03,kelp,Kelp,restaking,,583750.0812,1225912291.49,2100.0636
2026-04,kelp,Kelp,restaking,,641908.229,1449730227.76,2258.4696
2026-05,kelp,Kelp,restaking,,621390.1907,1248721373.41,2009.5608
2026-06,kelp,Kelp,restaking,,525104.7397,823254527.49,1567.7911
2026-07,kelp,Kelp,restaking,,456094.4173,849920697.48,1863.4753
2026-08,kelp,Kelp,restaking,,432142.4041,1067662346.22,2470.6262
2026-09,kelp,Kelp,restaking,,405922.5597,1086745899.41,2677.2247
2026-10-02,kelp,Kelp,restaking,,405327.5238,1081976266.96,2669.3876
2024-10,kinetic,Kinetic,lending,,291.2289,733227.06,2517.7
2024-11,kinetic,Kinetic,lending,,301.8525,1124107.83,3724.03
2024-12,kinetic,Kinetic,lending,,347.5815,1157213.44,3329.33
2025-01,kinetic,Kinetic,lending,,422.1154,1392537.47,3298.95
2025-02,kinetic,Kinetic,lending,,1271.6795,2830377.17,2225.7
2025-03,kinetic,Kinetic,lending,,1739.5244,3172318.52,1823.67
2025-04,kinetic,Kinetic,lending,,1865.0842,3344058.68,1792.98
2025-05,kinetic,Kinetic,lending,,1895.514,4772695.65,2517.89
2025-06,kinetic,Kinetic,lending,,1751.9207,4373179.54,2496.22
2025-07,kinetic,Kinetic,lending,,1476.535,5455324.18,3694.68
2025-08,kinetic,Kinetic,lending,,1310.9669,5768739.46,4400.37
2025-09,kinetic,Kinetic,lending,,1567.8788,6501758.25,4146.85
2025-10,kinetic,Kinetic,lending,,1303.3099,5023864.33,3854.6968
2025-11,kinetic,Kinetic,lending,,1220.7228,3646355.26,2987.0461
2025-12,kinetic,Kinetic,lending,,1478.4269,4393164.49,2971.5129
2026-01,kinetic,Kinetic,lending,,1355.1097,3346794.45,2469.7591
2026-03,kinetic,Kinetic,lending,,270.0113,567040.82,2100.0636
2026-04,kinetic,Kinetic,lending,,119.7732,270504.17,2258.4696
2026-05,kinetic,Kinetic,lending,,179.5272,360770.87,2009.5608
2026-06,kinetic,Kinetic,lending,,272.656,427467.61,1567.7911
2026-07,kinetic,Kinetic,lending,,221.954,413605.88,1863.4753
2026-08,kinetic,Kinetic,lending,,249.9528,617540.04,2470.6262
2026-09,kinetic,Kinetic,lending,,239.1509,640260.7,2677.2247
2026-10-02,kinetic,Kinetic,lending,,205.0235,547287.24,2669.3876
2024-10,kinza-finance,Kinza Finance,lending,,1477.6817,3720359.19,2517.7
2024-11,kinza-finance,Kinza Finance,lending,,327.9529,1221306.58,3724.03
2024-12,kinza-finance,Kinza Finance,lending,,697.3462,2321695.66,3329.33
2025-01,kinza-finance,Kinza Finance,lending,,653.9983,2157507.58,3298.95
2025-02,kinza-finance,Kinza Finance,lending,,588.066,1308858.51,2225.7
2025-03,kinza-finance,Kinza Finance,lending,,593.5143,1082374.15,1823.67
2025-04,kinza-finance,Kinza Finance,lending,,686.9226,1231638.57,1792.98
2025-05,kinza-finance,Kinza Finance,lending,,634.5226,1597658.09,2517.89
2025-06,kinza-finance,Kinza Finance,lending,,672.204,1677969.04,2496.22
2025-07,kinza-finance,Kinza Finance,lending,,567.4613,2096587.92,3694.68
2025-08,kinza-finance,Kinza Finance,lending,,487.5253,2145291.71,4400.37
2025-09,kinza-finance,Kinza Finance,lending,,484.5515,2009362.51,4146.85
2025-10,kinza-finance,Kinza Finance,lending,,391.5133,1509165.01,3854.6968
2025-11,kinza-finance,Kinza Finance,lending,,353.0154,1054473.35,2987.0461
2025-12,kinza-finance,Kinza Finance,lending,,258.6439,768563.63,2971.5129
2026-01,kinza-finance,Kinza Finance,lending,,261.3902,645570.81,2469.7591
2026-02,kinza-finance,Kinza Finance,lending,,158.5851,310393.21,1957.2655
2026-03,kinza-finance,Kinza Finance,lending,,154.3873,324223.11,2100.0636
2026-04,kinza-finance,Kinza Finance,lending,,141.7686,320180.1,2258.4696
2026-05,kinza-finance,Kinza Finance,lending,,155.3312,312147.45,2009.5608
2026-06,kinza-finance,Kinza Finance,lending,,137.6552,215814.66,1567.7911
2026-07,kinza-finance,Kinza Finance,lending,,129.5754,241460.56,1863.4753
2026-08,kinza-finance,Kinza Finance,lending,,103.0126,254505.66,2470.6262
2026-09,kinza-finance,Kinza Finance,lending,,99.4656,266291.63,2677.2247
2026-10-02,kinza-finance,Kinza Finance,lending,,97.8657,261241.5,2669.3876
2025-02,kodiak-v3,Kodiak V3,farming,pools,92803.067,206551786.11,2225.7
2025-03,kodiak-v3,Kodiak V3,farming,pools,99855.1391,182102821.45,1823.67
2025-04,kodiak-v3,Kodiak V3,farming,pools,104523.4993,187408543.75,1792.98
2025-05,kodiak-v3,Kodiak V3,farming,pools,16872.5353,42483188.0,2517.89
2025-06,kodiak-v3,Kodiak V3,farming,pools,0,0.0,2496.22
2025-07,kodiak-v3,Kodiak V3,farming,pools,0,0.0,3694.68
2025-08,kodiak-v3,Kodiak V3,farming,pools,0,0.0,4400.37
2025-09,kodiak-v3,Kodiak V3,farming,pools,2844.4036,11795315.24,4146.85
2025-10,kodiak-v3,Kodiak V3,farming,pools,2662.9675,10264932.41,3854.6968
2025-11,kodiak-v3,Kodiak V3,farming,pools,2795.2397,8349510.09,2987.0461
2025-12,kodiak-v3,Kodiak V3,farming,pools,2399.6774,7130672.35,2971.5129
2026-01,kodiak-v3,Kodiak V3,farming,pools,2908.8041,7184045.39,2469.7591
2026-02,kodiak-v3,Kodiak V3,farming,pools,2211.7213,4328925.91,1957.2655
2026-03,kodiak-v3,Kodiak V3,farming,pools,1772.6654,3722710.05,2100.0636
2026-04,kodiak-v3,Kodiak V3,farming,pools,1700.3461,3840180.04,2258.4696
2026-05,kodiak-v3,Kodiak V3,farming,pools,2255.2718,4532105.89,2009.5608
2026-06,kodiak-v3,Kodiak V3,farming,pools,1298.9938,2036550.89,1567.7911
2026-07,kodiak-v3,Kodiak V3,farming,pools,940.2441,1752121.61,1863.4753
2026-08,kodiak-v3,Kodiak V3,farming,pools,686.9975,1697314.12,2470.6262
2026-09,kodiak-v3,Kodiak V3,farming,pools,750.8391,2010165.06,2677.2247
2026-10-02,kodiak-v3,Kodiak V3,farming,pools,759.9318,2028552.62,2669.3876
2024-12,lagoon,Lagoon vaults (other),farming,vaults,2008.2353,6686078.18,3329.33
2025-01,lagoon,Lagoon vaults (other),farming,vaults,10949.049,36120365.09,3298.95
2025-02,lagoon,Lagoon vaults (other),farming,vaults,11333.0328,25223931.16,2225.7
2025-03,lagoon,Lagoon vaults (other),farming,vaults,12694.5595,23150687.31,1823.67
2025-04,lagoon,Lagoon vaults (other),farming,vaults,13159.4713,23594668.82,1792.98
2025-05,lagoon,Lagoon vaults (other),farming,vaults,13145.5256,33098987.46,2517.89
2025-06,lagoon,Lagoon vaults (other),farming,vaults,13877.3071,34640811.64,2496.22
2025-07,lagoon,Lagoon vaults (other),farming,vaults,18665.4039,68962694.36,3694.68
2025-08,lagoon,Lagoon vaults (other),farming,vaults,12541.2499,55186139.65,4400.37
2025-09,lagoon,Lagoon vaults (other),farming,vaults,11480.3753,47607394.3,4146.85
2025-10,lagoon,Lagoon vaults (other),farming,vaults,16590.0003,63949420.7,3854.6968
2025-11,lagoon,Lagoon vaults (other),farming,vaults,13743.9854,41053918.53,2987.0461
2025-12,lagoon,Lagoon vaults (other),farming,vaults,14846.225,44115748.69,2971.5129
2026-01,lagoon,Lagoon vaults (other),farming,vaults,17823.9184,44020784.71,2469.7591
2026-02,lagoon,Lagoon vaults (other),farming,vaults,19027.8146,37242485.65,1957.2655
2026-03,lagoon,Lagoon vaults (other),farming,vaults,11206.658,23534694.51,2100.0636
2026-04,lagoon,Lagoon vaults (other),farming,vaults,10439.6777,23577694.88,2258.4696
2026-05,lagoon,Lagoon vaults (other),farming,vaults,7999.2092,16074897.27,2009.5608
2026-06,lagoon,Lagoon vaults (other),farming,vaults,8309.5911,13027702.88,1567.7911
2026-07,lagoon,Lagoon vaults (other),farming,vaults,7536.5209,14044120.74,1863.4753
2026-08,lagoon,Lagoon vaults (other),farming,vaults,6885.9259,17012549.04,2470.6262
2026-09,lagoon,Lagoon vaults (other),farming,vaults,6157.8161,16485857.26,2677.2247
2026-10-02,lagoon,Lagoon vaults (other),farming,vaults,6330.6885,16899061.52,2669.3876
2025-01,latch,Latch,farming,vaults,1293.0774,4265797.66,3298.95
2025-02,latch,Latch,farming,vaults,1424.5101,3170532.04,2225.7
2025-03,latch,Latch,farming,vaults,1317.5799,2402830.91,1823.67
2025-04,latch,Latch,farming,vaults,1039.3558,1863544.22,1792.98
2025-05,latch,Latch,farming,vaults,1789.8823,4506726.79,2517.89
2025-06,latch,Latch,farming,vaults,1573.0993,3926801.84,2496.22
2025-07,latch,Latch,farming,vaults,1791.0206,6617248.14,3694.68
2025-08,latch,Latch,farming,vaults,991.0879,4361153.42,4400.37
2025-09,latch,Latch,farming,vaults,998.1884,4139337.55,4146.85
2025-10,latch,Latch,farming,vaults,971.2357,3743819.06,3854.6968
2025-11,latch,Latch,farming,vaults,907.9754,2712164.28,2987.0461
2025-12,latch,Latch,farming,vaults,804.0796,2389332.99,2971.5129
2026-01,latch,Latch,farming,vaults,1015.3386,2507641.85,2469.7591
2026-02,latch,Latch,farming,vaults,939.4158,1838686.22,1957.2655
2026-03,latch,Latch,farming,vaults,915.2807,1922147.68,2100.0636
2026-04,latch,Latch,farming,vaults,96.7275,218456.2,2258.4696
2026-05,latch,Latch,farming,vaults,96.6701,194264.45,2009.5608
2026-06,latch,Latch,farming,vaults,96.9735,152034.12,1567.7911
2026-07,latch,Latch,farming,vaults,84.7923,158008.33,1863.4753
2026-08,latch,Latch,farming,vaults,94.0357,232327.08,2470.6262
2026-09,latch,Latch,farming,vaults,91.8755,245971.31,2677.2247
2026-10-02,latch,Latch,farming,vaults,91.3064,243732.06,2669.3876
2024-10,layerbank,LayerBank,lending,,3396.3208,8550916.97,2517.7
2024-11,layerbank,LayerBank,lending,,2243.8461,8356150.1,3724.03
2024-12,layerbank,LayerBank,lending,,1513.5139,5038987.17,3329.33
2025-01,layerbank,LayerBank,lending,,1278.4564,4217563.65,3298.95
2025-02,layerbank,LayerBank,lending,,1057.6582,2354029.75,2225.7
2025-03,layerbank,LayerBank,lending,,944.4675,1722397.09,1823.67
2025-04,layerbank,LayerBank,lending,,1069.174,1917007.63,1792.98
2025-05,layerbank,LayerBank,lending,,1088.2901,2740194.68,2517.89
2025-06,layerbank,LayerBank,lending,,724.6465,1808877.16,2496.22
2025-07,layerbank,LayerBank,lending,,753.6076,2784339.02,3694.68
2025-08,layerbank,LayerBank,lending,,564.4074,2483601.53,4400.37
2025-09,layerbank,LayerBank,lending,,429.9132,1782785.53,4146.85
2025-10,layerbank,LayerBank,lending,,414.3914,1597353.03,3854.6968
2025-11,layerbank,LayerBank,lending,,331.2518,989464.46,2987.0461
2025-12,layerbank,LayerBank,lending,,288.0033,855805.48,2971.5129
2026-02,layerbank,LayerBank,lending,,225.3385,441047.35,1957.2655
2026-03,layerbank,LayerBank,lending,,275.9446,579501.2,2100.0636
2026-04,layerbank,LayerBank,lending,,164.56,371653.67,2258.4696
2026-05,layerbank,LayerBank,lending,,106.4734,213964.77,2009.5608
2026-06,layerbank,LayerBank,lending,,60.1275,94267.33,1567.7911
2026-07,layerbank,LayerBank,lending,,29.2095,54431.1,1863.4753
2026-08,layerbank,LayerBank,lending,,11.6062,28674.6,2470.6262
2026-09,layerbank,LayerBank,lending,,2.4894,6664.69,2677.2247
2026-10-02,layerbank,LayerBank,lending,,2.4409,6515.62,2669.3876
2024-10,lido,Lido,staking,,8772030.1061,22085340198.06,2517.7
2024-11,lido,Lido,staking,,8788106.187,32727171083.44,3724.03
2024-12,lido,Lido,staking,,8672108.0671,28872309551.07,3329.33
2025-01,lido,Lido,staking,,8545327.3849,28190607776.57,3298.95
2025-02,lido,Lido,staking,,8382264.8258,18656406822.89,2225.7
2025-03,lido,Lido,staking,,8292878.0512,15123472915.61,1823.67
2025-04,lido,Lido,staking,,8269516.736,14827078117.36,1792.98
2025-05,lido,Lido,staking,,8042091.1751,20249100948.91,2517.89
2025-06,lido,Lido,staking,,8115564.0253,20258233231.15,2496.22
2025-07,lido,Lido,staking,,8067288.7779,29806050501.86,3694.68
2025-08,lido,Lido,staking,,7961905.3268,35035329343.09,4400.37
2025-09,lido,Lido,staking,,7814372.0298,32405028651.6,4146.85
2025-10,lido,Lido,staking,,7875051.2623,30355934714.42,3854.6968
2025-11,lido,Lido,staking,,7993024.863,23875534142.04,2987.0461
2025-12,lido,Lido,staking,,8242001.9387,24491214813.86,2971.5129
2026-01,lido,Lido,staking,,8777180.7344,21677522001.82,2469.7591
2026-02,lido,Lido,staking,,8651497.8629,16933278582.66,1957.2655
2026-03,lido,Lido,staking,,8401562.2126,17643814906.09,2100.0636
2026-04,lido,Lido,staking,,8319361.4506,18789025012.06,2258.4696
2026-05,lido,Lido,staking,,8206740.6591,16491944386.62,2009.5608
2026-06,lido,Lido,staking,,8516554.7056,13352178508.76,1567.7911
2026-07,lido,Lido,staking,,8858250.4249,16507131186.48,1863.4753
2026-08,lido,Lido,staking,,9164283.3864,22641518650.43,2470.6262
2026-09,lido,Lido,staking,,9387086.8992,25131340821.51,2677.2247
2026-10-02,lido,Lido,staking,,9386402.8283,25055947339.13,2669.3876
2025-04,liminal-basis,Liminal Basis,basis,,0.0,0.0,1792.98
2025-05,liminal-basis,Liminal Basis,basis,,16.751,42177.2,2517.89
2025-06,liminal-basis,Liminal Basis,basis,,27.0742,67583.24,2496.22
2025-07,liminal-basis,Liminal Basis,basis,,1077.8461,3982296.37,3694.68
2025-08,liminal-basis,Liminal Basis,basis,,1561.2315,6869996.25,4400.37
2025-09,liminal-basis,Liminal Basis,basis,,512.8867,2126864.25,4146.85
2025-10,liminal-basis,Liminal Basis,basis,,216.7771,835610.03,3854.6968
2025-11,liminal-basis,Liminal Basis,basis,,204.755,611612.66,2987.0461
2025-12,liminal-basis,Liminal Basis,basis,,164.55,488962.36,2971.5129
2026-01,liminal-basis,Liminal Basis,basis,,147.318,363839.89,2469.7591
2026-02,liminal-basis,Liminal Basis,basis,,113.8816,222896.49,1957.2655
2026-03,liminal-basis,Liminal Basis,basis,,95.6339,200837.35,2100.0636
2026-04,liminal-basis,Liminal Basis,basis,,59.1522,133593.51,2258.4696
2026-05,liminal-basis,Liminal Basis,basis,,35.5788,71497.85,2009.5608
2026-06,liminal-basis,Liminal Basis,basis,,29.3212,45969.55,1567.7911
2026-07,liminal-basis,Liminal Basis,basis,,27.8906,51973.52,1863.4753
2026-08,liminal-basis,Liminal Basis,basis,,24.5911,60755.48,2470.6262
2026-09,liminal-basis,Liminal Basis,basis,,17.16,45941.26,2677.2247
2026-10-02,liminal-basis,Liminal Basis,basis,,17.1346,45739.02,2669.3876
2024-10,liquid-collective,Liquid Collective,staking,,96721.084,243514673.14,2517.7
2024-11,liquid-collective,Liquid Collective,staking,,84583.5053,314991511.28,3724.03
2024-12,liquid-collective,Liquid Collective,staking,,79871.6458,265919066.4,3329.33
2025-01,liquid-collective,Liquid Collective,staking,,85682.2684,282661519.21,3298.95
2025-02,liquid-collective,Liquid Collective,staking,,93455.7524,208004468.06,2225.7
2025-03,liquid-collective,Liquid Collective,staking,,92810.5887,169255886.3,1823.67
2025-04,liquid-collective,Liquid Collective,staking,,113234.7283,203027603.14,1792.98
2025-05,liquid-collective,Liquid Collective,staking,,141657.3143,356677535.22,2517.89
2025-06,liquid-collective,Liquid Collective,staking,,278153.9683,694333498.64,2496.22
2025-07,liquid-collective,Liquid Collective,staking,,354901.4281,1311247208.43,3694.68
2025-08,liquid-collective,Liquid Collective,staking,,351517.3566,1546806430.5,4400.37
2025-09,liquid-collective,Liquid Collective,staking,,352953.2409,1463644146.82,4146.85
2025-10,liquid-collective,Liquid Collective,staking,,356257.1403,1373263250.33,3854.6968
2025-11,liquid-collective,Liquid Collective,staking,,324552.5087,969453321.59,2987.0461
2025-12,liquid-collective,Liquid Collective,staking,,286942.4433,852653162.4,2971.5129
2026-01,liquid-collective,Liquid Collective,staking,,280423.7912,692579210.42,2469.7591
2026-02,liquid-collective,Liquid Collective,staking,,264196.6941,517103083.5,1957.2655
2026-03,liquid-collective,Liquid Collective,staking,,274943.3874,577398597.28,2100.0636
2026-04,liquid-collective,Liquid Collective,staking,,349646.9641,789667042.63,2258.4696
2026-05,liquid-collective,Liquid Collective,staking,,350292.171,703933418.1,2009.5608
2026-06,liquid-collective,Liquid Collective,staking,,347579.1357,544931468.84,1567.7911
2026-07,liquid-collective,Liquid Collective,staking,,319440.4686,595269434.55,1863.4753
2026-08,liquid-collective,Liquid Collective,staking,,320000.4072,790601390.52,2470.6262
2026-09,liquid-collective,Liquid Collective,staking,,273628.3141,732564478.72,2677.2247
2026-10-02,liquid-collective,Liquid Collective,staking,,273698.6257,730607718.12,2669.3876
2024-10,liquity-v1,Liquity V1,cdp,,136239.6921,343010672.7,2517.7
2024-11,liquity-v1,Liquity V1,cdp,,129664.043,482872786.15,3724.03
2024-12,liquity-v1,Liquity V1,cdp,,123141.1695,409977589.74,3329.33
2025-01,liquity-v1,Liquity V1,cdp,,117636.5889,388077225.08,3298.95
2025-02,liquity-v1,Liquity V1,cdp,,114690.6446,255266967.69,2225.7
2025-03,liquity-v1,Liquity V1,cdp,,108290.8681,197486807.38,1823.67
2025-04,liquity-v1,Liquity V1,cdp,,105266.1149,188740038.6,1792.98
2025-05,liquity-v1,Liquity V1,cdp,,97039.4209,244334587.4,2517.89
2025-06,liquity-v1,Liquity V1,cdp,,96826.3044,241699757.49,2496.22
2025-07,liquity-v1,Liquity V1,cdp,,95485.3221,352787709.99,3694.68
2025-08,liquity-v1,Liquity V1,cdp,,84867.1771,373446980.23,4400.37
2025-09,liquity-v1,Liquity V1,cdp,,80155.5427,332393012.06,4146.85
2025-10,liquity-v1,Liquity V1,cdp,,80030.4196,308493000.28,3854.6968
2025-11,liquity-v1,Liquity V1,cdp,,80311.9292,239895439.04,2987.0461
2025-12,liquity-v1,Liquity V1,cdp,,78129.2953,232162206.45,2971.5129
2026-01,liquity-v1,Liquity V1,cdp,,77333.9533,190996234.97,2469.7591
2026-02,liquity-v1,Liquity V1,cdp,,77680.398,152041165.59,1957.2655
2026-03,liquity-v1,Liquity V1,cdp,,76807.8308,161301328.99,2100.0636
2026-04,liquity-v1,Liquity V1,cdp,,75453.6941,170409875.08,2258.4696
2026-05,liquity-v1,Liquity V1,cdp,,75459.4433,151640339.75,2009.5608
2026-06,liquity-v1,Liquity V1,cdp,,73983.6622,115990925.81,1567.7911
2026-07,liquity-v1,Liquity V1,cdp,,73456.6796,136884710.76,1863.4753
2026-08,liquity-v1,Liquity V1,cdp,,73425.5668,181407129.16,2470.6262
2026-09,liquity-v1,Liquity V1,cdp,,72557.0884,194251628.62,2677.2247
2026-10-02,liquity-v1,Liquity V1,cdp,,72251.2195,192866509.68,2669.3876
2025-01,liquity-v2,Liquity V2,cdp,,7130.5754,23523411.74,3298.95
2025-02,liquity-v2,Liquity V2,cdp,,1970.6545,4386085.81,2225.7
2025-03,liquity-v2,Liquity V2,cdp,,1130.8409,2062280.58,1823.67
2025-04,liquity-v2,Liquity V2,cdp,,106.3967,190767.19,1792.98
2025-05,liquity-v2,Liquity V2,cdp,,11557.7334,29101101.43,2517.89
2025-06,liquity-v2,Liquity V2,cdp,,17833.9929,44517569.69,2496.22
2025-07,liquity-v2,Liquity V2,cdp,,3979.6766,14703631.44,3694.68
2025-08,liquity-v2,Liquity V2,cdp,,4041.0697,17782201.83,4400.37
2025-09,liquity-v2,Liquity V2,cdp,,5358.8783,22222464.6,4146.85
2025-10,liquity-v2,Liquity V2,cdp,,7047.7403,27166901.78,3854.6968
2025-11,liquity-v2,Liquity V2,cdp,,7149.1483,21354835.87,2987.0461
2025-12,liquity-v2,Liquity V2,cdp,,5650.2242,16789713.95,2971.5129
2026-01,liquity-v2,Liquity V2,cdp,,5825.7646,14388235.07,2469.7591
2026-02,liquity-v2,Liquity V2,cdp,,5954.5074,11654552.2,1957.2655
2026-03,liquity-v2,Liquity V2,cdp,,6513.8286,13679454.21,2100.0636
2026-04,liquity-v2,Liquity V2,cdp,,6431.5443,14525447.4,2258.4696
2026-05,liquity-v2,Liquity V2,cdp,,6752.8399,13570242.48,2009.5608
2026-06,liquity-v2,Liquity V2,cdp,,7875.3701,12346935.0,1567.7911
2026-07,liquity-v2,Liquity V2,cdp,,8862.4913,16515033.91,1863.4753
2026-08,liquity-v2,Liquity V2,cdp,,10431.8062,25773093.73,2470.6262
2026-09,liquity-v2,Liquity V2,cdp,,10704.3709,28658006.2,2677.2247
2026-10-02,liquity-v2,Liquity V2,cdp,,10743.4975,28678559.1,2669.3876
2024-10,lista-cdp,Lista CDP,cdp,,1537.2525,3870340.69,2517.7
2024-11,lista-cdp,Lista CDP,cdp,,0.1139,424.23,3724.03
2024-12,lista-cdp,Lista CDP,cdp,,762.5828,2538889.8,3329.33
2025-01,lista-cdp,Lista CDP,cdp,,86.859,286543.54,3298.95
2025-02,lista-cdp,Lista CDP,cdp,,54.6669,121672.16,2225.7
2025-03,lista-cdp,Lista CDP,cdp,,0.7952,1450.18,1823.67
2025-04,lista-cdp,Lista CDP,cdp,,0.1785,320.06,1792.98
2025-05,lista-cdp,Lista CDP,cdp,,5.7518,14482.34,2517.89
2025-06,lista-cdp,Lista CDP,cdp,,6.787,16941.88,2496.22
2025-07,lista-cdp,Lista CDP,cdp,,0.1519,561.39,3694.68
2025-08,lista-cdp,Lista CDP,cdp,,0.0426,187.66,4400.37
2025-09,lista-cdp,Lista CDP,cdp,,0.3219,1334.89,4146.85
2025-10,lista-cdp,Lista CDP,cdp,,0.0,0.0,3854.6968
2025-11,lista-cdp,Lista CDP,cdp,,0.2159,644.87,2987.0461
2025-12,lista-cdp,Lista CDP,cdp,,0.1169,347.27,2971.5129
2026-01,lista-cdp,Lista CDP,cdp,,0.0067,16.51,2469.7591
2026-02,lista-cdp,Lista CDP,cdp,,0.0067,13.1,1957.2655
2026-03,lista-cdp,Lista CDP,cdp,,0.0067,14.06,2100.0636
2026-04,lista-cdp,Lista CDP,cdp,,0.0067,15.12,2258.4696
2026-05,lista-cdp,Lista CDP,cdp,,0.0067,13.44,2009.5608
2026-06,lista-cdp,Lista CDP,cdp,,0.0067,10.5,1567.7911
2026-07,lista-cdp,Lista CDP,cdp,,0.0057,10.62,1863.4753
2026-08,lista-cdp,Lista CDP,cdp,,0.0057,14.08,2470.6262
2026-09,lista-cdp,Lista CDP,cdp,,0.0057,15.28,2677.2247
2026-10-02,lista-cdp,Lista CDP,cdp,,0.0057,15.2,2669.3876
2025-04,lista-lending,Lista Lending,lending,,500.3963,897200.54,1792.98
2025-05,lista-lending,Lista Lending,lending,,6834.5204,17208570.66,2517.89
2025-06,lista-lending,Lista Lending,lending,,5570.235,13904532.14,2496.22
2025-07,lista-lending,Lista Lending,lending,,2145.542,7927090.97,3694.68
2025-08,lista-lending,Lista Lending,lending,,881.1351,3877320.41,4400.37
2025-09,lista-lending,Lista Lending,lending,,424.9703,1762287.99,4146.85
2025-10,lista-lending,Lista Lending,lending,,309.8994,1194568.2,3854.6968
2025-11,lista-lending,Lista Lending,lending,,29.5162,88166.15,2987.0461
2025-12,lista-lending,Lista Lending,lending,,152.7829,453996.27,2971.5129
2026-01,lista-lending,Lista Lending,lending,,277.2999,684863.89,2469.7591
2026-02,lista-lending,Lista Lending,lending,,228.0859,446424.67,1957.2655
2026-03,lista-lending,Lista Lending,lending,,102.3589,214960.1,2100.0636
2026-04,lista-lending,Lista Lending,lending,,1717.6272,3879208.93,2258.4696
2026-05,lista-lending,Lista Lending,lending,,1778.3755,3573753.7,2009.5608
2026-06,lista-lending,Lista Lending,lending,,253.3629,397220.08,1567.7911
2026-07,lista-lending,Lista Lending,lending,,841.9225,1568901.89,1863.4753
2026-08,lista-lending,Lista Lending,lending,,29.2255,72205.23,2470.6262
2026-09,lista-lending,Lista Lending,lending,,23.248,62240.12,2677.2247
2026-10-02,lista-lending,Lista Lending,lending,,34.5787,92303.96,2669.3876
2025-09,makina,Makina,farming,vaults,6725.6884,27890420.8,4146.85
2025-10,makina,Makina,farming,vaults,9551.3533,36817570.77,3854.6968
2025-11,makina,Makina,farming,vaults,11287.2061,33715405.38,2987.0461
2025-12,makina,Makina,farming,vaults,9802.0009,29126771.87,2971.5129
2026-01,makina,Makina,farming,vaults,7840.3727,19363831.79,2469.7591
2026-02,makina,Makina,farming,vaults,4033.8847,7895383.52,1957.2655
2026-03,makina,Makina,farming,vaults,3815.1591,8012076.8,2100.0636
2026-04,makina,Makina,farming,vaults,3537.9269,7990300.34,2258.4696
2026-05,makina,Makina,farming,vaults,2891.1633,5809968.47,2009.5608
2026-06,makina,Makina,farming,vaults,2662.4391,4174148.34,1567.7911
2026-07,makina,Makina,farming,vaults,2593.8661,4833605.54,1863.4753
2026-08,makina,Makina,farming,vaults,0.0,0.0,2470.6262
2026-09,makina,Makina,farming,vaults,4.9272,13191.24,2677.2247
2026-10-02,makina,Makina,farming,vaults,0.0,0.0,2669.3876
2024-10,manta-cedefi,Manta CeDeFi,basis,,18018.1158,45364210.17,2517.7
2024-11,manta-cedefi,Manta CeDeFi,basis,,17913.8522,66711722.9,3724.03
2024-12,manta-cedefi,Manta CeDeFi,basis,,15205.4191,50623857.85,3329.33
2025-01,manta-cedefi,Manta CeDeFi,basis,,14946.5193,49307819.95,3298.95
2025-02,manta-cedefi,Manta CeDeFi,basis,,8960.6439,19943705.08,2225.7
2025-03,manta-cedefi,Manta CeDeFi,basis,,4224.5997,7704275.8,1823.67
2025-04,manta-cedefi,Manta CeDeFi,basis,,4156.8124,7453081.57,1792.98
2025-05,manta-cedefi,Manta CeDeFi,basis,,2171.1975,5466836.52,2517.89
2025-06,manta-cedefi,Manta CeDeFi,basis,,1977.0252,4935089.84,2496.22
2025-07,manta-cedefi,Manta CeDeFi,basis,,1947.8554,7196702.52,3694.68
2025-08,manta-cedefi,Manta CeDeFi,basis,,1812.336,7974948.77,4400.37
2025-09,manta-cedefi,Manta CeDeFi,basis,,1466.5105,6081398.99,4146.85
2025-10,manta-cedefi,Manta CeDeFi,basis,,1457.2404,5617219.79,3854.6968
2025-11,manta-cedefi,Manta CeDeFi,basis,,1404.0758,4194039.09,2987.0461
2025-12,manta-cedefi,Manta CeDeFi,basis,,1409.1022,4187165.45,2971.5129
2026-01,manta-cedefi,Manta CeDeFi,basis,,1404.2659,3468198.55,2469.7591
2026-02,manta-cedefi,Manta CeDeFi,basis,,1401.4753,2743059.34,1957.2655
2026-03,manta-cedefi,Manta CeDeFi,basis,,1391.8687,2923012.84,2100.0636
2026-04,manta-cedefi,Manta CeDeFi,basis,,387.5357,875237.58,2258.4696
2026-05,manta-cedefi,Manta CeDeFi,basis,,380.2991,764234.21,2009.5608
2026-06,manta-cedefi,Manta CeDeFi,basis,,359.7956,564084.27,1567.7911
2026-07,manta-cedefi,Manta CeDeFi,basis,,358.4426,667949.03,1863.4753
2026-08,manta-cedefi,Manta CeDeFi,basis,,354.7088,876352.93,2470.6262
2026-09,manta-cedefi,Manta CeDeFi,basis,,354.6015,949347.95,2677.2247
2026-10-02,manta-cedefi,Manta CeDeFi,basis,,355.2659,948342.31,2669.3876
2024-11,mantle-restaking,Mantle Restaking,restaking,,136831.6908,509565321.31,3724.03
2024-12,mantle-restaking,Mantle Restaking,restaking,,163796.0888,545331232.17,3329.33
2025-01,mantle-restaking,Mantle Restaking,restaking,,210421.0722,694168596.2,3298.95
2025-02,mantle-restaking,Mantle Restaking,restaking,,195206.6563,434471454.89,2225.7
2025-03,mantle-restaking,Mantle Restaking,restaking,,208555.4708,380336355.52,1823.67
2025-04,mantle-restaking,Mantle Restaking,restaking,,178739.3275,320476039.4,1792.98
2025-05,mantle-restaking,Mantle Restaking,restaking,,170295.8085,428786113.29,2517.89
2025-06,mantle-restaking,Mantle Restaking,restaking,,178672.8669,446006783.91,2496.22
2025-07,mantle-restaking,Mantle Restaking,restaking,,176953.023,653784795.1,3694.68
2025-08,mantle-restaking,Mantle Restaking,restaking,,107319.4407,472245247.19,4400.37
2025-09,mantle-restaking,Mantle Restaking,restaking,,118007.7201,489360314.22,4146.85
2025-10,mantle-restaking,Mantle Restaking,restaking,,88065.5913,339466151.03,3854.6968
2025-11,mantle-restaking,Mantle Restaking,restaking,,79345.1695,237007683.13,2987.0461
2025-12,mantle-restaking,Mantle Restaking,restaking,,74827.5295,222350966.75,2971.5129
2026-01,mantle-restaking,Mantle Restaking,restaking,,58967.6238,145635825.67,2469.7591
2026-02,mantle-restaking,Mantle Restaking,restaking,,58638.1761,114770480.95,1957.2655
2026-03,mantle-restaking,Mantle Restaking,restaking,,55524.0896,116604119.0,2100.0636
2026-04,mantle-restaking,Mantle Restaking,restaking,,72511.3504,163764681.32,2258.4696
2026-05,mantle-restaking,Mantle Restaking,restaking,,37304.666,74965994.8,2009.5608
2026-06,mantle-restaking,Mantle Restaking,restaking,,21262.2688,33334795.37,1567.7911
2026-07,mantle-restaking,Mantle Restaking,restaking,,17074.2572,31817457.12,1863.4753
2026-08,mantle-restaking,Mantle Restaking,restaking,,16770.8442,41434487.09,2470.6262
2026-09,mantle-restaking,Mantle Restaking,restaking,,16099.9535,43103193.01,2677.2247
2026-10-02,mantle-restaking,Mantle Restaking,restaking,,16088.6641,42946880.54,2669.3876
2024-10,maple,Maple,credit,,776.9821,1956207.95,2517.7
2024-11,maple,Maple,credit,,760.4998,2832123.94,3724.03
2024-12,maple,Maple,credit,,847.0007,2819944.74,3329.33
2025-01,maple,Maple,credit,,1883.892,6214865.47,3298.95
2025-02,maple,Maple,credit,,1913.8005,4259545.72,2225.7
2025-03,maple,Maple,credit,,1918.386,3498502.95,1823.67
2025-04,maple,Maple,credit,,1924.9276,3451356.73,1792.98
2025-05,maple,Maple,credit,,1937.0205,4877204.56,2517.89
2025-06,maple,Maple,credit,,1930.0143,4817740.35,2496.22
2025-07,maple,Maple,credit,,1336.988,4939742.98,3694.68
2025-08,maple,Maple,credit,,1342.0001,5905296.86,4400.37
2025-09,maple,Maple,credit,,1346.6799,5584479.58,4146.85
2025-10,maple,Maple,credit,,1349.1409,5200529.27,3854.6968
2025-11,maple,Maple,credit,,66.8844,199786.78,2987.0461
2025-12,maple,Maple,credit,,9.5591,28404.92,2971.5129
2026-01,maple,Maple,credit,,9.5426,23568.0,2469.7591
2026-02,maple,Maple,credit,,9.5426,18677.46,1957.2655
2026-03,maple,Maple,credit,,9.5426,20040.13,2100.0636
2026-04,maple,Maple,credit,,9.5554,21580.62,2258.4696
2026-05,maple,Maple,credit,,9.5683,19228.15,2009.5608
2026-06,maple,Maple,credit,,9.4855,14871.24,1567.7911
2026-07,maple,Maple,credit,,9.5426,17782.46,1863.4753
2026-08,maple,Maple,credit,,9.5426,23576.28,2470.6262
2026-09,maple,Maple,credit,,9.5612,25597.52,2677.2247
2026-10-02,maple,Maple,credit,,9.5426,25472.98,2669.3876
2024-10,marginfi-lending,marginfi Lending,lending,,408.4174,1028272.38,2517.7
2024-11,marginfi-lending,marginfi Lending,lending,,656.9408,2446467.28,3724.03
2024-12,marginfi-lending,marginfi Lending,lending,,550.6157,1833181.34,3329.33
2025-01,marginfi-lending,marginfi Lending,lending,,475.1928,1567637.37,3298.95
2025-02,marginfi-lending,marginfi Lending,lending,,533.6855,1187823.92,2225.7
2025-03,marginfi-lending,marginfi Lending,lending,,322.377,587909.23,1823.67
2025-04,marginfi-lending,marginfi Lending,lending,,233.8589,419304.35,1792.98
2025-05,marginfi-lending,marginfi Lending,lending,,407.7418,1026648.93,2517.89
2025-06,marginfi-lending,marginfi Lending,lending,,375.8525,938210.56,2496.22
2025-07,marginfi-lending,marginfi Lending,lending,,299.475,1106464.31,3694.68
2025-08,marginfi-lending,marginfi Lending,lending,,436.9199,1922609.28,4400.37
2025-09,marginfi-lending,marginfi Lending,lending,,793.3273,3289809.36,4146.85
2025-10,marginfi-lending,marginfi Lending,lending,,758.409,2923436.69,3854.6968
2025-11,marginfi-lending,marginfi Lending,lending,,752.8031,2248657.47,2987.0461
2025-12,marginfi-lending,marginfi Lending,lending,,742.4474,2206191.99,2971.5129
2026-01,marginfi-lending,marginfi Lending,lending,,554.3084,1369008.28,2469.7591
2026-02,marginfi-lending,marginfi Lending,lending,,459.2672,898907.94,1957.2655
2026-03,marginfi-lending,marginfi Lending,lending,,446.4276,937526.28,2100.0636
2026-04,marginfi-lending,marginfi Lending,lending,,411.2074,928699.49,2258.4696
2026-05,marginfi-lending,marginfi Lending,lending,,360.4326,724311.16,2009.5608
2026-06,marginfi-lending,marginfi Lending,lending,,347.7271,545163.4,1567.7911
2026-09,marginfi-lending,marginfi Lending,lending,,303.7797,813286.41,2677.2247
2026-10-02,marginfi-lending,marginfi Lending,lending,,302.1597,806581.24,2669.3876
2026-01,mellow-core,Mellow Core vaults (other than Lido Earn),farming,vaults,61526.5625,151955787.59,2469.7591
2026-02,mellow-core,Mellow Core vaults (other than Lido Earn),farming,vaults,50595.9658,99029740.01,1957.2655
2026-03,mellow-core,Mellow Core vaults (other than Lido Earn),farming,vaults,111981.5498,235168375.57,2100.0636
2026-04,mellow-core,Mellow Core vaults (other than Lido Earn),farming,vaults,10475.281,23658103.69,2258.4696
2026-05,mellow-core,Mellow Core vaults (other than Lido Earn),farming,vaults,7079.3967,14226478.17,2009.5608
2026-06,mellow-core,Mellow Core vaults (other than Lido Earn),farming,vaults,5509.0532,8637044.53,1567.7911
2026-07,mellow-core,Mellow Core vaults (other than Lido Earn),farming,vaults,4959.743,9242358.82,1863.4753
2026-08,mellow-core,Mellow Core vaults (other than Lido Earn),farming,vaults,3755.3604,9278091.77,2470.6262
2026-09,mellow-core,Mellow Core vaults (other than Lido Earn),farming,vaults,3748.0316,10034322.83,2677.2247
2026-10-02,mellow-core,Mellow Core vaults (other than Lido Earn),farming,vaults,3414.5445,9114742.85,2669.3876
2024-10,mellow-restaking,Mellow Restaking,restaking,,190116.2763,478655748.8,2517.7
2024-11,mellow-restaking,Mellow Restaking,restaking,,145742.1137,542748003.53,3724.03
2024-12,mellow-restaking,Mellow Restaking,restaking,,143327.3353,477183997.09,3329.33
2025-01,mellow-restaking,Mellow Restaking,restaking,,104553.2115,344915817.23,3298.95
2025-02,mellow-restaking,Mellow Restaking,restaking,,104465.2391,232508282.56,2225.7
2025-03,mellow-restaking,Mellow Restaking,restaking,,100385.0368,183069180.13,1823.67
2025-04,mellow-restaking,Mellow Restaking,restaking,,105756.2126,189618774.08,1792.98
2025-05,mellow-restaking,Mellow Restaking,restaking,,115566.4305,290983559.65,2517.89
2025-06,mellow-restaking,Mellow Restaking,restaking,,106003.9194,264609103.59,2496.22
2025-07,mellow-restaking,Mellow Restaking,restaking,,110110.6861,406823749.54,3694.68
2025-08,mellow-restaking,Mellow Restaking,restaking,,91913.4586,404453225.75,4400.37
2025-09,mellow-restaking,Mellow Restaking,restaking,,85927.6054,356328890.38,4146.85
2025-10,mellow-restaking,Mellow Restaking,restaking,,74248.9938,286207357.14,3854.6968
2025-11,mellow-restaking,Mellow Restaking,restaking,,70724.9301,211258630.06,2987.0461
2025-12,mellow-restaking,Mellow Restaking,restaking,,86061.1067,255731686.04,2971.5129
2026-01,mellow-restaking,Mellow Restaking,restaking,,19783.6257,48860789.67,2469.7591
2026-02,mellow-restaking,Mellow Restaking,restaking,,18945.8226,37082005.53,1957.2655
2026-03,mellow-restaking,Mellow Restaking,restaking,,17724.9314,37223483.18,2100.0636
2026-04,mellow-restaking,Mellow Restaking,restaking,,11415.1801,25780837.26,2258.4696
2026-05,mellow-restaking,Mellow Restaking,restaking,,6480.6206,13023201.24,2009.5608
2026-06,mellow-restaking,Mellow Restaking,restaking,,5854.9631,9179358.88,1567.7911
2026-07,mellow-restaking,Mellow Restaking,restaking,,5663.6753,10554119.14,1863.4753
2026-08,mellow-restaking,Mellow Restaking,restaking,,5006.4556,12369080.36,2470.6262
2026-09,mellow-restaking,Mellow Restaking,restaking,,4419.5705,11832183.23,2677.2247
2026-10-02,mellow-restaking,Mellow Restaking,restaking,,4388.6404,11714982.26,2669.3876
2024-10,merchant-moe-liquidity-book,Merchant Moe Liquidity Book,farming,pools,2222.495,5595575.74,2517.7
2024-11,merchant-moe-liquidity-book,Merchant Moe Liquidity Book,farming,pools,2167.1675,8070596.89,3724.03
2024-12,merchant-moe-liquidity-book,Merchant Moe Liquidity Book,farming,pools,2366.3673,7878417.6,3329.33
2025-01,merchant-moe-liquidity-book,Merchant Moe Liquidity Book,farming,pools,1939.7101,6399006.51,3298.95
2025-02,merchant-moe-liquidity-book,Merchant Moe Liquidity Book,farming,pools,517.8041,1152476.63,2225.7
2025-03,merchant-moe-liquidity-book,Merchant Moe Liquidity Book,farming,pools,422.226,770000.83,1823.67
2025-04,merchant-moe-liquidity-book,Merchant Moe Liquidity Book,farming,pools,476.7233,854755.33,1792.98
2025-05,merchant-moe-liquidity-book,Merchant Moe Liquidity Book,farming,pools,493.0071,1241337.66,2517.89
2025-06,merchant-moe-liquidity-book,Merchant Moe Liquidity Book,farming,pools,358.8311,895721.47,2496.22
2025-07,merchant-moe-liquidity-book,Merchant Moe Liquidity Book,farming,pools,495.0413,1829019.03,3694.68
2025-08,merchant-moe-liquidity-book,Merchant Moe Liquidity Book,farming,pools,551.7426,2427871.67,4400.37
2025-09,merchant-moe-liquidity-book,Merchant Moe Liquidity Book,farming,pools,517.4948,2145973.36,4146.85
2025-10,merchant-moe-liquidity-book,Merchant Moe Liquidity Book,farming,pools,502.4225,1936686.48,3854.6968
2025-11,merchant-moe-liquidity-book,Merchant Moe Liquidity Book,farming,pools,846.8665,2529629.29,2987.0461
2025-12,merchant-moe-liquidity-book,Merchant Moe Liquidity Book,farming,pools,752.281,2235412.56,2971.5129
2026-01,merchant-moe-liquidity-book,Merchant Moe Liquidity Book,farming,pools,768.4467,1897878.26,2469.7591
2026-02,merchant-moe-liquidity-book,Merchant Moe Liquidity Book,farming,pools,752.6832,1473200.79,1957.2655
2026-03,merchant-moe-liquidity-book,Merchant Moe Liquidity Book,farming,pools,1254.4249,2634372.03,2100.0636
2026-04,merchant-moe-liquidity-book,Merchant Moe Liquidity Book,farming,pools,671.1796,1515838.77,2258.4696
2026-05,merchant-moe-liquidity-book,Merchant Moe Liquidity Book,farming,pools,236.6423,475547.14,2009.5608
2026-06,merchant-moe-liquidity-book,Merchant Moe Liquidity Book,farming,pools,159.3512,249829.37,1567.7911
2026-07,merchant-moe-liquidity-book,Merchant Moe Liquidity Book,farming,pools,1262.6503,2352917.7,1863.4753
2026-08,merchant-moe-liquidity-book,Merchant Moe Liquidity Book,farming,pools,1272.6923,3144347.03,2470.6262
2026-09,merchant-moe-liquidity-book,Merchant Moe Liquidity Book,farming,pools,1290.209,3454179.4,2677.2247
2026-10-02,merchant-moe-liquidity-book,Merchant Moe Liquidity Book,farming,pools,1293.7297,3453465.98,2669.3876
2025-08,metalx-lending,MetalX Lending,lending,,0,0.0,4400.37
2025-09,metalx-lending,MetalX Lending,lending,,464.0124,1924189.72,4146.85
2025-10,metalx-lending,MetalX Lending,lending,,382.9864,1476296.31,3854.6968
2025-11,metalx-lending,MetalX Lending,lending,,402.1325,1201188.21,2987.0461
2025-12,metalx-lending,MetalX Lending,lending,,382.3011,1136012.71,2971.5129
2026-01,metalx-lending,MetalX Lending,lending,,421.7864,1041710.8,2469.7591
2026-02,metalx-lending,MetalX Lending,lending,,434.6583,850741.77,1957.2655
2026-03,metalx-lending,MetalX Lending,lending,,445.2047,934958.18,2100.0636
2026-04,metalx-lending,MetalX Lending,lending,,452.59,1022160.68,2258.4696
2026-05,metalx-lending,MetalX Lending,lending,,430.4974,865110.79,2009.5608
2026-06,metalx-lending,MetalX Lending,lending,,443.1619,694785.31,1567.7911
2026-07,metalx-lending,MetalX Lending,lending,,426.1064,794038.84,1863.4753
2026-08,metalx-lending,MetalX Lending,lending,,453.8351,1121257.0,2470.6262
2026-09,metalx-lending,MetalX Lending,lending,,439.655,1177055.33,2677.2247
2026-10-02,metalx-lending,MetalX Lending,lending,,416.8789,1112811.36,2669.3876
2024-10,meth-protocol,mETH Protocol,staking,,361527.2138,910217066.19,2517.7
2024-11,meth-protocol,mETH Protocol,staking,,291964.7922,1087285645.11,3724.03
2024-12,meth-protocol,mETH Protocol,staking,,228142.6357,759562121.31,3329.33
2025-01,meth-protocol,mETH Protocol,staking,,202785.4626,668979101.84,3298.95
2025-02,meth-protocol,mETH Protocol,staking,,203533.7579,453005084.98,2225.7
2025-03,meth-protocol,mETH Protocol,staking,,118456.1207,216024873.57,1823.67
2025-04,meth-protocol,mETH Protocol,staking,,159528.2879,286031029.71,1792.98
2025-05,meth-protocol,mETH Protocol,staking,,158302.7747,398588973.51,2517.89
2025-06,meth-protocol,mETH Protocol,staking,,122931.3298,306863644.15,2496.22
2025-07,meth-protocol,mETH Protocol,staking,,116920.4045,431983480.25,3694.68
2025-08,meth-protocol,mETH Protocol,staking,,121010.5712,532491287.06,4400.37
2025-09,meth-protocol,mETH Protocol,staking,,103396.8717,428771317.39,4146.85
2025-10,meth-protocol,mETH Protocol,staking,,117859.0382,454310854.77,3854.6968
2025-11,meth-protocol,mETH Protocol,staking,,130219.4394,388971475.11,2987.0461
2025-12,meth-protocol,mETH Protocol,staking,,129935.9315,386106292.29,2971.5129
2026-01,meth-protocol,mETH Protocol,staking,,189877.4211,468951488.79,2469.7591
2026-02,meth-protocol,mETH Protocol,staking,,207260.321,405663482.77,1957.2655
2026-03,meth-protocol,mETH Protocol,staking,,208505.4102,437874620.41,2100.0636
2026-04,meth-protocol,mETH Protocol,staking,,160219.3972,361850639.62,2258.4696
2026-05,meth-protocol,mETH Protocol,staking,,186501.6777,374786461.97,2009.5608
2026-06,meth-protocol,mETH Protocol,staking,,207764.4413,325731238.07,1567.7911
2026-07,meth-protocol,mETH Protocol,staking,,234893.8179,437718836.18,1863.4753
2026-08,meth-protocol,mETH Protocol,staking,,218368.7581,539507575.21,2470.6262
2026-09,meth-protocol,mETH Protocol,staking,,219559.9589,587811343.06,2677.2247
2026-10-02,meth-protocol,mETH Protocol,staking,,219861.2148,586894800.87,2669.3876
2024-10,mev-protocol,MEV Protocol,staking,,1487.3814,3744780.05,2517.7
2024-11,mev-protocol,MEV Protocol,staking,,1082.5036,4031275.87,3724.03
2024-12,mev-protocol,MEV Protocol,staking,,92.1656,306849.66,3329.33
2025-01,mev-protocol,MEV Protocol,staking,,100.2072,330578.68,3298.95
2025-02,mev-protocol,MEV Protocol,staking,,85.9301,191254.6,2225.7
2025-03,mev-protocol,MEV Protocol,staking,,85.9825,156803.73,1823.67
2025-04,mev-protocol,MEV Protocol,staking,,80.4609,144264.86,1792.98
2025-05,mev-protocol,MEV Protocol,staking,,75.4095,189872.77,2517.89
2025-06,mev-protocol,MEV Protocol,staking,,70.1962,175225.07,2496.22
2025-07,mev-protocol,MEV Protocol,staking,,63.9468,236262.95,3694.68
2025-08,mev-protocol,MEV Protocol,staking,,55.8187,245623.07,4400.37
2025-09,mev-protocol,MEV Protocol,staking,,52.98,219700.12,4146.85
2025-10,mev-protocol,MEV Protocol,staking,,52.7175,203209.95,3854.6968
2025-11,mev-protocol,MEV Protocol,staking,,47.716,142529.89,2987.0461
2025-12,mev-protocol,MEV Protocol,staking,,43.7582,130028.02,2971.5129
2026-01,mev-protocol,MEV Protocol,staking,,43.2892,106913.88,2469.7591
2026-02,mev-protocol,MEV Protocol,staking,,45.5532,89159.68,1957.2655
2026-03,mev-protocol,MEV Protocol,staking,,42.8723,90034.47,2100.0636
2026-04,mev-protocol,MEV Protocol,staking,,49.7458,112349.44,2258.4696
2026-05,mev-protocol,MEV Protocol,staking,,49.0388,98546.48,2009.5608
2026-06,mev-protocol,MEV Protocol,staking,,48.935,76719.8,1567.7911
2026-07,mev-protocol,MEV Protocol,staking,,49.3605,91982.14,1863.4753
2026-08,mev-protocol,MEV Protocol,staking,,49.0046,121072.15,2470.6262
2026-09,mev-protocol,MEV Protocol,staking,,49.3257,132056.0,2677.2247
2026-10-02,mev-protocol,MEV Protocol,staking,,49.4303,131948.55,2669.3876
2024-10,moonwell-lending,Moonwell Lending,lending,,12543.7803,31581475.65,2517.7
2024-11,moonwell-lending,Moonwell Lending,lending,,6404.5889,23850881.19,3724.03
2024-12,moonwell-lending,Moonwell Lending,lending,,6025.8484,20062037.86,3329.33
2025-01,moonwell-lending,Moonwell Lending,lending,,5785.5151,19086125.15,3298.95
2025-02,moonwell-lending,Moonwell Lending,lending,,8358.0264,18602459.31,2225.7
2025-03,moonwell-lending,Moonwell Lending,lending,,6392.7103,11658193.9,1823.67
2025-04,moonwell-lending,Moonwell Lending,lending,,7089.9712,12712176.58,1792.98
2025-05,moonwell-lending,Moonwell Lending,lending,,7105.6956,17891360.0,2517.89
2025-06,moonwell-lending,Moonwell Lending,lending,,6745.477,16838194.47,2496.22
2025-07,moonwell-lending,Moonwell Lending,lending,,4044.2594,14942244.42,3694.68
2025-08,moonwell-lending,Moonwell Lending,lending,,3992.879,17570145.07,4400.37
2025-09,moonwell-lending,Moonwell Lending,lending,,2380.7359,9872554.76,4146.85
2025-10,moonwell-lending,Moonwell Lending,lending,,5363.3694,20674162.66,3854.6968
2025-11,moonwell-lending,Moonwell Lending,lending,,3899.9657,11649377.56,2987.0461
2025-12,moonwell-lending,Moonwell Lending,lending,,2140.334,6360029.87,2971.5129
2026-01,moonwell-lending,Moonwell Lending,lending,,1453.2009,3589056.04,2469.7591
2026-02,moonwell-lending,Moonwell Lending,lending,,1374.0505,2689381.77,1957.2655
2026-03,moonwell-lending,Moonwell Lending,lending,,1325.8681,2784407.25,2100.0636
2026-04,moonwell-lending,Moonwell Lending,lending,,1132.0593,2556721.43,2258.4696
2026-05,moonwell-lending,Moonwell Lending,lending,,1709.6853,3435716.5,2009.5608
2026-06,moonwell-lending,Moonwell Lending,lending,,1401.2348,2196843.38,1567.7911
2026-07,moonwell-lending,Moonwell Lending,lending,,1366.9378,2547254.94,1863.4753
2026-08,moonwell-lending,Moonwell Lending,lending,,1297.9432,3206732.51,2470.6262
2026-09,moonwell-lending,Moonwell Lending,lending,,557.1643,1491653.99,2677.2247
2026-10-02,moonwell-lending,Moonwell Lending,lending,,577.6919,1542083.62,2669.3876
2025-09,moremarkets.xyz,MoreMarkets.xyz,farming,vaults,0.0,0.0,4146.85
2025-10,moremarkets.xyz,MoreMarkets.xyz,farming,vaults,1929.0747,7435997.91,3854.6968
2025-11,moremarkets.xyz,MoreMarkets.xyz,farming,vaults,1017.8487,3040361.15,2987.0461
2025-12,moremarkets.xyz,MoreMarkets.xyz,farming,vaults,719.6446,2138433.07,2971.5129
2026-02,moremarkets.xyz,MoreMarkets.xyz,farming,vaults,687.18,1344993.67,1957.2655
2026-03,moremarkets.xyz,MoreMarkets.xyz,farming,vaults,685.4375,1439462.34,2100.0636
2026-04,moremarkets.xyz,MoreMarkets.xyz,farming,vaults,144.968,327405.8,2258.4696
2026-05,moremarkets.xyz,MoreMarkets.xyz,farming,vaults,111.783,224634.7,2009.5608
2026-06,moremarkets.xyz,MoreMarkets.xyz,farming,vaults,108.7483,170494.56,1567.7911
2026-07,moremarkets.xyz,MoreMarkets.xyz,farming,vaults,31.3948,58503.48,1863.4753
2026-08,moremarkets.xyz,MoreMarkets.xyz,farming,vaults,28.699,70904.53,2470.6262
2026-09,moremarkets.xyz,MoreMarkets.xyz,farming,vaults,27.325,73155.08,2677.2247
2026-10-02,moremarkets.xyz,MoreMarkets.xyz,farming,vaults,27.2719,72799.15,2669.3876
2024-10,morpho-blue,Morpho Blue,lending,,24398.1146,61427133.23,2517.7
2024-11,morpho-blue,Morpho Blue,lending,,27113.7251,100972325.73,3724.03
2024-12,morpho-blue,Morpho Blue,lending,,44989.7695,149785789.38,3329.33
2025-01,morpho-blue,Morpho Blue,lending,,30771.213,101512692.97,3298.95
2025-02,morpho-blue,Morpho Blue,lending,,20710.8409,46096118.55,2225.7
2025-03,morpho-blue,Morpho Blue,lending,,35781.9719,65254508.65,1823.67
2025-04,morpho-blue,Morpho Blue,lending,,27356.5005,49049658.2,1792.98
2025-05,morpho-blue,Morpho Blue,lending,,32703.9411,82344926.26,2517.89
2025-06,morpho-blue,Morpho Blue,lending,,28023.7179,69953364.99,2496.22
2025-07,morpho-blue,Morpho Blue,lending,,31329.6816,115753147.99,3694.68
2025-08,morpho-blue,Morpho Blue,lending,,39510.0358,173858776.19,4400.37
2025-09,morpho-blue,Morpho Blue,lending,,34061.1538,141246495.45,4146.85
2025-10,morpho-blue,Morpho Blue,lending,,32010.1694,123389496.83,3854.6968
2025-11,morpho-blue,Morpho Blue,lending,,54622.4625,163159816.4,2987.0461
2025-12,morpho-blue,Morpho Blue,lending,,48344.059,143654993.31,2971.5129
2026-01,morpho-blue,Morpho Blue,lending,,54469.9685,134527700.4,2469.7591
2026-02,morpho-blue,Morpho Blue,lending,,72244.9227,141402497.13,1957.2655
2026-03,morpho-blue,Morpho Blue,lending,,74967.9769,157437518.67,2100.0636
2026-04,morpho-blue,Morpho Blue,lending,,82481.8143,186282671.1,2258.4696
2026-05,morpho-blue,Morpho Blue,lending,,92958.9282,186806618.84,2009.5608
2026-06,morpho-blue,Morpho Blue,lending,,99516.1211,156020487.08,1567.7911
2026-07,morpho-blue,Morpho Blue,lending,,99878.0653,186120311.24,1863.4753
2026-08,morpho-blue,Morpho Blue,lending,,96283.3999,237880290.61,2470.6262
2026-09,morpho-blue,Morpho Blue,lending,,100575.3934,269262926.48,2677.2247
2026-10-02,morpho-blue,Morpho Blue,lending,,101023.8778,269671886.91,2669.3876
2026-07,morpho-midnight,Morpho Midnight,lending,,421.6078,785655.65,1863.4753
2026-08,morpho-midnight,Morpho Midnight,lending,,141.2306,348928.03,2470.6262
2026-09,morpho-midnight,Morpho Midnight,lending,,148.4403,397407.92,2677.2247
2026-10-02,morpho-midnight,Morpho Midnight,lending,,148.1517,395474.37,2669.3876
2024-10,napier,Napier,fixed_yield,,335.6403,845041.64,2517.7
2024-11,napier,Napier,fixed_yield,,300.8468,1120362.6,3724.03
2024-12,napier,Napier,fixed_yield,,95.5024,317958.94,3329.33
2025-01,napier,Napier,fixed_yield,,54.2884,179094.66,3298.95
2025-02,napier,Napier,fixed_yield,,53.2531,118525.39,2225.7
2025-03,napier,Napier,fixed_yield,,975.3206,1778662.9,1823.67
2025-04,napier,Napier,fixed_yield,,1299.7679,2330457.86,1792.98
2025-05,napier,Napier,fixed_yield,,1512.8008,3809066.09,2517.89
2025-06,napier,Napier,fixed_yield,,1060.3114,2646770.5,2496.22
2025-07,napier,Napier,fixed_yield,,1176.5305,4346903.89,3694.68
2025-08,napier,Napier,fixed_yield,,1070.7519,4711704.7,4400.37
2025-09,napier,Napier,fixed_yield,,969.571,4020665.58,4146.85
2025-10,napier,Napier,fixed_yield,,826.1212,3184446.61,3854.6968
2025-11,napier,Napier,fixed_yield,,775.6704,2316963.17,2987.0461
2025-12,napier,Napier,fixed_yield,,110.0985,327159.19,2971.5129
2026-01,napier,Napier,fixed_yield,,98.9289,244330.51,2469.7591
2026-02,napier,Napier,fixed_yield,,99.665,195070.94,1957.2655
2026-03,napier,Napier,fixed_yield,,100.026,210060.99,2100.0636
2026-04,napier,Napier,fixed_yield,,25.9934,58705.32,2258.4696
2026-05,napier,Napier,fixed_yield,,20.0075,40206.36,2009.5608
2026-06,napier,Napier,fixed_yield,,20.019,31385.65,1567.7911
2026-07,napier,Napier,fixed_yield,,19.9367,37151.55,1863.4753
2026-08,napier,Napier,fixed_yield,,19.9155,49203.71,2470.6262
2026-09,napier,Napier,fixed_yield,,19.3105,51698.63,2677.2247
2026-10-02,napier,Napier,fixed_yield,,19.2494,51384.22,2669.3876
2024-10,native-credit-pool,Native Credit Pool,credit,,2495.5513,6283049.45,2517.7
2024-11,native-credit-pool,Native Credit Pool,credit,,2799.2389,10424449.54,3724.03
2024-12,native-credit-pool,Native Credit Pool,credit,,1968.416,6553506.49,3329.33
2025-01,native-credit-pool,Native Credit Pool,credit,,2144.1638,7073489.26,3298.95
2025-02,native-credit-pool,Native Credit Pool,credit,,1093.8368,2434552.56,2225.7
2025-03,native-credit-pool,Native Credit Pool,credit,,30.4926,55608.47,1823.67
2025-04,native-credit-pool,Native Credit Pool,credit,,26.8662,48170.54,1792.98
2025-05,native-credit-pool,Native Credit Pool,credit,,26.8419,67585.05,2517.89
2025-06,native-credit-pool,Native Credit Pool,credit,,14.8883,37164.46,2496.22
2025-07,native-credit-pool,Native Credit Pool,credit,,335.5007,1239567.56,3694.68
2025-08,native-credit-pool,Native Credit Pool,credit,,1889.8722,8316136.99,4400.37
2025-09,native-credit-pool,Native Credit Pool,credit,,995.6249,4128707.3,4146.85
2025-10,native-credit-pool,Native Credit Pool,credit,,2481.9058,9566994.19,3854.6968
2025-11,native-credit-pool,Native Credit Pool,credit,,2006.6457,5993943.2,2987.0461
2025-12,native-credit-pool,Native Credit Pool,credit,,4531.7727,13466220.81,2971.5129
2026-01,native-credit-pool,Native Credit Pool,credit,,3185.8351,7868245.3,2469.7591
2026-02,native-credit-pool,Native Credit Pool,credit,,3854.8789,7545021.56,1957.2655
2026-03,native-credit-pool,Native Credit Pool,credit,,11889.7134,24969154.28,2100.0636
2026-04,native-credit-pool,Native Credit Pool,credit,,7616.5053,17201645.78,2258.4696
2026-05,native-credit-pool,Native Credit Pool,credit,,9728.7831,19550581.31,2009.5608
2026-06,native-credit-pool,Native Credit Pool,credit,,8844.8308,13866846.86,1567.7911
2026-07,native-credit-pool,Native Credit Pool,credit,,6974.8383,12997439.12,1863.4753
2026-08,native-credit-pool,Native Credit Pool,credit,,2263.4737,5592197.34,2470.6262
2026-09,native-credit-pool,Native Credit Pool,credit,,2170.2669,5810292.07,2677.2247
2026-10-02,native-credit-pool,Native Credit Pool,credit,,2134.2088,5697030.4,2669.3876
2024-10,navi-lending,NAVI Lending,lending,,4320.1602,10876867.37,2517.7
2024-11,navi-lending,NAVI Lending,lending,,4963.452,18484044.22,3724.03
2024-12,navi-lending,NAVI Lending,lending,,4422.4153,14723680.02,3329.33
2025-01,navi-lending,NAVI Lending,lending,,3814.2906,12583154.08,3298.95
2025-02,navi-lending,NAVI Lending,lending,,4088.8753,9100609.85,2225.7
2025-03,navi-lending,NAVI Lending,lending,,5484.3772,10001694.12,1823.67
2025-04,navi-lending,NAVI Lending,lending,,5176.9366,9282143.78,1792.98
2025-05,navi-lending,NAVI Lending,lending,,3350.4325,8436020.38,2517.89
2025-06,navi-lending,NAVI Lending,lending,,3462.2737,8642596.8,2496.22
2025-07,navi-lending,NAVI Lending,lending,,4200.7842,15520553.32,3694.68
2025-08,navi-lending,NAVI Lending,lending,,2505.8969,11026873.5,4400.37
2025-09,navi-lending,NAVI Lending,lending,,4840.8914,20074450.71,4146.85
2025-10,navi-lending,NAVI Lending,lending,,6995.4548,26965356.96,3854.6968
2025-11,navi-lending,NAVI Lending,lending,,4822.4875,14404992.81,2987.0461
2025-12,navi-lending,NAVI Lending,lending,,3361.4454,9988578.24,2971.5129
2026-01,navi-lending,NAVI Lending,lending,,3472.255,8575633.42,2469.7591
2026-02,navi-lending,NAVI Lending,lending,,1706.4988,3340071.19,1957.2655
2026-03,navi-lending,NAVI Lending,lending,,2235.9773,4695694.47,2100.0636
2026-04,navi-lending,NAVI Lending,lending,,1349.7839,3048446.01,2258.4696
2026-05,navi-lending,NAVI Lending,lending,,1370.893,2754892.77,2009.5608
2026-06,navi-lending,NAVI Lending,lending,,827.8148,1297840.72,1567.7911
2026-07,navi-lending,NAVI Lending,lending,,880.7645,1641282.92,1863.4753
2026-08,navi-lending,NAVI Lending,lending,,841.7418,2079629.38,2470.6262
2026-09,navi-lending,NAVI Lending,lending,,869.9735,2329114.59,2677.2247
2026-10-02,navi-lending,NAVI Lending,lending,,875.4457,2336903.84,2669.3876
2025-11,neverland,Neverland,lending,,70.0691,209299.72,2987.0461
2025-12,neverland,Neverland,lending,,249.2674,740701.23,2971.5129
2026-01,neverland,Neverland,lending,,615.7246,1520691.45,2469.7591
2026-02,neverland,Neverland,lending,,618.1284,1209841.42,1957.2655
2026-03,neverland,Neverland,lending,,1335.7239,2805105.11,2100.0636
2026-04,neverland,Neverland,lending,,910.9254,2057297.24,2258.4696
2026-05,neverland,Neverland,lending,,1365.765,2744587.89,2009.5608
2026-06,neverland,Neverland,lending,,968.6896,1518702.89,1567.7911
2026-07,neverland,Neverland,lending,,439.0508,818160.32,1863.4753
2026-08,neverland,Neverland,lending,,424.5507,1048906.11,2470.6262
2026-09,neverland,Neverland,lending,,94.5767,253203.08,2677.2247
2026-10-02,neverland,Neverland,lending,,106.8717,285281.99,2669.3876
2024-10,nimbora-yield,Nimbora Yield,farming,vaults,1945.3863,4897898.98,2517.7
2024-11,nimbora-yield,Nimbora Yield,farming,vaults,1923.5303,7163284.67,3724.03
2024-12,nimbora-yield,Nimbora Yield,farming,vaults,3110.0048,10354232.34,3329.33
2025-01,nimbora-yield,Nimbora Yield,farming,vaults,2689.5888,8872818.91,3298.95
2025-02,nimbora-yield,Nimbora Yield,farming,vaults,315.8354,702954.79,2225.7
2025-03,nimbora-yield,Nimbora Yield,farming,vaults,179.5895,327512.04,1823.67
2025-04,nimbora-yield,Nimbora Yield,farming,vaults,124.8785,223904.6,1792.98
2025-05,nimbora-yield,Nimbora Yield,farming,vaults,91.8561,231283.57,2517.89
2025-06,nimbora-yield,Nimbora Yield,farming,vaults,82.549,206060.5,2496.22
2025-07,nimbora-yield,Nimbora Yield,farming,vaults,0.0,0.0,3694.68
2025-08,nimbora-yield,Nimbora Yield,farming,vaults,0.0,0.0,4400.37
2025-09,nimbora-yield,Nimbora Yield,farming,vaults,0.0,0.0,4146.85
2025-10,nimbora-yield,Nimbora Yield,farming,vaults,0.0,0.0,3854.6968
2025-11,nimbora-yield,Nimbora Yield,farming,vaults,0.0,0.0,2987.0461
2025-12,nimbora-yield,Nimbora Yield,farming,vaults,0.0,0.0,2971.5129
2026-01,nimbora-yield,Nimbora Yield,farming,vaults,0.0,0.0,2469.7591
2026-02,nimbora-yield,Nimbora Yield,farming,vaults,0.0,0.0,1957.2655
2026-03,nimbora-yield,Nimbora Yield,farming,vaults,0.0,0.0,2100.0636
2026-04,nimbora-yield,Nimbora Yield,farming,vaults,0.0,0.0,2258.4696
2026-05,nimbora-yield,Nimbora Yield,farming,vaults,0.0,0.0,2009.5608
2026-06,nimbora-yield,Nimbora Yield,farming,vaults,0.0,0.0,1567.7911
2026-07,nimbora-yield,Nimbora Yield,farming,vaults,0.0,0.0,1863.4753
2026-08,nimbora-yield,Nimbora Yield,farming,vaults,0.0,0.0,2470.6262
2026-09,nimbora-yield,Nimbora Yield,farming,vaults,0.0,0.0,2677.2247
2026-10-02,nimbora-yield,Nimbora Yield,farming,vaults,0.0,0.0,2669.3876
2024-10,nodedao,NodeDAO,staking,,20429.6458,51435719.17,2517.7
2024-11,nodedao,NodeDAO,staking,,20512.4259,76388889.54,3724.03
2024-12,nodedao,NodeDAO,staking,,19709.3847,65619045.67,3329.33
2025-01,nodedao,NodeDAO,staking,,19758.1696,65181213.51,3298.95
2025-02,nodedao,NodeDAO,staking,,19622.8623,43674604.64,2225.7
2025-03,nodedao,NodeDAO,staking,,21375.5954,38982032.08,1823.67
2025-04,nodedao,NodeDAO,staking,,19373.9788,34737156.53,1792.98
2025-05,nodedao,NodeDAO,staking,,23623.2115,59480647.98,2517.89
2025-06,nodedao,NodeDAO,staking,,19226.4322,47993404.48,2496.22
2025-07,nodedao,NodeDAO,staking,,19260.0076,71159564.72,3694.68
2025-08,nodedao,NodeDAO,staking,,19262.0096,84759969.29,4400.37
2025-09,nodedao,NodeDAO,staking,,19346.346,80226395.1,4146.85
2025-10,nodedao,NodeDAO,staking,,19338.9277,74545702.17,3854.6968
2025-11,nodedao,NodeDAO,staking,,19430.3839,58039453.43,2987.0461
2025-12,nodedao,NodeDAO,staking,,19586.8274,58202509.79,2971.5129
2026-01,nodedao,NodeDAO,staking,,16019.8383,39565141.39,2469.7591
2026-02,nodedao,NodeDAO,staking,,16096.5129,31505149.87,1957.2655
2026-03,nodedao,NodeDAO,staking,,16025.2137,33653967.78,2100.0636
2026-04,nodedao,NodeDAO,staking,,16079.8252,36315796.5,2258.4696
2026-05,nodedao,NodeDAO,staking,,16092.4882,32338833.67,2009.5608
2026-06,nodedao,NodeDAO,staking,,14142.2649,22172116.85,1567.7911
2026-07,nodedao,NodeDAO,staking,,14306.8535,26660468.59,1863.4753
2026-08,nodedao,NodeDAO,staking,,14333.2352,35412066.4,2470.6262
2026-09,nodedao,NodeDAO,staking,,14391.012,38527972.66,2677.2247
2026-10-02,nodedao,NodeDAO,staking,,14359.7895,38331844.16,2669.3876
2024-12,nucleus,Nucleus,farming,vaults,9487.0389,31585483.16,3329.33
2025-01,nucleus,Nucleus,farming,vaults,11474.0928,37852458.57,3298.95
2025-02,nucleus,Nucleus,farming,vaults,16968.5317,37766861.08,2225.7
2025-03,nucleus,Nucleus,farming,vaults,12574.7387,22932173.77,1823.67
2025-04,nucleus,Nucleus,farming,vaults,8854.7459,15876382.36,1792.98
2025-05,nucleus,Nucleus,farming,vaults,7623.6327,19195468.63,2517.89
2025-06,nucleus,Nucleus,farming,vaults,6265.5222,15640121.81,2496.22
2025-07,nucleus,Nucleus,farming,vaults,2404.248,8882926.88,3694.68
2025-08,nucleus,Nucleus,farming,vaults,1002.5323,4411513.08,4400.37
2025-09,nucleus,Nucleus,farming,vaults,1606.5479,6662113.06,4146.85
2025-10,nucleus,Nucleus,farming,vaults,1493.8928,5758503.84,3854.6968
2025-11,nucleus,Nucleus,farming,vaults,2277.971,6804404.59,2987.0461
2025-12,nucleus,Nucleus,farming,vaults,1961.6838,5829168.73,2971.5129
2026-01,nucleus,Nucleus,farming,vaults,1625.5612,4014744.58,2469.7591
2026-02,nucleus,Nucleus,farming,vaults,1387.5711,2715845.14,1957.2655
2026-03,nucleus,Nucleus,farming,vaults,1231.3383,2585888.63,2100.0636
2026-04,nucleus,Nucleus,farming,vaults,1105.9887,2497841.94,2258.4696
2026-05,nucleus,Nucleus,farming,vaults,1076.8875,2164070.89,2009.5608
2026-06,nucleus,Nucleus,farming,vaults,887.8206,1391917.23,1567.7911
2026-07,nucleus,Nucleus,farming,vaults,803.9533,1498147.1,1863.4753
2026-08,nucleus,Nucleus,farming,vaults,701.0861,1732121.58,2470.6262
2026-09,nucleus,Nucleus,farming,vaults,669.5518,1792540.71,2677.2247
2026-10-02,nucleus,Nucleus,farming,vaults,665.1479,1775537.51,2669.3876
2024-10,onx-finance,OnX Finance,farming,vaults,127.0115,319776.77,2517.7
2024-11,onx-finance,OnX Finance,farming,vaults,122.4296,455931.63,3724.03
2024-12,onx-finance,OnX Finance,farming,vaults,123.0509,409676.89,3329.33
2025-01,onx-finance,OnX Finance,farming,vaults,122.8426,405251.61,3298.95
2025-02,onx-finance,OnX Finance,farming,vaults,123.7083,275337.47,2225.7
2025-03,onx-finance,OnX Finance,farming,vaults,124.2751,226636.77,1823.67
2025-04,onx-finance,OnX Finance,farming,vaults,124.5737,223358.11,1792.98
2025-05,onx-finance,OnX Finance,farming,vaults,125.2189,315287.42,2517.89
2025-06,onx-finance,OnX Finance,farming,vaults,123.2054,307547.89,2496.22
2025-07,onx-finance,OnX Finance,farming,vaults,125.1746,462479.95,3694.68
2025-08,onx-finance,OnX Finance,farming,vaults,124.4615,547676.53,4400.37
2025-09,onx-finance,OnX Finance,farming,vaults,123.7631,513226.96,4146.85
2025-10,onx-finance,OnX Finance,farming,vaults,122.7838,473294.42,3854.6968
2025-11,onx-finance,OnX Finance,farming,vaults,126.4255,377638.72,2987.0461
2025-12,onx-finance,OnX Finance,farming,vaults,125.2475,372174.64,2971.5129
2026-01,onx-finance,OnX Finance,farming,vaults,123.9104,306028.83,2469.7591
2026-02,onx-finance,OnX Finance,farming,vaults,123.583,241884.76,1957.2655
2026-03,onx-finance,OnX Finance,farming,vaults,124.8075,262103.68,2100.0636
2026-04,onx-finance,OnX Finance,farming,vaults,125.4326,283285.78,2258.4696
2026-05,onx-finance,OnX Finance,farming,vaults,0.0,0.0,2009.5608
2026-06,onx-finance,OnX Finance,farming,vaults,0.0,0.0,1567.7911
2026-07,onx-finance,OnX Finance,farming,vaults,0.0,0.0,1863.4753
2026-08,onx-finance,OnX Finance,farming,vaults,0.0,0.0,2470.6262
2026-09,onx-finance,OnX Finance,farming,vaults,0.0,0.0,2677.2247
2026-10-02,onx-finance,OnX Finance,farming,vaults,0.0,0.0,2669.3876
2024-10,opyn-convexity,Opyn Convexity,options,,0.0,0.0,2517.7
2024-11,opyn-convexity,Opyn Convexity,options,,0.0,0.0,3724.03
2024-12,opyn-convexity,Opyn Convexity,options,,0.0,0.0,3329.33
2025-01,opyn-convexity,Opyn Convexity,options,,0.0,0.0,3298.95
2025-02,opyn-convexity,Opyn Convexity,options,,0.0,0.0,2225.7
2025-03,opyn-convexity,Opyn Convexity,options,,0.0,0.0,1823.67
2025-04,opyn-convexity,Opyn Convexity,options,,0.0,0.0,1792.98
2025-05,opyn-convexity,Opyn Convexity,options,,0.0,0.0,2517.89
2025-06,opyn-convexity,Opyn Convexity,options,,0.0,0.0,2496.22
2025-07,opyn-convexity,Opyn Convexity,options,,0.0,0.0,3694.68
2025-08,opyn-convexity,Opyn Convexity,options,,0.0,0.0,4400.37
2025-09,opyn-convexity,Opyn Convexity,options,,0.0,0.0,4146.85
2025-10,opyn-convexity,Opyn Convexity,options,,0.0,0.0,3854.6968
2025-11,opyn-convexity,Opyn Convexity,options,,0.0,0.0,2987.0461
2025-12,opyn-convexity,Opyn Convexity,options,,0.0,0.0,2971.5129
2026-01,opyn-convexity,Opyn Convexity,options,,0.0,0.0,2469.7591
2026-02,opyn-convexity,Opyn Convexity,options,,0.0,0.0,1957.2655
2026-03,opyn-convexity,Opyn Convexity,options,,0.0,0.0,2100.0636
2026-04,opyn-convexity,Opyn Convexity,options,,0.0,0.0,2258.4696
2026-05,opyn-convexity,Opyn Convexity,options,,0.0,0.0,2009.5608
2026-06,opyn-convexity,Opyn Convexity,options,,0.0,0.0,1567.7911
2026-07,opyn-convexity,Opyn Convexity,options,,0.0,0.0,1863.4753
2026-08,opyn-convexity,Opyn Convexity,options,,0.0,0.0,2470.6262
2026-09,opyn-convexity,Opyn Convexity,options,,0.0,0.0,2677.2247
2026-10-02,opyn-convexity,Opyn Convexity,options,,0.0,0.0,2669.3876
2024-10,opyn-gamma,Opyn Gamma,options,,1509.478,3800412.88,2517.7
2024-11,opyn-gamma,Opyn Gamma,options,,1488.266,5542347.3,3724.03
2024-12,opyn-gamma,Opyn Gamma,options,,1487.307,4951735.88,3329.33
2025-01,opyn-gamma,Opyn Gamma,options,,1442.7762,4759646.39,3298.95
2025-02,opyn-gamma,Opyn Gamma,options,,0.0,0.0,2225.7
2025-03,opyn-gamma,Opyn Gamma,options,,0.0,0.0,1823.67
2025-04,opyn-gamma,Opyn Gamma,options,,0.0,0.0,1792.98
2025-05,opyn-gamma,Opyn Gamma,options,,0.0,0.0,2517.89
2025-06,opyn-gamma,Opyn Gamma,options,,0.0,0.0,2496.22
2025-07,opyn-gamma,Opyn Gamma,options,,0.0,0.0,3694.68
2025-08,opyn-gamma,Opyn Gamma,options,,0.0,0.0,4400.37
2025-09,opyn-gamma,Opyn Gamma,options,,0.0,0.0,4146.85
2025-10,opyn-gamma,Opyn Gamma,options,,0.0,0.0,3854.6968
2025-11,opyn-gamma,Opyn Gamma,options,,0.0,0.0,2987.0461
2025-12,opyn-gamma,Opyn Gamma,options,,0.0,0.0,2971.5129
2026-01,opyn-gamma,Opyn Gamma,options,,0.0,0.0,2469.7591
2026-02,opyn-gamma,Opyn Gamma,options,,0.0,0.0,1957.2655
2026-03,opyn-gamma,Opyn Gamma,options,,0.0,0.0,2100.0636
2026-04,opyn-gamma,Opyn Gamma,options,,0.0,0.0,2258.4696
2026-05,opyn-gamma,Opyn Gamma,options,,0.0,0.0,2009.5608
2026-06,opyn-gamma,Opyn Gamma,options,,0.0,0.0,1567.7911
2026-07,opyn-gamma,Opyn Gamma,options,,0.0,0.0,1863.4753
2026-08,opyn-gamma,Opyn Gamma,options,,0.0,0.0,2470.6262
2026-09,opyn-gamma,Opyn Gamma,options,,0.0,0.0,2677.2247
2026-10-02,opyn-gamma,Opyn Gamma,options,,0.0,0.0,2669.3876
2024-11,origami-finance,Origami Finance,loops,,5.2308,19479.59,3724.03
2024-12,origami-finance,Origami Finance,loops,,6.0327,20084.89,3329.33
2025-01,origami-finance,Origami Finance,loops,,5.5229,18219.77,3298.95
2025-02,origami-finance,Origami Finance,loops,,4.7373,10543.72,2225.7
2025-03,origami-finance,Origami Finance,loops,,3.6663,6686.04,1823.67
2025-04,origami-finance,Origami Finance,loops,,1.8538,3323.82,1792.98
2025-05,origami-finance,Origami Finance,loops,,1.8612,4686.19,2517.89
2025-06,origami-finance,Origami Finance,loops,,1.9156,4781.85,2496.22
2025-07,origami-finance,Origami Finance,loops,,1.5496,5725.14,3694.68
2025-08,origami-finance,Origami Finance,loops,,1.4583,6416.95,4400.37
2025-09,origami-finance,Origami Finance,loops,,2.6018,10789.45,4146.85
2025-10,origami-finance,Origami Finance,loops,,3.6239,13969.04,3854.6968
2025-11,origami-finance,Origami Finance,loops,,3.5202,10515.02,2987.0461
2025-12,origami-finance,Origami Finance,loops,,3.2669,9707.62,2971.5129
2026-01,origami-finance,Origami Finance,loops,,3.2847,8112.44,2469.7591
2026-02,origami-finance,Origami Finance,loops,,3.2531,6367.22,1957.2655
2026-03,origami-finance,Origami Finance,loops,,3.2893,6907.72,2100.0636
2026-04,origami-finance,Origami Finance,loops,,3.0265,6835.27,2258.4696
2026-05,origami-finance,Origami Finance,loops,,7.6767,15426.75,2009.5608
2026-06,origami-finance,Origami Finance,loops,,9.3907,14722.62,1567.7911
2026-07,origami-finance,Origami Finance,loops,,18.2351,33980.67,1863.4753
2026-08,origami-finance,Origami Finance,loops,,9.0775,22427.02,2470.6262
2026-09,origami-finance,Origami Finance,loops,,9.0238,24158.62,2677.2247
2026-10-02,origami-finance,Origami Finance,loops,,8.9967,24015.64,2669.3876
2024-10,origin-arm,Origin ARM,farming,pools,634.6896,1597958.11,2517.7
2024-11,origin-arm,Origin ARM,farming,pools,427.9173,1593576.75,3724.03
2024-12,origin-arm,Origin ARM,farming,pools,2876.8158,9577869.3,3329.33
2025-01,origin-arm,Origin ARM,farming,pools,413.0797,1362729.26,3298.95
2025-02,origin-arm,Origin ARM,farming,pools,0.035,77.87,2225.7
2025-03,origin-arm,Origin ARM,farming,pools,5703.6126,10401507.17,1823.67
2025-04,origin-arm,Origin ARM,farming,pools,8.2575,14805.55,1792.98
2025-05,origin-arm,Origin ARM,farming,pools,335.0565,843635.37,2517.89
2025-06,origin-arm,Origin ARM,farming,pools,50.9731,127239.98,2496.22
2025-07,origin-arm,Origin ARM,farming,pools,8.1774,30212.97,3694.68
2025-08,origin-arm,Origin ARM,farming,pools,45.5562,200463.95,4400.37
2025-09,origin-arm,Origin ARM,farming,pools,148.7533,616857.71,4146.85
2025-10,origin-arm,Origin ARM,farming,pools,350.2196,1349990.44,3854.6968
2025-11,origin-arm,Origin ARM,farming,pools,491.5534,1468292.61,2987.0461
2025-12,origin-arm,Origin ARM,farming,pools,434.788,1291978.02,2971.5129
2026-01,origin-arm,Origin ARM,farming,pools,0.1109,274.02,2469.7591
2026-02,origin-arm,Origin ARM,farming,pools,0.151,295.53,1957.2655
2026-03,origin-arm,Origin ARM,farming,pools,910.3117,1911712.54,2100.0636
2026-04,origin-arm,Origin ARM,farming,pools,181.0994,409007.59,2258.4696
2026-05,origin-arm,Origin ARM,farming,pools,219.0255,440145.08,2009.5608
2026-07,origin-arm,Origin ARM,farming,pools,2724.3841,5076822.63,1863.4753
2026-08,origin-arm,Origin ARM,farming,pools,4690.1212,11587536.24,2470.6262
2026-09,origin-arm,Origin ARM,farming,pools,3307.4884,8854889.66,2677.2247
2026-10-02,origin-arm,Origin ARM,farming,pools,3216.1575,8585170.97,2669.3876
2024-10,origin-ether,Origin Ether,staking,,60539.389,152420019.61,2517.7
2024-11,origin-ether,Origin Ether,staking,,59238.5216,220606031.48,3724.03
2024-12,origin-ether,Origin Ether,staking,,38749.0796,129008473.04,3329.33
2025-01,origin-ether,Origin Ether,staking,,33782.4351,111446564.19,3298.95
2025-02,origin-ether,Origin Ether,staking,,30878.1932,68725594.71,2225.7
2025-03,origin-ether,Origin Ether,staking,,35290.5516,64358320.29,1823.67
2025-04,origin-ether,Origin Ether,staking,,33563.3966,60178498.77,1792.98
2025-05,origin-ether,Origin Ether,staking,,34558.5223,87014557.69,2517.89
2025-06,origin-ether,Origin Ether,staking,,37056.4577,92501070.89,2496.22
2025-07,origin-ether,Origin Ether,staking,,39450.3398,145756381.44,3694.68
2025-08,origin-ether,Origin Ether,staking,,34506.2762,151840382.54,4400.37
2025-09,origin-ether,Origin Ether,staking,,33702.5363,139759362.59,4146.85
2025-10,origin-ether,Origin Ether,staking,,33575.9285,129425023.34,3854.6968
2025-11,origin-ether,Origin Ether,staking,,33254.1263,99331609.78,2987.0461
2025-12,origin-ether,Origin Ether,staking,,25407.7932,75499584.4,2971.5129
2026-01,origin-ether,Origin Ether,staking,,21969.1461,54258498.48,2469.7591
2026-02,origin-ether,Origin Ether,staking,,23566.1056,46125126.33,1957.2655
2026-03,origin-ether,Origin Ether,staking,,22739.4063,47754199.21,2100.0636
2026-04,origin-ether,Origin Ether,staking,,20301.0534,45849312.14,2258.4696
2026-05,origin-ether,Origin Ether,staking,,18663.7557,37505951.96,2009.5608
2026-06,origin-ether,Origin Ether,staking,,15559.8521,24394597.28,1567.7911
2026-07,origin-ether,Origin Ether,staking,,24929.7893,46456047.55,1863.4753
2026-08,origin-ether,Origin Ether,staking,,23510.674,58086087.08,2470.6262
2026-09,origin-ether,Origin Ether,staking,,22351.0022,59838655.0,2677.2247
2026-10-02,origin-ether,Origin Ether,staking,,22516.3603,60104893.12,2669.3876
2024-10,pac-finance,Pac Finance,lending,,0.0002,0.39,2517.7
2024-11,pac-finance,Pac Finance,lending,,0.0001,0.48,3724.03
2024-12,pac-finance,Pac Finance,lending,,0.0001,0.33,3329.33
2025-01,pac-finance,Pac Finance,lending,,0.0001,0.33,3298.95
2025-02,pac-finance,Pac Finance,lending,,0.0001,0.28,2225.7
2025-09,pac-finance,Pac Finance,lending,,0.0001,0.39,4146.85
2024-10,pancakeswap-amm,PancakeSwap AMM,farming,pools,727.9509,1832762.02,2517.7
2024-11,pancakeswap-amm,PancakeSwap AMM,farming,pools,468.0795,1743142.25,3724.03
2024-12,pancakeswap-amm,PancakeSwap AMM,farming,pools,484.5069,1613083.27,3329.33
2025-01,pancakeswap-amm,PancakeSwap AMM,farming,pools,445.5502,1469847.77,3298.95
2025-02,pancakeswap-amm,PancakeSwap AMM,farming,pools,554.8419,1234911.64,2225.7
2025-03,pancakeswap-amm,PancakeSwap AMM,farming,pools,555.9886,1013939.64,1823.67
2025-04,pancakeswap-amm,PancakeSwap AMM,farming,pools,911.513,1634324.55,1792.98
2025-05,pancakeswap-amm,PancakeSwap AMM,farming,pools,1624.6315,4090643.53,2517.89
2025-06,pancakeswap-amm,PancakeSwap AMM,farming,pools,1748.3281,4364211.62,2496.22
2025-07,pancakeswap-amm,PancakeSwap AMM,farming,pools,3122.8616,11537974.33,3694.68
2025-08,pancakeswap-amm,PancakeSwap AMM,farming,pools,2996.768,13186887.83,4400.37
2025-09,pancakeswap-amm,PancakeSwap AMM,farming,pools,2146.4479,8900997.52,4146.85
2025-10,pancakeswap-amm,PancakeSwap AMM,farming,pools,621.1402,2394307.18,3854.6968
2025-11,pancakeswap-amm,PancakeSwap AMM,farming,pools,662.4875,1978880.61,2987.0461
2025-12,pancakeswap-amm,PancakeSwap AMM,farming,pools,662.4126,1968367.5,2971.5129
2026-01,pancakeswap-amm,PancakeSwap AMM,farming,pools,857.8563,2118698.4,2469.7591
2026-02,pancakeswap-amm,PancakeSwap AMM,farming,pools,1062.6897,2079965.92,1957.2655
2026-03,pancakeswap-amm,PancakeSwap AMM,farming,pools,941.9326,1978118.42,2100.0636
2026-04,pancakeswap-amm,PancakeSwap AMM,farming,pools,4985.9913,11260709.76,2258.4696
2026-05,pancakeswap-amm,PancakeSwap AMM,farming,pools,5083.1796,10214958.46,2009.5608
2026-06,pancakeswap-amm,PancakeSwap AMM,farming,pools,4781.6897,7496690.44,1567.7911
2026-07,pancakeswap-amm,PancakeSwap AMM,farming,pools,4670.1619,8702731.45,1863.4753
2026-08,pancakeswap-amm,PancakeSwap AMM,farming,pools,5613.8875,13869817.67,2470.6262
2026-09,pancakeswap-amm,PancakeSwap AMM,farming,pools,5918.7298,15845769.48,2677.2247
2026-10-02,pancakeswap-amm,PancakeSwap AMM,farming,pools,5887.2329,15715306.45,2669.3876
2026-06,panoptic-v2,Panoptic V2,options,,122.4239,191935.06,1567.7911
2026-07,panoptic-v2,Panoptic V2,options,,304.7339,567864.07,1863.4753
2026-08,panoptic-v2,Panoptic V2,options,,131.1384,323993.98,2470.6262
2026-09,panoptic-v2,Panoptic V2,options,,255.8696,685020.31,2677.2247
2026-10-02,panoptic-v2,Panoptic V2,options,,254.9099,680453.44,2669.3876
2024-10,pell-network,Pell Network,restaking,,0.0,0.0,2517.7
2024-11,pell-network,Pell Network,restaking,,0.0,0.0,3724.03
2024-12,pell-network,Pell Network,restaking,,0.0,0.0,3329.33
2025-01,pell-network,Pell Network,restaking,,0.0,0.0,3298.95
2025-02,pell-network,Pell Network,restaking,,0.0,0.0,2225.7
2025-03,pell-network,Pell Network,restaking,,0.0,0.0,1823.67
2025-04,pell-network,Pell Network,restaking,,0.0,0.0,1792.98
2025-05,pell-network,Pell Network,restaking,,0.0,0.0,2517.89
2025-06,pell-network,Pell Network,restaking,,0.0,0.0,2496.22
2025-07,pell-network,Pell Network,restaking,,5409.8788,19987770.89,3694.68
2025-08,pell-network,Pell Network,restaking,,5426.8624,23880202.53,4400.37
2025-09,pell-network,Pell Network,restaking,,5452.6781,22611438.13,4146.85
2025-10,pell-network,Pell Network,restaking,,5447.9605,21000235.73,3854.6968
2025-11,pell-network,Pell Network,restaking,,5491.5793,16403600.76,2987.0461
2025-12,pell-network,Pell Network,restaking,,0.0,0.0,2971.5129
2026-01,pell-network,Pell Network,restaking,,0.0,0.0,2469.7591
2026-02,pell-network,Pell Network,restaking,,0.0,0.0,1957.2655
2026-03,pell-network,Pell Network,restaking,,0.0,0.0,2100.0636
2026-04,pell-network,Pell Network,restaking,,0.0,0.0,2258.4696
2026-05,pell-network,Pell Network,restaking,,0.0,0.0,2009.5608
2026-06,pell-network,Pell Network,restaking,,0.0,0.0,1567.7911
2026-07,pell-network,Pell Network,restaking,,0.0,0.0,1863.4753
2026-08,pell-network,Pell Network,restaking,,0.0,0.0,2470.6262
2026-09,pell-network,Pell Network,restaking,,0.0,0.0,2677.2247
2026-10-02,pell-network,Pell Network,restaking,,0.0,0.0,2669.3876
2024-10,pendle-v2,Pendle V2,fixed_yield,,274629.0536,691433568.23,2517.7
2024-11,pendle-v2,Pendle V2,fixed_yield,,250123.6751,931468069.68,3724.03
2024-12,pendle-v2,Pendle V2,fixed_yield,,144669.5454,481652657.7,3329.33
2025-01,pendle-v2,Pendle V2,fixed_yield,,152418.1944,502820002.32,3298.95
2025-02,pendle-v2,Pendle V2,fixed_yield,,121491.8093,270404319.95,2225.7
2025-03,pendle-v2,Pendle V2,fixed_yield,,127696.8645,232876940.97,1823.67
2025-04,pendle-v2,Pendle V2,fixed_yield,,92900.603,166568923.14,1792.98
2025-05,pendle-v2,Pendle V2,fixed_yield,,95961.2114,241619774.49,2517.89
2025-06,pendle-v2,Pendle V2,fixed_yield,,65621.1007,163804703.99,2496.22
2025-07,pendle-v2,Pendle V2,fixed_yield,,59813.8499,220993034.86,3694.68
2025-08,pendle-v2,Pendle V2,fixed_yield,,73138.1104,321834746.74,4400.37
2025-09,pendle-v2,Pendle V2,fixed_yield,,49371.7714,204737330.17,4146.85
2025-10,pendle-v2,Pendle V2,fixed_yield,,48340.3184,186337269.34,3854.6968
2025-11,pendle-v2,Pendle V2,fixed_yield,,36049.1797,107680563.57,2987.0461
2025-12,pendle-v2,Pendle V2,fixed_yield,,30995.5371,92103637.31,2971.5129
2026-01,pendle-v2,Pendle V2,fixed_yield,,24581.2762,60709830.56,2469.7591
2026-02,pendle-v2,Pendle V2,fixed_yield,,23593.2531,46178261.17,1957.2655
2026-03,pendle-v2,Pendle V2,fixed_yield,,21263.3325,44654350.49,2100.0636
2026-04,pendle-v2,Pendle V2,fixed_yield,,18868.7739,42614552.45,2258.4696
2026-05,pendle-v2,Pendle V2,fixed_yield,,18333.826,36842938.21,2009.5608
2026-06,pendle-v2,Pendle V2,fixed_yield,,13693.825,21469056.66,1567.7911
2026-07,pendle-v2,Pendle V2,fixed_yield,,10751.9964,20036080.19,1863.4753
2026-08,pendle-v2,Pendle V2,fixed_yield,,10275.762,25387566.96,2470.6262
2026-09,pendle-v2,Pendle V2,fixed_yield,,8989.512,24066943.57,2677.2247
2026-10-02,pendle-v2,Pendle V2,fixed_yield,,8914.1445,23795306.79,2669.3876
2025-10,pharaoh-v3,Pharaoh V3,farming,pools,466.8675,1799632.79,3854.6968
2025-11,pharaoh-v3,Pharaoh V3,farming,pools,736.8538,2201016.23,2987.0461
2025-12,pharaoh-v3,Pharaoh V3,farming,pools,581.5095,1727962.89,2971.5129
2026-01,pharaoh-v3,Pharaoh V3,farming,pools,395.1664,975965.72,2469.7591
2026-02,pharaoh-v3,Pharaoh V3,farming,pools,1000.755,1958743.29,1957.2655
2026-03,pharaoh-v3,Pharaoh V3,farming,pools,234.7744,493041.06,2100.0636
2026-04,pharaoh-v3,Pharaoh V3,farming,pools,699.5803,1579980.91,2258.4696
2026-05,pharaoh-v3,Pharaoh V3,farming,pools,1047.843,2105704.17,2009.5608
2026-06,pharaoh-v3,Pharaoh V3,farming,pools,494.1618,774742.47,1567.7911
2026-07,pharaoh-v3,Pharaoh V3,farming,pools,323.8362,603460.83,1863.4753
2026-08,pharaoh-v3,Pharaoh V3,farming,pools,10.7126,26466.84,2470.6262
2026-09,pharaoh-v3,Pharaoh V3,farming,pools,532.1333,1424640.35,2677.2247
2026-10-02,pharaoh-v3,Pharaoh V3,farming,pools,468.7318,1251226.97,2669.3876
2024-10,pools:sushiswap,SushiSwap v2 ETH pools,farming,pools,10027.5362,25246328.0,2517.7
2024-11,pools:sushiswap,SushiSwap v2 ETH pools,farming,pools,7650.8445,28491974.5,3724.03
2024-12,pools:sushiswap,SushiSwap v2 ETH pools,farming,pools,7259.9347,24170718.5,3329.33
2025-01,pools:sushiswap,SushiSwap v2 ETH pools,farming,pools,6842.1742,22571990.5,3298.95
2025-02,pools:sushiswap,SushiSwap v2 ETH pools,farming,pools,7133.3068,15876601.0,2225.7
2025-03,pools:sushiswap,SushiSwap v2 ETH pools,farming,pools,7459.7471,13604117.0,1823.67
2025-04,pools:sushiswap,SushiSwap v2 ETH pools,farming,pools,8064.5353,14459550.5,1792.98
2025-05,pools:sushiswap,SushiSwap v2 ETH pools,farming,pools,6999.8221,17624782.0,2517.89
2025-06,pools:sushiswap,SushiSwap v2 ETH pools,farming,pools,28401.6817,70896846.0,2496.22
2025-07,pools:sushiswap,SushiSwap v2 ETH pools,farming,pools,20445.9285,75541163.0,3694.68
2025-08,pools:sushiswap,SushiSwap v2 ETH pools,farming,pools,16074.6829,70734552.5,4400.37
2025-09,pools:sushiswap,SushiSwap v2 ETH pools,farming,pools,14807.005,61402428.5,4146.85
2025-10,pools:sushiswap,SushiSwap v2 ETH pools,farming,pools,13754.4096,53019078.5,3854.6968
2025-11,pools:sushiswap,SushiSwap v2 ETH pools,farming,pools,11595.0152,34634845.5,2987.0461
2025-12,pools:sushiswap,SushiSwap v2 ETH pools,farming,pools,9233.5858,27437719.0,2971.5129
2026-01,pools:sushiswap,SushiSwap v2 ETH pools,farming,pools,5765.358,14239045.5,2469.7591
2026-02,pools:sushiswap,SushiSwap v2 ETH pools,farming,pools,6307.2316,12344927.0,1957.2655
2026-03,pools:sushiswap,SushiSwap v2 ETH pools,farming,pools,3791.1195,7961592.0,2100.0636
2026-04,pools:sushiswap,SushiSwap v2 ETH pools,farming,pools,4017.0445,9072373.0,2258.4696
2026-05,pools:sushiswap,SushiSwap v2 ETH pools,farming,pools,4553.025,9149580.5,2009.5608
2026-06,pools:sushiswap,SushiSwap v2 ETH pools,farming,pools,4000.6832,6272235.5,1567.7911
2026-07,pools:sushiswap,SushiSwap v2 ETH pools,farming,pools,3733.0703,6956484.5,1863.4753
2026-08,pools:sushiswap,SushiSwap v2 ETH pools,farming,pools,3496.5937,8638776.0,2470.6262
2026-09,pools:sushiswap,SushiSwap v2 ETH pools,farming,pools,3196.3156,8557255.0,2677.2247
2026-10-02,pools:sushiswap,SushiSwap v2 ETH pools,farming,pools,3209.4296,8567211.5,2669.3876
2024-10,pools:uniswap-v3,Uniswap v3 ETH pools,farming,pools,198236.3723,499099714.5,2517.7
2024-11,pools:uniswap-v3,Uniswap v3 ETH pools,farming,pools,174899.0827,651329431.0,3724.03
2024-12,pools:uniswap-v3,Uniswap v3 ETH pools,farming,pools,178374.7027,593868249.0,3329.33
2025-01,pools:uniswap-v3,Uniswap v3 ETH pools,farming,pools,190742.4958,629249956.5,3298.95
2025-02,pools:uniswap-v3,Uniswap v3 ETH pools,farming,pools,207612.5805,462083320.5,2225.7
2025-03,pools:uniswap-v3,Uniswap v3 ETH pools,farming,pools,219270.3551,399876768.5,1823.67
2025-04,pools:uniswap-v3,Uniswap v3 ETH pools,farming,pools,193659.5539,347227707.0,1792.98
2025-05,pools:uniswap-v3,Uniswap v3 ETH pools,farming,pools,168561.5571,424419459.0,2517.89
2025-06,pools:uniswap-v3,Uniswap v3 ETH pools,farming,pools,158773.0793,396332536.0,2496.22
2025-07,pools:uniswap-v3,Uniswap v3 ETH pools,farming,pools,136112.3838,502891702.0,3694.68
2025-08,pools:uniswap-v3,Uniswap v3 ETH pools,farming,pools,126810.9574,558015132.5,4400.37
2025-09,pools:uniswap-v3,Uniswap v3 ETH pools,farming,pools,130368.847,540620053.0,4146.85
2025-10,pools:uniswap-v3,Uniswap v3 ETH pools,farming,pools,141521.7464,545523419.5,3854.6968
2025-11,pools:uniswap-v3,Uniswap v3 ETH pools,farming,pools,133593.0495,399048604.0,2987.0461
2025-12,pools:uniswap-v3,Uniswap v3 ETH pools,farming,pools,146693.0824,435900382.0,2971.5129
2026-01,pools:uniswap-v3,Uniswap v3 ETH pools,farming,pools,152116.6707,375691532.0,2469.7591
2026-02,pools:uniswap-v3,Uniswap v3 ETH pools,farming,pools,167021.6983,326905813.5,1957.2655
2026-03,pools:uniswap-v3,Uniswap v3 ETH pools,farming,pools,172772.5156,362833269.5,2100.0636
2026-04,pools:uniswap-v3,Uniswap v3 ETH pools,farming,pools,178329.7719,402752370.5,2258.4696
2026-05,pools:uniswap-v3,Uniswap v3 ETH pools,farming,pools,180481.5593,362688668.0,2009.5608
2026-06,pools:uniswap-v3,Uniswap v3 ETH pools,farming,pools,187882.5942,294560655.5,1567.7911
2026-07,pools:uniswap-v3,Uniswap v3 ETH pools,farming,pools,173884.519,324029512.5,1863.4753
2026-08,pools:uniswap-v3,Uniswap v3 ETH pools,farming,pools,153974.1891,380412666.0,2470.6262
2026-09,pools:uniswap-v3,Uniswap v3 ETH pools,farming,pools,154429.4578,413442357.5,2677.2247
2026-10-02,pools:uniswap-v3,Uniswap v3 ETH pools,farming,pools,154941.6558,413599335.0,2669.3876
2025-12,pools:uniswap-v4,Uniswap v4 ETH pools,farming,pools,31294.1872,92991080.0,2971.5129
2026-01,pools:uniswap-v4,Uniswap v4 ETH pools,farming,pools,32597.3395,80507576.0,2469.7591
2026-02,pools:uniswap-v4,Uniswap v4 ETH pools,farming,pools,42451.5675,83088990.0,1957.2655
2026-03,pools:uniswap-v4,Uniswap v4 ETH pools,farming,pools,40909.1112,85911735.0,2100.0636
2026-04,pools:uniswap-v4,Uniswap v4 ETH pools,farming,pools,41125.8669,92881520.5,2258.4696
2026-05,pools:uniswap-v4,Uniswap v4 ETH pools,farming,pools,39904.3782,80190274.5,2009.5608
2026-06,pools:uniswap-v4,Uniswap v4 ETH pools,farming,pools,47208.2001,74012595.0,1567.7911
2026-07,pools:uniswap-v4,Uniswap v4 ETH pools,farming,pools,45818.5385,85381716.5,1863.4753
2026-08,pools:uniswap-v4,Uniswap v4 ETH pools,farming,pools,47109.874,116390889.0,2470.6262
2026-09,pools:uniswap-v4,Uniswap v4 ETH pools,farming,pools,50336.1875,134761284.0,2677.2247
2026-10-02,pools:uniswap-v4,Uniswap v4 ETH pools,farming,pools,50822.8821,135665971.5,2669.3876
2025-12,project-0,Project 0,lending,,742.245,2205590.67,2971.5129
2026-04,project-0,Project 0,lending,,820.8804,1853933.33,2258.4696
2026-05,project-0,Project 0,lending,,2882.6418,5792844.06,2009.5608
2026-06,project-0,Project 0,lending,,439.5897,689184.83,1567.7911
2026-07,project-0,Project 0,lending,,394.4296,735009.8,1863.4753
2026-08,project-0,Project 0,lending,,361.8974,894113.1,2470.6262
2026-09,project-0,Project 0,lending,,368.4972,986549.74,2677.2247
2026-10-02,project-0,Project 0,lending,,366.5275,978404.01,2669.3876
2024-10,puffer-stake,Puffer Stake,restaking,,299785.3283,754769521.07,2517.7
2024-11,puffer-stake,Puffer Stake,restaking,,130066.4403,484371325.77,3724.03
2024-12,puffer-stake,Puffer Stake,restaking,,74436.9483,247825165.24,3329.33
2025-01,puffer-stake,Puffer Stake,restaking,,55930.716,184512635.46,3298.95
2025-02,puffer-stake,Puffer Stake,restaking,,52881.1045,117697474.2,2225.7
2025-03,puffer-stake,Puffer Stake,restaking,,56989.5307,103930097.38,1823.67
2025-04,puffer-stake,Puffer Stake,restaking,,42489.5668,76182943.41,1792.98
2025-05,puffer-stake,Puffer Stake,restaking,,44228.4649,111362409.46,2517.89
2025-06,puffer-stake,Puffer Stake,restaking,,49002.588,122321240.25,2496.22
2025-07,puffer-stake,Puffer Stake,restaking,,33725.5243,124605020.21,3694.68
2025-08,puffer-stake,Puffer Stake,restaking,,28991.907,127575117.6,4400.37
2025-09,puffer-stake,Puffer Stake,restaking,,36007.7105,149318574.22,4146.85
2025-10,puffer-stake,Puffer Stake,restaking,,35221.4773,135768115.17,3854.6968
2025-11,puffer-stake,Puffer Stake,restaking,,32707.6858,97699366.89,2987.0461
2025-12,puffer-stake,Puffer Stake,restaking,,27862.8782,82794901.21,2971.5129
2026-01,puffer-stake,Puffer Stake,restaking,,27164.3361,67089366.41,2469.7591
2026-02,puffer-stake,Puffer Stake,restaking,,25910.8556,50714424.57,1957.2655
2026-03,puffer-stake,Puffer Stake,restaking,,26809.1444,56300907.94,2100.0636
2026-04,puffer-stake,Puffer Stake,restaking,,26386.1562,59592331.88,2258.4696
2026-05,puffer-stake,Puffer Stake,restaking,,25535.4419,51315023.15,2009.5608
2026-06,puffer-stake,Puffer Stake,restaking,,25002.0644,39198013.57,1567.7911
2026-07,puffer-stake,Puffer Stake,restaking,,22641.5252,42191923.86,1863.4753
2026-08,puffer-stake,Puffer Stake,restaking,,22745.7974,56196363.01,2470.6262
2026-09,puffer-stake,Puffer Stake,restaking,,10528.9893,28188470.09,2677.2247
2026-10-02,puffer-stake,Puffer Stake,restaking,,10510.1679,28055711.9,2669.3876
2024-10,qidao,QiDao,cdp,,803.5406,2023074.09,2517.7
2024-11,qidao,QiDao,cdp,,819.4193,3051542.08,3724.03
2024-12,qidao,QiDao,cdp,,766.7999,2552929.8,3329.33
2025-01,qidao,QiDao,cdp,,769.2854,2537834.22,3298.95
2025-02,qidao,QiDao,cdp,,772.4019,1719134.95,2225.7
2025-03,qidao,QiDao,cdp,,602.1936,1098202.33,1823.67
2025-04,qidao,QiDao,cdp,,593.1584,1063521.2,1792.98
2025-05,qidao,QiDao,cdp,,591.4613,1489234.57,2517.89
2025-06,qidao,QiDao,cdp,,574.4356,1433917.54,2496.22
2025-07,qidao,QiDao,cdp,,562.879,2079657.86,3694.68
2025-08,qidao,QiDao,cdp,,425.2035,1871052.87,4400.37
2025-09,qidao,QiDao,cdp,,393.2997,1630954.89,4146.85
2025-10,qidao,QiDao,cdp,,389.0197,1499552.99,3854.6968
2025-11,qidao,QiDao,cdp,,341.7831,1020922.02,2987.0461
2025-12,qidao,QiDao,cdp,,340.0374,1010425.41,2971.5129
2026-01,qidao,QiDao,cdp,,303.3052,749090.73,2469.7591
2026-02,qidao,QiDao,cdp,,292.0384,571596.67,1957.2655
2026-03,qidao,QiDao,cdp,,292.269,613783.47,2100.0636
2026-04,qidao,QiDao,cdp,,291.6898,658772.66,2258.4696
2026-05,qidao,QiDao,cdp,,292.5545,587906.06,2009.5608
2026-06,qidao,QiDao,cdp,,297.2431,466015.11,1567.7911
2026-07,qidao,QiDao,cdp,,302.2858,563302.07,1863.4753
2026-08,qidao,QiDao,cdp,,286.5108,707861.19,2470.6262
2026-09,qidao,QiDao,cdp,,124.5765,333519.26,2677.2247
2026-10-02,qidao,QiDao,cdp,,124.5734,332534.77,2669.3876
2024-10,quickswap-dex,Quickswap Dex,farming,pools,0,0.0,2517.7
2024-11,quickswap-dex,Quickswap Dex,farming,pools,0,0.0,3724.03
2024-12,quickswap-dex,Quickswap Dex,farming,pools,0,0.0,3329.33
2025-01,quickswap-dex,Quickswap Dex,farming,pools,0,0.0,3298.95
2025-02,quickswap-dex,Quickswap Dex,farming,pools,0,0.0,2225.7
2025-03,quickswap-dex,Quickswap Dex,farming,pools,0,0.0,1823.67
2025-04,quickswap-dex,Quickswap Dex,farming,pools,0,0.0,1792.98
2025-05,quickswap-dex,Quickswap Dex,farming,pools,0,0.0,2517.89
2025-06,quickswap-dex,Quickswap Dex,farming,pools,1.2077,3014.62,2496.22
2025-07,quickswap-dex,Quickswap Dex,farming,pools,1.0003,3695.93,3694.68
2025-08,quickswap-dex,Quickswap Dex,farming,pools,0.9438,4152.96,4400.37
2025-09,quickswap-dex,Quickswap Dex,farming,pools,0.9719,4030.34,4146.85
2025-10,quickswap-dex,Quickswap Dex,farming,pools,1.0134,3906.24,3854.6968
2025-11,quickswap-dex,Quickswap Dex,farming,pools,1.1845,3538.26,2987.0461
2025-12,quickswap-dex,Quickswap Dex,farming,pools,58.8171,174775.85,2971.5129
2026-01,quickswap-dex,Quickswap Dex,farming,pools,74.31,183527.72,2469.7591
2026-02,quickswap-dex,Quickswap Dex,farming,pools,64.1295,125518.54,1957.2655
2026-03,quickswap-dex,Quickswap Dex,farming,pools,54.5048,114463.47,2100.0636
2026-04,quickswap-dex,Quickswap Dex,farming,pools,41.1235,92876.21,2258.4696
2026-05,quickswap-dex,Quickswap Dex,farming,pools,45.5464,91528.26,2009.5608
2026-06,quickswap-dex,Quickswap Dex,farming,pools,1902.2203,2982284.06,1567.7911
2026-07,quickswap-dex,Quickswap Dex,farming,pools,1794.8349,3344630.64,1863.4753
2026-08,quickswap-dex,Quickswap Dex,farming,pools,1684.2883,4161246.78,2470.6262
2026-09,quickswap-dex,Quickswap Dex,farming,pools,1573.8852,4213644.44,2677.2247
2026-10-02,quickswap-dex,Quickswap Dex,farming,pools,1574.2643,4202321.48,2669.3876
2024-10,quickswap-v3,Quickswap V3,farming,pools,3217.692,8101183.23,2517.7
2024-11,quickswap-v3,Quickswap V3,farming,pools,2137.5863,7960435.46,3724.03
2024-12,quickswap-v3,Quickswap V3,farming,pools,1674.3748,5574546.11,3329.33
2025-01,quickswap-v3,Quickswap V3,farming,pools,1603.5407,5290000.75,3298.95
2025-02,quickswap-v3,Quickswap V3,farming,pools,1893.9876,4215448.1,2225.7
2025-03,quickswap-v3,Quickswap V3,farming,pools,2192.185,3997822.05,1823.67
2025-04,quickswap-v3,Quickswap V3,farming,pools,2033.0173,3645159.44,1792.98
2025-05,quickswap-v3,Quickswap V3,farming,pools,1277.6818,3217062.27,2517.89
2025-06,quickswap-v3,Quickswap V3,farming,pools,1259.8699,3144912.37,2496.22
2025-07,quickswap-v3,Quickswap V3,farming,pools,733.5818,2710349.85,3694.68
2025-08,quickswap-v3,Quickswap V3,farming,pools,678.3299,2984902.5,4400.37
2025-09,quickswap-v3,Quickswap V3,farming,pools,770.8966,3196792.5,4146.85
2025-10,quickswap-v3,Quickswap V3,farming,pools,699.2495,2695394.81,3854.6968
2025-11,quickswap-v3,Quickswap V3,farming,pools,738.4205,2205696.17,2987.0461
2025-12,quickswap-v3,Quickswap V3,farming,pools,718.5367,2135141.18,2971.5129
2026-01,quickswap-v3,Quickswap V3,farming,pools,826.2086,2040536.18,2469.7591
2026-03,quickswap-v3,Quickswap V3,farming,pools,800.3787,1680846.12,2100.0636
2026-04,quickswap-v3,Quickswap V3,farming,pools,630.0535,1422956.58,2258.4696
2026-05,quickswap-v3,Quickswap V3,farming,pools,751.8382,1510864.48,2009.5608
2026-06,quickswap-v3,Quickswap V3,farming,pools,605.0599,948607.55,1567.7911
2026-07,quickswap-v3,Quickswap V3,farming,pools,595.9596,1110556.09,1863.4753
2026-08,quickswap-v3,Quickswap V3,farming,pools,437.3862,1080617.89,2470.6262
2026-09,quickswap-v3,Quickswap V3,farming,pools,266.5475,713607.47,2677.2247
2026-10-02,quickswap-v3,Quickswap V3,farming,pools,278.3623,743056.87,2669.3876
2024-10,radpie,Radpie,farming,vaults,0.0,0.0,2517.7
2024-11,radpie,Radpie,farming,vaults,0.0,0.0,3724.03
2024-12,radpie,Radpie,farming,vaults,0.0,0.0,3329.33
2025-01,radpie,Radpie,farming,vaults,0.0,0.0,3298.95
2025-02,radpie,Radpie,farming,vaults,0.0,0.0,2225.7
2025-03,radpie,Radpie,farming,vaults,0.0,0.0,1823.67
2025-04,radpie,Radpie,farming,vaults,0.0,0.0,1792.98
2025-05,radpie,Radpie,farming,vaults,0.0,0.0,2517.89
2025-06,radpie,Radpie,farming,vaults,0.0,0.0,2496.22
2025-07,radpie,Radpie,farming,vaults,0.0,0.0,3694.68
2025-08,radpie,Radpie,farming,vaults,0.0,0.0,4400.37
2025-09,radpie,Radpie,farming,vaults,0.0,0.0,4146.85
2025-10,radpie,Radpie,farming,vaults,0.0,0.0,3854.6968
2025-11,radpie,Radpie,farming,vaults,0.0,0.0,2987.0461
2025-12,radpie,Radpie,farming,vaults,0.0,0.0,2971.5129
2026-01,radpie,Radpie,farming,vaults,0.0,0.0,2469.7591
2026-02,radpie,Radpie,farming,vaults,0.0,0.0,1957.2655
2026-03,radpie,Radpie,farming,vaults,0.0,0.0,2100.0636
2026-04,radpie,Radpie,farming,vaults,0.0,0.0,2258.4696
2026-05,radpie,Radpie,farming,vaults,0.0,0.0,2009.5608
2026-06,radpie,Radpie,farming,vaults,0.0,0.0,1567.7911
2026-07,radpie,Radpie,farming,vaults,0.0,0.0,1863.4753
2026-08,radpie,Radpie,farming,vaults,0.0,0.0,2470.6262
2026-09,radpie,Radpie,farming,vaults,0.0,0.0,2677.2247
2026-10-02,radpie,Radpie,farming,vaults,0.0,0.0,2669.3876
2025-11,ramses-cl-v2,Ramses CL V2,farming,pools,0,0.0,2987.0461
2025-12,ramses-cl-v2,Ramses CL V2,farming,pools,0,0.0,2971.5129
2026-01,ramses-cl-v2,Ramses CL V2,farming,pools,12.0821,29839.81,2469.7591
2026-02,ramses-cl-v2,Ramses CL V2,farming,pools,23.9877,46950.3,1957.2655
2026-03,ramses-cl-v2,Ramses CL V2,farming,pools,3.0154,6332.59,2100.0636
2026-04,ramses-cl-v2,Ramses CL V2,farming,pools,2.2122,4996.2,2258.4696
2026-05,ramses-cl-v2,Ramses CL V2,farming,pools,0.9595,1928.23,2009.5608
2026-06,ramses-cl-v2,Ramses CL V2,farming,pools,83.0005,130127.39,1567.7911
2026-07,ramses-cl-v2,Ramses CL V2,farming,pools,2.4463,4558.69,1863.4753
2026-08,ramses-cl-v2,Ramses CL V2,farming,pools,402.6959,994911.04,2470.6262
2026-09,ramses-cl-v2,Ramses CL V2,farming,pools,343.5817,919845.49,2677.2247
2026-10-02,ramses-cl-v2,Ramses CL V2,farming,pools,397.0065,1059764.2,2669.3876
2024-10,reaper-farm,Reaper Farm,farming,vaults,254.1435,639856.97,2517.7
2024-11,reaper-farm,Reaper Farm,farming,vaults,215.9606,804243.65,3724.03
2024-12,reaper-farm,Reaper Farm,farming,vaults,189.2628,630118.26,3329.33
2025-01,reaper-farm,Reaper Farm,farming,vaults,182.4718,601965.19,3298.95
2025-02,reaper-farm,Reaper Farm,farming,vaults,194.6887,433318.59,2225.7
2025-03,reaper-farm,Reaper Farm,farming,vaults,188.9355,344556.03,1823.67
2025-04,reaper-farm,Reaper Farm,farming,vaults,185.9674,333435.88,1792.98
2025-05,reaper-farm,Reaper Farm,farming,vaults,177.6502,447303.6,2517.89
2025-06,reaper-farm,Reaper Farm,farming,vaults,167.9393,419213.51,2496.22
2025-07,reaper-farm,Reaper Farm,farming,vaults,161.0516,595034.23,3694.68
2025-08,reaper-farm,Reaper Farm,farming,vaults,160.4128,705875.83,4400.37
2025-09,reaper-farm,Reaper Farm,farming,vaults,0.0,0.0,4146.85
2025-10,reaper-farm,Reaper Farm,farming,vaults,0.0,0.0,3854.6968
2025-11,reaper-farm,Reaper Farm,farming,vaults,0.0,0.0,2987.0461
2025-12,reaper-farm,Reaper Farm,farming,vaults,0.0,0.0,2971.5129
2026-01,reaper-farm,Reaper Farm,farming,vaults,0.0,0.0,2469.7591
2026-02,reaper-farm,Reaper Farm,farming,vaults,0.0,0.0,1957.2655
2026-03,reaper-farm,Reaper Farm,farming,vaults,0.0,0.0,2100.0636
2026-04,reaper-farm,Reaper Farm,farming,vaults,0.0,0.0,2258.4696
2026-05,reaper-farm,Reaper Farm,farming,vaults,0.0,0.0,2009.5608
2026-06,reaper-farm,Reaper Farm,farming,vaults,0.0,0.0,1567.7911
2026-07,reaper-farm,Reaper Farm,farming,vaults,0.0,0.0,1863.4753
2026-08,reaper-farm,Reaper Farm,farming,vaults,0.0,0.0,2470.6262
2026-09,reaper-farm,Reaper Farm,farming,vaults,0.0,0.0,2677.2247
2026-10-02,reaper-farm,Reaper Farm,farming,vaults,0.0,0.0,2669.3876
2024-10,reflexer,Reflexer,cdp,,6010.2627,15132038.5,2517.7
2024-11,reflexer,Reflexer,cdp,,5922.6334,22056064.51,3724.03
2024-12,reflexer,Reflexer,cdp,,5978.4334,19904177.72,3329.33
2025-01,reflexer,Reflexer,cdp,,5899.2984,19461490.5,3298.95
2025-02,reflexer,Reflexer,cdp,,4357.2124,9697847.68,2225.7
2025-03,reflexer,Reflexer,cdp,,4380.1625,7987970.96,1823.67
2025-04,reflexer,Reflexer,cdp,,5147.1558,9228747.39,1792.98
2025-05,reflexer,Reflexer,cdp,,4745.7898,11949376.65,2517.89
2025-06,reflexer,Reflexer,cdp,,1637.5872,4087778.0,2496.22
2025-07,reflexer,Reflexer,cdp,,1329.1195,4910671.39,3694.68
2025-08,reflexer,Reflexer,cdp,,1288.8419,5671381.39,4400.37
2025-09,reflexer,Reflexer,cdp,,1184.9457,4913792.19,4146.85
2025-10,reflexer,Reflexer,cdp,,1160.6773,4474058.97,3854.6968
2025-11,reflexer,Reflexer,cdp,,1107.557,3308323.72,2987.0461
2025-12,reflexer,Reflexer,cdp,,1120.3121,3329021.71,2971.5129
2026-01,reflexer,Reflexer,cdp,,1115.3147,2754558.72,2469.7591
2026-02,reflexer,Reflexer,cdp,,1115.3146,2182966.87,1957.2655
2026-03,reflexer,Reflexer,cdp,,1116.3705,2344449.06,2100.0636
2026-04,reflexer,Reflexer,cdp,,1109.3038,2505328.97,2258.4696
2026-05,reflexer,Reflexer,cdp,,1109.2038,2229012.53,2009.5608
2026-06,reflexer,Reflexer,cdp,,1101.5957,1727071.92,1567.7911
2026-07,reflexer,Reflexer,cdp,,1094.8297,2040188.24,1863.4753
2026-08,reflexer,Reflexer,cdp,,1080.4121,2669294.39,2470.6262
2026-09,reflexer,Reflexer,cdp,,1054.7476,2823796.33,2677.2247
2026-10-02,reflexer,Reflexer,cdp,,1055.7182,2818121.01,2669.3876
2024-10,renzo,Renzo,restaking,,363950.5307,916318251.19,2517.7
2024-11,renzo,Renzo,restaking,,423011.0584,1575305871.8,3724.03
2024-12,renzo,Renzo,restaking,,339600.2558,1130641319.8,3329.33
2025-01,renzo,Renzo,restaking,,272738.532,899750780.19,3298.95
2025-02,renzo,Renzo,restaking,,307605.3922,684637321.37,2225.7
2025-03,renzo,Renzo,restaking,,310940.1103,567052150.98,1823.67
2025-04,renzo,Renzo,restaking,,318206.9013,570538609.86,1792.98
2025-05,renzo,Renzo,restaking,,315666.9916,794814761.41,2517.89
2025-06,renzo,Renzo,restaking,,331982.8157,828702144.2,2496.22
2025-07,renzo,Renzo,restaking,,322292.3168,1190766977.06,3694.68
2025-08,renzo,Renzo,restaking,,312162.2917,1373629583.32,4400.37
2025-09,renzo,Renzo,restaking,,326329.6307,1353240029.18,4146.85
2025-10,renzo,Renzo,restaking,,319264.0892,1230666255.43,3854.6968
2025-11,renzo,Renzo,restaking,,248104.1145,741098439.98,2987.0461
2025-12,renzo,Renzo,restaking,,201421.8336,598527570.35,2971.5129
2026-01,renzo,Renzo,restaking,,198477.8907,490192577.02,2469.7591
2026-02,renzo,Renzo,restaking,,217565.3623,425833185.01,1957.2655
2026-03,renzo,Renzo,restaking,,175073.2946,367665051.61,2100.0636
2026-04,renzo,Renzo,restaking,,147761.7933,333715519.77,2258.4696
2026-05,renzo,Renzo,restaking,,70821.4688,142320048.09,2009.5608
2026-06,renzo,Renzo,restaking,,50871.2702,79755523.77,1567.7911
2026-07,renzo,Renzo,restaking,,44692.5147,83283398.76,1863.4753
2026-08,renzo,Renzo,restaking,,43318.1676,107022999.84,2470.6262
2026-09,renzo,Renzo,restaking,,42683.4475,114273179.59,2677.2247
2026-10-02,renzo,Renzo,restaking,,41235.403,110073273.55,2669.3876
2024-10,reserve-protocol,Reserve Protocol,staking,,53618.9404,134996406.27,2517.7
2024-11,reserve-protocol,Reserve Protocol,staking,,58479.532,217779531.63,3724.03
2024-12,reserve-protocol,Reserve Protocol,staking,,58135.3663,193551818.99,3329.33
2025-01,reserve-protocol,Reserve Protocol,staking,,58036.2661,191458739.99,3298.95
2025-02,reserve-protocol,Reserve Protocol,staking,,65416.026,145596449.18,2225.7
2025-03,reserve-protocol,Reserve Protocol,staking,,72506.2662,132227502.42,1823.67
2025-04,reserve-protocol,Reserve Protocol,staking,,68053.9305,122019336.38,1792.98
2025-05,reserve-protocol,Reserve Protocol,staking,,94662.1047,238348766.91,2517.89
2025-06,reserve-protocol,Reserve Protocol,staking,,99634.8113,248710408.62,2496.22
2025-07,reserve-protocol,Reserve Protocol,staking,,93161.7691,344202925.18,3694.68
2025-08,reserve-protocol,Reserve Protocol,staking,,83042.5444,365417921.1,4400.37
2025-09,reserve-protocol,Reserve Protocol,staking,,95784.9197,397205694.3,4146.85
2025-10,reserve-protocol,Reserve Protocol,staking,,95958.7144,369891747.08,3854.6968
2025-11,reserve-protocol,Reserve Protocol,staking,,51310.2103,153265965.98,2987.0461
2025-12,reserve-protocol,Reserve Protocol,staking,,37791.287,112297295.52,2971.5129
2026-01,reserve-protocol,Reserve Protocol,staking,,36352.5398,89782015.9,2469.7591
2026-02,reserve-protocol,Reserve Protocol,staking,,34530.8731,67586087.86,1957.2655
2026-03,reserve-protocol,Reserve Protocol,staking,,35079.5192,73669220.96,2100.0636
2026-04,reserve-protocol,Reserve Protocol,staking,,25390.2842,57343185.37,2258.4696
2026-05,reserve-protocol,Reserve Protocol,staking,,14151.1901,28437676.91,2009.5608
2026-06,reserve-protocol,Reserve Protocol,staking,,5636.626,8837051.95,1567.7911
2026-07,reserve-protocol,Reserve Protocol,staking,,4757.1228,8864780.94,1863.4753
2026-08,reserve-protocol,Reserve Protocol,staking,,4527.6695,11186178.8,2470.6262
2026-09,reserve-protocol,Reserve Protocol,staking,,4622.7552,12376154.29,2677.2247
2026-10-02,reserve-protocol,Reserve Protocol,staking,,4793.9398,12796883.57,2669.3876
2024-10,revert-lend,Revert Lend,lending,,357.8163,900874.07,2517.7
2024-11,revert-lend,Revert Lend,lending,,295.1724,1099231.01,3724.03
2024-12,revert-lend,Revert Lend,lending,,1033.6469,3441351.65,3329.33
2025-01,revert-lend,Revert Lend,lending,,990.9693,3269158.09,3298.95
2025-02,revert-lend,Revert Lend,lending,,1869.6734,4161332.0,2225.7
2025-03,revert-lend,Revert Lend,lending,,2389.5217,4357699.05,1823.67
2025-04,revert-lend,Revert Lend,lending,,1746.1797,3130865.35,1792.98
2025-05,revert-lend,Revert Lend,lending,,2163.4763,5447395.22,2517.89
2025-06,revert-lend,Revert Lend,lending,,1636.1033,4084073.8,2496.22
2025-07,revert-lend,Revert Lend,lending,,1546.9303,5715412.52,3694.68
2025-08,revert-lend,Revert Lend,lending,,1526.3478,6716494.88,4400.37
2025-09,revert-lend,Revert Lend,lending,,2173.222,9012025.49,4146.85
2025-10,revert-lend,Revert Lend,lending,,3055.7535,11779003.03,3854.6968
2025-11,revert-lend,Revert Lend,lending,,1932.4906,5772438.62,2987.0461
2025-12,revert-lend,Revert Lend,lending,,1875.8776,5574194.41,2971.5129
2026-01,revert-lend,Revert Lend,lending,,2927.7945,7230947.23,2469.7591
2026-02,revert-lend,Revert Lend,lending,,2412.4734,4721850.95,1957.2655
2026-03,revert-lend,Revert Lend,lending,,1992.1216,4183582.12,2100.0636
2026-04,revert-lend,Revert Lend,lending,,2513.4384,5676524.25,2258.4696
2026-05,revert-lend,Revert Lend,lending,,3940.8166,7919310.5,2009.5608
2026-06,revert-lend,Revert Lend,lending,,3495.1554,5479673.5,1567.7911
2026-07,revert-lend,Revert Lend,lending,,1987.373,3703420.49,1863.4753
2026-08,revert-lend,Revert Lend,lending,,832.909,2057806.71,2470.6262
2026-09,revert-lend,Revert Lend,lending,,718.0016,1922251.68,2677.2247
2026-10-02,revert-lend,Revert Lend,lending,,973.4943,2598633.68,2669.3876
2024-10,ribbon,Ribbon,options,,2077.3021,5230023.41,2517.7
2024-11,ribbon,Ribbon,options,,2049.5974,7632762.36,3724.03
2024-12,ribbon,Ribbon,options,,2040.2173,6792556.54,3329.33
2025-01,ribbon,Ribbon,options,,2020.1683,6664434.31,3298.95
2025-02,ribbon,Ribbon,options,,2040.7907,4542187.86,2225.7
2025-03,ribbon,Ribbon,options,,2012.812,3670704.77,1823.67
2025-04,ribbon,Ribbon,options,,2026.1969,3632930.49,1792.98
2025-05,ribbon,Ribbon,options,,1885.8503,4748363.68,2517.89
2025-06,ribbon,Ribbon,options,,2082.467,5198295.75,2496.22
2025-07,ribbon,Ribbon,options,,1784.7232,6593980.94,3694.68
2025-08,ribbon,Ribbon,options,,1748.9439,7696000.36,4400.37
2025-09,ribbon,Ribbon,options,,1758.4873,7292182.86,4146.85
2025-10,ribbon,Ribbon,options,,1748.5213,6740019.53,3854.6968
2025-11,ribbon,Ribbon,options,,1757.0457,5248376.64,2987.0461
2025-12,ribbon,Ribbon,options,,551.5362,1638896.79,2971.5129
2026-01,ribbon,Ribbon,options,,0.0,0.0,2469.7591
2026-02,ribbon,Ribbon,options,,0.0,0.0,1957.2655
2026-03,ribbon,Ribbon,options,,0.0,0.0,2100.0636
2026-04,ribbon,Ribbon,options,,0.0,0.0,2258.4696
2026-05,ribbon,Ribbon,options,,0.0,0.0,2009.5608
2026-06,ribbon,Ribbon,options,,0.0,0.0,1567.7911
2026-07,ribbon,Ribbon,options,,0.0,0.0,1863.4753
2026-08,ribbon,Ribbon,options,,0.0,0.0,2470.6262
2026-09,ribbon,Ribbon,options,,0.0,0.0,2677.2247
2026-10-02,ribbon,Ribbon,options,,0.0,0.0,2669.3876
2024-10,ribbon-earn,Ribbon Earn,options,,0.0,0.0,2517.7
2024-11,ribbon-earn,Ribbon Earn,options,,0.0,0.0,3724.03
2024-12,ribbon-earn,Ribbon Earn,options,,0.0,0.0,3329.33
2025-01,ribbon-earn,Ribbon Earn,options,,0.0,0.0,3298.95
2025-02,ribbon-earn,Ribbon Earn,options,,0.0,0.0,2225.7
2025-03,ribbon-earn,Ribbon Earn,options,,0.0,0.0,1823.67
2025-04,ribbon-earn,Ribbon Earn,options,,0.0,0.0,1792.98
2025-05,ribbon-earn,Ribbon Earn,options,,0.0,0.0,2517.89
2025-06,ribbon-earn,Ribbon Earn,options,,0.0,0.0,2496.22
2025-07,ribbon-earn,Ribbon Earn,options,,0.0,0.0,3694.68
2025-08,ribbon-earn,Ribbon Earn,options,,0.0,0.0,4400.37
2025-09,ribbon-earn,Ribbon Earn,options,,0.0,0.0,4146.85
2025-10,ribbon-earn,Ribbon Earn,options,,0.0,0.0,3854.6968
2025-11,ribbon-earn,Ribbon Earn,options,,0.0,0.0,2987.0461
2025-12,ribbon-earn,Ribbon Earn,options,,0.0,0.0,2971.5129
2026-01,ribbon-earn,Ribbon Earn,options,,0.0,0.0,2469.7591
2026-02,ribbon-earn,Ribbon Earn,options,,0.0,0.0,1957.2655
2026-03,ribbon-earn,Ribbon Earn,options,,0.0,0.0,2100.0636
2026-04,ribbon-earn,Ribbon Earn,options,,0.0,0.0,2258.4696
2026-05,ribbon-earn,Ribbon Earn,options,,0.0,0.0,2009.5608
2026-06,ribbon-earn,Ribbon Earn,options,,0.0,0.0,1567.7911
2026-07,ribbon-earn,Ribbon Earn,options,,0.0,0.0,1863.4753
2026-08,ribbon-earn,Ribbon Earn,options,,0.0,0.0,2470.6262
2026-09,ribbon-earn,Ribbon Earn,options,,0.0,0.0,2677.2247
2026-10-02,ribbon-earn,Ribbon Earn,options,,0.0,0.0,2669.3876
2024-10,rocket-pool,Rocket Pool,staking,,722555.2477,1819177347.26,2517.7
2024-11,rocket-pool,Rocket Pool,staking,,728924.1688,2714535472.39,3724.03
2024-12,rocket-pool,Rocket Pool,staking,,725441.9242,2415235561.44,3329.33
2025-01,rocket-pool,Rocket Pool,staking,,727991.3937,2401607208.21,3298.95
2025-02,rocket-pool,Rocket Pool,staking,,706989.1579,1573545768.64,2225.7
2025-03,rocket-pool,Rocket Pool,staking,,688484.8938,1255569246.21,1823.67
2025-04,rocket-pool,Rocket Pool,staking,,656737.9866,1177518075.17,1792.98
2025-05,rocket-pool,Rocket Pool,staking,,643969.2396,1621443708.82,2517.89
2025-06,rocket-pool,Rocket Pool,staking,,638146.2097,1592953331.49,2496.22
2025-07,rocket-pool,Rocket Pool,staking,,642873.7274,2375212703.18,3694.68
2025-08,rocket-pool,Rocket Pool,staking,,626192.5156,2755478760.0,4400.37
2025-09,rocket-pool,Rocket Pool,staking,,609860.6105,2529000472.8,4146.85
2025-10,rocket-pool,Rocket Pool,staking,,598412.2212,2306697660.16,3854.6968
2025-11,rocket-pool,Rocket Pool,staking,,584061.0326,1744617258.78,2987.0461
2025-12,rocket-pool,Rocket Pool,staking,,567371.0272,1685950307.99,2971.5129
2026-01,rocket-pool,Rocket Pool,staking,,557943.1368,1377985140.1,2469.7591
2026-02,rocket-pool,Rocket Pool,staking,,549814.9142,1076133781.61,1957.2655
2026-03,rocket-pool,Rocket Pool,staking,,558129.2975,1172107016.54,2100.0636
2026-04,rocket-pool,Rocket Pool,staking,,524366.194,1184265113.8,2258.4696
2026-05,rocket-pool,Rocket Pool,staking,,521788.0874,1048564890.37,2009.5608
2026-06,rocket-pool,Rocket Pool,staking,,511032.897,801192818.04,1567.7911
2026-07,rocket-pool,Rocket Pool,staking,,509021.016,948548108.85,1863.4753
2026-08,rocket-pool,Rocket Pool,staking,,507145.8211,1252967753.39,2470.6262
2026-09,rocket-pool,Rocket Pool,staking,,503940.3775,1349161621.41,2677.2247
2026-10-02,rocket-pool,Rocket Pool,staking,,503824.4495,1344902739.23,2669.3876
2026-02,royco-v2,Royco V2,farming,vaults,0.0,0.0,1957.2655
2026-03,royco-v2,Royco V2,farming,vaults,0.0,0.0,2100.0636
2026-04,royco-v2,Royco V2,farming,vaults,0.0,0.0,2258.4696
2026-05,royco-v2,Royco V2,farming,vaults,0.0,0.0,2009.5608
2026-06,royco-v2,Royco V2,farming,vaults,0.0,0.0,1567.7911
2026-07,royco-v2,Royco V2,farming,vaults,0.0289,53.9,1863.4753
2026-08,royco-v2,Royco V2,farming,vaults,0.0,0.0,2470.6262
2026-09,royco-v2,Royco V2,farming,vaults,0.4264,1141.64,2677.2247
2026-10-02,royco-v2,Royco V2,farming,vaults,0.0,0.0,2669.3876
2025-07,rysk-v12,Rysk V12,options,,0.0,0.0,3694.68
2025-08,rysk-v12,Rysk V12,options,,0.0,0.0,4400.37
2025-09,rysk-v12,Rysk V12,options,,0.0,0.0,4146.85
2025-10,rysk-v12,Rysk V12,options,,0.0,0.0,3854.6968
2025-11,rysk-v12,Rysk V12,options,,0.0,0.0,2987.0461
2025-12,rysk-v12,Rysk V12,options,,0.0,0.0,2971.5129
2026-01,rysk-v12,Rysk V12,options,,0.0,0.0,2469.7591
2026-02,rysk-v12,Rysk V12,options,,0.0,0.0,1957.2655
2026-03,rysk-v12,Rysk V12,options,,0.0,0.0,2100.0636
2026-04,rysk-v12,Rysk V12,options,,0.0,0.0,2258.4696
2026-05,rysk-v12,Rysk V12,options,,0.0,0.0,2009.5608
2026-06,rysk-v12,Rysk V12,options,,0.0,0.0,1567.7911
2026-07,rysk-v12,Rysk V12,options,,556.7052,1037406.34,1863.4753
2026-08,rysk-v12,Rysk V12,options,,463.9821,1146326.41,2470.6262
2026-09,rysk-v12,Rysk V12,options,,1137.223,3044601.54,2677.2247
2026-10-02,rysk-v12,Rysk V12,options,,1150.6743,3071595.7,2669.3876
2024-10,save,Save,lending,,485.9969,1223594.35,2517.7
2024-11,save,Save,lending,,407.2357,1516557.97,3724.03
2024-12,save,Save,lending,,1618.5595,5388718.78,3329.33
2025-01,save,Save,lending,,3218.2045,10616695.89,3298.95
2025-02,save,Save,lending,,2488.2293,5538051.93,2225.7
2025-03,save,Save,lending,,1730.2724,3155445.94,1823.67
2025-04,save,Save,lending,,966.0428,1732095.41,1792.98
2025-05,save,Save,lending,,857.4691,2159012.77,2517.89
2025-06,save,Save,lending,,1327.7316,3314310.19,2496.22
2025-07,save,Save,lending,,988.5617,3652419.17,3694.68
2025-08,save,Save,lending,,295.1243,1298656.19,4400.37
2025-09,save,Save,lending,,294.1095,1219628.09,4146.85
2025-10,save,Save,lending,,199.9927,770911.2,3854.6968
2025-11,save,Save,lending,,196.7358,587658.84,2987.0461
2025-12,save,Save,lending,,190.8965,567251.52,2971.5129
2026-01,save,Save,lending,,171.0463,422443.11,2469.7591
2026-02,save,Save,lending,,188.5007,368945.94,1957.2655
2026-03,save,Save,lending,,151.2897,317718.04,2100.0636
2026-04,save,Save,lending,,154.2931,348466.21,2258.4696
2026-05,save,Save,lending,,149.1937,299813.73,2009.5608
2026-06,save,Save,lending,,173.4723,271968.3,1567.7911
2026-07,save,Save,lending,,143.6982,267777.97,1863.4753
2026-08,save,Save,lending,,77.0797,190435.14,2470.6262
2026-09,save,Save,lending,,180.9512,484446.98,2677.2247
2026-10-02,save,Save,lending,,180.3267,481361.93,2669.3876
2024-10,scallop-lend,Scallop Lend,lending,,5039.506,12687964.36,2517.7
2024-11,scallop-lend,Scallop Lend,lending,,5876.9501,21885938.38,3724.03
2024-12,scallop-lend,Scallop Lend,lending,,6605.854,21993067.82,3329.33
2025-01,scallop-lend,Scallop Lend,lending,,6439.2457,21242749.51,3298.95
2025-02,scallop-lend,Scallop Lend,lending,,4779.4101,10637533.15,2225.7
2025-03,scallop-lend,Scallop Lend,lending,,4915.7281,8964665.94,1823.67
2025-04,scallop-lend,Scallop Lend,lending,,6050.1897,10847869.14,1792.98
2025-05,scallop-lend,Scallop Lend,lending,,4026.0094,10137048.68,2517.89
2025-06,scallop-lend,Scallop Lend,lending,,3183.2123,7945998.18,2496.22
2025-07,scallop-lend,Scallop Lend,lending,,2290.5789,8462955.98,3694.68
2025-08,scallop-lend,Scallop Lend,lending,,1857.7716,8174882.58,4400.37
2025-09,scallop-lend,Scallop Lend,lending,,1240.2903,5143297.84,4146.85
2025-10,scallop-lend,Scallop Lend,lending,,1373.7799,5295505.06,3854.6968
2025-11,scallop-lend,Scallop Lend,lending,,1353.6934,4043544.73,2987.0461
2025-12,scallop-lend,Scallop Lend,lending,,1238.9706,3681617.17,2971.5129
2026-01,scallop-lend,Scallop Lend,lending,,1229.9478,3037674.83,2469.7591
2026-02,scallop-lend,Scallop Lend,lending,,1232.7502,2412819.5,1957.2655
2026-03,scallop-lend,Scallop Lend,lending,,1314.7867,2761135.61,2100.0636
2026-04,scallop-lend,Scallop Lend,lending,,1169.9451,2642285.36,2258.4696
2026-05,scallop-lend,Scallop Lend,lending,,1044.9868,2099964.54,2009.5608
2026-06,scallop-lend,Scallop Lend,lending,,913.1187,1431579.37,1567.7911
2026-07,scallop-lend,Scallop Lend,lending,,787.174,1466879.27,1863.4753
2026-08,scallop-lend,Scallop Lend,lending,,688.9293,1702086.74,2470.6262
2026-09,scallop-lend,Scallop Lend,lending,,487.9027,1306225.23,2677.2247
2026-10-02,scallop-lend,Scallop Lend,lending,,466.4682,1245184.37,2669.3876
2025-06,seamless-v2,Seamless V2,lending,,0,0.0,2496.22
2025-07,seamless-v2,Seamless V2,lending,,0,0.0,3694.68
2025-08,seamless-v2,Seamless V2,lending,,0,0.0,4400.37
2025-09,seamless-v2,Seamless V2,lending,,0,0.0,4146.85
2025-10,seamless-v2,Seamless V2,lending,,0,0.0,3854.6968
2025-11,seamless-v2,Seamless V2,lending,,0,0.0,2987.0461
2025-12,seamless-v2,Seamless V2,lending,,0,0.0,2971.5129
2026-01,seamless-v2,Seamless V2,lending,,0,0.0,2469.7591
2026-02,seamless-v2,Seamless V2,lending,,0,0.0,1957.2655
2026-03,seamless-v2,Seamless V2,lending,,0,0.0,2100.0636
2026-04,seamless-v2,Seamless V2,lending,,0,0.0,2258.4696
2026-05,seamless-v2,Seamless V2,lending,,0,0.0,2009.5608
2026-06,seamless-v2,Seamless V2,lending,,0,0.0,1567.7911
2026-07,seamless-v2,Seamless V2,lending,,0,0.0,1863.4753
2026-08,seamless-v2,Seamless V2,lending,,0,0.0,2470.6262
2026-09,seamless-v2,Seamless V2,lending,,0,0.0,2677.2247
2026-10-02,seamless-v2,Seamless V2,lending,,0,0.0,2669.3876
2024-10,set-protocol,Set Protocol,farming,vaults,160.3053,403600.7,2517.7
2024-11,set-protocol,Set Protocol,farming,vaults,139.4694,519388.32,3724.03
2024-12,set-protocol,Set Protocol,farming,vaults,139.2564,463630.63,3329.33
2025-01,set-protocol,Set Protocol,farming,vaults,136.9262,451712.83,3298.95
2025-02,set-protocol,Set Protocol,farming,vaults,134.3706,299068.54,2225.7
2025-03,set-protocol,Set Protocol,farming,vaults,85.3563,155661.7,1823.67
2025-04,set-protocol,Set Protocol,farming,vaults,60.9426,109268.8,1792.98
2025-05,set-protocol,Set Protocol,farming,vaults,61.1693,154017.69,2517.89
2025-06,set-protocol,Set Protocol,farming,vaults,60.5974,151264.43,2496.22
2025-07,set-protocol,Set Protocol,farming,vaults,60.3816,223090.61,3694.68
2025-08,set-protocol,Set Protocol,farming,vaults,59.7421,262887.35,4400.37
2025-09,set-protocol,Set Protocol,farming,vaults,58.7857,243775.27,4146.85
2025-10,set-protocol,Set Protocol,farming,vaults,991.5042,3821948.21,3854.6968
2025-11,set-protocol,Set Protocol,farming,vaults,927.2988,2769884.41,2987.0461
2025-12,set-protocol,Set Protocol,farming,vaults,957.7083,2845842.51,2971.5129
2026-01,set-protocol,Set Protocol,farming,vaults,935.0523,2309354.04,2469.7591
2026-02,set-protocol,Set Protocol,farming,vaults,920.8583,1802364.22,1957.2655
2026-03,set-protocol,Set Protocol,farming,vaults,917.4841,1926774.95,2100.0636
2026-04,set-protocol,Set Protocol,farming,vaults,899.8676,2032323.54,2258.4696
2026-05,set-protocol,Set Protocol,farming,vaults,877.5184,1763426.68,2009.5608
2026-06,set-protocol,Set Protocol,farming,vaults,867.2641,1359688.97,1567.7911
2026-07,set-protocol,Set Protocol,farming,vaults,867.7031,1616943.32,1863.4753
2026-08,set-protocol,Set Protocol,farming,vaults,832.6839,2057250.77,2470.6262
2026-09,set-protocol,Set Protocol,farming,vaults,819.6967,2194512.3,2677.2247
2026-10-02,set-protocol,Set Protocol,farming,vaults,817.2293,2181501.65,2669.3876
2024-10,shibaswap-v1,ShibaSwap V1,farming,pools,4599.4745,11580096.85,2517.7
2024-11,shibaswap-v1,ShibaSwap V1,farming,pools,4202.188,15649074.34,3724.03
2024-12,shibaswap-v1,ShibaSwap V1,farming,pools,3877.5456,12909628.81,3329.33
2025-01,shibaswap-v1,ShibaSwap V1,farming,pools,3650.5596,12043013.47,3298.95
2025-02,shibaswap-v1,ShibaSwap V1,farming,pools,3694.8033,8223523.66,2225.7
2025-03,shibaswap-v1,ShibaSwap V1,farming,pools,4102.0052,7480703.78,1823.67
2025-04,shibaswap-v1,ShibaSwap V1,farming,pools,3958.5355,7097575.02,1792.98
2025-05,shibaswap-v1,ShibaSwap V1,farming,pools,3349.4248,8433483.3,2517.89
2025-06,shibaswap-v1,ShibaSwap V1,farming,pools,3044.8695,7600664.06,2496.22
2025-07,shibaswap-v1,ShibaSwap V1,farming,pools,2555.5426,9441912.1,3694.68
2025-08,shibaswap-v1,ShibaSwap V1,farming,pools,2244.7441,9877704.45,4400.37
2025-09,shibaswap-v1,ShibaSwap V1,farming,pools,1965.6614,8151302.87,4146.85
2025-10,shibaswap-v1,ShibaSwap V1,farming,pools,1820.2032,7016331.37,3854.6968
2025-11,shibaswap-v1,ShibaSwap V1,farming,pools,1901.6025,5680174.38,2987.0461
2025-12,shibaswap-v1,ShibaSwap V1,farming,pools,1772.8899,5268165.15,2971.5129
2026-01,shibaswap-v1,ShibaSwap V1,farming,pools,1822.8408,4501977.66,2469.7591
2026-02,shibaswap-v1,ShibaSwap V1,farming,pools,1888.0531,3695421.32,1957.2655
2026-03,shibaswap-v1,ShibaSwap V1,farming,pools,1840.7387,3865668.3,2100.0636
2026-04,shibaswap-v1,ShibaSwap V1,farming,pools,1791.2043,4045380.43,2258.4696
2026-05,shibaswap-v1,ShibaSwap V1,farming,pools,1810.2323,3637771.79,2009.5608
2026-06,shibaswap-v1,ShibaSwap V1,farming,pools,1783.6108,2796329.13,1567.7911
2026-07,shibaswap-v1,ShibaSwap V1,farming,pools,1764.6979,3288471.08,1863.4753
2026-08,shibaswap-v1,ShibaSwap V1,farming,pools,1610.7864,3979651.08,2470.6262
2026-09,shibaswap-v1,ShibaSwap V1,farming,pools,1380.3752,3695574.51,2677.2247
2026-10-02,shibaswap-v1,ShibaSwap V1,farming,pools,1374.7997,3669873.3,2669.3876
2025-01,silo-v2,Silo V2,lending,,3212.4449,10597695.25,3298.95
2025-02,silo-v2,Silo V2,lending,,1803.7772,4014666.97,2225.7
2025-03,silo-v2,Silo V2,lending,,974.7489,1777620.31,1823.67
2025-04,silo-v2,Silo V2,lending,,950.6857,1704560.43,1792.98
2025-05,silo-v2,Silo V2,lending,,1441.6175,3629834.38,2517.89
2025-06,silo-v2,Silo V2,lending,,1638.583,4090263.6,2496.22
2025-07,silo-v2,Silo V2,lending,,3784.9129,13984042.12,3694.68
2025-08,silo-v2,Silo V2,lending,,1195.4102,5260247.22,4400.37
2025-09,silo-v2,Silo V2,lending,,2129.0756,8828957.06,4146.85
2025-10,silo-v2,Silo V2,lending,,2724.6673,10502766.33,3854.6968
2025-11,silo-v2,Silo V2,lending,,2485.3032,7423715.47,2987.0461
2025-12,silo-v2,Silo V2,lending,,2893.8937,8599242.26,2971.5129
2026-01,silo-v2,Silo V2,lending,,2860.9914,7065959.58,2469.7591
2026-02,silo-v2,Silo V2,lending,,1711.1129,3349102.35,1957.2655
2026-03,silo-v2,Silo V2,lending,,1624.065,3410639.76,2100.0636
2026-04,silo-v2,Silo V2,lending,,15.7293,35524.1,2258.4696
2026-05,silo-v2,Silo V2,lending,,16.787,33734.58,2009.5608
2026-06,silo-v2,Silo V2,lending,,16.0696,25193.72,1567.7911
2026-07,silo-v2,Silo V2,lending,,15.3484,28601.4,1863.4753
2026-08,silo-v2,Silo V2,lending,,15.3269,37867.12,2470.6262
2026-09,silo-v2,Silo V2,lending,,15.1658,40602.14,2677.2247
2026-10-02,silo-v2,Silo V2,lending,,15.1648,40480.8,2669.3876
2024-10,sky-lending,Sky Lending,cdp,,1117521.8297,2813584710.66,2517.7
2024-11,sky-lending,Sky Lending,cdp,,1120274.6081,4171936248.66,3724.03
2024-12,sky-lending,Sky Lending,cdp,,1051048.1502,3499286137.89,3329.33
2025-01,sky-lending,Sky Lending,cdp,,1007638.8669,3324150239.83,3298.95
2025-02,sky-lending,Sky Lending,cdp,,1000243.2183,2226241330.87,2225.7
2025-03,sky-lending,Sky Lending,cdp,,965985.6189,1761638993.68,1823.67
2025-04,sky-lending,Sky Lending,cdp,,893768.7801,1602509547.32,1792.98
2025-05,sky-lending,Sky Lending,cdp,,838368.307,2110919176.51,2517.89
2025-06,sky-lending,Sky Lending,cdp,,831604.0029,2075866544.09,2496.22
2025-07,sky-lending,Sky Lending,cdp,,805774.4336,2977078684.38,3694.68
2025-08,sky-lending,Sky Lending,cdp,,712930.9795,3137160094.37,4400.37
2025-09,sky-lending,Sky Lending,cdp,,672576.6607,2789074525.28,4146.85
2025-10,sky-lending,Sky Lending,cdp,,664001.7665,2559525469.02,3854.6968
2025-11,sky-lending,Sky Lending,cdp,,582058.0278,1738634190.95,2987.0461
2025-12,sky-lending,Sky Lending,cdp,,596596.8076,1772795090.35,2971.5129
2026-01,sky-lending,Sky Lending,cdp,,588938.0204,1454535036.03,2469.7591
2026-02,sky-lending,Sky Lending,cdp,,707783.475,1385320200.98,1957.2655
2026-03,sky-lending,Sky Lending,cdp,,705656.9821,1481924535.53,2100.0636
2026-04,sky-lending,Sky Lending,cdp,,706492.5603,1595591977.19,2258.4696
2026-05,sky-lending,Sky Lending,cdp,,736215.5468,1479469908.75,2009.5608
2026-06,sky-lending,Sky Lending,cdp,,809588.0366,1269264903.1,1567.7911
2026-07,sky-lending,Sky Lending,cdp,,738233.2303,1375679416.78,1863.4753
2026-08,sky-lending,Sky Lending,cdp,,599438.2482,1480987842.08,2470.6262
2026-09,sky-lending,Sky Lending,cdp,,571027.7254,1528769525.66,2677.2247
2026-10-02,sky-lending,Sky Lending,cdp,,569708.0384,1520771574.48,2669.3876
2024-10,sommelier,Sommelier,farming,vaults,19180.2935,48290225.04,2517.7
2024-11,sommelier,Sommelier,farming,vaults,15357.0638,57190166.27,3724.03
2024-12,sommelier,Sommelier,farming,vaults,15157.9114,50465689.09,3329.33
2025-01,sommelier,Sommelier,farming,vaults,11581.0165,38205194.43,3298.95
2025-02,sommelier,Sommelier,farming,vaults,11020.131,24527505.5,2225.7
2025-03,sommelier,Sommelier,farming,vaults,9728.5077,17741587.68,1823.67
2025-04,sommelier,Sommelier,farming,vaults,7129.8184,12783621.83,1792.98
2025-05,sommelier,Sommelier,farming,vaults,5114.307,12877262.45,2517.89
2025-06,sommelier,Sommelier,farming,vaults,4665.6918,11646593.21,2496.22
2025-07,sommelier,Sommelier,farming,vaults,4532.7144,16746929.26,3694.68
2025-08,sommelier,Sommelier,farming,vaults,3273.8985,14406364.75,4400.37
2025-09,sommelier,Sommelier,farming,vaults,983.0052,4076375.07,4146.85
2025-10,sommelier,Sommelier,farming,vaults,484.1048,1866077.09,3854.6968
2025-11,sommelier,Sommelier,farming,vaults,320.1601,956333.06,2987.0461
2025-12,sommelier,Sommelier,farming,vaults,262.1946,779114.55,2971.5129
2026-01,sommelier,Sommelier,farming,vaults,261.4579,645738.02,2469.7591
2026-03,sommelier,Sommelier,farming,vaults,251.8751,528953.63,2100.0636
2026-05,sommelier,Sommelier,farming,vaults,202.8072,407553.43,2009.5608
2026-06,sommelier,Sommelier,farming,vaults,196.2981,307754.42,1567.7911
2026-07,sommelier,Sommelier,farming,vaults,196.9283,366971.06,1863.4753
2026-09,sommelier,Sommelier,farming,vaults,111.4501,298376.87,2677.2247
2026-10-02,sommelier,Sommelier,farming,vaults,111.2268,296907.43,2669.3876
2025-01,sophon-farm,Sophon Farm,farming,points,7047.9586,23250863.05,3298.95
2025-02,sophon-farm,Sophon Farm,farming,points,12944.6091,28810816.5,2225.7
2025-03,sophon-farm,Sophon Farm,farming,points,11240.105,20498242.2,1823.67
2025-04,sophon-farm,Sophon Farm,farming,points,6043.8377,10836480.17,1792.98
2025-05,sophon-farm,Sophon Farm,farming,points,3519.4911,8861691.55,2517.89
2025-06,sophon-farm,Sophon Farm,farming,points,3150.1583,7863488.03,2496.22
2025-07,sophon-farm,Sophon Farm,farming,points,257.289,950600.41,3694.68
2025-08,sophon-farm,Sophon Farm,farming,points,144.9564,637861.83,4400.37
2025-09,sophon-farm,Sophon Farm,farming,points,138.2215,573183.96,4146.85
2025-10,sophon-farm,Sophon Farm,farming,points,67.5833,260513.21,3854.6968
2025-11,sophon-farm,Sophon Farm,farming,points,47.6783,142417.23,2987.0461
2025-12,sophon-farm,Sophon Farm,farming,points,43.0481,127917.87,2971.5129
2026-01,sophon-farm,Sophon Farm,farming,points,41.5455,102607.34,2469.7591
2026-02,sophon-farm,Sophon Farm,farming,points,41.2478,80732.86,1957.2655
2026-03,sophon-farm,Sophon Farm,farming,points,35.8051,75193.02,2100.0636
2026-04,sophon-farm,Sophon Farm,farming,points,34.285,77431.7,2258.4696
2026-05,sophon-farm,Sophon Farm,farming,points,34.227,68781.17,2009.5608
2026-06,sophon-farm,Sophon Farm,farming,points,31.9882,50150.84,1567.7911
2026-07,sophon-farm,Sophon Farm,farming,points,31.6593,58996.37,1863.4753
2026-08,sophon-farm,Sophon Farm,farming,points,31.1684,77005.47,2470.6262
2026-09,sophon-farm,Sophon Farm,farming,points,28.564,76472.3,2677.2247
2026-10-02,sophon-farm,Sophon Farm,farming,points,28.4827,76031.35,2669.3876
2025-09,spark-savings,Spark Savings,lending,,0,0.0,4146.85
2025-10,spark-savings,Spark Savings,lending,,9984.1547,38485888.99,3854.6968
2025-11,spark-savings,Spark Savings,lending,,14499.4914,43310649.84,2987.0461
2025-12,spark-savings,Spark Savings,lending,,14185.3522,42151956.46,2971.5129
2026-01,spark-savings,Spark Savings,lending,,10381.1929,25639045.63,2469.7591
2026-02,spark-savings,Spark Savings,lending,,10856.1398,21248348.34,1957.2655
2026-03,spark-savings,Spark Savings,lending,,16369.7619,34377540.89,2100.0636
2026-04,spark-savings,Spark Savings,lending,,81754.9524,184641075.51,2258.4696
2026-05,spark-savings,Spark Savings,lending,,90736.2251,182339961.82,2009.5608
2026-06,spark-savings,Spark Savings,lending,,46438.5482,72805941.64,1567.7911
2026-07,spark-savings,Spark Savings,lending,,34727.7684,64714339.88,1863.4753
2026-08,spark-savings,Spark Savings,lending,,26098.0364,64478492.51,2470.6262
2026-09,spark-savings,Spark Savings,lending,,21210.5184,56785323.63,2677.2247
2026-10-02,spark-savings,Spark Savings,lending,,23512.8285,62764852.89,2669.3876
2024-10,sparkdex-v3.1,SparkDEX V3.1,farming,vaults,106.315,267669.31,2517.7
2024-11,sparkdex-v3.1,SparkDEX V3.1,farming,vaults,247.6384,922212.69,3724.03
2024-12,sparkdex-v3.1,SparkDEX V3.1,farming,vaults,474.4881,1579727.39,3329.33
2025-01,sparkdex-v3.1,SparkDEX V3.1,farming,vaults,861.6981,2842698.99,3298.95
2025-02,sparkdex-v3.1,SparkDEX V3.1,farming,vaults,972.3697,2164203.25,2225.7
2025-03,sparkdex-v3.1,SparkDEX V3.1,farming,vaults,1178.0451,2148365.42,1823.67
2025-04,sparkdex-v3.1,SparkDEX V3.1,farming,vaults,1253.2177,2246994.22,1792.98
2025-05,sparkdex-v3.1,SparkDEX V3.1,farming,vaults,1208.8769,3043819.06,2517.89
2025-06,sparkdex-v3.1,SparkDEX V3.1,farming,vaults,993.0325,2478827.71,2496.22
2025-07,sparkdex-v3.1,SparkDEX V3.1,farming,vaults,530.065,1958420.58,3694.68
2025-08,sparkdex-v3.1,SparkDEX V3.1,farming,vaults,471.9069,2076565.09,4400.37
2025-09,sparkdex-v3.1,SparkDEX V3.1,farming,vaults,677.2642,2808513.06,4146.85
2025-10,sparkdex-v3.1,SparkDEX V3.1,farming,vaults,553.891,2135081.91,3854.6968
2025-11,sparkdex-v3.1,SparkDEX V3.1,farming,vaults,613.5299,1832642.25,2987.0461
2025-12,sparkdex-v3.1,SparkDEX V3.1,farming,vaults,604.2904,1795656.7,2971.5129
2026-01,sparkdex-v3.1,SparkDEX V3.1,farming,vaults,586.7905,1449231.2,2469.7591
2026-02,sparkdex-v3.1,SparkDEX V3.1,farming,vaults,431.9413,845423.77,1957.2655
2026-03,sparkdex-v3.1,SparkDEX V3.1,farming,vaults,148.0553,310925.54,2100.0636
2026-04,sparkdex-v3.1,SparkDEX V3.1,farming,vaults,99.4924,224700.51,2258.4696
2026-05,sparkdex-v3.1,SparkDEX V3.1,farming,vaults,107.2672,215560.0,2009.5608
2026-06,sparkdex-v3.1,SparkDEX V3.1,farming,vaults,15.2709,23941.64,1567.7911
2026-07,sparkdex-v3.1,SparkDEX V3.1,farming,vaults,6.4605,12038.93,1863.4753
2026-08,sparkdex-v3.1,SparkDEX V3.1,farming,vaults,5.4369,13432.55,2470.6262
2026-09,sparkdex-v3.1,SparkDEX V3.1,farming,vaults,5.1252,13721.39,2677.2247
2026-10-02,sparkdex-v3.1,SparkDEX V3.1,farming,vaults,5.1538,13757.5,2669.3876
2024-10,sparklend,SparkLend,lending,,209699.1817,527959629.76,2517.7
2024-11,sparklend,SparkLend,lending,,63298.6216,235725965.71,3724.03
2024-12,sparklend,SparkLend,lending,,34314.2935,114243606.78,3329.33
2025-01,sparklend,SparkLend,lending,,38751.1589,127838135.71,3298.95
2025-02,sparklend,SparkLend,lending,,69467.5487,154613923.14,2225.7
2025-03,sparklend,SparkLend,lending,,62348.2412,113702616.98,1823.67
2025-04,sparklend,SparkLend,lending,,60330.2208,108170879.34,1792.98
2025-05,sparklend,SparkLend,lending,,40050.8618,100843664.35,2517.89
2025-06,sparklend,SparkLend,lending,,36037.5218,89957582.64,2496.22
2025-07,sparklend,SparkLend,lending,,30672.2384,113324105.83,3694.68
2025-08,sparklend,SparkLend,lending,,29233.1642,128636738.96,4400.37
2025-09,sparklend,SparkLend,lending,,93936.9589,389542477.99,4146.85
2025-10,sparklend,SparkLend,lending,,64106.5903,247111466.83,3854.6968
2025-11,sparklend,SparkLend,lending,,55007.3787,164309578.78,2987.0461
2025-12,sparklend,SparkLend,lending,,57287.233,170229749.95,2971.5129
2026-01,sparklend,SparkLend,lending,,53115.3917,131182222.08,2469.7591
2026-02,sparklend,SparkLend,lending,,33985.6031,66518849.53,1957.2655
2026-03,sparklend,SparkLend,lending,,34984.0772,73468786.88,2100.0636
2026-04,sparklend,SparkLend,lending,,63516.7072,143450552.88,2258.4696
2026-05,sparklend,SparkLend,lending,,122397.1088,245964432.84,2009.5608
2026-06,sparklend,SparkLend,lending,,77575.6448,121622404.04,1567.7911
2026-07,sparklend,SparkLend,lending,,60663.5349,113045001.01,1863.4753
2026-08,sparklend,SparkLend,lending,,52840.5838,130549330.87,2470.6262
2026-09,sparklend,SparkLend,lending,,105097.9699,281370880.0,2677.2247
2026-10-02,sparklend,SparkLend,lending,,116154.4241,310061179.75,2669.3876
2024-10,spectra-v2,Spectra V2,fixed_yield,,1485.3733,3739724.4,2517.7
2024-11,spectra-v2,Spectra V2,fixed_yield,,2812.0404,10472122.73,3724.03
2024-12,spectra-v2,Spectra V2,fixed_yield,,14641.6216,48746790.03,3329.33
2025-01,spectra-v2,Spectra V2,fixed_yield,,21728.9337,71682665.67,3298.95
2025-02,spectra-v2,Spectra V2,fixed_yield,,23242.7942,51731487.0,2225.7
2025-03,spectra-v2,Spectra V2,fixed_yield,,17487.7937,31891964.81,1823.67
2025-04,spectra-v2,Spectra V2,fixed_yield,,13921.7484,24961416.42,1792.98
2025-05,spectra-v2,Spectra V2,fixed_yield,,13274.9452,33424851.87,2517.89
2025-06,spectra-v2,Spectra V2,fixed_yield,,10691.6052,26688598.73,2496.22
2025-07,spectra-v2,Spectra V2,fixed_yield,,1006.9758,3720453.32,3694.68
2025-08,spectra-v2,Spectra V2,fixed_yield,,490.2264,2157177.51,4400.37
2025-09,spectra-v2,Spectra V2,fixed_yield,,619.6407,2569556.98,4146.85
2025-10,spectra-v2,Spectra V2,fixed_yield,,494.4034,1905775.25,3854.6968
2025-11,spectra-v2,Spectra V2,fixed_yield,,428.3301,1279441.85,2987.0461
2025-12,spectra-v2,Spectra V2,fixed_yield,,397.3511,1180733.87,2971.5129
2026-01,spectra-v2,Spectra V2,fixed_yield,,319.6175,789378.11,2469.7591
2026-02,spectra-v2,Spectra V2,fixed_yield,,187.0981,366200.6,1957.2655
2026-03,spectra-v2,Spectra V2,fixed_yield,,188.851,396599.21,2100.0636
2026-04,spectra-v2,Spectra V2,fixed_yield,,182.0327,411115.29,2258.4696
2026-05,spectra-v2,Spectra V2,fixed_yield,,182.1831,366108.02,2009.5608
2026-06,spectra-v2,Spectra V2,fixed_yield,,152.2254,238657.58,1567.7911
2026-07,spectra-v2,Spectra V2,fixed_yield,,149.818,279182.11,1863.4753
2026-08,spectra-v2,Spectra V2,fixed_yield,,148.8566,367769.1,2470.6262
2026-09,spectra-v2,Spectra V2,fixed_yield,,91.5057,244981.22,2677.2247
2026-10-02,spectra-v2,Spectra V2,fixed_yield,,91.6208,244571.56,2669.3876
2024-10,stader,Stader,staking,,32379.1853,81521074.79,2517.7
2024-11,stader,Stader,staking,,41306.0077,153824812.01,3724.03
2024-12,stader,Stader,staking,,45548.2863,151645276.08,3329.33
2025-01,stader,Stader,staking,,45343.9326,149587366.37,3298.95
2025-02,stader,Stader,staking,,49680.6411,110574202.86,2225.7
2025-03,stader,Stader,staking,,49694.9657,90627218.04,1823.67
2025-04,stader,Stader,staking,,59817.6413,107251834.46,1792.98
2025-05,stader,Stader,staking,,49969.6106,125817982.71,2517.89
2025-06,stader,Stader,staking,,50513.3057,126092324.07,2496.22
2025-07,stader,Stader,staking,,48757.5636,180143595.21,3694.68
2025-08,stader,Stader,staking,,47086.9304,207199915.95,4400.37
2025-09,stader,Stader,staking,,47389.6881,196517928.18,4146.85
2025-10,stader,Stader,staking,,43880.2591,169145093.38,3854.6968
2025-11,stader,Stader,staking,,41562.6712,124149616.84,2987.0461
2025-12,stader,Stader,staking,,41156.5574,122297239.92,2971.5129
2026-01,stader,Stader,staking,,31271.7718,77233742.92,2469.7591
2026-02,stader,Stader,staking,,26626.8265,52115769.7,1957.2655
2026-03,stader,Stader,staking,,26630.4119,55925558.49,2100.0636
2026-04,stader,Stader,staking,,27623.1839,62386121.38,2258.4696
2026-05,stader,Stader,staking,,23726.4508,47679745.59,2009.5608
2026-06,stader,Stader,staking,,30758.1421,48222340.78,1567.7911
2026-07,stader,Stader,staking,,27118.0977,50533906.15,1863.4753
2026-08,stader,Stader,staking,,27224.6124,67261840.79,2470.6262
2026-09,stader,Stader,staking,,27915.349,74735661.57,2677.2247
2026-10-02,stader,Stader,staking,,26880.679,71754951.31,2669.3876
2024-10,stafi,Stafi,staking,,2523.8104,6354197.44,2517.7
2024-11,stafi,Stafi,staking,,2509.2382,9344478.43,3724.03
2024-12,stafi,Stafi,staking,,2466.4706,8211694.69,3329.33
2025-01,stafi,Stafi,staking,,0.0,0.0,3298.95
2025-02,stafi,Stafi,staking,,0.0,0.0,2225.7
2025-03,stafi,Stafi,staking,,0.0,0.0,1823.67
2025-04,stafi,Stafi,staking,,0.0,0.0,1792.98
2025-05,stafi,Stafi,staking,,0.0,0.0,2517.89
2025-06,stafi,Stafi,staking,,0.0,0.0,2496.22
2025-07,stafi,Stafi,staking,,0.0,0.0,3694.68
2025-08,stafi,Stafi,staking,,0.0,0.0,4400.37
2025-09,stafi,Stafi,staking,,0.0,0.0,4146.85
2025-10,stafi,Stafi,staking,,0.0,0.0,3854.6968
2025-11,stafi,Stafi,staking,,0.0,0.0,2987.0461
2025-12,stafi,Stafi,staking,,0.0,0.0,2971.5129
2026-01,stafi,Stafi,staking,,0.0,0.0,2469.7591
2026-02,stafi,Stafi,staking,,0.0,0.0,1957.2655
2026-03,stafi,Stafi,staking,,0.0,0.0,2100.0636
2026-04,stafi,Stafi,staking,,0.0,0.0,2258.4696
2026-05,stafi,Stafi,staking,,0.0,0.0,2009.5608
2026-06,stafi,Stafi,staking,,0.0,0.0,1567.7911
2026-07,stafi,Stafi,staking,,0.0,0.0,1863.4753
2026-08,stafi,Stafi,staking,,0.0,0.0,2470.6262
2026-09,stafi,Stafi,staking,,0.0,0.0,2677.2247
2026-10-02,stafi,Stafi,staking,,0.0,0.0,2669.3876
2024-12,stakestone-berachain-vault,StakeStone Berachain Vault,farming,points,89776.4191,298895325.28,3329.33
2025-01,stakestone-berachain-vault,StakeStone Berachain Vault,farming,points,158892.0364,524176883.58,3298.95
2025-02,stakestone-berachain-vault,StakeStone Berachain Vault,farming,points,3193.998,7108881.4,2225.7
2025-03,stakestone-berachain-vault,StakeStone Berachain Vault,farming,points,3183.6528,5805932.05,1823.67
2025-04,stakestone-berachain-vault,StakeStone Berachain Vault,farming,points,3184.9695,5710586.59,1792.98
2025-05,stakestone-berachain-vault,StakeStone Berachain Vault,farming,points,18976.33,47780311.57,2517.89
2025-06,stakestone-berachain-vault,StakeStone Berachain Vault,farming,points,2447.6077,6109767.35,2496.22
2025-07,stakestone-berachain-vault,StakeStone Berachain Vault,farming,points,1382.6236,5108351.68,3694.68
2025-08,stakestone-berachain-vault,StakeStone Berachain Vault,farming,points,1009.1884,4440802.4,4400.37
2025-09,stakestone-berachain-vault,StakeStone Berachain Vault,farming,points,1162.2903,4819843.64,4146.85
2025-10,stakestone-berachain-vault,StakeStone Berachain Vault,farming,points,769.6247,2966669.88,3854.6968
2025-11,stakestone-berachain-vault,StakeStone Berachain Vault,farming,points,643.9485,1923503.96,2987.0461
2025-12,stakestone-berachain-vault,StakeStone Berachain Vault,farming,points,653.8174,1942826.85,2971.5129
2026-01,stakestone-berachain-vault,StakeStone Berachain Vault,farming,points,556.5117,1374449.84,2469.7591
2026-02,stakestone-berachain-vault,StakeStone Berachain Vault,farming,points,630.7871,1234617.77,1957.2655
2026-03,stakestone-berachain-vault,StakeStone Berachain Vault,farming,points,593.5893,1246575.19,2100.0636
2026-04,stakestone-berachain-vault,StakeStone Berachain Vault,farming,points,649.0029,1465753.3,2258.4696
2026-05,stakestone-berachain-vault,StakeStone Berachain Vault,farming,points,692.7543,1392131.89,2009.5608
2026-06,stakestone-berachain-vault,StakeStone Berachain Vault,farming,points,619.8096,971731.97,1567.7911
2026-07,stakestone-berachain-vault,StakeStone Berachain Vault,farming,points,1069.1763,1992383.69,1863.4753
2026-08,stakestone-berachain-vault,StakeStone Berachain Vault,farming,points,569.2526,1406410.49,2470.6262
2026-09,stakestone-berachain-vault,StakeStone Berachain Vault,farming,points,585.6006,1567784.42,2677.2247
2026-10-02,stakestone-berachain-vault,StakeStone Berachain Vault,farming,points,579.3029,1546383.98,2669.3876
2024-10,stakestone-stone,StakeStone STONE,staking,,126685.3882,318955801.91,2517.7
2024-11,stakestone-stone,StakeStone STONE,staking,,104759.4221,390127230.51,3724.03
2024-12,stakestone-stone,StakeStone STONE,staking,,73948.5208,246199028.91,3329.33
2025-01,stakestone-stone,StakeStone STONE,staking,,65358.5507,215614590.82,3298.95
2025-02,stakestone-stone,StakeStone STONE,staking,,109801.4496,244385086.3,2225.7
2025-03,stakestone-stone,StakeStone STONE,staking,,100713.0313,183667333.76,1823.67
2025-04,stakestone-stone,StakeStone STONE,staking,,94857.2513,170077154.38,1792.98
2025-05,stakestone-stone,StakeStone STONE,staking,,56618.1252,142558211.23,2517.89
2025-06,stakestone-stone,StakeStone STONE,staking,,39611.3661,98878684.26,2496.22
2025-07,stakestone-stone,StakeStone STONE,staking,,32490.9464,120043649.77,3694.68
2025-08,stakestone-stone,StakeStone STONE,staking,,27091.9536,119214619.69,4400.37
2025-09,stakestone-stone,StakeStone STONE,staking,,15104.4447,62635866.54,4146.85
2025-10,stakestone-stone,StakeStone STONE,staking,,12832.3926,49464982.35,3854.6968
2025-11,stakestone-stone,StakeStone STONE,staking,,12922.4085,38599830.48,2987.0461
2025-12,stakestone-stone,StakeStone STONE,staking,,10670.2858,31706891.41,2971.5129
2026-01,stakestone-stone,StakeStone STONE,staking,,10180.9756,25144557.05,2469.7591
2026-02,stakestone-stone,StakeStone STONE,staking,,9895.472,19368066.25,1957.2655
2026-03,stakestone-stone,StakeStone STONE,staking,,9892.7758,20775458.24,2100.0636
2026-04,stakestone-stone,StakeStone STONE,staking,,9304.7354,21014462.09,2258.4696
2026-05,stakestone-stone,StakeStone STONE,staking,,8578.9622,17239946.23,2009.5608
2026-06,stakestone-stone,StakeStone STONE,staking,,8451.2882,13249854.3,1567.7911
2026-07,stakestone-stone,StakeStone STONE,staking,,7410.1603,13808650.93,1863.4753
2026-08,stakestone-stone,StakeStone STONE,staking,,7476.7191,18472178.18,2470.6262
2026-09,stakestone-stone,StakeStone STONE,staking,,7091.3739,18985201.38,2677.2247
2026-10-02,stakestone-stone,StakeStone STONE,staking,,7107.5267,18972743.65,2669.3876
2024-10,stakewise-v3,StakeWise V3,staking,,127699.4482,321508900.83,2517.7
2024-11,stakewise-v3,StakeWise V3,staking,,136019.346,506540125.05,3724.03
2024-12,stakewise-v3,StakeWise V3,staking,,140139.9849,466572256.09,3329.33
2025-01,stakewise-v3,StakeWise V3,staking,,169915.719,560543461.18,3298.95
2025-02,stakewise-v3,StakeWise V3,staking,,237907.9808,529511792.81,2225.7
2025-03,stakewise-v3,StakeWise V3,staking,,275829.5703,503022112.43,1823.67
2025-04,stakewise-v3,StakeWise V3,staking,,334059.2936,598961632.22,1792.98
2025-05,stakewise-v3,StakeWise V3,staking,,391814.1964,986545046.86,2517.89
2025-06,stakewise-v3,StakeWise V3,staking,,387973.5285,968467281.24,2496.22
2025-07,stakewise-v3,StakeWise V3,staking,,369896.0355,1366647484.62,3694.68
2025-08,stakewise-v3,StakeWise V3,staking,,313451.8963,1379304321.09,4400.37
2025-09,stakewise-v3,StakeWise V3,staking,,327950.9703,1359963481.21,4146.85
2025-10,stakewise-v3,StakeWise V3,staking,,344740.602,1328870487.38,3854.6968
2025-11,stakewise-v3,StakeWise V3,staking,,341977.8162,1021503519.32,2987.0461
2025-12,stakewise-v3,StakeWise V3,staking,,365065.2532,1084796097.21,2971.5129
2026-01,stakewise-v3,StakeWise V3,staking,,407150.3841,1005563366.6,2469.7591
2026-02,stakewise-v3,StakeWise V3,staking,,394386.031,771918185.43,1957.2655
2026-03,stakewise-v3,StakeWise V3,staking,,428568.018,900020090.75,2100.0636
2026-04,stakewise-v3,StakeWise V3,staking,,380074.3868,858386452.13,2258.4696
2026-05,stakewise-v3,StakeWise V3,staking,,363388.6876,730251664.47,2009.5608
2026-06,stakewise-v3,StakeWise V3,staking,,368075.984,577066244.9,1567.7911
2026-07,stakewise-v3,StakeWise V3,staking,,371565.0944,692402389.09,1863.4753
2026-08,stakewise-v3,StakeWise V3,staking,,369599.8809,913143149.62,2470.6262
2026-09,stakewise-v3,StakeWise V3,staking,,375257.0272,1004647378.72,2677.2247
2026-10-02,stakewise-v3,StakeWise V3,staking,,376343.104,1004605615.93,2669.3876
2024-10,suilend,Suilend,lending,,3873.1786,9751501.78,2517.7
2024-11,suilend,Suilend,lending,,4209.26,15675410.66,3724.03
2024-12,suilend,Suilend,lending,,2735.4129,9107092.19,3329.33
2025-01,suilend,Suilend,lending,,2224.5487,7338675.03,3298.95
2025-02,suilend,Suilend,lending,,4739.1798,10547992.55,2225.7
2025-03,suilend,Suilend,lending,,4559.5425,8315100.82,1823.67
2025-04,suilend,Suilend,lending,,2890.7202,5183003.55,1792.98
2025-05,suilend,Suilend,lending,,7014.121,17660785.15,2517.89
2025-06,suilend,Suilend,lending,,11338.1299,28302466.57,2496.22
2025-07,suilend,Suilend,lending,,10451.1435,38613630.74,3694.68
2025-08,suilend,Suilend,lending,,10226.8691,45002007.95,4400.37
2025-09,suilend,Suilend,lending,,8746.9393,36272245.41,4146.85
2025-10,suilend,Suilend,lending,,10313.5243,39755508.96,3854.6968
2025-11,suilend,Suilend,lending,,7863.3701,23488249.25,2987.0461
2025-12,suilend,Suilend,lending,,8000.2686,23772901.22,2971.5129
2026-01,suilend,Suilend,lending,,8049.1043,19879348.62,2469.7591
2026-02,suilend,Suilend,lending,,7747.3934,15163706.13,1957.2655
2026-03,suilend,Suilend,lending,,6748.9308,14173183.89,2100.0636
2026-04,suilend,Suilend,lending,,2428.4391,5484555.89,2258.4696
2026-05,suilend,Suilend,lending,,2405.1268,4833248.5,2009.5608
2026-06,suilend,Suilend,lending,,2094.3406,3283488.46,1567.7911
2026-07,suilend,Suilend,lending,,2009.6937,3745014.58,1863.4753
2026-08,suilend,Suilend,lending,,1845.5734,4559722.12,2470.6262
2026-09,suilend,Suilend,lending,,1197.6298,3206324.03,2677.2247
2026-10-02,suilend,Suilend,lending,,1179.1599,3147634.9,2669.3876
2024-10,superform,Superform,lending,,2970.0066,7477585.51,2517.7
2024-11,superform,Superform,lending,,2203.2715,8205049.32,3724.03
2024-12,superform,Superform,lending,,4378.7538,14578316.26,3329.33
2025-01,superform,Superform,lending,,4686.6924,15461163.84,3298.95
2025-02,superform,Superform,lending,,9840.8708,21902826.22,2225.7
2025-03,superform,Superform,lending,,13671.9345,24933096.76,1823.67
2025-04,superform,Superform,lending,,15727.3234,28198776.26,1792.98
2025-05,superform,Superform,lending,,17522.0273,44118537.4,2517.89
2025-06,superform,Superform,lending,,13413.9354,33484133.92,2496.22
2025-07,superform,Superform,lending,,12744.3817,47086412.13,3694.68
2025-08,superform,Superform,lending,,11166.3722,49136169.27,4400.37
2025-09,superform,Superform,lending,,11613.9922,48161483.51,4146.85
2025-10,superform,Superform,lending,,10400.4686,40090652.75,3854.6968
2025-11,superform,Superform,lending,,8888.4849,26550314.52,2987.0461
2025-12,superform,Superform,lending,,8090.0191,24039595.91,2971.5129
2026-01,superform,Superform,lending,,8029.3075,19830455.2,2469.7591
2026-02,superform,Superform,lending,,4025.5422,7879055.06,1957.2655
2026-03,superform,Superform,lending,,4029.4413,8462082.88,2100.0636
2026-04,superform,Superform,lending,,3067.3758,6927575.08,2258.4696
2026-05,superform,Superform,lending,,3242.3556,6515710.82,2009.5608
2026-06,superform,Superform,lending,,3021.3045,4736774.29,1567.7911
2026-07,superform,Superform,lending,,2007.3744,3740692.67,1863.4753
2026-08,superform,Superform,lending,,1694.2318,4185813.58,2470.6262
2026-09,superform,Superform,lending,,1676.8093,4489195.13,2677.2247
2026-10-02,superform,Superform,lending,,1675.0844,4471449.6,2669.3876
2024-10,sushiswap-v3,SushiSwap V3,farming,pools,3182.7731,8013267.76,2517.7
2024-11,sushiswap-v3,SushiSwap V3,farming,pools,1905.1807,7094950.03,3724.03
2024-12,sushiswap-v3,SushiSwap V3,farming,pools,3674.0385,12232086.62,3329.33
2025-01,sushiswap-v3,SushiSwap V3,farming,pools,3783.0646,12480140.9,3298.95
2025-02,sushiswap-v3,SushiSwap V3,farming,pools,3249.4671,7232338.98,2225.7
2025-03,sushiswap-v3,SushiSwap V3,farming,pools,4719.283,8606414.9,1823.67
2025-04,sushiswap-v3,SushiSwap V3,farming,pools,3527.8629,6325387.71,1792.98
2025-06,sushiswap-v3,SushiSwap V3,farming,pools,1835.1047,4580825.04,2496.22
2025-07,sushiswap-v3,SushiSwap V3,farming,pools,1203.0876,4445023.73,3694.68
2025-08,sushiswap-v3,SushiSwap V3,farming,pools,1013.5795,4460124.63,4400.37
2025-09,sushiswap-v3,SushiSwap V3,farming,pools,1237.584,5132075.09,4146.85
2025-10,sushiswap-v3,SushiSwap V3,farming,pools,1051.6958,4053968.57,3854.6968
2025-11,sushiswap-v3,SushiSwap V3,farming,pools,1356.1803,4050973.25,2987.0461
2025-12,sushiswap-v3,SushiSwap V3,farming,pools,1208.7921,3591941.2,2971.5129
2026-01,sushiswap-v3,SushiSwap V3,farming,pools,1121.9684,2770991.59,2469.7591
2026-02,sushiswap-v3,SushiSwap V3,farming,pools,1327.5876,2598441.5,1957.2655
2026-03,sushiswap-v3,SushiSwap V3,farming,pools,6451.7358,13549055.54,2100.0636
2026-04,sushiswap-v3,SushiSwap V3,farming,pools,6127.0778,13837819.1,2258.4696
2026-05,sushiswap-v3,SushiSwap V3,farming,pools,7425.8211,14922639.04,2009.5608
2026-06,sushiswap-v3,SushiSwap V3,farming,pools,9043.1807,14177818.02,1567.7911
2026-07,sushiswap-v3,SushiSwap V3,farming,pools,7431.4199,13848267.74,1863.4753
2026-08,sushiswap-v3,SushiSwap V3,farming,pools,5199.7542,12846648.99,2470.6262
2026-09,sushiswap-v3,SushiSwap V3,farming,pools,4634.5245,12407663.54,2677.2247
2026-10-02,sushiswap-v3,SushiSwap V3,farming,pools,4537.5144,12112384.8,2669.3876
2024-10,swaap-maker-v2,Swaap Maker V2,farming,pools,247.036,621962.64,2517.7
2024-11,swaap-maker-v2,Swaap Maker V2,farming,pools,661.2288,2462435.84,3724.03
2024-12,swaap-maker-v2,Swaap Maker V2,farming,pools,712.1436,2370961.18,3329.33
2025-01,swaap-maker-v2,Swaap Maker V2,farming,pools,1202.4619,3966861.54,3298.95
2025-02,swaap-maker-v2,Swaap Maker V2,farming,pools,1680.462,3740204.21,2225.7
2025-03,swaap-maker-v2,Swaap Maker V2,farming,pools,1466.1597,2673791.41,1823.67
2025-04,swaap-maker-v2,Swaap Maker V2,farming,pools,1105.7473,1982582.78,1792.98
2025-05,swaap-maker-v2,Swaap Maker V2,farming,pools,1126.9459,2837525.71,2517.89
2025-06,swaap-maker-v2,Swaap Maker V2,farming,pools,1354.2734,3380564.39,2496.22
2025-07,swaap-maker-v2,Swaap Maker V2,farming,pools,1346.9485,4976543.63,3694.68
2025-08,swaap-maker-v2,Swaap Maker V2,farming,pools,1442.1042,6345792.09,4400.37
2025-09,swaap-maker-v2,Swaap Maker V2,farming,pools,1364.8109,5659666.1,4146.85
2025-10,swaap-maker-v2,Swaap Maker V2,farming,pools,1565.0871,6032936.23,3854.6968
2025-11,swaap-maker-v2,Swaap Maker V2,farming,pools,1079.5167,3224566.11,2987.0461
2025-12,swaap-maker-v2,Swaap Maker V2,farming,pools,1276.0705,3791859.84,2971.5129
2026-01,swaap-maker-v2,Swaap Maker V2,farming,pools,1125.7964,2780445.98,2469.7591
2026-02,swaap-maker-v2,Swaap Maker V2,farming,pools,1369.5195,2680513.39,1957.2655
2026-03,swaap-maker-v2,Swaap Maker V2,farming,pools,1439.3083,3022638.97,2100.0636
2026-04,swaap-maker-v2,Swaap Maker V2,farming,pools,454.6274,1026762.26,2258.4696
2026-05,swaap-maker-v2,Swaap Maker V2,farming,pools,642.882,1291910.49,2009.5608
2026-06,swaap-maker-v2,Swaap Maker V2,farming,pools,1225.287,1920994.1,1567.7911
2026-07,swaap-maker-v2,Swaap Maker V2,farming,pools,1153.1812,2148924.71,1863.4753
2026-08,swaap-maker-v2,Swaap Maker V2,farming,pools,416.7018,1029514.43,2470.6262
2026-09,swaap-maker-v2,Swaap Maker V2,farming,pools,1679.1223,4495387.59,2677.2247
2026-10-02,swaap-maker-v2,Swaap Maker V2,farming,pools,835.477,2230212.0,2669.3876
2024-10,swell-l2-farm,Swell L2 Farm,farming,points,286833.0123,722159475.07,2517.7
2024-11,swell-l2-farm,Swell L2 Farm,farming,points,280404.9724,1044236529.37,3724.03
2024-12,swell-l2-farm,Swell L2 Farm,farming,points,183001.8748,609273631.89,3329.33
2025-01,swell-l2-farm,Swell L2 Farm,farming,points,169385.0015,558792650.69,3298.95
2025-02,swell-l2-farm,Swell L2 Farm,farming,points,163914.1383,364823697.7,2225.7
2025-03,swell-l2-farm,Swell L2 Farm,farming,points,50669.7701,92404939.55,1823.67
2025-04,swell-l2-farm,Swell L2 Farm,farming,points,34289.548,61480473.76,1792.98
2025-05,swell-l2-farm,Swell L2 Farm,farming,points,33699.2273,84850947.48,2517.89
2025-06,swell-l2-farm,Swell L2 Farm,farming,points,33255.4446,83012905.81,2496.22
2025-07,swell-l2-farm,Swell L2 Farm,farming,points,33065.8776,122167836.52,3694.68
2025-08,swell-l2-farm,Swell L2 Farm,farming,points,32649.4872,143669824.01,4400.37
2025-09,swell-l2-farm,Swell L2 Farm,farming,points,32659.2434,135432983.35,4146.85
2025-10,swell-l2-farm,Swell L2 Farm,farming,points,0.0,0.0,3854.6968
2025-11,swell-l2-farm,Swell L2 Farm,farming,points,0.0,0.0,2987.0461
2025-12,swell-l2-farm,Swell L2 Farm,farming,points,0.0,0.0,2971.5129
2026-01,swell-l2-farm,Swell L2 Farm,farming,points,0.0,0.0,2469.7591
2026-02,swell-l2-farm,Swell L2 Farm,farming,points,0.0,0.0,1957.2655
2026-03,swell-l2-farm,Swell L2 Farm,farming,points,0.0,0.0,2100.0636
2026-04,swell-l2-farm,Swell L2 Farm,farming,points,0.0,0.0,2258.4696
2026-05,swell-l2-farm,Swell L2 Farm,farming,points,0.0,0.0,2009.5608
2026-06,swell-l2-farm,Swell L2 Farm,farming,points,0.0,0.0,1567.7911
2026-07,swell-l2-farm,Swell L2 Farm,farming,points,0.0,0.0,1863.4753
2026-08,swell-l2-farm,Swell L2 Farm,farming,points,0.0,0.0,2470.6262
2026-09,swell-l2-farm,Swell L2 Farm,farming,points,0.0,0.0,2677.2247
2026-10-02,swell-l2-farm,Swell L2 Farm,farming,points,0.0,0.0,2669.3876
2024-10,swell-liquid-restaking,Swell Liquid Restaking,restaking,,50459.397,127041623.93,2517.7
2024-11,swell-liquid-restaking,Swell Liquid Restaking,restaking,,36073.8478,134340091.25,3724.03
2024-12,swell-liquid-restaking,Swell Liquid Restaking,restaking,,38710.0545,128878545.78,3329.33
2025-01,swell-liquid-restaking,Swell Liquid Restaking,restaking,,36322.3434,119825594.8,3298.95
2025-02,swell-liquid-restaking,Swell Liquid Restaking,restaking,,33764.5136,75149678.0,2225.7
2025-03,swell-liquid-restaking,Swell Liquid Restaking,restaking,,36232.3472,66075844.57,1823.67
2025-04,swell-liquid-restaking,Swell Liquid Restaking,restaking,,30540.1498,54757877.75,1792.98
2025-05,swell-liquid-restaking,Swell Liquid Restaking,restaking,,28825.8273,72580262.18,2517.89
2025-06,swell-liquid-restaking,Swell Liquid Restaking,restaking,,28581.7538,71346345.37,2496.22
2025-07,swell-liquid-restaking,Swell Liquid Restaking,restaking,,28074.4094,103725959.06,3694.68
2025-08,swell-liquid-restaking,Swell Liquid Restaking,restaking,,16413.0334,72223419.86,4400.37
2025-09,swell-liquid-restaking,Swell Liquid Restaking,restaking,,16159.6618,67011693.73,4146.85
2025-10,swell-liquid-restaking,Swell Liquid Restaking,restaking,,16710.2061,64412777.75,3854.6968
2025-11,swell-liquid-restaking,Swell Liquid Restaking,restaking,,16150.5813,48242531.58,2987.0461
2025-12,swell-liquid-restaking,Swell Liquid Restaking,restaking,,15592.9652,46334696.65,2971.5129
2026-01,swell-liquid-restaking,Swell Liquid Restaking,restaking,,13976.5786,34518782.19,2469.7591
2026-02,swell-liquid-restaking,Swell Liquid Restaking,restaking,,13864.3687,27136250.96,1957.2655
2026-03,swell-liquid-restaking,Swell Liquid Restaking,restaking,,14124.1944,29661706.36,2100.0636
2026-04,swell-liquid-restaking,Swell Liquid Restaking,restaking,,12771.8114,28844747.9,2258.4696
2026-05,swell-liquid-restaking,Swell Liquid Restaking,restaking,,12510.8995,25141413.32,2009.5608
2026-06,swell-liquid-restaking,Swell Liquid Restaking,restaking,,11481.6998,18000906.48,1567.7911
2026-07,swell-liquid-restaking,Swell Liquid Restaking,restaking,,11695.1667,21793654.72,1863.4753
2026-08,swell-liquid-restaking,Swell Liquid Restaking,restaking,,11359.2584,28064481.44,2470.6262
2026-09,swell-liquid-restaking,Swell Liquid Restaking,restaking,,11299.9213,30252428.29,2677.2247
2026-10-02,swell-liquid-restaking,Swell Liquid Restaking,restaking,,11290.1459,30137775.62,2669.3876
2024-10,swell-liquid-staking,Swell Liquid Staking,staking,,67102.9207,168945023.48,2517.7
2024-11,swell-liquid-staking,Swell Liquid Staking,staking,,59646.0535,222123692.7,3724.03
2024-12,swell-liquid-staking,Swell Liquid Staking,staking,,50315.8006,167517904.52,3329.33
2025-01,swell-liquid-staking,Swell Liquid Staking,staking,,44315.0609,146193170.05,3298.95
2025-02,swell-liquid-staking,Swell Liquid Staking,staking,,41008.6276,91272902.55,2225.7
2025-03,swell-liquid-staking,Swell Liquid Staking,staking,,37866.3884,69055796.49,1823.67
2025-04,swell-liquid-staking,Swell Liquid Staking,staking,,33860.258,60710765.41,1792.98
2025-05,swell-liquid-staking,Swell Liquid Staking,staking,,31306.5553,78826462.58,2517.89
2025-06,swell-liquid-staking,Swell Liquid Staking,staking,,26160.4091,65302136.52,2496.22
2025-07,swell-liquid-staking,Swell Liquid Staking,staking,,19432.2847,71796073.79,3694.68
2025-08,swell-liquid-staking,Swell Liquid Staking,staking,,18409.0584,81006668.38,4400.37
2025-09,swell-liquid-staking,Swell Liquid Staking,staking,,17049.4889,70701673.21,4146.85
2025-10,swell-liquid-staking,Swell Liquid Staking,staking,,17538.6296,67606099.05,3854.6968
2025-11,swell-liquid-staking,Swell Liquid Staking,staking,,15264.0791,45594508.59,2987.0461
2025-12,swell-liquid-staking,Swell Liquid Staking,staking,,15498.6911,46054560.16,2971.5129
2026-01,swell-liquid-staking,Swell Liquid Staking,staking,,15035.4378,37133909.33,2469.7591
2026-02,swell-liquid-staking,Swell Liquid Staking,staking,,14496.7169,28373924.35,1957.2655
2026-03,swell-liquid-staking,Swell Liquid Staking,staking,,13587.1449,28533868.22,2100.0636
2026-04,swell-liquid-staking,Swell Liquid Staking,staking,,13411.6648,30289837.32,2258.4696
2026-05,swell-liquid-staking,Swell Liquid Staking,staking,,12378.3226,24874991.87,2009.5608
2026-06,swell-liquid-staking,Swell Liquid Staking,staking,,11371.9533,17828846.91,1567.7911
2026-07,swell-liquid-staking,Swell Liquid Staking,staking,,11142.9184,20764553.62,1863.4753
2026-08,swell-liquid-staking,Swell Liquid Staking,staking,,10905.3976,26943160.97,2470.6262
2026-09,swell-liquid-staking,Swell Liquid Staking,staking,,10492.6819,28091267.0,2677.2247
2026-10-02,swell-liquid-staking,Swell Liquid Staking,staking,,10489.36,28000167.41,2669.3876
2024-10,symbiotic,Symbiotic: direct restaking,restaking,,333630.2739,839980940.62,2517.7
2024-11,symbiotic,Symbiotic: direct restaking,restaking,,211299.8685,786887049.35,3724.03
2024-12,symbiotic,Symbiotic: direct restaking,restaking,,170176.4135,566573438.82,3329.33
2025-01,symbiotic,Symbiotic: direct restaking,restaking,,132229.5355,436218626.14,3298.95
2025-02,symbiotic,Symbiotic: direct restaking,restaking,,70605.2646,157146137.41,2225.7
2025-03,symbiotic,Symbiotic: direct restaking,restaking,,30136.3756,54958804.05,1823.67
2025-04,symbiotic,Symbiotic: direct restaking,restaking,,19276.3075,34562033.74,1792.98
2025-05,symbiotic,Symbiotic: direct restaking,restaking,,7228.9268,18201642.61,2517.89
2025-06,symbiotic,Symbiotic: direct restaking,restaking,,64874.4985,161941020.66,2496.22
2025-07,symbiotic,Symbiotic: direct restaking,restaking,,8459.911,31256663.94,3694.68
2025-08,symbiotic,Symbiotic: direct restaking,restaking,,4910.6815,21608815.71,4400.37
2025-09,symbiotic,Symbiotic: direct restaking,restaking,,3039.5947,12604743.27,4146.85
2025-10,symbiotic,Symbiotic: direct restaking,restaking,,39038.5704,150481851.31,3854.6968
2025-11,symbiotic,Symbiotic: direct restaking,restaking,,0.0,0.0,2987.0461
2025-12,symbiotic,Symbiotic: direct restaking,restaking,,0.0,0.0,2971.5129
2026-01,symbiotic,Symbiotic: direct restaking,restaking,,26613.6568,65729321.1,2469.7591
2026-02,symbiotic,Symbiotic: direct restaking,restaking,,15446.0801,30232080.28,1957.2655
2026-03,symbiotic,Symbiotic: direct restaking,restaking,,15201.3401,31923780.91,2100.0636
2026-04,symbiotic,Symbiotic: direct restaking,restaking,,0.0,0.0,2258.4696
2026-05,symbiotic,Symbiotic: direct restaking,restaking,,16172.3958,32499412.77,2009.5608
2026-06,symbiotic,Symbiotic: direct restaking,restaking,,23508.0388,36855693.63,1567.7911
2026-07,symbiotic,Symbiotic: direct restaking,restaking,,25155.4955,46876645.37,1863.4753
2026-08,symbiotic,Symbiotic: direct restaking,restaking,,24526.8579,60596697.81,2470.6262
2026-09,symbiotic,Symbiotic: direct restaking,restaking,,24930.7645,66745258.17,2677.2247
2026-10-02,symbiotic,Symbiotic: direct restaking,restaking,,24741.8023,66045460.42,2669.3876
2024-10,syncswap,SyncSwap,farming,pools,11850.0562,29834886.39,2517.7
2024-11,syncswap,SyncSwap,farming,pools,9433.2339,35129645.98,3724.03
2024-12,syncswap,SyncSwap,farming,pools,8517.8474,28358724.91,3329.33
2025-01,syncswap,SyncSwap,farming,pools,9634.0071,31782107.65,3298.95
2025-02,syncswap,SyncSwap,farming,pools,9888.4754,22008779.62,2225.7
2025-03,syncswap,SyncSwap,farming,pools,9269.7979,16905052.4,1823.67
2025-04,syncswap,SyncSwap,farming,pools,8674.3252,15552891.67,1792.98
2025-05,syncswap,SyncSwap,farming,pools,6573.2805,16550797.3,2517.89
2025-06,syncswap,SyncSwap,farming,pools,6262.5122,15632608.1,2496.22
2025-07,syncswap,SyncSwap,farming,pools,5098.8023,18838442.72,3694.68
2025-08,syncswap,SyncSwap,farming,pools,4464.8346,19646924.06,4400.37
2025-09,syncswap,SyncSwap,farming,pools,3923.8557,16271641.02,4146.85
2025-10,syncswap,SyncSwap,farming,pools,3550.5567,13686319.55,3854.6968
2025-11,syncswap,SyncSwap,farming,pools,3789.0001,11317918.12,2987.0461
2025-12,syncswap,SyncSwap,farming,pools,3590.8855,10670362.58,2971.5129
2026-01,syncswap,SyncSwap,farming,pools,3691.0941,9116113.3,2469.7591
2026-02,syncswap,SyncSwap,farming,pools,3167.0061,6198671.98,1957.2655
2026-03,syncswap,SyncSwap,farming,pools,3026.3979,6355628.02,2100.0636
2026-04,syncswap,SyncSwap,farming,pools,2803.1889,6330916.94,2258.4696
2026-05,syncswap,SyncSwap,farming,pools,2716.3342,5458638.68,2009.5608
2026-06,syncswap,SyncSwap,farming,pools,2825.8018,4430266.87,1567.7911
2026-07,syncswap,SyncSwap,farming,pools,2626.9199,4895200.45,1863.4753
2026-08,syncswap,SyncSwap,farming,pools,2024.464,5001693.91,2470.6262
2026-09,syncswap,SyncSwap,farming,pools,1878.012,5027860.1,2677.2247
2026-10-02,syncswap,SyncSwap,farming,pools,1881.0253,5021185.49,2669.3876
2024-10,tectonic,Tectonic,lending,,3360.7124,8461265.51,2517.7
2024-11,tectonic,Tectonic,lending,,3572.0015,13302240.62,3724.03
2024-12,tectonic,Tectonic,lending,,3997.0445,13307480.07,3329.33
2025-01,tectonic,Tectonic,lending,,4119.6308,13590456.09,3298.95
2025-02,tectonic,Tectonic,lending,,3708.6565,8254356.86,2225.7
2025-03,tectonic,Tectonic,lending,,3634.769,6628619.14,1823.67
2025-04,tectonic,Tectonic,lending,,3301.2277,5919035.2,1792.98
2025-05,tectonic,Tectonic,lending,,2544.4169,6406561.96,2517.89
2025-06,tectonic,Tectonic,lending,,2511.0431,6268116.09,2496.22
2025-07,tectonic,Tectonic,lending,,2474.1717,9141272.76,3694.68
2025-08,tectonic,Tectonic,lending,,2320.9776,10213160.2,4400.37
2025-09,tectonic,Tectonic,lending,,2267.6651,9403667.05,4146.85
2025-10,tectonic,Tectonic,lending,,2307.4416,8894487.85,3854.6968
2025-11,tectonic,Tectonic,lending,,2495.9007,7455370.44,2987.0461
2025-12,tectonic,Tectonic,lending,,2528.8912,7514632.7,2971.5129
2026-01,tectonic,Tectonic,lending,,2540.8774,6275355.0,2469.7591
2026-02,tectonic,Tectonic,lending,,2416.6013,4729930.45,1957.2655
2026-03,tectonic,Tectonic,lending,,1956.5933,4108970.27,2100.0636
2026-04,tectonic,Tectonic,lending,,1905.5688,4303669.14,2258.4696
2026-05,tectonic,Tectonic,lending,,1893.1212,3804342.17,2009.5608
2026-06,tectonic,Tectonic,lending,,1843.6072,2890390.95,1567.7911
2026-07,tectonic,Tectonic,lending,,1849.3739,3446262.71,1863.4753
2026-08,tectonic,Tectonic,lending,,1885.7063,4658875.48,2470.6262
2026-09,tectonic,Tectonic,lending,,1505.091,4029466.74,2677.2247
2026-10-02,tectonic,Tectonic,lending,,1504.1933,4015275.05,2669.3876
2024-10,termfinance-lend,TermFinance Lend,lending,,0,0.0,2517.7
2024-11,termfinance-lend,TermFinance Lend,lending,,0,0.0,3724.03
2024-12,termfinance-lend,TermFinance Lend,lending,,0,0.0,3329.33
2025-01,termfinance-lend,TermFinance Lend,lending,,0,0.0,3298.95
2025-02,termfinance-lend,TermFinance Lend,lending,,0,0.0,2225.7
2025-03,termfinance-lend,TermFinance Lend,lending,,0,0.0,1823.67
2025-04,termfinance-lend,TermFinance Lend,lending,,277.4403,497444.92,1792.98
2025-05,termfinance-lend,TermFinance Lend,lending,,1600.4095,4029655.1,2517.89
2025-06,termfinance-lend,TermFinance Lend,lending,,725.0063,1809775.3,2496.22
2025-07,termfinance-lend,TermFinance Lend,lending,,0.3408,1259.12,3694.68
2025-08,termfinance-lend,TermFinance Lend,lending,,0.3408,1499.46,4400.37
2025-09,termfinance-lend,TermFinance Lend,lending,,378.6984,1570405.45,4146.85
2025-10,termfinance-lend,TermFinance Lend,lending,,0,0.0,3854.6968
2025-11,termfinance-lend,TermFinance Lend,lending,,0,0.0,2987.0461
2025-12,termfinance-lend,TermFinance Lend,lending,,0,0.0,2971.5129
2026-01,termfinance-lend,TermFinance Lend,lending,,0,0.0,2469.7591
2026-02,termfinance-lend,TermFinance Lend,lending,,0.1834,358.91,1957.2655
2026-03,termfinance-lend,TermFinance Lend,lending,,0.0228,47.81,2100.0636
2026-04,termfinance-lend,TermFinance Lend,lending,,0.0228,51.39,2258.4696
2026-05,termfinance-lend,TermFinance Lend,lending,,0.0227,45.59,2009.5608
2026-06,termfinance-lend,TermFinance Lend,lending,,0.0227,35.61,1567.7911
2026-07,termfinance-lend,TermFinance Lend,lending,,27.8201,51842.0,1863.4753
2026-08,termfinance-lend,TermFinance Lend,lending,,1.6445,4062.85,2470.6262
2026-09,termfinance-lend,TermFinance Lend,lending,,9.7028,25976.47,2677.2247
2026-10-02,termfinance-lend,TermFinance Lend,lending,,9.6839,25850.06,2669.3876
2025-03,termfinance-vaults,TermFinance Vaults,farming,vaults,0.0,0.0,1823.67
2025-04,termfinance-vaults,TermFinance Vaults,farming,vaults,277.4402,497444.76,1792.98
2025-05,termfinance-vaults,TermFinance Vaults,farming,vaults,1599.6605,4027769.19,2517.89
2025-06,termfinance-vaults,TermFinance Vaults,farming,vaults,721.9164,1802062.17,2496.22
2025-07,termfinance-vaults,TermFinance Vaults,farming,vaults,553.1184,2043595.42,3694.68
2025-08,termfinance-vaults,TermFinance Vaults,farming,vaults,842.6064,3707779.85,4400.37
2025-09,termfinance-vaults,TermFinance Vaults,farming,vaults,670.713,2781346.17,4146.85
2025-10,termfinance-vaults,TermFinance Vaults,farming,vaults,710.956,2740519.84,3854.6968
2025-11,termfinance-vaults,TermFinance Vaults,farming,vaults,2483.2375,7417545.1,2987.0461
2025-12,termfinance-vaults,TermFinance Vaults,farming,vaults,2321.1321,6897273.76,2971.5129
2026-01,termfinance-vaults,TermFinance Vaults,farming,vaults,2975.3355,7348361.86,2469.7591
2026-02,termfinance-vaults,TermFinance Vaults,farming,vaults,2150.4583,4209017.92,1957.2655
2026-03,termfinance-vaults,TermFinance Vaults,farming,vaults,2408.2977,5057578.41,2100.0636
2026-04,termfinance-vaults,TermFinance Vaults,farming,vaults,296.9095,670561.19,2258.4696
2026-05,termfinance-vaults,TermFinance Vaults,farming,vaults,2926.5229,5881025.75,2009.5608
2026-06,termfinance-vaults,TermFinance Vaults,farming,vaults,2911.2375,4564212.24,1567.7911
2026-07,termfinance-vaults,TermFinance Vaults,farming,vaults,2833.2345,5279662.6,1863.4753
2026-08,termfinance-vaults,TermFinance Vaults,farming,vaults,8.6714,21423.82,2470.6262
2026-09,termfinance-vaults,TermFinance Vaults,farming,vaults,8.4318,22573.82,2677.2247
2026-10-02,termfinance-vaults,TermFinance Vaults,farming,vaults,8.4161,22465.77,2669.3876
2025-06,terminal-finance-pre-deposits,Terminal Finance Pre-Deposits,farming,points,4326.3649,10799558.54,2496.22
2025-07,terminal-finance-pre-deposits,Terminal Finance Pre-Deposits,farming,points,9919.5382,36649519.36,3694.68
2025-08,terminal-finance-pre-deposits,Terminal Finance Pre-Deposits,farming,points,9315.519,40991730.29,4400.37
2025-09,terminal-finance-pre-deposits,Terminal Finance Pre-Deposits,farming,points,9122.6163,37830121.27,4146.85
2025-10,terminal-finance-pre-deposits,Terminal Finance Pre-Deposits,farming,points,10067.4416,38806934.58,3854.6968
2025-11,terminal-finance-pre-deposits,Terminal Finance Pre-Deposits,farming,points,1727.3604,5159705.25,2987.0461
2025-12,terminal-finance-pre-deposits,Terminal Finance Pre-Deposits,farming,points,328.6042,976451.67,2971.5129
2026-01,terminal-finance-pre-deposits,Terminal Finance Pre-Deposits,farming,points,191.2942,472450.49,2469.7591
2026-02,terminal-finance-pre-deposits,Terminal Finance Pre-Deposits,farming,points,32.9683,64527.81,1957.2655
2026-03,terminal-finance-pre-deposits,Terminal Finance Pre-Deposits,farming,points,33.2227,69769.71,2100.0636
2026-04,terminal-finance-pre-deposits,Terminal Finance Pre-Deposits,farming,points,32.3897,73151.18,2258.4696
2026-05,terminal-finance-pre-deposits,Terminal Finance Pre-Deposits,farming,points,30.0206,60328.17,2009.5608
2026-06,terminal-finance-pre-deposits,Terminal Finance Pre-Deposits,farming,points,29.6614,46502.91,1567.7911
2026-07,terminal-finance-pre-deposits,Terminal Finance Pre-Deposits,farming,points,27.0049,50322.97,1863.4753
2026-08,terminal-finance-pre-deposits,Terminal Finance Pre-Deposits,farming,points,0.0,0.0,2470.6262
2026-09,terminal-finance-pre-deposits,Terminal Finance Pre-Deposits,farming,points,0.0,0.0,2677.2247
2026-10-02,terminal-finance-pre-deposits,Terminal Finance Pre-Deposits,farming,points,0.0,0.0,2669.3876
2024-10,termmax,TermMax,lending,,72.2096,181802.23,2517.7
2024-11,termmax,TermMax,lending,,35.9341,133819.64,3724.03
2024-12,termmax,TermMax,lending,,31.0009,103212.2,3329.33
2025-01,termmax,TermMax,lending,,25.7998,85112.34,3298.95
2025-02,termmax,TermMax,lending,,13.6315,30339.66,2225.7
2025-03,termmax,TermMax,lending,,13.702,24987.86,1823.67
2025-04,termmax,TermMax,lending,,171.0872,306755.87,1792.98
2025-05,termmax,TermMax,lending,,415.2043,1045438.67,2517.89
2025-06,termmax,TermMax,lending,,244.1691,609499.9,2496.22
2025-07,termmax,TermMax,lending,,212.0209,783349.28,3694.68
2025-08,termmax,TermMax,lending,,375.08,1650490.74,4400.37
2025-09,termmax,TermMax,lending,,644.2037,2671416.21,4146.85
2025-10,termmax,TermMax,lending,,1469.881,5665945.58,3854.6968
2025-11,termmax,TermMax,lending,,1007.4937,3009430.31,2987.0461
2025-12,termmax,TermMax,lending,,326.2085,969332.75,2971.5129
2026-01,termmax,TermMax,lending,,359.9533,888998.02,2469.7591
2026-02,termmax,TermMax,lending,,509.7225,997662.28,1957.2655
2026-03,termmax,TermMax,lending,,157.7892,331367.43,2100.0636
2026-04,termmax,TermMax,lending,,429.3967,969779.41,2258.4696
2026-05,termmax,TermMax,lending,,157.6837,316874.97,2009.5608
2026-06,termmax,TermMax,lending,,154.0525,241522.16,1567.7911
2026-07,termmax,TermMax,lending,,157.0073,292579.2,1863.4753
2026-08,termmax,TermMax,lending,,153.547,379357.28,2470.6262
2026-09,termmax,TermMax,lending,,21.9466,58756.05,2677.2247
2026-10-02,termmax,TermMax,lending,,21.9808,58675.34,2669.3876
2024-12,theo-straddle-vaults,Theo Straddle Vaults,options,,5010.5653,16681825.33,3329.33
2025-01,theo-straddle-vaults,Theo Straddle Vaults,options,,6175.7978,20373648.23,3298.95
2025-02,theo-straddle-vaults,Theo Straddle Vaults,options,,6344.8211,14121668.25,2225.7
2025-03,theo-straddle-vaults,Theo Straddle Vaults,options,,2259.1901,4120017.18,1823.67
2025-04,theo-straddle-vaults,Theo Straddle Vaults,options,,4967.092,8905896.7,1792.98
2025-05,theo-straddle-vaults,Theo Straddle Vaults,options,,5182.9453,13050086.08,2517.89
2025-06,theo-straddle-vaults,Theo Straddle Vaults,options,,4805.039,11994434.47,2496.22
2025-07,theo-straddle-vaults,Theo Straddle Vaults,options,,4420.6862,16333020.91,3694.68
2025-08,theo-straddle-vaults,Theo Straddle Vaults,options,,1416.7694,6234309.38,4400.37
2025-09,theo-straddle-vaults,Theo Straddle Vaults,options,,564.9879,2342920.01,4146.85
2025-10,theo-straddle-vaults,Theo Straddle Vaults,options,,465.468,1794237.89,3854.6968
2025-11,theo-straddle-vaults,Theo Straddle Vaults,options,,361.1069,1078642.9,2987.0461
2025-12,theo-straddle-vaults,Theo Straddle Vaults,options,,343.6708,1021222.17,2971.5129
2026-01,theo-straddle-vaults,Theo Straddle Vaults,options,,299.6025,739945.93,2469.7591
2026-02,theo-straddle-vaults,Theo Straddle Vaults,options,,301.1102,589352.6,1957.2655
2026-03,theo-straddle-vaults,Theo Straddle Vaults,options,,298.7812,627459.45,2100.0636
2026-04,theo-straddle-vaults,Theo Straddle Vaults,options,,293.0701,661889.85,2258.4696
2026-05,theo-straddle-vaults,Theo Straddle Vaults,options,,264.7661,532063.51,2009.5608
2026-06,theo-straddle-vaults,Theo Straddle Vaults,options,,262.9414,412237.15,1567.7911
2026-07,theo-straddle-vaults,Theo Straddle Vaults,options,,262.9167,489938.79,1863.4753
2026-08,theo-straddle-vaults,Theo Straddle Vaults,options,,261.1413,645182.53,2470.6262
2026-09,theo-straddle-vaults,Theo Straddle Vaults,options,,254.8291,682234.65,2677.2247
2026-10-02,theo-straddle-vaults,Theo Straddle Vaults,options,,253.9685,677940.31,2669.3876
2024-10,thetanuts-finance,Thetanuts Finance,options,,1199.5653,3020145.52,2517.7
2024-11,thetanuts-finance,Thetanuts Finance,options,,1202.098,4476648.98,3724.03
2024-12,thetanuts-finance,Thetanuts Finance,options,,1198.2666,3989424.92,3329.33
2025-01,thetanuts-finance,Thetanuts Finance,options,,1201.3851,3963309.21,3298.95
2025-02,thetanuts-finance,Thetanuts Finance,options,,1211.6669,2696807.07,2225.7
2025-03,thetanuts-finance,Thetanuts Finance,options,,1207.8226,2202669.86,1823.67
2025-04,thetanuts-finance,Thetanuts Finance,options,,1203.1532,2157229.54,1792.98
2025-05,thetanuts-finance,Thetanuts Finance,options,,1186.7903,2988207.41,2517.89
2025-06,thetanuts-finance,Thetanuts Finance,options,,1187.9471,2965377.21,2496.22
2025-07,thetanuts-finance,Thetanuts Finance,options,,253.8923,938050.7,3694.68
2025-08,thetanuts-finance,Thetanuts Finance,options,,246.9561,1086698.14,4400.37
2025-09,thetanuts-finance,Thetanuts Finance,options,,248.9066,1032178.3,4146.85
2025-10,thetanuts-finance,Thetanuts Finance,options,,250.5211,965682.8,3854.6968
2025-12,thetanuts-finance,Thetanuts Finance,options,,255.8511,760264.83,2971.5129
2026-01,thetanuts-finance,Thetanuts Finance,options,,117.0284,289032.05,2469.7591
2026-03,thetanuts-finance,Thetanuts Finance,options,,117.552,246866.7,2100.0636
2026-04,thetanuts-finance,Thetanuts Finance,options,,71.8703,162316.83,2258.4696
2026-05,thetanuts-finance,Thetanuts Finance,options,,71.6557,143996.55,2009.5608
2026-06,thetanuts-finance,Thetanuts Finance,options,,15.7452,24685.17,1567.7911
2026-07,thetanuts-finance,Thetanuts Finance,options,,0.0,0.0,1863.4753
2026-08,thetanuts-finance,Thetanuts Finance,options,,0.0,0.0,2470.6262
2026-09,thetanuts-finance,Thetanuts Finance,options,,3.5608,9533.08,2677.2247
2026-10-02,thetanuts-finance,Thetanuts Finance,options,,4.0142,10715.52,2669.3876
2024-10,thorchain-dex,THORChain DEX,farming,pools,9229.2293,23236430.52,2517.7
2024-11,thorchain-dex,THORChain DEX,farming,pools,8635.351,32158306.18,3724.03
2024-12,thorchain-dex,THORChain DEX,farming,pools,7769.4302,25866996.91,3329.33
2025-01,thorchain-dex,THORChain DEX,farming,pools,4682.2023,15446351.37,3298.95
2025-02,thorchain-dex,THORChain DEX,farming,pools,4247.7588,9454236.81,2225.7
2025-03,thorchain-dex,THORChain DEX,farming,pools,4587.5455,8366169.15,1823.67
2025-04,thorchain-dex,THORChain DEX,farming,pools,5039.3048,9035372.65,1792.98
2025-05,thorchain-dex,THORChain DEX,farming,pools,4747.3401,11953280.14,2517.89
2025-06,thorchain-dex,THORChain DEX,farming,pools,4242.142,10589319.64,2496.22
2025-07,thorchain-dex,THORChain DEX,farming,pools,3453.5639,12759813.29,3694.68
2025-08,thorchain-dex,THORChain DEX,farming,pools,2987.8307,13147560.47,4400.37
2025-09,thorchain-dex,THORChain DEX,farming,pools,3021.3626,12529137.39,4146.85
2025-10,thorchain-dex,THORChain DEX,farming,pools,2694.4717,10386371.42,3854.6968
2025-11,thorchain-dex,THORChain DEX,farming,pools,2638.3679,7880926.69,2987.0461
2025-12,thorchain-dex,THORChain DEX,farming,pools,2488.0489,7393269.32,2971.5129
2026-01,thorchain-dex,THORChain DEX,farming,pools,2512.8624,6206164.76,2469.7591
2026-02,thorchain-dex,THORChain DEX,farming,pools,2580.2774,5050287.98,1957.2655
2026-03,thorchain-dex,THORChain DEX,farming,pools,2524.9882,5302635.87,2100.0636
2026-04,thorchain-dex,THORChain DEX,farming,pools,2682.9287,6059312.9,2258.4696
2026-05,thorchain-dex,THORChain DEX,farming,pools,2895.6947,5819074.65,2009.5608
2026-06,thorchain-dex,THORChain DEX,farming,pools,1780.1744,2790941.54,1567.7911
2026-07,thorchain-dex,THORChain DEX,farming,pools,1742.2929,3246719.85,1863.4753
2026-08,thorchain-dex,THORChain DEX,farming,pools,1575.5882,3892689.43,2470.6262
2026-09,thorchain-dex,THORChain DEX,farming,pools,1973.1322,5282518.27,2677.2247
2026-10-02,thorchain-dex,THORChain DEX,farming,pools,1895.3303,5059371.15,2669.3876
2024-10,tranchess-yield,Tranchess Yield,fixed_yield,,30917.5557,77841129.91,2517.7
2024-11,tranchess-yield,Tranchess Yield,fixed_yield,,25309.893,94254800.81,3724.03
2024-12,tranchess-yield,Tranchess Yield,fixed_yield,,19970.1731,66487296.47,3329.33
2025-01,tranchess-yield,Tranchess Yield,fixed_yield,,1393.5601,4597285.01,3298.95
2025-02,tranchess-yield,Tranchess Yield,fixed_yield,,4460.6624,9928096.26,2225.7
2025-03,tranchess-yield,Tranchess Yield,fixed_yield,,3132.2131,5712122.97,1823.67
2025-04,tranchess-yield,Tranchess Yield,fixed_yield,,906.703,1625700.29,1792.98
2025-05,tranchess-yield,Tranchess Yield,fixed_yield,,696.8331,1754549.05,2517.89
2025-06,tranchess-yield,Tranchess Yield,fixed_yield,,582.0894,1453023.11,2496.22
2025-07,tranchess-yield,Tranchess Yield,fixed_yield,,424.2752,1567561.23,3694.68
2025-08,tranchess-yield,Tranchess Yield,fixed_yield,,382.8236,1684565.34,4400.37
2025-09,tranchess-yield,Tranchess Yield,fixed_yield,,351.9701,1459567.3,4146.85
2025-10,tranchess-yield,Tranchess Yield,fixed_yield,,335.8333,1294535.6,3854.6968
2025-11,tranchess-yield,Tranchess Yield,fixed_yield,,336.0967,1003936.21,2987.0461
2025-12,tranchess-yield,Tranchess Yield,fixed_yield,,300.9204,894188.95,2971.5129
2026-01,tranchess-yield,Tranchess Yield,fixed_yield,,289.0139,713794.78,2469.7591
2026-02,tranchess-yield,Tranchess Yield,fixed_yield,,290.1072,567816.89,1957.2655
2026-03,tranchess-yield,Tranchess Yield,fixed_yield,,283.0499,594422.84,2100.0636
2026-04,tranchess-yield,Tranchess Yield,fixed_yield,,269.3961,608422.97,2258.4696
2026-05,tranchess-yield,Tranchess Yield,fixed_yield,,268.437,539440.57,2009.5608
2026-06,tranchess-yield,Tranchess Yield,fixed_yield,,267.4576,419317.7,1567.7911
2026-07,tranchess-yield,Tranchess Yield,fixed_yield,,263.5606,491138.61,1863.4753
2026-08,tranchess-yield,Tranchess Yield,fixed_yield,,262.603,648793.84,2470.6262
2026-09,tranchess-yield,Tranchess Yield,fixed_yield,,262.5392,702876.47,2677.2247
2026-10-02,tranchess-yield,Tranchess Yield,fixed_yield,,262.2091,699937.69,2669.3876
2024-10,treehouse-protocol,Treehouse Protocol,loops,,49553.118,124759885.12,2517.7
2024-11,treehouse-protocol,Treehouse Protocol,loops,,63631.3013,236964874.88,3724.03
2024-12,treehouse-protocol,Treehouse Protocol,loops,,82415.4189,274388126.69,3329.33
2025-01,treehouse-protocol,Treehouse Protocol,loops,,84108.4916,277469708.5,3298.95
2025-02,treehouse-protocol,Treehouse Protocol,loops,,99173.8044,220731136.47,2225.7
2025-03,treehouse-protocol,Treehouse Protocol,loops,,107955.8944,196875925.9,1823.67
2025-04,treehouse-protocol,Treehouse Protocol,loops,,97989.3493,175692943.45,1792.98
2025-05,treehouse-protocol,Treehouse Protocol,loops,,111463.8276,280653656.81,2517.89
2025-06,treehouse-protocol,Treehouse Protocol,loops,,115063.4434,287223668.65,2496.22
2025-07,treehouse-protocol,Treehouse Protocol,loops,,101400.6597,374642989.44,3694.68
2025-08,treehouse-protocol,Treehouse Protocol,loops,,77165.9789,339558858.57,4400.37
2025-09,treehouse-protocol,Treehouse Protocol,loops,,74243.329,307875948.67,4146.85
2025-10,treehouse-protocol,Treehouse Protocol,loops,,73416.9196,282999963.5,3854.6968
2025-11,treehouse-protocol,Treehouse Protocol,loops,,86791.7864,259251071.3,2987.0461
2025-12,treehouse-protocol,Treehouse Protocol,loops,,71340.6846,211989762.18,2971.5129
2026-01,treehouse-protocol,Treehouse Protocol,loops,,78769.3812,194541396.02,2469.7591
2026-02,treehouse-protocol,Treehouse Protocol,loops,,52471.7618,102701170.92,1957.2655
2026-03,treehouse-protocol,Treehouse Protocol,loops,,44343.1712,93123479.41,2100.0636
2026-04,treehouse-protocol,Treehouse Protocol,loops,,16368.1895,36967058.52,2258.4696
2026-05,treehouse-protocol,Treehouse Protocol,loops,,9722.7087,19538374.29,2009.5608
2026-06,treehouse-protocol,Treehouse Protocol,loops,,17880.9616,28033612.14,1567.7911
2026-07,treehouse-protocol,Treehouse Protocol,loops,,17017.4017,31711508.34,1863.4753
2026-08,treehouse-protocol,Treehouse Protocol,loops,,17156.3265,42386869.78,2470.6262
2026-09,treehouse-protocol,Treehouse Protocol,loops,,17182.433,46001233.96,2677.2247
2026-10-02,treehouse-protocol,Treehouse Protocol,loops,,17873.0596,47710123.66,2669.3876
2024-12,trevee-earn,Trevee Earn,farming,vaults,190.3338,633683.99,3329.33
2025-01,trevee-earn,Trevee Earn,farming,vaults,1599.0367,5275142.18,3298.95
2025-02,trevee-earn,Trevee Earn,farming,vaults,17517.316,38988290.23,2225.7
2025-03,trevee-earn,Trevee Earn,farming,vaults,10055.4428,18337809.42,1823.67
2025-04,trevee-earn,Trevee Earn,farming,vaults,11547.7926,20704961.2,1792.98
2025-05,trevee-earn,Trevee Earn,farming,vaults,7460.7848,18785435.47,2517.89
2025-06,trevee-earn,Trevee Earn,farming,vaults,6511.4318,16253966.35,2496.22
2025-07,trevee-earn,Trevee Earn,farming,vaults,3892.2745,14380708.75,3694.68
2025-08,trevee-earn,Trevee Earn,farming,vaults,98.0075,431269.21,4400.37
2025-09,trevee-earn,Trevee Earn,farming,vaults,211.4113,876691.13,4146.85
2025-10,trevee-earn,Trevee Earn,farming,vaults,610.5452,2353466.48,3854.6968
2025-11,trevee-earn,Trevee Earn,farming,vaults,484.1776,1446260.9,2987.0461
2025-12,trevee-earn,Trevee Earn,farming,vaults,463.7405,1378010.8,2971.5129
2026-01,trevee-earn,Trevee Earn,farming,vaults,402.9367,995156.61,2469.7591
2026-02,trevee-earn,Trevee Earn,farming,vaults,493.5917,966089.99,1957.2655
2026-03,trevee-earn,Trevee Earn,farming,vaults,495.1252,1039794.45,2100.0636
2026-04,trevee-earn,Trevee Earn,farming,vaults,483.9926,1093082.52,2258.4696
2026-05,trevee-earn,Trevee Earn,farming,vaults,80.0702,160905.92,2009.5608
2026-06,trevee-earn,Trevee Earn,farming,vaults,78.8363,123598.8,1567.7911
2026-07,trevee-earn,Trevee Earn,farming,vaults,68.7066,128033.09,1863.4753
2026-08,trevee-earn,Trevee Earn,farming,vaults,67.4856,166731.62,2470.6262
2026-09,trevee-earn,Trevee Earn,farming,vaults,63.8695,170992.93,2677.2247
2026-10-02,trevee-earn,Trevee Earn,farming,vaults,63.7276,170113.74,2669.3876
2026-02,twyne,Twyne,lending,,7.7633,15194.91,1957.2655
2026-03,twyne,Twyne,lending,,3.4133,7168.05,2100.0636
2026-04,twyne,Twyne,lending,,2.264,5113.14,2258.4696
2026-05,twyne,Twyne,lending,,2.2431,4507.6,2009.5608
2026-06,twyne,Twyne,lending,,0.6818,1068.92,1567.7911
2026-07,twyne,Twyne,lending,,0.6993,1303.19,1863.4753
2026-08,twyne,Twyne,lending,,0.6749,1667.35,2470.6262
2026-09,twyne,Twyne,lending,,0.6782,1815.56,2677.2247
2026-10-02,twyne,Twyne,lending,,0.6766,1806.22,2669.3876
2025-10,tydro,Tydro,lending,,29973.3924,115538338.92,3854.6968
2025-11,tydro,Tydro,lending,,22767.5401,68007693.0,2987.0461
2025-12,tydro,Tydro,lending,,6603.2823,19621738.46,2971.5129
2026-01,tydro,Tydro,lending,,11771.5055,29072782.84,2469.7591
2026-02,tydro,Tydro,lending,,7393.0988,14470257.49,1957.2655
2026-03,tydro,Tydro,lending,,9869.5887,20726763.98,2100.0636
2026-04,tydro,Tydro,lending,,0,0.0,2258.4696
2026-05,tydro,Tydro,lending,,16871.8391,33904986.68,2009.5608
2026-06,tydro,Tydro,lending,,3458.0299,5421468.37,1567.7911
2026-07,tydro,Tydro,lending,,2041.4941,3804273.86,1863.4753
2026-08,tydro,Tydro,lending,,6662.6833,16460999.86,2470.6262
2026-09,tydro,Tydro,lending,,5275.1494,14122760.14,2677.2247
2026-10-02,tydro,Tydro,lending,,5233.6755,13970708.61,2669.3876
2024-10,umami-finance,Umami Finance,farming,vaults,1089.7006,2743539.3,2517.7
2024-11,umami-finance,Umami Finance,farming,vaults,1426.8543,5313648.3,3724.03
2024-12,umami-finance,Umami Finance,farming,vaults,1304.2335,4342223.6,3329.33
2025-01,umami-finance,Umami Finance,farming,vaults,838.1684,2765075.77,3298.95
2025-02,umami-finance,Umami Finance,farming,vaults,1088.6952,2423108.82,2225.7
2025-03,umami-finance,Umami Finance,farming,vaults,1012.6128,1846671.62,1823.67
2025-04,umami-finance,Umami Finance,farming,vaults,971.4813,1741846.62,1792.98
2025-05,umami-finance,Umami Finance,farming,vaults,416.1311,1047772.27,2517.89
2025-06,umami-finance,Umami Finance,farming,vaults,288.1131,719193.59,2496.22
2025-07,umami-finance,Umami Finance,farming,vaults,261.8359,967399.72,3694.68
2025-08,umami-finance,Umami Finance,farming,vaults,250.0432,1100282.48,4400.37
2025-09,umami-finance,Umami Finance,farming,vaults,210.3547,872309.26,4146.85
2025-10,umami-finance,Umami Finance,farming,vaults,47.4619,182951.38,3854.6968
2025-11,umami-finance,Umami Finance,farming,vaults,47.0502,140541.22,2987.0461
2025-12,umami-finance,Umami Finance,farming,vaults,47.1433,140086.98,2971.5129
2026-01,umami-finance,Umami Finance,farming,vaults,44.8895,110866.2,2469.7591
2026-02,umami-finance,Umami Finance,farming,vaults,43.2321,84616.74,1957.2655
2026-03,umami-finance,Umami Finance,farming,vaults,38.2947,80421.24,2100.0636
2026-04,umami-finance,Umami Finance,farming,vaults,37.0917,83770.48,2258.4696
2026-05,umami-finance,Umami Finance,farming,vaults,36.3103,72967.7,2009.5608
2026-06,umami-finance,Umami Finance,farming,vaults,35.7221,56004.85,1567.7911
2026-07,umami-finance,Umami Finance,farming,vaults,35.2831,65749.22,1863.4753
2026-08,umami-finance,Umami Finance,farming,vaults,35.2831,87171.26,2470.6262
2026-09,umami-finance,Umami Finance,farming,vaults,35.3533,94648.65,2677.2247
2026-10-02,umami-finance,Umami Finance,farming,vaults,35.4037,94506.32,2669.3876
2024-10,unipower,UniPower,farming,vaults,0.0,0.0,2517.7
2024-11,unipower,UniPower,farming,vaults,0.0,0.0,3724.03
2024-12,unipower,UniPower,farming,vaults,0.0,0.0,3329.33
2025-01,unipower,UniPower,farming,vaults,0.0,0.0,3298.95
2025-02,unipower,UniPower,farming,vaults,0.0,0.0,2225.7
2025-03,unipower,UniPower,farming,vaults,0.0,0.0,1823.67
2025-04,unipower,UniPower,farming,vaults,0.0,0.0,1792.98
2025-05,unipower,UniPower,farming,vaults,0.0,0.0,2517.89
2025-06,unipower,UniPower,farming,vaults,0.0,0.0,2496.22
2025-07,unipower,UniPower,farming,vaults,0.0,0.0,3694.68
2025-08,unipower,UniPower,farming,vaults,0.0,0.0,4400.37
2025-09,unipower,UniPower,farming,vaults,0.0,0.0,4146.85
2025-10,unipower,UniPower,farming,vaults,0.0,0.0,3854.6968
2025-11,unipower,UniPower,farming,vaults,0.0,0.0,2987.0461
2025-12,unipower,UniPower,farming,vaults,0.0,0.0,2971.5129
2026-01,unipower,UniPower,farming,vaults,0.0,0.0,2469.7591
2026-02,unipower,UniPower,farming,vaults,0.0,0.0,1957.2655
2026-03,unipower,UniPower,farming,vaults,0.0,0.0,2100.0636
2026-04,unipower,UniPower,farming,vaults,0.0,0.0,2258.4696
2026-05,unipower,UniPower,farming,vaults,0.0,0.0,2009.5608
2026-06,unipower,UniPower,farming,vaults,0.0,0.0,1567.7911
2026-07,unipower,UniPower,farming,vaults,0.0,0.0,1863.4753
2026-08,unipower,UniPower,farming,vaults,0.0,0.0,2470.6262
2026-09,unipower,UniPower,farming,vaults,0.0,0.0,2677.2247
2026-10-02,unipower,UniPower,farming,vaults,0.0,0.0,2669.3876
2024-10,uniswap-v2,Uniswap V2,farming,pools,27723.5088,69799478.09,2517.7
2024-11,uniswap-v2,Uniswap V2,farming,pools,31972.7858,119067613.43,3724.03
2024-12,uniswap-v2,Uniswap V2,farming,pools,40464.153,134718518.42,3329.33
2025-01,uniswap-v2,Uniswap V2,farming,pools,50099.7296,165276502.91,3298.95
2025-02,uniswap-v2,Uniswap V2,farming,pools,1732.0598,3855045.57,2225.7
2025-03,uniswap-v2,Uniswap V2,farming,pools,3402.305,6204681.6,1823.67
2025-04,uniswap-v2,Uniswap V2,farming,pools,4261.7061,7641153.8,1792.98
2025-05,uniswap-v2,Uniswap V2,farming,pools,2888.206,7272185.07,2517.89
2025-06,uniswap-v2,Uniswap V2,farming,pools,2701.885,6744499.35,2496.22
2025-07,uniswap-v2,Uniswap V2,farming,pools,2974.7119,10990608.61,3694.68
2025-08,uniswap-v2,Uniswap V2,farming,pools,2333.9107,10270070.43,4400.37
2025-09,uniswap-v2,Uniswap V2,farming,pools,2135.6767,8856330.76,4146.85
2025-10,uniswap-v2,Uniswap V2,farming,pools,1892.1399,7293625.45,3854.6968
2025-11,uniswap-v2,Uniswap V2,farming,pools,1876.556,5605359.49,2987.0461
2025-12,uniswap-v2,Uniswap V2,farming,pools,1812.9945,5387336.57,2971.5129
2026-01,uniswap-v2,Uniswap V2,farming,pools,2495.3445,6162899.75,2469.7591
2026-02,uniswap-v2,Uniswap V2,farming,pools,2905.3375,5686516.88,1957.2655
2026-03,uniswap-v2,Uniswap V2,farming,pools,1935.3791,4064419.14,2100.0636
2026-04,uniswap-v2,Uniswap V2,farming,pools,1936.9172,4374468.59,2258.4696
2026-05,uniswap-v2,Uniswap V2,farming,pools,2101.4186,4222928.54,2009.5608
2026-06,uniswap-v2,Uniswap V2,farming,pools,1955.5537,3065899.62,1567.7911
2026-07,uniswap-v2,Uniswap V2,farming,pools,7563.1118,14093672.29,1863.4753
2026-08,uniswap-v2,Uniswap V2,farming,pools,7060.28,17443312.68,2470.6262
2026-09,uniswap-v2,Uniswap V2,farming,pools,6497.3831,17394954.45,2677.2247
2026-10-02,uniswap-v2,Uniswap V2,farming,pools,6548.156,17479566.47,2669.3876
2024-10,unitus,Unitus,lending,,90.9353,228947.68,2517.7
2024-11,unitus,Unitus,lending,,92.9391,346107.93,3724.03
2024-12,unitus,Unitus,lending,,117.2123,390238.41,3329.33
2025-01,unitus,Unitus,lending,,89.1109,293972.27,3298.95
2025-02,unitus,Unitus,lending,,95.6805,212956.18,2225.7
2025-03,unitus,Unitus,lending,,91.3798,166646.53,1823.67
2025-04,unitus,Unitus,lending,,93.3244,167328.75,1792.98
2025-05,unitus,Unitus,lending,,74.2941,187064.25,2517.89
2025-06,unitus,Unitus,lending,,66.114,165035.17,2496.22
2025-07,unitus,Unitus,lending,,51.0552,188632.69,3694.68
2025-08,unitus,Unitus,lending,,41.1807,181210.53,4400.37
2025-09,unitus,Unitus,lending,,44.1647,183144.33,4146.85
2025-10,unitus,Unitus,lending,,42.5437,163993.11,3854.6968
2025-11,unitus,Unitus,lending,,43.6824,130481.41,2987.0461
2025-12,unitus,Unitus,lending,,44.363,131825.25,2971.5129
2026-01,unitus,Unitus,lending,,43.7868,108142.76,2469.7591
2026-02,unitus,Unitus,lending,,49.2012,96299.79,1957.2655
2026-03,unitus,Unitus,lending,,48.8708,102631.84,2100.0636
2026-04,unitus,Unitus,lending,,49.2857,111310.35,2258.4696
2026-05,unitus,Unitus,lending,,54.5134,109548.07,2009.5608
2026-06,unitus,Unitus,lending,,38.27,59999.41,1567.7911
2026-07,unitus,Unitus,lending,,37.6387,70138.74,1863.4753
2026-08,unitus,Unitus,lending,,36.8555,91056.09,2470.6262
2026-09,unitus,Unitus,lending,,35.4734,94970.17,2677.2247
2026-10-02,unitus,Unitus,lending,,35.3749,94429.23,2669.3876
2026-07,up-v3,up v3,farming,pools,101.4064,188968.31,1863.4753
2026-08,up-v3,up v3,farming,pools,1296.5119,3203196.16,2470.6262
2026-09,up-v3,up v3,farming,pools,674.9953,1807114.18,2677.2247
2026-10-02,up-v3,up v3,farming,pools,605.5236,1616377.3,2669.3876
2024-12,upshift,Upshift ETH vaults,farming,vaults,0.0,0.0,3329.33
2025-01,upshift,Upshift ETH vaults,farming,vaults,0.0,0.0,3298.95
2025-02,upshift,Upshift ETH vaults,farming,vaults,0.0,0.0,2225.7
2025-03,upshift,Upshift ETH vaults,farming,vaults,57791.2171,105392108.9,1823.67
2025-04,upshift,Upshift ETH vaults,farming,vaults,52934.1207,94909819.75,1792.98
2025-05,upshift,Upshift ETH vaults,farming,vaults,48906.2348,123140519.51,2517.89
2025-06,upshift,Upshift ETH vaults,farming,vaults,56315.5837,140576086.23,2496.22
2025-07,upshift,Upshift ETH vaults,farming,vaults,48043.656,177505934.8,3694.68
2025-08,upshift,Upshift ETH vaults,farming,vaults,41102.2071,180864919.11,4400.37
2025-09,upshift,Upshift ETH vaults,farming,vaults,51237.727,212475168.34,4146.85
2025-10,upshift,Upshift ETH vaults,farming,vaults,41173.4981,158711350.42,3854.6968
2025-11,upshift,Upshift ETH vaults,farming,vaults,35137.1826,104956385.99,2987.0461
2025-12,upshift,Upshift ETH vaults,farming,vaults,30305.408,90052909.76,2971.5129
2026-01,upshift,Upshift ETH vaults,farming,vaults,30916.4065,76356076.38,2469.7591
2026-02,upshift,Upshift ETH vaults,farming,vaults,30310.8094,59326302.57,1957.2655
2026-03,upshift,Upshift ETH vaults,farming,vaults,30317.4442,63668560.8,2100.0636
2026-04,upshift,Upshift ETH vaults,farming,vaults,30078.2208,67930747.7,2258.4696
2026-05,upshift,Upshift ETH vaults,farming,vaults,31995.0519,64296002.37,2009.5608
2026-06,upshift,Upshift ETH vaults,farming,vaults,22757.8613,35679571.91,1567.7911
2026-07,upshift,Upshift ETH vaults,farming,vaults,17622.8096,32839671.13,1863.4753
2026-08,upshift,Upshift ETH vaults,farming,vaults,16981.7791,41955628.29,2470.6262
2026-09,upshift,Upshift ETH vaults,farming,vaults,15665.9516,41941272.34,2677.2247
2026-10-02,upshift,Upshift ETH vaults,farming,vaults,11888.7887,31735785.24,2669.3876
2024-10,vaultcraft,VaultCraft,farming,vaults,995.4635,2506278.48,2517.7
2024-11,vaultcraft,VaultCraft,farming,vaults,122.1645,454944.1,3724.03
2024-12,vaultcraft,VaultCraft,farming,vaults,4270.017,14216295.57,3329.33
2025-01,vaultcraft,VaultCraft,farming,vaults,53.922,177885.86,3298.95
2025-02,vaultcraft,VaultCraft,farming,vaults,3963.989,8822650.41,2225.7
2025-03,vaultcraft,VaultCraft,farming,vaults,3962.3103,7225946.43,1823.67
2025-04,vaultcraft,VaultCraft,farming,vaults,3967.4973,7113643.38,1792.98
2025-05,vaultcraft,VaultCraft,farming,vaults,25.1302,63275.13,2517.89
2025-06,vaultcraft,VaultCraft,farming,vaults,20.4557,51062.01,2496.22
2025-07,vaultcraft,VaultCraft,farming,vaults,19.252,71129.9,3694.68
2025-08,vaultcraft,VaultCraft,farming,vaults,16.3616,71997.21,4400.37
2025-09,vaultcraft,VaultCraft,farming,vaults,11.3612,47113.05,4146.85
2025-10,vaultcraft,VaultCraft,farming,vaults,7.4592,28752.82,3854.6968
2025-11,vaultcraft,VaultCraft,farming,vaults,7.3847,22058.53,2987.0461
2025-12,vaultcraft,VaultCraft,farming,vaults,7.5126,22323.82,2971.5129
2026-01,vaultcraft,VaultCraft,farming,vaults,7.4075,18294.77,2469.7591
2026-02,vaultcraft,VaultCraft,farming,vaults,7.4805,14641.27,1957.2655
2026-03,vaultcraft,VaultCraft,farming,vaults,7.4984,15747.11,2100.0636
2026-04,vaultcraft,VaultCraft,farming,vaults,7.3216,16535.58,2258.4696
2026-05,vaultcraft,VaultCraft,farming,vaults,7.5307,15133.36,2009.5608
2026-06,vaultcraft,VaultCraft,farming,vaults,7.5229,11794.3,1567.7911
2026-07,vaultcraft,VaultCraft,farming,vaults,7.1999,13416.88,1863.4753
2026-08,vaultcraft,VaultCraft,farming,vaults,7.1411,17642.92,2470.6262
2026-09,vaultcraft,VaultCraft,farming,vaults,7.1721,19201.24,2677.2247
2026-10-02,vaultcraft,VaultCraft,farming,vaults,7.1515,19090.15,2669.3876
2024-10,veda,Veda: other ETH vaults,farming,vaults,329984.0036,830800725.98,2517.7
2024-11,veda,Veda: other ETH vaults,farming,vaults,253855.0602,945363859.98,3724.03
2024-12,veda,Veda: other ETH vaults,farming,vaults,256727.447,854730391.23,3329.33
2025-01,veda,Veda: other ETH vaults,farming,vaults,225931.963,745338249.28,3298.95
2025-02,veda,Veda: other ETH vaults,farming,vaults,384303.2268,855343691.95,2225.7
2025-03,veda,Veda: other ETH vaults,farming,vaults,373400.8959,680960011.87,1823.67
2025-04,veda,Veda: other ETH vaults,farming,vaults,374536.8476,671537077.03,1792.98
2025-05,veda,Veda: other ETH vaults,farming,vaults,347530.4103,875043344.68,2517.89
2025-06,veda,Veda: other ETH vaults,farming,vaults,332939.3201,831089789.57,2496.22
2025-07,veda,Veda: other ETH vaults,farming,vaults,276874.4539,1022962507.25,3694.68
2025-08,veda,Veda: other ETH vaults,farming,vaults,83708.7262,368349367.41,4400.37
2025-09,veda,Veda: other ETH vaults,farming,vaults,101442.6923,420667628.75,4146.85
2025-10,veda,Veda: other ETH vaults,farming,vaults,279152.0875,1076046651.96,3854.6968
2025-11,veda,Veda: other ETH vaults,farming,vaults,222302.5982,664028119.92,2987.0461
2025-12,veda,Veda: other ETH vaults,farming,vaults,237848.2002,706768987.53,2971.5129
2026-01,veda,Veda: other ETH vaults,farming,vaults,262186.2803,647536952.0,2469.7591
2026-02,veda,Veda: other ETH vaults,farming,vaults,201198.6375,393799158.64,1957.2655
2026-03,veda,Veda: other ETH vaults,farming,vaults,221304.6203,464753775.59,2100.0636
2026-04,veda,Veda: other ETH vaults,farming,vaults,156984.3912,354544476.76,2258.4696
2026-05,veda,Veda: other ETH vaults,farming,vaults,125756.295,252714921.65,2009.5608
2026-06,veda,Veda: other ETH vaults,farming,vaults,12926.2287,20265626.13,1567.7911
2026-07,veda,Veda: other ETH vaults,farming,vaults,11681.3739,21767952.08,1863.4753
2026-08,veda,Veda: other ETH vaults,farming,vaults,10950.1053,27053617.04,2470.6262
2026-09,veda,Veda: other ETH vaults,farming,vaults,10428.3094,27918927.29,2677.2247
2026-10-02,veda,Veda: other ETH vaults,farming,vaults,9963.6881,26596945.6,2669.3876
2024-10,velodrome-v2,Velodrome V2,farming,pools,7439.85,18731310.31,2517.7
2024-11,velodrome-v2,Velodrome V2,farming,pools,6294.8481,23442203.31,3724.03
2024-12,velodrome-v2,Velodrome V2,farming,pools,6049.502,20140788.4,3329.33
2025-01,velodrome-v2,Velodrome V2,farming,pools,5358.3122,17676804.04,3298.95
2025-02,velodrome-v2,Velodrome V2,farming,pools,4462.4517,9932078.65,2225.7
2025-03,velodrome-v2,Velodrome V2,farming,pools,5668.7457,10337921.54,1823.67
2025-04,velodrome-v2,Velodrome V2,farming,pools,5207.9268,9337708.56,1792.98
2025-05,velodrome-v2,Velodrome V2,farming,pools,4649.1833,11706132.17,2517.89
2025-06,velodrome-v2,Velodrome V2,farming,pools,3922.8125,9792202.95,2496.22
2025-07,velodrome-v2,Velodrome V2,farming,pools,3244.6171,11987821.82,3694.68
2025-08,velodrome-v2,Velodrome V2,farming,pools,2596.4485,11425334.04,4400.37
2025-09,velodrome-v2,Velodrome V2,farming,pools,2599.5235,10779834.16,4146.85
2025-10,velodrome-v2,Velodrome V2,farming,pools,2238.8257,8629994.29,3854.6968
2025-11,velodrome-v2,Velodrome V2,farming,pools,2174.4141,6495075.22,2987.0461
2025-12,velodrome-v2,Velodrome V2,farming,pools,1969.3428,5851927.56,2971.5129
2026-01,velodrome-v2,Velodrome V2,farming,pools,1927.4722,4760392.06,2469.7591
2026-02,velodrome-v2,Velodrome V2,farming,pools,1995.6533,3906023.38,1957.2655
2026-03,velodrome-v2,Velodrome V2,farming,pools,1984.4453,4167461.25,2100.0636
2026-04,velodrome-v2,Velodrome V2,farming,pools,2170.0266,4900939.23,2258.4696
2026-05,velodrome-v2,Velodrome V2,farming,pools,1866.5566,3750958.94,2009.5608
2026-06,velodrome-v2,Velodrome V2,farming,pools,1982.3186,3107861.37,1567.7911
2026-07,velodrome-v2,Velodrome V2,farming,pools,1573.3097,2931823.87,1863.4753
2026-08,velodrome-v2,Velodrome V2,farming,pools,1434.3949,3543853.7,2470.6262
2026-09,velodrome-v2,Velodrome V2,farming,pools,1496.8301,4007350.61,2677.2247
2026-10-02,velodrome-v2,Velodrome V2,farming,pools,1512.9727,4038710.56,2669.3876
2024-10,velodrome-v3,Velodrome V3,farming,pools,27.8585,70139.37,2517.7
2024-11,velodrome-v3,Velodrome V3,farming,pools,5.1985,19359.24,3724.03
2024-12,velodrome-v3,Velodrome V3,farming,pools,182.549,607765.77,3329.33
2025-01,velodrome-v3,Velodrome V3,farming,pools,295.5142,974886.7,3298.95
2025-02,velodrome-v3,Velodrome V3,farming,pools,1620.654,3607089.5,2225.7
2025-03,velodrome-v3,Velodrome V3,farming,pools,5365.4285,9784770.97,1823.67
2025-04,velodrome-v3,Velodrome V3,farming,pools,6697.3494,12008213.61,1792.98
2025-05,velodrome-v3,Velodrome V3,farming,pools,7820.0315,19689978.99,2517.89
2025-06,velodrome-v3,Velodrome V3,farming,pools,8590.6261,21444092.63,2496.22
2025-07,velodrome-v3,Velodrome V3,farming,pools,2597.4608,9596786.38,3694.68
2025-08,velodrome-v3,Velodrome V3,farming,pools,2097.6836,9230583.86,4400.37
2025-09,velodrome-v3,Velodrome V3,farming,pools,2719.8364,11278753.74,4146.85
2025-10,velodrome-v3,Velodrome V3,farming,pools,2777.1311,10704998.23,3854.6968
2025-11,velodrome-v3,Velodrome V3,farming,pools,3786.9315,11311739.15,2987.0461
2025-12,velodrome-v3,Velodrome V3,farming,pools,4078.3781,12118953.15,2971.5129
2026-01,velodrome-v3,Velodrome V3,farming,pools,3030.4216,7484411.22,2469.7591
2026-02,velodrome-v3,Velodrome V3,farming,pools,2991.1093,5854395.17,1957.2655
2026-03,velodrome-v3,Velodrome V3,farming,pools,3194.3674,6708374.67,2100.0636
2026-04,velodrome-v3,Velodrome V3,farming,pools,3486.804,7874840.86,2258.4696
2026-05,velodrome-v3,Velodrome V3,farming,pools,3396.5234,6825520.36,2009.5608
2026-06,velodrome-v3,Velodrome V3,farming,pools,3340.6339,5237416.02,1567.7911
2026-07,velodrome-v3,Velodrome V3,farming,pools,2423.474,4516083.98,1863.4753
2026-08,velodrome-v3,Velodrome V3,farming,pools,2148.513,5308172.62,2470.6262
2026-09,velodrome-v3,Velodrome V3,farming,pools,1823.7174,4882501.29,2677.2247
2026-10-02,velodrome-v3,Velodrome V3,farming,pools,1752.518,4678149.88,2669.3876
2024-10,veno-finance,Veno Finance,staking,,3114.1888,7840593.04,2517.7
2024-11,veno-finance,Veno Finance,staking,,3143.1117,11705042.15,3724.03
2024-12,veno-finance,Veno Finance,staking,,2587.7259,8615393.4,3329.33
2025-01,veno-finance,Veno Finance,staking,,2152.1691,7099898.09,3298.95
2025-02,veno-finance,Veno Finance,staking,,1909.4336,4249826.39,2225.7
2025-03,veno-finance,Veno Finance,staking,,1596.2933,2911112.24,1823.67
2025-04,veno-finance,Veno Finance,staking,,1500.7034,2690731.26,1792.98
2025-05,veno-finance,Veno Finance,staking,,1313.4564,3307138.79,2517.89
2025-06,veno-finance,Veno Finance,staking,,1260.6795,3146933.37,2496.22
2025-07,veno-finance,Veno Finance,staking,,1103.5488,4077259.55,3694.68
2025-08,veno-finance,Veno Finance,staking,,874.5452,3848322.44,4400.37
2025-09,veno-finance,Veno Finance,staking,,883.2106,3662541.69,4146.85
2025-10,veno-finance,Veno Finance,staking,,923.659,3560425.19,3854.6968
2025-11,veno-finance,Veno Finance,staking,,929.6479,2776901.32,2987.0461
2025-12,veno-finance,Veno Finance,staking,,924.6939,2747739.7,2971.5129
2026-01,veno-finance,Veno Finance,staking,,924.7826,2283990.21,2469.7591
2026-02,veno-finance,Veno Finance,staking,,923.6657,1807859.04,1957.2655
2026-03,veno-finance,Veno Finance,staking,,901.6011,1893419.59,2100.0636
2026-04,veno-finance,Veno Finance,staking,,889.8093,2009607.15,2258.4696
2026-05,veno-finance,Veno Finance,staking,,869.9823,1748282.38,2009.5608
2026-06,veno-finance,Veno Finance,staking,,811.2247,1271830.81,1567.7911
2026-07,veno-finance,Veno Finance,staking,,676.2985,1260265.61,1863.4753
2026-08,veno-finance,Veno Finance,staking,,654.472,1616955.61,2470.6262
2026-09,veno-finance,Veno Finance,staking,,651.8273,1745088.2,2677.2247
2026-10-02,veno-finance,Veno Finance,staking,,649.5726,1733961.13,2669.3876
2024-10,venus-core-pool,Venus Core Pool,lending,,22919.3802,57704123.43,2517.7
2024-11,venus-core-pool,Venus Core Pool,lending,,27327.9748,101770197.98,3724.03
2024-12,venus-core-pool,Venus Core Pool,lending,,31055.0622,103392550.23,3329.33
2025-01,venus-core-pool,Venus Core Pool,lending,,31919.2597,105300041.68,3298.95
2025-02,venus-core-pool,Venus Core Pool,lending,,15363.8696,34195364.61,2225.7
2025-03,venus-core-pool,Venus Core Pool,lending,,29433.9741,53677855.62,1823.67
2025-04,venus-core-pool,Venus Core Pool,lending,,15908.7106,28523999.98,1792.98
2025-05,venus-core-pool,Venus Core Pool,lending,,23193.3083,58398198.95,2517.89
2025-06,venus-core-pool,Venus Core Pool,lending,,21489.8889,53643490.55,2496.22
2025-07,venus-core-pool,Venus Core Pool,lending,,19653.566,72613637.22,3694.68
2025-08,venus-core-pool,Venus Core Pool,lending,,22017.102,96883395.29,4400.37
2025-09,venus-core-pool,Venus Core Pool,lending,,12355.1296,51234869.31,4146.85
2025-10,venus-core-pool,Venus Core Pool,lending,,18657.2242,71917941.93,3854.6968
2025-11,venus-core-pool,Venus Core Pool,lending,,7657.6084,22873629.66,2987.0461
2025-12,venus-core-pool,Venus Core Pool,lending,,10162.1392,30196927.38,2971.5129
2026-01,venus-core-pool,Venus Core Pool,lending,,13717.9881,33880125.85,2469.7591
2026-02,venus-core-pool,Venus Core Pool,lending,,9644.784,18877403.38,1957.2655
2026-03,venus-core-pool,Venus Core Pool,lending,,8195.9544,17212025.39,2100.0636
2026-04,venus-core-pool,Venus Core Pool,lending,,2740.5678,6189489.15,2258.4696
2026-05,venus-core-pool,Venus Core Pool,lending,,10651.087,21404006.92,2009.5608
2026-06,venus-core-pool,Venus Core Pool,lending,,12135.9944,19026703.8,1567.7911
2026-07,venus-core-pool,Venus Core Pool,lending,,8780.2041,16361693.87,1863.4753
2026-08,venus-core-pool,Venus Core Pool,lending,,12145.7362,30007574.04,2470.6262
2026-09,venus-core-pool,Venus Core Pool,lending,,5603.4216,15001618.71,2677.2247
2026-10-02,venus-core-pool,Venus Core Pool,lending,,7327.473,19559865.53,2669.3876
2024-10,vesper,Vesper pools (other than vaETH),farming,vaults,2896.7916,7293252.27,2517.7
2024-11,vesper,Vesper pools (other than vaETH),farming,vaults,3091.1017,11511355.39,3724.03
2024-12,vesper,Vesper pools (other than vaETH),farming,vaults,3118.9842,10384127.52,3329.33
2025-01,vesper,Vesper pools (other than vaETH),farming,vaults,2057.9964,6789227.2,3298.95
2025-02,vesper,Vesper pools (other than vaETH),farming,vaults,2074.8875,4618077.06,2225.7
2025-03,vesper,Vesper pools (other than vaETH),farming,vaults,1912.7627,3488247.9,1823.67
2025-04,vesper,Vesper pools (other than vaETH),farming,vaults,1895.9535,3399406.68,1792.98
2025-05,vesper,Vesper pools (other than vaETH),farming,vaults,1891.6188,4762887.99,2517.89
2025-06,vesper,Vesper pools (other than vaETH),farming,vaults,1887.1054,4710630.35,2496.22
2025-07,vesper,Vesper pools (other than vaETH),farming,vaults,1916.6757,7081503.52,3694.68
2025-08,vesper,Vesper pools (other than vaETH),farming,vaults,1841.2327,8102105.06,4400.37
2025-09,vesper,Vesper pools (other than vaETH),farming,vaults,1873.8034,7770381.81,4146.85
2025-10,vesper,Vesper pools (other than vaETH),farming,vaults,1856.8839,7157724.55,3854.6968
2025-11,vesper,Vesper pools (other than vaETH),farming,vaults,1931.498,5769473.54,2987.0461
2025-12,vesper,Vesper pools (other than vaETH),farming,vaults,1929.7113,5734161.91,2971.5129
2026-01,vesper,Vesper pools (other than vaETH),farming,vaults,2647.447,6538556.26,2469.7591
2026-02,vesper,Vesper pools (other than vaETH),farming,vaults,2601.6986,5092214.93,1957.2655
2026-03,vesper,Vesper pools (other than vaETH),farming,vaults,2582.9943,5424452.37,2100.0636
2026-04,vesper,Vesper pools (other than vaETH),farming,vaults,2572.1254,5809067.07,2258.4696
2026-05,vesper,Vesper pools (other than vaETH),farming,vaults,2488.1365,5000061.61,2009.5608
2026-06,vesper,Vesper pools (other than vaETH),farming,vaults,2472.9386,3877051.03,1567.7911
2026-07,vesper,Vesper pools (other than vaETH),farming,vaults,5349.6263,9968896.62,1863.4753
2026-08,vesper,Vesper pools (other than vaETH),farming,vaults,7733.7519,19107209.98,2470.6262
2026-09,vesper,Vesper pools (other than vaETH),farming,vaults,7704.2544,20626020.05,2677.2247
2026-10-02,vesper,Vesper pools (other than vaETH),farming,vaults,7673.1411,20482587.85,2669.3876
2024-10,vesu,Vesu,lending,,3719.9617,9365747.51,2517.7
2024-11,vesu,Vesu,lending,,3147.9478,11723052.0,3724.03
2024-12,vesu,Vesu,lending,,4581.2524,15252500.9,3329.33
2025-01,vesu,Vesu,lending,,4250.7288,14022941.64,3298.95
2025-02,vesu,Vesu,lending,,1784.7778,3972379.99,2225.7
2025-03,vesu,Vesu,lending,,1214.4416,2214740.64,1823.67
2025-04,vesu,Vesu,lending,,1598.9294,2866848.41,1792.98
2025-05,vesu,Vesu,lending,,1721.3714,4334223.9,2517.89
2025-06,vesu,Vesu,lending,,1140.9533,2848070.46,2496.22
2025-07,vesu,Vesu,lending,,1037.9755,3834987.25,3694.68
2025-08,vesu,Vesu,lending,,1110.6025,4887062.06,4400.37
2025-09,vesu,Vesu,lending,,1512.1459,6270642.25,4146.85
2025-10,vesu,Vesu,lending,,1674.5937,6455051.09,3854.6968
2025-11,vesu,Vesu,lending,,1668.427,4983668.57,2987.0461
2025-12,vesu,Vesu,lending,,1657.7445,4926009.24,2971.5129
2026-01,vesu,Vesu,lending,,482.2568,1191058.06,2469.7591
2026-02,vesu,Vesu,lending,,363.7431,711941.83,1957.2655
2026-03,vesu,Vesu,lending,,366.2737,769198.02,2100.0636
2026-04,vesu,Vesu,lending,,265.3463,599276.63,2258.4696
2026-05,vesu,Vesu,lending,,235.5123,473276.3,2009.5608
2026-06,vesu,Vesu,lending,,279.3589,437976.34,1567.7911
2026-07,vesu,Vesu,lending,,192.8657,359400.41,1863.4753
2026-08,vesu,Vesu,lending,,142.9054,353065.76,2470.6262
2026-09,vesu,Vesu,lending,,151.867,406582.1,2677.2247
2026-10-02,vesu,Vesu,lending,,140.3844,374740.43,2669.3876
2024-10,vires-finance,Vires Finance,lending,,365.8375,921069.12,2517.7
2024-11,vires-finance,Vires Finance,lending,,360.5884,1342841.93,3724.03
2024-12,vires-finance,Vires Finance,lending,,358.4411,1193368.79,3329.33
2025-01,vires-finance,Vires Finance,lending,,361.1376,1191374.83,3298.95
2025-02,vires-finance,Vires Finance,lending,,359.8417,800899.77,2225.7
2025-03,vires-finance,Vires Finance,lending,,359.4431,655505.53,1823.67
2025-04,vires-finance,Vires Finance,lending,,360.2784,645972.0,1792.98
2025-05,vires-finance,Vires Finance,lending,,353.2176,889363.01,2517.89
2025-06,vires-finance,Vires Finance,lending,,353.8272,883230.41,2496.22
2025-07,vires-finance,Vires Finance,lending,,361.3665,1335133.53,3694.68
2025-08,vires-finance,Vires Finance,lending,,365.7445,1609411.2,4400.37
2025-09,vires-finance,Vires Finance,lending,,359.9504,1492660.38,4146.85
2025-10,vires-finance,Vires Finance,lending,,359.4206,1385457.37,3854.6968
2025-11,vires-finance,Vires Finance,lending,,352.4058,1052652.33,2987.0461
2025-12,vires-finance,Vires Finance,lending,,358.0302,1063891.35,2971.5129
2026-01,vires-finance,Vires Finance,lending,,355.4895,877973.39,2469.7591
2026-02,vires-finance,Vires Finance,lending,,356.7227,698200.97,1957.2655
2026-03,vires-finance,Vires Finance,lending,,358.5643,753007.78,2100.0636
2026-04,vires-finance,Vires Finance,lending,,357.5368,807486.01,2258.4696
2026-05,vires-finance,Vires Finance,lending,,356.2706,715947.41,2009.5608
2026-06,vires-finance,Vires Finance,lending,,356.9067,559555.06,1567.7911
2026-07,vires-finance,Vires Finance,lending,,362.1489,674855.48,1863.4753
2026-08,vires-finance,Vires Finance,lending,,356.7526,881402.35,2470.6262
2026-09,vires-finance,Vires Finance,lending,,357.2434,956420.72,2677.2247
2026-10-02,vires-finance,Vires Finance,lending,,356.8293,952515.58,2669.3876
2024-10,vvs-standard,VVS Standard,farming,pools,0,0.0,2517.7
2024-11,vvs-standard,VVS Standard,farming,pools,0,0.0,3724.03
2024-12,vvs-standard,VVS Standard,farming,pools,0,0.0,3329.33
2025-01,vvs-standard,VVS Standard,farming,pools,0,0.0,3298.95
2025-02,vvs-standard,VVS Standard,farming,pools,0,0.0,2225.7
2025-03,vvs-standard,VVS Standard,farming,pools,0,0.0,1823.67
2025-04,vvs-standard,VVS Standard,farming,pools,0,0.0,1792.98
2025-05,vvs-standard,VVS Standard,farming,pools,0,0.0,2517.89
2025-06,vvs-standard,VVS Standard,farming,pools,0,0.0,2496.22
2025-07,vvs-standard,VVS Standard,farming,pools,0,0.0,3694.68
2025-08,vvs-standard,VVS Standard,farming,pools,0,0.0,4400.37
2025-09,vvs-standard,VVS Standard,farming,pools,26.7592,110966.28,4146.85
2025-10,vvs-standard,VVS Standard,farming,pools,26.6929,102893.16,3854.6968
2025-11,vvs-standard,VVS Standard,farming,pools,26.6001,79455.81,2987.0461
2025-12,vvs-standard,VVS Standard,farming,pools,26.5149,78789.28,2971.5129
2026-01,vvs-standard,VVS Standard,farming,pools,26.3693,65125.93,2469.7591
2026-02,vvs-standard,VVS Standard,farming,pools,26.2805,51437.89,1957.2655
2026-03,vvs-standard,VVS Standard,farming,pools,26.5134,55679.83,2100.0636
2026-04,vvs-standard,VVS Standard,farming,pools,35.0023,79051.54,2258.4696
2026-05,vvs-standard,VVS Standard,farming,pools,26.3484,52948.72,2009.5608
2026-06,vvs-standard,VVS Standard,farming,pools,26.2885,41214.83,1567.7911
2026-07,vvs-standard,VVS Standard,farming,pools,38.2737,71322.03,1863.4753
2026-08,vvs-standard,VVS Standard,farming,pools,218.8573,540714.6,2470.6262
2026-09,vvs-standard,VVS Standard,farming,pools,3723.9775,9969924.6,2677.2247
2026-10-02,vvs-standard,VVS Standard,farming,pools,3725.9662,9946047.92,2669.3876
2024-10,wildcat-protocol,Wildcat Protocol,credit,,1843.6365,4641723.51,2517.7
2024-11,wildcat-protocol,Wildcat Protocol,credit,,1849.6906,6888303.46,3724.03
2024-12,wildcat-protocol,Wildcat Protocol,credit,,1855.9754,6179154.58,3329.33
2025-01,wildcat-protocol,Wildcat Protocol,credit,,1659.6833,5475212.3,3298.95
2025-02,wildcat-protocol,Wildcat Protocol,credit,,1676.1894,3730694.82,2225.7
2025-03,wildcat-protocol,Wildcat Protocol,credit,,2158.2047,3935853.13,1823.67
2025-04,wildcat-protocol,Wildcat Protocol,credit,,1721.725,3087018.48,1792.98
2025-05,wildcat-protocol,Wildcat Protocol,credit,,1728.7241,4352737.02,2517.89
2025-06,wildcat-protocol,Wildcat Protocol,credit,,1877.1967,4685896.01,2496.22
2025-07,wildcat-protocol,Wildcat Protocol,credit,,2211.1744,8169581.9,3694.68
2025-08,wildcat-protocol,Wildcat Protocol,credit,,2051.5487,9027573.42,4400.37
2025-09,wildcat-protocol,Wildcat Protocol,credit,,445.2386,1846337.58,4146.85
2025-10,wildcat-protocol,Wildcat Protocol,credit,,422.1465,1627246.58,3854.6968
2025-11,wildcat-protocol,Wildcat Protocol,credit,,367.1872,1096805.06,2987.0461
2025-12,wildcat-protocol,Wildcat Protocol,credit,,425.1479,1263332.43,2971.5129
2026-01,wildcat-protocol,Wildcat Protocol,credit,,647.9342,1600241.27,2469.7591
2026-02,wildcat-protocol,Wildcat Protocol,credit,,614.4149,1202573.2,1957.2655
2026-03,wildcat-protocol,Wildcat Protocol,credit,,626.8747,1316476.71,2100.0636
2026-04,wildcat-protocol,Wildcat Protocol,credit,,670.1615,1513539.38,2258.4696
2026-05,wildcat-protocol,Wildcat Protocol,credit,,1728.501,3473527.84,2009.5608
2026-06,wildcat-protocol,Wildcat Protocol,credit,,2799.5002,4389031.39,1567.7911
2026-07,wildcat-protocol,Wildcat Protocol,credit,,2717.6749,5064320.1,1863.4753
2026-08,wildcat-protocol,Wildcat Protocol,credit,,1792.3406,4428203.76,2470.6262
2026-09,wildcat-protocol,Wildcat Protocol,credit,,1924.7481,5152983.07,2677.2247
2026-10-02,wildcat-protocol,Wildcat Protocol,credit,,1927.4977,5145238.43,2669.3876
2024-10,yearn-finance,Yearn Finance,lending,,22846.779,57521335.6,2517.7
2024-11,yearn-finance,Yearn Finance,lending,,22383.0781,83355254.32,3724.03
2024-12,yearn-finance,Yearn Finance,lending,,22867.8097,76134484.75,3329.33
2025-01,yearn-finance,Yearn Finance,lending,,21922.6827,72321834.24,3298.95
2025-02,yearn-finance,Yearn Finance,lending,,21551.4638,47967092.98,2225.7
2025-03,yearn-finance,Yearn Finance,lending,,26820.7129,48912129.53,1823.67
2025-04,yearn-finance,Yearn Finance,lending,,20224.0566,36261329.01,1792.98
2025-05,yearn-finance,Yearn Finance,lending,,21950.9377,55270046.53,2517.89
2025-06,yearn-finance,Yearn Finance,lending,,21328.7407,53241229.2,2496.22
2025-07,yearn-finance,Yearn Finance,lending,,18311.3437,67654555.33,3694.68
2025-08,yearn-finance,Yearn Finance,lending,,16650.2299,73267172.09,4400.37
2025-09,yearn-finance,Yearn Finance,lending,,17105.1391,70932446.1,4146.85
2025-10,yearn-finance,Yearn Finance,lending,,16172.4375,62339842.88,3854.6968
2025-11,yearn-finance,Yearn Finance,lending,,13660.8684,40805644.27,2987.0461
2025-12,yearn-finance,Yearn Finance,lending,,14369.0545,42697830.49,2971.5129
2026-01,yearn-finance,Yearn Finance,lending,,15206.7305,37556961.17,2469.7591
2026-02,yearn-finance,Yearn Finance,lending,,14879.3899,29122916.99,1957.2655
2026-03,yearn-finance,Yearn Finance,lending,,16878.8321,35446620.69,2100.0636
2026-04,yearn-finance,Yearn Finance,lending,,8684.8051,19614368.42,2258.4696
2026-05,yearn-finance,Yearn Finance,lending,,8392.6671,16865574.79,2009.5608
2026-06,yearn-finance,Yearn Finance,lending,,8120.0464,12730536.31,1567.7911
2026-07,yearn-finance,Yearn Finance,lending,,12874.4469,23991214.32,1863.4753
2026-08,yearn-finance,Yearn Finance,lending,,12769.4084,31548435.03,2470.6262
2026-09,yearn-finance,Yearn Finance,lending,,13165.727,35247609.3,2677.2247
2026-10-02,yearn-finance,Yearn Finance,lending,,13102.0086,34974339.37,2669.3876
2024-10,yeilend,YeiLend,lending,,81.2831,204646.37,2517.7
2024-11,yeilend,YeiLend,lending,,144.7937,539216.17,3724.03
2024-12,yeilend,YeiLend,lending,,3828.2548,12745523.57,3329.33
2025-01,yeilend,YeiLend,lending,,2435.3136,8033977.78,3298.95
2025-02,yeilend,YeiLend,lending,,2338.4856,5204767.46,2225.7
2025-03,yeilend,YeiLend,lending,,2709.8905,4941945.94,1823.67
2025-04,yeilend,YeiLend,lending,,2863.4491,5134107.01,1792.98
2025-05,yeilend,YeiLend,lending,,1630.2178,4104709.11,2517.89
2025-06,yeilend,YeiLend,lending,,1566.7089,3910849.97,2496.22
2025-07,yeilend,YeiLend,lending,,1276.2019,4715157.58,3694.68
2025-08,yeilend,YeiLend,lending,,727.3079,3200423.95,4400.37
2025-09,yeilend,YeiLend,lending,,482.0998,1999195.56,4146.85
2025-10,yeilend,YeiLend,lending,,559.4138,2156370.53,3854.6968
2025-11,yeilend,YeiLend,lending,,77.7619,232278.24,2987.0461
2025-12,yeilend,YeiLend,lending,,34.8599,103586.77,2971.5129
2026-01,yeilend,YeiLend,lending,,19.8544,49035.5,2469.7591
2026-02,yeilend,YeiLend,lending,,22.4424,43925.69,1957.2655
2026-03,yeilend,YeiLend,lending,,20.1015,42214.47,2100.0636
2026-04,yeilend,YeiLend,lending,,6.6585,15038.05,2258.4696
2026-05,yeilend,YeiLend,lending,,7.4411,14953.27,2009.5608
2026-06,yeilend,YeiLend,lending,,4.6439,7280.66,1567.7911
2026-07,yeilend,YeiLend,lending,,4.818,8978.2,1863.4753
2026-08,yeilend,YeiLend,lending,,5.1045,12611.3,2470.6262
2026-09,yeilend,YeiLend,lending,,17.5427,46965.86,2677.2247
2026-10-02,yeilend,YeiLend,lending,,16.959,45270.12,2669.3876
2024-10,yield-yak-aggregator,Yield Yak Aggregator,farming,vaults,356.4351,897396.59,2517.7
2024-11,yield-yak-aggregator,Yield Yak Aggregator,farming,vaults,365.4194,1360832.97,3724.03
2024-12,yield-yak-aggregator,Yield Yak Aggregator,farming,vaults,402.3176,1339448.13,3329.33
2025-01,yield-yak-aggregator,Yield Yak Aggregator,farming,vaults,409.6263,1351336.71,3298.95
2025-02,yield-yak-aggregator,Yield Yak Aggregator,farming,vaults,421.373,937849.85,2225.7
2025-03,yield-yak-aggregator,Yield Yak Aggregator,farming,vaults,428.7324,781866.36,1823.67
2025-04,yield-yak-aggregator,Yield Yak Aggregator,farming,vaults,436.1036,781924.99,1792.98
2025-05,yield-yak-aggregator,Yield Yak Aggregator,farming,vaults,413.7725,1041833.67,2517.89
2025-06,yield-yak-aggregator,Yield Yak Aggregator,farming,vaults,417.6946,1042657.54,2496.22
2025-07,yield-yak-aggregator,Yield Yak Aggregator,farming,vaults,426.4465,1575583.38,3694.68
2025-08,yield-yak-aggregator,Yield Yak Aggregator,farming,vaults,431.6516,1899426.9,4400.37
2025-09,yield-yak-aggregator,Yield Yak Aggregator,farming,vaults,442.0463,1833099.68,4146.85
2025-10,yield-yak-aggregator,Yield Yak Aggregator,farming,vaults,447.9102,1726557.97,3854.6968
2025-11,yield-yak-aggregator,Yield Yak Aggregator,farming,vaults,457.5114,1366607.69,2987.0461
2025-12,yield-yak-aggregator,Yield Yak Aggregator,farming,vaults,464.6047,1380578.84,2971.5129
2026-01,yield-yak-aggregator,Yield Yak Aggregator,farming,vaults,471.5247,1164552.31,2469.7591
2026-02,yield-yak-aggregator,Yield Yak Aggregator,farming,vaults,481.3041,942040.01,1957.2655
2026-03,yield-yak-aggregator,Yield Yak Aggregator,farming,vaults,487.3902,1023550.34,2100.0636
2026-04,yield-yak-aggregator,Yield Yak Aggregator,farming,vaults,495.2928,1118603.83,2258.4696
2026-05,yield-yak-aggregator,Yield Yak Aggregator,farming,vaults,498.3112,1001386.57,2009.5608
2026-06,yield-yak-aggregator,Yield Yak Aggregator,farming,vaults,507.8914,796267.6,1567.7911
2026-07,yield-yak-aggregator,Yield Yak Aggregator,farming,vaults,515.2643,960182.28,1863.4753
2026-08,yield-yak-aggregator,Yield Yak Aggregator,farming,vaults,523.1071,1292402.1,2470.6262
2026-09,yield-yak-aggregator,Yield Yak Aggregator,farming,vaults,530.3627,1419900.08,2677.2247
2026-10-02,yield-yak-aggregator,Yield Yak Aggregator,farming,vaults,531.2701,1418165.84,2669.3876
2024-10,yieldnest,YieldNest,restaking,,6469.1867,16287471.34,2517.7
2024-11,yieldnest,YieldNest,restaking,,5633.0472,20977636.93,3724.03
2024-12,yieldnest,YieldNest,restaking,,6148.3164,20469774.12,3329.33
2025-01,yieldnest,YieldNest,restaking,,6436.2921,21233005.74,3298.95
2025-02,yieldnest,YieldNest,restaking,,9024.7507,20086387.54,2225.7
2025-03,yieldnest,YieldNest,restaking,,19584.6516,35715941.52,1823.67
2025-04,yieldnest,YieldNest,restaking,,18453.3382,33086466.3,1792.98
2025-05,yieldnest,YieldNest,restaking,,24598.7242,61936881.73,2517.89
2025-06,yieldnest,YieldNest,restaking,,23806.7345,59426846.68,2496.22
2025-07,yieldnest,YieldNest,restaking,,23398.3168,86449292.93,3694.68
2025-08,yieldnest,YieldNest,restaking,,16591.55,73008958.67,4400.37
2025-09,yieldnest,YieldNest,restaking,,13904.4814,57659798.56,4146.85
2025-10,yieldnest,YieldNest,restaking,,13233.1825,51009905.74,3854.6968
2025-11,yieldnest,YieldNest,restaking,,12468.4752,37243910.98,2987.0461
2025-12,yieldnest,YieldNest,restaking,,10843.7216,32222258.39,2971.5129
2026-01,yieldnest,YieldNest,restaking,,10681.4017,26380489.0,2469.7591
2026-02,yieldnest,YieldNest,restaking,,10214.9816,19993431.43,1957.2655
2026-03,yieldnest,YieldNest,restaking,,7066.7791,14840685.57,2100.0636
2026-04,yieldnest,YieldNest,restaking,,6677.146,15080131.37,2258.4696
2026-05,yieldnest,YieldNest,restaking,,6332.5397,12725623.65,2009.5608
2026-06,yieldnest,YieldNest,restaking,,5854.1151,9178029.37,1567.7911
2026-07,yieldnest,YieldNest,restaking,,5803.3564,10814411.6,1863.4753
2026-08,yieldnest,YieldNest,restaking,,5825.5275,14392700.97,2470.6262
2026-09,yieldnest,YieldNest,restaking,,5841.6031,15639284.04,2677.2247
2026-10-02,yieldnest,YieldNest,restaking,,5827.9812,15557140.7,2669.3876
2025-03,yo-protocol,YO Protocol,lending,,153.5635,280049.19,1823.67
2025-04,yo-protocol,YO Protocol,lending,,639.1304,1145948.07,1792.98
2025-05,yo-protocol,YO Protocol,lending,,2995.1892,7541557.06,2517.89
2025-06,yo-protocol,YO Protocol,lending,,6609.5063,16498781.74,2496.22
2025-07,yo-protocol,YO Protocol,lending,,10285.7721,38002636.34,3694.68
2025-08,yo-protocol,YO Protocol,lending,,10056.9634,44254360.15,4400.37
2025-09,yo-protocol,YO Protocol,lending,,9644.8837,39995885.86,4146.85
2025-10,yo-protocol,YO Protocol,lending,,9219.7298,35539262.62,3854.6968
2025-11,yo-protocol,YO Protocol,lending,,6899.5552,20609289.9,2987.0461
2025-12,yo-protocol,YO Protocol,lending,,6877.5406,20436700.45,2971.5129
2026-01,yo-protocol,YO Protocol,lending,,7621.2586,18822672.9,2469.7591
2026-02,yo-protocol,YO Protocol,lending,,6366.5386,12461006.53,1957.2655
2026-03,yo-protocol,YO Protocol,lending,,7452.3092,15650323.13,2100.0636
2026-04,yo-protocol,YO Protocol,lending,,6361.0097,14366147.12,2258.4696
2026-05,yo-protocol,YO Protocol,lending,,4991.7514,10031228.05,2009.5608
2026-06,yo-protocol,YO Protocol,lending,,5625.51,8819624.37,1567.7911
2026-07,yo-protocol,YO Protocol,lending,,5632.7945,10496573.63,1863.4753
2026-08,yo-protocol,YO Protocol,lending,,5248.8203,12967872.96,2470.6262
2026-09,yo-protocol,YO Protocol,lending,,4967.2512,13298447.45,2677.2247
2026-10-02,yo-protocol,YO Protocol,lending,,4972.9449,13274717.39,2669.3876
2024-10,zircuit-staking,Zircuit Staking,farming,points,363418.5965,914979000.41,2517.7
2024-11,zircuit-staking,Zircuit Staking,farming,points,402747.6546,1499844348.28,3724.03
2024-12,zircuit-staking,Zircuit Staking,farming,points,314171.0713,1045979172.75,3329.33
2025-01,zircuit-staking,Zircuit Staking,farming,points,339774.2243,1120898177.28,3298.95
2025-02,zircuit-staking,Zircuit Staking,farming,points,305006.5003,678852967.64,2225.7
2025-03,zircuit-staking,Zircuit Staking,farming,points,281436.0107,513246409.57,1823.67
2025-04,zircuit-staking,Zircuit Staking,farming,points,234363.8192,420209640.6,1792.98
2025-05,zircuit-staking,Zircuit Staking,farming,points,219334.6013,552260399.15,2517.89
2025-06,zircuit-staking,Zircuit Staking,farming,points,209588.1927,523178238.47,2496.22
2025-07,zircuit-staking,Zircuit Staking,farming,points,169608.8953,626650593.36,3694.68
2025-08,zircuit-staking,Zircuit Staking,farming,points,149657.9627,658550409.24,4400.37
2025-09,zircuit-staking,Zircuit Staking,farming,points,142929.4479,592706981.05,4146.85
2025-10,zircuit-staking,Zircuit Staking,farming,points,133222.4651,513532206.75,3854.6968
2025-11,zircuit-staking,Zircuit Staking,farming,points,106219.8335,317283544.79,2987.0461
2025-12,zircuit-staking,Zircuit Staking,farming,points,97635.2224,290124319.62,2971.5129
2026-01,zircuit-staking,Zircuit Staking,farming,points,86156.8928,212786770.15,2469.7591
2026-02,zircuit-staking,Zircuit Staking,farming,points,89282.6829,174749917.97,1957.2655
2026-03,zircuit-staking,Zircuit Staking,farming,points,55250.5069,116029577.89,2100.0636
2026-04,zircuit-staking,Zircuit Staking,farming,points,66740.4115,150731191.06,2258.4696
2026-05,zircuit-staking,Zircuit Staking,farming,points,24866.7044,49971154.65,2009.5608
2026-06,zircuit-staking,Zircuit Staking,farming,points,24135.4422,37839331.01,1567.7911
2026-07,zircuit-staking,Zircuit Staking,farming,points,23795.3128,44341978.6,1863.4753
2026-08,zircuit-staking,Zircuit Staking,farming,points,23769.0606,58724463.82,2470.6262
2026-09,zircuit-staking,Zircuit Staking,farming,points,23627.7325,63256748.74,2677.2247
2026-10-02,zircuit-staking,Zircuit Staking,farming,points,23534.0808,62821583.49,2669.3876
