month,from,to,eth,reason
2024-10,arbitrove,arbitrove,176.43,leftover: balance unchanged since 2024-10
2024-10,blackwing,ether.fi-stake,826.61,staking token held by a counted product
2024-10,blackwing,kelp,387.69,staking token held by a counted product
2024-10,blackwing,puffer-stake,52.12,staking token held by a counted product
2024-10,blackwing,renzo,2657.43,staking token held by a counted product
2024-10,blackwing,swell-liquid-restaking,351.52,staking token held by a counted product
2024-10,blast-pre-launch-farm,lido,1261.14,staking token held by a counted product
2024-10,carry:liquid-eth,veda,146203.01,DefiLlama row already counts this product
2024-10,carry:vesper-vaeth,vesper,1105.95,DefiLlama row already counts this product
2024-10,cian-yield-layer,loops,11738.62,loop product: its positions are inside leveraged staking on lending markets
2024-10,corn-kernels,ether.fi-stake,5429.71,staking token held by a counted product
2024-10,corn-kernels,kelp,301.44,staking token held by a counted product
2024-10,creth2,creth2,794.78,leftover: balance unchanged since 2024-10
2024-10,eigencloud,eigencloud,3651972.48,restaking-token issuers already count this
2024-10,eigenpie,ankr,11.62,staking token held by a counted product
2024-10,eigenpie,binance-staked-eth,2016.64,staking token held by a counted product
2024-10,eigenpie,coinbase-wrapped-staked-eth,54.8,staking token held by a counted product
2024-10,eigenpie,frax-ether,233.47,staking token held by a counted product
2024-10,eigenpie,lido,221314.3,staking token held by a counted product
2024-10,eigenpie,liquid-collective,9.2,staking token held by a counted product
2024-10,eigenpie,meth-protocol,3604.29,staking token held by a counted product
2024-10,eigenpie,origin-ether,10.1,product token held by a counted product
2024-10,eigenpie,rocket-pool,69.9,staking token held by a counted product
2024-10,eigenpie,stader,228.13,staking token held by a counted product
2024-10,eigenpie,stakewise-v3,8.55,staking token held by a counted product
2024-10,eigenpie,swell-liquid-staking,8592.43,staking token held by a counted product
2024-10,enzyme-finance,ether.fi-stake,1591.63,staking token held by a counted product
2024-10,enzyme-finance,lido,31858.75,staking token held by a counted product
2024-10,enzyme-finance,puffer-stake,1.22,staking token held by a counted product
2024-10,enzyme-finance,renzo,13.85,staking token held by a counted product
2024-10,enzyme-finance,stader,53.08,staking token held by a counted product
2024-10,enzyme-finance,stakewise-v3,10.85,staking token held by a counted product
2024-10,enzyme-finance,swell-liquid-staking,659.35,staking token held by a counted product
2024-10,enzyme-finance,yieldnest,202.83,product token held by a counted product
2024-10,euclid-finance,coinbase-wrapped-staked-eth,9.69,staking token held by a counted product
2024-10,euclid-finance,lido,105.62,staking token held by a counted product
2024-10,euclid-finance,swell-liquid-staking,2.11,staking token held by a counted product
2024-10,fluid-lite,loops,32255.27,loop product: its positions are inside leveraged staking on lending markets
2024-10,fyde-protocol,lido,39.35,staking token held by a counted product
2024-10,fyde-protocol,reserve-protocol,31.53,product token held by a counted product
2024-10,fyde-protocol,rocket-pool,25.99,staking token held by a counted product
2024-10,gain,kelp,56391.12,staking token held by a counted product
2024-10,hourglass,ether.fi-stake,72.7,staking token held by a counted product
2024-10,hourglass,veda,25.05,product token held by a counted product
2024-10,inceptionlrt-(isolated-restaking),ankr,15.72,staking token held by a counted product
2024-10,inceptionlrt-(isolated-restaking),binance-staked-eth,2.0,staking token held by a counted product
2024-10,inceptionlrt-(isolated-restaking),coinbase-wrapped-staked-eth,403.6,staking token held by a counted product
2024-10,inceptionlrt-(isolated-restaking),frax-ether,389.44,staking token held by a counted product
2024-10,inceptionlrt-(isolated-restaking),lido,387.38,staking token held by a counted product
2024-10,inceptionlrt-(isolated-restaking),liquid-collective,2.08,staking token held by a counted product
2024-10,inceptionlrt-(isolated-restaking),meth-protocol,8.35,staking token held by a counted product
2024-10,inceptionlrt-(isolated-restaking),origin-ether,7.83,product token held by a counted product
2024-10,inceptionlrt-(isolated-restaking),rocket-pool,15.09,staking token held by a counted product
2024-10,inceptionlrt-(isolated-restaking),stader,7.15,staking token held by a counted product
2024-10,inceptionlrt-(isolated-restaking),stakewise-v3,1.94,staking token held by a counted product
2024-10,inceptionlrt-(isolated-restaking),swell-liquid-staking,72.86,staking token held by a counted product
2024-10,index-coop,loops,263.7,loop product: its positions are inside leveraged staking on lending markets
2024-10,juice-finance,ether.fi-stake,37.71,staking token held by a counted product
2024-10,juice-finance,renzo,109.74,staking token held by a counted product
2024-10,kelp,lido,2324.66,staking token held by a counted product
2024-10,kelp,stader,85775.97,staking token held by a counted product
2024-10,lending markets,bedrock-unieth,5.76,staking token posted in a lending market (leveraged staking or money markets)
2024-10,lending markets,binance-staked-eth,5658.81,staking token posted in a lending market (leveraged staking or money markets)
2024-10,lending markets,coinbase-wrapped-staked-eth,24700.44,staking token posted in a lending market (leveraged staking or money markets)
2024-10,lending markets,dinero-(pxeth),780.36,staking token posted in a lending market (leveraged staking or money markets)
2024-10,lending markets,ether.fi-stake,1304704.94,staking token posted in a lending market (leveraged staking or money markets)
2024-10,lending markets,frax-ether,26834.12,staking token posted in a lending market (leveraged staking or money markets)
2024-10,lending markets,kelp,9148.37,staking token posted in a lending market (leveraged staking or money markets)
2024-10,lending markets,lido,2527384.7,staking token posted in a lending market (leveraged staking or money markets)
2024-10,lending markets,loops,2217019.69,loops: ETH borrowed against staking tokens (collateral counted once)
2024-10,lending markets,mellow-restaking,2794.79,staking token posted in a lending market (leveraged staking or money markets)
2024-10,lending markets,meth-protocol,15227.91,staking token posted in a lending market (leveraged staking or money markets)
2024-10,lending markets,origin-ether,1644.11,staking token posted in a lending market (leveraged staking or money markets)
2024-10,lending markets,puffer-stake,3585.02,staking token posted in a lending market (leveraged staking or money markets)
2024-10,lending markets,renzo,87984.7,staking token posted in a lending market (leveraged staking or money markets)
2024-10,lending markets,reserve-protocol,2275.35,staking token posted in a lending market (leveraged staking or money markets)
2024-10,lending markets,rocket-pool,90298.25,staking token posted in a lending market (leveraged staking or money markets)
2024-10,lending markets,stader,5333.88,staking token posted in a lending market (leveraged staking or money markets)
2024-10,lending markets,stakestone-stone,7190.3,staking token posted in a lending market (leveraged staking or money markets)
2024-10,lending markets,stakewise-v3,5841.47,staking token posted in a lending market (leveraged staking or money markets)
2024-10,lending markets,swell-liquid-restaking,1439.27,staking token posted in a lending market (leveraged staking or money markets)
2024-10,mellow-restaking,lido,230260.6,staking token held by a counted product
2024-10,native-credit-pool,ether.fi-stake,6.04,staking token held by a counted product
2024-10,native-credit-pool,meth-protocol,1552.83,staking token held by a counted product
2024-10,native-credit-pool,puffer-stake,20.1,staking token held by a counted product
2024-10,native-credit-pool,stakestone-stone,17.85,staking token held by a counted product
2024-10,onx-finance,ankr,88.49,staking token held by a counted product
2024-10,opyn-convexity,opyn-convexity,229.35,leftover: balance unchanged since 2024-10
2024-10,opyn-gamma,lido,589.38,staking token held by a counted product
2024-10,opyn-gamma,rocket-pool,3.23,staking token held by a counted product
2024-10,pendle-v2,dinero-(pxeth),124.58,staking token held by a counted product
2024-10,pendle-v2,ether.fi-stake,71285.02,staking token held by a counted product
2024-10,pendle-v2,frax-ether,2153.29,staking token held by a counted product
2024-10,pendle-v2,lido,20790.8,staking token held by a counted product
2024-10,pendle-v2,mellow-restaking,11235.41,product token held by a counted product
2024-10,pendle-v2,origin-ether,201.65,product token held by a counted product
2024-10,pendle-v2,renzo,96.78,staking token held by a counted product
2024-10,pendle-v2,veda,16927.73,product token held by a counted product
2024-10,radpie,radpie,334.68,leftover: balance unchanged since 2024-10
2024-10,reaper-farm,lido,24.74,staking token held by a counted product
2024-10,reserve-protocol,coinbase-wrapped-staked-eth,1688.63,staking token held by a counted product
2024-10,reserve-protocol,frax-ether,13667.23,staking token held by a counted product
2024-10,reserve-protocol,lido,22597.58,staking token held by a counted product
2024-10,reserve-protocol,rocket-pool,13681.2,staking token held by a counted product
2024-10,reserve-protocol,stader,2015.8,staking token held by a counted product
2024-10,ribbon,lido,8.94,staking token held by a counted product
2024-10,ribbon,rocket-pool,11.56,staking token held by a counted product
2024-10,ribbon-earn,ribbon-earn,433.27,leftover: balance unchanged since 2024-10
2024-10,set-protocol,ankr,13.85,staking token held by a counted product
2024-10,set-protocol,coinbase-wrapped-staked-eth,12.59,staking token held by a counted product
2024-10,set-protocol,frax-ether,12.81,staking token held by a counted product
2024-10,set-protocol,lido,108.82,staking token held by a counted product
2024-10,set-protocol,rocket-pool,12.12,staking token held by a counted product
2024-10,sommelier,lido,1851.95,staking token held by a counted product
2024-10,spectra-v2,coinbase-wrapped-staked-eth,20.0,staking token held by a counted product
2024-10,spectra-v2,kelp,94.07,staking token held by a counted product
2024-10,spectra-v2,lido,122.45,staking token held by a counted product
2024-10,spectra-v2,origin-ether,105.17,product token held by a counted product
2024-10,swell-l2-farm,eigenpie,101828.27,product token held by a counted product
2024-10,swell-l2-farm,ether.fi-stake,137398.36,staking token held by a counted product
2024-10,swell-l2-farm,frax-ether,37.04,staking token held by a counted product
2024-10,swell-l2-farm,lido,1535.38,staking token held by a counted product
2024-10,swell-l2-farm,renzo,3121.11,staking token held by a counted product
2024-10,swell-l2-farm,stakestone-stone,252.15,staking token held by a counted product
2024-10,swell-l2-farm,swell-liquid-restaking,31001.12,staking token held by a counted product
2024-10,swell-l2-farm,swell-liquid-staking,9262.99,staking token held by a counted product
2024-10,symbiotic,symbiotic,230812.17,restaking-token issuers already count this
2024-10,tranchess-yield,lido,130.54,staking token held by a counted product
2024-10,tranchess-yield,stakestone-stone,28771.22,staking token held by a counted product
2024-10,treehouse-protocol,loops,49553.12,loop product: its positions are inside leveraged staking on lending markets
2024-10,unipower,unipower,107.15,leftover: balance unchanged since 2024-10
2024-10,vaultcraft,kelp,73.21,staking token held by a counted product
2024-10,vaultcraft,lido,5.23,staking token held by a counted product
2024-10,veda,ether.fi-stake,180383.09,ether.fi Liquid vaults booked as WETH by the Veda adapter hold eETH
2024-10,veda,meth-protocol,79063.38,staking token held by a counted product
2024-10,vesper,coinbase-wrapped-staked-eth,80.13,staking token held by a counted product
2024-10,vesper,lido,570.73,staking token held by a counted product
2024-10,vesper,rocket-pool,27.82,staking token held by a counted product
2024-10,vesper,symbiotic,235.1,"position in a Symbiotic vault, counted in the row that holds it"
2024-10,yieldnest,lido,54.76,staking token held by a counted product
2024-10,yieldnest,meth-protocol,9.97,staking token held by a counted product
2024-10,yieldnest,origin-ether,2251.65,product token held by a counted product
2024-10,zircuit-staking,eigenpie,98060.86,product token held by a counted product
2024-10,zircuit-staking,ether.fi-stake,60649.06,staking token held by a counted product
2024-10,zircuit-staking,kelp,4657.07,staking token held by a counted product
2024-10,zircuit-staking,lido,27345.87,staking token held by a counted product
2024-10,zircuit-staking,liquid-collective,10310.01,staking token held by a counted product
2024-10,zircuit-staking,mellow-restaking,29225.39,product token held by a counted product
2024-10,zircuit-staking,meth-protocol,126.55,staking token held by a counted product
2024-10,zircuit-staking,puffer-stake,31678.25,staking token held by a counted product
2024-10,zircuit-staking,renzo,36581.7,staking token held by a counted product
2024-10,zircuit-staking,swell-liquid-restaking,2309.36,staking token held by a counted product
2024-10,zircuit-staking,swell-liquid-staking,672.04,staking token held by a counted product
2024-10,zircuit-staking,veda,58712.7,product token held by a counted product
2024-11,arbitrove,arbitrove,176.33,leftover: balance unchanged since 2024-10
2024-11,blackwing,ether.fi-stake,668.34,staking token held by a counted product
2024-11,blackwing,kelp,365.63,staking token held by a counted product
2024-11,blackwing,puffer-stake,9.01,staking token held by a counted product
2024-11,blackwing,renzo,2337.55,staking token held by a counted product
2024-11,blackwing,swell-liquid-restaking,244.49,staking token held by a counted product
2024-11,blast-pre-launch-farm,lido,1166.47,staking token held by a counted product
2024-11,carry:liquid-eth,veda,150259.35,DefiLlama row already counts this product
2024-11,carry:vesper-vaeth,vesper,1156.78,DefiLlama row already counts this product
2024-11,cian-yield-layer,loops,35322.34,loop product: its positions are inside leveraged staking on lending markets
2024-11,corn-kernels,ether.fi-stake,2148.59,staking token held by a counted product
2024-11,corn-kernels,kelp,221.09,staking token held by a counted product
2024-11,creth2,creth2,795.38,leftover: balance unchanged since 2024-10
2024-11,cytonic-airdrop-campaign,lido,1.67,staking token held by a counted product
2024-11,cytonic-airdrop-campaign,puffer-stake,1.01,staking token held by a counted product
2024-11,cytonic-airdrop-campaign,renzo,2.13,staking token held by a counted product
2024-11,eigencloud,eigencloud,4093088.42,restaking-token issuers already count this
2024-11,eigenpie,ankr,11.02,staking token held by a counted product
2024-11,eigenpie,binance-staked-eth,1325.23,staking token held by a counted product
2024-11,eigenpie,coinbase-wrapped-staked-eth,53.8,staking token held by a counted product
2024-11,eigenpie,frax-ether,227.06,staking token held by a counted product
2024-11,eigenpie,lido,220484.16,staking token held by a counted product
2024-11,eigenpie,liquid-collective,9.12,staking token held by a counted product
2024-11,eigenpie,meth-protocol,2852.97,staking token held by a counted product
2024-11,eigenpie,origin-ether,10.03,product token held by a counted product
2024-11,eigenpie,rocket-pool,62.28,staking token held by a counted product
2024-11,eigenpie,stader,158.56,staking token held by a counted product
2024-11,eigenpie,stakewise-v3,8.51,staking token held by a counted product
2024-11,eigenpie,swell-liquid-staking,5349.7,staking token held by a counted product
2024-11,enzyme-finance,ether.fi-stake,1588.47,staking token held by a counted product
2024-11,enzyme-finance,lido,32291.87,staking token held by a counted product
2024-11,enzyme-finance,renzo,16.85,staking token held by a counted product
2024-11,enzyme-finance,rocket-pool,26.15,staking token held by a counted product
2024-11,enzyme-finance,stader,43.3,staking token held by a counted product
2024-11,enzyme-finance,swell-liquid-staking,510.51,staking token held by a counted product
2024-11,enzyme-finance,yieldnest,86.35,product token held by a counted product
2024-11,euclid-finance,euclid-finance,103.24,leftover: balance unchanged since 2024-11
2024-11,fluid-lite,loops,43818.12,loop product: its positions are inside leveraged staking on lending markets
2024-11,fyde-protocol,lido,29.04,staking token held by a counted product
2024-11,fyde-protocol,reserve-protocol,31.37,product token held by a counted product
2024-11,fyde-protocol,rocket-pool,19.25,staking token held by a counted product
2024-11,gain,kelp,46994.76,staking token held by a counted product
2024-11,hourglass,ether.fi-stake,2161.75,staking token held by a counted product
2024-11,hourglass,mantle-restaking,340.05,staking token held by a counted product
2024-11,hourglass,veda,90.07,product token held by a counted product
2024-11,inceptionlrt-(isolated-restaking),ankr,14.9,staking token held by a counted product
2024-11,inceptionlrt-(isolated-restaking),binance-staked-eth,1.99,staking token held by a counted product
2024-11,inceptionlrt-(isolated-restaking),coinbase-wrapped-staked-eth,404.53,staking token held by a counted product
2024-11,inceptionlrt-(isolated-restaking),frax-ether,385.55,staking token held by a counted product
2024-11,inceptionlrt-(isolated-restaking),lido,426.68,staking token held by a counted product
2024-11,inceptionlrt-(isolated-restaking),liquid-collective,2.06,staking token held by a counted product
2024-11,inceptionlrt-(isolated-restaking),meth-protocol,8.28,staking token held by a counted product
2024-11,inceptionlrt-(isolated-restaking),origin-ether,7.38,product token held by a counted product
2024-11,inceptionlrt-(isolated-restaking),rocket-pool,15.15,staking token held by a counted product
2024-11,inceptionlrt-(isolated-restaking),stader,5.5,staking token held by a counted product
2024-11,inceptionlrt-(isolated-restaking),stakewise-v3,1.93,staking token held by a counted product
2024-11,inceptionlrt-(isolated-restaking),swell-liquid-staking,58.83,staking token held by a counted product
2024-11,index-coop,loops,261.49,loop product: its positions are inside leveraged staking on lending markets
2024-11,juice-finance,ether.fi-stake,68.9,staking token held by a counted product
2024-11,juice-finance,renzo,100.27,staking token held by a counted product
2024-11,kelp,lido,140363.46,staking token held by a counted product
2024-11,kelp,stader,81626.35,staking token held by a counted product
2024-11,lending markets,bedrock-unieth,8.64,staking token posted in a lending market (leveraged staking or money markets)
2024-11,lending markets,binance-staked-eth,4895.35,staking token posted in a lending market (leveraged staking or money markets)
2024-11,lending markets,coinbase-wrapped-staked-eth,32754.41,staking token posted in a lending market (leveraged staking or money markets)
2024-11,lending markets,dinero-(pxeth),894.16,staking token posted in a lending market (leveraged staking or money markets)
2024-11,lending markets,ether.fi-stake,1459521.61,staking token posted in a lending market (leveraged staking or money markets)
2024-11,lending markets,frax-ether,26255.33,staking token posted in a lending market (leveraged staking or money markets)
2024-11,lending markets,kelp,173161.41,staking token posted in a lending market (leveraged staking or money markets)
2024-11,lending markets,lido,2475550.66,staking token posted in a lending market (leveraged staking or money markets)
2024-11,lending markets,loops,2435242.63,loops: ETH borrowed against staking tokens (collateral counted once)
2024-11,lending markets,mantle-restaking,12945.56,staking token posted in a lending market (leveraged staking or money markets)
2024-11,lending markets,mellow-restaking,2551.91,staking token posted in a lending market (leveraged staking or money markets)
2024-11,lending markets,meth-protocol,6453.39,staking token posted in a lending market (leveraged staking or money markets)
2024-11,lending markets,origin-ether,2576.72,staking token posted in a lending market (leveraged staking or money markets)
2024-11,lending markets,puffer-stake,3206.07,staking token posted in a lending market (leveraged staking or money markets)
2024-11,lending markets,renzo,219929.97,staking token posted in a lending market (leveraged staking or money markets)
2024-11,lending markets,reserve-protocol,5972.45,staking token posted in a lending market (leveraged staking or money markets)
2024-11,lending markets,rocket-pool,86954.96,staking token posted in a lending market (leveraged staking or money markets)
2024-11,lending markets,stader,9329.91,staking token posted in a lending market (leveraged staking or money markets)
2024-11,lending markets,stakestone-stone,10241.1,staking token posted in a lending market (leveraged staking or money markets)
2024-11,lending markets,stakewise-v3,5832.68,staking token posted in a lending market (leveraged staking or money markets)
2024-11,lending markets,swell-liquid-restaking,2152.52,staking token posted in a lending market (leveraged staking or money markets)
2024-11,lending markets,yieldnest,48.39,staking token posted in a lending market (leveraged staking or money markets)
2024-11,mantle-restaking,meth-protocol,151610.52,staking token held by a counted product
2024-11,mantle-restaking,veda,151610.52,nested holding
2024-11,mellow-restaking,lido,196786.79,staking token held by a counted product
2024-11,native-credit-pool,ether.fi-stake,5.79,staking token held by a counted product
2024-11,native-credit-pool,meth-protocol,1556.01,staking token held by a counted product
2024-11,native-credit-pool,puffer-stake,5.84,staking token held by a counted product
2024-11,native-credit-pool,stakestone-stone,11.86,staking token held by a counted product
2024-11,onx-finance,ankr,83.91,staking token held by a counted product
2024-11,opyn-convexity,opyn-convexity,229.35,leftover: balance unchanged since 2024-10
2024-11,opyn-gamma,lido,577.38,staking token held by a counted product
2024-11,opyn-gamma,rocket-pool,3.19,staking token held by a counted product
2024-11,origami-finance,loops,5.23,loop product: its positions are inside leveraged staking on lending markets
2024-11,pendle-v2,dinero-(pxeth),125.25,staking token held by a counted product
2024-11,pendle-v2,ether.fi-stake,58174.33,staking token held by a counted product
2024-11,pendle-v2,frax-ether,1610.21,staking token held by a counted product
2024-11,pendle-v2,lido,21507.58,staking token held by a counted product
2024-11,pendle-v2,mellow-restaking,8815.35,product token held by a counted product
2024-11,pendle-v2,origin-ether,171.6,product token held by a counted product
2024-11,pendle-v2,renzo,35.2,staking token held by a counted product
2024-11,pendle-v2,veda,17693.53,product token held by a counted product
2024-11,radpie,radpie,333.74,leftover: balance unchanged since 2024-10
2024-11,reaper-farm,lido,21.2,staking token held by a counted product
2024-11,reserve-protocol,coinbase-wrapped-staked-eth,2398.94,staking token held by a counted product
2024-11,reserve-protocol,dinero-(pxeth),683.03,staking token held by a counted product
2024-11,reserve-protocol,frax-ether,11093.9,staking token held by a counted product
2024-11,reserve-protocol,lido,29000.1,staking token held by a counted product
2024-11,reserve-protocol,rocket-pool,11084.5,staking token held by a counted product
2024-11,reserve-protocol,stader,4250.4,staking token held by a counted product
2024-11,ribbon,lido,8.97,staking token held by a counted product
2024-11,ribbon,rocket-pool,11.46,staking token held by a counted product
2024-11,ribbon-earn,ribbon-earn,434.29,leftover: balance unchanged since 2024-10
2024-11,set-protocol,ankr,11.24,staking token held by a counted product
2024-11,set-protocol,coinbase-wrapped-staked-eth,10.81,staking token held by a counted product
2024-11,set-protocol,frax-ether,10.84,staking token held by a counted product
2024-11,set-protocol,lido,96.18,staking token held by a counted product
2024-11,set-protocol,rocket-pool,10.28,staking token held by a counted product
2024-11,sommelier,lido,1318.65,staking token held by a counted product
2024-11,spectra-v2,coinbase-wrapped-staked-eth,23.43,staking token held by a counted product
2024-11,spectra-v2,kelp,94.01,staking token held by a counted product
2024-11,spectra-v2,lido,478.37,staking token held by a counted product
2024-11,spectra-v2,origin-ether,26.63,product token held by a counted product
2024-11,swell-l2-farm,eigenpie,101488.48,product token held by a counted product
2024-11,swell-l2-farm,ether.fi-stake,135119.23,staking token held by a counted product
2024-11,swell-l2-farm,frax-ether,34.8,staking token held by a counted product
2024-11,swell-l2-farm,lido,1433.86,staking token held by a counted product
2024-11,swell-l2-farm,renzo,2248.35,staking token held by a counted product
2024-11,swell-l2-farm,stakestone-stone,225.72,staking token held by a counted product
2024-11,swell-l2-farm,swell-liquid-restaking,30066.54,staking token held by a counted product
2024-11,swell-l2-farm,swell-liquid-staking,7407.36,staking token held by a counted product
2024-11,symbiotic,symbiotic,349297.02,restaking-token issuers already count this
2024-11,tranchess-yield,lido,130.0,staking token held by a counted product
2024-11,tranchess-yield,stakestone-stone,23394.87,staking token held by a counted product
2024-11,treehouse-protocol,loops,63631.3,loop product: its positions are inside leveraged staking on lending markets
2024-11,unipower,unipower,107.21,leftover: balance unchanged since 2024-10
2024-11,vaultcraft,kelp,18.28,staking token held by a counted product
2024-11,vaultcraft,lido,1.66,staking token held by a counted product
2024-11,vaultcraft,stader,2.05,staking token held by a counted product
2024-11,veda,ether.fi-stake,170718.68,ether.fi Liquid vaults booked as WETH by the Veda adapter hold eETH
2024-11,vesper,coinbase-wrapped-staked-eth,79.45,staking token held by a counted product
2024-11,vesper,lido,562.66,staking token held by a counted product
2024-11,vesper,rocket-pool,27.94,staking token held by a counted product
2024-11,vesper,symbiotic,230.34,"position in a Symbiotic vault, counted in the row that holds it"
2024-11,yieldnest,lido,54.6,staking token held by a counted product
2024-11,yieldnest,meth-protocol,10.01,staking token held by a counted product
2024-11,yieldnest,origin-ether,2098.52,product token held by a counted product
2024-11,zircuit-staking,eigenpie,97778.3,product token held by a counted product
2024-11,zircuit-staking,ether.fi-stake,84323.95,staking token held by a counted product
2024-11,zircuit-staking,kelp,7650.91,staking token held by a counted product
2024-11,zircuit-staking,lido,29693.13,staking token held by a counted product
2024-11,zircuit-staking,liquid-collective,22908.95,staking token held by a counted product
2024-11,zircuit-staking,mellow-restaking,42898.69,product token held by a counted product
2024-11,zircuit-staking,meth-protocol,464.24,staking token held by a counted product
2024-11,zircuit-staking,puffer-stake,15385.21,staking token held by a counted product
2024-11,zircuit-staking,renzo,44513.47,staking token held by a counted product
2024-11,zircuit-staking,stakestone-stone,2054.19,staking token held by a counted product
2024-11,zircuit-staking,swell-liquid-restaking,2373.68,staking token held by a counted product
2024-11,zircuit-staking,swell-liquid-staking,461.27,staking token held by a counted product
2024-11,zircuit-staking,veda,49339.37,product token held by a counted product
2024-12,arbitrove,arbitrove,176.31,leftover: balance unchanged since 2024-10
2024-12,belt-finance,belt-finance,547.71,leftover: balance unchanged since 2024-12
2024-12,blackwing,eigenpie,1.04,product token held by a counted product
2024-12,blackwing,ether.fi-stake,467.88,staking token held by a counted product
2024-12,blackwing,kelp,311.08,staking token held by a counted product
2024-12,blackwing,puffer-stake,8.47,staking token held by a counted product
2024-12,blackwing,renzo,2090.35,staking token held by a counted product
2024-12,blackwing,swell-liquid-restaking,232.01,staking token held by a counted product
2024-12,blast-pre-launch-farm,lido,1095.43,staking token held by a counted product
2024-12,carry:liquid-eth,veda,152716.55,DefiLlama row already counts this product
2024-12,carry:vesper-vaeth,vesper,1165.16,DefiLlama row already counts this product
2024-12,cian-yield-layer,loops,37261.43,loop product: its positions are inside leveraged staking on lending markets
2024-12,corn-kernels,ether.fi-stake,1232.39,staking token held by a counted product
2024-12,corn-kernels,kelp,321.37,staking token held by a counted product
2024-12,creth2,creth2,794.64,leftover: balance unchanged since 2024-10
2024-12,cytonic-airdrop-campaign,lido,1.68,staking token held by a counted product
2024-12,cytonic-airdrop-campaign,meth-protocol,1054.11,staking token held by a counted product
2024-12,cytonic-airdrop-campaign,origin-ether,46.41,product token held by a counted product
2024-12,cytonic-airdrop-campaign,renzo,16.3,staking token held by a counted product
2024-12,cytonic-airdrop-campaign,swell-liquid-staking,9.97,staking token held by a counted product
2024-12,eigencloud,eigencloud,3946086.91,restaking-token issuers already count this
2024-12,eigenpie,ankr,11.1,staking token held by a counted product
2024-12,eigenpie,binance-staked-eth,1419.84,staking token held by a counted product
2024-12,eigenpie,coinbase-wrapped-staked-eth,53.84,staking token held by a counted product
2024-12,eigenpie,frax-ether,213.29,staking token held by a counted product
2024-12,eigenpie,lido,74682.32,staking token held by a counted product
2024-12,eigenpie,liquid-collective,9.23,staking token held by a counted product
2024-12,eigenpie,meth-protocol,2102.52,staking token held by a counted product
2024-12,eigenpie,origin-ether,10.09,product token held by a counted product
2024-12,eigenpie,rocket-pool,45.27,staking token held by a counted product
2024-12,eigenpie,stader,134.96,staking token held by a counted product
2024-12,eigenpie,stakewise-v3,8.61,staking token held by a counted product
2024-12,eigenpie,swell-liquid-staking,4579.28,staking token held by a counted product
2024-12,enzyme-finance,coinbase-wrapped-staked-eth,35.56,staking token held by a counted product
2024-12,enzyme-finance,ether.fi-stake,1599.15,staking token held by a counted product
2024-12,enzyme-finance,kelp,2.33,staking token held by a counted product
2024-12,enzyme-finance,lido,13763.95,staking token held by a counted product
2024-12,enzyme-finance,renzo,250.89,staking token held by a counted product
2024-12,enzyme-finance,rocket-pool,109.75,staking token held by a counted product
2024-12,enzyme-finance,stader,1.12,staking token held by a counted product
2024-12,enzyme-finance,stakewise-v3,3.19,staking token held by a counted product
2024-12,enzyme-finance,swell-liquid-restaking,2.37,staking token held by a counted product
2024-12,enzyme-finance,swell-liquid-staking,475.06,staking token held by a counted product
2024-12,enzyme-finance,yieldnest,66.78,product token held by a counted product
2024-12,euclid-finance,euclid-finance,103.52,leftover: balance unchanged since 2024-11
2024-12,fluid-lite,loops,44549.95,loop product: its positions are inside leveraged staking on lending markets
2024-12,fyde-protocol,lido,23.52,staking token held by a counted product
2024-12,fyde-protocol,reserve-protocol,23.11,product token held by a counted product
2024-12,fyde-protocol,rocket-pool,15.58,staking token held by a counted product
2024-12,hourglass,ether.fi-stake,46.31,staking token held by a counted product
2024-12,hourglass,mantle-restaking,443.64,staking token held by a counted product
2024-12,hourglass,veda,60.98,product token held by a counted product
2024-12,hourglass,yieldnest,2.02,product token held by a counted product
2024-12,inceptionlrt-(isolated-restaking),ankr,11.56,staking token held by a counted product
2024-12,inceptionlrt-(isolated-restaking),binance-staked-eth,2.0,staking token held by a counted product
2024-12,inceptionlrt-(isolated-restaking),coinbase-wrapped-staked-eth,404.99,staking token held by a counted product
2024-12,inceptionlrt-(isolated-restaking),frax-ether,816.35,staking token held by a counted product
2024-12,inceptionlrt-(isolated-restaking),lido,14436.69,staking token held by a counted product
2024-12,inceptionlrt-(isolated-restaking),liquid-collective,2.08,staking token held by a counted product
2024-12,inceptionlrt-(isolated-restaking),meth-protocol,8.3,staking token held by a counted product
2024-12,inceptionlrt-(isolated-restaking),origin-ether,7.33,product token held by a counted product
2024-12,inceptionlrt-(isolated-restaking),rocket-pool,13.82,staking token held by a counted product
2024-12,inceptionlrt-(isolated-restaking),stader,4.88,staking token held by a counted product
2024-12,inceptionlrt-(isolated-restaking),stakewise-v3,1.95,staking token held by a counted product
2024-12,inceptionlrt-(isolated-restaking),swell-liquid-staking,58.45,staking token held by a counted product
2024-12,index-coop,loops,245.18,loop product: its positions are inside leveraged staking on lending markets
2024-12,juice-finance,ether.fi-stake,67.62,staking token held by a counted product
2024-12,juice-finance,renzo,98.86,staking token held by a counted product
2024-12,kelp,lido,286573.51,staking token held by a counted product
2024-12,kelp,stader,82416.65,staking token held by a counted product
2024-12,lending markets,bedrock-unieth,4.92,staking token posted in a lending market (leveraged staking or money markets)
2024-12,lending markets,binance-staked-eth,11804.88,staking token posted in a lending market (leveraged staking or money markets)
2024-12,lending markets,coinbase-wrapped-staked-eth,26930.46,staking token posted in a lending market (leveraged staking or money markets)
2024-12,lending markets,dinero-(pxeth),693.63,staking token posted in a lending market (leveraged staking or money markets)
2024-12,lending markets,ether.fi-stake,1491339.82,staking token posted in a lending market (leveraged staking or money markets)
2024-12,lending markets,frax-ether,26852.94,staking token posted in a lending market (leveraged staking or money markets)
2024-12,lending markets,kelp,373027.77,staking token posted in a lending market (leveraged staking or money markets)
2024-12,lending markets,lido,2387090.24,staking token posted in a lending market (leveraged staking or money markets)
2024-12,lending markets,loops,2686430.07,loops: ETH borrowed against staking tokens (collateral counted once)
2024-12,lending markets,mantle-restaking,17458.13,staking token posted in a lending market (leveraged staking or money markets)
2024-12,lending markets,mellow-restaking,2345.97,staking token posted in a lending market (leveraged staking or money markets)
2024-12,lending markets,meth-protocol,3003.27,staking token posted in a lending market (leveraged staking or money markets)
2024-12,lending markets,origin-ether,6029.53,staking token posted in a lending market (leveraged staking or money markets)
2024-12,lending markets,puffer-stake,2174.41,staking token posted in a lending market (leveraged staking or money markets)
2024-12,lending markets,renzo,179115.03,staking token posted in a lending market (leveraged staking or money markets)
2024-12,lending markets,reserve-protocol,8431.05,staking token posted in a lending market (leveraged staking or money markets)
2024-12,lending markets,rocket-pool,86428.6,staking token posted in a lending market (leveraged staking or money markets)
2024-12,lending markets,stader,9990.46,staking token posted in a lending market (leveraged staking or money markets)
2024-12,lending markets,stakestone-stone,6549.4,staking token posted in a lending market (leveraged staking or money markets)
2024-12,lending markets,stakewise-v3,5605.16,staking token posted in a lending market (leveraged staking or money markets)
2024-12,lending markets,swell-liquid-restaking,2451.96,staking token posted in a lending market (leveraged staking or money markets)
2024-12,lending markets,yieldnest,51.7,staking token posted in a lending market (leveraged staking or money markets)
2024-12,mantle-restaking,meth-protocol,192941.61,staking token held by a counted product
2024-12,mantle-restaking,veda,192941.61,nested holding
2024-12,mellow-restaking,lido,169077.23,staking token held by a counted product
2024-12,native-credit-pool,ether.fi-stake,25.67,staking token held by a counted product
2024-12,native-credit-pool,mantle-restaking,16.77,staking token held by a counted product
2024-12,native-credit-pool,meth-protocol,1499.71,staking token held by a counted product
2024-12,native-credit-pool,puffer-stake,5.4,staking token held by a counted product
2024-12,native-credit-pool,stakestone-stone,22.36,staking token held by a counted product
2024-12,nucleus,dinero-(pxeth),2665.95,staking token held by a counted product
2024-12,nucleus,ether.fi-stake,1134.39,staking token held by a counted product
2024-12,nucleus,frax-ether,402.86,staking token held by a counted product
2024-12,nucleus,lido,2.63,staking token held by a counted product
2024-12,nucleus,puffer-stake,3334.32,staking token held by a counted product
2024-12,nucleus,renzo,395.89,staking token held by a counted product
2024-12,nucleus,swell-liquid-restaking,1407.55,staking token held by a counted product
2024-12,nucleus,swell-liquid-staking,92.0,staking token held by a counted product
2024-12,onx-finance,ankr,84.53,staking token held by a counted product
2024-12,opyn-convexity,opyn-convexity,229.35,leftover: balance unchanged since 2024-10
2024-12,opyn-gamma,lido,585.18,staking token held by a counted product
2024-12,opyn-gamma,rocket-pool,3.24,staking token held by a counted product
2024-12,origami-finance,loops,6.03,loop product: its positions are inside leveraged staking on lending markets
2024-12,pendle-v2,dinero-(pxeth),126.56,staking token held by a counted product
2024-12,pendle-v2,ether.fi-stake,26584.25,staking token held by a counted product
2024-12,pendle-v2,frax-ether,744.93,staking token held by a counted product
2024-12,pendle-v2,lido,20807.23,staking token held by a counted product
2024-12,pendle-v2,mellow-restaking,722.85,product token held by a counted product
2024-12,pendle-v2,origin-ether,502.01,product token held by a counted product
2024-12,pendle-v2,renzo,32.55,staking token held by a counted product
2024-12,pendle-v2,veda,2280.62,product token held by a counted product
2024-12,radpie,radpie,335.6,leftover: balance unchanged since 2024-10
2024-12,reaper-farm,lido,20.8,staking token held by a counted product
2024-12,reserve-protocol,coinbase-wrapped-staked-eth,2102.83,staking token held by a counted product
2024-12,reserve-protocol,dinero-(pxeth),1212.93,staking token held by a counted product
2024-12,reserve-protocol,frax-ether,11073.9,staking token held by a counted product
2024-12,reserve-protocol,lido,28502.04,staking token held by a counted product
2024-12,reserve-protocol,rocket-pool,11074.09,staking token held by a counted product
2024-12,reserve-protocol,stader,4192.66,staking token held by a counted product
2024-12,ribbon,lido,8.98,staking token held by a counted product
2024-12,ribbon,rocket-pool,11.63,staking token held by a counted product
2024-12,ribbon-earn,ribbon-earn,434.89,leftover: balance unchanged since 2024-10
2024-12,set-protocol,ankr,11.22,staking token held by a counted product
2024-12,set-protocol,coinbase-wrapped-staked-eth,10.73,staking token held by a counted product
2024-12,set-protocol,frax-ether,10.9,staking token held by a counted product
2024-12,set-protocol,lido,95.95,staking token held by a counted product
2024-12,set-protocol,rocket-pool,10.34,staking token held by a counted product
2024-12,sommelier,lido,1190.72,staking token held by a counted product
2024-12,spectra-v2,coinbase-wrapped-staked-eth,14.26,staking token held by a counted product
2024-12,spectra-v2,kelp,12.29,staking token held by a counted product
2024-12,spectra-v2,lido,2948.91,staking token held by a counted product
2024-12,spectra-v2,origin-ether,117.39,product token held by a counted product
2024-12,stakestone-berachain-vault,stakestone-stone,27192.0,staking token held by a counted product
2024-12,swell-l2-farm,eigenpie,101665.45,product token held by a counted product
2024-12,swell-l2-farm,ether.fi-stake,58839.42,staking token held by a counted product
2024-12,swell-l2-farm,frax-ether,18.99,staking token held by a counted product
2024-12,swell-l2-farm,lido,432.88,staking token held by a counted product
2024-12,swell-l2-farm,renzo,692.23,staking token held by a counted product
2024-12,swell-l2-farm,stakestone-stone,121.07,staking token held by a counted product
2024-12,swell-l2-farm,swell-liquid-restaking,17306.5,staking token held by a counted product
2024-12,swell-l2-farm,swell-liquid-staking,2804.65,staking token held by a counted product
2024-12,symbiotic,symbiotic,362682.2,restaking-token issuers already count this
2024-12,tranchess-yield,lido,130.99,staking token held by a counted product
2024-12,tranchess-yield,stakestone-stone,18139.85,staking token held by a counted product
2024-12,treehouse-protocol,loops,82415.42,loop product: its positions are inside leveraged staking on lending markets
2024-12,trevee-earn,ether.fi-stake,18.71,staking token held by a counted product
2024-12,trevee-earn,lido,3.79,staking token held by a counted product
2024-12,unipower,unipower,107.21,leftover: balance unchanged since 2024-10
2024-12,upshift,gain,40844.45,nested holding
2024-12,vaultcraft,kelp,12.12,staking token held by a counted product
2024-12,vaultcraft,lido,1.36,staking token held by a counted product
2024-12,vaultcraft,stader,2.02,staking token held by a counted product
2024-12,veda,ether.fi-stake,175859.51,ether.fi Liquid vaults booked as WETH by the Veda adapter hold eETH
2024-12,veda,meth-protocol,227.47,staking token held by a counted product
2024-12,vesper,coinbase-wrapped-staked-eth,83.45,staking token held by a counted product
2024-12,vesper,lido,566.27,staking token held by a counted product
2024-12,vesper,rocket-pool,27.17,staking token held by a counted product
2024-12,vesper,symbiotic,222.6,"position in a Symbiotic vault, counted in the row that holds it"
2024-12,yield-yak-aggregator,meth-protocol,29.29,staking token held by a counted product
2024-12,yieldnest,lido,54.89,staking token held by a counted product
2024-12,yieldnest,meth-protocol,10.04,staking token held by a counted product
2024-12,yieldnest,origin-ether,2097.54,product token held by a counted product
2024-12,zircuit-staking,eigenpie,588.29,product token held by a counted product
2024-12,zircuit-staking,ether.fi-stake,88346.0,staking token held by a counted product
2024-12,zircuit-staking,kelp,19202.19,staking token held by a counted product
2024-12,zircuit-staking,lido,31094.77,staking token held by a counted product
2024-12,zircuit-staking,liquid-collective,23174.23,staking token held by a counted product
2024-12,zircuit-staking,mellow-restaking,25467.8,product token held by a counted product
2024-12,zircuit-staking,meth-protocol,447.4,staking token held by a counted product
2024-12,zircuit-staking,puffer-stake,14452.85,staking token held by a counted product
2024-12,zircuit-staking,renzo,36978.25,staking token held by a counted product
2024-12,zircuit-staking,stakestone-stone,1433.28,staking token held by a counted product
2024-12,zircuit-staking,swell-liquid-restaking,2080.61,staking token held by a counted product
2024-12,zircuit-staking,swell-liquid-staking,321.54,staking token held by a counted product
2024-12,zircuit-staking,veda,69817.15,product token held by a counted product
2025-01,arbitrove,arbitrove,176.04,leftover: balance unchanged since 2024-10
2025-01,belt-finance,belt-finance,545.45,leftover: balance unchanged since 2024-12
2025-01,blackwing,eigenpie,1.04,product token held by a counted product
2025-01,blackwing,ether.fi-stake,407.2,staking token held by a counted product
2025-01,blackwing,kelp,315.3,staking token held by a counted product
2025-01,blackwing,puffer-stake,7.31,staking token held by a counted product
2025-01,blackwing,renzo,1939.76,staking token held by a counted product
2025-01,blackwing,swell-liquid-restaking,198.87,staking token held by a counted product
2025-01,blast-pre-launch-farm,lido,1071.69,staking token held by a counted product
2025-01,carry:liquid-eth,veda,153364.32,DefiLlama row already counts this product
2025-01,carry:vesper-vaeth,vesper,1095.14,DefiLlama row already counts this product
2025-01,cian-yield-layer,loops,22263.46,loop product: its positions are inside leveraged staking on lending markets
2025-01,corn-kernels,ether.fi-stake,723.24,staking token held by a counted product
2025-01,corn-kernels,kelp,125.37,staking token held by a counted product
2025-01,creth2,creth2,713.38,leftover: balance unchanged since 2024-10
2025-01,cytonic-airdrop-campaign,ether.fi-stake,6.59,staking token held by a counted product
2025-01,cytonic-airdrop-campaign,lido,1.68,staking token held by a counted product
2025-01,cytonic-airdrop-campaign,meth-protocol,1054.2,staking token held by a counted product
2025-01,cytonic-airdrop-campaign,origin-ether,43.39,product token held by a counted product
2025-01,cytonic-airdrop-campaign,puffer-stake,62.5,staking token held by a counted product
2025-01,cytonic-airdrop-campaign,renzo,16.67,staking token held by a counted product
2025-01,cytonic-airdrop-campaign,swell-liquid-staking,9.93,staking token held by a counted product
2025-01,eigencloud,eigencloud,3879218.81,restaking-token issuers already count this
2025-01,eigenpie,ankr,11.08,staking token held by a counted product
2025-01,eigenpie,binance-staked-eth,632.06,staking token held by a counted product
2025-01,eigenpie,coinbase-wrapped-staked-eth,43.68,staking token held by a counted product
2025-01,eigenpie,frax-ether,194.02,staking token held by a counted product
2025-01,eigenpie,lido,73996.54,staking token held by a counted product
2025-01,eigenpie,liquid-collective,9.19,staking token held by a counted product
2025-01,eigenpie,meth-protocol,130.98,staking token held by a counted product
2025-01,eigenpie,origin-ether,10.07,product token held by a counted product
2025-01,eigenpie,rocket-pool,31.14,staking token held by a counted product
2025-01,eigenpie,stader,118.18,staking token held by a counted product
2025-01,eigenpie,stakewise-v3,8.58,staking token held by a counted product
2025-01,eigenpie,swell-liquid-staking,3436.48,staking token held by a counted product
2025-01,enzyme-finance,coinbase-wrapped-staked-eth,33.64,staking token held by a counted product
2025-01,enzyme-finance,ether.fi-stake,1612.02,staking token held by a counted product
2025-01,enzyme-finance,kelp,17.43,staking token held by a counted product
2025-01,enzyme-finance,lido,13618.83,staking token held by a counted product
2025-01,enzyme-finance,renzo,149.18,staking token held by a counted product
2025-01,enzyme-finance,rocket-pool,20.01,staking token held by a counted product
2025-01,enzyme-finance,stader,48.46,staking token held by a counted product
2025-01,enzyme-finance,stakewise-v3,3.18,staking token held by a counted product
2025-01,enzyme-finance,swell-liquid-restaking,2.39,staking token held by a counted product
2025-01,enzyme-finance,swell-liquid-staking,403.89,staking token held by a counted product
2025-01,enzyme-finance,yieldnest,8.5,product token held by a counted product
2025-01,euclid-finance,euclid-finance,103.4,leftover: balance unchanged since 2024-11
2025-01,fluid-lite,loops,48863.53,loop product: its positions are inside leveraged staking on lending markets
2025-01,geth,geth,6954.32,leftover: balance unchanged since 2025-01
2025-01,hourglass,ether.fi-stake,8.91,staking token held by a counted product
2025-01,hourglass,mantle-restaking,455.53,staking token held by a counted product
2025-01,hourglass,yieldnest,8.95,product token held by a counted product
2025-01,index-coop,loops,242.99,loop product: its positions are inside leveraged staking on lending markets
2025-01,juice-finance,ether.fi-stake,57.29,staking token held by a counted product
2025-01,juice-finance,renzo,94.08,staking token held by a counted product
2025-01,kelp,lido,351989.92,staking token held by a counted product
2025-01,kelp,stader,84206.1,staking token held by a counted product
2025-01,latch,ether.fi-stake,1124.95,staking token held by a counted product
2025-01,latch,mellow-restaking,159.28,product token held by a counted product
2025-01,lending markets,bedrock-unieth,5.45,staking token posted in a lending market (leveraged staking or money markets)
2025-01,lending markets,binance-staked-eth,7769.44,staking token posted in a lending market (leveraged staking or money markets)
2025-01,lending markets,carry,32.71,carry products' own lending positions
2025-01,lending markets,coinbase-wrapped-staked-eth,26324.4,staking token posted in a lending market (leveraged staking or money markets)
2025-01,lending markets,dinero-(pxeth),456.54,staking token posted in a lending market (leveraged staking or money markets)
2025-01,lending markets,ether.fi-stake,1694809.64,staking token posted in a lending market (leveraged staking or money markets)
2025-01,lending markets,frax-ether,22994.68,staking token posted in a lending market (leveraged staking or money markets)
2025-01,lending markets,kelp,445918.87,staking token posted in a lending market (leveraged staking or money markets)
2025-01,lending markets,lido,2265713.36,staking token posted in a lending market (leveraged staking or money markets)
2025-01,lending markets,loops,2886079.96,loops: ETH borrowed against staking tokens (collateral counted once)
2025-01,lending markets,mantle-restaking,15637.65,staking token posted in a lending market (leveraged staking or money markets)
2025-01,lending markets,mellow-restaking,1812.68,staking token posted in a lending market (leveraged staking or money markets)
2025-01,lending markets,meth-protocol,5197.01,staking token posted in a lending market (leveraged staking or money markets)
2025-01,lending markets,origin-ether,7075.15,staking token posted in a lending market (leveraged staking or money markets)
2025-01,lending markets,puffer-stake,1407.75,staking token posted in a lending market (leveraged staking or money markets)
2025-01,lending markets,renzo,140602.27,staking token posted in a lending market (leveraged staking or money markets)
2025-01,lending markets,reserve-protocol,9354.72,staking token posted in a lending market (leveraged staking or money markets)
2025-01,lending markets,rocket-pool,91639.35,staking token posted in a lending market (leveraged staking or money markets)
2025-01,lending markets,stader,11564.08,staking token posted in a lending market (leveraged staking or money markets)
2025-01,lending markets,stakestone-stone,7719.52,staking token posted in a lending market (leveraged staking or money markets)
2025-01,lending markets,stakewise-v3,31400.0,staking token posted in a lending market (leveraged staking or money markets)
2025-01,lending markets,swell-liquid-restaking,2844.15,staking token posted in a lending market (leveraged staking or money markets)
2025-01,lending markets,swell-liquid-staking,7.59,staking token posted in a lending market (leveraged staking or money markets)
2025-01,lending markets,yieldnest,231.83,staking token posted in a lending market (leveraged staking or money markets)
2025-01,mantle-restaking,meth-protocol,239357.84,staking token held by a counted product
2025-01,mantle-restaking,veda,239357.84,nested holding
2025-01,mellow-restaking,lido,110323.11,staking token held by a counted product
2025-01,native-credit-pool,ether.fi-stake,4.99,staking token held by a counted product
2025-01,native-credit-pool,mantle-restaking,29.9,staking token held by a counted product
2025-01,native-credit-pool,meth-protocol,1498.75,staking token held by a counted product
2025-01,native-credit-pool,puffer-stake,5.42,staking token held by a counted product
2025-01,native-credit-pool,stakestone-stone,105.85,staking token held by a counted product
2025-01,nucleus,dinero-(pxeth),2431.14,staking token held by a counted product
2025-01,nucleus,ether.fi-stake,2070.6,staking token held by a counted product
2025-01,nucleus,frax-ether,314.53,staking token held by a counted product
2025-01,nucleus,lido,1.36,staking token held by a counted product
2025-01,nucleus,puffer-stake,3668.27,staking token held by a counted product
2025-01,nucleus,renzo,388.24,staking token held by a counted product
2025-01,nucleus,swell-liquid-restaking,2377.34,staking token held by a counted product
2025-01,nucleus,swell-liquid-staking,1.23,staking token held by a counted product
2025-01,onx-finance,ankr,84.38,staking token held by a counted product
2025-01,opyn-convexity,opyn-convexity,229.01,leftover: balance unchanged since 2024-10
2025-01,opyn-gamma,lido,592.95,staking token held by a counted product
2025-01,opyn-gamma,rocket-pool,3.23,staking token held by a counted product
2025-01,origami-finance,loops,5.52,loop product: its positions are inside leveraged staking on lending markets
2025-01,pendle-v2,dinero-(pxeth),126.59,staking token held by a counted product
2025-01,pendle-v2,ether.fi-stake,21050.9,staking token held by a counted product
2025-01,pendle-v2,frax-ether,105.67,staking token held by a counted product
2025-01,pendle-v2,lido,15025.41,staking token held by a counted product
2025-01,pendle-v2,mellow-restaking,106.39,product token held by a counted product
2025-01,pendle-v2,origin-ether,437.66,product token held by a counted product
2025-01,pendle-v2,renzo,25.82,staking token held by a counted product
2025-01,pendle-v2,veda,424.1,product token held by a counted product
2025-01,radpie,radpie,335.21,leftover: balance unchanged since 2024-10
2025-01,reaper-farm,lido,20.1,staking token held by a counted product
2025-01,reserve-protocol,coinbase-wrapped-staked-eth,3626.91,staking token held by a counted product
2025-01,reserve-protocol,frax-ether,10667.39,staking token held by a counted product
2025-01,reserve-protocol,lido,29055.81,staking token held by a counted product
2025-01,reserve-protocol,rocket-pool,10618.36,staking token held by a counted product
2025-01,reserve-protocol,stader,4067.77,staking token held by a counted product
2025-01,ribbon,lido,9.0,staking token held by a counted product
2025-01,ribbon,rocket-pool,11.57,staking token held by a counted product
2025-01,ribbon-earn,ribbon-earn,427.65,leftover: balance unchanged since 2024-10
2025-01,set-protocol,ankr,10.87,staking token held by a counted product
2025-01,set-protocol,coinbase-wrapped-staked-eth,10.4,staking token held by a counted product
2025-01,set-protocol,frax-ether,10.57,staking token held by a counted product
2025-01,set-protocol,lido,94.98,staking token held by a counted product
2025-01,set-protocol,rocket-pool,9.98,staking token held by a counted product
2025-01,sommelier,lido,591.3,staking token held by a counted product
2025-01,sophon-farm,ether.fi-stake,2243.88,staking token held by a counted product
2025-01,sophon-farm,lido,4718.96,staking token held by a counted product
2025-01,spectra-v2,kelp,13.43,staking token held by a counted product
2025-01,spectra-v2,lido,2304.55,staking token held by a counted product
2025-01,spectra-v2,origin-ether,60.53,product token held by a counted product
2025-01,stafi,stafi,2483.98,leftover: balance unchanged since 2025-01
2025-01,stakestone-berachain-vault,stakestone-stone,45387.92,staking token held by a counted product
2025-01,swell-l2-farm,eigenpie,101692.61,product token held by a counted product
2025-01,swell-l2-farm,ether.fi-stake,54459.55,staking token held by a counted product
2025-01,swell-l2-farm,frax-ether,11.39,staking token held by a counted product
2025-01,swell-l2-farm,lido,187.8,staking token held by a counted product
2025-01,swell-l2-farm,renzo,303.59,staking token held by a counted product
2025-01,swell-l2-farm,stakestone-stone,93.35,staking token held by a counted product
2025-01,swell-l2-farm,swell-liquid-restaking,10008.04,staking token held by a counted product
2025-01,swell-l2-farm,swell-liquid-staking,1642.42,staking token held by a counted product
2025-01,symbiotic,symbiotic,350487.41,restaking-token issuers already count this
2025-01,tranchess-yield,lido,100.06,staking token held by a counted product
2025-01,tranchess-yield,stakestone-stone,807.47,staking token held by a counted product
2025-01,treehouse-protocol,loops,84108.49,loop product: its positions are inside leveraged staking on lending markets
2025-01,trevee-earn,ether.fi-stake,109.27,staking token held by a counted product
2025-01,trevee-earn,lido,8.84,staking token held by a counted product
2025-01,unipower,unipower,106.89,leftover: balance unchanged since 2024-10
2025-01,upshift,gain,48955.08,nested holding
2025-01,vaultcraft,kelp,17.37,staking token held by a counted product
2025-01,vaultcraft,lido,1.39,staking token held by a counted product
2025-01,vaultcraft,stader,3.09,staking token held by a counted product
2025-01,veda,ether.fi-stake,137175.48,ether.fi Liquid vaults booked as WETH by the Veda adapter hold eETH
2025-01,vesper,coinbase-wrapped-staked-eth,87.3,staking token held by a counted product
2025-01,vesper,lido,571.08,staking token held by a counted product
2025-01,vesper,rocket-pool,23.53,staking token held by a counted product
2025-01,vesper,symbiotic,218.43,"position in a Symbiotic vault, counted in the row that holds it"
2025-01,yield-yak-aggregator,meth-protocol,29.32,staking token held by a counted product
2025-01,yieldnest,lido,64.88,staking token held by a counted product
2025-01,yieldnest,meth-protocol,10.04,staking token held by a counted product
2025-01,yieldnest,origin-ether,2020.05,product token held by a counted product
2025-01,zircuit-staking,eigenpie,91592.35,product token held by a counted product
2025-01,zircuit-staking,ether.fi-stake,65675.89,staking token held by a counted product
2025-01,zircuit-staking,kelp,10539.04,staking token held by a counted product
2025-01,zircuit-staking,lido,29239.59,staking token held by a counted product
2025-01,zircuit-staking,liquid-collective,23096.31,staking token held by a counted product
2025-01,zircuit-staking,mellow-restaking,6092.26,product token held by a counted product
2025-01,zircuit-staking,meth-protocol,439.91,staking token held by a counted product
2025-01,zircuit-staking,puffer-stake,14186.06,staking token held by a counted product
2025-01,zircuit-staking,renzo,29997.57,staking token held by a counted product
2025-01,zircuit-staking,stakestone-stone,1246.93,staking token held by a counted product
2025-01,zircuit-staking,swell-liquid-restaking,1563.5,staking token held by a counted product
2025-01,zircuit-staking,swell-liquid-staking,187.97,staking token held by a counted product
2025-01,zircuit-staking,veda,64183.62,product token held by a counted product
2025-02,arbitrove,arbitrove,177.45,leftover: balance unchanged since 2024-10
2025-02,belt-finance,belt-finance,548.84,leftover: balance unchanged since 2024-12
2025-02,blackwing,eigenpie,1.06,product token held by a counted product
2025-02,blackwing,ether.fi-stake,359.55,staking token held by a counted product
2025-02,blackwing,kelp,270.93,staking token held by a counted product
2025-02,blackwing,puffer-stake,5.09,staking token held by a counted product
2025-02,blackwing,renzo,1648.74,staking token held by a counted product
2025-02,blackwing,swell-liquid-restaking,195.47,staking token held by a counted product
2025-02,blast-pre-launch-farm,lido,1067.71,staking token held by a counted product
2025-02,carry:liquid-eth,veda,159201.6,DefiLlama row already counts this product
2025-02,carry:vesper-vaeth,vesper,1090.71,DefiLlama row already counts this product
2025-02,cian-yield-layer,loops,36777.17,loop product: its positions are inside leveraged staking on lending markets
2025-02,corn-kernels,ether.fi-stake,543.54,staking token held by a counted product
2025-02,corn-kernels,kelp,114.35,staking token held by a counted product
2025-02,creth2,creth2,720.02,leftover: balance unchanged since 2024-10
2025-02,cytonic-airdrop-campaign,ether.fi-stake,6.69,staking token held by a counted product
2025-02,cytonic-airdrop-campaign,lido,21.75,staking token held by a counted product
2025-02,cytonic-airdrop-campaign,meth-protocol,1063.27,staking token held by a counted product
2025-02,cytonic-airdrop-campaign,origin-ether,45.61,product token held by a counted product
2025-02,cytonic-airdrop-campaign,puffer-stake,62.08,staking token held by a counted product
2025-02,cytonic-airdrop-campaign,renzo,2.07,staking token held by a counted product
2025-02,eigencloud,eigencloud,3946955.81,restaking-token issuers already count this
2025-02,eigenpie,ankr,11.18,staking token held by a counted product
2025-02,eigenpie,binance-staked-eth,610.51,staking token held by a counted product
2025-02,eigenpie,coinbase-wrapped-staked-eth,30.8,staking token held by a counted product
2025-02,eigenpie,frax-ether,66.88,staking token held by a counted product
2025-02,eigenpie,lido,74171.76,staking token held by a counted product
2025-02,eigenpie,liquid-collective,9.31,staking token held by a counted product
2025-02,eigenpie,meth-protocol,93.35,staking token held by a counted product
2025-02,eigenpie,origin-ether,10.07,product token held by a counted product
2025-02,eigenpie,rocket-pool,31.14,staking token held by a counted product
2025-02,eigenpie,stader,115.4,staking token held by a counted product
2025-02,eigenpie,stakewise-v3,8.55,staking token held by a counted product
2025-02,eigenpie,swell-liquid-staking,3310.9,staking token held by a counted product
2025-02,enzyme-finance,coinbase-wrapped-staked-eth,33.94,staking token held by a counted product
2025-02,enzyme-finance,ether.fi-stake,1648.85,staking token held by a counted product
2025-02,enzyme-finance,kelp,17.16,staking token held by a counted product
2025-02,enzyme-finance,lido,14294.79,staking token held by a counted product
2025-02,enzyme-finance,renzo,235.92,staking token held by a counted product
2025-02,enzyme-finance,rocket-pool,48.29,staking token held by a counted product
2025-02,enzyme-finance,stader,15.43,staking token held by a counted product
2025-02,enzyme-finance,stakewise-v3,3.1,staking token held by a counted product
2025-02,enzyme-finance,swell-liquid-restaking,2.05,staking token held by a counted product
2025-02,enzyme-finance,swell-liquid-staking,401.85,staking token held by a counted product
2025-02,enzyme-finance,yieldnest,7.72,product token held by a counted product
2025-02,euclid-finance,euclid-finance,104.09,leftover: balance unchanged since 2024-11
2025-02,fluid-lite,loops,52668.51,loop product: its positions are inside leveraged staking on lending markets
2025-02,geth,geth,6979.79,leftover: balance unchanged since 2025-01
2025-02,hourglass,ether.fi-stake,6.71,staking token held by a counted product
2025-02,hourglass,yieldnest,10.51,product token held by a counted product
2025-02,inceptionlrt-(isolated-restaking),ankr,11.63,staking token held by a counted product
2025-02,inceptionlrt-(isolated-restaking),binance-staked-eth,2.01,staking token held by a counted product
2025-02,inceptionlrt-(isolated-restaking),coinbase-wrapped-staked-eth,408.47,staking token held by a counted product
2025-02,inceptionlrt-(isolated-restaking),frax-ether,902.97,staking token held by a counted product
2025-02,inceptionlrt-(isolated-restaking),lido,25532.72,staking token held by a counted product
2025-02,inceptionlrt-(isolated-restaking),liquid-collective,2.1,staking token held by a counted product
2025-02,inceptionlrt-(isolated-restaking),meth-protocol,8.35,staking token held by a counted product
2025-02,inceptionlrt-(isolated-restaking),origin-ether,7.35,product token held by a counted product
2025-02,inceptionlrt-(isolated-restaking),rocket-pool,13.88,staking token held by a counted product
2025-02,inceptionlrt-(isolated-restaking),stader,4.54,staking token held by a counted product
2025-02,inceptionlrt-(isolated-restaking),stakewise-v3,1.94,staking token held by a counted product
2025-02,inceptionlrt-(isolated-restaking),swell-liquid-staking,38.36,staking token held by a counted product
2025-02,index-coop,loops,209.73,loop product: its positions are inside leveraged staking on lending markets
2025-02,juice-finance,ether.fi-stake,56.27,staking token held by a counted product
2025-02,juice-finance,renzo,93.25,staking token held by a counted product
2025-02,kelp,lido,360565.66,staking token held by a counted product
2025-02,kelp,stader,84274.66,staking token held by a counted product
2025-02,latch,ether.fi-stake,1257.01,staking token held by a counted product
2025-02,latch,mellow-restaking,160.19,product token held by a counted product
2025-02,lending markets,bedrock-unieth,5.15,staking token posted in a lending market (leveraged staking or money markets)
2025-02,lending markets,binance-staked-eth,10180.79,staking token posted in a lending market (leveraged staking or money markets)
2025-02,lending markets,carry,43.41,carry products' own lending positions
2025-02,lending markets,coinbase-wrapped-staked-eth,24588.24,staking token posted in a lending market (leveraged staking or money markets)
2025-02,lending markets,dinero-(pxeth),423.75,staking token posted in a lending market (leveraged staking or money markets)
2025-02,lending markets,ether.fi-stake,1662682.23,staking token posted in a lending market (leveraged staking or money markets)
2025-02,lending markets,frax-ether,22220.53,staking token posted in a lending market (leveraged staking or money markets)
2025-02,lending markets,kelp,462515.49,staking token posted in a lending market (leveraged staking or money markets)
2025-02,lending markets,lido,2478007.35,staking token posted in a lending market (leveraged staking or money markets)
2025-02,lending markets,loops,3014346.97,loops: ETH borrowed against staking tokens (collateral counted once)
2025-02,lending markets,mantle-restaking,9160.37,staking token posted in a lending market (leveraged staking or money markets)
2025-02,lending markets,mellow-restaking,1675.88,staking token posted in a lending market (leveraged staking or money markets)
2025-02,lending markets,meth-protocol,5267.25,staking token posted in a lending market (leveraged staking or money markets)
2025-02,lending markets,origin-ether,3076.94,staking token posted in a lending market (leveraged staking or money markets)
2025-02,lending markets,puffer-stake,1109.59,staking token posted in a lending market (leveraged staking or money markets)
2025-02,lending markets,renzo,175900.77,staking token posted in a lending market (leveraged staking or money markets)
2025-02,lending markets,reserve-protocol,18435.55,staking token posted in a lending market (leveraged staking or money markets)
2025-02,lending markets,rocket-pool,91133.52,staking token posted in a lending market (leveraged staking or money markets)
2025-02,lending markets,stader,13458.09,staking token posted in a lending market (leveraged staking or money markets)
2025-02,lending markets,stakestone-stone,8289.25,staking token posted in a lending market (leveraged staking or money markets)
2025-02,lending markets,stakewise-v3,97159.16,staking token posted in a lending market (leveraged staking or money markets)
2025-02,lending markets,swell-liquid-restaking,3201.25,staking token posted in a lending market (leveraged staking or money markets)
2025-02,lending markets,swell-liquid-staking,88.96,staking token posted in a lending market (leveraged staking or money markets)
2025-02,lending markets,yieldnest,207.16,staking token posted in a lending market (leveraged staking or money markets)
2025-02,mantle-restaking,meth-protocol,224949.92,staking token held by a counted product
2025-02,mantle-restaking,veda,224949.92,nested holding
2025-02,mellow-restaking,lido,108779.09,staking token held by a counted product
2025-02,native-credit-pool,ether.fi-stake,1.09,staking token held by a counted product
2025-02,native-credit-pool,meth-protocol,14.23,staking token held by a counted product
2025-02,native-credit-pool,puffer-stake,5.41,staking token held by a counted product
2025-02,native-credit-pool,stakestone-stone,3.87,staking token held by a counted product
2025-02,nucleus,dinero-(pxeth),2289.51,staking token held by a counted product
2025-02,nucleus,ether.fi-stake,2377.5,staking token held by a counted product
2025-02,nucleus,frax-ether,188.25,staking token held by a counted product
2025-02,nucleus,puffer-stake,7777.85,staking token held by a counted product
2025-02,nucleus,renzo,703.91,staking token held by a counted product
2025-02,nucleus,swell-liquid-restaking,3557.36,staking token held by a counted product
2025-02,nucleus,swell-liquid-staking,8.16,staking token held by a counted product
2025-02,onx-finance,ankr,85.19,staking token held by a counted product
2025-02,opyn-convexity,opyn-convexity,230.19,leftover: balance unchanged since 2024-10
2025-02,opyn-gamma,opyn-gamma,1455.13,leftover: balance unchanged since 2025-02
2025-02,origami-finance,loops,4.74,loop product: its positions are inside leveraged staking on lending markets
2025-02,pendle-v2,dinero-(pxeth),123.77,staking token held by a counted product
2025-02,pendle-v2,ether.fi-stake,15289.44,staking token held by a counted product
2025-02,pendle-v2,frax-ether,89.41,staking token held by a counted product
2025-02,pendle-v2,lido,29477.46,staking token held by a counted product
2025-02,pendle-v2,mellow-restaking,82.63,product token held by a counted product
2025-02,pendle-v2,origin-ether,316.42,product token held by a counted product
2025-02,pendle-v2,renzo,25.96,staking token held by a counted product
2025-02,pendle-v2,veda,392.11,product token held by a counted product
2025-02,radpie,radpie,337.73,leftover: balance unchanged since 2024-10
2025-02,reaper-farm,lido,19.52,staking token held by a counted product
2025-02,reserve-protocol,coinbase-wrapped-staked-eth,2692.59,staking token held by a counted product
2025-02,reserve-protocol,frax-ether,12584.91,staking token held by a counted product
2025-02,reserve-protocol,lido,32716.13,staking token held by a counted product
2025-02,reserve-protocol,rocket-pool,12613.99,staking token held by a counted product
2025-02,reserve-protocol,stader,4808.38,staking token held by a counted product
2025-02,ribbon,lido,9.09,staking token held by a counted product
2025-02,ribbon,rocket-pool,11.73,staking token held by a counted product
2025-02,ribbon-earn,ribbon-earn,431.36,leftover: balance unchanged since 2024-10
2025-02,set-protocol,ankr,10.77,staking token held by a counted product
2025-02,set-protocol,coinbase-wrapped-staked-eth,10.36,staking token held by a counted product
2025-02,set-protocol,frax-ether,10.47,staking token held by a counted product
2025-02,set-protocol,lido,92.75,staking token held by a counted product
2025-02,set-protocol,rocket-pool,9.9,staking token held by a counted product
2025-02,sommelier,lido,337.88,staking token held by a counted product
2025-02,sophon-farm,ether.fi-stake,1839.05,staking token held by a counted product
2025-02,sophon-farm,lido,10987.96,staking token held by a counted product
2025-02,spectra-v2,kelp,7.56,staking token held by a counted product
2025-02,spectra-v2,lido,7203.92,staking token held by a counted product
2025-02,spectra-v2,origin-ether,53.88,product token held by a counted product
2025-02,stafi,stafi,2493.3,leftover: balance unchanged since 2025-01
2025-02,stakestone-berachain-vault,stakestone-stone,15.64,staking token held by a counted product
2025-02,swell-l2-farm,eigenpie,103020.81,product token held by a counted product
2025-02,swell-l2-farm,ether.fi-stake,49385.34,staking token held by a counted product
2025-02,swell-l2-farm,frax-ether,11.46,staking token held by a counted product
2025-02,swell-l2-farm,lido,137.84,staking token held by a counted product
2025-02,swell-l2-farm,renzo,246.06,staking token held by a counted product
2025-02,swell-l2-farm,stakestone-stone,43.03,staking token held by a counted product
2025-02,swell-l2-farm,swell-liquid-restaking,8872.8,staking token held by a counted product
2025-02,swell-l2-farm,swell-liquid-staking,1392.63,staking token held by a counted product
2025-02,symbiotic,symbiotic,334100.54,restaking-token issuers already count this
2025-02,tranchess-yield,ether.fi-stake,8.04,staking token held by a counted product
2025-02,tranchess-yield,lido,100.77,staking token held by a counted product
2025-02,tranchess-yield,stakestone-stone,4013.92,staking token held by a counted product
2025-02,treehouse-protocol,loops,99173.8,loop product: its positions are inside leveraged staking on lending markets
2025-02,trevee-earn,ether.fi-stake,1346.47,staking token held by a counted product
2025-02,trevee-earn,lido,9958.22,staking token held by a counted product
2025-02,unipower,unipower,107.46,leftover: balance unchanged since 2024-10
2025-02,upshift,gain,64206.79,nested holding
2025-02,vaultcraft,kelp,3952.66,staking token held by a counted product
2025-02,vaultcraft,lido,4.43,staking token held by a counted product
2025-02,vaultcraft,stader,3.13,staking token held by a counted product
2025-02,veda,ether.fi-stake,255993.76,ether.fi Liquid vaults booked as WETH by the Veda adapter hold eETH
2025-02,vesper,coinbase-wrapped-staked-eth,88.44,staking token held by a counted product
2025-02,vesper,lido,578.07,staking token held by a counted product
2025-02,vesper,rocket-pool,23.93,staking token held by a counted product
2025-02,vesper,symbiotic,220.38,"position in a Symbiotic vault, counted in the row that holds it"
2025-02,yield-yak-aggregator,meth-protocol,32.02,staking token held by a counted product
2025-02,yieldnest,frax-ether,30.78,staking token held by a counted product
2025-02,yieldnest,lido,692.39,staking token held by a counted product
2025-02,yieldnest,meth-protocol,10.1,staking token held by a counted product
2025-02,yieldnest,origin-ether,1986.74,product token held by a counted product
2025-02,zircuit-staking,eigenpie,91634.08,product token held by a counted product
2025-02,zircuit-staking,ether.fi-stake,58147.09,staking token held by a counted product
2025-02,zircuit-staking,kelp,8440.64,staking token held by a counted product
2025-02,zircuit-staking,lido,38126.71,staking token held by a counted product
2025-02,zircuit-staking,liquid-collective,14844.3,staking token held by a counted product
2025-02,zircuit-staking,mellow-restaking,4222.18,product token held by a counted product
2025-02,zircuit-staking,meth-protocol,429.57,staking token held by a counted product
2025-02,zircuit-staking,puffer-stake,12800.81,staking token held by a counted product
2025-02,zircuit-staking,renzo,25493.41,staking token held by a counted product
2025-02,zircuit-staking,stakestone-stone,1782.06,staking token held by a counted product
2025-02,zircuit-staking,swell-liquid-restaking,1245.02,staking token held by a counted product
2025-02,zircuit-staking,swell-liquid-staking,153.32,staking token held by a counted product
2025-02,zircuit-staking,veda,47086.58,product token held by a counted product
2025-03,arbitrove,arbitrove,176.76,leftover: balance unchanged since 2024-10
2025-03,belt-finance,belt-finance,546.66,leftover: balance unchanged since 2024-12
2025-03,blackwing,ether.fi-stake,315.73,staking token held by a counted product
2025-03,blackwing,kelp,242.23,staking token held by a counted product
2025-03,blackwing,puffer-stake,4.89,staking token held by a counted product
2025-03,blackwing,renzo,1542.2,staking token held by a counted product
2025-03,blackwing,swell-liquid-restaking,172.86,staking token held by a counted product
2025-03,blast-pre-launch-farm,lido,1062.3,staking token held by a counted product
2025-03,carry:liquid-eth,veda,161418.29,DefiLlama row already counts this product
2025-03,carry:vesper-vaeth,vesper,1354.74,DefiLlama row already counts this product
2025-03,cian-yield-layer,loops,36203.36,loop product: its positions are inside leveraged staking on lending markets
2025-03,corn-kernels,ether.fi-stake,189.67,staking token held by a counted product
2025-03,corn-kernels,kelp,39.69,staking token held by a counted product
2025-03,creth2,creth2,714.24,leftover: balance unchanged since 2024-10
2025-03,cytonic-airdrop-campaign,ether.fi-stake,6.69,staking token held by a counted product
2025-03,cytonic-airdrop-campaign,lido,21.63,staking token held by a counted product
2025-03,cytonic-airdrop-campaign,meth-protocol,50.78,staking token held by a counted product
2025-03,cytonic-airdrop-campaign,origin-ether,49.06,product token held by a counted product
2025-03,cytonic-airdrop-campaign,puffer-stake,62.45,staking token held by a counted product
2025-03,cytonic-airdrop-campaign,renzo,4.17,staking token held by a counted product
2025-03,eigencloud,eigencloud,3919699.84,restaking-token issuers already count this
2025-03,eigenpie,ankr,11.25,staking token held by a counted product
2025-03,eigenpie,binance-staked-eth,608.71,staking token held by a counted product
2025-03,eigenpie,coinbase-wrapped-staked-eth,30.72,staking token held by a counted product
2025-03,eigenpie,frax-ether,67.02,staking token held by a counted product
2025-03,eigenpie,lido,74030.99,staking token held by a counted product
2025-03,eigenpie,liquid-collective,9.32,staking token held by a counted product
2025-03,eigenpie,meth-protocol,87.62,staking token held by a counted product
2025-03,eigenpie,origin-ether,10.08,product token held by a counted product
2025-03,eigenpie,rocket-pool,31.11,staking token held by a counted product
2025-03,eigenpie,stader,112.1,staking token held by a counted product
2025-03,eigenpie,stakewise-v3,8.65,staking token held by a counted product
2025-03,eigenpie,swell-liquid-staking,3246.18,staking token held by a counted product
2025-03,enzyme-finance,coinbase-wrapped-staked-eth,33.94,staking token held by a counted product
2025-03,enzyme-finance,ether.fi-stake,1647.6,staking token held by a counted product
2025-03,enzyme-finance,kelp,17.17,staking token held by a counted product
2025-03,enzyme-finance,lido,11912.48,staking token held by a counted product
2025-03,enzyme-finance,renzo,49.84,staking token held by a counted product
2025-03,enzyme-finance,rocket-pool,81.31,staking token held by a counted product
2025-03,enzyme-finance,stakewise-v3,3.13,staking token held by a counted product
2025-03,enzyme-finance,swell-liquid-restaking,2.07,staking token held by a counted product
2025-03,enzyme-finance,swell-liquid-staking,400.82,staking token held by a counted product
2025-03,enzyme-finance,yieldnest,7.71,product token held by a counted product
2025-03,euclid-finance,euclid-finance,229.8,leftover: balance unchanged since 2024-11
2025-03,fluid-lite,loops,60912.5,loop product: its positions are inside leveraged staking on lending markets
2025-03,fyde-protocol,fyde-protocol,167.16,leftover: balance unchanged since 2025-03
2025-03,geth,geth,6957.11,leftover: balance unchanged since 2025-01
2025-03,hourglass,ether.fi-stake,6.59,staking token held by a counted product
2025-03,hourglass,yieldnest,10.99,product token held by a counted product
2025-03,inceptionlrt-(isolated-restaking),ankr,9.3,staking token held by a counted product
2025-03,inceptionlrt-(isolated-restaking),binance-staked-eth,2.01,staking token held by a counted product
2025-03,inceptionlrt-(isolated-restaking),coinbase-wrapped-staked-eth,2.39,staking token held by a counted product
2025-03,inceptionlrt-(isolated-restaking),frax-ether,851.18,staking token held by a counted product
2025-03,inceptionlrt-(isolated-restaking),lido,18911.75,staking token held by a counted product
2025-03,inceptionlrt-(isolated-restaking),liquid-collective,2.11,staking token held by a counted product
2025-03,inceptionlrt-(isolated-restaking),meth-protocol,8.33,staking token held by a counted product
2025-03,inceptionlrt-(isolated-restaking),origin-ether,7.34,product token held by a counted product
2025-03,inceptionlrt-(isolated-restaking),rocket-pool,13.77,staking token held by a counted product
2025-03,inceptionlrt-(isolated-restaking),stader,4.54,staking token held by a counted product
2025-03,inceptionlrt-(isolated-restaking),stakewise-v3,1.96,staking token held by a counted product
2025-03,inceptionlrt-(isolated-restaking),swell-liquid-staking,36.26,staking token held by a counted product
2025-03,index-coop,loops,106.85,loop product: its positions are inside leveraged staking on lending markets
2025-03,juice-finance,ether.fi-stake,14.52,staking token held by a counted product
2025-03,juice-finance,renzo,86.41,staking token held by a counted product
2025-03,kelp,lido,397878.39,staking token held by a counted product
2025-03,kelp,stader,83330.13,staking token held by a counted product
2025-03,latch,ether.fi-stake,1130.54,staking token held by a counted product
2025-03,latch,mellow-restaking,160.93,product token held by a counted product
2025-03,lending markets,bedrock-unieth,4.93,staking token posted in a lending market (leveraged staking or money markets)
2025-03,lending markets,binance-staked-eth,7239.49,staking token posted in a lending market (leveraged staking or money markets)
2025-03,lending markets,carry,39.35,carry products' own lending positions
2025-03,lending markets,coinbase-wrapped-staked-eth,22560.24,staking token posted in a lending market (leveraged staking or money markets)
2025-03,lending markets,dinero-(pxeth),104.06,staking token posted in a lending market (leveraged staking or money markets)
2025-03,lending markets,ether.fi-stake,1918638.71,staking token posted in a lending market (leveraged staking or money markets)
2025-03,lending markets,frax-ether,19417.48,staking token posted in a lending market (leveraged staking or money markets)
2025-03,lending markets,kelp,515354.01,staking token posted in a lending market (leveraged staking or money markets)
2025-03,lending markets,lido,2659540.33,staking token posted in a lending market (leveraged staking or money markets)
2025-03,lending markets,loops,3368476.04,loops: ETH borrowed against staking tokens (collateral counted once)
2025-03,lending markets,mantle-restaking,5697.74,staking token posted in a lending market (leveraged staking or money markets)
2025-03,lending markets,mellow-restaking,3671.25,staking token posted in a lending market (leveraged staking or money markets)
2025-03,lending markets,meth-protocol,4280.33,staking token posted in a lending market (leveraged staking or money markets)
2025-03,lending markets,origin-ether,2677.84,staking token posted in a lending market (leveraged staking or money markets)
2025-03,lending markets,puffer-stake,6950.0,staking token posted in a lending market (leveraged staking or money markets)
2025-03,lending markets,renzo,187390.78,staking token posted in a lending market (leveraged staking or money markets)
2025-03,lending markets,reserve-protocol,23906.84,staking token posted in a lending market (leveraged staking or money markets)
2025-03,lending markets,rocket-pool,90558.49,staking token posted in a lending market (leveraged staking or money markets)
2025-03,lending markets,stader,13865.58,staking token posted in a lending market (leveraged staking or money markets)
2025-03,lending markets,stakestone-stone,2103.56,staking token posted in a lending market (leveraged staking or money markets)
2025-03,lending markets,stakewise-v3,140983.97,staking token posted in a lending market (leveraged staking or money markets)
2025-03,lending markets,swell-liquid-restaking,1366.08,staking token posted in a lending market (leveraged staking or money markets)
2025-03,lending markets,swell-liquid-staking,318.15,staking token posted in a lending market (leveraged staking or money markets)
2025-03,lending markets,yieldnest,37.27,staking token posted in a lending market (leveraged staking or money markets)
2025-03,mantle-restaking,meth-protocol,238524.1,staking token held by a counted product
2025-03,mantle-restaking,veda,238524.1,nested holding
2025-03,mellow-restaking,lido,104584.96,staking token held by a counted product
2025-03,napier,dinero-(pxeth),7.26,staking token held by a counted product
2025-03,napier,lido,874.99,staking token held by a counted product
2025-03,napier,mellow-restaking,1.19,product token held by a counted product
2025-03,native-credit-pool,ether.fi-stake,1.09,staking token held by a counted product
2025-03,native-credit-pool,meth-protocol,13.24,staking token held by a counted product
2025-03,native-credit-pool,puffer-stake,5.3,staking token held by a counted product
2025-03,native-credit-pool,stakestone-stone,3.83,staking token held by a counted product
2025-03,nucleus,dinero-(pxeth),2097.6,staking token held by a counted product
2025-03,nucleus,ether.fi-stake,2627.71,staking token held by a counted product
2025-03,nucleus,frax-ether,147.92,staking token held by a counted product
2025-03,nucleus,puffer-stake,2403.11,staking token held by a counted product
2025-03,nucleus,renzo,1203.72,staking token held by a counted product
2025-03,nucleus,swell-liquid-restaking,3830.35,staking token held by a counted product
2025-03,nucleus,swell-liquid-staking,143.1,staking token held by a counted product
2025-03,onx-finance,ankr,85.74,staking token held by a counted product
2025-03,opyn-convexity,opyn-convexity,229.44,leftover: balance unchanged since 2024-10
2025-03,opyn-gamma,opyn-gamma,1447.86,leftover: balance unchanged since 2025-02
2025-03,origami-finance,loops,3.67,loop product: its positions are inside leveraged staking on lending markets
2025-03,pendle-v2,dinero-(pxeth),106.6,staking token held by a counted product
2025-03,pendle-v2,ether.fi-stake,13819.63,staking token held by a counted product
2025-03,pendle-v2,frax-ether,67.84,staking token held by a counted product
2025-03,pendle-v2,lido,32360.96,staking token held by a counted product
2025-03,pendle-v2,mellow-restaking,69.65,product token held by a counted product
2025-03,pendle-v2,origin-ether,315.98,product token held by a counted product
2025-03,pendle-v2,renzo,25.96,staking token held by a counted product
2025-03,pendle-v2,veda,336.78,product token held by a counted product
2025-03,radpie,radpie,337.43,leftover: balance unchanged since 2024-10
2025-03,reaper-farm,lido,19.55,staking token held by a counted product
2025-03,reserve-protocol,coinbase-wrapped-staked-eth,1556.31,staking token held by a counted product
2025-03,reserve-protocol,frax-ether,14261.79,staking token held by a counted product
2025-03,reserve-protocol,lido,35448.94,staking token held by a counted product
2025-03,reserve-protocol,origin-ether,1558.29,product token held by a counted product
2025-03,reserve-protocol,rocket-pool,14248.95,staking token held by a counted product
2025-03,reserve-protocol,stader,5431.96,staking token held by a counted product
2025-03,ribbon,lido,9.05,staking token held by a counted product
2025-03,ribbon,rocket-pool,11.72,staking token held by a counted product
2025-03,ribbon-earn,ribbon-earn,429.61,leftover: balance unchanged since 2024-10
2025-03,set-protocol,ankr,10.05,staking token held by a counted product
2025-03,set-protocol,coinbase-wrapped-staked-eth,9.54,staking token held by a counted product
2025-03,set-protocol,frax-ether,9.71,staking token held by a counted product
2025-03,set-protocol,lido,46.75,staking token held by a counted product
2025-03,set-protocol,rocket-pool,9.2,staking token held by a counted product
2025-03,sommelier,lido,323.41,staking token held by a counted product
2025-03,sophon-farm,ether.fi-stake,1657.65,staking token held by a counted product
2025-03,sophon-farm,lido,8229.85,staking token held by a counted product
2025-03,spectra-v2,kelp,6.9,staking token held by a counted product
2025-03,spectra-v2,lido,6528.94,staking token held by a counted product
2025-03,spectra-v2,origin-ether,53.98,product token held by a counted product
2025-03,stafi,stafi,2471.73,leftover: balance unchanged since 2025-01
2025-03,stakestone-berachain-vault,stakestone-stone,15.71,staking token held by a counted product
2025-03,swell-l2-farm,eigenpie,45127.18,product token held by a counted product
2025-03,swell-l2-farm,ether.fi-stake,748.01,staking token held by a counted product
2025-03,swell-l2-farm,frax-ether,11.5,staking token held by a counted product
2025-03,swell-l2-farm,lido,117.73,staking token held by a counted product
2025-03,swell-l2-farm,renzo,229.62,staking token held by a counted product
2025-03,swell-l2-farm,stakestone-stone,41.37,staking token held by a counted product
2025-03,swell-l2-farm,swell-liquid-restaking,2632.47,staking token held by a counted product
2025-03,swell-l2-farm,swell-liquid-staking,989.27,staking token held by a counted product
2025-03,symbiotic,symbiotic,343336.6,restaking-token issuers already count this
2025-03,theo-straddle-vaults,ether.fi-stake,1214.16,staking token held by a counted product
2025-03,tranchess-yield,ether.fi-stake,7.32,staking token held by a counted product
2025-03,tranchess-yield,lido,115.32,staking token held by a counted product
2025-03,tranchess-yield,stakestone-stone,2712.27,staking token held by a counted product
2025-03,treehouse-protocol,loops,107955.89,loop product: its positions are inside leveraged staking on lending markets
2025-03,trevee-earn,ether.fi-stake,1427.51,staking token held by a counted product
2025-03,trevee-earn,lido,8488.61,staking token held by a counted product
2025-03,unipower,unipower,106.93,leftover: balance unchanged since 2024-10
2025-03,upshift,gain,62070.08,nested holding
2025-03,upshift,kelp,49179.18,staking token held by a counted product
2025-03,upshift,lido,8611.45,staking token held by a counted product
2025-03,vaultcraft,kelp,3950.97,staking token held by a counted product
2025-03,vaultcraft,lido,4.47,staking token held by a counted product
2025-03,vaultcraft,stader,5.16,staking token held by a counted product
2025-03,veda,ether.fi-stake,240768.96,ether.fi Liquid vaults booked as WETH by the Veda adapter hold eETH
2025-03,vesper,coinbase-wrapped-staked-eth,78.9,staking token held by a counted product
2025-03,vesper,lido,517.84,staking token held by a counted product
2025-03,vesper,rocket-pool,22.08,staking token held by a counted product
2025-03,vesper,symbiotic,224.54,"position in a Symbiotic vault, counted in the row that holds it"
2025-03,yield-yak-aggregator,meth-protocol,32.2,staking token held by a counted product
2025-03,yieldnest,frax-ether,40.05,staking token held by a counted product
2025-03,yieldnest,lido,2502.32,staking token held by a counted product
2025-03,yieldnest,meth-protocol,10.17,staking token held by a counted product
2025-03,yieldnest,origin-ether,1979.43,product token held by a counted product
2025-03,zircuit-staking,eigenpie,92335.12,product token held by a counted product
2025-03,zircuit-staking,ether.fi-stake,43852.56,staking token held by a counted product
2025-03,zircuit-staking,kelp,4968.5,staking token held by a counted product
2025-03,zircuit-staking,lido,37804.81,staking token held by a counted product
2025-03,zircuit-staking,liquid-collective,14869.67,staking token held by a counted product
2025-03,zircuit-staking,mellow-restaking,3971.15,product token held by a counted product
2025-03,zircuit-staking,meth-protocol,433.87,staking token held by a counted product
2025-03,zircuit-staking,puffer-stake,9927.77,staking token held by a counted product
2025-03,zircuit-staking,renzo,25439.68,staking token held by a counted product
2025-03,zircuit-staking,stakestone-stone,1799.82,staking token held by a counted product
2025-03,zircuit-staking,swell-liquid-restaking,1122.55,staking token held by a counted product
2025-03,zircuit-staking,swell-liquid-staking,232.85,staking token held by a counted product
2025-03,zircuit-staking,veda,44118.51,product token held by a counted product
2025-04,arbitrove,arbitrove,176.42,leftover: balance unchanged since 2024-10
2025-04,belt-finance,belt-finance,546.72,leftover: balance unchanged since 2024-12
2025-04,bifrost-liquid-staking,bifrost-liquid-staking,883.17,leftover: balance unchanged since 2025-04
2025-04,blackwing,ether.fi-stake,276.35,staking token held by a counted product
2025-04,blackwing,kelp,235.18,staking token held by a counted product
2025-04,blackwing,puffer-stake,2.57,staking token held by a counted product
2025-04,blackwing,renzo,1223.76,staking token held by a counted product
2025-04,blackwing,swell-liquid-restaking,172.22,staking token held by a counted product
2025-04,blast-pre-launch-farm,lido,1059.49,staking token held by a counted product
2025-04,canopy,kelp,7733.47,staking token held by a counted product
2025-04,canopy,renzo,115.84,staking token held by a counted product
2025-04,carry:liquid-eth,veda,176931.28,DefiLlama row already counts this product
2025-04,carry:vesper-vaeth,vesper,1460.41,DefiLlama row already counts this product
2025-04,cian-yield-layer,loops,35436.94,loop product: its positions are inside leveraged staking on lending markets
2025-04,corn-kernels,ether.fi-stake,55.58,staking token held by a counted product
2025-04,corn-kernels,kelp,16.53,staking token held by a counted product
2025-04,creth2,creth2,683.76,leftover: balance unchanged since 2024-10
2025-04,cytonic-airdrop-campaign,ether.fi-stake,6.7,staking token held by a counted product
2025-04,cytonic-airdrop-campaign,lido,21.7,staking token held by a counted product
2025-04,cytonic-airdrop-campaign,meth-protocol,50.47,staking token held by a counted product
2025-04,cytonic-airdrop-campaign,origin-ether,48.26,product token held by a counted product
2025-04,cytonic-airdrop-campaign,puffer-stake,62.86,staking token held by a counted product
2025-04,cytonic-airdrop-campaign,renzo,4.17,staking token held by a counted product
2025-04,eigencloud,eigencloud,3870066.36,restaking-token issuers already count this
2025-04,eigenpie,ankr,11.29,staking token held by a counted product
2025-04,eigenpie,binance-staked-eth,528.81,staking token held by a counted product
2025-04,eigenpie,coinbase-wrapped-staked-eth,30.9,staking token held by a counted product
2025-04,eigenpie,frax-ether,65.93,staking token held by a counted product
2025-04,eigenpie,lido,74473.43,staking token held by a counted product
2025-04,eigenpie,liquid-collective,9.33,staking token held by a counted product
2025-04,eigenpie,meth-protocol,91.59,staking token held by a counted product
2025-04,eigenpie,origin-ether,10.02,product token held by a counted product
2025-04,eigenpie,rocket-pool,31.17,staking token held by a counted product
2025-04,eigenpie,stader,109.11,staking token held by a counted product
2025-04,eigenpie,stakewise-v3,8.66,staking token held by a counted product
2025-04,eigenpie,swell-liquid-staking,3195.88,staking token held by a counted product
2025-04,enzyme-finance,coinbase-wrapped-staked-eth,33.98,staking token held by a counted product
2025-04,enzyme-finance,ether.fi-stake,8638.58,staking token held by a counted product
2025-04,enzyme-finance,kelp,17.22,staking token held by a counted product
2025-04,enzyme-finance,lido,11211.0,staking token held by a counted product
2025-04,enzyme-finance,renzo,139.52,staking token held by a counted product
2025-04,enzyme-finance,rocket-pool,81.33,staking token held by a counted product
2025-04,enzyme-finance,stakewise-v3,3.14,staking token held by a counted product
2025-04,enzyme-finance,swell-liquid-restaking,2.08,staking token held by a counted product
2025-04,enzyme-finance,swell-liquid-staking,398.43,staking token held by a counted product
2025-04,enzyme-finance,yieldnest,1.62,product token held by a counted product
2025-04,euclid-finance,euclid-finance,180.9,leftover: balance unchanged since 2024-11
2025-04,fluid-lite,loops,60422.55,loop product: its positions are inside leveraged staking on lending markets
2025-04,fyde-protocol,fyde-protocol,167.3,leftover: balance unchanged since 2025-03
2025-04,geth,geth,6959.72,leftover: balance unchanged since 2025-01
2025-04,hourglass,ether.fi-stake,6.59,staking token held by a counted product
2025-04,hyperbeat-earn,ether.fi-stake,235.05,staking token held by a counted product
2025-04,hyperbeat-earn,kelp,88.84,staking token held by a counted product
2025-04,hyperbeat-earn,lido,245.92,staking token held by a counted product
2025-04,hyperbeat-earn,mantle-restaking,1496.38,staking token held by a counted product
2025-04,hyperbeat-earn,stakestone-stone,531.02,staking token held by a counted product
2025-04,hyperbeat-earn,swell-liquid-staking,3.69,staking token held by a counted product
2025-04,inceptionlrt-(isolated-restaking),frax-ether,877.07,staking token held by a counted product
2025-04,inceptionlrt-(isolated-restaking),lido,21307.51,staking token held by a counted product
2025-04,inceptionlrt-(isolated-restaking),meth-protocol,5.67,staking token held by a counted product
2025-04,inceptionlrt-(isolated-restaking),origin-ether,5.13,product token held by a counted product
2025-04,inceptionlrt-(isolated-restaking),rocket-pool,7.23,staking token held by a counted product
2025-04,inceptionlrt-(isolated-restaking),stader,1.87,staking token held by a counted product
2025-04,inceptionlrt-(isolated-restaking),swell-liquid-staking,27.31,staking token held by a counted product
2025-04,index-coop,loops,424.05,loop product: its positions are inside leveraged staking on lending markets
2025-04,juice-finance,ether.fi-stake,14.4,staking token held by a counted product
2025-04,juice-finance,renzo,86.3,staking token held by a counted product
2025-04,kelp,lido,351488.87,staking token held by a counted product
2025-04,kelp,stader,82805.19,staking token held by a counted product
2025-04,latch,ether.fi-stake,1013.43,staking token held by a counted product
2025-04,lending markets,bedrock-unieth,4.46,staking token posted in a lending market (leveraged staking or money markets)
2025-04,lending markets,binance-staked-eth,12200.81,staking token posted in a lending market (leveraged staking or money markets)
2025-04,lending markets,carry,60.63,carry products' own lending positions
2025-04,lending markets,coinbase-wrapped-staked-eth,22295.9,staking token posted in a lending market (leveraged staking or money markets)
2025-04,lending markets,dinero-(pxeth),78.75,staking token posted in a lending market (leveraged staking or money markets)
2025-04,lending markets,ether.fi-stake,1898035.39,staking token posted in a lending market (leveraged staking or money markets)
2025-04,lending markets,frax-ether,14711.56,staking token posted in a lending market (leveraged staking or money markets)
2025-04,lending markets,kelp,481908.08,staking token posted in a lending market (leveraged staking or money markets)
2025-04,lending markets,lido,2634281.65,staking token posted in a lending market (leveraged staking or money markets)
2025-04,lending markets,loops,3513942.94,loops: ETH borrowed against staking tokens (collateral counted once)
2025-04,lending markets,mantle-restaking,5911.42,staking token posted in a lending market (leveraged staking or money markets)
2025-04,lending markets,mellow-restaking,9814.52,staking token posted in a lending market (leveraged staking or money markets)
2025-04,lending markets,meth-protocol,3394.45,staking token posted in a lending market (leveraged staking or money markets)
2025-04,lending markets,origin-ether,2101.69,staking token posted in a lending market (leveraged staking or money markets)
2025-04,lending markets,puffer-stake,7409.11,staking token posted in a lending market (leveraged staking or money markets)
2025-04,lending markets,renzo,204835.95,staking token posted in a lending market (leveraged staking or money markets)
2025-04,lending markets,reserve-protocol,23315.41,staking token posted in a lending market (leveraged staking or money markets)
2025-04,lending markets,rocket-pool,73936.24,staking token posted in a lending market (leveraged staking or money markets)
2025-04,lending markets,stader,20175.02,staking token posted in a lending market (leveraged staking or money markets)
2025-04,lending markets,stakestone-stone,1824.6,staking token posted in a lending market (leveraged staking or money markets)
2025-04,lending markets,stakewise-v3,187516.37,staking token posted in a lending market (leveraged staking or money markets)
2025-04,lending markets,swell-liquid-restaking,1093.19,staking token posted in a lending market (leveraged staking or money markets)
2025-04,lending markets,swell-liquid-staking,310.9,staking token posted in a lending market (leveraged staking or money markets)
2025-04,lending markets,yieldnest,77.12,staking token posted in a lending market (leveraged staking or money markets)
2025-04,mantle-restaking,meth-protocol,214573.34,staking token held by a counted product
2025-04,mantle-restaking,veda,214573.34,nested holding
2025-04,mellow-restaking,lido,109052.77,staking token held by a counted product
2025-04,napier,dinero-(pxeth),7.27,staking token held by a counted product
2025-04,napier,ether.fi-stake,7.0,staking token held by a counted product
2025-04,napier,lido,922.79,staking token held by a counted product
2025-04,napier,mellow-restaking,2.21,product token held by a counted product
2025-04,native-credit-pool,meth-protocol,13.32,staking token held by a counted product
2025-04,native-credit-pool,puffer-stake,5.33,staking token held by a counted product
2025-04,native-credit-pool,stakestone-stone,3.84,staking token held by a counted product
2025-04,nucleus,dinero-(pxeth),1983.73,staking token held by a counted product
2025-04,nucleus,ether.fi-stake,839.21,staking token held by a counted product
2025-04,nucleus,frax-ether,124.84,staking token held by a counted product
2025-04,nucleus,puffer-stake,1730.92,staking token held by a counted product
2025-04,nucleus,renzo,1225.73,staking token held by a counted product
2025-04,nucleus,swell-liquid-restaking,2899.09,staking token held by a counted product
2025-04,nucleus,swell-liquid-staking,2.1,staking token held by a counted product
2025-04,onx-finance,ankr,86.02,staking token held by a counted product
2025-04,opyn-convexity,opyn-convexity,229.53,leftover: balance unchanged since 2024-10
2025-04,opyn-gamma,opyn-gamma,1462.15,leftover: balance unchanged since 2025-02
2025-04,origami-finance,loops,1.85,loop product: its positions are inside leveraged staking on lending markets
2025-04,pendle-v2,bedrock-unieth,1904.78,staking token held by a counted product
2025-04,pendle-v2,binance-staked-eth,112.97,staking token held by a counted product
2025-04,pendle-v2,coinbase-wrapped-staked-eth,172.54,staking token held by a counted product
2025-04,pendle-v2,dinero-(pxeth),5.97,staking token held by a counted product
2025-04,pendle-v2,ether.fi-stake,12396.33,staking token held by a counted product
2025-04,pendle-v2,frax-ether,67.87,staking token held by a counted product
2025-04,pendle-v2,kelp,4559.69,staking token held by a counted product
2025-04,pendle-v2,lido,18336.64,staking token held by a counted product
2025-04,pendle-v2,mantle-restaking,5889.65,staking token held by a counted product
2025-04,pendle-v2,mellow-restaking,69.9,product token held by a counted product
2025-04,pendle-v2,meth-protocol,28.52,staking token held by a counted product
2025-04,pendle-v2,origin-ether,313.1,product token held by a counted product
2025-04,pendle-v2,puffer-stake,8270.45,staking token held by a counted product
2025-04,pendle-v2,renzo,1726.79,staking token held by a counted product
2025-04,pendle-v2,rocket-pool,2003.89,staking token held by a counted product
2025-04,pendle-v2,stader,43.15,staking token held by a counted product
2025-04,pendle-v2,swell-liquid-restaking,4285.32,staking token held by a counted product
2025-04,pendle-v2,swell-liquid-staking,1084.98,staking token held by a counted product
2025-04,pendle-v2,upshift,6895.46,product token held by a counted product
2025-04,pendle-v2,veda,5442.08,product token held by a counted product
2025-04,radpie,radpie,338.1,leftover: balance unchanged since 2024-10
2025-04,reaper-farm,lido,19.54,staking token held by a counted product
2025-04,reserve-protocol,coinbase-wrapped-staked-eth,1652.82,staking token held by a counted product
2025-04,reserve-protocol,frax-ether,13244.19,staking token held by a counted product
2025-04,reserve-protocol,lido,33210.85,staking token held by a counted product
2025-04,reserve-protocol,origin-ether,1660.59,product token held by a counted product
2025-04,reserve-protocol,rocket-pool,13243.8,staking token held by a counted product
2025-04,reserve-protocol,stader,5041.65,staking token held by a counted product
2025-04,ribbon,lido,9.08,staking token held by a counted product
2025-04,ribbon,rocket-pool,11.74,staking token held by a counted product
2025-04,ribbon-earn,ribbon-earn,428.58,leftover: balance unchanged since 2024-10
2025-04,set-protocol,ankr,6.19,staking token held by a counted product
2025-04,set-protocol,coinbase-wrapped-staked-eth,5.87,staking token held by a counted product
2025-04,set-protocol,frax-ether,5.97,staking token held by a counted product
2025-04,set-protocol,lido,37.14,staking token held by a counted product
2025-04,set-protocol,rocket-pool,5.66,staking token held by a counted product
2025-04,sommelier,lido,311.79,staking token held by a counted product
2025-04,sophon-farm,ether.fi-stake,1242.71,staking token held by a counted product
2025-04,sophon-farm,lido,3576.05,staking token held by a counted product
2025-04,spectra-v2,kelp,2.89,staking token held by a counted product
2025-04,spectra-v2,lido,7922.71,staking token held by a counted product
2025-04,spectra-v2,origin-ether,29.92,product token held by a counted product
2025-04,stafi,stafi,2373.46,leftover: balance unchanged since 2025-01
2025-04,stakestone-berachain-vault,stakestone-stone,15.75,staking token held by a counted product
2025-04,swell-l2-farm,eigenpie,29797.12,product token held by a counted product
2025-04,swell-l2-farm,ether.fi-stake,695.25,staking token held by a counted product
2025-04,swell-l2-farm,frax-ether,11.41,staking token held by a counted product
2025-04,swell-l2-farm,lido,111.3,staking token held by a counted product
2025-04,swell-l2-farm,renzo,168.28,staking token held by a counted product
2025-04,swell-l2-farm,stakestone-stone,17.82,staking token held by a counted product
2025-04,swell-l2-farm,swell-liquid-restaking,2335.79,staking token held by a counted product
2025-04,swell-l2-farm,swell-liquid-staking,889.36,staking token held by a counted product
2025-04,symbiotic,symbiotic,323884.13,restaking-token issuers already count this
2025-04,theo-straddle-vaults,ether.fi-stake,4153.48,staking token held by a counted product
2025-04,tranchess-yield,ether.fi-stake,7.33,staking token held by a counted product
2025-04,tranchess-yield,lido,116.13,staking token held by a counted product
2025-04,tranchess-yield,stakestone-stone,495.8,staking token held by a counted product
2025-04,treehouse-protocol,loops,117279.89,loop product: its positions are inside leveraged staking on lending markets
2025-04,trevee-earn,ether.fi-stake,1459.76,staking token held by a counted product
2025-04,trevee-earn,lido,8983.09,staking token held by a counted product
2025-04,unipower,unipower,108.26,leftover: balance unchanged since 2024-10
2025-04,upshift,gain,63272.88,nested holding
2025-04,upshift,kelp,50433.94,staking token held by a counted product
2025-04,upshift,lido,9393.72,staking token held by a counted product
2025-04,vaultcraft,kelp,3951.11,staking token held by a counted product
2025-04,vaultcraft,lido,9.54,staking token held by a counted product
2025-04,vaultcraft,stader,5.15,staking token held by a counted product
2025-04,veda,ether.fi-stake,209316.71,ether.fi Liquid vaults booked as WETH by the Veda adapter hold eETH
2025-04,vesper,coinbase-wrapped-staked-eth,76.38,staking token held by a counted product
2025-04,vesper,lido,494.25,staking token held by a counted product
2025-04,vesper,rocket-pool,21.33,staking token held by a counted product
2025-04,vesper,symbiotic,221.67,"position in a Symbiotic vault, counted in the row that holds it"
2025-04,yield-yak-aggregator,meth-protocol,32.4,staking token held by a counted product
2025-04,yieldnest,frax-ether,40.07,staking token held by a counted product
2025-04,yieldnest,lido,2511.25,staking token held by a counted product
2025-04,yieldnest,meth-protocol,10.17,staking token held by a counted product
2025-04,yieldnest,origin-ether,1941.54,product token held by a counted product
2025-04,zircuit-staking,eigenpie,71838.96,product token held by a counted product
2025-04,zircuit-staking,ether.fi-stake,49334.39,staking token held by a counted product
2025-04,zircuit-staking,kelp,4498.74,staking token held by a counted product
2025-04,zircuit-staking,lido,23863.19,staking token held by a counted product
2025-04,zircuit-staking,liquid-collective,8378.63,staking token held by a counted product
2025-04,zircuit-staking,mellow-restaking,3260.81,product token held by a counted product
2025-04,zircuit-staking,meth-protocol,430.14,staking token held by a counted product
2025-04,zircuit-staking,puffer-stake,3578.45,staking token held by a counted product
2025-04,zircuit-staking,renzo,24627.52,staking token held by a counted product
2025-04,zircuit-staking,stakestone-stone,1171.54,staking token held by a counted product
2025-04,zircuit-staking,swell-liquid-restaking,1075.92,staking token held by a counted product
2025-04,zircuit-staking,swell-liquid-staking,215.99,staking token held by a counted product
2025-04,zircuit-staking,veda,41560.73,product token held by a counted product
2025-05,aave-v1,aave-v1,1593.9,leftover: balance unchanged since 2025-05
2025-05,arbitrove,arbitrove,176.48,leftover: balance unchanged since 2024-10
2025-05,belt-finance,belt-finance,548.05,leftover: balance unchanged since 2024-12
2025-05,bifrost-liquid-staking,bifrost-liquid-staking,883.42,leftover: balance unchanged since 2025-04
2025-05,blackwing,ether.fi-stake,221.65,staking token held by a counted product
2025-05,blackwing,kelp,210.18,staking token held by a counted product
2025-05,blackwing,puffer-stake,2.48,staking token held by a counted product
2025-05,blackwing,renzo,1074.31,staking token held by a counted product
2025-05,blackwing,swell-liquid-restaking,165.99,staking token held by a counted product
2025-05,blast-pre-launch-farm,lido,1052.76,staking token held by a counted product
2025-05,canopy,kelp,6493.95,staking token held by a counted product
2025-05,canopy,renzo,326.99,staking token held by a counted product
2025-05,carry:liquid-eth,veda,194955.5,DefiLlama row already counts this product
2025-05,carry:vesper-vaeth,vesper,1433.38,DefiLlama row already counts this product
2025-05,cian-yield-layer,loops,35407.08,loop product: its positions are inside leveraged staking on lending markets
2025-05,corn-kernels,ether.fi-stake,32.65,staking token held by a counted product
2025-05,corn-kernels,kelp,12.46,staking token held by a counted product
2025-05,creth2,creth2,683.66,leftover: balance unchanged since 2024-10
2025-05,cytonic-airdrop-campaign,ether.fi-stake,1.7,staking token held by a counted product
2025-05,cytonic-airdrop-campaign,lido,21.78,staking token held by a counted product
2025-05,cytonic-airdrop-campaign,meth-protocol,36.93,staking token held by a counted product
2025-05,cytonic-airdrop-campaign,origin-ether,46.05,product token held by a counted product
2025-05,cytonic-airdrop-campaign,puffer-stake,62.89,staking token held by a counted product
2025-05,cytonic-airdrop-campaign,renzo,3.4,staking token held by a counted product
2025-05,eigencloud,eigencloud,3464625.87,restaking-token issuers already count this
2025-05,eigenpie,ankr,11.38,staking token held by a counted product
2025-05,eigenpie,binance-staked-eth,438.06,staking token held by a counted product
2025-05,eigenpie,coinbase-wrapped-staked-eth,31.14,staking token held by a counted product
2025-05,eigenpie,frax-ether,62.84,staking token held by a counted product
2025-05,eigenpie,lido,74423.79,staking token held by a counted product
2025-05,eigenpie,liquid-collective,9.4,staking token held by a counted product
2025-05,eigenpie,meth-protocol,90.5,staking token held by a counted product
2025-05,eigenpie,origin-ether,10.15,product token held by a counted product
2025-05,eigenpie,rocket-pool,29.4,staking token held by a counted product
2025-05,eigenpie,stader,74.69,staking token held by a counted product
2025-05,eigenpie,stakewise-v3,8.74,staking token held by a counted product
2025-05,eigenpie,swell-liquid-staking,3051.58,staking token held by a counted product
2025-05,enzyme-finance,ether.fi-stake,8668.99,staking token held by a counted product
2025-05,enzyme-finance,kelp,17.38,staking token held by a counted product
2025-05,enzyme-finance,lido,10425.44,staking token held by a counted product
2025-05,enzyme-finance,renzo,40.84,staking token held by a counted product
2025-05,enzyme-finance,rocket-pool,82.17,staking token held by a counted product
2025-05,enzyme-finance,stader,19.61,staking token held by a counted product
2025-05,enzyme-finance,stakewise-v3,3.17,staking token held by a counted product
2025-05,enzyme-finance,swell-liquid-restaking,2.09,staking token held by a counted product
2025-05,enzyme-finance,swell-liquid-staking,400.38,staking token held by a counted product
2025-05,enzyme-finance,yieldnest,1.63,product token held by a counted product
2025-05,ether.fi-stake,ether.fi-stake,110591.34,held exceeds issuer row (cross-chain supply or adapter gap); floored at 0
2025-05,euclid-finance,euclid-finance,135.27,leftover: balance unchanged since 2024-11
2025-05,fluid-lite,loops,70183.15,loop product: its positions are inside leveraged staking on lending markets
2025-05,fusion-by-ipor,lido,55.32,staking token held by a counted product
2025-05,fyde-protocol,fyde-protocol,167.14,leftover: balance unchanged since 2025-03
2025-05,geth,geth,6954.32,leftover: balance unchanged since 2025-01
2025-05,hourglass,ether.fi-stake,6.63,staking token held by a counted product
2025-05,hyperbeat-earn,ether.fi-stake,319.07,staking token held by a counted product
2025-05,hyperbeat-earn,kelp,89.98,staking token held by a counted product
2025-05,hyperbeat-earn,lido,274.05,staking token held by a counted product
2025-05,hyperbeat-earn,mantle-restaking,2243.81,staking token held by a counted product
2025-05,hyperbeat-earn,stakestone-stone,544.73,staking token held by a counted product
2025-05,hyperbeat-earn,swell-liquid-staking,6.85,staking token held by a counted product
2025-05,inceptionlrt-(isolated-restaking),frax-ether,10.01,staking token held by a counted product
2025-05,inceptionlrt-(isolated-restaking),lido,21290.76,staking token held by a counted product
2025-05,inceptionlrt-(isolated-restaking),meth-protocol,5.71,staking token held by a counted product
2025-05,inceptionlrt-(isolated-restaking),origin-ether,5.2,product token held by a counted product
2025-05,inceptionlrt-(isolated-restaking),rocket-pool,5.92,staking token held by a counted product
2025-05,inceptionlrt-(isolated-restaking),stader,1.78,staking token held by a counted product
2025-05,inceptionlrt-(isolated-restaking),swell-liquid-staking,25.83,staking token held by a counted product
2025-05,index-coop,loops,1205.01,loop product: its positions are inside leveraged staking on lending markets
2025-05,juice-finance,ether.fi-stake,14.11,staking token held by a counted product
2025-05,juice-finance,renzo,86.87,staking token held by a counted product
2025-05,kelp,lido,244457.74,staking token held by a counted product
2025-05,kelp,stader,83267.55,staking token held by a counted product
2025-05,lagoon,ether.fi-stake,28.5,staking token held by a counted product
2025-05,latch,ether.fi-stake,1606.41,staking token held by a counted product
2025-05,latch,lido,162.02,staking token held by a counted product
2025-05,lending markets,bedrock-unieth,3.56,staking token posted in a lending market (leveraged staking or money markets)
2025-05,lending markets,binance-staked-eth,15814.95,staking token posted in a lending market (leveraged staking or money markets)
2025-05,lending markets,carry,53.49,carry products' own lending positions
2025-05,lending markets,coinbase-wrapped-staked-eth,23669.43,staking token posted in a lending market (leveraged staking or money markets)
2025-05,lending markets,dinero-(pxeth),101.71,staking token posted in a lending market (leveraged staking or money markets)
2025-05,lending markets,ether.fi-stake,2260201.27,staking token posted in a lending market (leveraged staking or money markets)
2025-05,lending markets,ether.fi-stake,110591.34,staking tokens in lending markets beyond the issuer's backing: taken out of money markets
2025-05,lending markets,frax-ether,14609.51,staking token posted in a lending market (leveraged staking or money markets)
2025-05,lending markets,kelp,396090.01,staking token posted in a lending market (leveraged staking or money markets)
2025-05,lending markets,lido,2614503.91,staking token posted in a lending market (leveraged staking or money markets)
2025-05,lending markets,liquid-collective,362.68,staking token posted in a lending market (leveraged staking or money markets)
2025-05,lending markets,loops,3724050.79,loops: ETH borrowed against staking tokens (collateral counted once)
2025-05,lending markets,mantle-restaking,4081.03,staking token posted in a lending market (leveraged staking or money markets)
2025-05,lending markets,mellow-restaking,22241.51,staking token posted in a lending market (leveraged staking or money markets)
2025-05,lending markets,meth-protocol,2779.06,staking token posted in a lending market (leveraged staking or money markets)
2025-05,lending markets,origin-ether,2946.06,staking token posted in a lending market (leveraged staking or money markets)
2025-05,lending markets,puffer-stake,8140.12,staking token posted in a lending market (leveraged staking or money markets)
2025-05,lending markets,renzo,227014.41,staking token posted in a lending market (leveraged staking or money markets)
2025-05,lending markets,reserve-protocol,40789.8,staking token posted in a lending market (leveraged staking or money markets)
2025-05,lending markets,rocket-pool,71220.61,staking token posted in a lending market (leveraged staking or money markets)
2025-05,lending markets,stader,21675.54,staking token posted in a lending market (leveraged staking or money markets)
2025-05,lending markets,stakestone-stone,1011.29,staking token posted in a lending market (leveraged staking or money markets)
2025-05,lending markets,stakewise-v3,275997.7,staking token posted in a lending market (leveraged staking or money markets)
2025-05,lending markets,swell-liquid-restaking,989.16,staking token posted in a lending market (leveraged staking or money markets)
2025-05,lending markets,swell-liquid-staking,310.33,staking token posted in a lending market (leveraged staking or money markets)
2025-05,lending markets,yieldnest,80.15,staking token posted in a lending market (leveraged staking or money markets)
2025-05,mantle-restaking,meth-protocol,207066.34,staking token held by a counted product
2025-05,mantle-restaking,veda,207066.34,nested holding
2025-05,mellow-restaking,lido,116638.41,staking token held by a counted product
2025-05,napier,dinero-(pxeth),61.0,staking token held by a counted product
2025-05,napier,ether.fi-stake,7.04,staking token held by a counted product
2025-05,napier,lido,920.8,staking token held by a counted product
2025-05,napier,mellow-restaking,2.43,product token held by a counted product
2025-05,native-credit-pool,meth-protocol,13.41,staking token held by a counted product
2025-05,native-credit-pool,puffer-stake,5.35,staking token held by a counted product
2025-05,native-credit-pool,stakestone-stone,3.86,staking token held by a counted product
2025-05,nucleus,dinero-(pxeth),1690.16,staking token held by a counted product
2025-05,nucleus,ether.fi-stake,944.32,staking token held by a counted product
2025-05,nucleus,frax-ether,21.79,staking token held by a counted product
2025-05,nucleus,lido,2.04,staking token held by a counted product
2025-05,nucleus,puffer-stake,1056.59,staking token held by a counted product
2025-05,nucleus,renzo,2001.74,staking token held by a counted product
2025-05,nucleus,swell-liquid-restaking,1869.14,staking token held by a counted product
2025-05,nucleus,swell-liquid-staking,1.29,staking token held by a counted product
2025-05,onx-finance,ankr,86.7,staking token held by a counted product
2025-05,opyn-convexity,opyn-convexity,229.35,leftover: balance unchanged since 2024-10
2025-05,opyn-gamma,opyn-gamma,1309.01,leftover: balance unchanged since 2025-02
2025-05,origami-finance,loops,1.86,loop product: its positions are inside leveraged staking on lending markets
2025-05,pendle-v2,bedrock-unieth,1881.18,staking token held by a counted product
2025-05,pendle-v2,binance-staked-eth,112.83,staking token held by a counted product
2025-05,pendle-v2,coinbase-wrapped-staked-eth,143.17,staking token held by a counted product
2025-05,pendle-v2,dinero-(pxeth),5.89,staking token held by a counted product
2025-05,pendle-v2,ether.fi-stake,12838.52,staking token held by a counted product
2025-05,pendle-v2,frax-ether,60.73,staking token held by a counted product
2025-05,pendle-v2,kelp,4653.4,staking token held by a counted product
2025-05,pendle-v2,lido,20063.47,staking token held by a counted product
2025-05,pendle-v2,mantle-restaking,5937.14,staking token held by a counted product
2025-05,pendle-v2,mellow-restaking,70.4,product token held by a counted product
2025-05,pendle-v2,meth-protocol,26.11,staking token held by a counted product
2025-05,pendle-v2,origin-ether,367.02,product token held by a counted product
2025-05,pendle-v2,puffer-stake,13636.17,staking token held by a counted product
2025-05,pendle-v2,renzo,1404.83,staking token held by a counted product
2025-05,pendle-v2,rocket-pool,2058.91,staking token held by a counted product
2025-05,pendle-v2,stader,38.56,staking token held by a counted product
2025-05,pendle-v2,swell-liquid-restaking,3964.78,staking token held by a counted product
2025-05,pendle-v2,swell-liquid-staking,1329.46,staking token held by a counted product
2025-05,pendle-v2,upshift,7843.05,product token held by a counted product
2025-05,pendle-v2,veda,7189.85,product token held by a counted product
2025-05,radpie,radpie,339.58,leftover: balance unchanged since 2024-10
2025-05,reaper-farm,lido,19.78,staking token held by a counted product
2025-05,reserve-protocol,coinbase-wrapped-staked-eth,1713.69,staking token held by a counted product
2025-05,reserve-protocol,frax-ether,18810.78,staking token held by a counted product
2025-05,reserve-protocol,lido,46464.42,staking token held by a counted product
2025-05,reserve-protocol,origin-ether,1717.33,product token held by a counted product
2025-05,reserve-protocol,rocket-pool,18807.63,staking token held by a counted product
2025-05,reserve-protocol,stader,7148.23,staking token held by a counted product
2025-05,ribbon,lido,9.15,staking token held by a counted product
2025-05,ribbon,rocket-pool,11.86,staking token held by a counted product
2025-05,ribbon-earn,ribbon-earn,429.58,leftover: balance unchanged since 2024-10
2025-05,set-protocol,ankr,6.19,staking token held by a counted product
2025-05,set-protocol,coinbase-wrapped-staked-eth,5.89,staking token held by a counted product
2025-05,set-protocol,frax-ether,5.99,staking token held by a counted product
2025-05,set-protocol,lido,37.31,staking token held by a counted product
2025-05,set-protocol,rocket-pool,5.67,staking token held by a counted product
2025-05,sommelier,lido,286.18,staking token held by a counted product
2025-05,sophon-farm,ether.fi-stake,825.51,staking token held by a counted product
2025-05,sophon-farm,lido,2546.64,staking token held by a counted product
2025-05,spectra-v2,kelp,2.82,staking token held by a counted product
2025-05,spectra-v2,lido,8354.53,staking token held by a counted product
2025-05,spectra-v2,origin-ether,19.66,product token held by a counted product
2025-05,stafi,stafi,2367.89,leftover: balance unchanged since 2025-01
2025-05,stakestone-berachain-vault,stakestone-stone,18976.33,staking token held by a counted product
2025-05,swell-l2-farm,eigenpie,29940.74,product token held by a counted product
2025-05,swell-l2-farm,ether.fi-stake,357.25,staking token held by a counted product
2025-05,swell-l2-farm,frax-ether,9.97,staking token held by a counted product
2025-05,swell-l2-farm,lido,80.12,staking token held by a counted product
2025-05,swell-l2-farm,renzo,135.81,staking token held by a counted product
2025-05,swell-l2-farm,stakestone-stone,17.76,staking token held by a counted product
2025-05,swell-l2-farm,swell-liquid-restaking,2142.18,staking token held by a counted product
2025-05,swell-l2-farm,swell-liquid-staking,788.95,staking token held by a counted product
2025-05,symbiotic,symbiotic,325234.66,restaking-token issuers already count this
2025-05,theo-straddle-vaults,ether.fi-stake,4481.74,staking token held by a counted product
2025-05,tranchess-yield,ether.fi-stake,7.31,staking token held by a counted product
2025-05,tranchess-yield,lido,116.73,staking token held by a counted product
2025-05,tranchess-yield,stakestone-stone,291.47,staking token held by a counted product
2025-05,treehouse-protocol,loops,123980.96,loop product: its positions are inside leveraged staking on lending markets
2025-05,trevee-earn,ether.fi-stake,1515.86,staking token held by a counted product
2025-05,trevee-earn,lido,5305.76,staking token held by a counted product
2025-05,unipower,unipower,107.69,leftover: balance unchanged since 2024-10
2025-05,upshift,gain,56283.49,nested holding
2025-05,upshift,kelp,47302.9,staking token held by a counted product
2025-05,upshift,lido,9443.82,staking token held by a counted product
2025-05,vaultcraft,kelp,11.74,staking token held by a counted product
2025-05,vaultcraft,lido,6.48,staking token held by a counted product
2025-05,vaultcraft,stader,5.2,staking token held by a counted product
2025-05,veda,ether.fi-stake,60756.8,ether.fi Liquid vaults booked as WETH by the Veda adapter hold eETH
2025-05,vesper,coinbase-wrapped-staked-eth,76.81,staking token held by a counted product
2025-05,vesper,lido,495.09,staking token held by a counted product
2025-05,vesper,rocket-pool,21.72,staking token held by a counted product
2025-05,vesper,symbiotic,209.0,"position in a Symbiotic vault, counted in the row that holds it"
2025-05,yieldnest,frax-ether,40.51,staking token held by a counted product
2025-05,yieldnest,lido,2960.56,staking token held by a counted product
2025-05,yieldnest,meth-protocol,14.61,staking token held by a counted product
2025-05,yieldnest,origin-ether,2000.09,product token held by a counted product
2025-05,zircuit-staking,eigenpie,72209.75,product token held by a counted product
2025-05,zircuit-staking,ether.fi-stake,43849.88,staking token held by a counted product
2025-05,zircuit-staking,kelp,4451.84,staking token held by a counted product
2025-05,zircuit-staking,lido,23971.46,staking token held by a counted product
2025-05,zircuit-staking,liquid-collective,8442.49,staking token held by a counted product
2025-05,zircuit-staking,mellow-restaking,2320.06,product token held by a counted product
2025-05,zircuit-staking,meth-protocol,27.74,staking token held by a counted product
2025-05,zircuit-staking,puffer-stake,3318.12,staking token held by a counted product
2025-05,zircuit-staking,renzo,17530.2,staking token held by a counted product
2025-05,zircuit-staking,stakestone-stone,1090.39,staking token held by a counted product
2025-05,zircuit-staking,swell-liquid-restaking,1064.91,staking token held by a counted product
2025-05,zircuit-staking,swell-liquid-staking,211.23,staking token held by a counted product
2025-05,zircuit-staking,veda,40318.09,product token held by a counted product
2025-06,aave-v1,aave-v1,1590.84,leftover: balance unchanged since 2025-05
2025-06,arbitrove,arbitrove,176.14,leftover: balance unchanged since 2024-10
2025-06,belt-finance,belt-finance,545.73,leftover: balance unchanged since 2024-12
2025-06,bifrost-liquid-staking,bifrost-liquid-staking,881.49,leftover: balance unchanged since 2025-04
2025-06,blackwing,ether.fi-stake,209.69,staking token held by a counted product
2025-06,blackwing,kelp,204.78,staking token held by a counted product
2025-06,blackwing,puffer-stake,2.45,staking token held by a counted product
2025-06,blackwing,renzo,942.0,staking token held by a counted product
2025-06,blackwing,swell-liquid-restaking,159.21,staking token held by a counted product
2025-06,blast-pre-launch-farm,lido,1040.41,staking token held by a counted product
2025-06,canopy,kelp,3633.99,staking token held by a counted product
2025-06,canopy,renzo,77.62,staking token held by a counted product
2025-06,carry:liquid-eth,veda,191748.42,DefiLlama row already counts this product
2025-06,carry:vesper-vaeth,vesper,1463.5,DefiLlama row already counts this product
2025-06,cian-yield-layer,loops,30072.3,loop product: its positions are inside leveraged staking on lending markets
2025-06,corn-kernels,ether.fi-stake,29.32,staking token held by a counted product
2025-06,corn-kernels,kelp,8.12,staking token held by a counted product
2025-06,creth2,creth2,681.52,leftover: balance unchanged since 2024-10
2025-06,cytonic-airdrop-campaign,lido,21.72,staking token held by a counted product
2025-06,cytonic-airdrop-campaign,origin-ether,42.23,product token held by a counted product
2025-06,cytonic-airdrop-campaign,puffer-stake,62.59,staking token held by a counted product
2025-06,cytonic-airdrop-campaign,renzo,3.11,staking token held by a counted product
2025-06,eigencloud,eigencloud,3509216.03,restaking-token issuers already count this
2025-06,eigenpie,ankr,11.32,staking token held by a counted product
2025-06,eigenpie,binance-staked-eth,237.37,staking token held by a counted product
2025-06,eigenpie,coinbase-wrapped-staked-eth,30.93,staking token held by a counted product
2025-06,eigenpie,frax-ether,41.37,staking token held by a counted product
2025-06,eigenpie,lido,74082.93,staking token held by a counted product
2025-06,eigenpie,liquid-collective,9.35,staking token held by a counted product
2025-06,eigenpie,meth-protocol,89.48,staking token held by a counted product
2025-06,eigenpie,origin-ether,10.06,product token held by a counted product
2025-06,eigenpie,rocket-pool,29.19,staking token held by a counted product
2025-06,eigenpie,stader,67.15,staking token held by a counted product
2025-06,eigenpie,stakewise-v3,8.69,staking token held by a counted product
2025-06,eigenpie,swell-liquid-staking,2986.98,staking token held by a counted product
2025-06,enzyme-finance,ether.fi-stake,8799.78,staking token held by a counted product
2025-06,enzyme-finance,kelp,17.27,staking token held by a counted product
2025-06,enzyme-finance,lido,10378.76,staking token held by a counted product
2025-06,enzyme-finance,renzo,40.5,staking token held by a counted product
2025-06,enzyme-finance,rocket-pool,81.39,staking token held by a counted product
2025-06,enzyme-finance,stakewise-v3,3.14,staking token held by a counted product
2025-06,enzyme-finance,swell-liquid-restaking,2.07,staking token held by a counted product
2025-06,enzyme-finance,swell-liquid-staking,386.83,staking token held by a counted product
2025-06,enzyme-finance,yieldnest,1.39,product token held by a counted product
2025-06,ether.fi-stake,ether.fi-stake,54827.1,held exceeds issuer row (cross-chain supply or adapter gap); floored at 0
2025-06,euclid-finance,euclid-finance,128.07,leftover: balance unchanged since 2024-11
2025-06,fluid-lite,loops,69110.5,loop product: its positions are inside leveraged staking on lending markets
2025-06,fusion-by-ipor,lido,55.0,staking token held by a counted product
2025-06,fyde-protocol,fyde-protocol,163.68,leftover: balance unchanged since 2025-03
2025-06,geth,geth,6954.32,leftover: balance unchanged since 2025-01
2025-06,hourglass,ether.fi-stake,4.29,staking token held by a counted product
2025-06,inceptionlrt-(isolated-restaking),frax-ether,3.62,staking token held by a counted product
2025-06,inceptionlrt-(isolated-restaking),lido,15492.37,staking token held by a counted product
2025-06,inceptionlrt-(isolated-restaking),meth-protocol,5.34,staking token held by a counted product
2025-06,inceptionlrt-(isolated-restaking),origin-ether,5.04,product token held by a counted product
2025-06,inceptionlrt-(isolated-restaking),rocket-pool,5.81,staking token held by a counted product
2025-06,inceptionlrt-(isolated-restaking),stader,1.76,staking token held by a counted product
2025-06,inceptionlrt-(isolated-restaking),swell-liquid-staking,23.77,staking token held by a counted product
2025-06,index-coop,loops,1055.95,loop product: its positions are inside leveraged staking on lending markets
2025-06,juice-finance,ether.fi-stake,14.07,staking token held by a counted product
2025-06,juice-finance,renzo,86.08,staking token held by a counted product
2025-06,kelp,lido,232908.87,staking token held by a counted product
2025-06,kelp,stader,83568.28,staking token held by a counted product
2025-06,lagoon,ether.fi-stake,28.94,staking token held by a counted product
2025-06,latch,ether.fi-stake,1391.37,staking token held by a counted product
2025-06,latch,lido,161.41,staking token held by a counted product
2025-06,lending markets,bedrock-unieth,3.34,staking token posted in a lending market (leveraged staking or money markets)
2025-06,lending markets,binance-staked-eth,21459.06,staking token posted in a lending market (leveraged staking or money markets)
2025-06,lending markets,carry,71.03,carry products' own lending positions
2025-06,lending markets,coinbase-wrapped-staked-eth,23405.77,staking token posted in a lending market (leveraged staking or money markets)
2025-06,lending markets,dinero-(pxeth),75.87,staking token posted in a lending market (leveraged staking or money markets)
2025-06,lending markets,ether.fi-stake,2267982.04,staking token posted in a lending market (leveraged staking or money markets)
2025-06,lending markets,ether.fi-stake,54827.1,staking tokens in lending markets beyond the issuer's backing: taken out of money markets
2025-06,lending markets,frax-ether,14394.0,staking token posted in a lending market (leveraged staking or money markets)
2025-06,lending markets,kelp,389976.04,staking token posted in a lending market (leveraged staking or money markets)
2025-06,lending markets,lido,2494327.67,staking token posted in a lending market (leveraged staking or money markets)
2025-06,lending markets,loops,3625861.55,loops: ETH borrowed against staking tokens (collateral counted once)
2025-06,lending markets,mantle-restaking,3741.53,staking token posted in a lending market (leveraged staking or money markets)
2025-06,lending markets,mellow-restaking,26987.52,staking token posted in a lending market (leveraged staking or money markets)
2025-06,lending markets,meth-protocol,2911.76,staking token posted in a lending market (leveraged staking or money markets)
2025-06,lending markets,origin-ether,2722.32,staking token posted in a lending market (leveraged staking or money markets)
2025-06,lending markets,puffer-stake,8004.76,staking token posted in a lending market (leveraged staking or money markets)
2025-06,lending markets,renzo,230070.5,staking token posted in a lending market (leveraged staking or money markets)
2025-06,lending markets,reserve-protocol,49392.51,staking token posted in a lending market (leveraged staking or money markets)
2025-06,lending markets,rocket-pool,70509.46,staking token posted in a lending market (leveraged staking or money markets)
2025-06,lending markets,stader,24003.99,staking token posted in a lending market (leveraged staking or money markets)
2025-06,lending markets,stakestone-stone,1247.95,staking token posted in a lending market (leveraged staking or money markets)
2025-06,lending markets,stakewise-v3,238631.86,staking token posted in a lending market (leveraged staking or money markets)
2025-06,lending markets,swell-liquid-restaking,985.59,staking token posted in a lending market (leveraged staking or money markets)
2025-06,lending markets,swell-liquid-staking,243.94,staking token posted in a lending market (leveraged staking or money markets)
2025-06,lending markets,yieldnest,12.3,staking token posted in a lending market (leveraged staking or money markets)
2025-06,mantle-restaking,meth-protocol,210603.55,staking token held by a counted product
2025-06,mantle-restaking,veda,210603.55,nested holding
2025-06,mellow-restaking,lido,104662.8,staking token held by a counted product
2025-06,napier,dinero-(pxeth),107.88,staking token held by a counted product
2025-06,napier,ether.fi-stake,7.03,staking token held by a counted product
2025-06,napier,lido,828.84,staking token held by a counted product
2025-06,napier,mellow-restaking,2.66,product token held by a counted product
2025-06,native-credit-pool,meth-protocol,1.58,staking token held by a counted product
2025-06,native-credit-pool,puffer-stake,5.28,staking token held by a counted product
2025-06,native-credit-pool,stakestone-stone,3.85,staking token held by a counted product
2025-06,nucleus,dinero-(pxeth),1681.52,staking token held by a counted product
2025-06,nucleus,ether.fi-stake,436.88,staking token held by a counted product
2025-06,nucleus,frax-ether,19.95,staking token held by a counted product
2025-06,nucleus,lido,2.0,staking token held by a counted product
2025-06,nucleus,puffer-stake,239.52,staking token held by a counted product
2025-06,nucleus,renzo,1985.65,staking token held by a counted product
2025-06,nucleus,swell-liquid-restaking,1861.43,staking token held by a counted product
2025-06,nucleus,swell-liquid-staking,2.71,staking token held by a counted product
2025-06,onx-finance,ankr,84.68,staking token held by a counted product
2025-06,opyn-convexity,opyn-convexity,229.35,leftover: balance unchanged since 2024-10
2025-06,opyn-gamma,opyn-gamma,1513.8,leftover: balance unchanged since 2025-02
2025-06,origami-finance,loops,1.92,loop product: its positions are inside leveraged staking on lending markets
2025-06,pendle-v2,bedrock-unieth,1889.29,staking token held by a counted product
2025-06,pendle-v2,binance-staked-eth,111.31,staking token held by a counted product
2025-06,pendle-v2,coinbase-wrapped-staked-eth,144.72,staking token held by a counted product
2025-06,pendle-v2,dinero-(pxeth),5.86,staking token held by a counted product
2025-06,pendle-v2,ether.fi-stake,6927.83,staking token held by a counted product
2025-06,pendle-v2,frax-ether,60.0,staking token held by a counted product
2025-06,pendle-v2,kelp,3835.7,staking token held by a counted product
2025-06,pendle-v2,lido,21604.29,staking token held by a counted product
2025-06,pendle-v2,mantle-restaking,3208.0,staking token held by a counted product
2025-06,pendle-v2,mellow-restaking,158.88,product token held by a counted product
2025-06,pendle-v2,meth-protocol,18.91,staking token held by a counted product
2025-06,pendle-v2,origin-ether,329.37,product token held by a counted product
2025-06,pendle-v2,puffer-stake,4021.96,staking token held by a counted product
2025-06,pendle-v2,renzo,1323.17,staking token held by a counted product
2025-06,pendle-v2,rocket-pool,1545.15,staking token held by a counted product
2025-06,pendle-v2,stader,38.33,staking token held by a counted product
2025-06,pendle-v2,swell-liquid-restaking,3172.69,staking token held by a counted product
2025-06,pendle-v2,swell-liquid-staking,1293.1,staking token held by a counted product
2025-06,pendle-v2,upshift,2442.51,product token held by a counted product
2025-06,pendle-v2,veda,3088.03,product token held by a counted product
2025-06,radpie,radpie,338.61,leftover: balance unchanged since 2024-10
2025-06,reaper-farm,lido,19.6,staking token held by a counted product
2025-06,reserve-protocol,coinbase-wrapped-staked-eth,1766.52,staking token held by a counted product
2025-06,reserve-protocol,frax-ether,19824.16,staking token held by a counted product
2025-06,reserve-protocol,lido,48906.25,staking token held by a counted product
2025-06,reserve-protocol,origin-ether,1785.83,product token held by a counted product
2025-06,reserve-protocol,rocket-pool,19800.9,staking token held by a counted product
2025-06,reserve-protocol,stader,7551.12,staking token held by a counted product
2025-06,ribbon,lido,9.11,staking token held by a counted product
2025-06,ribbon,rocket-pool,11.75,staking token held by a counted product
2025-06,ribbon-earn,ribbon-earn,429.92,leftover: balance unchanged since 2024-10
2025-06,set-protocol,ankr,6.11,staking token held by a counted product
2025-06,set-protocol,coinbase-wrapped-staked-eth,5.8,staking token held by a counted product
2025-06,set-protocol,frax-ether,5.82,staking token held by a counted product
2025-06,set-protocol,lido,37.17,staking token held by a counted product
2025-06,set-protocol,rocket-pool,5.59,staking token held by a counted product
2025-06,sommelier,lido,286.28,staking token held by a counted product
2025-06,sophon-farm,ether.fi-stake,551.17,staking token held by a counted product
2025-06,sophon-farm,lido,2523.12,staking token held by a counted product
2025-06,spectra-v2,kelp,2.8,staking token held by a counted product
2025-06,spectra-v2,lido,8422.02,staking token held by a counted product
2025-06,spectra-v2,origin-ether,33.29,product token held by a counted product
2025-06,stafi,stafi,2350.56,leftover: balance unchanged since 2025-01
2025-06,stakestone-berachain-vault,stakestone-stone,2447.61,staking token held by a counted product
2025-06,swell-l2-farm,eigenpie,29710.56,product token held by a counted product
2025-06,swell-l2-farm,ether.fi-stake,343.2,staking token held by a counted product
2025-06,swell-l2-farm,frax-ether,8.84,staking token held by a counted product
2025-06,swell-l2-farm,lido,78.79,staking token held by a counted product
2025-06,swell-l2-farm,renzo,122.51,staking token held by a counted product
2025-06,swell-l2-farm,stakestone-stone,16.57,staking token held by a counted product
2025-06,swell-l2-farm,swell-liquid-restaking,2004.07,staking token held by a counted product
2025-06,swell-l2-farm,swell-liquid-staking,754.85,staking token held by a counted product
2025-06,symbiotic,symbiotic,319137.83,restaking-token issuers already count this
2025-06,terminal-finance-pre-deposits,ether.fi-stake,4326.36,staking token held by a counted product
2025-06,theo-straddle-vaults,ether.fi-stake,4168.29,staking token held by a counted product
2025-06,tranchess-yield,ether.fi-stake,7.27,staking token held by a counted product
2025-06,tranchess-yield,lido,22.81,staking token held by a counted product
2025-06,tranchess-yield,stakestone-stone,276.18,staking token held by a counted product
2025-06,treehouse-protocol,loops,125465.44,loop product: its positions are inside leveraged staking on lending markets
2025-06,trevee-earn,ether.fi-stake,1360.5,staking token held by a counted product
2025-06,trevee-earn,lido,5120.76,staking token held by a counted product
2025-06,unipower,unipower,106.89,leftover: balance unchanged since 2024-10
2025-06,upshift,gain,58374.85,nested holding
2025-06,upshift,kelp,49446.84,staking token held by a counted product
2025-06,upshift,lido,9308.72,staking token held by a counted product
2025-06,vaultcraft,kelp,7.52,staking token held by a counted product
2025-06,vaultcraft,lido,5.7,staking token held by a counted product
2025-06,vaultcraft,stader,5.54,staking token held by a counted product
2025-06,veda,ether.fi-stake,56684.51,ether.fi Liquid vaults booked as WETH by the Veda adapter hold eETH
2025-06,veda,meth-protocol,509.46,staking token held by a counted product
2025-06,vesper,coinbase-wrapped-staked-eth,75.49,staking token held by a counted product
2025-06,vesper,lido,487.58,staking token held by a counted product
2025-06,vesper,rocket-pool,21.06,staking token held by a counted product
2025-06,vesper,symbiotic,209.29,"position in a Symbiotic vault, counted in the row that holds it"
2025-06,yieldnest,frax-ether,40.14,staking token held by a counted product
2025-06,yieldnest,lido,3099.54,staking token held by a counted product
2025-06,yieldnest,meth-protocol,37.24,staking token held by a counted product
2025-06,yieldnest,origin-ether,1981.9,product token held by a counted product
2025-06,zircuit-staking,eigenpie,71932.19,product token held by a counted product
2025-06,zircuit-staking,ether.fi-stake,40237.92,staking token held by a counted product
2025-06,zircuit-staking,kelp,4230.05,staking token held by a counted product
2025-06,zircuit-staking,lido,23448.75,staking token held by a counted product
2025-06,zircuit-staking,liquid-collective,8385.65,staking token held by a counted product
2025-06,zircuit-staking,mellow-restaking,2159.52,product token held by a counted product
2025-06,zircuit-staking,meth-protocol,27.41,staking token held by a counted product
2025-06,zircuit-staking,puffer-stake,3202.28,staking token held by a counted product
2025-06,zircuit-staking,renzo,15062.27,staking token held by a counted product
2025-06,zircuit-staking,stakestone-stone,1001.19,staking token held by a counted product
2025-06,zircuit-staking,swell-liquid-restaking,1010.6,staking token held by a counted product
2025-06,zircuit-staking,swell-liquid-staking,206.35,staking token held by a counted product
2025-06,zircuit-staking,veda,38166.78,product token held by a counted product
2025-07,aave-v1,aave-v1,1589.18,leftover: balance unchanged since 2025-05
2025-07,arbitrove,arbitrove,176.39,leftover: balance unchanged since 2024-10
2025-07,belt-finance,belt-finance,543.11,leftover: balance unchanged since 2024-12
2025-07,bifrost-liquid-staking,bifrost-liquid-staking,845.95,leftover: balance unchanged since 2025-04
2025-07,blackwing,ether.fi-stake,157.22,staking token held by a counted product
2025-07,blackwing,kelp,187.36,staking token held by a counted product
2025-07,blackwing,puffer-stake,2.35,staking token held by a counted product
2025-07,blackwing,renzo,716.91,staking token held by a counted product
2025-07,blackwing,swell-liquid-restaking,157.12,staking token held by a counted product
2025-07,blast-pre-launch-farm,lido,1030.78,staking token held by a counted product
2025-07,canopy,kelp,3060.2,staking token held by a counted product
2025-07,canopy,renzo,63.25,staking token held by a counted product
2025-07,carry:liquid-eth,veda,200467.34,DefiLlama row already counts this product
2025-07,carry:vesper-vaeth,vesper,1448.45,DefiLlama row already counts this product
2025-07,cian-yield-layer,loops,28236.32,loop product: its positions are inside leveraged staking on lending markets
2025-07,corn-kernels,ether.fi-stake,19.82,staking token held by a counted product
2025-07,corn-kernels,kelp,3.09,staking token held by a counted product
2025-07,creth2,creth2,681.4,leftover: balance unchanged since 2024-10
2025-07,cytonic-airdrop-campaign,lido,21.77,staking token held by a counted product
2025-07,cytonic-airdrop-campaign,origin-ether,39.58,product token held by a counted product
2025-07,cytonic-airdrop-campaign,puffer-stake,63.15,staking token held by a counted product
2025-07,cytonic-airdrop-campaign,renzo,2.98,staking token held by a counted product
2025-07,eigencloud,eigencloud,3461426.97,restaking-token issuers already count this
2025-07,eigenpie,binance-staked-eth,436.52,staking token held by a counted product
2025-07,eigenpie,coinbase-wrapped-staked-eth,29.28,staking token held by a counted product
2025-07,eigenpie,eigenpie,24058.76,held exceeds issuer row (cross-chain supply or adapter gap); floored at 0
2025-07,eigenpie,frax-ether,118.77,staking token held by a counted product
2025-07,eigenpie,lido,1646.6,staking token held by a counted product
2025-07,eigenpie,liquid-collective,2.18,staking token held by a counted product
2025-07,eigenpie,meth-protocol,114.24,staking token held by a counted product
2025-07,eigenpie,origin-ether,2.21,product token held by a counted product
2025-07,eigenpie,rocket-pool,32.55,staking token held by a counted product
2025-07,eigenpie,stader,76.23,staking token held by a counted product
2025-07,eigenpie,stakewise-v3,2.4,staking token held by a counted product
2025-07,eigenpie,swell-liquid-staking,3135.41,staking token held by a counted product
2025-07,enzyme-finance,ether.fi-stake,8836.12,staking token held by a counted product
2025-07,enzyme-finance,kelp,15.33,staking token held by a counted product
2025-07,enzyme-finance,lido,10315.22,staking token held by a counted product
2025-07,enzyme-finance,renzo,20.7,staking token held by a counted product
2025-07,enzyme-finance,rocket-pool,81.3,staking token held by a counted product
2025-07,enzyme-finance,swell-liquid-staking,377.76,staking token held by a counted product
2025-07,enzyme-finance,yieldnest,1.18,product token held by a counted product
2025-07,ether.fi-stake,ether.fi-stake,198496.15,held exceeds issuer row (cross-chain supply or adapter gap); floored at 0
2025-07,euclid-finance,euclid-finance,121.08,leftover: balance unchanged since 2024-11
2025-07,fluid-lite,loops,54744.94,loop product: its positions are inside leveraged staking on lending markets
2025-07,fusion-by-ipor,lido,54.98,staking token held by a counted product
2025-07,fyde-protocol,fyde-protocol,151.62,leftover: balance unchanged since 2025-03
2025-07,geth,geth,6954.32,leftover: balance unchanged since 2025-01
2025-07,hourglass,ether.fi-stake,4.29,staking token held by a counted product
2025-07,inceptionlrt-(isolated-restaking),frax-ether,3.44,staking token held by a counted product
2025-07,inceptionlrt-(isolated-restaking),lido,2911.93,staking token held by a counted product
2025-07,inceptionlrt-(isolated-restaking),meth-protocol,4.73,staking token held by a counted product
2025-07,inceptionlrt-(isolated-restaking),rocket-pool,2.45,staking token held by a counted product
2025-07,inceptionlrt-(isolated-restaking),stader,1.39,staking token held by a counted product
2025-07,inceptionlrt-(isolated-restaking),swell-liquid-staking,13.79,staking token held by a counted product
2025-07,index-coop,loops,677.76,loop product: its positions are inside leveraged staking on lending markets
2025-07,juice-finance,ether.fi-stake,6.38,staking token held by a counted product
2025-07,juice-finance,renzo,85.88,staking token held by a counted product
2025-07,kelp,lido,222786.89,staking token held by a counted product
2025-07,kelp,stader,84479.27,staking token held by a counted product
2025-07,latch,ether.fi-stake,1603.84,staking token held by a counted product
2025-07,latch,lido,161.73,staking token held by a counted product
2025-07,lending markets,bedrock-unieth,3.46,staking token posted in a lending market (leveraged staking or money markets)
2025-07,lending markets,binance-staked-eth,20661.21,staking token posted in a lending market (leveraged staking or money markets)
2025-07,lending markets,carry,26.32,carry products' own lending positions
2025-07,lending markets,coinbase-wrapped-staked-eth,24359.71,staking token posted in a lending market (leveraged staking or money markets)
2025-07,lending markets,dinero-(pxeth),71.75,staking token posted in a lending market (leveraged staking or money markets)
2025-07,lending markets,ether.fi-stake,2588288.34,staking token posted in a lending market (leveraged staking or money markets)
2025-07,lending markets,ether.fi-stake,198496.15,staking tokens in lending markets beyond the issuer's backing: taken out of money markets
2025-07,lending markets,frax-ether,12797.67,staking token posted in a lending market (leveraged staking or money markets)
2025-07,lending markets,kelp,387959.04,staking token posted in a lending market (leveraged staking or money markets)
2025-07,lending markets,lido,2434212.49,staking token posted in a lending market (leveraged staking or money markets)
2025-07,lending markets,loops,3546805.99,loops: ETH borrowed against staking tokens (collateral counted once)
2025-07,lending markets,mantle-restaking,3011.22,staking token posted in a lending market (leveraged staking or money markets)
2025-07,lending markets,mellow-restaking,29300.07,staking token posted in a lending market (leveraged staking or money markets)
2025-07,lending markets,meth-protocol,4009.37,staking token posted in a lending market (leveraged staking or money markets)
2025-07,lending markets,origin-ether,4614.52,staking token posted in a lending market (leveraged staking or money markets)
2025-07,lending markets,puffer-stake,6680.45,staking token posted in a lending market (leveraged staking or money markets)
2025-07,lending markets,renzo,231100.09,staking token posted in a lending market (leveraged staking or money markets)
2025-07,lending markets,reserve-protocol,65210.43,staking token posted in a lending market (leveraged staking or money markets)
2025-07,lending markets,rocket-pool,66521.46,staking token posted in a lending market (leveraged staking or money markets)
2025-07,lending markets,stader,23769.79,staking token posted in a lending market (leveraged staking or money markets)
2025-07,lending markets,stakestone-stone,886.22,staking token posted in a lending market (leveraged staking or money markets)
2025-07,lending markets,stakewise-v3,234778.32,staking token posted in a lending market (leveraged staking or money markets)
2025-07,lending markets,swell-liquid-restaking,928.09,staking token posted in a lending market (leveraged staking or money markets)
2025-07,lending markets,swell-liquid-staking,249.37,staking token posted in a lending market (leveraged staking or money markets)
2025-07,lending markets,yieldnest,12.58,staking token posted in a lending market (leveraged staking or money markets)
2025-07,mantle-restaking,meth-protocol,208554.84,staking token held by a counted product
2025-07,mantle-restaking,veda,208554.84,nested holding
2025-07,mellow-restaking,lido,112215.35,staking token held by a counted product
2025-07,napier,dinero-(pxeth),96.93,staking token held by a counted product
2025-07,napier,ether.fi-stake,7.71,staking token held by a counted product
2025-07,napier,lido,1016.44,staking token held by a counted product
2025-07,napier,mellow-restaking,2.96,product token held by a counted product
2025-07,nimbora-yield,nimbora-yield,78.24,leftover: balance unchanged since 2025-07
2025-07,nucleus,dinero-(pxeth),868.32,staking token held by a counted product
2025-07,nucleus,ether.fi-stake,593.99,staking token held by a counted product
2025-07,nucleus,frax-ether,9.54,staking token held by a counted product
2025-07,nucleus,lido,1.76,staking token held by a counted product
2025-07,nucleus,puffer-stake,338.91,staking token held by a counted product
2025-07,nucleus,renzo,490.2,staking token held by a counted product
2025-07,nucleus,swell-liquid-restaking,33.28,staking token held by a counted product
2025-07,nucleus,swell-liquid-staking,22.26,staking token held by a counted product
2025-07,onx-finance,ankr,86.65,staking token held by a counted product
2025-07,opyn-convexity,opyn-convexity,229.35,leftover: balance unchanged since 2024-10
2025-07,opyn-gamma,opyn-gamma,418.09,leftover: balance unchanged since 2025-02
2025-07,origami-finance,loops,1.55,loop product: its positions are inside leveraged staking on lending markets
2025-07,pendle-v2,bedrock-unieth,995.66,staking token held by a counted product
2025-07,pendle-v2,binance-staked-eth,108.78,staking token held by a counted product
2025-07,pendle-v2,coinbase-wrapped-staked-eth,212.14,staking token held by a counted product
2025-07,pendle-v2,dinero-(pxeth),5.34,staking token held by a counted product
2025-07,pendle-v2,ether.fi-stake,4365.36,staking token held by a counted product
2025-07,pendle-v2,frax-ether,55.68,staking token held by a counted product
2025-07,pendle-v2,kelp,2313.4,staking token held by a counted product
2025-07,pendle-v2,lido,20984.51,staking token held by a counted product
2025-07,pendle-v2,mantle-restaking,3367.9,staking token held by a counted product
2025-07,pendle-v2,mellow-restaking,151.74,product token held by a counted product
2025-07,pendle-v2,meth-protocol,18.19,staking token held by a counted product
2025-07,pendle-v2,origin-ether,255.14,product token held by a counted product
2025-07,pendle-v2,puffer-stake,1697.51,staking token held by a counted product
2025-07,pendle-v2,renzo,1155.19,staking token held by a counted product
2025-07,pendle-v2,rocket-pool,1558.31,staking token held by a counted product
2025-07,pendle-v2,stader,38.52,staking token held by a counted product
2025-07,pendle-v2,swell-liquid-restaking,3385.53,staking token held by a counted product
2025-07,pendle-v2,swell-liquid-staking,777.55,staking token held by a counted product
2025-07,pendle-v2,upshift,1692.77,product token held by a counted product
2025-07,pendle-v2,veda,2120.2,product token held by a counted product
2025-07,radpie,radpie,339.03,leftover: balance unchanged since 2024-10
2025-07,reaper-farm,lido,19.65,staking token held by a counted product
2025-07,reserve-protocol,coinbase-wrapped-staked-eth,1727.84,staking token held by a counted product
2025-07,reserve-protocol,frax-ether,18335.55,staking token held by a counted product
2025-07,reserve-protocol,lido,45335.22,staking token held by a counted product
2025-07,reserve-protocol,origin-ether,2535.79,product token held by a counted product
2025-07,reserve-protocol,rocket-pool,18235.01,staking token held by a counted product
2025-07,reserve-protocol,stader,6992.32,staking token held by a counted product
2025-07,ribbon,lido,9.09,staking token held by a counted product
2025-07,ribbon,rocket-pool,11.74,staking token held by a counted product
2025-07,ribbon-earn,ribbon-earn,426.86,leftover: balance unchanged since 2024-10
2025-07,set-protocol,ankr,6.06,staking token held by a counted product
2025-07,set-protocol,coinbase-wrapped-staked-eth,5.72,staking token held by a counted product
2025-07,set-protocol,frax-ether,5.85,staking token held by a counted product
2025-07,set-protocol,lido,37.13,staking token held by a counted product
2025-07,set-protocol,rocket-pool,5.51,staking token held by a counted product
2025-07,sommelier,lido,277.63,staking token held by a counted product
2025-07,sophon-farm,ether.fi-stake,128.63,staking token held by a counted product
2025-07,sophon-farm,lido,104.28,staking token held by a counted product
2025-07,spectra-v2,lido,11.18,staking token held by a counted product
2025-07,spectra-v2,origin-ether,19.41,product token held by a counted product
2025-07,stafi,stafi,2333.34,leftover: balance unchanged since 2025-01
2025-07,stakestone-berachain-vault,stakestone-stone,1382.62,staking token held by a counted product
2025-07,swell-l2-farm,eigenpie,29853.49,product token held by a counted product
2025-07,swell-l2-farm,ether.fi-stake,264.83,staking token held by a counted product
2025-07,swell-l2-farm,frax-ether,6.63,staking token held by a counted product
2025-07,swell-l2-farm,lido,57.59,staking token held by a counted product
2025-07,swell-l2-farm,renzo,108.06,staking token held by a counted product
2025-07,swell-l2-farm,stakestone-stone,16.97,staking token held by a counted product
2025-07,swell-l2-farm,swell-liquid-restaking,1814.74,staking token held by a counted product
2025-07,swell-l2-farm,swell-liquid-staking,741.25,staking token held by a counted product
2025-07,symbiotic,symbiotic,320961.88,restaking-token issuers already count this
2025-07,terminal-finance-pre-deposits,ether.fi-stake,9919.54,staking token held by a counted product
2025-07,theo-straddle-vaults,ether.fi-stake,3909.1,staking token held by a counted product
2025-07,tranchess-yield,ether.fi-stake,7.14,staking token held by a counted product
2025-07,tranchess-yield,lido,21.48,staking token held by a counted product
2025-07,tranchess-yield,stakestone-stone,242.63,staking token held by a counted product
2025-07,treehouse-protocol,loops,115955.09,loop product: its positions are inside leveraged staking on lending markets
2025-07,trevee-earn,ether.fi-stake,1282.37,staking token held by a counted product
2025-07,trevee-earn,lido,2466.81,staking token held by a counted product
2025-07,unipower,unipower,106.89,leftover: balance unchanged since 2024-10
2025-07,upshift,gain,51625.23,nested holding
2025-07,upshift,kelp,42015.65,staking token held by a counted product
2025-07,upshift,lido,7720.33,staking token held by a counted product
2025-07,vaultcraft,kelp,5.67,staking token held by a counted product
2025-07,vaultcraft,lido,5.74,staking token held by a counted product
2025-07,vaultcraft,stader,6.38,staking token held by a counted product
2025-07,veda,ether.fi-stake,56693.52,ether.fi Liquid vaults booked as WETH by the Veda adapter hold eETH
2025-07,veda,meth-protocol,2090.49,staking token held by a counted product
2025-07,vesper,coinbase-wrapped-staked-eth,112.77,staking token held by a counted product
2025-07,vesper,lido,483.13,staking token held by a counted product
2025-07,vesper,rocket-pool,12.96,staking token held by a counted product
2025-07,vesper,symbiotic,191.69,"position in a Symbiotic vault, counted in the row that holds it"
2025-07,yieldnest,frax-ether,40.32,staking token held by a counted product
2025-07,yieldnest,lido,4064.24,staking token held by a counted product
2025-07,yieldnest,meth-protocol,52.79,staking token held by a counted product
2025-07,yieldnest,origin-ether,2080.15,product token held by a counted product
2025-07,zircuit-staking,eigenpie,169.04,product token held by a counted product
2025-07,zircuit-staking,ether.fi-stake,90616.67,staking token held by a counted product
2025-07,zircuit-staking,kelp,1790.36,staking token held by a counted product
2025-07,zircuit-staking,lido,19879.59,staking token held by a counted product
2025-07,zircuit-staking,liquid-collective,8401.49,staking token held by a counted product
2025-07,zircuit-staking,mellow-restaking,1949.96,product token held by a counted product
2025-07,zircuit-staking,meth-protocol,19.7,staking token held by a counted product
2025-07,zircuit-staking,puffer-stake,2673.9,staking token held by a counted product
2025-07,zircuit-staking,renzo,8013.65,staking token held by a counted product
2025-07,zircuit-staking,stakestone-stone,826.49,staking token held by a counted product
2025-07,zircuit-staking,swell-liquid-restaking,969.86,staking token held by a counted product
2025-07,zircuit-staking,swell-liquid-staking,204.56,staking token held by a counted product
2025-07,zircuit-staking,veda,33727.5,product token held by a counted product
2025-08,aave-v1,aave-v1,1561.04,leftover: balance unchanged since 2025-05
2025-08,arbitrove,arbitrove,176.45,leftover: balance unchanged since 2024-10
2025-08,belt-finance,belt-finance,544.62,leftover: balance unchanged since 2024-12
2025-08,bifrost-liquid-staking,bifrost-liquid-staking,806.72,leftover: balance unchanged since 2025-04
2025-08,blackwing,ether.fi-stake,119.46,staking token held by a counted product
2025-08,blackwing,kelp,183.93,staking token held by a counted product
2025-08,blackwing,puffer-stake,2.02,staking token held by a counted product
2025-08,blackwing,renzo,579.91,staking token held by a counted product
2025-08,blackwing,swell-liquid-restaking,154.01,staking token held by a counted product
2025-08,blast-pre-launch-farm,lido,1014.69,staking token held by a counted product
2025-08,canopy,kelp,2525.65,staking token held by a counted product
2025-08,canopy,renzo,161.94,staking token held by a counted product
2025-08,cap,lido,1.81,staking token held by a counted product
2025-08,carry:liquid-eth,veda,203044.52,DefiLlama row already counts this product
2025-08,carry:vesper-vaeth,vesper,1583.33,DefiLlama row already counts this product
2025-08,cian-yield-layer,loops,25124.79,loop product: its positions are inside leveraged staking on lending markets
2025-08,corn-kernels,ether.fi-stake,13.91,staking token held by a counted product
2025-08,corn-kernels,kelp,2.9,staking token held by a counted product
2025-08,creth2,creth2,680.27,leftover: balance unchanged since 2024-10
2025-08,cytonic-airdrop-campaign,lido,21.79,staking token held by a counted product
2025-08,cytonic-airdrop-campaign,meth-protocol,19.46,staking token held by a counted product
2025-08,cytonic-airdrop-campaign,origin-ether,32.46,product token held by a counted product
2025-08,cytonic-airdrop-campaign,puffer-stake,62.36,staking token held by a counted product
2025-08,cytonic-airdrop-campaign,renzo,2.95,staking token held by a counted product
2025-08,eigencloud,eigencloud,3310913.08,restaking-token issuers already count this
2025-08,eigenpie,ankr,11.3,staking token held by a counted product
2025-08,eigenpie,binance-staked-eth,357.86,staking token held by a counted product
2025-08,eigenpie,coinbase-wrapped-staked-eth,39.58,staking token held by a counted product
2025-08,eigenpie,eigenpie,24402.0,held exceeds issuer row (cross-chain supply or adapter gap); floored at 0
2025-08,eigenpie,frax-ether,123.23,staking token held by a counted product
2025-08,eigenpie,lido,1516.38,staking token held by a counted product
2025-08,eigenpie,liquid-collective,9.32,staking token held by a counted product
2025-08,eigenpie,meth-protocol,58.15,staking token held by a counted product
2025-08,eigenpie,origin-ether,10.62,product token held by a counted product
2025-08,eigenpie,rocket-pool,31.45,staking token held by a counted product
2025-08,eigenpie,stader,72.87,staking token held by a counted product
2025-08,eigenpie,stakewise-v3,8.52,staking token held by a counted product
2025-08,eigenpie,swell-liquid-staking,3064.14,staking token held by a counted product
2025-08,enzyme-finance,ether.fi-stake,8835.66,staking token held by a counted product
2025-08,enzyme-finance,kelp,15.4,staking token held by a counted product
2025-08,enzyme-finance,lido,9920.87,staking token held by a counted product
2025-08,enzyme-finance,renzo,20.72,staking token held by a counted product
2025-08,enzyme-finance,rocket-pool,81.37,staking token held by a counted product
2025-08,enzyme-finance,stader,2.27,staking token held by a counted product
2025-08,enzyme-finance,swell-liquid-staking,361.91,staking token held by a counted product
2025-08,enzyme-finance,yieldnest,1.17,product token held by a counted product
2025-08,ether.fi-stake,ether.fi-stake,124152.68,held exceeds issuer row (cross-chain supply or adapter gap); floored at 0
2025-08,euclid-finance,euclid-finance,119.93,leftover: balance unchanged since 2024-11
2025-08,fluid-lite,loops,56826.68,loop product: its positions are inside leveraged staking on lending markets
2025-08,fusion-by-ipor,lido,78.25,staking token held by a counted product
2025-08,fyde-protocol,fyde-protocol,151.28,leftover: balance unchanged since 2025-03
2025-08,geth,geth,6938.49,leftover: balance unchanged since 2025-01
2025-08,hourglass,ether.fi-stake,4.3,staking token held by a counted product
2025-08,inceptionlrt-(isolated-restaking),frax-ether,2.18,staking token held by a counted product
2025-08,inceptionlrt-(isolated-restaking),lido,2677.94,staking token held by a counted product
2025-08,inceptionlrt-(isolated-restaking),rocket-pool,1.88,staking token held by a counted product
2025-08,inceptionlrt-(isolated-restaking),stader,1.12,staking token held by a counted product
2025-08,inceptionlrt-(isolated-restaking),swell-liquid-staking,10.65,staking token held by a counted product
2025-08,index-coop,loops,680.69,loop product: its positions are inside leveraged staking on lending markets
2025-08,juice-finance,ether.fi-stake,3.13,staking token held by a counted product
2025-08,juice-finance,renzo,85.74,staking token held by a counted product
2025-08,kelp,lido,198182.87,staking token held by a counted product
2025-08,kelp,stader,85920.2,staking token held by a counted product
2025-08,lagoon,liquid-collective,1.09,staking token held by a counted product
2025-08,latch,ether.fi-stake,818.38,staking token held by a counted product
2025-08,latch,lido,161.88,staking token held by a counted product
2025-08,lending markets,bedrock-unieth,2.92,staking token posted in a lending market (leveraged staking or money markets)
2025-08,lending markets,binance-staked-eth,17496.08,staking token posted in a lending market (leveraged staking or money markets)
2025-08,lending markets,carry,26932.54,carry products' own lending positions
2025-08,lending markets,coinbase-wrapped-staked-eth,43644.73,staking token posted in a lending market (leveraged staking or money markets)
2025-08,lending markets,dinero-(pxeth),71.5,staking token posted in a lending market (leveraged staking or money markets)
2025-08,lending markets,ether.fi-stake,2441942.8,staking token posted in a lending market (leveraged staking or money markets)
2025-08,lending markets,ether.fi-stake,124152.68,staking tokens in lending markets beyond the issuer's backing: taken out of money markets
2025-08,lending markets,frax-ether,10808.9,staking token posted in a lending market (leveraged staking or money markets)
2025-08,lending markets,kelp,369051.93,staking token posted in a lending market (leveraged staking or money markets)
2025-08,lending markets,lido,2366100.01,staking token posted in a lending market (leveraged staking or money markets)
2025-08,lending markets,liquid-collective,58.85,staking token posted in a lending market (leveraged staking or money markets)
2025-08,lending markets,loops,3453820.38,loops: ETH borrowed against staking tokens (collateral counted once)
2025-08,lending markets,mantle-restaking,3220.47,staking token posted in a lending market (leveraged staking or money markets)
2025-08,lending markets,mellow-restaking,25422.17,staking token posted in a lending market (leveraged staking or money markets)
2025-08,lending markets,meth-protocol,3797.76,staking token posted in a lending market (leveraged staking or money markets)
2025-08,lending markets,origin-ether,5162.77,staking token posted in a lending market (leveraged staking or money markets)
2025-08,lending markets,puffer-stake,7785.78,staking token posted in a lending market (leveraged staking or money markets)
2025-08,lending markets,renzo,225611.88,staking token posted in a lending market (leveraged staking or money markets)
2025-08,lending markets,reserve-protocol,48870.39,staking token posted in a lending market (leveraged staking or money markets)
2025-08,lending markets,rocket-pool,66281.32,staking token posted in a lending market (leveraged staking or money markets)
2025-08,lending markets,stader,22192.84,staking token posted in a lending market (leveraged staking or money markets)
2025-08,lending markets,stakestone-stone,1198.34,staking token posted in a lending market (leveraged staking or money markets)
2025-08,lending markets,stakewise-v3,152893.19,staking token posted in a lending market (leveraged staking or money markets)
2025-08,lending markets,swell-liquid-restaking,939.35,staking token posted in a lending market (leveraged staking or money markets)
2025-08,lending markets,swell-liquid-staking,240.31,staking token posted in a lending market (leveraged staking or money markets)
2025-08,lending markets,yieldnest,11.33,staking token posted in a lending market (leveraged staking or money markets)
2025-08,mantle-restaking,meth-protocol,151399.09,staking token held by a counted product
2025-08,mantle-restaking,veda,151399.09,nested holding
2025-08,mellow-restaking,lido,93943.06,staking token held by a counted product
2025-08,napier,dinero-(pxeth),40.85,staking token held by a counted product
2025-08,napier,ether.fi-stake,7.72,staking token held by a counted product
2025-08,napier,lido,965.07,staking token held by a counted product
2025-08,napier,mellow-restaking,7.32,product token held by a counted product
2025-08,nimbora-yield,nimbora-yield,78.12,leftover: balance unchanged since 2025-07
2025-08,nucleus,dinero-(pxeth),16.81,staking token held by a counted product
2025-08,nucleus,ether.fi-stake,193.29,staking token held by a counted product
2025-08,nucleus,lido,1.73,staking token held by a counted product
2025-08,nucleus,puffer-stake,699.77,staking token held by a counted product
2025-08,nucleus,renzo,8.8,staking token held by a counted product
2025-08,nucleus,swell-liquid-restaking,39.2,staking token held by a counted product
2025-08,nucleus,swell-liquid-staking,5.86,staking token held by a counted product
2025-08,onx-finance,ankr,86.03,staking token held by a counted product
2025-08,opyn-convexity,opyn-convexity,228.83,leftover: balance unchanged since 2024-10
2025-08,opyn-gamma,opyn-gamma,417.89,leftover: balance unchanged since 2025-02
2025-08,origami-finance,loops,1.46,loop product: its positions are inside leveraged staking on lending markets
2025-08,pendle-v2,bedrock-unieth,926.65,staking token held by a counted product
2025-08,pendle-v2,binance-staked-eth,108.14,staking token held by a counted product
2025-08,pendle-v2,coinbase-wrapped-staked-eth,160.5,staking token held by a counted product
2025-08,pendle-v2,dinero-(pxeth),5.37,staking token held by a counted product
2025-08,pendle-v2,ether.fi-stake,4843.26,staking token held by a counted product
2025-08,pendle-v2,frax-ether,55.27,staking token held by a counted product
2025-08,pendle-v2,kelp,2203.51,staking token held by a counted product
2025-08,pendle-v2,lido,16365.13,staking token held by a counted product
2025-08,pendle-v2,mantle-restaking,23421.9,staking token held by a counted product
2025-08,pendle-v2,mellow-restaking,153.41,product token held by a counted product
2025-08,pendle-v2,meth-protocol,13.8,staking token held by a counted product
2025-08,pendle-v2,origin-ether,223.13,product token held by a counted product
2025-08,pendle-v2,puffer-stake,1201.32,staking token held by a counted product
2025-08,pendle-v2,renzo,1032.71,staking token held by a counted product
2025-08,pendle-v2,rocket-pool,1437.55,staking token held by a counted product
2025-08,pendle-v2,stader,34.51,staking token held by a counted product
2025-08,pendle-v2,swell-liquid-restaking,3261.25,staking token held by a counted product
2025-08,pendle-v2,swell-liquid-staking,668.28,staking token held by a counted product
2025-08,pendle-v2,upshift,1407.16,product token held by a counted product
2025-08,pendle-v2,veda,1497.44,product token held by a counted product
2025-08,radpie,radpie,338.91,leftover: balance unchanged since 2024-10
2025-08,reaper-farm,lido,19.64,staking token held by a counted product
2025-08,reserve-protocol,coinbase-wrapped-staked-eth,1492.91,staking token held by a counted product
2025-08,reserve-protocol,frax-ether,16406.27,staking token held by a counted product
2025-08,reserve-protocol,lido,40621.4,staking token held by a counted product
2025-08,reserve-protocol,origin-ether,1809.85,product token held by a counted product
2025-08,reserve-protocol,rocket-pool,16368.7,staking token held by a counted product
2025-08,reserve-protocol,stader,6276.6,staking token held by a counted product
2025-08,ribbon,lido,9.12,staking token held by a counted product
2025-08,ribbon,rocket-pool,11.75,staking token held by a counted product
2025-08,ribbon-earn,ribbon-earn,425.95,leftover: balance unchanged since 2024-10
2025-08,set-protocol,ankr,5.89,staking token held by a counted product
2025-08,set-protocol,coinbase-wrapped-staked-eth,5.59,staking token held by a counted product
2025-08,set-protocol,frax-ether,5.7,staking token held by a counted product
2025-08,set-protocol,lido,37.05,staking token held by a counted product
2025-08,set-protocol,rocket-pool,5.4,staking token held by a counted product
2025-08,sommelier,lido,77.18,staking token held by a counted product
2025-08,sophon-farm,ether.fi-stake,41.77,staking token held by a counted product
2025-08,sophon-farm,lido,86.13,staking token held by a counted product
2025-08,spectra-v2,lido,8.81,staking token held by a counted product
2025-08,spectra-v2,origin-ether,18.95,product token held by a counted product
2025-08,stafi,stafi,2332.1,leftover: balance unchanged since 2025-01
2025-08,stakestone-berachain-vault,stakestone-stone,1009.19,staking token held by a counted product
2025-08,swell-l2-farm,eigenpie,29845.8,product token held by a counted product
2025-08,swell-l2-farm,ether.fi-stake,228.09,staking token held by a counted product
2025-08,swell-l2-farm,frax-ether,6.59,staking token held by a counted product
2025-08,swell-l2-farm,lido,40.91,staking token held by a counted product
2025-08,swell-l2-farm,renzo,88.91,staking token held by a counted product
2025-08,swell-l2-farm,stakestone-stone,9.92,staking token held by a counted product
2025-08,swell-l2-farm,swell-liquid-restaking,1693.5,staking token held by a counted product
2025-08,swell-l2-farm,swell-liquid-staking,590.9,staking token held by a counted product
2025-08,symbiotic,symbiotic,245529.19,restaking-token issuers already count this
2025-08,terminal-finance-pre-deposits,ether.fi-stake,9315.52,staking token held by a counted product
2025-08,theo-straddle-vaults,ether.fi-stake,1248.73,staking token held by a counted product
2025-08,tranchess-yield,ether.fi-stake,7.17,staking token held by a counted product
2025-08,tranchess-yield,lido,21.67,staking token held by a counted product
2025-08,tranchess-yield,stakestone-stone,221.2,staking token held by a counted product
2025-08,treehouse-protocol,loops,91283.8,loop product: its positions are inside leveraged staking on lending markets
2025-08,trevee-earn,ether.fi-stake,74.89,staking token held by a counted product
2025-08,trevee-earn,lido,22.2,staking token held by a counted product
2025-08,unipower,unipower,106.89,leftover: balance unchanged since 2024-10
2025-08,upshift,gain,45001.5,nested holding
2025-08,upshift,kelp,34635.35,staking token held by a counted product
2025-08,upshift,lido,7873.66,staking token held by a counted product
2025-08,vaultcraft,kelp,2.9,staking token held by a counted product
2025-08,vaultcraft,lido,5.74,staking token held by a counted product
2025-08,vaultcraft,stader,6.34,staking token held by a counted product
2025-08,veda,ether.fi-stake,55344.35,ether.fi Liquid vaults booked as WETH by the Veda adapter hold eETH
2025-08,vesper,coinbase-wrapped-staked-eth,71.0,staking token held by a counted product
2025-08,vesper,lido,453.25,staking token held by a counted product
2025-08,vesper,rocket-pool,12.23,staking token held by a counted product
2025-08,vesper,symbiotic,187.04,"position in a Symbiotic vault, counted in the row that holds it"
2025-08,yieldnest,frax-ether,40.59,staking token held by a counted product
2025-08,yieldnest,meth-protocol,53.45,staking token held by a counted product
2025-08,yieldnest,origin-ether,1604.3,product token held by a counted product
2025-08,zircuit-staking,eigenpie,168.53,product token held by a counted product
2025-08,zircuit-staking,ether.fi-stake,76430.11,staking token held by a counted product
2025-08,zircuit-staking,kelp,1599.66,staking token held by a counted product
2025-08,zircuit-staking,lido,19541.89,staking token held by a counted product
2025-08,zircuit-staking,liquid-collective,8374.43,staking token held by a counted product
2025-08,zircuit-staking,mellow-restaking,1868.86,product token held by a counted product
2025-08,zircuit-staking,meth-protocol,18.49,staking token held by a counted product
2025-08,zircuit-staking,puffer-stake,2423.01,staking token held by a counted product
2025-08,zircuit-staking,renzo,6691.63,staking token held by a counted product
2025-08,zircuit-staking,stakestone-stone,773.88,staking token held by a counted product
2025-08,zircuit-staking,swell-liquid-restaking,944.02,staking token held by a counted product
2025-08,zircuit-staking,swell-liquid-staking,195.09,staking token held by a counted product
2025-08,zircuit-staking,veda,30299.28,product token held by a counted product
2025-09,aave-v1,aave-v1,1539.38,leftover: balance unchanged since 2025-05
2025-09,arbitrove,arbitrove,176.3,leftover: balance unchanged since 2024-10
2025-09,belt-finance,belt-finance,547.04,leftover: balance unchanged since 2024-12
2025-09,bifrost-liquid-staking,bifrost-liquid-staking,823.04,leftover: balance unchanged since 2025-04
2025-09,blackwing,ether.fi-stake,96.47,staking token held by a counted product
2025-09,blackwing,kelp,178.43,staking token held by a counted product
2025-09,blackwing,puffer-stake,1.73,staking token held by a counted product
2025-09,blackwing,renzo,502.36,staking token held by a counted product
2025-09,blackwing,swell-liquid-restaking,151.42,staking token held by a counted product
2025-09,blast-pre-launch-farm,lido,994.73,staking token held by a counted product
2025-09,canopy,kelp,2718.0,staking token held by a counted product
2025-09,canopy,renzo,118.14,staking token held by a counted product
2025-09,cap,lido,3038.96,staking token held by a counted product
2025-09,carry:liquid-eth,veda,192310.39,DefiLlama row already counts this product
2025-09,carry:reservoir-eth,fusion-by-ipor,2428.8,DefiLlama row already counts this product
2025-09,carry:rocksolid,lagoon,1846.11,DefiLlama row already counts this product
2025-09,carry:vesper-vaeth,vesper,1870.84,DefiLlama row already counts this product
2025-09,cian-yield-layer,loops,18011.52,loop product: its positions are inside leveraged staking on lending markets
2025-09,corn-kernels,ether.fi-stake,12.19,staking token held by a counted product
2025-09,corn-kernels,kelp,2.25,staking token held by a counted product
2025-09,creth2,creth2,681.1,leftover: balance unchanged since 2024-10
2025-09,cytonic-airdrop-campaign,lido,21.93,staking token held by a counted product
2025-09,cytonic-airdrop-campaign,origin-ether,22.17,product token held by a counted product
2025-09,cytonic-airdrop-campaign,puffer-stake,63.0,staking token held by a counted product
2025-09,cytonic-airdrop-campaign,renzo,1.91,staking token held by a counted product
2025-09,eigencloud,eigencloud,3273822.31,restaking-token issuers already count this
2025-09,eigenpie,ankr,11.2,staking token held by a counted product
2025-09,eigenpie,binance-staked-eth,256.23,staking token held by a counted product
2025-09,eigenpie,coinbase-wrapped-staked-eth,30.98,staking token held by a counted product
2025-09,eigenpie,eigenpie,25414.58,held exceeds issuer row (cross-chain supply or adapter gap); floored at 0
2025-09,eigenpie,frax-ether,123.5,staking token held by a counted product
2025-09,eigenpie,lido,1190.3,staking token held by a counted product
2025-09,eigenpie,liquid-collective,9.34,staking token held by a counted product
2025-09,eigenpie,meth-protocol,47.66,staking token held by a counted product
2025-09,eigenpie,origin-ether,10.6,product token held by a counted product
2025-09,eigenpie,rocket-pool,29.35,staking token held by a counted product
2025-09,eigenpie,stader,71.56,staking token held by a counted product
2025-09,eigenpie,stakewise-v3,8.71,staking token held by a counted product
2025-09,eigenpie,swell-liquid-staking,2688.75,staking token held by a counted product
2025-09,enzyme-finance,ether.fi-stake,8875.06,staking token held by a counted product
2025-09,enzyme-finance,kelp,15.47,staking token held by a counted product
2025-09,enzyme-finance,lido,9885.78,staking token held by a counted product
2025-09,enzyme-finance,renzo,20.72,staking token held by a counted product
2025-09,enzyme-finance,rocket-pool,79.01,staking token held by a counted product
2025-09,enzyme-finance,stader,1.17,staking token held by a counted product
2025-09,enzyme-finance,swell-liquid-staking,343.56,staking token held by a counted product
2025-09,ether.fi-stake,ether.fi-stake,126533.68,held exceeds issuer row (cross-chain supply or adapter gap); floored at 0
2025-09,euclid-finance,euclid-finance,119.42,leftover: balance unchanged since 2024-11
2025-09,fluid-lite,loops,67325.82,loop product: its positions are inside leveraged staking on lending markets
2025-09,fusion-by-ipor,lido,389.88,staking token held by a counted product
2025-09,fyde-protocol,fyde-protocol,151.59,leftover: balance unchanged since 2025-03
2025-09,geth,geth,6952.78,leftover: balance unchanged since 2025-01
2025-09,hourglass,ether.fi-stake,4.33,staking token held by a counted product
2025-09,inceptionlrt-(isolated-restaking),inceptionlrt-(isolated-restaking),2718.3,leftover: balance unchanged since 2025-09
2025-09,index-coop,loops,704.83,loop product: its positions are inside leveraged staking on lending markets
2025-09,juice-finance,ether.fi-stake,2.05,staking token held by a counted product
2025-09,juice-finance,renzo,86.05,staking token held by a counted product
2025-09,kelp,kelp,8047.5,held exceeds issuer row (cross-chain supply or adapter gap); floored at 0
2025-09,kelp,lido,185901.41,staking token held by a counted product
2025-09,kelp,stader,87564.41,staking token held by a counted product
2025-09,lagoon,puffer-stake,102.39,staking token held by a counted product
2025-09,lagoon,rocket-pool,1544.79,staking token held by a counted product
2025-09,latch,ether.fi-stake,673.32,staking token held by a counted product
2025-09,latch,lido,162.92,staking token held by a counted product
2025-09,lending markets,binance-staked-eth,17743.25,staking token posted in a lending market (leveraged staking or money markets)
2025-09,lending markets,carry,28035.11,carry products' own lending positions
2025-09,lending markets,coinbase-wrapped-staked-eth,25837.02,staking token posted in a lending market (leveraged staking or money markets)
2025-09,lending markets,dinero-(pxeth),9.02,staking token posted in a lending market (leveraged staking or money markets)
2025-09,lending markets,ether.fi-stake,2381018.48,staking token posted in a lending market (leveraged staking or money markets)
2025-09,lending markets,ether.fi-stake,126533.68,staking tokens in lending markets beyond the issuer's backing: taken out of money markets
2025-09,lending markets,frax-ether,10795.81,staking token posted in a lending market (leveraged staking or money markets)
2025-09,lending markets,kelp,395867.76,staking token posted in a lending market (leveraged staking or money markets)
2025-09,lending markets,kelp,8047.5,staking tokens in lending markets beyond the issuer's backing: taken out of money markets
2025-09,lending markets,lido,2589561.87,staking token posted in a lending market (leveraged staking or money markets)
2025-09,lending markets,liquid-collective,30.92,staking token posted in a lending market (leveraged staking or money markets)
2025-09,lending markets,loops,3579232.32,loops: ETH borrowed against staking tokens (collateral counted once)
2025-09,lending markets,mantle-restaking,3074.02,staking token posted in a lending market (leveraged staking or money markets)
2025-09,lending markets,mellow-restaking,18949.85,staking token posted in a lending market (leveraged staking or money markets)
2025-09,lending markets,meth-protocol,3944.63,staking token posted in a lending market (leveraged staking or money markets)
2025-09,lending markets,origin-ether,5334.72,staking token posted in a lending market (leveraged staking or money markets)
2025-09,lending markets,puffer-stake,3840.98,staking token posted in a lending market (leveraged staking or money markets)
2025-09,lending markets,renzo,250517.33,staking token posted in a lending market (leveraged staking or money markets)
2025-09,lending markets,reserve-protocol,53271.16,staking token posted in a lending market (leveraged staking or money markets)
2025-09,lending markets,rocket-pool,67572.93,staking token posted in a lending market (leveraged staking or money markets)
2025-09,lending markets,stader,20673.78,staking token posted in a lending market (leveraged staking or money markets)
2025-09,lending markets,stakestone-stone,851.3,staking token posted in a lending market (leveraged staking or money markets)
2025-09,lending markets,stakewise-v3,159554.86,staking token posted in a lending market (leveraged staking or money markets)
2025-09,lending markets,swell-liquid-restaking,1265.75,staking token posted in a lending market (leveraged staking or money markets)
2025-09,lending markets,swell-liquid-staking,11.86,staking token posted in a lending market (leveraged staking or money markets)
2025-09,makina,carry:makina-deth,6725.69,product token held by a counted product
2025-09,mantle-restaking,meth-protocol,138753.42,staking token held by a counted product
2025-09,mantle-restaking,veda,138753.42,nested holding
2025-09,mellow-restaking,lido,87871.95,staking token held by a counted product
2025-09,napier,dinero-(pxeth),3.26,staking token held by a counted product
2025-09,napier,ether.fi-stake,1.72,staking token held by a counted product
2025-09,napier,lido,930.8,staking token held by a counted product
2025-09,nimbora-yield,nimbora-yield,77.95,leftover: balance unchanged since 2025-07
2025-09,nucleus,dinero-(pxeth),14.85,staking token held by a counted product
2025-09,nucleus,ether.fi-stake,94.81,staking token held by a counted product
2025-09,nucleus,puffer-stake,262.22,staking token held by a counted product
2025-09,nucleus,renzo,7.4,staking token held by a counted product
2025-09,nucleus,swell-liquid-restaking,179.19,staking token held by a counted product
2025-09,nucleus,swell-liquid-staking,188.01,staking token held by a counted product
2025-09,onx-finance,ankr,85.25,staking token held by a counted product
2025-09,opyn-convexity,opyn-convexity,229.35,leftover: balance unchanged since 2024-10
2025-09,opyn-gamma,opyn-gamma,417.99,leftover: balance unchanged since 2025-02
2025-09,origami-finance,loops,2.6,loop product: its positions are inside leveraged staking on lending markets
2025-09,pendle-v2,bedrock-unieth,780.9,staking token held by a counted product
2025-09,pendle-v2,binance-staked-eth,104.91,staking token held by a counted product
2025-09,pendle-v2,coinbase-wrapped-staked-eth,134.9,staking token held by a counted product
2025-09,pendle-v2,dinero-(pxeth),5.3,staking token held by a counted product
2025-09,pendle-v2,ether.fi-stake,5078.51,staking token held by a counted product
2025-09,pendle-v2,frax-ether,49.61,staking token held by a counted product
2025-09,pendle-v2,kelp,2062.38,staking token held by a counted product
2025-09,pendle-v2,lido,15474.37,staking token held by a counted product
2025-09,pendle-v2,mantle-restaking,450.15,staking token held by a counted product
2025-09,pendle-v2,mellow-restaking,117.07,product token held by a counted product
2025-09,pendle-v2,meth-protocol,10.36,staking token held by a counted product
2025-09,pendle-v2,origin-ether,222.37,product token held by a counted product
2025-09,pendle-v2,puffer-stake,1121.41,staking token held by a counted product
2025-09,pendle-v2,renzo,981.18,staking token held by a counted product
2025-09,pendle-v2,rocket-pool,1386.53,staking token held by a counted product
2025-09,pendle-v2,stader,28.54,staking token held by a counted product
2025-09,pendle-v2,swell-liquid-restaking,2996.94,staking token held by a counted product
2025-09,pendle-v2,swell-liquid-staking,613.29,staking token held by a counted product
2025-09,pendle-v2,upshift,1328.95,product token held by a counted product
2025-09,pendle-v2,veda,1449.52,product token held by a counted product
2025-09,radpie,radpie,340.75,leftover: balance unchanged since 2024-10
2025-09,reaper-farm,reaper-farm,127.21,leftover: balance unchanged since 2025-09
2025-09,reserve-protocol,coinbase-wrapped-staked-eth,1562.23,staking token held by a counted product
2025-09,reserve-protocol,frax-ether,18989.2,staking token held by a counted product
2025-09,reserve-protocol,lido,47062.9,staking token held by a counted product
2025-09,reserve-protocol,origin-ether,1837.7,product token held by a counted product
2025-09,reserve-protocol,rocket-pool,19056.59,staking token held by a counted product
2025-09,reserve-protocol,stader,7275.03,staking token held by a counted product
2025-09,ribbon,lido,9.18,staking token held by a counted product
2025-09,ribbon,rocket-pool,11.82,staking token held by a counted product
2025-09,ribbon-earn,ribbon-earn,421.16,leftover: balance unchanged since 2024-10
2025-09,set-protocol,ankr,5.59,staking token held by a counted product
2025-09,set-protocol,coinbase-wrapped-staked-eth,5.38,staking token held by a counted product
2025-09,set-protocol,frax-ether,5.48,staking token held by a counted product
2025-09,set-protocol,lido,37.01,staking token held by a counted product
2025-09,set-protocol,rocket-pool,5.21,staking token held by a counted product
2025-09,sommelier,lido,76.15,staking token held by a counted product
2025-09,sophon-farm,ether.fi-stake,37.45,staking token held by a counted product
2025-09,sophon-farm,lido,84.29,staking token held by a counted product
2025-09,spectra-v2,lido,8.87,staking token held by a counted product
2025-09,spectra-v2,origin-ether,12.26,product token held by a counted product
2025-09,stafi,stafi,2336.7,leftover: balance unchanged since 2025-01
2025-09,stakestone-berachain-vault,stakestone-stone,1162.29,staking token held by a counted product
2025-09,swell-l2-farm,eigenpie,30003.45,product token held by a counted product
2025-09,swell-l2-farm,ether.fi-stake,206.42,staking token held by a counted product
2025-09,swell-l2-farm,frax-ether,6.05,staking token held by a counted product
2025-09,swell-l2-farm,lido,35.21,staking token held by a counted product
2025-09,swell-l2-farm,renzo,79.41,staking token held by a counted product
2025-09,swell-l2-farm,stakestone-stone,10.02,staking token held by a counted product
2025-09,swell-l2-farm,swell-liquid-restaking,1622.2,staking token held by a counted product
2025-09,swell-l2-farm,swell-liquid-staking,564.45,staking token held by a counted product
2025-09,symbiotic,symbiotic,226812.99,restaking-token issuers already count this
2025-09,terminal-finance-pre-deposits,ether.fi-stake,9122.62,staking token held by a counted product
2025-09,theo-straddle-vaults,ether.fi-stake,397.13,staking token held by a counted product
2025-09,tranchess-yield,ether.fi-stake,7.04,staking token held by a counted product
2025-09,tranchess-yield,lido,4.33,staking token held by a counted product
2025-09,tranchess-yield,stakestone-stone,207.84,staking token held by a counted product
2025-09,treehouse-protocol,loops,89220.79,loop product: its positions are inside leveraged staking on lending markets
2025-09,treehouse-protocol,treehouse-protocol,2.87,held exceeds issuer row (cross-chain supply or adapter gap); floored at 0
2025-09,trevee-earn,ether.fi-stake,75.19,staking token held by a counted product
2025-09,trevee-earn,lido,3.07,staking token held by a counted product
2025-09,unipower,unipower,106.86,leftover: balance unchanged since 2024-10
2025-09,upshift,gain,55406.59,nested holding
2025-09,upshift,kelp,44671.8,staking token held by a counted product
2025-09,upshift,lido,7894.53,staking token held by a counted product
2025-09,vaultcraft,kelp,2.92,staking token held by a counted product
2025-09,vaultcraft,stader,6.33,staking token held by a counted product
2025-09,veda,ether.fi-stake,55414.39,ether.fi Liquid vaults booked as WETH by the Veda adapter hold eETH
2025-09,vesper,coinbase-wrapped-staked-eth,66.37,staking token held by a counted product
2025-09,vesper,lido,422.56,staking token held by a counted product
2025-09,vesper,rocket-pool,11.47,staking token held by a counted product
2025-09,vesper,symbiotic,187.62,"position in a Symbiotic vault, counted in the row that holds it"
2025-09,yieldnest,frax-ether,40.35,staking token held by a counted product
2025-09,yieldnest,meth-protocol,52.95,staking token held by a counted product
2025-09,yieldnest,origin-ether,1326.78,product token held by a counted product
2025-09,zircuit-staking,eigenpie,159.27,product token held by a counted product
2025-09,zircuit-staking,ether.fi-stake,73554.01,staking token held by a counted product
2025-09,zircuit-staking,kelp,1524.92,staking token held by a counted product
2025-09,zircuit-staking,lido,18268.8,staking token held by a counted product
2025-09,zircuit-staking,liquid-collective,8391.38,staking token held by a counted product
2025-09,zircuit-staking,mellow-restaking,1826.52,product token held by a counted product
2025-09,zircuit-staking,meth-protocol,11.56,staking token held by a counted product
2025-09,zircuit-staking,puffer-stake,2370.61,staking token held by a counted product
2025-09,zircuit-staking,renzo,5558.2,staking token held by a counted product
2025-09,zircuit-staking,stakestone-stone,735.93,staking token held by a counted product
2025-09,zircuit-staking,swell-liquid-restaking,916.49,staking token held by a counted product
2025-09,zircuit-staking,swell-liquid-staking,192.06,staking token held by a counted product
2025-09,zircuit-staking,veda,29097.28,product token held by a counted product
2025-10,aave-v1,aave-v1,1528.76,leftover: balance unchanged since 2025-05
2025-10,arbitrove,arbitrove,175.96,leftover: balance unchanged since 2024-10
2025-10,belt-finance,belt-finance,544.52,leftover: balance unchanged since 2024-12
2025-10,blackwing,ether.fi-stake,80.17,staking token held by a counted product
2025-10,blackwing,kelp,25.16,staking token held by a counted product
2025-10,blackwing,puffer-stake,1.49,staking token held by a counted product
2025-10,blackwing,renzo,293.02,staking token held by a counted product
2025-10,blackwing,swell-liquid-restaking,8.43,staking token held by a counted product
2025-10,blast-pre-launch-farm,lido,985.47,staking token held by a counted product
2025-10,canopy,kelp,2678.26,staking token held by a counted product
2025-10,canopy,renzo,131.38,staking token held by a counted product
2025-10,cap,lido,11058.37,staking token held by a counted product
2025-10,carry:avant-aveth,avant-aveth,2171.43,DefiLlama row already counts this product
2025-10,carry:liquid-eth,veda,177463.78,DefiLlama row already counts this product
2025-10,carry:makina-deth,makina,9551.35,DefiLlama row already counts this product
2025-10,carry:reservoir-eth,fusion-by-ipor,4136.88,DefiLlama row already counts this product
2025-10,carry:rocksolid,lagoon,6116.37,DefiLlama row already counts this product
2025-10,carry:vesper-vaeth,vesper,1876.19,DefiLlama row already counts this product
2025-10,cian-yield-layer,loops,12597.99,loop product: its positions are inside leveraged staking on lending markets
2025-10,corn-kernels,ether.fi-stake,10.97,staking token held by a counted product
2025-10,corn-kernels,kelp,1.06,staking token held by a counted product
2025-10,creth2,creth2,679.81,leftover: balance unchanged since 2024-10
2025-10,cytonic-airdrop-campaign,lido,21.67,staking token held by a counted product
2025-10,cytonic-airdrop-campaign,origin-ether,14.92,product token held by a counted product
2025-10,cytonic-airdrop-campaign,puffer-stake,62.35,staking token held by a counted product
2025-10,cytonic-airdrop-campaign,renzo,1.22,staking token held by a counted product
2025-10,eigencloud,eigencloud,3221620.86,restaking-token issuers already count this
2025-10,eigenpie,binance-staked-eth,203.83,staking token held by a counted product
2025-10,eigenpie,coinbase-wrapped-staked-eth,20.55,staking token held by a counted product
2025-10,eigenpie,frax-ether,123.24,staking token held by a counted product
2025-10,eigenpie,lido,881.89,staking token held by a counted product
2025-10,eigenpie,liquid-collective,2.16,staking token held by a counted product
2025-10,eigenpie,meth-protocol,37.0,staking token held by a counted product
2025-10,eigenpie,origin-ether,2.23,product token held by a counted product
2025-10,eigenpie,rocket-pool,27.01,staking token held by a counted product
2025-10,eigenpie,stader,57.9,staking token held by a counted product
2025-10,eigenpie,stakewise-v3,2.24,staking token held by a counted product
2025-10,eigenpie,swell-liquid-staking,1078.11,staking token held by a counted product
2025-10,enzyme-finance,ether.fi-stake,8877.27,staking token held by a counted product
2025-10,enzyme-finance,kelp,15.32,staking token held by a counted product
2025-10,enzyme-finance,lido,9868.57,staking token held by a counted product
2025-10,enzyme-finance,renzo,15.94,staking token held by a counted product
2025-10,enzyme-finance,rocket-pool,79.05,staking token held by a counted product
2025-10,enzyme-finance,stader,1.52,staking token held by a counted product
2025-10,enzyme-finance,swell-liquid-staking,340.67,staking token held by a counted product
2025-10,enzyme-finance,yieldnest,1.19,product token held by a counted product
2025-10,ether.fi-stake,ether.fi-stake,140851.97,held exceeds issuer row (cross-chain supply or adapter gap); floored at 0
2025-10,euclid-finance,euclid-finance,119.58,leftover: balance unchanged since 2024-11
2025-10,fluid-lite,loops,68613.69,loop product: its positions are inside leveraged staking on lending markets
2025-10,fusion-by-ipor,lido,270.59,staking token held by a counted product
2025-10,fyde-protocol,fyde-protocol,151.62,leftover: balance unchanged since 2025-03
2025-10,geth,geth,6937.19,leftover: balance unchanged since 2025-01
2025-10,hourglass,ether.fi-stake,4.33,staking token held by a counted product
2025-10,inceptionlrt-(isolated-restaking),inceptionlrt-(isolated-restaking),2708.83,leftover: balance unchanged since 2025-09
2025-10,index-coop,loops,738.17,loop product: its positions are inside leveraged staking on lending markets
2025-10,juice-finance,ether.fi-stake,2.05,staking token held by a counted product
2025-10,juice-finance,renzo,10.95,staking token held by a counted product
2025-10,kelp,lido,154885.47,staking token held by a counted product
2025-10,kelp,stader,89697.92,staking token held by a counted product
2025-10,lagoon,puffer-stake,73.24,staking token held by a counted product
2025-10,lagoon,rocket-pool,3843.92,staking token held by a counted product
2025-10,latch,ether.fi-stake,797.92,staking token held by a counted product
2025-10,latch,lido,162.86,staking token held by a counted product
2025-10,lending markets,binance-staked-eth,27003.55,staking token posted in a lending market (leveraged staking or money markets)
2025-10,lending markets,carry,1893.92,carry products' own lending positions
2025-10,lending markets,coinbase-wrapped-staked-eth,25446.3,staking token posted in a lending market (leveraged staking or money markets)
2025-10,lending markets,dinero-(pxeth),8.44,staking token posted in a lending market (leveraged staking or money markets)
2025-10,lending markets,ether.fi-stake,2418209.49,staking token posted in a lending market (leveraged staking or money markets)
2025-10,lending markets,ether.fi-stake,140851.97,staking tokens in lending markets beyond the issuer's backing: taken out of money markets
2025-10,lending markets,frax-ether,10103.0,staking token posted in a lending market (leveraged staking or money markets)
2025-10,lending markets,kelp,327278.02,staking token posted in a lending market (leveraged staking or money markets)
2025-10,lending markets,lido,2743211.26,staking token posted in a lending market (leveraged staking or money markets)
2025-10,lending markets,liquid-collective,21.07,staking token posted in a lending market (leveraged staking or money markets)
2025-10,lending markets,loops,3491767.79,loops: ETH borrowed against staking tokens (collateral counted once)
2025-10,lending markets,mantle-restaking,2424.31,staking token posted in a lending market (leveraged staking or money markets)
2025-10,lending markets,mellow-restaking,12644.52,staking token posted in a lending market (leveraged staking or money markets)
2025-10,lending markets,meth-protocol,3662.83,staking token posted in a lending market (leveraged staking or money markets)
2025-10,lending markets,origin-ether,6966.11,staking token posted in a lending market (leveraged staking or money markets)
2025-10,lending markets,puffer-stake,2066.05,staking token posted in a lending market (leveraged staking or money markets)
2025-10,lending markets,renzo,249330.63,staking token posted in a lending market (leveraged staking or money markets)
2025-10,lending markets,reserve-protocol,55351.06,staking token posted in a lending market (leveraged staking or money markets)
2025-10,lending markets,rocket-pool,69562.99,staking token posted in a lending market (leveraged staking or money markets)
2025-10,lending markets,stader,17511.06,staking token posted in a lending market (leveraged staking or money markets)
2025-10,lending markets,stakestone-stone,843.95,staking token posted in a lending market (leveraged staking or money markets)
2025-10,lending markets,stakewise-v3,159221.53,staking token posted in a lending market (leveraged staking or money markets)
2025-10,lending markets,swell-liquid-restaking,980.05,staking token posted in a lending market (leveraged staking or money markets)
2025-10,lending markets,swell-liquid-staking,11.39,staking token posted in a lending market (leveraged staking or money markets)
2025-10,lending markets,yieldnest,11.56,staking token posted in a lending market (leveraged staking or money markets)
2025-10,mantle-restaking,meth-protocol,107303.56,staking token held by a counted product
2025-10,mantle-restaking,veda,107303.56,nested holding
2025-10,mellow-restaking,lido,76132.78,staking token held by a counted product
2025-10,napier,dinero-(pxeth),1.74,staking token held by a counted product
2025-10,napier,ether.fi-stake,1.01,staking token held by a counted product
2025-10,napier,lido,790.23,staking token held by a counted product
2025-10,nimbora-yield,nimbora-yield,78.08,leftover: balance unchanged since 2025-07
2025-10,nucleus,dinero-(pxeth),13.85,staking token held by a counted product
2025-10,nucleus,ether.fi-stake,34.73,staking token held by a counted product
2025-10,nucleus,puffer-stake,524.38,staking token held by a counted product
2025-10,nucleus,renzo,7.26,staking token held by a counted product
2025-10,nucleus,swell-liquid-restaking,46.76,staking token held by a counted product
2025-10,nucleus,swell-liquid-staking,172.63,staking token held by a counted product
2025-10,onx-finance,ankr,84.36,staking token held by a counted product
2025-10,opyn-convexity,opyn-convexity,228.53,leftover: balance unchanged since 2024-10
2025-10,opyn-gamma,opyn-gamma,417.06,leftover: balance unchanged since 2025-02
2025-10,origami-finance,loops,3.62,loop product: its positions are inside leveraged staking on lending markets
2025-10,pendle-v2,bedrock-unieth,849.44,staking token held by a counted product
2025-10,pendle-v2,binance-staked-eth,103.56,staking token held by a counted product
2025-10,pendle-v2,coinbase-wrapped-staked-eth,131.86,staking token held by a counted product
2025-10,pendle-v2,dinero-(pxeth),5.31,staking token held by a counted product
2025-10,pendle-v2,ether.fi-stake,5280.02,staking token held by a counted product
2025-10,pendle-v2,frax-ether,49.1,staking token held by a counted product
2025-10,pendle-v2,kelp,1581.83,staking token held by a counted product
2025-10,pendle-v2,lido,14791.81,staking token held by a counted product
2025-10,pendle-v2,mantle-restaking,167.74,staking token held by a counted product
2025-10,pendle-v2,mellow-restaking,62.48,product token held by a counted product
2025-10,pendle-v2,meth-protocol,10.13,staking token held by a counted product
2025-10,pendle-v2,origin-ether,289.25,product token held by a counted product
2025-10,pendle-v2,puffer-stake,1140.05,staking token held by a counted product
2025-10,pendle-v2,renzo,874.19,staking token held by a counted product
2025-10,pendle-v2,rocket-pool,1270.87,staking token held by a counted product
2025-10,pendle-v2,stader,27.51,staking token held by a counted product
2025-10,pendle-v2,swell-liquid-restaking,2780.38,staking token held by a counted product
2025-10,pendle-v2,swell-liquid-staking,610.23,staking token held by a counted product
2025-10,pendle-v2,upshift,1446.24,product token held by a counted product
2025-10,pendle-v2,veda,1304.84,product token held by a counted product
2025-10,radpie,radpie,340.71,leftover: balance unchanged since 2024-10
2025-10,reaper-farm,reaper-farm,127.18,leftover: balance unchanged since 2025-09
2025-10,reserve-protocol,coinbase-wrapped-staked-eth,1613.61,staking token held by a counted product
2025-10,reserve-protocol,frax-ether,18927.51,staking token held by a counted product
2025-10,reserve-protocol,lido,47138.21,staking token held by a counted product
2025-10,reserve-protocol,origin-ether,1866.98,product token held by a counted product
2025-10,reserve-protocol,rocket-pool,19111.34,staking token held by a counted product
2025-10,reserve-protocol,stader,7299.8,staking token held by a counted product
2025-10,ribbon,lido,9.19,staking token held by a counted product
2025-10,ribbon,rocket-pool,11.85,staking token held by a counted product
2025-10,ribbon-earn,ribbon-earn,386.61,leftover: balance unchanged since 2024-10
2025-10,set-protocol,ankr,5.3,staking token held by a counted product
2025-10,set-protocol,coinbase-wrapped-staked-eth,5.13,staking token held by a counted product
2025-10,set-protocol,frax-ether,5.23,staking token held by a counted product
2025-10,set-protocol,lido,35.88,staking token held by a counted product
2025-10,set-protocol,rocket-pool,4.99,staking token held by a counted product
2025-10,sommelier,lido,8.26,staking token held by a counted product
2025-10,sophon-farm,ether.fi-stake,36.46,staking token held by a counted product
2025-10,sophon-farm,lido,20.0,staking token held by a counted product
2025-10,spectra-v2,lido,8.86,staking token held by a counted product
2025-10,spectra-v2,origin-ether,6.64,product token held by a counted product
2025-10,stafi,stafi,2331.06,leftover: balance unchanged since 2025-01
2025-10,stakestone-berachain-vault,stakestone-stone,769.62,staking token held by a counted product
2025-10,swell-l2-farm,swell-l2-farm,32330.76,leftover: balance unchanged since 2025-10
2025-10,symbiotic,symbiotic,183623.89,restaking-token issuers already count this
2025-10,terminal-finance-pre-deposits,ether.fi-stake,8670.32,staking token held by a counted product
2025-10,theo-straddle-vaults,ether.fi-stake,304.07,staking token held by a counted product
2025-10,tranchess-yield,ether.fi-stake,7.04,staking token held by a counted product
2025-10,tranchess-yield,lido,2.62,staking token held by a counted product
2025-10,tranchess-yield,stakestone-stone,197.6,staking token held by a counted product
2025-10,treehouse-protocol,loops,88983.49,loop product: its positions are inside leveraged staking on lending markets
2025-10,treehouse-protocol,treehouse-protocol,3.11,held exceeds issuer row (cross-chain supply or adapter gap); floored at 0
2025-10,trevee-earn,ether.fi-stake,72.22,staking token held by a counted product
2025-10,trevee-earn,lido,469.01,staking token held by a counted product
2025-10,unipower,unipower,106.62,leftover: balance unchanged since 2024-10
2025-10,upshift,gain,45564.98,nested holding
2025-10,upshift,kelp,34792.48,staking token held by a counted product
2025-10,upshift,lido,7826.91,staking token held by a counted product
2025-10,vaultcraft,kelp,2.89,staking token held by a counted product
2025-10,vaultcraft,stader,2.48,staking token held by a counted product
2025-10,veda,ether.fi-stake,54130.0,ether.fi Liquid vaults booked as WETH by the Veda adapter hold eETH
2025-10,vesper,coinbase-wrapped-staked-eth,65.68,staking token held by a counted product
2025-10,vesper,lido,421.97,staking token held by a counted product
2025-10,vesper,rocket-pool,11.41,staking token held by a counted product
2025-10,vesper,symbiotic,187.56,"position in a Symbiotic vault, counted in the row that holds it"
2025-10,yieldnest,frax-ether,40.15,staking token held by a counted product
2025-10,yieldnest,meth-protocol,52.97,staking token held by a counted product
2025-10,yieldnest,origin-ether,1327.75,product token held by a counted product
2025-10,zircuit-staking,eigenpie,158.77,product token held by a counted product
2025-10,zircuit-staking,ether.fi-stake,71433.88,staking token held by a counted product
2025-10,zircuit-staking,kelp,1101.85,staking token held by a counted product
2025-10,zircuit-staking,lido,18082.44,staking token held by a counted product
2025-10,zircuit-staking,liquid-collective,4169.37,staking token held by a counted product
2025-10,zircuit-staking,mellow-restaking,1820.55,product token held by a counted product
2025-10,zircuit-staking,meth-protocol,11.46,staking token held by a counted product
2025-10,zircuit-staking,puffer-stake,2293.72,staking token held by a counted product
2025-10,zircuit-staking,renzo,4576.33,staking token held by a counted product
2025-10,zircuit-staking,stakestone-stone,479.16,staking token held by a counted product
2025-10,zircuit-staking,swell-liquid-restaking,421.72,staking token held by a counted product
2025-10,zircuit-staking,swell-liquid-staking,191.0,staking token held by a counted product
2025-10,zircuit-staking,veda,28172.51,product token held by a counted product
2025-11,aave-v1,aave-v1,1531.07,leftover: balance unchanged since 2025-05
2025-11,arbitrove,arbitrove,173.22,leftover: balance unchanged since 2024-10
2025-11,belt-finance,belt-finance,526.42,leftover: balance unchanged since 2024-12
2025-11,blackwing,ether.fi-stake,51.75,staking token held by a counted product
2025-11,blackwing,kelp,20.88,staking token held by a counted product
2025-11,blackwing,puffer-stake,1.37,staking token held by a counted product
2025-11,blackwing,renzo,225.78,staking token held by a counted product
2025-11,blackwing,swell-liquid-restaking,7.72,staking token held by a counted product
2025-11,blast-pre-launch-farm,lido,963.82,staking token held by a counted product
2025-11,canopy,kelp,1787.51,staking token held by a counted product
2025-11,canopy,renzo,18.14,staking token held by a counted product
2025-11,cap,lido,9944.93,staking token held by a counted product
2025-11,cap,origin-ether,249.38,product token held by a counted product
2025-11,carry:avant-aveth,avant-aveth,1861.63,DefiLlama row already counts this product
2025-11,carry:liquid-eth,veda,147816.66,DefiLlama row already counts this product
2025-11,carry:makina-deth,carry:makina-deth,23.75,held exceeds issuer row (cross-chain supply or adapter gap); floored at 0
2025-11,carry:makina-deth,makina,11263.45,DefiLlama row already counts this product
2025-11,carry:reservoir-eth,fusion-by-ipor,1620.16,DefiLlama row already counts this product
2025-11,carry:rocksolid,lagoon,6624.24,DefiLlama row already counts this product
2025-11,carry:vesper-vaeth,vesper,2182.31,DefiLlama row already counts this product
2025-11,cian-yield-layer,loops,10717.44,loop product: its positions are inside leveraged staking on lending markets
2025-11,corn-kernels,ether.fi-stake,10.75,staking token held by a counted product
2025-11,corn-kernels,kelp,1.06,staking token held by a counted product
2025-11,creth2,creth2,667.06,leftover: balance unchanged since 2024-10
2025-11,cytonic-airdrop-campaign,lido,21.85,staking token held by a counted product
2025-11,cytonic-airdrop-campaign,puffer-stake,62.78,staking token held by a counted product
2025-11,cytonic-airdrop-campaign,renzo,1.19,staking token held by a counted product
2025-11,eigencloud,eigencloud,2977979.17,restaking-token issuers already count this
2025-11,eigenpie,binance-staked-eth,203.37,staking token held by a counted product
2025-11,eigenpie,coinbase-wrapped-staked-eth,20.85,staking token held by a counted product
2025-11,eigenpie,frax-ether,123.27,staking token held by a counted product
2025-11,eigenpie,lido,857.57,staking token held by a counted product
2025-11,eigenpie,liquid-collective,2.17,staking token held by a counted product
2025-11,eigenpie,meth-protocol,30.02,staking token held by a counted product
2025-11,eigenpie,origin-ether,2.24,product token held by a counted product
2025-11,eigenpie,rocket-pool,29.24,staking token held by a counted product
2025-11,eigenpie,stader,56.89,staking token held by a counted product
2025-11,eigenpie,stakewise-v3,2.2,staking token held by a counted product
2025-11,eigenpie,swell-liquid-staking,1045.47,staking token held by a counted product
2025-11,enzyme-finance,ether.fi-stake,8765.25,staking token held by a counted product
2025-11,enzyme-finance,kelp,15.55,staking token held by a counted product
2025-11,enzyme-finance,lido,9373.74,staking token held by a counted product
2025-11,enzyme-finance,renzo,12.99,staking token held by a counted product
2025-11,enzyme-finance,rocket-pool,87.76,staking token held by a counted product
2025-11,enzyme-finance,stader,3.81,staking token held by a counted product
2025-11,enzyme-finance,swell-liquid-staking,337.36,staking token held by a counted product
2025-11,enzyme-finance,yieldnest,1.04,product token held by a counted product
2025-11,ether.fi-stake,ether.fi-stake,163009.17,held exceeds issuer row (cross-chain supply or adapter gap); floored at 0
2025-11,euclid-finance,euclid-finance,117.05,leftover: balance unchanged since 2024-11
2025-11,fluid-lite,loops,76102.87,loop product: its positions are inside leveraged staking on lending markets
2025-11,fusion-by-ipor,lido,641.84,staking token held by a counted product
2025-11,fyde-protocol,fyde-protocol,144.46,leftover: balance unchanged since 2025-03
2025-11,geth,geth,7658.32,leftover: balance unchanged since 2025-01
2025-11,hourglass,ether.fi-stake,4.33,staking token held by a counted product
2025-11,inceptionlrt-(isolated-restaking),inceptionlrt-(isolated-restaking),2731.17,leftover: balance unchanged since 2025-09
2025-11,index-coop,loops,715.09,loop product: its positions are inside leveraged staking on lending markets
2025-11,juice-finance,ether.fi-stake,2.06,staking token held by a counted product
2025-11,juice-finance,renzo,11.02,staking token held by a counted product
2025-11,kelp,lido,132434.26,staking token held by a counted product
2025-11,kelp,stader,90426.14,staking token held by a counted product
2025-11,lagoon,puffer-stake,17.62,staking token held by a counted product
2025-11,lagoon,rocket-pool,3429.32,staking token held by a counted product
2025-11,latch,ether.fi-stake,733.66,staking token held by a counted product
2025-11,latch,lido,164.05,staking token held by a counted product
2025-11,lending markets,binance-staked-eth,18578.1,staking token posted in a lending market (leveraged staking or money markets)
2025-11,lending markets,carry,6739.91,carry products' own lending positions
2025-11,lending markets,coinbase-wrapped-staked-eth,21038.85,staking token posted in a lending market (leveraged staking or money markets)
2025-11,lending markets,dinero-(pxeth),7.62,staking token posted in a lending market (leveraged staking or money markets)
2025-11,lending markets,ether.fi-stake,2320742.15,staking token posted in a lending market (leveraged staking or money markets)
2025-11,lending markets,ether.fi-stake,163009.17,staking tokens in lending markets beyond the issuer's backing: taken out of money markets
2025-11,lending markets,frax-ether,9937.18,staking token posted in a lending market (leveraged staking or money markets)
2025-11,lending markets,kelp,315154.85,staking token posted in a lending market (leveraged staking or money markets)
2025-11,lending markets,lido,2635295.08,staking token posted in a lending market (leveraged staking or money markets)
2025-11,lending markets,liquid-collective,2.28,staking token posted in a lending market (leveraged staking or money markets)
2025-11,lending markets,loops,3331818.44,loops: ETH borrowed against staking tokens (collateral counted once)
2025-11,lending markets,mantle-restaking,1543.83,staking token posted in a lending market (leveraged staking or money markets)
2025-11,lending markets,mellow-restaking,3339.36,staking token posted in a lending market (leveraged staking or money markets)
2025-11,lending markets,meth-protocol,3527.81,staking token posted in a lending market (leveraged staking or money markets)
2025-11,lending markets,origin-ether,6026.52,staking token posted in a lending market (leveraged staking or money markets)
2025-11,lending markets,puffer-stake,1078.18,staking token posted in a lending market (leveraged staking or money markets)
2025-11,lending markets,renzo,185828.91,staking token posted in a lending market (leveraged staking or money markets)
2025-11,lending markets,reserve-protocol,22662.04,staking token posted in a lending market (leveraged staking or money markets)
2025-11,lending markets,rocket-pool,73054.31,staking token posted in a lending market (leveraged staking or money markets)
2025-11,lending markets,stader,17069.77,staking token posted in a lending market (leveraged staking or money markets)
2025-11,lending markets,stakestone-stone,701.32,staking token posted in a lending market (leveraged staking or money markets)
2025-11,lending markets,stakewise-v3,158454.75,staking token posted in a lending market (leveraged staking or money markets)
2025-11,lending markets,swell-liquid-restaking,954.5,staking token posted in a lending market (leveraged staking or money markets)
2025-11,lending markets,swell-liquid-staking,9.24,staking token posted in a lending market (leveraged staking or money markets)
2025-11,lending markets,yieldnest,11.77,staking token posted in a lending market (leveraged staking or money markets)
2025-11,makina,carry:makina-deth,23.75,product token held by a counted product
2025-11,mantle-restaking,meth-protocol,98326.65,staking token held by a counted product
2025-11,mantle-restaking,veda,98326.65,nested holding
2025-11,mellow-restaking,lido,47741.78,staking token held by a counted product
2025-11,napier,ether.fi-stake,1.02,staking token held by a counted product
2025-11,napier,lido,742.17,staking token held by a counted product
2025-11,nimbora-yield,nimbora-yield,78.5,leftover: balance unchanged since 2025-07
2025-11,nucleus,dinero-(pxeth),13.5,staking token held by a counted product
2025-11,nucleus,ether.fi-stake,13.92,staking token held by a counted product
2025-11,nucleus,puffer-stake,1410.89,staking token held by a counted product
2025-11,nucleus,renzo,7.27,staking token held by a counted product
2025-11,nucleus,swell-liquid-restaking,40.94,staking token held by a counted product
2025-11,nucleus,swell-liquid-staking,165.83,staking token held by a counted product
2025-11,onx-finance,ankr,87.9,staking token held by a counted product
2025-11,opyn-convexity,opyn-convexity,229.1,leftover: balance unchanged since 2024-10
2025-11,opyn-gamma,opyn-gamma,398.35,leftover: balance unchanged since 2025-02
2025-11,origami-finance,loops,3.52,loop product: its positions are inside leveraged staking on lending markets
2025-11,pendle-v2,bedrock-unieth,815.05,staking token held by a counted product
2025-11,pendle-v2,binance-staked-eth,103.55,staking token held by a counted product
2025-11,pendle-v2,coinbase-wrapped-staked-eth,132.68,staking token held by a counted product
2025-11,pendle-v2,dinero-(pxeth),5.36,staking token held by a counted product
2025-11,pendle-v2,ether.fi-stake,5179.45,staking token held by a counted product
2025-11,pendle-v2,frax-ether,49.04,staking token held by a counted product
2025-11,pendle-v2,kelp,1372.5,staking token held by a counted product
2025-11,pendle-v2,lido,12936.69,staking token held by a counted product
2025-11,pendle-v2,mantle-restaking,122.85,staking token held by a counted product
2025-11,pendle-v2,mellow-restaking,2.45,product token held by a counted product
2025-11,pendle-v2,meth-protocol,10.14,staking token held by a counted product
2025-11,pendle-v2,origin-ether,291.4,product token held by a counted product
2025-11,pendle-v2,puffer-stake,1069.05,staking token held by a counted product
2025-11,pendle-v2,renzo,860.57,staking token held by a counted product
2025-11,pendle-v2,rocket-pool,1279.91,staking token held by a counted product
2025-11,pendle-v2,stader,27.66,staking token held by a counted product
2025-11,pendle-v2,swell-liquid-restaking,2678.57,staking token held by a counted product
2025-11,pendle-v2,swell-liquid-staking,439.39,staking token held by a counted product
2025-11,pendle-v2,upshift,1459.37,product token held by a counted product
2025-11,pendle-v2,veda,813.35,product token held by a counted product
2025-11,radpie,radpie,343.37,leftover: balance unchanged since 2024-10
2025-11,reaper-farm,reaper-farm,126.7,leftover: balance unchanged since 2025-09
2025-11,reserve-protocol,coinbase-wrapped-staked-eth,448.11,staking token held by a counted product
2025-11,reserve-protocol,frax-ether,10338.57,staking token held by a counted product
2025-11,reserve-protocol,lido,25440.85,staking token held by a counted product
2025-11,reserve-protocol,origin-ether,617.15,product token held by a counted product
2025-11,reserve-protocol,rocket-pool,10466.07,staking token held by a counted product
2025-11,reserve-protocol,stader,3998.17,staking token held by a counted product
2025-11,ribbon,lido,9.24,staking token held by a counted product
2025-11,ribbon,rocket-pool,11.91,staking token held by a counted product
2025-11,ribbon-earn,ribbon-earn,386.59,leftover: balance unchanged since 2024-10
2025-11,set-protocol,ankr,5.47,staking token held by a counted product
2025-11,set-protocol,coinbase-wrapped-staked-eth,4.93,staking token held by a counted product
2025-11,set-protocol,frax-ether,5.19,staking token held by a counted product
2025-11,set-protocol,lido,34.58,staking token held by a counted product
2025-11,set-protocol,rocket-pool,4.81,staking token held by a counted product
2025-11,sommelier,lido,8.21,staking token held by a counted product
2025-11,sophon-farm,ether.fi-stake,21.42,staking token held by a counted product
2025-11,sophon-farm,lido,19.74,staking token held by a counted product
2025-11,spectra-v2,lido,8.9,staking token held by a counted product
2025-11,spectra-v2,origin-ether,6.28,product token held by a counted product
2025-11,stafi,stafi,2318.58,leftover: balance unchanged since 2025-01
2025-11,stakestone-berachain-vault,stakestone-stone,643.95,staking token held by a counted product
2025-11,swell-l2-farm,swell-l2-farm,32448.5,leftover: balance unchanged since 2025-10
2025-11,symbiotic,symbiotic,166563.06,restaking-token issuers already count this
2025-11,terminal-finance-pre-deposits,ether.fi-stake,132.73,staking token held by a counted product
2025-11,theo-straddle-vaults,ether.fi-stake,204.56,staking token held by a counted product
2025-11,tranchess-yield,ether.fi-stake,7.01,staking token held by a counted product
2025-11,tranchess-yield,lido,2.64,staking token held by a counted product
2025-11,tranchess-yield,stakestone-stone,198.59,staking token held by a counted product
2025-11,treehouse-protocol,loops,93206.84,loop product: its positions are inside leveraged staking on lending markets
2025-11,treehouse-protocol,treehouse-protocol,6.06,held exceeds issuer row (cross-chain supply or adapter gap); floored at 0
2025-11,trevee-earn,ether.fi-stake,72.59,staking token held by a counted product
2025-11,trevee-earn,lido,314.55,staking token held by a counted product
2025-11,unipower,unipower,106.89,leftover: balance unchanged since 2024-10
2025-11,upshift,gain,28783.89,nested holding
2025-11,upshift,kelp,28785.48,staking token held by a counted product
2025-11,upshift,lido,7801.9,staking token held by a counted product
2025-11,vaultcraft,kelp,2.83,staking token held by a counted product
2025-11,vaultcraft,stader,2.5,staking token held by a counted product
2025-11,veda,ether.fi-stake,44935.67,ether.fi Liquid vaults booked as WETH by the Veda adapter hold eETH
2025-11,vesper,coinbase-wrapped-staked-eth,91.04,staking token held by a counted product
2025-11,vesper,lido,403.63,staking token held by a counted product
2025-11,vesper,rocket-pool,10.82,staking token held by a counted product
2025-11,vesper,symbiotic,188.48,"position in a Symbiotic vault, counted in the row that holds it"
2025-11,yieldnest,frax-ether,40.26,staking token held by a counted product
2025-11,yieldnest,meth-protocol,53.22,staking token held by a counted product
2025-11,yieldnest,origin-ether,1332.86,product token held by a counted product
2025-11,zircuit-staking,eigenpie,159.56,product token held by a counted product
2025-11,zircuit-staking,ether.fi-stake,69703.8,staking token held by a counted product
2025-11,zircuit-staking,kelp,1062.97,staking token held by a counted product
2025-11,zircuit-staking,lido,18224.01,staking token held by a counted product
2025-11,zircuit-staking,liquid-collective,1.23,staking token held by a counted product
2025-11,zircuit-staking,mellow-restaking,1828.77,product token held by a counted product
2025-11,zircuit-staking,meth-protocol,9.46,staking token held by a counted product
2025-11,zircuit-staking,puffer-stake,2257.35,staking token held by a counted product
2025-11,zircuit-staking,renzo,3472.78,staking token held by a counted product
2025-11,zircuit-staking,stakestone-stone,443.38,staking token held by a counted product
2025-11,zircuit-staking,swell-liquid-restaking,402.81,staking token held by a counted product
2025-11,zircuit-staking,swell-liquid-staking,182.5,staking token held by a counted product
2025-11,zircuit-staking,veda,8186.99,product token held by a counted product
2025-12,aave-v1,aave-v1,1529.36,leftover: balance unchanged since 2025-05
2025-12,arbitrove,arbitrove,176.47,leftover: balance unchanged since 2024-10
2025-12,belt-finance,belt-finance,546.57,leftover: balance unchanged since 2024-12
2025-12,blackwing,ether.fi-stake,50.41,staking token held by a counted product
2025-12,blackwing,kelp,20.07,staking token held by a counted product
2025-12,blackwing,puffer-stake,1.14,staking token held by a counted product
2025-12,blackwing,renzo,204.72,staking token held by a counted product
2025-12,blackwing,swell-liquid-restaking,7.36,staking token held by a counted product
2025-12,blast-pre-launch-farm,lido,948.61,staking token held by a counted product
2025-12,canopy,kelp,1751.84,staking token held by a counted product
2025-12,canopy,renzo,16.46,staking token held by a counted product
2025-12,cap,lido,11165.81,staking token held by a counted product
2025-12,cap,origin-ether,248.9,product token held by a counted product
2025-12,carry:avant-aveth,avant-aveth,2888.36,DefiLlama row already counts this product
2025-12,carry:liquid-eth,veda,147083.06,DefiLlama row already counts this product
2025-12,carry:makina-deth,makina,9802.0,DefiLlama row already counts this product
2025-12,carry:reservoir-eth,fusion-by-ipor,575.19,DefiLlama row already counts this product
2025-12,carry:rocksolid,lagoon,7652.42,DefiLlama row already counts this product
2025-12,carry:tau-infinifi,fusion-by-ipor,41.01,DefiLlama row already counts this product
2025-12,carry:vesper-vaeth,vesper,2215.69,DefiLlama row already counts this product
2025-12,cian-yield-layer,loops,6545.35,loop product: its positions are inside leveraged staking on lending markets
2025-12,corn-kernels,ether.fi-stake,10.65,staking token held by a counted product
2025-12,corn-kernels,kelp,1.06,staking token held by a counted product
2025-12,creth2,creth2,682.79,leftover: balance unchanged since 2024-10
2025-12,cytonic-airdrop-campaign,lido,1.36,staking token held by a counted product
2025-12,cytonic-airdrop-campaign,puffer-stake,62.83,staking token held by a counted product
2025-12,cytonic-airdrop-campaign,renzo,1.19,staking token held by a counted product
2025-12,eigencloud,eigencloud,3346792.19,restaking-token issuers already count this
2025-12,eigenpie,binance-staked-eth,203.68,staking token held by a counted product
2025-12,eigenpie,coinbase-wrapped-staked-eth,19.78,staking token held by a counted product
2025-12,eigenpie,frax-ether,120.49,staking token held by a counted product
2025-12,eigenpie,lido,857.67,staking token held by a counted product
2025-12,eigenpie,liquid-collective,2.15,staking token held by a counted product
2025-12,eigenpie,meth-protocol,30.23,staking token held by a counted product
2025-12,eigenpie,origin-ether,2.24,product token held by a counted product
2025-12,eigenpie,rocket-pool,29.21,staking token held by a counted product
2025-12,eigenpie,stader,55.48,staking token held by a counted product
2025-12,eigenpie,stakewise-v3,2.23,staking token held by a counted product
2025-12,eigenpie,swell-liquid-staking,1036.87,staking token held by a counted product
2025-12,enzyme-finance,coinbase-wrapped-staked-eth,1.69,staking token held by a counted product
2025-12,enzyme-finance,ether.fi-stake,8958.62,staking token held by a counted product
2025-12,enzyme-finance,kelp,15.41,staking token held by a counted product
2025-12,enzyme-finance,lido,9084.99,staking token held by a counted product
2025-12,enzyme-finance,renzo,13.0,staking token held by a counted product
2025-12,enzyme-finance,rocket-pool,88.15,staking token held by a counted product
2025-12,enzyme-finance,stader,266.3,staking token held by a counted product
2025-12,enzyme-finance,swell-liquid-staking,338.41,staking token held by a counted product
2025-12,enzyme-finance,yieldnest,1.04,product token held by a counted product
2025-12,ether.fi-stake,ether.fi-stake,224379.86,held exceeds issuer row (cross-chain supply or adapter gap); floored at 0
2025-12,euclid-finance,euclid-finance,119.24,leftover: balance unchanged since 2024-11
2025-12,fluid-lite,loops,85133.22,loop product: its positions are inside leveraged staking on lending markets
2025-12,fusion-by-ipor,lido,1640.14,staking token held by a counted product
2025-12,fyde-protocol,fyde-protocol,151.61,leftover: balance unchanged since 2025-03
2025-12,geth,geth,7658.32,leftover: balance unchanged since 2025-01
2025-12,hourglass,ether.fi-stake,4.33,staking token held by a counted product
2025-12,inceptionlrt-(isolated-restaking),inceptionlrt-(isolated-restaking),2736.79,leftover: balance unchanged since 2025-09
2025-12,index-coop,loops,746.03,loop product: its positions are inside leveraged staking on lending markets
2025-12,juice-finance,ether.fi-stake,2.06,staking token held by a counted product
2025-12,juice-finance,renzo,11.03,staking token held by a counted product
2025-12,kelp,kelp,2487.17,held exceeds issuer row (cross-chain supply or adapter gap); floored at 0
2025-12,kelp,lido,114329.27,staking token held by a counted product
2025-12,kelp,stader,91519.48,staking token held by a counted product
2025-12,lagoon,puffer-stake,14.82,staking token held by a counted product
2025-12,lagoon,rocket-pool,3714.79,staking token held by a counted product
2025-12,latch,ether.fi-stake,616.26,staking token held by a counted product
2025-12,latch,lido,164.11,staking token held by a counted product
2025-12,lending markets,binance-staked-eth,17944.24,staking token posted in a lending market (leveraged staking or money markets)
2025-12,lending markets,carry,18368.16,carry products' own lending positions
2025-12,lending markets,coinbase-wrapped-staked-eth,16225.61,staking token posted in a lending market (leveraged staking or money markets)
2025-12,lending markets,dinero-(pxeth),14.66,staking token posted in a lending market (leveraged staking or money markets)
2025-12,lending markets,ether.fi-stake,2833757.44,staking token posted in a lending market (leveraged staking or money markets)
2025-12,lending markets,ether.fi-stake,224379.86,staking tokens in lending markets beyond the issuer's backing: taken out of money markets
2025-12,lending markets,frax-ether,9635.99,staking token posted in a lending market (leveraged staking or money markets)
2025-12,lending markets,kelp,337681.61,staking token posted in a lending market (leveraged staking or money markets)
2025-12,lending markets,kelp,2487.17,staking tokens in lending markets beyond the issuer's backing: taken out of money markets
2025-12,lending markets,lido,2502881.27,staking token posted in a lending market (leveraged staking or money markets)
2025-12,lending markets,liquid-collective,2.27,staking token posted in a lending market (leveraged staking or money markets)
2025-12,lending markets,loops,3608712.14,loops: ETH borrowed against staking tokens (collateral counted once)
2025-12,lending markets,mantle-restaking,1286.65,staking token posted in a lending market (leveraged staking or money markets)
2025-12,lending markets,mellow-restaking,30.88,staking token posted in a lending market (leveraged staking or money markets)
2025-12,lending markets,meth-protocol,3615.44,staking token posted in a lending market (leveraged staking or money markets)
2025-12,lending markets,origin-ether,5348.02,staking token posted in a lending market (leveraged staking or money markets)
2025-12,lending markets,puffer-stake,713.79,staking token posted in a lending market (leveraged staking or money markets)
2025-12,lending markets,renzo,157603.0,staking token posted in a lending market (leveraged staking or money markets)
2025-12,lending markets,reserve-protocol,8537.76,staking token posted in a lending market (leveraged staking or money markets)
2025-12,lending markets,rocket-pool,71645.82,staking token posted in a lending market (leveraged staking or money markets)
2025-12,lending markets,stader,12840.19,staking token posted in a lending market (leveraged staking or money markets)
2025-12,lending markets,stakestone-stone,656.18,staking token posted in a lending market (leveraged staking or money markets)
2025-12,lending markets,stakewise-v3,159454.7,staking token posted in a lending market (leveraged staking or money markets)
2025-12,lending markets,swell-liquid-restaking,744.13,staking token posted in a lending market (leveraged staking or money markets)
2025-12,lending markets,swell-liquid-staking,8.68,staking token posted in a lending market (leveraged staking or money markets)
2025-12,lending markets,yieldnest,11.69,staking token posted in a lending market (leveraged staking or money markets)
2025-12,mantle-restaking,meth-protocol,93829.5,staking token held by a counted product
2025-12,mantle-restaking,veda,93829.5,nested holding
2025-12,mellow-restaking,lido,42932.87,staking token held by a counted product
2025-12,napier,ether.fi-stake,1.02,staking token held by a counted product
2025-12,napier,lido,77.49,staking token held by a counted product
2025-12,nimbora-yield,nimbora-yield,78.05,leftover: balance unchanged since 2025-07
2025-12,nucleus,dinero-(pxeth),3.7,staking token held by a counted product
2025-12,nucleus,ether.fi-stake,9.36,staking token held by a counted product
2025-12,nucleus,puffer-stake,1182.92,staking token held by a counted product
2025-12,nucleus,renzo,6.94,staking token held by a counted product
2025-12,nucleus,swell-liquid-restaking,40.35,staking token held by a counted product
2025-12,nucleus,swell-liquid-staking,149.14,staking token held by a counted product
2025-12,onx-finance,ankr,86.73,staking token held by a counted product
2025-12,opyn-convexity,opyn-convexity,229.1,leftover: balance unchanged since 2024-10
2025-12,opyn-gamma,opyn-gamma,418.09,leftover: balance unchanged since 2025-02
2025-12,origami-finance,loops,3.27,loop product: its positions are inside leveraged staking on lending markets
2025-12,pendle-v2,bedrock-unieth,817.4,staking token held by a counted product
2025-12,pendle-v2,binance-staked-eth,103.42,staking token held by a counted product
2025-12,pendle-v2,coinbase-wrapped-staked-eth,61.5,staking token held by a counted product
2025-12,pendle-v2,dinero-(pxeth),5.35,staking token held by a counted product
2025-12,pendle-v2,ether.fi-stake,5114.19,staking token held by a counted product
2025-12,pendle-v2,frax-ether,49.24,staking token held by a counted product
2025-12,pendle-v2,kelp,1320.76,staking token held by a counted product
2025-12,pendle-v2,lido,8837.76,staking token held by a counted product
2025-12,pendle-v2,mantle-restaking,115.44,staking token held by a counted product
2025-12,pendle-v2,mellow-restaking,2.42,product token held by a counted product
2025-12,pendle-v2,meth-protocol,10.14,staking token held by a counted product
2025-12,pendle-v2,origin-ether,249.01,product token held by a counted product
2025-12,pendle-v2,puffer-stake,1102.91,staking token held by a counted product
2025-12,pendle-v2,renzo,852.54,staking token held by a counted product
2025-12,pendle-v2,rocket-pool,1257.4,staking token held by a counted product
2025-12,pendle-v2,stader,27.68,staking token held by a counted product
2025-12,pendle-v2,swell-liquid-restaking,2727.63,staking token held by a counted product
2025-12,pendle-v2,swell-liquid-staking,424.56,staking token held by a counted product
2025-12,pendle-v2,upshift,2125.78,product token held by a counted product
2025-12,pendle-v2,veda,823.33,product token held by a counted product
2025-12,radpie,radpie,343.16,leftover: balance unchanged since 2024-10
2025-12,reaper-farm,reaper-farm,125.15,leftover: balance unchanged since 2025-09
2025-12,reserve-protocol,coinbase-wrapped-staked-eth,431.37,staking token held by a counted product
2025-12,reserve-protocol,frax-ether,7598.5,staking token held by a counted product
2025-12,reserve-protocol,lido,18607.36,staking token held by a counted product
2025-12,reserve-protocol,origin-ether,627.69,product token held by a counted product
2025-12,reserve-protocol,rocket-pool,7622.97,staking token held by a counted product
2025-12,reserve-protocol,stader,2902.13,staking token held by a counted product
2025-12,ribbon,lido,9.25,staking token held by a counted product
2025-12,ribbon,rocket-pool,11.93,staking token held by a counted product
2025-12,ribbon-earn,ribbon-earn,384.29,leftover: balance unchanged since 2024-10
2025-12,set-protocol,ankr,5.16,staking token held by a counted product
2025-12,set-protocol,coinbase-wrapped-staked-eth,4.96,staking token held by a counted product
2025-12,set-protocol,frax-ether,5.04,staking token held by a counted product
2025-12,set-protocol,lido,33.84,staking token held by a counted product
2025-12,set-protocol,rocket-pool,4.76,staking token held by a counted product
2025-12,sommelier,lido,8.23,staking token held by a counted product
2025-12,sophon-farm,ether.fi-stake,16.17,staking token held by a counted product
2025-12,sophon-farm,lido,20.18,staking token held by a counted product
2025-12,spectra-v2,origin-ether,8.31,product token held by a counted product
2025-12,stafi,stafi,2322.78,leftover: balance unchanged since 2025-01
2025-12,stakestone-berachain-vault,stakestone-stone,653.82,staking token held by a counted product
2025-12,swell-l2-farm,swell-l2-farm,32290.67,leftover: balance unchanged since 2025-10
2025-12,symbiotic,symbiotic,141761.13,restaking-token issuers already count this
2025-12,terminal-finance-pre-deposits,ether.fi-stake,328.6,staking token held by a counted product
2025-12,theo-straddle-vaults,ether.fi-stake,187.76,staking token held by a counted product
2025-12,tranchess-yield,ether.fi-stake,7.02,staking token held by a counted product
2025-12,tranchess-yield,lido,2.64,staking token held by a counted product
2025-12,tranchess-yield,stakestone-stone,192.53,staking token held by a counted product
2025-12,treehouse-protocol,loops,76318.25,loop product: its positions are inside leveraged staking on lending markets
2025-12,treehouse-protocol,treehouse-protocol,2.63,held exceeds issuer row (cross-chain supply or adapter gap); floored at 0
2025-12,trevee-earn,ether.fi-stake,72.75,staking token held by a counted product
2025-12,trevee-earn,lido,315.19,staking token held by a counted product
2025-12,unipower,unipower,106.89,leftover: balance unchanged since 2024-10
2025-12,upshift,gain,31645.72,nested holding
2025-12,upshift,kelp,31551.79,staking token held by a counted product
2025-12,upshift,lido,871.18,staking token held by a counted product
2025-12,vaultcraft,kelp,2.89,staking token held by a counted product
2025-12,vaultcraft,stader,2.5,staking token held by a counted product
2025-12,veda,ether.fi-stake,6327.97,ether.fi Liquid vaults booked as WETH by the Veda adapter hold eETH
2025-12,vesper,coinbase-wrapped-staked-eth,66.51,staking token held by a counted product
2025-12,vesper,lido,422.01,staking token held by a counted product
2025-12,vesper,rocket-pool,10.78,staking token held by a counted product
2025-12,vesper,symbiotic,241.5,"position in a Symbiotic vault, counted in the row that holds it"
2025-12,yieldnest,frax-ether,40.79,staking token held by a counted product
2025-12,yieldnest,meth-protocol,53.16,staking token held by a counted product
2025-12,yieldnest,origin-ether,1333.67,product token held by a counted product
2025-12,zircuit-staking,eigenpie,8.93,product token held by a counted product
2025-12,zircuit-staking,ether.fi-stake,62891.05,staking token held by a counted product
2025-12,zircuit-staking,kelp,1063.53,staking token held by a counted product
2025-12,zircuit-staking,lido,18225.95,staking token held by a counted product
2025-12,zircuit-staking,liquid-collective,1.23,staking token held by a counted product
2025-12,zircuit-staking,mellow-restaking,1816.76,product token held by a counted product
2025-12,zircuit-staking,meth-protocol,9.6,staking token held by a counted product
2025-12,zircuit-staking,puffer-stake,2234.16,staking token held by a counted product
2025-12,zircuit-staking,renzo,3355.45,staking token held by a counted product
2025-12,zircuit-staking,stakestone-stone,389.29,staking token held by a counted product
2025-12,zircuit-staking,swell-liquid-restaking,407.42,staking token held by a counted product
2025-12,zircuit-staking,swell-liquid-staking,178.24,staking token held by a counted product
2025-12,zircuit-staking,veda,6792.31,product token held by a counted product
2026-01,aave-v1,aave-v1,1033.08,leftover: balance unchanged since 2025-05
2026-01,arbitrove,arbitrove,176.4,leftover: balance unchanged since 2024-10
2026-01,belt-finance,belt-finance,541.48,leftover: balance unchanged since 2024-12
2026-01,blackwing,ether.fi-stake,42.57,staking token held by a counted product
2026-01,blackwing,kelp,14.03,staking token held by a counted product
2026-01,blackwing,puffer-stake,1.13,staking token held by a counted product
2026-01,blackwing,renzo,185.07,staking token held by a counted product
2026-01,blackwing,swell-liquid-restaking,7.07,staking token held by a counted product
2026-01,blast-pre-launch-farm,lido,918.96,staking token held by a counted product
2026-01,canopy,kelp,1254.33,staking token held by a counted product
2026-01,canopy,renzo,7.97,staking token held by a counted product
2026-01,cap,lido,12332.69,staking token held by a counted product
2026-01,cap,origin-ether,246.68,product token held by a counted product
2026-01,carry:avant-aveth,avant-aveth,2819.48,DefiLlama row already counts this product
2026-01,carry:lido-earn,mellow-core,20142.0,DefiLlama row already counts this product
2026-01,carry:liquid-eth,veda,154309.52,DefiLlama row already counts this product
2026-01,carry:makina-deth,makina,7840.37,DefiLlama row already counts this product
2026-01,carry:reservoir-eth,fusion-by-ipor,152.99,DefiLlama row already counts this product
2026-01,carry:rocksolid,lagoon,9534.93,DefiLlama row already counts this product
2026-01,carry:tau-infinifi,fusion-by-ipor,349.56,DefiLlama row already counts this product
2026-01,carry:vesper-vaeth,vesper,2240.58,DefiLlama row already counts this product
2026-01,cian-yield-layer,loops,6566.49,loop product: its positions are inside leveraged staking on lending markets
2026-01,corn-kernels,ether.fi-stake,10.6,staking token held by a counted product
2026-01,creth2,creth2,674.73,leftover: balance unchanged since 2024-10
2026-01,cytonic-airdrop-campaign,puffer-stake,62.68,staking token held by a counted product
2026-01,eigencloud,eigencloud,3746796.04,restaking-token issuers already count this
2026-01,eigenpie,binance-staked-eth,202.88,staking token held by a counted product
2026-01,eigenpie,coinbase-wrapped-staked-eth,19.69,staking token held by a counted product
2026-01,eigenpie,frax-ether,119.32,staking token held by a counted product
2026-01,eigenpie,lido,843.8,staking token held by a counted product
2026-01,eigenpie,liquid-collective,2.1,staking token held by a counted product
2026-01,eigenpie,meth-protocol,30.21,staking token held by a counted product
2026-01,eigenpie,origin-ether,2.16,product token held by a counted product
2026-01,eigenpie,rocket-pool,28.42,staking token held by a counted product
2026-01,eigenpie,stader,52.85,staking token held by a counted product
2026-01,eigenpie,stakewise-v3,2.23,staking token held by a counted product
2026-01,eigenpie,swell-liquid-staking,1002.02,staking token held by a counted product
2026-01,enzyme-finance,coinbase-wrapped-staked-eth,2.09,staking token held by a counted product
2026-01,enzyme-finance,ether.fi-stake,8948.18,staking token held by a counted product
2026-01,enzyme-finance,kelp,15.37,staking token held by a counted product
2026-01,enzyme-finance,lido,8907.75,staking token held by a counted product
2026-01,enzyme-finance,renzo,9.62,staking token held by a counted product
2026-01,enzyme-finance,rocket-pool,87.91,staking token held by a counted product
2026-01,enzyme-finance,stader,614.12,staking token held by a counted product
2026-01,enzyme-finance,swell-liquid-staking,335.39,staking token held by a counted product
2026-01,ether.fi-stake,ether.fi-stake,181760.12,held exceeds issuer row (cross-chain supply or adapter gap); floored at 0
2026-01,euclid-finance,euclid-finance,118.58,leftover: balance unchanged since 2024-11
2026-01,fluid-lite,loops,95532.87,loop product: its positions are inside leveraged staking on lending markets
2026-01,fusion-by-ipor,lido,3458.32,staking token held by a counted product
2026-01,fyde-protocol,fyde-protocol,150.14,leftover: balance unchanged since 2025-03
2026-01,geth,geth,7658.32,leftover: balance unchanged since 2025-01
2026-01,hourglass,ether.fi-stake,4.32,staking token held by a counted product
2026-01,inceptionlrt-(isolated-restaking),inceptionlrt-(isolated-restaking),2735.75,leftover: balance unchanged since 2025-09
2026-01,index-coop,loops,772.33,loop product: its positions are inside leveraged staking on lending markets
2026-01,juice-finance,ether.fi-stake,2.04,staking token held by a counted product
2026-01,juice-finance,renzo,10.77,staking token held by a counted product
2026-01,kelp,kelp,16034.34,held exceeds issuer row (cross-chain supply or adapter gap); floored at 0
2026-01,kelp,lido,336173.73,staking token held by a counted product
2026-01,kelp,stader,91530.03,staking token held by a counted product
2026-01,lagoon,puffer-stake,14.12,staking token held by a counted product
2026-01,lagoon,reserve-protocol,5.53,product token held by a counted product
2026-01,lagoon,rocket-pool,4406.75,staking token held by a counted product
2026-01,latch,ether.fi-stake,840.27,staking token held by a counted product
2026-01,latch,lido,164.33,staking token held by a counted product
2026-01,lending markets,binance-staked-eth,13536.49,staking token posted in a lending market (leveraged staking or money markets)
2026-01,lending markets,carry,22117.17,carry products' own lending positions
2026-01,lending markets,coinbase-wrapped-staked-eth,18242.46,staking token posted in a lending market (leveraged staking or money markets)
2026-01,lending markets,dinero-(pxeth),14.53,staking token posted in a lending market (leveraged staking or money markets)
2026-01,lending markets,ether.fi-stake,2973981.41,staking token posted in a lending market (leveraged staking or money markets)
2026-01,lending markets,ether.fi-stake,181760.12,staking tokens in lending markets beyond the issuer's backing: taken out of money markets
2026-01,lending markets,frax-ether,9601.01,staking token posted in a lending market (leveraged staking or money markets)
2026-01,lending markets,kelp,580264.7,staking token posted in a lending market (leveraged staking or money markets)
2026-01,lending markets,kelp,16034.34,staking tokens in lending markets beyond the issuer's backing: taken out of money markets
2026-01,lending markets,lido,2943632.47,staking token posted in a lending market (leveraged staking or money markets)
2026-01,lending markets,liquid-collective,2.22,staking token posted in a lending market (leveraged staking or money markets)
2026-01,lending markets,loops,4277161.27,loops: ETH borrowed against staking tokens (collateral counted once)
2026-01,lending markets,mantle-restaking,1128.54,staking token posted in a lending market (leveraged staking or money markets)
2026-01,lending markets,mellow-restaking,30.78,staking token posted in a lending market (leveraged staking or money markets)
2026-01,lending markets,meth-protocol,3643.6,staking token posted in a lending market (leveraged staking or money markets)
2026-01,lending markets,origin-ether,5142.38,staking token posted in a lending market (leveraged staking or money markets)
2026-01,lending markets,puffer-stake,591.77,staking token posted in a lending market (leveraged staking or money markets)
2026-01,lending markets,renzo,198793.82,staking token posted in a lending market (leveraged staking or money markets)
2026-01,lending markets,renzo,314.89,staking tokens in lending markets beyond the issuer's backing: taken out of money markets
2026-01,lending markets,reserve-protocol,7065.02,staking token posted in a lending market (leveraged staking or money markets)
2026-01,lending markets,rocket-pool,77003.97,staking token posted in a lending market (leveraged staking or money markets)
2026-01,lending markets,stader,4026.4,staking token posted in a lending market (leveraged staking or money markets)
2026-01,lending markets,stakestone-stone,45.73,staking token posted in a lending market (leveraged staking or money markets)
2026-01,lending markets,stakewise-v3,186541.32,staking token posted in a lending market (leveraged staking or money markets)
2026-01,lending markets,swell-liquid-restaking,738.25,staking token posted in a lending market (leveraged staking or money markets)
2026-01,lending markets,swell-liquid-staking,8.64,staking token posted in a lending market (leveraged staking or money markets)
2026-01,mantle-restaking,meth-protocol,77739.68,staking token held by a counted product
2026-01,mantle-restaking,veda,77739.68,nested holding
2026-01,mellow-core,lido,11475.38,staking token held by a counted product
2026-01,mellow-restaking,lido,21584.99,staking token held by a counted product
2026-01,napier,ether.fi-stake,1.01,staking token held by a counted product
2026-01,napier,lido,69.76,staking token held by a counted product
2026-01,native-credit-pool,lido,2.04,staking token held by a counted product
2026-01,nimbora-yield,nimbora-yield,77.94,leftover: balance unchanged since 2025-07
2026-01,nucleus,dinero-(pxeth),3.67,staking token held by a counted product
2026-01,nucleus,ether.fi-stake,5.66,staking token held by a counted product
2026-01,nucleus,puffer-stake,882.14,staking token held by a counted product
2026-01,nucleus,renzo,7.02,staking token held by a counted product
2026-01,nucleus,swell-liquid-restaking,38.95,staking token held by a counted product
2026-01,nucleus,swell-liquid-staking,145.63,staking token held by a counted product
2026-01,onx-finance,ankr,85.39,staking token held by a counted product
2026-01,opyn-convexity,opyn-convexity,229.1,leftover: balance unchanged since 2024-10
2026-01,opyn-gamma,opyn-gamma,418.09,leftover: balance unchanged since 2025-02
2026-01,origami-finance,loops,3.28,loop product: its positions are inside leveraged staking on lending markets
2026-01,pendle-v2,bedrock-unieth,510.65,staking token held by a counted product
2026-01,pendle-v2,binance-staked-eth,9.66,staking token held by a counted product
2026-01,pendle-v2,coinbase-wrapped-staked-eth,58.23,staking token held by a counted product
2026-01,pendle-v2,dinero-(pxeth),5.31,staking token held by a counted product
2026-01,pendle-v2,ether.fi-stake,4674.73,staking token held by a counted product
2026-01,pendle-v2,frax-ether,48.93,staking token held by a counted product
2026-01,pendle-v2,kelp,1284.31,staking token held by a counted product
2026-01,pendle-v2,lido,7568.12,staking token held by a counted product
2026-01,pendle-v2,mantle-restaking,40.07,staking token held by a counted product
2026-01,pendle-v2,mellow-restaking,2.39,product token held by a counted product
2026-01,pendle-v2,meth-protocol,10.05,staking token held by a counted product
2026-01,pendle-v2,origin-ether,231.29,product token held by a counted product
2026-01,pendle-v2,puffer-stake,1074.12,staking token held by a counted product
2026-01,pendle-v2,renzo,815.38,staking token held by a counted product
2026-01,pendle-v2,rocket-pool,1252.07,staking token held by a counted product
2026-01,pendle-v2,stader,21.29,staking token held by a counted product
2026-01,pendle-v2,swell-liquid-restaking,2657.7,staking token held by a counted product
2026-01,pendle-v2,swell-liquid-staking,408.52,staking token held by a counted product
2026-01,pendle-v2,upshift,1948.33,product token held by a counted product
2026-01,pendle-v2,veda,801.23,product token held by a counted product
2026-01,radpie,radpie,340.69,leftover: balance unchanged since 2024-10
2026-01,reaper-farm,reaper-farm,123.94,leftover: balance unchanged since 2025-09
2026-01,renzo,renzo,314.89,held exceeds issuer row (cross-chain supply or adapter gap); floored at 0
2026-01,reserve-protocol,coinbase-wrapped-staked-eth,449.96,staking token held by a counted product
2026-01,reserve-protocol,ether.fi-stake,4172.95,staking token held by a counted product
2026-01,reserve-protocol,frax-ether,5228.8,staking token held by a counted product
2026-01,reserve-protocol,lido,17924.29,staking token held by a counted product
2026-01,reserve-protocol,origin-ether,593.74,product token held by a counted product
2026-01,reserve-protocol,rocket-pool,5220.13,staking token held by a counted product
2026-01,reserve-protocol,stader,2773.3,staking token held by a counted product
2026-01,ribbon,ribbon,541.71,leftover: balance unchanged since 2026-01
2026-01,ribbon-earn,ribbon-earn,379.96,leftover: balance unchanged since 2024-10
2026-01,set-protocol,ankr,4.96,staking token held by a counted product
2026-01,set-protocol,coinbase-wrapped-staked-eth,4.81,staking token held by a counted product
2026-01,set-protocol,frax-ether,4.88,staking token held by a counted product
2026-01,set-protocol,lido,33.76,staking token held by a counted product
2026-01,set-protocol,rocket-pool,4.61,staking token held by a counted product
2026-01,sommelier,lido,8.23,staking token held by a counted product
2026-01,sophon-farm,ether.fi-stake,15.67,staking token held by a counted product
2026-01,sophon-farm,lido,19.27,staking token held by a counted product
2026-01,spectra-v2,origin-ether,8.3,product token held by a counted product
2026-01,stafi,stafi,2341.93,leftover: balance unchanged since 2025-01
2026-01,stakestone-berachain-vault,stakestone-stone,556.51,staking token held by a counted product
2026-01,swell-l2-farm,swell-l2-farm,32122.46,leftover: balance unchanged since 2025-10
2026-01,symbiotic,symbiotic,100299.91,restaking-token issuers already count this
2026-01,terminal-finance-pre-deposits,ether.fi-stake,191.29,staking token held by a counted product
2026-01,theo-straddle-vaults,ether.fi-stake,145.8,staking token held by a counted product
2026-01,tranchess-yield,ether.fi-stake,6.98,staking token held by a counted product
2026-01,tranchess-yield,lido,2.63,staking token held by a counted product
2026-01,tranchess-yield,stakestone-stone,185.5,staking token held by a counted product
2026-01,treehouse-protocol,loops,79930.42,loop product: its positions are inside leveraged staking on lending markets
2026-01,treehouse-protocol,treehouse-protocol,2.16,held exceeds issuer row (cross-chain supply or adapter gap); floored at 0
2026-01,trevee-earn,ether.fi-stake,72.07,staking token held by a counted product
2026-01,trevee-earn,lido,312.23,staking token held by a counted product
2026-01,unipower,unipower,106.89,leftover: balance unchanged since 2024-10
2026-01,upshift,gain,32169.39,nested holding
2026-01,upshift,kelp,32012.52,staking token held by a counted product
2026-01,upshift,lido,852.22,staking token held by a counted product
2026-01,vaultcraft,kelp,2.88,staking token held by a counted product
2026-01,vaultcraft,stader,2.59,staking token held by a counted product
2026-01,veda,ether.fi-stake,5797.07,ether.fi Liquid vaults booked as WETH by the Veda adapter hold eETH
2026-01,veda,meth-protocol,2146.15,staking token held by a counted product
2026-01,vesper,coinbase-wrapped-staked-eth,76.88,staking token held by a counted product
2026-01,vesper,lido,898.38,staking token held by a counted product
2026-01,vesper,rocket-pool,12.47,staking token held by a counted product
2026-01,vesper,symbiotic,975.14,"position in a Symbiotic vault, counted in the row that holds it"
2026-01,yieldnest,frax-ether,40.52,staking token held by a counted product
2026-01,yieldnest,meth-protocol,53.63,staking token held by a counted product
2026-01,yieldnest,origin-ether,1324.71,product token held by a counted product
2026-01,zircuit-staking,eigenpie,8.88,product token held by a counted product
2026-01,zircuit-staking,ether.fi-stake,54268.17,staking token held by a counted product
2026-01,zircuit-staking,kelp,1037.64,staking token held by a counted product
2026-01,zircuit-staking,lido,18020.69,staking token held by a counted product
2026-01,zircuit-staking,liquid-collective,1.18,staking token held by a counted product
2026-01,zircuit-staking,mellow-restaking,1798.92,product token held by a counted product
2026-01,zircuit-staking,meth-protocol,9.5,staking token held by a counted product
2026-01,zircuit-staking,puffer-stake,2221.17,staking token held by a counted product
2026-01,zircuit-staking,renzo,3261.6,staking token held by a counted product
2026-01,zircuit-staking,stakestone-stone,384.11,staking token held by a counted product
2026-01,zircuit-staking,swell-liquid-restaking,401.58,staking token held by a counted product
2026-01,zircuit-staking,swell-liquid-staking,174.65,staking token held by a counted product
2026-01,zircuit-staking,veda,4317.9,product token held by a counted product
2026-02,aave-v1,aave-v1,1032.72,leftover: balance unchanged since 2025-05
2026-02,arbitrove,arbitrove,176.54,leftover: balance unchanged since 2024-10
2026-02,belt-finance,belt-finance,548.44,leftover: balance unchanged since 2024-12
2026-02,bifrost-liquid-staking,bifrost-liquid-staking,740.49,leftover: balance unchanged since 2025-04
2026-02,blackwing,ether.fi-stake,41.95,staking token held by a counted product
2026-02,blackwing,kelp,13.64,staking token held by a counted product
2026-02,blackwing,renzo,170.38,staking token held by a counted product
2026-02,blackwing,swell-liquid-restaking,7.1,staking token held by a counted product
2026-02,blast-pre-launch-farm,lido,875.58,staking token held by a counted product
2026-02,canopy,kelp,489.93,staking token held by a counted product
2026-02,canopy,renzo,5.33,staking token held by a counted product
2026-02,cap,lido,13103.81,staking token held by a counted product
2026-02,carry:avant-aveth,avant-aveth,3987.18,DefiLlama row already counts this product
2026-02,carry:liquid-eth,veda,108292.17,DefiLlama row already counts this product
2026-02,carry:makina-deth,carry:makina-deth,7.49,held exceeds issuer row (cross-chain supply or adapter gap); floored at 0
2026-02,carry:makina-deth,makina,4026.39,DefiLlama row already counts this product
2026-02,carry:reservoir-eth,fusion-by-ipor,310.34,DefiLlama row already counts this product
2026-02,carry:rocksolid,lagoon,9655.73,DefiLlama row already counts this product
2026-02,carry:tau-infinifi,fusion-by-ipor,303.9,DefiLlama row already counts this product
2026-02,carry:vesper-vaeth,vesper,2541.5,DefiLlama row already counts this product
2026-02,cian-yield-layer,loops,4669.6,loop product: its positions are inside leveraged staking on lending markets
2026-02,corn-kernels,ether.fi-stake,10.72,staking token held by a counted product
2026-02,creth2,creth2,683.31,leftover: balance unchanged since 2024-10
2026-02,cytonic-airdrop-campaign,puffer-stake,63.27,staking token held by a counted product
2026-02,eigencloud,eigencloud,3642673.18,restaking-token issuers already count this
2026-02,eigenpie,binance-staked-eth,51.35,staking token held by a counted product
2026-02,eigenpie,coinbase-wrapped-staked-eth,19.93,staking token held by a counted product
2026-02,eigenpie,frax-ether,110.45,staking token held by a counted product
2026-02,eigenpie,lido,799.11,staking token held by a counted product
2026-02,eigenpie,liquid-collective,2.22,staking token held by a counted product
2026-02,eigenpie,meth-protocol,26.66,staking token held by a counted product
2026-02,eigenpie,origin-ether,2.19,product token held by a counted product
2026-02,eigenpie,rocket-pool,18.25,staking token held by a counted product
2026-02,eigenpie,stader,52.95,staking token held by a counted product
2026-02,eigenpie,stakewise-v3,2.27,staking token held by a counted product
2026-02,eigenpie,swell-liquid-staking,972.06,staking token held by a counted product
2026-02,enzyme-finance,coinbase-wrapped-staked-eth,2.11,staking token held by a counted product
2026-02,enzyme-finance,ether.fi-stake,8836.5,staking token held by a counted product
2026-02,enzyme-finance,kelp,32.04,staking token held by a counted product
2026-02,enzyme-finance,lido,8957.34,staking token held by a counted product
2026-02,enzyme-finance,rocket-pool,82.19,staking token held by a counted product
2026-02,enzyme-finance,stader,239.76,staking token held by a counted product
2026-02,enzyme-finance,swell-liquid-staking,339.92,staking token held by a counted product
2026-02,ether.fi-stake,ether.fi-stake,74791.41,held exceeds issuer row (cross-chain supply or adapter gap); floored at 0
2026-02,euclid-finance,euclid-finance,119.08,leftover: balance unchanged since 2024-11
2026-02,fluid-lite,loops,73517.1,loop product: its positions are inside leveraged staking on lending markets
2026-02,fusion-by-ipor,lido,3400.8,staking token held by a counted product
2026-02,fyde-protocol,fyde-protocol,151.62,leftover: balance unchanged since 2025-03
2026-02,geth,geth,7658.48,leftover: balance unchanged since 2025-01
2026-02,goldsand-by-inshallah,goldsand-by-inshallah,139.18,leftover: balance unchanged since 2026-02
2026-02,hourglass,ether.fi-stake,4.37,staking token held by a counted product
2026-02,inceptionlrt-(isolated-restaking),inceptionlrt-(isolated-restaking),2755.43,leftover: balance unchanged since 2025-09
2026-02,index-coop,loops,665.96,loop product: its positions are inside leveraged staking on lending markets
2026-02,juice-finance,ether.fi-stake,2.04,staking token held by a counted product
2026-02,juice-finance,renzo,10.95,staking token held by a counted product
2026-02,kelp,kelp,9586.73,held exceeds issuer row (cross-chain supply or adapter gap); floored at 0
2026-02,kelp,lido,338055.54,staking token held by a counted product
2026-02,kelp,stader,92664.41,staking token held by a counted product
2026-02,lagoon,puffer-stake,15.17,staking token held by a counted product
2026-02,lagoon,reserve-protocol,448.21,product token held by a counted product
2026-02,lagoon,rocket-pool,4770.97,staking token held by a counted product
2026-02,latch,ether.fi-stake,764.01,staking token held by a counted product
2026-02,latch,lido,164.65,staking token held by a counted product
2026-02,lending markets,binance-staked-eth,13849.84,staking token posted in a lending market (leveraged staking or money markets)
2026-02,lending markets,carry,10393.73,carry products' own lending positions
2026-02,lending markets,coinbase-wrapped-staked-eth,16548.64,staking token posted in a lending market (leveraged staking or money markets)
2026-02,lending markets,dinero-(pxeth),14.7,staking token posted in a lending market (leveraged staking or money markets)
2026-02,lending markets,ether.fi-stake,2742554.19,staking token posted in a lending market (leveraged staking or money markets)
2026-02,lending markets,ether.fi-stake,74791.41,staking tokens in lending markets beyond the issuer's backing: taken out of money markets
2026-02,lending markets,frax-ether,8379.74,staking token posted in a lending market (leveraged staking or money markets)
2026-02,lending markets,kelp,557081.12,staking token posted in a lending market (leveraged staking or money markets)
2026-02,lending markets,kelp,9586.73,staking tokens in lending markets beyond the issuer's backing: taken out of money markets
2026-02,lending markets,lido,2829153.05,staking token posted in a lending market (leveraged staking or money markets)
2026-02,lending markets,liquid-collective,18.24,staking token posted in a lending market (leveraged staking or money markets)
2026-02,lending markets,loops,4054820.01,loops: ETH borrowed against staking tokens (collateral counted once)
2026-02,lending markets,mantle-restaking,1100.68,staking token posted in a lending market (leveraged staking or money markets)
2026-02,lending markets,meth-protocol,3731.4,staking token posted in a lending market (leveraged staking or money markets)
2026-02,lending markets,origin-ether,8011.22,staking token posted in a lending market (leveraged staking or money markets)
2026-02,lending markets,puffer-stake,469.63,staking token posted in a lending market (leveraged staking or money markets)
2026-02,lending markets,renzo,152879.88,staking token posted in a lending market (leveraged staking or money markets)
2026-02,lending markets,reserve-protocol,7173.17,staking token posted in a lending market (leveraged staking or money markets)
2026-02,lending markets,rocket-pool,59917.78,staking token posted in a lending market (leveraged staking or money markets)
2026-02,lending markets,stader,369.76,staking token posted in a lending market (leveraged staking or money markets)
2026-02,lending markets,stakestone-stone,591.89,staking token posted in a lending market (leveraged staking or money markets)
2026-02,lending markets,stakewise-v3,163608.21,staking token posted in a lending market (leveraged staking or money markets)
2026-02,lending markets,swell-liquid-restaking,733.79,staking token posted in a lending market (leveraged staking or money markets)
2026-02,lending markets,swell-liquid-staking,1.6,staking token posted in a lending market (leveraged staking or money markets)
2026-02,lending markets,yieldnest,12.61,staking token posted in a lending market (leveraged staking or money markets)
2026-02,makina,carry:makina-deth,7.49,product token held by a counted product
2026-02,mantle-restaking,meth-protocol,77617.07,staking token held by a counted product
2026-02,mantle-restaking,veda,77617.07,nested holding
2026-02,mellow-core,lido,17313.22,staking token held by a counted product
2026-02,mellow-restaking,lido,20770.9,staking token held by a counted product
2026-02,napier,ether.fi-stake,1.02,staking token held by a counted product
2026-02,napier,lido,70.53,staking token held by a counted product
2026-02,native-credit-pool,lido,108.13,staking token held by a counted product
2026-02,nimbora-yield,nimbora-yield,78.41,leftover: balance unchanged since 2025-07
2026-02,nucleus,dinero-(pxeth),3.72,staking token held by a counted product
2026-02,nucleus,puffer-stake,716.46,staking token held by a counted product
2026-02,nucleus,renzo,7.17,staking token held by a counted product
2026-02,nucleus,swell-liquid-restaking,1.44,staking token held by a counted product
2026-02,nucleus,swell-liquid-staking,120.82,staking token held by a counted product
2026-02,onx-finance,ankr,84.95,staking token held by a counted product
2026-02,opyn-convexity,opyn-convexity,229.75,leftover: balance unchanged since 2024-10
2026-02,opyn-gamma,opyn-gamma,418.09,leftover: balance unchanged since 2025-02
2026-02,origami-finance,loops,3.25,loop product: its positions are inside leveraged staking on lending markets
2026-02,pendle-v2,bedrock-unieth,511.07,staking token held by a counted product
2026-02,pendle-v2,binance-staked-eth,3.95,staking token held by a counted product
2026-02,pendle-v2,coinbase-wrapped-staked-eth,57.17,staking token held by a counted product
2026-02,pendle-v2,dinero-(pxeth),5.37,staking token held by a counted product
2026-02,pendle-v2,ether.fi-stake,4796.48,staking token held by a counted product
2026-02,pendle-v2,frax-ether,49.47,staking token held by a counted product
2026-02,pendle-v2,kelp,1268.2,staking token held by a counted product
2026-02,pendle-v2,lido,6907.74,staking token held by a counted product
2026-02,pendle-v2,mantle-restaking,32.86,staking token held by a counted product
2026-02,pendle-v2,mellow-restaking,2.4,product token held by a counted product
2026-02,pendle-v2,meth-protocol,10.12,staking token held by a counted product
2026-02,pendle-v2,origin-ether,235.12,product token held by a counted product
2026-02,pendle-v2,puffer-stake,1137.94,staking token held by a counted product
2026-02,pendle-v2,renzo,821.62,staking token held by a counted product
2026-02,pendle-v2,rocket-pool,1204.16,staking token held by a counted product
2026-02,pendle-v2,stader,21.52,staking token held by a counted product
2026-02,pendle-v2,swell-liquid-restaking,2667.34,staking token held by a counted product
2026-02,pendle-v2,swell-liquid-staking,366.64,staking token held by a counted product
2026-02,pendle-v2,upshift,1674.46,product token held by a counted product
2026-02,pendle-v2,veda,785.15,product token held by a counted product
2026-02,radpie,radpie,344.17,leftover: balance unchanged since 2024-10
2026-02,reaper-farm,reaper-farm,130.88,leftover: balance unchanged since 2025-09
2026-02,reserve-protocol,coinbase-wrapped-staked-eth,464.66,staking token held by a counted product
2026-02,reserve-protocol,ether.fi-stake,4079.74,staking token held by a counted product
2026-02,reserve-protocol,frax-ether,5077.78,staking token held by a counted product
2026-02,reserve-protocol,lido,17470.81,staking token held by a counted product
2026-02,reserve-protocol,origin-ether,535.31,product token held by a counted product
2026-02,reserve-protocol,rocket-pool,5095.22,staking token held by a counted product
2026-02,reserve-protocol,stader,2716.07,staking token held by a counted product
2026-02,ribbon,ribbon,541.72,leftover: balance unchanged since 2026-01
2026-02,ribbon-earn,ribbon-earn,382.74,leftover: balance unchanged since 2024-10
2026-02,set-protocol,ankr,4.58,staking token held by a counted product
2026-02,set-protocol,coinbase-wrapped-staked-eth,4.53,staking token held by a counted product
2026-02,set-protocol,frax-ether,4.61,staking token held by a counted product
2026-02,set-protocol,lido,33.03,staking token held by a counted product
2026-02,set-protocol,rocket-pool,4.35,staking token held by a counted product
2026-02,sophon-farm,ether.fi-stake,15.2,staking token held by a counted product
2026-02,sophon-farm,lido,19.37,staking token held by a counted product
2026-02,spectra-v2,origin-ether,8.43,product token held by a counted product
2026-02,stafi,stafi,2336.49,leftover: balance unchanged since 2025-01
2026-02,stakestone-berachain-vault,stakestone-stone,630.79,staking token held by a counted product
2026-02,swell-l2-farm,swell-l2-farm,32476.21,leftover: balance unchanged since 2025-10
2026-02,symbiotic,symbiotic,99423.95,restaking-token issuers already count this
2026-02,terminal-finance-pre-deposits,ether.fi-stake,32.97,staking token held by a counted product
2026-02,theo-straddle-vaults,ether.fi-stake,146.1,staking token held by a counted product
2026-02,tranchess-yield,ether.fi-stake,7.08,staking token held by a counted product
2026-02,tranchess-yield,lido,2.67,staking token held by a counted product
2026-02,tranchess-yield,stakestone-stone,191.99,staking token held by a counted product
2026-02,treehouse-protocol,loops,54364.62,loop product: its positions are inside leveraged staking on lending markets
2026-02,treehouse-protocol,treehouse-protocol,2.52,held exceeds issuer row (cross-chain supply or adapter gap); floored at 0
2026-02,unipower,unipower,106.89,leftover: balance unchanged since 2024-10
2026-02,upshift,gain,31129.39,nested holding
2026-02,upshift,kelp,31129.39,staking token held by a counted product
2026-02,vaultcraft,kelp,2.92,staking token held by a counted product
2026-02,vaultcraft,stader,2.62,staking token held by a counted product
2026-02,veda,ether.fi-stake,24134.13,ether.fi Liquid vaults booked as WETH by the Veda adapter hold eETH
2026-02,vesper,coinbase-wrapped-staked-eth,76.2,staking token held by a counted product
2026-02,vesper,lido,826.86,staking token held by a counted product
2026-02,vesper,rocket-pool,11.78,staking token held by a counted product
2026-02,vesper,symbiotic,1035.86,"position in a Symbiotic vault, counted in the row that holds it"
2026-02,yieldnest,frax-ether,41.16,staking token held by a counted product
2026-02,yieldnest,meth-protocol,53.57,staking token held by a counted product
2026-02,yieldnest,origin-ether,1349.15,product token held by a counted product
2026-02,zircuit-staking,eigenpie,8.99,product token held by a counted product
2026-02,zircuit-staking,ether.fi-stake,58674.09,staking token held by a counted product
2026-02,zircuit-staking,kelp,1041.44,staking token held by a counted product
2026-02,zircuit-staking,lido,18220.46,staking token held by a counted product
2026-02,zircuit-staking,liquid-collective,1.24,staking token held by a counted product
2026-02,zircuit-staking,mellow-restaking,1822.63,product token held by a counted product
2026-02,zircuit-staking,meth-protocol,6.96,staking token held by a counted product
2026-02,zircuit-staking,puffer-stake,2112.26,staking token held by a counted product
2026-02,zircuit-staking,renzo,2888.62,staking token held by a counted product
2026-02,zircuit-staking,stakestone-stone,380.55,staking token held by a counted product
2026-02,zircuit-staking,swell-liquid-restaking,403.77,staking token held by a counted product
2026-02,zircuit-staking,swell-liquid-staking,65.33,staking token held by a counted product
2026-02,zircuit-staking,veda,3369.0,product token held by a counted product
2026-03,aave-v1,aave-v1,1023.83,leftover: balance unchanged since 2025-05
2026-03,arbitrove,arbitrove,176.68,leftover: balance unchanged since 2024-10
2026-03,belt-finance,belt-finance,546.62,leftover: balance unchanged since 2024-12
2026-03,bifrost-liquid-staking,bifrost-liquid-staking,757.5,leftover: balance unchanged since 2025-04
2026-03,blackwing,ether.fi-stake,40.05,staking token held by a counted product
2026-03,blackwing,kelp,12.12,staking token held by a counted product
2026-03,blackwing,renzo,162.01,staking token held by a counted product
2026-03,blackwing,swell-liquid-restaking,7.1,staking token held by a counted product
2026-03,blast-pre-launch-farm,lido,874.58,staking token held by a counted product
2026-03,canopy,kelp,425.04,staking token held by a counted product
2026-03,cap,ether.fi-stake,15438.7,staking token held by a counted product
2026-03,cap,lido,13054.24,staking token held by a counted product
2026-03,cap,symbiotic,15438.7,"position in a Symbiotic vault, counted in the row that holds it"
2026-03,carry:avant-aveth,avant-aveth,5739.11,DefiLlama row already counts this product
2026-03,carry:lido-earn,mellow-core,86458.92,DefiLlama row already counts this product
2026-03,carry:liquid-eth,veda,147239.06,DefiLlama row already counts this product
2026-03,carry:liquity-carry,fusion-by-ipor,32.02,DefiLlama row already counts this product
2026-03,carry:makina-deth,makina,3815.16,DefiLlama row already counts this product
2026-03,carry:reservoir-eth,fusion-by-ipor,1229.87,DefiLlama row already counts this product
2026-03,carry:rocksolid,lagoon,9485.05,DefiLlama row already counts this product
2026-03,carry:tau-infinifi,fusion-by-ipor,44.72,DefiLlama row already counts this product
2026-03,carry:vesper-vaeth,vesper,2490.98,DefiLlama row already counts this product
2026-03,cian-yield-layer,loops,6165.8,loop product: its positions are inside leveraged staking on lending markets
2026-03,corn-kernels,ether.fi-stake,10.06,staking token held by a counted product
2026-03,creth2,creth2,682.88,leftover: balance unchanged since 2024-10
2026-03,eigencloud,eigencloud,3304472.09,restaking-token issuers already count this
2026-03,eigenpie,binance-staked-eth,33.66,staking token held by a counted product
2026-03,eigenpie,coinbase-wrapped-staked-eth,19.95,staking token held by a counted product
2026-03,eigenpie,frax-ether,110.77,staking token held by a counted product
2026-03,eigenpie,lido,797.41,staking token held by a counted product
2026-03,eigenpie,liquid-collective,2.22,staking token held by a counted product
2026-03,eigenpie,meth-protocol,25.47,staking token held by a counted product
2026-03,eigenpie,origin-ether,2.19,product token held by a counted product
2026-03,eigenpie,rocket-pool,17.08,staking token held by a counted product
2026-03,eigenpie,stader,53.04,staking token held by a counted product
2026-03,eigenpie,stakewise-v3,2.26,staking token held by a counted product
2026-03,eigenpie,swell-liquid-staking,984.68,staking token held by a counted product
2026-03,enzyme-finance,coinbase-wrapped-staked-eth,2.12,staking token held by a counted product
2026-03,enzyme-finance,ether.fi-stake,8822.61,staking token held by a counted product
2026-03,enzyme-finance,lido,8456.85,staking token held by a counted product
2026-03,enzyme-finance,rocket-pool,2.21,staking token held by a counted product
2026-03,enzyme-finance,stader,16.86,staking token held by a counted product
2026-03,enzyme-finance,swell-liquid-staking,337.58,staking token held by a counted product
2026-03,enzyme-finance,yieldnest,1.04,product token held by a counted product
2026-03,euclid-finance,euclid-finance,119.46,leftover: balance unchanged since 2024-11
2026-03,fluid-lite,loops,80172.51,loop product: its positions are inside leveraged staking on lending markets
2026-03,fusion-by-ipor,lido,2748.0,staking token held by a counted product
2026-03,fyde-protocol,fyde-protocol,151.96,leftover: balance unchanged since 2025-03
2026-03,geth,geth,7680.16,leftover: balance unchanged since 2025-01
2026-03,goldsand-by-inshallah,goldsand-by-inshallah,139.49,leftover: balance unchanged since 2026-02
2026-03,hourglass,ether.fi-stake,4.37,staking token held by a counted product
2026-03,inceptionlrt-(isolated-restaking),inceptionlrt-(isolated-restaking),2747.09,leftover: balance unchanged since 2025-09
2026-03,index-coop,loops,656.75,loop product: its positions are inside leveraged staking on lending markets
2026-03,juice-finance,ether.fi-stake,2.05,staking token held by a counted product
2026-03,juice-finance,renzo,10.94,staking token held by a counted product
2026-03,kelp,kelp,6044.44,held exceeds issuer row (cross-chain supply or adapter gap); floored at 0
2026-03,kelp,lido,362119.95,staking token held by a counted product
2026-03,kelp,stader,92984.7,staking token held by a counted product
2026-03,lagoon,puffer-stake,16.49,staking token held by a counted product
2026-03,lagoon,reserve-protocol,1497.01,product token held by a counted product
2026-03,lagoon,rocket-pool,5144.68,staking token held by a counted product
2026-03,latch,ether.fi-stake,739.57,staking token held by a counted product
2026-03,latch,lido,165.35,staking token held by a counted product
2026-03,lending markets,binance-staked-eth,12307.7,staking token posted in a lending market (leveraged staking or money markets)
2026-03,lending markets,carry,31651.92,carry products' own lending positions
2026-03,lending markets,coinbase-wrapped-staked-eth,16014.84,staking token posted in a lending market (leveraged staking or money markets)
2026-03,lending markets,dinero-(pxeth),14.59,staking token posted in a lending market (leveraged staking or money markets)
2026-03,lending markets,ether.fi-stake,2348577.41,staking token posted in a lending market (leveraged staking or money markets)
2026-03,lending markets,frax-ether,8063.36,staking token posted in a lending market (leveraged staking or money markets)
2026-03,lending markets,kelp,592770.42,staking token posted in a lending market (leveraged staking or money markets)
2026-03,lending markets,kelp,6044.44,staking tokens in lending markets beyond the issuer's backing: taken out of money markets
2026-03,lending markets,lido,2873765.48,staking token posted in a lending market (leveraged staking or money markets)
2026-03,lending markets,liquid-collective,18.21,staking token posted in a lending market (leveraged staking or money markets)
2026-03,lending markets,loops,3803468.25,loops: ETH borrowed against staking tokens (collateral counted once)
2026-03,lending markets,mantle-restaking,817.15,staking token posted in a lending market (leveraged staking or money markets)
2026-03,lending markets,meth-protocol,3622.72,staking token posted in a lending market (leveraged staking or money markets)
2026-03,lending markets,origin-ether,8027.92,staking token posted in a lending market (leveraged staking or money markets)
2026-03,lending markets,puffer-stake,429.96,staking token posted in a lending market (leveraged staking or money markets)
2026-03,lending markets,renzo,146057.41,staking token posted in a lending market (leveraged staking or money markets)
2026-03,lending markets,reserve-protocol,9281.34,staking token posted in a lending market (leveraged staking or money markets)
2026-03,lending markets,rocket-pool,60073.84,staking token posted in a lending market (leveraged staking or money markets)
2026-03,lending markets,stader,205.24,staking token posted in a lending market (leveraged staking or money markets)
2026-03,lending markets,stakestone-stone,590.02,staking token posted in a lending market (leveraged staking or money markets)
2026-03,lending markets,stakewise-v3,189574.44,staking token posted in a lending market (leveraged staking or money markets)
2026-03,lending markets,swell-liquid-restaking,734.93,staking token posted in a lending market (leveraged staking or money markets)
2026-03,lending markets,swell-liquid-staking,1.59,staking token posted in a lending market (leveraged staking or money markets)
2026-03,lending markets,yieldnest,9.38,staking token posted in a lending market (leveraged staking or money markets)
2026-03,mantle-restaking,meth-protocol,73520.36,staking token held by a counted product
2026-03,mantle-restaking,veda,73520.36,nested holding
2026-03,mellow-core,lido,7909.08,staking token held by a counted product
2026-03,mellow-restaking,lido,19502.69,staking token held by a counted product
2026-03,napier,ether.fi-stake,1.03,staking token held by a counted product
2026-03,napier,lido,70.84,staking token held by a counted product
2026-03,native-credit-pool,lido,566.04,staking token held by a counted product
2026-03,nimbora-yield,nimbora-yield,78.28,leftover: balance unchanged since 2025-07
2026-03,nucleus,dinero-(pxeth),3.7,staking token held by a counted product
2026-03,nucleus,puffer-stake,589.21,staking token held by a counted product
2026-03,nucleus,renzo,7.16,staking token held by a counted product
2026-03,nucleus,swell-liquid-staking,96.57,staking token held by a counted product
2026-03,onx-finance,ankr,87.2,staking token held by a counted product
2026-03,opyn-convexity,opyn-convexity,229.1,leftover: balance unchanged since 2024-10
2026-03,opyn-gamma,opyn-gamma,418.09,leftover: balance unchanged since 2025-02
2026-03,origami-finance,loops,3.29,loop product: its positions are inside leveraged staking on lending markets
2026-03,pendle-v2,bedrock-unieth,458.39,staking token held by a counted product
2026-03,pendle-v2,binance-staked-eth,3.94,staking token held by a counted product
2026-03,pendle-v2,coinbase-wrapped-staked-eth,7.4,staking token held by a counted product
2026-03,pendle-v2,dinero-(pxeth),4.52,staking token held by a counted product
2026-03,pendle-v2,ether.fi-stake,4128.07,staking token held by a counted product
2026-03,pendle-v2,frax-ether,6.58,staking token held by a counted product
2026-03,pendle-v2,kelp,1029.12,staking token held by a counted product
2026-03,pendle-v2,lido,6303.73,staking token held by a counted product
2026-03,pendle-v2,mantle-restaking,31.84,staking token held by a counted product
2026-03,pendle-v2,mellow-restaking,2.38,product token held by a counted product
2026-03,pendle-v2,meth-protocol,10.11,staking token held by a counted product
2026-03,pendle-v2,origin-ether,235.75,product token held by a counted product
2026-03,pendle-v2,puffer-stake,1184.97,staking token held by a counted product
2026-03,pendle-v2,renzo,816.22,staking token held by a counted product
2026-03,pendle-v2,rocket-pool,1041.18,staking token held by a counted product
2026-03,pendle-v2,stader,21.56,staking token held by a counted product
2026-03,pendle-v2,swell-liquid-restaking,1738.27,staking token held by a counted product
2026-03,pendle-v2,swell-liquid-staking,374.7,staking token held by a counted product
2026-03,pendle-v2,upshift,1990.16,product token held by a counted product
2026-03,pendle-v2,veda,787.08,product token held by a counted product
2026-03,radpie,radpie,344.05,leftover: balance unchanged since 2024-10
2026-03,reaper-farm,reaper-farm,130.58,leftover: balance unchanged since 2025-09
2026-03,reserve-protocol,coinbase-wrapped-staked-eth,472.65,staking token held by a counted product
2026-03,reserve-protocol,ether.fi-stake,7714.08,staking token held by a counted product
2026-03,reserve-protocol,frax-ether,3512.71,staking token held by a counted product
2026-03,reserve-protocol,lido,18022.21,staking token held by a counted product
2026-03,reserve-protocol,origin-ether,523.3,product token held by a counted product
2026-03,reserve-protocol,rocket-pool,3517.5,staking token held by a counted product
2026-03,reserve-protocol,stader,2812.9,staking token held by a counted product
2026-03,ribbon,ribbon,541.74,leftover: balance unchanged since 2026-01
2026-03,ribbon-earn,ribbon-earn,379.26,leftover: balance unchanged since 2024-10
2026-03,set-protocol,ankr,4.32,staking token held by a counted product
2026-03,set-protocol,coinbase-wrapped-staked-eth,4.17,staking token held by a counted product
2026-03,set-protocol,frax-ether,4.25,staking token held by a counted product
2026-03,set-protocol,lido,32.73,staking token held by a counted product
2026-03,set-protocol,rocket-pool,4.0,staking token held by a counted product
2026-03,sommelier,lido,7.83,staking token held by a counted product
2026-03,sophon-farm,ether.fi-stake,10.89,staking token held by a counted product
2026-03,sophon-farm,lido,19.31,staking token held by a counted product
2026-03,spectra-v2,origin-ether,8.4,product token held by a counted product
2026-03,stafi,stafi,2337.38,leftover: balance unchanged since 2025-01
2026-03,stakestone-berachain-vault,stakestone-stone,593.59,staking token held by a counted product
2026-03,swell-l2-farm,swell-l2-farm,32370.19,leftover: balance unchanged since 2025-10
2026-03,symbiotic,symbiotic,109505.86,restaking-token issuers already count this
2026-03,terminal-finance-pre-deposits,ether.fi-stake,33.22,staking token held by a counted product
2026-03,theo-straddle-vaults,ether.fi-stake,144.27,staking token held by a counted product
2026-03,tranchess-yield,ether.fi-stake,7.07,staking token held by a counted product
2026-03,tranchess-yield,lido,2.66,staking token held by a counted product
2026-03,tranchess-yield,stakestone-stone,185.1,staking token held by a counted product
2026-03,treehouse-protocol,loops,46285.53,loop product: its positions are inside leveraged staking on lending markets
2026-03,treehouse-protocol,treehouse-protocol,2.74,held exceeds issuer row (cross-chain supply or adapter gap); floored at 0
2026-03,unipower,unipower,107.12,leftover: balance unchanged since 2024-10
2026-03,upshift,gain,29685.69,nested holding
2026-03,upshift,kelp,29685.69,staking token held by a counted product
2026-03,vaultcraft,kelp,2.91,staking token held by a counted product
2026-03,vaultcraft,stader,2.64,staking token held by a counted product
2026-03,veda,ether.fi-stake,8896.85,ether.fi Liquid vaults booked as WETH by the Veda adapter hold eETH
2026-03,vesper,coinbase-wrapped-staked-eth,38.57,staking token held by a counted product
2026-03,vesper,lido,851.17,staking token held by a counted product
2026-03,vesper,rocket-pool,11.86,staking token held by a counted product
2026-03,vesper,symbiotic,1044.1,"position in a Symbiotic vault, counted in the row that holds it"
2026-03,yieldnest,frax-ether,41.31,staking token held by a counted product
2026-03,yieldnest,meth-protocol,53.54,staking token held by a counted product
2026-03,yieldnest,origin-ether,1347.53,product token held by a counted product
2026-03,zircuit-staking,eigenpie,8.92,product token held by a counted product
2026-03,zircuit-staking,ether.fi-stake,26134.97,staking token held by a counted product
2026-03,zircuit-staking,kelp,1025.33,staking token held by a counted product
2026-03,zircuit-staking,lido,18297.86,staking token held by a counted product
2026-03,zircuit-staking,liquid-collective,1.24,staking token held by a counted product
2026-03,zircuit-staking,mellow-restaking,1775.33,product token held by a counted product
2026-03,zircuit-staking,meth-protocol,6.76,staking token held by a counted product
2026-03,zircuit-staking,puffer-stake,1285.27,staking token held by a counted product
2026-03,zircuit-staking,renzo,2655.71,staking token held by a counted product
2026-03,zircuit-staking,stakestone-stone,260.18,staking token held by a counted product
2026-03,zircuit-staking,swell-liquid-restaking,403.77,staking token held by a counted product
2026-03,zircuit-staking,swell-liquid-staking,64.59,staking token held by a counted product
2026-03,zircuit-staking,veda,3215.23,product token held by a counted product
2026-04,aave-v1,aave-v1,1025.07,leftover: balance unchanged since 2025-05
2026-04,arbitrove,arbitrove,176.74,leftover: balance unchanged since 2024-10
2026-04,belt-finance,belt-finance,546.63,leftover: balance unchanged since 2024-12
2026-04,bifrost-liquid-staking,bifrost-liquid-staking,608.44,leftover: balance unchanged since 2025-04
2026-04,blackwing,ether.fi-stake,29.6,staking token held by a counted product
2026-04,blackwing,kelp,10.33,staking token held by a counted product
2026-04,blackwing,renzo,153.14,staking token held by a counted product
2026-04,blackwing,swell-liquid-restaking,7.02,staking token held by a counted product
2026-04,blast-pre-launch-farm,lido,859.85,staking token held by a counted product
2026-04,canopy,kelp,314.76,staking token held by a counted product
2026-04,cap,ether.fi-stake,15423.2,staking token held by a counted product
2026-04,cap,lido,10291.83,staking token held by a counted product
2026-04,cap,symbiotic,15423.2,"position in a Symbiotic vault, counted in the row that holds it"
2026-04,carry:avant-aveth,avant-aveth,6556.29,DefiLlama row already counts this product
2026-04,carry:lido-earn,mellow-core,110594.33,DefiLlama row already counts this product
2026-04,carry:liquid-eth,veda,124604.9,DefiLlama row already counts this product
2026-04,carry:liquity-carry,fusion-by-ipor,31.86,DefiLlama row already counts this product
2026-04,carry:liquity-carry,lido,31.86,carry outside lending markets; staking token per research
2026-04,carry:makina-deth,makina,3537.93,DefiLlama row already counts this product
2026-04,carry:reservoir-eth,fusion-by-ipor,1223.55,DefiLlama row already counts this product
2026-04,carry:rocksolid,lagoon,9662.46,DefiLlama row already counts this product
2026-04,carry:tau-infinifi,fusion-by-ipor,2.34,DefiLlama row already counts this product
2026-04,carry:vesper-vaeth,vesper,2443.08,DefiLlama row already counts this product
2026-04,cian-yield-layer,loops,4611.34,loop product: its positions are inside leveraged staking on lending markets
2026-04,corn-kernels,ether.fi-stake,10.08,staking token held by a counted product
2026-04,creth2,creth2,682.28,leftover: balance unchanged since 2024-10
2026-04,eigencloud,eigencloud,3099275.04,restaking-token issuers already count this
2026-04,eigenpie,binance-staked-eth,34.59,staking token held by a counted product
2026-04,eigenpie,coinbase-wrapped-staked-eth,19.95,staking token held by a counted product
2026-04,eigenpie,frax-ether,110.48,staking token held by a counted product
2026-04,eigenpie,lido,771.85,staking token held by a counted product
2026-04,eigenpie,liquid-collective,2.13,staking token held by a counted product
2026-04,eigenpie,meth-protocol,25.27,staking token held by a counted product
2026-04,eigenpie,origin-ether,2.2,product token held by a counted product
2026-04,eigenpie,rocket-pool,12.14,staking token held by a counted product
2026-04,eigenpie,stader,50.11,staking token held by a counted product
2026-04,eigenpie,stakewise-v3,2.25,staking token held by a counted product
2026-04,eigenpie,swell-liquid-staking,949.72,staking token held by a counted product
2026-04,enzyme-finance,coinbase-wrapped-staked-eth,2.12,staking token held by a counted product
2026-04,enzyme-finance,ether.fi-stake,8813.43,staking token held by a counted product
2026-04,enzyme-finance,lido,8271.93,staking token held by a counted product
2026-04,enzyme-finance,rocket-pool,2.1,staking token held by a counted product
2026-04,enzyme-finance,stader,12.27,staking token held by a counted product
2026-04,enzyme-finance,swell-liquid-staking,333.47,staking token held by a counted product
2026-04,enzyme-finance,yieldnest,1.01,product token held by a counted product
2026-04,euclid-finance,euclid-finance,119.28,leftover: balance unchanged since 2024-11
2026-04,fluid-lite,loops,70694.16,loop product: its positions are inside leveraged staking on lending markets
2026-04,fusion-by-ipor,lido,2208.22,staking token held by a counted product
2026-04,fyde-protocol,fyde-protocol,151.82,leftover: balance unchanged since 2025-03
2026-04,geth,geth,7673.41,leftover: balance unchanged since 2025-01
2026-04,goldsand-by-inshallah,goldsand-by-inshallah,139.18,leftover: balance unchanged since 2026-02
2026-04,hourglass,ether.fi-stake,4.36,staking token held by a counted product
2026-04,inceptionlrt-(isolated-restaking),inceptionlrt-(isolated-restaking),2745.1,leftover: balance unchanged since 2025-09
2026-04,index-coop,loops,545.31,loop product: its positions are inside leveraged staking on lending markets
2026-04,juice-finance,ether.fi-stake,2.05,staking token held by a counted product
2026-04,juice-finance,renzo,10.94,staking token held by a counted product
2026-04,kelp,kelp,73061.72,held exceeds issuer row (cross-chain supply or adapter gap); floored at 0
2026-04,kelp,lido,429918.78,staking token held by a counted product
2026-04,kelp,stader,93251.73,staking token held by a counted product
2026-04,lagoon,puffer-stake,15.99,staking token held by a counted product
2026-04,lagoon,reserve-protocol,516.79,product token held by a counted product
2026-04,lagoon,rocket-pool,5022.56,staking token held by a counted product
2026-04,latch,ether.fi-stake,86.34,staking token held by a counted product
2026-04,lending markets,binance-staked-eth,11472.34,staking token posted in a lending market (leveraged staking or money markets)
2026-04,lending markets,carry,85569.04,carry products' own lending positions
2026-04,lending markets,coinbase-wrapped-staked-eth,14616.11,staking token posted in a lending market (leveraged staking or money markets)
2026-04,lending markets,dinero-(pxeth),7.43,staking token posted in a lending market (leveraged staking or money markets)
2026-04,lending markets,ether.fi-stake,1767238.44,staking token posted in a lending market (leveraged staking or money markets)
2026-04,lending markets,frax-ether,7826.75,staking token posted in a lending market (leveraged staking or money markets)
2026-04,lending markets,kelp,716399.85,staking token posted in a lending market (leveraged staking or money markets)
2026-04,lending markets,kelp,73061.72,staking tokens in lending markets beyond the issuer's backing: taken out of money markets
2026-04,lending markets,lido,2519673.21,staking token posted in a lending market (leveraged staking or money markets)
2026-04,lending markets,liquid-collective,2.24,staking token posted in a lending market (leveraged staking or money markets)
2026-04,lending markets,loops,3278366.89,loops: ETH borrowed against staking tokens (collateral counted once)
2026-04,lending markets,mantle-restaking,494.24,staking token posted in a lending market (leveraged staking or money markets)
2026-04,lending markets,meth-protocol,3309.02,staking token posted in a lending market (leveraged staking or money markets)
2026-04,lending markets,origin-ether,11706.15,staking token posted in a lending market (leveraged staking or money markets)
2026-04,lending markets,puffer-stake,122.49,staking token posted in a lending market (leveraged staking or money markets)
2026-04,lending markets,renzo,122448.27,staking token posted in a lending market (leveraged staking or money markets)
2026-04,lending markets,reserve-protocol,1079.51,staking token posted in a lending market (leveraged staking or money markets)
2026-04,lending markets,rocket-pool,52646.06,staking token posted in a lending market (leveraged staking or money markets)
2026-04,lending markets,stader,1216.95,staking token posted in a lending market (leveraged staking or money markets)
2026-04,lending markets,stakestone-stone,532.35,staking token posted in a lending market (leveraged staking or money markets)
2026-04,lending markets,stakewise-v3,135876.88,staking token posted in a lending market (leveraged staking or money markets)
2026-04,lending markets,swell-liquid-restaking,685.51,staking token posted in a lending market (leveraged staking or money markets)
2026-04,lending markets,swell-liquid-staking,1.09,staking token posted in a lending market (leveraged staking or money markets)
2026-04,lending markets,yieldnest,2.75,staking token posted in a lending market (leveraged staking or money markets)
2026-04,mantle-restaking,meth-protocol,73291.6,staking token held by a counted product
2026-04,mantle-restaking,veda,73291.6,nested holding
2026-04,mellow-core,lido,295.9,staking token held by a counted product
2026-04,mellow-restaking,lido,13194.98,staking token held by a counted product
2026-04,napier,ether.fi-stake,1.03,staking token held by a counted product
2026-04,native-credit-pool,lido,41.49,staking token held by a counted product
2026-04,nimbora-yield,nimbora-yield,78.28,leftover: balance unchanged since 2025-07
2026-04,nucleus,dinero-(pxeth),3.64,staking token held by a counted product
2026-04,nucleus,puffer-stake,477.22,staking token held by a counted product
2026-04,nucleus,renzo,7.11,staking token held by a counted product
2026-04,nucleus,swell-liquid-staking,86.55,staking token held by a counted product
2026-04,onx-finance,ankr,87.86,staking token held by a counted product
2026-04,opyn-convexity,opyn-convexity,229.1,leftover: balance unchanged since 2024-10
2026-04,opyn-gamma,opyn-gamma,417.69,leftover: balance unchanged since 2025-02
2026-04,origami-finance,loops,3.03,loop product: its positions are inside leveraged staking on lending markets
2026-04,pendle-v2,bedrock-unieth,435.03,staking token held by a counted product
2026-04,pendle-v2,binance-staked-eth,3.1,staking token held by a counted product
2026-04,pendle-v2,coinbase-wrapped-staked-eth,4.85,staking token held by a counted product
2026-04,pendle-v2,dinero-(pxeth),4.46,staking token held by a counted product
2026-04,pendle-v2,ether.fi-stake,3852.1,staking token held by a counted product
2026-04,pendle-v2,frax-ether,6.29,staking token held by a counted product
2026-04,pendle-v2,kelp,873.26,staking token held by a counted product
2026-04,pendle-v2,lido,5581.06,staking token held by a counted product
2026-04,pendle-v2,mantle-restaking,31.79,staking token held by a counted product
2026-04,pendle-v2,mellow-restaking,2.39,product token held by a counted product
2026-04,pendle-v2,meth-protocol,10.12,staking token held by a counted product
2026-04,pendle-v2,origin-ether,237.2,product token held by a counted product
2026-04,pendle-v2,puffer-stake,1056.9,staking token held by a counted product
2026-04,pendle-v2,renzo,793.89,staking token held by a counted product
2026-04,pendle-v2,rocket-pool,999.18,staking token held by a counted product
2026-04,pendle-v2,stader,21.4,staking token held by a counted product
2026-04,pendle-v2,superform,266.36,product token held by a counted product
2026-04,pendle-v2,swell-liquid-restaking,1458.69,staking token held by a counted product
2026-04,pendle-v2,swell-liquid-staking,340.25,staking token held by a counted product
2026-04,pendle-v2,upshift,1534.41,product token held by a counted product
2026-04,pendle-v2,veda,742.57,product token held by a counted product
2026-04,radpie,radpie,344.4,leftover: balance unchanged since 2024-10
2026-04,reaper-farm,reaper-farm,129.92,leftover: balance unchanged since 2025-09
2026-04,reserve-protocol,coinbase-wrapped-staked-eth,256.88,staking token held by a counted product
2026-04,reserve-protocol,ether.fi-stake,5534.7,staking token held by a counted product
2026-04,reserve-protocol,frax-ether,2509.69,staking token held by a counted product
2026-04,reserve-protocol,lido,12812.6,staking token held by a counted product
2026-04,reserve-protocol,origin-ether,258.28,product token held by a counted product
2026-04,reserve-protocol,rocket-pool,2521.64,staking token held by a counted product
2026-04,reserve-protocol,stader,2012.11,staking token held by a counted product
2026-04,ribbon,ribbon,540.69,leftover: balance unchanged since 2026-01
2026-04,ribbon-earn,ribbon-earn,378.53,leftover: balance unchanged since 2024-10
2026-04,set-protocol,ankr,4.33,staking token held by a counted product
2026-04,set-protocol,coinbase-wrapped-staked-eth,4.16,staking token held by a counted product
2026-04,set-protocol,frax-ether,4.23,staking token held by a counted product
2026-04,set-protocol,lido,32.76,staking token held by a counted product
2026-04,set-protocol,rocket-pool,3.99,staking token held by a counted product
2026-04,sophon-farm,ether.fi-stake,9.92,staking token held by a counted product
2026-04,sophon-farm,lido,18.83,staking token held by a counted product
2026-04,spectra-v2,origin-ether,8.45,product token held by a counted product
2026-04,stafi,stafi,1860.6,leftover: balance unchanged since 2025-01
2026-04,stakestone-berachain-vault,stakestone-stone,649.0,staking token held by a counted product
2026-04,swell-l2-farm,swell-l2-farm,32382.4,leftover: balance unchanged since 2025-10
2026-04,symbiotic,symbiotic,81645.7,restaking-token issuers already count this
2026-04,terminal-finance-pre-deposits,ether.fi-stake,32.39,staking token held by a counted product
2026-04,theo-straddle-vaults,ether.fi-stake,137.83,staking token held by a counted product
2026-04,tranchess-yield,ether.fi-stake,7.07,staking token held by a counted product
2026-04,tranchess-yield,lido,2.66,staking token held by a counted product
2026-04,tranchess-yield,stakestone-stone,171.74,staking token held by a counted product
2026-04,treehouse-protocol,loops,17814.51,loop product: its positions are inside leveraged staking on lending markets
2026-04,treehouse-protocol,treehouse-protocol,2.33,held exceeds issuer row (cross-chain supply or adapter gap); floored at 0
2026-04,unipower,unipower,106.89,leftover: balance unchanged since 2024-10
2026-04,upshift,gain,28574.8,nested holding
2026-04,upshift,kelp,28540.89,staking token held by a counted product
2026-04,vaultcraft,kelp,2.76,staking token held by a counted product
2026-04,vaultcraft,stader,2.63,staking token held by a counted product
2026-04,veda,meth-protocol,4.4,staking token held by a counted product
2026-04,vesper,coinbase-wrapped-staked-eth,38.84,staking token held by a counted product
2026-04,vesper,lido,855.58,staking token held by a counted product
2026-04,vesper,rocket-pool,11.96,staking token held by a counted product
2026-04,vesper,symbiotic,1041.73,"position in a Symbiotic vault, counted in the row that holds it"
2026-04,yieldnest,frax-ether,41.2,staking token held by a counted product
2026-04,yieldnest,meth-protocol,53.7,staking token held by a counted product
2026-04,yieldnest,origin-ether,1351.66,product token held by a counted product
2026-04,zircuit-staking,eigenpie,8.96,product token held by a counted product
2026-04,zircuit-staking,ether.fi-stake,39393.12,staking token held by a counted product
2026-04,zircuit-staking,kelp,644.21,staking token held by a counted product
2026-04,zircuit-staking,lido,18246.94,staking token held by a counted product
2026-04,zircuit-staking,liquid-collective,1.18,staking token held by a counted product
2026-04,zircuit-staking,mellow-restaking,1777.36,product token held by a counted product
2026-04,zircuit-staking,meth-protocol,5.45,staking token held by a counted product
2026-04,zircuit-staking,puffer-stake,1243.6,staking token held by a counted product
2026-04,zircuit-staking,renzo,2173.71,staking token held by a counted product
2026-04,zircuit-staking,stakestone-stone,146.11,staking token held by a counted product
2026-04,zircuit-staking,swell-liquid-restaking,156.34,staking token held by a counted product
2026-04,zircuit-staking,swell-liquid-staking,64.0,staking token held by a counted product
2026-04,zircuit-staking,veda,2764.84,product token held by a counted product
2026-05,aave-v1,aave-v1,1020.03,leftover: balance unchanged since 2025-05
2026-05,arbitrove,arbitrove,176.26,leftover: balance unchanged since 2024-10
2026-05,belt-finance,belt-finance,548.13,leftover: balance unchanged since 2024-12
2026-05,bifrost-liquid-staking,bifrost-liquid-staking,607.74,leftover: balance unchanged since 2025-04
2026-05,blackwing,ether.fi-stake,28.89,staking token held by a counted product
2026-05,blackwing,kelp,10.91,staking token held by a counted product
2026-05,blackwing,renzo,135.46,staking token held by a counted product
2026-05,blackwing,swell-liquid-restaking,7.14,staking token held by a counted product
2026-05,blast-pre-launch-farm,lido,852.79,staking token held by a counted product
2026-05,canopy,kelp,332.45,staking token held by a counted product
2026-05,cap,ether.fi-stake,9473.96,staking token held by a counted product
2026-05,cap,lido,10794.33,staking token held by a counted product
2026-05,cap,symbiotic,9473.96,"position in a Symbiotic vault, counted in the row that holds it"
2026-05,carry:avant-aveth,avant-aveth,6530.3,DefiLlama row already counts this product
2026-05,carry:lido-earn,mellow-core,44337.32,DefiLlama row already counts this product
2026-05,carry:liquid-eth,veda,108176.24,DefiLlama row already counts this product
2026-05,carry:liquity-carry,fusion-by-ipor,528.08,DefiLlama row already counts this product
2026-05,carry:liquity-carry,lido,528.08,carry outside lending markets; staking token per research
2026-05,carry:makina-deth,makina,2891.16,DefiLlama row already counts this product
2026-05,carry:reservoir-eth,fusion-by-ipor,175.34,DefiLlama row already counts this product
2026-05,carry:rocksolid,lagoon,9738.31,DefiLlama row already counts this product
2026-05,carry:tau-infinifi,fusion-by-ipor,175.35,DefiLlama row already counts this product
2026-05,carry:vesper-vaeth,vesper,2622.09,DefiLlama row already counts this product
2026-05,carry:yieldbasis-weth,curve-dex,641.1,nested holding
2026-05,cian-yield-layer,loops,4697.45,loop product: its positions are inside leveraged staking on lending markets
2026-05,corn-kernels,ether.fi-stake,9.51,staking token held by a counted product
2026-05,creth2,creth2,681.37,leftover: balance unchanged since 2024-10
2026-05,eigencloud,eigencloud,2463327.66,restaking-token issuers already count this
2026-05,eigenpie,binance-staked-eth,33.67,staking token held by a counted product
2026-05,eigenpie,coinbase-wrapped-staked-eth,19.95,staking token held by a counted product
2026-05,eigenpie,frax-ether,110.52,staking token held by a counted product
2026-05,eigenpie,lido,781.29,staking token held by a counted product
2026-05,eigenpie,liquid-collective,2.2,staking token held by a counted product
2026-05,eigenpie,meth-protocol,25.24,staking token held by a counted product
2026-05,eigenpie,origin-ether,2.27,product token held by a counted product
2026-05,eigenpie,rocket-pool,11.94,staking token held by a counted product
2026-05,eigenpie,stader,53.05,staking token held by a counted product
2026-05,eigenpie,stakewise-v3,2.22,staking token held by a counted product
2026-05,eigenpie,swell-liquid-staking,873.29,staking token held by a counted product
2026-05,enzyme-finance,coinbase-wrapped-staked-eth,2.12,staking token held by a counted product
2026-05,enzyme-finance,ether.fi-stake,8807.13,staking token held by a counted product
2026-05,enzyme-finance,lido,7973.59,staking token held by a counted product
2026-05,enzyme-finance,rocket-pool,2.1,staking token held by a counted product
2026-05,enzyme-finance,stader,11.13,staking token held by a counted product
2026-05,enzyme-finance,swell-liquid-staking,108.68,staking token held by a counted product
2026-05,euclid-finance,euclid-finance,119.11,leftover: balance unchanged since 2024-11
2026-05,fluid-lite,loops,63965.3,loop product: its positions are inside leveraged staking on lending markets
2026-05,fusion-by-ipor,coinbase-wrapped-staked-eth,1209.49,staking token held by a counted product
2026-05,fusion-by-ipor,lido,3663.81,staking token held by a counted product
2026-05,fyde-protocol,fyde-protocol,151.62,leftover: balance unchanged since 2025-03
2026-05,geth,geth,7663.14,leftover: balance unchanged since 2025-01
2026-05,goldsand-by-inshallah,goldsand-by-inshallah,139.18,leftover: balance unchanged since 2026-02
2026-05,hourglass,ether.fi-stake,4.34,staking token held by a counted product
2026-05,inceptionlrt-(isolated-restaking),inceptionlrt-(isolated-restaking),2756.4,leftover: balance unchanged since 2025-09
2026-05,index-coop,loops,512.11,loop product: its positions are inside leveraged staking on lending markets
2026-05,juice-finance,juice-finance,64.46,leftover: balance unchanged since 2026-05
2026-05,kelp,lido,410054.93,staking token held by a counted product
2026-05,kelp,stader,94656.2,staking token held by a counted product
2026-05,lagoon,puffer-stake,13.82,staking token held by a counted product
2026-05,lagoon,reserve-protocol,3.11,product token held by a counted product
2026-05,lagoon,rocket-pool,4391.01,staking token held by a counted product
2026-05,latch,ether.fi-stake,86.29,staking token held by a counted product
2026-05,lending markets,binance-staked-eth,10613.79,staking token posted in a lending market (leveraged staking or money markets)
2026-05,lending markets,carry,22555.71,carry products' own lending positions
2026-05,lending markets,coinbase-wrapped-staked-eth,28850.33,staking token posted in a lending market (leveraged staking or money markets)
2026-05,lending markets,dinero-(pxeth),6.51,staking token posted in a lending market (leveraged staking or money markets)
2026-05,lending markets,ether.fi-stake,1327597.61,staking token posted in a lending market (leveraged staking or money markets)
2026-05,lending markets,frax-ether,7434.7,staking token posted in a lending market (leveraged staking or money markets)
2026-05,lending markets,kelp,597756.46,staking token posted in a lending market (leveraged staking or money markets)
2026-05,lending markets,lido,2574673.4,staking token posted in a lending market (leveraged staking or money markets)
2026-05,lending markets,loops,2592618.85,loops: ETH borrowed against staking tokens (collateral counted once)
2026-05,lending markets,mantle-restaking,291.73,staking token posted in a lending market (leveraged staking or money markets)
2026-05,lending markets,meth-protocol,2794.52,staking token posted in a lending market (leveraged staking or money markets)
2026-05,lending markets,origin-ether,12433.64,staking token posted in a lending market (leveraged staking or money markets)
2026-05,lending markets,puffer-stake,150.11,staking token posted in a lending market (leveraged staking or money markets)
2026-05,lending markets,renzo,25173.46,staking token posted in a lending market (leveraged staking or money markets)
2026-05,lending markets,reserve-protocol,730.19,staking token posted in a lending market (leveraged staking or money markets)
2026-05,lending markets,rocket-pool,55431.8,staking token posted in a lending market (leveraged staking or money markets)
2026-05,lending markets,stader,101.58,staking token posted in a lending market (leveraged staking or money markets)
2026-05,lending markets,stakestone-stone,507.35,staking token posted in a lending market (leveraged staking or money markets)
2026-05,lending markets,stakewise-v3,111131.1,staking token posted in a lending market (leveraged staking or money markets)
2026-05,lending markets,swell-liquid-restaking,652.87,staking token posted in a lending market (leveraged staking or money markets)
2026-05,lending markets,swell-liquid-staking,1.45,staking token posted in a lending market (leveraged staking or money markets)
2026-05,mantle-restaking,meth-protocol,37633.71,staking token held by a counted product
2026-05,mantle-restaking,veda,37633.71,nested holding
2026-05,mellow-core,lido,396.51,staking token held by a counted product
2026-05,mellow-restaking,lido,8249.39,staking token held by a counted product
2026-05,napier,ether.fi-stake,1.03,staking token held by a counted product
2026-05,native-credit-pool,lido,522.23,staking token held by a counted product
2026-05,nimbora-yield,nimbora-yield,77.98,leftover: balance unchanged since 2025-07
2026-05,nucleus,dinero-(pxeth),3.66,staking token held by a counted product
2026-05,nucleus,puffer-stake,464.42,staking token held by a counted product
2026-05,nucleus,swell-liquid-staking,80.64,staking token held by a counted product
2026-05,onx-finance,onx-finance,125.29,leftover: balance unchanged since 2026-05
2026-05,opyn-convexity,opyn-convexity,229.1,leftover: balance unchanged since 2024-10
2026-05,opyn-gamma,opyn-gamma,417.54,leftover: balance unchanged since 2025-02
2026-05,origami-finance,loops,7.68,loop product: its positions are inside leveraged staking on lending markets
2026-05,pendle-v2,bedrock-unieth,413.57,staking token held by a counted product
2026-05,pendle-v2,binance-staked-eth,3.1,staking token held by a counted product
2026-05,pendle-v2,coinbase-wrapped-staked-eth,4.83,staking token held by a counted product
2026-05,pendle-v2,dinero-(pxeth),4.48,staking token held by a counted product
2026-05,pendle-v2,ether.fi-stake,3707.81,staking token held by a counted product
2026-05,pendle-v2,frax-ether,6.31,staking token held by a counted product
2026-05,pendle-v2,kelp,870.04,staking token held by a counted product
2026-05,pendle-v2,lido,5381.71,staking token held by a counted product
2026-05,pendle-v2,mantle-restaking,30.7,staking token held by a counted product
2026-05,pendle-v2,mellow-restaking,1.37,product token held by a counted product
2026-05,pendle-v2,meth-protocol,10.12,staking token held by a counted product
2026-05,pendle-v2,origin-ether,244.04,product token held by a counted product
2026-05,pendle-v2,puffer-stake,1049.76,staking token held by a counted product
2026-05,pendle-v2,renzo,784.7,staking token held by a counted product
2026-05,pendle-v2,rocket-pool,917.49,staking token held by a counted product
2026-05,pendle-v2,stader,21.26,staking token held by a counted product
2026-05,pendle-v2,superform,432.72,product token held by a counted product
2026-05,pendle-v2,swell-liquid-restaking,1489.3,staking token held by a counted product
2026-05,pendle-v2,swell-liquid-staking,341.45,staking token held by a counted product
2026-05,pendle-v2,upshift,1463.14,product token held by a counted product
2026-05,pendle-v2,veda,825.41,product token held by a counted product
2026-05,radpie,radpie,344.41,leftover: balance unchanged since 2024-10
2026-05,reaper-farm,reaper-farm,128.95,leftover: balance unchanged since 2025-09
2026-05,reserve-protocol,coinbase-wrapped-staked-eth,333.78,staking token held by a counted product
2026-05,reserve-protocol,ether.fi-stake,2883.31,staking token held by a counted product
2026-05,reserve-protocol,frax-ether,1307.98,staking token held by a counted product
2026-05,reserve-protocol,lido,6908.98,staking token held by a counted product
2026-05,reserve-protocol,origin-ether,334.86,product token held by a counted product
2026-05,reserve-protocol,rocket-pool,1315.94,staking token held by a counted product
2026-05,reserve-protocol,stader,1068.28,staking token held by a counted product
2026-05,ribbon,ribbon,542.18,leftover: balance unchanged since 2026-01
2026-05,ribbon-earn,ribbon-earn,378.34,leftover: balance unchanged since 2024-10
2026-05,set-protocol,ankr,4.35,staking token held by a counted product
2026-05,set-protocol,coinbase-wrapped-staked-eth,4.16,staking token held by a counted product
2026-05,set-protocol,frax-ether,4.23,staking token held by a counted product
2026-05,set-protocol,lido,32.92,staking token held by a counted product
2026-05,set-protocol,rocket-pool,4.0,staking token held by a counted product
2026-05,sommelier,lido,7.26,staking token held by a counted product
2026-05,sophon-farm,ether.fi-stake,9.88,staking token held by a counted product
2026-05,sophon-farm,lido,18.89,staking token held by a counted product
2026-05,spectra-v2,origin-ether,8.57,product token held by a counted product
2026-05,stafi,stafi,1860.41,leftover: balance unchanged since 2025-01
2026-05,stakestone-berachain-vault,stakestone-stone,692.75,staking token held by a counted product
2026-05,swell-l2-farm,swell-l2-farm,32327.25,leftover: balance unchanged since 2025-10
2026-05,symbiotic,symbiotic,56310.95,restaking-token issuers already count this
2026-05,terminal-finance-pre-deposits,ether.fi-stake,30.02,staking token held by a counted product
2026-05,theo-straddle-vaults,ether.fi-stake,111.56,staking token held by a counted product
2026-05,tranchess-yield,ether.fi-stake,7.06,staking token held by a counted product
2026-05,tranchess-yield,lido,2.67,staking token held by a counted product
2026-05,tranchess-yield,stakestone-stone,171.37,staking token held by a counted product
2026-05,treehouse-protocol,loops,10871.65,loop product: its positions are inside leveraged staking on lending markets
2026-05,treehouse-protocol,treehouse-protocol,1.84,held exceeds issuer row (cross-chain supply or adapter gap); floored at 0
2026-05,unipower,unipower,106.89,leftover: balance unchanged since 2024-10
2026-05,upshift,gain,29885.96,nested holding
2026-05,upshift,kelp,29885.96,staking token held by a counted product
2026-05,vaultcraft,kelp,2.92,staking token held by a counted product
2026-05,vaultcraft,stader,2.67,staking token held by a counted product
2026-05,vesper,coinbase-wrapped-staked-eth,37.35,staking token held by a counted product
2026-05,vesper,lido,770.42,staking token held by a counted product
2026-05,vesper,rocket-pool,11.25,staking token held by a counted product
2026-05,vesper,symbiotic,953.9,"position in a Symbiotic vault, counted in the row that holds it"
2026-05,yieldnest,frax-ether,41.22,staking token held by a counted product
2026-05,yieldnest,meth-protocol,53.64,staking token held by a counted product
2026-05,yieldnest,origin-ether,1393.86,product token held by a counted product
2026-05,zircuit-staking,eigenpie,8.95,product token held by a counted product
2026-05,zircuit-staking,ether.fi-stake,580.66,staking token held by a counted product
2026-05,zircuit-staking,kelp,376.88,staking token held by a counted product
2026-05,zircuit-staking,lido,18323.59,staking token held by a counted product
2026-05,zircuit-staking,liquid-collective,1.22,staking token held by a counted product
2026-05,zircuit-staking,mellow-restaking,1767.34,product token held by a counted product
2026-05,zircuit-staking,meth-protocol,5.45,staking token held by a counted product
2026-05,zircuit-staking,puffer-stake,704.11,staking token held by a counted product
2026-05,zircuit-staking,renzo,1704.63,staking token held by a counted product
2026-05,zircuit-staking,stakestone-stone,144.63,staking token held by a counted product
2026-05,zircuit-staking,swell-liquid-restaking,147.33,staking token held by a counted product
2026-05,zircuit-staking,swell-liquid-staking,63.29,staking token held by a counted product
2026-05,zircuit-staking,veda,950.39,product token held by a counted product
2026-06,aave-v1,aave-v1,1018.25,leftover: balance unchanged since 2025-05
2026-06,arbitrove,arbitrove,176.34,leftover: balance unchanged since 2024-10
2026-06,belt-finance,belt-finance,546.79,leftover: balance unchanged since 2024-12
2026-06,bifrost-liquid-staking,bifrost-liquid-staking,609.24,leftover: balance unchanged since 2025-04
2026-06,blackwing,ether.fi-stake,28.48,staking token held by a counted product
2026-06,blackwing,kelp,10.69,staking token held by a counted product
2026-06,blackwing,renzo,128.56,staking token held by a counted product
2026-06,blackwing,swell-liquid-restaking,7.14,staking token held by a counted product
2026-06,blast-pre-launch-farm,blast-pre-launch-farm,847.46,leftover: balance unchanged since 2026-06
2026-06,canopy,kelp,308.51,staking token held by a counted product
2026-06,cap,ether.fi-stake,8737.0,staking token held by a counted product
2026-06,cap,lido,10746.27,staking token held by a counted product
2026-06,cap,symbiotic,8737.0,"position in a Symbiotic vault, counted in the row that holds it"
2026-06,carry:avant-aveth,avant-aveth,9109.17,DefiLlama row already counts this product
2026-06,carry:lido-earn,mellow-core,90416.98,DefiLlama row already counts this product
2026-06,carry:liquid-eth,veda,88680.88,DefiLlama row already counts this product
2026-06,carry:liquity-carry,fusion-by-ipor,641.01,DefiLlama row already counts this product
2026-06,carry:liquity-carry,lido,641.01,carry outside lending markets; staking token per research
2026-06,carry:makina-deth,makina,2662.44,DefiLlama row already counts this product
2026-06,carry:reservoir-eth,fusion-by-ipor,162.55,DefiLlama row already counts this product
2026-06,carry:rocksolid,lagoon,9400.11,DefiLlama row already counts this product
2026-06,carry:tau-infinifi,fusion-by-ipor,175.81,DefiLlama row already counts this product
2026-06,carry:vesper-vaeth,vesper,1881.97,DefiLlama row already counts this product
2026-06,carry:yieldbasis-weth,curve-dex,5085.13,nested holding
2026-06,cian-yield-layer,loops,4707.69,loop product: its positions are inside leveraged staking on lending markets
2026-06,corn-kernels,ether.fi-stake,9.45,staking token held by a counted product
2026-06,creth2,creth2,677.29,leftover: balance unchanged since 2024-10
2026-06,eigencloud,eigencloud,2304528.89,restaking-token issuers already count this
2026-06,eigenpie,binance-staked-eth,33.38,staking token held by a counted product
2026-06,eigenpie,coinbase-wrapped-staked-eth,20.11,staking token held by a counted product
2026-06,eigenpie,frax-ether,110.95,staking token held by a counted product
2026-06,eigenpie,lido,779.82,staking token held by a counted product
2026-06,eigenpie,liquid-collective,2.26,staking token held by a counted product
2026-06,eigenpie,meth-protocol,23.96,staking token held by a counted product
2026-06,eigenpie,origin-ether,2.29,product token held by a counted product
2026-06,eigenpie,rocket-pool,12.0,staking token held by a counted product
2026-06,eigenpie,stader,43.82,staking token held by a counted product
2026-06,eigenpie,stakewise-v3,2.27,staking token held by a counted product
2026-06,eigenpie,swell-liquid-staking,685.72,staking token held by a counted product
2026-06,enzyme-finance,coinbase-wrapped-staked-eth,4.57,staking token held by a counted product
2026-06,enzyme-finance,ether.fi-stake,8837.38,staking token held by a counted product
2026-06,enzyme-finance,lido,7955.49,staking token held by a counted product
2026-06,enzyme-finance,rocket-pool,4.55,staking token held by a counted product
2026-06,enzyme-finance,stader,11.0,staking token held by a counted product
2026-06,enzyme-finance,swell-liquid-staking,97.77,staking token held by a counted product
2026-06,euclid-finance,euclid-finance,120.33,leftover: balance unchanged since 2024-11
2026-06,fluid-lite,loops,70509.73,loop product: its positions are inside leveraged staking on lending markets
2026-06,fusion-by-ipor,coinbase-wrapped-staked-eth,1729.49,staking token held by a counted product
2026-06,fusion-by-ipor,lido,3833.06,staking token held by a counted product
2026-06,fyde-protocol,fyde-protocol,150.71,leftover: balance unchanged since 2025-03
2026-06,geth,geth,7645.77,leftover: balance unchanged since 2025-01
2026-06,goldsand-by-inshallah,goldsand-by-inshallah,138.34,leftover: balance unchanged since 2026-02
2026-06,hourglass,ether.fi-stake,4.44,staking token held by a counted product
2026-06,inceptionlrt-(isolated-restaking),inceptionlrt-(isolated-restaking),2770.91,leftover: balance unchanged since 2025-09
2026-06,index-coop,loops,508.46,loop product: its positions are inside leveraged staking on lending markets
2026-06,juice-finance,juice-finance,64.72,leftover: balance unchanged since 2026-05
2026-06,kelp,lido,327247.34,staking token held by a counted product
2026-06,kelp,stader,75791.28,staking token held by a counted product
2026-06,lagoon,puffer-stake,14.57,staking token held by a counted product
2026-06,lagoon,reserve-protocol,2.21,product token held by a counted product
2026-06,lagoon,rocket-pool,4405.58,staking token held by a counted product
2026-06,latch,ether.fi-stake,86.6,staking token held by a counted product
2026-06,lending markets,binance-staked-eth,11833.7,staking token posted in a lending market (leveraged staking or money markets)
2026-06,lending markets,carry,49381.28,carry products' own lending positions
2026-06,lending markets,coinbase-wrapped-staked-eth,55694.45,staking token posted in a lending market (leveraged staking or money markets)
2026-06,lending markets,dinero-(pxeth),6.47,staking token posted in a lending market (leveraged staking or money markets)
2026-06,lending markets,ether.fi-stake,1360922.42,staking token posted in a lending market (leveraged staking or money markets)
2026-06,lending markets,frax-ether,6530.84,staking token posted in a lending market (leveraged staking or money markets)
2026-06,lending markets,kelp,502338.99,staking token posted in a lending market (leveraged staking or money markets)
2026-06,lending markets,lido,3141428.24,staking token posted in a lending market (leveraged staking or money markets)
2026-06,lending markets,liquid-collective,159.44,staking token posted in a lending market (leveraged staking or money markets)
2026-06,lending markets,loops,2706111.12,loops: ETH borrowed against staking tokens (collateral counted once)
2026-06,lending markets,mantle-restaking,113.45,staking token posted in a lending market (leveraged staking or money markets)
2026-06,lending markets,meth-protocol,2155.63,staking token posted in a lending market (leveraged staking or money markets)
2026-06,lending markets,origin-ether,12325.66,staking token posted in a lending market (leveraged staking or money markets)
2026-06,lending markets,puffer-stake,146.31,staking token posted in a lending market (leveraged staking or money markets)
2026-06,lending markets,renzo,4626.19,staking token posted in a lending market (leveraged staking or money markets)
2026-06,lending markets,reserve-protocol,355.81,staking token posted in a lending market (leveraged staking or money markets)
2026-06,lending markets,rocket-pool,53554.89,staking token posted in a lending market (leveraged staking or money markets)
2026-06,lending markets,stader,83.9,staking token posted in a lending market (leveraged staking or money markets)
2026-06,lending markets,stakestone-stone,457.94,staking token posted in a lending market (leveraged staking or money markets)
2026-06,lending markets,stakewise-v3,116793.5,staking token posted in a lending market (leveraged staking or money markets)
2026-06,lending markets,swell-liquid-restaking,606.42,staking token posted in a lending market (leveraged staking or money markets)
2026-06,mantle-restaking,meth-protocol,21414.51,staking token held by a counted product
2026-06,mantle-restaking,veda,21414.51,nested holding
2026-06,mellow-core,lido,137.43,staking token held by a counted product
2026-06,mellow-restaking,lido,7111.88,staking token held by a counted product
2026-06,napier,ether.fi-stake,1.04,staking token held by a counted product
2026-06,native-credit-pool,lido,135.12,staking token held by a counted product
2026-06,nimbora-yield,nimbora-yield,78.25,leftover: balance unchanged since 2025-07
2026-06,nucleus,dinero-(pxeth),3.64,staking token held by a counted product
2026-06,nucleus,puffer-stake,448.01,staking token held by a counted product
2026-06,nucleus,renzo,5.64,staking token held by a counted product
2026-06,nucleus,swell-liquid-staking,77.11,staking token held by a counted product
2026-06,onx-finance,onx-finance,124.71,leftover: balance unchanged since 2026-05
2026-06,opyn-convexity,opyn-convexity,224.51,leftover: balance unchanged since 2024-10
2026-06,opyn-gamma,opyn-gamma,406.79,leftover: balance unchanged since 2025-02
2026-06,origami-finance,loops,9.39,loop product: its positions are inside leveraged staking on lending markets
2026-06,pendle-v2,bedrock-unieth,232.92,staking token held by a counted product
2026-06,pendle-v2,binance-staked-eth,3.1,staking token held by a counted product
2026-06,pendle-v2,coinbase-wrapped-staked-eth,4.82,staking token held by a counted product
2026-06,pendle-v2,dinero-(pxeth),4.5,staking token held by a counted product
2026-06,pendle-v2,ether.fi-stake,2616.11,staking token held by a counted product
2026-06,pendle-v2,frax-ether,6.33,staking token held by a counted product
2026-06,pendle-v2,kelp,634.5,staking token held by a counted product
2026-06,pendle-v2,lido,4779.31,staking token held by a counted product
2026-06,pendle-v2,mantle-restaking,15.91,staking token held by a counted product
2026-06,pendle-v2,mellow-restaking,1.35,product token held by a counted product
2026-06,pendle-v2,meth-protocol,10.11,staking token held by a counted product
2026-06,pendle-v2,origin-ether,232.17,product token held by a counted product
2026-06,pendle-v2,puffer-stake,528.64,staking token held by a counted product
2026-06,pendle-v2,renzo,781.58,staking token held by a counted product
2026-06,pendle-v2,rocket-pool,757.62,staking token held by a counted product
2026-06,pendle-v2,stader,21.3,staking token held by a counted product
2026-06,pendle-v2,superform,336.15,product token held by a counted product
2026-06,pendle-v2,swell-liquid-restaking,998.37,staking token held by a counted product
2026-06,pendle-v2,swell-liquid-staking,260.71,staking token held by a counted product
2026-06,pendle-v2,upshift,722.69,product token held by a counted product
2026-06,pendle-v2,veda,441.26,product token held by a counted product
2026-06,radpie,radpie,346.22,leftover: balance unchanged since 2024-10
2026-06,reaper-farm,reaper-farm,128.86,leftover: balance unchanged since 2025-09
2026-06,reserve-protocol,coinbase-wrapped-staked-eth,278.93,staking token held by a counted product
2026-06,reserve-protocol,ether.fi-stake,1126.71,staking token held by a counted product
2026-06,reserve-protocol,frax-ether,720.17,staking token held by a counted product
2026-06,reserve-protocol,lido,2679.34,staking token held by a counted product
2026-06,reserve-protocol,origin-ether,280.39,product token held by a counted product
2026-06,reserve-protocol,rocket-pool,240.17,staking token held by a counted product
2026-06,reserve-protocol,stader,311.95,staking token held by a counted product
2026-06,ribbon,ribbon,536.91,leftover: balance unchanged since 2026-01
2026-06,ribbon-earn,ribbon-earn,379.77,leftover: balance unchanged since 2024-10
2026-06,set-protocol,ankr,4.34,staking token held by a counted product
2026-06,set-protocol,coinbase-wrapped-staked-eth,4.16,staking token held by a counted product
2026-06,set-protocol,frax-ether,4.25,staking token held by a counted product
2026-06,set-protocol,lido,32.92,staking token held by a counted product
2026-06,set-protocol,rocket-pool,3.99,staking token held by a counted product
2026-06,sommelier,lido,1.61,staking token held by a counted product
2026-06,sophon-farm,ether.fi-stake,7.74,staking token held by a counted product
2026-06,sophon-farm,lido,18.81,staking token held by a counted product
2026-06,stafi,stafi,1856.12,leftover: balance unchanged since 2025-01
2026-06,stakestone-berachain-vault,stakestone-stone,619.81,staking token held by a counted product
2026-06,swell-l2-farm,swell-l2-farm,31860.47,leftover: balance unchanged since 2025-10
2026-06,symbiotic,symbiotic,38214.32,restaking-token issuers already count this
2026-06,terminal-finance-pre-deposits,ether.fi-stake,29.66,staking token held by a counted product
2026-06,theo-straddle-vaults,ether.fi-stake,109.81,staking token held by a counted product
2026-06,tranchess-yield,ether.fi-stake,7.11,staking token held by a counted product
2026-06,tranchess-yield,lido,2.68,staking token held by a counted product
2026-06,tranchess-yield,stakestone-stone,171.69,staking token held by a counted product
2026-06,treehouse-protocol,loops,19006.7,loop product: its positions are inside leveraged staking on lending markets
2026-06,treehouse-protocol,treehouse-protocol,1.99,held exceeds issuer row (cross-chain supply or adapter gap); floored at 0
2026-06,unipower,unipower,108.44,leftover: balance unchanged since 2024-10
2026-06,upshift,gain,19655.87,nested holding
2026-06,upshift,kelp,19699.66,staking token held by a counted product
2026-06,vaultcraft,kelp,2.92,staking token held by a counted product
2026-06,vaultcraft,stader,2.63,staking token held by a counted product
2026-06,veda,meth-protocol,8.69,staking token held by a counted product
2026-06,vesper,coinbase-wrapped-staked-eth,41.39,staking token held by a counted product
2026-06,vesper,lido,899.64,staking token held by a counted product
2026-06,vesper,rocket-pool,13.19,staking token held by a counted product
2026-06,vesper,symbiotic,950.93,"position in a Symbiotic vault, counted in the row that holds it"
2026-06,yieldnest,frax-ether,41.61,staking token held by a counted product
2026-06,yieldnest,meth-protocol,53.82,staking token held by a counted product
2026-06,yieldnest,origin-ether,1403.11,product token held by a counted product
2026-06,zircuit-staking,eigenpie,1.59,product token held by a counted product
2026-06,zircuit-staking,ether.fi-stake,568.16,staking token held by a counted product
2026-06,zircuit-staking,kelp,368.18,staking token held by a counted product
2026-06,zircuit-staking,lido,18448.9,staking token held by a counted product
2026-06,zircuit-staking,liquid-collective,1.25,staking token held by a counted product
2026-06,zircuit-staking,mellow-restaking,1255.51,product token held by a counted product
2026-06,zircuit-staking,meth-protocol,5.47,staking token held by a counted product
2026-06,zircuit-staking,puffer-stake,621.6,staking token held by a counted product
2026-06,zircuit-staking,renzo,1581.05,staking token held by a counted product
2026-06,zircuit-staking,stakestone-stone,139.0,staking token held by a counted product
2026-06,zircuit-staking,swell-liquid-restaking,139.44,staking token held by a counted product
2026-06,zircuit-staking,swell-liquid-staking,59.86,staking token held by a counted product
2026-06,zircuit-staking,veda,893.99,product token held by a counted product
2026-07,aave-v1,aave-v1,1016.52,leftover: balance unchanged since 2025-05
2026-07,arbitrove,arbitrove,176.5,leftover: balance unchanged since 2024-10
2026-07,belt-finance,belt-finance,546.8,leftover: balance unchanged since 2024-12
2026-07,bifrost-liquid-staking,bifrost-liquid-staking,609.53,leftover: balance unchanged since 2025-04
2026-07,blackwing,ether.fi-stake,28.18,staking token held by a counted product
2026-07,blackwing,kelp,4.2,staking token held by a counted product
2026-07,blackwing,renzo,124.26,staking token held by a counted product
2026-07,blackwing,swell-liquid-restaking,7.15,staking token held by a counted product
2026-07,blast-pre-launch-farm,blast-pre-launch-farm,847.38,leftover: balance unchanged since 2026-06
2026-07,canopy,kelp,308.33,staking token held by a counted product
2026-07,canopy,renzo,1.02,staking token held by a counted product
2026-07,cap,ether.fi-stake,8734.67,staking token held by a counted product
2026-07,cap,lido,12074.46,staking token held by a counted product
2026-07,cap,symbiotic,8734.67,"position in a Symbiotic vault, counted in the row that holds it"
2026-07,carry:avant-aveth,avant-aveth,10330.23,DefiLlama row already counts this product
2026-07,carry:lido-earn,mellow-core,77748.21,DefiLlama row already counts this product
2026-07,carry:liquid-eth,veda,122177.11,DefiLlama row already counts this product
2026-07,carry:liquity-carry,fusion-by-ipor,1502.34,DefiLlama row already counts this product
2026-07,carry:liquity-carry,lido,1502.34,carry outside lending markets; staking token per research
2026-07,carry:makina-deth,carry:makina-deth,2.4,held exceeds issuer row (cross-chain supply or adapter gap); floored at 0
2026-07,carry:makina-deth,makina,2591.46,DefiLlama row already counts this product
2026-07,carry:nemo-eth-prime,upshift,1948.71,DefiLlama row already counts this product
2026-07,carry:reservoir-eth,fusion-by-ipor,62.79,DefiLlama row already counts this product
2026-07,carry:rocksolid,lagoon,9560.34,DefiLlama row already counts this product
2026-07,carry:royco-eth,royco-v2,115.53,DefiLlama row already counts this product
2026-07,carry:sentora-eth,upshift,149.38,DefiLlama row already counts this product
2026-07,carry:tau-infinifi,fusion-by-ipor,83.1,DefiLlama row already counts this product
2026-07,carry:vesper-vaeth,vesper,1862.69,DefiLlama row already counts this product
2026-07,carry:yieldbasis-weth,curve-dex,7632.46,nested holding
2026-07,cian-yield-layer,loops,2509.41,loop product: its positions are inside leveraged staking on lending markets
2026-07,corn-kernels,ether.fi-stake,9.49,staking token held by a counted product
2026-07,creth2,creth2,681.37,leftover: balance unchanged since 2024-10
2026-07,eigencloud,eigencloud,2302314.86,restaking-token issuers already count this
2026-07,eigenpie,binance-staked-eth,35.74,staking token held by a counted product
2026-07,eigenpie,coinbase-wrapped-staked-eth,20.09,staking token held by a counted product
2026-07,eigenpie,frax-ether,110.6,staking token held by a counted product
2026-07,eigenpie,lido,749.18,staking token held by a counted product
2026-07,eigenpie,liquid-collective,2.27,staking token held by a counted product
2026-07,eigenpie,meth-protocol,22.87,staking token held by a counted product
2026-07,eigenpie,origin-ether,2.21,product token held by a counted product
2026-07,eigenpie,rocket-pool,11.99,staking token held by a counted product
2026-07,eigenpie,stader,41.52,staking token held by a counted product
2026-07,eigenpie,stakewise-v3,2.26,staking token held by a counted product
2026-07,eigenpie,swell-liquid-staking,683.36,staking token held by a counted product
2026-07,enzyme-finance,coinbase-wrapped-staked-eth,4.58,staking token held by a counted product
2026-07,enzyme-finance,ether.fi-stake,8868.18,staking token held by a counted product
2026-07,enzyme-finance,lido,7977.2,staking token held by a counted product
2026-07,enzyme-finance,rocket-pool,4.56,staking token held by a counted product
2026-07,enzyme-finance,stader,11.02,staking token held by a counted product
2026-07,enzyme-finance,swell-liquid-staking,96.58,staking token held by a counted product
2026-07,euclid-finance,euclid-finance,119.17,leftover: balance unchanged since 2024-11
2026-07,fluid-lite,loops,74666.25,loop product: its positions are inside leveraged staking on lending markets
2026-07,fusion-by-ipor,coinbase-wrapped-staked-eth,2801.11,staking token held by a counted product
2026-07,fusion-by-ipor,lido,2788.13,staking token held by a counted product
2026-07,fyde-protocol,fyde-protocol,151.62,leftover: balance unchanged since 2025-03
2026-07,geth,geth,7663.3,leftover: balance unchanged since 2025-01
2026-07,goldsand-by-inshallah,goldsand-by-inshallah,139.18,leftover: balance unchanged since 2026-02
2026-07,hourglass,ether.fi-stake,4.39,staking token held by a counted product
2026-07,inceptionlrt-(isolated-restaking),inceptionlrt-(isolated-restaking),2771.36,leftover: balance unchanged since 2025-09
2026-07,index-coop,loops,175.01,loop product: its positions are inside leveraged staking on lending markets
2026-07,juice-finance,juice-finance,64.63,leftover: balance unchanged since 2026-05
2026-07,kelp,lido,273613.83,staking token held by a counted product
2026-07,kelp,stader,54894.72,staking token held by a counted product
2026-07,lagoon,rocket-pool,4217.88,staking token held by a counted product
2026-07,latch,ether.fi-stake,74.41,staking token held by a counted product
2026-07,lending markets,binance-staked-eth,11823.34,staking token posted in a lending market (leveraged staking or money markets)
2026-07,lending markets,carry,79901.57,carry products' own lending positions
2026-07,lending markets,coinbase-wrapped-staked-eth,74499.18,staking token posted in a lending market (leveraged staking or money markets)
2026-07,lending markets,dinero-(pxeth),6.45,staking token posted in a lending market (leveraged staking or money markets)
2026-07,lending markets,ether.fi-stake,1482136.02,staking token posted in a lending market (leveraged staking or money markets)
2026-07,lending markets,frax-ether,6568.46,staking token posted in a lending market (leveraged staking or money markets)
2026-07,lending markets,kelp,444124.34,staking token posted in a lending market (leveraged staking or money markets)
2026-07,lending markets,lido,3057917.54,staking token posted in a lending market (leveraged staking or money markets)
2026-07,lending markets,liquid-collective,155.22,staking token posted in a lending market (leveraged staking or money markets)
2026-07,lending markets,loops,2801827.94,loops: ETH borrowed against staking tokens (collateral counted once)
2026-07,lending markets,mantle-restaking,101.68,staking token posted in a lending market (leveraged staking or money markets)
2026-07,lending markets,meth-protocol,1981.19,staking token posted in a lending market (leveraged staking or money markets)
2026-07,lending markets,origin-ether,10288.23,staking token posted in a lending market (leveraged staking or money markets)
2026-07,lending markets,puffer-stake,134.12,staking token posted in a lending market (leveraged staking or money markets)
2026-07,lending markets,renzo,1603.11,staking token posted in a lending market (leveraged staking or money markets)
2026-07,lending markets,reserve-protocol,1.22,staking token posted in a lending market (leveraged staking or money markets)
2026-07,lending markets,rocket-pool,52907.96,staking token posted in a lending market (leveraged staking or money markets)
2026-07,lending markets,stader,81.88,staking token posted in a lending market (leveraged staking or money markets)
2026-07,lending markets,stakestone-stone,348.81,staking token posted in a lending market (leveraged staking or money markets)
2026-07,lending markets,stakewise-v3,128716.72,staking token posted in a lending market (leveraged staking or money markets)
2026-07,lending markets,swell-liquid-restaking,521.69,staking token posted in a lending market (leveraged staking or money markets)
2026-07,lending markets,yieldnest,2.68,staking token posted in a lending market (leveraged staking or money markets)
2026-07,makina,carry:makina-deth,2.4,product token held by a counted product
2026-07,mantle-restaking,meth-protocol,17223.76,staking token held by a counted product
2026-07,mantle-restaking,veda,17223.76,nested holding
2026-07,mellow-core,lido,140.2,staking token held by a counted product
2026-07,mellow-restaking,lido,6916.65,staking token held by a counted product
2026-07,napier,ether.fi-stake,1.04,staking token held by a counted product
2026-07,nimbora-yield,nimbora-yield,78.07,leftover: balance unchanged since 2025-07
2026-07,nucleus,dinero-(pxeth),3.63,staking token held by a counted product
2026-07,nucleus,puffer-stake,370.95,staking token held by a counted product
2026-07,nucleus,renzo,5.67,staking token held by a counted product
2026-07,nucleus,swell-liquid-staking,72.9,staking token held by a counted product
2026-07,onx-finance,onx-finance,124.71,leftover: balance unchanged since 2026-05
2026-07,opyn-convexity,opyn-convexity,225.87,leftover: balance unchanged since 2024-10
2026-07,opyn-gamma,opyn-gamma,407.67,leftover: balance unchanged since 2025-02
2026-07,origami-finance,loops,18.24,loop product: its positions are inside leveraged staking on lending markets
2026-07,pendle-v2,bedrock-unieth,84.11,staking token held by a counted product
2026-07,pendle-v2,binance-staked-eth,2.61,staking token held by a counted product
2026-07,pendle-v2,coinbase-wrapped-staked-eth,4.82,staking token held by a counted product
2026-07,pendle-v2,dinero-(pxeth),4.5,staking token held by a counted product
2026-07,pendle-v2,ether.fi-stake,1692.35,staking token held by a counted product
2026-07,pendle-v2,frax-ether,6.34,staking token held by a counted product
2026-07,pendle-v2,kelp,484.49,staking token held by a counted product
2026-07,pendle-v2,lido,4682.31,staking token held by a counted product
2026-07,pendle-v2,mantle-restaking,16.09,staking token held by a counted product
2026-07,pendle-v2,mellow-restaking,1.36,product token held by a counted product
2026-07,pendle-v2,meth-protocol,10.09,staking token held by a counted product
2026-07,pendle-v2,origin-ether,26.38,product token held by a counted product
2026-07,pendle-v2,puffer-stake,497.81,staking token held by a counted product
2026-07,pendle-v2,renzo,683.43,staking token held by a counted product
2026-07,pendle-v2,rocket-pool,663.49,staking token held by a counted product
2026-07,pendle-v2,stader,21.38,staking token held by a counted product
2026-07,pendle-v2,superform,332.79,product token held by a counted product
2026-07,pendle-v2,swell-liquid-restaking,612.8,staking token held by a counted product
2026-07,pendle-v2,swell-liquid-staking,253.42,staking token held by a counted product
2026-07,pendle-v2,upshift,332.64,product token held by a counted product
2026-07,pendle-v2,veda,67.86,product token held by a counted product
2026-07,radpie,radpie,346.54,leftover: balance unchanged since 2024-10
2026-07,reaper-farm,reaper-farm,128.11,leftover: balance unchanged since 2025-09
2026-07,reserve-protocol,coinbase-wrapped-staked-eth,193.4,staking token held by a counted product
2026-07,reserve-protocol,ether.fi-stake,982.17,staking token held by a counted product
2026-07,reserve-protocol,frax-ether,624.88,staking token held by a counted product
2026-07,reserve-protocol,lido,2281.58,staking token held by a counted product
2026-07,reserve-protocol,origin-ether,193.3,product token held by a counted product
2026-07,reserve-protocol,rocket-pool,209.26,staking token held by a counted product
2026-07,reserve-protocol,stader,271.74,staking token held by a counted product
2026-07,ribbon,ribbon,539.49,leftover: balance unchanged since 2026-01
2026-07,ribbon-earn,ribbon-earn,371.74,leftover: balance unchanged since 2024-10
2026-07,rysk-v12,lido,245.71,staking token held by a counted product
2026-07,set-protocol,ankr,4.33,staking token held by a counted product
2026-07,set-protocol,coinbase-wrapped-staked-eth,4.15,staking token held by a counted product
2026-07,set-protocol,frax-ether,4.22,staking token held by a counted product
2026-07,set-protocol,lido,32.87,staking token held by a counted product
2026-07,set-protocol,rocket-pool,3.98,staking token held by a counted product
2026-07,sommelier,lido,1.61,staking token held by a counted product
2026-07,sophon-farm,ether.fi-stake,7.5,staking token held by a counted product
2026-07,sophon-farm,lido,18.72,staking token held by a counted product
2026-07,stafi,stafi,1860.41,leftover: balance unchanged since 2025-01
2026-07,stakestone-berachain-vault,stakestone-stone,1069.18,staking token held by a counted product
2026-07,swell-l2-farm,swell-l2-farm,31960.63,leftover: balance unchanged since 2025-10
2026-07,symbiotic,symbiotic,36745.78,restaking-token issuers already count this
2026-07,terminal-finance-pre-deposits,ether.fi-stake,27.0,staking token held by a counted product
2026-07,theo-straddle-vaults,ether.fi-stake,109.81,staking token held by a counted product
2026-07,tranchess-yield,ether.fi-stake,7.13,staking token held by a counted product
2026-07,tranchess-yield,lido,2.68,staking token held by a counted product
2026-07,tranchess-yield,stakestone-stone,170.71,staking token held by a counted product
2026-07,treehouse-protocol,loops,18122.47,loop product: its positions are inside leveraged staking on lending markets
2026-07,treehouse-protocol,treehouse-protocol,1.73,held exceeds issuer row (cross-chain supply or adapter gap); floored at 0
2026-07,unipower,unipower,106.89,leftover: balance unchanged since 2024-10
2026-07,upshift,gain,13675.62,nested holding
2026-07,upshift,kelp,11999.95,staking token held by a counted product
2026-07,vaultcraft,kelp,2.69,staking token held by a counted product
2026-07,vaultcraft,stader,2.64,staking token held by a counted product
2026-07,vesper,coinbase-wrapped-staked-eth,31.9,staking token held by a counted product
2026-07,vesper,lido,3320.55,staking token held by a counted product
2026-07,vesper,rocket-pool,17.22,staking token held by a counted product
2026-07,vesper,symbiotic,3870.7,"position in a Symbiotic vault, counted in the row that holds it"
2026-07,yieldnest,frax-ether,41.58,staking token held by a counted product
2026-07,yieldnest,meth-protocol,53.87,staking token held by a counted product
2026-07,yieldnest,origin-ether,1357.43,product token held by a counted product
2026-07,zircuit-staking,eigenpie,1.59,product token held by a counted product
2026-07,zircuit-staking,ether.fi-stake,452.71,staking token held by a counted product
2026-07,zircuit-staking,kelp,285.12,staking token held by a counted product
2026-07,zircuit-staking,lido,18422.9,staking token held by a counted product
2026-07,zircuit-staking,liquid-collective,1.25,staking token held by a counted product
2026-07,zircuit-staking,mellow-restaking,1251.56,product token held by a counted product
2026-07,zircuit-staking,meth-protocol,5.47,staking token held by a counted product
2026-07,zircuit-staking,puffer-stake,614.95,staking token held by a counted product
2026-07,zircuit-staking,renzo,1551.86,staking token held by a counted product
2026-07,zircuit-staking,stakestone-stone,95.41,staking token held by a counted product
2026-07,zircuit-staking,swell-liquid-restaking,138.88,staking token held by a counted product
2026-07,zircuit-staking,swell-liquid-staking,60.16,staking token held by a counted product
2026-07,zircuit-staking,veda,863.12,product token held by a counted product
2026-08,aave-v1,aave-v1,1009.29,leftover: balance unchanged since 2025-05
2026-08,arbitrove,arbitrove,176.46,leftover: balance unchanged since 2024-10
2026-08,bancor-v2.1,bancor-v2.1,875.37,leftover: balance unchanged since 2026-08
2026-08,belt-finance,belt-finance,547.15,leftover: balance unchanged since 2024-12
2026-08,bifrost-liquid-staking,bifrost-liquid-staking,609.17,leftover: balance unchanged since 2025-04
2026-08,blackwing,ether.fi-stake,26.91,staking token held by a counted product
2026-08,blackwing,kelp,4.2,staking token held by a counted product
2026-08,blackwing,renzo,112.99,staking token held by a counted product
2026-08,blackwing,swell-liquid-restaking,7.15,staking token held by a counted product
2026-08,blast-pre-launch-farm,blast-pre-launch-farm,844.66,leftover: balance unchanged since 2026-06
2026-08,canopy,kelp,308.08,staking token held by a counted product
2026-08,cap,ether.fi-stake,8757.69,staking token held by a counted product
2026-08,cap,lido,14821.43,staking token held by a counted product
2026-08,cap,symbiotic,8757.69,"position in a Symbiotic vault, counted in the row that holds it"
2026-08,carry:avant-aveth,avant-aveth,12571.24,DefiLlama row already counts this product
2026-08,carry:lido-earn,mellow-core,79323.12,DefiLlama row already counts this product
2026-08,carry:liquid-eth,veda,173879.68,DefiLlama row already counts this product
2026-08,carry:liquity-carry,fusion-by-ipor,2813.77,DefiLlama row already counts this product
2026-08,carry:liquity-carry,lido,2813.77,carry outside lending markets; staking token per research
2026-08,carry:makina-deth,makina,2592.77,DefiLlama row already counts this product
2026-08,carry:nemo-eth-prime,upshift,2880.76,DefiLlama row already counts this product
2026-08,carry:reservoir-eth,fusion-by-ipor,61.25,DefiLlama row already counts this product
2026-08,carry:rocksolid,lagoon,9558.34,DefiLlama row already counts this product
2026-08,carry:royco-eth,royco-v2,113.78,DefiLlama row already counts this product
2026-08,carry:sentora-eth,upshift,198.2,DefiLlama row already counts this product
2026-08,carry:tau-infinifi,fusion-by-ipor,83.19,DefiLlama row already counts this product
2026-08,carry:vesper-vaeth,vesper,1617.54,DefiLlama row already counts this product
2026-08,carry:yieldbasis-weth,curve-dex,12512.0,nested holding
2026-08,cian-yield-layer,loops,2484.62,loop product: its positions are inside leveraged staking on lending markets
2026-08,corn-kernels,corn-kernels,9.91,leftover: balance unchanged since 2026-08
2026-08,creth2,creth2,681.37,leftover: balance unchanged since 2024-10
2026-08,eigencloud,eigencloud,2351323.09,restaking-token issuers already count this
2026-08,eigenpie,binance-staked-eth,35.79,staking token held by a counted product
2026-08,eigenpie,frax-ether,112.8,staking token held by a counted product
2026-08,eigenpie,lido,723.88,staking token held by a counted product
2026-08,eigenpie,liquid-collective,2.25,staking token held by a counted product
2026-08,eigenpie,meth-protocol,22.93,staking token held by a counted product
2026-08,eigenpie,origin-ether,2.22,product token held by a counted product
2026-08,eigenpie,rocket-pool,12.02,staking token held by a counted product
2026-08,eigenpie,stader,40.53,staking token held by a counted product
2026-08,eigenpie,stakewise-v3,2.28,staking token held by a counted product
2026-08,eigenpie,swell-liquid-staking,679.71,staking token held by a counted product
2026-08,enzyme-finance,coinbase-wrapped-staked-eth,9.61,staking token held by a counted product
2026-08,enzyme-finance,ether.fi-stake,8891.22,staking token held by a counted product
2026-08,enzyme-finance,lido,2612.3,staking token held by a counted product
2026-08,enzyme-finance,rocket-pool,9.61,staking token held by a counted product
2026-08,enzyme-finance,stader,5.49,staking token held by a counted product
2026-08,enzyme-finance,swell-liquid-staking,93.68,staking token held by a counted product
2026-08,euclid-finance,euclid-finance,119.0,leftover: balance unchanged since 2024-11
2026-08,fluid-lite,loops,72886.34,loop product: its positions are inside leveraged staking on lending markets
2026-08,fusion-by-ipor,coinbase-wrapped-staked-eth,3197.23,staking token held by a counted product
2026-08,fusion-by-ipor,lido,2634.75,staking token held by a counted product
2026-08,fyde-protocol,fyde-protocol,151.62,leftover: balance unchanged since 2025-03
2026-08,geth,geth,7663.44,leftover: balance unchanged since 2025-01
2026-08,goldsand-by-inshallah,goldsand-by-inshallah,139.18,leftover: balance unchanged since 2026-02
2026-08,hourglass,ether.fi-stake,4.39,staking token held by a counted product
2026-08,inceptionlrt-(isolated-restaking),inceptionlrt-(isolated-restaking),2779.32,leftover: balance unchanged since 2025-09
2026-08,index-coop,loops,174.1,loop product: its positions are inside leveraged staking on lending markets
2026-08,juice-finance,juice-finance,64.1,leftover: balance unchanged since 2026-05
2026-08,kelp,lido,248245.81,staking token held by a counted product
2026-08,kelp,stader,55101.84,staking token held by a counted product
2026-08,lagoon,rocket-pool,4005.14,staking token held by a counted product
2026-08,lending markets,binance-staked-eth,13820.8,staking token posted in a lending market (leveraged staking or money markets)
2026-08,lending markets,carry,148995.1,carry products' own lending positions
2026-08,lending markets,coinbase-wrapped-staked-eth,82248.58,staking token posted in a lending market (leveraged staking or money markets)
2026-08,lending markets,dinero-(pxeth),1.7,staking token posted in a lending market (leveraged staking or money markets)
2026-08,lending markets,ether.fi-stake,1677521.67,staking token posted in a lending market (leveraged staking or money markets)
2026-08,lending markets,frax-ether,6711.98,staking token posted in a lending market (leveraged staking or money markets)
2026-08,lending markets,kelp,414921.01,staking token posted in a lending market (leveraged staking or money markets)
2026-08,lending markets,lido,3056855.84,staking token posted in a lending market (leveraged staking or money markets)
2026-08,lending markets,liquid-collective,170.16,staking token posted in a lending market (leveraged staking or money markets)
2026-08,lending markets,loops,2859378.19,loops: ETH borrowed against staking tokens (collateral counted once)
2026-08,lending markets,mantle-restaking,90.54,staking token posted in a lending market (leveraged staking or money markets)
2026-08,lending markets,meth-protocol,1871.17,staking token posted in a lending market (leveraged staking or money markets)
2026-08,lending markets,origin-ether,10459.21,staking token posted in a lending market (leveraged staking or money markets)
2026-08,lending markets,puffer-stake,141.64,staking token posted in a lending market (leveraged staking or money markets)
2026-08,lending markets,renzo,1525.88,staking token posted in a lending market (leveraged staking or money markets)
2026-08,lending markets,reserve-protocol,1.22,staking token posted in a lending market (leveraged staking or money markets)
2026-08,lending markets,rocket-pool,52943.71,staking token posted in a lending market (leveraged staking or money markets)
2026-08,lending markets,stader,80.93,staking token posted in a lending market (leveraged staking or money markets)
2026-08,lending markets,stakestone-stone,207.88,staking token posted in a lending market (leveraged staking or money markets)
2026-08,lending markets,stakewise-v3,125102.58,staking token posted in a lending market (leveraged staking or money markets)
2026-08,lending markets,swell-liquid-restaking,383.1,staking token posted in a lending market (leveraged staking or money markets)
2026-08,mantle-restaking,meth-protocol,16913.39,staking token held by a counted product
2026-08,mantle-restaking,veda,16913.39,nested holding
2026-08,mellow-core,lido,87.92,staking token held by a counted product
2026-08,mellow-restaking,lido,6262.89,staking token held by a counted product
2026-08,napier,ether.fi-stake,1.04,staking token held by a counted product
2026-08,nimbora-yield,nimbora-yield,78.05,leftover: balance unchanged since 2025-07
2026-08,nucleus,puffer-stake,294.25,staking token held by a counted product
2026-08,nucleus,renzo,5.68,staking token held by a counted product
2026-08,nucleus,swell-liquid-staking,63.24,staking token held by a counted product
2026-08,onx-finance,onx-finance,125.58,leftover: balance unchanged since 2026-05
2026-08,opyn-convexity,opyn-convexity,225.87,leftover: balance unchanged since 2024-10
2026-08,opyn-gamma,opyn-gamma,406.25,leftover: balance unchanged since 2025-02
2026-08,origami-finance,loops,9.08,loop product: its positions are inside leveraged staking on lending markets
2026-08,pendle-v2,bedrock-unieth,78.89,staking token held by a counted product
2026-08,pendle-v2,binance-staked-eth,2.62,staking token held by a counted product
2026-08,pendle-v2,coinbase-wrapped-staked-eth,4.81,staking token held by a counted product
2026-08,pendle-v2,dinero-(pxeth),1.18,staking token held by a counted product
2026-08,pendle-v2,ether.fi-stake,1637.9,staking token held by a counted product
2026-08,pendle-v2,frax-ether,6.46,staking token held by a counted product
2026-08,pendle-v2,kelp,474.06,staking token held by a counted product
2026-08,pendle-v2,lido,4504.3,staking token held by a counted product
2026-08,pendle-v2,mantle-restaking,15.4,staking token held by a counted product
2026-08,pendle-v2,mellow-restaking,1.23,product token held by a counted product
2026-08,pendle-v2,meth-protocol,10.06,staking token held by a counted product
2026-08,pendle-v2,origin-ether,24.14,product token held by a counted product
2026-08,pendle-v2,puffer-stake,476.73,staking token held by a counted product
2026-08,pendle-v2,renzo,674.26,staking token held by a counted product
2026-08,pendle-v2,rocket-pool,642.66,staking token held by a counted product
2026-08,pendle-v2,stader,21.43,staking token held by a counted product
2026-08,pendle-v2,superform,328.92,product token held by a counted product
2026-08,pendle-v2,swell-liquid-restaking,596.05,staking token held by a counted product
2026-08,pendle-v2,swell-liquid-staking,254.41,staking token held by a counted product
2026-08,pendle-v2,upshift,208.0,product token held by a counted product
2026-08,pendle-v2,veda,59.65,product token held by a counted product
2026-08,radpie,radpie,347.13,leftover: balance unchanged since 2024-10
2026-08,reaper-farm,reaper-farm,128.22,leftover: balance unchanged since 2025-09
2026-08,reserve-protocol,coinbase-wrapped-staked-eth,197.51,staking token held by a counted product
2026-08,reserve-protocol,ether.fi-stake,979.63,staking token held by a counted product
2026-08,reserve-protocol,frax-ether,795.44,staking token held by a counted product
2026-08,reserve-protocol,lido,2158.91,staking token held by a counted product
2026-08,reserve-protocol,origin-ether,197.66,product token held by a counted product
2026-08,reserve-protocol,stader,197.71,staking token held by a counted product
2026-08,ribbon,ribbon,539.41,leftover: balance unchanged since 2026-01
2026-08,ribbon-earn,ribbon-earn,372.12,leftover: balance unchanged since 2024-10
2026-08,rysk-v12,lido,44.81,staking token held by a counted product
2026-08,rysk-v12,rocket-pool,1.17,staking token held by a counted product
2026-08,set-protocol,ankr,4.34,staking token held by a counted product
2026-08,set-protocol,coinbase-wrapped-staked-eth,4.13,staking token held by a counted product
2026-08,set-protocol,frax-ether,4.28,staking token held by a counted product
2026-08,set-protocol,lido,32.98,staking token held by a counted product
2026-08,set-protocol,rocket-pool,3.96,staking token held by a counted product
2026-08,sophon-farm,ether.fi-stake,7.07,staking token held by a counted product
2026-08,sophon-farm,lido,18.8,staking token held by a counted product
2026-08,stafi,stafi,1860.41,leftover: balance unchanged since 2025-01
2026-08,stakestone-berachain-vault,stakestone-stone,569.25,staking token held by a counted product
2026-08,swell-l2-farm,swell-l2-farm,31821.63,leftover: balance unchanged since 2025-10
2026-08,symbiotic,symbiotic,38220.93,restaking-token issuers already count this
2026-08,terminal-finance-pre-deposits,terminal-finance-pre-deposits,19.45,leftover: balance unchanged since 2026-08
2026-08,theo-straddle-vaults,ether.fi-stake,108.52,staking token held by a counted product
2026-08,tranchess-yield,ether.fi-stake,7.12,staking token held by a counted product
2026-08,tranchess-yield,lido,2.68,staking token held by a counted product
2026-08,tranchess-yield,stakestone-stone,170.1,staking token held by a counted product
2026-08,treehouse-protocol,loops,18236.55,loop product: its positions are inside leveraged staking on lending markets
2026-08,treehouse-protocol,treehouse-protocol,1.33,held exceeds issuer row (cross-chain supply or adapter gap); floored at 0
2026-08,unipower,unipower,106.89,leftover: balance unchanged since 2024-10
2026-08,upshift,gain,12714.57,nested holding
2026-08,upshift,kelp,10322.2,staking token held by a counted product
2026-08,upshift,liquid-collective,13.13,staking token held by a counted product
2026-08,vaultcraft,kelp,2.69,staking token held by a counted product
2026-08,vaultcraft,stader,2.57,staking token held by a counted product
2026-08,vesper,coinbase-wrapped-staked-eth,19.08,staking token held by a counted product
2026-08,vesper,lido,5690.33,staking token held by a counted product
2026-08,vesper,rocket-pool,19.23,staking token held by a counted product
2026-08,vesper,symbiotic,6286.95,"position in a Symbiotic vault, counted in the row that holds it"
2026-08,yieldnest,frax-ether,42.4,staking token held by a counted product
2026-08,yieldnest,meth-protocol,54.03,staking token held by a counted product
2026-08,yieldnest,origin-ether,1361.64,product token held by a counted product
2026-08,zircuit-staking,eigenpie,1.6,product token held by a counted product
2026-08,zircuit-staking,ether.fi-stake,435.75,staking token held by a counted product
2026-08,zircuit-staking,kelp,278.96,staking token held by a counted product
2026-08,zircuit-staking,lido,18477.91,staking token held by a counted product
2026-08,zircuit-staking,liquid-collective,1.24,staking token held by a counted product
2026-08,zircuit-staking,mellow-restaking,1255.15,product token held by a counted product
2026-08,zircuit-staking,meth-protocol,5.45,staking token held by a counted product
2026-08,zircuit-staking,puffer-stake,581.63,staking token held by a counted product
2026-08,zircuit-staking,renzo,1528.29,staking token held by a counted product
2026-08,zircuit-staking,stakestone-stone,95.27,staking token held by a counted product
2026-08,zircuit-staking,swell-liquid-restaking,138.49,staking token held by a counted product
2026-08,zircuit-staking,swell-liquid-staking,58.89,staking token held by a counted product
2026-08,zircuit-staking,veda,862.27,product token held by a counted product
2026-09,aave-v1,aave-v1,1009.5,leftover: balance unchanged since 2025-05
2026-09,arbitrove,arbitrove,176.9,leftover: balance unchanged since 2024-10
2026-09,bancor-v2.1,bancor-v2.1,878.4,leftover: balance unchanged since 2026-08
2026-09,belt-finance,belt-finance,547.16,leftover: balance unchanged since 2024-12
2026-09,bifrost-liquid-staking,bifrost-liquid-staking,611.53,leftover: balance unchanged since 2025-04
2026-09,blackwing,ether.fi-stake,26.02,staking token held by a counted product
2026-09,blackwing,kelp,4.22,staking token held by a counted product
2026-09,blackwing,renzo,107.88,staking token held by a counted product
2026-09,blackwing,swell-liquid-restaking,7.2,staking token held by a counted product
2026-09,blast-pre-launch-farm,blast-pre-launch-farm,842.46,leftover: balance unchanged since 2026-06
2026-09,canopy,kelp,310.05,staking token held by a counted product
2026-09,cap,ether.fi-stake,8384.53,staking token held by a counted product
2026-09,cap,lido,14368.98,staking token held by a counted product
2026-09,cap,symbiotic,8384.53,"position in a Symbiotic vault, counted in the row that holds it"
2026-09,carry:avant-aveth,avant-aveth,12356.76,DefiLlama row already counts this product
2026-09,carry:lido-earn,mellow-core,83046.36,DefiLlama row already counts this product
2026-09,carry:liquid-eth,veda,176962.43,DefiLlama row already counts this product
2026-09,carry:liquity-carry,fusion-by-ipor,6016.67,DefiLlama row already counts this product
2026-09,carry:liquity-carry,lido,6016.67,carry outside lending markets; staking token per research
2026-09,carry:makina-deth,makina,2498.8,DefiLlama row already counts this product
2026-09,carry:nemo-eth-prime,upshift,2959.43,DefiLlama row already counts this product
2026-09,carry:reservoir-eth,fusion-by-ipor,60.2,DefiLlama row already counts this product
2026-09,carry:rocksolid,lagoon,9726.62,DefiLlama row already counts this product
2026-09,carry:royco-eth,royco-v2,116.04,DefiLlama row already counts this product
2026-09,carry:sentora-eth,upshift,671.21,DefiLlama row already counts this product
2026-09,carry:tau-infinifi,fusion-by-ipor,82.23,DefiLlama row already counts this product
2026-09,carry:vesper-vaeth,vesper,1052.29,DefiLlama row already counts this product
2026-09,carry:yieldbasis-weth,curve-dex,10616.21,nested holding
2026-09,cian-yield-layer,loops,2490.5,loop product: its positions are inside leveraged staking on lending markets
2026-09,corn-kernels,corn-kernels,9.94,leftover: balance unchanged since 2026-08
2026-09,creth2,creth2,682.82,leftover: balance unchanged since 2024-10
2026-09,eigencloud,eigencloud,2430869.43,restaking-token issuers already count this
2026-09,eigenpie,binance-staked-eth,35.85,staking token held by a counted product
2026-09,eigenpie,frax-ether,110.2,staking token held by a counted product
2026-09,eigenpie,lido,715.1,staking token held by a counted product
2026-09,eigenpie,liquid-collective,2.26,staking token held by a counted product
2026-09,eigenpie,meth-protocol,22.82,staking token held by a counted product
2026-09,eigenpie,origin-ether,2.23,product token held by a counted product
2026-09,eigenpie,rocket-pool,11.97,staking token held by a counted product
2026-09,eigenpie,stader,39.53,staking token held by a counted product
2026-09,eigenpie,stakewise-v3,2.29,staking token held by a counted product
2026-09,eigenpie,swell-liquid-staking,673.08,staking token held by a counted product
2026-09,enzyme-finance,coinbase-wrapped-staked-eth,9.62,staking token held by a counted product
2026-09,enzyme-finance,ether.fi-stake,8904.52,staking token held by a counted product
2026-09,enzyme-finance,lido,2591.72,staking token held by a counted product
2026-09,enzyme-finance,rocket-pool,9.59,staking token held by a counted product
2026-09,enzyme-finance,stader,4.92,staking token held by a counted product
2026-09,enzyme-finance,swell-liquid-staking,93.09,staking token held by a counted product
2026-09,ether.fi-stake,frax-ether,20.16,staking token held by a counted product
2026-09,ether.fi-stake,lido,35.66,staking token held by a counted product
2026-09,ether.fi-stake,rocket-pool,17.39,staking token held by a counted product
2026-09,euclid-finance,euclid-finance,119.44,leftover: balance unchanged since 2024-11
2026-09,fluid-lite,loops,77701.89,loop product: its positions are inside leveraged staking on lending markets
2026-09,fusion-by-ipor,coinbase-wrapped-staked-eth,2821.4,staking token held by a counted product
2026-09,fusion-by-ipor,ether.fi-stake,4.28,staking token held by a counted product
2026-09,fusion-by-ipor,lido,1600.98,staking token held by a counted product
2026-09,fusion-by-ipor,rocket-pool,1.1,staking token held by a counted product
2026-09,fyde-protocol,fyde-protocol,151.97,leftover: balance unchanged since 2025-03
2026-09,geth,geth,7678.37,leftover: balance unchanged since 2025-01
2026-09,goldsand-by-inshallah,goldsand-by-inshallah,139.45,leftover: balance unchanged since 2026-02
2026-09,inceptionlrt-(isolated-restaking),inceptionlrt-(isolated-restaking),2790.5,leftover: balance unchanged since 2025-09
2026-09,index-coop,loops,110.43,loop product: its positions are inside leveraged staking on lending markets
2026-09,juice-finance,juice-finance,64.47,leftover: balance unchanged since 2026-05
2026-09,kelp,lido,220049.02,staking token held by a counted product
2026-09,kelp,stader,55387.79,staking token held by a counted product
2026-09,lagoon,rocket-pool,3771.58,staking token held by a counted product
2026-09,latch,ether.fi-stake,10.78,staking token held by a counted product
2026-09,lending markets,binance-staked-eth,14307.7,staking token posted in a lending market (leveraged staking or money markets)
2026-09,lending markets,carry,152063.06,carry products' own lending positions
2026-09,lending markets,coinbase-wrapped-staked-eth,85291.01,staking token posted in a lending market (leveraged staking or money markets)
2026-09,lending markets,ether.fi-stake,1828759.81,staking token posted in a lending market (leveraged staking or money markets)
2026-09,lending markets,frax-ether,6323.95,staking token posted in a lending market (leveraged staking or money markets)
2026-09,lending markets,kelp,394219.17,staking token posted in a lending market (leveraged staking or money markets)
2026-09,lending markets,lido,2998522.16,staking token posted in a lending market (leveraged staking or money markets)
2026-09,lending markets,liquid-collective,286.95,staking token posted in a lending market (leveraged staking or money markets)
2026-09,lending markets,loops,2875678.91,loops: ETH borrowed against staking tokens (collateral counted once)
2026-09,lending markets,mantle-restaking,90.1,staking token posted in a lending market (leveraged staking or money markets)
2026-09,lending markets,meth-protocol,1825.9,staking token posted in a lending market (leveraged staking or money markets)
2026-09,lending markets,origin-ether,10073.44,staking token posted in a lending market (leveraged staking or money markets)
2026-09,lending markets,puffer-stake,83.17,staking token posted in a lending market (leveraged staking or money markets)
2026-09,lending markets,renzo,1291.25,staking token posted in a lending market (leveraged staking or money markets)
2026-09,lending markets,reserve-protocol,1.23,staking token posted in a lending market (leveraged staking or money markets)
2026-09,lending markets,rocket-pool,52297.08,staking token posted in a lending market (leveraged staking or money markets)
2026-09,lending markets,stader,72.33,staking token posted in a lending market (leveraged staking or money markets)
2026-09,lending markets,stakestone-stone,21.85,staking token posted in a lending market (leveraged staking or money markets)
2026-09,lending markets,stakewise-v3,134317.99,staking token posted in a lending market (leveraged staking or money markets)
2026-09,lending markets,swell-liquid-restaking,386.51,staking token posted in a lending market (leveraged staking or money markets)
2026-09,makina,carry:makina-deth,4.93,product token held by a counted product
2026-09,mantle-restaking,meth-protocol,16220.48,staking token held by a counted product
2026-09,mantle-restaking,veda,16220.48,nested holding
2026-09,mellow-core,lido,80.41,staking token held by a counted product
2026-09,mellow-restaking,lido,5677.56,staking token held by a counted product
2026-09,napier,ether.fi-stake,1.04,staking token held by a counted product
2026-09,nimbora-yield,nimbora-yield,78.6,leftover: balance unchanged since 2025-07
2026-09,nucleus,puffer-stake,274.09,staking token held by a counted product
2026-09,nucleus,renzo,5.68,staking token held by a counted product
2026-09,nucleus,swell-liquid-staking,55.09,staking token held by a counted product
2026-09,onx-finance,onx-finance,125.45,leftover: balance unchanged since 2026-05
2026-09,opyn-convexity,opyn-convexity,226.31,leftover: balance unchanged since 2024-10
2026-09,opyn-gamma,opyn-gamma,396.42,leftover: balance unchanged since 2025-02
2026-09,origami-finance,loops,9.02,loop product: its positions are inside leveraged staking on lending markets
2026-09,pendle-v2,bedrock-unieth,63.2,staking token held by a counted product
2026-09,pendle-v2,ether.fi-stake,1506.86,staking token held by a counted product
2026-09,pendle-v2,kelp,428.16,staking token held by a counted product
2026-09,pendle-v2,lido,3972.81,staking token held by a counted product
2026-09,pendle-v2,origin-ether,23.29,product token held by a counted product
2026-09,pendle-v2,puffer-stake,351.23,staking token held by a counted product
2026-09,pendle-v2,renzo,661.94,staking token held by a counted product
2026-09,pendle-v2,rocket-pool,611.46,staking token held by a counted product
2026-09,pendle-v2,superform,257.41,product token held by a counted product
2026-09,pendle-v2,swell-liquid-restaking,572.07,staking token held by a counted product
2026-09,pendle-v2,swell-liquid-staking,223.86,staking token held by a counted product
2026-09,pendle-v2,upshift,192.7,product token held by a counted product
2026-09,pendle-v2,veda,22.71,product token held by a counted product
2026-09,radpie,radpie,348.11,leftover: balance unchanged since 2024-10
2026-09,reaper-farm,reaper-farm,128.57,leftover: balance unchanged since 2025-09
2026-09,reserve-protocol,coinbase-wrapped-staked-eth,198.94,staking token held by a counted product
2026-09,reserve-protocol,ether.fi-stake,1007.1,staking token held by a counted product
2026-09,reserve-protocol,frax-ether,1002.91,staking token held by a counted product
2026-09,reserve-protocol,lido,2213.04,staking token held by a counted product
2026-09,reserve-protocol,origin-ether,199.91,product token held by a counted product
2026-09,ribbon,ribbon,524.7,leftover: balance unchanged since 2026-01
2026-09,ribbon-earn,ribbon-earn,373.23,leftover: balance unchanged since 2024-10
2026-09,rysk-v12,ether.fi-stake,110.73,staking token held by a counted product
2026-09,rysk-v12,lido,758.8,staking token held by a counted product
2026-09,rysk-v12,rocket-pool,1.17,staking token held by a counted product
2026-09,set-protocol,ankr,4.28,staking token held by a counted product
2026-09,set-protocol,coinbase-wrapped-staked-eth,4.1,staking token held by a counted product
2026-09,set-protocol,frax-ether,4.17,staking token held by a counted product
2026-09,set-protocol,lido,33.07,staking token held by a counted product
2026-09,set-protocol,rocket-pool,3.92,staking token held by a counted product
2026-09,sophon-farm,ether.fi-stake,5.9,staking token held by a counted product
2026-09,sophon-farm,lido,17.37,staking token held by a counted product
2026-09,stafi,stafi,1864.04,leftover: balance unchanged since 2025-01
2026-09,stakestone-berachain-vault,stakestone-stone,585.6,staking token held by a counted product
2026-09,swell-l2-farm,swell-l2-farm,31982.12,leftover: balance unchanged since 2025-10
2026-09,symbiotic,symbiotic,36596.98,restaking-token issuers already count this
2026-09,terminal-finance-pre-deposits,terminal-finance-pre-deposits,19.48,leftover: balance unchanged since 2026-08
2026-09,theo-straddle-vaults,ether.fi-stake,102.38,staking token held by a counted product
2026-09,thetanuts-finance,lido,2.23,staking token held by a counted product
2026-09,tranchess-yield,ether.fi-stake,6.07,staking token held by a counted product
2026-09,tranchess-yield,lido,2.7,staking token held by a counted product
2026-09,tranchess-yield,stakestone-stone,170.79,staking token held by a counted product
2026-09,treehouse-protocol,loops,18115.05,loop product: its positions are inside leveraged staking on lending markets
2026-09,unipower,unipower,106.89,leftover: balance unchanged since 2024-10
2026-09,upshift,gain,11156.74,nested holding
2026-09,upshift,kelp,8485.8,staking token held by a counted product
2026-09,upshift,liquid-collective,100.21,staking token held by a counted product
2026-09,vaultcraft,kelp,2.7,staking token held by a counted product
2026-09,vaultcraft,stader,2.58,staking token held by a counted product
2026-09,vesper,lido,6074.31,staking token held by a counted product
2026-09,vesper,rocket-pool,20.52,staking token held by a counted product
2026-09,vesper,symbiotic,6314.41,"position in a Symbiotic vault, counted in the row that holds it"
2026-09,yieldnest,frax-ether,41.79,staking token held by a counted product
2026-09,yieldnest,meth-protocol,54.22,staking token held by a counted product
2026-09,yieldnest,origin-ether,1366.14,product token held by a counted product
2026-09,zircuit-staking,eigenpie,1.6,product token held by a counted product
2026-09,zircuit-staking,ether.fi-stake,429.66,staking token held by a counted product
2026-09,zircuit-staking,kelp,276.58,staking token held by a counted product
2026-09,zircuit-staking,lido,18525.48,staking token held by a counted product
2026-09,zircuit-staking,liquid-collective,1.25,staking token held by a counted product
2026-09,zircuit-staking,mellow-restaking,1257.94,product token held by a counted product
2026-09,zircuit-staking,meth-protocol,5.45,staking token held by a counted product
2026-09,zircuit-staking,puffer-stake,467.47,staking token held by a counted product
2026-09,zircuit-staking,renzo,1500.36,staking token held by a counted product
2026-09,zircuit-staking,stakestone-stone,93.06,staking token held by a counted product
2026-09,zircuit-staking,swell-liquid-restaking,115.71,staking token held by a counted product
2026-09,zircuit-staking,swell-liquid-staking,57.65,staking token held by a counted product
2026-09,zircuit-staking,veda,851.57,product token held by a counted product
2026-10-02,aave-v1,aave-v1,1007.52,leftover: balance unchanged since 2025-05
2026-10-02,arbitrove,arbitrove,176.87,leftover: balance unchanged since 2024-10
2026-10-02,bancor-v2.1,bancor-v2.1,873.82,leftover: balance unchanged since 2026-08
2026-10-02,belt-finance,belt-finance,546.75,leftover: balance unchanged since 2024-12
2026-10-02,bifrost-liquid-staking,bifrost-liquid-staking,609.1,leftover: balance unchanged since 2025-04
2026-10-02,blackwing,ether.fi-stake,25.94,staking token held by a counted product
2026-10-02,blackwing,kelp,4.21,staking token held by a counted product
2026-10-02,blackwing,renzo,107.52,staking token held by a counted product
2026-10-02,blackwing,swell-liquid-restaking,7.18,staking token held by a counted product
2026-10-02,blast-pre-launch-farm,blast-pre-launch-farm,841.81,leftover: balance unchanged since 2026-06
2026-10-02,canopy,kelp,309.1,staking token held by a counted product
2026-10-02,cap,ether.fi-stake,8349.99,staking token held by a counted product
2026-10-02,cap,lido,14316.23,staking token held by a counted product
2026-10-02,cap,symbiotic,8349.99,"position in a Symbiotic vault, counted in the row that holds it"
2026-10-02,carry:avant-aveth,avant-aveth,12582.71,DefiLlama row already counts this product
2026-10-02,carry:lido-earn,mellow-core,83309.2,DefiLlama row already counts this product
2026-10-02,carry:liquid-eth,veda,177171.06,DefiLlama row already counts this product
2026-10-02,carry:liquity-carry,fusion-by-ipor,6014.0,DefiLlama row already counts this product
2026-10-02,carry:liquity-carry,lido,6014.0,carry outside lending markets; staking token per research
2026-10-02,carry:makina-deth,makina,2499.13,DefiLlama row already counts this product
2026-10-02,carry:nemo-eth-prime,upshift,3037.67,DefiLlama row already counts this product
2026-10-02,carry:reservoir-eth,fusion-by-ipor,23.59,DefiLlama row already counts this product
2026-10-02,carry:rocksolid,lagoon,9727.77,DefiLlama row already counts this product
2026-10-02,carry:royco-eth,royco-v2,116.0,DefiLlama row already counts this product
2026-10-02,carry:sentora-eth,upshift,676.67,DefiLlama row already counts this product
2026-10-02,carry:tau-infinifi,fusion-by-ipor,82.23,DefiLlama row already counts this product
2026-10-02,carry:vesper-vaeth,vesper,1052.4,DefiLlama row already counts this product
2026-10-02,carry:yieldbasis-weth,curve-dex,10426.0,nested holding
2026-10-02,cian-yield-layer,loops,2487.47,loop product: its positions are inside leveraged staking on lending markets
2026-10-02,corn-kernels,corn-kernels,9.91,leftover: balance unchanged since 2026-08
2026-10-02,creth2,creth2,681.26,leftover: balance unchanged since 2024-10
2026-10-02,eigencloud,eigencloud,2419225.3,restaking-token issuers already count this
2026-10-02,eigenpie,binance-staked-eth,33.74,staking token held by a counted product
2026-10-02,eigenpie,frax-ether,108.26,staking token held by a counted product
2026-10-02,eigenpie,lido,713.37,staking token held by a counted product
2026-10-02,eigenpie,liquid-collective,2.26,staking token held by a counted product
2026-10-02,eigenpie,meth-protocol,22.79,staking token held by a counted product
2026-10-02,eigenpie,origin-ether,2.22,product token held by a counted product
2026-10-02,eigenpie,rocket-pool,11.93,staking token held by a counted product
2026-10-02,eigenpie,stader,40.5,staking token held by a counted product
2026-10-02,eigenpie,stakewise-v3,2.28,staking token held by a counted product
2026-10-02,eigenpie,swell-liquid-staking,668.98,staking token held by a counted product
2026-10-02,enzyme-finance,coinbase-wrapped-staked-eth,9.63,staking token held by a counted product
2026-10-02,enzyme-finance,ether.fi-stake,8889.37,staking token held by a counted product
2026-10-02,enzyme-finance,lido,2596.96,staking token held by a counted product
2026-10-02,enzyme-finance,rocket-pool,9.59,staking token held by a counted product
2026-10-02,enzyme-finance,stader,4.92,staking token held by a counted product
2026-10-02,enzyme-finance,swell-liquid-staking,93.58,staking token held by a counted product
2026-10-02,ether.fi-stake,frax-ether,20.1,staking token held by a counted product
2026-10-02,ether.fi-stake,lido,35.52,staking token held by a counted product
2026-10-02,ether.fi-stake,rocket-pool,17.31,staking token held by a counted product
2026-10-02,euclid-finance,euclid-finance,118.97,leftover: balance unchanged since 2024-11
2026-10-02,fluid-lite,loops,77313.65,loop product: its positions are inside leveraged staking on lending markets
2026-10-02,fusion-by-ipor,coinbase-wrapped-staked-eth,3046.18,staking token held by a counted product
2026-10-02,fusion-by-ipor,ether.fi-stake,4.32,staking token held by a counted product
2026-10-02,fusion-by-ipor,lido,1619.34,staking token held by a counted product
2026-10-02,fusion-by-ipor,rocket-pool,1.11,staking token held by a counted product
2026-10-02,fyde-protocol,fyde-protocol,151.62,leftover: balance unchanged since 2025-03
2026-10-02,geth,geth,7663.44,leftover: balance unchanged since 2025-01
2026-10-02,goldsand-by-inshallah,goldsand-by-inshallah,139.18,leftover: balance unchanged since 2026-02
2026-10-02,inceptionlrt-(isolated-restaking),inceptionlrt-(isolated-restaking),2793.89,leftover: balance unchanged since 2025-09
2026-10-02,index-coop,loops,109.96,loop product: its positions are inside leveraged staking on lending markets
2026-10-02,juice-finance,juice-finance,64.49,leftover: balance unchanged since 2026-05
2026-10-02,kelp,lido,217385.93,staking token held by a counted product
2026-10-02,kelp,stader,55057.81,staking token held by a counted product
2026-10-02,lagoon,rocket-pool,3838.93,staking token held by a counted product
2026-10-02,latch,ether.fi-stake,10.74,staking token held by a counted product
2026-10-02,lending markets,binance-staked-eth,14091.35,staking token posted in a lending market (leveraged staking or money markets)
2026-10-02,lending markets,carry,155292.75,carry products' own lending positions
2026-10-02,lending markets,coinbase-wrapped-staked-eth,85471.29,staking token posted in a lending market (leveraged staking or money markets)
2026-10-02,lending markets,ether.fi-stake,1825423.16,staking token posted in a lending market (leveraged staking or money markets)
2026-10-02,lending markets,frax-ether,6314.04,staking token posted in a lending market (leveraged staking or money markets)
2026-10-02,lending markets,kelp,387397.32,staking token posted in a lending market (leveraged staking or money markets)
2026-10-02,lending markets,lido,2965441.52,staking token posted in a lending market (leveraged staking or money markets)
2026-10-02,lending markets,liquid-collective,286.3,staking token posted in a lending market (leveraged staking or money markets)
2026-10-02,lending markets,loops,2885012.31,loops: ETH borrowed against staking tokens (collateral counted once)
2026-10-02,lending markets,mantle-restaking,89.8,staking token posted in a lending market (leveraged staking or money markets)
2026-10-02,lending markets,meth-protocol,1828.37,staking token posted in a lending market (leveraged staking or money markets)
2026-10-02,lending markets,origin-ether,10031.85,staking token posted in a lending market (leveraged staking or money markets)
2026-10-02,lending markets,puffer-stake,82.36,staking token posted in a lending market (leveraged staking or money markets)
2026-10-02,lending markets,renzo,1797.63,staking token posted in a lending market (leveraged staking or money markets)
2026-10-02,lending markets,reserve-protocol,1.23,staking token posted in a lending market (leveraged staking or money markets)
2026-10-02,lending markets,rocket-pool,51736.97,staking token posted in a lending market (leveraged staking or money markets)
2026-10-02,lending markets,stader,71.89,staking token posted in a lending market (leveraged staking or money markets)
2026-10-02,lending markets,stakestone-stone,14.69,staking token posted in a lending market (leveraged staking or money markets)
2026-10-02,lending markets,stakewise-v3,132520.89,staking token posted in a lending market (leveraged staking or money markets)
2026-10-02,lending markets,swell-liquid-restaking,385.56,staking token posted in a lending market (leveraged staking or money markets)
2026-10-02,mantle-restaking,meth-protocol,16208.11,staking token held by a counted product
2026-10-02,mantle-restaking,veda,16208.11,nested holding
2026-10-02,mellow-core,lido,73.11,staking token held by a counted product
2026-10-02,mellow-restaking,lido,5642.81,staking token held by a counted product
2026-10-02,napier,ether.fi-stake,1.04,staking token held by a counted product
2026-10-02,nimbora-yield,nimbora-yield,78.44,leftover: balance unchanged since 2025-07
2026-10-02,nucleus,puffer-stake,274.4,staking token held by a counted product
2026-10-02,nucleus,swell-liquid-staking,55.19,staking token held by a counted product
2026-10-02,onx-finance,onx-finance,125.43,leftover: balance unchanged since 2026-05
2026-10-02,opyn-convexity,opyn-convexity,226.66,leftover: balance unchanged since 2024-10
2026-10-02,opyn-gamma,opyn-gamma,395.64,leftover: balance unchanged since 2025-02
2026-10-02,origami-finance,loops,9.0,loop product: its positions are inside leveraged staking on lending markets
2026-10-02,pendle-v2,bedrock-unieth,63.19,staking token held by a counted product
2026-10-02,pendle-v2,ether.fi-stake,1501.9,staking token held by a counted product
2026-10-02,pendle-v2,kelp,421.39,staking token held by a counted product
2026-10-02,pendle-v2,lido,3933.61,staking token held by a counted product
2026-10-02,pendle-v2,origin-ether,23.2,product token held by a counted product
2026-10-02,pendle-v2,puffer-stake,349.91,staking token held by a counted product
2026-10-02,pendle-v2,renzo,661.75,staking token held by a counted product
2026-10-02,pendle-v2,rocket-pool,609.54,staking token held by a counted product
2026-10-02,pendle-v2,superform,256.71,product token held by a counted product
2026-10-02,pendle-v2,swell-liquid-restaking,570.76,staking token held by a counted product
2026-10-02,pendle-v2,swell-liquid-staking,223.15,staking token held by a counted product
2026-10-02,pendle-v2,upshift,191.92,product token held by a counted product
2026-10-02,pendle-v2,veda,22.64,product token held by a counted product
2026-10-02,radpie,radpie,348.37,leftover: balance unchanged since 2024-10
2026-10-02,reaper-farm,reaper-farm,128.05,leftover: balance unchanged since 2025-09
2026-10-02,reserve-protocol,coinbase-wrapped-staked-eth,223.85,staking token held by a counted product
2026-10-02,reserve-protocol,ether.fi-stake,1030.38,staking token held by a counted product
2026-10-02,reserve-protocol,frax-ether,1027.58,staking token held by a counted product
2026-10-02,reserve-protocol,lido,2288.03,staking token held by a counted product
2026-10-02,reserve-protocol,origin-ether,223.25,product token held by a counted product
2026-10-02,ribbon,ribbon,523.43,leftover: balance unchanged since 2026-01
2026-10-02,ribbon-earn,ribbon-earn,372.2,leftover: balance unchanged since 2024-10
2026-10-02,rysk-v12,ether.fi-stake,110.42,staking token held by a counted product
2026-10-02,rysk-v12,lido,819.09,staking token held by a counted product
2026-10-02,rysk-v12,rocket-pool,1.17,staking token held by a counted product
2026-10-02,set-protocol,ankr,4.25,staking token held by a counted product
2026-10-02,set-protocol,coinbase-wrapped-staked-eth,4.06,staking token held by a counted product
2026-10-02,set-protocol,frax-ether,4.13,staking token held by a counted product
2026-10-02,set-protocol,lido,32.91,staking token held by a counted product
2026-10-02,set-protocol,rocket-pool,3.88,staking token held by a counted product
2026-10-02,sophon-farm,ether.fi-stake,5.88,staking token held by a counted product
2026-10-02,sophon-farm,lido,17.33,staking token held by a counted product
2026-10-02,stafi,stafi,1860.41,leftover: balance unchanged since 2025-01
2026-10-02,stakestone-berachain-vault,stakestone-stone,579.3,staking token held by a counted product
2026-10-02,swell-l2-farm,swell-l2-farm,31988.8,leftover: balance unchanged since 2025-10
2026-10-02,symbiotic,symbiotic,36492.29,restaking-token issuers already count this
2026-10-02,terminal-finance-pre-deposits,terminal-finance-pre-deposits,19.4,leftover: balance unchanged since 2026-08
2026-10-02,theo-straddle-vaults,ether.fi-stake,101.82,staking token held by a counted product
2026-10-02,thetanuts-finance,lido,2.53,staking token held by a counted product
2026-10-02,tranchess-yield,ether.fi-stake,6.06,staking token held by a counted product
2026-10-02,tranchess-yield,lido,2.69,staking token held by a counted product
2026-10-02,tranchess-yield,stakestone-stone,170.66,staking token held by a counted product
2026-10-02,treehouse-protocol,loops,18588.96,loop product: its positions are inside leveraged staking on lending markets
2026-10-02,unipower,unipower,106.89,leftover: balance unchanged since 2024-10
2026-10-02,upshift,gain,11124.85,nested holding
2026-10-02,upshift,kelp,8364.71,staking token held by a counted product
2026-10-02,upshift,liquid-collective,98.94,staking token held by a counted product
2026-10-02,vaultcraft,kelp,2.69,staking token held by a counted product
2026-10-02,vaultcraft,stader,2.57,staking token held by a counted product
2026-10-02,vesper,lido,6048.76,staking token held by a counted product
2026-10-02,vesper,rocket-pool,20.41,staking token held by a counted product
2026-10-02,vesper,symbiotic,6291.38,"position in a Symbiotic vault, counted in the row that holds it"
2026-10-02,yieldnest,frax-ether,41.71,staking token held by a counted product
2026-10-02,yieldnest,meth-protocol,54.15,staking token held by a counted product
2026-10-02,yieldnest,origin-ether,1360.73,product token held by a counted product
2026-10-02,zircuit-staking,eigenpie,1.6,product token held by a counted product
2026-10-02,zircuit-staking,ether.fi-stake,428.04,staking token held by a counted product
2026-10-02,zircuit-staking,kelp,275.44,staking token held by a counted product
2026-10-02,zircuit-staking,lido,18477.84,staking token held by a counted product
2026-10-02,zircuit-staking,liquid-collective,1.24,staking token held by a counted product
2026-10-02,zircuit-staking,mellow-restaking,1254.12,product token held by a counted product
2026-10-02,zircuit-staking,meth-protocol,5.43,staking token held by a counted product
2026-10-02,zircuit-staking,puffer-stake,464.46,staking token held by a counted product
2026-10-02,zircuit-staking,renzo,1475.02,staking token held by a counted product
2026-10-02,zircuit-staking,stakestone-stone,92.99,staking token held by a counted product
2026-10-02,zircuit-staking,swell-liquid-restaking,109.91,staking token held by a counted product
2026-10-02,zircuit-staking,swell-liquid-staking,57.42,staking token held by a counted product
2026-10-02,zircuit-staking,veda,847.69,product token held by a counted product
