month,slug,product,category,kind,eth,usd,eth_usd
2024-10,aave-v1,Aave V1,lending,,1782.5288,4487872.88,2517.7
2024-11,aave-v1,Aave V1,lending,,1777.3689,6618975.25,3724.03
2024-12,aave-v1,Aave V1,lending,,1737.7647,5785592.18,3329.33
2025-01,aave-v1,Aave V1,lending,,1726.5518,5695808.11,3298.95
2025-02,aave-v1,Aave V1,lending,,1629.696,3627214.39,2225.7
2025-03,aave-v1,Aave V1,lending,,1614.179,2943729.76,1823.67
2025-04,aave-v1,Aave V1,lending,,1613.2788,2892576.69,1792.98
2025-05,aave-v1,Aave V1,lending,,1593.8957,4013254.06,2517.89
2025-06,aave-v1,Aave V1,lending,,1590.8428,3971093.61,2496.22
2025-07,aave-v1,Aave V1,lending,,1589.1829,5871522.3,3694.68
2025-08,aave-v1,Aave V1,lending,,1561.0404,6869155.45,4400.37
2025-09,aave-v1,Aave V1,lending,,1539.3797,6383576.51,4146.85
2025-10,aave-v1,Aave V1,lending,,1528.764,5892921.79,3854.6968
2025-11,aave-v1,Aave V1,lending,,1531.0712,4573380.43,2987.0461
2025-12,aave-v1,Aave V1,lending,,1529.3589,4544509.7,2971.5129
2026-01,aave-v1,Aave V1,lending,,1033.0831,2551466.27,2469.7591
2026-02,aave-v1,Aave V1,lending,,1032.7157,2021298.82,1957.2655
2026-03,aave-v1,Aave V1,lending,,1023.8256,2150098.84,2100.0636
2026-04,aave-v1,Aave V1,lending,,1025.0712,2315092.11,2258.4696
2026-05,aave-v1,Aave V1,lending,,1020.0341,2049820.58,2009.5608
2026-06,aave-v1,Aave V1,lending,,1018.2489,1596401.59,1567.7911
2026-07,aave-v1,Aave V1,lending,,1016.521,1894261.8,1863.4753
2026-08,aave-v1,Aave V1,lending,,1009.2935,2493586.89,2470.6262
2026-09,aave-v1,Aave V1,lending,,1009.5035,2702667.58,2677.2247
2026-10-02,aave-v1,Aave V1,lending,,1007.5243,2689472.98,2669.3876
2024-10,aave-v2,Aave V2,lending,,77820.917,195929722.68,2517.7
2024-11,aave-v2,Aave V2,lending,,64205.894,239104675.36,3724.03
2024-12,aave-v2,Aave V2,lending,,37090.6553,123487031.41,3329.33
2025-01,aave-v2,Aave V2,lending,,38004.8354,125376051.88,3298.95
2025-02,aave-v2,Aave V2,lending,,39649.8863,88248751.83,2225.7
2025-03,aave-v2,Aave V2,lending,,33646.0388,61359271.63,1823.67
2025-04,aave-v2,Aave V2,lending,,32036.784,57441312.93,1792.98
2025-05,aave-v2,Aave V2,lending,,30965.1189,77966763.3,2517.89
2025-06,aave-v2,Aave V2,lending,,30276.959,75577950.53,2496.22
2025-07,aave-v2,Aave V2,lending,,28417.2744,104992735.2,3694.68
2025-08,aave-v2,Aave V2,lending,,28179.3665,123999638.85,4400.37
2025-09,aave-v2,Aave V2,lending,,27419.2161,113703376.3,4146.85
2025-10,aave-v2,Aave V2,lending,,18437.1481,71069615.31,3854.6968
2025-11,aave-v2,Aave V2,lending,,16278.6588,48625105.1,2987.0461
2025-12,aave-v2,Aave V2,lending,,14663.8893,43573935.66,2971.5129
2026-01,aave-v2,Aave V2,lending,,13049.3266,32228693.25,2469.7591
2026-02,aave-v2,Aave V2,lending,,11865.1723,23223292.72,1957.2655
2026-03,aave-v2,Aave V2,lending,,11455.1647,24056574.21,2100.0636
2026-04,aave-v2,Aave V2,lending,,10766.7762,24316436.78,2258.4696
2026-05,aave-v2,Aave V2,lending,,10366.9518,20833020.01,2009.5608
2026-06,aave-v2,Aave V2,lending,,9688.6335,15189753.26,1567.7911
2026-07,aave-v2,Aave V2,lending,,9648.0937,17978984.69,1863.4753
2026-08,aave-v2,Aave V2,lending,,9535.0735,23557602.32,2470.6262
2026-09,aave-v2,Aave V2,lending,,9317.6716,24945500.5,2677.2247
2026-10-02,aave-v2,Aave V2,lending,,9296.8905,24817004.18,2669.3876
2024-10,aave-v3,Aave V3,lending,,225336.2145,567328987.35,2517.7
2024-11,aave-v3,Aave V3,lending,,257573.6261,959211910.67,3724.03
2024-12,aave-v3,Aave V3,lending,,351444.6462,1170075203.93,3329.33
2025-01,aave-v3,Aave V3,lending,,313740.667,1035014773.5,3298.95
2025-02,aave-v3,Aave V3,lending,,422002.7569,939251536.08,2225.7
2025-03,aave-v3,Aave V3,lending,,333229.3489,607700366.69,1823.67
2025-04,aave-v3,Aave V3,lending,,450094.1781,807009859.53,1792.98
2025-05,aave-v3,Aave V3,lending,,457137.0996,1151020931.75,2517.89
2025-06,aave-v3,Aave V3,lending,,558154.853,1393277307.23,2496.22
2025-07,aave-v3,Aave V3,lending,,217587.7936,803917269.23,3694.68
2025-08,aave-v3,Aave V3,lending,,364587.9358,1604321815.0,4400.37
2025-09,aave-v3,Aave V3,lending,,777427.1702,3223873860.68,4146.85
2025-10,aave-v3,Aave V3,lending,,433197.8742,1669846449.15,3854.6968
2025-11,aave-v3,Aave V3,lending,,973578.8037,2908124817.11,2987.0461
2025-12,aave-v3,Aave V3,lending,,991350.0399,2945809399.55,2971.5129
2026-01,aave-v3,Aave V3,lending,,553668.1751,1367427014.62,2469.7591
2026-02,aave-v3,Aave V3,lending,,281661.0212,551285409.07,1957.2655
2026-03,aave-v3,Aave V3,lending,,480512.8699,1009107582.79,2100.0636
2026-04,aave-v3,Aave V3,lending,,38940.82,87946658.53,2258.4696
2026-05,aave-v3,Aave V3,lending,,398341.1619,800490786.97,2009.5608
2026-06,aave-v3,Aave V3,lending,,415975.5173,652162705.97,1567.7911
2026-07,aave-v3,Aave V3,lending,,398885.6539,743313577.94,1863.4753
2026-08,aave-v3,Aave V3,lending,,354435.7342,875678211.52,2470.6262
2026-09,aave-v3,Aave V3,lending,,346417.7456,927438141.97,2677.2247
2026-10-02,aave-v3,Aave V3,lending,,320221.9293,854796448.11,2669.3876
2026-03,aave-v4,Aave V4,lending,,226.1344,474896.68,2100.0636
2026-04,aave-v4,Aave V4,lending,,939.074,2120870.16,2258.4696
2026-05,aave-v4,Aave V4,lending,,3141.8145,6313667.36,2009.5608
2026-06,aave-v4,Aave V4,lending,,3112.8775,4880341.6,1567.7911
2026-07,aave-v4,Aave V4,lending,,4542.217,8464309.36,1863.4753
2026-08,aave-v4,Aave V4,lending,,4171.6208,10306515.58,2470.6262
2026-09,aave-v4,Aave V4,lending,,11379.7721,30466206.75,2677.2247
2026-10-02,aave-v4,Aave V4,lending,,12093.5443,32282357.26,2669.3876
2024-10,abracadabra-spell,Abracadabra Spell,cdp,,2678.0788,6742598.9,2517.7
2024-11,abracadabra-spell,Abracadabra Spell,cdp,,2711.7904,10098788.86,3724.03
2024-12,abracadabra-spell,Abracadabra Spell,cdp,,2721.1901,9059739.95,3329.33
2025-01,abracadabra-spell,Abracadabra Spell,cdp,,2702.0131,8913806.06,3298.95
2025-02,abracadabra-spell,Abracadabra Spell,cdp,,2794.2688,6219204.07,2225.7
2025-03,abracadabra-spell,Abracadabra Spell,cdp,,2878.9763,5250302.79,1823.67
2025-04,abracadabra-spell,Abracadabra Spell,cdp,,2862.8431,5133020.34,1792.98
2025-05,abracadabra-spell,Abracadabra Spell,cdp,,2787.4478,7018486.83,2517.89
2025-06,abracadabra-spell,Abracadabra Spell,cdp,,2783.7865,6948943.49,2496.22
2025-07,abracadabra-spell,Abracadabra Spell,cdp,,2637.2195,9743682.01,3694.68
2025-08,abracadabra-spell,Abracadabra Spell,cdp,,2336.6754,10282236.54,4400.37
2025-09,abracadabra-spell,Abracadabra Spell,cdp,,2286.0703,9479990.81,4146.85
2025-10,abracadabra-spell,Abracadabra Spell,cdp,,2320.5111,8944866.77,3854.6968
2025-11,abracadabra-spell,Abracadabra Spell,cdp,,2405.1739,7184365.47,2987.0461
2025-12,abracadabra-spell,Abracadabra Spell,cdp,,2345.581,6969923.99,2971.5129
2026-01,abracadabra-spell,Abracadabra Spell,cdp,,2333.6022,5763435.39,2469.7591
2026-02,abracadabra-spell,Abracadabra Spell,cdp,,2351.6013,4602708.2,1957.2655
2026-03,abracadabra-spell,Abracadabra Spell,cdp,,2306.115,4842988.19,2100.0636
2026-04,abracadabra-spell,Abracadabra Spell,cdp,,1281.4225,2894053.67,2258.4696
2026-05,abracadabra-spell,Abracadabra Spell,cdp,,1280.8627,2573971.43,2009.5608
2026-06,abracadabra-spell,Abracadabra Spell,cdp,,1207.4923,1893095.67,1567.7911
2026-07,abracadabra-spell,Abracadabra Spell,cdp,,759.9294,1416109.68,1863.4753
2026-08,abracadabra-spell,Abracadabra Spell,cdp,,652.5984,1612326.62,2470.6262
2026-09,abracadabra-spell,Abracadabra Spell,cdp,,653.9299,1750717.22,2677.2247
2026-10-02,abracadabra-spell,Abracadabra Spell,cdp,,654.8636,1748084.69,2669.3876
2024-10,across,Across,farming,pools,19004.7593,47848282.52,2517.7
2024-11,across,Across,farming,pools,20481.4919,76273690.43,3724.03
2024-12,across,Across,farming,pools,24987.969,83193194.8,3329.33
2025-01,across,Across,farming,pools,21196.7268,69926942.01,3298.95
2025-02,across,Across,farming,pools,17940.4129,39929977.05,2225.7
2025-03,across,Across,farming,pools,13746.8287,25069679.1,1823.67
2025-04,across,Across,farming,pools,16073.5866,28819619.35,1792.98
2025-05,across,Across,farming,pools,19045.8872,47955448.88,2517.89
2025-06,across,Across,farming,pools,11383.1709,28414898.94,2496.22
2025-07,across,Across,farming,pools,10456.2088,38632345.68,3694.68
2025-08,across,Across,farming,pools,9363.7217,41203840.17,4400.37
2025-09,across,Across,farming,pools,8448.1648,35033272.26,4146.85
2025-10,across,Across,farming,pools,6230.2737,24015816.08,3854.6968
2025-11,across,Across,farming,pools,6069.8038,18130783.95,2987.0461
2025-12,across,Across,farming,pools,5153.9141,15314922.21,2971.5129
2026-01,across,Across,farming,pools,4791.7447,11834455.03,2469.7591
2026-02,across,Across,farming,pools,5484.4725,10734568.92,1957.2655
2026-03,across,Across,farming,pools,5163.8105,10844330.35,2100.0636
2026-04,across,Across,farming,pools,2960.6714,6686586.35,2258.4696
2026-05,across,Across,farming,pools,3530.0118,7093773.35,2009.5608
2026-06,across,Across,farming,pools,2727.303,4275841.34,1567.7911
2026-07,across,Across,farming,pools,2861.717,5332739.08,1863.4753
2026-08,across,Across,farming,pools,2336.628,5772934.47,2470.6262
2026-09,across,Across,farming,pools,2347.8177,6285635.55,2677.2247
2026-10-02,across,Across,farming,pools,2343.245,6255029.28,2669.3876
2024-10,aerodrome-slipstream,Aerodrome Slipstream,farming,pools,65614.6858,165198094.33,2517.7
2024-11,aerodrome-slipstream,Aerodrome Slipstream,farming,pools,47220.9466,175852221.88,3724.03
2024-12,aerodrome-slipstream,Aerodrome Slipstream,farming,pools,41793.9474,139145842.99,3329.33
2025-01,aerodrome-slipstream,Aerodrome Slipstream,farming,pools,29329.5073,96756578.03,3298.95
2025-02,aerodrome-slipstream,Aerodrome Slipstream,farming,pools,33150.6916,73783494.37,2225.7
2025-03,aerodrome-slipstream,Aerodrome Slipstream,farming,pools,35994.6309,65642328.49,1823.67
2025-04,aerodrome-slipstream,Aerodrome Slipstream,farming,pools,35065.4066,62871572.7,1792.98
2025-05,aerodrome-slipstream,Aerodrome Slipstream,farming,pools,31643.5166,79674894.1,2517.89
2025-06,aerodrome-slipstream,Aerodrome Slipstream,farming,pools,33658.2259,84018336.66,2496.22
2025-07,aerodrome-slipstream,Aerodrome Slipstream,farming,pools,18043.7802,66665993.76,3694.68
2025-08,aerodrome-slipstream,Aerodrome Slipstream,farming,pools,18509.9926,81450815.94,4400.37
2025-09,aerodrome-slipstream,Aerodrome Slipstream,farming,pools,20600.5979,85427589.46,4146.85
2025-10,aerodrome-slipstream,Aerodrome Slipstream,farming,pools,22815.5954,87947202.1,3854.6968
2025-11,aerodrome-slipstream,Aerodrome Slipstream,farming,pools,21854.1176,65279257.88,2987.0461
2025-12,aerodrome-slipstream,Aerodrome Slipstream,farming,pools,25706.6101,76387522.81,2971.5129
2026-01,aerodrome-slipstream,Aerodrome Slipstream,farming,pools,37332.5577,92202424.21,2469.7591
2026-02,aerodrome-slipstream,Aerodrome Slipstream,farming,pools,34179.0093,66897396.91,1957.2655
2026-03,aerodrome-slipstream,Aerodrome Slipstream,farming,pools,21083.4362,44276556.72,2100.0636
2026-04,aerodrome-slipstream,Aerodrome Slipstream,farming,pools,23133.4123,52246108.76,2258.4696
2026-05,aerodrome-slipstream,Aerodrome Slipstream,farming,pools,27021.2172,54300779.06,2009.5608
2026-06,aerodrome-slipstream,Aerodrome Slipstream,farming,pools,21576.194,33826964.57,1567.7911
2026-07,aerodrome-slipstream,Aerodrome Slipstream,farming,pools,16504.474,30755680.31,1863.4753
2026-08,aerodrome-slipstream,Aerodrome Slipstream,farming,pools,16866.8621,41671711.41,2470.6262
2026-09,aerodrome-slipstream,Aerodrome Slipstream,farming,pools,19113.2984,51170594.39,2677.2247
2026-10-02,aerodrome-slipstream,Aerodrome Slipstream,farming,pools,19748.1578,52715487.58,2669.3876
2024-10,aerodrome-v1,Aerodrome V1,farming,pools,83466.5001,210143607.24,2517.7
2024-11,aerodrome-v1,Aerodrome V1,farming,pools,77374.1234,288143556.84,3724.03
2024-12,aerodrome-v1,Aerodrome V1,farming,pools,97584.9434,324892479.46,3329.33
2025-01,aerodrome-v1,Aerodrome V1,farming,pools,79544.3245,262412749.17,3298.95
2025-02,aerodrome-v1,Aerodrome V1,farming,pools,66178.0219,147292423.39,2225.7
2025-03,aerodrome-v1,Aerodrome V1,farming,pools,54945.1237,100201773.76,1823.67
2025-04,aerodrome-v1,Aerodrome V1,farming,pools,58366.475,104649922.42,1792.98
2025-05,aerodrome-v1,Aerodrome V1,farming,pools,51841.4799,130531143.78,2517.89
2025-06,aerodrome-v1,Aerodrome V1,farming,pools,54041.1528,134898606.5,2496.22
2025-07,aerodrome-v1,Aerodrome V1,farming,pools,41281.2808,152521122.4,3694.68
2025-08,aerodrome-v1,Aerodrome V1,farming,pools,38490.4932,169372411.69,4400.37
2025-09,aerodrome-v1,Aerodrome V1,farming,pools,36038.2944,149445400.99,4146.85
2025-10,aerodrome-v1,Aerodrome V1,farming,pools,31281.6726,120581362.69,3854.6968
2025-11,aerodrome-v1,Aerodrome V1,farming,pools,30133.1855,90009215.77,2987.0461
2025-12,aerodrome-v1,Aerodrome V1,farming,pools,26158.2902,77729695.82,2971.5129
2026-01,aerodrome-v1,Aerodrome V1,farming,pools,25093.0165,61973705.89,2469.7591
2026-02,aerodrome-v1,Aerodrome V1,farming,pools,29025.9394,56811470.71,1957.2655
2026-03,aerodrome-v1,Aerodrome V1,farming,pools,28007.9265,58818426.6,2100.0636
2026-04,aerodrome-v1,Aerodrome V1,farming,pools,26869.1171,60683084.45,2258.4696
2026-05,aerodrome-v1,Aerodrome V1,farming,pools,31252.2974,62803392.07,2009.5608
2026-06,aerodrome-v1,Aerodrome V1,farming,pools,31598.842,49540382.71,1567.7911
2026-07,aerodrome-v1,Aerodrome V1,farming,pools,26431.441,49254338.32,1863.4753
2026-08,aerodrome-v1,Aerodrome V1,farming,pools,22329.6522,55168223.8,2470.6262
2026-09,aerodrome-v1,Aerodrome V1,farming,pools,23683.492,63406029.49,2677.2247
2026-10-02,aerodrome-v1,Aerodrome V1,farming,pools,23663.1489,63166116.39,2669.3876
2024-10,agni-finance,Agni Finance,farming,pools,55156.592,138867751.63,2517.7
2024-11,agni-finance,Agni Finance,farming,pools,17345.7313,64596023.56,3724.03
2024-12,agni-finance,Agni Finance,farming,pools,21999.4062,73243283.15,3329.33
2025-01,agni-finance,Agni Finance,farming,pools,32407.4198,106910457.39,3298.95
2025-02,agni-finance,Agni Finance,farming,pools,15352.284,34169578.45,2225.7
2025-03,agni-finance,Agni Finance,farming,pools,8801.1883,16050463.14,1823.67
2025-04,agni-finance,Agni Finance,farming,pools,6920.4051,12408147.97,1792.98
2025-05,agni-finance,Agni Finance,farming,pools,4539.2656,11429371.48,2517.89
2025-06,agni-finance,Agni Finance,farming,pools,4627.7947,11551993.59,2496.22
2025-07,agni-finance,Agni Finance,farming,pools,3003.049,11095305.05,3694.68
2025-08,agni-finance,Agni Finance,farming,pools,2133.7165,9389142.23,4400.37
2025-09,agni-finance,Agni Finance,farming,pools,12162.3843,50435583.2,4146.85
2025-10,agni-finance,Agni Finance,farming,pools,2667.8419,10283721.45,3854.6968
2025-11,agni-finance,Agni Finance,farming,pools,3558.1892,10628475.32,2987.0461
2025-12,agni-finance,Agni Finance,farming,pools,3442.7748,10230249.63,2971.5129
2026-01,agni-finance,Agni Finance,farming,pools,4048.6242,9999126.49,2469.7591
2026-02,agni-finance,Agni Finance,farming,pools,4977.024,9741357.63,1957.2655
2026-03,agni-finance,Agni Finance,farming,pools,1609.5011,3380054.59,2100.0636
2026-04,agni-finance,Agni Finance,farming,pools,1637.9774,3699322.11,2258.4696
2026-05,agni-finance,Agni Finance,farming,pools,1282.3482,2576956.68,2009.5608
2026-06,agni-finance,Agni Finance,farming,pools,1477.133,2315835.9,1567.7911
2026-07,agni-finance,Agni Finance,farming,pools,923.2343,1720424.33,1863.4753
2026-08,agni-finance,Agni Finance,farming,pools,781.8992,1931780.58,2470.6262
2026-09,agni-finance,Agni Finance,farming,pools,744.0787,1992065.75,2677.2247
2026-10-02,agni-finance,Agni Finance,farming,pools,745.756,1990711.69,2669.3876
2026-04,alchemix-v3,Alchemix V3,farming,vaults,11911.9881,26902863.13,2258.4696
2026-05,alchemix-v3,Alchemix V3,farming,vaults,12860.6636,25844285.6,2009.5608
2026-06,alchemix-v3,Alchemix V3,farming,vaults,12933.6616,20277279.37,1567.7911
2026-07,alchemix-v3,Alchemix V3,farming,vaults,11800.6619,21990242.38,1863.4753
2026-08,alchemix-v3,Alchemix V3,farming,vaults,11830.9267,29229797.58,2470.6262
2026-09,alchemix-v3,Alchemix V3,farming,vaults,12222.2553,32721723.67,2677.2247
2026-10-02,alchemix-v3,Alchemix V3,farming,vaults,12172.5347,32493213.26,2669.3876
2024-10,alpaca-finance-2.0,Alpaca Finance 2.0,lending,,325.791,820243.94,2517.7
2024-11,alpaca-finance-2.0,Alpaca Finance 2.0,lending,,225.9912,841597.93,3724.03
2024-12,alpaca-finance-2.0,Alpaca Finance 2.0,lending,,175.9716,585867.51,3329.33
2025-01,alpaca-finance-2.0,Alpaca Finance 2.0,lending,,95.3204,314457.15,3298.95
2025-02,alpaca-finance-2.0,Alpaca Finance 2.0,lending,,168.3398,374673.88,2225.7
2025-03,alpaca-finance-2.0,Alpaca Finance 2.0,lending,,253.5388,462371.15,1823.67
2025-04,alpaca-finance-2.0,Alpaca Finance 2.0,lending,,248.9015,446275.4,1792.98
2025-05,alpaca-finance-2.0,Alpaca Finance 2.0,lending,,187.4629,472011.02,2517.89
2025-06,alpaca-finance-2.0,Alpaca Finance 2.0,lending,,173.6608,433495.49,2496.22
2025-07,alpaca-finance-2.0,Alpaca Finance 2.0,lending,,169.6173,626681.47,3694.68
2025-08,alpaca-finance-2.0,Alpaca Finance 2.0,lending,,135.4495,596027.97,4400.37
2025-09,alpaca-finance-2.0,Alpaca Finance 2.0,lending,,134.1569,556328.68,4146.85
2025-10,alpaca-finance-2.0,Alpaca Finance 2.0,lending,,133.5257,514701.02,3854.6968
2025-11,alpaca-finance-2.0,Alpaca Finance 2.0,lending,,129.0867,385587.97,2987.0461
2025-12,alpaca-finance-2.0,Alpaca Finance 2.0,lending,,134.1358,398586.13,2971.5129
2026-01,alpaca-finance-2.0,Alpaca Finance 2.0,lending,,132.8231,328040.98,2469.7591
2026-02,alpaca-finance-2.0,Alpaca Finance 2.0,lending,,134.5289,263308.87,1957.2655
2026-03,alpaca-finance-2.0,Alpaca Finance 2.0,lending,,134.0832,281583.25,2100.0636
2026-04,alpaca-finance-2.0,Alpaca Finance 2.0,lending,,134.0836,302823.8,2258.4696
2026-05,alpaca-finance-2.0,Alpaca Finance 2.0,lending,,133.662,268601.99,2009.5608
2026-06,alpaca-finance-2.0,Alpaca Finance 2.0,lending,,133.8565,209859.05,1567.7911
2026-07,alpaca-finance-2.0,Alpaca Finance 2.0,lending,,133.8602,249445.22,1863.4753
2026-08,alpaca-finance-2.0,Alpaca Finance 2.0,lending,,133.9436,330924.63,2470.6262
2026-09,alpaca-finance-2.0,Alpaca Finance 2.0,lending,,134.4003,359819.7,2677.2247
2026-10-02,alpaca-finance-2.0,Alpaca Finance 2.0,lending,,133.8722,357356.81,2669.3876
2026-07,ammalgam-vaults,Ammalgam Vaults,farming,vaults,648.2057,1207915.32,1863.4753
2026-08,ammalgam-vaults,Ammalgam Vaults,farming,vaults,611.6501,1511158.82,2470.6262
2026-09,ammalgam-vaults,Ammalgam Vaults,farming,vaults,422.8859,1132160.52,2677.2247
2026-10-02,ammalgam-vaults,Ammalgam Vaults,farming,vaults,422.182,1126967.32,2669.3876
2025-07,angstrom,Angstrom,farming,pools,114.5811,423340.4,3694.68
2025-08,angstrom,Angstrom,farming,pools,831.0609,3656975.61,4400.37
2025-09,angstrom,Angstrom,farming,pools,692.028,2869736.49,4146.85
2025-10,angstrom,Angstrom,farming,pools,702.1966,2706754.9,3854.6968
2025-11,angstrom,Angstrom,farming,pools,736.5771,2200189.85,2987.0461
2025-12,angstrom,Angstrom,farming,pools,713.4367,2119986.43,2971.5129
2026-01,angstrom,Angstrom,farming,pools,654.8809,1617398.12,2469.7591
2026-02,angstrom,Angstrom,farming,pools,2401.2333,4699851.1,1957.2655
2026-03,angstrom,Angstrom,farming,pools,1864.8634,3916331.76,2100.0636
2026-04,angstrom,Angstrom,farming,pools,1949.7884,4403537.78,2258.4696
2026-05,angstrom,Angstrom,farming,pools,3476.5586,6986355.85,2009.5608
2026-06,angstrom,Angstrom,farming,pools,1476.0762,2314179.06,1567.7911
2026-07,angstrom,Angstrom,farming,pools,1125.0619,2096525.18,1863.4753
2026-08,angstrom,Angstrom,farming,pools,889.0317,2196464.96,2470.6262
2026-09,angstrom,Angstrom,farming,pools,957.7201,2564031.94,2677.2247
2026-10-02,angstrom,Angstrom,farming,pools,1033.5339,2758902.71,2669.3876
2024-10,ankr,Ankr,staking,,14321.8574,36058140.29,2517.7
2024-11,ankr,Ankr,staking,,13896.9759,51752754.98,3724.03
2024-12,ankr,Ankr,staking,,13282.8261,44222911.57,3329.33
2025-01,ankr,Ankr,staking,,12921.5894,42627677.35,3298.95
2025-02,ankr,Ankr,staking,,12737.2841,28349373.27,2225.7
2025-03,ankr,Ankr,staking,,12327.9777,22482163.11,1823.67
2025-04,ankr,Ankr,staking,,12266.9949,21994476.56,1792.98
2025-05,ankr,Ankr,staking,,12422.4594,31278386.4,2517.89
2025-06,ankr,Ankr,staking,,10265.6338,25625280.53,2496.22
2025-07,ankr,Ankr,staking,,10049.2908,37128913.71,3694.68
2025-08,ankr,Ankr,staking,,9786.2648,43063186.26,4400.37
2025-09,ankr,Ankr,staking,,9578.9453,39722449.23,4146.85
2025-10,ankr,Ankr,staking,,9242.0678,35625368.88,3854.6968
2025-11,ankr,Ankr,staking,,8814.568,26329521.38,2987.0461
2025-12,ankr,Ankr,staking,,8916.0983,26494300.97,2971.5129
2026-01,ankr,Ankr,staking,,8744.9191,21597843.51,2469.7591
2026-02,ankr,Ankr,staking,,8653.1057,16936425.6,1957.2655
2026-03,ankr,Ankr,staking,,8586.6392,18032488.29,2100.0636
2026-04,ankr,Ankr,staking,,8619.6162,19467141.13,2258.4696
2026-05,ankr,Ankr,staking,,8493.9198,17069048.23,2009.5608
2026-06,ankr,Ankr,staking,,8350.4686,13091790.12,1567.7911
2026-07,ankr,Ankr,staking,,8359.6561,15578013.04,1863.4753
2026-08,ankr,Ankr,staking,,8231.7861,20337666.46,2470.6262
2026-09,ankr,Ankr,staking,,8225.1758,22020643.77,2677.2247
2026-10-02,ankr,Ankr,staking,,8226.3542,21959327.93,2669.3876
2024-10,aptin-finance-v2,Aptin Finance V2,lending,,1874.5355,4719518.01,2517.7
2024-11,aptin-finance-v2,Aptin Finance V2,lending,,2322.6975,8649795.24,3724.03
2024-12,aptin-finance-v2,Aptin Finance V2,lending,,2023.6067,6737254.45,3329.33
2025-01,aptin-finance-v2,Aptin Finance V2,lending,,1756.4922,5794579.98,3298.95
2025-02,aptin-finance-v2,Aptin Finance V2,lending,,1766.848,3932473.54,2225.7
2025-03,aptin-finance-v2,Aptin Finance V2,lending,,1842.7513,3360570.18,1823.67
2025-04,aptin-finance-v2,Aptin Finance V2,lending,,1920.8272,3444004.75,1792.98
2025-05,aptin-finance-v2,Aptin Finance V2,lending,,1780.8648,4484021.72,2517.89
2025-06,aptin-finance-v2,Aptin Finance V2,lending,,1740.0302,4343498.29,2496.22
2025-07,aptin-finance-v2,Aptin Finance V2,lending,,1434.4467,5299821.67,3694.68
2025-08,aptin-finance-v2,Aptin Finance V2,lending,,1429.3013,6289454.48,4400.37
2025-09,aptin-finance-v2,Aptin Finance V2,lending,,1433.5458,5944699.44,4146.85
2025-10,aptin-finance-v2,Aptin Finance V2,lending,,1400.9675,5400305.05,3854.6968
2025-11,aptin-finance-v2,Aptin Finance V2,lending,,1419.0649,4238812.2,2987.0461
2025-12,aptin-finance-v2,Aptin Finance V2,lending,,1412.5563,4197429.31,2971.5129
2026-01,aptin-finance-v2,Aptin Finance V2,lending,,1347.7291,3328566.31,2469.7591
2026-02,aptin-finance-v2,Aptin Finance V2,lending,,1468.181,2873619.99,1957.2655
2026-03,aptin-finance-v2,Aptin Finance V2,lending,,1398.2976,2936513.91,2100.0636
2024-10,arbitrove,Arbitrove,farming,vaults,176.4326,444204.4,2517.7
2024-11,arbitrove,Arbitrove,farming,vaults,176.3289,656654.08,3724.03
2024-12,arbitrove,Arbitrove,farming,vaults,176.3095,586992.56,3329.33
2025-01,arbitrove,Arbitrove,farming,vaults,176.0376,580739.3,3298.95
2025-02,arbitrove,Arbitrove,farming,vaults,177.4482,394946.52,2225.7
2025-03,arbitrove,Arbitrove,farming,vaults,176.7648,322360.68,1823.67
2025-04,arbitrove,Arbitrove,farming,vaults,176.422,316321.12,1792.98
2025-05,arbitrove,Arbitrove,farming,vaults,176.4822,444362.65,2517.89
2025-06,arbitrove,Arbitrove,farming,vaults,176.1447,439695.9,2496.22
2025-07,arbitrove,Arbitrove,farming,vaults,176.3917,651710.9,3694.68
2025-08,arbitrove,Arbitrove,farming,vaults,176.4479,776436.12,4400.37
2025-09,arbitrove,Arbitrove,farming,vaults,176.3016,731096.46,4146.85
2025-10,arbitrove,Arbitrove,farming,vaults,175.9586,678266.92,3854.6968
2025-11,arbitrove,Arbitrove,farming,vaults,173.2173,517408.19,2987.0461
2025-12,arbitrove,Arbitrove,farming,vaults,176.4695,524381.3,2971.5129
2026-01,arbitrove,Arbitrove,farming,vaults,176.3992,435663.59,2469.7591
2026-02,arbitrove,Arbitrove,farming,vaults,176.5416,345538.82,1957.2655
2026-03,arbitrove,Arbitrove,farming,vaults,176.6805,371040.29,2100.0636
2026-04,arbitrove,Arbitrove,farming,vaults,176.7382,399157.91,2258.4696
2026-05,arbitrove,Arbitrove,farming,vaults,176.2619,354209.1,2009.5608
2026-06,arbitrove,Arbitrove,farming,vaults,176.3421,276467.61,1567.7911
2026-07,arbitrove,Arbitrove,farming,vaults,176.5013,328905.86,1863.4753
2026-08,arbitrove,Arbitrove,farming,vaults,176.4624,435972.69,2470.6262
2026-09,arbitrove,Arbitrove,farming,vaults,176.8953,473588.46,2677.2247
2026-10-02,arbitrove,Arbitrove,farming,vaults,176.8708,472136.71,2669.3876
2024-10,autofarm,Autofarm,farming,vaults,489.5357,1232504.0,2517.7
2024-11,autofarm,Autofarm,farming,vaults,527.7468,1965344.91,3724.03
2024-12,autofarm,Autofarm,farming,vaults,496.2131,1652057.04,3329.33
2025-01,autofarm,Autofarm,farming,vaults,473.8585,1563235.56,3298.95
2025-02,autofarm,Autofarm,farming,vaults,477.6513,1063108.46,2225.7
2025-03,autofarm,Autofarm,farming,vaults,476.2868,868589.9,1823.67
2025-04,autofarm,Autofarm,farming,vaults,509.1384,912874.95,1792.98
2025-05,autofarm,Autofarm,farming,vaults,185.8949,468062.91,2517.89
2025-06,autofarm,Autofarm,farming,vaults,182.5301,455635.21,2496.22
2025-07,autofarm,Autofarm,farming,vaults,162.9672,602111.5,3694.68
2025-08,autofarm,Autofarm,farming,vaults,164.685,724675.09,4400.37
2025-09,autofarm,Autofarm,farming,vaults,155.8445,646263.9,4146.85
2025-10,autofarm,Autofarm,farming,vaults,156.1214,601800.67,3854.6968
2025-11,autofarm,Autofarm,farming,vaults,159.4064,476154.14,2987.0461
2025-12,autofarm,Autofarm,farming,vaults,154.5607,459279.21,2971.5129
2026-01,autofarm,Autofarm,farming,vaults,161.4554,398756.0,2469.7591
2026-02,autofarm,Autofarm,farming,vaults,170.251,333226.45,1957.2655
2026-03,autofarm,Autofarm,farming,vaults,163.2395,342813.35,2100.0636
2026-04,autofarm,Autofarm,farming,vaults,159.5553,360350.81,2258.4696
2026-05,autofarm,Autofarm,farming,vaults,170.4737,342577.18,2009.5608
2026-06,autofarm,Autofarm,farming,vaults,173.7858,272459.75,1567.7911
2026-07,autofarm,Autofarm,farming,vaults,164.683,306882.68,1863.4753
2026-08,autofarm,Autofarm,farming,vaults,155.6003,384430.11,2470.6262
2026-09,autofarm,Autofarm,farming,vaults,158.3265,423875.55,2677.2247
2026-10-02,autofarm,Autofarm,farming,vaults,158.1229,422091.3,2669.3876
2024-10,autofinance,AUTOfinance,farming,vaults,20843.2597,52477074.96,2517.7
2024-11,autofinance,AUTOfinance,farming,vaults,21623.8767,80527965.46,3724.03
2024-12,autofinance,AUTOfinance,farming,vaults,22446.7418,74732610.73,3329.33
2025-01,autofinance,AUTOfinance,farming,vaults,23846.5307,78668512.46,3298.95
2025-02,autofinance,AUTOfinance,farming,vaults,20481.1708,45584941.94,2225.7
2025-03,autofinance,AUTOfinance,farming,vaults,21431.3799,39083764.59,1823.67
2025-04,autofinance,AUTOfinance,farming,vaults,22528.3613,40392901.2,1792.98
2025-05,autofinance,AUTOfinance,farming,vaults,23172.9297,58346887.87,2517.89
2025-06,autofinance,AUTOfinance,farming,vaults,19894.0165,49659841.98,2496.22
2025-07,autofinance,AUTOfinance,farming,vaults,18254.8554,67445849.09,3694.68
2025-08,autofinance,AUTOfinance,farming,vaults,18361.0996,80795631.97,4400.37
2025-09,autofinance,AUTOfinance,farming,vaults,18714.7502,77607262.01,4146.85
2025-10,autofinance,AUTOfinance,farming,vaults,18102.0058,69777743.21,3854.6968
2025-11,autofinance,AUTOfinance,farming,vaults,13459.82,40205103.61,2987.0461
2025-12,autofinance,AUTOfinance,farming,vaults,12236.967,36362305.02,2971.5129
2026-01,autofinance,AUTOfinance,farming,vaults,11940.0053,29488936.71,2469.7591
2026-02,autofinance,AUTOfinance,farming,vaults,11620.5152,22744433.93,1957.2655
2026-03,autofinance,AUTOfinance,farming,vaults,11650.2925,24466355.04,2100.0636
2026-04,autofinance,AUTOfinance,farming,vaults,10381.0651,23445319.98,2258.4696
2026-05,autofinance,AUTOfinance,farming,vaults,10755.961,21614757.7,2009.5608
2026-06,autofinance,AUTOfinance,farming,vaults,7641.526,11980316.28,1567.7911
2026-07,autofinance,AUTOfinance,farming,vaults,10668.3138,19880139.7,1863.4753
2026-08,autofinance,AUTOfinance,farming,vaults,10624.6962,26249652.86,2470.6262
2026-09,autofinance,AUTOfinance,farming,vaults,10449.8834,27976685.95,2677.2247
2026-10-02,autofinance,AUTOfinance,farming,vaults,10449.6495,27894164.83,2669.3876
2025-10,avant-aveth,Avant avETH,farming,vaults,0.0,0.0,3854.6968
2025-11,avant-aveth,Avant avETH,farming,vaults,0.0,0.0,2987.0461
2025-12,avant-aveth,Avant avETH,farming,vaults,0.0,0.0,2971.5129
2026-01,avant-aveth,Avant avETH,farming,vaults,0.0,0.0,2469.7591
2026-02,avant-aveth,Avant avETH,farming,vaults,0.0,0.0,1957.2655
2026-03,avant-aveth,Avant avETH,farming,vaults,0.0,0.0,2100.0636
2026-04,avant-aveth,Avant avETH,farming,vaults,0.0,0.0,2258.4696
2026-05,avant-aveth,Avant avETH,farming,vaults,0.0,0.0,2009.5608
2026-06,avant-aveth,Avant avETH,farming,vaults,0.0,0.0,1567.7911
2026-07,avant-aveth,Avant avETH,farming,vaults,0.0,0.0,1863.4753
2026-08,avant-aveth,Avant avETH,farming,vaults,0.0,0.0,2470.6262
2026-09,avant-aveth,Avant avETH,farming,vaults,28.3128,75799.84,2677.2247
2026-10-02,avant-aveth,Avant avETH,farming,vaults,0.0,0.0,2669.3876
2024-10,balancer-v1,Balancer V1,farming,pools,1518.1557,3822260.68,2517.7
2024-11,balancer-v1,Balancer V1,farming,pools,1432.9412,5336316.17,3724.03
2024-12,balancer-v1,Balancer V1,farming,pools,1457.129,4851263.44,3329.33
2025-01,balancer-v1,Balancer V1,farming,pools,1450.7393,4785916.56,3298.95
2025-02,balancer-v1,Balancer V1,farming,pools,1527.6484,3400087.14,2225.7
2025-03,balancer-v1,Balancer V1,farming,pools,1551.7463,2829873.16,1823.67
2025-04,balancer-v1,Balancer V1,farming,pools,1599.0627,2867087.37,1792.98
2025-05,balancer-v1,Balancer V1,farming,pools,1476.0231,3716463.82,2517.89
2025-06,balancer-v1,Balancer V1,farming,pools,1474.2633,3680085.48,2496.22
2025-07,balancer-v1,Balancer V1,farming,pools,1302.5568,4812530.58,3694.68
2025-08,balancer-v1,Balancer V1,farming,pools,1199.7357,5279280.95,4400.37
2025-09,balancer-v1,Balancer V1,farming,pools,1198.3672,4969448.95,4146.85
2025-10,balancer-v1,Balancer V1,farming,pools,1180.3623,4549938.86,3854.6968
2025-11,balancer-v1,Balancer V1,farming,pools,1216.4365,3633551.84,2987.0461
2025-12,balancer-v1,Balancer V1,farming,pools,1183.2097,3515922.86,2971.5129
2026-01,balancer-v1,Balancer V1,farming,pools,1171.0857,2892299.58,2469.7591
2026-02,balancer-v1,Balancer V1,farming,pools,1204.4614,2357450.69,1957.2655
2026-03,balancer-v1,Balancer V1,farming,pools,1177.5177,2472862.02,2100.0636
2026-04,balancer-v1,Balancer V1,farming,pools,1168.1101,2638141.22,2258.4696
2026-05,balancer-v1,Balancer V1,farming,pools,1172.5856,2356382.11,2009.5608
2026-06,balancer-v1,Balancer V1,farming,pools,916.0732,1436211.42,1567.7911
2026-07,balancer-v1,Balancer V1,farming,pools,875.1794,1630875.28,1863.4753
2026-08,balancer-v1,Balancer V1,farming,pools,829.0809,2048348.91,2470.6262
2026-09,balancer-v1,Balancer V1,farming,pools,678.8491,1817431.6,2677.2247
2026-10-02,balancer-v1,Balancer V1,farming,pools,699.3485,1866832.31,2669.3876
2024-12,balancer-v3,Balancer V3,farming,pools,1269.7669,4227473.13,3329.33
2025-01,balancer-v3,Balancer V3,farming,pools,2448.4298,8077247.55,3298.95
2025-02,balancer-v3,Balancer V3,farming,pools,3071.1148,6835380.26,2225.7
2025-03,balancer-v3,Balancer V3,farming,pools,2771.7464,5054750.84,1823.67
2025-04,balancer-v3,Balancer V3,farming,pools,4711.4646,8447561.75,1792.98
2025-05,balancer-v3,Balancer V3,farming,pools,8941.0773,22512649.23,2517.89
2025-06,balancer-v3,Balancer V3,farming,pools,10264.6989,25622946.8,2496.22
2025-07,balancer-v3,Balancer V3,farming,pools,10064.1072,37183655.73,3694.68
2025-08,balancer-v3,Balancer V3,farming,pools,11463.9916,50445804.9,4400.37
2025-09,balancer-v3,Balancer V3,farming,pools,12690.651,52626226.22,4146.85
2025-10,balancer-v3,Balancer V3,farming,pools,10364.8876,39953498.76,3854.6968
2025-11,balancer-v3,Balancer V3,farming,pools,3338.2302,9971447.63,2987.0461
2025-12,balancer-v3,Balancer V3,farming,pools,3879.155,11526959.08,2971.5129
2026-01,balancer-v3,Balancer V3,farming,pools,7334.9481,18115554.82,2469.7591
2026-02,balancer-v3,Balancer V3,farming,pools,4230.9047,8281003.87,1957.2655
2026-03,balancer-v3,Balancer V3,farming,pools,4569.7733,9596814.55,2100.0636
2026-04,balancer-v3,Balancer V3,farming,pools,2919.6388,6593915.47,2258.4696
2026-05,balancer-v3,Balancer V3,farming,pools,3262.8795,6556954.79,2009.5608
2026-06,balancer-v3,Balancer V3,farming,pools,2700.3552,4233592.88,1567.7911
2026-07,balancer-v3,Balancer V3,farming,pools,2751.0605,5126533.31,1863.4753
2026-08,balancer-v3,Balancer V3,farming,pools,2855.3173,7054421.83,2470.6262
2026-09,balancer-v3,Balancer V3,farming,pools,2844.6984,7615896.76,2677.2247
2026-10-02,balancer-v3,Balancer V3,farming,pools,2791.1377,7450628.37,2669.3876
2024-10,bancor-v2.1,Bancor V2.1,farming,pools,1193.7984,3005626.13,2517.7
2024-11,bancor-v2.1,Bancor V2.1,farming,pools,1225.487,4563750.28,3724.03
2024-12,bancor-v2.1,Bancor V2.1,farming,pools,1177.5263,3920373.7,3329.33
2025-01,bancor-v2.1,Bancor V2.1,farming,pools,1171.415,3864439.41,3298.95
2025-02,bancor-v2.1,Bancor V2.1,farming,pools,1166.563,2596419.25,2225.7
2025-03,bancor-v2.1,Bancor V2.1,farming,pools,1224.0455,2232255.0,1823.67
2025-04,bancor-v2.1,Bancor V2.1,farming,pools,1301.5278,2333613.31,1792.98
2025-05,bancor-v2.1,Bancor V2.1,farming,pools,1287.4366,3241623.83,2517.89
2025-06,bancor-v2.1,Bancor V2.1,farming,pools,1256.3813,3136204.23,2496.22
2025-07,bancor-v2.1,Bancor V2.1,farming,pools,1108.1267,4094173.65,3694.68
2025-08,bancor-v2.1,Bancor V2.1,farming,pools,1013.2391,4458626.73,4400.37
2025-09,bancor-v2.1,Bancor V2.1,farming,pools,979.5824,4062181.41,4146.85
2025-10,bancor-v2.1,Bancor V2.1,farming,pools,947.8093,3653517.29,3854.6968
2025-11,bancor-v2.1,Bancor V2.1,farming,pools,947.2293,2829417.52,2987.0461
2025-12,bancor-v2.1,Bancor V2.1,farming,pools,905.2122,2689849.63,2971.5129
2026-01,bancor-v2.1,Bancor V2.1,farming,pools,910.2766,2248163.89,2469.7591
2026-02,bancor-v2.1,Bancor V2.1,farming,pools,936.4434,1832868.43,1957.2655
2026-03,bancor-v2.1,Bancor V2.1,farming,pools,904.8347,1900210.5,2100.0636
2026-04,bancor-v2.1,Bancor V2.1,farming,pools,904.0395,2041745.78,2258.4696
2026-05,bancor-v2.1,Bancor V2.1,farming,pools,987.2268,1983892.31,2009.5608
2026-06,bancor-v2.1,Bancor V2.1,farming,pools,960.5643,1505964.21,1567.7911
2026-07,bancor-v2.1,Bancor V2.1,farming,pools,918.0423,1710749.11,1863.4753
2026-08,bancor-v2.1,Bancor V2.1,farming,pools,876.5741,2165686.87,2470.6262
2026-09,bancor-v2.1,Bancor V2.1,farming,pools,879.6036,2354896.49,2677.2247
2026-10-02,bancor-v2.1,Bancor V2.1,farming,pools,875.0266,2335785.26,2669.3876
2024-10,bancor-v3,Bancor V3,farming,pools,3096.9828,7797273.64,2517.7
2024-11,bancor-v3,Bancor V3,farming,pools,3146.5517,11717852.95,3724.03
2024-12,bancor-v3,Bancor V3,farming,pools,3011.621,10026680.3,3329.33
2025-01,bancor-v3,Bancor V3,farming,pools,3018.2805,9957156.54,3298.95
2025-02,bancor-v3,Bancor V3,farming,pools,3007.5307,6693861.04,2225.7
2025-03,bancor-v3,Bancor V3,farming,pools,3079.1918,5615429.68,1823.67
2025-04,bancor-v3,Bancor V3,farming,pools,3226.6947,5785399.04,1792.98
2025-05,bancor-v3,Bancor V3,farming,pools,3128.4974,7877212.32,2517.89
2025-06,bancor-v3,Bancor V3,farming,pools,3046.3003,7604235.62,2496.22
2025-07,bancor-v3,Bancor V3,farming,pools,2731.7254,10092851.24,3694.68
2025-08,bancor-v3,Bancor V3,farming,pools,2505.0505,11023149.16,4400.37
2025-09,bancor-v3,Bancor V3,farming,pools,2419.4333,10033026.85,4146.85
2025-10,bancor-v3,Bancor V3,farming,pools,2344.6007,9037724.8,3854.6968
2025-11,bancor-v3,Bancor V3,farming,pools,2446.3236,7307281.5,2987.0461
2025-12,bancor-v3,Bancor V3,farming,pools,2232.1033,6632723.69,2971.5129
2026-01,bancor-v3,Bancor V3,farming,pools,2190.5603,5410156.25,2469.7591
2026-02,bancor-v3,Bancor V3,farming,pools,2240.7693,4385780.53,1957.2655
2026-03,bancor-v3,Bancor V3,farming,pools,2175.0006,4567639.61,2100.0636
2026-04,bancor-v3,Bancor V3,farming,pools,2050.8171,4631708.0,2258.4696
2026-05,bancor-v3,Bancor V3,farming,pools,2232.1182,4485577.23,2009.5608
2026-06,bancor-v3,Bancor V3,farming,pools,2179.9794,3417752.27,1567.7911
2026-07,bancor-v3,Bancor V3,farming,pools,2023.0627,3769927.53,1863.4753
2026-08,bancor-v3,Bancor V3,farming,pools,1457.092,3599929.65,2470.6262
2026-09,bancor-v3,Bancor V3,farming,pools,1454.89,3895067.4,2677.2247
2026-10-02,bancor-v3,Bancor V3,farming,pools,1447.1553,3863018.5,2669.3876
2024-10,bedrock-unieth,Bedrock uniETH,restaking,,35011.1903,88147673.81,2517.7
2024-11,bedrock-unieth,Bedrock uniETH,restaking,,34616.4504,128912699.6,3724.03
2024-12,bedrock-unieth,Bedrock uniETH,restaking,,28031.836,93327232.44,3329.33
2025-01,bedrock-unieth,Bedrock uniETH,restaking,,26692.8777,88058468.83,3298.95
2025-02,bedrock-unieth,Bedrock uniETH,restaking,,22093.7377,49174031.99,2225.7
2025-03,bedrock-unieth,Bedrock uniETH,restaking,,14712.4103,26830581.28,1823.67
2025-04,bedrock-unieth,Bedrock uniETH,restaking,,12845.4701,23031670.98,1792.98
2025-05,bedrock-unieth,Bedrock uniETH,restaking,,11498.3836,28951665.0,2517.89
2025-06,bedrock-unieth,Bedrock uniETH,restaking,,11618.9632,29003488.3,2496.22
2025-07,bedrock-unieth,Bedrock uniETH,restaking,,11200.7477,41383178.4,3694.68
2025-08,bedrock-unieth,Bedrock uniETH,restaking,,10797.5883,47513383.62,4400.37
2025-09,bedrock-unieth,Bedrock uniETH,restaking,,10551.9957,43757543.28,4146.85
2025-10,bedrock-unieth,Bedrock uniETH,restaking,,10281.9034,39633619.81,3854.6968
2025-11,bedrock-unieth,Bedrock uniETH,restaking,,10016.0376,29918366.55,2987.0461
2025-12,bedrock-unieth,Bedrock uniETH,restaking,,10004.7273,29729175.82,2971.5129
2026-01,bedrock-unieth,Bedrock uniETH,restaking,,10037.5174,24790249.91,2469.7591
2026-02,bedrock-unieth,Bedrock uniETH,restaking,,10082.7408,19734601.07,1957.2655
2026-03,bedrock-unieth,Bedrock uniETH,restaking,,10320.567,21673847.02,2100.0636
2026-04,bedrock-unieth,Bedrock uniETH,restaking,,9978.9954,22537257.85,2258.4696
2026-05,bedrock-unieth,Bedrock uniETH,restaking,,10002.7831,20101200.8,2009.5608
2026-06,bedrock-unieth,Bedrock uniETH,restaking,,10027.9906,15721794.19,1567.7911
2026-07,bedrock-unieth,Bedrock uniETH,restaking,,10080.5758,18784904.43,1863.4753
2026-08,bedrock-unieth,Bedrock uniETH,restaking,,10104.6543,24964823.62,2470.6262
2026-09,bedrock-unieth,Bedrock uniETH,restaking,,10112.3798,27073112.79,2677.2247
2026-10-02,bedrock-unieth,Bedrock uniETH,restaking,,10141.5579,27071749.05,2669.3876
2024-10,beefy,Beefy,farming,vaults,0.0,0.0,2517.7
2024-11,beefy,Beefy,farming,vaults,0.0,0.0,3724.03
2024-12,beefy,Beefy,farming,vaults,0.0,0.0,3329.33
2025-01,beefy,Beefy,farming,vaults,0.0,0.0,3298.95
2025-02,beefy,Beefy,farming,vaults,0.0,0.0,2225.7
2025-03,beefy,Beefy,farming,vaults,0.0,0.0,1823.67
2025-04,beefy,Beefy,farming,vaults,0.0,0.0,1792.98
2025-05,beefy,Beefy,farming,vaults,0.0,0.0,2517.89
2025-06,beefy,Beefy,farming,vaults,0.0,0.0,2496.22
2025-07,beefy,Beefy,farming,vaults,0.0,0.0,3694.68
2025-08,beefy,Beefy,farming,vaults,0.0,0.0,4400.37
2025-09,beefy,Beefy,farming,vaults,0.0,0.0,4146.85
2025-10,beefy,Beefy,farming,vaults,0.0,0.0,3854.6968
2025-11,beefy,Beefy,farming,vaults,0.0,0.0,2987.0461
2025-12,beefy,Beefy,farming,vaults,8756.4112,26019788.45,2971.5129
2026-01,beefy,Beefy,farming,vaults,7893.3407,19494650.1,2469.7591
2026-02,beefy,Beefy,farming,vaults,7091.6679,13880277.06,1957.2655
2026-03,beefy,Beefy,farming,vaults,6778.8216,14235956.48,2100.0636
2026-04,beefy,Beefy,farming,vaults,6235.4519,14082578.53,2258.4696
2026-05,beefy,Beefy,farming,vaults,6981.6123,14029974.51,2009.5608
2026-06,beefy,Beefy,farming,vaults,7112.5372,11150972.45,1567.7911
2026-07,beefy,Beefy,farming,vaults,5724.3694,10667221.2,1863.4753
2026-08,beefy,Beefy,farming,vaults,4479.6508,11067542.71,2470.6262
2026-09,beefy,Beefy,farming,vaults,4653.2183,12457710.97,2677.2247
2026-10-02,beefy,Beefy,farming,vaults,4676.5551,12483538.07,2669.3876
2024-10,belt-finance,Belt Finance,farming,vaults,308.1465,775820.46,2517.7
2024-12,belt-finance,Belt Finance,farming,vaults,547.7129,1823517.15,3329.33
2025-01,belt-finance,Belt Finance,farming,vaults,545.4471,1799402.71,3298.95
2025-02,belt-finance,Belt Finance,farming,vaults,548.8412,1221555.78,2225.7
2025-03,belt-finance,Belt Finance,farming,vaults,546.6636,996933.93,1823.67
2025-04,belt-finance,Belt Finance,farming,vaults,546.7242,980265.56,1792.98
2025-05,belt-finance,Belt Finance,farming,vaults,548.0536,1379938.6,2517.89
2025-06,belt-finance,Belt Finance,farming,vaults,545.7272,1362255.06,2496.22
2025-07,belt-finance,Belt Finance,farming,vaults,543.1131,2006628.92,3694.68
2025-08,belt-finance,Belt Finance,farming,vaults,544.6191,2396525.62,4400.37
2025-09,belt-finance,Belt Finance,farming,vaults,547.0398,2268492.03,4146.85
2025-10,belt-finance,Belt Finance,farming,vaults,544.5223,2098968.48,3854.6968
2025-11,belt-finance,Belt Finance,farming,vaults,526.4221,1572446.97,2987.0461
2025-12,belt-finance,Belt Finance,farming,vaults,546.5668,1624130.22,2971.5129
2026-01,belt-finance,Belt Finance,farming,vaults,541.481,1337327.7,2469.7591
2026-02,belt-finance,Belt Finance,farming,vaults,548.4386,1073440.04,1957.2655
2026-03,belt-finance,Belt Finance,farming,vaults,546.625,1147947.21,2100.0636
2026-04,belt-finance,Belt Finance,farming,vaults,546.6302,1234547.58,2258.4696
2026-05,belt-finance,Belt Finance,farming,vaults,548.1335,1101507.56,2009.5608
2026-06,belt-finance,Belt Finance,farming,vaults,546.7854,857245.28,1567.7911
2026-07,belt-finance,Belt Finance,farming,vaults,546.8041,1018955.88,1863.4753
2026-08,belt-finance,Belt Finance,farming,vaults,547.1483,1351799.01,2470.6262
2026-09,belt-finance,Belt Finance,farming,vaults,547.1631,1464878.43,2677.2247
2026-10-02,belt-finance,Belt Finance,farming,vaults,546.754,1459498.28,2669.3876
2025-10,bend,BEND,lending,,10.1216,39015.68,3854.6968
2025-11,bend,BEND,lending,,276.232,825117.69,2987.0461
2025-12,bend,BEND,lending,,298.8481,888030.88,2971.5129
2026-01,bend,BEND,lending,,303.8121,750342.82,2469.7591
2026-02,bend,BEND,lending,,263.4741,515688.69,1957.2655
2026-03,bend,BEND,lending,,69.4994,145953.16,2100.0636
2026-04,bend,BEND,lending,,52.2018,117896.14,2258.4696
2026-05,bend,BEND,lending,,51.7539,104002.53,2009.5608
2026-06,bend,BEND,lending,,6.6652,10449.62,1567.7911
2026-07,bend,BEND,lending,,37.6655,70188.74,1863.4753
2026-08,bend,BEND,lending,,1212.6322,2995960.77,2470.6262
2026-09,bend,BEND,lending,,1350.2829,3615010.63,2677.2247
2026-10-02,bend,BEND,lending,,1344.7511,3589661.89,2669.3876
2024-10,benqi-lending,Benqi Lending,lending,,1016.8435,2560106.93,2517.7
2024-11,benqi-lending,Benqi Lending,lending,,1680.3839,6257800.14,3724.03
2024-12,benqi-lending,Benqi Lending,lending,,1514.512,5042310.1,3329.33
2025-01,benqi-lending,Benqi Lending,lending,,990.0414,3266097.22,3298.95
2025-02,benqi-lending,Benqi Lending,lending,,1534.8812,3416185.17,2225.7
2025-03,benqi-lending,Benqi Lending,lending,,1332.5702,2430168.39,1823.67
2025-04,benqi-lending,Benqi Lending,lending,,1572.2363,2818988.24,1792.98
2025-05,benqi-lending,Benqi Lending,lending,,1160.9837,2923229.13,2517.89
2025-06,benqi-lending,Benqi Lending,lending,,797.6476,1991103.85,2496.22
2025-07,benqi-lending,Benqi Lending,lending,,1310.8825,4843291.22,3694.68
2025-08,benqi-lending,Benqi Lending,lending,,2035.629,8957520.91,4400.37
2025-09,benqi-lending,Benqi Lending,lending,,1759.841,7297796.73,4146.85
2025-10,benqi-lending,Benqi Lending,lending,,2087.7575,8047672.06,3854.6968
2025-11,benqi-lending,Benqi Lending,lending,,958.5066,2863103.31,2987.0461
2025-12,benqi-lending,Benqi Lending,lending,,796.8126,2367738.8,2971.5129
2026-01,benqi-lending,Benqi Lending,lending,,395.9809,977977.33,2469.7591
2026-02,benqi-lending,Benqi Lending,lending,,672.2163,1315705.71,1957.2655
2026-03,benqi-lending,Benqi Lending,lending,,707.0127,1484771.56,2100.0636
2026-04,benqi-lending,Benqi Lending,lending,,619.9932,1400235.91,2258.4696
2026-05,benqi-lending,Benqi Lending,lending,,1012.4905,2034661.28,2009.5608
2026-06,benqi-lending,Benqi Lending,lending,,1043.6131,1636167.25,1567.7911
2026-07,benqi-lending,Benqi Lending,lending,,1141.035,2126290.65,1863.4753
2026-08,benqi-lending,Benqi Lending,lending,,446.3241,1102700.04,2470.6262
2026-09,benqi-lending,Benqi Lending,lending,,548.9955,1469784.18,2677.2247
2026-10-02,benqi-lending,Benqi Lending,lending,,594.9084,1588041.16,2669.3876
2024-10,bifi,BiFi,lending,,195.8755,493155.71,2517.7
2024-11,bifi,BiFi,lending,,255.6601,952086.02,3724.03
2024-12,bifi,BiFi,lending,,254.75,848146.97,3329.33
2025-01,bifi,BiFi,lending,,254.2381,838718.88,3298.95
2025-02,bifi,BiFi,lending,,240.287,534806.86,2225.7
2025-03,bifi,BiFi,lending,,232.3167,423669.03,1823.67
2025-04,bifi,BiFi,lending,,208.9025,374558.09,1792.98
2025-05,bifi,BiFi,lending,,195.7605,492903.44,2517.89
2025-06,bifi,BiFi,lending,,140.0348,349557.58,2496.22
2025-07,bifi,BiFi,lending,,144.498,533873.84,3694.68
2025-08,bifi,BiFi,lending,,241.5193,1062774.18,4400.37
2025-09,bifi,BiFi,lending,,223.1317,925293.59,4146.85
2025-10,bifi,BiFi,lending,,222.5621,857909.58,3854.6968
2025-11,bifi,BiFi,lending,,5.5056,16445.36,2987.0461
2025-12,bifi,BiFi,lending,,220.8198,656168.87,2971.5129
2026-01,bifi,BiFi,lending,,218.1854,538865.26,2469.7591
2026-02,bifi,BiFi,lending,,197.8375,387220.55,1957.2655
2026-03,bifi,BiFi,lending,,190.3328,399711.01,2100.0636
2026-04,bifi,BiFi,lending,,186.2005,420528.12,2258.4696
2026-05,bifi,BiFi,lending,,3.9888,8015.77,2009.5608
2026-06,bifi,BiFi,lending,,191.9157,300883.7,1567.7911
2026-07,bifi,BiFi,lending,,185.8429,346313.69,1863.4753
2026-08,bifi,BiFi,lending,,3.9962,9873.09,2470.6262
2026-09,bifi,BiFi,lending,,3.9667,10619.87,2677.2247
2026-10-02,bifi,BiFi,lending,,192.2825,513276.46,2669.3876
2024-10,bifrost-liquid-staking,Bifrost Liquid Staking,staking,,1082.2577,2724800.25,2517.7
2024-11,bifrost-liquid-staking,Bifrost Liquid Staking,staking,,1047.038,3899201.06,3724.03
2024-12,bifrost-liquid-staking,Bifrost Liquid Staking,staking,,953.3115,3173888.61,3329.33
2025-01,bifrost-liquid-staking,Bifrost Liquid Staking,staking,,890.5546,2937895.25,3298.95
2025-02,bifrost-liquid-staking,Bifrost Liquid Staking,staking,,858.0169,1909688.14,2225.7
2025-03,bifrost-liquid-staking,Bifrost Liquid Staking,staking,,849.3548,1548942.88,1823.67
2025-04,bifrost-liquid-staking,Bifrost Liquid Staking,staking,,883.1709,1583507.75,1792.98
2025-05,bifrost-liquid-staking,Bifrost Liquid Staking,staking,,883.4245,2224365.62,2517.89
2025-06,bifrost-liquid-staking,Bifrost Liquid Staking,staking,,881.4856,2200381.9,2496.22
2025-07,bifrost-liquid-staking,Bifrost Liquid Staking,staking,,845.953,3125525.55,3694.68
2025-08,bifrost-liquid-staking,Bifrost Liquid Staking,staking,,806.7247,3549886.96,4400.37
2025-09,bifrost-liquid-staking,Bifrost Liquid Staking,staking,,823.0444,3413041.5,4146.85
2026-02,bifrost-liquid-staking,Bifrost Liquid Staking,staking,,740.4901,1449335.68,1957.2655
2026-03,bifrost-liquid-staking,Bifrost Liquid Staking,staking,,757.5043,1590807.2,2100.0636
2026-04,bifrost-liquid-staking,Bifrost Liquid Staking,staking,,608.4409,1374145.22,2258.4696
2026-05,bifrost-liquid-staking,Bifrost Liquid Staking,staking,,607.7402,1221290.84,2009.5608
2026-06,bifrost-liquid-staking,Bifrost Liquid Staking,staking,,609.2427,955165.29,1567.7911
2026-07,bifrost-liquid-staking,Bifrost Liquid Staking,staking,,609.5279,1135840.2,1863.4753
2026-08,bifrost-liquid-staking,Bifrost Liquid Staking,staking,,609.1683,1505027.14,2470.6262
2026-09,bifrost-liquid-staking,Bifrost Liquid Staking,staking,,611.5273,1637196.11,2677.2247
2026-10-02,bifrost-liquid-staking,Bifrost Liquid Staking,staking,,609.1029,1625931.6,2669.3876
2024-10,binance-staked-eth,Binance staked ETH,staking,,1550168.0796,3902858173.95,2517.7
2024-11,binance-staked-eth,Binance staked ETH,staking,,1708486.8413,6362456251.69,3724.03
2024-12,binance-staked-eth,Binance staked ETH,staking,,1809350.2016,6023923906.83,3329.33
2025-01,binance-staked-eth,Binance staked ETH,staking,,2011258.1898,6635040205.18,3298.95
2025-02,binance-staked-eth,Binance staked ETH,staking,,2019214.1444,4494164921.28,2225.7
2025-03,binance-staked-eth,Binance staked ETH,staking,,2058075.1283,3753249869.28,1823.67
2025-04,binance-staked-eth,Binance staked ETH,staking,,2208954.4676,3960611181.38,1792.98
2025-05,binance-staked-eth,Binance staked ETH,staking,,2406595.8976,6059543744.5,2517.89
2025-06,binance-staked-eth,Binance staked ETH,staking,,2753147.2763,6872461294.01,2496.22
2025-07,binance-staked-eth,Binance staked ETH,staking,,2951241.0712,10903891361.07,3694.68
2025-08,binance-staked-eth,Binance staked ETH,staking,,3291853.1223,14485371723.7,4400.37
2025-09,binance-staked-eth,Binance staked ETH,staking,,3519330.777,14594136832.56,4146.85
2025-10,binance-staked-eth,Binance staked ETH,staking,,3515567.609,13551447129.69,3854.6968
2025-11,binance-staked-eth,Binance staked ETH,staking,,3537367.5393,10566280088.51,2987.0461
2025-12,binance-staked-eth,Binance staked ETH,staking,,3552771.5602,10557106406.01,2971.5129
2026-01,binance-staked-eth,Binance staked ETH,staking,,3627879.629,8959988731.79,2469.7591
2026-02,binance-staked-eth,Binance staked ETH,staking,,3671472.6028,7186046783.66,1957.2655
2026-03,binance-staked-eth,Binance staked ETH,staking,,3680240.6857,7728739468.3,2100.0636
2026-04,binance-staked-eth,Binance staked ETH,staking,,3695040.0722,8345135711.3,2258.4696
2026-05,binance-staked-eth,Binance staked ETH,staking,,3697624.6516,7430601580.92,2009.5608
2026-06,binance-staked-eth,Binance staked ETH,staking,,3682799.5352,5773860264.64,1567.7911
2026-07,binance-staked-eth,Binance staked ETH,staking,,3713687.8112,6920365641.58,1863.4753
2026-08,binance-staked-eth,Binance staked ETH,staking,,3721197.2416,9193687405.24,2470.6262
2026-09,binance-staked-eth,Binance staked ETH,staking,,3736810.9579,10004282561.3,2677.2247
2026-10-02,binance-staked-eth,Binance staked ETH,staking,,3741640.0886,9987887664.29,2669.3876
2024-10,biswap-v2,Biswap V2,farming,pools,759.8362,1913039.57,2517.7
2024-11,biswap-v2,Biswap V2,farming,pools,190.1411,708091.32,3724.03
2024-12,biswap-v2,Biswap V2,farming,pools,188.8477,628736.17,3329.33
2025-01,biswap-v2,Biswap V2,farming,pools,187.8775,619798.61,3298.95
2025-02,biswap-v2,Biswap V2,farming,pools,213.2832,474704.33,2225.7
2025-03,biswap-v2,Biswap V2,farming,pools,220.7262,402531.7,1823.67
2025-04,biswap-v2,Biswap V2,farming,pools,225.6359,404560.58,1792.98
2025-05,biswap-v2,Biswap V2,farming,pools,180.6073,454749.28,2517.89
2025-06,biswap-v2,Biswap V2,farming,pools,181.224,452374.88,2496.22
2025-07,biswap-v2,Biswap V2,farming,pools,155.1287,573151.02,3694.68
2025-08,biswap-v2,Biswap V2,farming,pools,142.594,627466.37,4400.37
2025-09,biswap-v2,Biswap V2,farming,pools,152.827,633750.52,4146.85
2025-10,biswap-v2,Biswap V2,farming,pools,156.2317,602225.82,3854.6968
2025-11,biswap-v2,Biswap V2,farming,pools,161.3283,481895.18,2987.0461
2025-12,biswap-v2,Biswap V2,farming,pools,154.5008,459101.04,2971.5129
2026-01,biswap-v2,Biswap V2,farming,pools,158.8095,392221.3,2469.7591
2026-02,biswap-v2,Biswap V2,farming,pools,162.118,317307.88,1957.2655
2026-03,biswap-v2,Biswap V2,farming,pools,157.2979,330335.52,2100.0636
2026-04,biswap-v2,Biswap V2,farming,pools,154.6571,349288.4,2258.4696
2026-05,biswap-v2,Biswap V2,farming,pools,167.297,336193.58,2009.5608
2026-06,biswap-v2,Biswap V2,farming,pools,170.386,267129.58,1567.7911
2026-07,biswap-v2,Biswap V2,farming,pools,161.104,300213.41,1863.4753
2026-08,biswap-v2,Biswap V2,farming,pools,150.917,372859.6,2470.6262
2026-09,biswap-v2,Biswap V2,farming,pools,149.8722,401241.53,2677.2247
2026-10-02,biswap-v2,Biswap V2,farming,pools,150.3746,401407.98,2669.3876
2024-10,blackwing,Blackwing,farming,points,5169.1606,13014395.54,2517.7
2024-11,blackwing,Blackwing,farming,points,4405.413,16405890.2,3724.03
2024-12,blackwing,Blackwing,farming,points,3820.0444,12718188.46,3329.33
2025-01,blackwing,Blackwing,farming,points,3529.7578,11644494.58,3298.95
2025-02,blackwing,Blackwing,farming,points,3060.9109,6812669.35,2225.7
2025-03,blackwing,Blackwing,farming,points,2820.2226,5143155.4,1823.67
2025-04,blackwing,Blackwing,farming,points,2321.2609,4161974.41,1792.98
2025-05,blackwing,Blackwing,farming,points,2022.3741,5092115.43,2517.89
2025-06,blackwing,Blackwing,farming,points,1840.1541,4593429.42,2496.22
2025-07,blackwing,Blackwing,farming,points,1492.1854,5513147.62,3694.68
2025-08,blackwing,Blackwing,farming,points,1280.882,5636354.57,4400.37
2025-09,blackwing,Blackwing,farming,points,1133.397,4700027.49,4146.85
2025-10,blackwing,Blackwing,farming,points,573.9522,2212411.63,3854.6968
2025-11,blackwing,Blackwing,farming,points,439.5219,1312872.23,2987.0461
2025-12,blackwing,Blackwing,farming,points,413.5954,1229004.09,2971.5129
2026-01,blackwing,Blackwing,farming,points,370.7294,915612.28,2469.7591
2026-02,blackwing,Blackwing,farming,points,353.0894,691089.75,1957.2655
2026-03,blackwing,Blackwing,farming,points,313.5483,658471.34,2100.0636
2026-04,blackwing,Blackwing,farming,points,285.6463,645123.56,2258.4696
2026-05,blackwing,Blackwing,farming,points,261.7802,526063.29,2009.5608
2026-06,blackwing,Blackwing,farming,points,252.5548,395953.17,1567.7911
2026-07,blackwing,Blackwing,farming,points,240.8399,448799.21,1863.4753
2026-08,blackwing,Blackwing,farming,points,226.9506,560710.03,2470.6262
2026-09,blackwing,Blackwing,farming,points,217.7028,582839.24,2677.2247
2026-10-02,blackwing,Blackwing,farming,points,217.0778,579464.87,2669.3876
2024-10,blast-pre-launch-farm,Blast pre-launch Farm,farming,points,1261.1363,3175162.87,2517.7
2024-11,blast-pre-launch-farm,Blast pre-launch Farm,farming,points,1166.4722,4343977.58,3724.03
2024-12,blast-pre-launch-farm,Blast pre-launch Farm,farming,points,1095.4257,3647033.48,3329.33
2025-01,blast-pre-launch-farm,Blast pre-launch Farm,farming,points,1071.6916,3535456.99,3298.95
2025-02,blast-pre-launch-farm,Blast pre-launch Farm,farming,points,1067.7145,2376412.23,2225.7
2025-03,blast-pre-launch-farm,Blast pre-launch Farm,farming,points,1062.3048,1937293.46,1823.67
2025-04,blast-pre-launch-farm,Blast pre-launch Farm,farming,points,1059.4933,1899650.28,1792.98
2025-05,blast-pre-launch-farm,Blast pre-launch Farm,farming,points,1052.7587,2650730.59,2517.89
2025-06,blast-pre-launch-farm,Blast pre-launch Farm,farming,points,1040.4071,2597084.91,2496.22
2025-07,blast-pre-launch-farm,Blast pre-launch Farm,farming,points,1030.7794,3808399.9,3694.68
2025-08,blast-pre-launch-farm,Blast pre-launch Farm,farming,points,1014.6947,4465031.9,4400.37
2025-09,blast-pre-launch-farm,Blast pre-launch Farm,farming,points,994.7266,4124981.84,4146.85
2025-10,blast-pre-launch-farm,Blast pre-launch Farm,farming,points,985.4709,3798691.58,3854.6968
2025-11,blast-pre-launch-farm,Blast pre-launch Farm,farming,points,963.8242,2878987.29,2987.0461
2025-12,blast-pre-launch-farm,Blast pre-launch Farm,farming,points,948.6073,2818798.75,2971.5129
2026-01,blast-pre-launch-farm,Blast pre-launch Farm,farming,points,918.9553,2269598.14,2469.7591
2026-02,blast-pre-launch-farm,Blast pre-launch Farm,farming,points,875.5766,1713735.9,1957.2655
2026-03,blast-pre-launch-farm,Blast pre-launch Farm,farming,points,874.5808,1836675.39,2100.0636
2026-04,blast-pre-launch-farm,Blast pre-launch Farm,farming,points,859.8518,1941949.09,2258.4696
2026-05,blast-pre-launch-farm,Blast pre-launch Farm,farming,points,852.7922,1713737.84,2009.5608
2026-06,blast-pre-launch-farm,Blast pre-launch Farm,farming,points,847.4633,1328645.4,1567.7911
2026-07,blast-pre-launch-farm,Blast pre-launch Farm,farming,points,847.3796,1579070.96,1863.4753
2026-08,blast-pre-launch-farm,Blast pre-launch Farm,farming,points,844.6628,2086846.04,2470.6262
2026-09,blast-pre-launch-farm,Blast pre-launch Farm,farming,points,842.461,2255457.37,2677.2247
2026-10-02,blast-pre-launch-farm,Blast pre-launch Farm,farming,points,841.8089,2247114.37,2669.3876
2024-10,bulbaswap-v3,BulbaSwap V3,farming,pools,1.4666,3692.51,2517.7
2024-11,bulbaswap-v3,BulbaSwap V3,farming,pools,102.6867,382408.26,3724.03
2024-12,bulbaswap-v3,BulbaSwap V3,farming,pools,220.3687,733680.13,3329.33
2025-01,bulbaswap-v3,BulbaSwap V3,farming,pools,32.9908,108835.13,3298.95
2025-02,bulbaswap-v3,BulbaSwap V3,farming,pools,96.9307,215738.77,2225.7
2025-03,bulbaswap-v3,BulbaSwap V3,farming,pools,246.5195,449570.25,1823.67
2025-04,bulbaswap-v3,BulbaSwap V3,farming,pools,162.5634,291473.01,1792.98
2025-05,bulbaswap-v3,BulbaSwap V3,farming,pools,194.7554,490372.65,2517.89
2025-06,bulbaswap-v3,BulbaSwap V3,farming,pools,178.2659,444990.9,2496.22
2025-07,bulbaswap-v3,BulbaSwap V3,farming,pools,43.2964,159966.34,3694.68
2025-08,bulbaswap-v3,BulbaSwap V3,farming,pools,43.7022,192305.93,4400.37
2025-09,bulbaswap-v3,BulbaSwap V3,farming,pools,155.4476,644617.84,4146.85
2025-10,bulbaswap-v3,BulbaSwap V3,farming,pools,636.7355,2454422.39,3854.6968
2025-11,bulbaswap-v3,BulbaSwap V3,farming,pools,708.8662,2117416.17,2987.0461
2025-12,bulbaswap-v3,BulbaSwap V3,farming,pools,686.0869,2038715.95,2971.5129
2026-02,bulbaswap-v3,BulbaSwap V3,farming,pools,1100.5492,2154067.06,1957.2655
2026-03,bulbaswap-v3,BulbaSwap V3,farming,pools,1271.3475,2669910.51,2100.0636
2026-04,bulbaswap-v3,BulbaSwap V3,farming,pools,1237.6312,2795152.35,2258.4696
2026-05,bulbaswap-v3,BulbaSwap V3,farming,pools,1309.5968,2631714.31,2009.5608
2026-06,bulbaswap-v3,BulbaSwap V3,farming,pools,1458.5846,2286755.86,1567.7911
2026-07,bulbaswap-v3,BulbaSwap V3,farming,pools,1338.0894,2493496.56,1863.4753
2026-08,bulbaswap-v3,BulbaSwap V3,farming,pools,1191.3879,2943474.2,2470.6262
2026-09,bulbaswap-v3,BulbaSwap V3,farming,pools,1147.3516,3071718.11,2677.2247
2026-10-02,bulbaswap-v3,BulbaSwap V3,farming,pools,1145.683,3058272.02,2669.3876
2024-10,camelot-v2,Camelot V2,farming,pools,6226.3112,15675983.62,2517.7
2024-11,camelot-v2,Camelot V2,farming,pools,5624.6735,20946452.87,3724.03
2024-12,camelot-v2,Camelot V2,farming,pools,5198.0514,17306028.51,3329.33
2025-01,camelot-v2,Camelot V2,farming,pools,5167.4939,17047303.99,3298.95
2025-02,camelot-v2,Camelot V2,farming,pools,5060.457,11263059.17,2225.7
2025-03,camelot-v2,Camelot V2,farming,pools,4936.0844,9001789.02,1823.67
2025-04,camelot-v2,Camelot V2,farming,pools,5249.0354,9411415.41,1792.98
2025-05,camelot-v2,Camelot V2,farming,pools,4646.0162,11698157.7,2517.89
2025-06,camelot-v2,Camelot V2,farming,pools,4467.4688,11151784.98,2496.22
2025-07,camelot-v2,Camelot V2,farming,pools,3931.5185,14525702.65,3694.68
2025-08,camelot-v2,Camelot V2,farming,pools,3548.316,15613903.43,4400.37
2025-09,camelot-v2,Camelot V2,farming,pools,3383.0844,14029143.49,4146.85
2025-10,camelot-v2,Camelot V2,farming,pools,2960.4232,11411533.88,3854.6968
2025-11,camelot-v2,Camelot V2,farming,pools,2941.9982,8787884.25,2987.0461
2025-12,camelot-v2,Camelot V2,farming,pools,2742.6462,8149808.36,2971.5129
2026-01,camelot-v2,Camelot V2,farming,pools,2636.8634,6512417.32,2469.7591
2026-03,camelot-v2,Camelot V2,farming,pools,2463.7932,5174122.47,2100.0636
2026-04,camelot-v2,Camelot V2,farming,pools,2501.0817,5648617.0,2258.4696
2026-05,camelot-v2,Camelot V2,farming,pools,2569.7659,5164100.75,2009.5608
2026-06,camelot-v2,Camelot V2,farming,pools,2619.1431,4106269.25,1567.7911
2026-07,camelot-v2,Camelot V2,farming,pools,2594.3945,4834590.12,1863.4753
2026-08,camelot-v2,Camelot V2,farming,pools,2463.9496,6087498.34,2470.6262
2026-09,camelot-v2,Camelot V2,farming,pools,2481.7445,6644187.6,2677.2247
2026-10-02,camelot-v2,Camelot V2,farming,pools,2459.177,6564496.72,2669.3876
2024-10,camelot-v3,Camelot V3,farming,pools,8733.236,21987668.39,2517.7
2024-11,camelot-v3,Camelot V3,farming,pools,6775.4606,25232018.61,3724.03
2024-12,camelot-v3,Camelot V3,farming,pools,6404.7125,21323401.46,3329.33
2025-01,camelot-v3,Camelot V3,farming,pools,6452.7233,21287211.39,3298.95
2025-02,camelot-v3,Camelot V3,farming,pools,6750.5778,15024761.11,2225.7
2025-03,camelot-v3,Camelot V3,farming,pools,6875.9303,12539427.84,1823.67
2025-04,camelot-v3,Camelot V3,farming,pools,6016.324,10787148.6,1792.98
2025-05,camelot-v3,Camelot V3,farming,pools,4670.3565,11759443.99,2517.89
2025-06,camelot-v3,Camelot V3,farming,pools,3691.904,9215804.65,2496.22
2025-07,camelot-v3,Camelot V3,farming,pools,2645.8234,9775470.75,3694.68
2025-08,camelot-v3,Camelot V3,farming,pools,2869.1066,12625130.45,4400.37
2025-09,camelot-v3,Camelot V3,farming,pools,3224.3328,13370824.54,4146.85
2025-10,camelot-v3,Camelot V3,farming,pools,3410.7166,13147278.26,3854.6968
2025-11,camelot-v3,Camelot V3,farming,pools,3191.9273,9534434.19,2987.0461
2025-12,camelot-v3,Camelot V3,farming,pools,3147.7278,9353513.71,2971.5129
2026-03,camelot-v3,Camelot V3,farming,pools,1838.5734,3861121.1,2100.0636
2026-04,camelot-v3,Camelot V3,farming,pools,1260.8337,2847554.7,2258.4696
2026-05,camelot-v3,Camelot V3,farming,pools,1284.442,2581164.37,2009.5608
2026-06,camelot-v3,Camelot V3,farming,pools,1191.5936,1868169.75,1567.7911
2026-07,camelot-v3,Camelot V3,farming,pools,1098.5449,2047111.4,1863.4753
2026-08,camelot-v3,Camelot V3,farming,pools,947.8912,2341884.75,2470.6262
2026-09,camelot-v3,Camelot V3,farming,pools,764.9229,2047870.35,2677.2247
2026-10-02,camelot-v3,Camelot V3,farming,pools,770.2148,2056001.92,2669.3876
2025-03,canopy,Canopy,farming,vaults,0.0002,0.31,1823.67
2025-04,canopy,Canopy,farming,vaults,11056.2365,19823610.92,1792.98
2025-05,canopy,Canopy,farming,vaults,11247.4271,28319784.26,2517.89
2025-06,canopy,Canopy,farming,vaults,4858.0498,12126761.09,2496.22
2025-07,canopy,Canopy,farming,vaults,3807.4901,14067457.66,3694.68
2025-08,canopy,Canopy,farming,vaults,3097.1667,13628679.62,4400.37
2025-09,canopy,Canopy,farming,vaults,3270.4896,13562229.82,4146.85
2025-10,canopy,Canopy,farming,vaults,3285.5309,12664725.48,3854.6968
2025-11,canopy,Canopy,farming,vaults,2016.6355,6023783.34,2987.0461
2025-12,canopy,Canopy,farming,vaults,1998.5455,5938703.69,2971.5129
2026-01,canopy,Canopy,farming,vaults,1477.7335,3649645.64,2469.7591
2026-02,canopy,Canopy,farming,vaults,644.067,1260610.05,1957.2655
2026-03,canopy,Canopy,farming,vaults,570.7238,1198556.22,2100.0636
2026-04,canopy,Canopy,farming,vaults,401.5781,906951.87,2258.4696
2026-05,canopy,Canopy,farming,vaults,418.8554,841715.37,2009.5608
2026-06,canopy,Canopy,farming,vaults,417.6435,654777.81,1567.7911
2026-07,canopy,Canopy,farming,vaults,417.6329,778248.62,1863.4753
2026-08,canopy,Canopy,farming,vaults,419.6111,1036702.14,2470.6262
2026-09,canopy,Canopy,farming,vaults,421.7969,1129245.1,2677.2247
2026-10-02,canopy,Canopy,farming,vaults,420.1517,1121547.64,2669.3876
2025-08,cap,cap,credit,,1.8089,7959.64,4400.37
2025-09,cap,cap,credit,,3038.9619,12602119.34,4146.85
2025-10,cap,cap,credit,,11058.3685,42626657.28,3854.6968
2025-11,cap,cap,credit,,10194.3069,30450865.25,2987.0461
2025-12,cap,cap,credit,,11414.8154,33919270.83,2971.5129
2026-01,cap,cap,credit,,12579.4817,31068289.49,2469.7591
2026-02,cap,cap,credit,,13103.9198,25647850.58,1957.2655
2026-03,cap,cap,credit,,28492.9479,59837002.46,2100.0636
2026-04,cap,cap,credit,,25715.0357,58076626.62,2258.4696
2026-05,cap,cap,credit,,20268.2907,40730362.72,2009.5608
2026-06,cap,cap,credit,,19483.2725,30545700.87,1567.7911
2026-07,cap,cap,credit,,20809.133,38777306.11,1863.4753
2026-08,cap,cap,credit,,23579.1187,58255188.43,2470.6262
2026-09,cap,cap,credit,,22753.5042,60916243.31,2677.2247
2026-10-02,cap,cap,credit,,22666.2226,60504933.51,2669.3876
2024-10,capyfi,Capyfi,lending,,5.9758,15045.38,2517.7
2024-11,capyfi,Capyfi,lending,,5.977,22258.35,3724.03
2024-12,capyfi,Capyfi,lending,,4.9842,16593.94,3329.33
2025-01,capyfi,Capyfi,lending,,27.1609,89602.47,3298.95
2025-02,capyfi,Capyfi,lending,,38.9265,86638.78,2225.7
2025-03,capyfi,Capyfi,lending,,38.7493,70665.89,1823.67
2025-04,capyfi,Capyfi,lending,,7.6615,13737.0,1792.98
2025-05,capyfi,Capyfi,lending,,424.5997,1069095.31,2517.89
2025-06,capyfi,Capyfi,lending,,473.3673,1181628.88,2496.22
2025-07,capyfi,Capyfi,lending,,333.0449,1230494.18,3694.68
2025-08,capyfi,Capyfi,lending,,906.7418,3989999.52,4400.37
2025-09,capyfi,Capyfi,lending,,914.0753,3790532.99,4146.85
2025-10,capyfi,Capyfi,lending,,923.0005,3557887.2,3854.6968
2025-11,capyfi,Capyfi,lending,,926.0297,2766093.55,2987.0461
2025-12,capyfi,Capyfi,lending,,927.1942,2755169.37,2971.5129
2026-01,capyfi,Capyfi,lending,,931.4985,2300576.89,2469.7591
2026-02,capyfi,Capyfi,lending,,1020.6766,1997735.22,1957.2655
2026-03,capyfi,Capyfi,lending,,1190.8776,2500918.63,2100.0636
2026-04,capyfi,Capyfi,lending,,1204.8703,2721162.92,2258.4696
2026-05,capyfi,Capyfi,lending,,1100.1052,2210728.23,2009.5608
2026-06,capyfi,Capyfi,lending,,1101.0933,1726284.27,1567.7911
2026-07,capyfi,Capyfi,lending,,1100.689,2051106.79,1863.4753
2026-08,capyfi,Capyfi,lending,,1113.7206,2751587.21,2470.6262
2026-09,capyfi,Capyfi,lending,,1212.5299,3246214.92,2677.2247
2026-10-02,capyfi,Capyfi,lending,,1227.2897,3276111.81,2669.3876
2025-08,carry:avant-aveth,Avant avETH / savETH,carry,,0.0031,13.64,4400.37
2025-09,carry:avant-aveth,Avant avETH / savETH,carry,,1059.1333,4392066.8,4146.85
2025-10,carry:avant-aveth,Avant avETH / savETH,carry,,2178.5909,8397807.15,3854.6968
2025-11,carry:avant-aveth,Avant avETH / savETH,carry,,1953.8779,5836323.42,2987.0461
2025-12,carry:avant-aveth,Avant avETH / savETH,carry,,2888.6282,8583595.85,2971.5129
2026-01,carry:avant-aveth,Avant avETH / savETH,carry,,2819.4798,6963436.0,2469.7591
2026-02,carry:avant-aveth,Avant avETH / savETH,carry,,3987.179,7803968.09,1957.2655
2026-03,carry:avant-aveth,Avant avETH / savETH,carry,,5739.1127,12052501.58,2100.0636
2026-04,carry:avant-aveth,Avant avETH / savETH,carry,,6556.2864,14807173.66,2258.4696
2026-05,carry:avant-aveth,Avant avETH / savETH,carry,,6530.3049,13123044.73,2009.5608
2026-06,carry:avant-aveth,Avant avETH / savETH,carry,,9164.06,14367331.59,1567.7911
2026-07,carry:avant-aveth,Avant avETH / savETH,carry,,10330.2346,19250137.34,1863.4753
2026-08,carry:avant-aveth,Avant avETH / savETH,carry,,12572.6891,31062415.12,2470.6262
2026-09,carry:avant-aveth,Avant avETH / savETH,carry,,12356.7551,33081809.75,2677.2247
2026-10-02,carry:avant-aveth,Avant avETH / savETH,carry,,12582.7122,33588136.01,2669.3876
2026-02,carry:lido-earn,Lido Earn ETH,carry,,0.0,0.0,1957.2655
2026-03,carry:lido-earn,Lido Earn ETH,carry,,86458.9196,181569229.17,2100.0636
2026-04,carry:lido-earn,Lido Earn ETH,carry,,110594.3343,249773943.07,2258.4696
2026-05,carry:lido-earn,Lido Earn ETH,carry,,44337.3217,89098543.94,2009.5608
2026-06,carry:lido-earn,Lido Earn ETH,carry,,90416.9799,141754934.62,1567.7911
2026-07,carry:lido-earn,Lido Earn ETH,carry,,77748.2136,144881878.42,1863.4753
2026-08,carry:lido-earn,Lido Earn ETH,carry,,79323.1161,195977769.11,2470.6262
2026-09,carry:lido-earn,Lido Earn ETH,carry,,83046.3578,222333759.47,2677.2247
2026-10-02,carry:lido-earn,Lido Earn ETH,carry,,83309.2031,222384554.03,2669.3876
2024-10,carry:liquid-eth,ether.fi Liquid ETH,carry,,146203.0106,368095319.84,2517.7
2024-11,carry:liquid-eth,ether.fi Liquid ETH,carry,,150259.3532,559570339.08,3724.03
2024-12,carry:liquid-eth,ether.fi Liquid ETH,carry,,152716.5515,508443796.42,3329.33
2025-01,carry:liquid-eth,ether.fi Liquid ETH,carry,,153364.3186,505941218.76,3298.95
2025-02,carry:liquid-eth,ether.fi Liquid ETH,carry,,159201.6048,354335011.72,2225.7
2025-03,carry:liquid-eth,ether.fi Liquid ETH,carry,,161418.2916,294373695.87,1823.67
2025-04,carry:liquid-eth,ether.fi Liquid ETH,carry,,176931.2753,317234237.93,1792.98
2025-05,carry:liquid-eth,ether.fi Liquid ETH,carry,,194955.5018,490876508.42,2517.89
2025-06,carry:liquid-eth,ether.fi Liquid ETH,carry,,191748.4201,478646241.26,2496.22
2025-07,carry:liquid-eth,ether.fi Liquid ETH,carry,,200467.344,740662686.51,3694.68
2025-08,carry:liquid-eth,ether.fi Liquid ETH,carry,,203044.5194,893471011.66,4400.37
2025-09,carry:liquid-eth,ether.fi Liquid ETH,carry,,192310.3933,797482354.5,4146.85
2025-10,carry:liquid-eth,ether.fi Liquid ETH,carry,,177463.7839,684069075.6,3854.6968
2025-11,carry:liquid-eth,ether.fi Liquid ETH,carry,,147816.6634,441535195.22,2987.0461
2025-12,carry:liquid-eth,ether.fi Liquid ETH,carry,,147083.0581,437059199.74,2971.5129
2026-01,carry:liquid-eth,ether.fi Liquid ETH,carry,,154309.518,381107336.42,2469.7591
2026-02,carry:liquid-eth,ether.fi Liquid ETH,carry,,108292.1728,211956537.41,1957.2655
2026-03,carry:liquid-eth,ether.fi Liquid ETH,carry,,147239.0563,309211381.21,2100.0636
2026-04,carry:liquid-eth,ether.fi Liquid ETH,carry,,124604.8981,281416375.52,2258.4696
2026-05,carry:liquid-eth,ether.fi Liquid ETH,carry,,108176.2403,217386732.76,2009.5608
2026-06,carry:liquid-eth,ether.fi Liquid ETH,carry,,88680.8765,139033087.2,1567.7911
2026-07,carry:liquid-eth,ether.fi Liquid ETH,carry,,122177.1149,227674040.27,1863.4753
2026-08,carry:liquid-eth,ether.fi Liquid ETH,carry,,173879.6793,429591691.67,2470.6262
2026-09,carry:liquid-eth,ether.fi Liquid ETH,carry,,176962.4306,473768188.63,2677.2247
2026-10-02,carry:liquid-eth,ether.fi Liquid ETH,carry,,177171.0633,472938239.85,2669.3876
2026-01,carry:liquity-carry,Liquity ETH Carry,carry,,0.0,0.0,2469.7591
2026-02,carry:liquity-carry,Liquity ETH Carry,carry,,0.0,0.0,1957.2655
2026-03,carry:liquity-carry,Liquity ETH Carry,carry,,32.024,67252.37,2100.0636
2026-04,carry:liquity-carry,Liquity ETH Carry,carry,,31.8619,71959.1,2258.4696
2026-05,carry:liquity-carry,Liquity ETH Carry,carry,,528.0794,1061207.57,2009.5608
2026-06,carry:liquity-carry,Liquity ETH Carry,carry,,641.015,1004977.57,1567.7911
2026-07,carry:liquity-carry,Liquity ETH Carry,carry,,1502.3368,2799567.57,1863.4753
2026-08,carry:liquity-carry,Liquity ETH Carry,carry,,2813.7668,6951765.95,2470.6262
2026-09,carry:liquity-carry,Liquity ETH Carry,carry,,6016.6691,16107975.04,2677.2247
2026-10-02,carry:liquity-carry,Liquity ETH Carry,carry,,6014.0017,16053701.67,2669.3876
2025-10,carry:makina-deth,Makina DETH,carry,,9566.8256,36877211.95,3854.6968
2025-11,carry:makina-deth,Makina DETH,carry,,11263.4516,33644449.63,2987.0461
2025-12,carry:makina-deth,Makina DETH,carry,,9812.3186,29157431.01,2971.5129
2026-01,carry:makina-deth,Makina DETH,carry,,7873.0132,19444446.05,2469.7591
2026-02,carry:makina-deth,Makina DETH,carry,,4026.3926,7880719.42,1957.2655
2026-03,carry:makina-deth,Makina DETH,carry,,3820.1192,8022493.18,2100.0636
2026-04,carry:makina-deth,Makina DETH,carry,,3542.7881,8001279.16,2258.4696
2026-05,carry:makina-deth,Makina DETH,carry,,2891.1633,5809968.47,2009.5608
2026-06,carry:makina-deth,Makina DETH,carry,,2665.1741,4178436.13,1567.7911
2026-07,carry:makina-deth,Makina DETH,carry,,2591.4613,4829124.31,1863.4753
2026-08,carry:makina-deth,Makina DETH,carry,,2593.3252,6407137.15,2470.6262
2026-09,carry:makina-deth,Makina DETH,carry,,2498.8037,6689859.07,2677.2247
2026-10-02,carry:makina-deth,Makina DETH,carry,,2499.3591,6671758.16,2669.3876
2026-10-02,carry:nemo-eth-prime,NEMO ETH Prime,carry,,3037.666,8108707.96,2669.3876
2025-08,carry:reservoir-eth,Reservoir ETH Yield,carry,,0.0,0.0,4400.37
2025-09,carry:reservoir-eth,Reservoir ETH Yield,carry,,2428.7992,10071865.99,4146.85
2025-10,carry:reservoir-eth,Reservoir ETH Yield,carry,,4136.8805,15946419.92,3854.6968
2025-11,carry:reservoir-eth,Reservoir ETH Yield,carry,,1620.1598,4839492.18,2987.0461
2025-12,carry:reservoir-eth,Reservoir ETH Yield,carry,,575.1906,1709186.14,2971.5129
2026-01,carry:reservoir-eth,Reservoir ETH Yield,carry,,152.9874,377842.02,2469.7591
2026-02,carry:reservoir-eth,Reservoir ETH Yield,carry,,310.3446,607426.74,1957.2655
2026-03,carry:reservoir-eth,Reservoir ETH Yield,carry,,1229.8731,2582811.69,2100.0636
2026-04,carry:reservoir-eth,Reservoir ETH Yield,carry,,1223.5509,2763352.52,2258.4696
2026-05,carry:reservoir-eth,Reservoir ETH Yield,carry,,175.3364,352349.17,2009.5608
2026-06,carry:reservoir-eth,Reservoir ETH Yield,carry,,162.5469,254839.56,1567.7911
2026-07,carry:reservoir-eth,Reservoir ETH Yield,carry,,62.793,117013.25,1863.4753
2026-08,carry:reservoir-eth,Reservoir ETH Yield,carry,,61.2468,151317.91,2470.6262
2026-09,carry:reservoir-eth,Reservoir ETH Yield,carry,,60.1991,161166.64,2677.2247
2026-10-02,carry:reservoir-eth,Reservoir ETH Yield,carry,,23.5948,62983.77,2669.3876
2025-08,carry:rocksolid,Rocksolid rETH,carry,,0.0,0.0,4400.37
2025-09,carry:rocksolid,Rocksolid rETH,carry,,1846.1063,7655526.01,4146.85
2025-10,carry:rocksolid,Rocksolid rETH,carry,,6116.3729,23576763.05,3854.6968
2025-11,carry:rocksolid,Rocksolid rETH,carry,,6624.239,19786907.53,2987.0461
2025-12,carry:rocksolid,Rocksolid rETH,carry,,7652.4156,22739251.27,2971.5129
2026-01,carry:rocksolid,Rocksolid rETH,carry,,9534.9321,23548985.37,2469.7591
2026-02,carry:rocksolid,Rocksolid rETH,carry,,9655.7347,18898836.67,1957.2655
2026-03,carry:rocksolid,Rocksolid rETH,carry,,9485.0544,19919217.43,2100.0636
2026-04,carry:rocksolid,Rocksolid rETH,carry,,9662.4574,21822366.5,2258.4696
2026-05,carry:rocksolid,Rocksolid rETH,carry,,9738.3092,19569724.46,2009.5608
2026-06,carry:rocksolid,Rocksolid rETH,carry,,8671.6309,13595305.55,1567.7911
2026-07,carry:rocksolid,Rocksolid rETH,carry,,8831.8633,16457959.46,1863.4753
2026-08,carry:rocksolid,Rocksolid rETH,carry,,8829.8629,21815290.7,2470.6262
2026-09,carry:rocksolid,Rocksolid rETH,carry,,8998.1427,24090049.8,2677.2247
2026-10-02,carry:rocksolid,Rocksolid rETH,carry,,8999.2874,24022586.09,2669.3876
2026-03,carry:royco-eth,Royco ETH,carry,,0.0139,29.23,2100.0636
2026-04,carry:royco-eth,Royco ETH,carry,,48.5278,109598.56,2258.4696
2026-05,carry:royco-eth,Royco ETH,carry,,115.0234,231146.57,2009.5608
2026-06,carry:royco-eth,Royco ETH,carry,,115.2793,180733.92,1567.7911
2026-07,carry:royco-eth,Royco ETH,carry,,115.5302,215287.62,1863.4753
2026-08,carry:royco-eth,Royco ETH,carry,,115.8235,286156.5,2470.6262
2026-09,carry:royco-eth,Royco ETH,carry,,116.0375,310658.48,2677.2247
2026-10-02,carry:royco-eth,Royco ETH,carry,,116.0516,309786.72,2669.3876
2026-10-02,carry:sentora-eth,Sentora ETH,carry,,676.67,1806294.51,2669.3876
2025-10,carry:tau-infinifi,TAU InfiniFi ETH Carry,carry,,0.0496,191.17,3854.6968
2025-11,carry:tau-infinifi,TAU InfiniFi ETH Carry,carry,,0.5903,1763.11,2987.0461
2025-12,carry:tau-infinifi,TAU InfiniFi ETH Carry,carry,,41.0145,121875.18,2971.5129
2026-01,carry:tau-infinifi,TAU InfiniFi ETH Carry,carry,,349.5577,863323.29,2469.7591
2026-02,carry:tau-infinifi,TAU InfiniFi ETH Carry,carry,,303.9049,594822.57,1957.2655
2026-03,carry:tau-infinifi,TAU InfiniFi ETH Carry,carry,,44.7236,93922.39,2100.0636
2026-04,carry:tau-infinifi,TAU InfiniFi ETH Carry,carry,,2.3447,5295.52,2258.4696
2026-05,carry:tau-infinifi,TAU InfiniFi ETH Carry,carry,,175.3472,352370.92,2009.5608
2026-06,carry:tau-infinifi,TAU InfiniFi ETH Carry,carry,,175.8104,275633.91,1567.7911
2026-07,carry:tau-infinifi,TAU InfiniFi ETH Carry,carry,,83.0997,154854.25,1863.4753
2026-08,carry:tau-infinifi,TAU InfiniFi ETH Carry,carry,,83.191,205533.74,2470.6262
2026-09,carry:tau-infinifi,TAU InfiniFi ETH Carry,carry,,82.2281,220143.18,2677.2247
2026-10-02,carry:tau-infinifi,TAU InfiniFi ETH Carry,carry,,82.2339,219514.03,2669.3876
2024-10,carry:vesper-vaeth,Vesper vaETH,carry,,1105.9506,2784451.89,2517.7
2024-11,carry:vesper-vaeth,Vesper vaETH,carry,,1156.7818,4307889.98,3724.03
2024-12,carry:vesper-vaeth,Vesper vaETH,carry,,1165.1648,3879218.05,3329.33
2025-01,carry:vesper-vaeth,Vesper vaETH,carry,,1095.1441,3612825.55,3298.95
2025-02,carry:vesper-vaeth,Vesper vaETH,carry,,1090.7118,2427597.24,2225.7
2025-03,carry:vesper-vaeth,Vesper vaETH,carry,,1354.7431,2470604.4,1823.67
2025-04,carry:vesper-vaeth,Vesper vaETH,carry,,1460.4112,2618488.01,1792.98
2025-05,carry:vesper-vaeth,Vesper vaETH,carry,,1433.3795,3609091.83,2517.89
2025-06,carry:vesper-vaeth,Vesper vaETH,carry,,1463.5003,3653218.65,2496.22
2025-07,carry:vesper-vaeth,Vesper vaETH,carry,,1448.4455,5351542.69,3694.68
2025-08,carry:vesper-vaeth,Vesper vaETH,carry,,1583.3293,6967234.9,4400.37
2025-09,carry:vesper-vaeth,Vesper vaETH,carry,,1870.8418,7758100.39,4146.85
2025-10,carry:vesper-vaeth,Vesper vaETH,carry,,1876.1912,7232147.99,3854.6968
2025-11,carry:vesper-vaeth,Vesper vaETH,carry,,2182.3075,6518653.35,2987.0461
2025-12,carry:vesper-vaeth,Vesper vaETH,carry,,2215.6903,6583952.36,2971.5129
2026-01,carry:vesper-vaeth,Vesper vaETH,carry,,2240.5753,5533681.22,2469.7591
2026-02,carry:vesper-vaeth,Vesper vaETH,carry,,2541.5039,4974398.05,1957.2655
2026-03,carry:vesper-vaeth,Vesper vaETH,carry,,2490.9778,5231211.69,2100.0636
2026-04,carry:vesper-vaeth,Vesper vaETH,carry,,2443.0774,5517615.98,2258.4696
2026-05,carry:vesper-vaeth,Vesper vaETH,carry,,2622.0867,5269242.69,2009.5608
2026-06,carry:vesper-vaeth,Vesper vaETH,carry,,1881.9656,2950528.95,1567.7911
2026-07,carry:vesper-vaeth,Vesper vaETH,carry,,1862.6886,3471074.35,1863.4753
2026-08,carry:vesper-vaeth,Vesper vaETH,carry,,1617.5359,3996326.55,2470.6262
2026-09,carry:vesper-vaeth,Vesper vaETH,carry,,1052.2899,2817216.58,2677.2247
2026-10-02,carry:vesper-vaeth,Vesper vaETH,carry,,1052.3953,2809250.91,2669.3876
2026-05,carry:yieldbasis-weth,YieldBasis WETH,carry,,641.105,1288339.42,2009.5608
2026-06,carry:yieldbasis-weth,YieldBasis WETH,carry,,5085.1283,7972418.72,1567.7911
2026-07,carry:yieldbasis-weth,YieldBasis WETH,carry,,7632.4561,14222893.72,1863.4753
2026-08,carry:yieldbasis-weth,YieldBasis WETH,carry,,12512.0002,30912475.44,2470.6262
2026-09,carry:yieldbasis-weth,YieldBasis WETH,carry,,10616.2053,28421966.85,2677.2247
2026-10-02,carry:yieldbasis-weth,YieldBasis WETH,carry,,10425.9986,27831031.49,2669.3876
2026-06,carry:zensats,ZenSats wstETH,carry,,0.5433,851.78,1567.7911
2026-07,carry:zensats,ZenSats wstETH,carry,,0.545,1015.56,1863.4753
2026-08,carry:zensats,ZenSats wstETH,carry,,0.5471,1351.69,2470.6262
2026-09,carry:zensats,ZenSats wstETH,carry,,0.5485,1468.51,2677.2247
2026-10-02,carry:zensats,ZenSats wstETH,carry,,0.5486,1464.34,2669.3876
2024-10,chainflip-amm,Chainflip AMM,farming,pools,404.6408,1018764.04,2517.7
2024-11,chainflip-amm,Chainflip AMM,farming,pools,464.5032,1729823.76,3724.03
2024-12,chainflip-amm,Chainflip AMM,farming,pools,278.7341,927997.77,3329.33
2025-01,chainflip-amm,Chainflip AMM,farming,pools,267.4767,882392.16,3298.95
2025-02,chainflip-amm,Chainflip AMM,farming,pools,398.3572,886623.62,2225.7
2025-03,chainflip-amm,Chainflip AMM,farming,pools,361.3666,659013.38,1823.67
2025-04,chainflip-amm,Chainflip AMM,farming,pools,324.5561,581922.68,1792.98
2025-05,chainflip-amm,Chainflip AMM,farming,pools,358.384,902371.49,2517.89
2025-06,chainflip-amm,Chainflip AMM,farming,pools,301.4345,752446.74,2496.22
2025-07,chainflip-amm,Chainflip AMM,farming,pools,306.3539,1131879.45,3694.68
2025-08,chainflip-amm,Chainflip AMM,farming,pools,165.4754,728152.8,4400.37
2025-09,chainflip-amm,Chainflip AMM,farming,pools,218.5226,906180.34,4146.85
2025-10,chainflip-amm,Chainflip AMM,farming,pools,232.054,894497.7,3854.6968
2025-11,chainflip-amm,Chainflip AMM,farming,pools,85.8911,256560.81,2987.0461
2025-12,chainflip-amm,Chainflip AMM,farming,pools,170.2262,505829.27,2971.5129
2026-01,chainflip-amm,Chainflip AMM,farming,pools,114.2845,282255.25,2469.7591
2026-02,chainflip-amm,Chainflip AMM,farming,pools,439.2015,859633.99,1957.2655
2026-03,chainflip-amm,Chainflip AMM,farming,pools,278.8019,585501.82,2100.0636
2026-04,chainflip-amm,Chainflip AMM,farming,pools,217.1131,490343.23,2258.4696
2026-05,chainflip-amm,Chainflip AMM,farming,pools,255.7728,513991.01,2009.5608
2026-06,chainflip-amm,Chainflip AMM,farming,pools,485.8052,761641.04,1567.7911
2026-07,chainflip-amm,Chainflip AMM,farming,pools,359.269,669488.89,1863.4753
2026-08,chainflip-amm,Chainflip AMM,farming,pools,246.5033,609017.53,2470.6262
2026-09,chainflip-amm,Chainflip AMM,farming,pools,285.6404,764723.43,2677.2247
2026-10-02,chainflip-amm,Chainflip AMM,farming,pools,212.6752,567712.58,2669.3876
2024-10,chainge-finance,Chainge Finance,farming,vaults,2596.1573,6536345.12,2517.7
2024-11,chainge-finance,Chainge Finance,farming,vaults,2588.7646,9640636.87,3724.03
2024-12,chainge-finance,Chainge Finance,farming,vaults,2619.5508,8721349.06,3329.33
2025-01,chainge-finance,Chainge Finance,farming,vaults,2618.859,8639484.78,3298.95
2025-02,chainge-finance,Chainge Finance,farming,vaults,2637.2362,5869696.67,2225.7
2025-03,chainge-finance,Chainge Finance,farming,vaults,2678.4358,4884582.95,1823.67
2025-05,chainge-finance,Chainge Finance,farming,vaults,2676.4059,6738895.54,2517.89
2025-06,chainge-finance,Chainge Finance,farming,vaults,2663.5254,6648745.36,2496.22
2025-07,chainge-finance,Chainge Finance,farming,vaults,2676.2058,9887723.99,3694.68
2025-08,chainge-finance,Chainge Finance,farming,vaults,2672.8971,11761736.02,4400.37
2025-09,chainge-finance,Chainge Finance,farming,vaults,2667.9647,11063649.38,4146.85
2025-10,chainge-finance,Chainge Finance,farming,vaults,2669.0076,10288215.14,3854.6968
2025-11,chainge-finance,Chainge Finance,farming,vaults,2603.6936,7777353.0,2987.0461
2025-12,chainge-finance,Chainge Finance,farming,vaults,2684.8897,7978184.27,2971.5129
2026-01,chainge-finance,Chainge Finance,farming,vaults,2634.0971,6505585.4,2469.7591
2026-02,chainge-finance,Chainge Finance,farming,vaults,2673.6698,5233081.69,1957.2655
2026-03,chainge-finance,Chainge Finance,farming,vaults,2692.0702,5653518.64,2100.0636
2026-04,chainge-finance,Chainge Finance,farming,vaults,2682.8157,6059057.63,2258.4696
2026-05,chainge-finance,Chainge Finance,farming,vaults,2676.3252,5378238.2,2009.5608
2026-06,chainge-finance,Chainge Finance,farming,vaults,2676.6203,4196381.42,1567.7911
2026-07,chainge-finance,Chainge Finance,farming,vaults,2676.5556,4987695.26,1863.4753
2026-08,chainge-finance,Chainge Finance,farming,vaults,2674.9638,6608835.66,2470.6262
2024-10,cian-yield-layer,CIAN Yield Layer,loops,,11738.6179,29554318.17,2517.7
2024-11,cian-yield-layer,CIAN Yield Layer,loops,,35322.3361,131541439.37,3724.03
2024-12,cian-yield-layer,CIAN Yield Layer,loops,,37261.4311,124055600.32,3329.33
2025-01,cian-yield-layer,CIAN Yield Layer,loops,,22263.4648,73446057.12,3298.95
2025-02,cian-yield-layer,CIAN Yield Layer,loops,,36777.1688,81854944.65,2225.7
2025-03,cian-yield-layer,CIAN Yield Layer,loops,,36203.3608,66022983.05,1823.67
2025-04,cian-yield-layer,CIAN Yield Layer,loops,,35436.9416,63537727.62,1792.98
2025-05,cian-yield-layer,CIAN Yield Layer,loops,,35407.0757,89151121.84,2517.89
2025-06,cian-yield-layer,CIAN Yield Layer,loops,,30072.3022,75067082.14,2496.22
2025-07,cian-yield-layer,CIAN Yield Layer,loops,,28236.3231,104324178.06,3694.68
2025-08,cian-yield-layer,CIAN Yield Layer,loops,,25124.7884,110558365.15,4400.37
2025-09,cian-yield-layer,CIAN Yield Layer,loops,,18011.5171,74691059.79,4146.85
2025-10,cian-yield-layer,CIAN Yield Layer,loops,,12597.9922,48561439.79,3854.6968
2025-11,cian-yield-layer,CIAN Yield Layer,loops,,10717.4373,32013479.95,2987.0461
2025-12,cian-yield-layer,CIAN Yield Layer,loops,,6545.3454,19449577.98,2971.5129
2026-01,cian-yield-layer,CIAN Yield Layer,loops,,6566.4925,16217654.5,2469.7591
2026-02,cian-yield-layer,CIAN Yield Layer,loops,,4669.6037,9139654.39,1957.2655
2026-03,cian-yield-layer,CIAN Yield Layer,loops,,6165.7977,12948567.25,2100.0636
2026-04,cian-yield-layer,CIAN Yield Layer,loops,,4611.345,10414582.49,2258.4696
2026-05,cian-yield-layer,CIAN Yield Layer,loops,,4697.4525,9439816.37,2009.5608
2026-06,cian-yield-layer,CIAN Yield Layer,loops,,4707.6929,7380678.88,1567.7911
2026-07,cian-yield-layer,CIAN Yield Layer,loops,,2509.4086,4676221.1,1863.4753
2026-08,cian-yield-layer,CIAN Yield Layer,loops,,2484.622,6138572.27,2470.6262
2026-09,cian-yield-layer,CIAN Yield Layer,loops,,2490.4991,6667625.64,2677.2247
2026-10-02,cian-yield-layer,CIAN Yield Layer,loops,,2487.4659,6640010.54,2669.3876
2024-10,coinbase-wrapped-staked-eth,Coinbase Wrapped Staked ETH,staking,,171172.1603,430960147.98,2517.7
2024-11,coinbase-wrapped-staked-eth,Coinbase Wrapped Staked ETH,staking,,165306.7588,615607328.8,3724.03
2024-12,coinbase-wrapped-staked-eth,Coinbase Wrapped Staked ETH,staking,,154868.3342,515607791.04,3329.33
2025-01,coinbase-wrapped-staked-eth,Coinbase Wrapped Staked ETH,staking,,145746.5826,480810688.75,3298.95
2025-02,coinbase-wrapped-staked-eth,Coinbase Wrapped Staked ETH,staking,,141382.4485,314674915.62,2225.7
2025-03,coinbase-wrapped-staked-eth,Coinbase Wrapped Staked ETH,staking,,137150.9286,250118034.01,1823.67
2025-04,coinbase-wrapped-staked-eth,Coinbase Wrapped Staked ETH,staking,,128020.9824,229539060.99,1792.98
2025-05,coinbase-wrapped-staked-eth,Coinbase Wrapped Staked ETH,staking,,135544.7577,341286789.98,2517.89
2025-06,coinbase-wrapped-staked-eth,Coinbase Wrapped Staked ETH,staking,,131692.5324,328733533.18,2496.22
2025-07,coinbase-wrapped-staked-eth,Coinbase Wrapped Staked ETH,staking,,139208.0645,514329251.82,3694.68
2025-08,coinbase-wrapped-staked-eth,Coinbase Wrapped Staked ETH,staking,,135312.5167,595425139.3,4400.37
2025-09,coinbase-wrapped-staked-eth,Coinbase Wrapped Staked ETH,staking,,129046.1188,535134897.83,4146.85
2025-10,coinbase-wrapped-staked-eth,Coinbase Wrapped Staked ETH,staking,,134234.4256,517433007.62,3854.6968
2025-11,coinbase-wrapped-staked-eth,Coinbase Wrapped Staked ETH,staking,,128254.5551,383102275.12,2987.0461
2025-12,coinbase-wrapped-staked-eth,Coinbase Wrapped Staked ETH,staking,,126679.4585,376429640.87,2971.5129
2026-01,coinbase-wrapped-staked-eth,Coinbase Wrapped Staked ETH,staking,,129810.2046,320599934.26,2469.7591
2026-02,coinbase-wrapped-staked-eth,Coinbase Wrapped Staked ETH,staking,,129822.5563,254097214.95,1957.2655
2026-03,coinbase-wrapped-staked-eth,Coinbase Wrapped Staked ETH,staking,,130943.7805,274990265.78,2100.0636
2026-04,coinbase-wrapped-staked-eth,Coinbase Wrapped Staked ETH,staking,,129345.1292,292122043.63,2258.4696
2026-05,coinbase-wrapped-staked-eth,Coinbase Wrapped Staked ETH,staking,,140965.0109,283277761.17,2009.5608
2026-06,coinbase-wrapped-staked-eth,Coinbase Wrapped Staked ETH,staking,,158450.2368,248416868.01,1567.7911
2026-07,coinbase-wrapped-staked-eth,Coinbase Wrapped Staked ETH,staking,,178793.4249,333177137.6,1863.4753
2026-08,coinbase-wrapped-staked-eth,Coinbase Wrapped Staked ETH,staking,,185128.9865,457384524.69,2470.6262
2026-09,coinbase-wrapped-staked-eth,Coinbase Wrapped Staked ETH,staking,,185640.3033,497000803.63,2677.2247
2026-10-02,coinbase-wrapped-staked-eth,Coinbase Wrapped Staked ETH,staking,,183392.6745,489546131.71,2669.3876
2024-10,compound-v1,Compound V1,lending,,426.6514,1074180.24,2517.7
2024-11,compound-v1,Compound V1,lending,,426.6109,1588711.74,3724.03
2024-12,compound-v1,Compound V1,lending,,426.6109,1420328.42,3329.33
2025-01,compound-v1,Compound V1,lending,,425.9785,1405281.86,3298.95
2025-02,compound-v1,Compound V1,lending,,428.8995,954601.58,2225.7
2025-03,compound-v1,Compound V1,lending,,426.7817,778308.9,1823.67
2025-04,compound-v1,Compound V1,lending,,426.9416,765497.78,1792.98
2025-05,compound-v1,Compound V1,lending,,426.6109,1074159.28,2517.89
2025-06,compound-v1,Compound V1,lending,,426.6109,1064914.63,2496.22
2025-07,compound-v1,Compound V1,lending,,426.6109,1576190.71,3694.68
2025-08,compound-v1,Compound V1,lending,,426.6109,1877245.75,4400.37
2025-09,compound-v1,Compound V1,lending,,426.5162,1768698.87,4146.85
2025-10,compound-v1,Compound V1,lending,,425.2082,1639048.77,3854.6968
2025-11,compound-v1,Compound V1,lending,,426.6109,1274306.41,2987.0461
2025-12,compound-v1,Compound V1,lending,,427.346,1269864.23,2971.5129
2026-01,compound-v1,Compound V1,lending,,422.4517,1043353.91,2469.7591
2026-02,compound-v1,Compound V1,lending,,427.8261,837369.33,1957.2655
2026-03,compound-v1,Compound V1,lending,,427.5582,897899.47,2100.0636
2026-04,compound-v1,Compound V1,lending,,426.6109,963487.72,2258.4696
2026-05,compound-v1,Compound V1,lending,,426.6109,857300.52,2009.5608
2026-06,compound-v1,Compound V1,lending,,424.0557,664830.7,1567.7911
2026-07,compound-v1,Compound V1,lending,,426.6027,794963.69,1863.4753
2026-08,compound-v1,Compound V1,lending,,426.6109,1053996.03,2470.6262
2026-09,compound-v1,Compound V1,lending,,427.4417,1144357.57,2677.2247
2026-10-02,compound-v1,Compound V1,lending,,428.1108,1142793.57,2669.3876
2024-10,compound-v2,Compound V2,lending,,62472.725,157287579.63,2517.7
2024-11,compound-v2,Compound V2,lending,,60106.8854,223839844.3,3724.03
2024-12,compound-v2,Compound V2,lending,,61977.2122,206342591.83,3329.33
2025-01,compound-v2,Compound V2,lending,,61792.3226,203849782.52,3298.95
2025-02,compound-v2,Compound V2,lending,,52387.6689,116599234.63,2225.7
2025-03,compound-v2,Compound V2,lending,,45678.8814,83303205.7,1823.67
2025-04,compound-v2,Compound V2,lending,,43609.4583,78190886.63,1792.98
2025-05,compound-v2,Compound V2,lending,,49202.5617,123886637.99,2517.89
2025-06,compound-v2,Compound V2,lending,,50958.2833,127203085.94,2496.22
2025-07,compound-v2,Compound V2,lending,,50176.1519,185384824.73,3694.68
2025-08,compound-v2,Compound V2,lending,,37996.9022,167200428.37,4400.37
2025-09,compound-v2,Compound V2,lending,,35600.4733,147629822.76,4146.85
2025-10,compound-v2,Compound V2,lending,,34302.8281,132227001.03,3854.6968
2025-11,compound-v2,Compound V2,lending,,32291.9747,96457618.81,2987.0461
2025-12,compound-v2,Compound V2,lending,,29587.4025,87919347.23,2971.5129
2026-01,compound-v2,Compound V2,lending,,27293.5146,67408406.19,2469.7591
2026-02,compound-v2,Compound V2,lending,,23982.5726,46940262.77,1957.2655
2026-03,compound-v2,Compound V2,lending,,23889.8864,50170280.66,2100.0636
2026-04,compound-v2,Compound V2,lending,,23830.2399,53819872.52,2258.4696
2026-05,compound-v2,Compound V2,lending,,22982.2869,46184303.05,2009.5608
2026-06,compound-v2,Compound V2,lending,,22213.9695,34826863.27,1567.7911
2026-07,compound-v2,Compound V2,lending,,22184.7299,41340696.96,1863.4753
2026-08,compound-v2,Compound V2,lending,,21999.2494,54351921.9,2470.6262
2026-09,compound-v2,Compound V2,lending,,21741.8791,58207895.54,2677.2247
2026-10-02,compound-v2,Compound V2,lending,,21669.0328,57843047.54,2669.3876
2024-10,compound-v3,Compound V3,lending,,114407.974,288044956.25,2517.7
2024-11,compound-v3,Compound V3,lending,,121669.8759,453102267.81,3724.03
2024-12,compound-v3,Compound V3,lending,,130992.174,436116174.82,3329.33
2025-01,compound-v3,Compound V3,lending,,137294.3154,452927081.79,3298.95
2025-02,compound-v3,Compound V3,lending,,119686.8824,266387094.14,2225.7
2025-03,compound-v3,Compound V3,lending,,120517.1411,219783494.78,1823.67
2025-04,compound-v3,Compound V3,lending,,127918.3504,229355043.95,1792.98
2025-05,compound-v3,Compound V3,lending,,114895.3082,289293747.54,2517.89
2025-06,compound-v3,Compound V3,lending,,122058.1563,304684010.92,2496.22
2025-07,compound-v3,Compound V3,lending,,107483.0241,397115379.62,3694.68
2025-08,compound-v3,Compound V3,lending,,84502.8426,371843773.3,4400.37
2025-09,compound-v3,Compound V3,lending,,95451.8081,395824330.38,4146.85
2025-10,compound-v3,Compound V3,lending,,82192.9697,316828975.35,3854.6968
2025-11,compound-v3,Compound V3,lending,,83256.9747,248692425.7,2987.0461
2025-12,compound-v3,Compound V3,lending,,85280.0422,253410742.81,2971.5129
2026-01,compound-v3,Compound V3,lending,,87199.7313,215362329.9,2469.7591
2026-02,compound-v3,Compound V3,lending,,93895.2971,183778028.76,1957.2655
2026-03,compound-v3,Compound V3,lending,,107215.0763,225158478.1,2100.0636
2026-04,compound-v3,Compound V3,lending,,92353.5388,208577660.72,2258.4696
2026-05,compound-v3,Compound V3,lending,,109747.1927,220543657.18,2009.5608
2026-06,compound-v3,Compound V3,lending,,110833.9108,173764416.87,1567.7911
2026-07,compound-v3,Compound V3,lending,,127163.4663,236965983.12,1863.4753
2026-08,compound-v3,Compound V3,lending,,116035.1569,286679498.8,2470.6262
2026-09,compound-v3,Compound V3,lending,,126476.9677,338607260.85,2677.2247
2026-10-02,compound-v3,Compound V3,lending,,122186.2964,326162584.89,2669.3876
2024-10,corn-kernels,Corn Kernels,farming,points,5731.1512,14429319.27,2517.7
2024-11,corn-kernels,Corn Kernels,farming,points,2369.6805,8824761.46,3724.03
2024-12,corn-kernels,Corn Kernels,farming,points,1553.7614,5172984.35,3329.33
2025-01,corn-kernels,Corn Kernels,farming,points,848.6024,2799496.84,3298.95
2025-02,corn-kernels,Corn Kernels,farming,points,657.887,1464259.12,2225.7
2025-03,corn-kernels,Corn Kernels,farming,points,229.3576,418272.53,1823.67
2025-04,corn-kernels,Corn Kernels,farming,points,72.1097,129291.29,1792.98
2025-05,corn-kernels,Corn Kernels,farming,points,45.1012,113559.87,2517.89
2025-06,corn-kernels,Corn Kernels,farming,points,37.4367,93450.15,2496.22
2025-07,corn-kernels,Corn Kernels,farming,points,22.9088,84640.52,3694.68
2025-08,corn-kernels,Corn Kernels,farming,points,16.8099,73969.73,4400.37
2025-09,corn-kernels,Corn Kernels,farming,points,14.436,59863.82,4146.85
2025-10,corn-kernels,Corn Kernels,farming,points,12.0346,46389.89,3854.6968
2025-11,corn-kernels,Corn Kernels,farming,points,11.8164,35296.21,2987.0461
2025-12,corn-kernels,Corn Kernels,farming,points,11.7178,34819.73,2971.5129
2026-01,corn-kernels,Corn Kernels,farming,points,11.5581,28545.61,2469.7591
2026-02,corn-kernels,Corn Kernels,farming,points,11.5859,22676.61,1957.2655
2026-03,corn-kernels,Corn Kernels,farming,points,10.8082,22698.0,2100.0636
2026-04,corn-kernels,Corn Kernels,farming,points,10.7936,24376.96,2258.4696
2026-05,corn-kernels,Corn Kernels,farming,points,10.2285,20554.76,2009.5608
2026-06,corn-kernels,Corn Kernels,farming,points,9.9694,15629.98,1567.7911
2026-07,corn-kernels,Corn Kernels,farming,points,10.0146,18661.91,1863.4753
2026-08,corn-kernels,Corn Kernels,farming,points,9.9132,24491.84,2470.6262
2026-09,corn-kernels,Corn Kernels,farming,points,9.9425,26618.26,2677.2247
2026-10-02,corn-kernels,Corn Kernels,farming,points,9.9129,26461.47,2669.3876
2024-10,creth2,CRETH2,staking,,794.7778,2001012.05,2517.7
2024-11,creth2,CRETH2,staking,,795.3814,2962024.15,3724.03
2024-12,creth2,CRETH2,staking,,794.6355,2645603.71,3329.33
2025-01,creth2,CRETH2,staking,,713.3772,2353395.83,3298.95
2025-02,creth2,CRETH2,staking,,720.0226,1602554.41,2225.7
2025-03,creth2,CRETH2,staking,,714.2385,1302535.32,1823.67
2025-04,creth2,CRETH2,staking,,683.7602,1225968.43,1792.98
2025-05,creth2,CRETH2,staking,,683.6571,1721373.35,2517.89
2025-06,creth2,CRETH2,staking,,681.525,1701236.21,2496.22
2025-07,creth2,CRETH2,staking,,681.4021,2517562.68,3694.68
2025-08,creth2,CRETH2,staking,,680.2679,2993430.55,4400.37
2025-09,creth2,CRETH2,staking,,681.0995,2824417.43,4146.85
2025-10,creth2,CRETH2,staking,,679.8142,2620477.46,3854.6968
2025-11,creth2,CRETH2,staking,,667.0631,1992548.13,2987.0461
2025-12,creth2,CRETH2,staking,,682.7939,2028930.88,2971.5129
2026-01,creth2,CRETH2,staking,,674.728,1666415.61,2469.7591
2026-02,creth2,CRETH2,staking,,683.3119,1337422.82,1957.2655
2026-03,creth2,CRETH2,staking,,682.884,1434099.85,2100.0636
2026-04,creth2,CRETH2,staking,,682.2839,1540917.35,2258.4696
2026-05,creth2,CRETH2,staking,,681.3709,1369256.35,2009.5608
2026-06,creth2,CRETH2,staking,,677.2898,1061848.95,1567.7911
2026-07,creth2,CRETH2,staking,,681.3709,1269717.95,1863.4753
2026-08,creth2,CRETH2,staking,,681.3709,1683412.91,2470.6262
2026-09,creth2,CRETH2,staking,,682.8186,1828058.84,2677.2247
2026-10-02,creth2,CRETH2,staking,,681.2577,1818540.74,2669.3876
2024-10,crvusd,crvUSD,cdp,,12183.0644,30673301.18,2517.7
2024-11,crvusd,crvUSD,cdp,,14703.2831,54755467.22,3724.03
2024-12,crvusd,crvUSD,cdp,,15634.0003,52050746.38,3329.33
2025-01,crvusd,crvUSD,cdp,,16091.8348,53086158.31,3298.95
2025-02,crvusd,crvUSD,cdp,,9902.9098,22040906.27,2225.7
2025-03,crvusd,crvUSD,cdp,,16459.516,30016725.56,1823.67
2025-04,crvusd,crvUSD,cdp,,19114.1561,34271299.58,1792.98
2025-05,crvusd,crvUSD,cdp,,18648.8114,46955655.61,2517.89
2025-06,crvusd,crvUSD,cdp,,17938.5556,44778581.17,2496.22
2025-07,crvusd,crvUSD,cdp,,18288.2261,67569143.33,3694.68
2025-08,crvusd,crvUSD,cdp,,19976.8817,87905670.77,4400.37
2025-09,crvusd,crvUSD,cdp,,16214.0654,67237297.27,4146.85
2025-10,crvusd,crvUSD,cdp,,17760.9932,68463243.28,3854.6968
2025-11,crvusd,crvUSD,cdp,,7172.2147,21423736.45,2987.0461
2025-12,crvusd,crvUSD,cdp,,11278.8711,33515310.66,2971.5129
2026-01,crvusd,crvUSD,cdp,,5401.062,13339322.07,2469.7591
2026-02,crvusd,crvUSD,cdp,,1672.4212,3273372.4,1957.2655
2026-03,crvusd,crvUSD,cdp,,1107.4332,2325680.06,2100.0636
2026-04,crvusd,crvUSD,cdp,,1562.9481,3529870.68,2258.4696
2026-05,crvusd,crvUSD,cdp,,1740.363,3497365.25,2009.5608
2026-06,crvusd,crvUSD,cdp,,1627.3707,2551377.27,1567.7911
2026-07,crvusd,crvUSD,cdp,,1768.5668,3295680.63,1863.4753
2026-08,crvusd,crvUSD,cdp,,2438.0578,6023529.41,2470.6262
2026-09,crvusd,crvUSD,cdp,,2234.2402,5981563.07,2677.2247
2026-10-02,crvusd,crvUSD,cdp,,2230.7314,5954686.73,2669.3876
2025-11,curvance,Curvance,lending,,192.9481,576344.8,2987.0461
2025-12,curvance,Curvance,lending,,369.7351,1098672.56,2971.5129
2026-01,curvance,Curvance,lending,,176.3214,435471.42,2469.7591
2026-02,curvance,Curvance,lending,,490.4418,959924.81,1957.2655
2026-03,curvance,Curvance,lending,,1018.1317,2138141.22,2100.0636
2026-04,curvance,Curvance,lending,,277.0246,625651.68,2258.4696
2026-05,curvance,Curvance,lending,,227.7263,457629.77,2009.5608
2026-06,curvance,Curvance,lending,,90.4565,141816.88,1567.7911
2026-07,curvance,Curvance,lending,,80.1624,149380.57,1863.4753
2026-08,curvance,Curvance,lending,,76.5627,189157.88,2470.6262
2026-09,curvance,Curvance,lending,,63.4402,169843.79,2677.2247
2026-10-02,curvance,Curvance,lending,,63.3051,168985.73,2669.3876
2024-10,curve-dex,Curve DEX,farming,pools,159756.832,402219776.04,2517.7
2024-11,curve-dex,Curve DEX,farming,pools,147553.1716,549492437.71,3724.03
2024-12,curve-dex,Curve DEX,farming,pools,166467.6512,554225745.04,3329.33
2025-01,curve-dex,Curve DEX,farming,pools,163399.87,539048001.27,3298.95
2025-02,curve-dex,Curve DEX,farming,pools,170089.1549,378567432.05,2225.7
2025-03,curve-dex,Curve DEX,farming,pools,173515.5,316435011.92,1823.67
2025-04,curve-dex,Curve DEX,farming,pools,175227.0781,314178646.53,1792.98
2025-05,curve-dex,Curve DEX,farming,pools,189492.6911,477121751.87,2517.89
2025-06,curve-dex,Curve DEX,farming,pools,189400.061,472784220.15,2496.22
2025-07,curve-dex,Curve DEX,farming,pools,172322.5815,636676795.5,3694.68
2025-08,curve-dex,Curve DEX,farming,pools,124002.2879,545655947.65,4400.37
2025-09,curve-dex,Curve DEX,farming,pools,129151.8257,535573248.2,4146.85
2025-10,curve-dex,Curve DEX,farming,pools,129981.1304,501037844.19,3854.6968
2025-11,curve-dex,Curve DEX,farming,pools,114818.2606,342967443.31,2987.0461
2025-12,curve-dex,Curve DEX,farming,pools,119572.2548,355310493.76,2971.5129
2026-01,curve-dex,Curve DEX,farming,pools,132277.4628,326693467.61,2469.7591
2026-02,curve-dex,Curve DEX,farming,pools,133017.9348,260351419.17,1957.2655
2026-03,curve-dex,Curve DEX,farming,pools,124763.4012,262011076.25,2100.0636
2026-04,curve-dex,Curve DEX,farming,pools,114277.6794,258092666.13,2258.4696
2026-05,curve-dex,Curve DEX,farming,pools,117031.8169,235182552.57,2009.5608
2026-06,curve-dex,Curve DEX,farming,pools,121601.363,190645532.34,1567.7911
2026-07,curve-dex,Curve DEX,farming,pools,117270.2554,218530228.59,1863.4753
2026-08,curve-dex,Curve DEX,farming,pools,103121.6251,254774988.92,2470.6262
2026-09,curve-dex,Curve DEX,farming,pools,100078.3322,267932181.99,2677.2247
2026-10-02,curve-dex,Curve DEX,farming,pools,99826.7979,266476416.72,2669.3876
2024-10,curve-llamalend,Curve LlamaLend,lending,,3246.4632,8173620.36,2517.7
2024-11,curve-llamalend,Curve LlamaLend,lending,,3414.757,12716657.46,3724.03
2024-12,curve-llamalend,Curve LlamaLend,lending,,2681.4659,8927484.95,3329.33
2025-01,curve-llamalend,Curve LlamaLend,lending,,2237.6096,7381762.2,3298.95
2025-02,curve-llamalend,Curve LlamaLend,lending,,2320.2419,5164162.44,2225.7
2025-03,curve-llamalend,Curve LlamaLend,lending,,2719.0852,4958714.18,1823.67
2025-04,curve-llamalend,Curve LlamaLend,lending,,2391.9904,4288790.9,1792.98
2025-05,curve-llamalend,Curve LlamaLend,lending,,3589.8039,9038731.37,2517.89
2025-06,curve-llamalend,Curve LlamaLend,lending,,1861.7576,4647356.66,2496.22
2025-07,curve-llamalend,Curve LlamaLend,lending,,1853.4161,6847779.37,3694.68
2025-08,curve-llamalend,Curve LlamaLend,lending,,1685.1367,7415224.95,4400.37
2025-09,curve-llamalend,Curve LlamaLend,lending,,1699.6241,7048086.01,4146.85
2025-10,curve-llamalend,Curve LlamaLend,lending,,1266.3805,4881513.01,3854.6968
2025-11,curve-llamalend,Curve LlamaLend,lending,,687.3077,2053019.93,2987.0461
2025-12,curve-llamalend,Curve LlamaLend,lending,,505.9678,1503489.73,2971.5129
2026-01,curve-llamalend,Curve LlamaLend,lending,,499.555,1233780.5,2469.7591
2026-02,curve-llamalend,Curve LlamaLend,lending,,538.7006,1054380.07,1957.2655
2026-03,curve-llamalend,Curve LlamaLend,lending,,823.1628,1728694.23,2100.0636
2026-04,curve-llamalend,Curve LlamaLend,lending,,744.986,1682528.3,2258.4696
2026-05,curve-llamalend,Curve LlamaLend,lending,,636.0793,1278240.03,2009.5608
2026-06,curve-llamalend,Curve LlamaLend,lending,,680.3472,1066642.23,1567.7911
2026-07,curve-llamalend,Curve LlamaLend,lending,,615.237,1146479.0,1863.4753
2026-08,curve-llamalend,Curve LlamaLend,lending,,603.6045,1491281.12,2470.6262
2026-09,curve-llamalend,Curve LlamaLend,lending,,955.1233,2557079.81,2677.2247
2026-10-02,curve-llamalend,Curve LlamaLend,lending,,964.878,2575633.5,2669.3876
2024-11,cytonic-airdrop-campaign,Cytonic Airdrop Campaign,farming,points,236.899,882219.02,3724.03
2024-12,cytonic-airdrop-campaign,Cytonic Airdrop Campaign,farming,points,1550.8046,5163140.26,3329.33
2025-01,cytonic-airdrop-campaign,Cytonic Airdrop Campaign,farming,points,1619.0952,5341314.24,3298.95
2025-02,cytonic-airdrop-campaign,Cytonic Airdrop Campaign,farming,points,1619.5271,3604581.41,2225.7
2025-03,cytonic-airdrop-campaign,Cytonic Airdrop Campaign,farming,points,667.9174,1218060.85,1823.67
2025-04,cytonic-airdrop-campaign,Cytonic Airdrop Campaign,farming,points,666.2741,1194616.06,1792.98
2025-05,cytonic-airdrop-campaign,Cytonic Airdrop Campaign,farming,points,594.9188,1497940.03,2517.89
2025-06,cytonic-airdrop-campaign,Cytonic Airdrop Campaign,farming,points,538.1124,1343246.94,2496.22
2025-07,cytonic-airdrop-campaign,Cytonic Airdrop Campaign,farming,points,493.1161,1821906.25,3694.68
2025-08,cytonic-airdrop-campaign,Cytonic Airdrop Campaign,farming,points,463.218,2038330.72,4400.37
2025-09,cytonic-airdrop-campaign,Cytonic Airdrop Campaign,farming,points,856.7341,3552748.01,4146.85
2025-10,cytonic-airdrop-campaign,Cytonic Airdrop Campaign,farming,points,312.4461,1204385.11,3854.6968
2025-11,cytonic-airdrop-campaign,Cytonic Airdrop Campaign,farming,points,244.06,729018.56,2987.0461
2025-12,cytonic-airdrop-campaign,Cytonic Airdrop Campaign,farming,points,191.4105,568778.67,2971.5129
2026-01,cytonic-airdrop-campaign,Cytonic Airdrop Campaign,farming,points,169.8885,419583.68,2469.7591
2026-02,cytonic-airdrop-campaign,Cytonic Airdrop Campaign,farming,points,142.9856,279860.72,1957.2655
2026-03,cytonic-airdrop-campaign,Cytonic Airdrop Campaign,farming,points,72.8637,153018.48,2100.0636
2026-04,cytonic-airdrop-campaign,Cytonic Airdrop Campaign,farming,points,59.0183,133290.94,2258.4696
2026-05,cytonic-airdrop-campaign,Cytonic Airdrop Campaign,farming,points,53.0909,106689.43,2009.5608
2026-06,cytonic-airdrop-campaign,Cytonic Airdrop Campaign,farming,points,50.5233,79210.01,1567.7911
2026-07,cytonic-airdrop-campaign,Cytonic Airdrop Campaign,farming,points,44.2123,82388.49,1863.4753
2026-08,cytonic-airdrop-campaign,Cytonic Airdrop Campaign,farming,points,39.6322,97916.45,2470.6262
2026-09,cytonic-airdrop-campaign,Cytonic Airdrop Campaign,farming,points,35.6267,95380.79,2677.2247
2026-10-02,cytonic-airdrop-campaign,Cytonic Airdrop Campaign,farming,points,35.5028,94770.82,2669.3876
2024-10,desyn-basis-trading,DeSyn Basis Trading,basis,,7405.187,18644039.41,2517.7
2024-11,desyn-basis-trading,DeSyn Basis Trading,basis,,0.0,0.0,3724.03
2024-12,desyn-basis-trading,DeSyn Basis Trading,basis,,0.0,0.0,3329.33
2025-01,desyn-basis-trading,DeSyn Basis Trading,basis,,0.0,0.0,3298.95
2025-02,desyn-basis-trading,DeSyn Basis Trading,basis,,0.0,0.0,2225.7
2025-03,desyn-basis-trading,DeSyn Basis Trading,basis,,0.0,0.0,1823.67
2025-04,desyn-basis-trading,DeSyn Basis Trading,basis,,0.0,0.0,1792.98
2025-05,desyn-basis-trading,DeSyn Basis Trading,basis,,0.0,0.0,2517.89
2025-06,desyn-basis-trading,DeSyn Basis Trading,basis,,0.0,0.0,2496.22
2025-07,desyn-basis-trading,DeSyn Basis Trading,basis,,0.0,0.0,3694.68
2025-08,desyn-basis-trading,DeSyn Basis Trading,basis,,0.0,0.0,4400.37
2025-09,desyn-basis-trading,DeSyn Basis Trading,basis,,0.0,0.0,4146.85
2025-10,desyn-basis-trading,DeSyn Basis Trading,basis,,0.0,0.0,3854.6968
2025-11,desyn-basis-trading,DeSyn Basis Trading,basis,,0.0,0.0,2987.0461
2025-12,desyn-basis-trading,DeSyn Basis Trading,basis,,0.0,0.0,2971.5129
2026-01,desyn-basis-trading,DeSyn Basis Trading,basis,,0.0,0.0,2469.7591
2026-02,desyn-basis-trading,DeSyn Basis Trading,basis,,0.0,0.0,1957.2655
2026-03,desyn-basis-trading,DeSyn Basis Trading,basis,,0.0,0.0,2100.0636
2026-04,desyn-basis-trading,DeSyn Basis Trading,basis,,0.0,0.0,2258.4696
2026-05,desyn-basis-trading,DeSyn Basis Trading,basis,,0.0,0.0,2009.5608
2026-06,desyn-basis-trading,DeSyn Basis Trading,basis,,0.0,0.0,1567.7911
2026-07,desyn-basis-trading,DeSyn Basis Trading,basis,,0.0,0.0,1863.4753
2026-08,desyn-basis-trading,DeSyn Basis Trading,basis,,0.0,0.0,2470.6262
2026-09,desyn-basis-trading,DeSyn Basis Trading,basis,,0.0,0.0,2677.2247
2026-10-02,desyn-basis-trading,DeSyn Basis Trading,basis,,0.0,0.0,2669.3876
2025-07,dexfi-aggregator,DexFi Aggregator,farming,vaults,375.5523,1387545.75,3694.68
2025-08,dexfi-aggregator,DexFi Aggregator,farming,vaults,283.8054,1248848.67,4400.37
2025-09,dexfi-aggregator,DexFi Aggregator,farming,vaults,288.015,1194355.02,4146.85
2025-10,dexfi-aggregator,DexFi Aggregator,farming,vaults,278.0517,1071805.14,3854.6968
2025-11,dexfi-aggregator,DexFi Aggregator,farming,vaults,291.6872,871283.07,2987.0461
2025-12,dexfi-aggregator,DexFi Aggregator,farming,vaults,220.2894,654592.71,2971.5129
2026-01,dexfi-aggregator,DexFi Aggregator,farming,vaults,288.1969,711776.96,2469.7591
2026-02,dexfi-aggregator,DexFi Aggregator,farming,vaults,430.7129,843019.45,1957.2655
2026-03,dexfi-aggregator,DexFi Aggregator,farming,vaults,331.1019,695334.98,2100.0636
2026-04,dexfi-aggregator,DexFi Aggregator,farming,vaults,314.0636,709303.0,2258.4696
2026-05,dexfi-aggregator,DexFi Aggregator,farming,vaults,609.7478,1225325.38,2009.5608
2026-06,dexfi-aggregator,DexFi Aggregator,farming,vaults,410.8744,644165.18,1567.7911
2026-07,dexfi-aggregator,DexFi Aggregator,farming,vaults,341.2187,635852.67,1863.4753
2026-08,dexfi-aggregator,DexFi Aggregator,farming,vaults,423.4961,1046300.53,2470.6262
2026-09,dexfi-aggregator,DexFi Aggregator,farming,vaults,447.8996,1199127.83,2677.2247
2026-10-02,dexfi-aggregator,DexFi Aggregator,farming,vaults,448.337,1196785.18,2669.3876
2024-10,dinero-(pxeth),Dinero (pxETH),staking,,25188.3775,63416778.09,2517.7
2024-11,dinero-(pxeth),Dinero (pxETH),staking,,27306.3722,101689749.4,3724.03
2024-12,dinero-(pxeth),Dinero (pxETH),staking,,33450.8018,111368758.12,3329.33
2025-01,dinero-(pxeth),Dinero (pxETH),staking,,42498.3036,140199778.75,3298.95
2025-02,dinero-(pxeth),Dinero (pxETH),staking,,62561.5276,139243192.0,2225.7
2025-03,dinero-(pxeth),Dinero (pxETH),staking,,66940.4513,122077292.78,1823.67
2025-04,dinero-(pxeth),Dinero (pxETH),staking,,70294.8629,126037283.32,1792.98
2025-05,dinero-(pxeth),Dinero (pxETH),staking,,32672.531,82265839.0,2517.89
2025-06,dinero-(pxeth),Dinero (pxETH),staking,,30283.0588,75593176.92,2496.22
2025-07,dinero-(pxeth),Dinero (pxETH),staking,,19150.8665,70756323.62,3694.68
2025-08,dinero-(pxeth),Dinero (pxETH),staking,,20090.2033,88404328.04,4400.37
2025-09,dinero-(pxeth),Dinero (pxETH),staking,,11381.9947,47199424.53,4146.85
2025-10,dinero-(pxeth),Dinero (pxETH),staking,,8823.8854,34013402.72,3854.6968
2025-11,dinero-(pxeth),Dinero (pxETH),staking,,7928.1945,23681882.72,2987.0461
2025-12,dinero-(pxeth),Dinero (pxETH),staking,,6158.6476,18300500.47,2971.5129
2026-01,dinero-(pxeth),Dinero (pxETH),staking,,4547.7636,11231880.48,2469.7591
2026-02,dinero-(pxeth),Dinero (pxETH),staking,,4339.3203,8493202.06,1957.2655
2026-03,dinero-(pxeth),Dinero (pxETH),staking,,3953.8715,8303381.67,2100.0636
2026-04,dinero-(pxeth),Dinero (pxETH),staking,,2559.635,5780857.85,2258.4696
2026-05,dinero-(pxeth),Dinero (pxETH),staking,,2385.8043,4794418.75,2009.5608
2026-06,dinero-(pxeth),Dinero (pxETH),staking,,2287.0579,3585629.05,1567.7911
2026-07,dinero-(pxeth),Dinero (pxETH),staking,,2068.3639,3854345.18,1863.4753
2026-08,dinero-(pxeth),Dinero (pxETH),staking,,2141.6017,5291097.31,2470.6262
2026-09,dinero-(pxeth),Dinero (pxETH),staking,,2155.4613,5770654.23,2677.2247
2026-10-02,dinero-(pxeth),Dinero (pxETH),staking,,2150.5338,5740608.32,2669.3876
2024-10,dodo-amm,DODO AMM,farming,pools,700.6526,1764033.1,2517.7
2024-11,dodo-amm,DODO AMM,farming,pools,917.7486,3417723.2,3724.03
2024-12,dodo-amm,DODO AMM,farming,pools,922.0833,3069919.5,3329.33
2025-01,dodo-amm,DODO AMM,farming,pools,1011.3035,3336239.76,3298.95
2025-02,dodo-amm,DODO AMM,farming,pools,1085.2932,2415536.98,2225.7
2025-03,dodo-amm,DODO AMM,farming,pools,1233.7676,2249984.88,1823.67
2025-04,dodo-amm,DODO AMM,farming,pools,1439.0891,2580258.05,1792.98
2025-05,dodo-amm,DODO AMM,farming,pools,1276.8155,3214881.06,2517.89
2025-06,dodo-amm,DODO AMM,farming,pools,1254.4748,3131445.17,2496.22
2025-07,dodo-amm,DODO AMM,farming,pools,1054.7196,3896851.4,3694.68
2025-08,dodo-amm,DODO AMM,farming,pools,1046.9274,4606867.92,4400.37
2025-09,dodo-amm,DODO AMM,farming,pools,977.7058,4054399.18,4146.85
2025-10,dodo-amm,DODO AMM,farming,pools,1059.1984,4082888.76,3854.6968
2025-11,dodo-amm,DODO AMM,farming,pools,1073.54,3206713.51,2987.0461
2025-12,dodo-amm,DODO AMM,farming,pools,1233.4622,3665248.75,2971.5129
2026-01,dodo-amm,DODO AMM,farming,pools,1361.3401,3362181.98,2469.7591
2026-02,dodo-amm,DODO AMM,farming,pools,1139.1286,2229577.17,1957.2655
2026-03,dodo-amm,DODO AMM,farming,pools,1048.8005,2202547.8,2100.0636
2026-04,dodo-amm,DODO AMM,farming,pools,939.1512,2121044.45,2258.4696
2026-05,dodo-amm,DODO AMM,farming,pools,1284.8219,2581927.78,2009.5608
2026-06,dodo-amm,DODO AMM,farming,pools,1017.0486,1594519.78,1567.7911
2026-07,dodo-amm,DODO AMM,farming,pools,927.9968,1729299.09,1863.4753
2026-08,dodo-amm,DODO AMM,farming,pools,789.2004,1949819.12,2470.6262
2026-09,dodo-amm,DODO AMM,farming,pools,802.2162,2147713.14,2677.2247
2026-10-02,dodo-amm,DODO AMM,farming,pools,777.0835,2074337.16,2669.3876
2024-10,dolomite,Dolomite,lending,,1587.3055,3996359.07,2517.7
2024-11,dolomite,Dolomite,lending,,710.0622,2644292.91,3724.03
2024-12,dolomite,Dolomite,lending,,4277.9342,14242654.52,3329.33
2025-01,dolomite,Dolomite,lending,,491.9457,1622904.25,3298.95
2025-02,dolomite,Dolomite,lending,,72672.8685,161748003.5,2225.7
2025-03,dolomite,Dolomite,lending,,37104.7506,67666820.55,1823.67
2025-04,dolomite,Dolomite,lending,,35162.1082,63044956.83,1792.98
2025-05,dolomite,Dolomite,lending,,1600.1543,4029012.53,2517.89
2025-06,dolomite,Dolomite,lending,,2562.3634,6396222.89,2496.22
2025-07,dolomite,Dolomite,lending,,1304.5894,4820040.54,3694.68
2025-08,dolomite,Dolomite,lending,,3011.3743,13251161.3,4400.37
2025-09,dolomite,Dolomite,lending,,2718.0407,11271306.91,4146.85
2025-10,dolomite,Dolomite,lending,,3885.1582,14976106.64,3854.6968
2025-11,dolomite,Dolomite,lending,,2592.1915,7742995.53,2987.0461
2025-12,dolomite,Dolomite,lending,,2107.7951,6263340.27,2971.5129
2026-01,dolomite,Dolomite,lending,,21999.2536,54332856.68,2469.7591
2026-02,dolomite,Dolomite,lending,,13086.8689,25614477.41,1957.2655
2026-03,dolomite,Dolomite,lending,,16067.9352,33743685.72,2100.0636
2026-04,dolomite,Dolomite,lending,,8249.3771,18630967.46,2258.4696
2026-05,dolomite,Dolomite,lending,,11005.8333,22116891.22,2009.5608
2026-06,dolomite,Dolomite,lending,,12636.1255,19810804.86,1567.7911
2026-07,dolomite,Dolomite,lending,,12677.0228,23623319.4,1863.4753
2026-08,dolomite,Dolomite,lending,,10349.2001,25569004.95,2470.6262
2026-09,dolomite,Dolomite,lending,,9287.023,24863447.33,2677.2247
2026-10-02,dolomite,Dolomite,lending,,9682.6715,25846803.23,2669.3876
2024-10,echelon-market,Echelon Market,lending,,710.8239,1789641.37,2517.7
2024-11,echelon-market,Echelon Market,lending,,1544.7272,5752610.59,3724.03
2024-12,echelon-market,Echelon Market,lending,,488.0447,1624861.92,3329.33
2025-01,echelon-market,Echelon Market,lending,,530.9353,1751529.13,3298.95
2025-02,echelon-market,Echelon Market,lending,,147.5404,328380.61,2225.7
2025-03,echelon-market,Echelon Market,lending,,123.0059,224322.1,1823.67
2025-04,echelon-market,Echelon Market,lending,,60.7911,108997.19,1792.98
2025-05,echelon-market,Echelon Market,lending,,65.5056,164935.91,2517.89
2025-06,echelon-market,Echelon Market,lending,,329.668,822923.97,2496.22
2025-07,echelon-market,Echelon Market,lending,,334.6463,1236411.06,3694.68
2025-08,echelon-market,Echelon Market,lending,,203.3856,894971.82,4400.37
2025-09,echelon-market,Echelon Market,lending,,98.1758,407120.28,4146.85
2025-10,echelon-market,Echelon Market,lending,,95.8464,369458.68,3854.6968
2025-11,echelon-market,Echelon Market,lending,,56.2571,168042.57,2987.0461
2025-12,echelon-market,Echelon Market,lending,,75.3423,223880.73,2971.5129
2026-01,echelon-market,Echelon Market,lending,,119.7722,295808.4,2469.7591
2026-02,echelon-market,Echelon Market,lending,,105.6334,206752.63,1957.2655
2026-03,echelon-market,Echelon Market,lending,,95.7395,201059.07,2100.0636
2026-04,echelon-market,Echelon Market,lending,,72.3765,163460.12,2258.4696
2026-05,echelon-market,Echelon Market,lending,,68.8042,138266.26,2009.5608
2026-06,echelon-market,Echelon Market,lending,,36.2586,56845.98,1567.7911
2026-07,echelon-market,Echelon Market,lending,,36.0598,67196.6,1863.4753
2026-08,echelon-market,Echelon Market,lending,,35.9226,88751.29,2470.6262
2026-09,echelon-market,Echelon Market,lending,,33.8408,90599.41,2677.2247
2026-10-02,echelon-market,Echelon Market,lending,,33.6296,89770.51,2669.3876
2024-10,eigencloud,EigenLayer: direct restaking,restaking,,576303.8443,1450960188.76,2517.7
2024-11,eigencloud,EigenLayer: direct restaking,restaking,,446328.2758,1662139888.93,3724.03
2024-12,eigencloud,EigenLayer: direct restaking,restaking,,462744.7552,1540629995.92,3329.33
2025-01,eigencloud,EigenLayer: direct restaking,restaking,,454514.9673,1499422151.4,3298.95
2025-02,eigencloud,EigenLayer: direct restaking,restaking,,490429.9837,1091550014.68,2225.7
2025-03,eigencloud,EigenLayer: direct restaking,restaking,,730528.0966,1332242173.96,1823.67
2025-04,eigencloud,EigenLayer: direct restaking,restaking,,493107.4231,884131747.48,1792.98
2025-05,eigencloud,EigenLayer: direct restaking,restaking,,809251.5158,2037606299.24,2517.89
2025-06,eigencloud,EigenLayer: direct restaking,restaking,,1151936.8771,2875487871.39,2496.22
2025-07,eigencloud,EigenLayer: direct restaking,restaking,,1337083.1334,4940094311.46,3694.68
2025-08,eigencloud,EigenLayer: direct restaking,restaking,,1096764.7513,4826170708.79,4400.37
2025-09,eigencloud,EigenLayer: direct restaking,restaking,,894864.699,3710869677.25,4146.85
2025-10,eigencloud,EigenLayer: direct restaking,restaking,,939240.2378,3620486316.94,3854.6968
2025-11,eigencloud,EigenLayer: direct restaking,restaking,,1086244.2473,3244661696.63,2987.0461
2025-12,eigencloud,EigenLayer: direct restaking,restaking,,879885.1293,2614589983.59,2971.5129
2026-01,eigencloud,EigenLayer: direct restaking,restaking,,780184.1193,1926866829.24,2469.7591
2026-02,eigencloud,EigenLayer: direct restaking,restaking,,894934.8437,1751625124.59,1957.2655
2026-03,eigencloud,EigenLayer: direct restaking,restaking,,904089.4653,1898645368.61,2100.0636
2026-04,eigencloud,EigenLayer: direct restaking,restaking,,693568.3365,1566403010.53,2258.4696
2026-05,eigencloud,EigenLayer: direct restaking,restaking,,413456.7577,830866495.82,2009.5608
2026-06,eigencloud,EigenLayer: direct restaking,restaking,,422350.3633,662157132.63,1567.7911
2026-07,eigencloud,EigenLayer: direct restaking,restaking,,366670.8246,683282037.97,1863.4753
2026-08,eigencloud,EigenLayer: direct restaking,restaking,,278676.7309,688506033.11,2470.6262
2026-09,eigencloud,EigenLayer: direct restaking,restaking,,188514.992,504696991.22,2677.2247
2026-10-02,eigencloud,EigenLayer: direct restaking,restaking,,204199.6708,545088069.73,2669.3876
2024-10,eigenpie,Eigenpie,restaking,,434226.9373,1093253160.01,2517.7
2024-11,eigenpie,Eigenpie,restaking,,428711.8305,1596535717.97,3724.03
2024-12,eigenpie,Eigenpie,restaking,,275591.9121,917536420.68,3329.33
2025-01,eigenpie,Eigenpie,restaking,,270026.2326,890803039.99,3298.95
2025-02,eigenpie,Eigenpie,restaking,,269537.9409,599910595.14,2225.7
2025-03,eigenpie,Eigenpie,restaking,,214383.8587,390965411.59,1823.67
2025-04,eigenpie,Eigenpie,restaking,,215033.7696,385551248.29,1792.98
2025-05,eigenpie,Eigenpie,restaking,,215198.5489,541846274.4,2517.89
2025-06,eigenpie,Eigenpie,restaking,,213452.3673,532824068.33,2496.22
2025-07,eigenpie,Eigenpie,restaking,,5963.7727,22034231.54,3694.68
2025-08,eigenpie,Eigenpie,restaking,,5612.3328,24696340.97,4400.37
2025-09,eigenpie,Eigenpie,restaking,,4748.1434,19689838.57,4146.85
2025-10,eigenpie,Eigenpie,restaking,,2684.9227,10349562.7,3854.6968
2025-11,eigenpie,Eigenpie,restaking,,2830.2353,8454043.56,2987.0461
2025-12,eigenpie,Eigenpie,restaking,,2620.2074,7785980.13,2971.5129
2026-01,eigenpie,Eigenpie,restaking,,2392.299,5908402.34,2469.7591
2026-02,eigenpie,Eigenpie,restaking,,2144.2603,4196886.71,1957.2655
2026-03,eigenpie,Eigenpie,restaking,,2135.3353,4484340.01,2100.0636
2026-04,eigenpie,Eigenpie,restaking,,2066.5795,4667306.94,2258.4696
2026-05,eigenpie,Eigenpie,restaking,,1999.3859,4017887.47,2009.5608
2026-06,eigenpie,Eigenpie,restaking,,1798.3507,2819438.16,1567.7911
2026-07,eigenpie,Eigenpie,restaking,,1764.3029,3287734.92,1863.4753
2026-08,eigenpie,Eigenpie,restaking,,1716.4095,4240606.27,2470.6262
2026-09,eigenpie,Eigenpie,restaking,,1692.3935,4530917.7,2677.2247
2026-10-02,eigenpie,Eigenpie,restaking,,1683.1078,4492867.04,2669.3876
2024-10,ekubo,Ekubo,farming,pools,7758.7823,19534286.24,2517.7
2024-11,ekubo,Ekubo,farming,pools,7189.9159,26775462.37,3724.03
2024-12,ekubo,Ekubo,farming,pools,4048.1952,13477777.86,3329.33
2025-01,ekubo,Ekubo,farming,pools,2043.9747,6742970.46,3298.95
2025-02,ekubo,Ekubo,farming,pools,2588.9774,5762286.98,2225.7
2025-03,ekubo,Ekubo,farming,pools,3161.8874,5766239.26,1823.67
2025-04,ekubo,Ekubo,farming,pools,3136.0708,5622912.22,1792.98
2025-05,ekubo,Ekubo,farming,pools,2405.738,6057383.76,2517.89
2025-06,ekubo,Ekubo,farming,pools,2618.9424,6537456.39,2496.22
2025-07,ekubo,Ekubo,farming,pools,2193.6315,8104766.34,3694.68
2025-08,ekubo,Ekubo,farming,pools,2111.2015,9290067.65,4400.37
2025-09,ekubo,Ekubo,farming,pools,2676.4142,11098688.15,4146.85
2025-10,ekubo,Ekubo,farming,pools,2824.8269,10888851.31,3854.6968
2025-11,ekubo,Ekubo,farming,pools,3818.4076,11405759.76,2987.0461
2025-12,ekubo,Ekubo,farming,pools,3349.3797,9952725.01,2971.5129
2026-01,ekubo,Ekubo,farming,pools,3902.0704,9637173.79,2469.7591
2026-02,ekubo,Ekubo,farming,pools,3109.2627,6085652.64,1957.2655
2026-03,ekubo,Ekubo,farming,pools,3088.2537,6485529.11,2100.0636
2026-04,ekubo,Ekubo,farming,pools,2769.9373,6255819.18,2258.4696
2026-05,ekubo,Ekubo,farming,pools,2424.4936,4872167.24,2009.5608
2026-06,ekubo,Ekubo,farming,pools,3406.9508,5341387.01,1567.7911
2026-07,ekubo,Ekubo,farming,pools,2088.3918,3891666.68,1863.4753
2026-08,ekubo,Ekubo,farming,pools,1590.1578,3928685.44,2470.6262
2026-09,ekubo,Ekubo,farming,pools,1842.2908,4932226.31,2677.2247
2026-10-02,ekubo,Ekubo,farming,pools,1860.5469,4966520.75,2669.3876
2024-10,enzyme-finance,Enzyme Finance,farming,vaults,47847.9388,120466755.61,2517.7
2024-11,enzyme-finance,Enzyme Finance,farming,vaults,44592.892,166065267.74,3724.03
2024-12,enzyme-finance,Enzyme Finance,farming,vaults,24780.3715,82502034.2,3329.33
2025-01,enzyme-finance,Enzyme Finance,farming,vaults,22471.2731,74131606.45,3298.95
2025-02,enzyme-finance,Enzyme Finance,farming,vaults,21578.4072,48027060.85,2225.7
2025-03,enzyme-finance,Enzyme Finance,farming,vaults,20442.2342,37279889.15,1823.67
2025-04,enzyme-finance,Enzyme Finance,farming,vaults,20675.2007,37070221.28,1792.98
2025-05,enzyme-finance,Enzyme Finance,farming,vaults,19991.4491,50336269.79,2517.89
2025-06,enzyme-finance,Enzyme Finance,farming,vaults,19727.0886,49243153.19,2496.22
2025-07,enzyme-finance,Enzyme Finance,farming,vaults,19701.2173,72789693.69,3694.68
2025-08,enzyme-finance,Enzyme Finance,farming,vaults,19298.491,84920500.62,4400.37
2025-09,enzyme-finance,Enzyme Finance,farming,vaults,19298.9389,80029804.7,4146.85
2025-10,enzyme-finance,Enzyme Finance,farming,vaults,19213.4474,74062013.87,3854.6968
2025-11,enzyme-finance,Enzyme Finance,farming,vaults,18611.8148,55594349.82,2987.0461
2025-12,enzyme-finance,Enzyme Finance,farming,vaults,23941.7558,71143235.4,2971.5129
2026-01,enzyme-finance,Enzyme Finance,farming,vaults,24096.9939,59513770.11,2469.7591
2026-02,enzyme-finance,Enzyme Finance,farming,vaults,25038.527,49007045.82,1957.2655
2026-03,enzyme-finance,Enzyme Finance,farming,vaults,24251.0908,50928832.92,2100.0636
2026-04,enzyme-finance,Enzyme Finance,farming,vaults,23852.0375,53869101.95,2258.4696
2026-05,enzyme-finance,Enzyme Finance,farming,vaults,23191.7231,46605177.73,2009.5608
2026-06,enzyme-finance,Enzyme Finance,farming,vaults,23253.6069,36456797.45,1567.7911
2026-07,enzyme-finance,Enzyme Finance,farming,vaults,25353.4052,47245445.25,1863.4753
2026-08,enzyme-finance,Enzyme Finance,farming,vaults,17645.9137,43596456.83,2470.6262
2026-09,enzyme-finance,Enzyme Finance,farming,vaults,17727.176,47459633.18,2677.2247
2026-10-02,enzyme-finance,Enzyme Finance,farming,vaults,17749.2241,47379558.65,2669.3876
2024-10,ether.fi-stake,ether.fi Stake,restaking,,1686364.253,4245759279.72,2517.7
2024-11,ether.fi-stake,ether.fi Stake,restaking,,2130505.5313,7934066513.7,3724.03
2024-12,ether.fi-stake,ether.fi Stake,restaking,,2246645.8921,7479825567.9,3329.33
2025-01,ether.fi-stake,ether.fi Stake,restaking,,2267835.8596,7481477109.0,3298.95
2025-02,ether.fi-stake,ether.fi Stake,restaking,,2228652.1687,4960311131.86,2225.7
2025-03,ether.fi-stake,ether.fi Stake,restaking,,2284338.8849,4165880294.26,1823.67
2025-04,ether.fi-stake,ether.fi Stake,restaking,,2254544.6577,4042353480.35,1792.98
2025-05,ether.fi-stake,ether.fi Stake,restaking,,1997221.5702,5028784219.34,2517.89
2025-06,ether.fi-stake,ether.fi Stake,restaking,,2069594.7247,5166163743.65,2496.22
2025-07,ether.fi-stake,ether.fi Stake,restaking,,2231612.8734,8245095451.0,3694.68
2025-08,ether.fi-stake,ether.fi Stake,restaking,,2158266.5204,9497171248.32,4400.37
2025-09,ether.fi-stake,ether.fi Stake,restaking,,2103353.4863,8722291404.65,4146.85
2025-10,ether.fi-stake,ether.fi Stake,restaking,,2133325.6026,8223323323.29,3854.6968
2025-11,ether.fi-stake,ether.fi Stake,restaking,,2033721.9075,6074821193.45,2987.0461
2025-12,ether.fi-stake,ether.fi Stake,restaking,,2449656.1371,7279184732.14,2971.5129
2026-01,ether.fi-stake,ether.fi Stake,restaking,,2627213.4753,6488584391.41,2469.7591
2026-02,ether.fi-stake,ether.fi Stake,restaking,,2572247.8063,5034571975.63,1957.2655
2026-03,ether.fi-stake,ether.fi Stake,restaking,,2217106.6299,4656064909.65,2100.0636
2026-04,ether.fi-stake,ether.fi Stake,restaking,,2005646.2767,4529691164.56,2258.4696
2026-05,ether.fi-stake,ether.fi Stake,restaking,,1526995.7666,3068590845.94,2009.5608
2026-06,ether.fi-stake,ether.fi Stake,restaking,,1502182.0305,2355107589.55,1567.7911
2026-07,ether.fi-stake,ether.fi Stake,restaking,,1555895.7802,2899373411.8,1863.4753
2026-08,ether.fi-stake,ether.fi Stake,restaking,,1581213.4918,3906587482.56,2470.6262
2026-09,ether.fi-stake,ether.fi Stake,restaking,,1699119.9402,4548925856.5,2677.2247
2026-10-02,ether.fi-stake,ether.fi Stake,restaking,,1689026.179,4508665541.9,2669.3876
2024-10,euclid-finance,Euclid Finance,restaking,,220.2026,554404.21,2517.7
2024-11,euclid-finance,Euclid Finance,restaking,,103.237,384457.62,3724.03
2024-12,euclid-finance,Euclid Finance,restaking,,103.5167,344641.35,3329.33
2025-01,euclid-finance,Euclid Finance,restaking,,103.3969,341101.23,3298.95
2025-02,euclid-finance,Euclid Finance,restaking,,104.0927,231679.13,2225.7
2025-03,euclid-finance,Euclid Finance,restaking,,229.7976,419075.07,1823.67
2025-04,euclid-finance,Euclid Finance,restaking,,180.8963,324343.37,1792.98
2025-05,euclid-finance,Euclid Finance,restaking,,135.2744,340606.05,2517.89
2025-06,euclid-finance,Euclid Finance,restaking,,128.0672,319683.87,2496.22
2025-07,euclid-finance,Euclid Finance,restaking,,121.0843,447367.81,3694.68
2025-08,euclid-finance,Euclid Finance,restaking,,119.9272,527724.13,4400.37
2025-09,euclid-finance,Euclid Finance,restaking,,119.4176,495206.78,4146.85
2025-10,euclid-finance,Euclid Finance,restaking,,119.5832,460956.92,3854.6968
2025-11,euclid-finance,Euclid Finance,restaking,,117.053,349642.75,2987.0461
2025-12,euclid-finance,Euclid Finance,restaking,,119.2392,354320.95,2971.5129
2026-01,euclid-finance,Euclid Finance,restaking,,118.5787,292860.83,2469.7591
2026-02,euclid-finance,Euclid Finance,restaking,,119.0758,233062.88,1957.2655
2026-03,euclid-finance,Euclid Finance,restaking,,119.4598,250873.11,2100.0636
2026-04,euclid-finance,Euclid Finance,restaking,,119.2779,269385.44,2258.4696
2026-05,euclid-finance,Euclid Finance,restaking,,119.1087,239356.23,2009.5608
2026-06,euclid-finance,Euclid Finance,restaking,,120.327,188647.65,1567.7911
2026-07,euclid-finance,Euclid Finance,restaking,,119.1683,222067.26,1863.4753
2026-08,euclid-finance,Euclid Finance,restaking,,119.0036,294013.37,2470.6262
2026-09,euclid-finance,Euclid Finance,restaking,,119.4382,319762.88,2677.2247
2026-10-02,euclid-finance,Euclid Finance,restaking,,118.9742,317588.14,2669.3876
2024-10,euler-v2,Euler V2,lending,,188.888,475563.29,2517.7
2024-11,euler-v2,Euler V2,lending,,1195.2801,4451259.02,3724.03
2024-12,euler-v2,Euler V2,lending,,1409.7524,4693531.1,3329.33
2025-01,euler-v2,Euler V2,lending,,3658.5561,12069393.78,3298.95
2025-02,euler-v2,Euler V2,lending,,7268.3838,16177241.85,2225.7
2025-03,euler-v2,Euler V2,lending,,13240.5263,24146350.62,1823.67
2025-04,euler-v2,Euler V2,lending,,7989.7343,14325433.88,1792.98
2025-05,euler-v2,Euler V2,lending,,9297.7237,23410645.63,2517.89
2025-06,euler-v2,Euler V2,lending,,13806.8618,34464964.57,2496.22
2025-07,euler-v2,Euler V2,lending,,17297.0766,63907163.05,3694.68
2025-08,euler-v2,Euler V2,lending,,18679.5938,82197124.31,4400.37
2025-09,euler-v2,Euler V2,lending,,18033.1786,74780886.73,4146.85
2025-10,euler-v2,Euler V2,lending,,7476.9371,28821325.18,3854.6968
2025-11,euler-v2,Euler V2,lending,,2095.3337,6258858.47,2987.0461
2025-12,euler-v2,Euler V2,lending,,2530.3562,7518985.92,2971.5129
2026-01,euler-v2,Euler V2,lending,,1412.2717,3487970.93,2469.7591
2026-02,euler-v2,Euler V2,lending,,1188.591,2326388.17,1957.2655
2026-03,euler-v2,Euler V2,lending,,3289.8072,6908804.41,2100.0636
2026-04,euler-v2,Euler V2,lending,,529.4359,1195714.79,2258.4696
2026-05,euler-v2,Euler V2,lending,,1322.7396,2658125.63,2009.5608
2026-06,euler-v2,Euler V2,lending,,9101.5891,14269390.17,1567.7911
2026-07,euler-v2,Euler V2,lending,,7119.7463,13267471.7,1863.4753
2026-08,euler-v2,Euler V2,lending,,4210.8642,10403471.52,2470.6262
2026-09,euler-v2,Euler V2,lending,,8387.4245,22455019.88,2677.2247
2026-10-02,euler-v2,Euler V2,lending,,7704.5687,20566480.07,2669.3876
2024-10,exactly,Exactly,lending,,883.4202,2224187.16,2517.7
2024-11,exactly,Exactly,lending,,590.138,2197691.54,3724.03
2024-12,exactly,Exactly,lending,,546.5654,1819696.49,3329.33
2025-01,exactly,Exactly,lending,,555.1102,1831280.82,3298.95
2025-02,exactly,Exactly,lending,,793.2797,1765602.62,2225.7
2025-03,exactly,Exactly,lending,,864.7349,1576991.13,1823.67
2025-04,exactly,Exactly,lending,,803.1051,1439951.32,1792.98
2025-05,exactly,Exactly,lending,,722.7442,1819790.43,2517.89
2025-06,exactly,Exactly,lending,,630.3797,1573566.46,2496.22
2025-07,exactly,Exactly,lending,,443.9661,1640312.8,3694.68
2025-08,exactly,Exactly,lending,,311.8842,1372405.93,4400.37
2025-09,exactly,Exactly,lending,,422.1576,1750624.36,4146.85
2025-10,exactly,Exactly,lending,,365.278,1408035.86,3854.6968
2025-11,exactly,Exactly,lending,,368.0272,1099314.33,2987.0461
2025-12,exactly,Exactly,lending,,417.034,1239221.75,2971.5129
2026-01,exactly,Exactly,lending,,329.9022,814778.88,2469.7591
2026-02,exactly,Exactly,lending,,289.1416,565926.89,1957.2655
2026-03,exactly,Exactly,lending,,286.0743,600774.25,2100.0636
2026-04,exactly,Exactly,lending,,283.5048,640286.98,2258.4696
2026-05,exactly,Exactly,lending,,308.6711,620293.33,2009.5608
2026-06,exactly,Exactly,lending,,364.7285,571818.16,1567.7911
2026-07,exactly,Exactly,lending,,394.9883,736050.95,1863.4753
2026-08,exactly,Exactly,lending,,428.1843,1057883.38,2470.6262
2026-09,exactly,Exactly,lending,,460.6081,1233151.48,2677.2247
2026-10-02,exactly,Exactly,lending,,465.4116,1242364.05,2669.3876
2025-04,extra-finance-vaults,Extra Finance Vaults,farming,vaults,295.8589,530469.08,1792.98
2025-05,extra-finance-vaults,Extra Finance Vaults,farming,vaults,401.961,1012093.61,2517.89
2025-06,extra-finance-vaults,Extra Finance Vaults,farming,vaults,2121.9102,5296754.67,2496.22
2025-07,extra-finance-vaults,Extra Finance Vaults,farming,vaults,3298.7237,12187728.6,3694.68
2025-08,extra-finance-vaults,Extra Finance Vaults,farming,vaults,4882.771,21485999.07,4400.37
2025-09,extra-finance-vaults,Extra Finance Vaults,farming,vaults,4136.0723,17151671.28,4146.85
2025-10,extra-finance-vaults,Extra Finance Vaults,farming,vaults,4527.9684,17453945.26,3854.6968
2025-11,extra-finance-vaults,Extra Finance Vaults,farming,vaults,2280.8279,6812938.18,2987.0461
2025-12,extra-finance-vaults,Extra Finance Vaults,farming,vaults,3028.8149,9000162.34,2971.5129
2026-01,extra-finance-vaults,Extra Finance Vaults,farming,vaults,3333.4478,8232812.94,2469.7591
2026-02,extra-finance-vaults,Extra Finance Vaults,farming,vaults,2420.5563,4737671.45,1957.2655
2026-03,extra-finance-vaults,Extra Finance Vaults,farming,vaults,2150.0465,4515234.28,2100.0636
2026-04,extra-finance-vaults,Extra Finance Vaults,farming,vaults,381.4636,861524.01,2258.4696
2026-05,extra-finance-vaults,Extra Finance Vaults,farming,vaults,316.6427,636312.84,2009.5608
2026-06,extra-finance-vaults,Extra Finance Vaults,farming,vaults,251.3613,394082.05,1567.7911
2026-07,extra-finance-vaults,Extra Finance Vaults,farming,vaults,249.7915,465480.34,1863.4753
2026-08,extra-finance-vaults,Extra Finance Vaults,farming,vaults,230.3145,569020.99,2470.6262
2026-09,extra-finance-vaults,Extra Finance Vaults,farming,vaults,206.9538,554061.79,2677.2247
2026-10-02,extra-finance-vaults,Extra Finance Vaults,farming,vaults,206.558,551383.44,2669.3876
2026-08,fables,Fables,farming,pools,289.1544,714392.54,2470.6262
2026-09,fables,Fables,farming,pools,5324.3941,14254599.38,2677.2247
2026-10-02,fables,Fables,farming,pools,6505.7765,17366439.19,2669.3876
2026-05,fluid-dex,Fluid DEX,farming,pools,46902.0109,94252442.83,2009.5608
2026-06,fluid-dex,Fluid DEX,farming,pools,44257.6225,69386705.86,1567.7911
2026-07,fluid-dex,Fluid DEX,farming,pools,38559.8817,71855388.46,1863.4753
2026-08,fluid-dex,Fluid DEX,farming,pools,36167.7094,89356890.6,2470.6262
2026-09,fluid-dex,Fluid DEX,farming,pools,35700.9386,95579434.26,2677.2247
2026-10-02,fluid-dex,Fluid DEX,farming,pools,35573.8983,94960523.02,2669.3876
2024-10,fluid-lending,Fluid Lending,lending,,8921.7884,22462386.56,2517.7
2024-11,fluid-lending,Fluid Lending,lending,,8737.8261,32539926.43,3724.03
2024-12,fluid-lending,Fluid Lending,lending,,19465.7662,64807959.53,3329.33
2025-01,fluid-lending,Fluid Lending,lending,,17692.821,58367731.79,3298.95
2025-02,fluid-lending,Fluid Lending,lending,,13082.8466,29118491.62,2225.7
2025-03,fluid-lending,Fluid Lending,lending,,25694.1986,46857739.16,1823.67
2025-04,fluid-lending,Fluid Lending,lending,,22881.5471,41026156.3,1792.98
2025-05,fluid-lending,Fluid Lending,lending,,32663.7036,82243612.65,2517.89
2025-06,fluid-lending,Fluid Lending,lending,,33593.6773,83857209.18,2496.22
2025-07,fluid-lending,Fluid Lending,lending,,15847.1681,58550214.98,3694.68
2025-08,fluid-lending,Fluid Lending,lending,,13342.2805,58710970.87,4400.37
2025-09,fluid-lending,Fluid Lending,lending,,29495.1315,122311885.94,4146.85
2025-10,fluid-lending,Fluid Lending,lending,,26376.2956,101672621.54,3854.6968
2025-11,fluid-lending,Fluid Lending,lending,,27001.5565,80654895.37,2987.0461
2025-12,fluid-lending,Fluid Lending,lending,,24900.0739,73990889.85,2971.5129
2026-01,fluid-lending,Fluid Lending,lending,,32339.5105,79870800.5,2469.7591
2026-02,fluid-lending,Fluid Lending,lending,,28258.1167,55308637.84,1957.2655
2026-03,fluid-lending,Fluid Lending,lending,,25702.2427,53976344.06,2100.0636
2026-04,fluid-lending,Fluid Lending,lending,,14453.388,32642537.47,2258.4696
2026-05,fluid-lending,Fluid Lending,lending,,25403.6989,51050277.61,2009.5608
2026-06,fluid-lending,Fluid Lending,lending,,27860.6252,43679639.63,1567.7911
2026-07,fluid-lending,Fluid Lending,lending,,23553.1528,43890719.31,1863.4753
2026-08,fluid-lending,Fluid Lending,lending,,19796.846,48910606.35,2470.6262
2026-09,fluid-lending,Fluid Lending,lending,,9246.6935,24755476.03,2677.2247
2026-10-02,fluid-lending,Fluid Lending,lending,,13785.6759,36799312.36,2669.3876
2024-10,fluid-lite,Fluid Lite,loops,,32255.2738,81209102.72,2517.7
2024-11,fluid-lite,Fluid Lite,loops,,43818.1206,163179995.65,3724.03
2024-12,fluid-lite,Fluid Lite,loops,,44549.9453,148321469.28,3329.33
2025-01,fluid-lite,Fluid Lite,loops,,48863.5275,161198333.91,3298.95
2025-02,fluid-lite,Fluid Lite,loops,,52668.5128,117224309.0,2225.7
2025-03,fluid-lite,Fluid Lite,loops,,60912.4961,111084291.68,1823.67
2025-04,fluid-lite,Fluid Lite,loops,,60422.5512,108336425.78,1792.98
2025-05,fluid-lite,Fluid Lite,loops,,70183.1542,176713462.23,2517.89
2025-06,fluid-lite,Fluid Lite,loops,,69110.5035,172515021.01,2496.22
2025-07,fluid-lite,Fluid Lite,loops,,54744.9395,202265033.05,3694.68
2025-08,fluid-lite,Fluid Lite,loops,,56826.6819,250058426.25,4400.37
2025-09,fluid-lite,Fluid Lite,loops,,67325.8218,279190084.21,4146.85
2025-10,fluid-lite,Fluid Lite,loops,,68613.6935,264484983.0,3854.6968
2025-11,fluid-lite,Fluid Lite,loops,,76102.8703,227322785.66,2987.0461
2025-12,fluid-lite,Fluid Lite,loops,,85133.2173,252974450.76,2971.5129
2026-01,fluid-lite,Fluid Lite,loops,,95532.8662,235943165.77,2469.7591
2026-02,fluid-lite,Fluid Lite,loops,,73517.1011,143892488.07,1957.2655
2026-03,fluid-lite,Fluid Lite,loops,,80172.5057,168367360.21,2100.0636
2026-04,fluid-lite,Fluid Lite,loops,,70694.1563,159660603.64,2258.4696
2026-05,fluid-lite,Fluid Lite,loops,,63965.296,128542151.88,2009.5608
2026-06,fluid-lite,Fluid Lite,loops,,70509.7321,110544529.17,1567.7911
2026-07,fluid-lite,Fluid Lite,loops,,74666.245,139138706.07,1863.4753
2026-08,fluid-lite,Fluid Lite,loops,,72886.3439,180074911.02,2470.6262
2026-09,fluid-lite,Fluid Lite,loops,,77701.8944,208025430.34,2677.2247
2026-10-02,fluid-lite,Fluid Lite,loops,,77313.6451,206380085.58,2669.3876
2026-01,fluxion-network,Fluxion Network,farming,pools,0.3203,791.03,2469.7591
2026-02,fluxion-network,Fluxion Network,farming,pools,0.3456,676.49,1957.2655
2026-03,fluxion-network,Fluxion Network,farming,pools,0.3365,706.71,2100.0636
2026-04,fluxion-network,Fluxion Network,farming,pools,1.31,2958.68,2258.4696
2026-05,fluxion-network,Fluxion Network,farming,pools,1.3788,2770.69,2009.5608
2026-06,fluxion-network,Fluxion Network,farming,pools,1.5503,2430.59,1567.7911
2026-07,fluxion-network,Fluxion Network,farming,pools,1.4244,2654.41,1863.4753
2026-08,fluxion-network,Fluxion Network,farming,pools,1014.6249,2506758.92,2470.6262
2026-09,fluxion-network,Fluxion Network,farming,pools,831.1438,2225158.78,2677.2247
2026-10-02,fluxion-network,Fluxion Network,farming,pools,838.3744,2237946.22,2669.3876
2026-05,flying-tulip-lend,Flying Tulip Lend,lending,,5.9402,11937.23,2009.5608
2026-06,flying-tulip-lend,Flying Tulip Lend,lending,,727.7239,1140918.99,1567.7911
2026-07,flying-tulip-lend,Flying Tulip Lend,lending,,737.5784,1374459.13,1863.4753
2026-08,flying-tulip-lend,Flying Tulip Lend,lending,,429.0192,1059946.06,2470.6262
2026-09,flying-tulip-lend,Flying Tulip Lend,lending,,172.8029,462632.3,2677.2247
2026-10-02,flying-tulip-lend,Flying Tulip Lend,lending,,177.5577,473970.42,2669.3876
2024-10,folks-finance-xchain,Folks Finance xChain,lending,,37.1209,93459.29,2517.7
2024-11,folks-finance-xchain,Folks Finance xChain,lending,,330.7848,1231852.66,3724.03
2024-12,folks-finance-xchain,Folks Finance xChain,lending,,403.3243,1342799.55,3329.33
2025-01,folks-finance-xchain,Folks Finance xChain,lending,,449.7459,1483689.31,3298.95
2025-02,folks-finance-xchain,Folks Finance xChain,lending,,450.3798,1002410.43,2225.7
2025-03,folks-finance-xchain,Folks Finance xChain,lending,,657.8921,1199778.1,1823.67
2025-04,folks-finance-xchain,Folks Finance xChain,lending,,496.766,890691.44,1792.98
2025-05,folks-finance-xchain,Folks Finance xChain,lending,,516.2744,1299922.06,2517.89
2025-06,folks-finance-xchain,Folks Finance xChain,lending,,421.2732,1051590.7,2496.22
2025-07,folks-finance-xchain,Folks Finance xChain,lending,,613.052,2265030.92,3694.68
2025-08,folks-finance-xchain,Folks Finance xChain,lending,,181.0651,796753.64,4400.37
2025-09,folks-finance-xchain,Folks Finance xChain,lending,,154.3376,640014.83,4146.85
2025-10,folks-finance-xchain,Folks Finance xChain,lending,,223.4602,861371.16,3854.6968
2025-11,folks-finance-xchain,Folks Finance xChain,lending,,161.625,482781.44,2987.0461
2025-12,folks-finance-xchain,Folks Finance xChain,lending,,219.3796,651889.25,2971.5129
2026-01,folks-finance-xchain,Folks Finance xChain,lending,,151.9196,375204.87,2469.7591
2026-02,folks-finance-xchain,Folks Finance xChain,lending,,90.7126,177548.58,1957.2655
2026-03,folks-finance-xchain,Folks Finance xChain,lending,,72.2389,151706.26,2100.0636
2026-04,folks-finance-xchain,Folks Finance xChain,lending,,52.4486,118453.63,2258.4696
2026-05,folks-finance-xchain,Folks Finance xChain,lending,,56.2038,112945.03,2009.5608
2026-06,folks-finance-xchain,Folks Finance xChain,lending,,54.6391,85662.68,1567.7911
2026-07,folks-finance-xchain,Folks Finance xChain,lending,,54.8057,102129.06,1863.4753
2026-08,folks-finance-xchain,Folks Finance xChain,lending,,47.1858,116578.46,2470.6262
2026-09,folks-finance-xchain,Folks Finance xChain,lending,,44.5458,119259.03,2677.2247
2026-10-02,folks-finance-xchain,Folks Finance xChain,lending,,48.4265,129269.06,2669.3876
2025-09,forgeyields,ForgeYields,farming,vaults,30.1113,124866.89,4146.85
2025-10,forgeyields,ForgeYields,farming,vaults,40.234,155089.77,3854.6968
2025-11,forgeyields,ForgeYields,farming,vaults,53.6667,160304.95,2987.0461
2025-12,forgeyields,ForgeYields,farming,vaults,86.5623,257221.06,2971.5129
2026-01,forgeyields,ForgeYields,farming,vaults,135.8493,335515.16,2469.7591
2026-02,forgeyields,ForgeYields,farming,vaults,157.422,308116.72,1957.2655
2026-03,forgeyields,ForgeYields,farming,vaults,272.4399,572141.12,2100.0636
2026-04,forgeyields,ForgeYields,farming,vaults,276.829,625209.8,2258.4696
2026-05,forgeyields,ForgeYields,farming,vaults,268.2806,539126.13,2009.5608
2026-06,forgeyields,ForgeYields,farming,vaults,276.5877,433631.74,1567.7911
2026-07,forgeyields,ForgeYields,farming,vaults,211.1914,393550.01,1863.4753
2026-08,forgeyields,ForgeYields,farming,vaults,200.3542,495000.29,2470.6262
2026-09,forgeyields,ForgeYields,farming,vaults,199.7283,534717.57,2677.2247
2026-10-02,forgeyields,ForgeYields,farming,vaults,199.1398,531581.35,2669.3876
2024-10,frankencoin,Frankencoin,cdp,,0,0.0,2517.7
2024-11,frankencoin,Frankencoin,cdp,,0,0.0,3724.03
2024-12,frankencoin,Frankencoin,cdp,,301.3333,1003238.11,3329.33
2025-01,frankencoin,Frankencoin,cdp,,237.7654,784376.08,3298.95
2025-02,frankencoin,Frankencoin,cdp,,307.8289,685134.79,2225.7
2025-03,frankencoin,Frankencoin,cdp,,369.1466,673201.6,1823.67
2025-04,frankencoin,Frankencoin,cdp,,492.0,882146.16,1792.98
2025-05,frankencoin,Frankencoin,cdp,,492.0,1238801.88,2517.89
2025-06,frankencoin,Frankencoin,cdp,,11.9699,29879.52,2496.22
2025-07,frankencoin,Frankencoin,cdp,,10.0,36946.8,3694.68
2025-08,frankencoin,Frankencoin,cdp,,9.9772,43903.5,4400.37
2025-09,frankencoin,Frankencoin,cdp,,5.9987,24875.58,4146.85
2025-10,frankencoin,Frankencoin,cdp,,366.8391,1414053.65,3854.6968
2025-11,frankencoin,Frankencoin,cdp,,435.0,1299365.08,2987.0461
2025-12,frankencoin,Frankencoin,cdp,,435.0,1292608.1,2971.5129
2026-01,frankencoin,Frankencoin,cdp,,523.4935,1292902.76,2469.7591
2026-02,frankencoin,Frankencoin,cdp,,436.2391,853835.83,1957.2655
2026-03,frankencoin,Frankencoin,cdp,,437.9704,919765.72,2100.0636
2026-04,frankencoin,Frankencoin,cdp,,481.6788,1087857.02,2258.4696
2026-05,frankencoin,Frankencoin,cdp,,499.2886,1003350.88,2009.5608
2026-06,frankencoin,Frankencoin,cdp,,486.54,762793.04,1567.7911
2026-07,frankencoin,Frankencoin,cdp,,490.6293,914275.55,1863.4753
2026-08,frankencoin,Frankencoin,cdp,,498.9071,1232613.05,2470.6262
2026-09,frankencoin,Frankencoin,cdp,,514.6182,1377748.47,2677.2247
2026-10-02,frankencoin,Frankencoin,cdp,,514.6182,1373715.37,2669.3876
2024-10,frax-ether,Frax Ether,staking,,105853.3969,266507097.49,2517.7
2024-11,frax-ether,Frax Ether,staking,,97194.7869,361956302.31,3724.03
2024-12,frax-ether,Frax Ether,staking,,95841.9764,319089567.25,3329.33
2025-01,frax-ether,Frax Ether,staking,,93158.8035,307326234.8,3298.95
2025-02,frax-ether,Frax Ether,staking,,89725.1613,199701291.41,2225.7
2025-03,frax-ether,Frax Ether,staking,,81617.7496,148843841.35,1823.67
2025-04,frax-ether,Frax Ether,staking,,77893.6874,139661823.66,1792.98
2025-05,frax-ether,Frax Ether,staking,,74893.1886,188572810.56,2517.89
2025-06,frax-ether,Frax Ether,staking,,72569.0847,181148400.56,2496.22
2025-07,frax-ether,Frax Ether,staking,,70031.2521,258743066.54,3694.68
2025-08,frax-ether,Frax Ether,staking,,64601.3916,284270025.56,4400.37
2025-09,frax-ether,Frax Ether,staking,,61614.9855,255508102.81,4146.85
2025-10,frax-ether,Frax Ether,staking,,56732.9201,218688204.25,3854.6968
2025-11,frax-ether,Frax Ether,staking,,64432.0394,192461475.09,2987.0461
2025-12,frax-ether,Frax Ether,staking,,66048.4337,196263770.64,2971.5129
2026-01,frax-ether,Frax Ether,staking,,54152.0803,133742593.2,2469.7591
2026-02,frax-ether,Frax Ether,staking,,48577.9588,95079964.5,1957.2655
2026-03,frax-ether,Frax Ether,staking,,47822.9042,100431139.85,2100.0636
2026-04,frax-ether,Frax Ether,staking,,46115.255,104149901.92,2258.4696
2026-05,frax-ether,Frax Ether,staking,,46539.5615,93524078.81,2009.5608
2026-06,frax-ether,Frax Ether,staking,,48461.002,75976726.73,1567.7911
2026-07,frax-ether,Frax Ether,staking,,42111.2955,78473360.52,1863.4753
2026-08,frax-ether,Frax Ether,staking,,42037.2022,103858213.13,2470.6262
2026-09,frax-ether,Frax Ether,staking,,42422.2558,113573910.72,2677.2247
2026-10-02,frax-ether,Frax Ether,staking,,42373.2622,113110660.91,2669.3876
2024-10,frax-swap,Frax Swap,farming,pools,205.0263,516194.62,2517.7
2024-11,frax-swap,Frax Swap,farming,pools,176.414,656971.13,3724.03
2024-12,frax-swap,Frax Swap,farming,pools,187.7653,625132.79,3329.33
2025-01,frax-swap,Frax Swap,farming,pools,179.1295,590939.22,3298.95
2025-02,frax-swap,Frax Swap,farming,pools,213.9028,476083.52,2225.7
2025-03,frax-swap,Frax Swap,farming,pools,240.4814,438558.76,1823.67
2025-04,frax-swap,Frax Swap,farming,pools,246.9435,442764.74,1792.98
2025-05,frax-swap,Frax Swap,farming,pools,211.6871,533004.84,2517.89
2025-06,frax-swap,Frax Swap,farming,pools,208.4261,520277.33,2496.22
2025-07,frax-swap,Frax Swap,farming,pools,147.626,545430.69,3694.68
2025-08,frax-swap,Frax Swap,farming,pools,133.4216,587104.28,4400.37
2025-09,frax-swap,Frax Swap,farming,pools,143.5925,595456.49,4146.85
2025-10,frax-swap,Frax Swap,farming,pools,143.4341,552894.82,3854.6968
2025-11,frax-swap,Frax Swap,farming,pools,160.3183,478878.22,2987.0461
2025-12,frax-swap,Frax Swap,farming,pools,168.0191,499271.0,2971.5129
2026-01,frax-swap,Frax Swap,farming,pools,185.4545,458027.94,2469.7591
2026-02,frax-swap,Frax Swap,farming,pools,209.2008,409461.53,1957.2655
2026-03,frax-swap,Frax Swap,farming,pools,200.1252,420275.61,2100.0636
2026-04,frax-swap,Frax Swap,farming,pools,194.3265,438880.48,2258.4696
2026-05,frax-swap,Frax Swap,farming,pools,205.338,412639.28,2009.5608
2026-06,frax-swap,Frax Swap,farming,pools,228.309,357940.77,1567.7911
2026-07,frax-swap,Frax Swap,farming,pools,211.3742,393890.69,1863.4753
2026-08,frax-swap,Frax Swap,farming,pools,185.2376,457652.96,2470.6262
2026-09,frax-swap,Frax Swap,farming,pools,178.6933,478402.11,2677.2247
2026-10-02,frax-swap,Frax Swap,farming,pools,178.5639,476656.27,2669.3876
2024-10,fraxlend,Fraxlend,lending,,1351.9051,3403691.39,2517.7
2024-11,fraxlend,Fraxlend,lending,,1365.3282,5084523.35,3724.03
2024-12,fraxlend,Fraxlend,lending,,1254.4524,4176485.88,3329.33
2025-01,fraxlend,Fraxlend,lending,,629.0134,2075083.71,3298.95
2025-02,fraxlend,Fraxlend,lending,,567.8048,1263763.23,2225.7
2025-03,fraxlend,Fraxlend,lending,,555.0319,1012194.97,1823.67
2025-04,fraxlend,Fraxlend,lending,,555.2409,995535.83,1792.98
2025-05,fraxlend,Fraxlend,lending,,26.0053,65478.6,2517.89
2025-06,fraxlend,Fraxlend,lending,,35.8108,89391.6,2496.22
2025-07,fraxlend,Fraxlend,lending,,41.6658,153941.68,3694.68
2025-08,fraxlend,Fraxlend,lending,,34.7202,152781.74,4400.37
2025-09,fraxlend,Fraxlend,lending,,37.4327,155227.82,4146.85
2025-10,fraxlend,Fraxlend,lending,,30.3307,116915.48,3854.6968
2025-11,fraxlend,Fraxlend,lending,,23.3245,69671.29,2987.0461
2025-12,fraxlend,Fraxlend,lending,,22.7245,67526.08,2971.5129
2026-01,fraxlend,Fraxlend,lending,,28.4358,70229.55,2469.7591
2026-02,fraxlend,Fraxlend,lending,,21.076,41251.27,1957.2655
2026-03,fraxlend,Fraxlend,lending,,16.1117,33835.53,2100.0636
2026-04,fraxlend,Fraxlend,lending,,3.2238,7280.83,2258.4696
2026-05,fraxlend,Fraxlend,lending,,3.2238,6478.4,2009.5608
2026-06,fraxlend,Fraxlend,lending,,3.2045,5023.95,1567.7911
2026-07,fraxlend,Fraxlend,lending,,3.2236,6007.01,1863.4753
2026-08,fraxlend,Fraxlend,lending,,3.2236,7964.2,2470.6262
2026-09,fraxlend,Fraxlend,lending,,3.2298,8646.99,2677.2247
2026-10-02,fraxlend,Fraxlend,lending,,3.2311,8625.12,2669.3876
2024-10,fusion-by-ipor,Fusion by IPOR,farming,vaults,0.0,0.0,2517.7
2024-11,fusion-by-ipor,Fusion by IPOR,farming,vaults,0.0,0.0,3724.03
2024-12,fusion-by-ipor,Fusion by IPOR,farming,vaults,0.0,0.0,3329.33
2025-01,fusion-by-ipor,Fusion by IPOR,farming,vaults,0.0323,106.5,3298.95
2025-02,fusion-by-ipor,Fusion by IPOR,farming,vaults,0.0326,72.51,2225.7
2025-03,fusion-by-ipor,Fusion by IPOR,farming,vaults,8.3319,15194.63,1823.67
2025-04,fusion-by-ipor,Fusion by IPOR,farming,vaults,740.4689,1327645.99,1792.98
2025-05,fusion-by-ipor,Fusion by IPOR,farming,vaults,1402.3243,3530898.44,2517.89
2025-06,fusion-by-ipor,Fusion by IPOR,farming,vaults,1768.3581,4414210.85,2496.22
2025-07,fusion-by-ipor,Fusion by IPOR,farming,vaults,2217.8428,8194219.36,3694.68
2025-08,fusion-by-ipor,Fusion by IPOR,farming,vaults,2117.1934,9316434.2,4400.37
2025-09,fusion-by-ipor,Fusion by IPOR,farming,vaults,2840.2758,11778197.69,4146.85
2025-10,fusion-by-ipor,Fusion by IPOR,farming,vaults,2112.7145,8143873.65,3854.6968
2025-11,fusion-by-ipor,Fusion by IPOR,farming,vaults,2289.3101,6838275.01,2987.0461
2025-12,fusion-by-ipor,Fusion by IPOR,farming,vaults,3088.9123,9178742.73,2971.5129
2026-01,fusion-by-ipor,Fusion by IPOR,farming,vaults,4639.7046,11458952.71,2469.7591
2026-02,fusion-by-ipor,Fusion by IPOR,farming,vaults,4619.0624,9040731.54,1957.2655
2026-03,fusion-by-ipor,Fusion by IPOR,farming,vaults,4571.8839,9601247.0,2100.0636
2026-04,fusion-by-ipor,Fusion by IPOR,farming,vaults,3610.0485,8153184.86,2258.4696
2026-05,fusion-by-ipor,Fusion by IPOR,farming,vaults,7333.8044,14737725.82,2009.5608
2026-06,fusion-by-ipor,Fusion by IPOR,farming,vaults,10011.9833,15696698.05,1567.7911
2026-07,fusion-by-ipor,Fusion by IPOR,farming,vaults,12354.1928,23021733.59,1863.4753
2026-08,fusion-by-ipor,Fusion by IPOR,farming,vaults,14681.3822,36272207.47,2470.6262
2026-09,fusion-by-ipor,Fusion by IPOR,farming,vaults,14241.929,38128844.01,2677.2247
2026-10-02,fusion-by-ipor,Fusion by IPOR,farming,vaults,14561.0755,38869154.43,2669.3876
2024-10,fx-protocol,fx Protocol,cdp,,0,0.0,2517.7
2024-11,fx-protocol,fx Protocol,cdp,,0,0.0,3724.03
2024-12,fx-protocol,fx Protocol,cdp,,0,0.0,3329.33
2025-01,fx-protocol,fx Protocol,cdp,,0,0.0,3298.95
2025-02,fx-protocol,fx Protocol,cdp,,0,0.0,2225.7
2025-03,fx-protocol,fx Protocol,cdp,,0,0.0,1823.67
2025-04,fx-protocol,fx Protocol,cdp,,0,0.0,1792.98
2025-05,fx-protocol,fx Protocol,cdp,,0,0.0,2517.89
2025-06,fx-protocol,fx Protocol,cdp,,0,0.0,2496.22
2025-07,fx-protocol,fx Protocol,cdp,,0,0.0,3694.68
2025-08,fx-protocol,fx Protocol,cdp,,0,0.0,4400.37
2025-09,fx-protocol,fx Protocol,cdp,,0,0.0,4146.85
2025-10,fx-protocol,fx Protocol,cdp,,0,0.0,3854.6968
2025-11,fx-protocol,fx Protocol,cdp,,0,0.0,2987.0461
2025-12,fx-protocol,fx Protocol,cdp,,0,0.0,2971.5129
2026-01,fx-protocol,fx Protocol,cdp,,0,0.0,2469.7591
2026-02,fx-protocol,fx Protocol,cdp,,0,0.0,1957.2655
2026-03,fx-protocol,fx Protocol,cdp,,0,0.0,2100.0636
2026-04,fx-protocol,fx Protocol,cdp,,0,0.0,2258.4696
2026-05,fx-protocol,fx Protocol,cdp,,0,0.0,2009.5608
2026-06,fx-protocol,fx Protocol,cdp,,0,0.0,1567.7911
2026-07,fx-protocol,fx Protocol,cdp,,0,0.0,1863.4753
2026-08,fx-protocol,fx Protocol,cdp,,0,0.0,2470.6262
2026-09,fx-protocol,fx Protocol,cdp,,0,0.0,2677.2247
2026-10-02,fx-protocol,fx Protocol,cdp,,0,0.0,2669.3876
2024-10,fyde-protocol,Fyde Protocol,farming,vaults,355.9361,896140.43,2517.7
2024-11,fyde-protocol,Fyde Protocol,farming,vaults,334.5833,1245998.26,3724.03
2024-12,fyde-protocol,Fyde Protocol,farming,vaults,283.8421,945003.89,3329.33
2025-01,fyde-protocol,Fyde Protocol,farming,vaults,179.9809,593748.05,3298.95
2025-02,fyde-protocol,Fyde Protocol,farming,vaults,166.0299,369532.82,2225.7
2025-03,fyde-protocol,Fyde Protocol,farming,vaults,167.1552,304835.96,1823.67
2025-04,fyde-protocol,Fyde Protocol,farming,vaults,167.2987,299963.17,1792.98
2025-05,fyde-protocol,Fyde Protocol,farming,vaults,167.1362,420830.46,2517.89
2025-06,fyde-protocol,Fyde Protocol,farming,vaults,163.6752,408569.28,2496.22
2025-07,fyde-protocol,Fyde Protocol,farming,vaults,151.6217,560193.78,3694.68
2025-08,fyde-protocol,Fyde Protocol,farming,vaults,151.2765,665672.47,4400.37
2025-09,fyde-protocol,Fyde Protocol,farming,vaults,151.588,628612.56,4146.85
2025-10,fyde-protocol,Fyde Protocol,farming,vaults,151.6216,584455.31,3854.6968
2025-11,fyde-protocol,Fyde Protocol,farming,vaults,144.4634,431518.71,2987.0461
2025-12,fyde-protocol,Fyde Protocol,farming,vaults,151.6072,450502.88,2971.5129
2026-01,fyde-protocol,Fyde Protocol,farming,vaults,150.1434,370817.92,2469.7591
2026-02,fyde-protocol,Fyde Protocol,farming,vaults,151.6216,296763.68,1957.2655
2026-03,fyde-protocol,Fyde Protocol,farming,vaults,151.9583,319122.02,2100.0636
2026-04,fyde-protocol,Fyde Protocol,farming,vaults,151.8247,342891.51,2258.4696
2026-05,fyde-protocol,Fyde Protocol,farming,vaults,151.6216,304692.77,2009.5608
2026-06,fyde-protocol,Fyde Protocol,farming,vaults,150.7134,236287.16,1567.7911
2026-07,fyde-protocol,Fyde Protocol,farming,vaults,151.6216,282543.06,1863.4753
2026-08,fyde-protocol,Fyde Protocol,farming,vaults,151.6216,374600.23,2470.6262
2026-09,fyde-protocol,Fyde Protocol,farming,vaults,151.969,406855.11,2677.2247
2026-10-02,fyde-protocol,Fyde Protocol,farming,vaults,151.6216,404736.75,2669.3876
2024-10,gain,Gain,farming,points,56391.122,141975927.92,2517.7
2024-11,gain,Gain,farming,points,46994.757,175009885.01,3724.03
2024-12,gain,Gain,farming,points,0.0,0.0,3329.33
2025-01,gain,Gain,farming,points,0.0,0.0,3298.95
2025-02,gain,Gain,farming,points,0.0,0.0,2225.7
2025-03,gain,Gain,farming,points,0.0,0.0,1823.67
2025-04,gain,Gain,farming,points,0.0,0.0,1792.98
2025-05,gain,Gain,farming,points,0.0,0.0,2517.89
2025-06,gain,Gain,farming,points,0.0,0.0,2496.22
2025-07,gain,Gain,farming,points,0.0,0.0,3694.68
2025-08,gain,Gain,farming,points,0.0,0.0,4400.37
2025-09,gain,Gain,farming,points,0.0,0.0,4146.85
2025-10,gain,Gain,farming,points,0.0,0.0,3854.6968
2025-11,gain,Gain,farming,points,0.0,0.0,2987.0461
2025-12,gain,Gain,farming,points,0.0,0.0,2971.5129
2026-01,gain,Gain,farming,points,0.0,0.0,2469.7591
2026-02,gain,Gain,farming,points,0.0,0.0,1957.2655
2026-03,gain,Gain,farming,points,0.0,0.0,2100.0636
2026-04,gain,Gain,farming,points,0.0,0.0,2258.4696
2026-05,gain,Gain,farming,points,0.0,0.0,2009.5608
2026-06,gain,Gain,farming,points,0.0,0.0,1567.7911
2026-07,gain,Gain,farming,points,0.0,0.0,1863.4753
2026-08,gain,Gain,farming,points,0.0,0.0,2470.6262
2026-09,gain,Gain,farming,points,0.0,0.0,2677.2247
2026-10-02,gain,Gain,farming,points,0.0,0.0,2669.3876
2024-10,gearbox,Gearbox,lending,,2224.6312,5600953.92,2517.7
2024-11,gearbox,Gearbox,lending,,4976.5731,18532907.39,3724.03
2024-12,gearbox,Gearbox,lending,,8360.0738,27833444.39,3329.33
2025-01,gearbox,Gearbox,lending,,5628.0483,18566650.02,3298.95
2025-02,gearbox,Gearbox,lending,,4055.2263,9025717.09,2225.7
2025-03,gearbox,Gearbox,lending,,3750.3354,6839374.22,1823.67
2025-04,gearbox,Gearbox,lending,,3345.7615,5998883.4,1792.98
2025-05,gearbox,Gearbox,lending,,5825.2318,14667292.93,2517.89
2025-06,gearbox,Gearbox,lending,,3914.9495,9772575.25,2496.22
2025-07,gearbox,Gearbox,lending,,2729.3059,10083911.88,3694.68
2025-08,gearbox,Gearbox,lending,,2389.9915,10516846.81,4400.37
2025-09,gearbox,Gearbox,lending,,2215.7722,9188475.02,4146.85
2025-10,gearbox,Gearbox,lending,,2535.6842,9774293.82,3854.6968
2025-11,gearbox,Gearbox,lending,,4878.9339,14573600.77,2987.0461
2025-12,gearbox,Gearbox,lending,,4819.2222,14320380.72,2971.5129
2026-01,gearbox,Gearbox,lending,,5342.9155,13195714.2,2469.7591
2026-02,gearbox,Gearbox,lending,,1427.0656,2793146.34,1957.2655
2026-03,gearbox,Gearbox,lending,,1147.3843,2409579.98,2100.0636
2026-04,gearbox,Gearbox,lending,,979.8919,2213056.1,2258.4696
2026-05,gearbox,Gearbox,lending,,1168.419,2348009.02,2009.5608
2026-06,gearbox,Gearbox,lending,,1143.4886,1792751.18,1567.7911
2026-07,gearbox,Gearbox,lending,,1084.8995,2021683.46,1863.4753
2026-08,gearbox,Gearbox,lending,,1052.2085,2599613.82,2470.6262
2026-09,gearbox,Gearbox,lending,,1101.4444,2948814.19,2677.2247
2026-10-02,gearbox,Gearbox,lending,,1091.5671,2913815.78,2669.3876
2024-10,geth,GETH,staking,,6878.6706,17318428.95,2517.7
2024-11,geth,GETH,staking,,6883.0744,25632775.67,3724.03
2024-12,geth,GETH,staking,,6926.1242,23059352.99,3329.33
2025-01,geth,GETH,staking,,6954.3242,22941967.73,3298.95
2025-02,geth,GETH,staking,,6979.7893,15534917.05,2225.7
2025-03,geth,GETH,staking,,6957.1079,12687469.02,1823.67
2025-04,geth,GETH,staking,,6959.7155,12478630.66,1792.98
2025-05,geth,GETH,staking,,6954.3242,17510223.29,2517.89
2025-06,geth,GETH,staking,,6954.3242,17359523.08,2496.22
2025-07,geth,GETH,staking,,6954.3242,25694002.43,3694.68
2025-08,geth,GETH,staking,,6938.4886,30531917.13,4400.37
2025-09,geth,GETH,staking,,6952.7813,28832141.21,4146.85
2025-10,geth,GETH,staking,,6937.1895,26740761.82,3854.6968
2025-11,geth,GETH,staking,,7658.3242,22875767.73,2987.0461
2025-12,geth,GETH,staking,,7658.3242,22756808.82,2971.5129
2026-01,geth,GETH,staking,,7658.3242,18914215.82,2469.7591
2026-02,geth,GETH,staking,,7658.4759,14989670.95,1957.2655
2026-03,geth,GETH,staking,,7680.1559,16128815.86,2100.0636
2026-04,geth,GETH,staking,,7673.4061,17330154.58,2258.4696
2026-05,geth,GETH,staking,,7663.139,15399543.8,2009.5608
2026-06,geth,GETH,staking,,7645.7659,11986963.6,1567.7911
2026-07,geth,GETH,staking,,7663.2982,14280367.24,1863.4753
2026-08,geth,GETH,staking,,7663.4445,18933506.86,2470.6262
2026-09,geth,GETH,staking,,7678.3695,20556720.5,2677.2247
2026-10-02,geth,GETH,staking,,7663.4445,20456703.83,2669.3876
2024-10,gmx-v2-perps,GMX V2 Perps,farming,pools,33529.3142,84416754.36,2517.7
2024-11,gmx-v2-perps,GMX V2 Perps,farming,pools,35697.5008,132938563.77,3724.03
2024-12,gmx-v2-perps,GMX V2 Perps,farming,pools,33047.2824,110025308.86,3329.33
2025-01,gmx-v2-perps,GMX V2 Perps,farming,pools,33374.9991,110102453.3,3298.95
2025-02,gmx-v2-perps,GMX V2 Perps,farming,pools,34048.3184,75781342.19,2225.7
2025-03,gmx-v2-perps,GMX V2 Perps,farming,pools,31094.5495,56706197.08,1823.67
2025-04,gmx-v2-perps,GMX V2 Perps,farming,pools,31762.4942,56949516.92,1792.98
2025-05,gmx-v2-perps,GMX V2 Perps,farming,pools,35682.2952,89844094.23,2517.89
2025-06,gmx-v2-perps,GMX V2 Perps,farming,pools,36021.9305,89918663.44,2496.22
2025-07,gmx-v2-perps,GMX V2 Perps,farming,pools,33598.1052,124134247.17,3694.68
2025-08,gmx-v2-perps,GMX V2 Perps,farming,pools,39304.4956,172954323.36,4400.37
2025-09,gmx-v2-perps,GMX V2 Perps,farming,pools,32588.2117,135138425.76,4146.85
2025-10,gmx-v2-perps,GMX V2 Perps,farming,pools,30796.1101,118709666.2,3854.6968
2025-11,gmx-v2-perps,GMX V2 Perps,farming,pools,30508.0602,91128983.65,2987.0461
2025-12,gmx-v2-perps,GMX V2 Perps,farming,pools,32264.3519,95873936.97,2971.5129
2026-01,gmx-v2-perps,GMX V2 Perps,farming,pools,32868.9174,81178307.92,2469.7591
2026-02,gmx-v2-perps,GMX V2 Perps,farming,pools,32472.9458,63558177.52,1957.2655
2026-03,gmx-v2-perps,GMX V2 Perps,farming,pools,32704.4254,68681372.93,2100.0636
2026-04,gmx-v2-perps,GMX V2 Perps,farming,pools,30301.9532,68436040.34,2258.4696
2026-05,gmx-v2-perps,GMX V2 Perps,farming,pools,27144.4777,54548478.44,2009.5608
2026-06,gmx-v2-perps,GMX V2 Perps,farming,pools,28148.2611,44130592.75,1567.7911
2026-07,gmx-v2-perps,GMX V2 Perps,farming,pools,25399.1015,47330599.15,1863.4753
2026-08,gmx-v2-perps,GMX V2 Perps,farming,pools,22805.5231,56343922.78,2470.6262
2026-09,gmx-v2-perps,GMX V2 Perps,farming,pools,20994.1363,56206020.07,2677.2247
2026-10-02,gmx-v2-perps,GMX V2 Perps,farming,pools,20965.3275,55964585.39,2669.3876
2024-12,goldsand-by-inshallah,Goldsand by InshAllah,staking,,533.6385,1776658.52,3329.33
2025-01,goldsand-by-inshallah,Goldsand by InshAllah,staking,,561.8596,1853546.77,3298.95
2025-02,goldsand-by-inshallah,Goldsand by InshAllah,staking,,561.3797,1249462.86,2225.7
2025-03,goldsand-by-inshallah,Goldsand by InshAllah,staking,,555.6662,1013351.86,1823.67
2025-04,goldsand-by-inshallah,Goldsand by InshAllah,staking,,579.1557,1038414.59,1792.98
2025-05,goldsand-by-inshallah,Goldsand by InshAllah,staking,,546.7806,1376733.38,2517.89
2025-06,goldsand-by-inshallah,Goldsand by InshAllah,staking,,579.0445,1445422.4,2496.22
2025-07,goldsand-by-inshallah,Goldsand by InshAllah,staking,,583.7313,2156700.35,3694.68
2025-08,goldsand-by-inshallah,Goldsand by InshAllah,staking,,574.4908,2527972.16,4400.37
2025-09,goldsand-by-inshallah,Goldsand by InshAllah,staking,,555.1768,2302235.05,4146.85
2025-10,goldsand-by-inshallah,Goldsand by InshAllah,staking,,472.7063,1822139.62,3854.6968
2025-11,goldsand-by-inshallah,Goldsand by InshAllah,staking,,203.0481,606514.18,2987.0461
2025-12,goldsand-by-inshallah,Goldsand by InshAllah,staking,,203.0481,603360.18,2971.5129
2026-01,goldsand-by-inshallah,Goldsand by InshAllah,staking,,172.0481,424917.47,2469.7591
2026-02,goldsand-by-inshallah,Goldsand by InshAllah,staking,,139.1781,272408.44,1957.2655
2026-03,goldsand-by-inshallah,Goldsand by InshAllah,staking,,139.4871,292931.85,2100.0636
2026-04,goldsand-by-inshallah,Goldsand by InshAllah,staking,,139.1781,314329.44,2258.4696
2026-05,goldsand-by-inshallah,Goldsand by InshAllah,staking,,139.1781,279686.8,2009.5608
2026-06,goldsand-by-inshallah,Goldsand by InshAllah,staking,,138.3445,216895.2,1567.7911
2026-07,goldsand-by-inshallah,Goldsand by InshAllah,staking,,139.1781,259354.9,1863.4753
2026-08,goldsand-by-inshallah,Goldsand by InshAllah,staking,,139.1781,343856.99,2470.6262
2026-09,goldsand-by-inshallah,Goldsand by InshAllah,staking,,139.4491,373336.65,2677.2247
2026-10-02,goldsand-by-inshallah,Goldsand by InshAllah,staking,,139.1781,371520.22,2669.3876
2024-10,harvest-finance,Harvest Finance,farming,vaults,2196.4065,5529892.59,2517.7
2024-11,harvest-finance,Harvest Finance,farming,vaults,2032.4316,7568836.25,3724.03
2024-12,harvest-finance,Harvest Finance,farming,vaults,2228.0661,7417967.17,3329.33
2025-01,harvest-finance,Harvest Finance,farming,vaults,1895.0746,6251756.47,3298.95
2025-02,harvest-finance,Harvest Finance,farming,vaults,1913.3526,4258548.83,2225.7
2025-03,harvest-finance,Harvest Finance,farming,vaults,1857.7913,3387998.19,1823.67
2025-04,harvest-finance,Harvest Finance,farming,vaults,2188.3521,3923671.55,1792.98
2025-05,harvest-finance,Harvest Finance,farming,vaults,3658.5064,9211716.79,2517.89
2025-06,harvest-finance,Harvest Finance,farming,vaults,4092.629,10216102.47,2496.22
2025-07,harvest-finance,Harvest Finance,farming,vaults,3709.4977,13705406.95,3694.68
2025-08,harvest-finance,Harvest Finance,farming,vaults,3148.4336,13854272.88,4400.37
2025-09,harvest-finance,Harvest Finance,farming,vaults,2743.1193,11375304.45,4146.85
2025-10,harvest-finance,Harvest Finance,farming,vaults,2323.7731,8957440.58,3854.6968
2025-11,harvest-finance,Harvest Finance,farming,vaults,1815.8806,5424119.16,2987.0461
2025-12,harvest-finance,Harvest Finance,farming,vaults,1712.7893,5089575.39,2971.5129
2026-01,harvest-finance,Harvest Finance,farming,vaults,1740.4404,4298468.54,2469.7591
2026-02,harvest-finance,Harvest Finance,farming,vaults,1730.6844,3387408.87,1957.2655
2026-03,harvest-finance,Harvest Finance,farming,vaults,1677.6147,3523097.62,2100.0636
2026-04,harvest-finance,Harvest Finance,farming,vaults,1656.3383,3740789.81,2258.4696
2026-05,harvest-finance,Harvest Finance,farming,vaults,1717.9685,3452362.15,2009.5608
2026-06,harvest-finance,Harvest Finance,farming,vaults,1975.0553,3096474.15,1567.7911
2026-07,harvest-finance,Harvest Finance,farming,vaults,2397.2626,4467239.82,1863.4753
2026-08,harvest-finance,Harvest Finance,farming,vaults,4252.0564,10505241.87,2470.6262
2026-09,harvest-finance,Harvest Finance,farming,vaults,5212.2686,13954414.13,2677.2247
2026-10-02,harvest-finance,Harvest Finance,farming,vaults,5268.6832,14064157.56,2669.3876
2024-10,hatom-lending,Hatom Lending,lending,,550.9099,1387025.89,2517.7
2024-11,hatom-lending,Hatom Lending,lending,,533.4495,1986582.08,3724.03
2024-12,hatom-lending,Hatom Lending,lending,,466.8329,1554240.62,3329.33
2025-01,hatom-lending,Hatom Lending,lending,,482.3253,1591167.13,3298.95
2025-02,hatom-lending,Hatom Lending,lending,,519.9907,1157343.3,2225.7
2025-03,hatom-lending,Hatom Lending,lending,,445.2536,811995.57,1823.67
2025-04,hatom-lending,Hatom Lending,lending,,262.0691,469884.71,1792.98
2025-05,hatom-lending,Hatom Lending,lending,,261.1148,657458.41,2517.89
2025-06,hatom-lending,Hatom Lending,lending,,246.9476,616435.61,2496.22
2025-07,hatom-lending,Hatom Lending,lending,,209.9491,775694.78,3694.68
2025-08,hatom-lending,Hatom Lending,lending,,185.1095,814550.43,4400.37
2025-09,hatom-lending,Hatom Lending,lending,,172.3024,714512.34,4146.85
2025-10,hatom-lending,Hatom Lending,lending,,164.7314,634989.79,3854.6968
2025-11,hatom-lending,Hatom Lending,lending,,149.9702,447967.96,2987.0461
2025-12,hatom-lending,Hatom Lending,lending,,153.7498,456869.63,2971.5129
2026-01,hatom-lending,Hatom Lending,lending,,138.4358,341902.96,2469.7591
2026-02,hatom-lending,Hatom Lending,lending,,125.5941,245820.97,1957.2655
2026-03,hatom-lending,Hatom Lending,lending,,121.3219,254783.65,2100.0636
2026-04,hatom-lending,Hatom Lending,lending,,123.2899,278446.39,2258.4696
2026-05,hatom-lending,Hatom Lending,lending,,128.1841,257593.77,2009.5608
2026-06,hatom-lending,Hatom Lending,lending,,131.195,205686.28,1567.7911
2026-07,hatom-lending,Hatom Lending,lending,,129.5564,241425.15,1863.4753
2026-08,hatom-lending,Hatom Lending,lending,,124.1946,306838.36,2470.6262
2026-09,hatom-lending,Hatom Lending,lending,,126.3432,338249.12,2677.2247
2026-10-02,hatom-lending,Hatom Lending,lending,,126.3186,337193.26,2669.3876
2024-10,hord,Hord,staking,,2054.6562,5173007.9,2517.7
2024-11,hord,Hord,staking,,2056.798,7659577.5,3724.03
2024-12,hord,Hord,staking,,2124.5352,7073278.72,3329.33
2025-01,hord,Hord,staking,,2125.5188,7011980.15,3298.95
2025-02,hord,Hord,staking,,2148.691,4782341.57,2225.7
2025-03,hord,Hord,staking,,2155.5998,3931102.67,1823.67
2025-04,hord,Hord,staking,,2132.8603,3824175.94,1792.98
2025-05,hord,Hord,staking,,2119.0029,5335416.33,2517.89
2025-06,hord,Hord,staking,,2115.5295,5280827.11,2496.22
2025-07,hord,Hord,staking,,2115.3547,7815558.73,3694.68
2025-08,hord,Hord,staking,,2111.3102,9290546.07,4400.37
2025-09,hord,Hord,staking,,2098.1288,8700625.24,4146.85
2025-10,hord,Hord,staking,,2103.766,8109380.1,3854.6968
2025-11,hord,Hord,staking,,2063.9727,6165181.8,2987.0461
2025-12,hord,Hord,staking,,2046.128,6080095.56,2971.5129
2026-01,hord,Hord,staking,,192.3636,475091.75,2469.7591
2026-02,hord,Hord,staking,,192.3666,376512.51,1957.2655
2026-03,hord,Hord,staking,,192.3367,403919.27,2100.0636
2026-04,hord,Hord,staking,,192.4273,434591.24,2258.4696
2026-05,hord,Hord,staking,,192.0556,385947.47,2009.5608
2026-06,hord,Hord,staking,,192.3043,301493.01,1567.7911
2024-10,hourglass,Hourglass,fixed_yield,,115.9007,291803.3,2517.7
2024-11,hourglass,Hourglass,fixed_yield,,2627.9826,9786686.12,3724.03
2024-12,hourglass,Hourglass,fixed_yield,,597.3306,1988710.84,3329.33
2025-01,hourglass,Hourglass,fixed_yield,,521.0615,1718955.9,3298.95
2025-02,hourglass,Hourglass,fixed_yield,,24.1731,53802.17,2225.7
2025-03,hourglass,Hourglass,fixed_yield,,18.3288,33425.71,1823.67
2025-04,hourglass,Hourglass,fixed_yield,,7.3519,13181.79,1792.98
2025-05,hourglass,Hourglass,fixed_yield,,6.9145,17409.99,2517.89
2025-06,hourglass,Hourglass,fixed_yield,,4.5714,11411.3,2496.22
2025-07,hourglass,Hourglass,fixed_yield,,4.5047,16643.27,3694.68
2025-08,hourglass,Hourglass,fixed_yield,,4.5128,19857.87,4400.37
2025-09,hourglass,Hourglass,fixed_yield,,4.5426,18837.28,4146.85
2025-10,hourglass,Hourglass,fixed_yield,,4.5783,17648.12,3854.6968
2025-11,hourglass,Hourglass,fixed_yield,,4.5761,13669.07,2987.0461
2025-12,hourglass,Hourglass,fixed_yield,,4.5821,13615.84,2971.5129
2026-01,hourglass,Hourglass,fixed_yield,,4.5639,11271.75,2469.7591
2026-02,hourglass,Hourglass,fixed_yield,,4.6225,9047.56,1957.2655
2026-03,hourglass,Hourglass,fixed_yield,,4.6186,9699.31,2100.0636
2026-04,hourglass,Hourglass,fixed_yield,,4.6104,10412.5,2258.4696
2026-05,hourglass,Hourglass,fixed_yield,,4.5802,9204.14,2009.5608
2026-06,hourglass,Hourglass,fixed_yield,,4.6814,7339.5,1567.7911
2026-07,hourglass,Hourglass,fixed_yield,,4.6303,8628.39,1863.4753
2026-08,hourglass,Hourglass,fixed_yield,,4.6338,11448.36,2470.6262
2026-09,hourglass,Hourglass,fixed_yield,,0.379,1014.58,2677.2247
2026-10-02,hourglass,Hourglass,fixed_yield,,0.3795,1013.04,2669.3876
2024-10,hydration-dex,Hydration DEX,farming,pools,890.9582,2243165.41,2517.7
2024-11,hydration-dex,Hydration DEX,farming,pools,909.8462,3388294.56,3724.03
2024-12,hydration-dex,Hydration DEX,farming,pools,862.7571,2872403.2,3329.33
2025-01,hydration-dex,Hydration DEX,farming,pools,828.9367,2734620.58,3298.95
2025-02,hydration-dex,Hydration DEX,farming,pools,918.8537,2045092.72,2225.7
2025-03,hydration-dex,Hydration DEX,farming,pools,502.7462,916843.09,1823.67
2025-04,hydration-dex,Hydration DEX,farming,pools,505.6743,906663.83,1792.98
2025-05,hydration-dex,Hydration DEX,farming,pools,425.5486,1071484.59,2517.89
2025-07,hydration-dex,Hydration DEX,farming,pools,154.4922,570799.33,3694.68
2025-08,hydration-dex,Hydration DEX,farming,pools,0.0,0.0,4400.37
2025-09,hydration-dex,Hydration DEX,farming,pools,0.0,0.0,4146.85
2025-10,hydration-dex,Hydration DEX,farming,pools,0.0,0.0,3854.6968
2026-01,hydration-dex,Hydration DEX,farming,pools,0.0,0.0,2469.7591
2026-02,hydration-dex,Hydration DEX,farming,pools,0.0,0.0,1957.2655
2026-03,hydration-dex,Hydration DEX,farming,pools,2052.0806,4309499.7,2100.0636
2026-04,hydration-dex,Hydration DEX,farming,pools,1899.7819,4290599.6,2258.4696
2026-05,hydration-dex,Hydration DEX,farming,pools,1886.999,3792039.27,2009.5608
2026-06,hydration-dex,Hydration DEX,farming,pools,1846.1473,2894373.32,1567.7911
2026-07,hydration-dex,Hydration DEX,farming,pools,1823.8352,3398671.99,1863.4753
2026-09,hydration-dex,Hydration DEX,farming,pools,1798.4555,4814869.48,2677.2247
2026-10-02,hydration-dex,Hydration DEX,farming,pools,1814.4655,4843511.68,2669.3876
2025-06,hydration-lending,Hydration Lending,lending,,0,0.0,2496.22
2025-07,hydration-lending,Hydration Lending,lending,,1225.2794,4527015.15,3694.68
2025-08,hydration-lending,Hydration Lending,lending,,1144.8803,5037897.09,4400.37
2025-09,hydration-lending,Hydration Lending,lending,,1500.5662,6222623.03,4146.85
2025-10,hydration-lending,Hydration Lending,lending,,1445.4874,5571915.62,3854.6968
2025-11,hydration-lending,Hydration Lending,lending,,1322.1174,3949225.63,2987.0461
2025-12,hydration-lending,Hydration Lending,lending,,1424.456,4232789.39,2971.5129
2026-01,hydration-lending,Hydration Lending,lending,,1195.8008,2953340.02,2469.7591
2026-02,hydration-lending,Hydration Lending,lending,,942.7243,1845161.86,1957.2655
2026-03,hydration-lending,Hydration Lending,lending,,883.2104,1854798.0,2100.0636
2026-04,hydration-lending,Hydration Lending,lending,,890.6516,2011509.55,2258.4696
2026-05,hydration-lending,Hydration Lending,lending,,973.2127,1955730.09,2009.5608
2026-06,hydration-lending,Hydration Lending,lending,,983.8653,1542495.21,1567.7911
2026-07,hydration-lending,Hydration Lending,lending,,1039.2506,1936617.95,1863.4753
2026-08,hydration-lending,Hydration Lending,lending,,970.1624,2396908.62,2470.6262
2026-09,hydration-lending,Hydration Lending,lending,,1070.0157,2864672.45,2677.2247
2026-10-02,hydration-lending,Hydration Lending,lending,,1033.2912,2758254.63,2669.3876
2025-06,hydrex-integral,Hydrex Integral,farming,pools,34.8025,86874.62,2496.22
2025-07,hydrex-integral,Hydrex Integral,farming,pools,102.3054,377985.72,3694.68
2025-09,hydrex-integral,Hydrex Integral,farming,pools,344.0252,1426620.84,4146.85
2025-10,hydrex-integral,Hydrex Integral,farming,pools,788.696,3040183.82,3854.6968
2025-11,hydrex-integral,Hydrex Integral,farming,pools,1061.9307,3172036.12,2987.0461
2025-12,hydrex-integral,Hydrex Integral,farming,pools,1887.6302,5609117.48,2971.5129
2026-01,hydrex-integral,Hydrex Integral,farming,pools,2343.784,5788581.82,2469.7591
2026-02,hydrex-integral,Hydrex Integral,farming,pools,1542.555,3019189.82,1957.2655
2026-03,hydrex-integral,Hydrex Integral,farming,pools,1144.064,2402607.13,2100.0636
2026-04,hydrex-integral,Hydrex Integral,farming,pools,1136.5112,2566776.01,2258.4696
2026-05,hydrex-integral,Hydrex Integral,farming,pools,1618.4804,3252434.72,2009.5608
2026-06,hydrex-integral,Hydrex Integral,farming,pools,1701.9425,2668290.28,1567.7911
2026-07,hydrex-integral,Hydrex Integral,farming,pools,1640.2848,3056630.21,1863.4753
2026-08,hydrex-integral,Hydrex Integral,farming,pools,1044.4296,2580395.04,2470.6262
2026-09,hydrex-integral,Hydrex Integral,farming,pools,576.3269,1542956.52,2677.2247
2026-10-02,hydrex-integral,Hydrex Integral,farming,pools,557.0443,1486967.18,2669.3876
2025-04,hyperbeat-earn,Hyperbeat Earn,farming,vaults,2948.7895,5287120.51,1792.98
2025-05,hyperbeat-earn,Hyperbeat Earn,farming,vaults,3977.8631,10015821.72,2517.89
2025-06,hyperbeat-earn,Hyperbeat Earn,farming,vaults,0.0,0.0,2496.22
2025-07,hyperbeat-earn,Hyperbeat Earn,farming,vaults,0.0,0.0,3694.68
2025-08,hyperbeat-earn,Hyperbeat Earn,farming,vaults,0.0,0.0,4400.37
2025-09,hyperbeat-earn,Hyperbeat Earn,farming,vaults,0.0,0.0,4146.85
2025-10,hyperbeat-earn,Hyperbeat Earn,farming,vaults,0.0,0.0,3854.6968
2025-11,hyperbeat-earn,Hyperbeat Earn,farming,vaults,0.0,0.0,2987.0461
2025-12,hyperbeat-earn,Hyperbeat Earn,farming,vaults,0.0,0.0,2971.5129
2026-01,hyperbeat-earn,Hyperbeat Earn,farming,vaults,0.0,0.0,2469.7591
2026-02,hyperbeat-earn,Hyperbeat Earn,farming,vaults,0.0,0.0,1957.2655
2026-03,hyperbeat-earn,Hyperbeat Earn,farming,vaults,0.0,0.0,2100.0636
2026-04,hyperbeat-earn,Hyperbeat Earn,farming,vaults,0.0,0.0,2258.4696
2026-05,hyperbeat-earn,Hyperbeat Earn,farming,vaults,0.0,0.0,2009.5608
2026-06,hyperbeat-earn,Hyperbeat Earn,farming,vaults,0.0,0.0,1567.7911
2026-07,hyperbeat-earn,Hyperbeat Earn,farming,vaults,0.0,0.0,1863.4753
2026-08,hyperbeat-earn,Hyperbeat Earn,farming,vaults,0.0,0.0,2470.6262
2026-09,hyperbeat-earn,Hyperbeat Earn,farming,vaults,0.0,0.0,2677.2247
2026-10-02,hyperbeat-earn,Hyperbeat Earn,farming,vaults,0.0,0.0,2669.3876
2024-10,inceptionlrt-(isolated-restaking),InceptionLRT (Isolated Restaking),restaking,,1313.4292,3306820.74,2517.7
2024-11,inceptionlrt-(isolated-restaking),InceptionLRT (Isolated Restaking),restaking,,1332.7679,4963267.62,3724.03
2024-12,inceptionlrt-(isolated-restaking),InceptionLRT (Isolated Restaking),restaking,,15768.3933,52498184.7,3329.33
2025-02,inceptionlrt-(isolated-restaking),InceptionLRT (Isolated Restaking),restaking,,26934.3122,59947698.72,2225.7
2025-03,inceptionlrt-(isolated-restaking),InceptionLRT (Isolated Restaking),restaking,,19850.9451,36201573.1,1823.67
2025-04,inceptionlrt-(isolated-restaking),InceptionLRT (Isolated Restaking),restaking,,22234.1769,39865434.58,1792.98
2025-05,inceptionlrt-(isolated-restaking),InceptionLRT (Isolated Restaking),restaking,,21347.6195,53750957.59,2517.89
2025-06,inceptionlrt-(isolated-restaking),InceptionLRT (Isolated Restaking),restaking,,15540.106,38791523.33,2496.22
2025-07,inceptionlrt-(isolated-restaking),InceptionLRT (Isolated Restaking),restaking,,2939.2539,10859602.71,3694.68
2025-08,inceptionlrt-(isolated-restaking),InceptionLRT (Isolated Restaking),restaking,,2695.4737,11861081.58,4400.37
2025-09,inceptionlrt-(isolated-restaking),InceptionLRT (Isolated Restaking),restaking,,2718.3017,11272389.57,4146.85
2025-10,inceptionlrt-(isolated-restaking),InceptionLRT (Isolated Restaking),restaking,,2708.833,10441729.87,3854.6968
2025-11,inceptionlrt-(isolated-restaking),InceptionLRT (Isolated Restaking),restaking,,2731.1719,8158136.59,2987.0461
2025-12,inceptionlrt-(isolated-restaking),InceptionLRT (Isolated Restaking),restaking,,2736.7906,8132408.41,2971.5129
2026-01,inceptionlrt-(isolated-restaking),InceptionLRT (Isolated Restaking),restaking,,2735.7514,6756646.9,2469.7591
2026-02,inceptionlrt-(isolated-restaking),InceptionLRT (Isolated Restaking),restaking,,2755.4315,5393111.13,1957.2655
2026-03,inceptionlrt-(isolated-restaking),InceptionLRT (Isolated Restaking),restaking,,2747.091,5769065.74,2100.0636
2026-04,inceptionlrt-(isolated-restaking),InceptionLRT (Isolated Restaking),restaking,,2745.1034,6199732.54,2258.4696
2026-05,inceptionlrt-(isolated-restaking),InceptionLRT (Isolated Restaking),restaking,,2756.3956,5539144.63,2009.5608
2026-06,inceptionlrt-(isolated-restaking),InceptionLRT (Isolated Restaking),restaking,,2770.9083,4344205.36,1567.7911
2026-07,inceptionlrt-(isolated-restaking),InceptionLRT (Isolated Restaking),restaking,,2771.3561,5164353.75,1863.4753
2026-08,inceptionlrt-(isolated-restaking),InceptionLRT (Isolated Restaking),restaking,,2779.3197,6866659.95,2470.6262
2026-09,inceptionlrt-(isolated-restaking),InceptionLRT (Isolated Restaking),restaking,,2790.4976,7470788.96,2677.2247
2026-10-02,inceptionlrt-(isolated-restaking),InceptionLRT (Isolated Restaking),restaking,,2793.8883,7457970.83,2669.3876
2024-10,index-coop,Index Coop,loops,,263.6966,663909.04,2517.7
2024-11,index-coop,Index Coop,loops,,261.486,973781.76,3724.03
2024-12,index-coop,Index Coop,loops,,245.1789,816281.39,3329.33
2025-01,index-coop,Index Coop,loops,,242.9892,801609.26,3298.95
2025-02,index-coop,Index Coop,loops,,209.7336,466804.05,2225.7
2025-03,index-coop,Index Coop,loops,,106.8522,194863.14,1823.67
2025-04,index-coop,Index Coop,loops,,424.0451,760304.32,1792.98
2025-05,index-coop,Index Coop,loops,,1205.0075,3034076.45,2517.89
2025-06,index-coop,Index Coop,loops,,1055.9519,2635888.24,2496.22
2025-07,index-coop,Index Coop,loops,,677.7585,2504100.73,3694.68
2025-08,index-coop,Index Coop,loops,,680.6944,2995307.19,4400.37
2025-09,index-coop,Index Coop,loops,,704.8256,2922806.07,4146.85
2025-10,index-coop,Index Coop,loops,,738.1716,2845427.82,3854.6968
2025-11,index-coop,Index Coop,loops,,715.0868,2135997.41,2987.0461
2025-12,index-coop,Index Coop,loops,,746.0325,2216845.08,2971.5129
2026-01,index-coop,Index Coop,loops,,772.3343,1907479.54,2469.7591
2026-02,index-coop,Index Coop,loops,,665.9612,1303462.96,1957.2655
2026-03,index-coop,Index Coop,loops,,656.7526,1379222.26,2100.0636
2026-04,index-coop,Index Coop,loops,,545.306,1231557.11,2258.4696
2026-05,index-coop,Index Coop,loops,,512.1061,1029108.41,2009.5608
2026-06,index-coop,Index Coop,loops,,508.4603,797159.46,1567.7911
2026-07,index-coop,Index Coop,loops,,175.0059,326119.16,1863.4753
2026-08,index-coop,Index Coop,loops,,174.0979,430130.71,2470.6262
2026-09,index-coop,Index Coop,loops,,110.4304,295647.03,2677.2247
2026-10-02,index-coop,Index Coop,loops,,109.9593,293524.11,2669.3876
2024-10,init-capital,INIT Capital,lending,,5712.2016,14381610.0,2517.7
2024-11,init-capital,INIT Capital,lending,,4416.6099,16447587.85,3724.03
2024-12,init-capital,INIT Capital,lending,,3335.0978,11103641.1,3329.33
2025-01,init-capital,INIT Capital,lending,,3027.8731,9988801.86,3298.95
2025-02,init-capital,INIT Capital,lending,,1728.9807,3848192.35,2225.7
2025-03,init-capital,INIT Capital,lending,,1751.0772,3193386.92,1823.67
2025-04,init-capital,INIT Capital,lending,,765.6732,1372836.78,1792.98
2025-05,init-capital,INIT Capital,lending,,726.2878,1828712.74,2517.89
2025-06,init-capital,INIT Capital,lending,,585.7735,1462219.42,2496.22
2025-07,init-capital,INIT Capital,lending,,516.9508,1909967.78,3694.68
2025-08,init-capital,INIT Capital,lending,,331.0027,1456534.39,4400.37
2025-09,init-capital,INIT Capital,lending,,363.8918,1509004.56,4146.85
2025-10,init-capital,INIT Capital,lending,,220.4588,849801.96,3854.6968
2025-11,init-capital,INIT Capital,lending,,196.7701,587761.45,2987.0461
2025-12,init-capital,INIT Capital,lending,,191.9451,570367.22,2971.5129
2026-01,init-capital,INIT Capital,lending,,192.8707,476344.19,2469.7591
2026-02,init-capital,INIT Capital,lending,,84.1013,164608.67,1957.2655
2026-03,init-capital,INIT Capital,lending,,194.5104,408484.14,2100.0636
2026-04,init-capital,INIT Capital,lending,,105.2671,237742.63,2258.4696
2026-05,init-capital,INIT Capital,lending,,104.288,209573.05,2009.5608
2026-06,init-capital,INIT Capital,lending,,100.6877,157857.26,1567.7911
2026-07,init-capital,INIT Capital,lending,,99.8344,186039.0,1863.4753
2026-08,init-capital,INIT Capital,lending,,98.2844,242824.12,2470.6262
2026-09,init-capital,INIT Capital,lending,,97.2212,260283.01,2677.2247
2026-10-02,init-capital,INIT Capital,lending,,96.9175,258710.32,2669.3876
2024-10,inverse-finance-firm,Inverse Finance FiRM,cdp,,107.3349,270237.13,2517.7
2024-11,inverse-finance-firm,Inverse Finance FiRM,cdp,,82.1916,306083.85,3724.03
2024-12,inverse-finance-firm,Inverse Finance FiRM,cdp,,38.6976,128837.1,3329.33
2025-01,inverse-finance-firm,Inverse Finance FiRM,cdp,,38.6694,127568.5,3298.95
2025-02,inverse-finance-firm,Inverse Finance FiRM,cdp,,38.8089,86376.96,2225.7
2025-03,inverse-finance-firm,Inverse Finance FiRM,cdp,,39.2222,71528.39,1823.67
2025-04,inverse-finance-firm,Inverse Finance FiRM,cdp,,20.132,36096.36,1792.98
2025-05,inverse-finance-firm,Inverse Finance FiRM,cdp,,18.83,47411.93,2517.89
2025-06,inverse-finance-firm,Inverse Finance FiRM,cdp,,18.6182,46475.23,2496.22
2025-07,inverse-finance-firm,Inverse Finance FiRM,cdp,,18.7086,69122.18,3694.68
2025-08,inverse-finance-firm,Inverse Finance FiRM,cdp,,16.1407,71025.05,4400.37
2025-09,inverse-finance-firm,Inverse Finance FiRM,cdp,,16.0708,66642.99,4146.85
2025-10,inverse-finance-firm,Inverse Finance FiRM,cdp,,16.0473,61857.48,3854.6968
2025-11,inverse-finance-firm,Inverse Finance FiRM,cdp,,16.1143,48134.01,2987.0461
2025-12,inverse-finance-firm,Inverse Finance FiRM,cdp,,16.0746,47765.82,2971.5129
2026-01,inverse-finance-firm,Inverse Finance FiRM,cdp,,16.9761,41926.88,2469.7591
2026-02,inverse-finance-firm,Inverse Finance FiRM,cdp,,17.9771,35185.96,1957.2655
2026-03,inverse-finance-firm,Inverse Finance FiRM,cdp,,18.017,37836.89,2100.0636
2026-04,inverse-finance-firm,Inverse Finance FiRM,cdp,,17.9771,40600.73,2258.4696
2026-05,inverse-finance-firm,Inverse Finance FiRM,cdp,,17.9771,36126.08,2009.5608
2026-06,inverse-finance-firm,Inverse Finance FiRM,cdp,,17.9356,28119.32,1567.7911
2026-07,inverse-finance-firm,Inverse Finance FiRM,cdp,,3.9771,7411.23,1863.4753
2026-08,inverse-finance-firm,Inverse Finance FiRM,cdp,,43.9771,108650.98,2470.6262
2026-09,inverse-finance-firm,Inverse Finance FiRM,cdp,,44.0779,118006.35,2677.2247
2026-10-02,inverse-finance-firm,Inverse Finance FiRM,cdp,,43.9771,117391.93,2669.3876
2024-10,ionic-protocol,Ionic Protocol,lending,,823.3278,2072892.47,2517.7
2024-11,ionic-protocol,Ionic Protocol,lending,,340.6062,1268427.76,3724.03
2024-12,ionic-protocol,Ionic Protocol,lending,,473.9524,1577944.09,3329.33
2025-01,ionic-protocol,Ionic Protocol,lending,,345.3324,1139234.33,3298.95
2025-02,ionic-protocol,Ionic Protocol,lending,,113.4482,252501.62,2225.7
2025-03,ionic-protocol,Ionic Protocol,lending,,65.4672,119390.52,1823.67
2025-04,ionic-protocol,Ionic Protocol,lending,,54.7512,98167.74,1792.98
2024-10,joe-dex,Joe DEX,farming,pools,204.0561,513752.08,2517.7
2024-11,joe-dex,Joe DEX,farming,pools,219.739,818314.6,3724.03
2024-12,joe-dex,Joe DEX,farming,pools,197.4339,657322.61,3329.33
2025-01,joe-dex,Joe DEX,farming,pools,190.4531,628295.21,3298.95
2025-02,joe-dex,Joe DEX,farming,pools,186.5195,415136.35,2225.7
2025-03,joe-dex,Joe DEX,farming,pools,190.902,348142.18,1823.67
2025-04,joe-dex,Joe DEX,farming,pools,200.7389,359920.83,1792.98
2025-05,joe-dex,Joe DEX,farming,pools,167.805,422514.43,2517.89
2025-06,joe-dex,Joe DEX,farming,pools,156.3833,390367.11,2496.22
2025-07,joe-dex,Joe DEX,farming,pools,137.7994,509124.52,3694.68
2025-08,joe-dex,Joe DEX,farming,pools,127.0293,558976.04,4400.37
2025-09,joe-dex,Joe DEX,farming,pools,148.9395,617629.89,4146.85
2025-10,joe-dex,Joe DEX,farming,pools,121.6362,468870.74,3854.6968
2025-11,joe-dex,Joe DEX,farming,pools,116.2298,347183.83,2987.0461
2025-12,joe-dex,Joe DEX,farming,pools,114.7176,340884.82,2971.5129
2026-01,joe-dex,Joe DEX,farming,pools,113.8216,281111.96,2469.7591
2026-02,joe-dex,Joe DEX,farming,pools,135.1289,264483.13,1957.2655
2026-03,joe-dex,Joe DEX,farming,pools,127.7008,268179.74,2100.0636
2026-04,joe-dex,Joe DEX,farming,pools,124.0004,280051.19,2258.4696
2026-05,joe-dex,Joe DEX,farming,pools,130.0999,261443.74,2009.5608
2026-06,joe-dex,Joe DEX,farming,pools,126.9906,199094.8,1567.7911
2026-07,joe-dex,Joe DEX,farming,pools,115.9948,216153.43,1863.4753
2026-08,joe-dex,Joe DEX,farming,pools,107.3496,265220.65,2470.6262
2026-09,joe-dex,Joe DEX,farming,pools,124.0636,332146.19,2677.2247
2026-10-02,joe-dex,Joe DEX,farming,pools,123.6165,329980.26,2669.3876
2024-10,juice-finance,Juice Finance,loops,,30018.4779,75577521.69,2517.7
2024-11,juice-finance,Juice Finance,loops,,18911.5699,70427253.83,3724.03
2024-12,juice-finance,Juice Finance,loops,,6571.8005,21879692.72,3329.33
2025-01,juice-finance,Juice Finance,loops,,4713.4549,15549451.98,3298.95
2025-02,juice-finance,Juice Finance,loops,,4345.1656,9671035.01,2225.7
2025-03,juice-finance,Juice Finance,loops,,3292.2563,6003989.1,1823.67
2025-04,juice-finance,Juice Finance,loops,,3160.9288,5667482.16,1792.98
2025-05,juice-finance,Juice Finance,loops,,2261.8341,5695049.4,2517.89
2025-06,juice-finance,Juice Finance,loops,,2126.4311,5308039.87,2496.22
2025-07,juice-finance,Juice Finance,loops,,1887.1621,6972460.11,3694.68
2025-08,juice-finance,Juice Finance,loops,,1462.2871,6434604.38,4400.37
2025-09,juice-finance,Juice Finance,loops,,1433.5585,5944751.97,4146.85
2025-10,juice-finance,Juice Finance,loops,,877.5085,3382529.3,3854.6968
2025-11,juice-finance,Juice Finance,loops,,811.1147,2422837.1,2987.0461
2025-12,juice-finance,Juice Finance,loops,,806.2401,2395752.78,2971.5129
2026-01,juice-finance,Juice Finance,loops,,74.5181,184041.75,2469.7591
2026-02,juice-finance,Juice Finance,loops,,76.0805,148909.64,1957.2655
2026-03,juice-finance,Juice Finance,loops,,71.7624,150705.6,2100.0636
2026-04,juice-finance,Juice Finance,loops,,70.1209,158365.97,2258.4696
2026-05,juice-finance,Juice Finance,loops,,64.4554,129526.95,2009.5608
2026-06,juice-finance,Juice Finance,loops,,64.7157,101460.74,1567.7911
2026-07,juice-finance,Juice Finance,loops,,64.6257,120428.48,1863.4753
2026-08,juice-finance,Juice Finance,loops,,64.0966,158358.83,2470.6262
2026-09,juice-finance,Juice Finance,loops,,64.4713,172604.16,2677.2247
2026-10-02,juice-finance,Juice Finance,loops,,64.4863,172138.93,2669.3876
2024-10,jupiter-perpetual-exchange,Jupiter Perpetual Exchange,farming,pools,32256.0282,81211002.18,2517.7
2024-11,jupiter-perpetual-exchange,Jupiter Perpetual Exchange,farming,pools,42559.644,158493391.14,3724.03
2024-12,jupiter-perpetual-exchange,Jupiter Perpetual Exchange,farming,pools,50831.6372,169235294.66,3329.33
2025-01,jupiter-perpetual-exchange,Jupiter Perpetual Exchange,farming,pools,61086.1826,201520262.0,3298.95
2025-02,jupiter-perpetual-exchange,Jupiter Perpetual Exchange,farming,pools,66836.2892,148757528.79,2225.7
2025-03,jupiter-perpetual-exchange,Jupiter Perpetual Exchange,farming,pools,74999.194,136773780.04,1823.67
2025-04,jupiter-perpetual-exchange,Jupiter Perpetual Exchange,farming,pools,85051.3301,152495333.88,1792.98
2025-05,jupiter-perpetual-exchange,Jupiter Perpetual Exchange,farming,pools,53051.2806,133577289.0,2517.89
2025-06,jupiter-perpetual-exchange,Jupiter Perpetual Exchange,farming,pools,52235.4439,130391159.85,2496.22
2025-07,jupiter-perpetual-exchange,Jupiter Perpetual Exchange,farming,pools,36846.2416,136135071.85,3694.68
2025-08,jupiter-perpetual-exchange,Jupiter Perpetual Exchange,farming,pools,40798.8936,179530227.21,4400.37
2025-09,jupiter-perpetual-exchange,Jupiter Perpetual Exchange,farming,pools,44972.9552,186496099.36,4146.85
2025-10,jupiter-perpetual-exchange,Jupiter Perpetual Exchange,farming,pools,47033.121,181298419.91,3854.6968
2025-11,jupiter-perpetual-exchange,Jupiter Perpetual Exchange,farming,pools,48408.8846,144599572.32,2987.0461
2025-12,jupiter-perpetual-exchange,Jupiter Perpetual Exchange,farming,pools,40964.5583,121726712.23,2971.5129
2026-01,jupiter-perpetual-exchange,Jupiter Perpetual Exchange,farming,pools,44732.4356,110478339.89,2469.7591
2026-02,jupiter-perpetual-exchange,Jupiter Perpetual Exchange,farming,pools,45400.0039,88859862.86,1957.2655
2026-03,jupiter-perpetual-exchange,Jupiter Perpetual Exchange,farming,pools,41827.1613,87839698.48,2100.0636
2026-04,jupiter-perpetual-exchange,Jupiter Perpetual Exchange,farming,pools,31104.7147,70249052.87,2258.4696
2026-05,jupiter-perpetual-exchange,Jupiter Perpetual Exchange,farming,pools,31257.7698,62814389.14,2009.5608
2026-06,jupiter-perpetual-exchange,Jupiter Perpetual Exchange,farming,pools,35585.2669,55790264.06,1567.7911
2026-07,jupiter-perpetual-exchange,Jupiter Perpetual Exchange,farming,pools,33769.5401,62928705.17,1863.4753
2026-08,jupiter-perpetual-exchange,Jupiter Perpetual Exchange,farming,pools,29158.4216,72039560.3,2470.6262
2026-09,jupiter-perpetual-exchange,Jupiter Perpetual Exchange,farming,pools,26729.0485,71559668.59,2677.2247
2026-10-02,jupiter-perpetual-exchange,Jupiter Perpetual Exchange,farming,pools,27258.7803,72764250.28,2669.3876
2024-10,kamino-lend,Kamino Lend,lending,,544.4605,1370788.26,2517.7
2024-11,kamino-lend,Kamino Lend,lending,,602.9992,2245587.02,3724.03
2024-12,kamino-lend,Kamino Lend,lending,,1323.9868,4407989.08,3329.33
2025-01,kamino-lend,Kamino Lend,lending,,3106.8147,10249226.46,3298.95
2025-02,kamino-lend,Kamino Lend,lending,,1167.7076,2598966.78,2225.7
2025-03,kamino-lend,Kamino Lend,lending,,1484.6243,2707464.76,1823.67
2025-04,kamino-lend,Kamino Lend,lending,,1477.2794,2648732.44,1792.98
2025-05,kamino-lend,Kamino Lend,lending,,1518.5867,3823634.19,2517.89
2025-06,kamino-lend,Kamino Lend,lending,,692.5012,1728635.44,2496.22
2025-07,kamino-lend,Kamino Lend,lending,,2393.7656,8844198.04,3694.68
2025-08,kamino-lend,Kamino Lend,lending,,2020.1718,8889503.44,4400.37
2025-09,kamino-lend,Kamino Lend,lending,,1760.1785,7299196.39,4146.85
2025-10,kamino-lend,Kamino Lend,lending,,2067.6876,7970308.74,3854.6968
2025-11,kamino-lend,Kamino Lend,lending,,1947.1354,5816183.35,2987.0461
2025-12,kamino-lend,Kamino Lend,lending,,1524.9639,4531449.7,2971.5129
2026-01,kamino-lend,Kamino Lend,lending,,1622.6658,4007593.51,2469.7591
2026-02,kamino-lend,Kamino Lend,lending,,1494.0341,2924221.48,1957.2655
2026-03,kamino-lend,Kamino Lend,lending,,1445.7733,3036215.82,2100.0636
2026-04,kamino-lend,Kamino Lend,lending,,1068.6874,2413597.94,2258.4696
2026-05,kamino-lend,Kamino Lend,lending,,471.9079,948327.6,2009.5608
2026-06,kamino-lend,Kamino Lend,lending,,492.9224,772799.27,1567.7911
2026-07,kamino-lend,Kamino Lend,lending,,976.9268,1820479.07,1863.4753
2026-08,kamino-lend,Kamino Lend,lending,,990.9109,2448170.34,2470.6262
2026-09,kamino-lend,Kamino Lend,lending,,926.8308,2481334.25,2677.2247
2026-10-02,kamino-lend,Kamino Lend,lending,,951.4303,2539736.24,2669.3876
2024-10,katana-dex,Katana DEX,farming,pools,14503.3804,36515160.81,2517.7
2024-11,katana-dex,Katana DEX,farming,pools,13010.6438,48452027.98,3724.03
2024-12,katana-dex,Katana DEX,farming,pools,11658.3885,38814622.55,3329.33
2025-01,katana-dex,Katana DEX,farming,pools,10026.7603,33077780.8,3298.95
2025-02,katana-dex,Katana DEX,farming,pools,9583.1914,21329309.09,2225.7
2025-03,katana-dex,Katana DEX,farming,pools,9286.4234,16935371.8,1823.67
2025-04,katana-dex,Katana DEX,farming,pools,7816.0331,14013990.99,1792.98
2025-05,katana-dex,Katana DEX,farming,pools,5945.4615,14970018.07,2517.89
2025-06,katana-dex,Katana DEX,farming,pools,3604.9671,8998791.01,2496.22
2025-07,katana-dex,Katana DEX,farming,pools,2758.944,10193415.26,3694.68
2025-08,katana-dex,Katana DEX,farming,pools,2392.2769,10526903.69,4400.37
2025-09,katana-dex,Katana DEX,farming,pools,2266.0342,9396904.07,4146.85
2025-10,katana-dex,Katana DEX,farming,pools,2026.0509,7809811.77,3854.6968
2025-11,katana-dex,Katana DEX,farming,pools,1898.901,5672104.85,2987.0461
2025-12,katana-dex,Katana DEX,farming,pools,1726.7142,5130953.32,2971.5129
2026-01,katana-dex,Katana DEX,farming,pools,1959.1545,4838639.63,2469.7591
2026-02,katana-dex,Katana DEX,farming,pools,2070.6827,4052875.9,1957.2655
2026-03,katana-dex,Katana DEX,farming,pools,1950.9901,4097203.26,2100.0636
2026-04,katana-dex,Katana DEX,farming,pools,1926.4111,4350741.04,2258.4696
2026-05,katana-dex,Katana DEX,farming,pools,1907.9647,3834171.17,2009.5608
2026-06,katana-dex,Katana DEX,farming,pools,1930.5244,3026659.0,1567.7911
2026-07,katana-dex,Katana DEX,farming,pools,1765.0217,3289074.48,1863.4753
2026-08,katana-dex,Katana DEX,farming,pools,1584.9464,3915810.15,2470.6262
2026-09,katana-dex,Katana DEX,farming,pools,1606.1719,4300083.19,2677.2247
2026-10-02,katana-dex,Katana DEX,farming,pools,1634.3281,4362655.19,2669.3876
2024-10,kelp,Kelp,restaking,,166435.9454,419035779.75,2517.7
2024-11,kelp,Kelp,restaking,,289633.5683,1078604097.35,3724.03
2024-12,kelp,Kelp,restaking,,459110.9084,1528531720.57,3329.33
2025-01,kelp,Kelp,restaking,,530237.8686,1749228216.7,3298.95
2025-02,kelp,Kelp,restaking,,532662.0996,1185546035.18,2225.7
2025-03,kelp,Kelp,restaking,,530834.7553,968067418.18,1823.67
2025-04,kelp,Kelp,restaking,,478623.3626,858162116.75,1792.98
2025-05,kelp,Kelp,restaking,,382280.0483,962539110.73,2517.89
2025-06,kelp,Kelp,restaking,,383254.5075,956687566.59,2496.22
2025-07,kelp,Kelp,restaking,,380508.4084,1405856806.42,3694.68
2025-08,kelp,Kelp,restaking,,368843.96,1623049896.39,4400.37
2025-09,kelp,Kelp,restaking,,380497.7813,1577867224.19,4146.85
2025-10,kelp,Kelp,restaking,,338571.6477,1305091038.8,3854.6968
2025-11,kelp,Kelp,restaking,,317927.2952,949663502.96,2987.0461
2025-12,kelp,Kelp,restaking,,331341.387,984585195.08,2971.5129
2026-01,kelp,Kelp,restaking,,560636.1515,1384636237.63,2469.7591
2026-02,kelp,Kelp,restaking,,545528.4434,1067744019.87,1957.2655
2026-03,kelp,Kelp,restaking,,582829.1869,1223978354.96,2100.0636
2026-04,kelp,Kelp,restaking,,641768.0803,1449413706.12,2258.4696
2026-05,kelp,Kelp,restaking,,617841.8042,1241590674.95,2009.5608
2026-06,kelp,Kelp,restaking,,523186.1616,820246597.9,1567.7911
2026-07,kelp,Kelp,restaking,,454404.6585,846771873.65,1863.4753
2026-08,kelp,Kelp,restaking,,429951.4342,1062249278.51,2470.6262
2026-09,kelp,Kelp,restaking,,403937.1717,1081430569.6,2677.2247
2026-10-02,kelp,Kelp,restaking,,403270.8286,1076486150.09,2669.3876
2024-10,kinetic,Kinetic,lending,,291.2289,733227.06,2517.7
2024-11,kinetic,Kinetic,lending,,301.8525,1124107.83,3724.03
2024-12,kinetic,Kinetic,lending,,347.5815,1157213.44,3329.33
2025-01,kinetic,Kinetic,lending,,422.1154,1392537.47,3298.95
2025-02,kinetic,Kinetic,lending,,1271.6795,2830377.17,2225.7
2025-03,kinetic,Kinetic,lending,,1739.5244,3172318.52,1823.67
2025-04,kinetic,Kinetic,lending,,1865.0842,3344058.68,1792.98
2025-05,kinetic,Kinetic,lending,,1895.514,4772695.65,2517.89
2025-06,kinetic,Kinetic,lending,,1751.9207,4373179.54,2496.22
2025-07,kinetic,Kinetic,lending,,1476.535,5455324.18,3694.68
2025-08,kinetic,Kinetic,lending,,1310.9669,5768739.46,4400.37
2025-09,kinetic,Kinetic,lending,,1567.8788,6501758.25,4146.85
2025-10,kinetic,Kinetic,lending,,1303.3099,5023864.33,3854.6968
2025-11,kinetic,Kinetic,lending,,1220.7228,3646355.26,2987.0461
2025-12,kinetic,Kinetic,lending,,1478.4269,4393164.49,2971.5129
2026-01,kinetic,Kinetic,lending,,1355.1097,3346794.45,2469.7591
2026-03,kinetic,Kinetic,lending,,270.0113,567040.82,2100.0636
2026-04,kinetic,Kinetic,lending,,119.7732,270504.17,2258.4696
2026-05,kinetic,Kinetic,lending,,179.5272,360770.87,2009.5608
2026-06,kinetic,Kinetic,lending,,272.656,427467.61,1567.7911
2026-07,kinetic,Kinetic,lending,,221.954,413605.88,1863.4753
2026-08,kinetic,Kinetic,lending,,249.9528,617540.04,2470.6262
2026-09,kinetic,Kinetic,lending,,239.1509,640260.7,2677.2247
2026-10-02,kinetic,Kinetic,lending,,205.0235,547287.24,2669.3876
2024-10,kinza-finance,Kinza Finance,lending,,1477.6817,3720359.19,2517.7
2024-11,kinza-finance,Kinza Finance,lending,,327.9529,1221306.58,3724.03
2024-12,kinza-finance,Kinza Finance,lending,,697.3462,2321695.66,3329.33
2025-01,kinza-finance,Kinza Finance,lending,,653.9983,2157507.58,3298.95
2025-02,kinza-finance,Kinza Finance,lending,,588.066,1308858.51,2225.7
2025-03,kinza-finance,Kinza Finance,lending,,593.5143,1082374.15,1823.67
2025-04,kinza-finance,Kinza Finance,lending,,686.9226,1231638.57,1792.98
2025-05,kinza-finance,Kinza Finance,lending,,634.5226,1597658.09,2517.89
2025-06,kinza-finance,Kinza Finance,lending,,672.204,1677969.04,2496.22
2025-07,kinza-finance,Kinza Finance,lending,,567.4613,2096587.92,3694.68
2025-08,kinza-finance,Kinza Finance,lending,,487.5253,2145291.71,4400.37
2025-09,kinza-finance,Kinza Finance,lending,,484.5515,2009362.51,4146.85
2025-10,kinza-finance,Kinza Finance,lending,,391.5133,1509165.01,3854.6968
2025-11,kinza-finance,Kinza Finance,lending,,353.0154,1054473.35,2987.0461
2025-12,kinza-finance,Kinza Finance,lending,,258.6439,768563.63,2971.5129
2026-01,kinza-finance,Kinza Finance,lending,,261.3902,645570.81,2469.7591
2026-02,kinza-finance,Kinza Finance,lending,,158.5851,310393.21,1957.2655
2026-03,kinza-finance,Kinza Finance,lending,,154.3873,324223.11,2100.0636
2026-04,kinza-finance,Kinza Finance,lending,,141.7686,320180.1,2258.4696
2026-05,kinza-finance,Kinza Finance,lending,,155.3312,312147.45,2009.5608
2026-06,kinza-finance,Kinza Finance,lending,,137.6552,215814.66,1567.7911
2026-07,kinza-finance,Kinza Finance,lending,,129.5754,241460.56,1863.4753
2026-08,kinza-finance,Kinza Finance,lending,,103.0126,254505.66,2470.6262
2026-09,kinza-finance,Kinza Finance,lending,,99.4656,266291.63,2677.2247
2026-10-02,kinza-finance,Kinza Finance,lending,,97.8657,261241.5,2669.3876
2025-02,kodiak-v3,Kodiak V3,farming,pools,166991.513,371673010.42,2225.7
2025-03,kodiak-v3,Kodiak V3,farming,pools,173351.7638,316136411.01,1823.67
2025-04,kodiak-v3,Kodiak V3,farming,pools,176987.804,317335592.85,1792.98
2025-05,kodiak-v3,Kodiak V3,farming,pools,25978.5461,65411121.5,2517.89
2025-06,kodiak-v3,Kodiak V3,farming,pools,342.7123,855485.34,2496.22
2025-07,kodiak-v3,Kodiak V3,farming,pools,2051.3813,7579197.63,3694.68
2025-08,kodiak-v3,Kodiak V3,farming,pools,1233.6383,5428464.95,4400.37
2025-09,kodiak-v3,Kodiak V3,farming,pools,3321.3948,13773326.1,4146.85
2025-10,kodiak-v3,Kodiak V3,farming,pools,3100.3933,11951076.2,3854.6968
2025-11,kodiak-v3,Kodiak V3,farming,pools,3236.7479,9668315.3,2987.0461
2025-12,kodiak-v3,Kodiak V3,farming,pools,2839.8454,8438637.23,2971.5129
2026-01,kodiak-v3,Kodiak V3,farming,pools,3322.4219,8205581.68,2469.7591
2026-02,kodiak-v3,Kodiak V3,farming,pools,2621.8081,5131574.62,1957.2655
2026-03,kodiak-v3,Kodiak V3,farming,pools,2177.4535,4572790.83,2100.0636
2026-04,kodiak-v3,Kodiak V3,farming,pools,2091.2901,4723115.16,2258.4696
2026-05,kodiak-v3,Kodiak V3,farming,pools,2619.9071,5264862.71,2009.5608
2026-06,kodiak-v3,Kodiak V3,farming,pools,1666.3154,2612434.4,1567.7911
2026-07,kodiak-v3,Kodiak V3,farming,pools,1310.1863,2441499.92,1863.4753
2026-08,kodiak-v3,Kodiak V3,farming,pools,1016.9858,2512591.77,2470.6262
2026-09,kodiak-v3,Kodiak V3,farming,pools,1069.4618,2863189.52,2677.2247
2026-10-02,kodiak-v3,Kodiak V3,farming,pools,1076.9846,2874889.34,2669.3876
2024-12,lagoon,Lagoon vaults (other),farming,vaults,2008.2353,6686078.18,3329.33
2025-01,lagoon,Lagoon vaults (other),farming,vaults,10949.049,36120365.09,3298.95
2025-02,lagoon,Lagoon vaults (other),farming,vaults,11333.0328,25223931.16,2225.7
2025-03,lagoon,Lagoon vaults (other),farming,vaults,12694.5595,23150687.31,1823.67
2025-04,lagoon,Lagoon vaults (other),farming,vaults,13159.4713,23594668.82,1792.98
2025-05,lagoon,Lagoon vaults (other),farming,vaults,13145.5256,33098987.46,2517.89
2025-06,lagoon,Lagoon vaults (other),farming,vaults,13877.3071,34640811.64,2496.22
2025-07,lagoon,Lagoon vaults (other),farming,vaults,18665.4039,68962694.36,3694.68
2025-08,lagoon,Lagoon vaults (other),farming,vaults,12541.2499,55186139.65,4400.37
2025-09,lagoon,Lagoon vaults (other),farming,vaults,9634.269,39951868.28,4146.85
2025-10,lagoon,Lagoon vaults (other),farming,vaults,10473.6274,40372657.65,3854.6968
2025-11,lagoon,Lagoon vaults (other),farming,vaults,7119.7464,21267011.0,2987.0461
2025-12,lagoon,Lagoon vaults (other),farming,vaults,7193.8095,21376497.42,2971.5129
2026-01,lagoon,Lagoon vaults (other),farming,vaults,8288.9863,20471799.34,2469.7591
2026-02,lagoon,Lagoon vaults (other),farming,vaults,9372.0799,18343648.98,1957.2655
2026-03,lagoon,Lagoon vaults (other),farming,vaults,11206.658,23534694.51,2100.0636
2026-04,lagoon,Lagoon vaults (other),farming,vaults,10439.6777,23577694.88,2258.4696
2026-05,lagoon,Lagoon vaults (other),farming,vaults,7999.2092,16074897.27,2009.5608
2026-06,lagoon,Lagoon vaults (other),farming,vaults,8309.5911,13027702.88,1567.7911
2026-07,lagoon,Lagoon vaults (other),farming,vaults,7536.5209,14044120.74,1863.4753
2026-08,lagoon,Lagoon vaults (other),farming,vaults,6885.9259,17012549.04,2470.6262
2026-09,lagoon,Lagoon vaults (other),farming,vaults,6157.8161,16485857.26,2677.2247
2026-10-02,lagoon,Lagoon vaults (other),farming,vaults,6330.6885,16899061.52,2669.3876
2025-01,latch,Latch,farming,vaults,1293.0774,4265797.66,3298.95
2025-02,latch,Latch,farming,vaults,1424.5101,3170532.04,2225.7
2025-03,latch,Latch,farming,vaults,1317.5799,2402830.91,1823.67
2025-04,latch,Latch,farming,vaults,1039.3558,1863544.22,1792.98
2025-05,latch,Latch,farming,vaults,1789.8823,4506726.79,2517.89
2025-06,latch,Latch,farming,vaults,1573.0993,3926801.84,2496.22
2025-07,latch,Latch,farming,vaults,1791.0206,6617248.14,3694.68
2025-08,latch,Latch,farming,vaults,991.0879,4361153.42,4400.37
2025-09,latch,Latch,farming,vaults,998.1884,4139337.55,4146.85
2025-10,latch,Latch,farming,vaults,971.2357,3743819.06,3854.6968
2025-11,latch,Latch,farming,vaults,907.9754,2712164.28,2987.0461
2025-12,latch,Latch,farming,vaults,804.0796,2389332.99,2971.5129
2026-01,latch,Latch,farming,vaults,1015.3386,2507641.85,2469.7591
2026-02,latch,Latch,farming,vaults,939.4158,1838686.22,1957.2655
2026-03,latch,Latch,farming,vaults,915.2807,1922147.68,2100.0636
2026-04,latch,Latch,farming,vaults,96.7275,218456.2,2258.4696
2026-05,latch,Latch,farming,vaults,96.6701,194264.45,2009.5608
2026-06,latch,Latch,farming,vaults,96.9735,152034.12,1567.7911
2026-07,latch,Latch,farming,vaults,84.7923,158008.33,1863.4753
2026-08,latch,Latch,farming,vaults,94.0357,232327.08,2470.6262
2026-09,latch,Latch,farming,vaults,91.8755,245971.31,2677.2247
2026-10-02,latch,Latch,farming,vaults,91.3064,243732.06,2669.3876
2024-10,layerbank,LayerBank,lending,,3396.3208,8550916.97,2517.7
2024-11,layerbank,LayerBank,lending,,2243.8461,8356150.1,3724.03
2024-12,layerbank,LayerBank,lending,,1513.5139,5038987.17,3329.33
2025-01,layerbank,LayerBank,lending,,1278.4564,4217563.65,3298.95
2025-02,layerbank,LayerBank,lending,,1057.6582,2354029.75,2225.7
2025-03,layerbank,LayerBank,lending,,944.4675,1722397.09,1823.67
2025-04,layerbank,LayerBank,lending,,1069.174,1917007.63,1792.98
2025-05,layerbank,LayerBank,lending,,1088.2901,2740194.68,2517.89
2025-06,layerbank,LayerBank,lending,,724.6465,1808877.16,2496.22
2025-07,layerbank,LayerBank,lending,,753.6076,2784339.02,3694.68
2025-08,layerbank,LayerBank,lending,,564.4074,2483601.53,4400.37
2025-09,layerbank,LayerBank,lending,,429.9132,1782785.53,4146.85
2025-10,layerbank,LayerBank,lending,,414.3914,1597353.03,3854.6968
2025-11,layerbank,LayerBank,lending,,331.2518,989464.46,2987.0461
2025-12,layerbank,LayerBank,lending,,288.0033,855805.48,2971.5129
2026-02,layerbank,LayerBank,lending,,225.3385,441047.35,1957.2655
2026-03,layerbank,LayerBank,lending,,275.9446,579501.2,2100.0636
2026-04,layerbank,LayerBank,lending,,164.56,371653.67,2258.4696
2026-05,layerbank,LayerBank,lending,,106.4734,213964.77,2009.5608
2026-06,layerbank,LayerBank,lending,,60.1275,94267.33,1567.7911
2026-07,layerbank,LayerBank,lending,,29.2095,54431.1,1863.4753
2026-08,layerbank,LayerBank,lending,,11.6062,28674.6,2470.6262
2026-09,layerbank,LayerBank,lending,,2.4894,6664.69,2677.2247
2026-10-02,layerbank,LayerBank,lending,,2.4409,6515.62,2669.3876
2024-10,lido,Lido,staking,,8711257.2535,21932332387.15,2517.7
2024-11,lido,Lido,staking,,8728466.2176,32505070048.27,3724.03
2024-12,lido,Lido,staking,,8610652.2149,28667702738.66,3329.33
2025-01,lido,Lido,staking,,8474632.5033,27957388896.77,3298.95
2025-02,lido,Lido,staking,,8306895.2916,18488656850.43,2225.7
2025-03,lido,Lido,staking,,8235221.5981,15018326571.89,1823.67
2025-04,lido,Lido,staking,,8201214.5835,14704613723.95,1792.98
2025-05,lido,Lido,staking,,7982596.2594,20099299295.69,2517.89
2025-06,lido,Lido,staking,,8061625.9086,20123591825.45,2496.22
2025-07,lido,Lido,staking,,8009207.3493,29591458209.22,3694.68
2025-08,lido,Lido,staking,,7897838.6596,34753412302.59,4400.37
2025-09,lido,Lido,staking,,7764200.1461,32196973375.66,4146.85
2025-10,lido,Lido,staking,,7826656.1033,30169386051.19,3854.6968
2025-11,lido,Lido,staking,,7939739.4137,23716368045.76,2987.0461
2025-12,lido,Lido,staking,,8197770.8261,24359781493.75,2971.5129
2026-01,lido,Lido,staking,,8727579.3387,21555018503.55,2469.7591
2026-02,lido,Lido,staking,,8598759.3365,16830055282.53,1957.2655
2026-03,lido,Lido,staking,,8355629.3923,17547353062.47,2100.0636
2026-04,lido,Lido,staking,,8266136.6135,18668818334.91,2258.4696
2026-05,lido,Lido,staking,,8163237.6243,16404522392.87,2009.5608
2026-06,lido,Lido,staking,,8471950.6174,13282248617.01,1567.7911
2026-07,lido,Lido,staking,,8811463.6232,16419945135.45,1863.4753
2026-08,lido,Lido,staking,,9119005.1691,22529653100.49,2470.6262
2026-09,lido,Lido,staking,,9333456.905,24987761276.75,2677.2247
2026-10-02,lido,Lido,staking,,9333544.6747,24914848439.29,2669.3876
2025-04,liminal-basis,Liminal Basis,basis,,0.0,0.0,1792.98
2025-05,liminal-basis,Liminal Basis,basis,,16.751,42177.2,2517.89
2025-06,liminal-basis,Liminal Basis,basis,,27.0742,67583.24,2496.22
2025-07,liminal-basis,Liminal Basis,basis,,1077.8461,3982296.37,3694.68
2025-08,liminal-basis,Liminal Basis,basis,,1561.2315,6869996.25,4400.37
2025-09,liminal-basis,Liminal Basis,basis,,512.8867,2126864.25,4146.85
2025-10,liminal-basis,Liminal Basis,basis,,216.7771,835610.03,3854.6968
2025-11,liminal-basis,Liminal Basis,basis,,204.755,611612.66,2987.0461
2025-12,liminal-basis,Liminal Basis,basis,,164.55,488962.36,2971.5129
2026-01,liminal-basis,Liminal Basis,basis,,147.318,363839.89,2469.7591
2026-02,liminal-basis,Liminal Basis,basis,,113.8816,222896.49,1957.2655
2026-03,liminal-basis,Liminal Basis,basis,,95.6339,200837.35,2100.0636
2026-04,liminal-basis,Liminal Basis,basis,,59.1522,133593.51,2258.4696
2026-05,liminal-basis,Liminal Basis,basis,,35.5788,71497.85,2009.5608
2026-06,liminal-basis,Liminal Basis,basis,,29.3212,45969.55,1567.7911
2026-07,liminal-basis,Liminal Basis,basis,,27.8906,51973.52,1863.4753
2026-08,liminal-basis,Liminal Basis,basis,,24.5911,60755.48,2470.6262
2026-09,liminal-basis,Liminal Basis,basis,,17.16,45941.26,2677.2247
2026-10-02,liminal-basis,Liminal Basis,basis,,17.1346,45739.02,2669.3876
2024-10,liquid-collective,Liquid Collective,staking,,96718.0076,243506927.65,2517.7
2024-11,liquid-collective,Liquid Collective,staking,,84580.6743,314980968.5,3724.03
2024-12,liquid-collective,Liquid Collective,staking,,79868.763,265909468.68,3329.33
2025-01,liquid-collective,Liquid Collective,staking,,85679.2658,282651613.75,3298.95
2025-02,liquid-collective,Liquid Collective,staking,,93160.1765,207346604.9,2225.7
2025-03,liquid-collective,Liquid Collective,staking,,92495.2803,168680867.86,1823.67
2025-04,liquid-collective,Liquid Collective,staking,,112542.6165,201786660.45,1792.98
2025-05,liquid-collective,Liquid Collective,staking,,141308.174,355798438.12,2517.89
2025-06,liquid-collective,Liquid Collective,staking,,277415.3829,692489827.02,2496.22
2025-07,liquid-collective,Liquid Collective,staking,,354899.3812,1311239645.8,3694.68
2025-08,liquid-collective,Liquid Collective,staking,,351514.7019,1546794748.94,4400.37
2025-09,liquid-collective,Liquid Collective,staking,,352975.1982,1463735200.75,4146.85
2025-10,liquid-collective,Liquid Collective,staking,,356320.4256,1373507195.82,3854.6968
2025-11,liquid-collective,Liquid Collective,staking,,324559.1525,969473166.87,2987.0461
2025-12,liquid-collective,Liquid Collective,staking,,286948.8605,852672231.12,2971.5129
2026-01,liquid-collective,Liquid Collective,staking,,280538.3149,692862056.55,2469.7591
2026-02,liquid-collective,Liquid Collective,staking,,264334.407,517372624.13,1957.2655
2026-03,liquid-collective,Liquid Collective,staking,,274758.5808,577010491.75,2100.0636
2026-04,liquid-collective,Liquid Collective,staking,,349652.4484,789679428.93,2258.4696
2026-05,liquid-collective,Liquid Collective,staking,,350138.9645,703625540.19,2009.5608
2026-06,liquid-collective,Liquid Collective,staking,,347578.9108,544931116.32,1567.7911
2026-07,liquid-collective,Liquid Collective,staking,,319440.1547,595268849.62,1863.4753
2026-08,liquid-collective,Liquid Collective,staking,,320000.0452,790600496.12,2470.6262
2026-09,liquid-collective,Liquid Collective,staking,,273627.9333,732563459.08,2677.2247
2026-10-02,liquid-collective,Liquid Collective,staking,,273698.2378,730606682.61,2669.3876
2024-10,liquity-v1,Liquity V1,cdp,,136239.6921,343010672.7,2517.7
2024-11,liquity-v1,Liquity V1,cdp,,129664.043,482872786.15,3724.03
2024-12,liquity-v1,Liquity V1,cdp,,123141.1695,409977589.74,3329.33
2025-01,liquity-v1,Liquity V1,cdp,,117636.5889,388077225.08,3298.95
2025-02,liquity-v1,Liquity V1,cdp,,114690.6446,255266967.69,2225.7
2025-03,liquity-v1,Liquity V1,cdp,,108290.8681,197486807.38,1823.67
2025-04,liquity-v1,Liquity V1,cdp,,105266.1149,188740038.6,1792.98
2025-05,liquity-v1,Liquity V1,cdp,,97039.4209,244334587.4,2517.89
2025-06,liquity-v1,Liquity V1,cdp,,96826.3044,241699757.49,2496.22
2025-07,liquity-v1,Liquity V1,cdp,,95485.3221,352787709.99,3694.68
2025-08,liquity-v1,Liquity V1,cdp,,84867.1771,373446980.23,4400.37
2025-09,liquity-v1,Liquity V1,cdp,,80155.5427,332393012.06,4146.85
2025-10,liquity-v1,Liquity V1,cdp,,80030.4196,308493000.28,3854.6968
2025-11,liquity-v1,Liquity V1,cdp,,80311.9292,239895439.04,2987.0461
2025-12,liquity-v1,Liquity V1,cdp,,78129.2953,232162206.45,2971.5129
2026-01,liquity-v1,Liquity V1,cdp,,77333.9533,190996234.97,2469.7591
2026-02,liquity-v1,Liquity V1,cdp,,77680.398,152041165.59,1957.2655
2026-03,liquity-v1,Liquity V1,cdp,,76807.8308,161301328.99,2100.0636
2026-04,liquity-v1,Liquity V1,cdp,,75453.6941,170409875.08,2258.4696
2026-05,liquity-v1,Liquity V1,cdp,,75459.4433,151640339.75,2009.5608
2026-06,liquity-v1,Liquity V1,cdp,,73983.6622,115990925.81,1567.7911
2026-07,liquity-v1,Liquity V1,cdp,,73456.6796,136884710.76,1863.4753
2026-08,liquity-v1,Liquity V1,cdp,,73425.5668,181407129.16,2470.6262
2026-09,liquity-v1,Liquity V1,cdp,,72557.0884,194251628.62,2677.2247
2026-10-02,liquity-v1,Liquity V1,cdp,,72251.2195,192866509.68,2669.3876
2025-01,liquity-v2,Liquity V2,cdp,,7130.5754,23523411.74,3298.95
2025-02,liquity-v2,Liquity V2,cdp,,1970.6545,4386085.81,2225.7
2025-03,liquity-v2,Liquity V2,cdp,,1130.8409,2062280.58,1823.67
2025-04,liquity-v2,Liquity V2,cdp,,106.3967,190767.19,1792.98
2025-05,liquity-v2,Liquity V2,cdp,,11557.7334,29101101.43,2517.89
2025-06,liquity-v2,Liquity V2,cdp,,17833.9929,44517569.69,2496.22
2025-07,liquity-v2,Liquity V2,cdp,,3979.6766,14703631.44,3694.68
2025-08,liquity-v2,Liquity V2,cdp,,4041.0697,17782201.83,4400.37
2025-09,liquity-v2,Liquity V2,cdp,,5358.8783,22222464.6,4146.85
2025-10,liquity-v2,Liquity V2,cdp,,7047.7403,27166901.78,3854.6968
2025-11,liquity-v2,Liquity V2,cdp,,7149.1483,21354835.87,2987.0461
2025-12,liquity-v2,Liquity V2,cdp,,5650.2242,16789713.95,2971.5129
2026-01,liquity-v2,Liquity V2,cdp,,5825.7646,14388235.07,2469.7591
2026-02,liquity-v2,Liquity V2,cdp,,5954.5074,11654552.2,1957.2655
2026-03,liquity-v2,Liquity V2,cdp,,6513.8286,13679454.21,2100.0636
2026-04,liquity-v2,Liquity V2,cdp,,6431.5443,14525447.4,2258.4696
2026-05,liquity-v2,Liquity V2,cdp,,6752.8399,13570242.48,2009.5608
2026-06,liquity-v2,Liquity V2,cdp,,7875.3701,12346935.0,1567.7911
2026-07,liquity-v2,Liquity V2,cdp,,8862.4913,16515033.91,1863.4753
2026-08,liquity-v2,Liquity V2,cdp,,10431.8062,25773093.73,2470.6262
2026-09,liquity-v2,Liquity V2,cdp,,10704.3709,28658006.2,2677.2247
2026-10-02,liquity-v2,Liquity V2,cdp,,10743.4975,28678559.1,2669.3876
2024-10,lista-cdp,Lista CDP,cdp,,1537.2525,3870340.69,2517.7
2024-11,lista-cdp,Lista CDP,cdp,,0.1139,424.23,3724.03
2024-12,lista-cdp,Lista CDP,cdp,,762.5828,2538889.8,3329.33
2025-01,lista-cdp,Lista CDP,cdp,,86.859,286543.54,3298.95
2025-02,lista-cdp,Lista CDP,cdp,,54.6669,121672.16,2225.7
2025-03,lista-cdp,Lista CDP,cdp,,0.7952,1450.18,1823.67
2025-04,lista-cdp,Lista CDP,cdp,,0.1785,320.06,1792.98
2025-05,lista-cdp,Lista CDP,cdp,,5.7518,14482.34,2517.89
2025-06,lista-cdp,Lista CDP,cdp,,6.787,16941.88,2496.22
2025-07,lista-cdp,Lista CDP,cdp,,0.1519,561.39,3694.68
2025-08,lista-cdp,Lista CDP,cdp,,0.0426,187.66,4400.37
2025-09,lista-cdp,Lista CDP,cdp,,0.3219,1334.89,4146.85
2025-10,lista-cdp,Lista CDP,cdp,,0.0,0.0,3854.6968
2025-11,lista-cdp,Lista CDP,cdp,,0.2159,644.87,2987.0461
2025-12,lista-cdp,Lista CDP,cdp,,0.1169,347.27,2971.5129
2026-01,lista-cdp,Lista CDP,cdp,,0.0067,16.51,2469.7591
2026-02,lista-cdp,Lista CDP,cdp,,0.0067,13.1,1957.2655
2026-03,lista-cdp,Lista CDP,cdp,,0.0067,14.06,2100.0636
2026-04,lista-cdp,Lista CDP,cdp,,0.0067,15.12,2258.4696
2026-05,lista-cdp,Lista CDP,cdp,,0.0067,13.44,2009.5608
2026-06,lista-cdp,Lista CDP,cdp,,0.0067,10.5,1567.7911
2026-07,lista-cdp,Lista CDP,cdp,,0.0057,10.62,1863.4753
2026-08,lista-cdp,Lista CDP,cdp,,0.0057,14.08,2470.6262
2026-09,lista-cdp,Lista CDP,cdp,,0.0057,15.28,2677.2247
2026-10-02,lista-cdp,Lista CDP,cdp,,0.0057,15.2,2669.3876
2025-04,lista-lending,Lista Lending,lending,,500.3963,897200.54,1792.98
2025-05,lista-lending,Lista Lending,lending,,6834.5204,17208570.66,2517.89
2025-06,lista-lending,Lista Lending,lending,,5570.235,13904532.14,2496.22
2025-07,lista-lending,Lista Lending,lending,,2145.542,7927090.97,3694.68
2025-08,lista-lending,Lista Lending,lending,,881.1351,3877320.41,4400.37
2025-09,lista-lending,Lista Lending,lending,,424.9703,1762287.99,4146.85
2025-10,lista-lending,Lista Lending,lending,,309.8994,1194568.2,3854.6968
2025-11,lista-lending,Lista Lending,lending,,29.5162,88166.15,2987.0461
2025-12,lista-lending,Lista Lending,lending,,152.7829,453996.27,2971.5129
2026-01,lista-lending,Lista Lending,lending,,277.2999,684863.89,2469.7591
2026-02,lista-lending,Lista Lending,lending,,228.0859,446424.67,1957.2655
2026-03,lista-lending,Lista Lending,lending,,102.3589,214960.1,2100.0636
2026-04,lista-lending,Lista Lending,lending,,1717.6272,3879208.93,2258.4696
2026-05,lista-lending,Lista Lending,lending,,1778.3755,3573753.7,2009.5608
2026-06,lista-lending,Lista Lending,lending,,253.3629,397220.08,1567.7911
2026-07,lista-lending,Lista Lending,lending,,841.9225,1568901.89,1863.4753
2026-08,lista-lending,Lista Lending,lending,,29.2255,72205.23,2470.6262
2026-09,lista-lending,Lista Lending,lending,,23.248,62240.12,2677.2247
2026-10-02,lista-lending,Lista Lending,lending,,34.5787,92303.96,2669.3876
2025-09,makina,Makina,farming,vaults,6725.6884,27890420.8,4146.85
2025-10,makina,Makina,farming,vaults,0.0,0.0,3854.6968
2025-11,makina,Makina,farming,vaults,23.7545,70955.74,2987.0461
2025-12,makina,Makina,farming,vaults,0.0,0.0,2971.5129
2026-01,makina,Makina,farming,vaults,0.0,0.0,2469.7591
2026-02,makina,Makina,farming,vaults,7.4921,14664.09,1957.2655
2026-03,makina,Makina,farming,vaults,0.0,0.0,2100.0636
2026-04,makina,Makina,farming,vaults,0.0,0.0,2258.4696
2026-05,makina,Makina,farming,vaults,0.0,0.0,2009.5608
2026-06,makina,Makina,farming,vaults,0.0,0.0,1567.7911
2026-07,makina,Makina,farming,vaults,2.4048,4481.23,1863.4753
2026-08,makina,Makina,farming,vaults,0.0,0.0,2470.6262
2026-09,makina,Makina,farming,vaults,4.9272,13191.24,2677.2247
2026-10-02,makina,Makina,farming,vaults,0.0,0.0,2669.3876
2024-10,manta-cedefi,Manta CeDeFi,basis,,18018.1158,45364210.17,2517.7
2024-11,manta-cedefi,Manta CeDeFi,basis,,17913.8522,66711722.9,3724.03
2024-12,manta-cedefi,Manta CeDeFi,basis,,15205.4191,50623857.85,3329.33
2025-01,manta-cedefi,Manta CeDeFi,basis,,14946.5193,49307819.95,3298.95
2025-02,manta-cedefi,Manta CeDeFi,basis,,8960.6439,19943705.08,2225.7
2025-03,manta-cedefi,Manta CeDeFi,basis,,4224.5997,7704275.8,1823.67
2025-04,manta-cedefi,Manta CeDeFi,basis,,4156.8124,7453081.57,1792.98
2025-05,manta-cedefi,Manta CeDeFi,basis,,2171.1975,5466836.52,2517.89
2025-06,manta-cedefi,Manta CeDeFi,basis,,1977.0252,4935089.84,2496.22
2025-07,manta-cedefi,Manta CeDeFi,basis,,1947.8554,7196702.52,3694.68
2025-08,manta-cedefi,Manta CeDeFi,basis,,1812.336,7974948.77,4400.37
2025-09,manta-cedefi,Manta CeDeFi,basis,,1466.5105,6081398.99,4146.85
2025-10,manta-cedefi,Manta CeDeFi,basis,,1457.2404,5617219.79,3854.6968
2025-11,manta-cedefi,Manta CeDeFi,basis,,1404.0758,4194039.09,2987.0461
2025-12,manta-cedefi,Manta CeDeFi,basis,,1409.1022,4187165.45,2971.5129
2026-01,manta-cedefi,Manta CeDeFi,basis,,1404.2659,3468198.55,2469.7591
2026-02,manta-cedefi,Manta CeDeFi,basis,,1401.4753,2743059.34,1957.2655
2026-03,manta-cedefi,Manta CeDeFi,basis,,1391.8687,2923012.84,2100.0636
2026-04,manta-cedefi,Manta CeDeFi,basis,,387.5357,875237.58,2258.4696
2026-05,manta-cedefi,Manta CeDeFi,basis,,380.2991,764234.21,2009.5608
2026-06,manta-cedefi,Manta CeDeFi,basis,,359.7956,564084.27,1567.7911
2026-07,manta-cedefi,Manta CeDeFi,basis,,358.4426,667949.03,1863.4753
2026-08,manta-cedefi,Manta CeDeFi,basis,,354.7088,876352.93,2470.6262
2026-09,manta-cedefi,Manta CeDeFi,basis,,354.6015,949347.95,2677.2247
2026-10-02,manta-cedefi,Manta CeDeFi,basis,,355.2659,948342.31,2669.3876
2024-11,mantle-restaking,Mantle Restaking,restaking,,127817.2165,475995148.65,3724.03
2024-12,mantle-restaking,Mantle Restaking,restaking,,142803.4404,475439778.14,3329.33
2025-01,mantle-restaking,Mantle Restaking,restaking,,176810.3535,583288515.56,3298.95
2025-02,mantle-restaking,Mantle Restaking,restaking,,179117.7382,398662350.01,2225.7
2025-03,mantle-restaking,Mantle Restaking,restaking,,195578.8208,356671228.06,1823.67
2025-04,mantle-restaking,Mantle Restaking,restaking,,165791.8675,297261502.67,1792.98
2025-05,mantle-restaking,Mantle Restaking,restaking,,161000.2875,405381013.91,2517.89
2025-06,mantle-restaking,Mantle Restaking,restaking,,169018.3504,421906986.67,2496.22
2025-07,mantle-restaking,Mantle Restaking,restaking,,170284.532,629146854.54,3694.68
2025-08,mantle-restaking,Mantle Restaking,restaking,,102857.6198,452611584.41,4400.37
2025-09,mantle-restaking,Mantle Restaking,restaking,,103450.249,428992665.15,4146.85
2025-10,mantle-restaking,Mantle Restaking,restaking,,82713.6281,318835955.66,3854.6968
2025-11,mantle-restaking,Mantle Restaking,restaking,,72593.1561,216839107.57,2987.0461
2025-12,mantle-restaking,Mantle Restaking,restaking,,68150.4187,202509846.15,2971.5129
2026-01,mantle-restaking,Mantle Restaking,restaking,,51942.3775,128285159.45,2469.7591
2026-02,mantle-restaking,Mantle Restaking,restaking,,49689.1449,97254850.74,1957.2655
2026-03,mantle-restaking,Mantle Restaking,restaking,,53638.2364,112643707.42,2100.0636
2026-04,mantle-restaking,Mantle Restaking,restaking,,70360.5314,158907121.85,2258.4696
2026-05,mantle-restaking,Mantle Restaking,restaking,,34933.7633,70201521.6,2009.5608
2026-06,mantle-restaking,Mantle Restaking,restaking,,20492.2254,32127528.23,1567.7911
2026-07,mantle-restaking,Mantle Restaking,restaking,,17051.2347,31774555.25,1863.4753
2026-08,mantle-restaking,Mantle Restaking,restaking,,16717.7566,41303327.46,2470.6262
2026-09,mantle-restaking,Mantle Restaking,restaking,,16037.398,42935717.98,2677.2247
2026-10-02,mantle-restaking,Mantle Restaking,restaking,,16045.8792,42832670.9,2669.3876
2024-10,marginfi-lending,marginfi Lending,lending,,408.4174,1028272.38,2517.7
2024-11,marginfi-lending,marginfi Lending,lending,,656.9408,2446467.28,3724.03
2024-12,marginfi-lending,marginfi Lending,lending,,550.6157,1833181.34,3329.33
2025-01,marginfi-lending,marginfi Lending,lending,,475.1928,1567637.37,3298.95
2025-02,marginfi-lending,marginfi Lending,lending,,533.6855,1187823.92,2225.7
2025-03,marginfi-lending,marginfi Lending,lending,,322.377,587909.23,1823.67
2025-04,marginfi-lending,marginfi Lending,lending,,233.8589,419304.35,1792.98
2025-05,marginfi-lending,marginfi Lending,lending,,407.7418,1026648.93,2517.89
2025-06,marginfi-lending,marginfi Lending,lending,,375.8525,938210.56,2496.22
2025-07,marginfi-lending,marginfi Lending,lending,,299.475,1106464.31,3694.68
2025-08,marginfi-lending,marginfi Lending,lending,,436.9199,1922609.28,4400.37
2025-09,marginfi-lending,marginfi Lending,lending,,793.3273,3289809.36,4146.85
2025-10,marginfi-lending,marginfi Lending,lending,,758.409,2923436.69,3854.6968
2025-11,marginfi-lending,marginfi Lending,lending,,752.8031,2248657.47,2987.0461
2025-12,marginfi-lending,marginfi Lending,lending,,742.4474,2206191.99,2971.5129
2026-01,marginfi-lending,marginfi Lending,lending,,554.3084,1369008.28,2469.7591
2026-02,marginfi-lending,marginfi Lending,lending,,459.2672,898907.94,1957.2655
2026-03,marginfi-lending,marginfi Lending,lending,,446.4276,937526.28,2100.0636
2026-04,marginfi-lending,marginfi Lending,lending,,411.2074,928699.49,2258.4696
2026-05,marginfi-lending,marginfi Lending,lending,,360.4326,724311.16,2009.5608
2026-06,marginfi-lending,marginfi Lending,lending,,347.7271,545163.4,1567.7911
2026-09,marginfi-lending,marginfi Lending,lending,,303.7797,813286.41,2677.2247
2026-10-02,marginfi-lending,marginfi Lending,lending,,302.1597,806581.24,2669.3876
2026-01,mellow-core,Mellow Core vaults (other than Lido Earn),farming,vaults,61526.5625,151955787.59,2469.7591
2026-02,mellow-core,Mellow Core vaults (other than Lido Earn),farming,vaults,50595.9658,99029740.01,1957.2655
2026-03,mellow-core,Mellow Core vaults (other than Lido Earn),farming,vaults,111981.5498,235168375.57,2100.0636
2026-04,mellow-core,Mellow Core vaults (other than Lido Earn),farming,vaults,10475.281,23658103.69,2258.4696
2026-05,mellow-core,Mellow Core vaults (other than Lido Earn),farming,vaults,7079.3967,14226478.17,2009.5608
2026-06,mellow-core,Mellow Core vaults (other than Lido Earn),farming,vaults,5509.0532,8637044.53,1567.7911
2026-07,mellow-core,Mellow Core vaults (other than Lido Earn),farming,vaults,4959.743,9242358.82,1863.4753
2026-08,mellow-core,Mellow Core vaults (other than Lido Earn),farming,vaults,3755.3604,9278091.77,2470.6262
2026-09,mellow-core,Mellow Core vaults (other than Lido Earn),farming,vaults,3748.0316,10034322.83,2677.2247
2026-10-02,mellow-core,Mellow Core vaults (other than Lido Earn),farming,vaults,3414.5445,9114742.85,2669.3876
2024-10,mellow-restaking,Mellow Restaking,restaking,,230577.0712,580523892.14,2517.7
2024-11,mellow-restaking,Mellow Restaking,restaking,,197456.1622,735332671.66,3724.03
2024-12,mellow-restaking,Mellow Restaking,restaking,,169517.9861,564381316.68,3329.33
2025-01,mellow-restaking,Mellow Restaking,restaking,,110911.1472,365890328.96,3298.95
2025-02,mellow-restaking,Mellow Restaking,restaking,,108930.2291,242446010.88,2225.7
2025-03,mellow-restaking,Mellow Restaking,restaking,,104587.956,190733917.7,1823.67
2025-04,mellow-restaking,Mellow Restaking,restaking,,109089.1258,195594620.7,1792.98
2025-05,mellow-restaking,Mellow Restaking,restaking,,117959.3188,297008589.11,2517.89
2025-06,mellow-restaking,Mellow Restaking,restaking,,108324.9844,270402992.48,2496.22
2025-07,mellow-restaking,Mellow Restaking,restaking,,112215.3488,414599804.86,3694.68
2025-08,mellow-restaking,Mellow Restaking,restaking,,93943.0571,413384210.02,4400.37
2025-09,mellow-restaking,Mellow Restaking,restaking,,87871.946,364391779.34,4146.85
2025-10,mellow-restaking,Mellow Restaking,restaking,,76132.7751,293468762.71,3854.6968
2025-11,mellow-restaking,Mellow Restaking,restaking,,72556.4999,216729613.76,2987.0461
2025-12,mellow-restaking,Mellow Restaking,restaking,,87880.3353,261137547.25,2971.5129
2026-01,mellow-restaking,Mellow Restaking,restaking,,21584.9906,53309726.96,2469.7591
2026-02,mellow-restaking,Mellow Restaking,restaking,,20770.9036,40654173.77,1957.2655
2026-03,mellow-restaking,Mellow Restaking,restaking,,19502.6903,40956889.84,2100.0636
2026-04,mellow-restaking,Mellow Restaking,restaking,,13194.9815,29800464.79,2258.4696
2026-05,mellow-restaking,Mellow Restaking,restaking,,8249.3856,16577641.93,2009.5608
2026-06,mellow-restaking,Mellow Restaking,restaking,,7111.8836,11149947.72,1567.7911
2026-07,mellow-restaking,Mellow Restaking,restaking,,6916.6506,12889007.82,1863.4753
2026-08,mellow-restaking,Mellow Restaking,restaking,,6262.8944,15473270.97,2470.6262
2026-09,mellow-restaking,Mellow Restaking,restaking,,5677.562,15200109.05,2677.2247
2026-10-02,mellow-restaking,Mellow Restaking,restaking,,5642.8091,15062844.7,2669.3876
2024-10,merchant-moe-liquidity-book,Merchant Moe Liquidity Book,farming,pools,34814.7862,87653187.27,2517.7
2024-11,merchant-moe-liquidity-book,Merchant Moe Liquidity Book,farming,pools,27473.6441,102312675.0,3724.03
2024-12,merchant-moe-liquidity-book,Merchant Moe Liquidity Book,farming,pools,15260.4248,50806989.98,3329.33
2025-01,merchant-moe-liquidity-book,Merchant Moe Liquidity Book,farming,pools,14674.5645,48410654.6,3298.95
2025-02,merchant-moe-liquidity-book,Merchant Moe Liquidity Book,farming,pools,6995.8232,15570603.63,2225.7
2025-03,merchant-moe-liquidity-book,Merchant Moe Liquidity Book,farming,pools,7653.0275,13956596.67,1823.67
2025-04,merchant-moe-liquidity-book,Merchant Moe Liquidity Book,farming,pools,8072.6062,14474021.55,1792.98
2025-05,merchant-moe-liquidity-book,Merchant Moe Liquidity Book,farming,pools,6342.692,15970200.79,2517.89
2025-06,merchant-moe-liquidity-book,Merchant Moe Liquidity Book,farming,pools,6156.501,15367981.05,2496.22
2025-07,merchant-moe-liquidity-book,Merchant Moe Liquidity Book,farming,pools,4884.8441,18047935.89,3694.68
2025-08,merchant-moe-liquidity-book,Merchant Moe Liquidity Book,farming,pools,3414.2185,15023824.68,4400.37
2025-09,merchant-moe-liquidity-book,Merchant Moe Liquidity Book,farming,pools,3640.9063,15098292.28,4146.85
2025-10,merchant-moe-liquidity-book,Merchant Moe Liquidity Book,farming,pools,4023.164,15508077.39,3854.6968
2025-11,merchant-moe-liquidity-book,Merchant Moe Liquidity Book,farming,pools,4903.5243,14647053.27,2987.0461
2025-12,merchant-moe-liquidity-book,Merchant Moe Liquidity Book,farming,pools,4849.3217,14409821.96,2971.5129
2026-01,merchant-moe-liquidity-book,Merchant Moe Liquidity Book,farming,pools,4690.3572,11584052.46,2469.7591
2026-02,merchant-moe-liquidity-book,Merchant Moe Liquidity Book,farming,pools,5664.3921,11086719.48,1957.2655
2026-03,merchant-moe-liquidity-book,Merchant Moe Liquidity Book,farming,pools,3086.2192,6481256.49,2100.0636
2026-04,merchant-moe-liquidity-book,Merchant Moe Liquidity Book,farming,pools,2190.655,4947527.77,2258.4696
2026-05,merchant-moe-liquidity-book,Merchant Moe Liquidity Book,farming,pools,1932.0691,3882610.41,2009.5608
2026-06,merchant-moe-liquidity-book,Merchant Moe Liquidity Book,farming,pools,1334.6497,2092451.82,1567.7911
2026-07,merchant-moe-liquidity-book,Merchant Moe Liquidity Book,farming,pools,1772.8626,3303685.77,1863.4753
2026-08,merchant-moe-liquidity-book,Merchant Moe Liquidity Book,farming,pools,1665.932,4115895.18,2470.6262
2026-09,merchant-moe-liquidity-book,Merchant Moe Liquidity Book,farming,pools,1631.5808,4368108.4,2677.2247
2026-10-02,merchant-moe-liquidity-book,Merchant Moe Liquidity Book,farming,pools,1627.4201,4344214.92,2669.3876
2025-08,metalx-lending,MetalX Lending,lending,,0,0.0,4400.37
2025-09,metalx-lending,MetalX Lending,lending,,464.0124,1924189.72,4146.85
2025-10,metalx-lending,MetalX Lending,lending,,382.9864,1476296.31,3854.6968
2025-11,metalx-lending,MetalX Lending,lending,,402.1325,1201188.21,2987.0461
2025-12,metalx-lending,MetalX Lending,lending,,382.3011,1136012.71,2971.5129
2026-01,metalx-lending,MetalX Lending,lending,,421.7864,1041710.8,2469.7591
2026-02,metalx-lending,MetalX Lending,lending,,434.6583,850741.77,1957.2655
2026-03,metalx-lending,MetalX Lending,lending,,445.2047,934958.18,2100.0636
2026-04,metalx-lending,MetalX Lending,lending,,452.59,1022160.68,2258.4696
2026-05,metalx-lending,MetalX Lending,lending,,430.4974,865110.79,2009.5608
2026-06,metalx-lending,MetalX Lending,lending,,443.1619,694785.31,1567.7911
2026-07,metalx-lending,MetalX Lending,lending,,426.1064,794038.84,1863.4753
2026-08,metalx-lending,MetalX Lending,lending,,453.8351,1121257.0,2470.6262
2026-09,metalx-lending,MetalX Lending,lending,,439.655,1177055.33,2677.2247
2026-10-02,metalx-lending,MetalX Lending,lending,,416.8789,1112811.36,2669.3876
2024-10,meth-protocol,mETH Protocol,staking,,343887.1827,865804759.94,2517.7
2024-11,meth-protocol,mETH Protocol,staking,,356802.0984,1328741718.6,3724.03
2024-12,meth-protocol,mETH Protocol,staking,,344887.6795,1148244897.98,3329.33
2025-01,meth-protocol,mETH Protocol,staking,,374797.9443,1236439678.36,3298.95
2025-02,meth-protocol,mETH Protocol,staking,,331868.6042,738639952.31,2225.7
2025-03,meth-protocol,mETH Protocol,staking,,262909.9669,479461019.4,1823.67
2025-04,meth-protocol,mETH Protocol,staking,,290981.9439,521724805.84,1792.98
2025-05,meth-protocol,mETH Protocol,staking,,295685.6027,744503822.23,2517.89
2025-06,meth-protocol,mETH Protocol,staking,,267625.7411,668052727.57,2496.22
2025-07,meth-protocol,mETH Protocol,staking,,281719.2183,1040862361.47,3694.68
2025-08,meth-protocol,mETH Protocol,staking,,235435.8133,1036004689.56,4400.37
2025-09,meth-protocol,mETH Protocol,staking,,202476.7527,839640721.76,4146.85
2025-10,meth-protocol,mETH Protocol,staking,,191672.1061,738837849.36,3854.6968
2025-11,meth-protocol,mETH Protocol,staking,,204210.144,609985124.39,2987.0461
2025-12,meth-protocol,mETH Protocol,staking,,196173.1014,582930895.05,2971.5129
2026-01,meth-protocol,mETH Protocol,staking,,244104.9399,602880396.91,2469.7591
2026-02,meth-protocol,mETH Protocol,staking,,258922.635,506780349.38,1957.2655
2026-03,meth-protocol,mETH Protocol,staking,,260738.8464,547568157.9,2100.0636
2026-04,meth-protocol,mETH Protocol,staking,,221854.9452,501052651.5,2258.4696
2026-05,meth-protocol,mETH Protocol,staking,,219217.657,440531211.83,2009.5608
2026-06,meth-protocol,mETH Protocol,staking,,225011.8925,352771638.2,1567.7911
2026-07,meth-protocol,mETH Protocol,staking,,249518.2846,464971169.26,1863.4753
2026-08,meth-protocol,mETH Protocol,staking,,233461.0391,576794960.28,2470.6262
2026-09,meth-protocol,mETH Protocol,staking,,234234.9599,627099618.17,2677.2247
2026-10-02,meth-protocol,mETH Protocol,staking,,234550.9972,626107524.14,2669.3876
2024-10,mev-protocol,MEV Protocol,staking,,1487.3814,3744780.05,2517.7
2024-11,mev-protocol,MEV Protocol,staking,,1082.5036,4031275.87,3724.03
2024-12,mev-protocol,MEV Protocol,staking,,92.1656,306849.66,3329.33
2025-01,mev-protocol,MEV Protocol,staking,,100.2072,330578.68,3298.95
2025-02,mev-protocol,MEV Protocol,staking,,85.9301,191254.6,2225.7
2025-03,mev-protocol,MEV Protocol,staking,,85.9825,156803.73,1823.67
2025-04,mev-protocol,MEV Protocol,staking,,80.4609,144264.86,1792.98
2025-05,mev-protocol,MEV Protocol,staking,,75.4095,189872.77,2517.89
2025-06,mev-protocol,MEV Protocol,staking,,70.1962,175225.07,2496.22
2025-07,mev-protocol,MEV Protocol,staking,,63.9468,236262.95,3694.68
2025-08,mev-protocol,MEV Protocol,staking,,55.8187,245623.07,4400.37
2025-09,mev-protocol,MEV Protocol,staking,,52.98,219700.12,4146.85
2025-10,mev-protocol,MEV Protocol,staking,,52.7175,203209.95,3854.6968
2025-11,mev-protocol,MEV Protocol,staking,,47.716,142529.89,2987.0461
2025-12,mev-protocol,MEV Protocol,staking,,43.7582,130028.02,2971.5129
2026-01,mev-protocol,MEV Protocol,staking,,43.2892,106913.88,2469.7591
2026-02,mev-protocol,MEV Protocol,staking,,45.5532,89159.68,1957.2655
2026-03,mev-protocol,MEV Protocol,staking,,42.8723,90034.47,2100.0636
2026-04,mev-protocol,MEV Protocol,staking,,49.7458,112349.44,2258.4696
2026-05,mev-protocol,MEV Protocol,staking,,49.0388,98546.48,2009.5608
2026-06,mev-protocol,MEV Protocol,staking,,48.935,76719.8,1567.7911
2026-07,mev-protocol,MEV Protocol,staking,,49.3605,91982.14,1863.4753
2026-08,mev-protocol,MEV Protocol,staking,,49.0046,121072.15,2470.6262
2026-09,mev-protocol,MEV Protocol,staking,,49.3257,132056.0,2677.2247
2026-10-02,mev-protocol,MEV Protocol,staking,,49.4303,131948.55,2669.3876
2024-10,moonwell-lending,Moonwell Lending,lending,,12543.7803,31581475.65,2517.7
2024-11,moonwell-lending,Moonwell Lending,lending,,6404.5889,23850881.19,3724.03
2024-12,moonwell-lending,Moonwell Lending,lending,,6025.8484,20062037.86,3329.33
2025-01,moonwell-lending,Moonwell Lending,lending,,5785.5151,19086125.15,3298.95
2025-02,moonwell-lending,Moonwell Lending,lending,,8358.0264,18602459.31,2225.7
2025-03,moonwell-lending,Moonwell Lending,lending,,6392.7103,11658193.9,1823.67
2025-04,moonwell-lending,Moonwell Lending,lending,,7089.9712,12712176.58,1792.98
2025-05,moonwell-lending,Moonwell Lending,lending,,7105.6956,17891360.0,2517.89
2025-06,moonwell-lending,Moonwell Lending,lending,,6745.477,16838194.47,2496.22
2025-07,moonwell-lending,Moonwell Lending,lending,,4044.2594,14942244.42,3694.68
2025-08,moonwell-lending,Moonwell Lending,lending,,3992.879,17570145.07,4400.37
2025-09,moonwell-lending,Moonwell Lending,lending,,2380.7359,9872554.76,4146.85
2025-10,moonwell-lending,Moonwell Lending,lending,,5363.3694,20674162.66,3854.6968
2025-11,moonwell-lending,Moonwell Lending,lending,,3899.9657,11649377.56,2987.0461
2025-12,moonwell-lending,Moonwell Lending,lending,,2140.334,6360029.87,2971.5129
2026-01,moonwell-lending,Moonwell Lending,lending,,1453.2009,3589056.04,2469.7591
2026-02,moonwell-lending,Moonwell Lending,lending,,1374.0505,2689381.77,1957.2655
2026-03,moonwell-lending,Moonwell Lending,lending,,1325.8681,2784407.25,2100.0636
2026-04,moonwell-lending,Moonwell Lending,lending,,1132.0593,2556721.43,2258.4696
2026-05,moonwell-lending,Moonwell Lending,lending,,1709.6853,3435716.5,2009.5608
2026-06,moonwell-lending,Moonwell Lending,lending,,1401.2348,2196843.38,1567.7911
2026-07,moonwell-lending,Moonwell Lending,lending,,1366.9378,2547254.94,1863.4753
2026-08,moonwell-lending,Moonwell Lending,lending,,1297.9432,3206732.51,2470.6262
2026-09,moonwell-lending,Moonwell Lending,lending,,557.1643,1491653.99,2677.2247
2026-10-02,moonwell-lending,Moonwell Lending,lending,,577.6919,1542083.62,2669.3876
2025-09,moremarkets.xyz,MoreMarkets.xyz,farming,vaults,0.0,0.0,4146.85
2025-10,moremarkets.xyz,MoreMarkets.xyz,farming,vaults,1929.0747,7435997.91,3854.6968
2025-11,moremarkets.xyz,MoreMarkets.xyz,farming,vaults,1017.8487,3040361.15,2987.0461
2025-12,moremarkets.xyz,MoreMarkets.xyz,farming,vaults,719.6446,2138433.07,2971.5129
2026-02,moremarkets.xyz,MoreMarkets.xyz,farming,vaults,687.18,1344993.67,1957.2655
2026-03,moremarkets.xyz,MoreMarkets.xyz,farming,vaults,685.4375,1439462.34,2100.0636
2026-04,moremarkets.xyz,MoreMarkets.xyz,farming,vaults,144.968,327405.8,2258.4696
2026-05,moremarkets.xyz,MoreMarkets.xyz,farming,vaults,111.783,224634.7,2009.5608
2026-06,moremarkets.xyz,MoreMarkets.xyz,farming,vaults,108.7483,170494.56,1567.7911
2026-07,moremarkets.xyz,MoreMarkets.xyz,farming,vaults,31.3948,58503.48,1863.4753
2026-08,moremarkets.xyz,MoreMarkets.xyz,farming,vaults,28.699,70904.53,2470.6262
2026-09,moremarkets.xyz,MoreMarkets.xyz,farming,vaults,27.325,73155.08,2677.2247
2026-10-02,moremarkets.xyz,MoreMarkets.xyz,farming,vaults,27.2719,72799.15,2669.3876
2024-10,morpho-blue,Morpho Blue,lending,,24398.1146,61427133.23,2517.7
2024-11,morpho-blue,Morpho Blue,lending,,27113.7251,100972325.73,3724.03
2024-12,morpho-blue,Morpho Blue,lending,,44989.7695,149785789.38,3329.33
2025-01,morpho-blue,Morpho Blue,lending,,30771.213,101512692.97,3298.95
2025-02,morpho-blue,Morpho Blue,lending,,20710.8409,46096118.55,2225.7
2025-03,morpho-blue,Morpho Blue,lending,,35781.9719,65254508.65,1823.67
2025-04,morpho-blue,Morpho Blue,lending,,27356.5005,49049658.2,1792.98
2025-05,morpho-blue,Morpho Blue,lending,,32703.9411,82344926.26,2517.89
2025-06,morpho-blue,Morpho Blue,lending,,28023.7179,69953364.99,2496.22
2025-07,morpho-blue,Morpho Blue,lending,,31329.6816,115753147.99,3694.68
2025-08,morpho-blue,Morpho Blue,lending,,39510.0358,173858776.19,4400.37
2025-09,morpho-blue,Morpho Blue,lending,,34061.1538,141246495.45,4146.85
2025-10,morpho-blue,Morpho Blue,lending,,32010.1694,123389496.83,3854.6968
2025-11,morpho-blue,Morpho Blue,lending,,54622.4625,163159816.4,2987.0461
2025-12,morpho-blue,Morpho Blue,lending,,48344.059,143654993.31,2971.5129
2026-01,morpho-blue,Morpho Blue,lending,,54469.9685,134527700.4,2469.7591
2026-02,morpho-blue,Morpho Blue,lending,,72244.9227,141402497.13,1957.2655
2026-03,morpho-blue,Morpho Blue,lending,,74967.9769,157437518.67,2100.0636
2026-04,morpho-blue,Morpho Blue,lending,,82481.8143,186282671.1,2258.4696
2026-05,morpho-blue,Morpho Blue,lending,,92958.9282,186806618.84,2009.5608
2026-06,morpho-blue,Morpho Blue,lending,,99516.1211,156020487.08,1567.7911
2026-07,morpho-blue,Morpho Blue,lending,,99878.0653,186120311.24,1863.4753
2026-08,morpho-blue,Morpho Blue,lending,,96283.3999,237880290.61,2470.6262
2026-09,morpho-blue,Morpho Blue,lending,,100575.3934,269262926.48,2677.2247
2026-10-02,morpho-blue,Morpho Blue,lending,,101023.8778,269671886.91,2669.3876
2026-07,morpho-midnight,Morpho Midnight,lending,,421.6078,785655.65,1863.4753
2026-08,morpho-midnight,Morpho Midnight,lending,,141.2306,348928.03,2470.6262
2026-09,morpho-midnight,Morpho Midnight,lending,,148.4403,397407.92,2677.2247
2026-10-02,morpho-midnight,Morpho Midnight,lending,,148.1517,395474.37,2669.3876
2024-10,napier,Napier,fixed_yield,,335.6403,845041.64,2517.7
2024-11,napier,Napier,fixed_yield,,300.8468,1120362.6,3724.03
2024-12,napier,Napier,fixed_yield,,95.5024,317958.94,3329.33
2025-01,napier,Napier,fixed_yield,,54.2884,179094.66,3298.95
2025-02,napier,Napier,fixed_yield,,53.2531,118525.39,2225.7
2025-03,napier,Napier,fixed_yield,,975.3206,1778662.9,1823.67
2025-04,napier,Napier,fixed_yield,,1299.7679,2330457.86,1792.98
2025-05,napier,Napier,fixed_yield,,1512.8008,3809066.09,2517.89
2025-06,napier,Napier,fixed_yield,,1060.3114,2646770.5,2496.22
2025-07,napier,Napier,fixed_yield,,1176.5305,4346903.89,3694.68
2025-08,napier,Napier,fixed_yield,,1070.7519,4711704.7,4400.37
2025-09,napier,Napier,fixed_yield,,969.571,4020665.58,4146.85
2025-10,napier,Napier,fixed_yield,,826.1212,3184446.61,3854.6968
2025-11,napier,Napier,fixed_yield,,775.6704,2316963.17,2987.0461
2025-12,napier,Napier,fixed_yield,,110.0985,327159.19,2971.5129
2026-01,napier,Napier,fixed_yield,,98.9289,244330.51,2469.7591
2026-02,napier,Napier,fixed_yield,,99.665,195070.94,1957.2655
2026-03,napier,Napier,fixed_yield,,100.026,210060.99,2100.0636
2026-04,napier,Napier,fixed_yield,,25.9934,58705.32,2258.4696
2026-05,napier,Napier,fixed_yield,,20.0075,40206.36,2009.5608
2026-06,napier,Napier,fixed_yield,,20.019,31385.65,1567.7911
2026-07,napier,Napier,fixed_yield,,19.9367,37151.55,1863.4753
2026-08,napier,Napier,fixed_yield,,19.9155,49203.71,2470.6262
2026-09,napier,Napier,fixed_yield,,19.3105,51698.63,2677.2247
2026-10-02,napier,Napier,fixed_yield,,19.2494,51384.22,2669.3876
2024-10,native-credit-pool,Native Credit Pool,credit,,2495.5154,6282959.14,2517.7
2024-11,native-credit-pool,Native Credit Pool,credit,,2799.203,10424315.78,3724.03
2024-12,native-credit-pool,Native Credit Pool,credit,,1968.4143,6553500.71,3329.33
2025-01,native-credit-pool,Native Credit Pool,credit,,2144.1621,7073483.5,3298.95
2025-02,native-credit-pool,Native Credit Pool,credit,,1093.835,2434548.49,2225.7
2025-03,native-credit-pool,Native Credit Pool,credit,,30.4908,55605.14,1823.67
2025-04,native-credit-pool,Native Credit Pool,credit,,26.8644,48167.28,1792.98
2025-05,native-credit-pool,Native Credit Pool,credit,,26.8401,67580.43,2517.89
2025-06,native-credit-pool,Native Credit Pool,credit,,14.8865,37159.91,2496.22
2025-07,native-credit-pool,Native Credit Pool,credit,,335.5007,1239567.56,3694.68
2025-08,native-credit-pool,Native Credit Pool,credit,,1889.8722,8316136.99,4400.37
2025-09,native-credit-pool,Native Credit Pool,credit,,995.6249,4128707.3,4146.85
2025-10,native-credit-pool,Native Credit Pool,credit,,2481.9058,9566994.19,3854.6968
2025-11,native-credit-pool,Native Credit Pool,credit,,2006.6457,5993943.2,2987.0461
2025-12,native-credit-pool,Native Credit Pool,credit,,4531.7727,13466220.81,2971.5129
2026-01,native-credit-pool,Native Credit Pool,credit,,3185.8351,7868245.3,2469.7591
2026-02,native-credit-pool,Native Credit Pool,credit,,3854.8789,7545021.56,1957.2655
2026-03,native-credit-pool,Native Credit Pool,credit,,11889.7134,24969154.28,2100.0636
2026-04,native-credit-pool,Native Credit Pool,credit,,5176.0134,11689869.04,2258.4696
2026-05,native-credit-pool,Native Credit Pool,credit,,9728.7831,19550581.31,2009.5608
2026-06,native-credit-pool,Native Credit Pool,credit,,8844.8308,13866846.86,1567.7911
2026-07,native-credit-pool,Native Credit Pool,credit,,5921.9715,11035447.78,1863.4753
2026-08,native-credit-pool,Native Credit Pool,credit,,2247.8831,5553678.81,2470.6262
2026-09,native-credit-pool,Native Credit Pool,credit,,1689.8886,4524211.54,2677.2247
2026-10-02,native-credit-pool,Native Credit Pool,credit,,1612.3795,4304065.92,2669.3876
2024-10,navi-lending,NAVI Lending,lending,,4320.1602,10876867.37,2517.7
2024-11,navi-lending,NAVI Lending,lending,,4963.452,18484044.22,3724.03
2024-12,navi-lending,NAVI Lending,lending,,4422.4153,14723680.02,3329.33
2025-01,navi-lending,NAVI Lending,lending,,3814.2906,12583154.08,3298.95
2025-02,navi-lending,NAVI Lending,lending,,4088.8753,9100609.85,2225.7
2025-03,navi-lending,NAVI Lending,lending,,5484.3772,10001694.12,1823.67
2025-04,navi-lending,NAVI Lending,lending,,5176.9366,9282143.78,1792.98
2025-05,navi-lending,NAVI Lending,lending,,3350.4325,8436020.38,2517.89
2025-06,navi-lending,NAVI Lending,lending,,3462.2737,8642596.8,2496.22
2025-07,navi-lending,NAVI Lending,lending,,4200.7842,15520553.32,3694.68
2025-08,navi-lending,NAVI Lending,lending,,2505.8969,11026873.5,4400.37
2025-09,navi-lending,NAVI Lending,lending,,4840.8914,20074450.71,4146.85
2025-10,navi-lending,NAVI Lending,lending,,6995.4548,26965356.96,3854.6968
2025-11,navi-lending,NAVI Lending,lending,,4822.4875,14404992.81,2987.0461
2025-12,navi-lending,NAVI Lending,lending,,3361.4454,9988578.24,2971.5129
2026-01,navi-lending,NAVI Lending,lending,,3472.255,8575633.42,2469.7591
2026-02,navi-lending,NAVI Lending,lending,,1706.4988,3340071.19,1957.2655
2026-03,navi-lending,NAVI Lending,lending,,2235.9773,4695694.47,2100.0636
2026-04,navi-lending,NAVI Lending,lending,,1349.7839,3048446.01,2258.4696
2026-05,navi-lending,NAVI Lending,lending,,1370.893,2754892.77,2009.5608
2026-06,navi-lending,NAVI Lending,lending,,827.8148,1297840.72,1567.7911
2026-07,navi-lending,NAVI Lending,lending,,880.7645,1641282.92,1863.4753
2026-08,navi-lending,NAVI Lending,lending,,841.7418,2079629.38,2470.6262
2026-09,navi-lending,NAVI Lending,lending,,869.9735,2329114.59,2677.2247
2026-10-02,navi-lending,NAVI Lending,lending,,875.4457,2336903.84,2669.3876
2025-11,neverland,Neverland,lending,,70.0691,209299.72,2987.0461
2025-12,neverland,Neverland,lending,,249.2674,740701.23,2971.5129
2026-01,neverland,Neverland,lending,,615.7246,1520691.45,2469.7591
2026-02,neverland,Neverland,lending,,618.1284,1209841.42,1957.2655
2026-03,neverland,Neverland,lending,,1335.7239,2805105.11,2100.0636
2026-04,neverland,Neverland,lending,,910.9254,2057297.24,2258.4696
2026-05,neverland,Neverland,lending,,1365.765,2744587.89,2009.5608
2026-06,neverland,Neverland,lending,,968.6896,1518702.89,1567.7911
2026-07,neverland,Neverland,lending,,439.0508,818160.32,1863.4753
2026-08,neverland,Neverland,lending,,424.5507,1048906.11,2470.6262
2026-09,neverland,Neverland,lending,,94.5767,253203.08,2677.2247
2026-10-02,neverland,Neverland,lending,,106.8717,285281.99,2669.3876
2024-10,nimbora-yield,Nimbora Yield,farming,vaults,1945.3863,4897898.98,2517.7
2024-11,nimbora-yield,Nimbora Yield,farming,vaults,1923.5303,7163284.67,3724.03
2024-12,nimbora-yield,Nimbora Yield,farming,vaults,3110.0048,10354232.34,3329.33
2025-01,nimbora-yield,Nimbora Yield,farming,vaults,2689.5888,8872818.91,3298.95
2025-02,nimbora-yield,Nimbora Yield,farming,vaults,315.8354,702954.79,2225.7
2025-03,nimbora-yield,Nimbora Yield,farming,vaults,179.5895,327512.04,1823.67
2025-04,nimbora-yield,Nimbora Yield,farming,vaults,124.8785,223904.6,1792.98
2025-05,nimbora-yield,Nimbora Yield,farming,vaults,91.8561,231283.57,2517.89
2025-06,nimbora-yield,Nimbora Yield,farming,vaults,82.549,206060.5,2496.22
2025-07,nimbora-yield,Nimbora Yield,farming,vaults,78.2354,289054.79,3694.68
2025-08,nimbora-yield,Nimbora Yield,farming,vaults,78.1219,343765.09,4400.37
2025-09,nimbora-yield,Nimbora Yield,farming,vaults,77.9481,323239.0,4146.85
2025-10,nimbora-yield,Nimbora Yield,farming,vaults,78.0803,300975.81,3854.6968
2025-11,nimbora-yield,Nimbora Yield,farming,vaults,78.5004,234484.36,2987.0461
2025-12,nimbora-yield,Nimbora Yield,farming,vaults,78.0528,231934.96,2971.5129
2026-01,nimbora-yield,Nimbora Yield,farming,vaults,77.9422,192498.34,2469.7591
2026-02,nimbora-yield,Nimbora Yield,farming,vaults,78.4092,153467.66,1957.2655
2026-03,nimbora-yield,Nimbora Yield,farming,vaults,78.2811,164395.25,2100.0636
2026-04,nimbora-yield,Nimbora Yield,farming,vaults,78.2766,176785.32,2258.4696
2026-05,nimbora-yield,Nimbora Yield,farming,vaults,77.9843,156714.27,2009.5608
2026-06,nimbora-yield,Nimbora Yield,farming,vaults,78.2513,122681.65,1567.7911
2026-07,nimbora-yield,Nimbora Yield,farming,vaults,78.0694,145480.39,1863.4753
2026-08,nimbora-yield,Nimbora Yield,farming,vaults,78.0549,192844.36,2470.6262
2026-09,nimbora-yield,Nimbora Yield,farming,vaults,78.5962,210419.78,2677.2247
2026-10-02,nimbora-yield,Nimbora Yield,farming,vaults,78.4414,209390.56,2669.3876
2024-10,nodedao,NodeDAO,staking,,20429.6458,51435719.17,2517.7
2024-11,nodedao,NodeDAO,staking,,20512.4259,76388889.54,3724.03
2024-12,nodedao,NodeDAO,staking,,19709.3847,65619045.67,3329.33
2025-01,nodedao,NodeDAO,staking,,19758.1696,65181213.51,3298.95
2025-02,nodedao,NodeDAO,staking,,19622.8623,43674604.64,2225.7
2025-03,nodedao,NodeDAO,staking,,21375.5954,38982032.08,1823.67
2025-04,nodedao,NodeDAO,staking,,19373.9788,34737156.53,1792.98
2025-05,nodedao,NodeDAO,staking,,23623.2115,59480647.98,2517.89
2025-06,nodedao,NodeDAO,staking,,19226.4322,47993404.48,2496.22
2025-07,nodedao,NodeDAO,staking,,19260.0076,71159564.72,3694.68
2025-08,nodedao,NodeDAO,staking,,19262.0096,84759969.29,4400.37
2025-09,nodedao,NodeDAO,staking,,19346.346,80226395.1,4146.85
2025-10,nodedao,NodeDAO,staking,,19338.9277,74545702.17,3854.6968
2025-11,nodedao,NodeDAO,staking,,19430.3839,58039453.43,2987.0461
2025-12,nodedao,NodeDAO,staking,,19586.8274,58202509.79,2971.5129
2026-01,nodedao,NodeDAO,staking,,16019.8383,39565141.39,2469.7591
2026-02,nodedao,NodeDAO,staking,,16096.5129,31505149.87,1957.2655
2026-03,nodedao,NodeDAO,staking,,16025.2137,33653967.78,2100.0636
2026-04,nodedao,NodeDAO,staking,,16079.8252,36315796.5,2258.4696
2026-05,nodedao,NodeDAO,staking,,16092.4882,32338833.67,2009.5608
2026-06,nodedao,NodeDAO,staking,,14142.2649,22172116.85,1567.7911
2026-07,nodedao,NodeDAO,staking,,14306.8535,26660468.59,1863.4753
2026-08,nodedao,NodeDAO,staking,,14333.2352,35412066.4,2470.6262
2026-09,nodedao,NodeDAO,staking,,14391.012,38527972.66,2677.2247
2026-10-02,nodedao,NodeDAO,staking,,14359.7895,38331844.16,2669.3876
2024-12,nucleus,Nucleus,farming,vaults,9487.0389,31585483.16,3329.33
2025-01,nucleus,Nucleus,farming,vaults,11474.0928,37852458.57,3298.95
2025-02,nucleus,Nucleus,farming,vaults,16968.5317,37766861.08,2225.7
2025-03,nucleus,Nucleus,farming,vaults,12574.7387,22932173.77,1823.67
2025-04,nucleus,Nucleus,farming,vaults,8854.7459,15876382.36,1792.98
2025-05,nucleus,Nucleus,farming,vaults,7623.6327,19195468.63,2517.89
2025-06,nucleus,Nucleus,farming,vaults,6265.5222,15640121.81,2496.22
2025-07,nucleus,Nucleus,farming,vaults,2404.248,8882926.88,3694.68
2025-08,nucleus,Nucleus,farming,vaults,1002.5323,4411513.08,4400.37
2025-09,nucleus,Nucleus,farming,vaults,1606.5479,6662113.06,4146.85
2025-10,nucleus,Nucleus,farming,vaults,1493.8928,5758503.84,3854.6968
2025-11,nucleus,Nucleus,farming,vaults,2277.971,6804404.59,2987.0461
2025-12,nucleus,Nucleus,farming,vaults,1961.6838,5829168.73,2971.5129
2026-01,nucleus,Nucleus,farming,vaults,1625.5612,4014744.58,2469.7591
2026-02,nucleus,Nucleus,farming,vaults,1387.5711,2715845.14,1957.2655
2026-03,nucleus,Nucleus,farming,vaults,1231.3383,2585888.63,2100.0636
2026-04,nucleus,Nucleus,farming,vaults,1105.9887,2497841.94,2258.4696
2026-05,nucleus,Nucleus,farming,vaults,1076.8875,2164070.89,2009.5608
2026-06,nucleus,Nucleus,farming,vaults,887.8206,1391917.23,1567.7911
2026-07,nucleus,Nucleus,farming,vaults,803.9533,1498147.1,1863.4753
2026-08,nucleus,Nucleus,farming,vaults,701.0861,1732121.58,2470.6262
2026-09,nucleus,Nucleus,farming,vaults,669.5518,1792540.71,2677.2247
2026-10-02,nucleus,Nucleus,farming,vaults,665.1479,1775537.51,2669.3876
2024-10,onx-finance,OnX Finance,farming,vaults,127.0115,319776.77,2517.7
2024-11,onx-finance,OnX Finance,farming,vaults,122.4296,455931.63,3724.03
2024-12,onx-finance,OnX Finance,farming,vaults,123.0509,409676.89,3329.33
2025-01,onx-finance,OnX Finance,farming,vaults,122.8426,405251.61,3298.95
2025-02,onx-finance,OnX Finance,farming,vaults,123.7083,275337.47,2225.7
2025-03,onx-finance,OnX Finance,farming,vaults,124.2751,226636.77,1823.67
2025-04,onx-finance,OnX Finance,farming,vaults,124.5737,223358.11,1792.98
2025-05,onx-finance,OnX Finance,farming,vaults,125.2189,315287.42,2517.89
2025-06,onx-finance,OnX Finance,farming,vaults,123.2054,307547.89,2496.22
2025-07,onx-finance,OnX Finance,farming,vaults,125.1746,462479.95,3694.68
2025-08,onx-finance,OnX Finance,farming,vaults,124.4615,547676.53,4400.37
2025-09,onx-finance,OnX Finance,farming,vaults,123.7631,513226.96,4146.85
2025-10,onx-finance,OnX Finance,farming,vaults,122.7838,473294.42,3854.6968
2025-11,onx-finance,OnX Finance,farming,vaults,126.4255,377638.72,2987.0461
2025-12,onx-finance,OnX Finance,farming,vaults,125.2475,372174.64,2971.5129
2026-01,onx-finance,OnX Finance,farming,vaults,123.9104,306028.83,2469.7591
2026-02,onx-finance,OnX Finance,farming,vaults,123.583,241884.76,1957.2655
2026-03,onx-finance,OnX Finance,farming,vaults,124.8075,262103.68,2100.0636
2026-04,onx-finance,OnX Finance,farming,vaults,125.4326,283285.78,2258.4696
2026-05,onx-finance,OnX Finance,farming,vaults,125.2865,251770.79,2009.5608
2026-06,onx-finance,OnX Finance,farming,vaults,124.7053,195511.9,1567.7911
2026-07,onx-finance,OnX Finance,farming,vaults,124.7102,232394.38,1863.4753
2026-08,onx-finance,OnX Finance,farming,vaults,125.5828,310268.1,2470.6262
2026-09,onx-finance,OnX Finance,farming,vaults,125.4534,335866.98,2677.2247
2026-10-02,onx-finance,OnX Finance,farming,vaults,125.4291,334818.97,2669.3876
2024-10,opyn-convexity,Opyn Convexity,options,,229.3513,577437.7,2517.7
2024-11,opyn-convexity,Opyn Convexity,options,,229.3513,854111.03,3724.03
2024-12,opyn-convexity,Opyn Convexity,options,,229.3513,763586.08,3329.33
2025-01,opyn-convexity,Opyn Convexity,options,,229.0113,755496.86,3298.95
2025-02,opyn-convexity,Opyn Convexity,options,,230.1911,512336.34,2225.7
2025-03,opyn-convexity,Opyn Convexity,options,,229.4431,418428.47,1823.67
2025-04,opyn-convexity,Opyn Convexity,options,,229.5291,411541.05,1792.98
2025-05,opyn-convexity,Opyn Convexity,options,,229.3513,577481.28,2517.89
2025-06,opyn-convexity,Opyn Convexity,options,,229.3513,572511.24,2496.22
2025-07,opyn-convexity,Opyn Convexity,options,,229.3513,847379.57,3694.68
2025-08,opyn-convexity,Opyn Convexity,options,,228.827,1006923.59,4400.37
2025-09,opyn-convexity,Opyn Convexity,options,,229.3493,951077.04,4146.85
2025-10,opyn-convexity,Opyn Convexity,options,,228.534,880929.14,3854.6968
2025-11,opyn-convexity,Opyn Convexity,options,,229.0984,684327.61,2987.0461
2025-12,opyn-convexity,Opyn Convexity,options,,229.0984,680768.96,2971.5129
2026-01,opyn-convexity,Opyn Convexity,options,,229.0984,565817.96,2469.7591
2026-02,opyn-convexity,Opyn Convexity,options,,229.751,449683.81,1957.2655
2026-03,opyn-convexity,Opyn Convexity,options,,229.0979,481120.24,2100.0636
2026-04,opyn-convexity,Opyn Convexity,options,,229.0979,517410.73,2258.4696
2026-05,opyn-convexity,Opyn Convexity,options,,229.0979,460386.24,2009.5608
2026-06,opyn-convexity,Opyn Convexity,options,,224.5138,351990.76,1567.7911
2026-07,opyn-convexity,Opyn Convexity,options,,225.8667,420896.95,1863.4753
2026-08,opyn-convexity,Opyn Convexity,options,,225.8656,558029.37,2470.6262
2026-09,opyn-convexity,Opyn Convexity,options,,226.3054,605870.52,2677.2247
2026-10-02,opyn-convexity,Opyn Convexity,options,,226.6597,605042.48,2669.3876
2024-10,opyn-gamma,Opyn Gamma,options,,1509.478,3800412.88,2517.7
2024-11,opyn-gamma,Opyn Gamma,options,,1488.266,5542347.3,3724.03
2024-12,opyn-gamma,Opyn Gamma,options,,1487.307,4951735.88,3329.33
2025-01,opyn-gamma,Opyn Gamma,options,,1442.7762,4759646.39,3298.95
2025-02,opyn-gamma,Opyn Gamma,options,,1455.1283,3238679.12,2225.7
2025-03,opyn-gamma,Opyn Gamma,options,,1447.8577,2640414.56,1823.67
2025-04,opyn-gamma,Opyn Gamma,options,,1462.1469,2621600.12,1792.98
2025-05,opyn-gamma,Opyn Gamma,options,,1309.0145,3295954.48,2517.89
2025-06,opyn-gamma,Opyn Gamma,options,,1513.8041,3778788.05,2496.22
2025-07,opyn-gamma,Opyn Gamma,options,,418.0871,1544698.17,3694.68
2025-08,opyn-gamma,Opyn Gamma,options,,417.8859,1838852.71,4400.37
2025-09,opyn-gamma,Opyn Gamma,options,,417.9946,1733360.77,4146.85
2025-10,opyn-gamma,Opyn Gamma,options,,417.0572,1607629.19,3854.6968
2025-11,opyn-gamma,Opyn Gamma,options,,398.3493,1189887.82,2987.0461
2025-12,opyn-gamma,Opyn Gamma,options,,418.0875,1242352.36,2971.5129
2026-01,opyn-gamma,Opyn Gamma,options,,418.0874,1032575.12,2469.7591
2026-02,opyn-gamma,Opyn Gamma,options,,418.0877,818308.59,1957.2655
2026-03,opyn-gamma,Opyn Gamma,options,,418.0877,878010.71,2100.0636
2026-04,opyn-gamma,Opyn Gamma,options,,417.6879,943335.33,2258.4696
2026-05,opyn-gamma,Opyn Gamma,options,,417.5351,839062.08,2009.5608
2026-06,opyn-gamma,Opyn Gamma,options,,406.7873,637757.53,1567.7911
2026-07,opyn-gamma,Opyn Gamma,options,,407.6687,759680.52,1863.4753
2026-08,opyn-gamma,Opyn Gamma,options,,406.2513,1003695.15,2470.6262
2026-09,opyn-gamma,Opyn Gamma,options,,396.4218,1061310.13,2677.2247
2026-10-02,opyn-gamma,Opyn Gamma,options,,395.6383,1056111.89,2669.3876
2024-11,origami-finance,Origami Finance,loops,,5.2308,19479.59,3724.03
2024-12,origami-finance,Origami Finance,loops,,6.0327,20084.89,3329.33
2025-01,origami-finance,Origami Finance,loops,,5.5229,18219.77,3298.95
2025-02,origami-finance,Origami Finance,loops,,4.7373,10543.72,2225.7
2025-03,origami-finance,Origami Finance,loops,,3.6663,6686.04,1823.67
2025-04,origami-finance,Origami Finance,loops,,1.8538,3323.82,1792.98
2025-05,origami-finance,Origami Finance,loops,,1.8612,4686.19,2517.89
2025-06,origami-finance,Origami Finance,loops,,1.9156,4781.85,2496.22
2025-07,origami-finance,Origami Finance,loops,,1.5496,5725.14,3694.68
2025-08,origami-finance,Origami Finance,loops,,1.4583,6416.95,4400.37
2025-09,origami-finance,Origami Finance,loops,,2.6018,10789.45,4146.85
2025-10,origami-finance,Origami Finance,loops,,3.6239,13969.04,3854.6968
2025-11,origami-finance,Origami Finance,loops,,3.5202,10515.02,2987.0461
2025-12,origami-finance,Origami Finance,loops,,3.2669,9707.62,2971.5129
2026-01,origami-finance,Origami Finance,loops,,3.2847,8112.44,2469.7591
2026-02,origami-finance,Origami Finance,loops,,3.2531,6367.22,1957.2655
2026-03,origami-finance,Origami Finance,loops,,3.2893,6907.72,2100.0636
2026-04,origami-finance,Origami Finance,loops,,3.0265,6835.27,2258.4696
2026-05,origami-finance,Origami Finance,loops,,7.6767,15426.75,2009.5608
2026-06,origami-finance,Origami Finance,loops,,9.3907,14722.62,1567.7911
2026-07,origami-finance,Origami Finance,loops,,18.2351,33980.67,1863.4753
2026-08,origami-finance,Origami Finance,loops,,9.0775,22427.02,2470.6262
2026-09,origami-finance,Origami Finance,loops,,9.0238,24158.62,2677.2247
2026-10-02,origami-finance,Origami Finance,loops,,8.9967,24015.64,2669.3876
2024-10,origin-arm,Origin ARM,farming,pools,1582.6927,3984745.46,2517.7
2024-11,origin-arm,Origin ARM,farming,pools,2832.9058,10549826.31,3724.03
2024-12,origin-arm,Origin ARM,farming,pools,2931.6513,9760434.7,3329.33
2025-01,origin-arm,Origin ARM,farming,pools,5978.7864,19723717.43,3298.95
2025-02,origin-arm,Origin ARM,farming,pools,7019.0892,15622386.73,2225.7
2025-03,origin-arm,Origin ARM,farming,pools,6667.3265,12159003.36,1823.67
2025-04,origin-arm,Origin ARM,farming,pools,6718.8438,12046752.52,1792.98
2025-05,origin-arm,Origin ARM,farming,pools,4825.5968,12150321.97,2517.89
2025-06,origin-arm,Origin ARM,farming,pools,417.594,1042406.61,2496.22
2025-07,origin-arm,Origin ARM,farming,pools,1674.4672,6186620.43,3694.68
2025-08,origin-arm,Origin ARM,farming,pools,3407.0358,14992217.96,4400.37
2025-09,origin-arm,Origin ARM,farming,pools,2568.56,10651433.12,4146.85
2025-10,origin-arm,Origin ARM,farming,pools,2500.9382,9640358.59,3854.6968
2025-11,origin-arm,Origin ARM,farming,pools,4285.7942,12801865.14,2987.0461
2025-12,origin-arm,Origin ARM,farming,pools,1407.75,4183147.12,2971.5129
2026-01,origin-arm,Origin ARM,farming,pools,2397.103,5920267.02,2469.7591
2026-02,origin-arm,Origin ARM,farming,pools,4974.456,9736331.33,1957.2655
2026-03,origin-arm,Origin ARM,farming,pools,2594.5893,5448802.59,2100.0636
2026-04,origin-arm,Origin ARM,farming,pools,4839.4796,10929817.66,2258.4696
2026-05,origin-arm,Origin ARM,farming,pools,3521.2166,7076098.8,2009.5608
2026-07,origin-arm,Origin ARM,farming,pools,4313.3029,8037733.53,1863.4753
2026-08,origin-arm,Origin ARM,farming,pools,5265.3686,13008757.52,2470.6262
2026-09,origin-arm,Origin ARM,farming,pools,5133.9846,13744830.39,2677.2247
2026-10-02,origin-arm,Origin ARM,farming,pools,5235.3292,13975122.75,2669.3876
2024-10,origin-ether,Origin Ether,staking,,53488.4112,134667772.94,2517.7
2024-11,origin-ether,Origin Ether,staking,,51854.0984,193106218.18,3724.03
2024-12,origin-ether,Origin Ether,staking,,32564.7016,108418637.9,3329.33
2025-01,origin-ether,Origin Ether,staking,,27728.2473,91474101.29,3298.95
2025-02,origin-ether,Origin Ether,staking,,17367.7656,38655436.01,2225.7
2025-03,origin-ether,Origin Ether,staking,,25821.7808,47090406.99,1823.67
2025-04,origin-ether,Origin Ether,staking,,24239.0291,43460094.43,1792.98
2025-05,origin-ether,Origin Ether,staking,,18131.2886,45652590.15,2517.89
2025-06,origin-ether,Origin Ether,staking,,16863.2907,42094483.42,2496.22
2025-07,origin-ether,Origin Ether,staking,,16895.4121,62423141.01,3694.68
2025-08,origin-ether,Origin Ether,staking,,35207.838,154927514.1,4400.37
2025-09,origin-ether,Origin Ether,staking,,34505.929,143090911.72,4146.85
2025-10,origin-ether,Origin Ether,staking,,34539.4471,133139095.26,3854.6968
2025-11,origin-ether,Origin Ether,staking,,33080.7209,98813639.93,2987.0461
2025-12,origin-ether,Origin Ether,staking,,25206.2148,74900591.59,2971.5129
2026-01,origin-ether,Origin Ether,staking,,21587.745,53316529.75,2469.7591
2026-02,origin-ether,Origin Ether,staking,,23223.2592,45454084.8,1957.2655
2026-03,origin-ether,Origin Ether,staking,,22396.8036,47034711.86,2100.0636
2026-04,origin-ether,Origin Ether,staking,,19808.9962,44738016.03,2258.4696
2026-05,origin-ether,Origin Ether,staking,,18180.9725,36535769.81,2009.5608
2026-06,origin-ether,Origin Ether,staking,,15085.3976,23650751.87,1567.7911
2026-07,origin-ether,Origin Ether,staking,,24492.067,45640362.72,1863.4753
2026-08,origin-ether,Origin Ether,staking,,23414.4518,57848358.18,2470.6262
2026-09,origin-ether,Origin Ether,staking,,22257.1553,59587405.65,2677.2247
2026-10-02,origin-ether,Origin Ether,staking,,22445.0093,59914429.66,2669.3876
2024-10,pac-finance,Pac Finance,lending,,0.0002,0.39,2517.7
2024-11,pac-finance,Pac Finance,lending,,0.0001,0.48,3724.03
2024-12,pac-finance,Pac Finance,lending,,0.0001,0.33,3329.33
2025-01,pac-finance,Pac Finance,lending,,0.0001,0.33,3298.95
2025-02,pac-finance,Pac Finance,lending,,0.0001,0.28,2225.7
2025-09,pac-finance,Pac Finance,lending,,0.0001,0.39,4146.85
2024-10,pancakeswap-amm,PancakeSwap AMM,farming,pools,728.0852,1833100.22,2517.7
2024-11,pancakeswap-amm,PancakeSwap AMM,farming,pools,468.2284,1743696.79,3724.03
2024-12,pancakeswap-amm,PancakeSwap AMM,farming,pools,484.5866,1613348.76,3329.33
2025-01,pancakeswap-amm,PancakeSwap AMM,farming,pools,445.6423,1470151.65,3298.95
2025-02,pancakeswap-amm,PancakeSwap AMM,farming,pools,554.9337,1235115.83,2225.7
2025-03,pancakeswap-amm,PancakeSwap AMM,farming,pools,556.0795,1014105.46,1823.67
2025-04,pancakeswap-amm,PancakeSwap AMM,farming,pools,911.6169,1634510.85,1792.98
2025-05,pancakeswap-amm,PancakeSwap AMM,farming,pools,1624.736,4090906.62,2517.89
2025-06,pancakeswap-amm,PancakeSwap AMM,farming,pools,1748.4315,4364469.63,2496.22
2025-07,pancakeswap-amm,PancakeSwap AMM,farming,pools,3123.2413,11539377.22,3694.68
2025-08,pancakeswap-amm,PancakeSwap AMM,farming,pools,2997.0531,13188142.38,4400.37
2025-09,pancakeswap-amm,PancakeSwap AMM,farming,pools,2146.7137,8902099.69,4146.85
2025-10,pancakeswap-amm,PancakeSwap AMM,farming,pools,621.3993,2395305.96,3854.6968
2025-11,pancakeswap-amm,PancakeSwap AMM,farming,pools,662.6992,1979513.11,2987.0461
2025-12,pancakeswap-amm,PancakeSwap AMM,farming,pools,662.6099,1968953.84,2971.5129
2026-01,pancakeswap-amm,PancakeSwap AMM,farming,pools,858.052,2119181.74,2469.7591
2026-02,pancakeswap-amm,PancakeSwap AMM,farming,pools,1062.8808,2080339.94,1957.2655
2026-03,pancakeswap-amm,PancakeSwap AMM,farming,pools,942.1273,1978527.25,2100.0636
2026-04,pancakeswap-amm,PancakeSwap AMM,farming,pools,4991.0686,11272176.75,2258.4696
2026-05,pancakeswap-amm,PancakeSwap AMM,farming,pools,5088.4074,10225464.11,2009.5608
2026-06,pancakeswap-amm,PancakeSwap AMM,farming,pools,4787.2103,7505345.65,1567.7911
2026-07,pancakeswap-amm,PancakeSwap AMM,farming,pools,4675.4594,8712603.21,1863.4753
2026-08,pancakeswap-amm,PancakeSwap AMM,farming,pools,5623.3079,13893091.9,2470.6262
2026-09,pancakeswap-amm,PancakeSwap AMM,farming,pools,5928.0634,15870757.82,2677.2247
2026-10-02,pancakeswap-amm,PancakeSwap AMM,farming,pools,5896.7208,15740633.38,2669.3876
2026-06,panoptic-v2,Panoptic V2,options,,122.4239,191935.06,1567.7911
2026-07,panoptic-v2,Panoptic V2,options,,304.7339,567864.07,1863.4753
2026-08,panoptic-v2,Panoptic V2,options,,131.1384,323993.98,2470.6262
2026-09,panoptic-v2,Panoptic V2,options,,255.8696,685020.31,2677.2247
2026-10-02,panoptic-v2,Panoptic V2,options,,254.9099,680453.44,2669.3876
2024-10,pell-network,Pell Network,restaking,,0.0,0.0,2517.7
2024-11,pell-network,Pell Network,restaking,,0.0,0.0,3724.03
2024-12,pell-network,Pell Network,restaking,,0.0,0.0,3329.33
2025-01,pell-network,Pell Network,restaking,,0.0,0.0,3298.95
2025-02,pell-network,Pell Network,restaking,,0.0,0.0,2225.7
2025-03,pell-network,Pell Network,restaking,,0.0,0.0,1823.67
2025-04,pell-network,Pell Network,restaking,,0.0,0.0,1792.98
2025-05,pell-network,Pell Network,restaking,,0.0,0.0,2517.89
2025-06,pell-network,Pell Network,restaking,,0.0,0.0,2496.22
2025-07,pell-network,Pell Network,restaking,,5409.8788,19987770.89,3694.68
2025-08,pell-network,Pell Network,restaking,,5426.8624,23880202.53,4400.37
2025-09,pell-network,Pell Network,restaking,,5452.6781,22611438.13,4146.85
2025-10,pell-network,Pell Network,restaking,,5447.9605,21000235.73,3854.6968
2025-11,pell-network,Pell Network,restaking,,5491.5793,16403600.76,2987.0461
2025-12,pell-network,Pell Network,restaking,,0.0,0.0,2971.5129
2026-01,pell-network,Pell Network,restaking,,0.0,0.0,2469.7591
2026-02,pell-network,Pell Network,restaking,,0.0,0.0,1957.2655
2026-03,pell-network,Pell Network,restaking,,0.0,0.0,2100.0636
2026-04,pell-network,Pell Network,restaking,,0.0,0.0,2258.4696
2026-05,pell-network,Pell Network,restaking,,0.0,0.0,2009.5608
2026-06,pell-network,Pell Network,restaking,,0.0,0.0,1567.7911
2026-07,pell-network,Pell Network,restaking,,0.0,0.0,1863.4753
2026-08,pell-network,Pell Network,restaking,,0.0,0.0,2470.6262
2026-09,pell-network,Pell Network,restaking,,0.0,0.0,2677.2247
2026-10-02,pell-network,Pell Network,restaking,,0.0,0.0,2669.3876
2024-10,pendle-v2,Pendle V2,fixed_yield,,274629.0536,691433568.23,2517.7
2024-11,pendle-v2,Pendle V2,fixed_yield,,250123.6751,931468069.68,3724.03
2024-12,pendle-v2,Pendle V2,fixed_yield,,144669.5454,481652657.7,3329.33
2025-01,pendle-v2,Pendle V2,fixed_yield,,152418.1944,502820002.32,3298.95
2025-02,pendle-v2,Pendle V2,fixed_yield,,121491.8093,270404319.95,2225.7
2025-03,pendle-v2,Pendle V2,fixed_yield,,127696.8645,232876940.97,1823.67
2025-04,pendle-v2,Pendle V2,fixed_yield,,92900.603,166568923.14,1792.98
2025-05,pendle-v2,Pendle V2,fixed_yield,,95961.2114,241619774.49,2517.89
2025-06,pendle-v2,Pendle V2,fixed_yield,,65621.1007,163804703.99,2496.22
2025-07,pendle-v2,Pendle V2,fixed_yield,,59813.8499,220993034.86,3694.68
2025-08,pendle-v2,Pendle V2,fixed_yield,,73138.1104,321834746.74,4400.37
2025-09,pendle-v2,Pendle V2,fixed_yield,,49371.7714,204737330.17,4146.85
2025-10,pendle-v2,Pendle V2,fixed_yield,,48340.3184,186337269.65,3854.6968
2025-11,pendle-v2,Pendle V2,fixed_yield,,41332.135,123460994.83,2987.0461
2025-12,pendle-v2,Pendle V2,fixed_yield,,37950.6192,112770753.24,2971.5129
2026-01,pendle-v2,Pendle V2,fixed_yield,,28599.2594,70633281.28,2469.7591
2026-02,pendle-v2,Pendle V2,fixed_yield,,26493.7443,51855292.65,1957.2655
2026-03,pendle-v2,Pendle V2,fixed_yield,,23814.8053,50012605.56,2100.0636
2026-04,pendle-v2,Pendle V2,fixed_yield,,19935.5784,45023898.08,2258.4696
2026-05,pendle-v2,Pendle V2,fixed_yield,,18500.9885,37178861.39,2009.5608
2026-06,pendle-v2,Pendle V2,fixed_yield,,13857.6476,21725896.24,1567.7911
2026-07,pendle-v2,Pendle V2,fixed_yield,,10779.377,20087103.22,1863.4753
2026-08,pendle-v2,Pendle V2,fixed_yield,,10303.181,25455309.02,2470.6262
2026-09,pendle-v2,Pendle V2,fixed_yield,,9017.0826,24140756.08,2677.2247
2026-10-02,pendle-v2,Pendle V2,fixed_yield,,8941.6631,23868764.62,2669.3876
2025-10,pharaoh-v3,Pharaoh V3,farming,pools,466.8675,1799632.79,3854.6968
2025-11,pharaoh-v3,Pharaoh V3,farming,pools,736.8538,2201016.23,2987.0461
2025-12,pharaoh-v3,Pharaoh V3,farming,pools,581.5095,1727962.89,2971.5129
2026-01,pharaoh-v3,Pharaoh V3,farming,pools,395.1664,975965.72,2469.7591
2026-02,pharaoh-v3,Pharaoh V3,farming,pools,1000.755,1958743.29,1957.2655
2026-03,pharaoh-v3,Pharaoh V3,farming,pools,234.7744,493041.06,2100.0636
2026-04,pharaoh-v3,Pharaoh V3,farming,pools,699.5803,1579980.91,2258.4696
2026-05,pharaoh-v3,Pharaoh V3,farming,pools,1047.843,2105704.17,2009.5608
2026-06,pharaoh-v3,Pharaoh V3,farming,pools,494.1618,774742.47,1567.7911
2026-07,pharaoh-v3,Pharaoh V3,farming,pools,323.8362,603460.83,1863.4753
2026-08,pharaoh-v3,Pharaoh V3,farming,pools,10.7126,26466.84,2470.6262
2026-09,pharaoh-v3,Pharaoh V3,farming,pools,532.1333,1424640.35,2677.2247
2026-10-02,pharaoh-v3,Pharaoh V3,farming,pools,468.7318,1251226.97,2669.3876
2024-10,pools:sushiswap,SushiSwap v2 ETH pools,farming,pools,10027.5362,25246328.0,2517.7
2024-11,pools:sushiswap,SushiSwap v2 ETH pools,farming,pools,7650.8445,28491974.5,3724.03
2024-12,pools:sushiswap,SushiSwap v2 ETH pools,farming,pools,7259.9347,24170718.5,3329.33
2025-01,pools:sushiswap,SushiSwap v2 ETH pools,farming,pools,6842.1742,22571990.5,3298.95
2025-02,pools:sushiswap,SushiSwap v2 ETH pools,farming,pools,7133.3068,15876601.0,2225.7
2025-03,pools:sushiswap,SushiSwap v2 ETH pools,farming,pools,7459.7471,13604117.0,1823.67
2025-04,pools:sushiswap,SushiSwap v2 ETH pools,farming,pools,8064.5353,14459550.5,1792.98
2025-05,pools:sushiswap,SushiSwap v2 ETH pools,farming,pools,6999.8221,17624782.0,2517.89
2025-06,pools:sushiswap,SushiSwap v2 ETH pools,farming,pools,28401.6817,70896846.0,2496.22
2025-07,pools:sushiswap,SushiSwap v2 ETH pools,farming,pools,20445.9285,75541163.0,3694.68
2025-08,pools:sushiswap,SushiSwap v2 ETH pools,farming,pools,16074.6829,70734552.5,4400.37
2025-09,pools:sushiswap,SushiSwap v2 ETH pools,farming,pools,14807.005,61402428.5,4146.85
2025-10,pools:sushiswap,SushiSwap v2 ETH pools,farming,pools,13754.4096,53019078.5,3854.6968
2025-11,pools:sushiswap,SushiSwap v2 ETH pools,farming,pools,11595.0152,34634845.5,2987.0461
2025-12,pools:sushiswap,SushiSwap v2 ETH pools,farming,pools,9233.5858,27437719.0,2971.5129
2026-01,pools:sushiswap,SushiSwap v2 ETH pools,farming,pools,5765.358,14239045.5,2469.7591
2026-02,pools:sushiswap,SushiSwap v2 ETH pools,farming,pools,6307.2316,12344927.0,1957.2655
2026-03,pools:sushiswap,SushiSwap v2 ETH pools,farming,pools,3791.1195,7961592.0,2100.0636
2026-04,pools:sushiswap,SushiSwap v2 ETH pools,farming,pools,4017.0445,9072373.0,2258.4696
2026-05,pools:sushiswap,SushiSwap v2 ETH pools,farming,pools,4553.025,9149580.5,2009.5608
2026-06,pools:sushiswap,SushiSwap v2 ETH pools,farming,pools,4000.6832,6272235.5,1567.7911
2026-07,pools:sushiswap,SushiSwap v2 ETH pools,farming,pools,3733.0703,6956484.5,1863.4753
2026-08,pools:sushiswap,SushiSwap v2 ETH pools,farming,pools,3496.5937,8638776.0,2470.6262
2026-09,pools:sushiswap,SushiSwap v2 ETH pools,farming,pools,3196.3156,8557255.0,2677.2247
2026-10-02,pools:sushiswap,SushiSwap v2 ETH pools,farming,pools,3209.4296,8567211.5,2669.3876
2024-10,pools:uniswap-v3,Uniswap v3 ETH pools,farming,pools,198236.3723,499099714.5,2517.7
2024-11,pools:uniswap-v3,Uniswap v3 ETH pools,farming,pools,174899.0827,651329431.0,3724.03
2024-12,pools:uniswap-v3,Uniswap v3 ETH pools,farming,pools,178374.7027,593868249.0,3329.33
2025-01,pools:uniswap-v3,Uniswap v3 ETH pools,farming,pools,190742.4958,629249956.5,3298.95
2025-02,pools:uniswap-v3,Uniswap v3 ETH pools,farming,pools,207612.5805,462083320.5,2225.7
2025-03,pools:uniswap-v3,Uniswap v3 ETH pools,farming,pools,219270.3551,399876768.5,1823.67
2025-04,pools:uniswap-v3,Uniswap v3 ETH pools,farming,pools,193659.5539,347227707.0,1792.98
2025-05,pools:uniswap-v3,Uniswap v3 ETH pools,farming,pools,168561.5571,424419459.0,2517.89
2025-06,pools:uniswap-v3,Uniswap v3 ETH pools,farming,pools,158773.0793,396332536.0,2496.22
2025-07,pools:uniswap-v3,Uniswap v3 ETH pools,farming,pools,136112.3838,502891702.0,3694.68
2025-08,pools:uniswap-v3,Uniswap v3 ETH pools,farming,pools,126810.9574,558015132.5,4400.37
2025-09,pools:uniswap-v3,Uniswap v3 ETH pools,farming,pools,130368.847,540620053.0,4146.85
2025-10,pools:uniswap-v3,Uniswap v3 ETH pools,farming,pools,141521.7464,545523419.5,3854.6968
2025-11,pools:uniswap-v3,Uniswap v3 ETH pools,farming,pools,133593.0495,399048604.0,2987.0461
2025-12,pools:uniswap-v3,Uniswap v3 ETH pools,farming,pools,146693.0824,435900382.0,2971.5129
2026-01,pools:uniswap-v3,Uniswap v3 ETH pools,farming,pools,152116.6707,375691532.0,2469.7591
2026-02,pools:uniswap-v3,Uniswap v3 ETH pools,farming,pools,167021.6983,326905813.5,1957.2655
2026-03,pools:uniswap-v3,Uniswap v3 ETH pools,farming,pools,172772.5156,362833269.5,2100.0636
2026-04,pools:uniswap-v3,Uniswap v3 ETH pools,farming,pools,178329.7719,402752370.5,2258.4696
2026-05,pools:uniswap-v3,Uniswap v3 ETH pools,farming,pools,180481.5593,362688668.0,2009.5608
2026-06,pools:uniswap-v3,Uniswap v3 ETH pools,farming,pools,187882.5942,294560655.5,1567.7911
2026-07,pools:uniswap-v3,Uniswap v3 ETH pools,farming,pools,173884.519,324029512.5,1863.4753
2026-08,pools:uniswap-v3,Uniswap v3 ETH pools,farming,pools,153974.1891,380412666.0,2470.6262
2026-09,pools:uniswap-v3,Uniswap v3 ETH pools,farming,pools,154429.4578,413442357.5,2677.2247
2026-10-02,pools:uniswap-v3,Uniswap v3 ETH pools,farming,pools,154941.6558,413599335.0,2669.3876
2025-12,pools:uniswap-v4,Uniswap v4 ETH pools,farming,pools,31294.1872,92991080.0,2971.5129
2026-01,pools:uniswap-v4,Uniswap v4 ETH pools,farming,pools,32597.3395,80507576.0,2469.7591
2026-02,pools:uniswap-v4,Uniswap v4 ETH pools,farming,pools,42451.5675,83088990.0,1957.2655
2026-03,pools:uniswap-v4,Uniswap v4 ETH pools,farming,pools,40909.1112,85911735.0,2100.0636
2026-04,pools:uniswap-v4,Uniswap v4 ETH pools,farming,pools,41125.8669,92881520.5,2258.4696
2026-05,pools:uniswap-v4,Uniswap v4 ETH pools,farming,pools,39904.3782,80190274.5,2009.5608
2026-06,pools:uniswap-v4,Uniswap v4 ETH pools,farming,pools,47208.2001,74012595.0,1567.7911
2026-07,pools:uniswap-v4,Uniswap v4 ETH pools,farming,pools,45818.5385,85381716.5,1863.4753
2026-08,pools:uniswap-v4,Uniswap v4 ETH pools,farming,pools,47109.874,116390889.0,2470.6262
2026-09,pools:uniswap-v4,Uniswap v4 ETH pools,farming,pools,50336.1875,134761284.0,2677.2247
2026-10-02,pools:uniswap-v4,Uniswap v4 ETH pools,farming,pools,50822.8821,135665971.5,2669.3876
2025-12,project-0,Project 0,lending,,742.245,2205590.67,2971.5129
2026-04,project-0,Project 0,lending,,820.8804,1853933.33,2258.4696
2026-05,project-0,Project 0,lending,,2882.6418,5792844.06,2009.5608
2026-06,project-0,Project 0,lending,,439.5897,689184.83,1567.7911
2026-07,project-0,Project 0,lending,,394.4296,735009.8,1863.4753
2026-08,project-0,Project 0,lending,,361.8974,894113.1,2470.6262
2026-09,project-0,Project 0,lending,,368.4972,986549.74,2677.2247
2026-10-02,project-0,Project 0,lending,,366.5275,978404.01,2669.3876
2024-10,puffer-stake,Puffer Stake,restaking,,289102.197,727872601.48,2517.7
2024-11,puffer-stake,Puffer Stake,restaking,,126151.2525,469791048.97,3724.03
2024-12,puffer-stake,Puffer Stake,restaking,,70956.8626,236238811.22,3329.33
2025-01,puffer-stake,Puffer Stake,restaking,,53450.8828,176331789.67,3298.95
2025-02,puffer-stake,Puffer Stake,restaking,,49054.2301,109179999.96,2225.7
2025-03,puffer-stake,Puffer Stake,restaking,,53493.1162,97553791.28,1823.67
2025-04,puffer-stake,Puffer Stake,restaking,,40285.9052,72231822.27,1792.98
2025-05,puffer-stake,Puffer Stake,restaking,,42200.9678,106257394.75,2517.89
2025-06,puffer-stake,Puffer Stake,restaking,,46917.9172,117117443.37,2496.22
2025-07,puffer-stake,Puffer Stake,restaking,,31496.8783,116370886.44,3694.68
2025-08,puffer-stake,Puffer Stake,restaking,,26738.7362,117660332.7,4400.37
2025-09,puffer-stake,Puffer Stake,restaking,,33933.4467,140716913.52,4146.85
2025-10,puffer-stake,Puffer Stake,restaking,,33204.5321,127993403.0,3854.6968
2025-11,puffer-stake,Puffer Stake,restaking,,30861.4935,92184705.4,2987.0461
2025-12,puffer-stake,Puffer Stake,restaking,,26024.6416,77332557.32,2971.5129
2026-01,puffer-stake,Puffer Stake,restaking,,25342.1439,62588990.58,2469.7591
2026-02,puffer-stake,Puffer Stake,restaking,,24273.908,47510483.41,1957.2655
2026-03,puffer-stake,Puffer Stake,restaking,,25134.0689,52783142.88,2100.0636
2026-04,puffer-stake,Puffer Stake,restaking,,24769.2834,55940673.76,2258.4696
2026-05,puffer-stake,Puffer Stake,restaking,,24002.2987,48234078.78,2009.5608
2026-06,puffer-stake,Puffer Stake,restaking,,23330.964,36578077.29,1567.7911
2026-07,puffer-stake,Puffer Stake,restaking,,21137.0335,39388340.67,1863.4753
2026-08,puffer-stake,Puffer Stake,restaking,,21175.7815,52317440.5,2470.6262
2026-09,puffer-stake,Puffer Stake,restaking,,8967.2254,24007277.26,2677.2247
2026-10-02,puffer-stake,Puffer Stake,restaking,,8956.2274,23907642.25,2669.3876
2024-10,qidao,QiDao,cdp,,803.5406,2023074.09,2517.7
2024-11,qidao,QiDao,cdp,,819.4193,3051542.08,3724.03
2024-12,qidao,QiDao,cdp,,766.7999,2552929.8,3329.33
2025-01,qidao,QiDao,cdp,,769.2854,2537834.22,3298.95
2025-02,qidao,QiDao,cdp,,772.4019,1719134.95,2225.7
2025-03,qidao,QiDao,cdp,,602.1936,1098202.33,1823.67
2025-04,qidao,QiDao,cdp,,593.1584,1063521.2,1792.98
2025-05,qidao,QiDao,cdp,,591.4613,1489234.57,2517.89
2025-06,qidao,QiDao,cdp,,574.4356,1433917.54,2496.22
2025-07,qidao,QiDao,cdp,,562.879,2079657.86,3694.68
2025-08,qidao,QiDao,cdp,,425.2035,1871052.87,4400.37
2025-09,qidao,QiDao,cdp,,393.2997,1630954.89,4146.85
2025-10,qidao,QiDao,cdp,,389.0197,1499552.99,3854.6968
2025-11,qidao,QiDao,cdp,,341.7831,1020922.02,2987.0461
2025-12,qidao,QiDao,cdp,,340.0374,1010425.41,2971.5129
2026-01,qidao,QiDao,cdp,,303.3052,749090.73,2469.7591
2026-02,qidao,QiDao,cdp,,292.0384,571596.67,1957.2655
2026-03,qidao,QiDao,cdp,,292.269,613783.47,2100.0636
2026-04,qidao,QiDao,cdp,,291.6898,658772.66,2258.4696
2026-05,qidao,QiDao,cdp,,292.5545,587906.06,2009.5608
2026-06,qidao,QiDao,cdp,,297.2431,466015.11,1567.7911
2026-07,qidao,QiDao,cdp,,302.2858,563302.07,1863.4753
2026-08,qidao,QiDao,cdp,,286.5108,707861.19,2470.6262
2026-09,qidao,QiDao,cdp,,124.5765,333519.26,2677.2247
2026-10-02,qidao,QiDao,cdp,,124.5734,332534.77,2669.3876
2024-10,quickswap-dex,Quickswap Dex,farming,pools,0.0,0.0,2517.7
2024-11,quickswap-dex,Quickswap Dex,farming,pools,0.0,0.0,3724.03
2024-12,quickswap-dex,Quickswap Dex,farming,pools,0.0,0.0,3329.33
2025-01,quickswap-dex,Quickswap Dex,farming,pools,0.0,0.0,3298.95
2025-02,quickswap-dex,Quickswap Dex,farming,pools,0.0,0.0,2225.7
2025-03,quickswap-dex,Quickswap Dex,farming,pools,0.0,0.0,1823.67
2025-04,quickswap-dex,Quickswap Dex,farming,pools,0.0,0.0,1792.98
2025-05,quickswap-dex,Quickswap Dex,farming,pools,0.0,0.0,2517.89
2025-06,quickswap-dex,Quickswap Dex,farming,pools,1.2077,3014.62,2496.22
2025-07,quickswap-dex,Quickswap Dex,farming,pools,1.0003,3695.93,3694.68
2025-08,quickswap-dex,Quickswap Dex,farming,pools,0.9438,4152.96,4400.37
2025-09,quickswap-dex,Quickswap Dex,farming,pools,0.9719,4030.34,4146.85
2025-10,quickswap-dex,Quickswap Dex,farming,pools,1.0134,3906.24,3854.6968
2025-11,quickswap-dex,Quickswap Dex,farming,pools,1.1845,3538.26,2987.0461
2025-12,quickswap-dex,Quickswap Dex,farming,pools,58.8171,174775.85,2971.5129
2026-01,quickswap-dex,Quickswap Dex,farming,pools,74.31,183527.72,2469.7591
2026-02,quickswap-dex,Quickswap Dex,farming,pools,64.1295,125518.54,1957.2655
2026-03,quickswap-dex,Quickswap Dex,farming,pools,54.5048,114463.47,2100.0636
2026-04,quickswap-dex,Quickswap Dex,farming,pools,41.1235,92876.21,2258.4696
2026-05,quickswap-dex,Quickswap Dex,farming,pools,45.5464,91528.26,2009.5608
2026-06,quickswap-dex,Quickswap Dex,farming,pools,1902.2342,2982305.84,1567.7911
2026-07,quickswap-dex,Quickswap Dex,farming,pools,1794.848,3344655.0,1863.4753
2026-08,quickswap-dex,Quickswap Dex,farming,pools,1684.3008,4161277.71,2470.6262
2026-09,quickswap-dex,Quickswap Dex,farming,pools,1573.8947,4213669.89,2677.2247
2026-10-02,quickswap-dex,Quickswap Dex,farming,pools,1574.2737,4202346.7,2669.3876
2024-10,quickswap-v3,Quickswap V3,farming,pools,3397.3531,8553515.99,2517.7
2024-11,quickswap-v3,Quickswap V3,farming,pools,2277.9173,8483032.3,3724.03
2024-12,quickswap-v3,Quickswap V3,farming,pools,1812.8559,6035595.47,3329.33
2025-01,quickswap-v3,Quickswap V3,farming,pools,1757.4876,5797863.77,3298.95
2025-02,quickswap-v3,Quickswap V3,farming,pools,2052.6152,4568505.62,2225.7
2025-03,quickswap-v3,Quickswap V3,farming,pools,2331.6085,4252084.55,1823.67
2025-04,quickswap-v3,Quickswap V3,farming,pools,2230.5947,3999411.62,1792.98
2025-05,quickswap-v3,Quickswap V3,farming,pools,1361.9112,3429142.58,2517.89
2025-06,quickswap-v3,Quickswap V3,farming,pools,1327.6327,3314063.23,2496.22
2025-07,quickswap-v3,Quickswap V3,farming,pools,779.8645,2881349.78,3694.68
2025-08,quickswap-v3,Quickswap V3,farming,pools,755.4902,3324436.24,4400.37
2025-09,quickswap-v3,Quickswap V3,farming,pools,813.5277,3373577.17,4146.85
2025-10,quickswap-v3,Quickswap V3,farming,pools,734.5706,2831547.07,3854.6968
2025-11,quickswap-v3,Quickswap V3,farming,pools,781.7695,2335181.66,2987.0461
2025-12,quickswap-v3,Quickswap V3,farming,pools,756.967,2249337.2,2971.5129
2026-01,quickswap-v3,Quickswap V3,farming,pools,859.0483,2121642.29,2469.7591
2026-03,quickswap-v3,Quickswap V3,farming,pools,817.5075,1716817.76,2100.0636
2026-04,quickswap-v3,Quickswap V3,farming,pools,652.9391,1474643.01,2258.4696
2026-05,quickswap-v3,Quickswap V3,farming,pools,774.8527,1557113.64,2009.5608
2026-06,quickswap-v3,Quickswap V3,farming,pools,628.7928,985815.69,1567.7911
2026-07,quickswap-v3,Quickswap V3,farming,pools,617.9594,1151552.04,1863.4753
2026-08,quickswap-v3,Quickswap V3,farming,pools,452.5577,1118101.02,2470.6262
2026-09,quickswap-v3,Quickswap V3,farming,pools,276.8734,741252.43,2677.2247
2026-10-02,quickswap-v3,Quickswap V3,farming,pools,288.0538,768927.2,2669.3876
2024-10,radpie,Radpie,farming,vaults,334.6847,842635.65,2517.7
2024-11,radpie,Radpie,farming,vaults,333.7403,1242859.05,3724.03
2024-12,radpie,Radpie,farming,vaults,335.5963,1117310.83,3329.33
2025-01,radpie,Radpie,farming,vaults,335.2139,1105853.74,3298.95
2025-02,radpie,Radpie,farming,vaults,337.7316,751689.18,2225.7
2025-03,radpie,Radpie,farming,vaults,337.4296,615360.22,1823.67
2025-04,radpie,Radpie,farming,vaults,338.0986,606204.01,1792.98
2025-05,radpie,Radpie,farming,vaults,339.5838,855034.7,2517.89
2025-06,radpie,Radpie,farming,vaults,338.6105,845246.29,2496.22
2025-07,radpie,Radpie,farming,vaults,339.031,1252610.91,3694.68
2025-08,radpie,Radpie,farming,vaults,338.9087,1491323.53,4400.37
2025-09,radpie,Radpie,farming,vaults,340.7458,1413021.86,4146.85
2025-10,radpie,Radpie,farming,vaults,340.7096,1313332.03,3854.6968
2025-11,radpie,Radpie,farming,vaults,343.3735,1025672.51,2987.0461
2025-12,radpie,Radpie,farming,vaults,343.1628,1019712.73,2971.5129
2026-01,radpie,Radpie,farming,vaults,340.6903,841422.97,2469.7591
2026-02,radpie,Radpie,farming,vaults,344.1652,673622.64,1957.2655
2026-03,radpie,Radpie,farming,vaults,344.0509,722528.77,2100.0636
2026-04,radpie,Radpie,farming,vaults,344.3962,777808.42,2258.4696
2026-05,radpie,Radpie,farming,vaults,344.4053,692103.37,2009.5608
2026-06,radpie,Radpie,farming,vaults,346.2197,542800.19,1567.7911
2026-07,radpie,Radpie,farming,vaults,346.5403,645769.32,1863.4753
2026-08,radpie,Radpie,farming,vaults,347.1281,857623.72,2470.6262
2026-09,radpie,Radpie,farming,vaults,348.1074,931961.74,2677.2247
2026-10-02,radpie,Radpie,farming,vaults,348.3736,929944.12,2669.3876
2025-11,ramses-cl-v2,Ramses CL V2,farming,pools,0.0,0.0,2987.0461
2025-12,ramses-cl-v2,Ramses CL V2,farming,pools,0.0,0.0,2971.5129
2026-01,ramses-cl-v2,Ramses CL V2,farming,pools,12.0821,29839.81,2469.7591
2026-02,ramses-cl-v2,Ramses CL V2,farming,pools,24.0861,47142.96,1957.2655
2026-03,ramses-cl-v2,Ramses CL V2,farming,pools,3.5815,7521.46,2100.0636
2026-04,ramses-cl-v2,Ramses CL V2,farming,pools,2.7858,6291.74,2258.4696
2026-05,ramses-cl-v2,Ramses CL V2,farming,pools,0.9637,1936.54,2009.5608
2026-06,ramses-cl-v2,Ramses CL V2,farming,pools,83.0042,130133.23,1567.7911
2026-07,ramses-cl-v2,Ramses CL V2,farming,pools,2.4499,4565.34,1863.4753
2026-08,ramses-cl-v2,Ramses CL V2,farming,pools,402.6989,994918.39,2470.6262
2026-09,ramses-cl-v2,Ramses CL V2,farming,pools,343.5842,919852.17,2677.2247
2026-10-02,ramses-cl-v2,Ramses CL V2,farming,pools,397.009,1059770.85,2669.3876
2024-10,reaper-farm,Reaper Farm,farming,vaults,254.1435,639856.97,2517.7
2024-11,reaper-farm,Reaper Farm,farming,vaults,215.9606,804243.65,3724.03
2024-12,reaper-farm,Reaper Farm,farming,vaults,189.2628,630118.26,3329.33
2025-01,reaper-farm,Reaper Farm,farming,vaults,182.4718,601965.19,3298.95
2025-02,reaper-farm,Reaper Farm,farming,vaults,194.6887,433318.59,2225.7
2025-03,reaper-farm,Reaper Farm,farming,vaults,188.9355,344556.03,1823.67
2025-04,reaper-farm,Reaper Farm,farming,vaults,185.9674,333435.88,1792.98
2025-05,reaper-farm,Reaper Farm,farming,vaults,177.6502,447303.6,2517.89
2025-06,reaper-farm,Reaper Farm,farming,vaults,167.9393,419213.51,2496.22
2025-07,reaper-farm,Reaper Farm,farming,vaults,161.0516,595034.23,3694.68
2025-08,reaper-farm,Reaper Farm,farming,vaults,160.4128,705875.83,4400.37
2025-09,reaper-farm,Reaper Farm,farming,vaults,127.2124,527530.66,4146.85
2025-10,reaper-farm,Reaper Farm,farming,vaults,127.175,490221.15,3854.6968
2025-11,reaper-farm,Reaper Farm,farming,vaults,126.704,378470.71,2987.0461
2025-12,reaper-farm,Reaper Farm,farming,vaults,125.1484,371880.15,2971.5129
2026-01,reaper-farm,Reaper Farm,farming,vaults,123.9397,306101.1,2469.7591
2026-02,reaper-farm,Reaper Farm,farming,vaults,130.8815,256169.94,1957.2655
2026-03,reaper-farm,Reaper Farm,farming,vaults,130.5818,274230.04,2100.0636
2026-04,reaper-farm,Reaper Farm,farming,vaults,129.9201,293420.5,2258.4696
2026-05,reaper-farm,Reaper Farm,farming,vaults,128.9454,259123.65,2009.5608
2026-06,reaper-farm,Reaper Farm,farming,vaults,128.8612,202027.36,1567.7911
2026-07,reaper-farm,Reaper Farm,farming,vaults,128.1059,238722.14,1863.4753
2026-08,reaper-farm,Reaper Farm,farming,vaults,128.219,316781.1,2470.6262
2026-09,reaper-farm,Reaper Farm,farming,vaults,128.5714,344214.53,2677.2247
2026-10-02,reaper-farm,Reaper Farm,farming,vaults,128.0455,341803.1,2669.3876
2024-10,reflexer,Reflexer,cdp,,6010.2627,15132038.5,2517.7
2024-11,reflexer,Reflexer,cdp,,5922.6334,22056064.51,3724.03
2024-12,reflexer,Reflexer,cdp,,5978.4334,19904177.72,3329.33
2025-01,reflexer,Reflexer,cdp,,5899.2984,19461490.5,3298.95
2025-02,reflexer,Reflexer,cdp,,4357.2124,9697847.68,2225.7
2025-03,reflexer,Reflexer,cdp,,4380.1625,7987970.96,1823.67
2025-04,reflexer,Reflexer,cdp,,5147.1558,9228747.39,1792.98
2025-05,reflexer,Reflexer,cdp,,4745.7898,11949376.65,2517.89
2025-06,reflexer,Reflexer,cdp,,1637.5872,4087778.0,2496.22
2025-07,reflexer,Reflexer,cdp,,1329.1195,4910671.39,3694.68
2025-08,reflexer,Reflexer,cdp,,1288.8419,5671381.39,4400.37
2025-09,reflexer,Reflexer,cdp,,1184.9457,4913792.19,4146.85
2025-10,reflexer,Reflexer,cdp,,1160.6773,4474058.97,3854.6968
2025-11,reflexer,Reflexer,cdp,,1107.557,3308323.72,2987.0461
2025-12,reflexer,Reflexer,cdp,,1120.3121,3329021.71,2971.5129
2026-01,reflexer,Reflexer,cdp,,1115.3147,2754558.72,2469.7591
2026-02,reflexer,Reflexer,cdp,,1115.3146,2182966.87,1957.2655
2026-03,reflexer,Reflexer,cdp,,1116.3705,2344449.06,2100.0636
2026-04,reflexer,Reflexer,cdp,,1109.3038,2505328.97,2258.4696
2026-05,reflexer,Reflexer,cdp,,1109.2038,2229012.53,2009.5608
2026-06,reflexer,Reflexer,cdp,,1101.5957,1727071.92,1567.7911
2026-07,reflexer,Reflexer,cdp,,1094.8297,2040188.24,1863.4753
2026-08,reflexer,Reflexer,cdp,,1080.4121,2669294.39,2470.6262
2026-09,reflexer,Reflexer,cdp,,1054.7476,2823796.33,2677.2247
2026-10-02,reflexer,Reflexer,cdp,,1055.7182,2818121.01,2669.3876
2024-10,renzo,Renzo,restaking,,362919.2509,913721798.1,2517.7
2024-11,renzo,Renzo,restaking,,421988.8844,1571499265.23,3724.03
2024-12,renzo,Renzo,restaking,,338990.6082,1128611601.59,3329.33
2025-01,renzo,Renzo,restaking,,270819.684,893420596.65,3298.95
2025-02,renzo,Renzo,restaking,,305243.0648,679379489.35,2225.7
2025-03,renzo,Renzo,restaking,,310292.5765,565871263.07,1823.67
2025-04,renzo,Renzo,restaking,,317541.41,569345397.36,1792.98
2025-05,renzo,Renzo,restaking,,315064.1148,793296784.14,2517.89
2025-06,renzo,Renzo,restaking,,331427.1465,827315071.74,2496.22
2025-07,renzo,Renzo,restaking,,321916.8649,1189379802.38,3694.68
2025-08,renzo,Renzo,restaking,,311826.5003,1372151977.25,4400.37
2025-09,renzo,Renzo,restaking,,326117.5755,1352360667.83,4146.85
2025-10,renzo,Renzo,restaking,,318955.9345,1229478412.59,3854.6968
2025-11,renzo,Renzo,restaking,,247896.9489,740479626.81,2987.0461
2025-12,renzo,Renzo,restaking,,200977.9318,597208510.28,2971.5129
2026-01,renzo,Renzo,restaking,,198263.7195,489663625.75,2469.7591
2026-02,renzo,Renzo,restaking,,217396.0429,425501781.96,1957.2655
2026-03,renzo,Renzo,restaking,,174858.9352,367214883.2,2100.0636
2026-04,renzo,Renzo,restaking,,147600.4926,333351226.95,2258.4696
2026-05,renzo,Renzo,restaking,,69617.5244,139900648.48,2009.5608
2026-06,renzo,Renzo,restaking,,50499.2431,79172263.0,1567.7911
2026-07,renzo,Renzo,restaking,,44357.8231,82659709.29,1863.4753
2026-08,renzo,Renzo,restaking,,42982.6069,106193954.91,2470.6262
2026-09,renzo,Renzo,restaking,,42363.3444,113416191.59,2677.2247
2026-10-02,renzo,Renzo,restaking,,40897.4376,109171112.79,2669.3876
2024-10,reserve-protocol,Reserve Protocol,staking,,53650.4701,135075788.48,2517.7
2024-11,reserve-protocol,Reserve Protocol,staking,,58510.9034,217896359.65,3724.03
2024-12,reserve-protocol,Reserve Protocol,staking,,58158.4734,193628750.36,3329.33
2025-01,reserve-protocol,Reserve Protocol,staking,,58036.2673,191458743.97,3298.95
2025-02,reserve-protocol,Reserve Protocol,staking,,65416.0324,145596463.4,2225.7
2025-03,reserve-protocol,Reserve Protocol,staking,,72506.2662,132227502.42,1823.67
2025-04,reserve-protocol,Reserve Protocol,staking,,68053.9305,122019336.38,1792.98
2025-05,reserve-protocol,Reserve Protocol,staking,,94662.1047,238348766.91,2517.89
2025-06,reserve-protocol,Reserve Protocol,staking,,99634.8113,248710408.62,2496.22
2025-07,reserve-protocol,Reserve Protocol,staking,,93161.7691,344202925.18,3694.68
2025-08,reserve-protocol,Reserve Protocol,staking,,83042.5444,365417921.1,4400.37
2025-09,reserve-protocol,Reserve Protocol,staking,,95784.9197,397205694.3,4146.85
2025-10,reserve-protocol,Reserve Protocol,staking,,95958.7144,369891747.08,3854.6968
2025-11,reserve-protocol,Reserve Protocol,staking,,51310.2103,153265965.98,2987.0461
2025-12,reserve-protocol,Reserve Protocol,staking,,37791.287,112297295.52,2971.5129
2026-01,reserve-protocol,Reserve Protocol,staking,,36364.4373,89811399.9,2469.7591
2026-02,reserve-protocol,Reserve Protocol,staking,,35440.8547,69367163.33,1957.2655
2026-03,reserve-protocol,Reserve Protocol,staking,,36576.5287,76813036.21,2100.0636
2026-04,reserve-protocol,Reserve Protocol,staking,,25907.0728,58510336.55,2258.4696
2026-05,reserve-protocol,Reserve Protocol,staking,,14154.3028,28443932.11,2009.5608
2026-06,reserve-protocol,Reserve Protocol,staking,,5638.8316,8840509.95,1567.7911
2026-07,reserve-protocol,Reserve Protocol,staking,,4757.4983,8865480.73,1863.4753
2026-08,reserve-protocol,Reserve Protocol,staking,,4528.0274,11187063.17,2470.6262
2026-09,reserve-protocol,Reserve Protocol,staking,,4623.0775,12377017.31,2677.2247
2026-10-02,reserve-protocol,Reserve Protocol,staking,,4794.2687,12797761.37,2669.3876
2024-10,revert-lend,Revert Lend,lending,,357.8163,900874.07,2517.7
2024-11,revert-lend,Revert Lend,lending,,295.1724,1099231.01,3724.03
2024-12,revert-lend,Revert Lend,lending,,1033.6469,3441351.65,3329.33
2025-01,revert-lend,Revert Lend,lending,,990.9693,3269158.09,3298.95
2025-02,revert-lend,Revert Lend,lending,,1869.6734,4161332.0,2225.7
2025-03,revert-lend,Revert Lend,lending,,2389.5217,4357699.05,1823.67
2025-04,revert-lend,Revert Lend,lending,,1746.1797,3130865.35,1792.98
2025-05,revert-lend,Revert Lend,lending,,2163.4763,5447395.22,2517.89
2025-06,revert-lend,Revert Lend,lending,,1636.1033,4084073.8,2496.22
2025-07,revert-lend,Revert Lend,lending,,1546.9303,5715412.52,3694.68
2025-08,revert-lend,Revert Lend,lending,,1526.3478,6716494.88,4400.37
2025-09,revert-lend,Revert Lend,lending,,2173.222,9012025.49,4146.85
2025-10,revert-lend,Revert Lend,lending,,3055.7535,11779003.03,3854.6968
2025-11,revert-lend,Revert Lend,lending,,1932.4906,5772438.62,2987.0461
2025-12,revert-lend,Revert Lend,lending,,1875.8776,5574194.41,2971.5129
2026-01,revert-lend,Revert Lend,lending,,2927.7945,7230947.23,2469.7591
2026-02,revert-lend,Revert Lend,lending,,2412.4734,4721850.95,1957.2655
2026-03,revert-lend,Revert Lend,lending,,1992.1216,4183582.12,2100.0636
2026-04,revert-lend,Revert Lend,lending,,2513.4384,5676524.25,2258.4696
2026-05,revert-lend,Revert Lend,lending,,3940.8166,7919310.5,2009.5608
2026-06,revert-lend,Revert Lend,lending,,3495.1554,5479673.5,1567.7911
2026-07,revert-lend,Revert Lend,lending,,1987.373,3703420.49,1863.4753
2026-08,revert-lend,Revert Lend,lending,,832.909,2057806.71,2470.6262
2026-09,revert-lend,Revert Lend,lending,,718.0016,1922251.68,2677.2247
2026-10-02,revert-lend,Revert Lend,lending,,973.4943,2598633.68,2669.3876
2024-10,ribbon,Ribbon,options,,2077.3021,5230023.41,2517.7
2024-11,ribbon,Ribbon,options,,2049.5974,7632762.36,3724.03
2024-12,ribbon,Ribbon,options,,2040.2173,6792556.54,3329.33
2025-01,ribbon,Ribbon,options,,2020.1683,6664434.31,3298.95
2025-02,ribbon,Ribbon,options,,2040.7907,4542187.86,2225.7
2025-03,ribbon,Ribbon,options,,2012.812,3670704.77,1823.67
2025-04,ribbon,Ribbon,options,,2026.1969,3632930.49,1792.98
2025-05,ribbon,Ribbon,options,,1885.8503,4748363.68,2517.89
2025-06,ribbon,Ribbon,options,,2082.467,5198295.75,2496.22
2025-07,ribbon,Ribbon,options,,1784.7232,6593980.94,3694.68
2025-08,ribbon,Ribbon,options,,1748.9439,7696000.36,4400.37
2025-09,ribbon,Ribbon,options,,1758.4873,7292182.86,4146.85
2025-10,ribbon,Ribbon,options,,1748.5213,6740019.53,3854.6968
2025-11,ribbon,Ribbon,options,,1757.0457,5248376.64,2987.0461
2025-12,ribbon,Ribbon,options,,551.5362,1638896.79,2971.5129
2026-01,ribbon,Ribbon,options,,541.7127,1337899.83,2469.7591
2026-02,ribbon,Ribbon,options,,541.7194,1060288.7,1957.2655
2026-03,ribbon,Ribbon,options,,541.7411,1137690.66,2100.0636
2026-04,ribbon,Ribbon,options,,540.6871,1221125.37,2258.4696
2026-05,ribbon,Ribbon,options,,542.1794,1089542.4,2009.5608
2026-06,ribbon,Ribbon,options,,536.9102,841763.04,1567.7911
2026-07,ribbon,Ribbon,options,,539.495,1005335.54,1863.4753
2026-08,ribbon,Ribbon,options,,539.4056,1332669.55,2470.6262
2026-09,ribbon,Ribbon,options,,524.6988,1404736.7,2677.2247
2026-10-02,ribbon,Ribbon,options,,523.4343,1397248.98,2669.3876
2024-10,ribbon-earn,Ribbon Earn,options,,433.2659,1090833.57,2517.7
2024-11,ribbon-earn,Ribbon Earn,options,,434.2888,1617304.49,3724.03
2024-12,ribbon-earn,Ribbon Earn,options,,434.8912,1447896.29,3329.33
2025-01,ribbon-earn,Ribbon Earn,options,,427.6466,1410784.76,3298.95
2025-02,ribbon-earn,Ribbon Earn,options,,431.3556,960068.27,2225.7
2025-03,ribbon-earn,Ribbon Earn,options,,429.6097,783466.24,1823.67
2025-04,ribbon-earn,Ribbon Earn,options,,428.5822,768439.35,1792.98
2025-05,ribbon-earn,Ribbon Earn,options,,429.5843,1081645.91,2517.89
2025-06,ribbon-earn,Ribbon Earn,options,,429.9231,1073182.54,2496.22
2025-07,ribbon-earn,Ribbon Earn,options,,426.8617,1577117.53,3694.68
2025-08,ribbon-earn,Ribbon Earn,options,,425.9494,1874334.81,4400.37
2025-09,ribbon-earn,Ribbon Earn,options,,421.1621,1746495.96,4146.85
2025-10,ribbon-earn,Ribbon Earn,options,,386.6085,1490258.68,3854.6968
2025-11,ribbon-earn,Ribbon Earn,options,,386.5908,1154764.53,2987.0461
2025-12,ribbon-earn,Ribbon Earn,options,,384.2874,1141915.08,2971.5129
2026-01,ribbon-earn,Ribbon Earn,options,,379.9588,938406.77,2469.7591
2026-02,ribbon-earn,Ribbon Earn,options,,382.7358,749115.58,1957.2655
2026-03,ribbon-earn,Ribbon Earn,options,,379.2575,796464.79,2100.0636
2026-04,ribbon-earn,Ribbon Earn,options,,378.5338,854907.03,2258.4696
2026-05,ribbon-earn,Ribbon Earn,options,,378.3428,760302.95,2009.5608
2026-06,ribbon-earn,Ribbon Earn,options,,379.7682,595397.23,1567.7911
2026-07,ribbon-earn,Ribbon Earn,options,,371.7443,692736.41,1863.4753
2026-08,ribbon-earn,Ribbon Earn,options,,372.1248,919381.19,2470.6262
2026-09,ribbon-earn,Ribbon Earn,options,,373.23,999220.64,2677.2247
2026-10-02,ribbon-earn,Ribbon Earn,options,,372.2024,993552.45,2669.3876
2024-10,rocket-pool,Rocket Pool,staking,,718538.715,1809064922.71,2517.7
2024-11,rocket-pool,Rocket Pool,staking,,724751.1452,2698995007.37,3724.03
2024-12,rocket-pool,Rocket Pool,staking,,721212.1532,2401153257.92,3329.33
2025-01,rocket-pool,Rocket Pool,staking,,723233.0378,2385909630.0,3298.95
2025-02,rocket-pool,Rocket Pool,staking,,703287.7179,1565307473.78,2225.7
2025-03,rocket-pool,Rocket Pool,staking,,684968.0346,1249155655.65,1823.67
2025-04,rocket-pool,Rocket Pool,staking,,652745.7906,1170360147.59,1792.98
2025-05,rocket-pool,Rocket Pool,staking,,639762.987,1610852827.3,2517.89
2025-06,rocket-pool,Rocket Pool,staking,,633387.5245,1581074606.31,2496.22
2025-07,rocket-pool,Rocket Pool,staking,,637248.3314,2354428665.01,3694.68
2025-08,rocket-pool,Rocket Pool,staking,,620798.9258,2731744969.23,4400.37
2025-09,rocket-pool,Rocket Pool,staking,,603670.5545,2503331239.08,4146.85
2025-10,rocket-pool,Rocket Pool,staking,,590408.5971,2275846115.89,3854.6968
2025-11,rocket-pool,Rocket Pool,staking,,578169.5444,1727019111.57,2987.0461
2025-12,rocket-pool,Rocket Pool,staking,,560210.6275,1664673087.97,2971.5129
2026-01,rocket-pool,Rocket Pool,staking,,547816.7035,1352975289.25,2469.7591
2026-02,rocket-pool,Rocket Pool,staking,,540119.5993,1057157475.82,1957.2655
2026-03,rocket-pool,Rocket Pool,staking,,553256.589,1161874018.86,2100.0636
2026-04,rocket-pool,Rocket Pool,staking,,520797.4453,1176205203.19,2258.4696
2026-05,rocket-pool,Rocket Pool,staking,,518075.4364,1041104092.29,2009.5608
2026-06,rocket-pool,Rocket Pool,staking,,507040.6765,794933850.28,1567.7911
2026-07,rocket-pool,Rocket Pool,staking,,504742.4215,940575053.51,1863.4753
2026-08,rocket-pool,Rocket Pool,staking,,502099.8382,1240501015.9,2470.6262
2026-09,rocket-pool,Rocket Pool,staking,,498512.158,1334629058.02,2677.2247
2026-10-02,rocket-pool,Rocket Pool,staking,,498340.2291,1330263229.25,2669.3876
2024-11,royco-v1,Royco V1,farming,vaults,0.0,0.0,3724.03
2024-12,royco-v1,Royco V1,farming,vaults,15.2638,50818.39,3329.33
2025-01,royco-v1,Royco V1,farming,vaults,17444.4917,57548505.78,3298.95
2025-02,royco-v1,Royco V1,farming,vaults,306000.0244,681064254.28,2225.7
2025-03,royco-v1,Royco V1,farming,vaults,308111.4395,561893588.86,1823.67
2025-04,royco-v1,Royco V1,farming,vaults,310684.277,557050695.03,1792.98
2025-08,royco-v1,Royco V1,farming,vaults,32.0628,141088.09,4400.37
2025-09,royco-v1,Royco V1,farming,vaults,45.343,188030.68,4146.85
2025-10,royco-v1,Royco V1,farming,vaults,39.5763,152554.52,3854.6968
2025-11,royco-v1,Royco V1,farming,vaults,36.6767,109554.98,2987.0461
2025-12,royco-v1,Royco V1,farming,vaults,36.1788,107505.91,2971.5129
2026-01,royco-v1,Royco V1,farming,vaults,32.9412,81356.72,2469.7591
2026-02,royco-v1,Royco V1,farming,vaults,33.3323,65240.11,1957.2655
2026-03,royco-v1,Royco V1,farming,vaults,33.2506,69828.32,2100.0636
2026-04,royco-v1,Royco V1,farming,vaults,33.2501,75094.25,2258.4696
2026-05,royco-v1,Royco V1,farming,vaults,33.2457,66809.31,2009.5608
2026-06,royco-v1,Royco V1,farming,vaults,33.2498,52128.69,1567.7911
2026-07,royco-v1,Royco V1,farming,vaults,32.5806,60713.2,1863.4753
2026-08,royco-v1,Royco V1,farming,vaults,32.5817,80497.15,2470.6262
2026-09,royco-v1,Royco V1,farming,vaults,32.6565,87428.79,2677.2247
2026-10-02,royco-v1,Royco V1,farming,vaults,32.5804,86969.77,2669.3876
2026-02,royco-v2,Royco V2,farming,vaults,0.0,0.0,1957.2655
2026-03,royco-v2,Royco V2,farming,vaults,0.0,0.0,2100.0636
2026-04,royco-v2,Royco V2,farming,vaults,0.0,0.0,2258.4696
2026-05,royco-v2,Royco V2,farming,vaults,0.0,0.0,2009.5608
2026-06,royco-v2,Royco V2,farming,vaults,0.0,0.0,1567.7911
2026-07,royco-v2,Royco V2,farming,vaults,0.0289,53.9,1863.4753
2026-08,royco-v2,Royco V2,farming,vaults,0.0,0.0,2470.6262
2026-09,royco-v2,Royco V2,farming,vaults,0.4264,1141.64,2677.2247
2026-10-02,royco-v2,Royco V2,farming,vaults,0.0,0.0,2669.3876
2025-07,rysk-v12,Rysk V12,options,,0.0,0.0,3694.68
2025-08,rysk-v12,Rysk V12,options,,0.0,0.0,4400.37
2025-09,rysk-v12,Rysk V12,options,,0.0,0.0,4146.85
2025-10,rysk-v12,Rysk V12,options,,0.0,0.0,3854.6968
2025-11,rysk-v12,Rysk V12,options,,0.0,0.0,2987.0461
2025-12,rysk-v12,Rysk V12,options,,0.0,0.0,2971.5129
2026-01,rysk-v12,Rysk V12,options,,0.0,0.0,2469.7591
2026-02,rysk-v12,Rysk V12,options,,0.0,0.0,1957.2655
2026-03,rysk-v12,Rysk V12,options,,0.0,0.0,2100.0636
2026-04,rysk-v12,Rysk V12,options,,0.0,0.0,2258.4696
2026-05,rysk-v12,Rysk V12,options,,0.0,0.0,2009.5608
2026-06,rysk-v12,Rysk V12,options,,0.0,0.0,1567.7911
2026-07,rysk-v12,Rysk V12,options,,556.7052,1037406.34,1863.4753
2026-08,rysk-v12,Rysk V12,options,,463.9821,1146326.41,2470.6262
2026-09,rysk-v12,Rysk V12,options,,1137.223,3044601.54,2677.2247
2026-10-02,rysk-v12,Rysk V12,options,,1150.6743,3071595.7,2669.3876
2024-10,save,Save,lending,,485.9969,1223594.35,2517.7
2024-11,save,Save,lending,,407.2357,1516557.97,3724.03
2024-12,save,Save,lending,,1618.5595,5388718.78,3329.33
2025-01,save,Save,lending,,3218.2045,10616695.89,3298.95
2025-02,save,Save,lending,,2488.2293,5538051.93,2225.7
2025-03,save,Save,lending,,1730.2724,3155445.94,1823.67
2025-04,save,Save,lending,,966.0428,1732095.41,1792.98
2025-05,save,Save,lending,,857.4691,2159012.77,2517.89
2025-06,save,Save,lending,,1327.7316,3314310.19,2496.22
2025-07,save,Save,lending,,988.5617,3652419.17,3694.68
2025-08,save,Save,lending,,295.1243,1298656.19,4400.37
2025-09,save,Save,lending,,294.1095,1219628.09,4146.85
2025-10,save,Save,lending,,199.9927,770911.2,3854.6968
2025-11,save,Save,lending,,196.7358,587658.84,2987.0461
2025-12,save,Save,lending,,190.8965,567251.52,2971.5129
2026-01,save,Save,lending,,171.0463,422443.11,2469.7591
2026-02,save,Save,lending,,188.5007,368945.94,1957.2655
2026-03,save,Save,lending,,151.2897,317718.04,2100.0636
2026-04,save,Save,lending,,154.2931,348466.21,2258.4696
2026-05,save,Save,lending,,149.1937,299813.73,2009.5608
2026-06,save,Save,lending,,173.4723,271968.3,1567.7911
2026-07,save,Save,lending,,143.6982,267777.97,1863.4753
2026-08,save,Save,lending,,77.0797,190435.14,2470.6262
2026-09,save,Save,lending,,180.9512,484446.98,2677.2247
2026-10-02,save,Save,lending,,180.3267,481361.93,2669.3876
2024-10,scallop-lend,Scallop Lend,lending,,5039.506,12687964.36,2517.7
2024-11,scallop-lend,Scallop Lend,lending,,5876.9501,21885938.38,3724.03
2024-12,scallop-lend,Scallop Lend,lending,,6605.854,21993067.82,3329.33
2025-01,scallop-lend,Scallop Lend,lending,,6439.2457,21242749.51,3298.95
2025-02,scallop-lend,Scallop Lend,lending,,4779.4101,10637533.15,2225.7
2025-03,scallop-lend,Scallop Lend,lending,,4915.7281,8964665.94,1823.67
2025-04,scallop-lend,Scallop Lend,lending,,6050.1897,10847869.14,1792.98
2025-05,scallop-lend,Scallop Lend,lending,,4026.0094,10137048.68,2517.89
2025-06,scallop-lend,Scallop Lend,lending,,3183.2123,7945998.18,2496.22
2025-07,scallop-lend,Scallop Lend,lending,,2290.5789,8462955.98,3694.68
2025-08,scallop-lend,Scallop Lend,lending,,1857.7716,8174882.58,4400.37
2025-09,scallop-lend,Scallop Lend,lending,,1240.2903,5143297.84,4146.85
2025-10,scallop-lend,Scallop Lend,lending,,1373.7799,5295505.06,3854.6968
2025-11,scallop-lend,Scallop Lend,lending,,1353.6934,4043544.73,2987.0461
2025-12,scallop-lend,Scallop Lend,lending,,1238.9706,3681617.17,2971.5129
2026-01,scallop-lend,Scallop Lend,lending,,1229.9478,3037674.83,2469.7591
2026-02,scallop-lend,Scallop Lend,lending,,1232.7502,2412819.5,1957.2655
2026-03,scallop-lend,Scallop Lend,lending,,1314.7867,2761135.61,2100.0636
2026-04,scallop-lend,Scallop Lend,lending,,1169.9451,2642285.36,2258.4696
2026-05,scallop-lend,Scallop Lend,lending,,1044.9868,2099964.54,2009.5608
2026-06,scallop-lend,Scallop Lend,lending,,913.1187,1431579.37,1567.7911
2026-07,scallop-lend,Scallop Lend,lending,,787.174,1466879.27,1863.4753
2026-08,scallop-lend,Scallop Lend,lending,,688.9293,1702086.74,2470.6262
2026-09,scallop-lend,Scallop Lend,lending,,487.9027,1306225.23,2677.2247
2026-10-02,scallop-lend,Scallop Lend,lending,,466.4682,1245184.37,2669.3876
2025-06,seamless-v2,Seamless V2,lending,,0,0.0,2496.22
2025-07,seamless-v2,Seamless V2,lending,,0,0.0,3694.68
2025-08,seamless-v2,Seamless V2,lending,,0,0.0,4400.37
2025-09,seamless-v2,Seamless V2,lending,,0,0.0,4146.85
2025-10,seamless-v2,Seamless V2,lending,,0,0.0,3854.6968
2025-11,seamless-v2,Seamless V2,lending,,0,0.0,2987.0461
2025-12,seamless-v2,Seamless V2,lending,,0,0.0,2971.5129
2026-01,seamless-v2,Seamless V2,lending,,0,0.0,2469.7591
2026-02,seamless-v2,Seamless V2,lending,,0,0.0,1957.2655
2026-03,seamless-v2,Seamless V2,lending,,0,0.0,2100.0636
2026-04,seamless-v2,Seamless V2,lending,,0,0.0,2258.4696
2026-05,seamless-v2,Seamless V2,lending,,0,0.0,2009.5608
2026-06,seamless-v2,Seamless V2,lending,,0,0.0,1567.7911
2026-07,seamless-v2,Seamless V2,lending,,0,0.0,1863.4753
2026-08,seamless-v2,Seamless V2,lending,,0,0.0,2470.6262
2026-09,seamless-v2,Seamless V2,lending,,0,0.0,2677.2247
2026-10-02,seamless-v2,Seamless V2,lending,,0,0.0,2669.3876
2024-10,set-protocol,Set Protocol,farming,vaults,160.3053,403600.7,2517.7
2024-11,set-protocol,Set Protocol,farming,vaults,139.4694,519388.32,3724.03
2024-12,set-protocol,Set Protocol,farming,vaults,139.2564,463630.63,3329.33
2025-01,set-protocol,Set Protocol,farming,vaults,136.9262,451712.83,3298.95
2025-02,set-protocol,Set Protocol,farming,vaults,134.3706,299068.54,2225.7
2025-03,set-protocol,Set Protocol,farming,vaults,85.3563,155661.7,1823.67
2025-04,set-protocol,Set Protocol,farming,vaults,60.9426,109268.8,1792.98
2025-05,set-protocol,Set Protocol,farming,vaults,61.1693,154017.69,2517.89
2025-06,set-protocol,Set Protocol,farming,vaults,60.5974,151264.43,2496.22
2025-07,set-protocol,Set Protocol,farming,vaults,60.3816,223090.61,3694.68
2025-08,set-protocol,Set Protocol,farming,vaults,59.7421,262887.35,4400.37
2025-09,set-protocol,Set Protocol,farming,vaults,58.7857,243775.27,4146.85
2025-10,set-protocol,Set Protocol,farming,vaults,991.5042,3821948.21,3854.6968
2025-11,set-protocol,Set Protocol,farming,vaults,927.2988,2769884.41,2987.0461
2025-12,set-protocol,Set Protocol,farming,vaults,957.7083,2845842.51,2971.5129
2026-01,set-protocol,Set Protocol,farming,vaults,935.0523,2309354.04,2469.7591
2026-02,set-protocol,Set Protocol,farming,vaults,920.8583,1802364.22,1957.2655
2026-03,set-protocol,Set Protocol,farming,vaults,917.4841,1926774.95,2100.0636
2026-04,set-protocol,Set Protocol,farming,vaults,899.8676,2032323.54,2258.4696
2026-05,set-protocol,Set Protocol,farming,vaults,877.5184,1763426.68,2009.5608
2026-06,set-protocol,Set Protocol,farming,vaults,867.2641,1359688.97,1567.7911
2026-07,set-protocol,Set Protocol,farming,vaults,867.7031,1616943.32,1863.4753
2026-08,set-protocol,Set Protocol,farming,vaults,832.6839,2057250.77,2470.6262
2026-09,set-protocol,Set Protocol,farming,vaults,819.6967,2194512.3,2677.2247
2026-10-02,set-protocol,Set Protocol,farming,vaults,817.2293,2181501.65,2669.3876
2024-10,shibaswap-v1,ShibaSwap V1,farming,pools,4599.4745,11580096.85,2517.7
2024-11,shibaswap-v1,ShibaSwap V1,farming,pools,4202.188,15649074.34,3724.03
2024-12,shibaswap-v1,ShibaSwap V1,farming,pools,3877.5456,12909628.81,3329.33
2025-01,shibaswap-v1,ShibaSwap V1,farming,pools,3650.5596,12043013.47,3298.95
2025-02,shibaswap-v1,ShibaSwap V1,farming,pools,3694.8033,8223523.66,2225.7
2025-03,shibaswap-v1,ShibaSwap V1,farming,pools,4102.0052,7480703.78,1823.67
2025-04,shibaswap-v1,ShibaSwap V1,farming,pools,3958.5355,7097575.02,1792.98
2025-05,shibaswap-v1,ShibaSwap V1,farming,pools,3349.4248,8433483.3,2517.89
2025-06,shibaswap-v1,ShibaSwap V1,farming,pools,3044.8695,7600664.06,2496.22
2025-07,shibaswap-v1,ShibaSwap V1,farming,pools,2555.5426,9441912.1,3694.68
2025-08,shibaswap-v1,ShibaSwap V1,farming,pools,2244.7441,9877704.45,4400.37
2025-09,shibaswap-v1,ShibaSwap V1,farming,pools,1965.6614,8151302.87,4146.85
2025-10,shibaswap-v1,ShibaSwap V1,farming,pools,1820.2032,7016331.37,3854.6968
2025-11,shibaswap-v1,ShibaSwap V1,farming,pools,1901.6025,5680174.38,2987.0461
2025-12,shibaswap-v1,ShibaSwap V1,farming,pools,1772.8899,5268165.15,2971.5129
2026-01,shibaswap-v1,ShibaSwap V1,farming,pools,1822.8408,4501977.66,2469.7591
2026-02,shibaswap-v1,ShibaSwap V1,farming,pools,1888.0531,3695421.32,1957.2655
2026-03,shibaswap-v1,ShibaSwap V1,farming,pools,1840.7387,3865668.3,2100.0636
2026-04,shibaswap-v1,ShibaSwap V1,farming,pools,1791.2043,4045380.43,2258.4696
2026-05,shibaswap-v1,ShibaSwap V1,farming,pools,1810.2323,3637771.79,2009.5608
2026-06,shibaswap-v1,ShibaSwap V1,farming,pools,1783.6108,2796329.13,1567.7911
2026-07,shibaswap-v1,ShibaSwap V1,farming,pools,1764.6979,3288471.08,1863.4753
2026-08,shibaswap-v1,ShibaSwap V1,farming,pools,1610.7864,3979651.08,2470.6262
2026-09,shibaswap-v1,ShibaSwap V1,farming,pools,1380.3752,3695574.51,2677.2247
2026-10-02,shibaswap-v1,ShibaSwap V1,farming,pools,1374.7997,3669873.3,2669.3876
2025-01,silo-v2,Silo V2,lending,,3212.4449,10597695.25,3298.95
2025-02,silo-v2,Silo V2,lending,,1803.7772,4014666.97,2225.7
2025-03,silo-v2,Silo V2,lending,,974.7489,1777620.31,1823.67
2025-04,silo-v2,Silo V2,lending,,950.6857,1704560.43,1792.98
2025-05,silo-v2,Silo V2,lending,,1441.6175,3629834.38,2517.89
2025-06,silo-v2,Silo V2,lending,,1638.583,4090263.6,2496.22
2025-07,silo-v2,Silo V2,lending,,3784.9129,13984042.12,3694.68
2025-08,silo-v2,Silo V2,lending,,1195.4102,5260247.22,4400.37
2025-09,silo-v2,Silo V2,lending,,2129.0756,8828957.06,4146.85
2025-10,silo-v2,Silo V2,lending,,2724.6673,10502766.33,3854.6968
2025-11,silo-v2,Silo V2,lending,,2485.3032,7423715.47,2987.0461
2025-12,silo-v2,Silo V2,lending,,2893.8937,8599242.26,2971.5129
2026-01,silo-v2,Silo V2,lending,,2860.9914,7065959.58,2469.7591
2026-02,silo-v2,Silo V2,lending,,1711.1129,3349102.35,1957.2655
2026-03,silo-v2,Silo V2,lending,,1624.065,3410639.76,2100.0636
2026-04,silo-v2,Silo V2,lending,,15.7293,35524.1,2258.4696
2026-05,silo-v2,Silo V2,lending,,16.787,33734.58,2009.5608
2026-06,silo-v2,Silo V2,lending,,16.0696,25193.72,1567.7911
2026-07,silo-v2,Silo V2,lending,,15.3484,28601.4,1863.4753
2026-08,silo-v2,Silo V2,lending,,15.3269,37867.12,2470.6262
2026-09,silo-v2,Silo V2,lending,,15.1658,40602.14,2677.2247
2026-10-02,silo-v2,Silo V2,lending,,15.1648,40480.8,2669.3876
2024-10,sky-lending,Sky Lending,cdp,,1117521.8297,2813584710.66,2517.7
2024-11,sky-lending,Sky Lending,cdp,,1120274.6081,4171936248.66,3724.03
2024-12,sky-lending,Sky Lending,cdp,,1051048.1502,3499286137.89,3329.33
2025-01,sky-lending,Sky Lending,cdp,,1007638.8669,3324150239.83,3298.95
2025-02,sky-lending,Sky Lending,cdp,,1000243.2183,2226241330.87,2225.7
2025-03,sky-lending,Sky Lending,cdp,,965985.6189,1761638993.68,1823.67
2025-04,sky-lending,Sky Lending,cdp,,893768.7801,1602509547.32,1792.98
2025-05,sky-lending,Sky Lending,cdp,,838368.307,2110919176.51,2517.89
2025-06,sky-lending,Sky Lending,cdp,,831604.0029,2075866544.09,2496.22
2025-07,sky-lending,Sky Lending,cdp,,805774.4336,2977078684.38,3694.68
2025-08,sky-lending,Sky Lending,cdp,,712930.9795,3137160094.37,4400.37
2025-09,sky-lending,Sky Lending,cdp,,672576.6607,2789074525.28,4146.85
2025-10,sky-lending,Sky Lending,cdp,,664001.7665,2559525469.02,3854.6968
2025-11,sky-lending,Sky Lending,cdp,,582058.0278,1738634190.95,2987.0461
2025-12,sky-lending,Sky Lending,cdp,,596596.8076,1772795090.35,2971.5129
2026-01,sky-lending,Sky Lending,cdp,,588938.0204,1454535036.03,2469.7591
2026-02,sky-lending,Sky Lending,cdp,,707783.475,1385320200.98,1957.2655
2026-03,sky-lending,Sky Lending,cdp,,705656.9821,1481924535.53,2100.0636
2026-04,sky-lending,Sky Lending,cdp,,706492.5603,1595591977.19,2258.4696
2026-05,sky-lending,Sky Lending,cdp,,736215.5468,1479469908.75,2009.5608
2026-06,sky-lending,Sky Lending,cdp,,809588.0366,1269264903.1,1567.7911
2026-07,sky-lending,Sky Lending,cdp,,738233.2303,1375679416.78,1863.4753
2026-08,sky-lending,Sky Lending,cdp,,599438.2482,1480987842.08,2470.6262
2026-09,sky-lending,Sky Lending,cdp,,571027.7254,1528769525.66,2677.2247
2026-10-02,sky-lending,Sky Lending,cdp,,569708.0384,1520771574.48,2669.3876
2024-10,sommelier,Sommelier,farming,vaults,19180.2935,48290225.04,2517.7
2024-11,sommelier,Sommelier,farming,vaults,15357.0638,57190166.27,3724.03
2024-12,sommelier,Sommelier,farming,vaults,15157.9114,50465689.09,3329.33
2025-01,sommelier,Sommelier,farming,vaults,11581.0165,38205194.43,3298.95
2025-02,sommelier,Sommelier,farming,vaults,11020.131,24527505.5,2225.7
2025-03,sommelier,Sommelier,farming,vaults,9728.5077,17741587.68,1823.67
2025-04,sommelier,Sommelier,farming,vaults,7129.8184,12783621.83,1792.98
2025-05,sommelier,Sommelier,farming,vaults,5114.307,12877262.45,2517.89
2025-06,sommelier,Sommelier,farming,vaults,4665.6918,11646593.21,2496.22
2025-07,sommelier,Sommelier,farming,vaults,4532.7144,16746929.26,3694.68
2025-08,sommelier,Sommelier,farming,vaults,3273.8985,14406364.75,4400.37
2025-09,sommelier,Sommelier,farming,vaults,983.0052,4076375.07,4146.85
2025-10,sommelier,Sommelier,farming,vaults,484.1048,1866077.09,3854.6968
2025-11,sommelier,Sommelier,farming,vaults,320.1601,956333.06,2987.0461
2025-12,sommelier,Sommelier,farming,vaults,262.1946,779114.55,2971.5129
2026-01,sommelier,Sommelier,farming,vaults,261.4579,645738.02,2469.7591
2026-03,sommelier,Sommelier,farming,vaults,251.8751,528953.63,2100.0636
2026-05,sommelier,Sommelier,farming,vaults,202.8072,407553.43,2009.5608
2026-06,sommelier,Sommelier,farming,vaults,196.2981,307754.42,1567.7911
2026-07,sommelier,Sommelier,farming,vaults,196.9283,366971.06,1863.4753
2026-09,sommelier,Sommelier,farming,vaults,111.4501,298376.87,2677.2247
2026-10-02,sommelier,Sommelier,farming,vaults,111.2268,296907.43,2669.3876
2025-01,sophon-farm,Sophon Farm,farming,points,7047.9586,23250863.05,3298.95
2025-02,sophon-farm,Sophon Farm,farming,points,12944.6091,28810816.5,2225.7
2025-03,sophon-farm,Sophon Farm,farming,points,11240.105,20498242.2,1823.67
2025-04,sophon-farm,Sophon Farm,farming,points,6043.8377,10836480.17,1792.98
2025-05,sophon-farm,Sophon Farm,farming,points,3519.4911,8861691.55,2517.89
2025-06,sophon-farm,Sophon Farm,farming,points,3150.1583,7863488.03,2496.22
2025-07,sophon-farm,Sophon Farm,farming,points,257.289,950600.41,3694.68
2025-08,sophon-farm,Sophon Farm,farming,points,144.9564,637861.83,4400.37
2025-09,sophon-farm,Sophon Farm,farming,points,138.2215,573183.96,4146.85
2025-10,sophon-farm,Sophon Farm,farming,points,67.5833,260513.21,3854.6968
2025-11,sophon-farm,Sophon Farm,farming,points,47.6783,142417.23,2987.0461
2025-12,sophon-farm,Sophon Farm,farming,points,43.0481,127917.87,2971.5129
2026-01,sophon-farm,Sophon Farm,farming,points,41.5455,102607.34,2469.7591
2026-02,sophon-farm,Sophon Farm,farming,points,41.2478,80732.86,1957.2655
2026-03,sophon-farm,Sophon Farm,farming,points,35.8051,75193.02,2100.0636
2026-04,sophon-farm,Sophon Farm,farming,points,34.285,77431.7,2258.4696
2026-05,sophon-farm,Sophon Farm,farming,points,34.227,68781.17,2009.5608
2026-06,sophon-farm,Sophon Farm,farming,points,31.9882,50150.84,1567.7911
2026-07,sophon-farm,Sophon Farm,farming,points,31.6593,58996.37,1863.4753
2026-08,sophon-farm,Sophon Farm,farming,points,31.1684,77005.47,2470.6262
2026-09,sophon-farm,Sophon Farm,farming,points,28.564,76472.3,2677.2247
2026-10-02,sophon-farm,Sophon Farm,farming,points,28.4827,76031.35,2669.3876
2025-09,spark-savings,Spark Savings,lending,,0,0.0,4146.85
2025-10,spark-savings,Spark Savings,lending,,9984.1547,38485888.99,3854.6968
2025-11,spark-savings,Spark Savings,lending,,14499.4914,43310649.84,2987.0461
2025-12,spark-savings,Spark Savings,lending,,14185.3522,42151956.46,2971.5129
2026-01,spark-savings,Spark Savings,lending,,10381.1929,25639045.63,2469.7591
2026-02,spark-savings,Spark Savings,lending,,10856.1398,21248348.34,1957.2655
2026-03,spark-savings,Spark Savings,lending,,16369.7619,34377540.89,2100.0636
2026-04,spark-savings,Spark Savings,lending,,81754.9524,184641075.51,2258.4696
2026-05,spark-savings,Spark Savings,lending,,90736.2251,182339961.82,2009.5608
2026-06,spark-savings,Spark Savings,lending,,46438.5482,72805941.64,1567.7911
2026-07,spark-savings,Spark Savings,lending,,34727.7684,64714339.88,1863.4753
2026-08,spark-savings,Spark Savings,lending,,26098.0364,64478492.51,2470.6262
2026-09,spark-savings,Spark Savings,lending,,21210.5184,56785323.63,2677.2247
2026-10-02,spark-savings,Spark Savings,lending,,23512.8285,62764852.89,2669.3876
2024-10,sparkdex-v3.1,SparkDEX V3.1,farming,vaults,106.315,267669.31,2517.7
2024-11,sparkdex-v3.1,SparkDEX V3.1,farming,vaults,247.6384,922212.69,3724.03
2024-12,sparkdex-v3.1,SparkDEX V3.1,farming,vaults,474.4881,1579727.39,3329.33
2025-01,sparkdex-v3.1,SparkDEX V3.1,farming,vaults,861.6981,2842698.99,3298.95
2025-02,sparkdex-v3.1,SparkDEX V3.1,farming,vaults,972.3697,2164203.25,2225.7
2025-03,sparkdex-v3.1,SparkDEX V3.1,farming,vaults,1178.0451,2148365.42,1823.67
2025-04,sparkdex-v3.1,SparkDEX V3.1,farming,vaults,1253.2177,2246994.22,1792.98
2025-05,sparkdex-v3.1,SparkDEX V3.1,farming,vaults,1208.8769,3043819.06,2517.89
2025-06,sparkdex-v3.1,SparkDEX V3.1,farming,vaults,993.0325,2478827.71,2496.22
2025-07,sparkdex-v3.1,SparkDEX V3.1,farming,vaults,530.065,1958420.58,3694.68
2025-08,sparkdex-v3.1,SparkDEX V3.1,farming,vaults,471.9069,2076565.09,4400.37
2025-09,sparkdex-v3.1,SparkDEX V3.1,farming,vaults,677.2642,2808513.06,4146.85
2025-10,sparkdex-v3.1,SparkDEX V3.1,farming,vaults,553.891,2135081.91,3854.6968
2025-11,sparkdex-v3.1,SparkDEX V3.1,farming,vaults,613.5299,1832642.25,2987.0461
2025-12,sparkdex-v3.1,SparkDEX V3.1,farming,vaults,604.2904,1795656.7,2971.5129
2026-01,sparkdex-v3.1,SparkDEX V3.1,farming,vaults,586.7905,1449231.2,2469.7591
2026-02,sparkdex-v3.1,SparkDEX V3.1,farming,vaults,431.9413,845423.77,1957.2655
2026-03,sparkdex-v3.1,SparkDEX V3.1,farming,vaults,148.0553,310925.54,2100.0636
2026-04,sparkdex-v3.1,SparkDEX V3.1,farming,vaults,99.4924,224700.51,2258.4696
2026-05,sparkdex-v3.1,SparkDEX V3.1,farming,vaults,107.2672,215560.0,2009.5608
2026-06,sparkdex-v3.1,SparkDEX V3.1,farming,vaults,15.2709,23941.64,1567.7911
2026-07,sparkdex-v3.1,SparkDEX V3.1,farming,vaults,6.4605,12038.93,1863.4753
2026-08,sparkdex-v3.1,SparkDEX V3.1,farming,vaults,5.4369,13432.55,2470.6262
2026-09,sparkdex-v3.1,SparkDEX V3.1,farming,vaults,5.1252,13721.39,2677.2247
2026-10-02,sparkdex-v3.1,SparkDEX V3.1,farming,vaults,5.1538,13757.5,2669.3876
2024-10,sparklend,SparkLend,lending,,209699.1817,527959629.76,2517.7
2024-11,sparklend,SparkLend,lending,,63298.6216,235725965.71,3724.03
2024-12,sparklend,SparkLend,lending,,34314.2935,114243606.78,3329.33
2025-01,sparklend,SparkLend,lending,,38751.1589,127838135.71,3298.95
2025-02,sparklend,SparkLend,lending,,69467.5487,154613923.14,2225.7
2025-03,sparklend,SparkLend,lending,,62348.2412,113702616.98,1823.67
2025-04,sparklend,SparkLend,lending,,60330.2208,108170879.34,1792.98
2025-05,sparklend,SparkLend,lending,,40050.8618,100843664.35,2517.89
2025-06,sparklend,SparkLend,lending,,36037.5218,89957582.64,2496.22
2025-07,sparklend,SparkLend,lending,,30672.2384,113324105.83,3694.68
2025-08,sparklend,SparkLend,lending,,29233.1642,128636738.96,4400.37
2025-09,sparklend,SparkLend,lending,,93936.9589,389542477.99,4146.85
2025-10,sparklend,SparkLend,lending,,64106.5903,247111466.83,3854.6968
2025-11,sparklend,SparkLend,lending,,55007.3787,164309578.78,2987.0461
2025-12,sparklend,SparkLend,lending,,57287.233,170229749.95,2971.5129
2026-01,sparklend,SparkLend,lending,,53115.3917,131182222.08,2469.7591
2026-02,sparklend,SparkLend,lending,,33985.6031,66518849.53,1957.2655
2026-03,sparklend,SparkLend,lending,,34984.0772,73468786.88,2100.0636
2026-04,sparklend,SparkLend,lending,,63516.7072,143450552.88,2258.4696
2026-05,sparklend,SparkLend,lending,,122397.1088,245964432.84,2009.5608
2026-06,sparklend,SparkLend,lending,,77575.6448,121622404.04,1567.7911
2026-07,sparklend,SparkLend,lending,,60663.5349,113045001.01,1863.4753
2026-08,sparklend,SparkLend,lending,,52840.5838,130549330.87,2470.6262
2026-09,sparklend,SparkLend,lending,,105097.9699,281370880.0,2677.2247
2026-10-02,sparklend,SparkLend,lending,,116154.4241,310061179.75,2669.3876
2024-10,spectra-v2,Spectra V2,fixed_yield,,1485.3733,3739724.4,2517.7
2024-11,spectra-v2,Spectra V2,fixed_yield,,2812.0404,10472122.73,3724.03
2024-12,spectra-v2,Spectra V2,fixed_yield,,14641.6216,48746790.03,3329.33
2025-01,spectra-v2,Spectra V2,fixed_yield,,21728.9337,71682665.67,3298.95
2025-02,spectra-v2,Spectra V2,fixed_yield,,23242.7942,51731487.0,2225.7
2025-03,spectra-v2,Spectra V2,fixed_yield,,17487.7937,31891964.81,1823.67
2025-04,spectra-v2,Spectra V2,fixed_yield,,13921.7484,24961416.42,1792.98
2025-05,spectra-v2,Spectra V2,fixed_yield,,13274.9452,33424851.87,2517.89
2025-06,spectra-v2,Spectra V2,fixed_yield,,10691.6052,26688598.73,2496.22
2025-07,spectra-v2,Spectra V2,fixed_yield,,1006.9758,3720453.32,3694.68
2025-08,spectra-v2,Spectra V2,fixed_yield,,490.2264,2157177.51,4400.37
2025-09,spectra-v2,Spectra V2,fixed_yield,,619.6407,2569556.98,4146.85
2025-10,spectra-v2,Spectra V2,fixed_yield,,494.4034,1905775.25,3854.6968
2025-11,spectra-v2,Spectra V2,fixed_yield,,428.3301,1279441.85,2987.0461
2025-12,spectra-v2,Spectra V2,fixed_yield,,397.3511,1180733.87,2971.5129
2026-01,spectra-v2,Spectra V2,fixed_yield,,319.6175,789378.11,2469.7591
2026-02,spectra-v2,Spectra V2,fixed_yield,,187.0981,366200.6,1957.2655
2026-03,spectra-v2,Spectra V2,fixed_yield,,188.851,396599.21,2100.0636
2026-04,spectra-v2,Spectra V2,fixed_yield,,182.0327,411115.29,2258.4696
2026-05,spectra-v2,Spectra V2,fixed_yield,,182.1831,366108.02,2009.5608
2026-06,spectra-v2,Spectra V2,fixed_yield,,152.2254,238657.58,1567.7911
2026-07,spectra-v2,Spectra V2,fixed_yield,,149.818,279182.11,1863.4753
2026-08,spectra-v2,Spectra V2,fixed_yield,,148.8566,367769.1,2470.6262
2026-09,spectra-v2,Spectra V2,fixed_yield,,91.5057,244981.22,2677.2247
2026-10-02,spectra-v2,Spectra V2,fixed_yield,,91.6208,244571.56,2669.3876
2024-10,stader,Stader,staking,,30396.2402,76528614.02,2517.7
2024-11,stader,Stader,staking,,39631.634,147589394.07,3724.03
2024-12,stader,Stader,staking,,42727.1443,142252763.43,3329.33
2025-01,stader,Stader,staking,,43191.8016,142487593.93,3298.95
2025-02,stader,Stader,staking,,48016.5072,106870340.0,2225.7
2025-03,stader,Stader,staking,,47869.0486,87297347.93,1823.67
2025-04,stader,Stader,staking,,57683.3708,103425130.16,1792.98
2025-05,stader,Stader,staking,,47331.2729,119174938.76,2517.89
2025-06,stader,Stader,staking,,47531.0134,118647866.34,2496.22
2025-07,stader,Stader,staking,,46259.2424,170913097.66,3694.68
2025-08,stader,Stader,staking,,45005.9424,198042798.85,4400.37
2025-09,stader,Stader,staking,,46062.2101,191013075.78,4146.85
2025-10,stader,Stader,staking,,42750.1842,164788997.1,3854.6968
2025-11,stader,Stader,staking,,40405.7467,120693829.96,2987.0461
2025-12,stader,Stader,staking,,40131.9266,119252536.32,2971.5129
2026-01,stader,Stader,staking,,30180.2909,74538048.2,2469.7591
2026-02,stader,Stader,staking,,25613.4953,50132411.52,1957.2655
2026-03,stader,Stader,staking,,25554.1898,53665423.59,2100.0636
2026-04,stader,Stader,staking,,26940.4181,60844115.65,2258.4696
2026-05,stader,Stader,staking,,23392.2614,47008171.74,2009.5608
2026-06,stader,Stader,staking,,30251.0917,47427391.78,1567.7911
2026-07,stader,Stader,staking,,26672.6878,49703895.84,1863.4753
2026-08,stader,Stader,staking,,27146.1007,67067867.58,2470.6262
2026-09,stader,Stader,staking,,27805.1594,74440659.16,2677.2247
2026-10-02,stader,Stader,staking,,26766.3468,71449754.42,2669.3876
2024-10,stafi,Stafi,staking,,2523.8104,6354197.44,2517.7
2024-11,stafi,Stafi,staking,,2509.2382,9344478.43,3724.03
2024-12,stafi,Stafi,staking,,2466.4706,8211694.69,3329.33
2025-01,stafi,Stafi,staking,,2483.9839,8194538.69,3298.95
2025-02,stafi,Stafi,staking,,2493.3042,5549347.14,2225.7
2025-03,stafi,Stafi,staking,,2471.7261,4507612.8,1823.67
2025-04,stafi,Stafi,staking,,2373.4597,4255565.7,1792.98
2025-05,stafi,Stafi,staking,,2367.8899,5962086.18,2517.89
2025-06,stafi,Stafi,staking,,2350.5646,5867526.48,2496.22
2025-07,stafi,Stafi,staking,,2333.3426,8620954.34,3694.68
2025-08,stafi,Stafi,staking,,2332.0984,10262095.82,4400.37
2025-09,stafi,Stafi,staking,,2336.7024,9689954.52,4146.85
2025-10,stafi,Stafi,staking,,2331.0611,8985533.65,3854.6968
2025-11,stafi,Stafi,staking,,2318.5796,6925704.26,2987.0461
2025-12,stafi,Stafi,staking,,2322.7834,6902180.9,2971.5129
2026-01,stafi,Stafi,staking,,2341.9323,5784008.69,2469.7591
2026-02,stafi,Stafi,staking,,2336.4906,4573132.5,1957.2655
2026-03,stafi,Stafi,staking,,2337.3754,4908637.07,2100.0636
2026-04,stafi,Stafi,staking,,1860.6015,4202111.84,2258.4696
2026-05,stafi,Stafi,staking,,1860.4149,3738616.97,2009.5608
2026-06,stafi,Stafi,staking,,1856.1232,2910013.4,1567.7911
2026-07,stafi,Stafi,staking,,1860.4149,3466837.37,1863.4753
2026-08,stafi,Stafi,staking,,1860.4149,4596389.92,2470.6262
2026-09,stafi,Stafi,staking,,1864.0382,4990449.13,2677.2247
2026-10-02,stafi,Stafi,staking,,1860.4149,4966168.6,2669.3876
2024-12,stakestone-berachain-vault,StakeStone Berachain Vault,farming,points,89776.4191,298895325.28,3329.33
2025-01,stakestone-berachain-vault,StakeStone Berachain Vault,farming,points,158892.0364,524176883.58,3298.95
2025-02,stakestone-berachain-vault,StakeStone Berachain Vault,farming,points,3193.998,7108881.4,2225.7
2025-03,stakestone-berachain-vault,StakeStone Berachain Vault,farming,points,3183.6528,5805932.05,1823.67
2025-04,stakestone-berachain-vault,StakeStone Berachain Vault,farming,points,3184.9695,5710586.59,1792.98
2025-05,stakestone-berachain-vault,StakeStone Berachain Vault,farming,points,18976.33,47780311.57,2517.89
2025-06,stakestone-berachain-vault,StakeStone Berachain Vault,farming,points,2447.6077,6109767.35,2496.22
2025-07,stakestone-berachain-vault,StakeStone Berachain Vault,farming,points,1382.6236,5108351.68,3694.68
2025-08,stakestone-berachain-vault,StakeStone Berachain Vault,farming,points,1009.1884,4440802.4,4400.37
2025-09,stakestone-berachain-vault,StakeStone Berachain Vault,farming,points,1162.2903,4819843.64,4146.85
2025-10,stakestone-berachain-vault,StakeStone Berachain Vault,farming,points,769.6247,2966669.88,3854.6968
2025-11,stakestone-berachain-vault,StakeStone Berachain Vault,farming,points,643.9485,1923503.96,2987.0461
2025-12,stakestone-berachain-vault,StakeStone Berachain Vault,farming,points,653.8174,1942826.85,2971.5129
2026-01,stakestone-berachain-vault,StakeStone Berachain Vault,farming,points,556.5117,1374449.84,2469.7591
2026-02,stakestone-berachain-vault,StakeStone Berachain Vault,farming,points,630.7871,1234617.77,1957.2655
2026-03,stakestone-berachain-vault,StakeStone Berachain Vault,farming,points,593.5893,1246575.19,2100.0636
2026-04,stakestone-berachain-vault,StakeStone Berachain Vault,farming,points,649.0029,1465753.3,2258.4696
2026-05,stakestone-berachain-vault,StakeStone Berachain Vault,farming,points,692.7543,1392131.89,2009.5608
2026-06,stakestone-berachain-vault,StakeStone Berachain Vault,farming,points,619.8096,971731.97,1567.7911
2026-07,stakestone-berachain-vault,StakeStone Berachain Vault,farming,points,1069.1763,1992383.69,1863.4753
2026-08,stakestone-berachain-vault,StakeStone Berachain Vault,farming,points,569.2526,1406410.49,2470.6262
2026-09,stakestone-berachain-vault,StakeStone Berachain Vault,farming,points,585.6006,1567784.42,2677.2247
2026-10-02,stakestone-berachain-vault,StakeStone Berachain Vault,farming,points,579.3029,1546383.98,2669.3876
2024-10,stakestone-stone,StakeStone STONE,staking,,126488.3125,318459624.27,2517.7
2024-11,stakestone-stone,StakeStone STONE,staking,,104610.2009,389571526.38,3724.03
2024-12,stakestone-stone,StakeStone STONE,staking,,73806.0308,245724632.47,3329.33
2025-01,stakestone-stone,StakeStone STONE,staking,,64569.1521,213010404.25,3298.95
2025-02,stakestone-stone,StakeStone STONE,staking,,0.0,0.0,2225.7
2025-03,stakestone-stone,StakeStone STONE,staking,,0.0,0.0,1823.67
2025-04,stakestone-stone,StakeStone STONE,staking,,0.0,0.0,1792.98
2025-05,stakestone-stone,StakeStone STONE,staking,,56280.1514,141707230.3,2517.89
2025-06,stakestone-stone,StakeStone STONE,staking,,39279.0251,98049088.13,2496.22
2025-07,stakestone-stone,StakeStone STONE,staking,,30437.7828,112457867.48,3694.68
2025-08,stakestone-stone,StakeStone STONE,staking,,25831.9225,113670016.94,4400.37
2025-09,stakestone-stone,StakeStone STONE,staking,,14613.9516,60601865.27,4146.85
2025-10,stakestone-stone,StakeStone STONE,staking,,12356.9838,47632425.55,3854.6968
2025-11,stakestone-stone,StakeStone STONE,staking,,12438.0907,37153151.03,2987.0461
2025-12,stakestone-stone,StakeStone STONE,staking,,10190.0657,30279911.35,2971.5129
2026-01,stakestone-stone,StakeStone STONE,staking,,9717.5684,24000053.09,2469.7591
2026-02,stakestone-stone,StakeStone STONE,staking,,9466.0995,18527670.31,1957.2655
2026-03,stakestone-stone,StakeStone STONE,staking,,9454.1194,19854251.88,2100.0636
2026-04,stakestone-stone,StakeStone STONE,staking,,8880.1439,20055535.15,2258.4696
2026-05,stakestone-stone,StakeStone STONE,staking,,8177.0395,16432258.09,2009.5608
2026-06,stakestone-stone,StakeStone STONE,staking,,8045.4125,12613525.98,1567.7911
2026-07,stakestone-stone,StakeStone STONE,staking,,7003.4027,13050668.19,1863.4753
2026-08,stakestone-stone,StakeStone STONE,staking,,7117.4831,17584640.12,2470.6262
2026-09,stakestone-stone,StakeStone STONE,staking,,6748.8423,18068167.26,2677.2247
2026-10-02,stakestone-stone,StakeStone STONE,staking,,6766.6738,18062875.14,2669.3876
2024-10,stakewise-v3,StakeWise V3,staking,,124694.5334,313943426.74,2517.7
2024-11,stakewise-v3,StakeWise V3,staking,,134041.9525,499176252.28,3724.03
2024-12,stakewise-v3,StakeWise V3,staking,,137217.0694,456840905.59,3329.33
2025-01,stakewise-v3,StakeWise V3,staking,,167557.8827,552765076.98,3298.95
2025-02,stakewise-v3,StakeWise V3,staking,,235092.2508,523244822.56,2225.7
2025-03,stakewise-v3,StakeWise V3,staking,,272893.0889,497666939.41,1823.67
2025-04,stakewise-v3,StakeWise V3,staking,,328613.2595,589197002.11,1792.98
2025-05,stakewise-v3,StakeWise V3,staking,,383199.653,964854574.22,2517.89
2025-06,stakewise-v3,StakeWise V3,staking,,378004.5353,943582481.11,2496.22
2025-07,stakewise-v3,StakeWise V3,staking,,361081.1977,1334079479.5,3694.68
2025-08,stakewise-v3,StakeWise V3,staking,,302391.111,1330632773.05,4400.37
2025-09,stakewise-v3,StakeWise V3,staking,,318725.277,1321705914.74,4146.85
2025-10,stakewise-v3,StakeWise V3,staking,,335366.2382,1292735157.45,3854.6968
2025-11,stakewise-v3,StakeWise V3,staking,,336818.8859,1006093556.29,2987.0461
2025-12,stakewise-v3,StakeWise V3,staking,,361039.2669,1072832827.17,2971.5129
2026-01,stakewise-v3,StakeWise V3,staking,,403230.8312,995883015.23,2469.7591
2026-02,stakewise-v3,StakeWise V3,staking,,390718.809,764740458.32,1957.2655
2026-03,stakewise-v3,StakeWise V3,staking,,424314.555,891087547.78,2100.0636
2026-04,stakewise-v3,StakeWise V3,staking,,375724.326,848561972.03,2258.4696
2026-05,stakewise-v3,StakeWise V3,staking,,352284.8946,707937917.24,2009.5608
2026-06,stakewise-v3,StakeWise V3,staking,,357609.559,560657077.07,1567.7911
2026-07,stakewise-v3,StakeWise V3,staking,,360802.0237,672345672.28,1863.4753
2026-08,stakewise-v3,StakeWise V3,staking,,359148.3892,887321420.53,2470.6262
2026-09,stakewise-v3,StakeWise V3,staking,,365643.508,978909827.55,2677.2247
2026-10-02,stakewise-v3,StakeWise V3,staking,,368211.3514,982898816.49,2669.3876
2024-10,suilend,Suilend,lending,,3873.1786,9751501.78,2517.7
2024-11,suilend,Suilend,lending,,4209.26,15675410.66,3724.03
2024-12,suilend,Suilend,lending,,2735.4129,9107092.19,3329.33
2025-01,suilend,Suilend,lending,,2224.5487,7338675.03,3298.95
2025-02,suilend,Suilend,lending,,4739.1798,10547992.55,2225.7
2025-03,suilend,Suilend,lending,,4559.5425,8315100.82,1823.67
2025-04,suilend,Suilend,lending,,2890.7202,5183003.55,1792.98
2025-05,suilend,Suilend,lending,,7014.121,17660785.15,2517.89
2025-06,suilend,Suilend,lending,,11338.1299,28302466.57,2496.22
2025-07,suilend,Suilend,lending,,10451.1435,38613630.74,3694.68
2025-08,suilend,Suilend,lending,,10226.8691,45002007.95,4400.37
2025-09,suilend,Suilend,lending,,8746.9393,36272245.41,4146.85
2025-10,suilend,Suilend,lending,,10313.5243,39755508.96,3854.6968
2025-11,suilend,Suilend,lending,,7863.3701,23488249.25,2987.0461
2025-12,suilend,Suilend,lending,,8000.2686,23772901.22,2971.5129
2026-01,suilend,Suilend,lending,,8049.1043,19879348.62,2469.7591
2026-02,suilend,Suilend,lending,,7747.3934,15163706.13,1957.2655
2026-03,suilend,Suilend,lending,,6748.9308,14173183.89,2100.0636
2026-04,suilend,Suilend,lending,,2428.4391,5484555.89,2258.4696
2026-05,suilend,Suilend,lending,,2405.1268,4833248.5,2009.5608
2026-06,suilend,Suilend,lending,,2094.3406,3283488.46,1567.7911
2026-07,suilend,Suilend,lending,,2009.6937,3745014.58,1863.4753
2026-08,suilend,Suilend,lending,,1845.5734,4559722.12,2470.6262
2026-09,suilend,Suilend,lending,,1197.6298,3206324.03,2677.2247
2026-10-02,suilend,Suilend,lending,,1179.1599,3147634.9,2669.3876
2024-10,superform,Superform,farming,vaults,3089.2838,7777889.85,2517.7
2024-11,superform,Superform,farming,vaults,2314.3442,8618687.16,3724.03
2024-12,superform,Superform,farming,vaults,4526.6067,15070567.55,3329.33
2025-01,superform,Superform,farming,vaults,4810.8994,15870916.71,3298.95
2025-02,superform,Superform,farming,vaults,9974.9573,22201262.38,2225.7
2025-03,superform,Superform,farming,vaults,13809.5367,25184037.88,1823.67
2025-04,superform,Superform,farming,vaults,15834.0854,28390198.44,1792.98
2025-05,superform,Superform,farming,vaults,17603.9191,44324731.84,2517.89
2025-06,superform,Superform,farming,vaults,13477.4817,33642759.44,2496.22
2025-07,superform,Superform,farming,vaults,12798.3619,47285851.64,3694.68
2025-08,superform,Superform,farming,vaults,11209.7638,49327108.36,4400.37
2025-09,superform,Superform,farming,vaults,11650.2539,48311855.56,4146.85
2025-10,superform,Superform,farming,vaults,10455.8615,40304175.57,3854.6968
2025-11,superform,Superform,farming,vaults,8942.3299,26711152.05,2987.0461
2025-12,superform,Superform,farming,vaults,8140.1523,24188567.34,2971.5129
2026-01,superform,Superform,farming,vaults,8055.6984,19895634.42,2469.7591
2026-02,superform,Superform,farming,vaults,4042.6153,7912471.62,1957.2655
2026-03,superform,Superform,farming,vaults,4043.32,8491229.19,2100.0636
2026-04,superform,Superform,farming,vaults,3346.4377,7557827.86,2258.4696
2026-05,superform,Superform,farming,vaults,3686.6138,7408474.65,2009.5608
2026-06,superform,Superform,farming,vaults,3369.0236,5281925.23,1567.7911
2026-07,superform,Superform,farming,vaults,2351.7495,4382427.16,1863.4753
2026-08,superform,Superform,farming,vaults,2034.5923,5026717.16,2470.6262
2026-09,superform,Superform,farming,vaults,1945.7068,5209094.34,2677.2247
2026-10-02,superform,Superform,farming,vaults,1943.264,5187324.7,2669.3876
2024-10,sushiswap-v3,SushiSwap V3,farming,pools,3460.223,8711803.38,2517.7
2024-11,sushiswap-v3,SushiSwap V3,farming,pools,1947.6638,7253158.41,3724.03
2024-12,sushiswap-v3,SushiSwap V3,farming,pools,3711.4108,12356511.28,3329.33
2025-01,sushiswap-v3,SushiSwap V3,farming,pools,3822.1324,12609023.72,3298.95
2025-02,sushiswap-v3,SushiSwap V3,farming,pools,3298.0652,7340503.66,2225.7
2025-03,sushiswap-v3,SushiSwap V3,farming,pools,4748.4241,8659558.59,1823.67
2025-04,sushiswap-v3,SushiSwap V3,farming,pools,3549.6626,6364474.11,1792.98
2025-06,sushiswap-v3,SushiSwap V3,farming,pools,1966.4173,4908610.1,2496.22
2025-07,sushiswap-v3,SushiSwap V3,farming,pools,9972.726,36846031.23,3694.68
2025-08,sushiswap-v3,SushiSwap V3,farming,pools,6738.6721,29652650.38,4400.37
2025-09,sushiswap-v3,SushiSwap V3,farming,pools,5792.3265,24019909.16,4146.85
2025-10,sushiswap-v3,SushiSwap V3,farming,pools,6238.9342,24049199.63,3854.6968
2025-11,sushiswap-v3,SushiSwap V3,farming,pools,6845.6587,20448298.47,2987.0461
2025-12,sushiswap-v3,SushiSwap V3,farming,pools,4497.9872,13365826.83,2971.5129
2026-01,sushiswap-v3,SushiSwap V3,farming,pools,4204.5967,10384341.06,2469.7591
2026-02,sushiswap-v3,SushiSwap V3,farming,pools,3605.0126,7055966.84,1957.2655
2026-03,sushiswap-v3,SushiSwap V3,farming,pools,8146.9949,17109207.27,2100.0636
2026-04,sushiswap-v3,SushiSwap V3,farming,pools,6631.3481,14976698.22,2258.4696
2026-05,sushiswap-v3,SushiSwap V3,farming,pools,7867.9334,15811090.56,2009.5608
2026-06,sushiswap-v3,SushiSwap V3,farming,pools,9502.102,14897310.77,1567.7911
2026-07,sushiswap-v3,SushiSwap V3,farming,pools,7869.3213,14664286.07,1863.4753
2026-08,sushiswap-v3,SushiSwap V3,farming,pools,5618.4053,13880979.43,2470.6262
2026-09,sushiswap-v3,SushiSwap V3,farming,pools,5015.4688,13427536.89,2677.2247
2026-10-02,sushiswap-v3,SushiSwap V3,farming,pools,4917.8359,13127610.16,2669.3876
2024-10,swaap-maker-v2,Swaap Maker V2,farming,pools,258.6443,651188.85,2517.7
2024-11,swaap-maker-v2,Swaap Maker V2,farming,pools,719.029,2677685.42,3724.03
2024-12,swaap-maker-v2,Swaap Maker V2,farming,pools,850.1683,2830490.67,3329.33
2025-01,swaap-maker-v2,Swaap Maker V2,farming,pools,1301.4457,4293404.29,3298.95
2025-02,swaap-maker-v2,Swaap Maker V2,farming,pools,1814.1174,4037681.16,2225.7
2025-03,swaap-maker-v2,Swaap Maker V2,farming,pools,1475.5817,2690974.07,1823.67
2025-04,swaap-maker-v2,Swaap Maker V2,farming,pools,1213.9285,2176549.47,1792.98
2025-05,swaap-maker-v2,Swaap Maker V2,farming,pools,1208.5363,3042961.4,2517.89
2025-06,swaap-maker-v2,Swaap Maker V2,farming,pools,1367.9342,3414664.79,2496.22
2025-07,swaap-maker-v2,Swaap Maker V2,farming,pools,1360.832,5027838.95,3694.68
2025-08,swaap-maker-v2,Swaap Maker V2,farming,pools,1447.499,6369531.01,4400.37
2025-09,swaap-maker-v2,Swaap Maker V2,farming,pools,1365.9384,5664341.78,4146.85
2025-10,swaap-maker-v2,Swaap Maker V2,farming,pools,1566.0848,6036782.05,3854.6968
2025-11,swaap-maker-v2,Swaap Maker V2,farming,pools,1079.5202,3224576.57,2987.0461
2025-12,swaap-maker-v2,Swaap Maker V2,farming,pools,1276.0747,3791872.36,2971.5129
2026-01,swaap-maker-v2,Swaap Maker V2,farming,pools,1125.8,2780454.82,2469.7591
2026-02,swaap-maker-v2,Swaap Maker V2,farming,pools,1369.524,2680522.11,1957.2655
2026-03,swaap-maker-v2,Swaap Maker V2,farming,pools,1439.3128,3022648.42,2100.0636
2026-04,swaap-maker-v2,Swaap Maker V2,farming,pools,454.6317,1026771.93,2258.4696
2026-05,swaap-maker-v2,Swaap Maker V2,farming,pools,642.8864,1291919.3,2009.5608
2026-06,swaap-maker-v2,Swaap Maker V2,farming,pools,1225.2912,1921000.56,1567.7911
2026-07,swaap-maker-v2,Swaap Maker V2,farming,pools,1153.1853,2148932.42,1863.4753
2026-08,swaap-maker-v2,Swaap Maker V2,farming,pools,416.706,1029524.68,2470.6262
2026-09,swaap-maker-v2,Swaap Maker V2,farming,pools,1679.1264,4495398.73,2677.2247
2026-10-02,swaap-maker-v2,Swaap Maker V2,farming,pools,835.4812,2230223.08,2669.3876
2024-10,swell-l2-farm,Swell L2 Farm,farming,points,286833.0123,722159475.07,2517.7
2024-11,swell-l2-farm,Swell L2 Farm,farming,points,280404.9724,1044236529.37,3724.03
2024-12,swell-l2-farm,Swell L2 Farm,farming,points,183001.8748,609273631.89,3329.33
2025-01,swell-l2-farm,Swell L2 Farm,farming,points,169385.0015,558792650.69,3298.95
2025-02,swell-l2-farm,Swell L2 Farm,farming,points,163914.1383,364823697.7,2225.7
2025-03,swell-l2-farm,Swell L2 Farm,farming,points,50669.7701,92404939.55,1823.67
2025-04,swell-l2-farm,Swell L2 Farm,farming,points,34289.548,61480473.76,1792.98
2025-05,swell-l2-farm,Swell L2 Farm,farming,points,33699.2273,84850947.48,2517.89
2025-06,swell-l2-farm,Swell L2 Farm,farming,points,33255.4446,83012905.81,2496.22
2025-07,swell-l2-farm,Swell L2 Farm,farming,points,33065.8776,122167836.52,3694.68
2025-08,swell-l2-farm,Swell L2 Farm,farming,points,32649.4872,143669824.01,4400.37
2025-09,swell-l2-farm,Swell L2 Farm,farming,points,32659.2434,135432983.35,4146.85
2025-10,swell-l2-farm,Swell L2 Farm,farming,points,32330.7632,124625288.51,3854.6968
2025-11,swell-l2-farm,Swell L2 Farm,farming,points,32448.5027,96925174.95,2987.0461
2025-12,swell-l2-farm,Swell L2 Farm,farming,points,32290.6749,95952156.03,2971.5129
2026-01,swell-l2-farm,Swell L2 Farm,farming,points,32122.4616,79334741.82,2469.7591
2026-02,swell-l2-farm,Swell L2 Farm,farming,points,32476.2074,63564561.32,1957.2655
2026-03,swell-l2-farm,Swell L2 Farm,farming,points,32370.1908,67979459.13,2100.0636
2026-04,swell-l2-farm,Swell L2 Farm,farming,points,32382.3962,73134657.65,2258.4696
2026-05,swell-l2-farm,Swell L2 Farm,farming,points,32327.2489,64963572.5,2009.5608
2026-06,swell-l2-farm,Swell L2 Farm,farming,points,31860.4655,49950553.73,1567.7911
2026-07,swell-l2-farm,Swell L2 Farm,farming,points,31960.6309,59557847.44,1863.4753
2026-08,swell-l2-farm,Swell L2 Farm,farming,points,31821.6308,78619354.85,2470.6262
2026-09,swell-l2-farm,Swell L2 Farm,farming,points,31982.1203,85623322.19,2677.2247
2026-10-02,swell-l2-farm,Swell L2 Farm,farming,points,31988.8017,85390510.59,2669.3876
2024-10,swell-liquid-restaking,Swell Liquid Restaking,restaking,,50260.597,126541105.02,2517.7
2024-11,swell-liquid-restaking,Swell Liquid Restaking,restaking,,35920.4265,133768745.97,3724.03
2024-12,swell-liquid-restaking,Swell Liquid Restaking,restaking,,38654.4832,128693530.58,3329.33
2025-01,swell-liquid-restaking,Swell Liquid Restaking,restaking,,35226.5913,116210763.36,3298.95
2025-02,swell-liquid-restaking,Swell Liquid Restaking,restaking,,32505.1754,72346768.83,2225.7
2025-03,swell-liquid-restaking,Swell Liquid Restaking,restaking,,34950.207,63737644.05,1823.67
2025-04,swell-liquid-restaking,Swell Liquid Restaking,restaking,,29226.5352,52402593.13,1792.98
2025-05,swell-liquid-restaking,Swell Liquid Restaking,restaking,,28639.801,72111868.55,2517.89
2025-06,swell-liquid-restaking,Swell Liquid Restaking,restaking,,28399.0134,70890185.13,2496.22
2025-07,swell-liquid-restaking,Swell Liquid Restaking,restaking,,27812.5571,102758498.39,3694.68
2025-08,swell-liquid-restaking,Swell Liquid Restaking,restaking,,16134.5736,70998093.66,4400.37
2025-09,swell-liquid-restaking,Swell Liquid Restaking,restaking,,16036.3633,66500393.19,4146.85
2025-10,swell-liquid-restaking,Swell Liquid Restaking,restaking,,15280.0794,58900072.99,3854.6968
2025-11,swell-liquid-restaking,Swell Liquid Restaking,restaking,,14800.6101,44210105.43,2987.0461
2025-12,swell-liquid-restaking,Swell Liquid Restaking,restaking,,14233.0051,42293557.83,2971.5129
2026-01,swell-liquid-restaking,Swell Liquid Restaking,restaking,,12632.3505,31198862.59,2469.7591
2026-02,swell-liquid-restaking,Swell Liquid Restaking,restaking,,12496.6043,24459172.93,1957.2655
2026-03,swell-liquid-restaking,Swell Liquid Restaking,restaking,,12796.1853,26872802.91,2100.0636
2026-04,swell-liquid-restaking,Swell Liquid Restaking,restaking,,11483.2207,25934504.97,2258.4696
2026-05,swell-liquid-restaking,Swell Liquid Restaking,restaking,,11279.462,22666764.8,2009.5608
2026-06,swell-liquid-restaking,Swell Liquid Restaking,restaking,,10746.4795,16848234.65,1567.7911
2026-07,swell-liquid-restaking,Swell Liquid Restaking,restaking,,10955.1612,20414672.75,1863.4753
2026-08,swell-liquid-restaking,Swell Liquid Restaking,restaking,,10650.1151,26312453.36,2470.6262
2026-09,swell-liquid-restaking,Swell Liquid Restaking,restaking,,10607.7896,28399436.1,2677.2247
2026-10-02,swell-liquid-restaking,Swell Liquid Restaking,restaking,,10598.8512,28292442.05,2669.3876
2024-10,swell-liquid-staking,Swell Liquid Staking,staking,,67091.9986,168917524.92,2517.7
2024-11,swell-liquid-staking,Swell Liquid Staking,staking,,59635.6575,222084977.73,3724.03
2024-12,swell-liquid-staking,Swell Liquid Staking,staking,,50306.3369,167486396.78,3329.33
2025-01,swell-liquid-staking,Swell Liquid Staking,staking,,44308.1382,146170332.51,3298.95
2025-02,swell-liquid-staking,Swell Liquid Staking,staking,,41002.5532,91259382.56,2225.7
2025-03,swell-liquid-staking,Swell Liquid Staking,staking,,37860.7364,69045489.22,1823.67
2025-04,swell-liquid-staking,Swell Liquid Staking,staking,,33855.3498,60701965.03,1792.98
2025-05,swell-liquid-staking,Swell Liquid Staking,staking,,31301.2022,78812983.98,2517.89
2025-06,swell-liquid-staking,Swell Liquid Staking,staking,,26156.4518,65292258.01,2496.22
2025-07,swell-liquid-staking,Swell Liquid Staking,staking,,19428.9428,71783726.24,3694.68
2025-08,swell-liquid-staking,Swell Liquid Staking,staking,,18405.8314,80992468.48,4400.37
2025-09,swell-liquid-staking,Swell Liquid Staking,staking,,17051.2004,70708770.21,4146.85
2025-10,swell-liquid-staking,Swell Liquid Staking,staking,,17013.7201,65582732.1,3854.6968
2025-11,swell-liquid-staking,Swell Liquid Staking,staking,,14730.2029,43999796.0,2987.0461
2025-12,swell-liquid-staking,Swell Liquid Staking,staking,,15090.6793,44842147.74,2971.5129
2026-01,swell-liquid-staking,Swell Liquid Staking,staking,,14649.3287,36180312.99,2469.7591
2026-02,swell-liquid-staking,Swell Liquid Staking,staking,,14108.3958,27613876.75,1957.2655
2026-03,swell-liquid-staking,Swell Liquid Staking,staking,,13165.2286,27647817.17,2100.0636
2026-04,swell-liquid-staking,Swell Liquid Staking,staking,,13076.1367,29532057.3,2258.4696
2026-05,swell-liquid-staking,Swell Liquid Staking,staking,,12039.6433,24194395.22,2009.5608
2026-06,swell-liquid-staking,Swell Liquid Staking,staking,,11040.6097,17309369.38,1567.7911
2026-07,swell-liquid-staking,Swell Liquid Staking,staking,,10802.6232,20130421.81,1863.4753
2026-08,swell-liquid-staking,Swell Liquid Staking,staking,,10682.4683,26392386.05,2470.6262
2026-09,swell-liquid-staking,Swell Liquid Staking,staking,,10286.8568,27540227.04,2677.2247
2026-10-02,swell-liquid-staking,Swell Liquid Staking,staking,,10283.8749,27451648.05,2669.3876
2024-10,symbiotic,Symbiotic: direct restaking,restaking,,333865.3696,840572841.09,2517.7
2024-11,symbiotic,Symbiotic: direct restaking,restaking,,211530.2057,787744831.93,3724.03
2024-12,symbiotic,Symbiotic: direct restaking,restaking,,170399.0125,567314544.23,3329.33
2025-01,symbiotic,Symbiotic: direct restaking,restaking,,132447.9614,436939202.15,3298.95
2025-02,symbiotic,Symbiotic: direct restaking,restaking,,70825.648,157636644.76,2225.7
2025-03,symbiotic,Symbiotic: direct restaking,restaking,,30360.9109,55368282.45,1823.67
2025-04,symbiotic,Symbiotic: direct restaking,restaking,,19497.9783,34959485.1,1792.98
2025-05,symbiotic,Symbiotic: direct restaking,restaking,,7437.9237,18727873.61,2517.89
2025-06,symbiotic,Symbiotic: direct restaking,restaking,,65083.7921,162463463.6,2496.22
2025-07,symbiotic,Symbiotic: direct restaking,restaking,,8651.6009,31964896.87,3694.68
2025-08,symbiotic,Symbiotic: direct restaking,restaking,,5097.0523,22428916.09,4400.37
2025-09,symbiotic,Symbiotic: direct restaking,restaking,,2107.6916,8740281.09,4146.85
2025-10,symbiotic,Symbiotic: direct restaking,restaking,,35152.3463,135501636.1,3854.6968
2025-11,symbiotic,Symbiotic: direct restaking,restaking,,0.0,0.0,2987.0461
2025-12,symbiotic,Symbiotic: direct restaking,restaking,,0.0,0.0,2971.5129
2026-01,symbiotic,Symbiotic: direct restaking,restaking,,22954.7566,56692719.04,2469.7591
2026-02,symbiotic,Symbiotic: direct restaking,restaking,,11654.7052,22811352.81,1957.2655
2026-03,symbiotic,Symbiotic: direct restaking,restaking,,21187.6523,44495417.2,2100.0636
2026-04,symbiotic,Symbiotic: direct restaking,restaking,,0.0,0.0,2258.4696
2026-05,symbiotic,Symbiotic: direct restaking,restaking,,19133.6333,38450199.54,2009.5608
2026-06,symbiotic,Symbiotic: direct restaking,restaking,,26018.5376,40791631.2,1567.7911
2026-07,symbiotic,Symbiotic: direct restaking,restaking,,30095.012,56081312.54,1863.4753
2026-08,symbiotic,Symbiotic: direct restaking,restaking,,30885.2046,76305795.78,2470.6262
2026-09,symbiotic,Symbiotic: direct restaking,restaking,,31247.5559,83656728.3,2677.2247
2026-10-02,symbiotic,Symbiotic: direct restaking,restaking,,31033.1833,82839594.66,2669.3876
2024-10,syncswap,SyncSwap,farming,pools,12967.6304,32648603.04,2517.7
2024-11,syncswap,SyncSwap,farming,pools,10459.359,38950966.79,3724.03
2024-12,syncswap,SyncSwap,farming,pools,9238.3307,30757451.69,3329.33
2025-01,syncswap,SyncSwap,farming,pools,11117.7617,36676939.97,3298.95
2025-02,syncswap,SyncSwap,farming,pools,10986.1935,24451970.91,2225.7
2025-03,syncswap,SyncSwap,farming,pools,10088.1143,18397391.37,1823.67
2025-04,syncswap,SyncSwap,farming,pools,9339.8165,16746104.25,1792.98
2025-05,syncswap,SyncSwap,farming,pools,7003.2098,17633311.81,2517.89
2025-06,syncswap,SyncSwap,farming,pools,6665.178,16637750.53,2496.22
2025-07,syncswap,SyncSwap,farming,pools,5452.5079,20145271.88,3694.68
2025-08,syncswap,SyncSwap,farming,pools,4794.1085,21095851.17,4400.37
2025-09,syncswap,SyncSwap,farming,pools,4241.6222,17589371.1,4146.85
2025-10,syncswap,SyncSwap,farming,pools,3855.9786,14863628.38,3854.6968
2025-11,syncswap,SyncSwap,farming,pools,4043.3095,12077552.2,2987.0461
2025-12,syncswap,SyncSwap,farming,pools,3839.1055,11407951.51,2971.5129
2026-01,syncswap,SyncSwap,farming,pools,3920.8508,9683557.05,2469.7591
2026-02,syncswap,SyncSwap,farming,pools,3314.9588,6488254.62,1957.2655
2026-03,syncswap,SyncSwap,farming,pools,3169.6533,6656473.48,2100.0636
2026-04,syncswap,SyncSwap,farming,pools,2898.2678,6545649.85,2258.4696
2026-05,syncswap,SyncSwap,farming,pools,2801.4609,5629705.99,2009.5608
2026-06,syncswap,SyncSwap,farming,pools,2875.8641,4508754.13,1567.7911
2026-07,syncswap,SyncSwap,farming,pools,2673.534,4982064.74,1863.4753
2026-08,syncswap,SyncSwap,farming,pools,2070.8312,5116249.92,2470.6262
2026-09,syncswap,SyncSwap,farming,pools,1924.2399,5151622.54,2677.2247
2026-10-02,syncswap,SyncSwap,farming,pools,1924.9229,5138365.33,2669.3876
2024-10,tectonic,Tectonic,lending,,3360.7124,8461265.51,2517.7
2024-11,tectonic,Tectonic,lending,,3572.0015,13302240.62,3724.03
2024-12,tectonic,Tectonic,lending,,3997.0445,13307480.07,3329.33
2025-01,tectonic,Tectonic,lending,,4119.6308,13590456.09,3298.95
2025-02,tectonic,Tectonic,lending,,3708.6565,8254356.86,2225.7
2025-03,tectonic,Tectonic,lending,,3634.769,6628619.14,1823.67
2025-04,tectonic,Tectonic,lending,,3301.2277,5919035.2,1792.98
2025-05,tectonic,Tectonic,lending,,2544.4169,6406561.96,2517.89
2025-06,tectonic,Tectonic,lending,,2511.0431,6268116.09,2496.22
2025-07,tectonic,Tectonic,lending,,2474.1717,9141272.76,3694.68
2025-08,tectonic,Tectonic,lending,,2320.9776,10213160.2,4400.37
2025-09,tectonic,Tectonic,lending,,2267.6651,9403667.05,4146.85
2025-10,tectonic,Tectonic,lending,,2307.4416,8894487.85,3854.6968
2025-11,tectonic,Tectonic,lending,,2495.9007,7455370.44,2987.0461
2025-12,tectonic,Tectonic,lending,,2528.8912,7514632.7,2971.5129
2026-01,tectonic,Tectonic,lending,,2540.8774,6275355.0,2469.7591
2026-02,tectonic,Tectonic,lending,,2416.6013,4729930.45,1957.2655
2026-03,tectonic,Tectonic,lending,,1956.5933,4108970.27,2100.0636
2026-04,tectonic,Tectonic,lending,,1905.5688,4303669.14,2258.4696
2026-05,tectonic,Tectonic,lending,,1893.1212,3804342.17,2009.5608
2026-06,tectonic,Tectonic,lending,,1843.6072,2890390.95,1567.7911
2026-07,tectonic,Tectonic,lending,,1849.3739,3446262.71,1863.4753
2026-08,tectonic,Tectonic,lending,,1885.7063,4658875.48,2470.6262
2026-09,tectonic,Tectonic,lending,,1505.091,4029466.74,2677.2247
2026-10-02,tectonic,Tectonic,lending,,1504.1933,4015275.05,2669.3876
2024-10,termfinance-lend,TermFinance Lend,lending,,0,0.0,2517.7
2024-11,termfinance-lend,TermFinance Lend,lending,,0,0.0,3724.03
2024-12,termfinance-lend,TermFinance Lend,lending,,0,0.0,3329.33
2025-01,termfinance-lend,TermFinance Lend,lending,,0,0.0,3298.95
2025-02,termfinance-lend,TermFinance Lend,lending,,0,0.0,2225.7
2025-03,termfinance-lend,TermFinance Lend,lending,,0,0.0,1823.67
2025-04,termfinance-lend,TermFinance Lend,lending,,277.4403,497444.92,1792.98
2025-05,termfinance-lend,TermFinance Lend,lending,,1600.4095,4029655.1,2517.89
2025-06,termfinance-lend,TermFinance Lend,lending,,725.0063,1809775.3,2496.22
2025-07,termfinance-lend,TermFinance Lend,lending,,0.3408,1259.12,3694.68
2025-08,termfinance-lend,TermFinance Lend,lending,,0.3408,1499.46,4400.37
2025-09,termfinance-lend,TermFinance Lend,lending,,378.6984,1570405.45,4146.85
2025-10,termfinance-lend,TermFinance Lend,lending,,0,0.0,3854.6968
2025-11,termfinance-lend,TermFinance Lend,lending,,0,0.0,2987.0461
2025-12,termfinance-lend,TermFinance Lend,lending,,0,0.0,2971.5129
2026-01,termfinance-lend,TermFinance Lend,lending,,0,0.0,2469.7591
2026-02,termfinance-lend,TermFinance Lend,lending,,0.1834,358.91,1957.2655
2026-03,termfinance-lend,TermFinance Lend,lending,,0.0228,47.81,2100.0636
2026-04,termfinance-lend,TermFinance Lend,lending,,0.0228,51.39,2258.4696
2026-05,termfinance-lend,TermFinance Lend,lending,,0.0227,45.59,2009.5608
2026-06,termfinance-lend,TermFinance Lend,lending,,0.0227,35.61,1567.7911
2026-07,termfinance-lend,TermFinance Lend,lending,,27.8201,51842.0,1863.4753
2026-08,termfinance-lend,TermFinance Lend,lending,,1.6445,4062.85,2470.6262
2026-09,termfinance-lend,TermFinance Lend,lending,,9.7028,25976.47,2677.2247
2026-10-02,termfinance-lend,TermFinance Lend,lending,,9.6839,25850.06,2669.3876
2025-03,termfinance-vaults,TermFinance Vaults,farming,vaults,0.0,0.0,1823.67
2025-04,termfinance-vaults,TermFinance Vaults,farming,vaults,277.4402,497444.76,1792.98
2025-05,termfinance-vaults,TermFinance Vaults,farming,vaults,1599.6605,4027769.19,2517.89
2025-06,termfinance-vaults,TermFinance Vaults,farming,vaults,721.9164,1802062.17,2496.22
2025-07,termfinance-vaults,TermFinance Vaults,farming,vaults,553.1184,2043595.42,3694.68
2025-08,termfinance-vaults,TermFinance Vaults,farming,vaults,842.6064,3707779.85,4400.37
2025-09,termfinance-vaults,TermFinance Vaults,farming,vaults,670.713,2781346.17,4146.85
2025-10,termfinance-vaults,TermFinance Vaults,farming,vaults,710.956,2740519.84,3854.6968
2025-11,termfinance-vaults,TermFinance Vaults,farming,vaults,2483.2375,7417545.1,2987.0461
2025-12,termfinance-vaults,TermFinance Vaults,farming,vaults,2321.1321,6897273.76,2971.5129
2026-01,termfinance-vaults,TermFinance Vaults,farming,vaults,2975.3355,7348361.86,2469.7591
2026-02,termfinance-vaults,TermFinance Vaults,farming,vaults,2150.4583,4209017.92,1957.2655
2026-03,termfinance-vaults,TermFinance Vaults,farming,vaults,2408.2977,5057578.41,2100.0636
2026-04,termfinance-vaults,TermFinance Vaults,farming,vaults,296.9095,670561.19,2258.4696
2026-05,termfinance-vaults,TermFinance Vaults,farming,vaults,2926.5229,5881025.75,2009.5608
2026-06,termfinance-vaults,TermFinance Vaults,farming,vaults,2911.2375,4564212.24,1567.7911
2026-07,termfinance-vaults,TermFinance Vaults,farming,vaults,2833.2345,5279662.6,1863.4753
2026-08,termfinance-vaults,TermFinance Vaults,farming,vaults,8.6714,21423.82,2470.6262
2026-09,termfinance-vaults,TermFinance Vaults,farming,vaults,8.4318,22573.82,2677.2247
2026-10-02,termfinance-vaults,TermFinance Vaults,farming,vaults,8.4161,22465.77,2669.3876
2025-06,terminal-finance-pre-deposits,Terminal Finance Pre-Deposits,farming,points,4326.3649,10799558.54,2496.22
2025-07,terminal-finance-pre-deposits,Terminal Finance Pre-Deposits,farming,points,9919.5382,36649519.36,3694.68
2025-08,terminal-finance-pre-deposits,Terminal Finance Pre-Deposits,farming,points,9315.519,40991730.29,4400.37
2025-09,terminal-finance-pre-deposits,Terminal Finance Pre-Deposits,farming,points,9122.6163,37830121.27,4146.85
2025-10,terminal-finance-pre-deposits,Terminal Finance Pre-Deposits,farming,points,10067.4416,38806934.58,3854.6968
2025-11,terminal-finance-pre-deposits,Terminal Finance Pre-Deposits,farming,points,1727.3604,5159705.25,2987.0461
2025-12,terminal-finance-pre-deposits,Terminal Finance Pre-Deposits,farming,points,328.6042,976451.67,2971.5129
2026-01,terminal-finance-pre-deposits,Terminal Finance Pre-Deposits,farming,points,191.2942,472450.49,2469.7591
2026-02,terminal-finance-pre-deposits,Terminal Finance Pre-Deposits,farming,points,32.9683,64527.81,1957.2655
2026-03,terminal-finance-pre-deposits,Terminal Finance Pre-Deposits,farming,points,33.2227,69769.71,2100.0636
2026-04,terminal-finance-pre-deposits,Terminal Finance Pre-Deposits,farming,points,32.3897,73151.18,2258.4696
2026-05,terminal-finance-pre-deposits,Terminal Finance Pre-Deposits,farming,points,30.0206,60328.17,2009.5608
2026-06,terminal-finance-pre-deposits,Terminal Finance Pre-Deposits,farming,points,29.6614,46502.91,1567.7911
2026-07,terminal-finance-pre-deposits,Terminal Finance Pre-Deposits,farming,points,27.0049,50322.97,1863.4753
2026-08,terminal-finance-pre-deposits,Terminal Finance Pre-Deposits,farming,points,19.4493,48052.01,2470.6262
2026-09,terminal-finance-pre-deposits,Terminal Finance Pre-Deposits,farming,points,19.4791,52149.98,2677.2247
2026-10-02,terminal-finance-pre-deposits,Terminal Finance Pre-Deposits,farming,points,19.3989,51783.13,2669.3876
2024-10,termmax,TermMax,lending,,72.2096,181802.23,2517.7
2024-11,termmax,TermMax,lending,,35.9341,133819.64,3724.03
2024-12,termmax,TermMax,lending,,31.0009,103212.2,3329.33
2025-01,termmax,TermMax,lending,,25.7998,85112.34,3298.95
2025-02,termmax,TermMax,lending,,13.6315,30339.66,2225.7
2025-03,termmax,TermMax,lending,,13.702,24987.86,1823.67
2025-04,termmax,TermMax,lending,,171.0872,306755.87,1792.98
2025-05,termmax,TermMax,lending,,415.2043,1045438.67,2517.89
2025-06,termmax,TermMax,lending,,244.1691,609499.9,2496.22
2025-07,termmax,TermMax,lending,,212.0209,783349.28,3694.68
2025-08,termmax,TermMax,lending,,375.08,1650490.74,4400.37
2025-09,termmax,TermMax,lending,,644.2037,2671416.21,4146.85
2025-10,termmax,TermMax,lending,,1469.881,5665945.58,3854.6968
2025-11,termmax,TermMax,lending,,1007.4937,3009430.31,2987.0461
2025-12,termmax,TermMax,lending,,326.2085,969332.75,2971.5129
2026-01,termmax,TermMax,lending,,359.9533,888998.02,2469.7591
2026-02,termmax,TermMax,lending,,509.7225,997662.28,1957.2655
2026-03,termmax,TermMax,lending,,157.7892,331367.43,2100.0636
2026-04,termmax,TermMax,lending,,429.3967,969779.41,2258.4696
2026-05,termmax,TermMax,lending,,157.6837,316874.97,2009.5608
2026-06,termmax,TermMax,lending,,154.0525,241522.16,1567.7911
2026-07,termmax,TermMax,lending,,157.0073,292579.2,1863.4753
2026-08,termmax,TermMax,lending,,153.547,379357.28,2470.6262
2026-09,termmax,TermMax,lending,,21.9466,58756.05,2677.2247
2026-10-02,termmax,TermMax,lending,,21.9808,58675.34,2669.3876
2024-12,theo-straddle-vaults,Theo Straddle Vaults,options,,5010.5653,16681825.33,3329.33
2025-01,theo-straddle-vaults,Theo Straddle Vaults,options,,6175.7978,20373648.23,3298.95
2025-02,theo-straddle-vaults,Theo Straddle Vaults,options,,6344.8211,14121668.25,2225.7
2025-03,theo-straddle-vaults,Theo Straddle Vaults,options,,2259.1901,4120017.18,1823.67
2025-04,theo-straddle-vaults,Theo Straddle Vaults,options,,4967.092,8905896.7,1792.98
2025-05,theo-straddle-vaults,Theo Straddle Vaults,options,,5182.9453,13050086.08,2517.89
2025-06,theo-straddle-vaults,Theo Straddle Vaults,options,,4805.039,11994434.47,2496.22
2025-07,theo-straddle-vaults,Theo Straddle Vaults,options,,4420.6862,16333020.91,3694.68
2025-08,theo-straddle-vaults,Theo Straddle Vaults,options,,1416.7694,6234309.38,4400.37
2025-09,theo-straddle-vaults,Theo Straddle Vaults,options,,564.9879,2342920.01,4146.85
2025-10,theo-straddle-vaults,Theo Straddle Vaults,options,,465.468,1794237.89,3854.6968
2025-11,theo-straddle-vaults,Theo Straddle Vaults,options,,361.1069,1078642.9,2987.0461
2025-12,theo-straddle-vaults,Theo Straddle Vaults,options,,343.6708,1021222.17,2971.5129
2026-01,theo-straddle-vaults,Theo Straddle Vaults,options,,299.6025,739945.93,2469.7591
2026-02,theo-straddle-vaults,Theo Straddle Vaults,options,,301.1102,589352.6,1957.2655
2026-03,theo-straddle-vaults,Theo Straddle Vaults,options,,298.7812,627459.45,2100.0636
2026-04,theo-straddle-vaults,Theo Straddle Vaults,options,,293.0701,661889.85,2258.4696
2026-05,theo-straddle-vaults,Theo Straddle Vaults,options,,264.7661,532063.51,2009.5608
2026-06,theo-straddle-vaults,Theo Straddle Vaults,options,,262.9414,412237.15,1567.7911
2026-07,theo-straddle-vaults,Theo Straddle Vaults,options,,262.9167,489938.79,1863.4753
2026-08,theo-straddle-vaults,Theo Straddle Vaults,options,,261.1413,645182.53,2470.6262
2026-09,theo-straddle-vaults,Theo Straddle Vaults,options,,254.8291,682234.65,2677.2247
2026-10-02,theo-straddle-vaults,Theo Straddle Vaults,options,,253.9685,677940.31,2669.3876
2024-10,thetanuts-finance,Thetanuts Finance,options,,1199.5653,3020145.52,2517.7
2024-11,thetanuts-finance,Thetanuts Finance,options,,1202.098,4476648.98,3724.03
2024-12,thetanuts-finance,Thetanuts Finance,options,,1198.2666,3989424.92,3329.33
2025-01,thetanuts-finance,Thetanuts Finance,options,,1201.3851,3963309.21,3298.95
2025-02,thetanuts-finance,Thetanuts Finance,options,,1211.6669,2696807.07,2225.7
2025-03,thetanuts-finance,Thetanuts Finance,options,,1207.8226,2202669.86,1823.67
2025-04,thetanuts-finance,Thetanuts Finance,options,,1203.1532,2157229.54,1792.98
2025-05,thetanuts-finance,Thetanuts Finance,options,,1186.7903,2988207.41,2517.89
2025-06,thetanuts-finance,Thetanuts Finance,options,,1187.9471,2965377.21,2496.22
2025-07,thetanuts-finance,Thetanuts Finance,options,,253.8923,938050.7,3694.68
2025-08,thetanuts-finance,Thetanuts Finance,options,,246.9561,1086698.14,4400.37
2025-09,thetanuts-finance,Thetanuts Finance,options,,248.9066,1032178.3,4146.85
2025-10,thetanuts-finance,Thetanuts Finance,options,,250.5211,965682.8,3854.6968
2025-12,thetanuts-finance,Thetanuts Finance,options,,255.8511,760264.83,2971.5129
2026-01,thetanuts-finance,Thetanuts Finance,options,,117.0284,289032.05,2469.7591
2026-03,thetanuts-finance,Thetanuts Finance,options,,117.552,246866.7,2100.0636
2026-04,thetanuts-finance,Thetanuts Finance,options,,71.8703,162316.83,2258.4696
2026-05,thetanuts-finance,Thetanuts Finance,options,,71.6557,143996.55,2009.5608
2026-06,thetanuts-finance,Thetanuts Finance,options,,15.7452,24685.17,1567.7911
2026-07,thetanuts-finance,Thetanuts Finance,options,,0.0,0.0,1863.4753
2026-08,thetanuts-finance,Thetanuts Finance,options,,0.0,0.0,2470.6262
2026-09,thetanuts-finance,Thetanuts Finance,options,,3.5608,9533.08,2677.2247
2026-10-02,thetanuts-finance,Thetanuts Finance,options,,4.0142,10715.52,2669.3876
2024-10,thorchain-dex,THORChain DEX,farming,pools,9229.2293,23236430.52,2517.7
2024-11,thorchain-dex,THORChain DEX,farming,pools,8635.351,32158306.18,3724.03
2024-12,thorchain-dex,THORChain DEX,farming,pools,7769.4302,25866996.91,3329.33
2025-01,thorchain-dex,THORChain DEX,farming,pools,4682.2023,15446351.37,3298.95
2025-02,thorchain-dex,THORChain DEX,farming,pools,4247.7588,9454236.81,2225.7
2025-03,thorchain-dex,THORChain DEX,farming,pools,4587.5455,8366169.15,1823.67
2025-04,thorchain-dex,THORChain DEX,farming,pools,5039.3048,9035372.65,1792.98
2025-05,thorchain-dex,THORChain DEX,farming,pools,4747.3401,11953280.14,2517.89
2025-06,thorchain-dex,THORChain DEX,farming,pools,4242.142,10589319.64,2496.22
2025-07,thorchain-dex,THORChain DEX,farming,pools,3453.5639,12759813.29,3694.68
2025-08,thorchain-dex,THORChain DEX,farming,pools,2987.8307,13147560.47,4400.37
2025-09,thorchain-dex,THORChain DEX,farming,pools,3021.3626,12529137.39,4146.85
2025-10,thorchain-dex,THORChain DEX,farming,pools,2694.4717,10386371.42,3854.6968
2025-11,thorchain-dex,THORChain DEX,farming,pools,2638.3679,7880926.69,2987.0461
2025-12,thorchain-dex,THORChain DEX,farming,pools,2488.0489,7393269.32,2971.5129
2026-01,thorchain-dex,THORChain DEX,farming,pools,2512.8624,6206164.76,2469.7591
2026-02,thorchain-dex,THORChain DEX,farming,pools,2580.2774,5050287.98,1957.2655
2026-03,thorchain-dex,THORChain DEX,farming,pools,2524.9882,5302635.87,2100.0636
2026-04,thorchain-dex,THORChain DEX,farming,pools,2682.9287,6059312.9,2258.4696
2026-05,thorchain-dex,THORChain DEX,farming,pools,2895.6947,5819074.65,2009.5608
2026-06,thorchain-dex,THORChain DEX,farming,pools,1780.1744,2790941.54,1567.7911
2026-07,thorchain-dex,THORChain DEX,farming,pools,1742.2929,3246719.85,1863.4753
2026-08,thorchain-dex,THORChain DEX,farming,pools,1575.5882,3892689.43,2470.6262
2026-09,thorchain-dex,THORChain DEX,farming,pools,1973.1322,5282518.27,2677.2247
2026-10-02,thorchain-dex,THORChain DEX,farming,pools,1895.3303,5059371.15,2669.3876
2024-10,tranchess-yield,Tranchess Yield,fixed_yield,,30917.5557,77841129.91,2517.7
2024-11,tranchess-yield,Tranchess Yield,fixed_yield,,25309.893,94254800.81,3724.03
2024-12,tranchess-yield,Tranchess Yield,fixed_yield,,19970.1731,66487296.47,3329.33
2025-01,tranchess-yield,Tranchess Yield,fixed_yield,,1393.5601,4597285.01,3298.95
2025-02,tranchess-yield,Tranchess Yield,fixed_yield,,4460.6624,9928096.26,2225.7
2025-03,tranchess-yield,Tranchess Yield,fixed_yield,,3132.2131,5712122.97,1823.67
2025-04,tranchess-yield,Tranchess Yield,fixed_yield,,906.703,1625700.29,1792.98
2025-05,tranchess-yield,Tranchess Yield,fixed_yield,,696.8331,1754549.05,2517.89
2025-06,tranchess-yield,Tranchess Yield,fixed_yield,,582.0894,1453023.11,2496.22
2025-07,tranchess-yield,Tranchess Yield,fixed_yield,,424.2752,1567561.23,3694.68
2025-08,tranchess-yield,Tranchess Yield,fixed_yield,,382.8236,1684565.34,4400.37
2025-09,tranchess-yield,Tranchess Yield,fixed_yield,,351.9701,1459567.3,4146.85
2025-10,tranchess-yield,Tranchess Yield,fixed_yield,,335.8333,1294535.6,3854.6968
2025-11,tranchess-yield,Tranchess Yield,fixed_yield,,336.0967,1003936.21,2987.0461
2025-12,tranchess-yield,Tranchess Yield,fixed_yield,,300.9204,894188.95,2971.5129
2026-01,tranchess-yield,Tranchess Yield,fixed_yield,,289.0139,713794.78,2469.7591
2026-02,tranchess-yield,Tranchess Yield,fixed_yield,,290.1072,567816.89,1957.2655
2026-03,tranchess-yield,Tranchess Yield,fixed_yield,,283.0499,594422.84,2100.0636
2026-04,tranchess-yield,Tranchess Yield,fixed_yield,,269.3961,608422.97,2258.4696
2026-05,tranchess-yield,Tranchess Yield,fixed_yield,,268.437,539440.57,2009.5608
2026-06,tranchess-yield,Tranchess Yield,fixed_yield,,267.4576,419317.7,1567.7911
2026-07,tranchess-yield,Tranchess Yield,fixed_yield,,263.5606,491138.61,1863.4753
2026-08,tranchess-yield,Tranchess Yield,fixed_yield,,262.603,648793.84,2470.6262
2026-09,tranchess-yield,Tranchess Yield,fixed_yield,,262.5392,702876.47,2677.2247
2026-10-02,tranchess-yield,Tranchess Yield,fixed_yield,,262.2091,699937.69,2669.3876
2024-10,treehouse-protocol,Treehouse Protocol,loops,,47527.4762,119659926.77,2517.7
2024-11,treehouse-protocol,Treehouse Protocol,loops,,61670.1277,229661405.59,3724.03
2024-12,treehouse-protocol,Treehouse Protocol,loops,,79843.1142,265824075.43,3329.33
2025-01,treehouse-protocol,Treehouse Protocol,loops,,79798.8919,263252554.46,3298.95
2025-02,treehouse-protocol,Treehouse Protocol,loops,,95826.5415,213281133.32,2225.7
2025-03,treehouse-protocol,Treehouse Protocol,loops,,105081.7071,191634356.73,1823.67
2025-04,treehouse-protocol,Treehouse Protocol,loops,,95197.706,170687582.96,1792.98
2025-05,treehouse-protocol,Treehouse Protocol,loops,,108502.012,273196131.12,2517.89
2025-06,treehouse-protocol,Treehouse Protocol,loops,,112585.1398,281037277.73,2496.22
2025-07,treehouse-protocol,Treehouse Protocol,loops,,100477.2138,371231152.11,3694.68
2025-08,treehouse-protocol,Treehouse Protocol,loops,,76296.2059,335731535.43,4400.37
2025-09,treehouse-protocol,Treehouse Protocol,loops,,73603.7207,305223589.08,4146.85
2025-10,treehouse-protocol,Treehouse Protocol,loops,,72733.4823,280365519.74,3854.6968
2025-11,treehouse-protocol,Treehouse Protocol,loops,,86088.8993,257151515.16,2987.0461
2025-12,treehouse-protocol,Treehouse Protocol,loops,,70471.2548,209406240.5,2971.5129
2026-01,treehouse-protocol,Treehouse Protocol,loops,,77884.7279,192356515.66,2469.7591
2026-02,treehouse-protocol,Treehouse Protocol,loops,,51628.0706,101049843.13,1957.2655
2026-03,treehouse-protocol,Treehouse Protocol,loops,,42696.2487,89664837.4,2100.0636
2026-04,treehouse-protocol,Treehouse Protocol,loops,,15673.4397,35397987.35,2258.4696
2026-05,treehouse-protocol,Treehouse Protocol,loops,,9165.6926,18419016.57,2009.5608
2026-06,treehouse-protocol,Treehouse Protocol,loops,,17357.7114,27213265.12,1567.7911
2026-07,treehouse-protocol,Treehouse Protocol,loops,,16534.2844,30811231.21,1863.4753
2026-08,treehouse-protocol,Treehouse Protocol,loops,,16518.4779,40810984.35,2470.6262
2026-09,treehouse-protocol,Treehouse Protocol,loops,,16524.7109,44240364.0,2677.2247
2026-10-02,treehouse-protocol,Treehouse Protocol,loops,,17224.2533,45978208.23,2669.3876
2024-12,trevee-earn,Trevee Earn,farming,vaults,190.3338,633683.99,3329.33
2025-01,trevee-earn,Trevee Earn,farming,vaults,1599.0367,5275142.18,3298.95
2025-02,trevee-earn,Trevee Earn,farming,vaults,17517.316,38988290.23,2225.7
2025-03,trevee-earn,Trevee Earn,farming,vaults,10055.4428,18337809.42,1823.67
2025-04,trevee-earn,Trevee Earn,farming,vaults,11547.7926,20704961.2,1792.98
2025-05,trevee-earn,Trevee Earn,farming,vaults,7460.7848,18785435.47,2517.89
2025-06,trevee-earn,Trevee Earn,farming,vaults,6511.4318,16253966.35,2496.22
2025-07,trevee-earn,Trevee Earn,farming,vaults,3892.2745,14380708.75,3694.68
2025-08,trevee-earn,Trevee Earn,farming,vaults,98.0075,431269.21,4400.37
2025-09,trevee-earn,Trevee Earn,farming,vaults,211.4113,876691.13,4146.85
2025-10,trevee-earn,Trevee Earn,farming,vaults,610.5452,2353466.48,3854.6968
2025-11,trevee-earn,Trevee Earn,farming,vaults,484.1776,1446260.9,2987.0461
2025-12,trevee-earn,Trevee Earn,farming,vaults,463.7405,1378010.8,2971.5129
2026-01,trevee-earn,Trevee Earn,farming,vaults,402.9367,995156.61,2469.7591
2026-02,trevee-earn,Trevee Earn,farming,vaults,493.5917,966089.99,1957.2655
2026-03,trevee-earn,Trevee Earn,farming,vaults,495.1252,1039794.45,2100.0636
2026-04,trevee-earn,Trevee Earn,farming,vaults,483.9926,1093082.52,2258.4696
2026-05,trevee-earn,Trevee Earn,farming,vaults,80.0702,160905.92,2009.5608
2026-06,trevee-earn,Trevee Earn,farming,vaults,78.8363,123598.8,1567.7911
2026-07,trevee-earn,Trevee Earn,farming,vaults,68.7066,128033.09,1863.4753
2026-08,trevee-earn,Trevee Earn,farming,vaults,67.4856,166731.62,2470.6262
2026-09,trevee-earn,Trevee Earn,farming,vaults,63.8695,170992.93,2677.2247
2026-10-02,trevee-earn,Trevee Earn,farming,vaults,63.7276,170113.74,2669.3876
2026-02,twyne,Twyne,lending,,7.7633,15194.91,1957.2655
2026-03,twyne,Twyne,lending,,3.4133,7168.05,2100.0636
2026-04,twyne,Twyne,lending,,2.264,5113.14,2258.4696
2026-05,twyne,Twyne,lending,,2.2431,4507.6,2009.5608
2026-06,twyne,Twyne,lending,,0.6818,1068.92,1567.7911
2026-07,twyne,Twyne,lending,,0.6993,1303.19,1863.4753
2026-08,twyne,Twyne,lending,,0.6749,1667.35,2470.6262
2026-09,twyne,Twyne,lending,,0.6782,1815.56,2677.2247
2026-10-02,twyne,Twyne,lending,,0.6766,1806.22,2669.3876
2025-10,tydro,Tydro,lending,,29973.3924,115538338.92,3854.6968
2025-11,tydro,Tydro,lending,,22767.5401,68007693.0,2987.0461
2025-12,tydro,Tydro,lending,,6603.2823,19621738.46,2971.5129
2026-01,tydro,Tydro,lending,,11771.5055,29072782.84,2469.7591
2026-02,tydro,Tydro,lending,,7393.0988,14470257.49,1957.2655
2026-03,tydro,Tydro,lending,,9869.5887,20726763.98,2100.0636
2026-04,tydro,Tydro,lending,,0,0.0,2258.4696
2026-05,tydro,Tydro,lending,,16871.8391,33904986.68,2009.5608
2026-06,tydro,Tydro,lending,,3458.0299,5421468.37,1567.7911
2026-07,tydro,Tydro,lending,,2041.4941,3804273.86,1863.4753
2026-08,tydro,Tydro,lending,,6662.6833,16460999.86,2470.6262
2026-09,tydro,Tydro,lending,,5275.1494,14122760.14,2677.2247
2026-10-02,tydro,Tydro,lending,,5233.6755,13970708.61,2669.3876
2024-10,umami-finance,Umami Finance,farming,vaults,1089.7006,2743539.3,2517.7
2024-11,umami-finance,Umami Finance,farming,vaults,1426.8543,5313648.3,3724.03
2024-12,umami-finance,Umami Finance,farming,vaults,1304.2335,4342223.6,3329.33
2025-01,umami-finance,Umami Finance,farming,vaults,838.1684,2765075.77,3298.95
2025-02,umami-finance,Umami Finance,farming,vaults,1088.6952,2423108.82,2225.7
2025-03,umami-finance,Umami Finance,farming,vaults,1012.6128,1846671.62,1823.67
2025-04,umami-finance,Umami Finance,farming,vaults,971.4813,1741846.62,1792.98
2025-05,umami-finance,Umami Finance,farming,vaults,416.1311,1047772.27,2517.89
2025-06,umami-finance,Umami Finance,farming,vaults,288.1131,719193.59,2496.22
2025-07,umami-finance,Umami Finance,farming,vaults,261.8359,967399.72,3694.68
2025-08,umami-finance,Umami Finance,farming,vaults,250.0432,1100282.48,4400.37
2025-09,umami-finance,Umami Finance,farming,vaults,210.3547,872309.26,4146.85
2025-10,umami-finance,Umami Finance,farming,vaults,47.4619,182951.38,3854.6968
2025-11,umami-finance,Umami Finance,farming,vaults,47.0502,140541.22,2987.0461
2025-12,umami-finance,Umami Finance,farming,vaults,47.1433,140086.98,2971.5129
2026-01,umami-finance,Umami Finance,farming,vaults,44.8895,110866.2,2469.7591
2026-02,umami-finance,Umami Finance,farming,vaults,43.2321,84616.74,1957.2655
2026-03,umami-finance,Umami Finance,farming,vaults,38.2947,80421.24,2100.0636
2026-04,umami-finance,Umami Finance,farming,vaults,37.0917,83770.48,2258.4696
2026-05,umami-finance,Umami Finance,farming,vaults,36.3103,72967.7,2009.5608
2026-06,umami-finance,Umami Finance,farming,vaults,35.7221,56004.85,1567.7911
2026-07,umami-finance,Umami Finance,farming,vaults,35.2831,65749.22,1863.4753
2026-08,umami-finance,Umami Finance,farming,vaults,35.2831,87171.26,2470.6262
2026-09,umami-finance,Umami Finance,farming,vaults,35.3533,94648.65,2677.2247
2026-10-02,umami-finance,Umami Finance,farming,vaults,35.4037,94506.32,2669.3876
2024-10,unipower,UniPower,farming,vaults,107.1468,269763.41,2517.7
2024-11,unipower,UniPower,farming,vaults,107.2101,399253.51,3724.03
2024-12,unipower,UniPower,farming,vaults,107.2101,356937.7,3329.33
2025-01,unipower,UniPower,farming,vaults,106.8859,352611.16,3298.95
2025-02,unipower,UniPower,farming,vaults,107.4593,239172.11,2225.7
2025-03,unipower,UniPower,farming,vaults,106.9287,195002.59,1823.67
2025-04,unipower,UniPower,farming,vaults,108.2629,194113.3,1792.98
2025-05,unipower,UniPower,farming,vaults,107.6916,271155.57,2517.89
2025-06,unipower,UniPower,farming,vaults,106.8859,266810.66,2496.22
2025-07,unipower,UniPower,farming,vaults,106.8859,394909.1,3694.68
2025-08,unipower,UniPower,farming,vaults,106.8859,470337.4,4400.37
2025-09,unipower,UniPower,farming,vaults,106.8622,443141.35,4146.85
2025-10,unipower,UniPower,farming,vaults,106.6225,410997.48,3854.6968
2025-11,unipower,UniPower,farming,vaults,106.8859,319273.04,2987.0461
2025-12,unipower,UniPower,farming,vaults,106.8859,317612.75,2971.5129
2026-01,unipower,UniPower,farming,vaults,106.8859,263982.36,2469.7591
2026-02,unipower,UniPower,farming,vaults,106.8859,209204.04,1957.2655
2026-03,unipower,UniPower,farming,vaults,107.1248,224968.84,2100.0636
2026-04,unipower,UniPower,farming,vaults,106.8874,241401.99,2258.4696
2026-05,unipower,UniPower,farming,vaults,106.8874,214796.77,2009.5608
2026-06,unipower,UniPower,farming,vaults,108.4448,170018.87,1567.7911
2026-07,unipower,UniPower,farming,vaults,106.8874,199182.07,1863.4753
2026-08,unipower,UniPower,farming,vaults,106.8874,264078.86,2470.6262
2026-09,unipower,UniPower,farming,vaults,106.8874,286161.64,2677.2247
2026-10-02,unipower,UniPower,farming,vaults,106.8874,285323.95,2669.3876
2024-10,uniswap-v2,Uniswap V2,farming,pools,27723.5657,69799621.25,2517.7
2024-11,uniswap-v2,Uniswap V2,farming,pools,31973.1423,119068941.08,3724.03
2024-12,uniswap-v2,Uniswap V2,farming,pools,40464.2637,134718886.91,3329.33
2025-01,uniswap-v2,Uniswap V2,farming,pools,50242.5211,165747564.94,3298.95
2025-02,uniswap-v2,Uniswap V2,farming,pools,1889.2426,4204887.35,2225.7
2025-03,uniswap-v2,Uniswap V2,farming,pools,3562.965,6497672.38,1823.67
2025-04,uniswap-v2,Uniswap V2,farming,pools,4400.4686,7889952.12,1792.98
2025-05,uniswap-v2,Uniswap V2,farming,pools,3007.3669,7572219.04,2517.89
2025-06,uniswap-v2,Uniswap V2,farming,pools,2849.7419,7113582.69,2496.22
2025-07,uniswap-v2,Uniswap V2,farming,pools,3114.2371,11506109.52,3694.68
2025-08,uniswap-v2,Uniswap V2,farming,pools,2443.4453,10752063.2,4400.37
2025-09,uniswap-v2,Uniswap V2,farming,pools,2242.8924,9300938.35,4146.85
2025-10,uniswap-v2,Uniswap V2,farming,pools,1997.5902,7700104.55,3854.6968
2025-11,uniswap-v2,Uniswap V2,farming,pools,1971.6746,5889482.93,2987.0461
2025-12,uniswap-v2,Uniswap V2,farming,pools,1910.4511,5676930.07,2971.5129
2026-01,uniswap-v2,Uniswap V2,farming,pools,2588.2496,6392352.92,2469.7591
2026-02,uniswap-v2,Uniswap V2,farming,pools,3007.4416,5886361.84,1957.2655
2026-03,uniswap-v2,Uniswap V2,farming,pools,1968.8825,4134778.47,2100.0636
2026-04,uniswap-v2,Uniswap V2,farming,pools,1969.7925,4448716.57,2258.4696
2026-05,uniswap-v2,Uniswap V2,farming,pools,2137.5398,4295516.18,2009.5608
2026-06,uniswap-v2,Uniswap V2,farming,pools,1993.9394,3126080.4,1567.7911
2026-07,uniswap-v2,Uniswap V2,farming,pools,7597.6726,14158075.51,1863.4753
2026-08,uniswap-v2,Uniswap V2,farming,pools,7093.215,17524682.79,2470.6262
2026-09,uniswap-v2,Uniswap V2,farming,pools,6529.1921,17480114.21,2677.2247
2026-10-02,uniswap-v2,Uniswap V2,farming,pools,6579.9992,17564568.25,2669.3876
2024-10,unitus,Unitus,lending,,90.9353,228947.68,2517.7
2024-11,unitus,Unitus,lending,,92.9391,346107.93,3724.03
2024-12,unitus,Unitus,lending,,117.2123,390238.41,3329.33
2025-01,unitus,Unitus,lending,,89.1109,293972.27,3298.95
2025-02,unitus,Unitus,lending,,95.6805,212956.18,2225.7
2025-03,unitus,Unitus,lending,,91.3798,166646.53,1823.67
2025-04,unitus,Unitus,lending,,93.3244,167328.75,1792.98
2025-05,unitus,Unitus,lending,,74.2941,187064.25,2517.89
2025-06,unitus,Unitus,lending,,66.114,165035.17,2496.22
2025-07,unitus,Unitus,lending,,51.0552,188632.69,3694.68
2025-08,unitus,Unitus,lending,,41.1807,181210.53,4400.37
2025-09,unitus,Unitus,lending,,44.1647,183144.33,4146.85
2025-10,unitus,Unitus,lending,,42.5437,163993.11,3854.6968
2025-11,unitus,Unitus,lending,,43.6824,130481.41,2987.0461
2025-12,unitus,Unitus,lending,,44.363,131825.25,2971.5129
2026-01,unitus,Unitus,lending,,43.7868,108142.76,2469.7591
2026-02,unitus,Unitus,lending,,49.2012,96299.79,1957.2655
2026-03,unitus,Unitus,lending,,48.8708,102631.84,2100.0636
2026-04,unitus,Unitus,lending,,49.2857,111310.35,2258.4696
2026-05,unitus,Unitus,lending,,54.5134,109548.07,2009.5608
2026-06,unitus,Unitus,lending,,38.27,59999.41,1567.7911
2026-07,unitus,Unitus,lending,,37.6387,70138.74,1863.4753
2026-08,unitus,Unitus,lending,,36.8555,91056.09,2470.6262
2026-09,unitus,Unitus,lending,,35.4734,94970.17,2677.2247
2026-10-02,unitus,Unitus,lending,,35.3749,94429.23,2669.3876
2026-07,up-v3,up v3,farming,pools,101.4064,188968.31,1863.4753
2026-08,up-v3,up v3,farming,pools,1296.5119,3203196.16,2470.6262
2026-09,up-v3,up v3,farming,pools,674.9953,1807114.18,2677.2247
2026-10-02,up-v3,up v3,farming,pools,605.5236,1616377.3,2669.3876
2024-12,upshift,Upshift ETH vaults,farming,vaults,0.0,0.0,3329.33
2025-01,upshift,Upshift ETH vaults,farming,vaults,0.0,0.0,3298.95
2025-02,upshift,Upshift ETH vaults,farming,vaults,0.0,0.0,2225.7
2025-03,upshift,Upshift ETH vaults,farming,vaults,57791.2171,105392108.9,1823.67
2025-04,upshift,Upshift ETH vaults,farming,vaults,59829.5799,107273240.12,1792.98
2025-05,upshift,Upshift ETH vaults,farming,vaults,56749.2817,142888448.88,2517.89
2025-06,upshift,Upshift ETH vaults,farming,vaults,58758.0952,146673132.31,2496.22
2025-07,upshift,Upshift ETH vaults,farming,vaults,49736.4253,183760175.93,3694.68
2025-08,upshift,Upshift ETH vaults,farming,vaults,42509.365,187056934.55,4400.37
2025-09,upshift,Upshift ETH vaults,farming,vaults,52566.6784,217986130.15,4146.85
2025-10,upshift,Upshift ETH vaults,farming,vaults,42619.7412,164286178.95,3854.6968
2025-11,upshift,Upshift ETH vaults,farming,vaults,36596.5531,109315592.91,2987.0461
2025-12,upshift,Upshift ETH vaults,farming,vaults,32431.1923,96369705.1,2971.5129
2026-01,upshift,Upshift ETH vaults,farming,vaults,32864.7403,81167991.41,2469.7591
2026-02,upshift,Upshift ETH vaults,farming,vaults,31985.2744,62603675.17,1957.2655
2026-03,upshift,Upshift ETH vaults,farming,vaults,32307.6073,67848029.83,2100.0636
2026-04,upshift,Upshift ETH vaults,farming,vaults,31612.6305,71396165.2,2258.4696
2026-05,upshift,Upshift ETH vaults,farming,vaults,33458.1921,67236271.59,2009.5608
2026-06,upshift,Upshift ETH vaults,farming,vaults,23480.5488,36812595.06,1567.7911
2026-07,upshift,Upshift ETH vaults,farming,vaults,17955.4539,33459545.46,1863.4753
2026-08,upshift,Upshift ETH vaults,farming,vaults,17189.7837,42469529.89,2470.6262
2026-09,upshift,Upshift ETH vaults,farming,vaults,15858.6481,42457164.23,2677.2247
2026-10-02,upshift,Upshift ETH vaults,farming,vaults,12080.7066,32248088.44,2669.3876
2024-10,vaultcraft,VaultCraft,farming,vaults,995.4635,2506278.48,2517.7
2024-11,vaultcraft,VaultCraft,farming,vaults,122.1645,454944.1,3724.03
2024-12,vaultcraft,VaultCraft,farming,vaults,4270.017,14216295.57,3329.33
2025-01,vaultcraft,VaultCraft,farming,vaults,53.922,177885.86,3298.95
2025-02,vaultcraft,VaultCraft,farming,vaults,3963.989,8822650.41,2225.7
2025-03,vaultcraft,VaultCraft,farming,vaults,3962.3103,7225946.43,1823.67
2025-04,vaultcraft,VaultCraft,farming,vaults,3967.4973,7113643.38,1792.98
2025-05,vaultcraft,VaultCraft,farming,vaults,25.1302,63275.13,2517.89
2025-06,vaultcraft,VaultCraft,farming,vaults,20.4557,51062.01,2496.22
2025-07,vaultcraft,VaultCraft,farming,vaults,19.252,71129.9,3694.68
2025-08,vaultcraft,VaultCraft,farming,vaults,16.3616,71997.21,4400.37
2025-09,vaultcraft,VaultCraft,farming,vaults,11.3612,47113.05,4146.85
2025-10,vaultcraft,VaultCraft,farming,vaults,7.4592,28752.82,3854.6968
2025-11,vaultcraft,VaultCraft,farming,vaults,7.3847,22058.53,2987.0461
2025-12,vaultcraft,VaultCraft,farming,vaults,7.5126,22323.82,2971.5129
2026-01,vaultcraft,VaultCraft,farming,vaults,7.4075,18294.77,2469.7591
2026-02,vaultcraft,VaultCraft,farming,vaults,7.4805,14641.27,1957.2655
2026-03,vaultcraft,VaultCraft,farming,vaults,7.4984,15747.11,2100.0636
2026-04,vaultcraft,VaultCraft,farming,vaults,7.3216,16535.58,2258.4696
2026-05,vaultcraft,VaultCraft,farming,vaults,7.5307,15133.36,2009.5608
2026-06,vaultcraft,VaultCraft,farming,vaults,7.5229,11794.3,1567.7911
2026-07,vaultcraft,VaultCraft,farming,vaults,7.1999,13416.88,1863.4753
2026-08,vaultcraft,VaultCraft,farming,vaults,7.1411,17642.92,2470.6262
2026-09,vaultcraft,VaultCraft,farming,vaults,7.1721,19201.24,2677.2247
2026-10-02,vaultcraft,VaultCraft,farming,vaults,7.1515,19090.15,2669.3876
2024-10,veda,Veda: other ETH vaults,farming,vaults,259446.4667,653208369.18,2517.7
2024-11,veda,Veda: other ETH vaults,farming,vaults,170718.6796,635761484.57,3724.03
2024-12,veda,Veda: other ETH vaults,farming,vaults,176169.6501,586526901.31,3329.33
2025-01,veda,Veda: other ETH vaults,farming,vaults,137175.475,452535033.39,3298.95
2025-02,veda,Veda: other ETH vaults,farming,vaults,272580.3402,606682063.2,2225.7
2025-03,veda,Veda: other ETH vaults,farming,vaults,256437.9202,467658141.85,1823.67
2025-04,veda,Veda: other ETH vaults,farming,vaults,244608.4086,438577984.46,1792.98
2025-05,veda,Veda: other ETH vaults,farming,vaults,200082.8766,503786674.13,2517.89
2025-06,veda,Veda: other ETH vaults,farming,vaults,182445.7344,455424691.2,2496.22
2025-07,veda,Veda: other ETH vaults,farming,vaults,112254.8453,414745731.74,3694.68
2025-08,veda,Veda: other ETH vaults,farming,vaults,115505.4808,508266852.74,4400.37
2025-09,veda,Veda: other ETH vaults,farming,vaults,131989.5247,547340760.57,4146.85
2025-10,veda,Veda: other ETH vaults,farming,vaults,131165.6886,505603957.03,3854.6968
2025-11,veda,Veda: other ETH vaults,farming,vaults,83486.3047,249377444.9,2987.0461
2025-12,veda,Veda: other ETH vaults,farming,vaults,98380.811,292339845.67,2971.5129
2026-01,veda,Veda: other ETH vaults,farming,vaults,112995.9214,279072705.34,2469.7591
2026-02,veda,Veda: other ETH vaults,farming,vaults,97060.6456,189973456.37,1957.2655
2026-03,veda,Veda: other ETH vaults,farming,vaults,78067.9058,163947566.55,2100.0636
2026-04,veda,Veda: other ETH vaults,farming,vaults,35886.9308,81049542.69,2258.4696
2026-05,veda,Veda: other ETH vaults,farming,vaults,19355.877,38896811.87,2009.5608
2026-06,veda,Veda: other ETH vaults,farming,vaults,14261.5057,22359061.41,1567.7911
2026-07,veda,Veda: other ETH vaults,farming,vaults,12612.3789,23502856.99,1863.4753
2026-08,veda,Veda: other ETH vaults,farming,vaults,11872.0474,29331391.4,2470.6262
2026-09,veda,Veda: other ETH vaults,farming,vaults,11302.6118,30259631.25,2677.2247
2026-10-02,veda,Veda: other ETH vaults,farming,vaults,10834.0402,28920252.66,2669.3876
2024-10,velodrome-v2,Velodrome V2,farming,pools,9944.1933,25036495.47,2517.7
2024-11,velodrome-v2,Velodrome V2,farming,pools,8341.6606,31064594.48,3724.03
2024-12,velodrome-v2,Velodrome V2,farming,pools,8029.3498,26732355.23,3329.33
2025-01,velodrome-v2,Velodrome V2,farming,pools,6239.049,20582310.81,3298.95
2025-02,velodrome-v2,Velodrome V2,farming,pools,5592.8292,12447959.9,2225.7
2025-03,velodrome-v2,Velodrome V2,farming,pools,6730.4527,12274124.61,1823.67
2025-04,velodrome-v2,Velodrome V2,farming,pools,6284.6751,11268296.7,1792.98
2025-05,velodrome-v2,Velodrome V2,farming,pools,5223.2533,13151577.2,2517.89
2025-06,velodrome-v2,Velodrome V2,farming,pools,4697.5173,11726036.53,2496.22
2025-07,velodrome-v2,Velodrome V2,farming,pools,3809.062,14073265.19,3694.68
2025-08,velodrome-v2,Velodrome V2,farming,pools,2983.2368,13127345.88,4400.37
2025-09,velodrome-v2,Velodrome V2,farming,pools,3139.4112,13018667.16,4146.85
2025-10,velodrome-v2,Velodrome V2,farming,pools,2631.006,10141730.37,3854.6968
2025-11,velodrome-v2,Velodrome V2,farming,pools,2434.7553,7272726.37,2987.0461
2025-12,velodrome-v2,Velodrome V2,farming,pools,2130.7481,6331545.42,2971.5129
2026-01,velodrome-v2,Velodrome V2,farming,pools,2095.4645,5175292.48,2469.7591
2026-02,velodrome-v2,Velodrome V2,farming,pools,2183.0258,4272761.17,1957.2655
2026-03,velodrome-v2,Velodrome V2,farming,pools,2159.5716,4535237.63,2100.0636
2026-04,velodrome-v2,Velodrome V2,farming,pools,2447.0917,5526682.21,2258.4696
2026-05,velodrome-v2,Velodrome V2,farming,pools,1987.6275,3994258.42,2009.5608
2026-06,velodrome-v2,Velodrome V2,farming,pools,2080.2113,3261336.7,1567.7911
2026-07,velodrome-v2,Velodrome V2,farming,pools,1670.1321,3112250.05,1863.4753
2026-08,velodrome-v2,Velodrome V2,farming,pools,1527.7826,3774579.69,2470.6262
2026-09,velodrome-v2,Velodrome V2,farming,pools,1587.1671,4249202.97,2677.2247
2026-10-02,velodrome-v2,Velodrome V2,farming,pools,1603.3492,4279960.56,2669.3876
2024-10,velodrome-v3,Velodrome V3,farming,pools,85.0069,214021.82,2517.7
2024-11,velodrome-v3,Velodrome V3,farming,pools,56.9057,211918.52,3724.03
2024-12,velodrome-v3,Velodrome V3,farming,pools,240.1084,799400.04,3329.33
2025-01,velodrome-v3,Velodrome V3,farming,pools,483.3943,1594693.75,3298.95
2025-02,velodrome-v3,Velodrome V3,farming,pools,1716.5646,3820557.73,2225.7
2025-03,velodrome-v3,Velodrome V3,farming,pools,6517.4106,11885606.28,1823.67
2025-04,velodrome-v3,Velodrome V3,farming,pools,7605.638,13636756.91,1792.98
2025-05,velodrome-v3,Velodrome V3,farming,pools,8827.9364,22227772.74,2517.89
2025-06,velodrome-v3,Velodrome V3,farming,pools,8832.9862,22049076.75,2496.22
2025-07,velodrome-v3,Velodrome V3,farming,pools,3140.0662,11601539.83,3694.68
2025-08,velodrome-v3,Velodrome V3,farming,pools,2678.0884,11784579.89,4400.37
2025-09,velodrome-v3,Velodrome V3,farming,pools,2961.2719,12279950.41,4146.85
2025-10,velodrome-v3,Velodrome V3,farming,pools,2970.3751,11449895.38,3854.6968
2025-11,velodrome-v3,Velodrome V3,farming,pools,4276.5092,12774130.22,2987.0461
2025-12,velodrome-v3,Velodrome V3,farming,pools,4627.2659,13749980.04,2971.5129
2026-01,velodrome-v3,Velodrome V3,farming,pools,3231.4175,7980822.73,2469.7591
2026-02,velodrome-v3,Velodrome V3,farming,pools,3660.1649,7163914.66,1957.2655
2026-03,velodrome-v3,Velodrome V3,farming,pools,3619.4777,7601133.3,2100.0636
2026-04,velodrome-v3,Velodrome V3,farming,pools,3661.8827,8270250.82,2258.4696
2026-05,velodrome-v3,Velodrome V3,farming,pools,3549.5896,7133116.19,2009.5608
2026-06,velodrome-v3,Velodrome V3,farming,pools,3508.1137,5499989.43,1567.7911
2026-07,velodrome-v3,Velodrome V3,farming,pools,2480.2964,4621971.23,1863.4753
2026-08,velodrome-v3,Velodrome V3,farming,pools,2276.4127,5624164.97,2470.6262
2026-09,velodrome-v3,Velodrome V3,farming,pools,1919.2792,5138341.65,2677.2247
2026-10-02,velodrome-v3,Velodrome V3,farming,pools,1887.2094,5037693.25,2669.3876
2024-10,veno-finance,Veno Finance,staking,,3114.1888,7840593.04,2517.7
2024-11,veno-finance,Veno Finance,staking,,3143.1117,11705042.15,3724.03
2024-12,veno-finance,Veno Finance,staking,,2587.7259,8615393.4,3329.33
2025-01,veno-finance,Veno Finance,staking,,2152.1691,7099898.09,3298.95
2025-02,veno-finance,Veno Finance,staking,,1909.4336,4249826.39,2225.7
2025-03,veno-finance,Veno Finance,staking,,1596.2933,2911112.24,1823.67
2025-04,veno-finance,Veno Finance,staking,,1500.7034,2690731.26,1792.98
2025-05,veno-finance,Veno Finance,staking,,1313.4564,3307138.79,2517.89
2025-06,veno-finance,Veno Finance,staking,,1260.6795,3146933.37,2496.22
2025-07,veno-finance,Veno Finance,staking,,1103.5488,4077259.55,3694.68
2025-08,veno-finance,Veno Finance,staking,,874.5452,3848322.44,4400.37
2025-09,veno-finance,Veno Finance,staking,,883.2106,3662541.69,4146.85
2025-10,veno-finance,Veno Finance,staking,,923.659,3560425.19,3854.6968
2025-11,veno-finance,Veno Finance,staking,,929.6479,2776901.32,2987.0461
2025-12,veno-finance,Veno Finance,staking,,924.6939,2747739.7,2971.5129
2026-01,veno-finance,Veno Finance,staking,,924.7826,2283990.21,2469.7591
2026-02,veno-finance,Veno Finance,staking,,923.6657,1807859.04,1957.2655
2026-03,veno-finance,Veno Finance,staking,,901.6011,1893419.59,2100.0636
2026-04,veno-finance,Veno Finance,staking,,889.8093,2009607.15,2258.4696
2026-05,veno-finance,Veno Finance,staking,,869.9823,1748282.38,2009.5608
2026-06,veno-finance,Veno Finance,staking,,811.2247,1271830.81,1567.7911
2026-07,veno-finance,Veno Finance,staking,,676.2985,1260265.61,1863.4753
2026-08,veno-finance,Veno Finance,staking,,654.472,1616955.61,2470.6262
2026-09,veno-finance,Veno Finance,staking,,651.8273,1745088.2,2677.2247
2026-10-02,veno-finance,Veno Finance,staking,,649.5726,1733961.13,2669.3876
2024-10,venus-core-pool,Venus Core Pool,lending,,22919.3802,57704123.43,2517.7
2024-11,venus-core-pool,Venus Core Pool,lending,,27327.9748,101770197.98,3724.03
2024-12,venus-core-pool,Venus Core Pool,lending,,31055.0622,103392550.23,3329.33
2025-01,venus-core-pool,Venus Core Pool,lending,,31919.2597,105300041.68,3298.95
2025-02,venus-core-pool,Venus Core Pool,lending,,15363.8696,34195364.61,2225.7
2025-03,venus-core-pool,Venus Core Pool,lending,,29433.9741,53677855.62,1823.67
2025-04,venus-core-pool,Venus Core Pool,lending,,15908.7106,28523999.98,1792.98
2025-05,venus-core-pool,Venus Core Pool,lending,,23193.3083,58398198.95,2517.89
2025-06,venus-core-pool,Venus Core Pool,lending,,21489.8889,53643490.55,2496.22
2025-07,venus-core-pool,Venus Core Pool,lending,,19653.566,72613637.22,3694.68
2025-08,venus-core-pool,Venus Core Pool,lending,,22017.102,96883395.29,4400.37
2025-09,venus-core-pool,Venus Core Pool,lending,,12355.1296,51234869.31,4146.85
2025-10,venus-core-pool,Venus Core Pool,lending,,18657.2242,71917941.93,3854.6968
2025-11,venus-core-pool,Venus Core Pool,lending,,7657.6084,22873629.66,2987.0461
2025-12,venus-core-pool,Venus Core Pool,lending,,10162.1392,30196927.38,2971.5129
2026-01,venus-core-pool,Venus Core Pool,lending,,13717.9881,33880125.85,2469.7591
2026-02,venus-core-pool,Venus Core Pool,lending,,9644.784,18877403.38,1957.2655
2026-03,venus-core-pool,Venus Core Pool,lending,,8195.9544,17212025.39,2100.0636
2026-04,venus-core-pool,Venus Core Pool,lending,,2740.5678,6189489.15,2258.4696
2026-05,venus-core-pool,Venus Core Pool,lending,,10651.087,21404006.92,2009.5608
2026-06,venus-core-pool,Venus Core Pool,lending,,12135.9944,19026703.8,1567.7911
2026-07,venus-core-pool,Venus Core Pool,lending,,8780.2041,16361693.87,1863.4753
2026-08,venus-core-pool,Venus Core Pool,lending,,12145.7362,30007574.04,2470.6262
2026-09,venus-core-pool,Venus Core Pool,lending,,5603.4216,15001618.71,2677.2247
2026-10-02,venus-core-pool,Venus Core Pool,lending,,7327.473,19559865.53,2669.3876
2024-10,vesper,Vesper pools (other than vaETH),farming,vaults,1790.841,4508800.38,2517.7
2024-11,vesper,Vesper pools (other than vaETH),farming,vaults,1934.3199,7203465.4,3724.03
2024-12,vesper,Vesper pools (other than vaETH),farming,vaults,1953.8194,6504909.46,3329.33
2025-01,vesper,Vesper pools (other than vaETH),farming,vaults,2057.9964,6789227.2,3298.95
2025-02,vesper,Vesper pools (other than vaETH),farming,vaults,2074.8875,4618077.06,2225.7
2025-03,vesper,Vesper pools (other than vaETH),farming,vaults,1912.7627,3488247.9,1823.67
2025-04,vesper,Vesper pools (other than vaETH),farming,vaults,1895.9535,3399406.68,1792.98
2025-05,vesper,Vesper pools (other than vaETH),farming,vaults,1891.6188,4762887.99,2517.89
2025-06,vesper,Vesper pools (other than vaETH),farming,vaults,1887.1054,4710630.35,2496.22
2025-07,vesper,Vesper pools (other than vaETH),farming,vaults,1916.6757,7081503.52,3694.68
2025-08,vesper,Vesper pools (other than vaETH),farming,vaults,1841.2327,8102105.06,4400.37
2025-09,vesper,Vesper pools (other than vaETH),farming,vaults,1873.8034,7770381.81,4146.85
2025-10,vesper,Vesper pools (other than vaETH),farming,vaults,1856.8839,7157724.55,3854.6968
2025-11,vesper,Vesper pools (other than vaETH),farming,vaults,1931.498,5769473.54,2987.0461
2025-12,vesper,Vesper pools (other than vaETH),farming,vaults,1929.7113,5734161.91,2971.5129
2026-01,vesper,Vesper pools (other than vaETH),farming,vaults,2647.447,6538556.26,2469.7591
2026-02,vesper,Vesper pools (other than vaETH),farming,vaults,2601.6986,5092214.93,1957.2655
2026-03,vesper,Vesper pools (other than vaETH),farming,vaults,2582.9943,5424452.37,2100.0636
2026-04,vesper,Vesper pools (other than vaETH),farming,vaults,2572.1254,5809067.07,2258.4696
2026-05,vesper,Vesper pools (other than vaETH),farming,vaults,2488.1365,5000061.61,2009.5608
2026-06,vesper,Vesper pools (other than vaETH),farming,vaults,2472.9386,3877051.03,1567.7911
2026-07,vesper,Vesper pools (other than vaETH),farming,vaults,5349.6263,9968896.62,1863.4753
2026-08,vesper,Vesper pools (other than vaETH),farming,vaults,7733.7519,19107209.98,2470.6262
2026-09,vesper,Vesper pools (other than vaETH),farming,vaults,7704.2544,20626020.05,2677.2247
2026-10-02,vesper,Vesper pools (other than vaETH),farming,vaults,7673.1411,20482587.85,2669.3876
2024-10,vesu,Vesu,lending,,3719.9617,9365747.51,2517.7
2024-11,vesu,Vesu,lending,,3147.9478,11723052.0,3724.03
2024-12,vesu,Vesu,lending,,4581.2524,15252500.9,3329.33
2025-01,vesu,Vesu,lending,,4250.7288,14022941.64,3298.95
2025-02,vesu,Vesu,lending,,1784.7778,3972379.99,2225.7
2025-03,vesu,Vesu,lending,,1214.4416,2214740.64,1823.67
2025-04,vesu,Vesu,lending,,1598.9294,2866848.41,1792.98
2025-05,vesu,Vesu,lending,,1721.3714,4334223.9,2517.89
2025-06,vesu,Vesu,lending,,1140.9533,2848070.46,2496.22
2025-07,vesu,Vesu,lending,,1037.9755,3834987.25,3694.68
2025-08,vesu,Vesu,lending,,1110.6025,4887062.06,4400.37
2025-09,vesu,Vesu,lending,,1512.1459,6270642.25,4146.85
2025-10,vesu,Vesu,lending,,1674.5937,6455051.09,3854.6968
2025-11,vesu,Vesu,lending,,1668.427,4983668.57,2987.0461
2025-12,vesu,Vesu,lending,,1657.7445,4926009.24,2971.5129
2026-01,vesu,Vesu,lending,,482.2568,1191058.06,2469.7591
2026-02,vesu,Vesu,lending,,363.7431,711941.83,1957.2655
2026-03,vesu,Vesu,lending,,366.2737,769198.02,2100.0636
2026-04,vesu,Vesu,lending,,265.3463,599276.63,2258.4696
2026-05,vesu,Vesu,lending,,235.5123,473276.3,2009.5608
2026-06,vesu,Vesu,lending,,279.3589,437976.34,1567.7911
2026-07,vesu,Vesu,lending,,192.8657,359400.41,1863.4753
2026-08,vesu,Vesu,lending,,142.9054,353065.76,2470.6262
2026-09,vesu,Vesu,lending,,151.867,406582.1,2677.2247
2026-10-02,vesu,Vesu,lending,,140.3844,374740.43,2669.3876
2024-10,vires-finance,Vires Finance,lending,,365.8375,921069.12,2517.7
2024-11,vires-finance,Vires Finance,lending,,360.5884,1342841.93,3724.03
2024-12,vires-finance,Vires Finance,lending,,358.4411,1193368.79,3329.33
2025-01,vires-finance,Vires Finance,lending,,361.1376,1191374.83,3298.95
2025-02,vires-finance,Vires Finance,lending,,359.8417,800899.77,2225.7
2025-03,vires-finance,Vires Finance,lending,,359.4431,655505.53,1823.67
2025-04,vires-finance,Vires Finance,lending,,360.2784,645972.0,1792.98
2025-05,vires-finance,Vires Finance,lending,,353.2176,889363.01,2517.89
2025-06,vires-finance,Vires Finance,lending,,353.8272,883230.41,2496.22
2025-07,vires-finance,Vires Finance,lending,,361.3665,1335133.53,3694.68
2025-08,vires-finance,Vires Finance,lending,,365.7445,1609411.2,4400.37
2025-09,vires-finance,Vires Finance,lending,,359.9504,1492660.38,4146.85
2025-10,vires-finance,Vires Finance,lending,,359.4206,1385457.37,3854.6968
2025-11,vires-finance,Vires Finance,lending,,352.4058,1052652.33,2987.0461
2025-12,vires-finance,Vires Finance,lending,,358.0302,1063891.35,2971.5129
2026-01,vires-finance,Vires Finance,lending,,355.4895,877973.39,2469.7591
2026-02,vires-finance,Vires Finance,lending,,356.7227,698200.97,1957.2655
2026-03,vires-finance,Vires Finance,lending,,358.5643,753007.78,2100.0636
2026-04,vires-finance,Vires Finance,lending,,357.5368,807486.01,2258.4696
2026-05,vires-finance,Vires Finance,lending,,356.2706,715947.41,2009.5608
2026-06,vires-finance,Vires Finance,lending,,356.9067,559555.06,1567.7911
2026-07,vires-finance,Vires Finance,lending,,362.1489,674855.48,1863.4753
2026-08,vires-finance,Vires Finance,lending,,356.7526,881402.35,2470.6262
2026-09,vires-finance,Vires Finance,lending,,357.2434,956420.72,2677.2247
2026-10-02,vires-finance,Vires Finance,lending,,356.8293,952515.58,2669.3876
2024-10,vvs-standard,VVS Standard,farming,pools,0.0,0.0,2517.7
2024-11,vvs-standard,VVS Standard,farming,pools,0.0,0.0,3724.03
2024-12,vvs-standard,VVS Standard,farming,pools,0.0,0.0,3329.33
2025-01,vvs-standard,VVS Standard,farming,pools,0.0,0.0,3298.95
2025-02,vvs-standard,VVS Standard,farming,pools,0.0,0.0,2225.7
2025-03,vvs-standard,VVS Standard,farming,pools,0.0,0.0,1823.67
2025-04,vvs-standard,VVS Standard,farming,pools,0.0,0.0,1792.98
2025-05,vvs-standard,VVS Standard,farming,pools,0.0,0.0,2517.89
2025-06,vvs-standard,VVS Standard,farming,pools,0.0,0.0,2496.22
2025-07,vvs-standard,VVS Standard,farming,pools,0.0,0.0,3694.68
2025-08,vvs-standard,VVS Standard,farming,pools,0.0,0.0,4400.37
2025-09,vvs-standard,VVS Standard,farming,pools,26.7592,110966.28,4146.85
2025-10,vvs-standard,VVS Standard,farming,pools,26.6929,102893.16,3854.6968
2025-11,vvs-standard,VVS Standard,farming,pools,26.6001,79455.81,2987.0461
2025-12,vvs-standard,VVS Standard,farming,pools,26.5149,78789.28,2971.5129
2026-01,vvs-standard,VVS Standard,farming,pools,26.3693,65125.93,2469.7591
2026-02,vvs-standard,VVS Standard,farming,pools,26.2805,51437.89,1957.2655
2026-03,vvs-standard,VVS Standard,farming,pools,26.5134,55679.83,2100.0636
2026-04,vvs-standard,VVS Standard,farming,pools,35.0023,79051.54,2258.4696
2026-05,vvs-standard,VVS Standard,farming,pools,26.3484,52948.72,2009.5608
2026-06,vvs-standard,VVS Standard,farming,pools,26.2885,41214.83,1567.7911
2026-07,vvs-standard,VVS Standard,farming,pools,38.2737,71322.03,1863.4753
2026-08,vvs-standard,VVS Standard,farming,pools,218.8573,540714.6,2470.6262
2026-09,vvs-standard,VVS Standard,farming,pools,3723.9775,9969924.6,2677.2247
2026-10-02,vvs-standard,VVS Standard,farming,pools,3725.9662,9946047.92,2669.3876
2024-10,yearn-finance,Yearn Finance,farming,vaults,23685.4135,59632765.65,2517.7
2024-11,yearn-finance,Yearn Finance,farming,vaults,22910.4673,85319267.5,3724.03
2024-12,yearn-finance,Yearn Finance,farming,vaults,23346.7878,77729161.12,3329.33
2025-01,yearn-finance,Yearn Finance,farming,vaults,22383.6261,73842463.37,3298.95
2025-02,yearn-finance,Yearn Finance,farming,vaults,22037.143,49048069.1,2225.7
2025-03,yearn-finance,Yearn Finance,farming,vaults,27311.8037,49807717.13,1823.67
2025-04,yearn-finance,Yearn Finance,farming,vaults,20702.4354,37119052.63,1792.98
2025-05,yearn-finance,Yearn Finance,farming,vaults,22417.3821,56444502.32,2517.89
2025-06,yearn-finance,Yearn Finance,farming,vaults,21691.3102,54146282.39,2496.22
2025-07,yearn-finance,Yearn Finance,farming,vaults,18625.0346,68813542.9,3694.68
2025-08,yearn-finance,Yearn Finance,farming,vaults,16928.2929,74490752.34,4400.37
2025-09,yearn-finance,Yearn Finance,farming,vaults,17263.0076,71587103.21,4146.85
2025-10,yearn-finance,Yearn Finance,farming,vaults,19658.7602,75778559.68,3854.6968
2025-11,yearn-finance,Yearn Finance,farming,vaults,16999.6224,50778656.63,2987.0461
2025-12,yearn-finance,Yearn Finance,farming,vaults,14511.4766,43121039.3,2971.5129
2026-01,yearn-finance,Yearn Finance,farming,vaults,15349.4195,37909368.39,2469.7591
2026-02,yearn-finance,Yearn Finance,farming,vaults,15026.9363,29411704.58,1957.2655
2026-03,yearn-finance,Yearn Finance,farming,vaults,17026.9659,35757711.19,2100.0636
2026-04,yearn-finance,Yearn Finance,farming,vaults,8859.2955,20008449.62,2258.4696
2026-05,yearn-finance,Yearn Finance,farming,vaults,8575.8248,17233641.45,2009.5608
2026-06,yearn-finance,Yearn Finance,farming,vaults,8286.2489,12991107.18,1567.7911
2026-07,yearn-finance,Yearn Finance,farming,vaults,13027.2305,24275922.77,1863.4753
2026-08,yearn-finance,Yearn Finance,farming,vaults,12898.9847,31868569.68,2470.6262
2026-09,yearn-finance,Yearn Finance,farming,vaults,13291.0192,35583044.78,2677.2247
2026-10-02,yearn-finance,Yearn Finance,farming,vaults,13230.3542,35316943.45,2669.3876
2024-10,yeilend,YeiLend,lending,,81.2831,204646.37,2517.7
2024-11,yeilend,YeiLend,lending,,144.7937,539216.17,3724.03
2024-12,yeilend,YeiLend,lending,,3828.2548,12745523.57,3329.33
2025-01,yeilend,YeiLend,lending,,2435.3136,8033977.78,3298.95
2025-02,yeilend,YeiLend,lending,,2338.4856,5204767.46,2225.7
2025-03,yeilend,YeiLend,lending,,2709.8905,4941945.94,1823.67
2025-04,yeilend,YeiLend,lending,,2863.4491,5134107.01,1792.98
2025-05,yeilend,YeiLend,lending,,1630.2178,4104709.11,2517.89
2025-06,yeilend,YeiLend,lending,,1566.7089,3910849.97,2496.22
2025-07,yeilend,YeiLend,lending,,1276.2019,4715157.58,3694.68
2025-08,yeilend,YeiLend,lending,,727.3079,3200423.95,4400.37
2025-09,yeilend,YeiLend,lending,,482.0998,1999195.56,4146.85
2025-10,yeilend,YeiLend,lending,,559.4138,2156370.53,3854.6968
2025-11,yeilend,YeiLend,lending,,77.7619,232278.24,2987.0461
2025-12,yeilend,YeiLend,lending,,34.8599,103586.77,2971.5129
2026-01,yeilend,YeiLend,lending,,19.8544,49035.5,2469.7591
2026-02,yeilend,YeiLend,lending,,22.4424,43925.69,1957.2655
2026-03,yeilend,YeiLend,lending,,20.1015,42214.47,2100.0636
2026-04,yeilend,YeiLend,lending,,6.6585,15038.05,2258.4696
2026-05,yeilend,YeiLend,lending,,7.4411,14953.27,2009.5608
2026-06,yeilend,YeiLend,lending,,4.6439,7280.66,1567.7911
2026-07,yeilend,YeiLend,lending,,4.818,8978.2,1863.4753
2026-08,yeilend,YeiLend,lending,,5.1045,12611.3,2470.6262
2026-09,yeilend,YeiLend,lending,,17.5427,46965.86,2677.2247
2026-10-02,yeilend,YeiLend,lending,,16.959,45270.12,2669.3876
2024-10,yield-yak-aggregator,Yield Yak Aggregator,farming,vaults,356.4351,897396.59,2517.7
2024-11,yield-yak-aggregator,Yield Yak Aggregator,farming,vaults,365.4194,1360832.97,3724.03
2024-12,yield-yak-aggregator,Yield Yak Aggregator,farming,vaults,402.3176,1339448.13,3329.33
2025-01,yield-yak-aggregator,Yield Yak Aggregator,farming,vaults,409.6263,1351336.71,3298.95
2025-02,yield-yak-aggregator,Yield Yak Aggregator,farming,vaults,421.373,937849.85,2225.7
2025-03,yield-yak-aggregator,Yield Yak Aggregator,farming,vaults,428.7324,781866.36,1823.67
2025-04,yield-yak-aggregator,Yield Yak Aggregator,farming,vaults,436.1036,781924.99,1792.98
2025-05,yield-yak-aggregator,Yield Yak Aggregator,farming,vaults,413.7725,1041833.67,2517.89
2025-06,yield-yak-aggregator,Yield Yak Aggregator,farming,vaults,417.6946,1042657.54,2496.22
2025-07,yield-yak-aggregator,Yield Yak Aggregator,farming,vaults,426.4465,1575583.38,3694.68
2025-08,yield-yak-aggregator,Yield Yak Aggregator,farming,vaults,431.6516,1899426.9,4400.37
2025-09,yield-yak-aggregator,Yield Yak Aggregator,farming,vaults,442.0463,1833099.68,4146.85
2025-10,yield-yak-aggregator,Yield Yak Aggregator,farming,vaults,447.9102,1726557.97,3854.6968
2025-11,yield-yak-aggregator,Yield Yak Aggregator,farming,vaults,457.5114,1366607.69,2987.0461
2025-12,yield-yak-aggregator,Yield Yak Aggregator,farming,vaults,464.6047,1380578.84,2971.5129
2026-01,yield-yak-aggregator,Yield Yak Aggregator,farming,vaults,471.5247,1164552.31,2469.7591
2026-02,yield-yak-aggregator,Yield Yak Aggregator,farming,vaults,481.3041,942040.01,1957.2655
2026-03,yield-yak-aggregator,Yield Yak Aggregator,farming,vaults,487.3902,1023550.34,2100.0636
2026-04,yield-yak-aggregator,Yield Yak Aggregator,farming,vaults,495.2928,1118603.83,2258.4696
2026-05,yield-yak-aggregator,Yield Yak Aggregator,farming,vaults,498.3112,1001386.57,2009.5608
2026-06,yield-yak-aggregator,Yield Yak Aggregator,farming,vaults,507.8914,796267.6,1567.7911
2026-07,yield-yak-aggregator,Yield Yak Aggregator,farming,vaults,515.2643,960182.28,1863.4753
2026-08,yield-yak-aggregator,Yield Yak Aggregator,farming,vaults,523.1071,1292402.1,2470.6262
2026-09,yield-yak-aggregator,Yield Yak Aggregator,farming,vaults,530.3627,1419900.08,2677.2247
2026-10-02,yield-yak-aggregator,Yield Yak Aggregator,farming,vaults,531.2701,1418165.84,2669.3876
2024-10,yieldnest,YieldNest,restaking,,6672.0133,16798127.89,2517.7
2024-11,yieldnest,YieldNest,restaking,,5719.3928,21299190.26,3724.03
2024-12,yieldnest,YieldNest,restaking,,6217.1196,20698842.65,3329.33
2025-01,yieldnest,YieldNest,restaking,,6453.7377,21290557.96,3298.95
2025-02,yieldnest,YieldNest,restaking,,9042.9782,20126956.63,2225.7
2025-03,yieldnest,YieldNest,restaking,,19603.3553,35750050.89,1823.67
2025-04,yieldnest,YieldNest,restaking,,18454.9579,33089370.38,1792.98
2025-05,yieldnest,YieldNest,restaking,,24600.3565,61940991.55,2517.89
2025-06,yieldnest,YieldNest,restaking,,23808.1252,59430318.27,2496.22
2025-07,yieldnest,YieldNest,restaking,,23399.5052,86453684.04,3694.68
2025-08,yieldnest,YieldNest,restaking,,16592.725,73014129.48,4400.37
2025-09,yieldnest,YieldNest,restaking,,13904.4814,57659798.56,4146.85
2025-10,yieldnest,YieldNest,restaking,,13234.38,51014521.81,3854.6968
2025-11,yieldnest,YieldNest,restaking,,12469.519,37247028.76,2987.0461
2025-12,yieldnest,YieldNest,restaking,,10844.7617,32225348.98,2971.5129
2026-01,yieldnest,YieldNest,restaking,,10681.4017,26380489.0,2469.7591
2026-02,yieldnest,YieldNest,restaking,,10215.9807,19995386.85,1957.2655
2026-03,yieldnest,YieldNest,restaking,,7067.8189,14842869.09,2100.0636
2026-04,yieldnest,YieldNest,restaking,,6678.1637,15082429.79,2258.4696
2026-05,yieldnest,YieldNest,restaking,,6332.5397,12725623.65,2009.5608
2026-06,yieldnest,YieldNest,restaking,,5854.1151,9178029.37,1567.7911
2026-07,yieldnest,YieldNest,restaking,,5804.3456,10816254.91,1863.4753
2026-08,yieldnest,YieldNest,restaking,,5825.5275,14392700.97,2470.6262
2026-09,yieldnest,YieldNest,restaking,,5841.6031,15639284.04,2677.2247
2026-10-02,yieldnest,YieldNest,restaking,,5827.9812,15557140.7,2669.3876
2025-03,yo-protocol,YO Protocol,farming,vaults,153.5635,280049.19,1823.67
2025-04,yo-protocol,YO Protocol,farming,vaults,639.1304,1145948.07,1792.98
2025-05,yo-protocol,YO Protocol,farming,vaults,2995.1892,7541557.06,2517.89
2025-06,yo-protocol,YO Protocol,farming,vaults,6609.5063,16498781.74,2496.22
2025-07,yo-protocol,YO Protocol,farming,vaults,10285.7721,38002636.34,3694.68
2025-08,yo-protocol,YO Protocol,farming,vaults,10056.9634,44254360.15,4400.37
2025-09,yo-protocol,YO Protocol,farming,vaults,9644.8837,39995885.86,4146.85
2025-10,yo-protocol,YO Protocol,farming,vaults,9219.7298,35539262.62,3854.6968
2025-11,yo-protocol,YO Protocol,farming,vaults,6899.5552,20609289.9,2987.0461
2025-12,yo-protocol,YO Protocol,farming,vaults,6877.5406,20436700.45,2971.5129
2026-01,yo-protocol,YO Protocol,farming,vaults,7621.2586,18822672.9,2469.7591
2026-02,yo-protocol,YO Protocol,farming,vaults,6366.5386,12461006.53,1957.2655
2026-03,yo-protocol,YO Protocol,farming,vaults,7452.3092,15650323.13,2100.0636
2026-04,yo-protocol,YO Protocol,farming,vaults,6361.0097,14366147.12,2258.4696
2026-05,yo-protocol,YO Protocol,farming,vaults,4991.7514,10031228.05,2009.5608
2026-06,yo-protocol,YO Protocol,farming,vaults,5625.51,8819624.37,1567.7911
2026-07,yo-protocol,YO Protocol,farming,vaults,5632.7945,10496573.63,1863.4753
2026-08,yo-protocol,YO Protocol,farming,vaults,5248.8203,12967872.96,2470.6262
2026-09,yo-protocol,YO Protocol,farming,vaults,4967.2512,13298447.45,2677.2247
2026-10-02,yo-protocol,YO Protocol,farming,vaults,4972.9449,13274717.39,2669.3876
2024-10,zircuit-staking,Zircuit Staking,farming,points,363418.5965,914979000.41,2517.7
2024-11,zircuit-staking,Zircuit Staking,farming,points,402747.6546,1499844348.28,3724.03
2024-12,zircuit-staking,Zircuit Staking,farming,points,314171.0713,1045979172.75,3329.33
2025-01,zircuit-staking,Zircuit Staking,farming,points,339774.2243,1120898177.28,3298.95
2025-02,zircuit-staking,Zircuit Staking,farming,points,305006.5003,678852967.64,2225.7
2025-03,zircuit-staking,Zircuit Staking,farming,points,281436.0107,513246409.57,1823.67
2025-04,zircuit-staking,Zircuit Staking,farming,points,234363.8192,420209640.6,1792.98
2025-05,zircuit-staking,Zircuit Staking,farming,points,219334.6013,552260399.15,2517.89
2025-06,zircuit-staking,Zircuit Staking,farming,points,209588.1927,523178238.47,2496.22
2025-07,zircuit-staking,Zircuit Staking,farming,points,169608.8953,626650593.36,3694.68
2025-08,zircuit-staking,Zircuit Staking,farming,points,149657.9627,658550409.24,4400.37
2025-09,zircuit-staking,Zircuit Staking,farming,points,142929.4479,592706981.05,4146.85
2025-10,zircuit-staking,Zircuit Staking,farming,points,133222.4651,513532206.75,3854.6968
2025-11,zircuit-staking,Zircuit Staking,farming,points,106219.8335,317283544.79,2987.0461
2025-12,zircuit-staking,Zircuit Staking,farming,points,97635.2224,290124319.62,2971.5129
2026-01,zircuit-staking,Zircuit Staking,farming,points,86156.8928,212786770.15,2469.7591
2026-02,zircuit-staking,Zircuit Staking,farming,points,89282.6829,174749917.97,1957.2655
2026-03,zircuit-staking,Zircuit Staking,farming,points,55250.5069,116029577.89,2100.0636
2026-04,zircuit-staking,Zircuit Staking,farming,points,66740.4115,150731191.06,2258.4696
2026-05,zircuit-staking,Zircuit Staking,farming,points,24866.7044,49971154.65,2009.5608
2026-06,zircuit-staking,Zircuit Staking,farming,points,24135.4422,37839331.01,1567.7911
2026-07,zircuit-staking,Zircuit Staking,farming,points,23795.3128,44341978.6,1863.4753
2026-08,zircuit-staking,Zircuit Staking,farming,points,23769.0606,58724463.82,2470.6262
2026-09,zircuit-staking,Zircuit Staking,farming,points,23627.7325,63256748.74,2677.2247
2026-10-02,zircuit-staking,Zircuit Staking,farming,points,23534.0808,62821583.49,2669.3876
