utc,block,log_index,tx_hash,pool,account,event,asset,amount_units,tx_class,hf_before_block,hf_after_block,collateral_usd_after,debt_usd_after,source
2024-10-09 01:12:47,20924666,185,0xa5be189ba2fa73039208442742b0fcb840454cab4b123ead95d3400affc2acf6,Aave V3 Core,0xf0bb20865277abd641a307ece5ee04e79073416c,Repay,WETH,1450.000000,repay,1.145486,1.166975,231698209.29,188618650.67,eth_getLogs Pool (topic onBehalfOf/user = vault); HF = getUserAccountData at block-1 and block
2024-10-09 01:52:47,20924866,180,0xb4cf3d032a63cbead95964a70baa92bc5d041c3eda3fad294fb03c929d93d218,Aave V3 Core,0xf0bb20865277abd641a307ece5ee04e79073416c,Repay,WETH,1000.000000,repay,1.166972,1.182267,234238239.06,188219950.85,eth_getLogs Pool (topic onBehalfOf/user = vault); HF = getUserAccountData at block-1 and block
2024-10-09 04:36:59,20925686,104,0x100b47e317b7e6f4d3911fcb66a602ce7d840bde44073e06eca71e06ff5d77be,Aave V3 Core,0xf0bb20865277abd641a307ece5ee04e79073416c,Repay,WETH,1700.000000,repay,1.182277,1.209221,232033108.55,182292170.91,eth_getLogs Pool (topic onBehalfOf/user = vault); HF = getUserAccountData at block-1 and block
2024-10-09 17:18:35,20929481,429,0x4f28875520ab4d5c86324f96ddc4c76e9cfa3e17fd0856a12bf80155f9a32c87,Aave V3 Core,0xf0bb20865277abd641a307ece5ee04e79073416c,Repay,WETH,3000.000000,repay,1.209170,1.259832,230753731.10,174004170.88,eth_getLogs Pool (topic onBehalfOf/user = vault); HF = getUserAccountData at block-1 and block
2024-10-09 21:03:11,20930601,271,0xae0ff3ac8ae7d5c2bc88674ec00931679bffa2530e7795beb97602a7fba3ac68,Aave V3 Core,0xf0bb20865277abd641a307ece5ee04e79073416c,Repay,WETH,2000.000000,repay,1.259806,1.296006,224520881.86,164578561.72,eth_getLogs Pool (topic onBehalfOf/user = vault); HF = getUserAccountData at block-1 and block
2024-10-09 23:52:47,20931446,336,0xed87e19c90f41606fe4295ca97f8ae355d6929864973f49b304dcc6b7609b58c,Aave V3 Core,0xf0bb20865277abd641a307ece5ee04e79073416c,Repay,WETH,2400.000000,repay,1.296015,1.342298,225052545.31,159278995.64,eth_getLogs Pool (topic onBehalfOf/user = vault); HF = getUserAccountData at block-1 and block
2024-10-16 23:08:35,20981303,602,0x21267b5bfebdc45cac414ded6cb502d1a66d0526c71a17174c0969c5350eb3d5,Aave V3 Core,0xf0bb20865277abd641a307ece5ee04e79073416c,Borrow,WETH,2500.000000,borrow only,1.342294,1.294176,248978886.06,182764848.01,eth_getLogs Pool (topic onBehalfOf/user = vault); HF = getUserAccountData at block-1 and block
2024-10-18 14:12:35,20992969,279,0x355ef023fe8253bee7941f54d2a86b3a4b3a4a02b0dd40c7db63951b8ec096b5,Aave V3 Core,0xf0bb20865277abd641a307ece5ee04e79073416c,Borrow,WETH,10000.000000,borrow only,1.294171,1.131890,249683131.43,209560133.96,eth_getLogs Pool (topic onBehalfOf/user = vault); HF = getUserAccountData at block-1 and block
2024-10-18 15:18:23,20993297,76,0x366625dd5417b7ac86b43422bb736b72f4e4f568b2574012bc3fd10c3b0f9825,Aave V3 Core,0xf0bb20865277abd641a307ece5ee04e79073416c,Supply,weETH,9000.000000,releverage,1.131886,1.107166,286882031.26,246158097.11,eth_getLogs Pool (topic onBehalfOf/user = vault); HF = getUserAccountData at block-1 and block
2024-10-18 15:18:23,20993297,81,0x366625dd5417b7ac86b43422bb736b72f4e4f568b2574012bc3fd10c3b0f9825,Aave V3 Core,0xf0bb20865277abd641a307ece5ee04e79073416c,Borrow,WETH,13500.000000,releverage,1.131886,1.107166,286882031.26,246158097.11,eth_getLogs Pool (topic onBehalfOf/user = vault); HF = getUserAccountData at block-1 and block
2024-10-18 15:18:23,20993297,97,0x366625dd5417b7ac86b43422bb736b72f4e4f568b2574012bc3fd10c3b0f9825,Aave V3 Core,0xf0bb20865277abd641a307ece5ee04e79073416c,Supply,weETH,4000.000000,releverage,1.131886,1.107166,286882031.26,246158097.11,eth_getLogs Pool (topic onBehalfOf/user = vault); HF = getUserAccountData at block-1 and block
2024-10-21 00:45:47,21010458,126,0x053067a2a088654f4a486342231a154911110bcb046f4a8c2dbb3d3c8a03e188,Aave V3 Core,0xf0bb20865277abd641a307ece5ee04e79073416c,Supply,weETH,10000.000000,releverage,1.107168,1.152423,328632042.43,270907939.93,eth_getLogs Pool (topic onBehalfOf/user = vault); HF = getUserAccountData at block-1 and block
2024-10-21 00:45:47,21010458,131,0x053067a2a088654f4a486342231a154911110bcb046f4a8c2dbb3d3c8a03e188,Aave V3 Core,0xf0bb20865277abd641a307ece5ee04e79073416c,Borrow,WETH,5000.000000,releverage,1.107168,1.152423,328632042.43,270907939.93,eth_getLogs Pool (topic onBehalfOf/user = vault); HF = getUserAccountData at block-1 and block
2024-10-22 00:21:59,21017510,392,0x39f3e4f198e523cb981bb6ecaed3aeecaf4612525510a24305c4c619e1f7c000,Aave V3 Core,0xf0bb20865277abd641a307ece5ee04e79073416c,Supply,weETH,14000.000000,releverage,1.152407,1.153749,357102021.39,294038771.22,eth_getLogs Pool (topic onBehalfOf/user = vault); HF = getUserAccountData at block-1 and block
2024-10-22 00:21:59,21017510,397,0x39f3e4f198e523cb981bb6ecaed3aeecaf4612525510a24305c4c619e1f7c000,Aave V3 Core,0xf0bb20865277abd641a307ece5ee04e79073416c,Borrow,WETH,12000.000000,releverage,1.152407,1.153749,357102021.39,294038771.22,eth_getLogs Pool (topic onBehalfOf/user = vault); HF = getUserAccountData at block-1 and block
2024-11-06 01:14:11,21125256,107,0x59add472d69bb671782e2c6b8aff86cd3762b0392c443771eaae66efe872f609,Aave V3 Core,0xf0bb20865277abd641a307ece5ee04e79073416c,Borrow,WETH,7500.000000,releverage,1.153745,1.088953,369726769.46,322548876.19,eth_getLogs Pool (topic onBehalfOf/user = vault); HF = getUserAccountData at block-1 and block
2024-11-06 01:14:11,21125256,123,0x59add472d69bb671782e2c6b8aff86cd3762b0392c443771eaae66efe872f609,Aave V3 Core,0xf0bb20865277abd641a307ece5ee04e79073416c,Supply,weETH,13000.000000,releverage,1.153745,1.088953,369726769.46,322548876.19,eth_getLogs Pool (topic onBehalfOf/user = vault); HF = getUserAccountData at block-1 and block
2024-11-06 01:14:11,21125256,128,0x59add472d69bb671782e2c6b8aff86cd3762b0392c443771eaae66efe872f609,Aave V3 Core,0xf0bb20865277abd641a307ece5ee04e79073416c,Borrow,WETH,11000.000000,releverage,1.153745,1.088953,369726769.46,322548876.19,eth_getLogs Pool (topic onBehalfOf/user = vault); HF = getUserAccountData at block-1 and block
2024-11-07 21:19:47,21138414,22,0x8a779fc4542b49735e064af957c34d8770904ec458d75b71b5f92dba3c2e9109,Aave V3 Core,0xf0bb20865277abd641a307ece5ee04e79073416c,Supply,weETH,11000.000000,releverage,1.088959,1.089721,463576028.65,404137696.51,eth_getLogs Pool (topic onBehalfOf/user = vault); HF = getUserAccountData at block-1 and block
2024-11-07 21:19:47,21138414,27,0x8a779fc4542b49735e064af957c34d8770904ec458d75b71b5f92dba3c2e9109,Aave V3 Core,0xf0bb20865277abd641a307ece5ee04e79073416c,Borrow,WETH,10000.000000,releverage,1.088959,1.089721,463576028.65,404137696.51,eth_getLogs Pool (topic onBehalfOf/user = vault); HF = getUserAccountData at block-1 and block
2024-11-19 23:52:59,21225190,579,0x2b43863b1a15deef9dd3b534cbc304ecfc2b738296ef86ab138df67da041222d,Aave V3 Core,0xf0bb20865277abd641a307ece5ee04e79073416c,Borrow,WETH,500.000000,borrow only,1.089863,1.085958,496935362.68,434720843.43,eth_getLogs Pool (topic onBehalfOf/user = vault); HF = getUserAccountData at block-1 and block
2024-11-27 05:18:47,21276950,33,0x9c75ea10f02f56c6ef1d7ec0b32b14000bc0f76152eaa76d201949aa742dbd5c,Aave V3 Core,0xf0bb20865277abd641a307ece5ee04e79073416c,Supply,weETH,7000.000000,releverage,1.086006,1.083994,820955911.87,719476486.93,eth_getLogs Pool (topic onBehalfOf/user = vault); HF = getUserAccountData at block-1 and block
2024-11-27 05:18:47,21276950,38,0x9c75ea10f02f56c6ef1d7ec0b32b14000bc0f76152eaa76d201949aa742dbd5c,Aave V3 Core,0xf0bb20865277abd641a307ece5ee04e79073416c,Borrow,WETH,10250.000000,releverage,1.086006,1.083994,820955911.87,719476486.93,eth_getLogs Pool (topic onBehalfOf/user = vault); HF = getUserAccountData at block-1 and block
2024-11-27 05:18:47,21276950,54,0x9c75ea10f02f56c6ef1d7ec0b32b14000bc0f76152eaa76d201949aa742dbd5c,Aave V3 Core,0xf0bb20865277abd641a307ece5ee04e79073416c,Supply,weETH,23950.000000,releverage,1.086006,1.083994,820955911.87,719476486.93,eth_getLogs Pool (topic onBehalfOf/user = vault); HF = getUserAccountData at block-1 and block
2024-11-27 05:18:47,21276950,59,0x9c75ea10f02f56c6ef1d7ec0b32b14000bc0f76152eaa76d201949aa742dbd5c,Aave V3 Core,0xf0bb20865277abd641a307ece5ee04e79073416c,Borrow,WETH,22000.000000,releverage,1.086006,1.083994,820955911.87,719476486.93,eth_getLogs Pool (topic onBehalfOf/user = vault); HF = getUserAccountData at block-1 and block
2024-11-27 05:18:47,21276950,75,0x9c75ea10f02f56c6ef1d7ec0b32b14000bc0f76152eaa76d201949aa742dbd5c,Aave V3 Core,0xf0bb20865277abd641a307ece5ee04e79073416c,Supply,weETH,20500.000000,releverage,1.086006,1.083994,820955911.87,719476486.93,eth_getLogs Pool (topic onBehalfOf/user = vault); HF = getUserAccountData at block-1 and block
2024-11-27 05:18:47,21276950,80,0x9c75ea10f02f56c6ef1d7ec0b32b14000bc0f76152eaa76d201949aa742dbd5c,Aave V3 Core,0xf0bb20865277abd641a307ece5ee04e79073416c,Borrow,WETH,20000.000000,releverage,1.086006,1.083994,820955911.87,719476486.93,eth_getLogs Pool (topic onBehalfOf/user = vault); HF = getUserAccountData at block-1 and block
2024-11-27 05:18:47,21276950,96,0x9c75ea10f02f56c6ef1d7ec0b32b14000bc0f76152eaa76d201949aa742dbd5c,Aave V3 Core,0xf0bb20865277abd641a307ece5ee04e79073416c,Supply,weETH,19000.000000,releverage,1.086006,1.083994,820955911.87,719476486.93,eth_getLogs Pool (topic onBehalfOf/user = vault); HF = getUserAccountData at block-1 and block
2024-11-27 05:18:47,21276950,101,0x9c75ea10f02f56c6ef1d7ec0b32b14000bc0f76152eaa76d201949aa742dbd5c,Aave V3 Core,0xf0bb20865277abd641a307ece5ee04e79073416c,Borrow,WETH,20000.000000,releverage,1.086006,1.083994,820955911.87,719476486.93,eth_getLogs Pool (topic onBehalfOf/user = vault); HF = getUserAccountData at block-1 and block
2024-11-27 05:18:47,21276950,117,0x9c75ea10f02f56c6ef1d7ec0b32b14000bc0f76152eaa76d201949aa742dbd5c,Aave V3 Core,0xf0bb20865277abd641a307ece5ee04e79073416c,Supply,weETH,7500.000000,releverage,1.086006,1.083994,820955911.87,719476486.93,eth_getLogs Pool (topic onBehalfOf/user = vault); HF = getUserAccountData at block-1 and block
2024-12-04 19:14:47,21331157,257,0xc03f90c2d83aab703e4a35537499e344ddde5fda08858225002d1076b1cb8ac4,Aave V3 Core,0xf0bb20865277abd641a307ece5ee04e79073416c,Repay,WETH,1500.000000,repay,1.084008,1.091733,925516201.62,805361926.39,eth_getLogs Pool (topic onBehalfOf/user = vault); HF = getUserAccountData at block-1 and block
2024-12-05 04:23:35,21333885,64,0x71adde0d3e484efe6fe6d1cc6e45366c918f707f0965760688a766306a98a711,Aave V3 Core,0xf0bb20865277abd641a307ece5ee04e79073416c,Repay,WETH,1000.000000,repay,1.091719,1.096931,934868632.84,809645486.89,eth_getLogs Pool (topic onBehalfOf/user = vault); HF = getUserAccountData at block-1 and block
2024-12-07 19:41:59,21352767,74,0xf862c103889c3c1254b50fe07f47bf5d62632151c2165aadbcaa426726108b80,Aave V3 Core,0xf0bb20865277abd641a307ece5ee04e79073416c,Repay,WETH,9000.000000,repay,1.096913,1.146144,969975059.75,803979845.66,eth_getLogs Pool (topic onBehalfOf/user = vault); HF = getUserAccountData at block-1 and block
2024-12-10 04:45:59,21369808,26,0x8b2e49b6a06e933bfd462d9a3c60d402bf3a51c437d3e8c973d4e720583c673a,Aave V3 Core,0xf0bb20865277abd641a307ece5ee04e79073416c,Withdraw,weETH,750.000000,collateral withdraw,1.146159,1.142412,893004203.75,742599004.08,eth_getLogs Pool (topic onBehalfOf/user = vault); HF = getUserAccountData at block-1 and block
2024-12-11 22:14:23,21382175,52,0x555210823e46c250ca9e3ea2913f1b53a91e9a5c4861b7c2251120b9342fedfb,Aave V3 Core,0xf0bb20865277abd641a307ece5ee04e79073416c,Repay,WETH,1700.000000,repay,1.142393,1.152157,923036558.33,761080618.44,eth_getLogs Pool (topic onBehalfOf/user = vault); HF = getUserAccountData at block-1 and block
2024-12-18 23:32:47,21432717,228,0xb744b6745ba9b1b42af69a071af27969fe5cdedaa4717980bccdeda666a69441,Aave V3 Core,0xf0bb20865277abd641a307ece5ee04e79073416c,Withdraw,weETH,1250.000000,collateral withdraw,1.152054,1.145755,875002145.91,725505755.02,eth_getLogs Pool (topic onBehalfOf/user = vault); HF = getUserAccountData at block-1 and block
2024-12-24 22:25:23,21475296,335,0xf0488367cac473f88eb58bec21e075377898d251115465f2e9b2aa9a108b4a03,Aave V3 Core,0xf0bb20865277abd641a307ece5ee04e79073416c,Withdraw,weETH,15000.000000,collateral withdraw,1.145659,1.070086,783319041.76,695414473.08,eth_getLogs Pool (topic onBehalfOf/user = vault); HF = getUserAccountData at block-1 and block
2025-01-17 04:25:47,21641813,283,0xdf401af1fc23ffa0503217dc510494a167fc2be3adbfaba124eddc68a1a5dd5f,Aave V3 Core,0xf0bb20865277abd641a307ece5ee04e79073416c,Supply,weETH,7500.000000,releverage,1.070149,1.069153,897137339.00,797155010.04,eth_getLogs Pool (topic onBehalfOf/user = vault); HF = getUserAccountData at block-1 and block
2025-01-17 04:25:47,21641813,288,0xdf401af1fc23ffa0503217dc510494a167fc2be3adbfaba124eddc68a1a5dd5f,Aave V3 Core,0xf0bb20865277abd641a307ece5ee04e79073416c,Borrow,WETH,7500.000000,releverage,1.070149,1.069153,897137339.00,797155010.04,eth_getLogs Pool (topic onBehalfOf/user = vault); HF = getUserAccountData at block-1 and block
2025-01-17 04:25:47,21641813,304,0xdf401af1fc23ffa0503217dc510494a167fc2be3adbfaba124eddc68a1a5dd5f,Aave V3 Core,0xf0bb20865277abd641a307ece5ee04e79073416c,Supply,weETH,7300.000000,releverage,1.070149,1.069153,897137339.00,797155010.04,eth_getLogs Pool (topic onBehalfOf/user = vault); HF = getUserAccountData at block-1 and block
2025-01-17 04:25:47,21641813,309,0xdf401af1fc23ffa0503217dc510494a167fc2be3adbfaba124eddc68a1a5dd5f,Aave V3 Core,0xf0bb20865277abd641a307ece5ee04e79073416c,Borrow,WETH,7500.000000,releverage,1.070149,1.069153,897137339.00,797155010.04,eth_getLogs Pool (topic onBehalfOf/user = vault); HF = getUserAccountData at block-1 and block
2025-01-17 04:25:47,21641813,325,0xdf401af1fc23ffa0503217dc510494a167fc2be3adbfaba124eddc68a1a5dd5f,Aave V3 Core,0xf0bb20865277abd641a307ece5ee04e79073416c,Supply,weETH,7300.000000,releverage,1.070149,1.069153,897137339.00,797155010.04,eth_getLogs Pool (topic onBehalfOf/user = vault); HF = getUserAccountData at block-1 and block
2025-01-17 04:25:47,21641813,330,0xdf401af1fc23ffa0503217dc510494a167fc2be3adbfaba124eddc68a1a5dd5f,Aave V3 Core,0xf0bb20865277abd641a307ece5ee04e79073416c,Borrow,WETH,7500.000000,releverage,1.070149,1.069153,897137339.00,797155010.04,eth_getLogs Pool (topic onBehalfOf/user = vault); HF = getUserAccountData at block-1 and block
2025-01-17 04:25:47,21641813,346,0xdf401af1fc23ffa0503217dc510494a167fc2be3adbfaba124eddc68a1a5dd5f,Aave V3 Core,0xf0bb20865277abd641a307ece5ee04e79073416c,Supply,weETH,7300.000000,releverage,1.070149,1.069153,897137339.00,797155010.04,eth_getLogs Pool (topic onBehalfOf/user = vault); HF = getUserAccountData at block-1 and block
2025-01-17 04:25:47,21641813,351,0xdf401af1fc23ffa0503217dc510494a167fc2be3adbfaba124eddc68a1a5dd5f,Aave V3 Core,0xf0bb20865277abd641a307ece5ee04e79073416c,Borrow,WETH,7500.000000,releverage,1.070149,1.069153,897137339.00,797155010.04,eth_getLogs Pool (topic onBehalfOf/user = vault); HF = getUserAccountData at block-1 and block
2025-01-17 04:25:47,21641813,367,0xdf401af1fc23ffa0503217dc510494a167fc2be3adbfaba124eddc68a1a5dd5f,Aave V3 Core,0xf0bb20865277abd641a307ece5ee04e79073416c,Supply,weETH,7300.000000,releverage,1.070149,1.069153,897137339.00,797155010.04,eth_getLogs Pool (topic onBehalfOf/user = vault); HF = getUserAccountData at block-1 and block
2025-01-17 04:25:47,21641813,372,0xdf401af1fc23ffa0503217dc510494a167fc2be3adbfaba124eddc68a1a5dd5f,Aave V3 Core,0xf0bb20865277abd641a307ece5ee04e79073416c,Borrow,WETH,7500.000000,releverage,1.070149,1.069153,897137339.00,797155010.04,eth_getLogs Pool (topic onBehalfOf/user = vault); HF = getUserAccountData at block-1 and block
2025-01-17 04:25:47,21641813,388,0xdf401af1fc23ffa0503217dc510494a167fc2be3adbfaba124eddc68a1a5dd5f,Aave V3 Core,0xf0bb20865277abd641a307ece5ee04e79073416c,Supply,weETH,3000.000000,releverage,1.070149,1.069153,897137339.00,797155010.04,eth_getLogs Pool (topic onBehalfOf/user = vault); HF = getUserAccountData at block-1 and block
2025-01-29 10:38:35,21729640,327,0x73287e80c50e567c2a64d4ca491fcf7af55542574dd70a0460c3319e0d94c201,Aave V3 Core,0xf0bb20865277abd641a307ece5ee04e79073416c,Borrow,WETH,9000.000000,releverage,1.069234,1.069156,933466577.20,829432925.83,eth_getLogs Pool (topic onBehalfOf/user = vault); HF = getUserAccountData at block-1 and block
2025-01-29 10:38:35,21729640,343,0x73287e80c50e567c2a64d4ca491fcf7af55542574dd70a0460c3319e0d94c201,Aave V3 Core,0xf0bb20865277abd641a307ece5ee04e79073416c,Supply,weETH,14500.000000,releverage,1.069234,1.069156,933466577.20,829432925.83,eth_getLogs Pool (topic onBehalfOf/user = vault); HF = getUserAccountData at block-1 and block
2025-01-29 10:38:35,21729640,348,0x73287e80c50e567c2a64d4ca491fcf7af55542574dd70a0460c3319e0d94c201,Aave V3 Core,0xf0bb20865277abd641a307ece5ee04e79073416c,Borrow,WETH,15000.000000,releverage,1.069234,1.069156,933466577.20,829432925.83,eth_getLogs Pool (topic onBehalfOf/user = vault); HF = getUserAccountData at block-1 and block
2025-01-29 10:38:35,21729640,364,0x73287e80c50e567c2a64d4ca491fcf7af55542574dd70a0460c3319e0d94c201,Aave V3 Core,0xf0bb20865277abd641a307ece5ee04e79073416c,Supply,weETH,14500.000000,releverage,1.069234,1.069156,933466577.20,829432925.83,eth_getLogs Pool (topic onBehalfOf/user = vault); HF = getUserAccountData at block-1 and block
2025-01-29 10:38:35,21729640,369,0x73287e80c50e567c2a64d4ca491fcf7af55542574dd70a0460c3319e0d94c201,Aave V3 Core,0xf0bb20865277abd641a307ece5ee04e79073416c,Borrow,WETH,3300.000000,releverage,1.069234,1.069156,933466577.20,829432925.83,eth_getLogs Pool (topic onBehalfOf/user = vault); HF = getUserAccountData at block-1 and block
2025-02-21 03:32:59,21892051,66,0x447a87a3ea4e67b0055473600e79fc03c0b8ea7c62df7ca3dc59cfbd712d7646,Aave V3 Core,0xf0bb20865277abd641a307ece5ee04e79073416c,Supply,weETH,13300.000000,releverage,1.069262,1.066889,966295062.11,860427404.13,eth_getLogs Pool (topic onBehalfOf/user = vault); HF = getUserAccountData at block-1 and block
2025-02-21 03:32:59,21892051,71,0x447a87a3ea4e67b0055473600e79fc03c0b8ea7c62df7ca3dc59cfbd712d7646,Aave V3 Core,0xf0bb20865277abd641a307ece5ee04e79073416c,Borrow,WETH,12500.000000,releverage,1.069262,1.066889,966295062.11,860427404.13,eth_getLogs Pool (topic onBehalfOf/user = vault); HF = getUserAccountData at block-1 and block
2025-02-21 03:32:59,21892051,87,0x447a87a3ea4e67b0055473600e79fc03c0b8ea7c62df7ca3dc59cfbd712d7646,Aave V3 Core,0xf0bb20865277abd641a307ece5ee04e79073416c,Supply,weETH,12300.000000,releverage,1.069262,1.066889,966295062.11,860427404.13,eth_getLogs Pool (topic onBehalfOf/user = vault); HF = getUserAccountData at block-1 and block
2025-02-21 03:32:59,21892051,92,0x447a87a3ea4e67b0055473600e79fc03c0b8ea7c62df7ca3dc59cfbd712d7646,Aave V3 Core,0xf0bb20865277abd641a307ece5ee04e79073416c,Borrow,WETH,12500.000000,releverage,1.069262,1.066889,966295062.11,860427404.13,eth_getLogs Pool (topic onBehalfOf/user = vault); HF = getUserAccountData at block-1 and block
2025-02-21 03:32:59,21892051,108,0x447a87a3ea4e67b0055473600e79fc03c0b8ea7c62df7ca3dc59cfbd712d7646,Aave V3 Core,0xf0bb20865277abd641a307ece5ee04e79073416c,Supply,weETH,12300.000000,releverage,1.069262,1.066889,966295062.11,860427404.13,eth_getLogs Pool (topic onBehalfOf/user = vault); HF = getUserAccountData at block-1 and block
2025-02-21 03:32:59,21892051,113,0x447a87a3ea4e67b0055473600e79fc03c0b8ea7c62df7ca3dc59cfbd712d7646,Aave V3 Core,0xf0bb20865277abd641a307ece5ee04e79073416c,Borrow,WETH,12500.000000,releverage,1.069262,1.066889,966295062.11,860427404.13,eth_getLogs Pool (topic onBehalfOf/user = vault); HF = getUserAccountData at block-1 and block
2025-02-21 03:32:59,21892051,129,0x447a87a3ea4e67b0055473600e79fc03c0b8ea7c62df7ca3dc59cfbd712d7646,Aave V3 Core,0xf0bb20865277abd641a307ece5ee04e79073416c,Supply,weETH,12300.000000,releverage,1.069262,1.066889,966295062.11,860427404.13,eth_getLogs Pool (topic onBehalfOf/user = vault); HF = getUserAccountData at block-1 and block
2025-02-21 03:32:59,21892051,134,0x447a87a3ea4e67b0055473600e79fc03c0b8ea7c62df7ca3dc59cfbd712d7646,Aave V3 Core,0xf0bb20865277abd641a307ece5ee04e79073416c,Borrow,WETH,10500.000000,releverage,1.069262,1.066889,966295062.11,860427404.13,eth_getLogs Pool (topic onBehalfOf/user = vault); HF = getUserAccountData at block-1 and block
2025-03-08 22:58:23,22005284,216,0xa615c611630e9dc74f61325eec722ab202c861775c0c826904ff1d417aab6e92,Aave V3 Core,0xf0bb20865277abd641a307ece5ee04e79073416c,Borrow,WETH,12500.000000,releverage,1.067027,1.053963,880490258.28,793638606.95,eth_getLogs Pool (topic onBehalfOf/user = vault); HF = getUserAccountData at block-1 and block
2025-03-08 22:58:23,22005284,266,0xa615c611630e9dc74f61325eec722ab202c861775c0c826904ff1d417aab6e92,Aave V3 Core,0xf0bb20865277abd641a307ece5ee04e79073416c,Supply,weETH,22500.000000,releverage,1.067027,1.053963,880490258.28,793638606.95,eth_getLogs Pool (topic onBehalfOf/user = vault); HF = getUserAccountData at block-1 and block
2025-03-08 22:58:23,22005284,271,0xa615c611630e9dc74f61325eec722ab202c861775c0c826904ff1d417aab6e92,Aave V3 Core,0xf0bb20865277abd641a307ece5ee04e79073416c,Borrow,WETH,22500.000000,releverage,1.067027,1.053963,880490258.28,793638606.95,eth_getLogs Pool (topic onBehalfOf/user = vault); HF = getUserAccountData at block-1 and block
2025-03-08 22:58:23,22005284,287,0xa615c611630e9dc74f61325eec722ab202c861775c0c826904ff1d417aab6e92,Aave V3 Core,0xf0bb20865277abd641a307ece5ee04e79073416c,Supply,weETH,21500.000000,releverage,1.067027,1.053963,880490258.28,793638606.95,eth_getLogs Pool (topic onBehalfOf/user = vault); HF = getUserAccountData at block-1 and block
2025-03-08 22:58:23,22005284,292,0xa615c611630e9dc74f61325eec722ab202c861775c0c826904ff1d417aab6e92,Aave V3 Core,0xf0bb20865277abd641a307ece5ee04e79073416c,Borrow,WETH,11000.000000,releverage,1.067027,1.053963,880490258.28,793638606.95,eth_getLogs Pool (topic onBehalfOf/user = vault); HF = getUserAccountData at block-1 and block
2025-03-21 19:42:23,22097409,39,0x009cc030db768d915de5484df8ebfc171d769605bc8a640a1701f82b37e5d58a,Aave V3 Core,0xf0bb20865277abd641a307ece5ee04e79073416c,Borrow,WETH,123.000000,borrow only,1.053886,1.053526,788509311.91,711025418.60,eth_getLogs Pool (topic onBehalfOf/user = vault); HF = getUserAccountData at block-1 and block
2025-04-01 03:42:59,22171444,435,0x1984b220db7394f559afef9d63fadb7d422faf4995a7fcfc1adbc30392a4c3ff,Aave V3 Core,0xf0bb20865277abd641a307ece5ee04e79073416c,Borrow,WETH,500.000000,borrow only,1.053505,1.052044,733868931.80,662686642.25,eth_getLogs Pool (topic onBehalfOf/user = vault); HF = getUserAccountData at block-1 and block
2025-04-22 04:03:23,22322028,80,0x4f14b51811df0dfe8a46c41b4794f6f622c7a461006237050bf919b8a3650fc8,Aave V3 Core,0xf0bb20865277abd641a307ece5ee04e79073416c,Supply,weETH,14000.000000,releverage,1.052161,1.052080,654661940.83,591142396.35,eth_getLogs Pool (topic onBehalfOf/user = vault); HF = getUserAccountData at block-1 and block
2025-04-22 04:03:23,22322028,86,0x4f14b51811df0dfe8a46c41b4794f6f622c7a461006237050bf919b8a3650fc8,Aave V3 Core,0xf0bb20865277abd641a307ece5ee04e79073416c,Borrow,WETH,13500.000000,releverage,1.052161,1.052080,654661940.83,591142396.35,eth_getLogs Pool (topic onBehalfOf/user = vault); HF = getUserAccountData at block-1 and block
2025-05-08 06:03:59,22436923,171,0x44d1e209a67faa714d838d598ff590c63212487c5446d882d8f060940fddc47b,Aave V3 Core,0xf0bb20865277abd641a307ece5ee04e79073416c,Supply,weETH,17000.000000,releverage,1.052150,1.056159,918877447.36,826516823.01,eth_getLogs Pool (topic onBehalfOf/user = vault); HF = getUserAccountData at block-1 and block
2025-05-08 06:03:59,22436923,177,0x44d1e209a67faa714d838d598ff590c63212487c5446d882d8f060940fddc47b,Aave V3 Core,0xf0bb20865277abd641a307ece5ee04e79073416c,Borrow,WETH,17000.000000,releverage,1.052150,1.056159,918877447.36,826516823.01,eth_getLogs Pool (topic onBehalfOf/user = vault); HF = getUserAccountData at block-1 and block
2025-05-08 06:03:59,22436923,194,0x44d1e209a67faa714d838d598ff590c63212487c5446d882d8f060940fddc47b,Aave V3 Core,0xf0bb20865277abd641a307ece5ee04e79073416c,Supply,weETH,15000.000000,releverage,1.052150,1.056159,918877447.36,826516823.01,eth_getLogs Pool (topic onBehalfOf/user = vault); HF = getUserAccountData at block-1 and block
2025-05-08 06:03:59,22436923,200,0x44d1e209a67faa714d838d598ff590c63212487c5446d882d8f060940fddc47b,Aave V3 Core,0xf0bb20865277abd641a307ece5ee04e79073416c,Borrow,WETH,15000.000000,releverage,1.052150,1.056159,918877447.36,826516823.01,eth_getLogs Pool (topic onBehalfOf/user = vault); HF = getUserAccountData at block-1 and block
2025-05-08 06:03:59,22436923,217,0x44d1e209a67faa714d838d598ff590c63212487c5446d882d8f060940fddc47b,Aave V3 Core,0xf0bb20865277abd641a307ece5ee04e79073416c,Supply,weETH,15000.000000,releverage,1.052150,1.056159,918877447.36,826516823.01,eth_getLogs Pool (topic onBehalfOf/user = vault); HF = getUserAccountData at block-1 and block
2025-05-08 06:03:59,22436923,223,0x44d1e209a67faa714d838d598ff590c63212487c5446d882d8f060940fddc47b,Aave V3 Core,0xf0bb20865277abd641a307ece5ee04e79073416c,Borrow,WETH,15000.000000,releverage,1.052150,1.056159,918877447.36,826516823.01,eth_getLogs Pool (topic onBehalfOf/user = vault); HF = getUserAccountData at block-1 and block
2025-05-08 06:03:59,22436923,240,0x44d1e209a67faa714d838d598ff590c63212487c5446d882d8f060940fddc47b,Aave V3 Core,0xf0bb20865277abd641a307ece5ee04e79073416c,Supply,weETH,15000.000000,releverage,1.052150,1.056159,918877447.36,826516823.01,eth_getLogs Pool (topic onBehalfOf/user = vault); HF = getUserAccountData at block-1 and block
2025-05-08 06:03:59,22436923,246,0x44d1e209a67faa714d838d598ff590c63212487c5446d882d8f060940fddc47b,Aave V3 Core,0xf0bb20865277abd641a307ece5ee04e79073416c,Borrow,WETH,13000.000000,releverage,1.052150,1.056159,918877447.36,826516823.01,eth_getLogs Pool (topic onBehalfOf/user = vault); HF = getUserAccountData at block-1 and block
2025-05-08 06:03:59,22436923,263,0x44d1e209a67faa714d838d598ff590c63212487c5446d882d8f060940fddc47b,Aave V3 Core,0xf0bb20865277abd641a307ece5ee04e79073416c,Supply,weETH,2000.000000,releverage,1.052150,1.056159,918877447.36,826516823.01,eth_getLogs Pool (topic onBehalfOf/user = vault); HF = getUserAccountData at block-1 and block
2025-05-28 07:49:47,22579881,280,0x4b103a2a261704e6f395b12077b253ba1872ae93f54d6c7472e780608af9e4d1,Aave V3 Core,0xf0bb20865277abd641a307ece5ee04e79073416c,Supply,weETH,18000.000000,releverage,1.056193,1.058528,1384788247.27,1242810103.08,eth_getLogs Pool (topic onBehalfOf/user = vault); HF = getUserAccountData at block-1 and block
2025-05-28 07:49:47,22579881,286,0x4b103a2a261704e6f395b12077b253ba1872ae93f54d6c7472e780608af9e4d1,Aave V3 Core,0xf0bb20865277abd641a307ece5ee04e79073416c,Borrow,WETH,20000.000000,releverage,1.056193,1.058528,1384788247.27,1242810103.08,eth_getLogs Pool (topic onBehalfOf/user = vault); HF = getUserAccountData at block-1 and block
2025-05-28 07:49:47,22579881,303,0x4b103a2a261704e6f395b12077b253ba1872ae93f54d6c7472e780608af9e4d1,Aave V3 Core,0xf0bb20865277abd641a307ece5ee04e79073416c,Supply,weETH,18500.000000,releverage,1.056193,1.058528,1384788247.27,1242810103.08,eth_getLogs Pool (topic onBehalfOf/user = vault); HF = getUserAccountData at block-1 and block
2025-05-28 07:49:47,22579881,309,0x4b103a2a261704e6f395b12077b253ba1872ae93f54d6c7472e780608af9e4d1,Aave V3 Core,0xf0bb20865277abd641a307ece5ee04e79073416c,Borrow,WETH,15000.000000,releverage,1.056193,1.058528,1384788247.27,1242810103.08,eth_getLogs Pool (topic onBehalfOf/user = vault); HF = getUserAccountData at block-1 and block
2025-05-28 07:49:47,22579881,326,0x4b103a2a261704e6f395b12077b253ba1872ae93f54d6c7472e780608af9e4d1,Aave V3 Core,0xf0bb20865277abd641a307ece5ee04e79073416c,Supply,weETH,1000.000000,releverage,1.056193,1.058528,1384788247.27,1242810103.08,eth_getLogs Pool (topic onBehalfOf/user = vault); HF = getUserAccountData at block-1 and block
2025-05-29 06:31:47,22586638,276,0xa84f1f931110344a4769d5f41b8d771495cc24313cc46e6bc2e9227b40da2d0d,Aave V3 Core,0xf0bb20865277abd641a307ece5ee04e79073416c,Supply,weETH,15000.000000,releverage,1.058518,1.060534,1536031275.88,1375938478.90,eth_getLogs Pool (topic onBehalfOf/user = vault); HF = getUserAccountData at block-1 and block
2025-05-29 06:31:47,22586638,282,0xa84f1f931110344a4769d5f41b8d771495cc24313cc46e6bc2e9227b40da2d0d,Aave V3 Core,0xf0bb20865277abd641a307ece5ee04e79073416c,Borrow,WETH,12500.000000,releverage,1.058518,1.060534,1536031275.88,1375938478.90,eth_getLogs Pool (topic onBehalfOf/user = vault); HF = getUserAccountData at block-1 and block
2025-05-29 06:31:47,22586638,299,0xa84f1f931110344a4769d5f41b8d771495cc24313cc46e6bc2e9227b40da2d0d,Aave V3 Core,0xf0bb20865277abd641a307ece5ee04e79073416c,Supply,weETH,11500.000000,releverage,1.058518,1.060534,1536031275.88,1375938478.90,eth_getLogs Pool (topic onBehalfOf/user = vault); HF = getUserAccountData at block-1 and block
2025-05-29 06:31:47,22586638,305,0xa84f1f931110344a4769d5f41b8d771495cc24313cc46e6bc2e9227b40da2d0d,Aave V3 Core,0xf0bb20865277abd641a307ece5ee04e79073416c,Borrow,WETH,10000.000000,releverage,1.058518,1.060534,1536031275.88,1375938478.90,eth_getLogs Pool (topic onBehalfOf/user = vault); HF = getUserAccountData at block-1 and block
2025-05-29 06:31:47,22586638,322,0xa84f1f931110344a4769d5f41b8d771495cc24313cc46e6bc2e9227b40da2d0d,Aave V3 Core,0xf0bb20865277abd641a307ece5ee04e79073416c,Supply,weETH,11000.000000,releverage,1.058518,1.060534,1536031275.88,1375938478.90,eth_getLogs Pool (topic onBehalfOf/user = vault); HF = getUserAccountData at block-1 and block
2025-05-29 06:31:47,22586638,328,0xa84f1f931110344a4769d5f41b8d771495cc24313cc46e6bc2e9227b40da2d0d,Aave V3 Core,0xf0bb20865277abd641a307ece5ee04e79073416c,Borrow,WETH,12500.000000,releverage,1.058518,1.060534,1536031275.88,1375938478.90,eth_getLogs Pool (topic onBehalfOf/user = vault); HF = getUserAccountData at block-1 and block
2025-07-04 05:30:47,22843777,157,0x658e954cfcc14a41009ff43867d28fbfeac69d0c07dbaea4a405d2e697d9caeb,Aave V3 Core,0xf0bb20865277abd641a307ece5ee04e79073416c,Borrow,WETH,19000.000000,releverage,1.060529,1.063915,1704848485.05,1522308250.17,eth_getLogs Pool (topic onBehalfOf/user = vault); HF = getUserAccountData at block-1 and block
2025-07-04 05:30:47,22843777,174,0x658e954cfcc14a41009ff43867d28fbfeac69d0c07dbaea4a405d2e697d9caeb,Aave V3 Core,0xf0bb20865277abd641a307ece5ee04e79073416c,Supply,weETH,37500.000000,releverage,1.060529,1.063915,1704848485.05,1522308250.17,eth_getLogs Pool (topic onBehalfOf/user = vault); HF = getUserAccountData at block-1 and block
2025-07-04 05:30:47,22843777,180,0x658e954cfcc14a41009ff43867d28fbfeac69d0c07dbaea4a405d2e697d9caeb,Aave V3 Core,0xf0bb20865277abd641a307ece5ee04e79073416c,Borrow,WETH,35000.000000,releverage,1.060529,1.063915,1704848485.05,1522308250.17,eth_getLogs Pool (topic onBehalfOf/user = vault); HF = getUserAccountData at block-1 and block
2025-07-04 05:30:47,22843777,197,0x658e954cfcc14a41009ff43867d28fbfeac69d0c07dbaea4a405d2e697d9caeb,Aave V3 Core,0xf0bb20865277abd641a307ece5ee04e79073416c,Supply,weETH,32500.000000,releverage,1.060529,1.063915,1704848485.05,1522308250.17,eth_getLogs Pool (topic onBehalfOf/user = vault); HF = getUserAccountData at block-1 and block
2025-07-04 05:30:47,22843777,203,0x658e954cfcc14a41009ff43867d28fbfeac69d0c07dbaea4a405d2e697d9caeb,Aave V3 Core,0xf0bb20865277abd641a307ece5ee04e79073416c,Borrow,WETH,30000.000000,releverage,1.060529,1.063915,1704848485.05,1522308250.17,eth_getLogs Pool (topic onBehalfOf/user = vault); HF = getUserAccountData at block-1 and block
2025-07-04 05:30:47,22843777,220,0x658e954cfcc14a41009ff43867d28fbfeac69d0c07dbaea4a405d2e697d9caeb,Aave V3 Core,0xf0bb20865277abd641a307ece5ee04e79073416c,Supply,weETH,19500.000000,releverage,1.060529,1.063915,1704848485.05,1522308250.17,eth_getLogs Pool (topic onBehalfOf/user = vault); HF = getUserAccountData at block-1 and block
2025-07-16 03:17:11,22929006,373,0x67cdf06c4f680a562621065dd8b79f672086c6f78afdf8a35031a59dda33f870,Aave V3 Core,0xf0bb20865277abd641a307ece5ee04e79073416c,Repay,WETH,10000.000000,repay,1.063840,1.082133,2063761961.90,1811767125.24,eth_getLogs Pool (topic onBehalfOf/user = vault); HF = getUserAccountData at block-1 and block
2025-07-17 15:35:23,22939854,115,0x09c6756bc23594d71af690c7ee93a6ab5cf72ebc3a1a77d17f1ed58d3f88aa2d,Aave V3 Core,0xf0bb20865277abd641a307ece5ee04e79073416c,Repay,WETH,4500.000000,repay,1.082025,1.090461,2262251619.26,1970853319.57,eth_getLogs Pool (topic onBehalfOf/user = vault); HF = getUserAccountData at block-1 and block
2025-07-21 22:31:35,22970563,4,0xa42476fdcd09903d4f0b8c948d41c030f93f708748ca58e4390db4fe5edcc84d,Aave V3 Core,0xf0bb20865277abd641a307ece5ee04e79073416c,Withdraw,weETH,20000.000000,collateral withdraw,1.090188,1.054895,2411399589.25,2171617648.48,eth_getLogs Pool (topic onBehalfOf/user = vault); HF = getUserAccountData at block-1 and block
2025-07-30 03:16:47,23029203,135,0x30f1e46e427b901d09172ddc71dc87d117f69beefdd5cf83a3fc9e744bad629b,Aave V3 Core,0xf0bb20865277abd641a307ece5ee04e79073416c,Repay,WETH,5000.000000,repay,1.054644,1.063848,2448204216.19,2186209507.23,eth_getLogs Pool (topic onBehalfOf/user = vault); HF = getUserAccountData at block-1 and block
2025-07-30 20:36:47,23034364,190,0x0c4e9729feac349f2ff79c1cb636d082097aad223f39782e95f43be8e3ca3134,Aave V3 Core,0xf0bb20865277abd641a307ece5ee04e79073416c,Repay,WETH,2500.000000,repay,1.063831,1.068493,2413369724.77,2145733433.99,eth_getLogs Pool (topic onBehalfOf/user = vault); HF = getUserAccountData at block-1 and block
2025-07-31 05:00:23,23036867,121,0x01c825ba6aa07f35a6cd4fcec8285eb3d3cfad7e81c4cc20eae49125901e3fcb,Aave V3 Core,0xf0bb20865277abd641a307ece5ee04e79073416c,Withdraw,weETH,11000.000000,collateral withdraw,1.068491,1.048830,2432678136.70,2203450352.07,eth_getLogs Pool (topic onBehalfOf/user = vault); HF = getUserAccountData at block-1 and block
2025-08-01 12:38:35,23046283,260,0xbb5c5eca2085d68ea030268c155919fbe1cc00b2a748fdcf01858fb66179d61f,Aave V3 Core,0xf0bb20865277abd641a307ece5ee04e79073416c,Repay,WETH,5200.000000,repay,1.048819,1.058466,2311495326.73,2074626376.06,eth_getLogs Pool (topic onBehalfOf/user = vault); HF = getUserAccountData at block-1 and block
2025-08-01 22:58:59,23049361,125,0xa25ef4751a946d4dbec2be4c3445b6f6c45d9b881f835defbbf3d08616b4acec,Aave V3 Core,0xf0bb20865277abd641a307ece5ee04e79073416c,Repay,WETH,10000.000000,repay,1.058455,1.077513,2187221478.00,1928385062.69,eth_getLogs Pool (topic onBehalfOf/user = vault); HF = getUserAccountData at block-1 and block
2025-08-07 01:58:59,23086053,303,0xa1e2c61c291ce90e5dfd395410ce99059d7d8abe878146e85e92d419bf528cf8,Aave V3 Core,0xf0bb20865277abd641a307ece5ee04e79073416c,Repay,WETH,36000.000000,deleverage (repay+withdraw),1.077422,1.081388,2170628525.47,1906899240.85,eth_getLogs Pool (topic onBehalfOf/user = vault); HF = getUserAccountData at block-1 and block
2025-08-07 01:58:59,23086053,309,0xa1e2c61c291ce90e5dfd395410ce99059d7d8abe878146e85e92d419bf528cf8,Aave V3 Core,0xf0bb20865277abd641a307ece5ee04e79073416c,Withdraw,weETH,36000.000000,deleverage (repay+withdraw),1.077422,1.081388,2170628525.47,1906899240.85,eth_getLogs Pool (topic onBehalfOf/user = vault); HF = getUserAccountData at block-1 and block
2025-08-20 00:43:47,23178784,182,0x62783f1b1bdefd523ff6c65d75b97e03c0df2493c4228f5fab658d3f7c78d567,Aave V3 Core,0xf0bb20865277abd641a307ece5ee04e79073416c,Repay,WETH,15000.000000,repay,1.081381,1.113494,2424175995.78,2068235483.01,eth_getLogs Pool (topic onBehalfOf/user = vault); HF = getUserAccountData at block-1 and block
2025-08-21 02:41:47,23186539,124,0x35ea1127378d17f87960eb6cda9e31c812ca43880d5bedd1967412f327eb7ec8,Aave V3 Core,0xf0bb20865277abd641a307ece5ee04e79073416c,Repay,WETH,15500.000000,deleverage (repay+withdraw),1.113489,1.086169,2404701135.04,2103233013.61,eth_getLogs Pool (topic onBehalfOf/user = vault); HF = getUserAccountData at block-1 and block
2025-08-21 02:41:47,23186539,130,0x35ea1127378d17f87960eb6cda9e31c812ca43880d5bedd1967412f327eb7ec8,Aave V3 Core,0xf0bb20865277abd641a307ece5ee04e79073416c,Withdraw,weETH,30000.000000,deleverage (repay+withdraw),1.113489,1.086169,2404701135.04,2103233013.61,eth_getLogs Pool (topic onBehalfOf/user = vault); HF = getUserAccountData at block-1 and block
2025-09-09 23:26:35,23328814,5,0xfd6305f522eaf02d4c9f5d9ee8f772d7f295d5a5a86926b06b51fb64db89b287,Aave V3 Core,0xf0bb20865277abd641a307ece5ee04e79073416c,Repay,WETH,10000.000000,repay,1.086130,1.108741,2419696173.06,2073263058.66,eth_getLogs Pool (topic onBehalfOf/user = vault); HF = getUserAccountData at block-1 and block
2025-09-11 18:03:11,23341486,132,0x65aa4f56034fb3e094577dad93e3024d100be559e103e5939597a827938db186,Aave V3 Core,0xf0bb20865277abd641a307ece5ee04e79073416c,Repay,WETH,3000.000000,repay,1.108745,1.115712,2486475876.19,2117170390.62,eth_getLogs Pool (topic onBehalfOf/user = vault); HF = getUserAccountData at block-1 and block
2025-09-19 15:49:23,23398124,105,0x6d301285265db6501a463267b6ec6262829a4609df97bb13f897bd93b9717ae4,Aave V3 Core,0xf0bb20865277abd641a307ece5ee04e79073416c,Withdraw,weETH,24000.000000,collateral withdraw,1.115727,1.064311,2385931834.70,2129673628.99,eth_getLogs Pool (topic onBehalfOf/user = vault); HF = getUserAccountData at block-1 and block
2025-11-21 03:56:11,23844847,53,0x33cfa70f709946561fd997dcabaf979b5a8cbff9c25003f7c4ca912dfe4afecd,Aave V3 Core,0xf0bb20865277abd641a307ece5ee04e79073416c,Borrow,WETH,500.000000,borrow only,1.064742,1.063633,1510822031.99,1349413515.49,eth_getLogs Pool (topic onBehalfOf/user = vault); HF = getUserAccountData at block-1 and block
2025-12-10 22:29:59,23985286,257,0x2403b5170e40689eb5fcd221e55eb081a629f536823f02e905e18646f0e73e3b,Aave V3 Core,0xf0bb20865277abd641a307ece5ee04e79073416c,Supply,weETH,6500.000000,releverage,1.063988,1.064218,1923087646.56,1716691162.00,eth_getLogs Pool (topic onBehalfOf/user = vault); HF = getUserAccountData at block-1 and block
2025-12-10 22:29:59,23985286,262,0x2403b5170e40689eb5fcd221e55eb081a629f536823f02e905e18646f0e73e3b,Aave V3 Core,0xf0bb20865277abd641a307ece5ee04e79073416c,Borrow,WETH,6267.755758,releverage,1.063988,1.064218,1923087646.56,1716691162.00,eth_getLogs Pool (topic onBehalfOf/user = vault); HF = getUserAccountData at block-1 and block
2025-12-10 22:29:59,23985286,278,0x2403b5170e40689eb5fcd221e55eb081a629f536823f02e905e18646f0e73e3b,Aave V3 Core,0xf0bb20865277abd641a307ece5ee04e79073416c,Supply,weETH,5785.000000,releverage,1.063988,1.064218,1923087646.56,1716691162.00,eth_getLogs Pool (topic onBehalfOf/user = vault); HF = getUserAccountData at block-1 and block
2025-12-10 22:29:59,23985286,283,0x2403b5170e40689eb5fcd221e55eb081a629f536823f02e905e18646f0e73e3b,Aave V3 Core,0xf0bb20865277abd641a307ece5ee04e79073416c,Borrow,WETH,5578.302625,releverage,1.063988,1.064218,1923087646.56,1716691162.00,eth_getLogs Pool (topic onBehalfOf/user = vault); HF = getUserAccountData at block-1 and block
2025-12-10 22:29:59,23985286,299,0x2403b5170e40689eb5fcd221e55eb081a629f536823f02e905e18646f0e73e3b,Aave V3 Core,0xf0bb20865277abd641a307ece5ee04e79073416c,Supply,weETH,5148.650000,releverage,1.063988,1.064218,1923087646.56,1716691162.00,eth_getLogs Pool (topic onBehalfOf/user = vault); HF = getUserAccountData at block-1 and block
2025-12-10 22:29:59,23985286,304,0x2403b5170e40689eb5fcd221e55eb081a629f536823f02e905e18646f0e73e3b,Aave V3 Core,0xf0bb20865277abd641a307ece5ee04e79073416c,Borrow,WETH,4964.689336,releverage,1.063988,1.064218,1923087646.56,1716691162.00,eth_getLogs Pool (topic onBehalfOf/user = vault); HF = getUserAccountData at block-1 and block
2025-12-10 22:29:59,23985286,320,0x2403b5170e40689eb5fcd221e55eb081a629f536823f02e905e18646f0e73e3b,Aave V3 Core,0xf0bb20865277abd641a307ece5ee04e79073416c,Supply,weETH,4582.298500,releverage,1.063988,1.064218,1923087646.56,1716691162.00,eth_getLogs Pool (topic onBehalfOf/user = vault); HF = getUserAccountData at block-1 and block
2025-12-10 22:29:59,23985286,325,0x2403b5170e40689eb5fcd221e55eb081a629f536823f02e905e18646f0e73e3b,Aave V3 Core,0xf0bb20865277abd641a307ece5ee04e79073416c,Borrow,WETH,4418.573509,releverage,1.063988,1.064218,1923087646.56,1716691162.00,eth_getLogs Pool (topic onBehalfOf/user = vault); HF = getUserAccountData at block-1 and block
2025-12-10 22:29:59,23985286,341,0x2403b5170e40689eb5fcd221e55eb081a629f536823f02e905e18646f0e73e3b,Aave V3 Core,0xf0bb20865277abd641a307ece5ee04e79073416c,Supply,weETH,4078.245665,releverage,1.063988,1.064218,1923087646.56,1716691162.00,eth_getLogs Pool (topic onBehalfOf/user = vault); HF = getUserAccountData at block-1 and block
2025-12-10 22:29:59,23985286,346,0x2403b5170e40689eb5fcd221e55eb081a629f536823f02e905e18646f0e73e3b,Aave V3 Core,0xf0bb20865277abd641a307ece5ee04e79073416c,Borrow,WETH,3932.530423,releverage,1.063988,1.064218,1923087646.56,1716691162.00,eth_getLogs Pool (topic onBehalfOf/user = vault); HF = getUserAccountData at block-1 and block
2025-12-10 22:29:59,23985286,362,0x2403b5170e40689eb5fcd221e55eb081a629f536823f02e905e18646f0e73e3b,Aave V3 Core,0xf0bb20865277abd641a307ece5ee04e79073416c,Supply,weETH,3629.638642,releverage,1.063988,1.064218,1923087646.56,1716691162.00,eth_getLogs Pool (topic onBehalfOf/user = vault); HF = getUserAccountData at block-1 and block
2025-12-10 22:29:59,23985286,367,0x2403b5170e40689eb5fcd221e55eb081a629f536823f02e905e18646f0e73e3b,Aave V3 Core,0xf0bb20865277abd641a307ece5ee04e79073416c,Borrow,WETH,3499.952076,releverage,1.063988,1.064218,1923087646.56,1716691162.00,eth_getLogs Pool (topic onBehalfOf/user = vault); HF = getUserAccountData at block-1 and block
2025-12-10 22:29:59,23985286,383,0x2403b5170e40689eb5fcd221e55eb081a629f536823f02e905e18646f0e73e3b,Aave V3 Core,0xf0bb20865277abd641a307ece5ee04e79073416c,Supply,weETH,3230.378391,releverage,1.063988,1.064218,1923087646.56,1716691162.00,eth_getLogs Pool (topic onBehalfOf/user = vault); HF = getUserAccountData at block-1 and block
2025-12-10 22:29:59,23985286,388,0x2403b5170e40689eb5fcd221e55eb081a629f536823f02e905e18646f0e73e3b,Aave V3 Core,0xf0bb20865277abd641a307ece5ee04e79073416c,Borrow,WETH,3114.957348,releverage,1.063988,1.064218,1923087646.56,1716691162.00,eth_getLogs Pool (topic onBehalfOf/user = vault); HF = getUserAccountData at block-1 and block
2025-12-10 22:29:59,23985286,404,0x2403b5170e40689eb5fcd221e55eb081a629f536823f02e905e18646f0e73e3b,Aave V3 Core,0xf0bb20865277abd641a307ece5ee04e79073416c,Supply,weETH,2875.036768,releverage,1.063988,1.064218,1923087646.56,1716691162.00,eth_getLogs Pool (topic onBehalfOf/user = vault); HF = getUserAccountData at block-1 and block
2025-12-10 22:29:59,23985286,409,0x2403b5170e40689eb5fcd221e55eb081a629f536823f02e905e18646f0e73e3b,Aave V3 Core,0xf0bb20865277abd641a307ece5ee04e79073416c,Borrow,WETH,2772.312040,releverage,1.063988,1.064218,1923087646.56,1716691162.00,eth_getLogs Pool (topic onBehalfOf/user = vault); HF = getUserAccountData at block-1 and block
2025-12-19 20:10:35,24048938,466,0x42fcc8e0bd407771433744603bf474756c17cbf5055004c63d158c2bfdf2dcb7,Aave V3 Core,0xf0bb20865277abd641a307ece5ee04e79073416c,Supply,weETH,10000.000000,releverage,1.064343,1.064631,1897249138.79,1692968886.28,eth_getLogs Pool (topic onBehalfOf/user = vault); HF = getUserAccountData at block-1 and block
2025-12-19 20:10:35,24048938,471,0x42fcc8e0bd407771433744603bf474756c17cbf5055004c63d158c2bfdf2dcb7,Aave V3 Core,0xf0bb20865277abd641a307ece5ee04e79073416c,Borrow,WETH,9648.457445,releverage,1.064343,1.064631,1897249138.79,1692968886.28,eth_getLogs Pool (topic onBehalfOf/user = vault); HF = getUserAccountData at block-1 and block
2025-12-19 20:10:35,24048938,487,0x42fcc8e0bd407771433744603bf474756c17cbf5055004c63d158c2bfdf2dcb7,Aave V3 Core,0xf0bb20865277abd641a307ece5ee04e79073416c,Supply,weETH,8900.000000,releverage,1.064343,1.064631,1897249138.79,1692968886.28,eth_getLogs Pool (topic onBehalfOf/user = vault); HF = getUserAccountData at block-1 and block
2025-12-19 20:10:35,24048938,492,0x42fcc8e0bd407771433744603bf474756c17cbf5055004c63d158c2bfdf2dcb7,Aave V3 Core,0xf0bb20865277abd641a307ece5ee04e79073416c,Borrow,WETH,8587.127126,releverage,1.064343,1.064631,1897249138.79,1692968886.28,eth_getLogs Pool (topic onBehalfOf/user = vault); HF = getUserAccountData at block-1 and block
2025-12-19 20:10:35,24048938,508,0x42fcc8e0bd407771433744603bf474756c17cbf5055004c63d158c2bfdf2dcb7,Aave V3 Core,0xf0bb20865277abd641a307ece5ee04e79073416c,Supply,weETH,7921.000000,releverage,1.064343,1.064631,1897249138.79,1692968886.28,eth_getLogs Pool (topic onBehalfOf/user = vault); HF = getUserAccountData at block-1 and block
2025-12-19 20:10:35,24048938,513,0x42fcc8e0bd407771433744603bf474756c17cbf5055004c63d158c2bfdf2dcb7,Aave V3 Core,0xf0bb20865277abd641a307ece5ee04e79073416c,Borrow,WETH,7642.543142,releverage,1.064343,1.064631,1897249138.79,1692968886.28,eth_getLogs Pool (topic onBehalfOf/user = vault); HF = getUserAccountData at block-1 and block
2025-12-19 20:10:35,24048938,529,0x42fcc8e0bd407771433744603bf474756c17cbf5055004c63d158c2bfdf2dcb7,Aave V3 Core,0xf0bb20865277abd641a307ece5ee04e79073416c,Supply,weETH,7049.690000,releverage,1.064343,1.064631,1897249138.79,1692968886.28,eth_getLogs Pool (topic onBehalfOf/user = vault); HF = getUserAccountData at block-1 and block
2025-12-19 20:10:35,24048938,534,0x42fcc8e0bd407771433744603bf474756c17cbf5055004c63d158c2bfdf2dcb7,Aave V3 Core,0xf0bb20865277abd641a307ece5ee04e79073416c,Borrow,WETH,6801.863396,releverage,1.064343,1.064631,1897249138.79,1692968886.28,eth_getLogs Pool (topic onBehalfOf/user = vault); HF = getUserAccountData at block-1 and block
2025-12-19 20:10:35,24048938,550,0x42fcc8e0bd407771433744603bf474756c17cbf5055004c63d158c2bfdf2dcb7,Aave V3 Core,0xf0bb20865277abd641a307ece5ee04e79073416c,Supply,weETH,6274.224100,releverage,1.064343,1.064631,1897249138.79,1692968886.28,eth_getLogs Pool (topic onBehalfOf/user = vault); HF = getUserAccountData at block-1 and block
2025-12-19 20:10:35,24048938,555,0x42fcc8e0bd407771433744603bf474756c17cbf5055004c63d158c2bfdf2dcb7,Aave V3 Core,0xf0bb20865277abd641a307ece5ee04e79073416c,Borrow,WETH,6053.658423,releverage,1.064343,1.064631,1897249138.79,1692968886.28,eth_getLogs Pool (topic onBehalfOf/user = vault); HF = getUserAccountData at block-1 and block
2025-12-19 20:10:35,24048938,571,0x42fcc8e0bd407771433744603bf474756c17cbf5055004c63d158c2bfdf2dcb7,Aave V3 Core,0xf0bb20865277abd641a307ece5ee04e79073416c,Supply,weETH,5584.059449,releverage,1.064343,1.064631,1897249138.79,1692968886.28,eth_getLogs Pool (topic onBehalfOf/user = vault); HF = getUserAccountData at block-1 and block
2025-12-19 20:10:35,24048938,576,0x42fcc8e0bd407771433744603bf474756c17cbf5055004c63d158c2bfdf2dcb7,Aave V3 Core,0xf0bb20865277abd641a307ece5ee04e79073416c,Borrow,WETH,5387.755996,releverage,1.064343,1.064631,1897249138.79,1692968886.28,eth_getLogs Pool (topic onBehalfOf/user = vault); HF = getUserAccountData at block-1 and block
2025-12-19 20:10:35,24048938,592,0x42fcc8e0bd407771433744603bf474756c17cbf5055004c63d158c2bfdf2dcb7,Aave V3 Core,0xf0bb20865277abd641a307ece5ee04e79073416c,Supply,weETH,4969.812910,releverage,1.064343,1.064631,1897249138.79,1692968886.28,eth_getLogs Pool (topic onBehalfOf/user = vault); HF = getUserAccountData at block-1 and block
2025-12-19 20:10:35,24048938,597,0x42fcc8e0bd407771433744603bf474756c17cbf5055004c63d158c2bfdf2dcb7,Aave V3 Core,0xf0bb20865277abd641a307ece5ee04e79073416c,Borrow,WETH,4795.102837,releverage,1.064343,1.064631,1897249138.79,1692968886.28,eth_getLogs Pool (topic onBehalfOf/user = vault); HF = getUserAccountData at block-1 and block
2025-12-19 20:10:35,24048938,613,0x42fcc8e0bd407771433744603bf474756c17cbf5055004c63d158c2bfdf2dcb7,Aave V3 Core,0xf0bb20865277abd641a307ece5ee04e79073416c,Supply,weETH,4423.133490,releverage,1.064343,1.064631,1897249138.79,1692968886.28,eth_getLogs Pool (topic onBehalfOf/user = vault); HF = getUserAccountData at block-1 and block
2025-12-19 20:10:35,24048938,618,0x42fcc8e0bd407771433744603bf474756c17cbf5055004c63d158c2bfdf2dcb7,Aave V3 Core,0xf0bb20865277abd641a307ece5ee04e79073416c,Borrow,WETH,4267.641525,releverage,1.064343,1.064631,1897249138.79,1692968886.28,eth_getLogs Pool (topic onBehalfOf/user = vault); HF = getUserAccountData at block-1 and block
2026-01-24 00:28:11,24301066,208,0xfe8ee7e4dcdaf0bb99aaa2cb9980571fa8544a37d17dad6715cdd15db511bfda,Aave V3 Core,0xf0bb20865277abd641a307ece5ee04e79073416c,Borrow,WETH,2789.850000,releverage,1.065013,1.065773,1895379851.53,1689487377.26,eth_getLogs Pool (topic onBehalfOf/user = vault); HF = getUserAccountData at block-1 and block
2026-01-24 00:28:11,24301066,222,0xfe8ee7e4dcdaf0bb99aaa2cb9980571fa8544a37d17dad6715cdd15db511bfda,Aave V3 Core,0xf0bb20865277abd641a307ece5ee04e79073416c,Supply,weETH,3300.000000,releverage,1.065013,1.065773,1895379851.53,1689487377.26,eth_getLogs Pool (topic onBehalfOf/user = vault); HF = getUserAccountData at block-1 and block
2026-02-04 19:53:59,24385698,166,0x868a87937be02e05a9262ab5d47e5295e42b3a39e4c4a35b9f97fcdc868aea3a,Aave V3 Core,0xf0bb20865277abd641a307ece5ee04e79073416c,Withdraw,weETH,20000.000000,collateral withdraw,1.065902,1.029834,1342545642.39,1238470192.46,eth_getLogs Pool (topic onBehalfOf/user = vault); HF = getUserAccountData at block-1 and block
2026-02-06 15:51:11,24398793,611,0xe922e9f2d3a49bb50bb48bb4f27c843aaff8422dacc94afa99f50df3c15948ec,Aave V3 Core,0xf0bb20865277abd641a307ece5ee04e79073416c,Repay,WETH,22750.000000,repay,1.029835,1.072417,1239859597.80,1098328924.36,eth_getLogs Pool (topic onBehalfOf/user = vault); HF = getUserAccountData at block-1 and block
2026-02-06 16:20:35,24398940,440,0xc9acac4314a03b2903928191a4cede8ef0530d60f1c919e96e316e9c07708e7f,Aave V3 Core,0xf0bb20865277abd641a307ece5ee04e79073416c,Withdraw,weETH,26000.000000,collateral withdraw,1.072414,1.023587,1184321687.05,1099179152.06,eth_getLogs Pool (topic onBehalfOf/user = vault); HF = getUserAccountData at block-1 and block
2026-02-07 05:48:59,24402959,303,0x116b3453117ef7c5b58c45c3ba44bc84a57273bc8fb6e50192d6d20b29bd8b7a,Aave V3 Core,0xf0bb20865277abd641a307ece5ee04e79073416c,Repay,WETH,27500.000000,repay,1.023561,1.077407,1237180073.45,1090879371.67,eth_getLogs Pool (topic onBehalfOf/user = vault); HF = getUserAccountData at block-1 and block
2026-02-07 06:17:11,24403100,325,0x376fad1ab3c1dfddcead3f52aaa733d1700123ed6c7e94fc4c05332e9bbe19c8,Aave V3 Core,0xf0bb20865277abd641a307ece5ee04e79073416c,Withdraw,weETH,26000.000000,collateral withdraw,1.077404,1.026010,1178164226.94,1090882555.18,eth_getLogs Pool (topic onBehalfOf/user = vault); HF = getUserAccountData at block-1 and block
2026-02-07 20:12:35,24407256,230,0xa15841b7cbe6d760dd90b1035ea2800bd9308a7f11d96aff9689f4e6930ac7b9,Aave V3 Core,0xf0bb20865277abd641a307ece5ee04e79073416c,Repay,WETH,6000.000000,repay,1.025971,1.037883,1177730724.57,1078006462.97,eth_getLogs Pool (topic onBehalfOf/user = vault); HF = getUserAccountData at block-1 and block
2026-02-08 04:16:47,24409642,945,0xcfbdb91e2de71101fa54fd78861b53a2a32118f939193ceb3dfff9c06fda3876,Aave V3 Core,0xf0bb20865277abd641a307ece5ee04e79073416c,Repay,WETH,4740.000000,repay,1.037882,1.047490,1168835884.10,1060052440.39,eth_getLogs Pool (topic onBehalfOf/user = vault); HF = getUserAccountData at block-1 and block
2026-02-10 06:14:59,24424517,143,0x5c0a3f8be8ed547b6c2e1027db1e3e6bf2680efff87df62313da9a7928ed4b9b,Aave V3 Core,0xf0bb20865277abd641a307ece5ee04e79073416c,Repay,WETH,20000.000000,repay,1.047452,1.090019,1159981056.64,1010974787.65,eth_getLogs Pool (topic onBehalfOf/user = vault); HF = getUserAccountData at block-1 and block
2026-02-10 16:40:23,24427628,1256,0x47bee867991da997614a85796856cc295b3675a6fd9c286d23022e6e1ba3f5c3,Aave V3 Core,0xf0bb20865277abd641a307ece5ee04e79073416c,Repay,WETH,1900.000000,repay,1.090011,1.094236,1148629843.55,997224197.20,eth_getLogs Pool (topic onBehalfOf/user = vault); HF = getUserAccountData at block-1 and block
2026-02-13 22:17:35,24450790,156,0xfea825fe9bbc9b50cf1121091eb35ed0a20f72db886506b01b3421117fd30483,Aave V3 Core,0xf0bb20865277abd641a307ece5ee04e79073416c,Withdraw,weETH,2000.000000,collateral withdraw,1.094250,1.090034,1155566309.60,1007113467.59,eth_getLogs Pool (topic onBehalfOf/user = vault); HF = getUserAccountData at block-1 and block
2026-02-18 16:37:11,24484961,352,0xce24e43a72ce40e277daae6000b0a06568435713c333cff9852d5fddcdd75490,Aave V3 Core,0xf0bb20865277abd641a307ece5ee04e79073416c,Withdraw,weETH,2000.000000,collateral withdraw,1.089794,1.085578,1107624775.46,969293087.62,eth_getLogs Pool (topic onBehalfOf/user = vault); HF = getUserAccountData at block-1 and block
2026-02-21 04:25:59,24502837,74,0x43f945ebf2fd49b06e033a4f5cc60d6fd63da3d27d8a78684190bf709405db27,Aave V3 Core,0xf0bb20865277abd641a307ece5ee04e79073416c,Withdraw,weETH,15000.000000,collateral withdraw,1.085582,1.053966,1065043619.52,959984485.17,eth_getLogs Pool (topic onBehalfOf/user = vault); HF = getUserAccountData at block-1 and block
2026-03-18 20:57:47,24686903,278,0xbcde1ba886a7cca8794ecb61912c0fdfafc908dc51b166bbbade05eebf85bdcc,Aave V3 Core,0xf0bb20865277abd641a307ece5ee04e79073416c,Supply,weETH,36677.079139,releverage,1.054021,1.054126,1279082773.08,1152735976.09,eth_getLogs Pool (topic onBehalfOf/user = vault); HF = getUserAccountData at block-1 and block
2026-03-18 20:57:47,24686903,283,0xbcde1ba886a7cca8794ecb61912c0fdfafc908dc51b166bbbade05eebf85bdcc,Aave V3 Core,0xf0bb20865277abd641a307ece5ee04e79073416c,Borrow,WETH,36000.000000,releverage,1.054021,1.054126,1279082773.08,1152735976.09,eth_getLogs Pool (topic onBehalfOf/user = vault); HF = getUserAccountData at block-1 and block
2026-03-24 21:21:47,24730051,385,0x8fd92c153ccdf45c864f79b4b7fd288f430e40aa017d4f56338cb35abb5a3442,Spark,0xf0bb20865277abd641a307ece5ee04e79073416c,Supply,wstETH,0.812899,releverage,,1.080639,15360.79,13219.52,eth_getLogs Pool (topic onBehalfOf/user = vault); HF = getUserAccountData at block-1 and block
2026-03-24 21:21:47,24730051,391,0x8fd92c153ccdf45c864f79b4b7fd288f430e40aa017d4f56338cb35abb5a3442,Spark,0xf0bb20865277abd641a307ece5ee04e79073416c,Borrow,WETH,0.910000,releverage,,1.080639,15360.79,13219.52,eth_getLogs Pool (topic onBehalfOf/user = vault); HF = getUserAccountData at block-1 and block
2026-03-24 21:21:47,24730051,407,0x8fd92c153ccdf45c864f79b4b7fd288f430e40aa017d4f56338cb35abb5a3442,Spark,0xf0bb20865277abd641a307ece5ee04e79073416c,Supply,wstETH,0.739738,releverage,,1.080639,15360.79,13219.52,eth_getLogs Pool (topic onBehalfOf/user = vault); HF = getUserAccountData at block-1 and block
2026-03-24 21:21:47,24730051,412,0x8fd92c153ccdf45c864f79b4b7fd288f430e40aa017d4f56338cb35abb5a3442,Spark,0xf0bb20865277abd641a307ece5ee04e79073416c,Borrow,WETH,0.828100,releverage,,1.080639,15360.79,13219.52,eth_getLogs Pool (topic onBehalfOf/user = vault); HF = getUserAccountData at block-1 and block
2026-03-24 21:21:47,24730051,428,0x8fd92c153ccdf45c864f79b4b7fd288f430e40aa017d4f56338cb35abb5a3442,Spark,0xf0bb20865277abd641a307ece5ee04e79073416c,Supply,wstETH,0.673162,releverage,,1.080639,15360.79,13219.52,eth_getLogs Pool (topic onBehalfOf/user = vault); HF = getUserAccountData at block-1 and block
2026-03-24 21:21:47,24730051,433,0x8fd92c153ccdf45c864f79b4b7fd288f430e40aa017d4f56338cb35abb5a3442,Spark,0xf0bb20865277abd641a307ece5ee04e79073416c,Borrow,WETH,0.753571,releverage,,1.080639,15360.79,13219.52,eth_getLogs Pool (topic onBehalfOf/user = vault); HF = getUserAccountData at block-1 and block
2026-03-24 21:21:47,24730051,449,0x8fd92c153ccdf45c864f79b4b7fd288f430e40aa017d4f56338cb35abb5a3442,Spark,0xf0bb20865277abd641a307ece5ee04e79073416c,Supply,wstETH,0.612577,releverage,,1.080639,15360.79,13219.52,eth_getLogs Pool (topic onBehalfOf/user = vault); HF = getUserAccountData at block-1 and block
2026-03-24 21:21:47,24730051,454,0x8fd92c153ccdf45c864f79b4b7fd288f430e40aa017d4f56338cb35abb5a3442,Spark,0xf0bb20865277abd641a307ece5ee04e79073416c,Borrow,WETH,0.685750,releverage,,1.080639,15360.79,13219.52,eth_getLogs Pool (topic onBehalfOf/user = vault); HF = getUserAccountData at block-1 and block
2026-03-24 21:21:47,24730051,470,0x8fd92c153ccdf45c864f79b4b7fd288f430e40aa017d4f56338cb35abb5a3442,Spark,0xf0bb20865277abd641a307ece5ee04e79073416c,Supply,wstETH,0.557445,releverage,,1.080639,15360.79,13219.52,eth_getLogs Pool (topic onBehalfOf/user = vault); HF = getUserAccountData at block-1 and block
2026-03-24 21:21:47,24730051,475,0x8fd92c153ccdf45c864f79b4b7fd288f430e40aa017d4f56338cb35abb5a3442,Spark,0xf0bb20865277abd641a307ece5ee04e79073416c,Borrow,WETH,0.624032,releverage,,1.080639,15360.79,13219.52,eth_getLogs Pool (topic onBehalfOf/user = vault); HF = getUserAccountData at block-1 and block
2026-03-24 21:21:47,24730051,491,0x8fd92c153ccdf45c864f79b4b7fd288f430e40aa017d4f56338cb35abb5a3442,Spark,0xf0bb20865277abd641a307ece5ee04e79073416c,Supply,wstETH,0.507275,releverage,,1.080639,15360.79,13219.52,eth_getLogs Pool (topic onBehalfOf/user = vault); HF = getUserAccountData at block-1 and block
2026-03-24 21:21:47,24730051,496,0x8fd92c153ccdf45c864f79b4b7fd288f430e40aa017d4f56338cb35abb5a3442,Spark,0xf0bb20865277abd641a307ece5ee04e79073416c,Borrow,WETH,0.567869,releverage,,1.080639,15360.79,13219.52,eth_getLogs Pool (topic onBehalfOf/user = vault); HF = getUserAccountData at block-1 and block
2026-03-24 21:21:47,24730051,512,0x8fd92c153ccdf45c864f79b4b7fd288f430e40aa017d4f56338cb35abb5a3442,Spark,0xf0bb20865277abd641a307ece5ee04e79073416c,Supply,wstETH,0.461620,releverage,,1.080639,15360.79,13219.52,eth_getLogs Pool (topic onBehalfOf/user = vault); HF = getUserAccountData at block-1 and block
2026-03-24 21:21:47,24730051,517,0x8fd92c153ccdf45c864f79b4b7fd288f430e40aa017d4f56338cb35abb5a3442,Spark,0xf0bb20865277abd641a307ece5ee04e79073416c,Borrow,WETH,0.516761,releverage,,1.080639,15360.79,13219.52,eth_getLogs Pool (topic onBehalfOf/user = vault); HF = getUserAccountData at block-1 and block
2026-03-24 21:21:47,24730051,533,0x8fd92c153ccdf45c864f79b4b7fd288f430e40aa017d4f56338cb35abb5a3442,Spark,0xf0bb20865277abd641a307ece5ee04e79073416c,Supply,wstETH,0.420074,releverage,,1.080639,15360.79,13219.52,eth_getLogs Pool (topic onBehalfOf/user = vault); HF = getUserAccountData at block-1 and block
2026-03-24 21:21:47,24730051,538,0x8fd92c153ccdf45c864f79b4b7fd288f430e40aa017d4f56338cb35abb5a3442,Spark,0xf0bb20865277abd641a307ece5ee04e79073416c,Borrow,WETH,0.470253,releverage,,1.080639,15360.79,13219.52,eth_getLogs Pool (topic onBehalfOf/user = vault); HF = getUserAccountData at block-1 and block
2026-03-24 21:21:47,24730051,554,0x8fd92c153ccdf45c864f79b4b7fd288f430e40aa017d4f56338cb35abb5a3442,Spark,0xf0bb20865277abd641a307ece5ee04e79073416c,Supply,wstETH,0.382268,releverage,,1.080639,15360.79,13219.52,eth_getLogs Pool (topic onBehalfOf/user = vault); HF = getUserAccountData at block-1 and block
2026-03-24 21:21:47,24730051,559,0x8fd92c153ccdf45c864f79b4b7fd288f430e40aa017d4f56338cb35abb5a3442,Spark,0xf0bb20865277abd641a307ece5ee04e79073416c,Borrow,WETH,0.427930,releverage,,1.080639,15360.79,13219.52,eth_getLogs Pool (topic onBehalfOf/user = vault); HF = getUserAccountData at block-1 and block
2026-03-24 21:21:47,24730051,575,0x8fd92c153ccdf45c864f79b4b7fd288f430e40aa017d4f56338cb35abb5a3442,Spark,0xf0bb20865277abd641a307ece5ee04e79073416c,Supply,wstETH,0.347864,releverage,,1.080639,15360.79,13219.52,eth_getLogs Pool (topic onBehalfOf/user = vault); HF = getUserAccountData at block-1 and block
2026-03-24 21:21:47,24730051,580,0x8fd92c153ccdf45c864f79b4b7fd288f430e40aa017d4f56338cb35abb5a3442,Spark,0xf0bb20865277abd641a307ece5ee04e79073416c,Borrow,WETH,0.389416,releverage,,1.080639,15360.79,13219.52,eth_getLogs Pool (topic onBehalfOf/user = vault); HF = getUserAccountData at block-1 and block
2026-03-24 21:21:47,24730051,596,0x8fd92c153ccdf45c864f79b4b7fd288f430e40aa017d4f56338cb35abb5a3442,Spark,0xf0bb20865277abd641a307ece5ee04e79073416c,Supply,wstETH,0.316556,releverage,,1.080639,15360.79,13219.52,eth_getLogs Pool (topic onBehalfOf/user = vault); HF = getUserAccountData at block-1 and block
2026-03-29 03:17:23,24760500,424,0x491de101894a4aac64b0a4adf4deb4258c8312b424a1428c82339008dc953da1,Aave V3 Core,0xf0bb20865277abd641a307ece5ee04e79073416c,Supply,weETH,6452.000000,releverage,1.054208,1.053828,1189230461.60,1072061841.28,eth_getLogs Pool (topic onBehalfOf/user = vault); HF = getUserAccountData at block-1 and block
2026-03-29 03:17:23,24760500,429,0x491de101894a4aac64b0a4adf4deb4258c8312b424a1428c82339008dc953da1,Aave V3 Core,0xf0bb20865277abd641a307ece5ee04e79073416c,Borrow,WETH,6538.000000,releverage,1.054208,1.053828,1189230461.60,1072061841.28,eth_getLogs Pool (topic onBehalfOf/user = vault); HF = getUserAccountData at block-1 and block
2026-03-29 03:17:23,24760500,445,0x491de101894a4aac64b0a4adf4deb4258c8312b424a1428c82339008dc953da1,Spark,0xf0bb20865277abd641a307ece5ee04e79073416c,Supply,wstETH,5313.314778,releverage,1.080715,1.464858,35940435.90,22817637.48,eth_getLogs Pool (topic onBehalfOf/user = vault); HF = getUserAccountData at block-1 and block
2026-03-29 03:17:23,24760500,450,0x491de101894a4aac64b0a4adf4deb4258c8312b424a1428c82339008dc953da1,Spark,0xf0bb20865277abd641a307ece5ee04e79073416c,Borrow,WETH,5949.580000,releverage,1.080715,1.464858,35940435.90,22817637.48,eth_getLogs Pool (topic onBehalfOf/user = vault); HF = getUserAccountData at block-1 and block
2026-03-29 03:17:23,24760500,466,0x491de101894a4aac64b0a4adf4deb4258c8312b424a1428c82339008dc953da1,Spark,0xf0bb20865277abd641a307ece5ee04e79073416c,Supply,wstETH,4835.116448,releverage,1.080715,1.464858,35940435.90,22817637.48,eth_getLogs Pool (topic onBehalfOf/user = vault); HF = getUserAccountData at block-1 and block
2026-03-29 03:17:23,24760500,471,0x491de101894a4aac64b0a4adf4deb4258c8312b424a1428c82339008dc953da1,Spark,0xf0bb20865277abd641a307ece5ee04e79073416c,Borrow,WETH,5414.117800,releverage,1.080715,1.464858,35940435.90,22817637.48,eth_getLogs Pool (topic onBehalfOf/user = vault); HF = getUserAccountData at block-1 and block
2026-03-29 03:17:23,24760500,487,0x491de101894a4aac64b0a4adf4deb4258c8312b424a1428c82339008dc953da1,Spark,0xf0bb20865277abd641a307ece5ee04e79073416c,Supply,wstETH,4399.955968,releverage,1.080715,1.464858,35940435.90,22817637.48,eth_getLogs Pool (topic onBehalfOf/user = vault); HF = getUserAccountData at block-1 and block
2026-03-31 22:31:35,24780587,232,0x646445f6f2f917f05628e42cf5006cdd4b50adc18019556159f51692ec6c979d,Spark,0xf0bb20865277abd641a307ece5ee04e79073416c,Borrow,WETH,4305.292614,releverage,1.464948,1.168404,67225041.69,53508292.87,eth_getLogs Pool (topic onBehalfOf/user = vault); HF = getUserAccountData at block-1 and block
2026-03-31 22:31:35,24780587,248,0x646445f6f2f917f05628e42cf5006cdd4b50adc18019556159f51692ec6c979d,Spark,0xf0bb20865277abd641a307ece5ee04e79073416c,Supply,wstETH,3498.142493,releverage,1.464948,1.168404,67225041.69,53508292.87,eth_getLogs Pool (topic onBehalfOf/user = vault); HF = getUserAccountData at block-1 and block
2026-03-31 22:31:35,24780587,253,0x646445f6f2f917f05628e42cf5006cdd4b50adc18019556159f51692ec6c979d,Spark,0xf0bb20865277abd641a307ece5ee04e79073416c,Borrow,WETH,3745.604574,releverage,1.464948,1.168404,67225041.69,53508292.87,eth_getLogs Pool (topic onBehalfOf/user = vault); HF = getUserAccountData at block-1 and block
2026-03-31 22:31:35,24780587,269,0x646445f6f2f917f05628e42cf5006cdd4b50adc18019556159f51692ec6c979d,Spark,0xf0bb20865277abd641a307ece5ee04e79073416c,Supply,wstETH,3043.383969,releverage,1.464948,1.168404,67225041.69,53508292.87,eth_getLogs Pool (topic onBehalfOf/user = vault); HF = getUserAccountData at block-1 and block
2026-03-31 22:31:35,24780587,274,0x646445f6f2f917f05628e42cf5006cdd4b50adc18019556159f51692ec6c979d,Spark,0xf0bb20865277abd641a307ece5ee04e79073416c,Borrow,WETH,3258.675980,releverage,1.464948,1.168404,67225041.69,53508292.87,eth_getLogs Pool (topic onBehalfOf/user = vault); HF = getUserAccountData at block-1 and block
2026-03-31 22:31:35,24780587,290,0x646445f6f2f917f05628e42cf5006cdd4b50adc18019556159f51692ec6c979d,Spark,0xf0bb20865277abd641a307ece5ee04e79073416c,Supply,wstETH,2647.744053,releverage,1.464948,1.168404,67225041.69,53508292.87,eth_getLogs Pool (topic onBehalfOf/user = vault); HF = getUserAccountData at block-1 and block
2026-03-31 22:31:35,24780587,295,0x646445f6f2f917f05628e42cf5006cdd4b50adc18019556159f51692ec6c979d,Spark,0xf0bb20865277abd641a307ece5ee04e79073416c,Borrow,WETH,2835.048102,releverage,1.464948,1.168404,67225041.69,53508292.87,eth_getLogs Pool (topic onBehalfOf/user = vault); HF = getUserAccountData at block-1 and block
2026-03-31 22:31:35,24780587,311,0x646445f6f2f917f05628e42cf5006cdd4b50adc18019556159f51692ec6c979d,Spark,0xf0bb20865277abd641a307ece5ee04e79073416c,Supply,wstETH,2303.537326,releverage,1.464948,1.168404,67225041.69,53508292.87,eth_getLogs Pool (topic onBehalfOf/user = vault); HF = getUserAccountData at block-1 and block
2026-04-18 21:46:35,24909534,123,0xd672ea8b8d5d4fc065879008746cd302730e11c40ecf351cae1695bd78e9feb6,Aave V3 Core,0xf0bb20865277abd641a307ece5ee04e79073416c,Withdraw,weETH,15000.000000,collateral withdraw,1.053929,1.024824,1357479421.03,1258367142.22,eth_getLogs Pool (topic onBehalfOf/user = vault); HF = getUserAccountData at block-1 and block
2026-04-18 22:51:59,24909861,143,0x05d5b00a1d80ffa2cb016bcacd37c06319e5d994c06481e365e23c4dd99fba6f,Spark,0xf0bb20865277abd641a307ece5ee04e79073416c,Withdraw,wstETH,3140.000000,collateral withdraw,1.168484,1.027622,66341223.24,60038969.46,eth_getLogs Pool (topic onBehalfOf/user = vault); HF = getUserAccountData at block-1 and block
2026-04-22 19:24:23,24937540,6,0x919e8dfdedffd26bae220c1415d147a22b6a419c7fdf2a14038e61887d92dbdc,Aave V3 Core,0xf0bb20865277abd641a307ece5ee04e79073416c,Repay,WETH,11234.636268,repay,1.024441,1.046396,1386743200.17,1258993693.09,eth_getLogs Pool (topic onBehalfOf/user = vault); HF = getUserAccountData at block-1 and block
2026-04-24 05:39:35,24947787,6,0xa9671a8340d98aff378ec0c1ca1ee93605eca4b2dfb6b8ed91f9c91d7b7dbcae,Aave V3 Core,0xf0bb20865277abd641a307ece5ee04e79073416c,Repay,WETH,28892.799296,deleverage (repay+withdraw),1.046300,1.029750,1239951401.29,1143922519.30,eth_getLogs Pool (topic onBehalfOf/user = vault); HF = getUserAccountData at block-1 and block
2026-04-24 05:39:35,24947787,11,0xa9671a8340d98aff378ec0c1ca1ee93605eca4b2dfb6b8ed91f9c91d7b7dbcae,Aave V3 Core,0xf0bb20865277abd641a307ece5ee04e79073416c,Withdraw,weETH,37000.000000,deleverage (repay+withdraw),1.046300,1.029750,1239951401.29,1143922519.30,eth_getLogs Pool (topic onBehalfOf/user = vault); HF = getUserAccountData at block-1 and block
2026-04-26 04:37:35,24961846,319,0x7afd68314ad3130d53856234127206ccf9bd8d7653875ad564f8d644fff41b73,Aave V3 Core,0xf0bb20865277abd641a307ece5ee04e79073416c,Repay,WETH,10000.000000,repay,1.029615,1.050820,1241443947.91,1122334574.92,eth_getLogs Pool (topic onBehalfOf/user = vault); HF = getUserAccountData at block-1 and block
2026-04-28 01:55:35,24975405,286,0xe811ca34f4a971f373903ed1adfbf83016883eabff3eb375def79455d23cd778,Aave V3 Core,0xf0bb20865277abd641a307ece5ee04e79073416c,Withdraw,weETH,10000.000000,collateral withdraw,1.050676,1.029285,1214580694.25,1121022034.34,eth_getLogs Pool (topic onBehalfOf/user = vault); HF = getUserAccountData at block-1 and block
2026-04-28 20:29:11,24980958,84,0x4b249d0001a8c90ec5db8cd1de38412fa4b3e2f86d899575271b8f6efda5ac4f,Aave V3 Core,0xf0bb20865277abd641a307ece5ee04e79073416c,Repay,WETH,15000.000000,deleverage (repay+withdraw),1.029224,1.022292,1166338301.02,1083860156.40,eth_getLogs Pool (topic onBehalfOf/user = vault); HF = getUserAccountData at block-1 and block
2026-04-28 20:29:11,24980958,89,0x4b249d0001a8c90ec5db8cd1de38412fa4b3e2f86d899575271b8f6efda5ac4f,Aave V3 Core,0xf0bb20865277abd641a307ece5ee04e79073416c,Withdraw,weETH,18000.000000,deleverage (repay+withdraw),1.029224,1.022292,1166338301.02,1083860156.40,eth_getLogs Pool (topic onBehalfOf/user = vault); HF = getUserAccountData at block-1 and block
2026-04-29 03:11:23,24982965,345,0x70807fd05ca49f266722f97e8a3bb07d943b46e44029931e1ff100a6aaeabc06,Aave V3 Core,0xf0bb20865277abd641a307ece5ee04e79073416c,Repay,WETH,20000.000000,repay,1.022270,1.067628,1158578384.40,1030930127.18,eth_getLogs Pool (topic onBehalfOf/user = vault); HF = getUserAccountData at block-1 and block
2026-04-30 23:38:11,24996258,618,0x239db66284725bb7b8c442eeff6e6bdeb1009f0f990d9102e70900d1652c2432,Aave V3 Core,0xf0bb20865277abd641a307ece5ee04e79073416c,Withdraw,weETH,3000.000000,collateral withdraw,1.067484,1.060570,1135571984.60,1017182308.71,eth_getLogs Pool (topic onBehalfOf/user = vault); HF = getUserAccountData at block-1 and block
2026-04-30 23:39:35,24996265,365,0x61ffe6fb3aff5e212851698cf58e2d9c23efa1083e00e2f59b5270c549c1693f,Aave V3 Core,0xf0bb20865277abd641a307ece5ee04e79073416c,Withdraw,weETH,15000.000000,collateral withdraw,1.060570,1.026000,1098557010.84,1017182433.50,eth_getLogs Pool (topic onBehalfOf/user = vault); HF = getUserAccountData at block-1 and block
2026-05-01 20:58:23,25002638,266,0x3b77d06663d1cfd49e657b60ad50dee69ec4f25ec3b4f916987a4f180e561a62,Aave V3 Core,0xf0bb20865277abd641a307ece5ee04e79073416c,Repay,WETH,3869.000000,deleverage (repay+withdraw),1.025939,1.026683,1104003410.19,1021545769.84,eth_getLogs Pool (topic onBehalfOf/user = vault); HF = getUserAccountData at block-1 and block
2026-05-01 20:58:23,25002638,271,0x3b77d06663d1cfd49e657b60ad50dee69ec4f25ec3b4f916987a4f180e561a62,Aave V3 Core,0xf0bb20865277abd641a307ece5ee04e79073416c,Withdraw,weETH,3500.000000,deleverage (repay+withdraw),1.025939,1.026683,1104003410.19,1021545769.84,eth_getLogs Pool (topic onBehalfOf/user = vault); HF = getUserAccountData at block-1 and block
2026-05-05 18:39:47,25030655,161,0x600c2d3d0c1386255a845ed6a6fdededa2759846d40fab183a8f652b0df3da4a,Aave V3 Core,0xf0bb20865277abd641a307ece5ee04e79073416c,Withdraw,weETH,6000.000000,collateral withdraw,1.026456,1.012512,1126042724.10,1056520942.22,eth_getLogs Pool (topic onBehalfOf/user = vault); HF = getUserAccountData at block-1 and block
2026-05-06 05:18:47,25033844,385,0x59fb53143413cf723a01899ce57a4d354c665d298e27a272676573e6a9b0c2bd,Aave V3 Core,0xf0bb20865277abd641a307ece5ee04e79073416c,Repay,WETH,12700.000000,repay,1.012485,1.042074,1126180919.53,1026675198.39,eth_getLogs Pool (topic onBehalfOf/user = vault); HF = getUserAccountData at block-1 and block
2026-05-06 05:30:23,25033902,505,0x61c0be01429314baa5f7bbf565216ff9342d2f674db3f69bdb015154c2c8eb17,Aave V3 Core,0xf0bb20865277abd641a307ece5ee04e79073416c,Withdraw,weETH,12000.000000,collateral withdraw,1.042073,1.013371,1095162404.66,1026676131.91,eth_getLogs Pool (topic onBehalfOf/user = vault); HF = getUserAccountData at block-1 and block
2026-05-06 17:04:35,25037363,458,0x9d97b49befabb83a9b126c9b36e43f62281c44a193e5b33541a56c3ecd5dd1cb,Aave V3 Core,0xf0bb20865277abd641a307ece5ee04e79073416c,Repay,WETH,13129.451272,repay,1.013344,1.044912,1093207455.70,993908838.97,eth_getLogs Pool (topic onBehalfOf/user = vault); HF = getUserAccountData at block-1 and block
2026-05-06 17:37:59,25037530,100,0xa6919ac0bd2dd62c955abdf3fa12e1cc1ba1c025bbe7ca7a165d437bf0dcfec9,Aave V3 Core,0xf0bb20865277abd641a307ece5ee04e79073416c,Withdraw,weETH,13000.000000,collateral withdraw,1.044910,1.012848,1058571690.32,992886456.88,eth_getLogs Pool (topic onBehalfOf/user = vault); HF = getUserAccountData at block-1 and block
2026-05-06 19:03:35,25037957,489,0xa01f13451732f05aa61a078fb881a65d0a6eed6554f499fea22f736c15cd1faf,Aave V3 Core,0xf0bb20865277abd641a307ece5ee04e79073416c,Repay,WETH,12582.717757,repay,1.012852,1.044021,1052713856.63,957909813.81,eth_getLogs Pool (topic onBehalfOf/user = vault); HF = getUserAccountData at block-1 and block
2026-05-07 05:22:35,25041038,206,0x7a73d563124ee8dae2ce311aaf30da9be5e80b24e9f82ee4cfad8962068b5df9,Aave V3 Core,0xf0bb20865277abd641a307ece5ee04e79073416c,Withdraw,weETH,13000.000000,collateral withdraw,1.044017,1.010968,1014299427.39,953130060.67,eth_getLogs Pool (topic onBehalfOf/user = vault); HF = getUserAccountData at block-1 and block
2026-05-07 15:38:47,25044110,120,0x8e0182afa84ccdbc214fd8e1eda2f75686e81884d094f0f98a28cca5ba0a0253,Aave V3 Core,0xf0bb20865277abd641a307ece5ee04e79073416c,Repay,WETH,14224.257994,repay,1.010959,1.047394,998533565.15,905683319.38,eth_getLogs Pool (topic onBehalfOf/user = vault); HF = getUserAccountData at block-1 and block
2026-05-07 15:44:11,25044137,207,0xa8f59e3397ee56fc8b3e245218cb4e5790d16d15b0a97e445482bc0b92582cef,Aave V3 Core,0xf0bb20865277abd641a307ece5ee04e79073416c,Withdraw,weETH,13700.000000,collateral withdraw,1.047393,1.011311,965325210.65,906802249.82,eth_getLogs Pool (topic onBehalfOf/user = vault); HF = getUserAccountData at block-1 and block
2026-05-07 19:48:23,25045349,277,0x644b5a014c1375df164e71c0062e3865243b034114f08cd20877aebc7a5301f0,Aave V3 Core,0xf0bb20865277abd641a307ece5ee04e79073416c,Repay,WETH,14990.875424,repay,1.011314,1.051241,966029429.05,872994737.31,eth_getLogs Pool (topic onBehalfOf/user = vault); HF = getUserAccountData at block-1 and block
2026-05-07 19:52:35,25045370,361,0xdb36b2c8a2740b9b5e8c7ceb7ed531e84945b106ff28a99ed58a2cf016179ff0,Aave V3 Core,0xf0bb20865277abd641a307ece5ee04e79073416c,Withdraw,weETH,13500.000000,collateral withdraw,1.051241,1.014281,932065757.81,872994910.32,eth_getLogs Pool (topic onBehalfOf/user = vault); HF = getUserAccountData at block-1 and block
2026-05-08 00:02:11,25046616,95,0x182fa5538db3328be68ab71a8c9186e338145179827d199addcc42a20706008e,Aave V3 Core,0xf0bb20865277abd641a307ece5ee04e79073416c,Repay,WETH,14772.271680,repay,1.014287,1.055345,928744957.18,836037394.26,eth_getLogs Pool (topic onBehalfOf/user = vault); HF = getUserAccountData at block-1 and block
2026-05-08 00:06:35,25046638,320,0x8841f1f8e485f7827ddfb306be0e7b6642ebeca076635e5ab62f06fb60de045f,Aave V3 Core,0xf0bb20865277abd641a307ece5ee04e79073416c,Withdraw,weETH,13500.000000,collateral withdraw,1.055345,1.016889,894902293.05,836037533.72,eth_getLogs Pool (topic onBehalfOf/user = vault); HF = getUserAccountData at block-1 and block
2026-05-08 17:17:47,25051786,51,0x6d12d4d23e9d0dd81447d63103e57fd37dd4df5f0d81e1114356e85fa1b408b5,Aave V3 Core,0xf0bb20865277abd641a307ece5ee04e79073416c,Repay,WETH,14772.514261,deleverage (repay+withdraw),1.016891,1.013773,857170569.56,803248499.25,eth_getLogs Pool (topic onBehalfOf/user = vault); HF = getUserAccountData at block-1 and block
2026-05-08 17:17:47,25051786,56,0x6d12d4d23e9d0dd81447d63103e57fd37dd4df5f0d81e1114356e85fa1b408b5,Aave V3 Core,0xf0bb20865277abd641a307ece5ee04e79073416c,Withdraw,weETH,15500.000000,deleverage (repay+withdraw),1.016891,1.013773,857170569.56,803248499.25,eth_getLogs Pool (topic onBehalfOf/user = vault); HF = getUserAccountData at block-1 and block
2026-05-08 22:15:47,25053274,756,0xb9d2101032b3bb75a2cce352a76ab496d2373ee54b97a03a9ab900842e2394c2,Aave V3 Core,0xf0bb20865277abd641a307ece5ee04e79073416c,Repay,WETH,16878.913770,deleverage (repay+withdraw),1.013783,1.015216,822631067.54,769786215.82,eth_getLogs Pool (topic onBehalfOf/user = vault); HF = getUserAccountData at block-1 and block
2026-05-08 22:15:47,25053274,761,0xb9d2101032b3bb75a2cce352a76ab496d2373ee54b97a03a9ab900842e2394c2,Aave V3 Core,0xf0bb20865277abd641a307ece5ee04e79073416c,Withdraw,weETH,16000.000000,deleverage (repay+withdraw),1.013783,1.015216,822631067.54,769786215.82,eth_getLogs Pool (topic onBehalfOf/user = vault); HF = getUserAccountData at block-1 and block
2026-05-09 05:33:11,25055455,214,0xde12e618b7c2e2f778a6aff3df0a60d3b61b27f908d64ba76c347b98bf56f4e0,Aave V3 Core,0xf0bb20865277abd641a307ece5ee04e79073416c,Repay,WETH,17509.193281,repay,1.015212,1.071500,825030756.88,731478762.63,eth_getLogs Pool (topic onBehalfOf/user = vault); HF = getUserAccountData at block-1 and block
2026-05-09 16:27:47,25058713,142,0x0fc015dd0aae2fe9ea5b5a0a22ff17e1652e3d043caab027a3d933b93a8fb75c,Aave V3 Core,0xf0bb20865277abd641a307ece5ee04e79073416c,Withdraw,weETH,18000.000000,collateral withdraw,1.071501,1.012244,778889923.86,730995401.88,eth_getLogs Pool (topic onBehalfOf/user = vault); HF = getUserAccountData at block-1 and block
2026-05-10 05:20:23,25062564,733,0x477f3dfeaa15bc563db46afc53435f5fac51ba807ffd259ebac207ce171860da,Aave V3 Core,0xf0bb20865277abd641a307ece5ee04e79073416c,Repay,WETH,5500.000000,repay,1.012243,1.030184,783525138.88,722539621.38,eth_getLogs Pool (topic onBehalfOf/user = vault); HF = getUserAccountData at block-1 and block
2026-05-11 01:08:11,25068477,52,0x5439a0ab3269f129d5df4a50363ca1e9c17569f1ac4fceb4f54c362f35e6e3d8,Aave V3 Core,0xf0bb20865277abd641a307ece5ee04e79073416c,Withdraw,weETH,3000.000000,collateral withdraw,1.030192,1.020140,785083862.46,731105004.03,eth_getLogs Pool (topic onBehalfOf/user = vault); HF = getUserAccountData at block-1 and block
2026-05-11 17:59:35,25073511,234,0x37a52b3acbfe14440c3a98745b27db018bf5b392561dc33ad497d337dc11aa68,Aave V3 Core,0xf0bb20865277abd641a307ece5ee04e79073416c,Repay,WETH,18746.509303,deleverage (repay+withdraw),1.020144,1.010846,725909904.98,682215435.71,eth_getLogs Pool (topic onBehalfOf/user = vault); HF = getUserAccountData at block-1 and block
2026-05-11 17:59:35,25073511,239,0x37a52b3acbfe14440c3a98745b27db018bf5b392561dc33ad497d337dc11aa68,Aave V3 Core,0xf0bb20865277abd641a307ece5ee04e79073416c,Withdraw,weETH,21000.000000,deleverage (repay+withdraw),1.020144,1.010846,725909904.98,682215435.71,eth_getLogs Pool (topic onBehalfOf/user = vault); HF = getUserAccountData at block-1 and block
2026-05-11 22:24:23,25074829,487,0xbcbb82dd62570beac870483168e623cec890ebf55f955e7448bc161e16f6d16e,Aave V3 Core,0xf0bb20865277abd641a307ece5ee04e79073416c,Repay,WETH,22984.533169,deleverage (repay+withdraw),1.010847,1.074116,710456734.87,628362316.62,eth_getLogs Pool (topic onBehalfOf/user = vault); HF = getUserAccountData at block-1 and block
2026-05-11 22:24:23,25074829,492,0xbcbb82dd62570beac870483168e623cec890ebf55f955e7448bc161e16f6d16e,Aave V3 Core,0xf0bb20865277abd641a307ece5ee04e79073416c,Withdraw,weETH,6000.000000,deleverage (repay+withdraw),1.010847,1.074116,710456734.87,628362316.62,eth_getLogs Pool (topic onBehalfOf/user = vault); HF = getUserAccountData at block-1 and block
2026-05-13 20:35:47,25088635,590,0x7e6ec0c4f5dd3863c48dadcc92b597c0024a698538caab28134b9e1faec607ef,Spark,0xf0bb20865277abd641a307ece5ee04e79073416c,Supply,wstETH,2165.680000,releverage,1.027412,1.028138,69911527.05,63238302.14,eth_getLogs Pool (topic onBehalfOf/user = vault); HF = getUserAccountData at block-1 and block
2026-05-13 20:35:47,25088635,595,0x7e6ec0c4f5dd3863c48dadcc92b597c0024a698538caab28134b9e1faec607ef,Spark,0xf0bb20865277abd641a307ece5ee04e79073416c,Borrow,WETH,2400.000000,releverage,1.027412,1.028138,69911527.05,63238302.14,eth_getLogs Pool (topic onBehalfOf/user = vault); HF = getUserAccountData at block-1 and block
2026-05-13 20:35:47,25088635,601,0x7e6ec0c4f5dd3863c48dadcc92b597c0024a698538caab28134b9e1faec607ef,Aave V3 Core,0xf0bb20865277abd641a307ece5ee04e79073416c,Repay,WETH,2715.000000,repay,1.074136,1.085102,685271476.05,599950792.60,eth_getLogs Pool (topic onBehalfOf/user = vault); HF = getUserAccountData at block-1 and block
2026-05-28 22:59:59,25196993,183,0x24195ff52f6fd1e95c3757787c29b816b409712cd700c7357b86e34b237d19db,Spark,0xf0bb20865277abd641a307ece5ee04e79073416c,Supply,wstETH,2697.440000,releverage,1.028351,1.035139,69060953.28,62046463.52,eth_getLogs Pool (topic onBehalfOf/user = vault); HF = getUserAccountData at block-1 and block
2026-05-28 22:59:59,25196993,188,0x24195ff52f6fd1e95c3757787c29b816b409712cd700c7357b86e34b237d19db,Spark,0xf0bb20865277abd641a307ece5ee04e79073416c,Borrow,WETH,2810.700000,releverage,1.028351,1.035139,69060953.28,62046463.52,eth_getLogs Pool (topic onBehalfOf/user = vault); HF = getUserAccountData at block-1 and block
2026-05-28 22:59:59,25196993,194,0x24195ff52f6fd1e95c3757787c29b816b409712cd700c7357b86e34b237d19db,Aave V3 Core,0xf0bb20865277abd641a307ece5ee04e79073416c,Repay,WETH,2810.700000,repay,1.085258,1.096841,611295011.03,529457008.23,eth_getLogs Pool (topic onBehalfOf/user = vault); HF = getUserAccountData at block-1 and block
2026-06-08 23:19:23,25275939,654,0xf70b26e17267056b4fa38c85a204b7f11d193247cdea9d1f2aaf7a8c641d0e46,Aave V3 Core,0xf0bb20865277abd641a307ece5ee04e79073416c,Withdraw,weETH,6600.000000,collateral withdraw,1.097009,1.070916,505884712.99,448765864.33,eth_getLogs Pool (topic onBehalfOf/user = vault); HF = getUserAccountData at block-1 and block
2026-06-19 04:05:35,25349116,142,0x00f955bce081e10a375017013188d81967dd248f73f0a2a5f6c11be4847124d3,Aave V3 Core,0xf0bb20865277abd641a307ece5ee04e79073416c,Repay,WETH,4888.000000,deleverage (repay+withdraw),1.071009,1.071096,494226483.05,438350017.94,eth_getLogs Pool (topic onBehalfOf/user = vault); HF = getUserAccountData at block-1 and block
2026-06-19 04:05:35,25349116,147,0x00f955bce081e10a375017013188d81967dd248f73f0a2a5f6c11be4847124d3,Aave V3 Core,0xf0bb20865277abd641a307ece5ee04e79073416c,Withdraw,weETH,5000.000000,deleverage (repay+withdraw),1.071009,1.071096,494226483.05,438350017.94,eth_getLogs Pool (topic onBehalfOf/user = vault); HF = getUserAccountData at block-1 and block
2026-06-23 14:58:23,25381057,622,0x588fe4319389d15acd315922d4f356ca7dad226db388ef7a7d1d11e8841fd1ac,Aave V3 Core,0xf0bb20865277abd641a307ece5ee04e79073416c,Withdraw,weETH,4800.000000,collateral withdraw,1.071125,1.051788,475332135.41,429331318.96,eth_getLogs Pool (topic onBehalfOf/user = vault); HF = getUserAccountData at block-1 and block
2026-06-24 23:33:35,25390779,253,0xc028ed981a94b36e09ff898e9c1d70b65bc543675fc10ad4613cb482c09bfa77,Aave V3 Core,0xf0bb20865277abd641a307ece5ee04e79073416c,Withdraw,weETH,4300.000000,collateral withdraw,1.051802,1.034479,455131847.73,417964416.13,eth_getLogs Pool (topic onBehalfOf/user = vault); HF = getUserAccountData at block-1 and block
2026-06-27 19:52:47,25411191,162,0x0a9756e0e9d504a7fcb327b090e28a8c8594d7ec04f1420d16a3b546a8f2c509,Aave V3 Core,0xf0bb20865277abd641a307ece5ee04e79073416c,Withdraw,weETH,1000.000000,collateral withdraw,1.034502,1.030473,442706078.89,408133546.57,eth_getLogs Pool (topic onBehalfOf/user = vault); HF = getUserAccountData at block-1 and block
2026-07-09 22:44:47,25498092,174,0xa7e334b0619f8dcef8145df0479d7b2ae4426a245eda24ae3c88f8d371a2c7ad,Aave V3 Core,0xf0bb20865277abd641a307ece5ee04e79073416c,Withdraw,weETH,3300.000000,collateral withdraw,1.030547,1.017251,484582718.45,452546761.69,eth_getLogs Pool (topic onBehalfOf/user = vault); HF = getUserAccountData at block-1 and block
2026-07-10 03:32:35,25499523,205,0x34d8ce96f03775c923923b44c6154c8f58a8f69f20247538b74ddf17014adc58,Aave V3 Core,0xf0bb20865277abd641a307ece5ee04e79073416c,Supply,weETH,1000.000000,collateral add,1.017251,1.021280,493285202.19,458856371.91,eth_getLogs Pool (topic onBehalfOf/user = vault); HF = getUserAccountData at block-1 and block
2026-07-10 17:07:23,25503581,1099,0x3dd2e1ccbf0b22ae2018fdbde5674167ec5ae5fde6e877dd4424d323f249fe9d,Aave V3 Core,0xf0bb20865277abd641a307ece5ee04e79073416c,Supply,weETH,3000.000000,collateral add,1.021283,1.033370,505373675.70,464601209.17,eth_getLogs Pool (topic onBehalfOf/user = vault); HF = getUserAccountData at block-1 and block
2026-07-22 03:11:11,25585496,469,0x19f96971e515a04d525b75626e509301f22e6a2e9bd84fa5b894206c3f6bd816,Aave V3 Core,0xf0bb20865277abd641a307ece5ee04e79073416c,Supply,weETH,3800.000000,releverage,1.033546,1.033463,598520327.78,550183358.55,eth_getLogs Pool (topic onBehalfOf/user = vault); HF = getUserAccountData at block-1 and block
2026-07-22 03:11:11,25585496,474,0x19f96971e515a04d525b75626e509301f22e6a2e9bd84fa5b894206c3f6bd816,Aave V3 Core,0xf0bb20865277abd641a307ece5ee04e79073416c,Borrow,WETH,3844.753609,releverage,1.033546,1.033463,598520327.78,550183358.55,eth_getLogs Pool (topic onBehalfOf/user = vault); HF = getUserAccountData at block-1 and block
2026-07-22 03:11:11,25585496,490,0x19f96971e515a04d525b75626e509301f22e6a2e9bd84fa5b894206c3f6bd816,Aave V3 Core,0xf0bb20865277abd641a307ece5ee04e79073416c,Supply,weETH,3496.000000,releverage,1.033546,1.033463,598520327.78,550183358.55,eth_getLogs Pool (topic onBehalfOf/user = vault); HF = getUserAccountData at block-1 and block
2026-07-22 03:11:11,25585496,495,0x19f96971e515a04d525b75626e509301f22e6a2e9bd84fa5b894206c3f6bd816,Aave V3 Core,0xf0bb20865277abd641a307ece5ee04e79073416c,Borrow,WETH,3537.173320,releverage,1.033546,1.033463,598520327.78,550183358.55,eth_getLogs Pool (topic onBehalfOf/user = vault); HF = getUserAccountData at block-1 and block
2026-07-22 03:11:11,25585496,511,0x19f96971e515a04d525b75626e509301f22e6a2e9bd84fa5b894206c3f6bd816,Aave V3 Core,0xf0bb20865277abd641a307ece5ee04e79073416c,Supply,weETH,3216.320000,releverage,1.033546,1.033463,598520327.78,550183358.55,eth_getLogs Pool (topic onBehalfOf/user = vault); HF = getUserAccountData at block-1 and block
2026-07-22 03:11:11,25585496,516,0x19f96971e515a04d525b75626e509301f22e6a2e9bd84fa5b894206c3f6bd816,Aave V3 Core,0xf0bb20865277abd641a307ece5ee04e79073416c,Borrow,WETH,3254.199454,releverage,1.033546,1.033463,598520327.78,550183358.55,eth_getLogs Pool (topic onBehalfOf/user = vault); HF = getUserAccountData at block-1 and block
2026-07-22 03:11:11,25585496,532,0x19f96971e515a04d525b75626e509301f22e6a2e9bd84fa5b894206c3f6bd816,Aave V3 Core,0xf0bb20865277abd641a307ece5ee04e79073416c,Supply,weETH,2959.014400,releverage,1.033546,1.033463,598520327.78,550183358.55,eth_getLogs Pool (topic onBehalfOf/user = vault); HF = getUserAccountData at block-1 and block
2026-07-22 03:11:11,25585496,537,0x19f96971e515a04d525b75626e509301f22e6a2e9bd84fa5b894206c3f6bd816,Aave V3 Core,0xf0bb20865277abd641a307ece5ee04e79073416c,Borrow,WETH,2993.863498,releverage,1.033546,1.033463,598520327.78,550183358.55,eth_getLogs Pool (topic onBehalfOf/user = vault); HF = getUserAccountData at block-1 and block
2026-07-22 03:11:11,25585496,553,0x19f96971e515a04d525b75626e509301f22e6a2e9bd84fa5b894206c3f6bd816,Aave V3 Core,0xf0bb20865277abd641a307ece5ee04e79073416c,Supply,weETH,2722.293248,releverage,1.033546,1.033463,598520327.78,550183358.55,eth_getLogs Pool (topic onBehalfOf/user = vault); HF = getUserAccountData at block-1 and block
2026-07-22 03:11:11,25585496,558,0x19f96971e515a04d525b75626e509301f22e6a2e9bd84fa5b894206c3f6bd816,Aave V3 Core,0xf0bb20865277abd641a307ece5ee04e79073416c,Borrow,WETH,2754.354418,releverage,1.033546,1.033463,598520327.78,550183358.55,eth_getLogs Pool (topic onBehalfOf/user = vault); HF = getUserAccountData at block-1 and block
2026-07-22 03:11:11,25585496,574,0x19f96971e515a04d525b75626e509301f22e6a2e9bd84fa5b894206c3f6bd816,Aave V3 Core,0xf0bb20865277abd641a307ece5ee04e79073416c,Supply,weETH,2504.509788,releverage,1.033546,1.033463,598520327.78,550183358.55,eth_getLogs Pool (topic onBehalfOf/user = vault); HF = getUserAccountData at block-1 and block
2026-07-22 03:11:11,25585496,579,0x19f96971e515a04d525b75626e509301f22e6a2e9bd84fa5b894206c3f6bd816,Aave V3 Core,0xf0bb20865277abd641a307ece5ee04e79073416c,Borrow,WETH,2534.006065,releverage,1.033546,1.033463,598520327.78,550183358.55,eth_getLogs Pool (topic onBehalfOf/user = vault); HF = getUserAccountData at block-1 and block
2026-07-22 03:11:11,25585496,595,0x19f96971e515a04d525b75626e509301f22e6a2e9bd84fa5b894206c3f6bd816,Aave V3 Core,0xf0bb20865277abd641a307ece5ee04e79073416c,Supply,weETH,2304.149005,releverage,1.033546,1.033463,598520327.78,550183358.55,eth_getLogs Pool (topic onBehalfOf/user = vault); HF = getUserAccountData at block-1 and block
2026-07-22 03:11:11,25585496,600,0x19f96971e515a04d525b75626e509301f22e6a2e9bd84fa5b894206c3f6bd816,Aave V3 Core,0xf0bb20865277abd641a307ece5ee04e79073416c,Borrow,WETH,2331.285580,releverage,1.033546,1.033463,598520327.78,550183358.55,eth_getLogs Pool (topic onBehalfOf/user = vault); HF = getUserAccountData at block-1 and block
2026-07-22 03:11:11,25585496,616,0x19f96971e515a04d525b75626e509301f22e6a2e9bd84fa5b894206c3f6bd816,Aave V3 Core,0xf0bb20865277abd641a307ece5ee04e79073416c,Supply,weETH,2119.817085,releverage,1.033546,1.033463,598520327.78,550183358.55,eth_getLogs Pool (topic onBehalfOf/user = vault); HF = getUserAccountData at block-1 and block
2026-07-22 03:11:11,25585496,621,0x19f96971e515a04d525b75626e509301f22e6a2e9bd84fa5b894206c3f6bd816,Aave V3 Core,0xf0bb20865277abd641a307ece5ee04e79073416c,Borrow,WETH,2144.782733,releverage,1.033546,1.033463,598520327.78,550183358.55,eth_getLogs Pool (topic onBehalfOf/user = vault); HF = getUserAccountData at block-1 and block
2026-07-22 03:11:11,25585496,637,0x19f96971e515a04d525b75626e509301f22e6a2e9bd84fa5b894206c3f6bd816,Aave V3 Core,0xf0bb20865277abd641a307ece5ee04e79073416c,Supply,weETH,1950.231718,releverage,1.033546,1.033463,598520327.78,550183358.55,eth_getLogs Pool (topic onBehalfOf/user = vault); HF = getUserAccountData at block-1 and block
2026-07-22 03:11:11,25585496,642,0x19f96971e515a04d525b75626e509301f22e6a2e9bd84fa5b894206c3f6bd816,Aave V3 Core,0xf0bb20865277abd641a307ece5ee04e79073416c,Borrow,WETH,1973.200115,releverage,1.033546,1.033463,598520327.78,550183358.55,eth_getLogs Pool (topic onBehalfOf/user = vault); HF = getUserAccountData at block-1 and block
2026-08-07 03:17:11,25700344,488,0x70295628f479cbf522e0d2f46672f5f63d3463df44e5d85a3329223581f9a076,Aave V3 Core,0xf0bb20865277abd641a307ece5ee04e79073416c,Supply,weETH,4100.000000,releverage,1.033579,1.036341,610498492.01,559636000.66,eth_getLogs Pool (topic onBehalfOf/user = vault); HF = getUserAccountData at block-1 and block
2026-08-07 03:17:11,25700344,493,0x70295628f479cbf522e0d2f46672f5f63d3463df44e5d85a3329223581f9a076,Aave V3 Core,0xf0bb20865277abd641a307ece5ee04e79073416c,Borrow,WETH,3843.052238,releverage,1.033579,1.036341,610498492.01,559636000.66,eth_getLogs Pool (topic onBehalfOf/user = vault); HF = getUserAccountData at block-1 and block
2026-08-07 03:17:11,25700344,517,0x70295628f479cbf522e0d2f46672f5f63d3463df44e5d85a3329223581f9a076,Aave V3 Core,0xf0bb20865277abd641a307ece5ee04e79073416c,Supply,weETH,3490.740000,releverage,1.033579,1.036341,610498492.01,559636000.66,eth_getLogs Pool (topic onBehalfOf/user = vault); HF = getUserAccountData at block-1 and block
2026-08-07 03:17:11,25700344,522,0x70295628f479cbf522e0d2f46672f5f63d3463df44e5d85a3329223581f9a076,Aave V3 Core,0xf0bb20865277abd641a307ece5ee04e79073416c,Borrow,WETH,3271.974676,releverage,1.033579,1.036341,610498492.01,559636000.66,eth_getLogs Pool (topic onBehalfOf/user = vault); HF = getUserAccountData at block-1 and block
2026-08-07 03:17:11,25700344,546,0x70295628f479cbf522e0d2f46672f5f63d3463df44e5d85a3329223581f9a076,Aave V3 Core,0xf0bb20865277abd641a307ece5ee04e79073416c,Supply,weETH,2972.016036,releverage,1.033579,1.036341,610498492.01,559636000.66,eth_getLogs Pool (topic onBehalfOf/user = vault); HF = getUserAccountData at block-1 and block
2026-08-07 03:17:11,25700344,551,0x70295628f479cbf522e0d2f46672f5f63d3463df44e5d85a3329223581f9a076,Aave V3 Core,0xf0bb20865277abd641a307ece5ee04e79073416c,Borrow,WETH,2785.759239,releverage,1.033579,1.036341,610498492.01,559636000.66,eth_getLogs Pool (topic onBehalfOf/user = vault); HF = getUserAccountData at block-1 and block
2026-08-12 01:22:59,25735613,230,0xf1b11f89d928ce0f6b21abb8d3433a57efb70a40b9b862032af117f08715cb3c,Aave V3 Core,0xf0bb20865277abd641a307ece5ee04e79073416c,Supply,weETH,5000.000000,releverage,1.036366,1.048431,647214597.96,586451517.61,eth_getLogs Pool (topic onBehalfOf/user = vault); HF = getUserAccountData at block-1 and block
2026-08-12 01:22:59,25735613,235,0xf1b11f89d928ce0f6b21abb8d3433a57efb70a40b9b862032af117f08715cb3c,Aave V3 Core,0xf0bb20865277abd641a307ece5ee04e79073416c,Borrow,WETH,7000.000000,releverage,1.036366,1.048431,647214597.96,586451517.61,eth_getLogs Pool (topic onBehalfOf/user = vault); HF = getUserAccountData at block-1 and block
2026-08-12 01:22:59,25735613,251,0xf1b11f89d928ce0f6b21abb8d3433a57efb70a40b9b862032af117f08715cb3c,Aave V3 Core,0xf0bb20865277abd641a307ece5ee04e79073416c,Supply,weETH,6356.316177,releverage,1.036366,1.048431,647214597.96,586451517.61,eth_getLogs Pool (topic onBehalfOf/user = vault); HF = getUserAccountData at block-1 and block
2026-08-12 01:22:59,25735613,256,0xf1b11f89d928ce0f6b21abb8d3433a57efb70a40b9b862032af117f08715cb3c,Aave V3 Core,0xf0bb20865277abd641a307ece5ee04e79073416c,Borrow,WETH,8500.000000,releverage,1.036366,1.048431,647214597.96,586451517.61,eth_getLogs Pool (topic onBehalfOf/user = vault); HF = getUserAccountData at block-1 and block
2026-08-12 01:22:59,25735613,280,0xf1b11f89d928ce0f6b21abb8d3433a57efb70a40b9b862032af117f08715cb3c,Aave V3 Core,0xf0bb20865277abd641a307ece5ee04e79073416c,Supply,weETH,7718.383930,releverage,1.036366,1.048431,647214597.96,586451517.61,eth_getLogs Pool (topic onBehalfOf/user = vault); HF = getUserAccountData at block-1 and block
2026-08-12 01:22:59,25735613,285,0xf1b11f89d928ce0f6b21abb8d3433a57efb70a40b9b862032af117f08715cb3c,Aave V3 Core,0xf0bb20865277abd641a307ece5ee04e79073416c,Borrow,WETH,1500.000000,releverage,1.036366,1.048431,647214597.96,586451517.61,eth_getLogs Pool (topic onBehalfOf/user = vault); HF = getUserAccountData at block-1 and block
2026-08-12 01:22:59,25735613,309,0xf1b11f89d928ce0f6b21abb8d3433a57efb70a40b9b862032af117f08715cb3c,Aave V3 Core,0xf0bb20865277abd641a307ece5ee04e79073416c,Supply,weETH,1362.067752,releverage,1.036366,1.048431,647214597.96,586451517.61,eth_getLogs Pool (topic onBehalfOf/user = vault); HF = getUserAccountData at block-1 and block
2026-08-13 23:46:11,25749481,159,0x9277c1e17e69999fd80f12c17d4cc7939872d75af16fa868945d589ef4f6e687,Aave V3 Core,0xf0bb20865277abd641a307ece5ee04e79073416c,Supply,weETH,5000.000000,releverage,1.048444,1.061637,678118412.15,606810350.49,eth_getLogs Pool (topic onBehalfOf/user = vault); HF = getUserAccountData at block-1 and block
2026-08-13 23:46:11,25749481,164,0x9277c1e17e69999fd80f12c17d4cc7939872d75af16fa868945d589ef4f6e687,Aave V3 Core,0xf0bb20865277abd641a307ece5ee04e79073416c,Borrow,WETH,10000.000000,releverage,1.048444,1.061637,678118412.15,606810350.49,eth_getLogs Pool (topic onBehalfOf/user = vault); HF = getUserAccountData at block-1 and block
2026-08-13 23:46:11,25749481,188,0x9277c1e17e69999fd80f12c17d4cc7939872d75af16fa868945d589ef4f6e687,Aave V3 Core,0xf0bb20865277abd641a307ece5ee04e79073416c,Supply,weETH,9079.324065,releverage,1.048444,1.061637,678118412.15,606810350.49,eth_getLogs Pool (topic onBehalfOf/user = vault); HF = getUserAccountData at block-1 and block
2026-08-14 16:19:23,25754426,846,0xb4b7c178adc8af2af29d4a2872bd3f0599c4d7c2d4d451e164ee5900fcb46ec6,Aave V3 Core,0xf0bb20865277abd641a307ece5ee04e79073416c,Borrow,WETH,10000.000000,releverage,1.061644,1.058281,694231909.20,623199767.14,eth_getLogs Pool (topic onBehalfOf/user = vault); HF = getUserAccountData at block-1 and block
2026-08-14 16:19:23,25754426,870,0xb4b7c178adc8af2af29d4a2872bd3f0599c4d7c2d4d451e164ee5900fcb46ec6,Aave V3 Core,0xf0bb20865277abd641a307ece5ee04e79073416c,Supply,weETH,9078.903019,releverage,1.061644,1.058281,694231909.20,623199767.14,eth_getLogs Pool (topic onBehalfOf/user = vault); HF = getUserAccountData at block-1 and block
2026-08-14 18:07:35,25754966,201,0x79e30dd73da1e0d40044b8a5e6d770619f231e56d8ce66ec5d831f604336ac06,Aave V3 Core,0xf0bb20865277abd641a307ece5ee04e79073416c,Borrow,WETH,3000.000000,releverage,1.058288,1.057319,698238721.84,627366967.54,eth_getLogs Pool (topic onBehalfOf/user = vault); HF = getUserAccountData at block-1 and block
2026-08-14 18:07:35,25754966,225,0x79e30dd73da1e0d40044b8a5e6d770619f231e56d8ce66ec5d831f604336ac06,Aave V3 Core,0xf0bb20865277abd641a307ece5ee04e79073416c,Supply,weETH,2723.670906,releverage,1.058288,1.057319,698238721.84,627366967.54,eth_getLogs Pool (topic onBehalfOf/user = vault); HF = getUserAccountData at block-1 and block
2026-08-18 03:31:35,25779304,652,0x015cc87f6281e56a9539da3609955d2ea12a6d3abf5670d954bd67e281892e94,Aave V3 Core,0xf0bb20865277abd641a307ece5ee04e79073416c,Borrow,WETH,9500.000000,releverage,1.057338,1.054378,722317347.01,650811705.26,eth_getLogs Pool (topic onBehalfOf/user = vault); HF = getUserAccountData at block-1 and block
2026-08-18 03:31:35,25779304,676,0x015cc87f6281e56a9539da3609955d2ea12a6d3abf5670d954bd67e281892e94,Aave V3 Core,0xf0bb20865277abd641a307ece5ee04e79073416c,Supply,weETH,8623.010949,releverage,1.057338,1.054378,722317347.01,650811705.26,eth_getLogs Pool (topic onBehalfOf/user = vault); HF = getUserAccountData at block-1 and block
2026-08-18 23:32:47,25785288,29,0x7c3f5d1d81a3e54f8759c9505b006e601a5ce3f8cc98c506cf0fa39f38d3c2de,Aave V3 Core,0xf0bb20865277abd641a307ece5ee04e79073416c,Borrow,WETH,9800.000000,releverage,1.054373,1.051486,752009964.90,679428310.41,eth_getLogs Pool (topic onBehalfOf/user = vault); HF = getUserAccountData at block-1 and block
2026-08-18 23:32:47,25785288,53,0x7c3f5d1d81a3e54f8759c9505b006e601a5ce3f8cc98c506cf0fa39f38d3c2de,Aave V3 Core,0xf0bb20865277abd641a307ece5ee04e79073416c,Supply,weETH,8894.932404,releverage,1.054373,1.051486,752009964.90,679428310.41,eth_getLogs Pool (topic onBehalfOf/user = vault); HF = getUserAccountData at block-1 and block
2026-08-19 17:43:23,25790723,306,0xd353a95729c13dca2b2b9a027527ef73427068e1c3a519536901aaba080569df,Aave V3 Core,0xf0bb20865277abd641a307ece5ee04e79073416c,Borrow,WETH,9800.000000,releverage,1.051501,1.022898,813677650.05,755690015.55,eth_getLogs Pool (topic onBehalfOf/user = vault); HF = getUserAccountData at block-1 and block
2026-08-19 17:43:23,25790723,330,0xd353a95729c13dca2b2b9a027527ef73427068e1c3a519536901aaba080569df,Aave V3 Core,0xf0bb20865277abd641a307ece5ee04e79073416c,Supply,weETH,8894.423496,releverage,1.051501,1.022898,813677650.05,755690015.55,eth_getLogs Pool (topic onBehalfOf/user = vault); HF = getUserAccountData at block-1 and block
2026-08-19 17:43:23,25790723,335,0xd353a95729c13dca2b2b9a027527ef73427068e1c3a519536901aaba080569df,Aave V3 Core,0xf0bb20865277abd641a307ece5ee04e79073416c,Withdraw,weETH,9000.000000,releverage,1.051501,1.022898,813677650.05,755690015.55,eth_getLogs Pool (topic onBehalfOf/user = vault); HF = getUserAccountData at block-1 and block
2026-08-20 04:34:11,25793970,382,0x46e8d02da4e400321129ca66601bb8c080bf10f7238882d6314609322f87ffb5,Aave V3 Core,0xf0bb20865277abd641a307ece5ee04e79073416c,Supply,weETH,11343.667918,collateral add,1.022895,1.055502,911796891.06,820658494.70,eth_getLogs Pool (topic onBehalfOf/user = vault); HF = getUserAccountData at block-1 and block
2026-08-21 20:55:59,25806041,502,0x29948e6ee40deba86fb020e334607775f4507c2e7dbbb4ed8e686368b226f027,Aave V3 Core,0xf0bb20865277abd641a307ece5ee04e79073416c,Withdraw,weETH,5000.000000,collateral withdraw,1.055522,1.041149,971129050.98,886109802.20,eth_getLogs Pool (topic onBehalfOf/user = vault); HF = getUserAccountData at block-1 and block
2026-08-31 04:23:23,25872845,61,0x7f97ffca31c302e815d0c739d0121ad88d75081392567f4bb52c6e1fdbc5f24f,Aave V3 Core,0xf0bb20865277abd641a307ece5ee04e79073416c,Borrow,WETH,6325.085788,releverage,1.041206,1.034268,1036500953.93,952050829.31,eth_getLogs Pool (topic onBehalfOf/user = vault); HF = getUserAccountData at block-1 and block
2026-08-31 04:23:23,25872845,85,0x7f97ffca31c302e815d0c739d0121ad88d75081392567f4bb52c6e1fdbc5f24f,Aave V3 Core,0xf0bb20865277abd641a307ece5ee04e79073416c,Supply,weETH,5736.345113,releverage,1.041206,1.034268,1036500953.93,952050829.31,eth_getLogs Pool (topic onBehalfOf/user = vault); HF = getUserAccountData at block-1 and block
2026-08-31 04:23:23,25872845,90,0x7f97ffca31c302e815d0c739d0121ad88d75081392567f4bb52c6e1fdbc5f24f,Aave V3 Core,0xf0bb20865277abd641a307ece5ee04e79073416c,Borrow,WETH,5926.605383,releverage,1.041206,1.034268,1036500953.93,952050829.31,eth_getLogs Pool (topic onBehalfOf/user = vault); HF = getUserAccountData at block-1 and block
2026-08-31 04:23:23,25872845,114,0x7f97ffca31c302e815d0c739d0121ad88d75081392567f4bb52c6e1fdbc5f24f,Aave V3 Core,0xf0bb20865277abd641a307ece5ee04e79073416c,Supply,weETH,5374.955371,releverage,1.041206,1.034268,1036500953.93,952050829.31,eth_getLogs Pool (topic onBehalfOf/user = vault); HF = getUserAccountData at block-1 and block
2026-08-31 04:23:23,25872845,119,0x7f97ffca31c302e815d0c739d0121ad88d75081392567f4bb52c6e1fdbc5f24f,Aave V3 Core,0xf0bb20865277abd641a307ece5ee04e79073416c,Borrow,WETH,5553.229244,releverage,1.041206,1.034268,1036500953.93,952050829.31,eth_getLogs Pool (topic onBehalfOf/user = vault); HF = getUserAccountData at block-1 and block
2026-08-31 04:23:23,25872845,143,0x7f97ffca31c302e815d0c739d0121ad88d75081392567f4bb52c6e1fdbc5f24f,Aave V3 Core,0xf0bb20865277abd641a307ece5ee04e79073416c,Supply,weETH,5036.333182,releverage,1.041206,1.034268,1036500953.93,952050829.31,eth_getLogs Pool (topic onBehalfOf/user = vault); HF = getUserAccountData at block-1 and block
2026-08-31 04:23:23,25872845,148,0x7f97ffca31c302e815d0c739d0121ad88d75081392567f4bb52c6e1fdbc5f24f,Aave V3 Core,0xf0bb20865277abd641a307ece5ee04e79073416c,Borrow,WETH,5203.375802,releverage,1.041206,1.034268,1036500953.93,952050829.31,eth_getLogs Pool (topic onBehalfOf/user = vault); HF = getUserAccountData at block-1 and block
2026-08-31 04:23:23,25872845,172,0x7f97ffca31c302e815d0c739d0121ad88d75081392567f4bb52c6e1fdbc5f24f,Aave V3 Core,0xf0bb20865277abd641a307ece5ee04e79073416c,Supply,weETH,4719.044192,releverage,1.041206,1.034268,1036500953.93,952050829.31,eth_getLogs Pool (topic onBehalfOf/user = vault); HF = getUserAccountData at block-1 and block
2026-08-31 04:23:23,25872845,177,0x7f97ffca31c302e815d0c739d0121ad88d75081392567f4bb52c6e1fdbc5f24f,Aave V3 Core,0xf0bb20865277abd641a307ece5ee04e79073416c,Borrow,WETH,4875.563126,releverage,1.041206,1.034268,1036500953.93,952050829.31,eth_getLogs Pool (topic onBehalfOf/user = vault); HF = getUserAccountData at block-1 and block
2026-08-31 04:23:23,25872845,201,0x7f97ffca31c302e815d0c739d0121ad88d75081392567f4bb52c6e1fdbc5f24f,Aave V3 Core,0xf0bb20865277abd641a307ece5ee04e79073416c,Supply,weETH,4421.744408,releverage,1.041206,1.034268,1036500953.93,952050829.31,eth_getLogs Pool (topic onBehalfOf/user = vault); HF = getUserAccountData at block-1 and block
2026-08-31 04:23:23,25872845,206,0x7f97ffca31c302e815d0c739d0121ad88d75081392567f4bb52c6e1fdbc5f24f,Aave V3 Core,0xf0bb20865277abd641a307ece5ee04e79073416c,Borrow,WETH,2116.140656,releverage,1.041206,1.034268,1036500953.93,952050829.31,eth_getLogs Pool (topic onBehalfOf/user = vault); HF = getUserAccountData at block-1 and block
2026-08-31 04:23:23,25872845,230,0x7f97ffca31c302e815d0c739d0121ad88d75081392567f4bb52c6e1fdbc5f24f,Aave V3 Core,0xf0bb20865277abd641a307ece5ee04e79073416c,Supply,weETH,1919.169718,releverage,1.041206,1.034268,1036500953.93,952050829.31,eth_getLogs Pool (topic onBehalfOf/user = vault); HF = getUserAccountData at block-1 and block
2026-08-31 23:15:35,25878482,473,0xe7677f9009e007ef858dbccaa7a542029aa5dfbbddcba66c7cd5bf8398cbd618,Aave V3 Core,0xf0bb20865277abd641a307ece5ee04e79073416c,Borrow,WETH,4434.849401,releverage,1.034267,1.031179,1097182676.36,1010807426.56,eth_getLogs Pool (topic onBehalfOf/user = vault); HF = getUserAccountData at block-1 and block
2026-08-31 23:15:35,25878482,497,0xe7677f9009e007ef858dbccaa7a542029aa5dfbbddcba66c7cd5bf8398cbd618,Aave V3 Core,0xf0bb20865277abd641a307ece5ee04e79073416c,Supply,weETH,4021.871255,releverage,1.034267,1.031179,1097182676.36,1010807426.56,eth_getLogs Pool (topic onBehalfOf/user = vault); HF = getUserAccountData at block-1 and block
2026-08-31 23:15:35,25878482,502,0xe7677f9009e007ef858dbccaa7a542029aa5dfbbddcba66c7cd5bf8398cbd618,Aave V3 Core,0xf0bb20865277abd641a307ece5ee04e79073416c,Borrow,WETH,4155.453889,releverage,1.034267,1.031179,1097182676.36,1010807426.56,eth_getLogs Pool (topic onBehalfOf/user = vault); HF = getUserAccountData at block-1 and block
2026-08-31 23:15:35,25878482,526,0xe7677f9009e007ef858dbccaa7a542029aa5dfbbddcba66c7cd5bf8398cbd618,Aave V3 Core,0xf0bb20865277abd641a307ece5ee04e79073416c,Supply,weETH,3768.493366,releverage,1.034267,1.031179,1097182676.36,1010807426.56,eth_getLogs Pool (topic onBehalfOf/user = vault); HF = getUserAccountData at block-1 and block
2026-08-31 23:15:35,25878482,531,0xe7677f9009e007ef858dbccaa7a542029aa5dfbbddcba66c7cd5bf8398cbd618,Aave V3 Core,0xf0bb20865277abd641a307ece5ee04e79073416c,Borrow,WETH,3893.660294,releverage,1.034267,1.031179,1097182676.36,1010807426.56,eth_getLogs Pool (topic onBehalfOf/user = vault); HF = getUserAccountData at block-1 and block
2026-08-31 23:15:35,25878482,555,0xe7677f9009e007ef858dbccaa7a542029aa5dfbbddcba66c7cd5bf8398cbd618,Aave V3 Core,0xf0bb20865277abd641a307ece5ee04e79073416c,Supply,weETH,3531.078284,releverage,1.034267,1.031179,1097182676.36,1010807426.56,eth_getLogs Pool (topic onBehalfOf/user = vault); HF = getUserAccountData at block-1 and block
2026-08-31 23:15:35,25878482,560,0xe7677f9009e007ef858dbccaa7a542029aa5dfbbddcba66c7cd5bf8398cbd618,Aave V3 Core,0xf0bb20865277abd641a307ece5ee04e79073416c,Borrow,WETH,2516.036417,releverage,1.034267,1.031179,1097182676.36,1010807426.56,eth_getLogs Pool (topic onBehalfOf/user = vault); HF = getUserAccountData at block-1 and block
2026-08-31 23:15:35,25878482,584,0xe7677f9009e007ef858dbccaa7a542029aa5dfbbddcba66c7cd5bf8398cbd618,Aave V3 Core,0xf0bb20865277abd641a307ece5ee04e79073416c,Supply,weETH,2281.740287,releverage,1.034267,1.031179,1097182676.36,1010807426.56,eth_getLogs Pool (topic onBehalfOf/user = vault); HF = getUserAccountData at block-1 and block
2026-09-14 23:39:23,25979033,136,0xe01bc612feb2279bee45d0c0145b460b9da998a210d917b9a03aba44adcbf6f0,Aave V3 Core,0xf0bb20865277abd641a307ece5ee04e79073416c,Withdraw,weETH,4700.000000,collateral withdraw,1.031298,1.019271,1107119755.81,1031878553.27,eth_getLogs Pool (topic onBehalfOf/user = vault); HF = getUserAccountData at block-1 and block
2026-09-15 04:14:23,25980403,502,0x56a5f2d327bfcefbf918590a35b99aa66d0d5ce7d8e5afececea2e52f334f22f,Aave V3 Core,0xf0bb20865277abd641a307ece5ee04e79073416c,Supply,weETH,7034.510003,collateral add,1.019271,1.037273,1118039283.14,1023970884.98,eth_getLogs Pool (topic onBehalfOf/user = vault); HF = getUserAccountData at block-1 and block
2026-09-15 23:56:59,25986291,472,0x114b7aab051006a2ae9810158833323029cbc5388c9a55670c5af584b3efa8c7,Aave V3 Core,0xf0bb20865277abd641a307ece5ee04e79073416c,Withdraw,weETH,7000.000000,collateral withdraw,1.037283,1.019370,1053735092.51,982026672.36,eth_getLogs Pool (topic onBehalfOf/user = vault); HF = getUserAccountData at block-1 and block
2026-09-16 05:34:47,25987978,169,0x2eecdae4059fd5e3ac374b2c81a0f10c50663acde9f3442a4ce840376c51494c,Aave V3 Core,0xf0bb20865277abd641a307ece5ee04e79073416c,Supply,weETH,6962.680350,collateral add,1.019368,1.037186,1074430186.40,984113514.08,eth_getLogs Pool (topic onBehalfOf/user = vault); HF = getUserAccountData at block-1 and block
2026-09-18 03:15:47,26001629,715,0x37c5252373772f79e0780c776e4c29980a648a9bb3fbc1ad50d11352fb34c01b,Aave V3 Core,0xf0bb20865277abd641a307ece5ee04e79073416c,Withdraw,weETH,4000.000000,collateral withdraw,1.037204,1.026968,1092901343.40,1010992071.12,eth_getLogs Pool (topic onBehalfOf/user = vault); HF = getUserAccountData at block-1 and block
