pool,protocol,chain,symbol,full_pool_usd,all_ETH_family_symbols,ETH_side_usd,reported_apy,reported_apy_base,reported_apy_reward
b99bcdf5-1350-4269-981e-0e9b5cccb007,uniswap-v3,Base,WETH-USDC,162547992,False,,38.44169,38.44169,
fc9f488e-8183-416f-a61e-4e5c571d4395,uniswap-v3,Ethereum,WETH-USDT,110543303,False,,21.8979,21.8979,
665dc8bc-c79d-4800-97f7-304bf368e547,uniswap-v3,Ethereum,USDC-WETH,98508674,False,,4.89134,4.89134,
49717ee2-9808-4288-b76d-e658195b7979,uniswap-v3,Ethereum,USDC-WETH,46897608,False,,13.71615,13.71615,
a043091f-8295-44c4-b6c2-151faee0b8d1,uniswap-v4,Ethereum,ETH-USDC,44525444,False,,8.43839,8.43839,
c5599b3a-ea73-4017-a867-72eb971301d1,uniswap-v3,Ethereum,WBTC-WETH,44470749,False,,0.68062,0.68062,
d59a5728-d391-4989-86f6-a94e11e0eb3b,uniswap-v3,Ethereum,WBTC-WETH,41477346,False,,5.07178,5.07178,
a14bd201-764c-40a5-86b8-2928b2461232,uniswap-v3,Arbitrum,WETH-USDC,36811459,False,,18.07699,18.07699,
bb7e9353-129f-4e01-b822-f4250d0abb8a,uniswap-v3,Arbitrum,WBTC-WETH,35969755,False,,7.00531,7.00531,
281c146e-0332-4199-ada3-e225eef1c7de,uniswap-v4,Ethereum,ETH-USDT,33232054,False,,17.17964,17.17964,
46ac97f1-cb18-40ad-9ae6-b6c31981684c,uniswap-v4,Ethereum,ETH-LINK,22895113,False,,1.6336,1.6336,
d8a6c89a-f323-4362-948d-2ceb42cfe7a6,uniswap-v4,Ethereum,ETH-AZTEC,16922868,False,,0.73274,0.73274,
9507bfe0-3fd8-41dc-b2fc-4752244917fb,uniswap-v4,Ethereum,ETH-WBTC,16586200,False,,1.75887,1.75887,
a9ee1b5f-558b-4e1d-a467-16345e64bc25,uniswap-v3,Ethereum,UNI-WETH,16328056,False,,19.16608,19.16608,
3025b6b3-e95f-490e-ba10-540c9b1b08f9,uniswap-v3,Ethereum,LINK-WETH,14612525,False,,22.68674,22.68674,
d632293f-ebd7-4316-850e-9b5dd4d992f3,uniswap-v3,Base,WETH-CBBTC,14282118,False,,15.86925,15.86925,
84fb00e5-3c59-4878-8ebe-4fd601a861bd,uniswap-v3,Ethereum,WETH-WEETH,13507825,True,,0.0009,0.0009,
472f422f-f809-4764-8169-b3e40e532bb3,uniswap-v3,Ethereum,AAVE-WETH,13095670,False,,18.89413,18.89413,
ddadea36-5269-4780-a88d-7fe99ad20d40,uniswap-v4,Ethereum,ETH-USDC,12051672,False,,34.25759,34.25759,
ae6e650d-2da1-43ee-b960-2adfdf4dc2b7,uniswap-v3,Base,WETH-CBBTC,11626006,False,,6.47218,6.47218,
fbf49c21-4d60-429c-bfb4-e215dcdc2204,sushiswap,Base,WETH-NORMIE,11036561,False,,0,0,
e9ca4d9f-182f-4bb3-9644-77a9953b9624,uniswap-v4,Ethereum,ETH-WBTC,10926230,False,,3.2123,3.2123,
b3665630-8cb7-4aa0-9dfd-c2e52af27045,uniswap-v4,Ethereum,ETH-USDT,10886224,False,,5.70751,5.70751,
d375185a-a911-460d-ad17-0362508660bf,uniswap-v4,Ethereum,ETH-UNI,10321532,False,,19.02144,19.02144,
f7dd8768-77be-4f91-96d6-dd563ac23dd5,uniswap-v3,Ethereum,WETH-USDT,10026481,False,,20.83598,20.83598,
24cfc9c2-8f22-469b-8ec7-a2896e5ac967,uniswap-v4,Base,WETH-BLUEAGENT,9964096,False,,0.00373,0.00373,
8b3cadb9-b9f1-4539-998c-18c02e9e65a0,uniswap-v3,Base,WETH-USDC,9922150,False,,24.56427,24.56427,
b1cfd876-2f08-5df6-9f52-50e46808942e,uniswap-v4,Ethereum,ETH-DHN,9634391,False,,4.47895,4.47895,
f36b3efe-124c-4261-9b8c-29dd39c2b8e8,uniswap-v4,Arbitrum,ETH-USDC,9292066,False,,9.37465,9.37465,
371fd70e-301d-49e0-b072-a8af7470d8d4,uniswap-v4,Base,ETH-POD,9210280,False,,113.8823,113.8823,
775a936e-60bb-422c-bf35-ff970356b580,uniswap-v4,Ethereum,ETH-ZIK,8938673,False,,0.00017,0.00017,
b16b4a73-dde5-4a4d-93d3-5785c4eb4a04,uniswap-v3,Ethereum,LSETH-WETH,8453144,False,,0.02806,0.02806,
3b9bc974-a08d-4b48-82f3-33b8bf1bc6e8,uniswap-v4,Base,ETH-DPHN,7030386,False,,0,0,
0d7a79a7-827f-49cd-adce-c834a5f5b5bf,uniswap-v3,Ethereum,WETH-FOOM,6973240,False,,0,0,
78d075ab-9e77-451b-b390-d8fec7b04143,sushiswap,Ethereum,DELTA-WETH,6822414,False,,0,0,0
ecd0c563-8aa2-423e-b8e9-d3259a316df9,uniswap-v3,Ethereum,WSTETH-WETH,6645187,True,,1.11717,1.11717,
e93c4024-939e-40a9-a198-4a28790cbb9f,uniswap-v3,Ethereum,WETH-RAIL,6598023,False,,3.33918,3.33918,
8b3ed515-5e6f-449a-9b64-25113cda7a29,uniswap-v3,Ethereum,USDC-WETH,6538299,False,,23.78144,23.78144,
efeb2357-5a2b-44a4-8d94-3fd8a82b826c,uniswap-v4,Ethereum,1INCH-WSTETH,6513101,False,,13.88532,13.88532,
49bdce2c-65d0-4bb7-bdc0-dc0d642317e6,uniswap-v3,Arbitrum,WETH-USDT,6427862,False,,9.62892,9.62892,
a0a4cf75-ccd3-4ec3-a7d3-79ca59d33646,uniswap-v3,BNB Chain,ETH-WBNB,6220716,False,,5.34097,5.34097,
f52d4484-76a3-5f08-8f73-367ed0884e70,uniswap-v3,Ethereum,CIRBTC-WETH,6176392,False,,0.27412,0.27412,
b2cca178-6e44-4e34-bdec-693994727bc4,uniswap-v3,Optimism,USDC-WETH,6062982,False,,47.11268,47.11268,
1edc8161-b61a-4c93-afdf-36c9376322b4,uniswap-v3,Ethereum,RCH-WETH,5939465,False,,0.00164,0.00164,
afcd77c4-3900-4bd7-aae8-a8d10edea579,uniswap-v3,Ethereum,WDOGE-WETH,5806381,False,,0,0,
642f316f-f3bf-414b-9536-122c688831e0,uniswap-v4,Base,ETH-USDC,5761607,False,,10.23123,10.23123,
94594b8f-fd0c-48c3-b760-87c8e56b64fa,uniswap-v3,Arbitrum,WETH-USDC,5687740,False,,13.50187,13.50187,
e6922191-75b3-4b30-8258-1a8e09bbe739,uniswap-v3,Ethereum,UNI-WETH,5591443,False,,0.02751,0.02751,
dea7e764-1c6a-4d51-bb35-5f428fc85b57,uniswap-v3,Ethereum,OHM-WETH,5099417,False,,0.93848,0.93848,
30eedaf4-83f7-418b-985b-89478d4b90e6,balancer-v2,Ethereum,BAL-WETH,5043018,False,,0.07356,0.07356,
7434bb67-f79a-4dc7-b3aa-1399a6193fbf,uniswap-v3,Ethereum,WETH-WEETH,4954562,True,,0.57702,0.57702,
add9f7d1-74f7-49e1-b49b-5b2772776708,uniswap-v3,Ethereum,WETH-KCS,4930601,False,,0.6491,0.6491,
55d86ca5-baf3-418f-8f8d-d8f31f287bb1,uniswap-v4,Ethereum,ETH-ADO,4835003,False,,0.23135,0.23135,
ee3c4dff-2f07-40d0-8d4e-3bdd91fe5dcd,uniswap-v4,Ethereum,ETH-WLFI,4822846,False,,3.23598,3.23598,
6e4fddd9-aa03-46dc-9141-9d68ad3b7a55,uniswap-v3,Base,BALD-WETH,4259182,False,,0.00036,0.00036,
1b12d383-6ca1-4047-bae1-28c9c58f04ac,uniswap-v3,Ethereum,WETH-EIGEN,4066580,False,,0.47856,0.47856,
402fc2bb-bf5e-453e-aec0-1a4cef273c03,uniswap-v3,Ethereum,CULT-WETH,4054935,False,,2.84984,2.84984,
201e5f6e-cf75-4d0e-b07f-d58da3cee23a,balancer-v2,Ethereum,WSTETH-AAVE,3926728,False,,4.32072,4.32072,
3a2f2faf-6423-4569-ad93-821c54cbe702,uniswap-v3,Ethereum,WETH-USDT,3902662,False,,8.87205,8.87205,
ab8c01f0-0586-4077-bae8-86b3e05704c3,uniswap-v3,Ethereum,INST-WETH,3780110,False,,3.0789,3.0789,
c7a4d490-cd63-49a2-a969-61854b80344e,uniswap-v3,Ethereum,DAI-WETH,3655208,False,,3.94125,3.94125,
a0240b73-abf8-43dd-8f6e-cc3cc9774d64,uniswap-v4,Arbitrum,ETH-USDC,3552146,False,,7.79233,7.79233,
f820ac25-379b-5b24-b6b2-61cd0f48f3e9,uniswap-v4,Ethereum,ETH-VIBE,3541658,False,,164.27462,164.27462,
4961bfb7-5a6c-4d50-a39f-f9cb8d678304,uniswap-v3,Base,WETH-AIRDROP,3489367,False,,0.0002,0.0002,
28cf95d4-a150-489c-a492-ec6a178f82ba,uniswap-v4,Ethereum,USDC-WETH,3443596,False,,0,0,
0f11964a-2ccc-4a44-a848-d743c7d836c4,uniswap-v3,Base,WETH-BORED,3436365,False,,0.00016,0.00016,
74af654d-1d20-448a-8f8b-151d4c1df070,uniswap-v4,Base,WETH-SURPLUS,3412872,False,,39.62532,39.62532,
392c849a-c9da-4673-bd30-47e279fee8ed,uniswap-v4,Ethereum,ETH-STKGHO,3027948,False,,0,0,
d8490bb4-a01e-4f21-aaaf-15e6e953951d,uniswap-v4,Ethereum,ETH-SYRUP,2998724,False,,34.75425,34.75425,
14452c51-acd7-44cf-90a1-b4055497f506,uniswap-v4,Ethereum,WBTC-WSTETH,2994015,False,,4.81805,4.81805,
5a7ea2ca-8651-487e-90ca-e7b06102a050,uniswap-v3,Ethereum,ENA-WETH,2947375,False,,41.46477,41.46477,
721c17e7-d8e9-4288-8436-16c27ad264df,sushiswap,Ethereum,WBTC-WETH,2750375,False,,0.26567,0.26567,0
e9440a04-578f-43b8-8c53-c44c1187183d,uniswap-v3,Ethereum,WTAO-WETH,2714571,False,,154.7155,154.7155,
674bdd49-b1cc-4345-b75e-5bd7df953838,uniswap-v3,Ethereum,FRXETH-FRAX,2710930,False,,1.12458,1.12458,
5921fee6-b25f-4cd9-9cc4-fb07fe83ea89,uniswap-v3,Arbitrum,WETH-GMX,2674473,False,,0.2184,0.2184,
908fff6a-287e-4c25-93ed-40acc4effab5,uniswap-v4,Ethereum,ETH-CTM,2613741,False,,0,0,
2bb5e61e-0ed0-4c05-b791-6e3aa146875c,uniswap-v3,Base,BNKR-WETH,2575563,False,,10.89333,10.89333,
a673879e-cf84-4ff6-8561-f7734133bade,uniswap-v3,Ethereum,PEPE-WETH,2475954,False,,4.26648,4.26648,
50d36d6b-f56c-4b9a-a256-7089f8b804f3,uniswap-v3,Ethereum,WETH-NOW,2394981,False,,0.04756,0.04756,
3b2d4cfc-42d8-46fa-94bb-c052909d88cd,uniswap-v4,Ethereum,WETH-USDT,2391504,False,,0,0,
0a0f10c7-ddb9-4a35-afde-f8efd8c6a8f1,uniswap-v3,Ethereum,SHIBA2-WETH,2375198,False,,1.96312,1.96312,
a951524d-177e-423b-bcf7-a172b376a08d,sushiswap,Ethereum,ILV-WETH,2272705,False,,12.50612,12.50612,0
e1db7b57-d7d5-4e2c-bcad-3e6068c4f7a5,uniswap-v4,Base,ETH-CBBTC,2233585,False,,11.27873,11.27873,
8e8812ec-9057-4940-b48f-7e27e188d29c,uniswap-v4,Ethereum,ETH-AAVE,2231098,False,,12.99312,12.99312,
3ecb98f0-9dc2-40ac-9722-32d944163779,uniswap-v4,Ethereum,ETH-USDC,2225850,False,,8.78428,8.78428,
6887ef5f-3f5e-5739-b926-cc121caa6497,uniswap-v4,Ethereum,ETH-FOLD,2160509,False,,46.03119,46.03119,
e72b5f97-7631-4f13-a251-39d798750f6a,uniswap-v3,Arbitrum,HEGIC-WETH,2078947,False,,0.00111,0.00111,
2fd898f9-5978-498f-9edf-39a4fb8137c9,uniswap-v4,Ethereum,ETH-PNKSTR,2017938,False,,0,0,
39980ed4-31dd-4216-a7c7-1b878f367807,balancer-v2,Ethereum,WBTC-WETH,2004343,False,,0.22447,0.22447,0
3e9da80c-274d-4f55-8421-7439d4ef429d,uniswap-v3,Arbitrum,WETH-ARB,1934537,False,,53.61585,53.61585,
761d4f93-d2dc-4601-a1e3-f09e62c77405,uniswap-v4,Ethereum,ETH-VSN,1848280,False,,3.21129,3.21129,
05171ab2-0920-42fd-8cea-660548b9ea58,uniswap-v3,Ethereum,WETH-METH,1822643,True,,0.9104,0.9104,
b7c4bd5c-cb8e-4317-9ee0-b9e0109bdaed,uniswap-v3,Ethereum,AIOZ-WETH,1813536,False,,15.45557,15.45557,
0238a455-cd4d-448e-9529-0d0d0beee660,uniswap-v3,Ethereum,SKY-WETH,1743119,False,,82.18237,82.18237,
2d8f7a82-79b7-4cb0-96aa-dcda4bfaf688,uniswap-v3,Ethereum,FET-WETH,1721725,False,,155.01241,155.01241,
455c4729-92b2-45e3-8cb5-144d5ac9f5f9,uniswap-v4,Ethereum,ETH-UPEG,1716518,False,,6.26337,6.26337,
0118c145-1731-4f14-91e1-830ea664dafc,uniswap-v4,Ethereum,ETH-SHX,1692578,False,,11.36088,11.36088,
c0df01e0-83d2-4cb4-bbd7-54c1bb14ca5c,uniswap-v3,Base,WETH-PANANA,1647044,False,,0,0,
41273999-c799-420e-ae8b-2d8c6c6ab0fa,uniswap-v3,Base,CLANKER-WETH,1629005,False,,2.43862,2.43862,
45442536-fe46-4c20-8cf9-f2bf9d625b59,uniswap-v3,Base,DRB-WETH,1605576,False,,123.77989,123.77989,
fe2d7c08-41e2-4998-95f5-e396739bfb7c,uniswap-v4,Arbitrum,ETH-WBTC,1603108,False,,0,0,
d3b1a737-7ca2-4ef1-805b-67cb3d514118,uniswap-v4,Ethereum,ETH-USDT,1590934,False,,0.00316,0.00316,
54e12c68-2a8c-4277-9aef-af4b78e6c2a4,uniswap-v3,Base,WETH-AERO,1552996,False,,39.18477,39.18477,
3f500684-b3f6-478f-ae1b-51924e6db1ee,uniswap-v3,Ethereum,COMP-WETH,1552521,False,,0.09808,0.09808,
60eb38e8-3686-4b70-be8c-0e04b138e8e4,uniswap-v3,Ethereum,RFD-WETH,1550531,False,,1.92926,1.92926,
a0653f73-8c6b-4c01-a9bb-92bb4c872100,uniswap-v3,Ethereum,COMP-WETH,1515804,False,,0.30766,0.30766,
c0288de1-2d00-457c-ab70-56e3a6295dcc,uniswap-v3,Ethereum,DOG-WETH,1507158,False,,0.01308,0.01308,
a0588b97-12c2-4d2a-9735-24da4dde450c,uniswap-v3,Polygon,WBTC-WETH,1500495,False,,5.25816,5.25816,
f6c31668-606a-4ebe-a357-c46bb47c38b9,uniswap-v3,Base,WETH-TICKER,1454097,False,,0.0131,0.0131,
e1174fe8-0705-4f83-9690-7c3a3983e6ac,uniswap-v4,Arbitrum,ETH-USDT,1443435,False,,6.51551,6.51551,
67958842-74c0-4d3e-b113-5e6cf83893b6,uniswap-v3,Ethereum,WETH-ONDO,1437053,False,,80.17971,80.17971,
f40da205-8c3e-446c-bbcd-298cb183d323,uniswap-v4,Ethereum,WSTETH-PNK,1433471,False,,0,0,
32222246-9bc0-420b-b608-2c39dd0bb35c,uniswap-v3,Ethereum,SERV-WETH,1430367,False,,27.23871,27.23871,
f5f8a183-f9f3-42f9-9316-69fd87acf698,uniswap-v4,Ethereum,WSTETH-WLFI,1416329,False,,0,0,
53552b29-1dac-4aec-8034-c5a486b2a8a1,uniswap-v4,Base,WETH-MOLT,1403209,False,,0.73708,0.73708,
9d4a1670-ef5e-4429-871b-129fde240c0e,uniswap-v4,Ethereum,WSTETH-WEETH,1402105,True,,0.95075,0.95075,
ad4acc7e-f5d4-411f-8774-7744f806cc89,uniswap-v3,Ethereum,TREE-WETH,1392843,False,,0.05838,0.05838,
bd6a0930-845b-4d5c-becd-368e7ec66ec2,uniswap-v3,Ethereum,NEXO-WETH,1388182,False,,1.06929,1.06929,
376a7ef5-cd10-4164-8247-3417c9983f35,balancer-v2,Polygon,WBTC-USDC-WETH,1370387,False,,0.48237,0.48237,0
30946957-e36a-4867-8273-795e8e40208a,uniswap-v4,Base,WETH-GITLAWB,1366687,False,,56.7516,56.7516,
e7ecd9b5-5bcc-40bf-be46-f8bdbf4d0a30,uniswap-v3,Base,WETH-DOGINME,1328958,False,,9.64316,9.64316,
4b7680b1-3bbc-42a3-88c8-b1cb5d66f6cb,uniswap-v4,Base,ETH-DOT,1323450,False,,85.46587,85.46587,
a9d531ad-7883-41ae-ad3b-ad4f37decf92,uniswap-v3,Base,WETH-BRETT,1312455,False,,8.12133,8.12133,
47d34a64-2fd2-44dc-aae8-38d2e95d7da4,uniswap-v4,Ethereum,ETH-CFG,1305303,False,,18.32057,18.32057,
cd7dd7fa-e34c-4cf0-af2b-6d13438f3852,uniswap-v3,Arbitrum,WETH-LINK,1303909,False,,31.79584,31.79584,
94bc651b-84b2-4d6f-99f3-4ecaac2af47a,uniswap-v4,Base,WETH-AEON,1240461,False,,61.15756,61.15756,
c9ddb742-da41-521d-83c1-dc386ac6e1a7,uniswap-v4,Ethereum,ETH-ETHFI,1220853,False,,0,0,
0023426a-e6e6-4eca-8b84-6cd29b03570d,sushiswap,Ethereum,WETH-RAIL,1217537,False,,3.49345,3.49345,0
332c741c-cbd3-56db-aea8-c7c88c20eeea,uniswap-v4,Ethereum,ETH-AUR,1206128,False,,0,0,
ee01656a-8aa1-465a-bc30-b80d6821edb0,uniswap-v3,Base,WETH-TOSHI,1195206,False,,17.22751,17.22751,
7f1c4126-3998-4334-9ce3-c640e869d682,uniswap-v3,Ethereum,SYRUP-WETH,1193654,False,,61.34442,61.34442,
5923fed9-8eab-484e-854b-9f19df22d519,uniswap-v4,Ethereum,ETH-EUL,1170860,False,,12.03711,12.03711,
bceed234-64c8-448a-b5fa-7da3c6fc5307,uniswap-v3,Ethereum,WETH-ETH+,1163859,True,,0.00871,0.00871,
77c0d868-9f87-41f1-980f-990cca319f08,uniswap-v3,Base,UXRP-WETH,1124035,False,,5.73473,5.73473,
2e719733-9484-4fb8-b3c0-88f856400c7f,uniswap-v4,Arbitrum,ETH-GMX,1115871,False,,0,0,
5de03d0f-15c0-4bb5-9a18-26d03339c057,uniswap-v3,Ethereum,DAI-WETH,1113207,False,,2.4579,2.4579,
9fb44210-2b23-4b7d-8f2f-aba82b93843e,uniswap-v3,Arbitrum,WETH-USDC.E,1110959,False,,0,0,
715b3905-9730-4663-afd7-738f24003e94,uniswap-v3,Ethereum,GENO-WETH,1103047,False,,0.02617,0.02617,
50f50e9d-4720-45e7-9285-e0fccfbd946a,uniswap-v3,Ethereum,BITCOIN-WETH,1102955,False,,11.30055,11.30055,
a978c15f-c41a-433b-b02f-3434256ba66f,uniswap-v3,Arbitrum,PENDLE-WETH,1084771,False,,20.62218,20.62218,
6ff6c77c-ce75-4e2b-b677-59cd0679c251,uniswap-v4,Ethereum,ETH-STRAT,1082110,False,,0,0,
44f437aa-baa7-48a7-b403-10bc0ca24500,uniswap-v3,Arbitrum,MOR-WETH,1057053,False,,1.24712,1.24712,
789a87fa-2dc5-46ac-a4f9-f382a9b508bd,uniswap-v3,Ethereum,WETH-SOL,1055313,False,,23.39969,23.39969,
3ee182aa-d85d-4457-aa02-6f28cb257f97,uniswap-v4,Ethereum,ETH-PNKSTR,1024247,False,,16.24166,16.24166,
86384313-4ef1-4f04-ad58-ec8a45332690,uniswap-v3,Ethereum,WETH-REKT,1024177,False,,1.21127,1.21127,
2e85ff4a-54a1-4402-b6dd-80777c6a0513,uniswap-v4,Ethereum,ETH-RETH,1023687,True,,0.16605,0.16605,
97fc03e7-ae76-47af-8b34-8a2b129bc29c,uniswap-v3,Base,WETH-COCORO,1021919,False,,0.2826,0.2826,
8e9e1b3a-c151-545e-bc96-659d7059d970,uniswap-v4,Ethereum,ETH-AGL,1006465,False,,0,0,
79f61c56-85e0-5248-aa73-ada24ca485fd,uniswap-v4,Ethereum,ETH-FWA,996720,False,,0,0,
e3004fe1-6e4b-4011-9be2-848052c8634c,uniswap-v3,Ethereum,BABYDOGE-WETH,984899,False,,0.41694,0.41694,
419b6dd6-12fd-4aa7-b2d9-2d9dec3a8333,uniswap-v4,Ethereum,ETH-01,983651,False,,24.68679,24.68679,
a24f24d4-c90c-4793-a97c-0332c7ff563a,uniswap-v3,Ethereum,RETH-WETH,981125,True,,6.29397,6.29397,
2ec84b50-59e5-49e6-ab12-41e99ed32a8c,uniswap-v3,Arbitrum,WSTETH-WETH,980211,True,,3.28891,3.28891,
982e1493-352b-4f2f-bf47-d9c078365717,uniswap-v4,Base,ETH-USDC,975825,False,,13.97186,13.97186,
65f92e91-63be-4595-b9ec-52206a540a0d,uniswap-v3,Ethereum,WETH-ANYONE,973633,False,,29.58463,29.58463,
67e1af02-d186-47bd-bd0f-584f1d115548,uniswap-v3,Arbitrum,RAIN-WETH,967531,False,,3.87824,3.87824,
2c32828c-2105-406e-b76a-57599f1dc97c,uniswap-v3,Ethereum,QNT-WETH,961092,False,,265.18626,265.18626,
696e74d5-1d32-47b1-86ff-082d687d3607,uniswap-v3,Base,WETH-PRESALE,944362,False,,0,0,
c7714910-5e58-42a8-b82b-65d2de7bf747,uniswap-v4,Base,WETH-BOTCOIN,943322,False,,0.04603,0.04603,
763b3beb-83af-4f6b-aa1d-3cb5f328fa2f,uniswap-v4,Arbitrum,ETH-DOT,939297,False,,0,0,
266d789b-b15b-42ee-b2c0-29270175df2f,uniswap-v4,Ethereum,ETH-DMT-NAT,938926,False,,10.38394,10.38394,
1683ae68-ff16-4fcf-823b-0ffc6f87d601,uniswap-v4,Base,WETH-CLAWD,924696,False,,4.29024,4.29024,
29dfd344-45c0-4467-bf86-7b3485ce76e2,uniswap-v4,Ethereum,ETH-ADS,915257,False,,0.28756,0.28756,
7ba3c8d4-8acf-418d-8fe5-f35916d45363,uniswap-v4,Base,LFI-WETH,913048,False,,82.14698,82.14698,
ccc0d82d-c94f-406f-ace2-20b2ec5e278a,uniswap-v3,Base,WETH-MORPHO,908210,False,,108.5584,108.5584,
837e4537-801e-5b3b-9520-f624b663b22b,uniswap-v3,Ethereum,WSTETH-BIC,892626,False,,0.22161,0.22161,
7dd7784d-70e6-4fb5-8061-4638805637fa,uniswap-v4,Ethereum,ETH-USUAL,890297,False,,11.75006,11.75006,
fc5788b4-916d-4909-85f2-1d25e5a1000d,uniswap-v4,Base,WETH-EAT,887995,False,,0.68727,0.68727,
7f8017d4-98f7-4e4c-b626-c4863ba4d356,uniswap-v4,Ethereum,ETH-MORPHO,881083,False,,3.19587,3.19587,
ea2b2c7a-39d9-41e4-8805-edc765de73c2,uniswap-v3,Base,WETH-DEGEN,862092,False,,5.00383,5.00383,
61d9b656-e4e8-4b6b-8659-06131995b499,uniswap-v3,Ethereum,USDC-WETH,861000,False,,3.59523,3.59523,
48bf02ba-60e3-429f-af72-384a0f4f0a81,uniswap-v3,Ethereum,HUNT-WETH,860208,False,,0.57691,0.57691,
d81e646f-c77f-4025-bf8b-0a8976ea5a71,uniswap-v4,Ethereum,ETH-WOCT,851106,False,,2.89756,2.89756,
9e666bc6-8c20-46b5-ae4a-0765724872e0,uniswap-v3,Ethereum,SHI-WETH,850377,False,,0.16645,0.16645,
b71f50a6-9744-4399-9578-70cdbfd00808,uniswap-v4,Ethereum,ETH-CRO,838458,False,,13.58001,13.58001,
a2e5a9de-0d91-4795-bfcd-a39845ee35a7,uniswap-v4,Base,ETH-USDC,835672,False,,1.67449,1.67449,
cf2fed69-253b-4a63-b3a4-c5011805b04a,uniswap-v3,Avalanche,WETH.E-WAVAX,834553,False,,13.6651,13.6651,
14d11019-8d05-43b9-8ab9-f9baeb9e70fa,uniswap-v3,Arbitrum,WBTC-WETH,828019,False,,2.32291,2.32291,
bfdfd932-979c-4a12-8381-d7fa5db9b020,uniswap-v3,Ethereum,TONCOIN-WETH,823873,False,,10.66466,10.66466,
c7120c7c-7aa2-417d-b499-8db0f5ff6430,uniswap-v3,Base,WETH-CMC20,823712,False,,1.49642,1.49642,
0b978e13-b787-4bac-a3db-cc5754d50cf0,uniswap-v3,Ethereum,WETH-CBBTC,815811,False,,6.76036,6.76036,
4754deb7-b94b-4874-82c3-a5e6c6b00dd0,uniswap-v3,Ethereum,WETH-BSSB,814692,False,,0,0,
b5284d13-348a-404e-a57a-701883bd2c0b,uniswap-v3,Ethereum,VSTR-WETH,808096,False,,0.23734,0.23734,
f152a018-6cc6-4614-8b56-fe4548773cd4,uniswap-v3,Ethereum,WETH-PUFETH,805797,True,,0.00529,0.00529,
b39eb4b4-e692-4a18-a802-e127773a6563,uniswap-v3,Ethereum,WALLET-WETH,801461,False,,22.04214,22.04214,
08095962-7fd3-4319-ae45-7a02316c788b,uniswap-v3,Optimism,WETH-WBTC,796348,False,,0,0,
573d6b65-f98d-4952-9f45-e7f031eebcb0,uniswap-v3,Ethereum,IMPT-WETH,788997,False,,0.65337,0.65337,
8b308db5-44cf-477b-8432-9c38abdabb89,uniswap-v4,Ethereum,ETH-DAI,784588,False,,2.1415,2.1415,
b000c1b5-b484-4349-8cec-c7cba2da7254,uniswap-v4,Base,WETH-KELLYCLAUDE,775938,False,,6.24914,6.24914,
2541ed5b-65e0-401a-bde8-f261ba78817b,uniswap-v3,Base,WETH-USDC,772914,False,,17.06213,17.06213,
1cc9980b-7c86-4303-955e-94c7840c5eea,sushiswap,Ethereum,WETH-ALCX,769831,False,,0.69591,0.69591,0
10b8f396-3ec6-47e1-9823-07c616e3bfd6,uniswap-v3,Ethereum,LCAI-WETH,769163,False,,1.233,1.233,
935f2256-3107-4ffb-a1b9-4b1c2ec2b732,uniswap-v4,Base,WETH-CLAWNCH,759084,False,,0.23445,0.23445,
9965d9da-c995-4e31-b8de-ba431d88b16c,uniswap-v3,Ethereum,WNXM-WETH,754456,False,,0.2666,0.2666,
cb966a46-20d1-4b93-b58b-b6fc03dcd5df,uniswap-v4,Base,WETH-CONWAY,744565,False,,533.4293,533.4293,
b9887f2f-8d21-4c7f-8265-798b7748766c,uniswap-v4,Ethereum,ETH-LSK,742405,False,,21.76286,21.76286,
fa10346f-5056-49ad-afac-9400688e44ed,uniswap-v3,Ethereum,WETH-ENS,724207,False,,3.80125,3.80125,
c7bb64fd-ed91-4d17-a3c3-b42e015f6851,uniswap-v4,Ethereum,ETH-IXS,714617,False,,54.51573,54.51573,
7755b02a-ba25-4025-85c7-77908d78c486,uniswap-v3,Polygon,USDC-WETH,703641,False,,29.20576,29.20576,
66257bbe-9c73-44f8-a2b0-05a5b9fc94c5,uniswap-v3,Ethereum,SAN-WETH,691967,False,,0,0,
33357fad-77e5-58d4-b92c-03a7159b87f8,uniswap-v4,Ethereum,ETH-SEND,691343,False,,163.10343,163.10343,
7d288858-94b1-4217-ad09-5992bdea59ae,uniswap-v3,Ethereum,METIS-WETH,688782,False,,4.50159,4.50159,
d757fc0c-e9d1-4f8c-af1a-d78e341f5f96,uniswap-v3,Ethereum,RLB-WETH,678001,False,,4.983,4.983,
6e54e59d-43ae-4d2c-8c87-1d8c7e71710d,uniswap-v3,Polygon,WETH-INST,673825,False,,15.09451,15.09451,
13efeee4-02ce-42aa-9883-23be783b90b5,uniswap-v4,Ethereum,ETH-WOO,672242,False,,11.21642,11.21642,
2fc9c593-f66b-4d05-b474-87ebc13ce378,uniswap-v3,Ethereum,LDO-WETH,669244,False,,30.1494,30.1494,
def4fcc7-3a5f-486d-92a7-cc4477bdf97c,uniswap-v3,Base,WETH-BSDETH,668190,False,,0,0,
e10173b8-0307-4837-abd6-125f87c052fd,uniswap-v3,Ethereum,PIN-WETH,663568,False,,28.73396,28.73396,
c90f12c1-b9fe-4854-8ed4-209015e293ba,uniswap-v4,Ethereum,ETH-WC2026,653877,False,,0,0,
92c55c31-9892-414b-81ce-fb11470763a4,uniswap-v3,Ethereum,POWR-WETH,650895,False,,0.64949,0.64949,
b1ff3e89-14a0-42a1-b760-716304387201,sushiswap,Ethereum,WETH-USDT,646896,False,,1.30607,1.30607,0
337fa189-6b19-4d97-ade4-3d6439355cc5,uniswap-v4,Ethereum,ETH-CHMPSTR,642612,False,,0,0,
485cbeb8-9b0e-4808-84fe-0fc74c276b3e,uniswap-v4,Base,CLAWBANK-WETH,640371,False,,4.11453,4.11453,
9b020193-6072-46d1-a429-41a4450ab275,uniswap-v3,Ethereum,ADI-WETH,634939,False,,1.63057,1.63057,
3e406e0c-c916-4a02-b40e-558e67d37983,uniswap-v3,Base,VIRTUAL-WETH,633786,False,,60.40286,60.40286,
60fb1e0c-a02a-416e-b9e3-6e7eedfe4111,uniswap-v3,Base,WETH-BEBE,630332,False,,0,0,
7bea7dc6-2704-4255-ab6e-cff914f129f4,uniswap-v3,Ethereum,APUFF-WETH,627524,False,,0.02276,0.02276,
5cc88220-1e3f-4429-8f7b-876242c0e7a9,uniswap-v4,Ethereum,ETH-SOL,625783,False,,27.49017,27.49017,
f8931ddf-5ef0-4eb6-9ddf-718cd3f1a172,uniswap-v3,Ethereum,STETH-WETH,614091,True,,0.02066,0.02066,
b316d495-5e1a-4104-b8fa-a1d9188bb519,uniswap-v3,Polygon,WETH-USDT,613515,False,,10.46557,10.46557,
1156f9c3-a099-4ff6-993c-e5afe00a16b1,uniswap-v4,Ethereum,ETH-RED,610309,False,,33.67071,33.67071,
26ea467f-3c63-4b35-9f21-983f7a2cdb0e,balancer-v2,Ethereum,QI-WETH,607866,False,,0,0,
3ea03bb2-0fda-4280-9389-f76c5b75ff2b,uniswap-v3,Base,WETH-USDC,605280,False,,45.5348,45.5348,
919f50a0-1f61-4082-86e9-eb1eec8c82be,uniswap-v3,Ethereum,ICP-WETH,596247,False,,12.0463,12.0463,
e5b797bf-25ad-4939-8afd-afec64a5112d,uniswap-v4,Ethereum,ETH-LDV,586888,False,,0,0,
b2c273b6-8aa3-46bf-a1e7-886a25172cd7,uniswap-v3,Ethereum,WETH-MATH,586654,False,,0,0,
cf56d05a-7b22-469a-9728-9f04d26d9be5,uniswap-v3,Ethereum,WBTC-WETH,586128,False,,6.73463,6.73463,
cedb1cd2-ecd9-4b76-ae63-6d6f95a81578,uniswap-v3,Ethereum,BOTTO-WETH,585816,False,,0,0,
2694bfce-2549-4a1b-85fa-e46cbf2d9226,uniswap-v4,Ethereum,ETH-HUNT,584412,False,,0.29346,0.29346,
0d91ce59-256a-4b7a-a156-357a8df9cc32,uniswap-v3,Ethereum,LQTY-WETH,583816,False,,8.53265,8.53265,
a29cd7cc-3475-4110-bc74-85226d53614a,uniswap-v3,Base,WETH-USOL,583570,False,,5.30346,5.30346,
fe449b5c-b996-40ea-84f9-9e1f625a8979,uniswap-v3,Arbitrum,WETH-RNG,582997,False,,0,0,
b83858da-a1dd-49e3-b776-0f4f78bd3ebc,sushiswap,Ethereum,LFG-WETH,581240,False,,0,0,0
210791a3-32da-49d2-8987-eaad8ea715d7,uniswap-v3,Ethereum,HAIR-WETH,579624,False,,1.15802,1.15802,
a8a67ce9-3f86-4272-a305-d4b2abd58783,uniswap-v3,BNB Chain,ETH-BTCB,578981,False,,15.78385,15.78385,
77ae54c8-0aaa-4238-9726-5607ad43f2b2,uniswap-v4,Ethereum,ETH-WSTETH,577585,True,,0.25895,0.25895,
3556c2a8-b3dc-41ff-b0ff-28fcf07b6832,uniswap-v3,Polygon,WETH-AAVE,575395,False,,34.74672,34.74672,
f6635031-e5f8-4a99-9b46-4fd160859cf7,uniswap-v3,Ethereum,PANDORA-WETH,567411,False,,0,0,
e7b68066-17e2-47ea-beac-4501dda37557,uniswap-v3,Ethereum,WETH-SURE,562096,False,,0,0,
59859e12-07e7-485c-bda6-582f95c28896,uniswap-v3,Ethereum,MRF-WETH,558697,False,,0.02257,0.02257,
415084d5-948c-4a27-a596-3ed9319f8a24,uniswap-v3,Arbitrum,CRV-WETH,556639,False,,35.72092,35.72092,
781a03a7-9af7-4438-bc9d-0da25e02a84a,uniswap-v4,Base,ETH-PITCH,556120,False,,0.01545,0.01545,
ac07786b-d316-4ce9-9b48-cc36e18604e0,uniswap-v3,Ethereum,MET-WETH,552494,False,,0,0,
0819e3de-5fa4-4ca9-9d28-2de9ad11124d,uniswap-v4,Ethereum,ETH-USDT,550186,False,,15.78067,15.78067,
432f25f3-bb7f-4077-af0e-a3b26b9f0b8d,uniswap-v4,Base,LIQ-WETH,549745,False,,0.05907,0.05907,
84614aba-7e06-4b6c-85b9-6189d2fcf807,uniswap-v4,Ethereum,ETH-XAUT,548914,False,,20.93176,20.93176,
fa445f86-e81e-403f-91a1-7330f0b1a9b7,uniswap-v4,Ethereum,ETH-KIT,548327,False,,0,0,
c8792653-c34f-4327-b708-24a32a1b4504,uniswap-v4,Polygon,KIT-WETH,546633,False,,0,0,
b241433a-e7a0-4d38-b14d-2cfdd1028ec8,uniswap-v3,Base,WETH-TREE,538809,False,,0.15066,0.15066,
937ecabb-2a50-4ee9-b263-0fab48baf622,uniswap-v4,Ethereum,ETH-STRATO,536448,False,,0,0,
16d02052-eacb-43e3-bc46-076efa813fd1,uniswap-v4,Arbitrum,ETH-EVA,535732,False,,0,0,
bda4aa41-8d75-4131-8999-f07c5c34c2a0,uniswap-v4,Ethereum,ETH-EURC,535030,False,,11.33526,11.33526,
390c4f6f-1c83-413e-861d-3df3de2f38cb,uniswap-v3,Base,WETH-NOJEET,533709,False,,0,0,
71bde61d-42d1-4b94-a5e2-54c62b245d60,uniswap-v3,Base,WETH-AERO,532325,False,,1.52716,1.52716,
1fa98e6f-ec3a-4b59-9df4-01ed9ec4930f,uniswap-v4,Ethereum,ETH-ASTEROID,526136,False,,0.00056,0.00056,
f7f41174-e5dc-4004-a30b-c5824ee13599,uniswap-v3,Ethereum,MUBI-WETH,517748,False,,0.66562,0.66562,
c770eb58-49db-492d-b42c-11acedff8ce1,uniswap-v4,Base,WETH-RATSPEAK,516769,False,,8.09879,8.09879,
4ed44cc7-d8cc-41fc-9362-9f891f49a860,uniswap-v3,Base,WETH-ELONRWA,513593,False,,0.0247,0.0247,
d3d6eb6a-4bf9-4a16-947f-6ce7d5399959,uniswap-v3,Ethereum,KROM-WETH,513429,False,,0.00052,0.00052,
f70763d9-cfe1-59a9-97b9-ecf7602fd227,uniswap-v4,Base,ETH-VAPI,512765,False,,0,0,
f2cac107-8fa7-4789-8dd9-0c7dac5ce745,uniswap-v4,Base,WETH-CLAWSTR,512124,False,,0.00366,0.00366,
139ea625-dbd0-4ffc-a286-af386a9fd64b,uniswap-v3,Ethereum,WAAC-WETH,511242,False,,0.11497,0.11497,
9112c2c0-a25d-4910-958b-c227045edf42,uniswap-v3,Ethereum,WETH-CRV,510873,False,,10.06766,10.06766,
6c4d865c-b5ef-4ad5-a9c6-036ba2bff37c,uniswap-v4,Ethereum,ETH-HYSG,509195,False,,0,0,
1e7880a1-6217-482e-8053-2d4cc3f71931,uniswap-v3,Ethereum,TRAC-WETH,507081,False,,108.14116,108.14116,
534c936a-4d0d-55fc-be4f-e14ed5e4bb6d,uniswap-v4,Base,ETH-BASECAT,505797,False,,0,0,
0fa4b16d-c867-4764-b20d-d764b48b1fb2,uniswap-v4,Base,ETH-HUNT,505247,False,,1.43109,1.43109,
29e592ff-e03d-48df-9e23-215d36cea005,uniswap-v4,Ethereum,ETH-H,501085,False,,0,0,
1d4a3ec7-b725-4281-9013-638bb81ced9d,uniswap-v3,Ethereum,YNG-WETH,500075,False,,0.58629,0.58629,
354af3af-3b33-4b0d-a17a-f39a1b46e905,uniswap-v4,Ethereum,ETH-SKY,499258,False,,27.63681,27.63681,
68cfeea2-aabe-4e39-8608-b8cfd97c2996,uniswap-v4,Ethereum,ETH-VIBESTR,494336,False,,0,0,
96d547e7-441d-426d-8261-fe41f45b98ba,uniswap-v3,Ethereum,UNCX-WETH,491975,False,,0.01109,0.01109,
2350eb4c-ff90-435b-b44c-eef026c3db07,uniswap-v3,Ethereum,STK-WETH,487592,False,,0.36696,0.36696,
0c3fbdf4-55a5-4f40-b101-83106a40bde7,uniswap-v4,Ethereum,ETH-CRV,487090,False,,32.01081,32.01081,
787b6f59-e71a-4856-918d-a2f62abcaafc,uniswap-v4,Ethereum,ETH-STETH,484992,True,,0.40465,0.40465,
d68f716b-d900-45f5-9ad7-1d84d3532937,uniswap-v3,Arbitrum,ARC-WETH,482566,False,,9e-05,9e-05,
9337a681-156f-4ee5-91f0-84ad73b26c32,uniswap-v4,Ethereum,ETH-1INCH,481992,False,,0.77621,0.77621,
95fd15b0-f05e-470f-a87b-ac3d58c2d9a0,uniswap-v3,Arbitrum,WETH-AAVE,477217,False,,33.91356,33.91356,
1666d5a3-22ab-456c-9ef7-66bba0733c39,uniswap-v3,Base,WETH-VVV,475322,False,,95.85269,95.85269,
e6d3edc1-aaa5-4ab0-baf8-63b553a8139e,uniswap-v4,Ethereum,ETH-ONDO,474456,False,,31.36846,31.36846,
d2ccaf83-764d-4df3-9e8f-f89af4a2453d,uniswap-v4,Ethereum,ETH-PENX,472386,False,,0,0,
53aec296-bf0d-5fd9-bc2e-f5b9891257df,uniswap-v3,Base,WETH-STONKEX,470109,False,,323.94822,323.94822,
6688893b-a805-4d7a-8b46-3765ba12dabb,uniswap-v4,Ethereum,ETH-API3,466825,False,,14.80025,14.80025,
4fa22b31-c3c9-453b-bdaf-9bea60985d01,uniswap-v3,Ethereum,SNT-WETH,462498,False,,1.32919,1.32919,
0e4a4a80-55e3-4d34-b545-642b9c495176,uniswap-v4,Ethereum,ETH-APE,461064,False,,30.7427,30.7427,
3dc6640f-d845-45dd-a891-f4dd46d676af,uniswap-v3,Ethereum,WETH-COW,460714,False,,8.93231,8.93231,
b38d57dd-3755-4c94-9d13-96faa3e6edf4,uniswap-v4,Ethereum,ETH-XYO,457546,False,,7.04102,7.04102,
ae99e82b-e8ef-50c6-8ff3-15444b701a18,uniswap-v4,Base,WETH-HOME,455919,False,,0,0,
d2869b84-0682-4bb0-8246-9d936b5fcf53,uniswap-v4,Ethereum,ETH-FET,455731,False,,108.50295,108.50295,
60e232c8-2c54-41a1-98a4-a8be1b2c75a0,uniswap-v4,Base,ETH-A0T,455000,False,,10.96079,10.96079,
91075e50-5155-44e4-a32e-3d2b137ee284,uniswap-v3,Ethereum,INST-WETH,453973,False,,13.05132,13.05132,
eb782bdd-b9a5-4522-914d-285049ce9e9f,uniswap-v3,Arbitrum,WETH-UNI,453882,False,,39.37279,39.37279,
07ef9173-79ea-462f-81eb-f1b4d53542ed,uniswap-v4,Base,WETH-NOOK,453038,False,,8.08147,8.08147,
f8c0b897-6e0d-4623-8628-977a8f33abfd,uniswap-v3,Base,WETH-AUKI,451529,False,,6.64308,6.64308,
66deb31a-9d64-57fd-afb4-d60959f2b7e7,uniswap-v4,Ethereum,ETH-USDC,451158,False,,0,0,
9f31832d-4b52-5644-915a-83fd713e0635,uniswap-v4,Ethereum,ZC-WETH,449069,False,,0,0,
97ed833f-8158-4e94-9ab2-86fa6199c5ff,uniswap-v3,Ethereum,SNPAD-WETH,448804,False,,16.28606,16.28606,
73e46037-6b0c-5b51-b37b-9daa3e750102,uniswap-v4,Ethereum,ETH-NES,445980,False,,0,0,
c1ffafe1-fbd3-4ec2-8055-51306afd0f0f,uniswap-v3,Ethereum,BIFI-WETH,442311,False,,5.40902,5.40902,
c480e171-174a-42cc-9d2a-efa3c3cd4f9a,uniswap-v3,Optimism,WETH-USDT,442204,False,,0,0,
1373820d-20f9-480b-8030-56576348eae8,uniswap-v3,Ethereum,MOONEY-WETH,440712,False,,0.66421,0.66421,
51fad72e-394a-43bf-9b20-373227b38afd,uniswap-v3,Polygon,LINK-WETH,434814,False,,14.14602,14.14602,
a527768e-1126-43ad-b657-63704847f3da,uniswap-v4,Ethereum,ETH-PNKSTR,434408,False,,0.03839,0.03839,
b5215276-124a-4343-9b37-c99e4ead9f39,uniswap-v3,Ethereum,OVR-WETH,431511,False,,1.17119,1.17119,
0f171171-9a7d-40ae-aad8-b27f038f6a53,uniswap-v3,Base,MOEW-WETH,428585,False,,2.01205,2.01205,
6771b2a4-3e1c-49d3-86cb-9e06ee24f991,uniswap-v3,Polygon,USDC-WETH,427322,False,,15.61271,15.61271,
a3ac56ac-2aa8-465d-9b11-e06e0f9d8d18,uniswap-v3,Ethereum,LINK-WETH,426550,False,,38.0952,38.0952,
6a3b91b4-cb24-4161-b7a7-50a3b9fbd4f3,uniswap-v3,Polygon,WETH-USDT,426482,False,,25.50079,25.50079,
92fefeff-c378-42bb-b9d2-810b0e2929fd,uniswap-v3,Ethereum,SEED-WETH,426153,False,,0.00013,0.00013,
871f52f5-dab9-4a8d-af2a-a0e55929e163,uniswap-v3,Ethereum,ETH2X-FLI-WETH,423392,False,,0.32625,0.32625,
f3bf7918-3758-4d41-a691-a5d22deb35cc,uniswap-v4,Base,WETH-WOON,422121,False,,3.29518,3.29518,
4a7274d6-af67-4e63-a993-98ae74174952,uniswap-v4,Base,ETH-CBBTC,421347,False,,1.53539,1.53539,
16625656-f950-40fb-9459-ff63f1d561c2,uniswap-v3,Base,WETH-ADS,419656,False,,2.43265,2.43265,
3392b14e-3657-5dc5-874d-6cc76b063915,uniswap-v4,Base,BOAR-WETH,417276,False,,269.98053,269.98053,
78019537-31a3-49da-99b4-0a570b084c46,uniswap-v3,Ethereum,SSV-WETH,414906,False,,3.89674,3.89674,
3703ccf3-951b-4527-b7aa-b171ae490988,uniswap-v3,Ethereum,TRG-WETH,414835,False,,0,0,
031fe8ae-e000-49b6-bcc4-0a90021e5bc3,uniswap-v3,Ethereum,MKR-WETH,414206,False,,22.06964,22.06964,
b6789fa8-1a6f-49e7-b5df-7d2c8fc04eac,sushiswap,Ethereum,TOKE-WETH,413767,False,,0.41053,0.41053,0
e6358547-a080-449e-a6eb-e1a3711eb767,uniswap-v4,Ethereum,ETH-LIT,413138,False,,29.4283,29.4283,
24288c25-12cd-4860-a83f-af3480a8eff7,uniswap-v4,Base,WETH-LUMEN,412180,False,,0.08919,0.08919,
5be7882b-5f90-4367-b1a1-c4ef5da75528,uniswap-v3,Base,WETH-COSMIC,411664,False,,0,0,
493c9c8a-712d-432b-8fe1-6d671c517d42,uniswap-v3,Ethereum,ATH-WETH,411292,False,,115.01511,115.01511,
82202743-7f22-464c-aa59-fe1becfe703e,uniswap-v4,Base,WETH-BASESHAKE,409865,False,,0.55117,0.55117,
19a9e1c3-9834-4860-a79b-724b40921e30,uniswap-v4,Base,ETH-MENDEL,409494,False,,0,0,
e57fc077-f7de-4d4a-82b6-a7843f14ff3d,uniswap-v4,Base,ETH-USDC,409210,False,,1.58573,1.58573,
941d576b-044e-4734-ada2-c4376cae4a5c,uniswap-v4,Ethereum,ETH-PUDGYSTR,407926,False,,0,0,
8678bd94-e2f9-44c2-874c-86c5dd178743,uniswap-v4,Arbitrum,ETH-UNI,405093,False,,0,0,
346f7a36-701c-4998-afdb-3a609bb77127,uniswap-v3,Ethereum,AGRS-WETH,403283,False,,30.12315,30.12315,
1e6fe8e7-1448-5a48-a8f5-7e12cde0fd30,uniswap-v4,Optimism,ETH-S*ETH,395845,False,,0,0,
727a886f-e76c-440e-a246-90a83dca4dd7,uniswap-v3,Base,OMI-WETH,394260,False,,22.94495,22.94495,
673878a2-34c7-4a86-bb52-7bce001a1082,uniswap-v3,Ethereum,TORN-WETH,393545,False,,15.70634,15.70634,
d8cf538a-cf9e-4675-a365-5506ed4711e8,uniswap-v3,Ethereum,WETH-COW,391103,False,,25.02721,25.02721,
0dc02cd6-a7fc-48f0-8004-82960399eb5a,uniswap-v3,Polygon,LINK-WETH,389816,False,,23.70433,23.70433,
ac67f0fc-b465-4dae-a218-837cc6b12da3,uniswap-v4,Ethereum,ETH-APESTR,388197,False,,0,0,
e58126b8-6e4b-406b-bcbb-53a5ea5284bf,uniswap-v3,Ethereum,WTAO-WETH,386616,False,,36.91287,36.91287,
da0cfe35-c566-4956-8c11-f1b68a5d6676,uniswap-v3,Ethereum,WETH-USDT,386516,False,,1.19015,1.19015,
f0e5333b-e19c-4133-ad6a-482e9095b68f,uniswap-v3,Base,BGCI-WETH,385708,False,,0.84365,0.84365,
0bf2d2cc-62e4-44ba-84e7-9a420fafc712,uniswap-v3,Ethereum,WETH-FROGE,385679,False,,10.32095,10.32095,
a4747855-3a36-46cb-bfb6-5bb706b25879,uniswap-v3,Base,WETH-IMO,384698,False,,21.39391,21.39391,
835e310f-97b8-4ddb-bd0a-c7e693219987,uniswap-v3,Ethereum,EAI-WETH,384036,False,,0.00397,0.00397,
acfb20fb-df0d-44bc-97a8-46e1c3dad255,balancer-v2,Ethereum,WETH-LIT,379078,False,,0.09358,0.09358,
b40a9869-ec18-453b-a973-e8b603e8c730,uniswap-v3,Ethereum,1INCH-WETH,378531,False,,0.47501,0.47501,
624dacc8-25ac-44b2-b68c-4f8d7eab1e1e,uniswap-v3,Ethereum,WETH-RPL,377588,False,,1.57686,1.57686,
5e505705-aa64-4c89-975b-07fe4bda4242,uniswap-v4,Base,WETH-STARKBOT,376407,False,,0,0,
f138e405-4509-4220-8bfd-8758d4bddf8d,uniswap-v4,Ethereum,ETH-00,376109,False,,8.03941,8.03941,
a8e09994-70e4-42a3-be49-bfc6c48a41fe,uniswap-v4,Base,WETH-FELIX,376097,False,,0.50776,0.50776,
b376af99-84eb-470e-91c8-9aaeccb659b0,uniswap-v4,Ethereum,ETH-BIO,375404,False,,3.18488,3.18488,
7a53fdd4-d8aa-4a3f-a7cb-db5d62ab6a82,uniswap-v3,Ethereum,MAI-WETH,374526,False,,5e-05,5e-05,
4d355012-df82-4874-95fd-c8d48c7b864c,uniswap-v4,Ethereum,ETH-ETHFI,373042,False,,8.49551,8.49551,
0d867d22-c35d-46e5-a7d9-57582abe61a1,uniswap-v4,Arbitrum,ETH-ARB,370649,False,,0,0,
2826439d-016d-430d-aa52-505b81c25191,uniswap-v4,Base,WETH-USDC,370131,False,,10.46464,10.46464,
0cf3c4fa-3e1c-4912-804b-e090f9549fcc,uniswap-v4,Base,WETH-ROBOTMONEY,368605,False,,2.56693,2.56693,
c35362a7-3ac8-400b-8799-18a72dfcb786,uniswap-v3,Ethereum,WETH-WEPE,367633,False,,0.02271,0.02271,
675c3956-3515-4e68-9cd6-13f4d0328008,uniswap-v4,Base,WETH-ANTIHUNTER,366993,False,,0.18842,0.18842,
b8582b33-80e3-4250-a496-02936860669f,uniswap-v3,Arbitrum,WETH-USDT,366335,False,,10.22427,10.22427,
8b4836aa-3ac9-4ff4-8b10-a0e7183360aa,uniswap-v4,Arbitrum,ETH-WOO,365229,False,,0,0,
4610c594-15fa-4476-858f-8f2deb6b6eb0,uniswap-v4,Base,ETH-KTA,365215,False,,0.02225,0.02225,
b47c0561-9d87-4127-88ca-93d0d55ed85a,uniswap-v3,Base,WETH-AAVE,365192,False,,34.72931,34.72931,
33aeaa63-daa1-4ab2-b074-18047faa7be2,uniswap-v4,Base,CYB3RWR3N-WETH,361043,False,,0.60484,0.60484,
a4b243a7-7331-47b2-97a1-4101eb0b6643,uniswap-v4,Ethereum,ETH-WTAO,360032,False,,32.09169,32.09169,
ff83b42d-1ded-4c85-974c-4155155fd8dd,uniswap-v3,Ethereum,QANX-WETH,359368,False,,3.72366,3.72366,
a36ab020-b495-4f52-ba10-7c5517b76725,uniswap-v4,Arbitrum,ETH-PENDLE,358492,False,,0,0,
872bc9c7-5c79-479b-a654-e72b74e4c810,balancer-v2,Arbitrum,WBTC-WETH-USDC,358209,False,,0.47312,0.47312,0
7c08c152-ccc6-427c-bcb6-16e3f7472c5b,sushiswap,Ethereum,WETH-CIG,358085,False,,0,0,0
db20b699-ec66-433f-a9de-71e1e2c8ede2,uniswap-v3,Base,WETH-UNI,356349,False,,105.23372,105.23372,
89ee04fe-d9f5-4966-8e7d-734c5436e876,sushiswap,Ethereum,MEEB-WETH,356281,False,,0,0,0
5ac35821-d053-52dc-8a19-80eeb3f7f991,uniswap-v4,BNB Chain,ETH-BNCB,356141,False,,0,0,
0c9d30bd-d127-4350-8193-963dcdaa01ce,uniswap-v3,Base,WETH-PEPE,354906,False,,7.977,7.977,
f99f0504-ebb5-4b0e-a9f5-adcff27b9b54,uniswap-v3,Optimism,WETH-DAI,353966,False,,0,0,
44a84afc-5268-4e08-af87-72682663a37c,uniswap-v3,Ethereum,WETH-CCBCH,353955,False,,0,0,
f85a18af-b72b-4aa0-a464-4fd09bd0125c,uniswap-v4,Base,WETH-MOLTX,352425,False,,0,0,
f6675718-bf36-47e6-b938-7099d41bc278,uniswap-v4,Ethereum,ETH-JOGA,352190,False,,0,0,
e889bc1c-15fe-4d3b-95e7-f72b7501e0f4,uniswap-v3,Ethereum,PENDLE-WETH,351347,False,,18.02072,18.02072,
1a0dd6a1-0d2f-53be-914f-ce3fdac44805,uniswap-v4,Ethereum,ETH-DAI,351329,False,,69.45717,69.45717,
7068092f-c11b-5c4b-acb1-c5bf0f7510c0,uniswap-v4,Ethereum,ETH-DAI,350156,False,,9.60181,9.60181,
96fbbfda-35e5-5882-a8e1-eeae07876284,uniswap-v4,Ethereum,ETH-DAI,350090,False,,6.92251,6.92251,
75ffb053-5d9e-5e7c-aede-010557ea03c0,uniswap-v4,Ethereum,ETH-DAI,350078,False,,5.12378,5.12378,
1bc3e824-810f-4a05-bb65-bb43f515f16f,uniswap-v3,Base,WETH-GOLD,341489,False,,0,0,
e81f973d-46dd-4c81-9615-b03bd5585e0a,uniswap-v3,Base,DIME-WETH,340795,False,,0.29498,0.29498,
fad38baa-78b7-410b-b72b-5db39b7f6f51,uniswap-v3,Arbitrum,WETH-LINK,340066,False,,22.87414,22.87414,
a0adee00-d1ff-42da-860d-5a0b4662a62d,uniswap-v3,Arbitrum,WETH-CRYPTO,338200,False,,0.00893,0.00893,
473a2c92-cc86-4f86-b380-85141bcec627,uniswap-v3,Ethereum,CBETH-WETH,337240,True,,0.79192,0.79192,
6784dfda-542b-48bd-a6aa-5dc97813a31c,uniswap-v3,Ethereum,WETH-ETHFI,334193,False,,63.47486,63.47486,
da3d3c6a-8d0d-4db3-8e1f-908ae7ad126a,uniswap-v3,Ethereum,SHIB-WETH,331411,False,,281.37033,281.37033,
6c684ad8-6c35-4bef-98e0-80d6a5c9cf75,uniswap-v4,Ethereum,ETH-DOT,331103,False,,0.0008,0.0008,
459a71b6-f8e0-432f-af29-c24d88bb9000,uniswap-v4,Base,ETH-PING,330393,False,,0,0,
ee62baf9-7268-4799-8e07-0e1b2a31b2f0,uniswap-v4,Ethereum,ETH-RPL,329744,False,,7.32689,7.32689,
443ecf71-b23d-42ec-a9e2-c34177dc3206,uniswap-v3,Ethereum,PRO-WETH,326574,False,,10.90897,10.90897,
69fb112f-0e9c-5206-95ab-fadb9f216007,uniswap-v4,Base,ETH-GS,322998,False,,0.03795,0.03795,
a8917b84-d36b-4c6e-9b95-6e954b04c2ab,uniswap-v4,Ethereum,ETH-BTCSTR,322920,False,,0,0,
b9713f11-4065-4110-8bd5-13ca2ad4be45,uniswap-v3,Base,IDRISS-WETH,322439,False,,0.03403,0.03403,
5bf5569b-2e3c-4ee2-b587-64f52ca0efaf,uniswap-v4,Ethereum,ETH-BOLD,321977,False,,11.91726,11.91726,
30d18bcd-cc17-5ec4-a9e1-d19135116a74,uniswap-v4,Ethereum,ETH-SWING,320114,False,,3.61005,3.61005,
7d90e5f9-9b5e-423e-b3bc-8533f37c9b18,uniswap-v4,Base,ETH-GOLDN,319858,False,,0.00321,0.00321,
726e7de0-289d-4589-9dbf-c04d26115255,uniswap-v3,Polygon,WBTC-WETH,318544,False,,0.21215,0.21215,
b023d35a-f511-4650-9518-03a4728cda76,uniswap-v3,Optimism,WETH-OP,318298,False,,0,0,
82944144-af68-4ee9-b7e3-dab62215bb7c,uniswap-v4,Base,WETH-JUNO,316927,False,,4.39843,4.39843,
703db9e1-88af-43dd-ba99-44877f7c53f8,uniswap-v4,Arbitrum,ETH-USDT,315963,False,,2.36114,2.36114,
240bcd61-cc7a-40fa-9dec-b6e84e00f65c,uniswap-v3,Arbitrum,LPT-WETH,315279,False,,47.82358,47.82358,
5ffcd1ed-3d8e-579f-b669-9b21bfb4388d,uniswap-v4,Ethereum,ETH-FUSE,314686,False,,227.63294,227.63294,
98f81d1a-7b4b-40a4-8d96-d38da041a7bf,uniswap-v4,Base,ETH-FLETH,313913,False,,0.04199,0.04199,
fc863a95-b764-48d7-a133-f181905cb8cf,uniswap-v4,Ethereum,ETH-ADX,310431,False,,0.49346,0.49346,
4b81cbf5-313b-4e27-b235-1e340dc1aef7,uniswap-v3,Base,CHAOS-WETH,309055,False,,0.00133,0.00133,
6ab8e7d1-6d2b-48ca-877f-f3289b3e7bdc,uniswap-v3,Base,WETH-11-11,308796,False,,0,0,
f8a05d16-6721-5db4-bc11-2d2e914e82cb,uniswap-v4,Ethereum,ETH-STOCKER,307499,False,,2748.82697,2748.82697,
9bf0dfe0-142d-4daa-92b3-10750384500f,uniswap-v3,Ethereum,TBTC-WETH,307105,False,,1.61612,1.61612,
f5c88d56-eb57-463b-83f9-3f5d16cf85d5,uniswap-v4,Base,WETH-MIROSHARK,305947,False,,16.73807,16.73807,
f50fdaa0-9db4-49f9-a2dd-1b3edb703051,uniswap-v3,Ethereum,RNDR-WETH,303965,False,,58.50236,58.50236,
5036e16d-ce75-4c90-a3f5-038e747f15a1,uniswap-v3,Ethereum,DACAT-WETH,303100,False,,0.0246,0.0246,
6ac5b118-6705-41aa-a7bd-fcbd111c043a,uniswap-v3,Ethereum,WXRP-WETH,302607,False,,25.24434,25.24434,
049555bc-c67d-4cd4-b5a0-3f522d447ddd,uniswap-v3,Ethereum,CAI-WETH,301914,False,,0.22837,0.22837,
530f2e5c-94ee-43e9-b676-048b4f7065a5,uniswap-v4,Ethereum,ETH-SATO,301400,False,,0.82204,0.82204,
6ab4f0b7-2ad2-4b79-8430-a67f2ccb86bd,uniswap-v3,Ethereum,OPEN-WETH,299134,False,,4.56707,4.56707,
3686dc8c-92b0-5698-b644-5c51bd77d21e,uniswap-v4,Base,WETH-1F916,299026,False,,25.80921,25.80921,
cad84bf8-8484-4534-987f-eac464d3f712,uniswap-v4,Base,WETH-REGENT,298668,False,,0.52225,0.52225,
ad728587-4c24-4e8b-9aae-37159b2d7df7,uniswap-v3,Ethereum,WETH-FLAY,298494,False,,1.27529,1.27529,
e22573b1-2309-4358-a3f7-f51551679a3a,uniswap-v3,Ethereum,BNB-WETH,298042,False,,4.00454,4.00454,
c1a9d3de-8ece-45d7-abd6-eeabef9bbad5,uniswap-v4,Base,WETH-SAIRI,295864,False,,4.29017,4.29017,
12d67546-b171-4e27-8157-b9796c1ee7b6,uniswap-v3,Base,SIMMI-WETH,295703,False,,0.07257,0.07257,
39ef4b0f-5b62-4d5d-9f71-41776d0690fd,uniswap-v3,Ethereum,VIRTUAL-WETH,295500,False,,49.95844,49.95844,
2505d5de-74c0-4d4c-b9cb-8ce082319f74,uniswap-v3,Ethereum,SAFE-WETH,295496,False,,32.26642,32.26642,
89aee1dd-d9b6-4f25-95db-7c5f5e6ade1b,uniswap-v4,Ethereum,ETH-WBTC,295046,False,,6.3263,6.3263,
4b24fc4d-4c49-4406-b1fe-18693817a517,uniswap-v3,Base,WETH-MAGIC,293757,False,,27.57199,27.57199,
f2084ff7-16bf-4b32-b813-d3cbcaf4952a,uniswap-v4,Base,ASTEROID-WETH,293739,False,,0,0,
52db7849-b775-4369-bfe8-b182d35ddfae,uniswap-v4,Ethereum,ETH-STRAT,293648,False,,0,0,
e5beb1d5-7b72-4e23-8288-b62cb385d3a2,uniswap-v4,Ethereum,ETH-VIRTUAL,292402,False,,45.19766,45.19766,
0c86b6ed-2cc2-4211-b363-f1889135527f,uniswap-v4,Ethereum,ETH-SHIT,292318,False,,0.02165,0.02165,
bfb80e16-7f07-4546-8199-da2060f64723,uniswap-v4,Ethereum,ETH-TORN,291665,False,,2.4809,2.4809,
9984360f-b781-4018-9d54-3444c4ea6c55,uniswap-v3,Arbitrum,PEAR-WETH,290777,False,,9.1834,9.1834,
966e2c65-5c3a-4550-bbbd-d51f8e528b1a,sushiswap,Ethereum,USDC-WETH,287910,False,,2.98487,2.98487,0
50e5df26-3e32-4de1-9a99-f966e10865f6,uniswap-v3,Ethereum,NEAR-WETH,287722,False,,39.78072,39.78072,
2994a649-ba24-44e3-827b-37bd08e9696f,uniswap-v3,Ethereum,WETH-ZRX,287528,False,,7.22588,7.22588,
d8f01f79-078a-42a9-a0dc-40f4d012a622,uniswap-v3,Ethereum,BED-WETH,285291,False,,0.41075,0.41075,
b80e8249-83ad-4a85-978b-80947851db27,uniswap-v4,Base,WETH-BLOCKTRONICS,284804,False,,0.06921,0.06921,
157568c3-cb0a-46db-8499-bc1e0f4b5bb0,uniswap-v4,Base,ETH-BEAN,283115,False,,3.85556,3.85556,
0b693573-8798-4515-b525-a9d13a732eff,uniswap-v3,Base,UDOGE-WETH,282517,False,,9.53828,9.53828,
4534e56b-e9fa-49e0-bcf5-f3f11954e59b,uniswap-v4,Ethereum,ETH-SQGROW,282268,False,,21.63822,21.63822,
a032190d-d8fc-44e9-8de8-c0a2a48a5622,uniswap-v3,Base,WETH-RWASS,281419,False,,0,0,
67e9e077-a277-4906-b7fa-62621223963b,sushiswap,Ethereum,SUSHI-WETH,281132,False,,6.0495,6.0495,0
5bc939b7-9b68-442b-89de-ed4f3833cfda,uniswap-v4,Ethereum,ETH-PEPE,278937,False,,10.63084,10.63084,
35362830-55b6-4b0d-b400-e5e2cdac6b4a,uniswap-v4,Ethereum,ETH-WSTETH,278878,True,,0,0,
3047f159-92f7-493c-b12f-5494b084ac79,balancer-v2,Ethereum,XNS-WETH,278364,False,,0,0,
6573e0e5-91fc-4056-b1b3-372e39b4ff30,uniswap-v4,Ethereum,ETH-AAVE,277982,False,,0,0,
3eed0f06-750c-4155-b949-c16368eb173e,uniswap-v3,Optimism,USDC-WETH,276650,False,,3.68204,3.68204,
2b53e332-3ad2-4307-bc32-54ed412c1652,uniswap-v3,Ethereum,MEME-WETH,276164,False,,11.88008,11.88008,
747f5e9d-c680-4ae4-aae1-8d2e0b07fc80,uniswap-v3,Ethereum,BEST-WETH,276006,False,,0.74227,0.74227,
a3f46406-6d64-40a4-b388-c01b93a457e7,uniswap-v4,Ethereum,ETH-NIL,275605,False,,25.29425,25.29425,
8a677275-3e27-4a3b-a262-a5e2c79dfc98,balancer-v2,Arbitrum,WSTETH-UPDOGE,275323,False,,0,0,
eca3bd67-df5e-4959-bc5a-272f6863ac24,uniswap-v4,Base,WETH-LIKES,275077,False,,0.15427,0.15427,
f63d0304-2f09-4207-9901-385c950a0792,uniswap-v3,Ethereum,WETH-SOLX,274233,False,,0.73781,0.73781,
d8f13b99-3eb8-436f-97d6-882ea1eff8f4,uniswap-v3,Arbitrum,WETH-USDC.E,274087,False,,0,0,
0c9472a9-fc69-43f6-8919-68283134848e,uniswap-v4,BNB Chain,ASTER-WBETH,271627,False,,0,0,
2edfe9c4-2e3b-4cc7-8bd3-7383a8f0b343,uniswap-v3,Base,WETH-FLUID,271517,False,,6.99645,6.99645,
02628ae1-65e1-4895-8ae1-06f6ea86930d,uniswap-v4,Ethereum,ETH-SPK,270611,False,,22.46387,22.46387,
75a896ab-e1ad-4bed-94d3-dcb5e8c5568c,uniswap-v3,Ethereum,PORK-WETH,270193,False,,7.05359,7.05359,
1edb1619-d677-5c3a-8198-76cdc8fb253a,uniswap-v4,Ethereum,ETH-FWA,270110,False,,119.41715,119.41715,
1dc087f9-d367-4dae-a391-1e798891fdb1,uniswap-v4,Ethereum,ETH-PORK,269834,False,,5.95921,5.95921,
37806794-37c5-4d66-b340-ad376ebc2af1,uniswap-v3,Ethereum,SHIB-WETH,269715,False,,1.73274,1.73274,
9c21c87a-0df5-4951-a837-527ec9c23530,balancer-v2,Ethereum,GASLESS-WETH,268414,False,,0,0,
e40495da-9bc3-4b49-940c-b29cc870eb30,uniswap-v4,Ethereum,ETH-FWWETH,268190,False,,0,0,
228195a2-7925-4504-b4e2-a8bcb65d109b,uniswap-v4,Ethereum,ETH-DRV,267626,False,,297.59449,297.59449,
2bc274d9-a927-41d2-84ec-0fc7d994589f,uniswap-v3,Ethereum,WETH-XUSD,267528,False,,5.155,5.155,
c37f8a14-3279-4fd7-a91e-a1cf43c4f50b,uniswap-v4,Polygon,WBTC-WETH,267439,False,,3.66781,3.66781,
e7cd012c-4e7b-42c8-bc6a-ab07a40f8cc7,uniswap-v3,Ethereum,RNDR-WETH,264592,False,,65.08981,65.08981,
18a95b92-294c-49c0-8cef-ed601bf4039b,uniswap-v4,Ethereum,ETH-WBTCSTR,264221,False,,0,0,
5cb6fd44-5f2e-41b9-a844-46d31e75a0de,uniswap-v4,Base,WETH-TELLR,264130,False,,0.00058,0.00058,
b02cf37b-fde7-48ad-bff9-f3955fe565b1,uniswap-v3,Ethereum,WETH-WEETH,263967,True,,0,0,
94b4935b-cd9c-409e-b0fd-265d6620695a,uniswap-v4,Ethereum,ETH-USDC,263412,False,,6.59533,6.59533,
bb4f946a-a9d1-4b13-a377-202bfd3262f0,uniswap-v4,Polygon,ATXM-WETH,262597,False,,8.49753,8.49753,
0227ec55-ad24-4c11-aa77-883f2f312237,uniswap-v4,Base,WETH-RETAKE,261292,False,,0,0,
204fc6d4-97cd-414f-905f-f3566ed7efe8,uniswap-v3,Base,WETH-CIRCLE,260769,False,,1.16083,1.16083,
3ae837aa-eec6-4b68-821f-11b74edf9f73,uniswap-v3,Base,WETH-FAI,259392,False,,2.07849,2.07849,
0b986f99-8823-4912-b80b-fd1071aabbc0,uniswap-v3,Base,WETH-NOICE,255833,False,,19.07247,19.07247,
047746a3-bc7c-4f44-a5b1-043d1787a1fb,uniswap-v4,Base,WETH-FREECODE,255522,False,,11.77995,11.77995,
e04816db-e4ec-4e03-a052-ca27e7289df2,uniswap-v4,Arbitrum,WETH-USDC,254686,False,,24.26105,24.26105,
af141e5f-a166-4553-ae5d-cd2e2d5a48cf,uniswap-v3,Ethereum,EDGE-WETH,254654,False,,1.37372,1.37372,
19c4c8a7-990a-42b0-83be-8d7bfd3e237e,uniswap-v4,Base,WETH-BNKRW,252463,False,,0.18629,0.18629,
962104f4-5cfa-498c-a976-3d297466be66,uniswap-v4,Base,WETH-SUPERGEMMA,250689,False,,1.5196,1.5196,
43a18ac0-0e15-44a2-9d49-28f4f4e3cfe8,uniswap-v4,Optimism,ETH-USDC,250187,False,,4.08131,4.08131,
6c34cb29-1f05-5633-bba6-866795c877d0,uniswap-v4,Ethereum,ETH-VIBE,250083,False,,102.10804,102.10804,
0987d643-5be9-44db-bf33-6708e8895927,uniswap-v4,Ethereum,ETH-FOOM,249844,False,,0,0,
9557d375-34b0-4388-a321-9a21ddeeda95,uniswap-v4,BNB Chain,BNB-ETH,249560,False,,6.25472,6.25472,
acee006e-2796-43fe-8fb6-0baa60ff82fc,uniswap-v3,Base,WETH-MFR,244104,False,,0,0,
bd1a6986-bf19-586a-b794-cbbf9fd83d6c,uniswap-v4,Ethereum,ETH-ZC,243613,False,,982.02172,982.02172,
955d4576-3cf7-43d5-bb62-8e0ae06f766e,uniswap-v4,Base,WETH-TSG,243347,False,,2.01389,2.01389,
0feefc99-8bba-47ef-b691-d262eaffbc87,uniswap-v4,Base,WETH-ROBOTMONEY,241309,False,,0,0,
882e600d-27b3-4408-85a3-140ab0910ec6,uniswap-v3,Ethereum,WLD-WETH,238373,False,,360.04107,360.04107,
568c80ed-1a23-4ce1-a83c-cf4a62877454,uniswap-v4,Polygon,WETH-USDT,237414,False,,6.20763,6.20763,
5a578343-99c5-42a1-a95d-778ddd86d826,uniswap-v3,Base,WETH-UADA,235347,False,,18.67936,18.67936,
e46fa575-dfa9-4084-9a94-a33e6cb6a941,uniswap-v4,Base,WETH-LAUKI,233624,False,,0,0,
e378a9f3-0acc-48bb-8c1b-9b155e799d95,uniswap-v4,Base,ETH-TIPN,231952,False,,0.00045,0.00045,
12bd9331-2831-4177-8b25-a8b99f677164,uniswap-v4,Base,ETH-SLX,231908,False,,0,0,
4f7d65a6-42f9-4084-a291-bcb6492d0044,uniswap-v3,Base,WETH-IMGN,231759,False,,0.24628,0.24628,
72fc66c6-3e16-49ba-aef4-0adbaabb8776,uniswap-v4,Ethereum,ETH-PUFFER,231239,False,,11.90118,11.90118,
3deb0226-e667-412d-a788-2d1dc50a3711,uniswap-v4,Arbitrum,ETH-LINK,230360,False,,0,0,
1435aece-221b-4654-96d5-274c2d88404a,uniswap-v4,Base,WETH-1CLAWAI,229530,False,,6.92267,6.92267,
ed9de5d2-9ade-5b7b-9874-d2bea2e7ab03,uniswap-v4,Base,WETH-ANYONE,229091,False,,26.39726,26.39726,
69f93895-6727-4fd9-86c4-b82fb71d3c35,uniswap-v3,Base,WETH-MOL,228538,False,,0,0,
96f61d61-d006-4368-a199-5b7fa5c6d6ab,uniswap-v4,Base,WETH-GOLD,228115,False,,0,0,
d3836032-ac07-5fa6-b895-7b2c52806088,uniswap-v4,Base,WETH-RWAGMI,226838,False,,12.82602,12.82602,
406a6d43-ece9-42db-a628-5299cada09b0,uniswap-v4,Ethereum,ETH-NEX,226702,False,,0,0,
bbafaee9-b1c1-4cdf-afd3-79f97353823c,uniswap-v3,Base,DICKBUTT-WETH,225974,False,,6.63905,6.63905,
add58596-bfb7-4f36-9393-c866e2aa82c9,uniswap-v4,Base,WETH-BOTCOIN,225916,False,,0,0,
beb44706-a4cd-466f-af2a-2ac9ab663058,uniswap-v4,Base,AVC-WETH,225558,False,,0.13681,0.13681,
4c9d0793-6976-5a4b-86a9-9d180a5e8755,uniswap-v3,Ethereum,HLX-WETH,225055,False,,6.23946,6.23946,
646eeea2-bac8-4c31-b96c-b8bce376ebae,uniswap-v3,Ethereum,BERASTONE-WETH,224466,False,,0.06961,0.06961,
f2a9f172-1e94-4283-bc84-8f6616c4017d,uniswap-v4,Base,ETH-SHIB,223432,False,,2.85035,2.85035,
8053ca28-e301-4383-a9ac-206d6f12c379,uniswap-v4,Base,ETH-VVV,223412,False,,3.26491,3.26491,
ec35e341-511c-4965-a45a-aa07125914e2,uniswap-v4,Base,WETH-MOLTEN,223067,False,,0.01672,0.01672,
ebb808fa-6379-5a65-b58f-892176c7e555,uniswap-v4,Base,BOTCOIN-WETH,221789,False,,0,0,
10a3e39a-bb78-466f-bcf9-f4ed53b50a9a,uniswap-v3,Ethereum,WETH-TITANX,221754,False,,31.69539,31.69539,
3ea04079-840c-44d3-abf0-f8c4185875aa,uniswap-v4,Ethereum,ETH-SPX,221723,False,,2.78365,2.78365,
8102988d-0797-4833-a63b-3daff946fe58,uniswap-v3,Ethereum,1CAT-WETH,221254,False,,0,0,
8ac88afb-25f2-4053-b8ae-391358f568be,sushiswap,Ethereum,XSUSHI-WETH,218046,False,,2.04668,2.04668,0
98f18889-a5cf-45ae-95e8-ccba5afde611,sushiswap,Base,TYBG-WETH,217957,False,,1.43414,1.43414,
a27d99c7-f2c9-550e-b6f6-c8fccbf6135f,uniswap-v4,Base,WETH-BOTS,217582,False,,83.79108,83.79108,
3be4dbcf-74ce-485c-b37e-97dc482ee5c5,uniswap-v4,Base,WETH-FEY,216773,False,,0.00214,0.00214,
9e931aa5-7b7c-4c3b-8edb-fb9f07d9ce18,uniswap-v4,Arbitrum,ETH-PENDLE,216581,False,,0,0,
0bdc0bdb-8d70-4d8c-b9e6-4666ec104b30,uniswap-v3,Ethereum,PEW-WETH,214408,False,,0.01311,0.01311,
d718d98a-0010-4f72-88b8-f172026be5cc,uniswap-v4,Ethereum,ETH-STETH,213647,True,,0,0,
d2290557-51d0-4765-bbaa-a821316aef9b,uniswap-v3,Arbitrum,PEAS-WETH,213635,False,,2.27686,2.27686,
e7110eaf-9824-4774-81ec-8f06c79e1a80,uniswap-v4,Ethereum,ETH-BIRBSTR,213482,False,,0,0,
59a12e88-fc48-40ce-8e31-0d2e1bfeba8f,uniswap-v3,Ethereum,PEAS-WETH,213153,False,,0.43918,0.43918,
6773e454-4a0f-4ed0-b213-60cf9556d1ec,uniswap-v3,Ethereum,XFT-WETH,213140,False,,0,0,
83313b58-a3f1-470b-8425-643a74688695,uniswap-v4,Ethereum,ETH-PAINSTR,212178,False,,0,0,
c6ed2f1d-5262-4b65-bd4b-3010e9e50b38,uniswap-v3,Base,WETH-CBBTC,211958,False,,7.70742,7.70742,
9db97cd3-6d35-4afd-9e02-3be6c3e83922,uniswap-v3,Base,BUILD-WETH,210619,False,,0.05389,0.05389,
59695fdd-1382-48e7-ac2e-3e0689ecb54b,uniswap-v4,Ethereum,ETH-INJ,210544,False,,47.61245,47.61245,
395fd41e-9d7c-43ab-a4ae-22349367ec59,uniswap-v4,Base,WETH-GITBANK,210520,False,,0.41669,0.41669,
2dd2ace9-9c7c-4877-add8-a0a8fc8cbd9a,uniswap-v4,Ethereum,ETH-ZIK,209906,False,,0.0015,0.0015,
c27801b5-6bb2-4b89-8a13-ecd6cd9266e7,uniswap-v4,Polygon,USDC-WETH,209689,False,,1.86205,1.86205,
219bdbd1-abad-414c-ae52-424a556b4035,uniswap-v4,Ethereum,ETH-CMD,209558,False,,0,0,
987e4d9f-1483-4ed9-ae44-0f38196c7eff,uniswap-v3,Ethereum,WETH-INS,209536,False,,0,0,
5dab917f-dbef-46ca-b069-a653f63e1166,uniswap-v4,Base,WETH-PEON,209536,False,,0.02204,0.02204,
5d71afa1-3905-49cb-b99f-669c22a6ffd3,uniswap-v4,Ethereum,ETH-BENAT,207721,False,,39.39741,39.39741,
1e6c13d6-bb00-5e07-b267-efb9a34d2c44,uniswap-v4,Base,ETH-STFY,207557,False,,54.6861,54.6861,
198b765f-13c5-4174-9e8c-effb644382e7,sushiswap,Ethereum,CVX-WETH,207324,False,,12.39307,12.39307,0
13ba3fdd-e4fa-42cb-98c7-8e9a4278fe7b,uniswap-v3,Arbitrum,WETH-ARCHI,207281,False,,0,0,
c54f1df3-6ec0-5d4f-a2cf-511896641247,uniswap-v4,Ethereum,STOCKER-WETH,207219,False,,0,0,
89b0b4fd-06ff-4d9c-813a-4c0ed46a294c,uniswap-v3,Base,NYA-WETH,207041,False,,0.00476,0.00476,
7bd9c764-36e6-4fc6-b816-a96109a6faf0,uniswap-v3,Optimism,NYA-WETH,206565,False,,0.00914,0.00914,
4b0214bf-be80-464d-9058-8712af9c0cab,uniswap-v3,Arbitrum,NYA-WETH,206556,False,,0.00705,0.00705,
090af3b9-7ba3-4356-96d8-1ea7f887b616,sushiswap,Ethereum,DAI-WETH,206477,False,,1.47581,1.47581,0
9ead8485-af08-4467-baac-9f46c9443972,uniswap-v4,Base,WETH-X420,206364,False,,0,0,
c8268161-6b6e-5487-92c0-698a6f1817e9,uniswap-v3,Base,WETH-ERC20,205932,False,,0.10783,0.10783,
44aae084-6b3f-4990-b946-3084de98fc9a,uniswap-v3,Polygon,WETH-SOL,205841,False,,17.48718,17.48718,
cd5f3777-5c8f-4015-9ada-7b8c36c5d496,uniswap-v3,Base,WETH-KULT,205407,False,,0.95045,0.95045,
a0a2d1f8-cc29-45ea-8ec8-b0697756e6ca,uniswap-v4,Ethereum,ETH-CAH,205270,False,,35.00544,35.00544,
7978dd33-a9b7-487e-9fe0-845757e76169,uniswap-v4,Base,WETH-RENT,205046,False,,0.27661,0.27661,
ad87c260-8a41-4553-a0ba-47c58d798364,uniswap-v3,Celo,USD₮-WETH,204601,False,,3.37984,3.37984,
7d48d657-2a08-4b99-b97d-a72c01805fcf,uniswap-v4,Base,ETH-ETHFI,203269,False,,27.90027,27.90027,
8b00b03b-641a-43b3-a8ec-4113bca456b2,uniswap-v3,Ethereum,BAT-WETH,202871,False,,3.031,3.031,
4533a42b-d826-47ca-92c7-3505a89256ae,uniswap-v3,Base,WETH-PARTI,201692,False,,12.03913,12.03913,
eb849dd3-4907-4d9e-bb5e-ec542a442130,balancer-v2,Ethereum,USDC-WETH,201640,False,,22.29825,22.29825,
32602865-4a5c-4373-b095-c6856ced4df3,uniswap-v4,Ethereum,ETH-PAXG,200906,False,,2.49805,2.49805,
d962d492-34fc-55d7-8a44-a55b5948371b,uniswap-v4,Ethereum,ETH-NES,200593,False,,0,0,
7493ae23-8eb2-4b7a-aff8-0796a71dd3ea,uniswap-v4,Base,WETH-ATBASH,200526,False,,18.60583,18.60583,
077c198d-fa98-48be-a82b-21bf7248793d,uniswap-v4,Ethereum,WSTETH-FWWSTETH,200304,False,,0,0,
d23b1609-811a-4122-87e1-5736a0f7a515,uniswap-v3,Ethereum,DMT-WETH,200128,False,,1.33075,1.33075,
225284a3-9404-4fa4-b5bf-cc81c5e92539,uniswap-v4,Ethereum,ETH-LO0P,199998,False,,0,0,
a315614c-1b31-4287-8e63-b0cbed3956d6,uniswap-v4,Base,ETH-PING,199844,False,,0,0,
16c09aa8-dc98-4c34-8d14-ebebccae7cf4,uniswap-v3,Arbitrum,WETH-NST,199537,False,,5.37985,5.37985,
c3b58e2f-30d3-49c0-a47e-c5d2d87f123d,uniswap-v4,Ethereum,ETH-PEPU,198769,False,,0.54031,0.54031,
987fac28-0ff4-41d8-a3db-0c39810b0a38,uniswap-v3,Ethereum,WETH-SETH2,198533,True,,2.81625,2.81625,
4596bc8d-5252-4ffa-9948-1ff245c37f93,uniswap-v4,Base,CC-WETH,198445,False,,0.00184,0.00184,
5a7347ba-679a-443f-a086-5fa01803b396,uniswap-v4,Base,CODY-WETH,198341,False,,0,0,
36722579-9247-4856-9ebc-e8494fd921fe,uniswap-v4,Base,ETH-FRAME,198205,False,,0.0749,0.0749,
0be0578a-fccc-417f-ba96-e3bd1ea997b3,uniswap-v4,Ethereum,ETH-FLT,196037,False,,12.44595,12.44595,
fa985a29-682c-46f7-92c0-db411b4b8140,uniswap-v4,Base,ETH-NEMESIS,195956,False,,0.08453,0.08453,
23964261-b655-43bc-b036-78cd11461238,uniswap-v3,Polygon,WETH-ULT,195607,False,,0,0,
4ce93f84-a3dd-45fe-9bb0-515c8c5a00ae,uniswap-v3,Ethereum,ZCHF-WETH,194177,False,,2.37563,2.37563,
39caf2c1-17c4-4e73-b12c-9b6cf10d7e0e,uniswap-v4,Base,LITCOIN-WETH,193343,False,,0.00116,0.00116,
da527a50-3f37-43b1-a19b-1c523e5dbd84,uniswap-v3,Ethereum,WETH-SPX,192802,False,,6.76522,6.76522,
822ef517-13c8-4173-8df0-ff512671ad99,uniswap-v4,Optimism,ETH-USDC,191880,False,,9.70825,9.70825,
b9e88347-80b2-4b50-85e3-14559671da57,uniswap-v3,Ethereum,AAVE-WETH,191581,False,,59.60581,59.60581,
7388b29b-465c-406c-96a4-e6b97860b088,uniswap-v3,Polygon,WETH-UNI,190886,False,,47.17888,47.17888,
b4d427a7-2530-4510-a47c-54b99d57de12,sushiswap,Base,WETH-TOBY,190342,False,,1.23007,1.23007,
7ca7b3c2-d3dd-411c-98be-d5e856013da7,balancer-v2,Ethereum,STATAETHWETH-WETH,189442,False,,0,0,
d3708029-34e3-41ce-b076-0aeb4f146904,sushiswap,Ethereum,SPELL-WETH,188590,False,,2.5904,2.5904,0
eadb12dc-a9d3-4b8f-992c-2c1cffe491c1,uniswap-v3,Ethereum,SAVM-WETH,188291,False,,0.03632,0.03632,
c4f27457-0d3d-4f6d-8c3e-eb1a0e6e91b8,uniswap-v3,Arbitrum,PENDLE-WETH,188229,False,,9.70197,9.70197,
93184def-ee74-5847-a932-556f8c32d804,uniswap-v4,Base,RIPPLE-WETH,186729,False,,7.45675,7.45675,
c98159e6-8e05-4261-91cd-dc1d9d0ec3c8,uniswap-v4,Ethereum,ETH-WCUP,186432,False,,0,0,
c2859369-1954-46b0-a692-8a9c5aa77624,uniswap-v3,Ethereum,CRO-WETH,186406,False,,10.03236,10.03236,
bba96f26-dd6e-41eb-bb30-69102dbd3634,uniswap-v3,Base,WETH-MT,186312,False,,0.31709,0.31709,
4ed698b2-f601-4f2f-b547-8c9788c6b7ae,uniswap-v3,Base,WETH-CLUSTR,186263,False,,0.00666,0.00666,
f25ab85f-6b92-5513-b16d-4e7fdfc2b57d,uniswap-v4,Base,ETH-SPIKE,185698,False,,0,0,
01c0e998-100e-4e03-9cc7-7964a2ee403b,uniswap-v3,Ethereum,WETH-FINALE,185267,False,,0.00981,0.00981,
6ec6bad9-3a52-4444-9053-21a8441ec454,uniswap-v3,Base,FARTCOIN-WETH,185101,False,,6.06266,6.06266,
0c32e8b6-5b4c-4e96-9f73-bba2a9328a27,uniswap-v4,Base,ETH-PRO,184866,False,,0.34612,0.34612,
d8ce4c9a-f1cf-4792-ad78-b5446d06a650,uniswap-v3,Polygon,WMATIC-WETH,184475,False,,7.76085,7.76085,
9af4e11a-a0a4-4482-a3e6-3729b4dfb36f,uniswap-v3,Ethereum,ABT-WETH,182881,False,,8.16817,8.16817,
483c0801-b3c5-4873-87d9-a84a8de4ec92,uniswap-v3,Arbitrum,WETH-ARB,182462,False,,33.97166,33.97166,
90fba60d-58ef-4ab3-b775-6835111ab563,uniswap-v4,Ethereum,ETH-TONCOIN,182211,False,,14.28387,14.28387,
d4a1ded7-63f7-49cd-beff-a06acf604404,uniswap-v4,Base,WETH-SELFCLAW,182180,False,,0.00284,0.00284,
21dfa227-f69a-402c-9b63-6da59a97feee,uniswap-v3,Ethereum,WETH-BLOCK,181990,False,,1.61407,1.61407,
92ab6a52-060a-49ff-950c-dfdfb345bf87,uniswap-v3,Ethereum,GLQ-WETH,181928,False,,2.7867,2.7867,
376cf231-1d3f-4a3b-a3d9-711bfec66301,uniswap-v3,Ethereum,EEFI-WETH,181493,False,,0.34483,0.34483,
dc84c3c1-ecfe-424d-a89b-f2f045b5f980,uniswap-v3,Ethereum,UNI-WETH,181080,False,,18.84374,18.84374,
7cb47e02-170a-4f9e-bdd4-9d1a9a65e65a,uniswap-v3,Base,WETH-REI,181078,False,,16.98299,16.98299,
8802c435-4e44-4bef-827f-d3a9fd85b75b,uniswap-v4,Ethereum,ETH-UMA,180802,False,,4.59498,4.59498,
d5221500-fb1c-5fed-91c6-4ad054c682d5,uniswap-v3,Base,LILPEPE-WETH,180617,False,,2e-05,2e-05,
86c29c12-4404-495b-a5af-ca0c1fb5c6b5,uniswap-v3,Optimism,LINK-WETH,180476,False,,0,0,
de6bb940-3978-4941-98a2-44bad5f25aef,uniswap-v4,Base,ETH-CBBTC,180038,False,,0.25916,0.25916,
f77919c0-3d8b-4d25-ae00-5d4f9aceb53f,uniswap-v3,Base,ALTT-WETH,179563,False,,0.48044,0.48044,
0df1bc73-8981-4a65-bc2f-e3e6bec8ca69,uniswap-v4,Base,BASEMATE-WETH,178797,False,,23.50798,23.50798,
2599a01b-89e1-4b45-a650-0fd8c7391506,uniswap-v4,Ethereum,FWWEETH-WEETH,177718,False,,0,0,
8bebfb43-8ca7-490a-9876-60b13b2f7049,uniswap-v4,Ethereum,ETH-WQUIL,176877,False,,10.56223,10.56223,
778575e6-2083-498f-9052-83d80742801d,uniswap-v4,Ethereum,ETH-NMR,176810,False,,16.49967,16.49967,
fa17f202-4d7e-4454-9ffd-471b71be409a,uniswap-v4,Base,WETH-HOUSE,175893,False,,0,0,
0be95680-6a08-4198-af58-4370384df7ed,sushiswap,Ethereum,SYN-WETH,175889,False,,21.53238,21.53238,0
64e26366-3582-439c-b1de-b7cf84cf2749,uniswap-v3,Ethereum,WETH-SWETH,174841,True,,0.59371,0.59371,
da466846-ca7b-4e57-a91e-6502e627ab0a,uniswap-v4,Base,WETH-QE,174658,False,,0.55585,0.55585,
a95577bd-395a-4838-95f3-958591e91ae4,uniswap-v3,Base,WETH-ZFI,174452,False,,6.04103,6.04103,
7b11ab5c-0a70-4a2e-8894-e937f4720962,uniswap-v3,Base,WETH-GME,173790,False,,0,0,
f888b24b-48d6-4c18-bf0d-33773c4b9aee,uniswap-v4,Base,FCAGENT-WETH,172816,False,,0,0,
edeb9789-2a23-53a5-baee-939ac84f29d2,uniswap-v4,Ethereum,ETH-IMDSTR,172811,False,,0,0,
063aa42d-a46d-4b45-8725-d784a8e25843,uniswap-v4,Ethereum,WBTC-WSTETH,172787,False,,0.36093,0.36093,
bf4a5bda-e35a-440d-a4fe-56235616f9a3,balancer-v2,Ethereum,DAI-WETH,172569,False,,4.53729,4.53729,0
cff7ac9a-29b9-4057-bb87-20f790e13a15,sushiswap,Ethereum,ICHI-WETH,172232,False,,0.00487,0.00487,0
b137f65d-6718-47ff-8261-8596de1ee2bb,uniswap-v4,Ethereum,ETH-TFT,171380,False,,0,0,
458bebdc-d4d2-410f-9338-93d295c4e934,uniswap-v3,Ethereum,BITCOIN-WETH,170986,False,,0.23058,0.23058,
b7dd4847-6f5a-4c6f-b1ef-0ff6428e8e08,uniswap-v4,Base,WETH-OWOCKIBOT,170286,False,,0,0,
1ddbf80b-bc6a-4a63-b420-89eb6b4b25e6,uniswap-v4,Ethereum,ETH-ACX,169771,False,,1.46456,1.46456,
3e009966-024d-4666-86aa-e97ad8eab868,uniswap-v3,Ethereum,LIT-WETH,168939,False,,49.21471,49.21471,
dcbd00ab-fc44-4618-9d79-f6ae33ec4bb2,uniswap-v4,Ethereum,ETH-LIQUIDETH,168392,True,,0,0,
99479970-c3d5-4b4b-85b6-d9821da99e53,uniswap-v3,Optimism,WETH-AAVE,167497,False,,0,0,
00e36a67-40f4-4758-be95-0c1a3aeeebe4,uniswap-v4,Ethereum,ETH-GLHFSTR,167373,False,,0,0,
1e09422b-66dc-4875-a37c-55015beebacc,uniswap-v3,Base,WETH-PENGUINS,167321,False,,28.20666,28.20666,
73af0123-ecdf-4952-9799-fb9be4f2833f,uniswap-v3,Ethereum,KP3R-WETH,167314,False,,0.07115,0.07115,
2e23150d-9ae8-4d72-8189-9d1187b77812,uniswap-v4,Base,WETH-DAIMON,167061,False,,0.00013,0.00013,
f6a01394-b4d4-45b5-9dfc-20e678810b2e,uniswap-v3,Ethereum,WETH-GTC,166630,False,,89.20901,89.20901,
601b6bd7-331a-434d-9d26-b52c1bdf6f1e,uniswap-v3,Ethereum,HARAMBE-WETH,165710,False,,0.00955,0.00955,
17227b6c-166e-4db8-91c3-ce3d360c7b71,uniswap-v4,Base,WETH-SMCF,165461,False,,0.06683,0.06683,
c1c9cd9d-fdad-460c-881d-35dbd11b20dc,uniswap-v4,Base,SINGULARITY-ENGINE-WETH,165138,False,,2e-05,2e-05,
d512245c-1a85-4bf4-98b6-bc60358fd370,uniswap-v3,Optimism,WETH-USDC,165100,False,,0,0,
3a25184d-bc1f-5f5a-bb58-8187adba673f,uniswap-v4,Arbitrum,ETH-ETHFI,163322,False,,0,0,
684919ff-13a1-4bae-83ac-249ae1424905,uniswap-v3,Polygon,WMATIC-WETH,163183,False,,28.53926,28.53926,
fb6cf928-a93e-4f11-9b82-2e14a262a7d1,uniswap-v4,Base,WETH-CRAIG,162992,False,,0,0,
d8dc2807-af69-4a41-9abf-1cbf7b65dabd,uniswap-v3,Base,WETH-$MFER,162848,False,,0.0003,0.0003,
7d7d19f1-4a2f-4003-a92e-9702ff225073,uniswap-v3,BNB Chain,ETH-WBNB,161528,False,,9.73769,9.73769,
6d3763f2-b4c3-4c95-ae28-4248cb9c0358,uniswap-v3,Base,WETH-DIEM,160904,False,,65.28409,65.28409,
29262bbb-64e6-4375-9add-926bee15ab92,uniswap-v4,Base,WETH-ETHR,160693,False,,0,0,
c15d2117-0234-4d67-89ed-3c197511c382,uniswap-v4,Base,WETH-MACHINES,160647,False,,0,0,
cb91d3b2-eefe-4ba1-8f9e-a2d2311dc2f1,uniswap-v4,Ethereum,ETH-ESS,159753,False,,12.1381,12.1381,
0a543166-3001-4158-89ee-cfc20bd51aa4,uniswap-v4,Base,WETH-HIVE,158684,False,,4.77395,4.77395,
ce4fb431-d3a8-49b7-b0c3-ae3f9c5f0318,uniswap-v4,Polygon,POL-WETH,158454,False,,8.97395,8.97395,
79a81b8f-bd1e-41d8-adc9-68704af7179a,uniswap-v4,Polygon,POL-ETHX,158402,False,,0,0,
1c31bd0c-2835-5ea5-9848-c65531372bd0,uniswap-v4,Base,ETH-NVDAC,158302,False,,0,0,
ffe9b4a0-c451-588a-9c1d-d17f243e5057,uniswap-v3,Base,1R0R-WETH,157988,False,,4.76969,4.76969,
2d4ca6f7-b980-49df-b32e-91f613ae9e09,uniswap-v3,Arbitrum,WETH-USDC,157940,False,,5.6427,5.6427,
6725de7e-3f65-481c-b70c-e9d6fffa8c24,uniswap-v3,Base,VIRTUAL-WETH,157719,False,,14.01086,14.01086,
333477a4-a7b9-492c-ad21-39cfb681e71f,uniswap-v4,Ethereum,ETH-PRISM,157656,False,,0.32093,0.32093,
aba9c645-9d74-54ff-a735-8f5e92753d50,uniswap-v4,Ethereum,ETH-CREDITSTR,157245,False,,0,0,
f272b287-1bcc-41d1-8204-e4ed8e41e7eb,uniswap-v4,Ethereum,ETH-PUNKSR,157058,False,,0,0,
c91c16af-1159-4ca6-84e8-337fc7940c89,uniswap-v4,Base,ETH-METALOS,156974,False,,0.00198,0.00198,
307fb6a5-7b29-4bc6-9f59-b958482388f7,uniswap-v4,Base,WETH-HERMESOS,156803,False,,0.00476,0.00476,
9582600a-726e-5d02-883f-d2cba28a5674,uniswap-v4,Base,ETH-USDC,156647,False,,0,0,
2c994f4c-61f3-4576-b6e5-1fb878a1489b,balancer-v2,Base,WETH-IMO,156618,False,,2.79599,2.79599,0
dc3773db-7ac4-4549-ace1-e0763113e097,uniswap-v4,BNB Chain,ETH-USDT,155713,False,,13.32334,13.32334,
d73a9d67-8155-44af-944d-0d923d939503,uniswap-v4,Ethereum,ETH-OBOL,155710,False,,3.53297,3.53297,
7e2cf50e-1eb5-4f71-addf-835e830f1a95,uniswap-v4,Ethereum,ETH-LO0P,155660,False,,0,0,
7983f8a1-03d5-42ed-8834-7bdf103765b8,uniswap-v4,Ethereum,ETH-MSTR,155579,False,,0,0,
6b9473ca-1e45-4fa7-ae93-9a1a4a702663,uniswap-v4,Polygon,WETH-TEL,155541,False,,52.77447,52.77447,
be41594f-a0ad-4729-8ade-ff69c51a0865,uniswap-v4,Ethereum,ETH-STREET,155286,False,,0,0,
4c4ede37-6667-569f-a42e-5f3c27b87c5c,uniswap-v4,Polygon,WETH-TEL,155198,False,,77.35692,77.35692,
e1b8d982-a466-4eec-8fa8-d623b882c41d,uniswap-v4,Polygon,FIN-WETH,155103,False,,8.49076,8.49076,
d7412d5f-7139-4425-94fe-56d1153efa87,uniswap-v4,Base,WETH-WOON,155080,False,,0,0,
540c9c4a-92ba-4016-8c81-4fd79a92420d,uniswap-v4,Ethereum,ETH-REKTSTR,154858,False,,0,0,
0060b528-c9e4-4d4d-a514-efba2808d2d4,uniswap-v4,Ethereum,ETH-TEL,154411,False,,5.88921,5.88921,
dd7d67f4-0552-4cb6-94a6-8f14192f4cd7,uniswap-v4,Arbitrum,ETH-AAVE,154117,False,,0,0,
09e40314-e19e-4b89-a905-7c5d729c8005,uniswap-v4,Ethereum,ETH-DEEDSTR,153577,False,,0,0,
f3a83af1-141c-4ebb-9aa2-b0a705a1ec61,uniswap-v4,Ethereum,ETH-DUAL,153505,False,,0.63225,0.63225,
b417d809-6294-4029-9c4f-4bd745b8a3f8,uniswap-v3,Base,WETH-LSEA,153489,False,,0.55857,0.55857,
95b1e0f3-5653-4552-bac0-361a55801474,uniswap-v3,Base,₸USD-WETH,153337,False,,0.00066,0.00066,
f15c2a99-3ba8-4357-9654-0973f71ab5b8,uniswap-v4,Base,WETH-SHX,153290,False,,24.00624,24.00624,
44f19b04-894a-48f1-bef6-6a803990dca1,uniswap-v3,Ethereum,PEOPLE-WETH,153286,False,,12.4406,12.4406,
f8ceda2b-08e7-4ec5-a567-d53ae2e76347,uniswap-v3,Ethereum,ALEPH-WETH,152950,False,,0,0,
70ee90b8-4190-47fb-a89f-4386eb599da9,uniswap-v3,Ethereum,ATOS-WETH,152487,False,,56.43295,56.43295,
63cbd8cb-071b-5760-97ad-da41e07f58e5,uniswap-v4,Base,INVSTMNT-WETH,151134,False,,33.43044,33.43044,
9b20a39e-5032-4cec-89d1-565b36b54efa,uniswap-v4,Base,WOON-WETH,151093,False,,0,0,
7c8d13e6-e5d7-43d8-8fef-72c2b9185963,uniswap-v3,Base,WETH-MEY,150581,False,,3.35364,3.35364,
08c09775-b4fa-4ab1-bfcf-9aa3bd94bcb5,uniswap-v3,Base,WETH-FAIR,150361,False,,30.38945,30.38945,
8089e831-1982-5ad7-8a4b-78c8e07c0c94,uniswap-v3,Base,NEUY-WETH,150356,False,,22.52952,22.52952,
018f4c26-022e-4dd1-a8c2-57cc433f6485,uniswap-v4,Base,WETH-EMBER,150110,False,,0.00079,0.00079,
ca38a263-49bc-4d7c-8edc-48013960193b,uniswap-v4,Ethereum,ETH-SPHINCS,149704,False,,0.053,0.053,
4ea1ebc3-b8b1-4d5b-a4ad-f178ebcfc219,uniswap-v3,Ethereum,HEX-WETH,149120,False,,11.04373,11.04373,
f6df99a6-b164-4d12-918b-5249146cc7ce,uniswap-v4,Base,CLAWDSPIRACY-WETH,149005,False,,0.00767,0.00767,
7df57204-cd06-433e-b892-bbf9a1df946e,uniswap-v4,Base,WETH-CLONK,148690,False,,0,0,
cf072c95-555a-5858-8d6a-8ce10a4079b8,uniswap-v4,Ethereum,ETH-USOCKS,148220,False,,0,0,
ca8bbe4c-f3f0-45b1-aff2-bb379fe65a64,uniswap-v3,Base,WETH-USDT,147469,False,,49.10891,49.10891,
72c6fa77-eed2-4b88-acbc-90718b0b966b,uniswap-v4,Ethereum,ETH-REACT,146927,False,,7.40219,7.40219,
1b38e6dd-ee9b-47e8-b2bd-81ae87abe357,uniswap-v4,Ethereum,ETH-W,146783,False,,21.0541,21.0541,
fa9795a9-8dd0-5316-9837-675ca8c3eabf,uniswap-v4,Base,ETH-BRIAN,146680,False,,0.02087,0.02087,
8ae6326d-1c6c-580f-9140-42eaf7883828,uniswap-v4,Ethereum,ETH-SNOWMOON,146624,False,,49.10556,49.10556,
95f6784c-93c0-4d6d-ade3-bfca12ed6f2d,uniswap-v4,Ethereum,ETH-UPEG,146551,False,,0.58136,0.58136,
88730a20-1967-44db-b94f-dd307ee12a75,uniswap-v3,Base,WETH-YO,146408,False,,0,0,
8fbd7f55-e8a5-4379-a80e-be1dcca7816f,uniswap-v4,Base,CLAUNCH-WETH,146256,False,,0.00064,0.00064,
7cb7a611-466e-4cfe-8bcc-f9a4ba25e48b,uniswap-v3,Ethereum,GLM-WETH,146195,False,,0,0,
9ee3d0d0-d6d2-4ee6-a1c8-38b2c35b9b7a,uniswap-v3,Base,WETH-SENDIT,146119,False,,7e-05,7e-05,
03ae0ff5-fefb-44ec-a747-f0c1a5dcafba,uniswap-v4,Ethereum,ETH-DIMO,145844,False,,0,0,
8468e3cf-f717-4eb1-b3e9-7b7b9d80a31d,uniswap-v4,Base,WETH-CAPACITR,145343,False,,2.17295,2.17295,
d67dbdb2-f10d-4296-8dc8-a37742686ef3,uniswap-v3,Base,WETH-XSWAP,145333,False,,1.06296,1.06296,
6275faed-af06-52f9-8691-98cdf7b3ed0a,uniswap-v4,Base,ETH-USDC,145015,False,,49.66445,49.66445,
db15dc51-7ffe-4ed0-a823-b38dd4e80e94,uniswap-v4,Ethereum,ETH-LDO,144818,False,,20.17585,20.17585,
77a8b1f4-1119-4d42-8cc3-faeca78d5799,uniswap-v4,Base,WETH-BIO,144205,False,,0,0,
0d5f42c5-e995-46ed-ba3a-291967074931,uniswap-v4,Ethereum,ETH-MEEBSTR,144056,False,,0,0,
a9975fb5-59ce-4ef2-90ac-02cb0021ca12,uniswap-v4,Base,ETH-NOCK,144053,False,,29.4399,29.4399,
b62f054d-98c1-474f-9ff6-bce951ef0014,uniswap-v4,Base,VDOR-WETH,144043,False,,0,0,
16ad437d-3bfd-4118-9fce-660e9ea294de,uniswap-v3,Base,HPC-WETH,143914,False,,0.00016,0.00016,
f2149cfe-bffd-45c0-8ceb-b5ee490f16b7,uniswap-v3,Ethereum,PEPU-WETH,143511,False,,0.01417,0.01417,
3b84becc-d530-4db7-a1f5-64d1b6d75d22,uniswap-v4,Base,WETH-HARNESS,143356,False,,12.36713,12.36713,
da3dba23-4196-5add-b588-3dd321ee0020,uniswap-v4,Base,WETH-VOSF,143292,False,,83.90309,83.90309,
1a40f2ff-1046-45ce-a6d7-d21d8fccd82b,uniswap-v3,Ethereum,WETH-BERRY,142742,False,,3.06231,3.06231,
6fad892c-6b75-5666-9b09-cb77a7746a51,uniswap-v4,Base,ETH-CBETH,142349,True,,3.09977,3.09977,
af31f83e-c79f-5890-890e-73c5d03ae181,uniswap-v4,Base,WSOS-WETH,142323,False,,17.81,17.81,
cbfd606c-ba6d-4392-a274-6a0d8947bce8,uniswap-v4,Ethereum,ETH-RALLY,141729,False,,59.77109,59.77109,
0d41092f-2792-4590-96c0-39f68aa77041,sushiswap,Ethereum,YFI-WETH,141721,False,,7.50881,7.50881,0
9e395b4a-9c5c-5262-aa65-012dce622fd2,uniswap-v4,Base,ETH-GDEX,141680,False,,0.61721,0.61721,
d05dabc8-b729-4ca9-b83d-204afb62dde4,uniswap-v3,Arbitrum,WETH-GMX,141530,False,,8.84841,8.84841,
b5788765-cbeb-4032-b20a-c85663b30925,uniswap-v3,Base,WETH-MOCHI,140358,False,,4.99905,4.99905,
16d04ec2-ea4e-4f13-8292-3d0153a7f6b3,uniswap-v4,Ethereum,ETH-GOBSTR,139108,False,,0,0,
0647b01e-9a01-4d64-afa8-a267776a0a94,uniswap-v4,Base,OPENHUMAN-WETH,139002,False,,0.15397,0.15397,
4df1cf5f-d247-43f1-8983-e433431de6f0,uniswap-v3,Ethereum,TEL-WETH,138832,False,,46.19166,46.19166,
a661e291-41e7-5f41-8193-71bd1f414991,uniswap-v3,Base,WETH-MUTM,138819,False,,0,0,
194b26ff-0ba5-4cc9-80df-57010cc202b6,uniswap-v3,Base,OXI-WETH,138697,False,,0.00653,0.00653,
48f90fe9-caaa-40c5-915b-a9dd1df46756,uniswap-v3,Ethereum,WSTETH-USDC,138542,False,,12.24308,12.24308,
d0f8a106-5eeb-4abd-a313-9245192e822b,uniswap-v3,BNB Chain,ETH-USDT,138079,False,,10.58905,10.58905,
0381328c-1077-42dc-8b0c-2f0ad01bf6e2,sushiswap,Ethereum,IQ-WETH,138040,False,,2.21441,2.21441,0
81bc9d8b-b33c-4527-8f7f-1a66a44bfc20,uniswap-v4,Base,WETH-NEOFORM,137906,False,,0,0,
3b0366f3-98cd-494f-883f-ee016fd19d83,uniswap-v4,Ethereum,ETH-SENT,137781,False,,0,0,
b1b240ff-cb6d-440a-ab84-16902e45eed6,uniswap-v4,Base,WETH-POOPCOIN,137212,False,,0,0,
c2ad7919-e2ea-499f-ab76-5f0e07ad0d49,uniswap-v4,Arbitrum,ETH-ZRO,137105,False,,0,0,
c381a475-9a86-4a3f-bdd9-a84da3c1995b,uniswap-v4,Ethereum,ETH-RARE,137013,False,,9.76669,9.76669,
750a7894-db06-43f5-b725-f5bbfc21098f,uniswap-v4,Ethereum,ETH-CHKSTR,136522,False,,0,0,
d012280f-1f2a-4db6-b2b4-9f2fb2fb62ba,uniswap-v4,Base,VANCE-WETH,136473,False,,0,0,
cd3afedc-3dd3-43cc-9729-9a15db508683,uniswap-v3,Arbitrum,WETH-RETH,136242,True,,1.52386,1.52386,
2097381a-b24c-4198-b331-e90bfdfcd591,uniswap-v4,Base,WETH-CRED,136132,False,,3.0466,3.0466,
adbafab7-1e89-4df2-a865-0fed07ac0cf1,uniswap-v4,Base,WETH-ARGUE,135659,False,,0,0,
0bd98d33-ef67-4b6d-bb8a-2ea8e1d85a39,uniswap-v4,Base,WETH-POLAR,135429,False,,0,0,
46a38137-3032-4b71-a32d-67ba05e4ea1b,uniswap-v3,Ethereum,WETH-RIO,135303,False,,0,0,
86da7fbc-14c2-4903-a3dc-b3e8846c4586,uniswap-v4,Ethereum,ETH-WNXM,134857,False,,0,0,
dd7c11a1-8e22-4998-84fd-e2684873ec45,uniswap-v4,Base,WETH-GITC,134484,False,,0,0,
6430a6d8-5208-48fa-870e-2bbd81f04592,uniswap-v3,Base,DOG-WETH,134477,False,,0.01357,0.01357,
3d255331-6cad-42b0-b690-4baf0508d8bc,uniswap-v4,Base,WETH-EVO,134419,False,,12.55562,12.55562,
e9bf23be-bcb8-59f9-8095-3bfa93b3971d,uniswap-v4,Ethereum,ETH-ALEPH,134298,False,,0,0,
07cc3ae8-b8d7-4ed1-b0a5-9e407b8a931d,uniswap-v4,Base,ATLASFORGE-WETH,134209,False,,0.00113,0.00113,
d517903b-0e35-4b64-8914-2562dcf2f901,uniswap-v4,Base,WETH-CANTON,134038,False,,0.31251,0.31251,
707efbb0-1a0c-4c63-a587-71602d486bb1,uniswap-v4,Ethereum,ETH-TRUF,134016,False,,2.16865,2.16865,
27aa0483-8210-4a32-ad49-165fe56f869d,uniswap-v4,Base,WETH-EVE,133965,False,,1.20003,1.20003,
a86f8ce6-3eb6-548d-8dd0-175fee0c7364,uniswap-v4,Base,ETH-BLUEPILL,133421,False,,28.31199,28.31199,
f6b15f67-cb03-4ed6-be34-74b6f148d452,uniswap-v3,Ethereum,PUFFER-WETH,133010,False,,6.93054,6.93054,
d807d4a9-b632-4436-a417-8ccffe833715,uniswap-v4,Base,WETH-MARTY,132571,False,,0.00742,0.00742,
34ee4a28-8353-468a-a8d5-0475c034eac7,uniswap-v4,Ethereum,ETH-AUTO,132194,False,,0.20887,0.20887,
bd3b1844-59e2-4de2-a311-41beb743a44c,uniswap-v4,Ethereum,ETH-USDC,131972,False,,5.52898,5.52898,
daed7bd0-e064-42fb-8b06-67ae68d28454,uniswap-v3,Ethereum,GNUS-WETH,131968,False,,5.67238,5.67238,
3402c509-d0b4-4011-9034-1ba9c48e84bb,uniswap-v3,Base,WETH-LTAI,131825,False,,0,0,
8ec525c7-6ab2-41c5-97e5-e69a4c9d810e,uniswap-v4,Base,WETH-DOPPEL,131644,False,,0.00576,0.00576,
a93b4a2d-e50c-42d9-806d-ccdad7e97c43,uniswap-v4,Base,WETH-OPENCLAW,131287,False,,0.05466,0.05466,
78da6ff3-a686-492e-b8ba-40e2ebc15a4c,uniswap-v4,Base,WETH-DAVE,131139,False,,3.17227,3.17227,
f37dffea-05d1-4f3e-8a83-f5436a9106c7,balancer-v2,Ethereum,WETH-NOTE,131122,False,,0,0,0
1b93a3e1-6442-4365-9d3f-ee912f684311,uniswap-v4,Base,WETH-WOLF,130950,False,,0.778,0.778,
0a507388-e225-4362-9445-64264de7d258,uniswap-v4,Base,WETH-GOYIM,130938,False,,0,0,
7adc0198-48ae-4d63-8511-40c33ea167d1,uniswap-v4,Base,WETH-MINI,130784,False,,0.01822,0.01822,
4e949edf-6483-45cf-b23f-558207c47423,uniswap-v4,Base,ETHR-WETH,130392,False,,0.06652,0.06652,
3cad2d2c-09f7-4126-87fe-b7f670f29ab4,uniswap-v3,Ethereum,PEPES-WETH,130267,False,,0,0,
115c0ec6-ac08-4f8a-acb4-bf605fc5784c,uniswap-v3,Ethereum,WETH-OSQTH,129855,False,,0.61562,0.61562,
7b3f1713-9df4-4347-b8e9-a778a00098a7,uniswap-v3,Ethereum,OHM-WETH,129854,False,,0.1251,0.1251,
f1eb7730-3497-4449-a373-28abe9177d92,uniswap-v3,Ethereum,TKING-WETH,129794,False,,0.00159,0.00159,
5e86c21c-6d1e-5861-85ca-a45276ae4737,uniswap-v3,Base,WETH-TAO,129715,False,,214.2395,214.2395,
d799b0e7-afce-4eb0-8ddd-47ff6c58afa7,uniswap-v4,Base,WETH-BRAINPRO,129464,False,,0.02882,0.02882,
078916c3-935e-5a23-8363-1bbe2c92732b,uniswap-v3,Base,WETH-PEPETO,129225,False,,0,0,
2fbe19fb-133c-4db2-bc61-264f988e5d27,uniswap-v4,Ethereum,ETH-TRAC,129174,False,,63.83599,63.83599,
998db234-d21f-59d2-9ea0-152bf5c61677,uniswap-v4,Base,ETH-WOFT,129008,False,,6.08062,6.08062,
434f05af-7128-4d40-93f8-22db263f927d,uniswap-v3,Arbitrum,WETH-LSETH,129004,False,,0.00038,0.00038,
8ba271a3-1a72-4a60-b979-5a36ac1f2c2b,uniswap-v4,Ethereum,ETH-AKITA,128949,False,,5.33913,5.33913,
805f545c-2ca5-41a2-a455-992c6f4d5478,uniswap-v4,Base,ETH-SPARK,128877,False,,7.95386,7.95386,
561b5621-514e-449c-a600-59024eed9dd7,uniswap-v4,Ethereum,ETH-GOBLIN,128773,False,,0,0,
0c1f5caa-98bc-455c-b4bb-009570f7b7a4,uniswap-v3,Arbitrum,WETH-DAI,128602,False,,1.77579,1.77579,
d72d6ac6-cbbe-4872-b791-3c6c8e4e1f6b,uniswap-v4,Ethereum,ETH-TOADSTR,128529,False,,0,0,
0e1ddaae-78bb-4aca-9731-7c79cc0291a5,uniswap-v3,Ethereum,WETH-ENS,128499,False,,19.3246,19.3246,
975d955c-7b35-4abd-83a3-3bc990b750f4,sushiswap,Ethereum,WETH-NFD,127988,False,,1.57549,1.57549,0
dde56b7e-cce7-4eb1-8a2a-50b41f95ab9e,uniswap-v4,Base,ETH-QUILL,127769,False,,0,0,
b00618c4-940d-4044-8369-87e32192f4c4,uniswap-v4,Base,WETH-DELU,127730,False,,0.46775,0.46775,
e9b53863-9826-40d2-b144-42f4eca29e73,uniswap-v4,Base,WETH-CLAWK,127545,False,,0,0,
3825a5cc-3d60-452e-ac5d-9df1c678221d,uniswap-v3,Ethereum,MOBY-WETH,127513,False,,0.09349,0.09349,
fe6edd87-fd9f-4320-97b3-b4aad91a468a,uniswap-v3,Base,WETH-COIN,126870,False,,0.04836,0.04836,
5a0c564e-c96f-5ee7-97b1-7b4a73f47fdc,uniswap-v4,Ethereum,ETH-OLY,126649,False,,1.53259,1.53259,
5b7b5d88-5e5b-4841-a6a4-92df499a2183,uniswap-v4,Ethereum,ETH-ELEVATE,126397,False,,10.83167,10.83167,
00dde020-46a5-435b-a5b0-eaf869404b8b,sushiswap,Ethereum,FTXTOKEN-WETH,126331,False,,4.67298,4.67298,0
c528bf09-320d-49f2-bd4f-3ca20e464388,uniswap-v4,Base,WETH-CLAWDICT,126256,False,,0,0,
6164cd98-fb7a-43b1-82e2-b1203dd46a2b,uniswap-v3,Base,TIG-WETH,126092,False,,144.52758,144.52758,
624b4a39-24a3-4e01-940d-fd7b379521d5,uniswap-v4,Base,ETH-CLANKER,125683,False,,0.01228,0.01228,
ae82b93c-7abc-4aaa-82d2-1858454e6827,uniswap-v3,Base,WETH-DEGEN,125656,False,,24.32788,24.32788,
53da6e5a-778d-40d5-a5f3-f188b27cb576,uniswap-v3,Ethereum,MORPHO-WETH,125334,False,,15.2194,15.2194,
f5ba6eee-d6c9-47e2-b82c-dc867bcbccfa,uniswap-v4,Base,WETH-VVVEITY,124899,False,,0.55449,0.55449,
c32cbac9-a86e-4c99-9e0a-6dbc00eec665,uniswap-v4,Base,WETH-ASTEROID,124736,False,,0,0,
a5a249fb-458a-4040-b4e0-cc0a2734d6df,uniswap-v4,Base,TCRUST-WETH,124685,False,,0,0,
57437274-42a0-45eb-8389-992b8b71fc44,uniswap-v3,Arbitrum,WETH-ARB,124546,False,,59.90342,59.90342,
33dd5db0-def1-573a-9706-0a4e2527d87b,uniswap-v4,Base,ETH-TEL,124420,False,,26.87008,26.87008,
448c07cb-a4d0-4b98-a5b5-6e1a8fae6501,uniswap-v4,Base,WETH-BUNKER,124152,False,,0.01479,0.01479,
7e308dcf-b3da-48dc-82ba-5ae630c5d2f4,uniswap-v3,Ethereum,RSR-WETH,124073,False,,0,0,
19457d93-6be3-4207-8d0c-a15e8b321e29,uniswap-v4,Ethereum,ETH-EPIC,123986,False,,13.76617,13.76617,
3e485ec0-19e1-4bac-a4eb-4f28cc3ea139,uniswap-v3,Base,WETH-BRETT,123897,False,,63.62067,63.62067,
a87314d3-14f2-4a89-89dd-360f1ccd69c8,uniswap-v4,Base,WETH-MOLTLINE,123878,False,,0,0,
f7c47597-2190-4c5c-813f-4d958f74cccc,uniswap-v4,Ethereum,SWETH-RSWETH,123823,True,,0,0,
7e3d4d3c-9aee-596f-8fba-8a0f845d41d7,uniswap-v4,Ethereum,ETH-KLIK,123445,False,,0,0,
73abd456-ad4d-45df-9a47-86758ab5a8ef,uniswap-v3,Arbitrum,WETH-USDC,123026,False,,34.76942,34.76942,
2913f374-9305-417e-91e5-9a21adf91404,uniswap-v3,Base,WETH-OWO,122805,False,,0,0,
b6214be0-25c2-4bd2-9986-8e25668fce26,uniswap-v4,Ethereum,ETH-KARRAT,122636,False,,76.31998,76.31998,
507f955a-fa25-4106-a963-e1e552546fac,uniswap-v3,BNB Chain,XRP-ETH,122547,False,,7.33754,7.33754,
5f0db05b-bfdf-465a-9222-687a367addb5,uniswap-v3,Arbitrum,WETH-SEED,121985,False,,0,0,
37115708-79b0-485b-942d-661e0a64b137,uniswap-v3,Arbitrum,WETH-ZPC,121878,False,,0,0,
4b0f0d1d-3f08-4db2-a3d9-63c1d09b76a4,uniswap-v3,Arbitrum,CNFI-WETH,121744,False,,0,0,
82397457-ab3e-4817-81fc-6db41209fda8,uniswap-v4,Base,WETH-FOMOLT,121409,False,,0,0,
21b4fa3a-1203-4027-9f21-628cf73d148e,uniswap-v4,Arbitrum,ETH-USDC,121367,False,,0,0,
ae9881b3-c004-4203-95bb-5e3d4c85d38e,uniswap-v4,Base,WETH-BV7X,121279,False,,0,0,
4b49cd15-1b61-4c96-b08c-289055f85416,uniswap-v4,Base,WETH-YOSHI,120738,False,,0.00708,0.00708,
f0e674f6-ad83-4cde-8a87-14fd0a04eeb6,uniswap-v4,Ethereum,ETH-SLOP,120530,False,,0,0,
68b15315-a45e-41db-890e-09c2a80f0bf5,uniswap-v4,Base,WETH-SAIMMY,119774,False,,0,0,
d46dea6e-c44c-4741-8a55-d9f2a96bd1e8,uniswap-v4,Polygon,WETH-TEL,119102,False,,0,0,
75ca1ed2-dcd0-419d-99e8-8aa13aa08364,uniswap-v3,Ethereum,RSR-WETH,118806,False,,21.94797,21.94797,
74519b9e-34c7-56e8-9280-b01f8dfed36c,uniswap-v4,Ethereum,ETH-NES,118693,False,,0,0,
92974aef-911e-4765-a74f-476c9b847583,uniswap-v4,Ethereum,ETH-VEE,118381,False,,0.60709,0.60709,
7c4101a3-366a-4e50-9247-3667d973c671,uniswap-v3,Ethereum,CVX-WETH,118347,False,,15.22651,15.22651,
8421abe2-5158-468f-8cca-761a065988e5,uniswap-v4,Base,WETH-SYYN,117681,False,,0.10497,0.10497,
227d7b30-5ab9-464b-b40c-f4f4b6e4d7db,uniswap-v3,Base,WETH-LINGO,117571,False,,4.6945,4.6945,
b8e0f4a8-5d3f-4477-80ad-9b7bd5574705,uniswap-v4,Base,WEB4-WETH,117415,False,,0,0,
c5c35be4-bed0-5a65-8d3e-7512a7273b0e,uniswap-v3,Base,WETH-HYPER,117328,False,,0,0,
97232bc8-9b1a-4f14-9d60-1f221fdd4b60,uniswap-v4,Base,WETH-SINGIT,117121,False,,11.97534,11.97534,
005c20d2-5e52-47eb-b814-47d870a608d2,uniswap-v3,Ethereum,WETH-XPR,117024,False,,63.62721,63.62721,
e3f778bb-1f84-40d1-b209-5d28ac997013,uniswap-v4,Base,4CLAW-WETH,116720,False,,0,0,
c037350d-166b-49d6-841d-1affffb04f93,uniswap-v3,Base,BYTE-WETH,116591,False,,0.02025,0.02025,
b285bdc4-09ec-4b6d-b077-596a55ee8e64,uniswap-v4,Ethereum,ETH-DICKSTR,116496,False,,0,0,
bb60306c-6720-4137-8068-a4d3579ab932,uniswap-v4,Ethereum,ETH-ENA,116420,False,,13.8916,13.8916,
d077bb72-ecf2-4f12-acc9-362bf50d0bae,balancer-v2,Polygon,WMATIC-USDC-WETH-BAL,116228,False,,1.26865,1.26865,0
b15cab2f-bedd-4f4f-a841-02556af903bc,uniswap-v3,Base,SCI-WETH,115410,False,,5.69426,5.69426,
54dacb8d-cb59-45cb-b4f0-9ea6e5fce946,uniswap-v3,Ethereum,RIO-WETH,115140,False,,39.26569,39.26569,
5ff0b98d-e450-53dd-9d8d-53bb0cc310f6,uniswap-v3,Base,WETH-CBZEC,114982,False,,107.03659,107.03659,
0c5d0cbd-8608-481e-aa5b-4bb1e70d5426,uniswap-v4,Ethereum,ETH-SD,114558,False,,47.79537,47.79537,
18bc5c6b-34f0-5dc4-ba6c-7bc9349a4137,uniswap-v4,Base,ETH-BASEPAD,114544,False,,5018.45182,5018.45182,
4baab5c9-64c9-40f6-9f95-76a289d5959d,uniswap-v4,Optimism,ETH-WBTC,114490,False,,4.26618,4.26618,
d97c9e55-772e-5401-b64e-18bb159e2834,uniswap-v4,Base,XDP-WETH,114471,False,,124.76742,124.76742,
fc839036-4ef2-42c7-860c-7f6349b84293,uniswap-v3,Arbitrum,WETH-KRL,114351,False,,0,0,
0767597d-c52d-59eb-9081-98a34dedc212,uniswap-v4,Base,WETH-VSOF,114248,False,,112.14124,112.14124,
cf515b65-cfff-5c74-8c9f-f0761f802374,uniswap-v4,Ethereum,ETH-STRK,114199,False,,71.98691,71.98691,
1278fd76-46d3-45d4-8de2-db096b6b5985,uniswap-v4,Ethereum,ETH-CRYPTO,114156,False,,2.55814,2.55814,
fca25fa9-9365-4241-8322-8e54fd114f19,sushiswap,Ethereum,STKATOM-WETH,113780,False,,0,0,0
6bf07a57-6d30-4cf6-a234-7328e6a63cd5,uniswap-v4,Ethereum,ETH-JRNY,113634,False,,0.67485,0.67485,
74a30bce-27cc-49ca-a2e1-3109e6c37553,uniswap-v3,Arbitrum,SOL-WETH,113621,False,,84.8037,84.8037,
fede7dd5-91f6-4596-986c-d7379210f71d,uniswap-v3,Optimism,WETH-USDC,113594,False,,0,0,
a203895e-f5c0-59b2-ba97-815fe17a54b9,uniswap-v4,Ethereum,ETH-ANVL,113310,False,,35.69606,35.69606,
53d68dfc-132c-4f8d-acd5-3042d14d6c0d,uniswap-v4,Base,EMMET-WETH,113020,False,,0.74452,0.74452,
119d49e5-f42c-4e4a-b867-a05c3f236469,uniswap-v4,Ethereum,ETH-LCX,113004,False,,490.01331,490.01331,
54c4e91a-855f-5468-994b-afeb041e56b0,uniswap-v4,BNB Chain,ETH-10X,112671,False,,0,0,
02d5bd0e-03ee-413b-801b-1749ac0a2540,uniswap-v4,Base,WETH-THINK,112628,False,,0.65321,0.65321,
d3907ea3-f7f7-47cf-b44c-01573c0b8b96,uniswap-v4,Ethereum,ETH-DOLO,112611,False,,0.00387,0.00387,
fcddd175-1a85-441a-ba35-46ce8790c883,uniswap-v4,Base,ETH-DRB,112251,False,,13.12798,13.12798,
f5c8b063-e873-4fe8-86b3-a03e1b76ce8c,uniswap-v3,Base,WETH-ABX,111921,False,,14.04232,14.04232,
fdbc6486-88b6-4f02-9ced-d5302fca09b5,uniswap-v4,Base,WETH-BASEPOST,111847,False,,0,0,
e30f5d09-6b47-44bd-829d-53716d5e6115,uniswap-v4,Base,WETH-PERKOS,111671,False,,0.00501,0.00501,
7cab514f-9ef3-5cb2-a356-2cab6329f897,uniswap-v4,Base,WETH-ATLAS,111624,False,,389.73416,389.73416,
1feb1348-e710-40d3-966d-1614f158a959,uniswap-v3,Base,RFND-WETH,111491,False,,0.15161,0.15161,
24b1e211-9e93-48d6-9be1-ad995c62656b,uniswap-v3,Ethereum,MATIC-WETH,111079,False,,0.23383,0.23383,
bf07f001-01e8-4487-b810-47a8689bee42,uniswap-v3,Base,WETH-MVTT10F,110974,False,,1.21916,1.21916,
8476a7b5-7cf9-4e91-806e-25065fe72656,uniswap-v4,Ethereum,ETH-SQUIGSTR,110961,False,,0,0,
0efc8068-2953-57d9-b830-d5fe98f98f25,uniswap-v4,Base,ETH-ATLAS,110802,False,,8.62804,8.62804,
4ee970e1-233a-49c5-b3c4-e56f1937af05,uniswap-v3,Polygon,NEUY-WETH,110667,False,,14.07205,14.07205,
d29ab4f0-6a55-4f02-ac12-9a07b92688fb,uniswap-v4,Base,ETH-RARE,110589,False,,7.91457,7.91457,
a43705a1-0d04-4682-b005-72b9e243a5bd,uniswap-v3,Ethereum,CHEX-WETH,110575,False,,25.32735,25.32735,
df1b2ef3-465f-4338-9e1e-5fd3eed17b8a,uniswap-v3,Avalanche,WETH.E-WAVAX,110570,False,,70.81321,70.81321,
66fbe588-b3d8-4b9a-96cc-f81b14032ff1,uniswap-v4,Optimism,ETH-WSTETH,110346,True,,0,0,
3b727e77-2a04-4e89-873a-fb168bc88d9c,uniswap-v3,Ethereum,XAUT-WETH,110006,False,,12.90507,12.90507,
b512fab1-bdb3-4250-a4fa-4ce52781ad11,uniswap-v3,Optimism,WETH-WBTC,109883,False,,0,0,
fd58164e-eac8-42f7-9068-665806099073,uniswap-v4,Ethereum,ETH-01,109696,False,,0,0,
72d9fe8d-7b1d-5eb8-aced-bd74aa133858,uniswap-v4,Base,ETH-DENIM,109672,False,,53.36074,53.36074,
1b64cd7b-e967-5f1c-8789-f086c778a534,uniswap-v3,Base,WETH-MUTM,109574,False,,0,0,
edca562a-7f20-4392-9728-f3457c0874bb,uniswap-v3,Base,UPONLY-WETH,108773,False,,0.78936,0.78936,
1ad5fad1-0155-48a8-a3b7-ed4d9c38e4b5,uniswap-v4,Base,WETH-UNICLAW,108322,False,,0.00345,0.00345,
19b4118b-20d2-4923-bf0a-7189f818fe96,sushiswap,Ethereum,AAVE-WETH,108272,False,,4.89095,4.89095,0
191dcc97-ce9f-4490-b5d0-a5ce61282e8c,uniswap-v3,Ethereum,VITA-WETH,108214,False,,0,0,
04a15547-914c-4057-946e-018ea6a02d9d,uniswap-v4,Base,WETH-CLAWDVEGAS,107973,False,,0.00579,0.00579,
bf440b20-a144-4a8b-8874-ea2ae51889e2,uniswap-v4,Base,ETH-TOSHI,107819,False,,15.6708,15.6708,
68886f88-d1fc-5efb-8e7e-0a026134a596,uniswap-v4,Base,ETH-USDC,107664,False,,0,0,
36eae28d-687b-43fd-8377-7422a53bfc91,uniswap-v3,Ethereum,AXS-WETH,107654,False,,1.04529,1.04529,
d0ba09f0-abb2-4ecb-adfd-1bbb744e4a35,uniswap-v3,Base,TABOSHI-WETH,107457,False,,2.0944,2.0944,
ed8ac635-8ef9-499d-a235-449ac977923e,uniswap-v3,Polygon,USDC-WETH,107314,False,,3.17279,3.17279,
8209bc41-8eed-403a-8538-0e3aa843a853,uniswap-v3,Base,HBAR-WETH,107290,False,,1.06237,1.06237,
2d143ba5-3e81-48ee-89b3-1b304de3d6e0,balancer-v2,Polygon,WETH-TEL,106543,False,,9.28019,9.28019,
b270ea05-4b50-4acd-98c0-6f42d76c7c0e,uniswap-v3,Base,WETH-ONCHAIN,106532,False,,0.00271,0.00271,
bd262e86-6319-4679-bdfe-51abe38cbd40,uniswap-v4,Base,WETH-0XCORAL,105999,False,,1.77349,1.77349,
645d0a36-9906-415b-a566-3fb4f11754ea,uniswap-v4,Base,WETH-OTTIE,105719,False,,0,0,
6889b84c-d91b-4e9d-9bfb-9810ce67fb23,uniswap-v3,Ethereum,WETH-RAINI,105583,False,,0,0,
6a5ae578-6373-4679-863d-79fc8de25421,uniswap-v4,Base,WETH-TEO,105463,False,,5.45766,5.45766,
a1b20e45-b645-4713-85e8-76b9c151c87e,uniswap-v4,Base,CANTONCC-WETH,105456,False,,0.02262,0.02262,
441be081-6672-4d86-bee1-4f903de3fd8e,uniswap-v4,Base,WETH-MYKCLAWD,105373,False,,0,0,
df9f539e-0b47-4158-9191-5f746daea2df,uniswap-v3,Base,WETH-RETH,105297,True,,2.25411,2.25411,
1b30197e-02ea-5a1c-8488-78cc8181936c,uniswap-v4,Ethereum,ETH-PRISM,105157,False,,0,0,
5369bb60-f765-58ea-a267-24f84b10187e,uniswap-v4,Ethereum,ETH-ZC,105130,False,,37.78463,37.78463,
0bd889d5-ad71-4d01-a3f3-299b286d7e24,uniswap-v4,Base,DARKSOL-WETH,104980,False,,12.35422,12.35422,
a194016c-e11e-4662-853c-b6964e1a9fe4,uniswap-v4,Base,WETH-OPENAGENTMARKET,104834,False,,0,0,
52f5d77e-1896-4176-a0ae-f116ae2c0945,uniswap-v4,Ethereum,ETH-PNKSTR,104523,False,,0,0,
2267ad3f-29bb-4556-8f69-3baf0125861c,sushiswap,Ethereum,ILSI-WETH,104206,False,,0,0,0
cb4131bd-738e-5b11-87e7-6a81e30b2b90,uniswap-v3,Base,WETH-HYPER,104183,False,,0,0,
0e7f30ee-4182-5d4c-837a-4ee9e0ba7741,uniswap-v3,Base,WETH-HYPER,104073,False,,0,0,
65832bc0-ed36-416c-9e0a-c30dd83cc7c5,uniswap-v3,Base,WETH-HINT,104019,False,,1.70917,1.70917,
2ff0858e-d169-5f96-aadd-fd2ce2ae8689,uniswap-v4,Ethereum,ETH-FFWA,103904,False,,0,0,
35db1b61-8730-4e25-964e-777792a95065,uniswap-v3,Base,WETH-ALICEB,103857,False,,0,0,
736a4d44-ee66-4a7d-8a51-5a9487712cdc,uniswap-v4,Base,WETH-MOLTH,103804,False,,0,0,
fa561157-484c-4c1a-9339-a323ede38eaa,uniswap-v4,Ethereum,ETH-GLM,103737,False,,16.22147,16.22147,
c48e0049-063d-4976-88c2-961df59ec51a,uniswap-v3,Arbitrum,ZRO-WETH,103708,False,,135.6496,135.6496,
4c080e1b-ea51-4699-9d32-79696c7f9425,uniswap-v3,Optimism,WETH-UNI,103431,False,,0,0,
a8da2ca1-aa09-56e5-9478-205211145b9d,uniswap-v4,Base,ETH-DENIM,103294,False,,88.13678,88.13678,
f542e542-7c06-4e70-9cfb-5c9f4165d8eb,uniswap-v4,Base,WETH-EUDAEMON,103134,False,,0,0,
8a180b71-dcc2-41a0-a680-b10e5824ee0e,uniswap-v4,Ethereum,ETH-WXTM,103089,False,,251.36762,251.36762,
0ff07e7d-6d2e-4dbf-87bf-ecd108ad7451,uniswap-v4,Ethereum,ETH-L3,102609,False,,2.27017,2.27017,
3db43aa8-5a61-4037-a68e-509cdc50f1e9,uniswap-v4,Ethereum,ETH-SUSDS,102577,False,,0.03628,0.03628,
074c0dff-356d-4f51-aad7-36dce565a739,uniswap-v4,Ethereum,ETH-RNDR,102143,False,,29.86257,29.86257,
e47b2343-1f60-47ab-9025-2135a475aa18,uniswap-v3,Base,PRO-WETH,102035,False,,0.00275,0.00275,
c1aaca25-1eee-4720-8cad-b5f63d941fa2,uniswap-v3,Polygon,GNUS-WETH,102001,False,,0,0,
ea3e37d3-cccf-4edf-b580-912dd327844c,uniswap-v4,Base,WETH-ADHD,101779,False,,0,0,
069f8d86-0783-47f2-8f04-311c7519c1c5,uniswap-v3,Base,WETH-WSTETH,101687,True,,2.28786,2.28786,
b96b7791-89fd-4fb3-ad23-b1290ae88dcd,sushiswap,Ethereum,COMP-WETH,101573,False,,8.74799,8.74799,0
37027797-4007-54a9-90d5-ad00ee91906d,uniswap-v4,Base,ETH-PLUMBER,100966,False,,0,0,
d3032c06-8520-453a-895d-009e398b897f,uniswap-v4,Ethereum,ETH-ID,100787,False,,1.3311,1.3311,
d519d056-e680-41e4-9893-34522ae262fd,uniswap-v3,Ethereum,WPLS-WETH,99977,False,,105.03833,105.03833,
80faa0d2-58af-52e0-b550-0c1f1b1db2bb,uniswap-v4,Base,ETH-CC,99945,False,,48.55051,48.55051,
bfa76009-20ea-4b8a-b7e5-17a263061ea2,uniswap-v3,Base,BASED-WETH,99934,False,,0.00474,0.00474,
e406d64e-6735-4d63-8bc7-3950bc2770d6,uniswap-v4,Arbitrum,ETH-WBTC,99900,False,,0,0,
db02609d-1358-54c8-82c1-74e495b97d65,uniswap-v4,Base,ETH-BLUEPILL,99638,False,,92.22074,92.22074,
769a30ec-d863-44cd-b6df-aec0ae84595d,uniswap-v4,Base,AXOBOTL-WETH,99253,False,,0,0,
8f5ff521-0392-409d-a362-d0ff0b40d04f,uniswap-v3,Polygon,WETH-LDO,99250,False,,32.99608,32.99608,
ed26bb34-7d4e-4595-8d10-52855e01b7a4,uniswap-v3,Ethereum,NEIRO-WETH,99154,False,,12.4039,12.4039,
9c63f5e7-a232-49c2-a88f-515681cb2166,uniswap-v4,Ethereum,ETH-UPEG,99138,False,,0,0,
925da4e4-8a15-4526-bf33-78c3220c654b,uniswap-v4,Base,ETH-$SXS,98985,False,,0,0,
e7b176c3-ade4-513c-9ef0-c7c9ee1dbd52,uniswap-v4,Base,WETH-FASTLANE,98963,False,,53.03878,53.03878,
1c2da828-579d-4cc9-8af9-b8062c3d7302,uniswap-v3,Ethereum,WETH-REEF,98955,False,,0,0,
b139e4b9-156d-4c50-96e2-b9f3d1ebef1e,uniswap-v3,Optimism,TUX-WETH,98131,False,,0.30722,0.30722,
5641fafa-4c54-4df5-b28f-2ed1fe676964,uniswap-v4,Ethereum,ETH-LXO,98067,False,,0,0,
d1577ffb-2784-4b0e-8d5a-725a5536d65c,uniswap-v3,Ethereum,KIZUNA-WETH,98052,False,,5.10143,5.10143,
55f6ac3b-c437-418b-b7d7-0d419b1fb672,uniswap-v4,Base,ETHYS-WETH,98052,False,,0,0,
1bbcf6be-9da4-4a8e-907d-af045ea09338,uniswap-v3,Base,WETH-BASEISFOREVERYONE,98004,False,,16.61296,16.61296,
5ea6a46d-a289-4737-9274-2224f1a07ca5,uniswap-v4,Ethereum,ETH-LINK,98002,False,,5.23108,5.23108,
35832a4c-240f-57d1-b3bd-f0d468390678,uniswap-v4,Base,WETH-WOFT,97999,False,,51.27243,51.27243,
292673f0-42de-4073-b128-1382a4d19e25,uniswap-v3,Arbitrum,LAVA-WETH,97898,False,,0,0,
0a913f77-1adf-432b-ab4d-a6107e4a6395,uniswap-v3,Base,BSBL-WETH,97802,False,,0.05431,0.05431,
9d41baf4-6cd4-4a58-a746-8ddffdffec5c,uniswap-v4,Base,WETH-POLSIA,97688,False,,0,0,
a5683e89-ff90-4e8d-882d-e5c1747ac2e4,uniswap-v4,Ethereum,ETH-FET,97639,False,,56.7921,56.7921,
271c816f-3772-4e69-a291-1520774dc23a,uniswap-v3,Ethereum,FTM-WETH,97600,False,,1.66477,1.66477,
20a2b50c-491e-4eb1-b7c8-4e6b82306e45,uniswap-v4,Base,WETH-PONG,97407,False,,0,0,
580ead1a-5935-4eda-8307-df25044bc3e6,uniswap-v4,Ethereum,ETH-UNI,97307,False,,1.34456,1.34456,
a9f32526-b91e-4b86-a3ff-b37e51a21352,uniswap-v3,Base,WETH-ALI,97263,False,,0.00249,0.00249,
d84aea35-b0f1-459d-8548-3bd0bfdeb56c,uniswap-v4,Ethereum,ETH-WETH,97212,True,,0.80435,0.80435,
b57970aa-d64f-428e-980e-6f3652c75e53,uniswap-v4,Base,FILAMENT-WETH,97177,False,,0,0,
40d5d00f-5d90-4bc9-9f9d-f1b63769c86f,uniswap-v4,Base,WETH-ZEEBOT,97128,False,,0,0,
02d83633-bda0-4530-ab49-d3d0caf915de,uniswap-v4,Base,RELDO-WETH,96896,False,,0,0,
1821d03e-584c-4093-9f58-6fe8d6bd38c6,uniswap-v4,Base,WETH-AXIOM,96621,False,,0.03807,0.03807,
7a449593-983b-5f2d-a9c9-fb1562250982,uniswap-v4,Ethereum,ETH-CWC,96537,False,,7.22135,7.22135,
88362329-5b46-5eb9-8fa3-aa9f8497968c,uniswap-v4,Ethereum,ETH-ZC,96249,False,,3117.24194,3117.24194,
e6fa00c4-08ec-4444-9603-fbcef8813c44,uniswap-v4,Ethereum,ETH-TITANX,96232,False,,0,0,
a3837bb8-1beb-4a34-b838-631d76112436,sushiswap,Ethereum,SUNDER-WETH,96192,False,,0,0,0
acd82191-477a-4aba-982a-21e31d0ae697,uniswap-v3,Ethereum,OHM-WETH,96021,False,,9.83339,9.83339,
d9102eb2-d97d-4831-af80-61cb9d927fa5,uniswap-v4,Base,WETH-COS,95915,False,,68.05965,68.05965,
2ee044c7-7568-49d3-bea8-c7d70cb9841a,balancer-v2,Arbitrum,OLAS-WETH,95882,False,,0.87993,0.87993,
9aad93e3-e017-4eaa-81fd-ae56e3aa8d59,uniswap-v3,Ethereum,WETH-IMX,95698,False,,5.1416,5.1416,
21d87a53-5dd8-4329-a4f0-5120b2a39aff,uniswap-v4,Base,BENCHMARK-WETH,95595,False,,0,0,
354ccc97-8c2f-4d12-8137-87301ddb941b,uniswap-v4,Base,WETH-BAES,95546,False,,4.48051,4.48051,
5044167e-ec79-40a5-ad42-8090e259abcb,uniswap-v3,Ethereum,TURBO-WETH,95104,False,,16.18398,16.18398,
cdf311a3-0cd8-4f5e-a3af-87e4bb1ec02b,uniswap-v4,Base,WETH-MOVIE,94774,False,,0,0,
caf4f7ff-3f1e-41b6-8c6c-7ca70265d08d,uniswap-v3,Ethereum,GNO-WETH,94566,False,,5.87919,5.87919,
ca8f4330-1525-5fd0-b3ec-6729bda2cbfe,uniswap-v4,Base,WETH-WOFT,94470,False,,54.80429,54.80429,
d97d5516-ff44-4f53-9333-7692771e09a7,uniswap-v4,Base,WETH-HABS,94422,False,,0.0002,0.0002,
9493462f-3088-5895-b0fb-5f1337d5e4dc,uniswap-v4,Base,WETH-VOSF,94265,False,,49.24749,49.24749,
6af05925-af87-4dd3-896e-d167a31bd382,uniswap-v4,BNB Chain,ETH-USDC,94219,False,,22.88807,22.88807,
f2e0f63d-53b5-4fe1-86e9-8f609b2f6469,uniswap-v4,Ethereum,ETH-BUX,94053,False,,0,0,
c62d5e56-a649-4857-8914-9a40e2187643,uniswap-v3,Ethereum,WETH-LIT,93974,False,,0,0,
2fd08578-093e-4873-9600-368d89607809,uniswap-v3,Ethereum,APE-WETH,93860,False,,1.34697,1.34697,
9811a6e9-c891-453d-bce4-5cbab9d897c8,uniswap-v4,Base,WETH-OPG,93741,False,,0,0,
ec95dc7f-7e06-4628-a385-a0f8389090c8,uniswap-v4,Base,WETH-RIPS,93518,False,,0.60473,0.60473,
1ba49c6d-0824-446b-bcd8-b04a80805081,uniswap-v4,Base,WETH-MONTRA,93465,False,,0,0,
2fa7e5cc-8f92-4190-90e5-2765c33f1dd0,uniswap-v3,Arbitrum,TBTC-WETH,93147,False,,4.6954,4.6954,
913d754a-c442-58ce-96ac-5597a0ee9da2,uniswap-v4,Base,ETH-PAIR,93024,False,,1.43761,1.43761,
bc835674-37c9-4244-b492-e16d2eb97c74,uniswap-v4,Base,WETH-DOTA,93008,False,,0,0,
16cee6c5-b55c-5ad2-949b-d431cbed3933,uniswap-v4,Base,ETH-PUMPTOBER,92778,False,,1.69437,1.69437,
b2423d31-5ec4-45d7-ba18-5f9de4abda8e,balancer-v2,Polygon,VISION-WETH,92518,False,,1e-05,0,1e-05
040ae9e1-3673-49a9-adda-7ba0e2e18f22,sushiswap,Ethereum,WETH-PLUR,92148,False,,0,0,0
02feca6f-6235-4366-8171-2a9b2d476ea7,uniswap-v4,Base,WETH-SCL,92030,False,,0,0,
ac302982-7db7-4afa-8b51-98ac11f23dfb,uniswap-v3,Optimism,WETH-WCT,91231,False,,5.51682,5.51682,
5b102760-0108-4f7a-ad80-d47464a6cf9b,uniswap-v3,Ethereum,SPEC-WETH,91147,False,,0.04307,0.04307,
a5d67cbf-bb36-53c5-b5a9-cbf185ad82f1,uniswap-v4,Base,ETH-FIX6900,91103,False,,1.59213,1.59213,
bbfa3b60-8b00-42f2-91e3-5bc9762046e2,uniswap-v3,Base,WETH-IXS,90891,False,,21.84019,21.84019,
8fd56bea-d149-518d-925a-2fa46c496bcc,uniswap-v4,Base,ETH-QPEPE,90810,False,,2.60371,2.60371,
2e43bdf5-dae0-53fd-a400-fcd2d076392b,uniswap-v4,Base,WETH-BOAR,90738,False,,48.43702,48.43702,
8260dfde-4d67-4aa3-8807-1e7fcf26ec3b,sushiswap,Ethereum,NEAR-WETH,90510,False,,18.21731,18.21731,0
863c61fd-ffea-42a4-921f-21c4929e2ae3,uniswap-v4,Base,ETH-VIRTUAL,90369,False,,9.54942,9.54942,
ddc8c50a-ce9b-4c88-9bed-21ff939a3374,uniswap-v4,Base,CLAWIAI-WETH,90346,False,,0,0,
c128bd41-b72b-4c05-a34e-f0d5d536fb74,uniswap-v4,Ethereum,ETH-MEEGSTR,90095,False,,0,0,
3f3a4a11-f3b1-4a2d-a2e4-f34ef792aa91,uniswap-v3,Arbitrum,WETH-KNS,90051,False,,0,0,
ab821772-8162-5a1f-8ca5-303cf8077bfc,uniswap-v4,Base,ETH-IOF,89971,False,,92.5714,92.5714,
f3a6b8b3-c3ea-450b-b9d9-e07fae22bdc7,uniswap-v3,Base,QR-WETH,89772,False,,6.58423,6.58423,
b52720f6-4d32-5092-802a-6c5b6ec516d4,uniswap-v4,Base,ETH-ASOR,89741,False,,66.79053,66.79053,
44a5f3f5-84be-49ee-b860-26ffe9a3d210,uniswap-v4,Ethereum,ETH-USDC,89493,False,,0,0,
546213b0-3a5f-4557-9859-fa63062cf05b,uniswap-v4,Base,ETH-USDC,89410,False,,0.71516,0.71516,
69583d67-8e07-4088-905a-c7a8932235ac,uniswap-v3,Base,WETH-VCNT,89086,False,,256.39752,256.39752,
e2c1b652-0eda-4340-8f80-884734769509,uniswap-v4,Base,WETH-FUCK,88975,False,,0,0,
94d2dd70-963c-4257-9e02-194657453a31,uniswap-v4,Base,WETH-KEEPER,88754,False,,0,0,
54aa7623-c0cb-4885-844d-8a21f7b5ca9b,uniswap-v4,Base,WETH-CROTA,88563,False,,0.00212,0.00212,
96b0ddc7-8777-496c-befe-03aa83b255b6,uniswap-v3,Base,WETH-LUSH,88305,False,,0,0,
e17ecd5b-d316-4cb3-a26c-fb5b55d6d737,uniswap-v4,Ethereum,ETH-NAKASTR,88305,False,,0,0,
9d33feb8-c927-4a67-9279-90dfa5027d29,uniswap-v4,Base,WETH-MFERSTR,88218,False,,1.81062,1.81062,
20f61aa4-a76d-41d0-8146-01060d4ec7de,uniswap-v4,Ethereum,ETH-TBTC,88096,False,,0.64533,0.64533,
cb554f99-3a57-44a0-a5b2-fed60c2603a2,uniswap-v4,Base,WETH-EVE,87775,False,,0,0,
39462834-1c1d-4706-bf7e-ec5b899562fc,uniswap-v4,Base,AGNT-WETH,87393,False,,1.33459,1.33459,
f1a6e34b-a692-46ab-8a24-d29569f35673,uniswap-v4,Ethereum,ETH-RKFL,87377,False,,0,0,
f3d6f597-42f1-4025-96cf-d70efa312213,uniswap-v3,Arbitrum,WETH-RRC,87333,False,,0,0,
e1a60ed9-7e6c-41cd-b8ac-0155227237f5,uniswap-v4,Ethereum,ETH-BEAM,87263,False,,13.4119,13.4119,
f0a35c07-4826-4fcf-b3ff-41b5322b49de,uniswap-v4,Ethereum,USDC-WETH,87097,False,,9.94896,9.94896,
b36ae41a-7d88-4a08-8107-0b49e8a6ceb0,uniswap-v3,Base,WETH-SNUG,87045,False,,0,0,
fb0af3b5-1056-4b26-8322-110c6e372b45,uniswap-v4,Ethereum,ETH-GRG,86944,False,,0,0,
94175d68-336a-4328-b7ff-b52d98a51c8d,uniswap-v4,Base,WETH-TEMPO,86662,False,,0.02561,0.02561,
bf11c026-7e16-491e-ae5a-89c890a14de1,uniswap-v4,Ethereum,ETH-$BLKCHK,86648,False,,0,0,
24533ae1-ce9d-5cd3-bc67-a6cfd132643c,uniswap-v4,Base,ETH-PARASITE,86612,False,,1.18431,1.18431,
39d40a4e-8b35-543c-b5e9-2ea92a22e747,uniswap-v4,Base,ETH-BOTIFY,86445,False,,1.45784,1.45784,
199ffa9d-907c-426c-83cb-180ea164ec26,sushiswap,Base,ANDY-WETH,86442,False,,0.44897,0.44897,
54bfed72-760d-4fb8-9176-51ec7857a14a,uniswap-v4,Base,WETH-BURN,86394,False,,0,0,
84575114-b3a2-4fb8-a9a1-eb8737ef75a7,uniswap-v3,Base,WETH-PSC,86377,False,,0,0,
b6ef83de-24ad-4653-8e4a-2de0def7e527,uniswap-v4,Base,WETH-SEYKOTA,85986,False,,0,0,
3dae3262-221a-46cd-91ac-11d3537bd83e,uniswap-v3,Base,BRING-WETH,85761,False,,3.48362,3.48362,
9fdc65eb-2768-4698-bbd0-7d230f5ec651,uniswap-v4,Base,WETH-LOBSTER,85756,False,,0,0,
9d450ecc-81c5-521a-aedb-995cd38b0e60,uniswap-v4,Base,WETH-ETN,85669,False,,78.45891,78.45891,
e5e58efb-9bf5-57af-bf96-79f34215a7de,uniswap-v4,Base,ETH-BLUEPILL,85664,False,,83.16016,83.16016,
3eb56c9f-c87f-45c4-9d00-b8b7b9741bd5,uniswap-v4,Base,WETH-CASH,85648,False,,0,0,
1ae717af-343f-40c8-be31-7c69207c54ca,uniswap-v4,Base,ETH-TEL,85483,False,,16.08155,16.08155,
cfd3281b-19f2-40c7-9aa0-aea258e2fc43,uniswap-v4,Ethereum,ETH-ARCN,85465,False,,21.45563,21.45563,
f616298c-5ca2-431b-9d89-0532b83f4b4e,uniswap-v3,Base,WETH-PEN,85385,False,,0,0,
2e5ddf22-61b7-4b07-aaab-70397f2bdbc3,uniswap-v3,Ethereum,WETH-WAMPL,85363,False,,0.49949,0.49949,
62e81515-9bb8-402e-be33-565d043f4a24,uniswap-v4,Base,WETH-FARVERSE,85352,False,,0.49387,0.49387,
19c86589-4666-4ce1-abd6-4a5a9a891124,uniswap-v4,Base,WETH-LUKSO,85294,False,,0.41698,0.41698,
f0b4044c-bd39-4be0-b535-34d94a972e2f,uniswap-v4,Base,HALO-WETH,85225,False,,0.70541,0.70541,
29a15616-bd47-4041-9465-2c0c08e8b399,sushiswap,Ethereum,WETH-AMP,85180,False,,2.86458,2.86458,0
663bc68e-d51d-5867-9695-8340e92de889,uniswap-v3,Arbitrum,ODYS-WETH,85071,False,,49.31733,49.31733,
da13eee0-7c57-481f-9043-249f0cc4aaa5,uniswap-v3,Base,FROC-WETH,84782,False,,0.07482,0.07482,
39364a83-1e70-56a1-b00e-0b760b492ff2,uniswap-v4,Base,ETH-NEARPAD,84689,False,,2.3938,2.3938,
e116a613-99b2-4f30-8941-3db08645ba1f,uniswap-v4,Base,WETH-CLAWSHI,84639,False,,0.97965,0.97965,
a158c692-8f57-51b7-9bae-def0494efe2f,uniswap-v4,Base,ETH-MERGE,83987,False,,1.91835,1.91835,
4ce0cc40-b814-5208-b59e-6618e9f833a3,uniswap-v3,Base,WETH-TAOBITTENSOR,83966,False,,0.77466,0.77466,
bb21b58e-b63f-486f-8548-884178da3a59,uniswap-v4,Base,STABLE-WETH,83886,False,,0,0,
7a21c2b9-4568-4696-b6a8-8bcf05cc7af4,uniswap-v4,Polygon,USDC-WETH,83810,False,,1.89284,1.89284,
5ee12380-2ca7-434b-9998-dc6b4f25ac30,uniswap-v4,Ethereum,WETH-CIL,83794,False,,0,0,
a5156132-1912-57d1-9f39-161bd0f651e0,uniswap-v4,Ethereum,DARK-WETH,83718,False,,2.49159,2.49159,
2d0b7486-9c91-4986-af35-0d51d51a0261,uniswap-v4,Optimism,ETH-DAI,83472,False,,0.11282,0.11282,
0f214afb-2ae6-517d-83bd-b24fd5f4422d,uniswap-v4,Base,ETH-PAIDBOT,83334,False,,1.37537,1.37537,
37a7aacc-6947-4b32-b68f-fd7235d2c5ee,uniswap-v4,Base,WETH-MEI,83329,False,,0.24315,0.24315,
42cade23-0207-4f05-834c-81d71eda5e4f,uniswap-v4,Base,ETH-NOTC,82957,False,,0,0,
74776d60-ca16-44f5-80f1-a82e900c69a1,uniswap-v3,Base,ALPHA-WETH,82660,False,,2.36174,2.36174,
d2943795-b71d-4507-95da-fccde6385b3c,uniswap-v4,Base,TBD-WETH,82633,False,,0,0,
e7219bc6-8ed1-42fb-873c-09293e94f9f3,uniswap-v4,Ethereum,ETH-XL1,82492,False,,0.3528,0.3528,
3ec3a166-9d61-4724-ad19-630ce5dc193d,uniswap-v4,Base,WETH-AMBERVIBE,82238,False,,0,0,
e04c3bb1-b217-41b0-b692-a3c3fccfa2c9,uniswap-v3,Base,WETH-BOJAK,82115,False,,0,0,
8eba3d1b-44a1-4f40-a560-b9f28196db49,uniswap-v4,Ethereum,ARK-WETH,82109,False,,0,0,
03f4ad3e-6d0f-4bc1-b325-3664ff4d4b8b,uniswap-v3,Optimism,WETH-SNT,81887,False,,0.00011,0.00011,
6f2ec10e-003b-47d5-9e58-a55ae5ef6497,uniswap-v3,Arbitrum,WETH-GRT,81733,False,,87.84054,87.84054,
75bef378-664d-41b5-a1e1-d554aae4131f,uniswap-v4,Base,VDOR-WETH,81589,False,,0,0,
345d5f7d-742e-4016-af91-a67e46cba9c0,uniswap-v3,Ethereum,JUSTICE-WETH,81563,False,,36.50372,36.50372,
25a4c7c0-7ff5-5544-b4b0-d6317e68e227,uniswap-v4,Base,WETH-PANELCALL,81551,False,,26.2105,26.2105,
5cebe6d8-2a71-4bcd-862b-0d0dfef5de59,uniswap-v4,Polygon,WETH-AAVE,81538,False,,4.39556,4.39556,
f7e8c121-5dce-452f-ae7a-813bd9adc13f,uniswap-v3,Ethereum,BONE-WETH,81533,False,,0.96673,0.96673,
75bdd49f-6234-4a16-a50f-18481ea55f87,uniswap-v4,Base,WETH-ROOTAI,81415,False,,0.03593,0.03593,
da52d752-ff89-48e3-9cb2-a5423f4d2910,uniswap-v4,Ethereum,ETH-STONE,81364,True,,12.29897,12.29897,
e088c488-b15f-5b0e-8ca4-4d57d2d94882,uniswap-v3,Base,WETH-COR,81189,False,,0,0,
6a5a1c2e-edd8-4a47-8446-5b43a1829114,uniswap-v3,Base,OVR-WETH,81090,False,,15.54532,15.54532,
e8f3aceb-4cf8-4fc3-96f8-20605ba0271a,uniswap-v4,Base,CLAUDEAGENT-WETH,81065,False,,0,0,
9ce3c729-e8b5-5126-9d78-c28701ab7aed,uniswap-v3,Base,WETH-ALPE,80853,False,,0,0,
ff213a97-293d-401c-8cf5-ef2f2ef7b22c,uniswap-v3,Base,WETH-RISITA,80846,False,,0,0,
35a84eb6-6f2e-4ecf-af0f-a37e24c83c85,uniswap-v4,Base,WETH-BERRY,80780,False,,0.00247,0.00247,
e6a57a2f-cf83-46a9-b762-e6b95b84379f,uniswap-v3,Ethereum,WQUIL-WETH,80221,False,,1.41127,1.41127,
793db7e3-97fe-569b-949a-4d67389703fe,uniswap-v4,Base,ETH-BASEJUICE,79904,False,,0,0,
a84f69c6-878a-4770-863d-d8a146fd3a3b,uniswap-v3,Ethereum,PNDC-WETH,79765,False,,15.87213,15.87213,
af72aead-11b3-4a6a-b83d-963922893369,uniswap-v4,Base,ETH-BNKR,79691,False,,0.32761,0.32761,
01195f0c-da0d-4927-919e-ec5de819f78b,uniswap-v3,Base,LFI-WETH,79601,False,,1118.06615,1118.06615,
41fe06c8-4b34-4942-b308-8bce7cb95ffa,uniswap-v3,Ethereum,WETH-INJ,79487,False,,12.32975,12.32975,
e4a333ad-ecfd-5776-bd8c-b3dd6248269f,uniswap-v4,Base,ETH-UPTOBER,79361,False,,31.82375,31.82375,
e715d826-57af-46ea-8396-5352be9964a8,uniswap-v3,Ethereum,LDO-WETH,79199,False,,29.27438,29.27438,
9b25058c-1a6c-4e7f-aa21-bb8359c686a6,sushiswap,Ethereum,PENDLE-WETH,79001,False,,2.74952,2.74952,0
50922a6e-e714-5f92-80d5-ed63e3fb1bfe,uniswap-v4,Ethereum,ETH-ARGO,78917,False,,0,0,
4c42ec0b-a0bd-4666-9bc5-38bea21ee914,sushiswap,Ethereum,TCAP-WETH,78882,False,,0,0,0
32420b62-6579-5d33-a145-a06885f188c6,uniswap-v3,Base,WETH-OZ,78771,False,,0,0,
7689302b-e90c-40b2-bd09-42bbc12adc47,uniswap-v4,Base,CYB3RWR3N-WETH,78463,False,,0,0,
c61a1310-e4c3-4755-a5c8-470e060e02f1,uniswap-v3,Base,WETH-BERF,78441,False,,0.00177,0.00177,
4118a559-6fdd-582f-a6ef-f17b80e0dbec,uniswap-v3,Base,WETH-NVDAC,78431,False,,49.44583,49.44583,
6bd19186-f069-4c23-af7d-95756d1b8347,uniswap-v4,Base,WETH-NOSOUL,78394,False,,0,0,
5a1c3ec2-3c9e-5e40-8577-e3752e3a6987,uniswap-v4,Base,SETZ-WETH,78356,False,,0,0,
8111a28a-fc54-4894-b08f-d1b4957283be,uniswap-v4,Base,WETH-VDOR,78263,False,,0,0,
04b00d61-6094-41f7-8477-703e97409a23,uniswap-v3,Base,PRO-WETH,78161,False,,68.87017,68.87017,
bcd75aef-eade-5b7e-968c-c4fcc2f571f3,uniswap-v4,Base,ETH-FASTLANE,78103,False,,58.68795,58.68795,
0b902d53-157a-4009-b7f2-9bc6a47ec52b,uniswap-v3,Ethereum,XEN-WETH,78038,False,,171.51028,171.51028,
276b6428-6140-4cbc-b7bf-623af2442f06,uniswap-v3,Ethereum,WETH-CRV,77913,False,,1.74424,1.74424,
3567543c-c10e-476e-8e02-57f0a2609190,uniswap-v4,Base,WETH-GRANTR,77901,False,,0,0,
29c63b34-a96b-5d1e-9c2b-df2835ae8ff9,uniswap-v4,Base,ETH-DEBT,77714,False,,1.5715,1.5715,
ce71889b-9d2f-4d5d-a8ed-f4849ba77d1e,uniswap-v4,Base,WETH-EDGE,77492,False,,0.01071,0.01071,
3ad6e0ce-699f-4d08-9e9f-57ae1f76e3d3,uniswap-v4,Base,OPENWORK-WETH,77036,False,,0,0,
256af7af-d4a8-4fc6-bf0c-31427eec60e0,uniswap-v4,Base,ETH-AIOCTO,76950,False,,1.19023,1.19023,
7b090fb6-5659-47a9-98f8-26b050c4fa0d,uniswap-v4,Base,WETH-USDP,76932,False,,0.08916,0.08916,
2957a7c9-39c8-48e7-b3cb-3e1c54f9fce0,uniswap-v3,Base,ATL-WETH,76885,False,,0.03085,0.03085,
d14f478d-c849-4f8d-9c22-e255828821e6,uniswap-v4,Base,WETH-LOOP,76582,False,,0,0,
08c3bb78-d4f1-428c-9132-64f6f92969b2,uniswap-v4,Ethereum,ETH-SAT1,76523,False,,0,0,
e77af220-60ad-40d1-b92d-e0f1353d8552,uniswap-v4,Base,MOLTROAD-WETH,76338,False,,0,0,
f3ff98f8-9908-4f43-8ced-73150580a974,sushiswap,Base,FELLA-WETH,76326,False,,0,0,
cc3b563a-5353-4d5d-acfb-f17fc4dedd1d,uniswap-v4,Base,WETH-RUNNINGTBA,76224,False,,0,0,
463465be-5853-4df4-ba92-480b813250f1,uniswap-v4,Base,WETH-COMPUTE,76116,False,,0,0,
6585a2d3-dfd6-4b88-be14-46bb559d2f44,sushiswap,Base,WETH-NORMIE,76044,False,,0.04102,0.04102,
df8a1165-249a-476f-bd4f-6a4818145b1b,uniswap-v4,Base,WETH-VDOR,75682,False,,0,0,
3bc8c9e2-d303-41c5-8a2f-6cde75a048bf,uniswap-v4,Base,ETH-CBETH,75543,True,,0,0,
4844497b-0c75-4827-b278-70385f9eae9b,uniswap-v4,Ethereum,ETH-SA1T,75472,False,,0.49222,0.49222,
cc7779a8-2001-5056-bbf0-ef5da5a0c916,uniswap-v4,Optimism,WETH-A3K,75161,False,,0,0,
74a493ff-93e1-4148-a72f-389f08aecbb8,uniswap-v3,Base,JUNGLEBAYMEMES-WETH,75001,False,,0.00462,0.00462,
ca249c38-cd56-4315-b08d-69e7da127b2d,uniswap-v4,Base,WETH-SLING,74803,False,,0.00036,0.00036,
2bab7b1b-18be-44f2-afb5-27d6536e8097,uniswap-v4,Ethereum,ETH-ATOS,74642,False,,2.66282,2.66282,
de6f0ae3-2532-4e98-8b9d-53842a4ff7b9,uniswap-v4,Base,KLAUS-WETH,74600,False,,0,0,
29119841-4023-5e62-adb9-e53ab3defaa7,uniswap-v4,Ethereum,ETH-MATH,74166,False,,27.41724,27.41724,
ebbd6400-24cd-5a34-bde1-63411db737d3,uniswap-v4,Ethereum,ETH-RSETH,74083,True,,0.03567,0.03567,
24b6127f-0c0a-4e4e-a81b-81c6556a3b5d,uniswap-v4,Ethereum,ETH-USDC,73984,False,,0.06416,0.06416,
595ee59f-e5c9-53be-b312-3a300df74cb8,uniswap-v4,Ethereum,ETH-VERI,73880,False,,27.72936,27.72936,
4ba3ec5a-4a51-5823-bb66-751fe1fb31e5,uniswap-v4,Base,ETH-AEON,73819,False,,1233.32156,1233.32156,
b1d9c700-262e-4aab-bf39-2323d72546f6,uniswap-v3,Base,UXLM-WETH,73768,False,,2.7999,2.7999,
7dec0455-6639-48c8-a12b-aa2a5238c0e8,uniswap-v3,Base,DOG-WSTETH,73534,False,,0,0,
28c498a1-673b-4fcb-bbfa-3f6d85061e00,uniswap-v4,Base,WETH-AAI,73415,False,,0,0,
75e22500-52a6-5b50-95aa-cbbd9b363310,uniswap-v4,Ethereum,ETH-ARGOSTR,73393,False,,0,0,
85f95054-fab1-4179-b32d-6dabb46a734a,uniswap-v4,Base,WETH-DELU,73387,False,,0,0,
a733cf06-3a64-50be-b3cd-4a676b88a870,uniswap-v4,Base,ETH-MT,73337,False,,2.24672,2.24672,
ab2f432a-f8d7-4a7c-8b2a-d466e5d0f748,uniswap-v3,Base,WETH-RSR,73323,False,,89.91551,89.91551,
697a3e5e-ede7-48c4-9306-ed047de4d143,uniswap-v4,Base,ETH-AMETA,73240,False,,1.88826,1.88826,
e6592d98-5d8f-599f-a3c8-e7d1e4b75eda,uniswap-v4,Ethereum,ETH-UFFFO,73048,False,,0.02742,0.02742,
2fae95b1-4ea5-4164-9fe2-c5ff22c5607c,uniswap-v4,Base,DRUCK-WETH,73021,False,,0,0,
14afe29b-f292-4d8d-a000-c681f02993e6,uniswap-v3,Base,PAWS-WETH,72784,False,,15.52883,15.52883,
adc8c12d-8b10-4f38-8189-54eb501cc630,uniswap-v4,Base,WETH-CLAWDIA,72547,False,,0,0,
7938d8b3-d10e-593c-bc04-791a091d2569,uniswap-v3,Base,WETH-TPRO,72467,False,,0.27941,0.27941,
110dba7f-9069-4298-9664-a942ed96f180,uniswap-v4,Ethereum,ETH-OKB,72460,False,,1.74465,1.74465,
46b99c5c-80bc-44cb-9971-0ef5999520df,uniswap-v4,Ethereum,ETH-UPEG,72445,False,,0,0,
172c0a7e-946b-5de7-8f6c-4f32cf79d873,uniswap-v4,Base,ETH-SI,72418,False,,132.39437,132.39437,
5de78c99-c13b-4ba1-a01f-0d7c9ff4f71c,uniswap-v3,Base,WETH-OKAYEG,72343,False,,0.09916,0.09916,
590f2313-249f-56e1-a3d6-ca9f9a293fad,uniswap-v4,Ethereum,ETH-SPIRAL,72332,False,,0,0,
79be8f99-fa36-4367-b216-2a1c6fa775a4,uniswap-v3,Base,WETH-RIKU,72164,False,,0,0,
5c52ebf0-a2cf-421d-b216-7d436cd8d396,uniswap-v4,Base,WETH-EARENDEL,72148,False,,0,0,
4febf5f4-deda-4d36-9ae6-e29124485404,uniswap-v3,Base,WETH-KTA,71943,False,,31.63254,31.63254,
0a2f087c-5386-562c-9be5-583d3654e40b,uniswap-v4,Base,ETH-STITION,71726,False,,0,0,
3ba6bdbd-1ca9-533f-ad0e-c4b8300818c5,uniswap-v4,Ethereum,ETH-RETH,71702,True,,0.07189,0.07189,
89e7793a-f3f1-4954-b0ff-90971194a5be,uniswap-v4,Base,SQUAER-WETH,71462,False,,0,0,
9a16acd5-f879-5046-b110-8cb760ce7845,uniswap-v3,Base,LSTEAK-WETH,71374,False,,0.19561,0.19561,
7bd8982c-5704-4ba0-a4c7-a8c7de9abbb4,uniswap-v3,Arbitrum,LDO-WETH,71331,False,,18.59059,18.59059,
7987b584-0d22-40f7-be56-a38010f6ae3e,uniswap-v3,Arbitrum,LAVA-WETH,71318,False,,4.07503,4.07503,
98e5bc68-756f-425b-99b7-c5445736959f,uniswap-v4,Base,WETH-CLOUDX,70994,False,,0,0,
6b3e8f60-e352-4615-a3ac-c084bee55b7b,uniswap-v4,Avalanche,WETH.E-USDC,70961,False,,7.92653,7.92653,
d6d48a8c-e774-4895-a886-0512983433dd,uniswap-v4,Base,WETH-MYTHOS,70939,False,,0.4521,0.4521,
b756de8e-cd60-4003-abaf-aa470cd19a2d,uniswap-v3,Base,WETH-TRX,70914,False,,1.77773,1.77773,
844f5d41-aae2-4c0a-9c56-ebffe9548588,uniswap-v4,Ethereum,ETH-ONE,70739,False,,0,0,
cddc36bd-b862-4d81-9535-b2ef9fe981b6,sushiswap,Ethereum,WETH-BTRFLY,70651,False,,0,0,0
4e9adf6d-afda-47a9-8cf4-58160681eb98,uniswap-v3,Base,WETH-ROOST,70602,False,,0.1754,0.1754,
337cb555-b403-4dc2-8527-4ffaddfb67ad,uniswap-v4,Ethereum,ETH-RSTR,70500,False,,0,0,
35c5054f-1e81-41cc-ae39-b0ff6461bf60,uniswap-v3,Base,WETH-BOOL,70443,False,,8e-05,8e-05,
20f788ef-8255-41ce-8de2-024e3a0060f6,uniswap-v3,Arbitrum,ANIME-WETH,70424,False,,0.20121,0.20121,
88a48fa9-bea0-499b-aa4d-e32079bf1fce,balancer-v2,Arbitrum,RDNT-WETH,70282,False,,0.48582,0.48582,0
08b52529-7657-4602-bec7-51750cc3046b,uniswap-v4,Base,WETH-OBOLCLAW,69781,False,,0,0,
3d5307f7-6c40-43b6-b87f-34a3ca573aab,uniswap-v3,Base,CLANKFUN-WETH,69758,False,,0.04647,0.04647,
37cc67a0-431d-41bc-b6cd-615fa7585688,uniswap-v4,Base,WETH-KATCH,69684,False,,0,0,
fc567b10-0412-4e05-8b20-8a37c140d000,uniswap-v4,Base,WETH-TRIDENT,69564,False,,0,0,
13c2e154-01cb-59bb-8f6b-ea094be59a22,uniswap-v4,Ethereum,ETH-ONDO,69453,False,,227.28841,227.28841,
d08b03ac-3cb9-53c6-9f49-8a70e8961c23,uniswap-v4,Base,WETH-USDC,69277,False,,8.34445,8.34445,
8fb5edb9-5d45-43ad-88dd-8afd0b9fe173,uniswap-v3,Optimism,WETH-KROM,69228,False,,0,0,
72d50f98-0128-5661-987d-18b5cbf4be3c,uniswap-v4,Ethereum,WETH-EMERALD,69068,False,,7.46844,7.46844,
a7642f93-1e6e-4b66-ad77-97c6b3a64b60,uniswap-v4,Base,WETH-KARPATHYMOLTY,69060,False,,0,0,
95d587bd-1941-4dc8-9bee-9190cf15bebf,uniswap-v3,Ethereum,ZRO-WETH,69026,False,,211.51019,211.51019,
a1004edf-dc6d-4115-a169-3f502987c3d2,sushiswap,Ethereum,EETH-WETH,68999,True,,0.07587,0.07587,0
53a906e0-d837-4cef-b562-e29222f6b3b6,uniswap-v3,Celo,USD₮-WETH,68977,False,,57.28008,57.28008,
6efbe248-9a0a-417f-8da6-ee53a83489b9,uniswap-v3,BNB Chain,ETH-SOL,68858,False,,2.00008,2.00008,
49de7270-3d39-5dfc-a840-850b2ad161b4,uniswap-v4,Base,WETH-USDC,68764,False,,7.55124,7.55124,
ae8a9f58-8f90-4ec1-b129-34e95170dadc,uniswap-v4,Base,WETH-APINOW,68741,False,,0,0,
9fe4dade-b2cf-4d09-8f8d-d473b9fd2d97,uniswap-v4,Base,WETH-AXOBOTL,68721,False,,0,0,
7f45fdee-0553-537a-ae51-1cc5bf304eae,uniswap-v4,Base,ETH-KSLR,68524,False,,0.06411,0.06411,
97bff289-31bb-4a79-906d-ffcc5e68d969,uniswap-v3,Base,WETH-WARP,68399,False,,0.89315,0.89315,
125236c3-5782-5c31-a839-637261a01a07,uniswap-v3,Base,WETH-RTX,68385,False,,0,0,
3117063d-2f64-46d4-be17-6c522fcc9ec9,uniswap-v3,Base,ROCKY-WETH,68243,False,,3e-05,3e-05,
ef0420da-5c1f-41d4-8cf7-382a54e7cb86,uniswap-v4,Base,WETH-SOLVR,68010,False,,0.00518,0.00518,
19085bda-5525-46f7-9447-6350b05f1166,uniswap-v3,Base,REMITTIX-WETH,67886,False,,0.01064,0.01064,
a32fc833-87cb-556f-ae5c-7a5a3b98c0fe,uniswap-v3,Base,WETH-SUP,67754,False,,28.404,28.404,
52d8e6f6-d6bf-59ca-af74-5756f37766d4,uniswap-v3,Base,WETH-BEST,67608,False,,0,0,
b80d0725-2d7e-41d1-baf7-b195b415425d,uniswap-v4,Base,WETH-CLAWDITOR,67602,False,,0,0,
e04b5ce5-b114-4a31-805a-ba55ac0172d5,uniswap-v4,Base,WETH-HUNCH,67458,False,,1.56476,1.56476,
5ef72a1a-b3b3-5d62-80f0-a2b5e5505127,uniswap-v4,Base,WETH-B420,67371,False,,0.89918,0.89918,
9ef69ad2-be36-432c-8db6-1da7e08a1294,uniswap-v3,Base,WETH-KROW,67340,False,,0,0,
937d47d6-e941-498c-94ee-647d60012682,uniswap-v3,Optimism,KRL-WETH,67334,False,,0,0,
356dbf66-5310-41ae-ab20-e420a41e86d1,uniswap-v4,Base,ETH-RTX,67291,False,,0,0,
604227d3-b2f1-45d1-8a33-1798a9444ddf,uniswap-v4,Base,ETH-AEON,67250,False,,0.00113,0.00113,
d5c7d48b-242c-58c6-9004-7e086e4c63ae,uniswap-v4,Base,ETH-SI,67200,False,,94.38716,94.38716,
f76d566d-8952-46e6-a153-1758a3a851cf,uniswap-v4,Ethereum,ETH-RADAR,67149,False,,19.89918,19.89918,
6ea866dc-ceb8-40b7-a319-863df277ac13,uniswap-v3,Arbitrum,SCHRODI-WETH,66972,False,,1.69536,1.69536,
a6494ea4-4ce8-426b-85e6-549aef5acad8,uniswap-v4,Base,MFERGPT-WETH,66945,False,,0,0,
fa80a961-4e2d-4385-a065-e205a2d5aad5,uniswap-v4,Base,WETH-AIGHT,66853,False,,0,0,
16ff2fc4-c06d-452e-a25f-cc8d1c042e70,uniswap-v3,Base,BEEARD-WETH,66785,False,,0.03306,0.03306,
b67f4b68-32bf-4f96-b458-ed7c507ca3fb,uniswap-v4,Base,WETH-SENT,66727,False,,0.56051,0.56051,
1d44a9b4-89fe-4177-a1fc-1ccc07da12fb,uniswap-v4,Base,ETH-PUB,66649,False,,0,0,
645a0bcc-ef22-5218-9085-2e659ed741b2,uniswap-v3,Base,WETH-KINEXYS,66584,False,,0.37239,0.37239,
73241c91-2dda-595b-b418-67f8e3b45f62,uniswap-v3,Base,WETH-STACKR,66543,False,,0.04542,0.04542,
564fba22-5b8d-4972-ae3b-2564e1a54d2c,uniswap-v4,Ethereum,ETH-USDC,66521,False,,4.93743,4.93743,
3e592542-45ee-4982-a48f-953ba7ad0d2b,uniswap-v4,Base,WETH-AZL,66497,False,,1.178,1.178,
990ad226-ad66-4153-8a02-49097525ef04,uniswap-v3,Ethereum,DPI-WETH,66456,False,,2.13853,2.13853,
92774453-a627-4733-a57f-dcae1245b0ac,uniswap-v3,Ethereum,RBN-WETH,66444,False,,0.01854,0.01854,
d97b3fd8-7831-4c49-a5c6-9fd52426f943,uniswap-v4,Base,WETH-ARYA,66177,False,,0,0,
5e9ea09a-8bfd-46cd-b488-01ff8190a1a8,uniswap-v3,Base,GLANKER-WETH,66075,False,,0.22175,0.22175,
7f25f5a5-a292-5775-bb9f-795410718c31,uniswap-v4,Ethereum,ETH-USDC,66073,False,,0,0,
ebd0ce31-95b7-406a-aa3f-86ea3bbc5998,uniswap-v3,Arbitrum,WETH-ATH,66003,False,,177.44874,177.44874,
02ad091f-55b3-40d7-a477-d52c46e1dd62,uniswap-v4,Base,WETH-EMERGE,65693,False,,0.00335,0.00335,
f5e4892f-d904-4758-be5c-5a247394663f,uniswap-v3,Base,CBETH-WETH,65627,True,,0.00203,0.00203,
3a8233fd-ee0a-4cff-ba37-74078a6e2476,uniswap-v4,Base,WETH-TGATE,65609,False,,0,0,
174b1222-7d6a-47ef-8d0a-cb7749e9f203,uniswap-v3,Base,WETH-FOMO,65411,False,,0.00353,0.00353,
45ccee78-f8f3-4eb8-856a-94e81e911b9e,uniswap-v3,Ethereum,TURT-WETH,65400,False,,3.20564,3.20564,
0cd5ce30-0124-57b9-93a6-3324273239e7,uniswap-v3,Base,METALLICUS-WETH,65298,False,,0.78177,0.78177,
ae9feb05-6f35-48db-8177-f30a7ac9c358,uniswap-v4,Base,WETH-MOLTYCASH,65156,False,,0,0,
4a44a95b-cc16-45d6-98e1-8165f9da7ae2,uniswap-v4,Ethereum,ETH-XIN,64896,False,,2.93174,2.93174,
f6b42851-3503-4043-a8b1-4ea2f137f930,uniswap-v4,Base,WETH-MGDP,64644,False,,0,0,
9094f593-d80e-5cbc-874b-d2fc1281d9ac,uniswap-v4,Ethereum,ETH-WTON,64491,False,,2.49021,2.49021,
3506bca6-557d-549f-bb7c-d67a78cb006b,uniswap-v4,Ethereum,ETH-BWLK,64453,False,,0,0,
167fc77d-127b-4b6e-be43-d19c6e3c90fb,uniswap-v4,Ethereum,ETH-VITA,64309,False,,0,0,
cef2ad86-831d-4a19-a914-e59dd3f9cec1,uniswap-v4,Ethereum,ETH-YND,64278,False,,0.00045,0.00045,
07045e24-9489-559a-81d7-25ec9a0c15c5,uniswap-v4,Base,ETH-WOFT,64107,False,,142.11567,142.11567,
efa7af3f-78c9-436d-b858-2f599a48f287,uniswap-v3,Base,CARLO-WETH,63473,False,,0.00057,0.00057,
5e58c311-17db-4766-94a9-3dd269b0f8a5,uniswap-v3,Ethereum,WETH-FUND,63277,False,,3.07977,3.07977,
1f37911c-43fe-4bfd-af84-c6712f3a5ff7,sushiswap,Ethereum,WDOGE-WETH,63181,False,,0,0,0
e6fdd5fc-bb7b-5dbb-8e13-b11f9c887c74,uniswap-v3,Base,CREPE-WETH,62978,False,,1.2055,1.2055,
b7ae4769-d0ce-4123-af6a-4fc502d814e2,uniswap-v3,Arbitrum,WETH-YOU,62815,False,,0,0,
d8cd857f-c774-5136-970f-4ebd0f2e5d87,uniswap-v4,Base,WETH-QNT,62739,False,,33.66145,33.66145,
f5c96f99-47ea-41de-a71f-b21830a4d409,uniswap-v3,Polygon,WETH-MOCA,62732,False,,0.18435,0.18435,
c54f3beb-1846-4741-a87e-97c58592c4ae,uniswap-v4,Base,WETH-SHELLMATES,62700,False,,0,0,
b03fdae4-6720-4b80-a492-db613d2e4dda,sushiswap,Ethereum,GCAKE-WETH,62376,False,,0,0,0
bbdc2b30-67f5-5c18-9d6e-44d21f216449,uniswap-v3,Base,WETH-UNEAR,62352,False,,21.62346,21.62346,
bc06f423-15ec-4edd-8afa-fb3576226b84,uniswap-v4,Ethereum,ETH-GROW,62226,False,,63.52356,63.52356,
cc49ffa9-db49-4e04-9b82-6ab7106b1ea1,uniswap-v4,Ethereum,ETH-STECRV,62177,False,,0,0,
863107f6-31ae-48b3-904d-7da76512758b,uniswap-v3,Optimism,WETH-HAN,62088,False,,0,0,
aa425b6d-15c6-44e3-a141-2f099ce390f8,uniswap-v3,Ethereum,WETH-ACH,62032,False,,3.49565,3.49565,
b2ad999d-fd89-41ff-81fd-b5ea0d0dbc64,uniswap-v3,Ethereum,MAZZE-WETH,61837,False,,0.11534,0.11534,
03f4a33a-656a-50bf-a5ca-b0c2224fe1da,uniswap-v3,Base,$ZBCN-WETH,61729,False,,0.03877,0.03877,
35ff2583-9eca-5171-b324-a5532d466123,uniswap-v3,Base,CSPR-WETH,61615,False,,1.23158,1.23158,
76b53361-5149-462c-9c12-c8a3b0c8010d,uniswap-v4,Base,WETH-PLSBRO,61542,False,,0,0,
b93ae8d3-d0e8-53eb-bf06-c82e7eb2232a,uniswap-v4,Ethereum,ETH-ETHFI,61495,False,,0.00021,0.00021,
d3699811-abf3-42d4-8084-47d4321d8cbb,uniswap-v3,Base,SHIBA-WETH,61292,False,,5e-05,5e-05,
a9a31bd0-df43-4ed0-9911-2cb2c4ade0bd,uniswap-v3,Base,TEVA-WETH,61284,False,,359.22302,359.22302,
910eb669-e1fc-4499-a76f-46f9904be74b,uniswap-v3,Ethereum,DZHV-WETH,61272,False,,0,0,
ed5fa910-dd3b-4dad-846b-e6e79f16766a,uniswap-v3,Base,WETH-JACK,61144,False,,0.02042,0.02042,
bc65420f-8597-440f-aa50-445d4e0e5148,uniswap-v4,Polygon,WETH-AAVE,61064,False,,5.50249,5.50249,
3d9c490d-2fba-545d-8b04-164bf5d37e06,uniswap-v3,Base,WETH-BASECAT,60917,False,,579.85334,579.85334,
d8ff7991-80cc-5b4c-8646-1e3c139c2831,uniswap-v4,Base,WETH-SAMI,60674,False,,2.69358,2.69358,
55d756c0-8210-411a-9742-8de3d728b548,uniswap-v4,Arbitrum,ETH-WSTETH,60671,True,,0,0,
a74476d1-e455-4c8e-aed2-97d08a8ab807,uniswap-v3,Base,WETH-ABTC,60546,False,,0,0,
2ec24ae3-5cd4-53fe-836b-b967843cffb1,uniswap-v3,Base,WETH-LBRETT,60539,False,,0,0,
9720c9d0-8efe-4308-b08e-f46a9b5bb506,uniswap-v3,Base,LUM-WETH,60448,False,,1.3854,1.3854,
aed30fac-88f2-4aa6-989a-d3c91bd90dcb,uniswap-v3,Base,VIRTUAL-WETH,60434,False,,61.58072,61.58072,
3d16c525-e942-4bfa-b300-86cd5e6cb8e6,uniswap-v4,Base,WETH-TORUCEOAI,60309,False,,0,0,
45ed9cc8-7e43-4c87-98fa-08597aacfe58,balancer-v2,Base,WETH-OLAS,60301,False,,2.25114,2.25114,
f0854dde-a7fb-4131-ad5a-1bf3ba5c98b3,uniswap-v4,Base,ETH-CBETH,60140,True,,0,0,
f0c4098f-b667-4a4e-8ce0-bc79299a6ad1,sushiswap,Ethereum,WETH-AMPL,60125,False,,0,0,0
ba9fb8a8-ad82-4c2e-b1e0-678b119d4b67,uniswap-v4,Ethereum,ETH-MYTH,60111,False,,2.64181,2.64181,
95d88d59-eeb3-588b-8d87-67ee2f678b01,uniswap-v4,Ethereum,ETH-FUSECAT,60084,False,,81.91248,81.91248,
392d37c7-afb5-4f2d-9190-eeba7f431b1d,uniswap-v4,Ethereum,ETH-SWELL,60051,False,,3.54844,3.54844,
3d2c5186-ba49-422f-953d-c6f90b8354b1,uniswap-v4,Base,WETH-BUILDERARENA,59894,False,,2e-05,2e-05,
9e71c634-2bef-4783-876c-4d9600e52fce,uniswap-v3,Ethereum,EWTB-WETH,59855,False,,0.19107,0.19107,
e89ff8b2-cec7-43df-a4d5-0dee6ff65c86,uniswap-v4,Polygon,WBTC-WETH,59835,False,,0.83128,0.83128,
3d0b2932-779a-4a38-a2aa-53ab95ab241e,uniswap-v4,Base,WETH-VBUTERIN,59733,False,,0,0,
9ea4bbe0-9491-460d-9f92-928cbf6a6b7a,uniswap-v4,Ethereum,ETH-SUMMER,59730,False,,0,0,
5b3ca3e7-73ce-4b6d-bdea-f6be19edc2d7,uniswap-v4,Base,WETH-ROGUEAI,59707,False,,0,0,
51826bdc-0e08-4a0d-8eec-ae1215d7566a,uniswap-v3,Ethereum,ENQAI-WETH,59659,False,,0.00162,0.00162,
1fe50ea0-3298-58e8-a54d-08b9b6beccd8,uniswap-v4,Base,ETH-BASECAT,59619,False,,0.00327,0.00327,
d4b44658-cb62-4763-9f64-e3d1263af9de,uniswap-v4,Base,GNULL-WETH,59518,False,,0.0322,0.0322,
f92c5529-12be-5caa-a5cf-c7a3bc83ad21,uniswap-v4,Ethereum,ETH-SENDOVER,59506,False,,700.60796,700.60796,
56a53645-103e-432c-ba5d-668a3b3646d0,uniswap-v3,Base,MIRROR-WETH,59487,False,,1e-05,1e-05,
e09a7530-4bd2-4ef2-9b7f-2529b84ec927,uniswap-v3,Base,WETH-MOR,59315,False,,7.80997,7.80997,
645c03a2-ce55-4ab1-8f04-ca0478003fe4,uniswap-v4,Ethereum,ETH-JOE,59222,False,,0,0,
1204a31e-e426-480a-9325-0fee1375a3ab,uniswap-v3,Polygon,WETH-JERO,59190,False,,0,0,
1cab4851-c006-442a-94b0-3340dc1009cf,uniswap-v3,Base,HEIR-WETH,58953,False,,0.00645,0.00645,
c0d63537-82b2-485b-9fe2-cf8ede4fe29b,uniswap-v3,Base,WETH-ZOO,58840,False,,0,0,
0dbcf3df-9f92-42b6-8b05-a56db11e931c,uniswap-v3,Base,$CHECKR-WETH,58717,False,,0,0,
a130a448-58b0-53e5-9f1a-6527fb704d1e,uniswap-v3,Base,WETH-TERRALUNACLASSIC,58598,False,,3.00252,3.00252,
831219e5-a96b-5ffe-91fe-1182e7587aa1,uniswap-v4,Base,ETH-USDC,58593,False,,65.87457,65.87457,
4ade4489-03ab-5fc6-bb3b-a9a37f5fb4a5,uniswap-v4,Base,ETH-BASECAT,58569,False,,0.75131,0.75131,
8db31d5c-1e04-548b-8dd1-3619ac349005,uniswap-v4,Ethereum,SILVERCHAT-WETH,58563,False,,9.34139,9.34139,
2206cbb6-954f-47bc-b1ae-13a82f649b39,uniswap-v4,Base,WETH-OTX,58425,False,,0.00919,0.00919,
4efd5146-1dd1-4caa-9e15-ef3be417714b,uniswap-v3,Base,WETH-CHAD,58418,False,,2.04053,2.04053,
4d50c3ff-1088-4a39-80c3-ca58eff18f86,uniswap-v3,Ethereum,OCEAN-WETH,58387,False,,0,0,
90493870-71ed-5a52-ac8e-1c7598f0204d,uniswap-v4,Base,ETH-LAPTOP,58301,False,,0.95084,0.95084,
58e57daa-e05f-4ed2-ac20-e9ea55504bab,uniswap-v4,Base,WETH-SURVIVE,58204,False,,0,0,
e6b406c9-c046-4066-b0f5-1fbd186feb9c,uniswap-v3,Base,WETH-USDC,58071,False,,51.05893,51.05893,
a2b3b23b-b5e7-4e2a-b512-bdb52bf19101,uniswap-v4,Ethereum,ETH-FLORK,58032,False,,0,0,
302bbcbd-17de-4251-abd5-301b6b9eea51,uniswap-v4,Ethereum,ETH-ETHSTR,57926,False,,0,0,
4bcfb10f-0344-46fa-9805-30d738d822de,balancer-v2,Ethereum,WETH-ROBOT,57910,False,,0.02969,0.02969,
c0945a91-62de-40d5-913f-c69b4777c697,uniswap-v4,Base,WETH-VEILNET,57754,False,,0.23111,0.23111,
4c45db26-8453-4fca-94af-3bcdf0c317b0,uniswap-v4,Ethereum,ETH-MORE,57750,False,,5.47653,5.47653,
5903a3bc-b380-4ab7-ba6c-823cee041645,uniswap-v4,Base,ETH-SPEC,57587,False,,6.73162,6.73162,
85c589e0-0af1-5346-a324-184d6306e3bc,uniswap-v4,Arbitrum,ETH-USDC,57529,False,,0,0,
01121e1a-e231-46da-9987-d12bc3c19fbc,uniswap-v4,Base,ETH-SPAWN,57497,False,,0,0,
2b293f29-5fb8-4583-95ab-5e85e513c6f6,uniswap-v4,Base,WETH-WISH,57447,False,,0,0,
bacf5b0d-d355-4469-a693-8f262f23902e,uniswap-v3,Base,NATIVE-WETH,57380,False,,0.02337,0.02337,
0a775d91-2c17-438f-8881-aea27b446490,uniswap-v3,Base,GHFFB47YII2RTEEYY10OP-WETH,57364,False,,0,0,
9a309699-0d3b-442f-a6f6-946c82ff92a8,uniswap-v4,Ethereum,ETH-PEPE,57349,False,,0.24153,0.24153,
6772bbd6-2393-5ee0-a056-6cd84d852425,uniswap-v4,Ethereum,ETH-ZC,57337,False,,410.21816,410.21816,
8d05d970-3623-4adb-b7a3-67b3cb82304f,uniswap-v4,Ethereum,ETH-KING,57330,False,,0.2652,0.2652,
cff01c90-6d3b-53e4-86c2-4ca7278eadf3,uniswap-v4,Ethereum,ETH-ZIK,57282,False,,0.01322,0.01322,
2d766366-006e-4b28-965a-632b619f8da4,uniswap-v4,Base,WETH-GROK-1,57238,False,,0,0,
3c49536f-953e-4c5b-b1b5-bb445d75de8f,uniswap-v4,Optimism,ETH-OP,57211,False,,3.9296,3.9296,
63e7e98d-9795-436b-b199-b3591957a141,uniswap-v4,Ethereum,ETH-PPT,57197,False,,190.82071,190.82071,
ee260124-aee7-4da6-8524-af78acde5973,uniswap-v3,Base,COINYE-WETH,57175,False,,1.58715,1.58715,
bd4d7b1c-a0d8-42ab-a0e8-a2e7c9ad3dfb,uniswap-v3,Optimism,WETH-WLD,57042,False,,64.78132,64.78132,
989147f2-1e11-4f6d-b417-7203c2b18f29,uniswap-v4,Base,WETH-IMITATIONGAME,56959,False,,0,0,
cd000c9e-0b3e-4c48-9623-b36d8e8f1497,balancer-v2,Ethereum,WETH-COW,56951,False,,2.67196,2.67196,0
1d6627ef-f4f1-4e97-a1cb-492b700883f7,uniswap-v3,Base,YUMYUM-WETH,56950,False,,0.6449,0.6449,
752c877f-9ff6-45ba-b5df-214b70388ed4,uniswap-v3,Base,WETH-BRAIN,56926,False,,0,0,
880e78ac-6aae-4f1d-bdac-82100a4d23bf,uniswap-v4,Base,TACHI-WETH,56884,False,,0,0,
246ad068-851f-4f66-aade-f694a0c9981b,uniswap-v4,Base,X402CLAW-WETH,56662,False,,0,0,
55a60e79-be19-4ec2-b77e-bf63b48001b2,uniswap-v3,Ethereum,WETH-GALA,56622,False,,11.17115,11.17115,
9bce6aa8-ac0b-40a6-bd71-741cd3030118,uniswap-v4,Ethereum,ETH-NEAR,56609,False,,240.52601,240.52601,
2368b017-615e-4809-97ff-5549beb62c1a,uniswap-v3,Arbitrum,WSTETH-USDC,56593,False,,15.78039,15.78039,
01957a8c-2d55-4946-a3c6-1429466ed75d,uniswap-v4,Base,WETH-CLAWDIUS,56573,False,,0,0,
01ab6e60-7653-5dfa-93f2-3ce134e81bfb,uniswap-v4,Ethereum,ETH-RSETH,56548,True,,0,0,
43211fd8-ccb6-4a1b-8948-7f9241ed7e6a,uniswap-v4,Base,WETH-A2H,56445,False,,0.51459,0.51459,
02a31209-1f77-4b04-a863-60591a697e5e,uniswap-v3,Base,BOLIDE-WETH,56336,False,,0.01287,0.01287,
547b0c0b-8efe-488c-8fba-d39c6f1f65c1,uniswap-v4,Ethereum,ETH-ALEPH,56297,False,,0,0,
ee0dc0c3-2df4-5c77-aa98-c6b992cb7466,uniswap-v4,Ethereum,ETH-CHEX,56225,False,,137.46616,137.46616,
5685fa0d-a7cf-4b60-9b77-ff23b4583f81,uniswap-v3,Ethereum,RETH-WETH,56197,True,,1.42493,1.42493,
91a4c6bc-09ad-4ec2-80ad-0c0dda2099a5,uniswap-v4,Base,ETH-AERO,56177,False,,6.27541,6.27541,
9b170ed2-8d7c-4195-8844-8dcd4b19e07f,uniswap-v4,Base,WETH-HCLAW,56132,False,,0,0,
04a48e3a-46dc-5f84-9234-143aee34bb11,uniswap-v3,Base,WETH-PEAQ,56067,False,,94.09916,94.09916,
f8ce6c29-7443-415c-b77b-ea3c10525dcc,balancer-v2,Ethereum,VLR-WETH,55952,False,,0.00449,0.00449,
cbaacc0c-3120-4118-b268-22d5a2be4eb2,uniswap-v3,Base,GRK-WETH,55655,False,,0.0012,0.0012,
71be288f-4c3a-4f17-8e19-f95363721784,uniswap-v4,Base,WETH-PISSFACE,55653,False,,0,0,
e2d8894a-9f08-4544-9dd3-d0be52b91adc,uniswap-v3,Base,XVM-WETH,55635,False,,2.8758,2.8758,
d9b4aa5d-1cb7-5184-8adc-b03d7b8faec3,uniswap-v4,Ethereum,ETH-TCC,55607,False,,0,0,
f0205887-84ad-4a2a-bc8b-6aad3b0cfba3,uniswap-v4,Base,WETH-MIRROR,55564,False,,0,0,
c75a57ca-10a7-473e-ad2b-396167b9fc19,uniswap-v4,Base,"WETH-BUONGIORNO,BASE",55422,False,,0,0,
b454c283-5bed-4080-99f6-9aa866c24807,uniswap-v3,Optimism,WETH-USDT,55403,False,,0,0,
9f8913d8-4cd9-5829-8812-607d89c96a2c,uniswap-v4,Ethereum,ETH-$JPT,55398,False,,0.15884,0.15884,
d464adf3-c48c-46d4-98cc-90fb17780499,uniswap-v3,Ethereum,WETH-SUPER,55362,False,,115.44703,115.44703,
793c17ce-313f-46dd-886b-72f8972cfd8f,uniswap-v3,Ethereum,LUNA-WETH,55276,False,,46.14022,46.14022,
a1075cbc-0a4e-4893-a19a-48364e3821c1,uniswap-v4,Ethereum,ETH-BUBBLE,55220,False,,0.70783,0.70783,
0b0a9c95-c0d8-4e0e-b113-7971f59d7cc8,uniswap-v4,Base,WETH-ORBIT,55204,False,,0.00066,0.00066,
8afe25ea-4b5a-47b2-a8cc-773ee11db665,sushiswap,Ethereum,ROBO-WETH,55128,False,,0,0,0
d81da7f3-d9b1-4f19-92bb-8fd26427e091,uniswap-v4,Base,WETH-BROSEF,55093,False,,0,0,
8f9659ac-8258-4528-95bb-02176b298eed,uniswap-v4,Base,WETH-HAMMER0,55021,False,,0,0,
f41b5a6c-03c8-5d55-834b-12ddceb4d008,uniswap-v4,Ethereum,ETH-SPEPE,54979,False,,2001.9186,2001.9186,
dab5bd95-fe81-4ef6-aad7-951c03973973,uniswap-v4,Base,WETH-NOELCLAW,54979,False,,0,0,
ec705375-f62a-5f6a-ae53-cb187633a22b,uniswap-v4,Ethereum,ETH-PALPHA,54956,False,,0,0,
d048f8eb-938b-44de-851b-3d69c6b58f0a,uniswap-v3,Optimism,USDC-WETH,54915,False,,5.57964,5.57964,
f6326ebe-c3fe-4f4e-b93c-9b70ffb9bed2,uniswap-v4,Base,WETH-CRUDE,54885,False,,1.52289,1.52289,
59b28c8a-4300-4cc8-b82f-462c610dc893,uniswap-v4,Base,WETH-SCOUT,54802,False,,0,0,
cd4ede7f-3d9d-438d-beb2-4a467c6700e2,uniswap-v4,Ethereum,ETH-AUDM,54788,False,,1.25833,1.25833,
c93d1edb-7d93-4338-8afd-d379b2ccb865,uniswap-v4,Base,NEWSWORTHY-WETH,54781,False,,0,0,
455a2c5d-0e53-5f1d-8724-307781be03fd,uniswap-v4,Base,ARO-WETH,54751,False,,118.31198,118.31198,
9677149a-d562-4f98-8913-b01b0b9130b1,uniswap-v4,Base,WETH-STAKR,54724,False,,0,0,
c8200a91-5867-4e57-8117-39d614eb5d1a,uniswap-v4,Ethereum,ETH-STR,54644,False,,0,0,
23a9ce02-3a4a-4d74-8497-717c82c3d078,sushiswap,Ethereum,OMNI-WETH,54606,False,,0.04996,0.04996,0
8a14e473-7a8c-4b28-b169-3b7548a4ea97,uniswap-v3,Base,WETH-MYST,54583,False,,0,0,
1b2d7bf3-0ecd-5ae9-bbd4-b4967467fc4d,uniswap-v3,Base,TYSM-WETH,54575,False,,0.06524,0.06524,
8f9f159b-56cc-59eb-b229-82b2ff18d5c3,uniswap-v4,Base,ETH-UPTOBER,54508,False,,0,0,
83f7aeac-a14d-4be3-92de-da69da32d57a,uniswap-v4,Ethereum,ETH-GEMS,54495,False,,22.39099,22.39099,
596e7d21-e634-485c-9cb5-d60621f858e6,uniswap-v3,Ethereum,WETH-TRU,54428,False,,0,0,
59a96400-d964-4e82-afd3-daa799cad9b4,uniswap-v4,Arbitrum,ETH-WBTC,54382,False,,0,0,
f04079c1-5c06-4728-96e7-cb99e920a9c6,uniswap-v4,Base,VOLT-WETH,54379,False,,0,0,
cc322bc2-c43a-41b3-8259-ea872eb8d226,uniswap-v3,Base,WETH-QCV,54366,False,,0.17583,0.17583,
df35dc92-d34d-46d0-9a5c-291bd20963fb,uniswap-v3,Base,STREME-WETH,54326,False,,0.0188,0.0188,
6b13d2fa-3427-5184-bc18-f23258b51ed5,uniswap-v3,Base,CBETH-VCNT,54321,False,,2.06385,2.06385,
6e090290-6718-4967-a412-1cbc35af3542,uniswap-v4,Ethereum,ETH-DRGN,54319,False,,3.29507,3.29507,
0f529223-07b9-4481-a3c1-8ce14e07e74f,uniswap-v4,Ethereum,ETH-PNDC,54102,False,,40.21261,40.21261,
bcd9df31-1cfa-4a3c-b581-26bdfe073f4e,uniswap-v4,Base,MOLTYPICS-WETH,54040,False,,0,0,
6a49a681-f8dc-4a4d-8f38-9022edbf8f3c,uniswap-v3,Base,WETH-VIBE,53987,False,,0,0,
2bf0ebd5-6850-4571-a924-85a292aa450b,uniswap-v4,Ethereum,ETH-MARS,53982,False,,0,0,
f6be33d8-6e74-4bfe-91fa-c7bf97dc269b,uniswap-v3,Base,WETH-KOMPETE,53900,False,,1.19283,1.19283,
53bf1277-54c0-414b-8f36-79d38b4031ea,uniswap-v4,Ethereum,ETH-STORY,53899,False,,0,0,
e5e24f37-ad20-478a-af2c-3499628d0331,uniswap-v4,Ethereum,ETH-USDQ,53866,False,,2.97518,2.97518,
3c18865a-aacf-4fd2-bf68-77659c495cbd,uniswap-v4,Base,WETH-FYP,53827,False,,0.05972,0.05972,
886e7e90-f028-4d10-8d1e-4f75d86972ce,uniswap-v4,Ethereum,ETH-WLD,53779,False,,72.38419,72.38419,
580659b6-3195-4906-be0d-98d0fa76a628,uniswap-v4,Ethereum,LAYER-WETH,53659,False,,0,0,
56449ab6-37f8-4e9d-ac65-88ff7952e8fc,uniswap-v4,Ethereum,ETH-AAVE,53616,False,,0.27167,0.27167,
37ca553a-69a2-52ec-9934-58fae5a154ba,uniswap-v3,Base,WETH-BASEBULL,53570,False,,27.82148,27.82148,
72385d92-7363-4fae-bca2-87aaaf3b509d,uniswap-v3,Ethereum,MORPHO-WETH,53535,False,,3.19975,3.19975,
876cecc9-1782-4f12-8020-6748fc63a0c7,uniswap-v4,Base,DEAL-WETH,53520,False,,0,0,
3f396b02-e5d5-41cd-85f3-119fe370cece,uniswap-v4,Base,COSTANZA-WETH,53515,False,,2.81379,2.81379,
97ba7255-2c42-56e6-b378-526972a8a342,uniswap-v4,Ethereum,ETH-WAR,53452,False,,0,0,
013757f3-e079-5154-b2fe-68871702ebcb,uniswap-v4,Base,WETH-FASTLANE,53416,False,,554.34323,554.34323,
d72080f4-d1e0-5032-ab84-5a5ef6446a3d,uniswap-v4,Base,ETH-BRIAN,53377,False,,0,0,
e584463a-4e0e-48a9-9ccf-8466c1e453f5,uniswap-v4,Ethereum,ETH-FLOOD,53262,False,,0,0,
aba807df-02a8-408a-8d23-2de7a2e4e7b4,uniswap-v4,Ethereum,ETH-ENS,53259,False,,3.13227,3.13227,
dec3ddee-ce67-423a-81ec-1c01dc177ac8,uniswap-v4,Base,WETH-CLAWDX,53257,False,,0,0,
f897d0f0-ee82-50a3-8b94-abec91ba3d80,uniswap-v4,Ethereum,ETH-AVOS,53252,False,,406.15968,406.15968,
b98d7585-ba41-4d45-a8a5-55819219741b,uniswap-v3,Polygon,FYN-WETH,53219,False,,0.27977,0.27977,
064a8d31-0d7c-497c-92ad-a5f740ead973,uniswap-v4,Ethereum,ETH-USDC,53165,False,,0,0,
82a81b6c-9a9f-5927-8f05-32e0be855ff8,uniswap-v3,Base,WBTC-WETH,53159,False,,7.47042,7.47042,
bf4a6e7b-24e6-5c60-9392-1f8e4d25fcb9,uniswap-v4,Ethereum,ETH-FLOKI,53051,False,,2082.52776,2082.52776,
c693761b-ebff-43e9-bb57-f1775535e758,uniswap-v4,Ethereum,ETH-AST,52981,False,,26937.99897,26937.99897,
a6a7adcc-9733-412e-8c57-2c58655b2127,uniswap-v4,Base,MERCURY-WETH,52954,False,,0,0,
46db6f78-2a77-4fa7-8f2c-9b1a262fbdae,uniswap-v4,Base,WETH-HARBOR,52863,False,,0,0,
26ad0970-15ae-4dd1-b0ff-8bab207d9ce4,uniswap-v4,Ethereum,ETH-UORE,52635,False,,0,0,
be97687c-08c5-4dc6-a448-3cb96dc7c60e,uniswap-v3,Base,WETH-UHBAR,52627,False,,26.49254,26.49254,
bbe1f800-c099-4d45-bb50-45d811c410e3,sushiswap,Ethereum,BANK-WETH,52608,False,,0,0,0
77d17af5-f578-4a99-8a74-0526570965e4,uniswap-v3,Base,JOOCE-WETH,52562,False,,0.00889,0.00889,
0d49b270-cfee-4815-bc21-d28d46ce3bf7,uniswap-v3,Base,CHECK-WETH,52483,False,,0.04572,0.04572,
c12910dd-176f-4263-b512-6d69c2086720,uniswap-v3,Ethereum,WETH-KCS,52476,False,,0.00054,0.00054,
e2b9af43-60d3-599f-99f7-ce4663457ee9,uniswap-v4,Base,WETH-CHIP,52371,False,,12.3071,12.3071,
8a6213a8-095e-4caf-b95b-dc7e8704c9eb,uniswap-v3,Arbitrum,VCNT-WETH,52326,False,,1.34366,1.34366,
be9bfbf7-2e8e-42a1-b91c-7b2dc45d8231,uniswap-v3,Ethereum,FXS-WETH,52254,False,,0,0,
051a4de5-7d74-41ba-b12d-dd34ba2130ff,uniswap-v4,Base,WETH-FRED,51926,False,,0,0,
9de8fbb6-6ca8-40a5-8dc4-a2d0f1271e57,uniswap-v4,Base,WETH-INCLAWNCH,51907,False,,0.00652,0.00652,
36d4c2cd-e6b0-488c-b72a-892604450774,uniswap-v4,Base,WETH-X402,51797,False,,0.67878,0.67878,
234ad7c9-1156-45a1-a777-df408868136e,uniswap-v3,Base,DUBBZ-WETH,51725,False,,0.00278,0.00278,
29594c9c-026e-5bb0-aa21-6fb7e36aedfe,uniswap-v4,Ethereum,ETH-EARNETH,51659,False,,0,0,
6232a78c-c37e-4c37-9f73-da5690cd9162,uniswap-v4,Base,SEARXLY-WETH,51643,False,,0,0,
4b3c3179-6dd0-4c0f-bbee-e1ec991e75a7,uniswap-v4,Optimism,ETH-USDC,51458,False,,9.94857,9.94857,
02181809-e6b9-5a9f-93fc-7b7e455b4314,uniswap-v3,Base,WETH-$NASDAQ,51372,False,,0.05652,0.05652,
74a5d4ec-580c-5800-af59-23e85a3c41dc,uniswap-v4,Ethereum,ETH-ZC,51286,False,,2255.29439,2255.29439,
e3821112-3255-474d-8ede-ede0ceb88f94,uniswap-v4,Base,WETH-OUROBOROS,51279,False,,0,0,
a347b151-e5ff-4251-89e7-0cb475b93494,uniswap-v3,Ethereum,GAMMA-WETH,51220,False,,0.00086,0.00086,
780aa55a-b7f9-4b4b-8086-798f32516163,uniswap-v4,Ethereum,ETH-MAPO,51202,False,,0,0,
355b9698-c08f-4d74-89e5-3ce2b7382c46,uniswap-v4,Base,ORBIT-WETH,51092,False,,0.00942,0.00942,
843a0192-b079-4346-a77a-5f69b2bcf765,uniswap-v4,Base,SLEUTH-WETH,51091,False,,1.62732,1.62732,
d82e9e8c-34cb-41a9-96f3-9d6fcecc45a1,uniswap-v4,Base,ETH-COAI,51066,False,,0.25755,0.25755,
567ee653-961e-58e7-84fd-14799ff38174,uniswap-v4,Ethereum,ETH-TNA,51049,False,,8.97954,8.97954,
fd88ea7a-95e5-4dc6-a897-0ced9684f41c,uniswap-v4,Arbitrum,ETH-ARB,50973,False,,0,0,
fc456fce-6f88-4b9f-88ff-38b49d87e072,uniswap-v3,Ethereum,GLM-WETH,50920,False,,8.22571,8.22571,
221bfc4d-ee31-5f9f-ab7a-b2a7f059ee71,uniswap-v4,Base,ETH-GOOGLC,50898,False,,16249.50865,16249.50865,
5ffcacff-04a9-4ce1-83f0-2fbd0b2c0ea5,uniswap-v4,Base,ETH-ICNT,50890,False,,0,0,
980791c8-68ba-4528-80b9-3ff535653111,uniswap-v4,Base,WETH-FORGE,50821,False,,0.18591,0.18591,
1703c562-2376-46e2-a0b6-ba520a877a3c,uniswap-v4,Base,WETH-DEVTOPIA,50807,False,,0,0,
bfd08c67-d6e9-5208-9ac2-34b80e8403e6,uniswap-v4,Ethereum,ETH-WTAO,50796,False,,1.92094,1.92094,
d95ecac4-0df2-5564-bc5a-8f2af7602d4a,uniswap-v4,Ethereum,ETH-GMT,50646,False,,0,0,
3b933b7b-41b4-54f6-9c42-e692a8e9f2bb,uniswap-v4,Base,ETH-BASECAT,50611,False,,0,0,
12908c11-72f9-4d58-8e35-cd9899e2b616,uniswap-v4,Ethereum,ETH-NMR,50593,False,,26845.42208,26845.42208,
d1981d7c-132e-4801-9c2c-7e57e5cd66ee,sushiswap,Ethereum,WETH-IMX,50586,False,,19.54169,19.54169,0
15a083b6-8836-4c5a-b0d4-01e409b17b7f,uniswap-v4,Ethereum,ETH-UPEGSTR,50521,False,,0,0,
096345e4-6e8e-4345-af42-d3d6d7d8d553,uniswap-v4,Base,MIND-WETH,50461,False,,0,0,
0c8d8b81-3bb7-5017-a1a4-5b191ffb3e5b,uniswap-v3,Base,WETH-WOLF,50357,False,,0.34929,0.34929,
378ed3f1-0450-4966-94b1-9cffa817ba0a,uniswap-v4,Ethereum,ETH-ABT,50308,False,,0,0,
cc8b8c14-3305-536d-a421-fbf3e15cdf6c,uniswap-v4,Ethereum,ETH-USDT,50208,False,,0,0,
277c54d4-d0d3-403d-ae72-eee0061f486c,uniswap-v4,Ethereum,ETH-BAT,50169,False,,6437.70802,6437.70802,
d3007c73-3bb4-480c-9907-7f77e6509871,uniswap-v4,Ethereum,ETH-COW,50135,False,,1.16988,1.16988,
6af1f0b0-6b8a-590c-bd14-a2bc56c3a373,uniswap-v4,Base,WETH-NDTA,50132,False,,86.79595,86.79595,
a0f60783-af39-452b-8dd5-d04b7b8ec8b1,uniswap-v4,Ethereum,WSTETH-RETH,50088,True,,0,0,
87639b86-f9cc-43cd-aa57-034ddc5d7643,uniswap-v3,Arbitrum,FLUID-WETH,49983,False,,0,0,
39819063-bc6f-4c0a-b29e-4029753d8af1,uniswap-v3,Base,WETH-OBOT,49916,False,,0,0,
4ddf5d6a-7811-543f-9134-465a339b449a,uniswap-v4,Base,WETH-NDTA,49864,False,,18.65409,18.65409,
3d896c72-64bc-45d9-94ef-0561607c30e7,uniswap-v4,Base,WETH-WAKE,49723,False,,0,0,
74404fdf-e4ea-491b-98e3-922c5cc62941,uniswap-v4,Base,WETH-CLAUDE,49662,False,,0.01045,0.01045,
9fabc0a3-4c4f-4925-8062-1788147961e2,uniswap-v3,Base,WETH-PACK,49647,False,,0,0,
5fb890b0-da02-45f4-b0f1-244001cded96,uniswap-v4,Base,WETH-OTTO,49629,False,,65.42748,65.42748,
b99d13fa-0232-4254-a3af-133cd4e1a111,uniswap-v4,Base,ETH-PING,49542,False,,0,0,
b5dac8ef-212a-532f-8069-69972e5fb0d0,uniswap-v4,Ethereum,ZC-WETH,49345,False,,2129.83462,2129.83462,
1e673050-2d9a-485a-becb-f3fa9f1d2ebc,uniswap-v4,Ethereum,ETH-RSWETH,49265,True,,0,0,
05a9bfda-e235-43e3-90ed-d2a73e3f35fe,uniswap-v4,Base,WETH-ASYM,49238,False,,0,0,
e2e22bfa-c98c-41df-b36d-329ac19c4368,uniswap-v3,Base,ULTC-WETH,49110,False,,7.77837,7.77837,
a05cbf5b-1b0c-4fc4-99d3-adaf324860c7,uniswap-v4,Base,ETH-REI,48906,False,,0.0203,0.0203,
61829a48-33b3-5aa4-9073-1b9aae998aa3,uniswap-v3,Base,WETH-FOGO,48825,False,,0,0,
3d2fda51-7e78-4900-b83f-2400393362a2,uniswap-v4,Base,WETH-MCCLAW,48813,False,,0,0,
e4c225fc-c0ed-4231-ade2-4c3889c85be9,uniswap-v3,Base,RLUSD-WETH,48766,False,,0.01497,0.01497,
0c036967-6f0b-41c5-9da1-55a408cda8b6,uniswap-v3,Base,WETH-BLU,48710,False,,0,0,
91d9b32c-8c5d-5188-ba28-0ecfd9307aaf,uniswap-v3,Base,XDC-WETH,48551,False,,3.67545,3.67545,
02cd4db4-4e79-56df-894f-4eaa0ee7236f,uniswap-v4,Ethereum,ETH-VEYL,48408,False,,0,0,
d5123cc8-ffce-4855-97f8-c471952bcd66,uniswap-v3,Arbitrum,WEETH-WETH,48352,True,,0.01135,0.01135,
da518bd1-a589-57af-a3ed-df97993ba846,uniswap-v4,Ethereum,ETH-NHOUR,48314,False,,989.5646,989.5646,
52e7e0e3-0b6b-4e76-872c-f67df1f05544,uniswap-v4,Base,WETH-KARPATHY,48284,False,,0,0,
04708512-ecdd-4f87-87f6-8c7caa5c68b9,uniswap-v4,Base,WETH-NPM,48268,False,,0,0,
a50ad090-ecc1-4aa7-b75a-20394dfac7ff,uniswap-v4,Base,WETH-ALEISTER,48251,False,,0,0,
f825cf2c-ebbe-438f-90ac-696b8ff935ba,uniswap-v3,Ethereum,SKL-WETH,48117,False,,0.75364,0.75364,
127c022f-93bd-4902-ba13-a6015418e5ca,uniswap-v3,Arbitrum,ETHFI-WETH,48115,False,,49.14899,49.14899,
7629b38d-021f-49dd-a342-c8330870d810,uniswap-v3,Arbitrum,RAIN-WETH,48055,False,,98.78432,98.78432,
4ab46de7-e10a-4728-b237-792886da4f01,uniswap-v3,Optimism,WETH-SNX,47827,False,,0,0,
ada16443-99ae-5a31-a2ec-de3cad926981,uniswap-v3,Base,WETH-NOCK,47812,False,,131.88782,131.88782,
209a5ce3-1459-5236-b6f3-3f7e80b4eda8,uniswap-v4,Ethereum,ETH-GLADIAS,47756,False,,1639.20851,1639.20851,
b7fd1918-9f12-569a-9a15-2b5f952e6148,uniswap-v4,Base,PEAQ-WETH,47545,False,,3.41054,3.41054,
dbd856b3-f743-47ef-8f80-94663e4e17f4,uniswap-v3,Base,WETH-CLX,47501,False,,2.54203,2.54203,
d1458011-e254-45b9-a666-ddef8966ffbd,uniswap-v3,Base,BRACKY-WETH,47500,False,,0.02449,0.02449,
6302e7fb-e9f5-4b2f-8068-5cb32e68e567,uniswap-v4,Base,NANOBOT-WETH,47410,False,,0,0,
7a314330-69f9-4790-a6a1-7dbaa85240ee,uniswap-v3,Base,WETH-WBNB,47382,False,,3.04859,3.04859,
ee715109-66d8-407e-8c68-558e0d58be97,uniswap-v4,Base,WETH-WORDADAY,47377,False,,0,0,
82a12a28-febf-4921-96a7-34e568bd086a,uniswap-v3,Base,DODO-WETH,47327,False,,0.20776,0.20776,
36d662be-8ad3-475b-af90-f396cd76da55,uniswap-v4,Ethereum,ETH-CABAL,47275,False,,0,0,
3296272c-cc93-5106-98a8-2506eea457f8,uniswap-v3,Base,STARLINK-WETH,47092,False,,0.1906,0.1906,
f250dadf-adf6-5a94-8e8c-62f3537a8921,uniswap-v4,Base,ETH-BRAINARM,46915,False,,0,0,
3240c6b5-2c5e-4143-8e16-1dd70aa90c0a,sushiswap,Ethereum,FEWGO-WETH,46756,False,,0,0,0
43ef883d-26b4-5133-ba11-38945b236c4a,uniswap-v3,Base,WETH-NANO,46712,False,,0,0,
72bd2d63-c5b7-565b-98da-794358e9349e,uniswap-v4,Ethereum,ZKAPI-WETH,46712,False,,0,0,
84739cce-49ed-457f-86aa-cfdf69ef0bda,uniswap-v3,Ethereum,WETH-TRIBE,46687,False,,23.23449,23.23449,
9d1d519d-b7ae-493a-b95c-7712089b80db,uniswap-v4,Base,WETH-SAIMMY,46631,False,,0.02759,0.02759,
fddec356-0bdb-5772-a8a1-365edafe8d3d,uniswap-v4,Ethereum,ETH-SI,46441,False,,2121.09759,2121.09759,
00d2347a-0d22-4e94-a187-98d17caf225a,balancer-v2,Polygon,USDC-LINK-WETH-BAL-AAVE,46303,False,,1.66285,1.66282,3e-05
5a657362-af0b-56e2-93eb-10c3b1c1f5d8,uniswap-v4,Base,WETH-ETN,46299,False,,171.85536,171.85536,
0fff1fda-2cad-501e-9e5c-34bbbcf64645,uniswap-v4,Ethereum,VERIDIA-WETH,46248,False,,0,0,
7ef6022c-0939-40d6-a72b-c6292d46c448,uniswap-v3,Base,WETH-ULINK,46198,False,,2.35525,2.35525,
f163c711-2f51-4800-8174-975e76c61450,sushiswap,Ethereum,WETH-ENS,46191,False,,4.96547,4.96547,0
afd76e77-8811-4990-b661-a3a905956a0b,uniswap-v3,Ethereum,BONK-WETH,46131,False,,0,0,
835b211e-3872-4322-8a39-22580c67ea9a,uniswap-v4,Base,CLAWNET-WETH,46082,False,,0,0,
14cfa937-f79c-421f-af93-4d1ec986243b,balancer-v2,Ethereum,M2-WETH,46079,False,,0,0,
a1c0c296-50e5-5f9c-a9e5-b95af2ea803b,uniswap-v4,Ethereum,SNOWMOON-WETH,46030,False,,0,0,
b22d6f07-c57c-5575-8ce6-604845472d59,uniswap-v4,Ethereum,ETH-VC,45985,False,,0,0,
2867bcf9-a4d4-4d0b-b30c-afd6745b52a6,uniswap-v4,Base,WETH-SHELL,45941,False,,0,0,
bfdcbce8-227d-44b2-b24d-e8b4ca0fa228,uniswap-v3,Ethereum,PEPE-WETH,45893,False,,3.13051,3.13051,
3c3813a2-84c6-4859-bb16-bdcbcf1720d9,uniswap-v4,Base,SHARP-WETH,45832,False,,0.02573,0.02573,
1b9e9353-182f-46e4-b006-16234a5609b4,uniswap-v4,Base,WETH-VVVKERNEL,45615,False,,0.01597,0.01597,
d9371dc2-0cd1-4217-b437-5778976d6135,uniswap-v4,Base,WETH-BASTR,45365,False,,0,0,
7ded0a93-3b23-5db8-ac63-e5aafb327f51,uniswap-v4,Ethereum,ETH-RISK,45322,False,,0,0,
e8e7640d-e3f6-4575-b157-6bd42f09d4e1,uniswap-v4,Base,WETH-CLAWBERRY,45299,False,,0,0,
8dac5cf7-92af-54ea-8889-b85a91ec092c,uniswap-v4,Base,WETH-CHIP,45280,False,,2841.29063,2841.29063,
3bcf486a-79cc-4248-8d12-1af65b677d8a,uniswap-v3,Base,I-WETH,45271,False,,5.52291,5.52291,
9dd2f014-8568-4bb6-8680-8ffa25e5473c,sushiswap,Ethereum,WETH-DAOX,45175,False,,0.46913,0.46913,0
52cf6a6b-f0ea-4c23-a41d-6813d1556686,uniswap-v3,Base,WETH-BIRD,45118,False,,0,0,
717fa106-074f-41b0-ae83-7edcc1b9c918,uniswap-v4,Base,WETH-JPEG,45085,False,,1.6694,1.6694,
14902f54-ae8c-488e-956c-d4cf46f06eda,uniswap-v4,Base,BMIND-WETH,45037,False,,0,0,
f685a9c1-7d44-414d-b7ba-e86f65b444f2,uniswap-v4,Base,WETH-GOLD,44948,False,,0,0,
ccb63235-3876-4d4f-890b-a3aa23c4d674,uniswap-v4,Base,SYNTH-WETH,44945,False,,0,0,
b499f199-ea24-477d-92b3-faeda733d14f,uniswap-v4,Ethereum,ETH-ADO,44920,False,,0,0,
99b364e7-1be2-44cb-8505-47a61206a70d,uniswap-v3,Ethereum,WETH-AXGT,44767,False,,0,0,
0876b461-288b-4fd6-adea-ae09bc295951,uniswap-v3,Ethereum,LCX-WETH,44483,False,,56.92505,56.92505,
28a8c087-f5c4-461e-85fb-e858678e5ea0,sushiswap,Ethereum,KP3R-WETH,44318,False,,0.49324,0.49324,0
16f56a17-e1d2-5678-8248-d67a1ea98b0f,uniswap-v4,Ethereum,ETH-STREET,44286,False,,0,0,
7cdaf29d-0f78-4ff3-9989-482e08eb6fb1,uniswap-v4,Base,ALFRED-WETH,44261,False,,0,0,
3fe0a0d6-da5b-4764-99e7-29e30785ce02,uniswap-v3,Ethereum,FET-WETH,44248,False,,36.05588,36.05588,
cfbec451-0525-4cef-b567-8c251f2e8b1c,uniswap-v3,Ethereum,HOT-WETH,44202,False,,108.49176,108.49176,
be749f32-93e1-4d6a-8dcf-fca85438cb16,uniswap-v3,Arbitrum,PRIME-WETH,43983,False,,0.00014,0.00014,
6981f09a-1941-44b7-a1fc-4b9f916cee8d,uniswap-v3,Ethereum,ARB-WETH,43830,False,,22.75483,22.75483,
0cfb43fd-f3dd-53fa-9b33-c397c44a8457,uniswap-v4,Ethereum,ETH-MILADYSTR,43750,False,,0,0,
75c880a1-2b1d-47fa-8816-3a6f7da17e55,uniswap-v4,Base,WETH-OMNIBOT,43736,False,,0,0,
0cd0f508-fbf4-401e-a134-206db9e186fb,uniswap-v4,Base,WETH-CRUST,43633,False,,0,0,
d5ac0c27-1be7-49ea-9ed4-efc8474818f8,uniswap-v4,Base,WETH-BUGZ,43562,False,,0,0,
cb0c5d0e-69ff-4b89-b996-f99ee19eb86e,uniswap-v3,Optimism,WETH-ZINU,43493,False,,0,0,
4efba25a-e9e0-494c-bbb7-c48411434496,uniswap-v3,Base,WETH-TOSHI,43417,False,,25.59291,25.59291,
c3c07bd9-ba94-48dc-bc50-05396be33749,uniswap-v3,Base,WETH-FUNGI,43302,False,,8.09939,8.09939,
7ef5815c-1ad9-4f0e-9ef0-979ebe7e15f2,sushiswap,Ethereum,GOG-WETH,43235,False,,0.50659,0.50659,0
ecb8cd86-f8b0-40cb-beb4-2bee6fd53e3d,uniswap-v3,Ethereum,SOCKS-WETH,43222,False,,0.10689,0.10689,
9d0fa3ed-0490-56b0-bf30-8c8b6eed1bf8,uniswap-v4,Ethereum,ZKAPI-WETH,43139,False,,23.84674,23.84674,
6ebc6950-e188-44eb-9b1e-8cc6075a084b,uniswap-v3,Ethereum,DINO-WETH,43091,False,,4.53816,4.53816,
4b395c18-921c-42d2-8f4f-45711b7b95fd,uniswap-v3,Ethereum,ASH-WETH,43021,False,,1.99436,1.99436,
d2aec012-8410-4b44-99c3-7f9d6b491c11,uniswap-v3,Base,WETH-TERMINAL,42998,False,,0,0,
27c8ddfd-7aa6-43e2-b06a-907d4f3ac103,uniswap-v3,Base,CBETH-WETH,42940,True,,0.87863,0.87863,
1ee8118b-f53f-4bbc-84a2-354b0c40cf7b,sushiswap,Base,TZNK-WETH,42913,False,,0,0,
f432ad68-2003-4d2b-a46c-fa4009be4216,uniswap-v4,Base,WINTERMOLT-WETH,42901,False,,0,0,
41c1b8d8-4f12-48b6-9bca-d9cb2c1dec73,uniswap-v3,Arbitrum,KROM-WETH,42900,False,,0.02139,0.02139,
25b78c16-4028-4dc5-a7a2-a8e8ff156fa8,sushiswap,Base,WETH-TOSHI,42669,False,,0.04436,0.04436,
8d6ec28c-202b-4d05-838f-d295b11f4d06,uniswap-v3,Ethereum,PIXL-WETH,42635,False,,22.23778,22.23778,
7d329f0b-3138-4c2b-872c-168dfad2c84d,uniswap-v3,Base,WETH-USDT,42594,False,,0,0,
243d75ac-1a13-4974-b176-5097ed81efaa,sushiswap,Ethereum,NST-WETH,42590,False,,0.53478,0.53478,0
3acc1a75-e75f-4b39-8a32-306e8ec06993,uniswap-v3,Base,WETH-$FROGGI,42582,False,,0.01128,0.01128,
c28aa127-2209-40b8-a7bc-4c91e124ed48,uniswap-v3,Ethereum,UBT-WETH,42581,False,,16.56683,16.56683,
325f461d-e1ba-4369-a490-e57d1a48396e,balancer-v2,Polygon,WBTC-WETH,42570,False,,0.09305,0.09303,3e-05
31325813-4208-4f8c-b38d-18453f96259f,sushiswap,Ethereum,GALA-WETH,42476,False,,0.04765,0.04765,0
3fcdfc4a-76f2-426a-81d2-e634f62a2bd0,uniswap-v3,Ethereum,BDID-WETH,42320,False,,0.00062,0.00062,
60f6b853-97c5-443b-bb11-9e136e8b0b1c,uniswap-v4,Base,SPIRIT-WETH,42312,False,,0,0,
5b7eb283-fa05-473f-ae10-4755264fb4fd,uniswap-v4,Ethereum,ETH-FET,42258,False,,0,0,
fcaa9f7f-8537-4029-a31a-7725cf8531fd,uniswap-v4,Base,WETH-ZBASE,42169,False,,0,0,
4daa9f5c-dd7c-47ce-bfdc-595dca7f4402,uniswap-v4,Base,WETH-BUTLER,42110,False,,0,0,
e8903a25-7be3-4105-a5d7-4585fda0e73f,sushiswap,Ethereum,WETH-PUFA,41894,False,,0,0,0
0f0a1580-3815-4532-9705-b3d18fda6944,sushiswap,Ethereum,MULTI-WETH,41788,False,,2.99603,2.99603,0
5231740c-66d1-4b95-97b7-e3ffa8db202f,uniswap-v3,Ethereum,MAVIA-WETH,41643,False,,66.64522,66.64522,
4284c6ec-683c-4d74-b087-a28217afd2d7,uniswap-v4,Base,WETH-COBALT,41608,False,,0.15483,0.15483,
7f3dea72-f13b-40c8-a221-3b28d521ba05,uniswap-v3,Base,$ZBCN-WETH,41557,False,,0.05952,0.05952,
a474f932-b57a-4902-aeb4-af92d10db376,uniswap-v3,Ethereum,WETH-RSC,41471,False,,3.34252,3.34252,
134aa307-ed13-4ab8-8eff-c132b74af0a4,uniswap-v3,Arbitrum,LILAI-WETH,41446,False,,0.8814,0.8814,
48f7bf17-5d30-41d0-8b84-ab7bd8b5cc31,uniswap-v3,Base,WETH-WAZ,41300,False,,0,0,
fd7f232c-7f0a-491e-b9a7-bb05af59f767,sushiswap,Ethereum,UNI-WETH,41258,False,,5.03225,5.03225,0
3379ccff-cb49-4218-8f93-264faefa6e6c,sushiswap,Ethereum,STKXPRT-WETH,41243,False,,0,0,0
08a8c105-82f2-461e-9eaa-8ed19f2cb65b,uniswap-v3,Base,CREATE-WETH,41142,False,,2e-05,2e-05,
c9d4e0cd-6d97-4fa3-a050-a58df98dc424,uniswap-v4,Base,WETH-PIPAI,41123,False,,0,0,
deea0b13-b23b-550f-8d2e-eb5eecd1f92c,uniswap-v4,Base,FASTLANE-WETH,41032,False,,2281.30437,2281.30437,
d42a8923-a58d-48d7-8e0c-3c488bbf02e7,uniswap-v3,Base,WETH-MASQ,41027,False,,0,0,
ffee1776-8a12-4964-ab08-2b731f5848d8,uniswap-v3,Base,CLANKERMON-WETH,40960,False,,0.08576,0.08576,
52c390d8-a6fd-5ca3-8e08-735c49f4ebdb,uniswap-v4,Base,AGI-WETH,40946,False,,42.28989,42.28989,
156c6565-4d9e-4296-a844-e81ddbc1327c,uniswap-v3,Arbitrum,DHDX-WETH,40901,False,,0.30191,0.30191,
61f69d1f-2855-44d9-add9-6d4f10d385c2,sushiswap,Ethereum,DOG-WETH,40844,False,,0.1849,0.1849,0
c63024a7-b60b-43d3-a2e6-19220e3762aa,uniswap-v3,Base,WETH-COMP,40844,False,,47.59499,47.59499,
6728db00-8f13-4cfa-a91b-e7814c68d252,sushiswap,Ethereum,NFTX-WETH,40819,False,,0,0,0
6aa3a5ef-4e8c-4e73-8c87-70b292b4d4b7,uniswap-v4,Base,0XDP-WETH,40800,False,,0,0,
2e64fda8-0b83-4307-9cff-5cc1ef65fea3,uniswap-v4,Base,CLAWKA-WETH,40786,False,,0,0,
76d88a40-ce63-489f-b471-eed754bc7103,uniswap-v4,Base,WETH-HD,40779,False,,0,0,
05bce7bb-d0eb-4fbf-a515-cdd26985260d,uniswap-v3,Base,NET-WETH,40772,False,,0.00928,0.00928,
370888aa-304c-4bc7-9f79-12c553db8791,uniswap-v3,Polygon,WSTETH-WETH,40748,True,,0.22563,0.22563,
28d43674-7bd2-4a2e-8f9a-e551f3101d81,sushiswap,Base,WETH-OMNI,40738,False,,0,0,
a3f8c054-7da0-4efc-80ab-67e67406e898,uniswap-v3,Ethereum,WETH-ULTI,40728,False,,59.48893,59.48893,
48d109b7-eea1-4c7e-9620-a94775c5912e,uniswap-v3,Arbitrum,PEPE-WETH,40468,False,,22.11631,22.11631,
10ca12f8-95cc-4607-9376-b0ee4d160d6c,uniswap-v3,Optimism,WSTETH-EZETH,40396,True,,0.00072,0.00072,
41075f1d-c82f-4334-bd49-eda8b05af142,uniswap-v4,Base,FRED-WETH,40213,False,,0,0,
21915427-4de3-41e2-bc95-60e492deb28e,uniswap-v3,Polygon,USDC-WETH,40083,False,,7.63051,7.63051,
d3fb9c13-3acf-5b76-8d3c-66238e5d577d,uniswap-v4,Base,ANYONE-WETH,40034,False,,0,0,
cf5ddb2e-0dd4-4780-ac77-31493b9d06ba,balancer-v2,Ethereum,HOOT-WETH,39992,False,,0,0,
c6faf3c2-ce0e-4f7e-857a-96d6ef056af7,uniswap-v3,Ethereum,WETH-NO,39804,False,,0,0,
4d286812-3d0a-456f-8b3d-8777a77a8221,uniswap-v4,Base,SYLTH-WETH,39686,False,,0,0,
1b52e1f6-9bb2-4e19-9b6b-3a27da560aca,uniswap-v3,Arbitrum,GNS-WETH,39685,False,,19.07563,19.07563,
3700c66a-eff7-4422-8313-a3e816f7d5a4,uniswap-v4,Base,WETH-SOVRA,39663,False,,0,0,
bddd9871-b999-5faa-99fe-11f137171424,uniswap-v4,Ethereum,ETH-AP,39359,False,,29937.76584,29937.76584,
0b26e8d0-5a22-4fe3-b941-db6a13c7d1af,uniswap-v4,Base,WETH-VINI,39344,False,,0,0,
2205346b-b229-494f-b03d-7dabfdd01586,uniswap-v3,Ethereum,TRX-WETH,39310,False,,0.04884,0.04884,
4f53cc01-c0ab-484c-9b47-1b728ad1ffbe,uniswap-v4,Base,WETH-BIO,39224,False,,24084.12019,24084.12019,
bbd7d2a8-a900-400f-8576-c61792c34381,uniswap-v4,Base,WETH-BASEHELPER,39120,False,,0,0,
8d8a97f6-7b0e-494a-b842-9c83a0f1600d,balancer-v2,Arbitrum,WSTETH-TANGO,39096,False,,0.00035,0.00035,
442bfa49-96f7-44ad-abe8-51ff30712799,uniswap-v3,Ethereum,SAND-WETH,39042,False,,74.83693,74.83693,
2a8bd60f-29cc-4e03-a306-294c3f7e0dc7,uniswap-v3,Arbitrum,WETH-HOLD,39040,False,,0.00017,0.00017,
d0cca0c0-a212-51f1-9623-81b9bec923bd,uniswap-v4,Base,WETH-ETN,38935,False,,110.69712,110.69712,
fe99e52f-2e8c-5c08-be89-4fc73a62a7a4,uniswap-v3,Base,WETH-XPRNETWORK,38884,False,,4.62032,4.62032,
95fc6ba1-7496-4bfe-a8c3-ad25836e6bf5,uniswap-v3,Base,WETH-MORPHO,38841,False,,25.34982,25.34982,
685b3433-4a63-4d28-b5a2-85df4f544a3e,uniswap-v3,Base,HIGHER-WETH,38754,False,,0.09557,0.09557,
6aec6b51-de61-4006-a737-5671a9930162,uniswap-v3,Base,WETH-JPMD,38734,False,,0.90495,0.90495,
7320dc3d-f9f4-4717-a42c-0d61fa36e1e1,uniswap-v3,Ethereum,JASMY-WETH,38672,False,,153.00068,153.00068,
26dc1d50-bdcf-5b7a-beef-1fad147a57b4,uniswap-v3,Base,MTAUR-WETH,38672,False,,0.00935,0.00935,
1b4a6d54-ae54-4a18-8019-c54783c504ad,uniswap-v4,Base,WETH-HOWDY,38612,False,,0,0,
157f912c-9312-48f6-8c88-42a642d369c2,uniswap-v3,Base,FWOG-WETH,38586,False,,0.00017,0.00017,
5c3051fe-16ca-57ff-ab0f-06aca2acbeba,uniswap-v3,Base,WETH-DRV,38451,False,,473.70074,473.70074,
48ba9346-fff4-490f-92e7-ba8a89be038e,uniswap-v4,Ethereum,ETH-WOWSTR,38420,False,,0,0,
4cb5a49a-ea7b-4c29-8e33-cb5d9b3c7c97,uniswap-v3,Base,WETH-SCOIN,38316,False,,0,0,
fdac010f-2682-4fca-aa92-1abf56a71481,sushiswap,Ethereum,WETH-WTON,38311,False,,2.30787,2.30787,0
dcd0f6fc-f97b-4a70-af42-cd75362d857b,uniswap-v3,Optimism,WETH-ZRO,38204,False,,0,0,
9c2f8f54-7132-436b-94ca-a7ae42c8a0c3,uniswap-v4,Base,WETH-MOLTOCRACY,38115,False,,26497.87201,26497.87201,
bc4c3a73-b9ce-439c-90d9-105f4c66eb26,uniswap-v3,Base,WETH-ZRO,38074,False,,119.85337,119.85337,
2aac303a-45d5-4172-9bd8-5fd7c0afb36e,uniswap-v4,Base,PINTO-WETH,38035,False,,0,0,
73431534-04c9-41dc-a6ca-c6092e374ca8,uniswap-v4,Base,WETH-SNR,37878,False,,0,0,
cce131e3-ff50-4df1-b779-9020e31e12ef,uniswap-v3,Ethereum,GMT-WETH,37813,False,,69.22475,69.22475,
bdfcff02-b826-4ab1-8c03-be637cc4f937,uniswap-v3,Base,WETH-BRIUN,37801,False,,0.78858,0.78858,
5bbebdb1-91b1-48dd-b97a-5e1f8c7b8303,uniswap-v4,Base,WETH-BASIR,37783,False,,0,0,
af153333-a6d5-473f-bbbc-28461a90f6ef,uniswap-v4,Base,WETH-NURTBAGLARD,37772,False,,0,0,
2054642d-35a3-4cc9-b94d-157bf374bd83,uniswap-v3,Arbitrum,KABOSU-WETH,37726,False,,0.0461,0.0461,
6a718104-865f-4974-8227-a53acefb698a,sushiswap,Ethereum,SNX-WETH,37711,False,,15.92254,15.92254,0
096ab4bc-af7f-4dce-b2c1-3426423a258c,uniswap-v3,Base,WETH-CHOMP,37498,False,,0.12608,0.12608,
504c07f5-2caf-58f8-a9f8-be8ca9d0cbf9,uniswap-v4,Base,WETH-DEFI-NATIVE,37318,False,,0,0,
d62e2be0-58b5-4b56-b0fb-388588b5f46c,uniswap-v3,Ethereum,SWISE-WETH,37301,False,,0,0,
ae15a8e6-1729-4c08-af29-ce70af7b4eae,uniswap-v3,Base,BONKER-WETH,37232,False,,0.47838,0.47838,
67b59def-dcd8-5099-a70c-19aea90ffd6c,uniswap-v4,Ethereum,ETH-CONDO,37206,False,,1473.82796,1473.82796,
5974c329-81d7-4244-8142-e8806c71ae91,uniswap-v4,Ethereum,ETH-FWOGSTR,37185,False,,0,0,
5b6c01f5-c41f-42ae-aa85-baa339628c3a,uniswap-v3,Base,WETH-USDBC,37136,False,,7.77677,7.77677,
1570c8ca-9fff-4430-9a67-9941095a967e,uniswap-v3,Ethereum,XYO-WETH,37126,False,,2.29713,2.29713,
0954f5f3-5534-4194-8ca9-d631c1673c07,balancer-v2,Ethereum,WETH-PSP,36933,False,,0.01025,0.01025,
4aa512a6-4fe5-477e-a599-b9a5053bb1b0,uniswap-v3,Base,BARKBARK-WETH,36843,False,,0.03902,0.03902,
95b441b9-4584-48e1-a83d-adc890cfb8fd,uniswap-v4,Base,ETH-MITHRA,36806,False,,0,0,
076dcaef-3d04-4f03-8612-cf921cff22e6,uniswap-v4,Base,WETH-PROXI,36691,False,,0.00106,0.00106,
447d89a8-5a04-4aa5-b5c8-8a8188e1f33f,uniswap-v3,Base,CIGS-WETH,36617,False,,0.11773,0.11773,
e4a19ae8-d257-56ce-8a68-56d26e39bfce,uniswap-v3,Base,XRP-WETH,36606,False,,0.00026,0.00026,
d4630323-a42d-4e9c-b288-545ed33b3928,sushiswap,Ethereum,OAK-WETH,36389,False,,0,0,0
7b624f4b-1a87-4b1e-8a16-369f392905df,uniswap-v3,Base,MUST-WETH,36240,False,,0.03498,0.03498,
0adc5d8c-2d13-4398-9012-62e1746ed8a7,uniswap-v3,Ethereum,MANA-WETH,36181,False,,54.88023,54.88023,
3bb5f4cf-36a7-4044-91bb-e25c1f140af9,uniswap-v4,Base,WETH-MONEYFORROBOTS,36130,False,,0,0,
5ee0f761-64e7-497f-b5ab-9a81f7ba0279,uniswap-v3,Ethereum,AGLD-WETH,36129,False,,0,0,
d2f08bcf-4279-4c49-b39c-c0e819a6eb8f,uniswap-v3,Ethereum,WETH-FOOM,36062,False,,0,0,
d9134bdc-56ec-540f-bf97-946393c869be,uniswap-v4,Ethereum,ETH-LFWA,35943,False,,0,0,
48bae776-6ebd-4483-8f42-8cf9cfa3ab00,sushiswap,Ethereum,WETH-BICO,35832,False,,3.68612,3.68612,0
feb8921b-68d6-5dea-b031-db4d54110dfe,uniswap-v4,Ethereum,ETH-ELA,35819,False,,30.44156,30.44156,
e92ce805-c151-41ce-ac0f-f1e7afa998f6,uniswap-v4,Base,WETH-GAMAL,35715,False,,0.05273,0.05273,
172fe81d-8acb-4a05-90c1-da8de91c6569,uniswap-v4,Base,WETH-DRAGON,35703,False,,0,0,
c5251128-bbac-4663-ac79-49fbd5f7e3d5,uniswap-v4,Ethereum,ETH-PEPEP,35677,False,,0,0,
3131c218-04c2-4d78-9841-03f550bfd6f4,uniswap-v4,Ethereum,ETH-BTCSTR,35461,False,,0,0,
a5d73da2-8760-5dd1-acf5-689e2cdf68fe,uniswap-v3,Base,EPIC-WETH,35423,False,,0.50284,0.50284,
5ef9ada9-8d99-4696-a9df-c24fb4c62012,uniswap-v3,Base,OIL-WETH,35419,False,,0.0228,0.0228,
d0e55085-1a72-4b4d-890f-ebe724d3b791,balancer-v2,Ethereum,LINK-WETH,35333,False,,2.29903,2.29903,0
700bdc33-c234-474c-b643-a86a123c9bd8,uniswap-v4,Base,WETH-SHELLDON,35330,False,,0,0,
2f00a47f-69d0-41f9-9cda-4f23d5bc4d98,uniswap-v4,Base,WETH-ZEROCLAW,35325,False,,0,0,
fa5329ed-1bcc-4e9f-b048-dd90867823ad,uniswap-v4,Ethereum,ETH-UAUD,35301,False,,0,0,
fe0d4250-d327-472b-aed8-934d21f2c43e,sushiswap,Ethereum,KENKA-WETH,35211,False,,0,0,0
0debb1f1-91ab-44ee-ae09-f9b5b84060f5,uniswap-v3,Ethereum,BYTES-WETH,35155,False,,26.81961,26.81961,
908a9313-8d18-422f-b422-142239b84acc,balancer-v2,Arbitrum,WETH-RATS,35150,False,,0,0,
64cb9198-7a7e-4996-bd14-901f5e6bbadf,uniswap-v3,Base,ANON-WETH,35132,False,,2.18939,2.18939,
8eee4fd4-2e84-4668-bb6a-57cfb504a61c,uniswap-v3,Avalanche,WETH.E-USDC,35129,False,,0.00462,0.00462,
2b33e995-9736-4c80-9cad-28c70ae946d6,sushiswap,Ethereum,MOONCAT-WETH,35122,False,,0,0,0
618f6546-fdd8-4b2f-a174-354c88349045,uniswap-v3,Base,XRPRLUSD-WETH,35110,False,,0.00998,0.00998,
15aacdcd-59b5-4c61-8ff2-0cdff6ac69b5,uniswap-v4,Base,ETH-NANITE,35002,False,,0,0,
cf15f354-247f-40a0-a0d8-961f14b75505,uniswap-v3,Ethereum,PRIME-WETH,34919,False,,123.01349,123.01349,
91788bbf-ef5f-531b-be4f-a62a8fdacf58,uniswap-v4,Base,WETH-CHIP,34843,False,,0,0,
2f9ddcb6-1d5c-42f1-afb1-5df054c419f3,uniswap-v3,Arbitrum,WBTC-WETH,34792,False,,0.11905,0.11905,
ba3f2b5f-6fcb-4bbc-a38d-f9b522bccfce,sushiswap,Ethereum,LDO-WETH,34715,False,,5.37076,5.37076,0
96c9c7c8-5938-43f2-873e-cc20a16a4d4d,uniswap-v4,Base,MYKCLAWD-WETH,34437,False,,0,0,
c6aee0a7-f77a-4283-8108-f8295168578b,uniswap-v3,Base,WETH-OSAK,34423,False,,0,0,
c12689d0-3d29-5744-b1a5-258af3a2876f,uniswap-v4,Base,WETH-MOSS,34401,False,,0,0,
b72b419d-c6d5-463d-857f-9156d627f223,uniswap-v3,Base,CBETH-SPX,34385,False,,3.77454,3.77454,
9ada13dc-51e0-515f-8def-f3ba396ccd11,uniswap-v4,Ethereum,ETH-LDR,34327,False,,0,0,
40d262c4-a7f9-4206-bed5-aa8a4b1d7041,uniswap-v4,Ethereum,ETH-LESS,34165,False,,0,0,
88388961-2cea-4318-9c32-2e6fc6e83cfe,uniswap-v4,Base,WETH-GEM,34058,False,,0,0,
21cced9c-0f83-4160-8814-444a40a0da4c,uniswap-v3,Ethereum,WETH-FPIS,34053,False,,0.49065,0.49065,
3c7795de-9fc5-4939-b52c-7ed559d7ab50,uniswap-v3,Base,WETH-WEIRDO,34030,False,,0.20691,0.20691,
9eadb400-3e4e-5da6-8faa-9454feffc949,uniswap-v3,Base,🟩🦞-WETH,33897,False,,0,0,
1c3f9a4f-a91d-4cc9-aa91-d1941ab6c899,sushiswap,Ethereum,FLOAT-WETH,33867,False,,0,0,0
0502abe7-4c92-5480-88b0-ad79a78616fc,uniswap-v4,Base,WETH-ANDROIDLM,33842,False,,647.14179,647.14179,
fa2fc8bf-b64e-488f-aa58-144db9939528,uniswap-v4,Ethereum,ETH-GUSTR,33749,False,,0,0,
8ec60a8f-ffa7-4121-b806-f3c309976641,uniswap-v3,Ethereum,MANYU-WETH,33746,False,,3.99715,3.99715,
33a652f3-96a4-58f4-b513-7a44c0d317e0,uniswap-v3,Base,TAO-WETH,33738,False,,0.06064,0.06064,
2cddc909-1ee0-4ddc-a6ba-548bf40417ee,uniswap-v3,Arbitrum,DZHV-WETH,33735,False,,0.15172,0.15172,
f7316766-1c73-4cbb-b7c5-3c01309a95b4,uniswap-v3,Base,WETH-PURRCOIN,33630,False,,1.7637,1.7637,
d12f85a6-6684-4b8e-82bd-f47d3a052ace,uniswap-v3,Ethereum,WBTC-WETH,33431,False,,10.32283,10.32283,
d5a2fc63-9974-4bb7-983b-91dbac106697,uniswap-v3,Arbitrum,WETH-RLC,33414,False,,0,0,
a747d965-23c3-444b-beac-e7ac2d81d29e,uniswap-v3,Ethereum,RETH-WETH,33410,True,,0,0,
c9b05628-a9e0-4e56-90f7-b1fa52685b28,sushiswap,Ethereum,SFI-WETH,33353,False,,1.30664,1.30664,0
238007ce-1590-43fe-8aaf-8163d32d2b4c,uniswap-v3,Base,TEST-WETH,33289,False,,1.0903,1.0903,
82c4d7ba-be7d-43e8-9e9b-abf096adaeef,uniswap-v3,Base,WETH-$LARRY,33264,False,,0.00313,0.00313,
b0fd5067-d5c5-4cc1-8fc5-4e1c336c25e9,uniswap-v3,Base,DRAI-WETH,33243,False,,0.00109,0.00109,
9d4cbe37-320e-5d90-be75-d8e75bb4fb85,uniswap-v3,Base,MILF-WETH,33208,False,,4.51886,4.51886,
ca0022c4-00de-576d-ac95-ca6d5bec2905,uniswap-v3,Base,FETCHAI-WETH,33157,False,,1.18603,1.18603,
451ac068-79f3-4786-b4c6-712355ff4eae,uniswap-v3,Ethereum,ILV-WETH,33139,False,,12.37147,12.37147,
12470e0e-558e-48e9-a83e-a174a3bd5004,uniswap-v4,Base,WETH-BRAIN,33071,False,,0,0,
f8d5da07-8b35-4344-9e5c-b3214d837509,uniswap-v3,Ethereum,GALA-WETH,33059,False,,0,0,
c0a29e27-6de6-4ba5-904a-e45f324906d8,balancer-v2,Ethereum,MKR-WETH,32778,False,,2.10105,2.10105,
b0193dac-f90c-4e1f-94af-efbb09d61f75,sushiswap,Ethereum,MANA-WETH,32736,False,,43.6149,43.6149,0
d7a7b3b4-8a42-5f12-a5d2-cce4cdd25b42,uniswap-v3,Base,VTH-WETH,32719,False,,0.4507,0.4507,
828c7158-f6aa-436f-9aad-29387f819961,sushiswap,Ethereum,FISH-WETH,32673,False,,0,0,0
1d3250f5-1487-4232-a699-4edaabd0ae69,uniswap-v3,Base,WETH-ESX,32366,False,,2.83829,2.83829,
1e825b77-27ff-47f5-bbbc-61c75c5b35bf,uniswap-v3,Polygon,WETH-AAVE,32349,False,,22.82233,22.82233,
bde8769f-224e-46ae-81ba-c52058248f1e,uniswap-v3,Ethereum,WETH-ETHFI,32289,False,,8.7609,8.7609,
6afe7d76-b84c-4161-b16d-f2c034206175,uniswap-v3,Base,ROCKETAI-WETH,32207,False,,0.1149,0.1149,
d18acf7e-f80a-5305-a88c-e0a49030f8a5,uniswap-v3,Base,$USDTTO$5-WETH,32120,False,,0.16111,0.16111,
a5cbb06b-af26-48cd-b424-8f29dfbdfab7,uniswap-v3,Base,BLONDE-WETH,32091,False,,0.00024,0.00024,
cfed0eea-be31-4308-ba89-ebc56a1205ca,sushiswap,Ethereum,WETH-LADY,31827,False,,0,0,0
7219a3c1-ea54-51d1-84f3-5ee76906a593,uniswap-v3,Base,IOTA-WETH,31816,False,,0.00795,0.00795,
b98abefa-00ec-497b-b046-90f7baf9aacb,uniswap-v4,Ethereum,ETH-SHX,31699,False,,0,0,
64a4ebb3-4e1e-4d8d-923a-fd761afbac55,uniswap-v4,Ethereum,ETH-LODE,31592,False,,0,0,
f6c3d8b5-f05b-45b1-a952-12082fd438ea,uniswap-v3,Base,WETH-ROCK,31530,False,,0.04819,0.04819,
544d738c-22ef-4504-8a87-505119f1dcc5,uniswap-v3,Base,DZHV-WETH,31366,False,,2.68025,2.68025,
b27de4ba-858d-4a56-b368-47945d961a2e,uniswap-v3,Base,CHAOS-WETH,31339,False,,0.03419,0.03419,
575f4274-1da7-502b-b45f-c798574659e3,uniswap-v3,Base,USD1-WETH,31270,False,,0.014,0.014,
e6497169-41ad-4311-b92b-bc8629b26723,uniswap-v4,Ethereum,ETH-RSWETH,31214,True,,0,0,
d16f0320-2f51-400b-8a47-43ba481a05fc,uniswap-v3,Arbitrum,WSTETH-KNC,31211,False,,4.37997,4.37997,
c0de2ca7-6e3e-44dc-8758-5c6dce250975,balancer-v2,Polygon,USDC-WETH,31188,False,,0.35707,0.35692,0.00015
ad293bef-e75d-4cc9-b2de-a311cfbf1d7e,uniswap-v3,Base,WETH-TRANSLATE,31092,False,,2.00924,2.00924,
5d62f721-7b98-4f35-870a-929084a4535e,uniswap-v3,Base,WETH-AVNT,31026,False,,34.53467,34.53467,
01160f99-3fca-46d7-8fac-3f5d2683a7ce,uniswap-v4,Base,WETH-HYPER,30940,False,,3.65952,3.65952,
b7d0c854-dcde-5cf6-b37d-209551d86df7,uniswap-v3,Base,BRICS-WETH,30884,False,,0.57737,0.57737,
c1ec0b9e-be33-40f7-845e-088225ac2e55,uniswap-v3,Ethereum,WETH-ZRC,30859,False,,0.00305,0.00305,
fc3a951a-2aa3-4297-ba77-15a53f128752,uniswap-v3,Ethereum,PEPECOIN-WETH,30848,False,,0,0,
feb2f327-ed1b-4f4c-b8bd-d9fd26fe785b,uniswap-v3,Ethereum,LORDS-WETH,30773,False,,0.91175,0.91175,
b8630b02-d477-4b3f-a1c9-14f1e95a3f16,uniswap-v4,Base,WETH-DEXTER,30765,False,,0,0,
8375e986-0b1c-487b-b551-12fa60a6715c,uniswap-v4,Ethereum,ETH-PNKSTR,30693,False,,0,0,
268b89be-92f4-5406-8ec6-d3884b7658f4,uniswap-v4,Ethereum,ETH-PON,30648,False,,0.04477,0.04477,
b1a3f905-a393-46b1-8e81-2eeb5e6fb33d,sushiswap,Ethereum,FODL-WETH,30619,False,,0.37648,0.37648,0
542705ec-9873-4e26-80e3-d5ed69098d9f,sushiswap,Ethereum,WETH-DOGEGF,30540,False,,1.528,1.528,0
447f7f53-3229-4025-96d9-e16a5134b069,uniswap-v3,Optimism,THALES-WETH,30448,False,,0.88209,0.88209,
4532e9d3-f284-4d12-a5e8-a51f18a1c647,uniswap-v4,Ethereum,ETH-LIQUIDETH,30340,True,,0,0,
33032791-0725-4df1-b1fa-f30fbd4973ce,sushiswap,Ethereum,DONA-WETH,30305,False,,0,0,0
2add30f5-048f-452b-8919-6710d73ec986,uniswap-v3,Arbitrum,ZRO-WETH,30075,False,,210.914,210.914,
603b01b8-fffc-4734-82dd-072d50d5eab0,uniswap-v3,Celo,CELO-WETH,30060,False,,43.50708,43.50708,
9f119554-3f68-4610-9360-c7b68a819f45,uniswap-v3,Ethereum,WETH-STRK,30034,False,,29.86214,29.86214,
3a1b814d-a869-479c-af39-4b1523c202e3,uniswap-v3,Base,WETH-SYRUP,30011,False,,80.56236,80.56236,
0d65a5c4-0e39-4d3f-8935-e2e2167690cb,uniswap-v3,Ethereum,UDW-WETH,29996,False,,0.00019,0.00019,
e4369436-c078-48c8-bf57-009cfa5cb9ae,uniswap-v3,Base,GROOVE-WETH,29872,False,,74.18962,74.18962,
bf6adaba-f6ef-4c38-89c2-995df6333538,uniswap-v4,Base,POLYGRAPH-WETH,29860,False,,0,0,
a93c1773-5974-4a0e-9feb-29f9e8cf3c3d,sushiswap,Ethereum,LINK-WETH,29855,False,,2.93546,2.93546,0
51150243-fa2e-462d-b9c6-78024dfe17d5,uniswap-v3,Base,WETH-USDT,29845,False,,7.32899,7.32899,
579930d2-39e2-4f5d-abfc-d223f964aaa5,uniswap-v4,Ethereum,ETH-RSWETH,29766,True,,0,0,
77a1edc8-d751-4d03-bebc-702afee09306,uniswap-v3,Arbitrum,AICODE-WETH,29717,False,,0.00156,0.00156,
1a9e8842-32af-4fd9-a7de-0d6f50ccaa7b,uniswap-v3,Optimism,HAI-WETH,29664,False,,1.99864,1.99864,
22a0b38b-6400-4489-bd61-07fa83ef7b4b,uniswap-v4,Base,NEXUS-WETH,29661,False,,0,0,
12732139-0a81-4438-826b-0f32a4e8c583,uniswap-v3,Ethereum,OS-WETH,29581,False,,0,0,
39c4653e-e8ec-43b1-962e-a2038f252df3,uniswap-v3,Arbitrum,WSTETH-0FX,29565,False,,0,0,
85f5c672-c2e8-47ff-8ffc-6b2d9ccc5b8d,uniswap-v3,Base,BETR-WETH,29528,False,,1.6796,1.6796,
10500d0a-bcd6-48b3-8d4b-a5c951e40def,uniswap-v4,Base,ETH-FRAFF,29319,False,,0,0,
e1e1194b-110e-401d-908e-5b5c71573cb5,uniswap-v3,Base,PEPI-WETH,29214,False,,0.04188,0.04188,
1f9d86f5-e05f-4acf-bd2d-0fae436b06c4,sushiswap,Ethereum,RARE-WETH,29114,False,,8.16925,8.16925,0
e42104e8-9893-4bb8-83db-b5b1f254417b,uniswap-v3,Ethereum,EFI-WETH,29056,False,,0.00365,0.00365,
5025bd7c-a795-435a-b09c-c69ce84db8d5,uniswap-v3,Optimism,GTC-WETH,29021,False,,0,0,
3e1aa4a6-c1ba-451c-b606-e92289ecea54,uniswap-v4,Base,ETH-KAITO,28987,False,,0,0,
8c72515d-74a8-47a4-9534-10e4a768dea4,uniswap-v3,Base,CLO-WETH,28975,False,,0.17125,0.17125,
2edc4c13-26da-4fc4-a505-4e027469c2e7,uniswap-v3,Base,WETH-GITLAWB,28959,False,,597.51137,597.51137,
c6655fba-d450-44bb-8dfe-45d41f4976d1,uniswap-v4,Ethereum,ETH-CLICKSTR,28909,False,,0,0,
08c82b3e-4d03-43ae-a8d9-0fa814a92f94,sushiswap,Ethereum,WETH-DACXI,28847,False,,0,0,0
125a72e9-e1e9-409f-81eb-d0fb5718dd46,uniswap-v3,Ethereum,TONCOIN-WETH,28757,False,,0,0,
613587a3-5b27-4f65-9ea3-a169d80ee37e,uniswap-v3,Optimism,WETH-BIRB,28622,False,,0,0,
af5c4325-5d8e-420f-bfbe-2cc046f73b6b,uniswap-v3,Ethereum,PEPE-WETH,28527,False,,5.52456,5.52456,
f8687500-623a-4c8a-8b92-4e9de829c741,uniswap-v4,Base,WETH-DAVO,28409,False,,0,0,
aada4847-eb26-4d72-ade5-8768a2b757eb,sushiswap,Ethereum,LIL-WETH,28404,False,,0,0,0
7a760bd6-f8fd-4165-bf5e-e0d8f51256a0,uniswap-v4,Base,WETH-MESH,28286,False,,0,0,
88e05acb-f3de-4d82-b5cf-915cad5a8161,uniswap-v3,Polygon,PAXG-WETH,28251,False,,0.08498,0.08498,
dc7195e9-2e47-42d8-bf39-2d5e75a29aba,sushiswap,Ethereum,WETH-SNL,28248,False,,0,0,0
39cec070-c18d-40db-853a-dff635f4eb90,sushiswap,Ethereum,BASK-WETH,28141,False,,0,0,0
a1502535-817a-4550-92c4-93965f879bfc,uniswap-v3,Optimism,LINK-WETH,28116,False,,0,0,
30beceb4-13b4-452a-8333-b031e828bac8,sushiswap,Ethereum,WETH-GRT,27715,False,,4.37033,4.37033,0
c3d52541-3255-451a-bcea-c6e37222b189,sushiswap,Ethereum,THOR-WETH,27648,False,,8.09649,8.09649,0
28320b66-d4bf-5621-ab98-cc19f5a9e082,uniswap-v4,Base,WETH-VOSF,27624,False,,213.61173,213.61173,
afb71713-9c2e-4717-a8a3-9f959b966e49,uniswap-v3,Arbitrum,MAGIC-WETH,27544,False,,205.47204,205.47204,
c54ecb1e-8e88-45ef-b06e-397370cd048b,uniswap-v4,Ethereum,ETH-DSTRX,27515,False,,0,0,
8e529266-25d0-4a29-ab13-22a1a8604bbe,uniswap-v3,Ethereum,MPL-WETH,27492,False,,35.9681,35.9681,
cdf929ed-c80a-4c16-afc3-b0291de5a4e8,uniswap-v3,Base,OPSYS-WETH,27469,False,,0.07607,0.07607,
00759461-be09-5cd3-b223-cfc72e0a8038,uniswap-v3,Base,XRT-WETH,27457,False,,2.59928,2.59928,
778a5fa1-ed36-483d-a49a-fdc2cfffcfad,uniswap-v3,Ethereum,LDO-WETH,27409,False,,0,0,
b253c1ae-10d7-4e94-906c-3fcab21cdbf3,uniswap-v4,Arbitrum,ETH-AARBUSDT,27402,False,,0,0,
852ed456-0884-4801-ace6-215a534e8170,uniswap-v3,Base,WETH-RAIL,27399,False,,0,0,
0d583524-d394-4ccb-8834-da4b9536a750,sushiswap,Base,WETH-TRUMPEPE,27302,False,,0,0,
f338267a-bad3-4c63-8aae-554f0824c0f8,sushiswap,Ethereum,DYDX-WETH,27298,False,,5.87962,5.87962,0
75653f9e-4b5a-4495-81ac-3730d7667ea3,uniswap-v3,Base,GDUPI-WETH,27113,False,,0.00015,0.00015,
5c73ff86-cfdc-4b1f-b001-952cdada6e59,uniswap-v3,Optimism,WETH-OP,27050,False,,0,0,
a133c7da-cf3f-58dc-a423-d4a11819ff94,uniswap-v4,Base,XST-WETH,27022,False,,0,0,
d5d20844-3415-4790-8f40-a7d8d1d94d15,uniswap-v3,Arbitrum,WETH-CBBTC,26999,False,,7.2939,7.2939,
71070403-e720-4478-aed8-d5078d8c7bbc,sushiswap,Ethereum,POND-WETH,26859,False,,2.95311,2.95311,0
abf4e6d3-6285-5b9f-a9ba-400877abe299,uniswap-v4,Ethereum,ETH-SUPERWETH,26820,False,,8.92526,8.92526,
423574ca-0025-5f09-bf30-6366f6f6890a,uniswap-v3,Base,XLM-WETH,26758,False,,1.15673,1.15673,
71411a1e-d345-43a8-8d09-472acb7903d0,uniswap-v4,Ethereum,ETH-SHIT,26700,False,,0,0,
e6c70c98-3a8e-53ec-9774-ce6f9a6938aa,uniswap-v4,Base,WETH-POIDH,26679,False,,7239.80701,7239.80701,
26dd4250-86ba-58c4-8ba7-c1780ad19af4,uniswap-v3,BNB Chain,ETH-以太坊,26567,False,,8.37234,8.37234,
8a3865fe-35fd-4fce-aa43-9122dede910b,uniswap-v3,Arbitrum,WETH-EQU,26532,False,,0,0,
8f7b5b8c-09db-45e3-8938-f30115d34672,balancer-v2,Ethereum,ACX-WSTETH,26515,False,,0.74287,0.74287,
cf9d0b93-5fc0-4ab7-b932-08e9acfcf4f7,sushiswap,Ethereum,WETH-MASK,26370,False,,0,0,0
f17691f1-4074-413a-bdae-b1c6d3bbe496,uniswap-v3,Base,SMOL-WETH,26353,False,,0.02612,0.02612,
6154d77f-b377-42c7-9daa-1e9cab311d13,uniswap-v3,Ethereum,WETH-E,26310,False,,0.0901,0.0901,
0298323b-c87e-5fbd-8745-ea42bee3ffc1,uniswap-v3,Base,WETH-XVM,26231,False,,0,0,
8340ef20-1c46-4ce0-809c-b970245b0932,uniswap-v3,Base,WEETH-WETH,26084,True,,0.12095,0.12095,
1bd36492-8de4-4cfd-a7c4-401a434ceaa8,uniswap-v3,Optimism,WETH-AAVE,25979,False,,0,0,
ce5b7df2-3ec5-4d25-bd61-9c2f7221acde,uniswap-v4,Base,WETH-37,25912,False,,0,0,
813e3c36-365c-45ec-a651-b100727a8d08,uniswap-v3,Ethereum,MYRIA-WETH,25829,False,,16.62986,16.62986,
f534431e-fc56-45be-8343-47a478030e1d,sushiswap,Ethereum,PIPT-WETH,25812,False,,1.21202,1.21202,0
39b72427-43ad-42b6-8558-32c86e9bca7d,uniswap-v3,Base,WETH-FLOCK,25811,False,,48.52647,48.52647,
f46d491b-fdfc-4c60-85d8-d681a9e04a35,uniswap-v3,Polygon,TOTEM-WETH,25761,False,,0.08981,0.08981,
0e310673-239d-4eeb-8efe-dfc2965c575b,uniswap-v3,Ethereum,SYN-WETH,25590,False,,0,0,
c78c73e2-b999-4ca1-8894-b87188dafd10,uniswap-v4,Base,WETH-FIDPUNKS,25580,False,,0.00088,0.00088,
7e93e79c-6bb4-43f4-9bc3-49f4388e1d2f,uniswap-v3,Ethereum,WETH-IMX,25527,False,,3.78089,3.78089,
7157fd55-9cc8-5bb5-8aa7-1f3de900216c,uniswap-v3,Base,SPXC-WETH,25414,False,,0.73495,0.73495,
19b647c1-6830-49d4-9ae7-19e81228c2d5,uniswap-v4,Base,ETH-CONTENT,25381,False,,0,0,
69bdae67-e25d-4c14-aa0a-06c9075481b4,uniswap-v3,Base,XLM-WETH,25323,False,,0.34854,0.34854,
4746d96d-fbb5-4809-a169-86fc1e747a3d,uniswap-v3,Base,WETH-APU,25264,False,,6.72807,6.72807,
efd36d1c-f13c-4d78-8d5d-22a8c3b4d2e2,balancer-v2,Ethereum,ARCH-WETH,25127,False,,0,0,0
9c3d0eda-9e67-4bed-a7b7-65b5081b17c2,uniswap-v3,Ethereum,GOHM-WETH,24911,False,,1.03571,1.03571,
5ca4d40c-372b-42bd-a6ae-a067371160f4,uniswap-v3,Arbitrum,WETH-XBG,24859,False,,28.97096,28.97096,
8e71482c-f1d7-5723-a6f4-3cd719492fe9,uniswap-v3,Base,$COBIE-WETH,24783,False,,0.46084,0.46084,
991902ce-1298-4cd4-8768-f5492686b74e,uniswap-v3,Ethereum,YFI-WETH,24517,False,,3.14415,3.14415,
42e94d11-caf5-4cbf-8e94-a3904ad3dece,sushiswap,Base,WETH-$BOON,24515,False,,0,0,
7f5bba01-47f5-43be-b29b-d5795e51abb0,uniswap-v3,Polygon,WETH-ASK,24497,False,,0.29558,0.29558,
91c91bf5-a2a0-4bbb-acb2-2c2a3de0e7ca,uniswap-v3,Optimism,WSTETH-WETH,24457,True,,0,0,
c60bfd2f-4bb8-5d5c-93f3-b509450bc62e,uniswap-v4,Ethereum,OUTBURN-WETH,24304,False,,0,0,
9c539dd2-eae9-409c-a42e-f58d74831c76,uniswap-v3,Arbitrum,GTC-WETH,24236,False,,32.47918,32.47918,
a02e438d-7daf-5c87-ab85-511887f1d570,uniswap-v3,Arbitrum,NOLA-WETH,24179,False,,5.8158,5.8158,
1979e7dd-210c-43fd-a3f7-4ed92655d8d3,uniswap-v3,Base,WETH-GMRT,24123,False,,1.91285,1.91285,
67057aaa-0c80-44c8-903f-a2a22e7f8bc8,uniswap-v3,Ethereum,WETH-OMI,24103,False,,0,0,
0d64b898-f891-4e2b-b86a-35c6231de635,sushiswap,Ethereum,BIFI-WETH,24019,False,,0,0,0
f0423c5a-eb1c-43c2-b40a-ee1697c96473,uniswap-v3,Base,WETH-VANTA,23953,False,,0,0,
14b980fc-4524-42a5-acb3-d853cc4c5bf3,sushiswap,Ethereum,WASABI-WETH,23917,False,,0,0,0
fb5f247e-5383-4dd9-8bcc-a180e98eb38d,uniswap-v3,Base,SOL-WETH,23907,False,,3.48701,3.48701,
a3f20ed5-67c1-45fe-82ce-cc3ffc7cb1f6,uniswap-v3,Base,WETH-NORMILIO,23669,False,,0.00552,0.00552,
050309c4-57ff-5f6b-aa61-435d2c3a0165,uniswap-v3,Base,WETH-SURPLUS,23646,False,,541.32999,541.32999,
e3082602-3081-5c98-abac-99df1857afc8,uniswap-v3,Base,CATBUS-WETH,23622,False,,0.30686,0.30686,
91d6d8f4-a70e-44ca-83b0-9cc35785d11b,uniswap-v3,Base,WETH-BASE,23601,False,,1.12534,1.12534,
65d4805c-ed9b-405d-abb2-798fdee0ed8f,uniswap-v3,Base,WETH-BASE人生,23444,False,,3.23901,3.23901,
fed9e91b-a1e3-43ad-bbe7-25224e7f1ef0,balancer-v2,Polygon,AVAX-WETH-SOL,23363,False,,0.7342,0.73413,6e-05
8d87c21e-5aa3-42ad-89c7-e9a3c33d4542,uniswap-v3,Base,WETH-HORSE,23289,False,,1.54681,1.54681,
438b0229-b9ce-4e98-9b8d-e9527c61aff3,uniswap-v3,Base,ZORA-WETH,23246,False,,51.27306,51.27306,
b077c57c-4768-402b-86da-99fb63c00903,uniswap-v4,Ethereum,ETH-IUSDC,23224,False,,0,0,
e9806562-9e6c-441b-bf25-5dfac82aac0d,uniswap-v3,Base,WETH-TORT,23207,False,,0.00023,0.00023,
a76e51b4-7a47-463c-ba7f-18b775e9d004,balancer-v2,Gnosis,WETH-WSTETH,23080,True,,0.3506,0.3506,0
09b28735-1d8a-4aa4-928b-123cd6041304,uniswap-v3,Ethereum,MNT-WETH,23036,False,,20.25725,20.25725,
9721c726-167c-4e09-8a06-d60aa34d76a2,sushiswap,Ethereum,OCEAN-WETH,22936,False,,1.89301,1.89301,0
4d8e34a0-241e-45b8-a38a-e5c02205e8c3,uniswap-v3,Base,WETH-FRAME,22932,False,,0,0,
dc8582e0-2703-4189-b30b-e5c38ef96bc6,uniswap-v4,Base,WETH-LUNA,22847,False,,9.6502,9.6502,
92ff8509-00dd-4d1e-bb3e-c8eb968e92f6,uniswap-v3,Base,WETH-NPC,22669,False,,17.57502,17.57502,
9187ea0e-ed7f-5a8d-9346-45bd4d1e731e,uniswap-v4,Base,DATA-WETH,22579,False,,0,0,
c5bd985c-f229-42a0-9a9f-513d306a1e69,uniswap-v4,Ethereum,ETH-LIQUIDETH,22457,True,,0,0,
24db2876-8a49-4d44-9c68-2282e03d6c71,uniswap-v3,Ethereum,WETH-HOP,22451,False,,0,0,
2526caf2-00df-482b-b7a8-d7f1d78a3986,uniswap-v3,Ethereum,WETH-LAKE,22332,False,,1.50649,1.50649,
108b8607-10e5-4304-a9a6-57bb500d8dc2,uniswap-v3,Ethereum,RND-WETH,22147,False,,0.17267,0.17267,
9a72fc59-302f-4749-ad42-439071f49a8f,uniswap-v3,Ethereum,SUDO-WETH,22068,False,,0,0,
a2212072-b417-4045-86b1-2126d88ef09c,uniswap-v4,Base,AUTOMATON-WETH,21948,False,,0,0,
f6137347-61d5-4c78-9abb-999f3d0239e9,uniswap-v4,Base,WETH-PITLANE,21857,False,,0,0,
f690aab9-2055-411d-b57a-b48aab2e4bd0,uniswap-v3,Arbitrum,VEE-WETH,21798,False,,3.65828,3.65828,
87bdcd81-8d27-4790-b66c-d26fecacdb50,uniswap-v3,Polygon,KNC-WETH,21746,False,,22.18545,22.18545,
b52515ba-fa64-4af2-9123-df0246b5115e,uniswap-v3,Base,CLANKER-WETH,21695,False,,19.93493,19.93493,
7f34e90c-51e4-411c-96bc-ad186e4a5074,uniswap-v3,Ethereum,WETH-ICE,21532,False,,0,0,
ba33524a-9190-4dac-bf66-99e7d3b3c216,uniswap-v3,Base,WETH-SPX,21521,False,,29.30997,29.30997,
dcc35ab4-cbf2-5161-b7ea-fd6705de5baf,uniswap-v3,Base,ZIGCHAIN-WETH,21487,False,,0.00725,0.00725,
f1df5a62-bf16-423c-9d4e-ee82beee536c,uniswap-v3,Base,WETH-KEYCAT,21444,False,,0.75885,0.75885,
f62606f1-3908-48fc-853c-3d7354e46788,sushiswap,Ethereum,DAI-WSTETH,21369,False,,0.87912,0.87912,0
e27a8c4b-5985-546a-8c64-5eeeb28ed269,uniswap-v4,Base,XST-WETH,21364,False,,0,0,
6330406b-1be3-4634-b72a-f41d46227efc,uniswap-v3,Ethereum,ALEPH-WETH,21315,False,,0,0,
04f60f8f-dc25-4a88-813c-aabc10c1de31,uniswap-v3,Optimism,XSPACE-WETH,21296,False,,0.44858,0.44858,
4f3b4ca3-8cb4-427a-9eab-a4e81f577a94,balancer-v2,Ethereum,UNN-WETH,21285,False,,0,0,
f71ec90d-4911-49db-acec-17ef9d1844a8,uniswap-v3,Ethereum,LADYS-WETH,21278,False,,0.01906,0.01906,
2993647b-2240-56fd-935b-e433da7f69dd,uniswap-v3,Base,OCTO-WETH,21211,False,,0.01759,0.01759,
5d96a3b6-0a4f-4f5f-b71d-5a3c24b25326,uniswap-v3,Base,WETH-PONCHO,21174,False,,0.05972,0.05972,
07dddbda-5118-4c9e-a02e-63ce012704e3,uniswap-v3,Optimism,WETH-DAI,21132,False,,0,0,
b7c6a0f0-4cb6-438a-b6b8-d6b6bca9b3a2,uniswap-v3,Base,WETH-BENJI,21108,False,,2.12223,2.12223,
36e11934-9368-4cb7-a622-49579b999fd5,uniswap-v3,Arbitrum,WETH-GHOST,21002,False,,0,0,
e860b6a6-2295-48b8-84a6-e570f28c237f,balancer-v2,Ethereum,COIN-WETH,20905,False,,0,0,
f08cd684-5f0b-4e17-883c-382d73c4dce3,uniswap-v3,Optimism,WETH-LYRA,20862,False,,0,0,
0912d41d-f452-42bb-8a76-51c82176a665,uniswap-v3,Base,WETH-CLAWD,20841,False,,12.70285,12.70285,
55ca984e-eb22-4ab2-8be7-656288b2022b,uniswap-v3,Ethereum,PAXG-WETH,20749,False,,1.41568,1.41568,
10d82315-9b77-4284-875f-5909592834af,uniswap-v3,Base,WETH-BPS,20689,False,,0,0,
6701bf34-04dc-4320-a41f-4ffcd0162dcb,sushiswap,Ethereum,CTX-WETH,20607,False,,21.43881,21.43881,0
58129bee-0a87-462a-a61a-7cdb4da4b59c,sushiswap,Ethereum,YVBOOST-WETH,20563,False,,0,0,0
3116ae88-f673-5ae4-a684-a633419973b1,uniswap-v3,Base,WETH-WBC,20541,False,,41.65859,41.65859,
51be79cb-0b9c-4441-8e61-7fd65439a5e4,uniswap-v3,Base,CONSENT-WETH,20400,False,,0.02142,0.02142,
565bf6cb-b81d-4f54-8aab-0e8176825fad,sushiswap,Ethereum,WETH-SUPER,20286,False,,30.36195,30.36195,0
7318db95-67a8-4060-9387-f1511fa39bee,uniswap-v3,Polygon,CLAY-WETH,20244,False,,0.01665,0.01665,
4f40a17b-d2d6-4e03-90b0-d856e19c8c6b,uniswap-v3,Arbitrum,RWA-WETH,20207,False,,2.70354,2.70354,
4c7b087b-9059-43ca-8718-66f65bfe2554,uniswap-v3,Base,PUBLIUS-WETH,20153,False,,0.0191,0.0191,
2519d189-9ca4-45a4-80e2-111a735e5335,uniswap-v3,BNB Chain,ETH-USDC,20137,False,,5.78879,5.78879,
119b9236-4578-4891-b70c-155558962272,uniswap-v3,Ethereum,WNXM-WETH,20054,False,,0,0,
b6609bc9-a4e4-493e-9bc4-232e7469550c,uniswap-v3,Base,WETH-TOBY,19962,False,,2.11066,2.11066,
09d4d5a0-fe03-5107-b4bc-c2136a1a093c,uniswap-v4,Base,WETH-DEBASE,19879,False,,0.13262,0.13262,
2cac920c-24d3-4379-b157-5e31924c84db,uniswap-v4,Ethereum,ETH-PEPESTR,19860,False,,0,0,
80a87d6d-08f1-4f13-b9db-28648f6f0ffb,uniswap-v3,Base,WETH-BASE属于每一个人,19826,False,,0.21806,0.21806,
3b93384d-5fb4-45ba-89ea-1a4fab650f24,uniswap-v3,Avalanche,BTC.B-WETH.E,19826,False,,0,0,
37dd0835-65df-45f9-89f5-fde524318916,uniswap-v4,Base,WETH-AWAL,19820,False,,0,0,
d546ef6f-8a91-4f82-af9c-e504f2659f48,uniswap-v3,Base,CYBRO-WETH,19788,False,,0.00344,0.00344,
6a77f506-4752-5d0a-bbdb-fde53d7d55a2,uniswap-v3,Base,WETH-REPPO,19787,False,,203.8523,203.8523,
43c7c765-6c45-46ef-8b51-2fcc97afcf36,uniswap-v3,Ethereum,WETH-GRT,19763,False,,2.75733,2.75733,
bf978ec8-2593-5ca2-92c7-81b17ec2bca5,uniswap-v3,Base,SAHARA-WETH,19527,False,,18.20379,18.20379,
7a9a1e3c-0da7-4ff7-9e30-5b608a45e135,sushiswap,Ethereum,WETH-DOGEP,19472,False,,0,0,0
eaa2d9e3-569e-4272-93bb-dcce1ec161a3,uniswap-v4,Base,WETH-JESSE,19323,False,,0,0,
cc0dcda0-46a9-43bc-bdc4-2bdb961adeae,sushiswap,Ethereum,WETH-QTO,19293,False,,0.16286,0.16286,0
d7fdf4ab-c767-412f-8976-4b8cce0afe20,uniswap-v3,Base,WETH-DOG,19199,False,,0.00061,0.00061,
cd9cd243-068b-4738-87e9-721bbf083a2f,uniswap-v3,Ethereum,PUNDIX-WETH,19175,False,,0,0,
afc1ab00-3a49-467e-9e3c-9dfe52f40dcf,uniswap-v3,Ethereum,WETH-EUL,19062,False,,2.34797,2.34797,
c99d2c80-1580-4f81-ad5a-caad1d029dc9,uniswap-v3,Arbitrum,WETH-CIP,19044,False,,8.52789,8.52789,
fbe8c6ca-b51c-536e-bc2e-1f75570c86e8,uniswap-v4,Ethereum,ETH-DEGEN,19002,False,,0,0,
8231ee94-371b-409b-8019-3401f7c70024,uniswap-v3,Base,EEEEEEEEE-WETH,18841,False,,0.34052,0.34052,
72f12146-0edb-5a94-8ce3-379b6e8ddc5c,uniswap-v3,Base,WETH-MOONBASE,18770,False,,0.20824,0.20824,
8b416b1f-79f6-481a-bf9d-9961e43530ad,uniswap-v3,Polygon,WETH-$DEZ,18664,False,,11.99449,11.99449,
6f0be3e9-bc07-40a8-89b2-5776a2d17b3b,uniswap-v3,Base,$COOL-WETH,18643,False,,0.09649,0.09649,
8e9a3dde-bfb8-59b5-a385-9d9a5d1d037d,uniswap-v3,Base,WETH-TBA,18633,False,,0,0,
a2724395-2ea4-4c55-b19e-ec45c0dd22ab,uniswap-v3,Base,WETH-PRIME,18610,False,,4.76082,4.76082,
ce04fe33-0517-46e5-a77c-0144343c7e4a,uniswap-v4,Base,WETH-CLAWLINKER,18519,False,,0,0,
b4186f18-8ada-42ef-a9e6-ab3fc8c1c684,uniswap-v4,Ethereum,ETH-PEPESTR,18507,False,,0,0,
443ae686-09c3-5cec-aaad-af06b094c422,uniswap-v3,Base,WETH-WFLI,18483,False,,0,0,
4c15649f-aeb8-4e28-8205-4e5b36daaa2c,sushiswap,Ethereum,PHUNK-WETH,18465,False,,6.05039,6.05039,0
595a44f1-bef6-4383-b957-ae2d912813cc,uniswap-v3,Base,BANKR-WETH,18439,False,,2.66499,2.66499,
34ff44ee-335c-40e6-bc62-f84ec3db5fc0,uniswap-v3,Ethereum,XI-WETH,18435,False,,4.00861,4.00861,
979617ad-c2d5-4312-b263-e6cc939efbe8,uniswap-v3,Arbitrum,PEEW-WETH,18432,False,,0,0,
9c68e047-8fd8-4406-bd78-6b78e0211528,sushiswap,Ethereum,$WATTS-WETH,18405,False,,0,0,0
b79391c2-6d61-4de2-b748-cc00e33340be,sushiswap,Ethereum,WETH-SYLO,18312,False,,12.3099,12.3099,0
5a6c3aa3-7f40-4364-801e-a6a5d2367a6e,sushiswap,Ethereum,WETH-CRV,18291,False,,5.58671,5.58671,0
6c15432e-ce1a-4147-adf8-40214cc84199,uniswap-v3,Base,MBG-WETH,18259,False,,0.18191,0.18191,
29b49968-02b4-41d4-962a-8d57d7e58604,uniswap-v4,Base,DECLAWDS-WETH,18241,False,,0,0,
1304e01f-9741-4f50-af44-7b1c36a2f9df,uniswap-v4,Ethereum,ETH-SPWETH,18239,False,,0,0,
c17b70c0-6815-4196-8e70-746e60e28de5,uniswap-v3,Optimism,WETH-COMINGSOON,18188,False,,0,0,
f8ed2e28-0682-4ff6-8366-18403168098e,uniswap-v3,Arbitrum,WETH-FLC,18131,False,,0,0,
612c378d-2f08-4f24-a1ad-58dacd6c73e9,uniswap-v3,Ethereum,RETH-RPL,18096,False,,1.85811,1.85811,
f8e65a86-dfb0-44ae-9d49-37468c2d6e61,uniswap-v3,Base,WETH-AETHIR,18082,False,,0,0,
8995b248-8050-486e-bb36-b7aa3a989299,uniswap-v3,Arbitrum,XSPACE-WETH,18042,False,,0.23336,0.23336,
5c2c54f4-5f66-4de3-8e6f-c75b7a9833c3,uniswap-v3,Ethereum,SNX-WETH,18009,False,,1.99597,1.99597,
16097097-1c84-4a07-86f6-a9113eab2eef,sushiswap,Ethereum,PUNK-WETH,17992,False,,0,0,0
19e947f7-8463-473b-ab1b-5254e0d3bf8e,uniswap-v3,Arbitrum,CAP-WETH,17985,False,,0,0,
ef6f34aa-9291-5b13-81d2-7630e6329dd9,uniswap-v4,Ethereum,ETH-TFSTR,17971,False,,0,0,
e745ccc8-76ae-556f-b3fd-394bfbeee377,uniswap-v3,Base,ECHO-WETH,17954,False,,0.01307,0.01307,
4b931670-45e8-44c2-a88b-42c628451381,uniswap-v4,Base,WETH-MINTEDMERCH,17786,False,,0.0377,0.0377,
b00e1285-b4ad-4a1c-832f-5595bff5f67d,uniswap-v3,Base,͏-WETH,17765,False,,0.00346,0.00346,
8cb81417-0b4f-4c35-8514-5081ce4c0d3f,uniswap-v3,Base,WETH-FART,17758,False,,0,0,
6acb2a34-dc5b-424f-b4d6-96caa8a767b0,balancer-v2,Ethereum,OHM-WSTETH,17689,False,,0.19572,0.19572,
11fb58c3-648b-4d57-a391-42acfb51ce0f,uniswap-v4,Ethereum,ETH-DOGESTR,17668,False,,0,0,
86902516-7e33-4b79-9c1b-ddb78ed40277,balancer-v2,Ethereum,LDO-WSTETH,17632,False,,1.54302,1.54302,
05b457f3-a484-4d23-a2b7-01dded169dd3,sushiswap,Ethereum,SOS-WETH,17604,False,,0.0252,0.0252,0
49ae6788-a510-4ad7-a792-9c3ab53cfd1a,balancer-v2,Arbitrum,WETH-ARB,17601,False,,3.67417,3.67417,
2f4cef66-0550-4db0-af0d-ce8926aa775f,uniswap-v3,Ethereum,WETH-LUNA,17599,False,,0.23822,0.23822,
a9f29a12-7772-46bc-b1f7-871689a0d5e0,balancer-v2,Ethereum,WETH-ALCX,17572,False,,0.36251,0.36251,0
bec7bcb0-7dcb-4995-857a-40ccb85f8c64,balancer-v2,Arbitrum,WSTETH-JITOSOL,17538,False,,0.02546,0.02546,
0336b309-8244-4e52-a2f2-dd77d500e68a,uniswap-v3,Base,SPINACH-WETH,17511,False,,0.28508,0.28508,
84d26425-f6c6-4bc7-961e-39241777ac44,uniswap-v3,Ethereum,RARE-WETH,17468,False,,2.85626,2.85626,
e815af8d-679f-4669-ab6f-21efeaf27056,uniswap-v3,Optimism,WETH-PCM,17464,False,,0.0828,0.0828,
276282b2-3c2c-4f1d-b0df-689367ad7cc0,sushiswap,Ethereum,NIJI-WETH,17448,False,,0,0,0
354486ef-1a7c-427a-aee2-e2bc84a443f4,uniswap-v3,Ethereum,IOTX-WETH,17421,False,,0.05279,0.05279,
e81e8b00-27de-433f-97e0-4344ff3e46be,balancer-v2,Ethereum,STR-WETH,17418,False,,0,0,
afe9906e-2a93-40a4-9581-d470117cbaca,sushiswap,Ethereum,FVT-WETH,17381,False,,0,0,0
c0d9f4f9-d9eb-4a6e-b582-2fc32574f058,balancer-v2,Ethereum,WETH-WNCG,17367,False,,0.17691,0.17691,0
927fbcd8-cf5a-4ca2-901d-5a37e0cf4db0,uniswap-v3,Optimism,WETH-PIKA,17270,False,,0,0,
d1e601c7-1af4-4623-bf06-1aa7be7e5028,uniswap-v3,Arbitrum,REKT-WETH,17248,False,,0.00069,0.00069,
0438cb95-e9fe-479c-80ed-043ed78e3c0c,uniswap-v3,BNB Chain,ETH-LTC,17236,False,,83.49064,83.49064,
169c4947-25cd-4944-9843-5fc188efbcd0,sushiswap,Ethereum,PICKLE-WETH,17188,False,,0,0,0
ba9db2cf-2647-4f43-b4f2-e14bb31f9fb3,uniswap-v3,Base,CLIZA-WETH,17184,False,,2.18456,2.18456,
de1f9212-286f-42f9-8a4b-6536e0ceb359,uniswap-v3,Ethereum,WETH-GFI,17176,False,,0,0,
5e9a3e65-818d-44c4-8064-c4d34aba8231,uniswap-v3,Base,WETH-BKCR,17160,False,,0,0,
0c57a544-e561-4a4a-95cd-517e3f6d6f96,uniswap-v4,Ethereum,ETH-RSWETH,17112,True,,0,0,
3de9d1bd-fd4d-47ac-9e7d-2562f44ea822,uniswap-v4,Ethereum,ETH-444STR,17108,False,,0,0,
dd5bb661-406d-4791-95f3-c81b6e4b2fb9,sushiswap,Ethereum,IBEUR-WETH,17071,False,,0.02335,0.02335,0
695275dd-e53c-5351-b56b-c503564dd127,uniswap-v4,Ethereum,ETH-AGL,17070,False,,0,0,
fdd630b1-7e70-41d2-a0de-69f06e3444c2,uniswap-v3,Arbitrum,BOOP-WETH,17063,False,,0.3956,0.3956,
2fe71438-7e6b-4c55-a492-68622b26e611,uniswap-v3,Arbitrum,WETH-NOLA,17055,False,,0,0,
425e9255-d3a4-4b2b-af9c-bb3c8bcf52f9,sushiswap,Ethereum,WETH-WNCG,16988,False,,0.85444,0.85444,0
64d84ac6-83d2-5812-9123-2d917e80586c,uniswap-v3,Base,WETH-DOJI,16942,False,,0.08771,0.08771,
b619178b-c097-44d4-9192-3590f1b018a0,uniswap-v3,Polygon,DMT-WETH,16907,False,,0.06792,0.06792,
543e899e-8d0f-45ca-ab93-89e374aa180f,uniswap-v3,Polygon,WETH-MLN,16898,False,,0,0,
1e11646b-9e73-4b89-829c-9a722cd60055,uniswap-v3,Ethereum,DYDX-WETH,16895,False,,0,0,
3c0b1988-8147-45e1-93d0-965233f28aa7,sushiswap,Ethereum,BDI-WETH,16882,False,,0,0,0
f38a98f0-4a2b-4ec4-b28f-3aeb1b3c9e93,uniswap-v4,Ethereum,ETH-BETH,16792,True,,0,0,
e9fbe20e-57fd-42d8-85cd-ba9dbe04a3f8,sushiswap,Ethereum,TORN-WETH,16727,False,,4.26656,4.26656,0
a1ab153d-5a39-49cc-9434-0977c8e8db04,uniswap-v4,Ethereum,ETH-111,16646,False,,0,0,
50f2e73c-a063-4ccc-a637-a8e04bb2084c,sushiswap,Ethereum,OHM-WETH,16641,False,,0.55572,0.55572,0
971c8855-7de2-499d-9e0b-a117c68f57ab,uniswap-v3,Arbitrum,WETH-BIRD,16523,False,,0,0,
b476ae5a-3601-4297-8900-0cab93216410,uniswap-v4,Ethereum,ETH-SHIBSTR,16515,False,,0,0,
7b2ffa89-f457-47fb-8662-85457cd7f8b9,uniswap-v3,Base,$BUG-WETH,16467,False,,0.05333,0.05333,
835c7173-4936-4b3e-84ec-932280314648,uniswap-v3,Arbitrum,WETH-DYOR,16436,False,,0,0,
0dfdca3b-461e-4428-9c42-51b01b302bfb,sushiswap,Ethereum,SATA-WETH,16416,False,,0,0,0
cbd77a02-9f42-49b9-9f03-309037cb0dc8,uniswap-v3,Base,🟦-WETH,16350,False,,0.04173,0.04173,
c0e40905-9de1-497c-b3f4-5dfcb53f450a,uniswap-v3,Arbitrum,WETH-XVS,16252,False,,0.37647,0.37647,
61df2f01-fa6b-5daf-b984-eadd2760ba4a,uniswap-v3,Arbitrum,MILES-WETH,16230,False,,20.38626,20.38626,
a0853d9d-9ade-4036-822b-54da12d6e63d,uniswap-v3,Arbitrum,WETH-NCASH,16196,False,,0,0,
c7d05e66-da36-439f-a673-a6d4f4ed0198,uniswap-v3,Optimism,WETH-USDC,16170,False,,0,0,
8fc55517-586b-4bad-8577-ce519879d413,uniswap-v4,Base,WETH-XRESEARCH,16137,False,,0,0,
4beffe8c-4b12-4b9e-b788-dc9e049e4037,uniswap-v3,Ethereum,APU-WETH,16085,False,,87.8581,87.8581,
5dd34d15-e022-4682-aff1-f3b45e0dad0e,uniswap-v3,Optimism,CRV-WETH,16035,False,,0,0,
8998894c-698b-44fc-be02-52545ae24c2b,uniswap-v3,Optimism,WSTETH-KNC,16025,False,,3.14428,3.14428,
9a71864a-4cf1-491f-9f9a-a53ddafa0bf9,sushiswap,Ethereum,OPIUM-WETH,15924,False,,0.02699,0.02699,0
4ed3ee42-53de-45ac-9e5f-0071efb628b5,uniswap-v3,Base,RUNNER-WETH,15895,False,,0.19164,0.19164,
3098f686-c70e-4ee9-b35a-36aae0cb789b,sushiswap,Ethereum,WETH-FREN,15818,False,,0,0,0
d70396ad-fac2-4998-be7b-9d37dd013572,uniswap-v3,Base,WETH-GLASSES,15800,False,,0,0,
98f3d942-bee2-48b8-bff4-8324cf5a5e47,uniswap-v3,Base,WETH-ASEND,15798,False,,0,0,
c97a077d-a993-42fc-b6b1-d605bb56836b,uniswap-v3,Ethereum,BEAM-WETH,15796,False,,1.80947,1.80947,
1142c94f-1188-4cb0-8228-0b634d9eaf12,uniswap-v3,Ethereum,AGEUR-WETH,15755,False,,0.73847,0.73847,
1e5c5f56-8cd5-40de-b999-e5c2a69d9e22,sushiswap,Ethereum,MUST-WETH,15753,False,,0,0,0
f244e9df-32bd-462f-a60a-9bb8ac15d817,uniswap-v4,Ethereum,ETH-ELEVATE,15747,False,,149.37826,149.37826,
aaca2b2a-281b-4517-aaa9-7384b4ffaa5e,uniswap-v3,Base,FALSENINE-WETH,15712,False,,0.00091,0.00091,
6eaec801-b4df-47e1-aa5f-8d7724ef66b6,uniswap-v4,Ethereum,ETH-SWEEPSTR,15685,False,,0,0,
94bec762-cfa9-40cd-a927-719ca2482567,uniswap-v3,Bob,WBTC-WETH,15604,False,,12.27195,12.27195,
424911d0-4e25-4892-9819-ebaf4814f02d,balancer-v2,Polygon,LINK-WETH-BAL-AAVE,15596,False,,1.2652,1.2651,0.0001
ab656f9c-23ed-446a-a653-89c5208ea62d,sushiswap,Ethereum,VUSD-WETH,15546,False,,0.79401,0.79401,0
e65b8e7e-d52b-4364-ae37-0b4eba9d69af,uniswap-v3,Base,TAB-WETH,15532,False,,0.0118,0.0118,
e5dafe25-5ed5-4148-a909-89b5dfb72975,uniswap-v3,Base,BRND-WETH,15502,False,,0.00247,0.00247,
b56a0895-1bfd-41c8-8c65-8d09f387871c,sushiswap,Ethereum,WETH-PLR,15447,False,,0.07667,0.07667,0
1c7ae026-7789-4c98-9048-bda1b8cab45c,uniswap-v3,Ethereum,SHRUB-WETH,15439,False,,5.78008,5.78008,
9ba6102d-fa64-4dd3-b57d-48fee248d5f1,uniswap-v4,Base,ETH-NANITE,15424,False,,0,0,
4211f54a-e56e-436c-9088-427eb57e8bc7,sushiswap,Ethereum,BLOCK-WETH,15335,False,,0.0257,0.0257,0
db191e84-b77d-4dd9-bbe8-2a61ca1f7e7d,uniswap-v3,Base,WETH-RSC,15280,False,,1.54283,1.54283,
a2e29270-a04e-45d0-b66a-49aa033c43a3,uniswap-v4,Base,WAR-WETH,15280,False,,0,0,
c98fe270-23b0-4e32-957a-fb371e19e4f5,uniswap-v3,Base,RUSSELL-WETH,15265,False,,14.0431,14.0431,
63cda20e-8067-4648-b707-59acef40b4b2,uniswap-v3,Base,WETH-GCAT,15224,False,,0,0,
20753e6b-0acc-5c97-9a61-2e4c98f67d3b,uniswap-v3,Base,WETH-WTCOIN,15216,False,,135.91151,135.91151,
68458a5e-ae50-453e-998a-8e13a482d61e,sushiswap,Ethereum,RUNE-WETH,15164,False,,4.21591,4.21591,0
9b7da02d-7392-41bc-b052-2b55ebebc7ef,sushiswap,Ethereum,WETH-CANNA,15105,False,,0,0,0
b89407c1-d15a-46db-ac0c-b1616ca7b933,sushiswap,Ethereum,AEON-WETH,15045,False,,0,0,0
7cdb0bc7-e7f8-43b7-881d-7c105e6b112b,uniswap-v3,Base,PUBE-WETH,15034,False,,0.08003,0.08003,
5d7957c9-6e09-46e7-8ac3-15680fc0c22a,uniswap-v3,Ethereum,DBI-WETH,14962,False,,42.11578,42.11578,
07ae493b-6984-4a0e-89cf-612b7c428b40,uniswap-v3,Polygon,WETH-DAI,14942,False,,1.8351,1.8351,
3f185e87-15c0-4c7e-92ea-db68ab28a5fd,uniswap-v4,Ethereum,ETH-STECRV,14927,False,,0,0,
82848996-781c-4482-9954-2c6e6232d318,uniswap-v3,Arbitrum,BOO-WETH,14925,False,,0,0,
8ce8ecf2-b90d-4e65-9ee8-ac8d04b46594,uniswap-v3,Optimism,WETH-BITANT,14905,False,,0,0,
371badf1-b981-47d2-bdc5-4bfe0df653fb,uniswap-v3,Ethereum,ORA-WETH,14901,False,,0,0,
c0d2e590-fb7e-43b7-88d0-ec04f0228c1e,uniswap-v3,Ethereum,GEL-WETH,14891,False,,0,0,
528507c5-3da1-4391-aa0d-98ef0b292dcd,uniswap-v3,Polygon,MKR-WETH,14826,False,,14.4661,14.4661,
2d0c1d96-0d38-436c-8ba3-a3437219d4c8,uniswap-v3,Arbitrum,WETH-GRT,14791,False,,55.01348,55.01348,
3192338b-53fe-4ae1-95cd-e983352030a6,uniswap-v4,Ethereum,ETH-KNICKS,14778,False,,0,0,
2b6dbfd3-999b-5513-9b33-cc38a39093ee,uniswap-v4,Ethereum,ETH-RWA,14747,False,,0,0,
502dd23a-86ea-4a62-a716-c149057160cb,uniswap-v3,Base,BNXR-WETH,14721,False,,4.90988,4.90988,
ac56e759-3104-4aee-9a73-10602ae2e567,balancer-v2,Ethereum,PAR-WETH,14717,False,,0.15704,0.15704,
205dffe9-2f83-41ac-9074-a219cf34380c,uniswap-v3,Arbitrum,WETH-NYAI,14671,False,,0,0,
89b15a6f-df6b-4e50-b205-d96a56dded1d,uniswap-v3,Base,SMCTOKEN-WETH,14646,False,,0.12902,0.12902,
00196d9a-9f18-464a-982f-cb451a1303e7,uniswap-v3,Arbitrum,WETH-PEPE,14636,False,,0,0,
a6fc6500-e3cb-4d2e-a18e-12bcdf5aa22c,uniswap-v3,Arbitrum,WETH-USDT,14632,False,,0.81354,0.81354,
8bf06438-b14e-475c-8998-76cfbff9ed7b,uniswap-v3,BNB Chain,ETH-USDT,14616,False,,1.42059,1.42059,
188243d5-38a6-57c3-adf6-c52662d027bf,uniswap-v3,Base,MEOW-WETH,14576,False,,26.52848,26.52848,
c353d2e7-35ed-53f2-82db-896df35cfb91,uniswap-v4,Ethereum,ETH-CMETH,14572,True,,0,0,
714c5e03-3fa8-4bd3-a593-2250ecd36bff,uniswap-v3,Optimism,BOO-WETH,14566,False,,0,0,
67bea106-ffff-424e-ba2e-9962f54cd864,sushiswap,Ethereum,BAND-WETH,14496,False,,23.71863,23.71863,0
09538804-dd36-4ee7-808d-4f64fac66c42,uniswap-v3,Base,BASED-WETH,14493,False,,3.20719,3.20719,
b296a0e3-e285-42ad-8879-a66d9842735f,sushiswap,Ethereum,BPT-WETH,14468,False,,0.00098,0.00098,0
6962f0ba-c8c7-423d-93f3-2ee2af54daca,uniswap-v3,Base,WETH-SKOP,14426,False,,3.06983,3.06983,
4c979125-9d0c-474d-a568-47de0988a5f0,uniswap-v3,Ethereum,1INCH-WETH,14419,False,,0.4779,0.4779,
8cc9cb4f-a0b0-42b8-966a-08a2f7e61d6c,balancer-v2,Ethereum,WETH-USDT,14411,False,,0.58873,0.58873,
56ca8375-bfc8-4297-ba5f-0f0fb9401442,uniswap-v3,Arbitrum,WETH-OSAK,14373,False,,0,0,
7073d1c9-65db-48a1-86ae-47359deef23c,uniswap-v3,Ethereum,NMR-WETH,14310,False,,102.51188,102.51188,
52d06fe9-af16-4ea4-ba3d-259ece8393e5,uniswap-v3,Polygon,WETH-$ERA,14309,False,,0,0,
7e03e6dc-9409-40c3-9dfd-157856be0268,uniswap-v3,Base,WETH-SAPIEN,14307,False,,32.40904,32.40904,
29cfe83c-1927-4f25-b7e0-94d1e1264808,uniswap-v3,Arbitrum,WETH-DPI,14306,False,,0,0,
b9852b28-a722-4b2e-a6c2-9d50d3c270da,uniswap-v3,Arbitrum,WETH-GETH,14303,False,,0.00222,0.00222,
c7917110-8c25-480d-bea1-03376bf4db58,uniswap-v3,Base,JETBOLT-WETH,14283,False,,0.00071,0.00071,
83258cf6-a797-5ee9-9953-685ee1819877,uniswap-v4,Ethereum,ETH-V4,14236,False,,0,0,
fe93b9ef-0d3a-485e-963b-014a40fe6c3e,uniswap-v3,Polygon,WETH-TEL,14212,False,,164.01673,164.01673,
5890d5dd-66e2-476a-bfc7-9d56d274d43e,sushiswap,Ethereum,WXRP-WETH,14152,False,,4.02233,4.02233,0
4c075c9e-3e85-4384-a537-7f19d69fd7ba,uniswap-v3,Base,PARADOX-WETH,14146,False,,0.16172,0.16172,
61191842-76c9-4a65-ad40-00b0156adc36,uniswap-v4,Ethereum,ETH-IETHV2,14122,False,,0,0,
0a72c4bf-47c5-49cb-9406-d24852a358f8,uniswap-v3,Arbitrum,WETH-FARB,14104,False,,0,0,
9b357da5-bb06-461f-8dd7-58db543c3740,uniswap-v3,Arbitrum,WETH-POGAIBABY,14050,False,,0,0,
7c1a9c8f-2b11-4f4c-9d0e-793f236d0766,uniswap-v3,Base,WETH-POLA,14029,False,,0.54255,0.54255,
639da759-0a77-41b2-a9d2-5ec6531aebd9,balancer-v2,Ethereum,DPI-WBTC-WETH,14007,False,,0.86278,0.86278,
5fb60439-abd8-40b9-bb4d-3cf7c9075dad,uniswap-v3,Ethereum,WETH-HAY,13999,False,,0,0,
4be45818-37f7-47d3-a007-473dbd6a05e2,uniswap-v3,Arbitrum,GEMS-WETH,13995,False,,6.56043,6.56043,
5690ec25-9639-48d9-b6c5-f86a273f8208,uniswap-v3,BNB Chain,ETH-USDC,13982,False,,5.30053,5.30053,
2101b4ce-ab09-4882-a969-6335327bee6a,uniswap-v3,Base,BUTTHOLE-WETH,13904,False,,0.02735,0.02735,
1275a1af-45e6-4546-a2d0-7457e196671a,uniswap-v3,Arbitrum,WETH-PUJA,13898,False,,0,0,
1bf44975-7ba3-4971-b60c-6769b451f9bb,uniswap-v3,Base,PEPEC-WETH,13895,False,,1.08222,1.08222,
d38a7e49-27f8-4679-b4af-b9752f25f2e6,uniswap-v3,Ethereum,WSTETH-USDC,13860,False,,1.26848,1.26848,
dd465376-2c54-4b56-b50d-252c295af7d2,uniswap-v3,Ethereum,MOG-WETH,13824,False,,1.55927,1.55927,
3749c5d9-f5f1-419d-a7da-fd6bce910f7f,uniswap-v3,Base,WETH-QUACK,13732,False,,0.00592,0.00592,
1e2306ac-0def-45a0-b8bb-f4d4554c61a4,uniswap-v3,Arbitrum,WETH-VKA,13709,False,,0,0,
42834e7a-983d-431e-946a-59ecc33a10ca,uniswap-v4,Base,WETH-BLOCKRUNAI,13700,False,,0,0,
99afbb8a-d9e8-41f8-8952-ec0f016034c5,uniswap-v4,Base,ETH-MWETH,13669,False,,0,0,
f5d0ac14-ed10-4435-bd35-7becc442f0ad,sushiswap,Ethereum,PNK-WETH,13665,False,,0.75286,0.75286,0
c558135c-2006-49ab-a1d6-0a8e5e09426e,uniswap-v3,Arbitrum,WETH-QKNTL,13663,False,,0,0,
8974bbb7-3762-40ad-bda7-a3545390e656,sushiswap,Ethereum,XFT-WETH,13660,False,,0,0,0
20891206-13d0-4049-ba6a-d16e4d9b70de,balancer-v2,Ethereum,MPH-WETH,13624,False,,0.05786,0.05786,0
b11f5eb6-6f5a-49f1-aa76-11a3135ec04c,uniswap-v3,Base,GRIPPY-WETH,13609,False,,0.00134,0.00134,
631d53b3-8c77-44e3-8112-8696ce7bdf3f,sushiswap,Ethereum,TKNFY-WETH,13606,False,,0,0,0
decaf23c-377e-4c94-b637-87c3eac84178,uniswap-v3,Arbitrum,LADYS-WETH,13555,False,,0,0,
cb02a1fd-aea0-4269-96bf-fb7bf0e69442,uniswap-v3,Base,FED-WETH,13473,False,,0.03064,0.03064,
fe0aa1b3-1b54-590d-a6bb-d617bea56811,uniswap-v4,Ethereum,ETH-GG,13434,False,,0,0,
bb2d9119-a7b1-4a16-873d-076b88062396,sushiswap,Base,WETH-KEPT,13409,False,,0,0,
5d5dc8e2-478f-4411-8a45-89b7b06e1eed,uniswap-v3,Arbitrum,WETH-PEN,13404,False,,0,0,
463e05ac-4b7b-4e04-879b-34acc1c20312,uniswap-v4,Ethereum,PANO-WETH,13368,False,,0,0,
71d958a7-ea80-472d-bd62-ea7ef6750cfa,sushiswap,Base,WETH-BOMB,13338,False,,0,0,
9e38864d-bddc-5b85-b6d8-817831aff51b,uniswap-v4,Ethereum,ETH-JUMP,13330,False,,1.99308,1.99308,
961f994a-247b-423b-95ad-aa7cfcb6b8dd,uniswap-v3,Base,WETH-LBM,13311,False,,3.12609,3.12609,
0c1385f3-977b-435f-b4af-a89a96aefb63,uniswap-v3,Ethereum,BLUR-WETH,13310,False,,0,0,
22be5413-75a4-45ad-880e-3f2e41fae9a0,uniswap-v3,Base,LIVE-WETH,13289,False,,0.20239,0.20239,
76b73696-3270-4b76-aaaf-03c8420d5542,uniswap-v3,Optimism,AI-WETH,13247,False,,0.02497,0.02497,
fc976d75-1b03-4a8d-8a00-ef0622630dc8,uniswap-v3,Ethereum,WETH-MAGA,13233,False,,0.08017,0.08017,
5e21af2b-68d0-4cf5-b8ce-ce65eda37c03,sushiswap,Ethereum,ALPHA-WETH,13218,False,,2.59678,2.59678,0
aff4cfa8-ebb7-428d-ad8d-14e7c56d6d5b,uniswap-v3,Ethereum,SMT-WETH,13162,False,,0.26227,0.26227,
dac9bc1a-7219-4d3f-b4dc-ab1c358510d6,uniswap-v3,Base,HMNY-WETH,13157,False,,0.05271,0.05271,
442ffb7f-6910-494f-81af-1e713c6be0ca,sushiswap,Ethereum,UST-WETH,13145,False,,0.01841,0.01841,0
123edfa8-5e72-44ec-b3f3-b94eb2f9f7cb,uniswap-v3,Base,WETH-BLEP,13137,False,,0.71975,0.71975,
de2109d6-db3b-452c-90ce-a1d8175a6a5d,uniswap-v3,Arbitrum,AIUS-WETH,13136,False,,0.02329,0.02329,
6160b6a9-f6bc-421b-8eee-c95e99b1ca55,sushiswap,Ethereum,RLC-WETH,13062,False,,38.93202,38.93202,0
f69980c9-ca0e-401c-abfc-92cf1ca29d99,uniswap-v3,Base,FCAST-WETH,12960,False,,0.00067,0.00067,
e2354b34-27e5-4f56-a0a2-0e021b096dc2,sushiswap,Base,WETH-BALD,12915,False,,0.01132,0.01132,
c493c434-4c3c-472f-8961-b63eafced315,uniswap-v3,Polygon,EP-WETH,12905,False,,0.9276,0.9276,
5ab1e1ed-ba2d-5c09-b12f-d97e74ca9e60,uniswap-v4,Base,WETH-NDTA,12877,False,,0,0,
31984015-9c5b-4c65-baa5-fb2bdbd85351,uniswap-v3,Ethereum,INDEX-WETH,12865,False,,0,0,
8bfe59b5-37b4-4ca4-811f-63674fdd7fb8,sushiswap,Ethereum,WETH-JPEG,12788,False,,0,0,0
8f04b3f4-ea12-4419-ac5d-c8663215ba2a,sushiswap,Base,WETH-$NUTS,12774,False,,0,0,
4f194409-b101-444c-ad21-4a1185562e56,uniswap-v3,Base,$33BITS-WETH,12756,False,,0.04075,0.04075,
9a349ffb-302f-41a5-b660-1bac00449d66,balancer-v2,Arbitrum,WETH-VSTA,12753,False,,0.0023,0,0.0023
c0334146-3452-474a-ba28-7366d2012ebc,uniswap-v4,Base,UDAU-WETH,12719,False,,0,0,
53b2796b-5f6d-467e-8375-3f9c62479a0a,uniswap-v3,Base,BASED-WETH,12708,False,,0.01969,0.01969,
3a71295c-db48-43ac-b3b3-3dda09d70e4b,sushiswap,Ethereum,PLBT-WETH,12692,False,,0,0,0
8133cf1f-3d31-42a2-b79e-5923af4dc78e,sushiswap,Ethereum,BMI-WETH,12651,False,,0,0,0
97d989e5-4091-448f-8f37-0a77dc5023b0,uniswap-v4,Base,MEGA-WETH,12638,False,,0,0,
0e41340d-c4c7-4478-a8a1-03f4967d5076,uniswap-v3,Ethereum,WETH-SBR,12636,False,,0,0,
8d07058c-7c1b-4a07-9b39-8f072032df2f,uniswap-v4,Ethereum,ETH-CHEETOSTR,12621,False,,0,0,
5af3992f-c210-5d59-a2dd-f86b3a6147e9,uniswap-v3,Base,WETH-MENTE,12604,False,,40.13008,40.13008,
b73a6c7c-9006-4bcb-afe1-17ffa552a035,uniswap-v3,Ethereum,SDEX-WETH,12573,False,,0.01077,0.01077,
8be8fef2-99eb-42a9-969e-e0e63d4c6327,uniswap-v3,Base,WETH-MIGGLES,12547,False,,6.29149,6.29149,
05b108b9-8600-4d64-b688-271e963cf54e,sushiswap,Base,TOCHI-WETH,12521,False,,0.0001,0.0001,
f1f1c6dc-ed4f-47a2-a1a7-8de85f946f87,sushiswap,Base,CHIBI-WETH,12514,False,,0.00715,0.00715,
812b39be-e234-5033-8752-f7bc6836ad63,uniswap-v3,Base,UNIV-WETH,12502,False,,0.02646,0.02646,
b024f609-6e9e-4b25-a2e3-b26b505b490c,sushiswap,Ethereum,GM-WETH,12497,False,,0.00093,0.00093,0
b7129d30-ea43-4ff8-aa02-ee85798d4d12,sushiswap,Ethereum,TUSD-WETH,12469,False,,0.35916,0.35916,0
9453dc16-7323-4f8d-93e8-5ce0422f66bb,uniswap-v3,Ethereum,ELON-WETH,12449,False,,0.04542,0.04542,
b5c5e6dd-56f9-4633-a420-9940c6694e6c,uniswap-v3,Ethereum,WETH-GTC,12439,False,,38.48354,38.48354,
f8de32af-a548-498b-a2a0-2743abad9c18,balancer-v2,Arbitrum,ARS-WETH,12366,False,,0,0,
2987247c-8655-46ba-8b2e-33c4a68723d8,uniswap-v3,Base,WETH-INTO,12352,False,,7e-05,7e-05,
5f51b2a7-143f-43ac-b741-0c6872e4082e,uniswap-v4,Base,IMAGINE-WETH,12337,False,,0.11227,0.11227,
8d1a74ce-84b8-4e9c-ba9d-2b16f587d838,uniswap-v3,Optimism,WETH-KNC,12317,False,,5.61473,5.61473,
d577c442-babd-4535-b645-c0ad4ae48732,sushiswap,Ethereum,LEND-WETH,12270,False,,0.11238,0.11238,0
8cc7e6a0-a6f8-4c13-9689-f92ee8e162af,uniswap-v3,Ethereum,WETH-MNW,12238,False,,0.76709,0.76709,
140f1406-79c7-4cce-82cc-1489273c7a08,sushiswap,Ethereum,CREAM-WETH,12224,False,,0,0,0
2c180ffd-2450-4caa-bcc3-184ca3fd3bd4,uniswap-v3,Base,ALB-WETH,12213,False,,142.52876,142.52876,
90538b8f-18f0-4fdc-a3b9-1992c4758edf,uniswap-v3,Base,DFB-WETH,12201,False,,0.04324,0.04324,
61f86e7c-d730-4664-bf60-5ce2040c8e29,uniswap-v3,Base,WETH-EGGS,12138,False,,0,0,
a08695e4-a616-4332-99c2-dc5c05160ffa,uniswap-v3,Ethereum,KUMA-WETH,12121,False,,0,0,
4a5cd4c0-6652-51bf-9f82-06d3444e3ddf,uniswap-v3,Monad,USDC-WETH,12109,False,,2.14702,2.14702,
b2019b2c-8749-46df-bf29-162bd4205921,uniswap-v4,Ethereum,ETH-BURN,12090,False,,0,0,
3703369b-f699-4372-802c-93534ed06ab4,uniswap-v3,Polygon,RNDR-WETH,12040,False,,0.01111,0.01111,
03c3ff03-a7dc-4d46-9721-77009f572fb5,uniswap-v4,Ethereum,ETH-BTFSTR,11954,False,,0,0,
2e0673d6-b495-46d6-8ee7-057c0a5b27a0,balancer-v2,Ethereum,WETH-AURA,11929,False,,0.18069,0.18069,0
5b0af4dd-79bc-49ef-8677-0842f60dbc11,uniswap-v3,Base,$PUBLIC-WETH,11922,False,,0.34625,0.34625,
79f7b64e-9882-42af-bde2-9b8421039b51,sushiswap,Ethereum,WETH-BMILLY,11905,False,,0,0,0
78268925-bd6e-41dd-ba84-0669a454a900,sushiswap,Ethereum,FTM-WETH,11842,False,,2.75363,2.75363,0
7c65f679-f22d-4988-a0e2-c426112ad841,uniswap-v4,Base,WETH-LAGER,11735,False,,0,0,
406daebc-8f18-4b34-964c-0ca9c987a517,uniswap-v3,Ethereum,ERC-69-WETH,11718,False,,0.34371,0.34371,
cb0c12cb-22e8-416f-8221-9e08c17ce3bd,uniswap-v3,Arbitrum,WETH-STAR,11713,False,,5.16934,5.16934,
06c825e3-e133-4b3e-ba36-f21ea7b6ad02,sushiswap,Ethereum,WETH-COTI,11700,False,,9.98999,9.98999,0
e224bcef-978a-4062-b6c5-29856b46bc98,uniswap-v3,BNB Chain,CAKE-ETH,11699,False,,6.96279,6.96279,
0dc5c81b-1a34-4cdd-ae08-0ba5e3ae79bc,uniswap-v3,Ethereum,PSYOP-WETH,11698,False,,0,0,
f94e151e-e736-43a1-a3b5-a52c91d50b94,sushiswap,Ethereum,WETH-SLP,11569,False,,6.56548,6.56548,0
3146cc73-5d6f-46bc-b6c3-814a9e081a76,sushiswap,Ethereum,XRUNE-WETH,11568,False,,1.71406,1.71406,0
3162ad1e-7700-4ba0-a59e-2e0f2bba96b7,uniswap-v3,Base,WETH-LUMINA,11557,False,,0,0,
ce9706c2-ef78-4ed9-a7b0-0469ef0ea319,sushiswap,Ethereum,INV-WETH,11554,False,,2.13376,2.13376,0
84a124e8-0dd8-49c8-a5a8-c3f571031983,uniswap-v3,Base,BOSHI-WETH,11526,False,,0,0,
fc75dcc2-2a81-466c-9727-97197e851fea,sushiswap,Ethereum,BLOCKS-WETH,11524,False,,0,0,0
84ec190a-8b0a-4496-a297-d327bd8439ab,uniswap-v3,Base,BLAP-WETH,11520,False,,0.02606,0.02606,
8ddb0697-e743-5f4e-a2e8-77336d88e7e7,uniswap-v4,Ethereum,ETH-CDXR,11504,False,,506.51066,506.51066,
fdf16e6d-0435-4462-be2a-5198e938a8d5,uniswap-v3,Base,WETH-HIM,11492,False,,0,0,
493d0202-5daa-4347-94e0-fbb13d50ffbd,uniswap-v3,BNB Chain,ETH-SOL,11491,False,,0.59085,0.59085,
b47b80e3-571b-44eb-a845-499491805c87,sushiswap,Ethereum,CIG-WETH,11475,False,,0,0,0
0e5040d1-9e00-4750-93cb-e0e93c4bc6d8,uniswap-v4,Ethereum,ETH-YTP,11464,False,,0,0,
039ea759-b09e-4252-a81c-61e7e9e1b47c,uniswap-v3,Ethereum,SHIA-WETH,11419,False,,0.18691,0.18691,
8790e6d9-c768-4cec-8fc9-1962db4915f9,sushiswap,Ethereum,MYFI-WETH,11409,False,,0,0,0
3f63ac95-3bca-4d20-9813-942aa0ef84e1,uniswap-v3,Ethereum,WETH-FOLD,11402,False,,0,0,
d574dbe2-08b3-46e5-94a0-0b3036aaa357,uniswap-v4,Ethereum,ETH-IUSDC,11384,False,,0,0,
a8ffa1aa-9a48-4ad6-ba87-1991a6a92604,uniswap-v3,Base,WETH-NORMUS,11370,False,,0.05003,0.05003,
2c36072c-723e-41b3-b15e-5ac96782a5c7,uniswap-v4,Base,FCMON-WETH,11348,False,,0,0,
a0dc5781-6c00-41a2-b32f-0d955786d167,balancer-v2,Arbitrum,STATAARBWETH-WETH,11338,False,,0,0,
3b07d369-f9dd-403a-80f5-e55ea7582aef,uniswap-v3,Optimism,WETH-HAIR,11316,False,,0.16993,0.16993,
73ac9b2a-347e-428d-86b2-2a24426616fc,uniswap-v3,Base,WETH-ZRO,11286,False,,132.28265,132.28265,
ec3766de-02bc-4082-bb2d-7cbf498a89b4,sushiswap,Ethereum,WETH-RGT,11262,False,,0,0,0
2bf0b7ae-fd7a-4c91-82bc-cffb8f922758,sushiswap,Ethereum,UMA-WETH,11205,False,,0.82516,0.82516,0
f059ddd7-7bee-4faa-8f25-bd1c7f2addf5,uniswap-v3,Base,HELVETICA-WETH,11170,False,,0.01613,0.01613,
11b18403-b257-4009-a4eb-4d7bfa583c71,uniswap-v3,Base,WETH-BLEU,11124,False,,0.10125,0.10125,
9c71b73c-3158-41f2-8465-2550aa44b4c1,uniswap-v3,Ethereum,SYRUP-WETH,11124,False,,0,0,
1e9aff48-2747-4738-b088-2919cd340480,sushiswap,Base,EASE-WETH,11068,False,,0,0,
5cb8445f-1420-4da1-85fc-6c9716178c2b,uniswap-v3,Base,WETH-KOLZ,11013,False,,0.02328,0.02328,
0c9e6d23-0c09-4cba-97d5-0e8dae6b702f,uniswap-v3,Arbitrum,WETH-XNF,11001,False,,2.42857,2.42857,
d866cff7-c517-407b-bc6d-561f5bd800b3,uniswap-v3,Arbitrum,WETH-KEI,10993,False,,0,0,
81b21a5c-3d46-4292-9471-3bd34f036df3,sushiswap,Ethereum,WETH-MVRS,10980,False,,0,0,0
624ecad1-0124-4651-9524-f6170eec46d2,balancer-v2,Arbitrum,BAL-WETH,10957,False,,0.00828,0.00828,
c667d658-5e9b-4a31-b44d-f091abd651de,uniswap-v3,Base,CONSUELA-WETH,10936,False,,0.05078,0.05078,
2461c708-61dc-41e6-ab65-f77a5e745e91,uniswap-v3,Base,WETH-KAITO,10921,False,,64.20387,64.20387,
bd73dc88-2072-425a-aaf3-ce0df5e8e8d6,uniswap-v3,Base,MMC-WETH,10915,False,,0.00248,0.00248,
6d30249d-8bf8-4616-96a3-aaf91eb9924e,uniswap-v3,Base,MELNC-WETH,10852,False,,9.90991,9.90991,
99e41f8a-d0fd-4961-82ee-b85e1806d327,balancer-v2,Ethereum,AMPHRETH-RSTETH-WSTETH-RE7LRT-STEAKLRT,10849,False,,0,0,0
e94a7087-658b-4c21-aaf0-1c79cfc411f1,uniswap-v3,Polygon,WETH-CCDAO,10836,False,,4.78508,4.78508,
25e45bce-a299-5367-98c2-0f53794f6327,uniswap-v4,Base,WETH-CC,10798,False,,0,0,
2ec1c77d-62d3-448a-b688-2c14e9d748cb,uniswap-v3,Arbitrum,PARAM-WETH,10796,False,,6e-05,6e-05,
fdd2e685-6cf8-4cc9-bd2e-b8b04cbf5a6b,uniswap-v3,Ethereum,CELR-WETH,10786,False,,1.19662,1.19662,
c49eb360-9fdb-4f69-ad85-99ef372a786a,uniswap-v3,Base,WETH-COAT,10763,False,,0.00051,0.00051,
3c7adafc-8e76-44ce-8694-4a941c9382ea,uniswap-v3,Polygon,WETH-MONKEYNEWS,10760,False,,0,0,
a062eb32-fc6c-436a-bb5d-c4f92aa00bd2,uniswap-v3,Arbitrum,WETH-AGETH,10759,False,,0,0,
3f8c5fc0-e757-5abd-84d2-93b1d016c809,uniswap-v4,Ethereum,ETH-JUMP,10751,False,,1.34859,1.34859,
29d0651d-92f5-4c34-bea6-3db619f53de8,sushiswap,Ethereum,DESTROYELON-WETH,10731,False,,0,0,0
5cbd6ff0-e800-545c-8d77-a7b161b820c3,uniswap-v3,Arbitrum,SPARTANS-WETH,10726,False,,4.14725,4.14725,
2d3fd223-a5c3-4ddc-badd-d7229ca3f8b6,balancer-v2,Ethereum,SNX-WETH,10693,False,,2.75541,2.75541,0
0e09627b-1c4e-4f18-b12c-7579c47ac0ca,uniswap-v3,Ethereum,AETHWETH-WETH,10679,True,,3.34394,3.34394,
143fff1e-2431-4672-984a-8d06642133b3,uniswap-v3,Ethereum,BOOE-WETH,10674,False,,1.42563,1.42563,
ed225614-ee82-4950-a388-a9177b0055ef,sushiswap,Ethereum,AXS-WETH,10641,False,,27.39219,27.39219,0
602b6611-6b23-4922-88b6-029d380d0190,uniswap-v3,Arbitrum,STG-WETH,10605,False,,20.72332,20.72332,
cd885882-0df2-4714-82b2-4c8c4a6bc499,sushiswap,Ethereum,$ROPE-WETH,10601,False,,0,0,0
e28b7350-85a9-40e0-ab67-201bd4bf5ec4,balancer-v2,Ethereum,RDNT-WETH,10549,False,,0,0,
7485ad69-9143-4efd-acd3-64e2c854150e,uniswap-v3,Ethereum,CAL-WETH,10528,False,,0,0,
f7e3a708-4ff2-4c71-96d1-b90cc0251dc6,uniswap-v3,Arbitrum,WETH-AARK,10528,False,,4.91216,4.91216,
06ebd6db-52f0-4bd0-9f69-fd4385454f1d,balancer-v2,Ethereum,WAWETH-WETH,10506,False,,0,0,
f6ee7f7b-7cd3-4394-9f41-ca7aef283c66,balancer-v2,Gnosis,WETH-WBTC-USDC,10488,False,,0.00028,0.00028,
1f414971-b767-4210-8818-66b4aa889d06,balancer-v2,Arbitrum,WETH-LINK,10486,False,,0.54515,0.54515,0
a1561073-4383-41bb-a68d-9ae1bf310776,sushiswap,Ethereum,HEART-WETH,10467,False,,0,0,0
193482b9-2f51-49b2-ba1f-9268e122cf9c,sushiswap,Ethereum,WETH-SI,10458,False,,0.9885,0.9885,0
7db7686e-e46e-4888-8bc8-5ec91fd8d70a,uniswap-v3,Base,WETH-DIET,10443,False,,0,0,
4fb53918-cb16-4a90-93f0-69e364ee6fbf,sushiswap,Base,WETH-FRENZ,10437,False,,0,0,
733bdc80-25c8-46cb-a1d4-5d520a0dab10,uniswap-v3,Base,ANONFUN-WETH,10406,False,,2.43673,2.43673,
cbe463ac-0ec9-4e41-bc03-2f049e7ef51a,uniswap-v4,Base,ETH-PELOSI,10374,False,,0,0,
fae812f5-65aa-4041-8c98-75f95197cdee,sushiswap,Base,WETH-BASED,10338,False,,0,0,
2b58a8c3-81d2-5af6-8944-cee75a7c44a4,uniswap-v4,Base,USFD-WETH,10327,False,,5.72077,5.72077,
69db6d5b-40a6-4524-9473-6bf252763af9,uniswap-v3,Base,TRUTH-WETH,10326,False,,3.51473,3.51473,
ad3cca53-09c0-4c50-bbaf-ed50420f9b78,sushiswap,Ethereum,WETH-GODS,10294,False,,30.1571,30.1571,0
52d4d027-ad66-46c4-b267-08a32de263de,balancer-v2,Base,WETH-VLR,10291,False,,0.02794,0.02794,
dcc5aaed-6019-4e23-be6c-7e9fa353c085,sushiswap,Ethereum,JPEGS-WETH,10288,False,,0,0,0
03993700-4d31-4446-b746-ae95aeec692a,sushiswap,Ethereum,YGG-WETH,10278,False,,13.49341,13.49341,0
808ca3a0-0b36-4887-92a9-6a09a77caa0f,uniswap-v3,Arbitrum,WETH-SOHI,10275,False,,0,0,
2628c7c7-3e5c-458e-9933-4fe80770587f,uniswap-v3,Base,LAD-WETH,10244,False,,0,0,
0a2d9afd-0cba-414c-bb74-8ce76e52ea2f,uniswap-v4,Base,NIBEL-ETH-USDC,10233,False,,0,0,
2265a32f-c4a2-4edd-93e5-9e31ef7e35aa,uniswap-v3,Arbitrum,WETH-TLT,10214,False,,0,0,
dc7ccf12-3a2c-45aa-b2e2-4039480303ca,uniswap-v3,Base,COMICSANS-WETH,10201,False,,0.00037,0.00037,
8d5efc21-6706-4c67-8967-4ee8c052a2de,uniswap-v3,Optimism,WETH-ANTH,10173,False,,0.69017,0.69017,
415ae489-60e9-442a-87b9-50c80a7084d9,uniswap-v3,Base,WETH-UCAST,10168,False,,0,0,
a611e0a4-146d-4afa-88db-dc0b71091164,balancer-v2,Ethereum,OLAS-WBTC-DAI-WETH,10160,False,,2.19288,2.19288,
88d0cf22-a49f-4cfa-bd49-b0c384788332,sushiswap,Ethereum,DAOMSTR-WETH,10114,False,,0,0,0
f895cd29-7ec8-5018-a2fd-96f2a7463a0b,uniswap-v3,Arbitrum,NYAN-WETH,10113,False,,0.28059,0.28059,
e36a932f-437f-497d-89b4-db2297801488,uniswap-v3,Ethereum,OLAS-WETH,10112,False,,0,0,
cb82248e-0b9a-424f-9670-081c4f6b76f1,uniswap-v3,Arbitrum,WETH-ETHS,10081,False,,0,0,
a580ad64-40f3-4270-b0f5-b11e13873e5f,uniswap-v3,Ethereum,AEVO-WETH,10076,False,,0.69167,0.69167,
1596f7c3-62c3-48f1-8d29-46e32985778d,uniswap-v3,Ethereum,BONE-WETH,10053,False,,2e-05,2e-05,
eeb549df-4e99-490f-a702-4fd6b18ef851,sushiswap,Ethereum,RTRD-WETH,10049,False,,0,0,0
12a12bdd-10eb-40b8-b395-b5235f419d63,uniswap-v3,Arbitrum,SPA-WETH,10048,False,,77.54517,77.54517,
d1280cb3-2440-4741-ba7d-d695bbbdd17a,uniswap-v3,Ethereum,WETH-LOOKS,10036,False,,1e-05,1e-05,
70bb6c48-b527-4f93-99bc-cc9025fd36f3,uniswap-v4,Ethereum,ETH-SKULLSTR,10026,False,,0,0,
a501ed5f-e4c9-45b4-9026-863850c16864,sushiswap,Ethereum,FARM-WETH,10017,False,,2.402,2.402,0
91b38829-95e6-47de-8772-a76219562fd9,sushiswap,Base,WETH-PIKA,10009,False,,0,0,
