month,from,to,eth,reason
2024-10,carry:liquid-eth,ether.fi-stake,146203.01,on-chain product book; staking token per research
2024-10,carry:liquid-eth,veda,146203.01,DefiLlama row already counts this product
2024-10,carry:vesper-vaeth,vesper,1105.95,DefiLlama row already counts this product
2024-10,veda,meth-protocol,50567.59,staking token held by a counted product
2024-10,curve-dex,frax-ether,14200.54,staking token held by a counted product
2024-10,curve-dex,lido,50198.01,staking token held by a counted product
2024-10,curve-dex,binance-staked-eth,5.45,staking token held by a counted product
2024-10,curve-dex,renzo,302.86,staking token held by a counted product
2024-10,curve-dex,coinbase-wrapped-staked-eth,224.73,staking token held by a counted product
2024-10,curve-dex,ankr,369.8,staking token held by a counted product
2024-10,curve-dex,rocket-pool,3961.96,staking token held by a counted product
2024-10,curve-dex,stakewise-v3,3003.33,staking token held by a counted product
2024-10,curve-dex,ether.fi-stake,3376.99,staking token held by a counted product
2024-10,curve-dex,dinero-(pxeth),5156.97,staking token held by a counted product
2024-10,curve-dex,swell-liquid-staking,6.15,staking token held by a counted product
2024-10,curve-dex,stader,1981.91,staking token held by a counted product
2024-10,curve-dex,kelp,4641.68,staking token held by a counted product
2024-10,curve-dex,bedrock-unieth,852.08,staking token held by a counted product
2024-10,curve-dex,meth-protocol,15.03,staking token held by a counted product
2024-10,curve-dex,swell-liquid-restaking,197.07,staking token held by a counted product
2024-10,curve-dex,puffer-stake,10678.49,staking token held by a counted product
2024-10,curve-dex,origin-ether,4161.71,staking token held by a counted product
2024-10,curve-dex,liquid-collective,1.47,staking token held by a counted product
2024-10,curve-dex,treehouse-protocol,2025.64,staking token held by a counted product
2024-10,pendle-v2,ether.fi-stake,71285.02,staking token held by a counted product
2024-10,pendle-v2,frax-ether,2153.29,staking token held by a counted product
2024-10,pendle-v2,origin-ether,201.65,staking token held by a counted product
2024-10,pendle-v2,dinero-(pxeth),124.58,staking token held by a counted product
2024-10,pendle-v2,renzo,96.78,staking token held by a counted product
2024-10,pendle-v2,lido,20790.8,staking token held by a counted product
2024-10,kelp,lido,2324.66,staking token held by a counted product
2024-10,kelp,stader,85775.97,staking token held by a counted product
2024-10,cian-yield-layer,binance-staked-eth,14.16,staking token held by a counted product
2024-10,cian-yield-layer,lido,914.48,staking token held by a counted product
2024-10,cian-yield-layer,kelp,9.57,staking token held by a counted product
2024-10,cian-yield-layer,ether.fi-stake,35.08,staking token held by a counted product
2024-10,cian-yield-layer,renzo,1090.07,staking token held by a counted product
2024-10,fluid-lite,lido,32081.68,staking token held by a counted product
2024-10,aerodrome-slipstream,renzo,359.76,staking token held by a counted product
2024-10,aerodrome-slipstream,kelp,1790.41,staking token held by a counted product
2024-10,aerodrome-slipstream,coinbase-wrapped-staked-eth,376.74,staking token held by a counted product
2024-10,gmx-v2-perps,lido,840.2,staking token held by a counted product
2024-10,yearn-finance,kelp,100.63,staking token held by a counted product
2024-10,yearn-finance,ether.fi-stake,299.76,staking token held by a counted product
2024-10,yearn-finance,renzo,54.95,staking token held by a counted product
2024-10,yearn-finance,lido,10.69,staking token held by a counted product
2024-10,yearn-finance,frax-ether,8.09,staking token held by a counted product
2024-10,yearn-finance,dinero-(pxeth),68.67,staking token held by a counted product
2024-10,yearn-finance,swell-liquid-restaking,1.73,staking token held by a counted product
2024-10,aerodrome-v1,origin-ether,2881.67,staking token held by a counted product
2024-10,aerodrome-v1,rocket-pool,20.96,staking token held by a counted product
2024-10,enzyme-finance,lido,31858.75,staking token held by a counted product
2024-10,enzyme-finance,renzo,13.85,staking token held by a counted product
2024-10,enzyme-finance,stader,53.08,staking token held by a counted product
2024-10,enzyme-finance,ether.fi-stake,1591.63,staking token held by a counted product
2024-10,enzyme-finance,puffer-stake,1.22,staking token held by a counted product
2024-10,enzyme-finance,swell-liquid-staking,659.35,staking token held by a counted product
2024-10,enzyme-finance,stakewise-v3,10.85,staking token held by a counted product
2024-10,vesper,coinbase-wrapped-staked-eth,80.13,staking token held by a counted product
2024-10,vesper,rocket-pool,27.82,staking token held by a counted product
2024-10,vesper,lido,570.73,staking token held by a counted product
2024-10,swell-l2-farm,lido,1535.38,staking token held by a counted product
2024-10,swell-l2-farm,swell-liquid-restaking,31001.12,staking token held by a counted product
2024-10,swell-l2-farm,swell-liquid-staking,9262.99,staking token held by a counted product
2024-10,swell-l2-farm,ether.fi-stake,137398.36,staking token held by a counted product
2024-10,swell-l2-farm,renzo,3121.11,staking token held by a counted product
2024-10,swell-l2-farm,stakestone-stone,252.15,staking token held by a counted product
2024-10,swell-l2-farm,frax-ether,37.04,staking token held by a counted product
2024-10,zircuit-staking,kelp,4657.07,staking token held by a counted product
2024-10,zircuit-staking,renzo,36581.7,staking token held by a counted product
2024-10,zircuit-staking,liquid-collective,10310.01,staking token held by a counted product
2024-10,zircuit-staking,swell-liquid-restaking,2309.36,staking token held by a counted product
2024-10,zircuit-staking,lido,27345.87,staking token held by a counted product
2024-10,zircuit-staking,ether.fi-stake,60649.06,staking token held by a counted product
2024-10,zircuit-staking,swell-liquid-staking,672.04,staking token held by a counted product
2024-10,zircuit-staking,meth-protocol,126.55,staking token held by a counted product
2024-10,zircuit-staking,puffer-stake,31678.25,staking token held by a counted product
2024-10,sushiswap-v3,renzo,112.91,staking token held by a counted product
2024-10,sushiswap-v3,ether.fi-stake,24.08,staking token held by a counted product
2024-10,sushiswap-v3,lido,120.48,staking token held by a counted product
2024-10,sushiswap-v3,frax-ether,18.14,staking token held by a counted product
2024-10,sushiswap-v3,coinbase-wrapped-staked-eth,1.71,staking token held by a counted product
2024-10,autofinance,lido,2271.59,staking token held by a counted product
2024-10,reserve-protocol,rocket-pool,13681.2,staking token held by a counted product
2024-10,reserve-protocol,lido,22597.58,staking token held by a counted product
2024-10,reserve-protocol,stader,2015.8,staking token held by a counted product
2024-10,reserve-protocol,frax-ether,13667.23,staking token held by a counted product
2024-10,reserve-protocol,coinbase-wrapped-staked-eth,1688.63,staking token held by a counted product
2024-10,ekubo,lido,2426.35,staking token held by a counted product
2024-10,ekubo,rocket-pool,3.08,staking token held by a counted product
2024-10,gain,kelp,56391.12,staking token held by a counted product
2024-10,mellow-restaking,lido,230260.6,staking token held by a counted product
2024-10,yieldnest,lido,54.76,staking token held by a counted product
2024-10,yieldnest,origin-ether,2251.65,staking token held by a counted product
2024-10,yieldnest,meth-protocol,9.97,staking token held by a counted product
2024-10,harvest-finance,kelp,13.45,staking token held by a counted product
2024-10,harvest-finance,lido,206.76,staking token held by a counted product
2024-10,harvest-finance,coinbase-wrapped-staked-eth,118.65,staking token held by a counted product
2024-10,harvest-finance,rocket-pool,20.24,staking token held by a counted product
2024-10,spectra-v2,origin-ether,105.17,staking token held by a counted product
2024-10,spectra-v2,lido,122.45,staking token held by a counted product
2024-10,spectra-v2,kelp,94.07,staking token held by a counted product
2024-10,spectra-v2,coinbase-wrapped-staked-eth,20.0,staking token held by a counted product
2024-10,velodrome-v3,lido,57.09,staking token held by a counted product
2024-10,native-credit-pool,stakestone-stone,17.85,staking token held by a counted product
2024-10,native-credit-pool,ether.fi-stake,6.04,staking token held by a counted product
2024-10,native-credit-pool,meth-protocol,1552.83,staking token held by a counted product
2024-10,native-credit-pool,puffer-stake,20.1,staking token held by a counted product
2024-10,velodrome-v2,renzo,13.56,staking token held by a counted product
2024-10,velodrome-v2,rocket-pool,2.35,staking token held by a counted product
2024-10,velodrome-v2,frax-ether,262.89,staking token held by a counted product
2024-10,velodrome-v2,lido,2134.68,staking token held by a counted product
2024-10,velodrome-v2,ether.fi-stake,90.19,staking token held by a counted product
2024-10,quickswap-v3,lido,58.69,staking token held by a counted product
2024-10,quickswap-v3,stakestone-stone,77.34,staking token held by a counted product
2024-10,quickswap-v3,meth-protocol,40.33,staking token held by a counted product
2024-10,quickswap-v3,coinbase-wrapped-staked-eth,2.88,staking token held by a counted product
2024-10,superform,kelp,4.84,staking token held by a counted product
2024-10,superform,lido,37.9,staking token held by a counted product
2024-10,superform,origin-ether,7.6,staking token held by a counted product
2024-10,superform,renzo,3.63,staking token held by a counted product
2024-10,superform,rocket-pool,13.8,staking token held by a counted product
2024-10,superform,coinbase-wrapped-staked-eth,42.11,staking token held by a counted product
2024-10,superform,ether.fi-stake,6.12,staking token held by a counted product
2024-10,index-coop,lido,107.43,staking token held by a counted product
2024-10,index-coop,rocket-pool,153.93,staking token held by a counted product
2024-10,index-coop,frax-ether,84.11,staking token held by a counted product
2024-10,index-coop,stakewise-v3,97.56,staking token held by a counted product
2024-10,index-coop,stader,113.78,staking token held by a counted product
2024-10,index-coop,swell-liquid-staking,102.23,staking token held by a counted product
2024-10,agni-finance,meth-protocol,33880.0,staking token held by a counted product
2024-10,agni-finance,frax-ether,13.65,staking token held by a counted product
2024-10,agni-finance,mantle-restaking,19364.45,staking token held by a counted product
2024-10,set-protocol,lido,108.82,staking token held by a counted product
2024-10,set-protocol,coinbase-wrapped-staked-eth,12.59,staking token held by a counted product
2024-10,set-protocol,frax-ether,12.81,staking token held by a counted product
2024-10,set-protocol,rocket-pool,12.12,staking token held by a counted product
2024-10,set-protocol,ankr,13.85,staking token held by a counted product
2024-10,origin-arm,lido,948.0,staking token held by a counted product
2024-10,merchant-moe-liquidity-book,meth-protocol,12191.55,staking token held by a counted product
2024-10,merchant-moe-liquidity-book,mantle-restaking,20400.74,staking token held by a counted product
2024-10,frax-swap,frax-ether,46.62,staking token held by a counted product
2024-10,syncswap,frax-ether,3.39,staking token held by a counted product
2024-10,syncswap,ankr,6.37,staking token held by a counted product
2024-10,syncswap,bedrock-unieth,5.37,staking token held by a counted product
2024-10,syncswap,kelp,549.35,staking token held by a counted product
2024-10,syncswap,ether.fi-stake,361.28,staking token held by a counted product
2024-10,syncswap,stakestone-stone,119.48,staking token held by a counted product
2024-10,syncswap,puffer-stake,4.21,staking token held by a counted product
2024-10,syncswap,lido,68.12,staking token held by a counted product
2024-10,camelot-v2,lido,9.91,staking token held by a counted product
2024-10,inceptionlrt-(isolated-restaking),ankr,15.72,staking token held by a counted product
2024-10,inceptionlrt-(isolated-restaking),coinbase-wrapped-staked-eth,403.6,staking token held by a counted product
2024-10,inceptionlrt-(isolated-restaking),stader,7.15,staking token held by a counted product
2024-10,inceptionlrt-(isolated-restaking),origin-ether,7.83,staking token held by a counted product
2024-10,inceptionlrt-(isolated-restaking),stakewise-v3,1.94,staking token held by a counted product
2024-10,inceptionlrt-(isolated-restaking),rocket-pool,15.09,staking token held by a counted product
2024-10,inceptionlrt-(isolated-restaking),lido,387.38,staking token held by a counted product
2024-10,inceptionlrt-(isolated-restaking),swell-liquid-staking,72.86,staking token held by a counted product
2024-10,inceptionlrt-(isolated-restaking),binance-staked-eth,2.0,staking token held by a counted product
2024-10,inceptionlrt-(isolated-restaking),liquid-collective,2.08,staking token held by a counted product
2024-10,inceptionlrt-(isolated-restaking),frax-ether,389.44,staking token held by a counted product
2024-10,inceptionlrt-(isolated-restaking),meth-protocol,8.35,staking token held by a counted product
2024-10,radpie,lido,234.95,staking token held by a counted product
2024-10,radpie,ether.fi-stake,15.4,staking token held by a counted product
2024-10,swaap-maker-v2,lido,7.42,staking token held by a counted product
2024-10,swaap-maker-v2,ether.fi-stake,4.17,staking token held by a counted product
2024-10,camelot-v3,lido,875.68,staking token held by a counted product
2024-10,camelot-v3,kelp,569.13,staking token held by a counted product
2024-10,camelot-v3,renzo,182.99,staking token held by a counted product
2024-10,camelot-v3,ether.fi-stake,271.46,staking token held by a counted product
2024-10,camelot-v3,bedrock-unieth,21.51,staking token held by a counted product
2024-10,tranchess-yield,lido,130.54,staking token held by a counted product
2024-10,tranchess-yield,stakestone-stone,28771.22,staking token held by a counted product
2024-10,eigenpie,lido,221314.3,staking token held by a counted product
2024-10,eigenpie,rocket-pool,69.9,staking token held by a counted product
2024-10,eigenpie,frax-ether,233.47,staking token held by a counted product
2024-10,eigenpie,meth-protocol,3604.29,staking token held by a counted product
2024-10,eigenpie,binance-staked-eth,2016.64,staking token held by a counted product
2024-10,eigenpie,swell-liquid-staking,8592.43,staking token held by a counted product
2024-10,eigenpie,coinbase-wrapped-staked-eth,54.8,staking token held by a counted product
2024-10,eigenpie,stader,228.13,staking token held by a counted product
2024-10,eigenpie,ankr,11.62,staking token held by a counted product
2024-10,eigenpie,stakewise-v3,8.55,staking token held by a counted product
2024-10,eigenpie,origin-ether,10.1,staking token held by a counted product
2024-10,eigenpie,liquid-collective,9.2,staking token held by a counted product
2024-10,ribbon,rocket-pool,11.56,staking token held by a counted product
2024-10,ribbon,lido,8.94,staking token held by a counted product
2024-10,blast-pre-launch-farm,lido,1261.14,staking token held by a counted product
2024-10,reaper-farm,lido,24.74,staking token held by a counted product
2024-10,opyn-gamma,lido,589.38,staking token held by a counted product
2024-10,opyn-gamma,rocket-pool,3.23,staking token held by a counted product
2024-10,ribbon-earn,lido,433.27,staking token held by a counted product
2024-10,sommelier,lido,1851.95,staking token held by a counted product
2024-10,blackwing,renzo,2657.43,staking token held by a counted product
2024-10,blackwing,ether.fi-stake,826.61,staking token held by a counted product
2024-10,blackwing,swell-liquid-restaking,351.52,staking token held by a counted product
2024-10,blackwing,kelp,387.69,staking token held by a counted product
2024-10,blackwing,puffer-stake,52.12,staking token held by a counted product
2024-10,arbitrove,lido,3.11,staking token held by a counted product
2024-10,vaultcraft,kelp,73.21,staking token held by a counted product
2024-10,vaultcraft,lido,5.23,staking token held by a counted product
2024-10,fyde-protocol,lido,39.35,staking token held by a counted product
2024-10,fyde-protocol,rocket-pool,25.99,staking token held by a counted product
2024-10,corn-kernels,ether.fi-stake,5429.71,staking token held by a counted product
2024-10,corn-kernels,kelp,301.44,staking token held by a counted product
2024-10,euclid-finance,lido,105.62,staking token held by a counted product
2024-10,euclid-finance,coinbase-wrapped-staked-eth,9.69,staking token held by a counted product
2024-10,euclid-finance,swell-liquid-staking,2.11,staking token held by a counted product
2024-10,onx-finance,ankr,88.49,staking token held by a counted product
2024-10,juice-finance,renzo,109.74,staking token held by a counted product
2024-10,juice-finance,ether.fi-stake,37.71,staking token held by a counted product
2024-10,hourglass,ether.fi-stake,72.7,staking token held by a counted product
2024-10,treehouse-protocol,mantle-restaking,1204.79,staking token held by a counted product
2024-10,treehouse-protocol,lido,48348.33,staking token held by a counted product
2024-10,eigencloud,eigencloud,3651972.48,restaking-token issuers already count this
2024-10,symbiotic,symbiotic,230577.07,restaking-token issuers already count this
2024-11,carry:liquid-eth,ether.fi-stake,150259.35,on-chain product book; staking token per research
2024-11,carry:liquid-eth,veda,150259.35,DefiLlama row already counts this product
2024-11,carry:vesper-vaeth,vesper,1156.78,DefiLlama row already counts this product
2024-11,mantle-restaking,veda,151610.52,nested holding
2024-11,veda,meth-protocol,54480.18,staking token held by a counted product
2024-11,curve-dex,frax-ether,13546.79,staking token held by a counted product
2024-11,curve-dex,lido,48131.1,staking token held by a counted product
2024-11,curve-dex,binance-staked-eth,6.77,staking token held by a counted product
2024-11,curve-dex,renzo,302.8,staking token held by a counted product
2024-11,curve-dex,coinbase-wrapped-staked-eth,252.12,staking token held by a counted product
2024-11,curve-dex,ankr,323.23,staking token held by a counted product
2024-11,curve-dex,rocket-pool,4133.85,staking token held by a counted product
2024-11,curve-dex,stakewise-v3,1976.26,staking token held by a counted product
2024-11,curve-dex,ether.fi-stake,4500.58,staking token held by a counted product
2024-11,curve-dex,dinero-(pxeth),5333.86,staking token held by a counted product
2024-11,curve-dex,swell-liquid-staking,7.05,staking token held by a counted product
2024-11,curve-dex,stader,1675.4,staking token held by a counted product
2024-11,curve-dex,kelp,4139.84,staking token held by a counted product
2024-11,curve-dex,bedrock-unieth,829.55,staking token held by a counted product
2024-11,curve-dex,meth-protocol,15.17,staking token held by a counted product
2024-11,curve-dex,swell-liquid-restaking,151.7,staking token held by a counted product
2024-11,curve-dex,puffer-stake,3912.1,staking token held by a counted product
2024-11,curve-dex,origin-ether,4050.62,staking token held by a counted product
2024-11,curve-dex,liquid-collective,1.46,staking token held by a counted product
2024-11,curve-dex,treehouse-protocol,1961.17,staking token held by a counted product
2024-11,pendle-v2,ether.fi-stake,58174.33,staking token held by a counted product
2024-11,pendle-v2,lido,21507.58,staking token held by a counted product
2024-11,pendle-v2,frax-ether,1610.21,staking token held by a counted product
2024-11,pendle-v2,origin-ether,171.6,staking token held by a counted product
2024-11,pendle-v2,dinero-(pxeth),125.25,staking token held by a counted product
2024-11,pendle-v2,renzo,35.2,staking token held by a counted product
2024-11,kelp,lido,140363.46,staking token held by a counted product
2024-11,kelp,stader,81626.35,staking token held by a counted product
2024-11,cian-yield-layer,lido,868.15,staking token held by a counted product
2024-11,cian-yield-layer,binance-staked-eth,14.1,staking token held by a counted product
2024-11,cian-yield-layer,kelp,11993.97,staking token held by a counted product
2024-11,cian-yield-layer,ether.fi-stake,9.82,staking token held by a counted product
2024-11,cian-yield-layer,renzo,2532.27,staking token held by a counted product
2024-11,fluid-lite,lido,43670.59,staking token held by a counted product
2024-11,aerodrome-slipstream,kelp,255.79,staking token held by a counted product
2024-11,aerodrome-slipstream,coinbase-wrapped-staked-eth,1230.33,staking token held by a counted product
2024-11,aerodrome-slipstream,renzo,549.39,staking token held by a counted product
2024-11,gmx-v2-perps,lido,378.89,staking token held by a counted product
2024-11,yearn-finance,renzo,23.51,staking token held by a counted product
2024-11,yearn-finance,ether.fi-stake,91.19,staking token held by a counted product
2024-11,yearn-finance,lido,11.58,staking token held by a counted product
2024-11,yearn-finance,kelp,96.12,staking token held by a counted product
2024-11,yearn-finance,frax-ether,9.35,staking token held by a counted product
2024-11,yearn-finance,dinero-(pxeth),68.46,staking token held by a counted product
2024-11,yearn-finance,swell-liquid-restaking,1.72,staking token held by a counted product
2024-11,aerodrome-v1,lido,1508.31,staking token held by a counted product
2024-11,aerodrome-v1,rocket-pool,20.76,staking token held by a counted product
2024-11,aerodrome-v1,origin-ether,3326.13,staking token held by a counted product
2024-11,enzyme-finance,lido,32291.87,staking token held by a counted product
2024-11,enzyme-finance,renzo,16.85,staking token held by a counted product
2024-11,enzyme-finance,stader,43.3,staking token held by a counted product
2024-11,enzyme-finance,rocket-pool,26.15,staking token held by a counted product
2024-11,enzyme-finance,ether.fi-stake,1588.47,staking token held by a counted product
2024-11,enzyme-finance,swell-liquid-staking,510.51,staking token held by a counted product
2024-11,vesper,coinbase-wrapped-staked-eth,79.45,staking token held by a counted product
2024-11,vesper,rocket-pool,27.94,staking token held by a counted product
2024-11,vesper,lido,562.66,staking token held by a counted product
2024-11,swell-l2-farm,lido,1433.86,staking token held by a counted product
2024-11,swell-l2-farm,swell-liquid-restaking,30066.54,staking token held by a counted product
2024-11,swell-l2-farm,swell-liquid-staking,7407.36,staking token held by a counted product
2024-11,swell-l2-farm,ether.fi-stake,135119.23,staking token held by a counted product
2024-11,swell-l2-farm,renzo,2248.35,staking token held by a counted product
2024-11,swell-l2-farm,stakestone-stone,225.72,staking token held by a counted product
2024-11,swell-l2-farm,frax-ether,34.8,staking token held by a counted product
2024-11,zircuit-staking,swell-liquid-restaking,2373.68,staking token held by a counted product
2024-11,zircuit-staking,ether.fi-stake,84323.95,staking token held by a counted product
2024-11,zircuit-staking,lido,29693.13,staking token held by a counted product
2024-11,zircuit-staking,meth-protocol,464.24,staking token held by a counted product
2024-11,zircuit-staking,liquid-collective,22908.95,staking token held by a counted product
2024-11,zircuit-staking,swell-liquid-staking,461.27,staking token held by a counted product
2024-11,zircuit-staking,kelp,7650.91,staking token held by a counted product
2024-11,zircuit-staking,renzo,44513.47,staking token held by a counted product
2024-11,zircuit-staking,puffer-stake,15385.21,staking token held by a counted product
2024-11,zircuit-staking,stakestone-stone,2054.19,staking token held by a counted product
2024-11,origami-finance,lido,80.15,staking token held by a counted product
2024-11,origami-finance,ether.fi-stake,116.57,staking token held by a counted product
2024-11,origami-finance,swell-liquid-restaking,20.37,staking token held by a counted product
2024-11,sushiswap-v3,renzo,1.99,staking token held by a counted product
2024-11,sushiswap-v3,ether.fi-stake,2.63,staking token held by a counted product
2024-11,sushiswap-v3,lido,18.3,staking token held by a counted product
2024-11,sushiswap-v3,frax-ether,17.98,staking token held by a counted product
2024-11,mantle-restaking,meth-protocol,151610.52,staking token held by a counted product
2024-11,autofinance,lido,2157.54,staking token held by a counted product
2024-11,reserve-protocol,lido,29000.1,staking token held by a counted product
2024-11,reserve-protocol,rocket-pool,11084.5,staking token held by a counted product
2024-11,reserve-protocol,stader,4250.4,staking token held by a counted product
2024-11,reserve-protocol,frax-ether,11093.9,staking token held by a counted product
2024-11,reserve-protocol,coinbase-wrapped-staked-eth,2398.94,staking token held by a counted product
2024-11,reserve-protocol,dinero-(pxeth),683.03,staking token held by a counted product
2024-11,ekubo,lido,1954.51,staking token held by a counted product
2024-11,ekubo,rocket-pool,1.45,staking token held by a counted product
2024-11,gain,kelp,46994.76,staking token held by a counted product
2024-11,mellow-restaking,lido,196786.79,staking token held by a counted product
2024-11,yieldnest,lido,54.6,staking token held by a counted product
2024-11,yieldnest,origin-ether,2098.52,staking token held by a counted product
2024-11,yieldnest,meth-protocol,10.01,staking token held by a counted product
2024-11,harvest-finance,kelp,1.05,staking token held by a counted product
2024-11,harvest-finance,lido,148.8,staking token held by a counted product
2024-11,harvest-finance,coinbase-wrapped-staked-eth,68.37,staking token held by a counted product
2024-11,harvest-finance,rocket-pool,12.51,staking token held by a counted product
2024-11,spectra-v2,origin-ether,26.63,staking token held by a counted product
2024-11,spectra-v2,lido,478.37,staking token held by a counted product
2024-11,spectra-v2,kelp,94.01,staking token held by a counted product
2024-11,spectra-v2,coinbase-wrapped-staked-eth,23.43,staking token held by a counted product
2024-11,velodrome-v3,lido,51.65,staking token held by a counted product
2024-11,native-credit-pool,stakestone-stone,11.86,staking token held by a counted product
2024-11,native-credit-pool,ether.fi-stake,5.79,staking token held by a counted product
2024-11,native-credit-pool,puffer-stake,5.84,staking token held by a counted product
2024-11,native-credit-pool,meth-protocol,1556.01,staking token held by a counted product
2024-11,velodrome-v2,rocket-pool,1.88,staking token held by a counted product
2024-11,velodrome-v2,renzo,6.81,staking token held by a counted product
2024-11,velodrome-v2,frax-ether,399.54,staking token held by a counted product
2024-11,velodrome-v2,lido,1533.84,staking token held by a counted product
2024-11,velodrome-v2,ether.fi-stake,104.06,staking token held by a counted product
2024-11,quickswap-v3,lido,52.0,staking token held by a counted product
2024-11,quickswap-v3,stakestone-stone,48.25,staking token held by a counted product
2024-11,quickswap-v3,meth-protocol,36.39,staking token held by a counted product
2024-11,quickswap-v3,coinbase-wrapped-staked-eth,3.31,staking token held by a counted product
2024-11,superform,kelp,4.77,staking token held by a counted product
2024-11,superform,lido,38.59,staking token held by a counted product
2024-11,superform,origin-ether,7.83,staking token held by a counted product
2024-11,superform,renzo,2.52,staking token held by a counted product
2024-11,superform,rocket-pool,10.14,staking token held by a counted product
2024-11,superform,ether.fi-stake,3.86,staking token held by a counted product
2024-11,superform,coinbase-wrapped-staked-eth,42.19,staking token held by a counted product
2024-11,index-coop,lido,107.28,staking token held by a counted product
2024-11,index-coop,rocket-pool,151.9,staking token held by a counted product
2024-11,index-coop,frax-ether,83.2,staking token held by a counted product
2024-11,index-coop,stakewise-v3,97.07,staking token held by a counted product
2024-11,index-coop,stader,112.91,staking token held by a counted product
2024-11,index-coop,swell-liquid-staking,102.0,staking token held by a counted product
2024-11,agni-finance,meth-protocol,7971.63,staking token held by a counted product
2024-11,agni-finance,mantle-restaking,7965.92,staking token held by a counted product
2024-11,agni-finance,frax-ether,16.49,staking token held by a counted product
2024-11,set-protocol,lido,96.18,staking token held by a counted product
2024-11,set-protocol,coinbase-wrapped-staked-eth,10.81,staking token held by a counted product
2024-11,set-protocol,ankr,11.24,staking token held by a counted product
2024-11,set-protocol,frax-ether,10.84,staking token held by a counted product
2024-11,set-protocol,rocket-pool,10.28,staking token held by a counted product
2024-11,origin-arm,lido,2404.99,staking token held by a counted product
2024-11,merchant-moe-liquidity-book,meth-protocol,24257.92,staking token held by a counted product
2024-11,merchant-moe-liquidity-book,mantle-restaking,1048.56,staking token held by a counted product
2024-11,frax-swap,frax-ether,45.39,staking token held by a counted product
2024-11,syncswap,frax-ether,3.42,staking token held by a counted product
2024-11,syncswap,ankr,6.67,staking token held by a counted product
2024-11,syncswap,bedrock-unieth,6.44,staking token held by a counted product
2024-11,syncswap,kelp,568.14,staking token held by a counted product
2024-11,syncswap,ether.fi-stake,304.78,staking token held by a counted product
2024-11,syncswap,stakestone-stone,100.73,staking token held by a counted product
2024-11,syncswap,puffer-stake,3.06,staking token held by a counted product
2024-11,syncswap,lido,32.89,staking token held by a counted product
2024-11,camelot-v2,lido,9.71,staking token held by a counted product
2024-11,inceptionlrt-(isolated-restaking),ankr,14.9,staking token held by a counted product
2024-11,inceptionlrt-(isolated-restaking),coinbase-wrapped-staked-eth,404.53,staking token held by a counted product
2024-11,inceptionlrt-(isolated-restaking),stader,5.5,staking token held by a counted product
2024-11,inceptionlrt-(isolated-restaking),origin-ether,7.38,staking token held by a counted product
2024-11,inceptionlrt-(isolated-restaking),stakewise-v3,1.93,staking token held by a counted product
2024-11,inceptionlrt-(isolated-restaking),rocket-pool,15.15,staking token held by a counted product
2024-11,inceptionlrt-(isolated-restaking),lido,426.68,staking token held by a counted product
2024-11,inceptionlrt-(isolated-restaking),swell-liquid-staking,58.83,staking token held by a counted product
2024-11,inceptionlrt-(isolated-restaking),binance-staked-eth,1.99,staking token held by a counted product
2024-11,inceptionlrt-(isolated-restaking),liquid-collective,2.06,staking token held by a counted product
2024-11,inceptionlrt-(isolated-restaking),frax-ether,385.55,staking token held by a counted product
2024-11,inceptionlrt-(isolated-restaking),meth-protocol,8.28,staking token held by a counted product
2024-11,radpie,lido,233.97,staking token held by a counted product
2024-11,radpie,ether.fi-stake,15.43,staking token held by a counted product
2024-11,swaap-maker-v2,lido,51.09,staking token held by a counted product
2024-11,swaap-maker-v2,renzo,2.36,staking token held by a counted product
2024-11,swaap-maker-v2,ether.fi-stake,4.34,staking token held by a counted product
2024-11,camelot-v3,lido,665.7,staking token held by a counted product
2024-11,camelot-v3,kelp,418.05,staking token held by a counted product
2024-11,camelot-v3,renzo,132.2,staking token held by a counted product
2024-11,camelot-v3,ether.fi-stake,172.25,staking token held by a counted product
2024-11,camelot-v3,bedrock-unieth,19.71,staking token held by a counted product
2024-11,tranchess-yield,lido,130.0,staking token held by a counted product
2024-11,tranchess-yield,stakestone-stone,23394.87,staking token held by a counted product
2024-11,eigenpie,lido,220484.16,staking token held by a counted product
2024-11,eigenpie,rocket-pool,62.28,staking token held by a counted product
2024-11,eigenpie,frax-ether,227.06,staking token held by a counted product
2024-11,eigenpie,meth-protocol,2852.97,staking token held by a counted product
2024-11,eigenpie,swell-liquid-staking,5349.7,staking token held by a counted product
2024-11,eigenpie,coinbase-wrapped-staked-eth,53.8,staking token held by a counted product
2024-11,eigenpie,stader,158.56,staking token held by a counted product
2024-11,eigenpie,stakewise-v3,8.51,staking token held by a counted product
2024-11,eigenpie,liquid-collective,9.12,staking token held by a counted product
2024-11,eigenpie,ankr,11.02,staking token held by a counted product
2024-11,eigenpie,origin-ether,10.03,staking token held by a counted product
2024-11,eigenpie,binance-staked-eth,1325.23,staking token held by a counted product
2024-11,ribbon,rocket-pool,11.46,staking token held by a counted product
2024-11,ribbon,lido,8.97,staking token held by a counted product
2024-11,blast-pre-launch-farm,lido,1166.47,staking token held by a counted product
2024-11,reaper-farm,lido,21.2,staking token held by a counted product
2024-11,opyn-gamma,lido,577.38,staking token held by a counted product
2024-11,opyn-gamma,rocket-pool,3.19,staking token held by a counted product
2024-11,ribbon-earn,lido,434.29,staking token held by a counted product
2024-11,sommelier,lido,1318.65,staking token held by a counted product
2024-11,blackwing,renzo,2337.55,staking token held by a counted product
2024-11,blackwing,ether.fi-stake,668.34,staking token held by a counted product
2024-11,blackwing,swell-liquid-restaking,244.49,staking token held by a counted product
2024-11,blackwing,kelp,365.63,staking token held by a counted product
2024-11,blackwing,puffer-stake,9.01,staking token held by a counted product
2024-11,arbitrove,lido,3.09,staking token held by a counted product
2024-11,vaultcraft,kelp,18.28,staking token held by a counted product
2024-11,vaultcraft,lido,1.66,staking token held by a counted product
2024-11,vaultcraft,stader,2.05,staking token held by a counted product
2024-11,fyde-protocol,lido,29.04,staking token held by a counted product
2024-11,fyde-protocol,rocket-pool,19.25,staking token held by a counted product
2024-11,corn-kernels,ether.fi-stake,2148.59,staking token held by a counted product
2024-11,corn-kernels,kelp,221.09,staking token held by a counted product
2024-11,onx-finance,ankr,83.91,staking token held by a counted product
2024-11,juice-finance,renzo,100.27,staking token held by a counted product
2024-11,juice-finance,ether.fi-stake,68.9,staking token held by a counted product
2024-11,cytonic-airdrop-campaign,lido,1.67,staking token held by a counted product
2024-11,cytonic-airdrop-campaign,puffer-stake,1.01,staking token held by a counted product
2024-11,cytonic-airdrop-campaign,renzo,2.13,staking token held by a counted product
2024-11,hourglass,mantle-restaking,340.05,staking token held by a counted product
2024-11,hourglass,ether.fi-stake,2161.75,staking token held by a counted product
2024-11,treehouse-protocol,mantle-restaking,14438.63,staking token held by a counted product
2024-11,treehouse-protocol,lido,49192.67,staking token held by a counted product
2024-11,eigencloud,eigencloud,4093191.65,restaking-token issuers already count this
2024-11,symbiotic,symbiotic,349066.68,restaking-token issuers already count this
2024-12,carry:liquid-eth,ether.fi-stake,152716.55,on-chain product book; staking token per research
2024-12,carry:liquid-eth,veda,152716.55,DefiLlama row already counts this product
2024-12,carry:vesper-vaeth,vesper,1165.16,DefiLlama row already counts this product
2024-12,mantle-restaking,veda,192941.61,nested holding
2024-12,upshift,gain,40844.45,nested holding
2024-12,veda,meth-protocol,65214.1,staking token held by a counted product
2024-12,curve-dex,binance-staked-eth,4.0,staking token held by a counted product
2024-12,curve-dex,renzo,460.89,staking token held by a counted product
2024-12,curve-dex,origin-ether,5802.64,staking token held by a counted product
2024-12,curve-dex,lido,52343.58,staking token held by a counted product
2024-12,curve-dex,frax-ether,13252.22,staking token held by a counted product
2024-12,curve-dex,ether.fi-stake,6106.25,staking token held by a counted product
2024-12,curve-dex,meth-protocol,15.2,staking token held by a counted product
2024-12,curve-dex,rocket-pool,4194.4,staking token held by a counted product
2024-12,curve-dex,ankr,321.32,staking token held by a counted product
2024-12,curve-dex,coinbase-wrapped-staked-eth,411.88,staking token held by a counted product
2024-12,curve-dex,swell-liquid-staking,7.1,staking token held by a counted product
2024-12,curve-dex,stader,2002.83,staking token held by a counted product
2024-12,curve-dex,dinero-(pxeth),6795.79,staking token held by a counted product
2024-12,curve-dex,stakewise-v3,2536.18,staking token held by a counted product
2024-12,curve-dex,kelp,3318.35,staking token held by a counted product
2024-12,curve-dex,bedrock-unieth,713.47,staking token held by a counted product
2024-12,curve-dex,swell-liquid-restaking,53.83,staking token held by a counted product
2024-12,curve-dex,puffer-stake,3475.69,staking token held by a counted product
2024-12,curve-dex,treehouse-protocol,2572.3,staking token held by a counted product
2024-12,curve-dex,liquid-collective,1.48,staking token held by a counted product
2024-12,pendle-v2,ether.fi-stake,26584.25,staking token held by a counted product
2024-12,pendle-v2,origin-ether,502.01,staking token held by a counted product
2024-12,pendle-v2,lido,20807.23,staking token held by a counted product
2024-12,pendle-v2,frax-ether,744.93,staking token held by a counted product
2024-12,pendle-v2,dinero-(pxeth),126.56,staking token held by a counted product
2024-12,pendle-v2,renzo,32.55,staking token held by a counted product
2024-12,kelp,lido,286573.51,staking token held by a counted product
2024-12,kelp,stader,82416.65,staking token held by a counted product
2024-12,cian-yield-layer,binance-staked-eth,13.27,staking token held by a counted product
2024-12,cian-yield-layer,lido,1600.53,staking token held by a counted product
2024-12,cian-yield-layer,kelp,14534.87,staking token held by a counted product
2024-12,cian-yield-layer,ether.fi-stake,9.73,staking token held by a counted product
2024-12,cian-yield-layer,renzo,3591.59,staking token held by a counted product
2024-12,fluid-lite,lido,44426.73,staking token held by a counted product
2024-12,aerodrome-slipstream,kelp,1251.1,staking token held by a counted product
2024-12,aerodrome-slipstream,coinbase-wrapped-staked-eth,1047.46,staking token held by a counted product
2024-12,aerodrome-slipstream,renzo,4.42,staking token held by a counted product
2024-12,aerodrome-slipstream,ether.fi-stake,50.44,staking token held by a counted product
2024-12,aerodrome-slipstream,lido,1717.55,staking token held by a counted product
2024-12,gmx-v2-perps,lido,392.77,staking token held by a counted product
2024-12,yearn-finance,lido,10.6,staking token held by a counted product
2024-12,yearn-finance,renzo,8.2,staking token held by a counted product
2024-12,yearn-finance,ether.fi-stake,70.9,staking token held by a counted product
2024-12,yearn-finance,kelp,77.89,staking token held by a counted product
2024-12,yearn-finance,frax-ether,10.06,staking token held by a counted product
2024-12,yearn-finance,swell-liquid-restaking,1.74,staking token held by a counted product
2024-12,yearn-finance,dinero-(pxeth),68.87,staking token held by a counted product
2024-12,aerodrome-v1,lido,1524.46,staking token held by a counted product
2024-12,aerodrome-v1,rocket-pool,20.35,staking token held by a counted product
2024-12,aerodrome-v1,coinbase-wrapped-staked-eth,108.4,staking token held by a counted product
2024-12,aerodrome-v1,origin-ether,367.55,staking token held by a counted product
2024-12,enzyme-finance,ether.fi-stake,1599.15,staking token held by a counted product
2024-12,enzyme-finance,lido,13763.95,staking token held by a counted product
2024-12,enzyme-finance,renzo,250.89,staking token held by a counted product
2024-12,enzyme-finance,stader,1.12,staking token held by a counted product
2024-12,enzyme-finance,rocket-pool,109.75,staking token held by a counted product
2024-12,enzyme-finance,coinbase-wrapped-staked-eth,35.56,staking token held by a counted product
2024-12,enzyme-finance,swell-liquid-staking,475.06,staking token held by a counted product
2024-12,enzyme-finance,kelp,2.33,staking token held by a counted product
2024-12,enzyme-finance,stakewise-v3,3.19,staking token held by a counted product
2024-12,enzyme-finance,swell-liquid-restaking,2.37,staking token held by a counted product
2024-12,vesper,coinbase-wrapped-staked-eth,83.45,staking token held by a counted product
2024-12,vesper,rocket-pool,27.17,staking token held by a counted product
2024-12,vesper,lido,566.27,staking token held by a counted product
2024-12,swell-l2-farm,lido,432.88,staking token held by a counted product
2024-12,swell-l2-farm,swell-liquid-restaking,17306.5,staking token held by a counted product
2024-12,swell-l2-farm,swell-liquid-staking,2804.65,staking token held by a counted product
2024-12,swell-l2-farm,ether.fi-stake,58839.42,staking token held by a counted product
2024-12,swell-l2-farm,renzo,692.23,staking token held by a counted product
2024-12,swell-l2-farm,stakestone-stone,121.07,staking token held by a counted product
2024-12,swell-l2-farm,frax-ether,18.99,staking token held by a counted product
2024-12,zircuit-staking,swell-liquid-restaking,2080.61,staking token held by a counted product
2024-12,zircuit-staking,puffer-stake,14452.85,staking token held by a counted product
2024-12,zircuit-staking,ether.fi-stake,88346.0,staking token held by a counted product
2024-12,zircuit-staking,lido,31094.77,staking token held by a counted product
2024-12,zircuit-staking,meth-protocol,447.4,staking token held by a counted product
2024-12,zircuit-staking,liquid-collective,23174.23,staking token held by a counted product
2024-12,zircuit-staking,swell-liquid-staking,321.54,staking token held by a counted product
2024-12,zircuit-staking,renzo,36978.25,staking token held by a counted product
2024-12,zircuit-staking,kelp,19202.19,staking token held by a counted product
2024-12,zircuit-staking,stakestone-stone,1433.28,staking token held by a counted product
2024-12,origami-finance,lido,88.48,staking token held by a counted product
2024-12,origami-finance,swell-liquid-restaking,53.94,staking token held by a counted product
2024-12,origami-finance,ether.fi-stake,115.83,staking token held by a counted product
2024-12,sushiswap-v3,renzo,5.1,staking token held by a counted product
2024-12,sushiswap-v3,lido,13.62,staking token held by a counted product
2024-12,sushiswap-v3,frax-ether,18.02,staking token held by a counted product
2024-12,mantle-restaking,meth-protocol,192941.61,staking token held by a counted product
2024-12,autofinance,lido,2116.43,staking token held by a counted product
2024-12,reserve-protocol,lido,28502.04,staking token held by a counted product
2024-12,reserve-protocol,rocket-pool,11074.09,staking token held by a counted product
2024-12,reserve-protocol,stader,4192.66,staking token held by a counted product
2024-12,reserve-protocol,frax-ether,11073.9,staking token held by a counted product
2024-12,reserve-protocol,coinbase-wrapped-staked-eth,2102.83,staking token held by a counted product
2024-12,reserve-protocol,dinero-(pxeth),1212.93,staking token held by a counted product
2024-12,ekubo,lido,483.96,staking token held by a counted product
2024-12,mellow-restaking,lido,169077.23,staking token held by a counted product
2024-12,yieldnest,lido,54.89,staking token held by a counted product
2024-12,yieldnest,origin-ether,2097.54,staking token held by a counted product
2024-12,yieldnest,meth-protocol,10.04,staking token held by a counted product
2024-12,harvest-finance,kelp,1.07,staking token held by a counted product
2024-12,harvest-finance,lido,100.34,staking token held by a counted product
2024-12,harvest-finance,coinbase-wrapped-staked-eth,32.92,staking token held by a counted product
2024-12,harvest-finance,rocket-pool,11.61,staking token held by a counted product
2024-12,spectra-v2,origin-ether,117.39,staking token held by a counted product
2024-12,spectra-v2,lido,2948.91,staking token held by a counted product
2024-12,spectra-v2,kelp,12.29,staking token held by a counted product
2024-12,spectra-v2,coinbase-wrapped-staked-eth,14.26,staking token held by a counted product
2024-12,balancer-v3,stakewise-v3,385.57,staking token held by a counted product
2024-12,balancer-v3,stader,819.47,staking token held by a counted product
2024-12,balancer-v3,kelp,13.08,staking token held by a counted product
2024-12,balancer-v3,lido,13.49,staking token held by a counted product
2024-12,velodrome-v3,frax-ether,56.74,staking token held by a counted product
2024-12,native-credit-pool,stakestone-stone,22.36,staking token held by a counted product
2024-12,native-credit-pool,ether.fi-stake,25.67,staking token held by a counted product
2024-12,native-credit-pool,mantle-restaking,16.77,staking token held by a counted product
2024-12,native-credit-pool,meth-protocol,1499.71,staking token held by a counted product
2024-12,native-credit-pool,puffer-stake,5.4,staking token held by a counted product
2024-12,yield-yak-aggregator,meth-protocol,29.29,staking token held by a counted product
2024-12,velodrome-v2,renzo,4.48,staking token held by a counted product
2024-12,velodrome-v2,rocket-pool,1.72,staking token held by a counted product
2024-12,velodrome-v2,lido,1515.9,staking token held by a counted product
2024-12,velodrome-v2,ether.fi-stake,103.5,staking token held by a counted product
2024-12,velodrome-v2,frax-ether,353.56,staking token held by a counted product
2024-12,quickswap-v3,lido,20.73,staking token held by a counted product
2024-12,quickswap-v3,stakestone-stone,76.32,staking token held by a counted product
2024-12,quickswap-v3,meth-protocol,35.71,staking token held by a counted product
2024-12,quickswap-v3,coinbase-wrapped-staked-eth,5.33,staking token held by a counted product
2024-12,superform,renzo,28.82,staking token held by a counted product
2024-12,superform,kelp,4.81,staking token held by a counted product
2024-12,superform,ether.fi-stake,5.81,staking token held by a counted product
2024-12,superform,lido,53.44,staking token held by a counted product
2024-12,superform,origin-ether,14.35,staking token held by a counted product
2024-12,superform,rocket-pool,9.19,staking token held by a counted product
2024-12,superform,coinbase-wrapped-staked-eth,30.01,staking token held by a counted product
2024-12,index-coop,lido,100.29,staking token held by a counted product
2024-12,index-coop,rocket-pool,143.06,staking token held by a counted product
2024-12,index-coop,frax-ether,78.31,staking token held by a counted product
2024-12,index-coop,stakewise-v3,91.1,staking token held by a counted product
2024-12,index-coop,stader,105.02,staking token held by a counted product
2024-12,index-coop,swell-liquid-staking,95.58,staking token held by a counted product
2024-12,agni-finance,meth-protocol,7372.03,staking token held by a counted product
2024-12,agni-finance,mantle-restaking,11874.09,staking token held by a counted product
2024-12,agni-finance,frax-ether,13.84,staking token held by a counted product
2024-12,set-protocol,lido,95.95,staking token held by a counted product
2024-12,set-protocol,coinbase-wrapped-staked-eth,10.73,staking token held by a counted product
2024-12,set-protocol,ankr,11.22,staking token held by a counted product
2024-12,set-protocol,frax-ether,10.9,staking token held by a counted product
2024-12,set-protocol,rocket-pool,10.34,staking token held by a counted product
2024-12,origin-arm,lido,54.84,staking token held by a counted product
2024-12,merchant-moe-liquidity-book,meth-protocol,3775.5,staking token held by a counted product
2024-12,merchant-moe-liquidity-book,mantle-restaking,9118.55,staking token held by a counted product
2024-12,frax-swap,frax-ether,48.96,staking token held by a counted product
2024-12,syncswap,frax-ether,2.75,staking token held by a counted product
2024-12,syncswap,ankr,6.6,staking token held by a counted product
2024-12,syncswap,bedrock-unieth,3.91,staking token held by a counted product
2024-12,syncswap,kelp,369.77,staking token held by a counted product
2024-12,syncswap,ether.fi-stake,200.72,staking token held by a counted product
2024-12,syncswap,stakestone-stone,65.73,staking token held by a counted product
2024-12,syncswap,puffer-stake,4.37,staking token held by a counted product
2024-12,syncswap,lido,66.64,staking token held by a counted product
2024-12,camelot-v2,lido,9.39,staking token held by a counted product
2024-12,inceptionlrt-(isolated-restaking),ankr,11.56,staking token held by a counted product
2024-12,inceptionlrt-(isolated-restaking),coinbase-wrapped-staked-eth,404.99,staking token held by a counted product
2024-12,inceptionlrt-(isolated-restaking),stader,4.88,staking token held by a counted product
2024-12,inceptionlrt-(isolated-restaking),origin-ether,7.33,staking token held by a counted product
2024-12,inceptionlrt-(isolated-restaking),stakewise-v3,1.95,staking token held by a counted product
2024-12,inceptionlrt-(isolated-restaking),rocket-pool,13.82,staking token held by a counted product
2024-12,inceptionlrt-(isolated-restaking),lido,14436.69,staking token held by a counted product
2024-12,inceptionlrt-(isolated-restaking),swell-liquid-staking,58.45,staking token held by a counted product
2024-12,inceptionlrt-(isolated-restaking),binance-staked-eth,2.0,staking token held by a counted product
2024-12,inceptionlrt-(isolated-restaking),liquid-collective,2.08,staking token held by a counted product
2024-12,inceptionlrt-(isolated-restaking),frax-ether,816.35,staking token held by a counted product
2024-12,inceptionlrt-(isolated-restaking),meth-protocol,8.3,staking token held by a counted product
2024-12,radpie,lido,235.76,staking token held by a counted product
2024-12,radpie,ether.fi-stake,15.5,staking token held by a counted product
2024-12,nucleus,renzo,395.89,staking token held by a counted product
2024-12,nucleus,ether.fi-stake,1134.39,staking token held by a counted product
2024-12,nucleus,swell-liquid-restaking,1407.55,staking token held by a counted product
2024-12,nucleus,puffer-stake,3334.32,staking token held by a counted product
2024-12,nucleus,lido,2.63,staking token held by a counted product
2024-12,nucleus,dinero-(pxeth),2665.95,staking token held by a counted product
2024-12,nucleus,frax-ether,402.86,staking token held by a counted product
2024-12,nucleus,swell-liquid-staking,92.0,staking token held by a counted product
2024-12,swaap-maker-v2,lido,133.59,staking token held by a counted product
2024-12,swaap-maker-v2,renzo,4.01,staking token held by a counted product
2024-12,camelot-v3,lido,396.08,staking token held by a counted product
2024-12,camelot-v3,kelp,282.78,staking token held by a counted product
2024-12,camelot-v3,renzo,93.13,staking token held by a counted product
2024-12,camelot-v3,ether.fi-stake,746.99,staking token held by a counted product
2024-12,camelot-v3,bedrock-unieth,3.03,staking token held by a counted product
2024-12,tranchess-yield,lido,130.99,staking token held by a counted product
2024-12,tranchess-yield,stakestone-stone,18139.85,staking token held by a counted product
2024-12,eigenpie,lido,74682.32,staking token held by a counted product
2024-12,eigenpie,rocket-pool,45.27,staking token held by a counted product
2024-12,eigenpie,frax-ether,213.29,staking token held by a counted product
2024-12,eigenpie,meth-protocol,2102.52,staking token held by a counted product
2024-12,eigenpie,binance-staked-eth,1419.84,staking token held by a counted product
2024-12,eigenpie,swell-liquid-staking,4579.28,staking token held by a counted product
2024-12,eigenpie,coinbase-wrapped-staked-eth,53.84,staking token held by a counted product
2024-12,eigenpie,stader,134.96,staking token held by a counted product
2024-12,eigenpie,ankr,11.1,staking token held by a counted product
2024-12,eigenpie,stakewise-v3,8.61,staking token held by a counted product
2024-12,eigenpie,origin-ether,10.09,staking token held by a counted product
2024-12,eigenpie,liquid-collective,9.23,staking token held by a counted product
2024-12,ribbon,rocket-pool,11.63,staking token held by a counted product
2024-12,ribbon,lido,8.98,staking token held by a counted product
2024-12,stakestone-berachain-vault,stakestone-stone,27192.0,staking token held by a counted product
2024-12,blast-pre-launch-farm,lido,1095.43,staking token held by a counted product
2024-12,reaper-farm,lido,20.8,staking token held by a counted product
2024-12,opyn-gamma,lido,585.18,staking token held by a counted product
2024-12,opyn-gamma,rocket-pool,3.24,staking token held by a counted product
2024-12,ribbon-earn,lido,434.89,staking token held by a counted product
2024-12,sommelier,lido,1190.72,staking token held by a counted product
2024-12,trevee-earn,lido,3.79,staking token held by a counted product
2024-12,trevee-earn,ether.fi-stake,18.71,staking token held by a counted product
2024-12,blackwing,renzo,2090.35,staking token held by a counted product
2024-12,blackwing,ether.fi-stake,467.88,staking token held by a counted product
2024-12,blackwing,swell-liquid-restaking,232.01,staking token held by a counted product
2024-12,blackwing,kelp,311.08,staking token held by a counted product
2024-12,blackwing,puffer-stake,8.47,staking token held by a counted product
2024-12,arbitrove,lido,3.12,staking token held by a counted product
2024-12,vaultcraft,stader,2.02,staking token held by a counted product
2024-12,vaultcraft,kelp,12.12,staking token held by a counted product
2024-12,vaultcraft,lido,1.36,staking token held by a counted product
2024-12,fyde-protocol,lido,23.52,staking token held by a counted product
2024-12,fyde-protocol,rocket-pool,15.58,staking token held by a counted product
2024-12,corn-kernels,ether.fi-stake,1232.39,staking token held by a counted product
2024-12,corn-kernels,kelp,321.37,staking token held by a counted product
2024-12,onx-finance,ankr,84.53,staking token held by a counted product
2024-12,juice-finance,renzo,98.86,staking token held by a counted product
2024-12,juice-finance,ether.fi-stake,67.62,staking token held by a counted product
2024-12,cytonic-airdrop-campaign,lido,1.68,staking token held by a counted product
2024-12,cytonic-airdrop-campaign,swell-liquid-staking,9.97,staking token held by a counted product
2024-12,cytonic-airdrop-campaign,renzo,16.3,staking token held by a counted product
2024-12,cytonic-airdrop-campaign,origin-ether,46.41,staking token held by a counted product
2024-12,cytonic-airdrop-campaign,meth-protocol,1054.11,staking token held by a counted product
2024-12,hourglass,ether.fi-stake,46.31,staking token held by a counted product
2024-12,hourglass,mantle-restaking,443.64,staking token held by a counted product
2024-12,treehouse-protocol,mantle-restaking,28685.11,staking token held by a counted product
2024-12,treehouse-protocol,lido,53730.31,staking token held by a counted product
2024-12,eigencloud,eigencloud,3946190.42,restaking-token issuers already count this
2024-12,symbiotic,symbiotic,362459.6,restaking-token issuers already count this
2025-01,carry:liquid-eth,ether.fi-stake,153364.32,on-chain product book; staking token per research
2025-01,carry:liquid-eth,veda,153364.32,DefiLlama row already counts this product
2025-01,carry:vesper-vaeth,vesper,1095.14,DefiLlama row already counts this product
2025-01,mantle-restaking,veda,239357.84,nested holding
2025-01,upshift,gain,48955.08,nested holding
2025-01,veda,meth-protocol,58787.1,staking token held by a counted product
2025-01,curve-dex,binance-staked-eth,72.68,staking token held by a counted product
2025-01,curve-dex,renzo,1522.14,staking token held by a counted product
2025-01,curve-dex,frax-ether,9639.34,staking token held by a counted product
2025-01,curve-dex,lido,52591.22,staking token held by a counted product
2025-01,curve-dex,dinero-(pxeth),9017.4,staking token held by a counted product
2025-01,curve-dex,ankr,319.42,staking token held by a counted product
2025-01,curve-dex,rocket-pool,4704.1,staking token held by a counted product
2025-01,curve-dex,ether.fi-stake,5565.35,staking token held by a counted product
2025-01,curve-dex,coinbase-wrapped-staked-eth,523.36,staking token held by a counted product
2025-01,curve-dex,origin-ether,5928.56,staking token held by a counted product
2025-01,curve-dex,stader,1325.47,staking token held by a counted product
2025-01,curve-dex,stakewise-v3,1954.17,staking token held by a counted product
2025-01,curve-dex,swell-liquid-staking,4.56,staking token held by a counted product
2025-01,curve-dex,kelp,2648.43,staking token held by a counted product
2025-01,curve-dex,bedrock-unieth,848.05,staking token held by a counted product
2025-01,curve-dex,swell-liquid-restaking,46.4,staking token held by a counted product
2025-01,curve-dex,puffer-stake,2476.0,staking token held by a counted product
2025-01,curve-dex,liquid-collective,1.48,staking token held by a counted product
2025-01,curve-dex,treehouse-protocol,4309.6,staking token held by a counted product
2025-01,pendle-v2,origin-ether,437.66,staking token held by a counted product
2025-01,pendle-v2,lido,15025.41,staking token held by a counted product
2025-01,pendle-v2,ether.fi-stake,21050.9,staking token held by a counted product
2025-01,pendle-v2,frax-ether,105.67,staking token held by a counted product
2025-01,pendle-v2,dinero-(pxeth),126.59,staking token held by a counted product
2025-01,pendle-v2,renzo,25.82,staking token held by a counted product
2025-01,kelp,lido,351989.92,staking token held by a counted product
2025-01,kelp,stader,84206.1,staking token held by a counted product
2025-01,uniswap-v2,lido,142.08,staking token held by a counted product
2025-01,cian-yield-layer,binance-staked-eth,13.43,staking token held by a counted product
2025-01,cian-yield-layer,lido,1614.26,staking token held by a counted product
2025-01,cian-yield-layer,kelp,17880.27,staking token held by a counted product
2025-01,cian-yield-layer,ether.fi-stake,7.1,staking token held by a counted product
2025-01,cian-yield-layer,renzo,2748.18,staking token held by a counted product
2025-01,fluid-lite,lido,48746.22,staking token held by a counted product
2025-01,aerodrome-slipstream,coinbase-wrapped-staked-eth,206.85,staking token held by a counted product
2025-01,aerodrome-slipstream,renzo,307.91,staking token held by a counted product
2025-01,aerodrome-slipstream,ether.fi-stake,151.5,staking token held by a counted product
2025-01,aerodrome-slipstream,kelp,577.13,staking token held by a counted product
2025-01,aerodrome-slipstream,lido,2061.17,staking token held by a counted product
2025-01,gmx-v2-perps,lido,387.29,staking token held by a counted product
2025-01,yearn-finance,lido,10.43,staking token held by a counted product
2025-01,yearn-finance,renzo,8.17,staking token held by a counted product
2025-01,yearn-finance,ether.fi-stake,50.66,staking token held by a counted product
2025-01,yearn-finance,kelp,70.45,staking token held by a counted product
2025-01,yearn-finance,frax-ether,9.23,staking token held by a counted product
2025-01,yearn-finance,swell-liquid-restaking,1.53,staking token held by a counted product
2025-01,yearn-finance,dinero-(pxeth),68.51,staking token held by a counted product
2025-01,aerodrome-v1,lido,5098.03,staking token held by a counted product
2025-01,aerodrome-v1,rocket-pool,19.62,staking token held by a counted product
2025-01,aerodrome-v1,coinbase-wrapped-staked-eth,17.25,staking token held by a counted product
2025-01,aerodrome-v1,origin-ether,116.01,staking token held by a counted product
2025-01,enzyme-finance,ether.fi-stake,1612.02,staking token held by a counted product
2025-01,enzyme-finance,kelp,17.43,staking token held by a counted product
2025-01,enzyme-finance,lido,13618.83,staking token held by a counted product
2025-01,enzyme-finance,rocket-pool,20.01,staking token held by a counted product
2025-01,enzyme-finance,renzo,149.18,staking token held by a counted product
2025-01,enzyme-finance,stader,48.46,staking token held by a counted product
2025-01,enzyme-finance,swell-liquid-staking,403.89,staking token held by a counted product
2025-01,enzyme-finance,stakewise-v3,3.18,staking token held by a counted product
2025-01,enzyme-finance,swell-liquid-restaking,2.39,staking token held by a counted product
2025-01,enzyme-finance,coinbase-wrapped-staked-eth,33.64,staking token held by a counted product
2025-01,vesper,lido,571.08,staking token held by a counted product
2025-01,vesper,coinbase-wrapped-staked-eth,87.3,staking token held by a counted product
2025-01,vesper,rocket-pool,23.53,staking token held by a counted product
2025-01,swell-l2-farm,lido,187.8,staking token held by a counted product
2025-01,swell-l2-farm,swell-liquid-restaking,10008.04,staking token held by a counted product
2025-01,swell-l2-farm,swell-liquid-staking,1642.42,staking token held by a counted product
2025-01,swell-l2-farm,ether.fi-stake,54459.55,staking token held by a counted product
2025-01,swell-l2-farm,renzo,303.59,staking token held by a counted product
2025-01,swell-l2-farm,stakestone-stone,93.35,staking token held by a counted product
2025-01,swell-l2-farm,frax-ether,11.39,staking token held by a counted product
2025-01,zircuit-staking,swell-liquid-restaking,1563.5,staking token held by a counted product
2025-01,zircuit-staking,puffer-stake,14186.06,staking token held by a counted product
2025-01,zircuit-staking,ether.fi-stake,65675.89,staking token held by a counted product
2025-01,zircuit-staking,lido,29239.59,staking token held by a counted product
2025-01,zircuit-staking,meth-protocol,439.91,staking token held by a counted product
2025-01,zircuit-staking,liquid-collective,23096.31,staking token held by a counted product
2025-01,zircuit-staking,swell-liquid-staking,187.97,staking token held by a counted product
2025-01,zircuit-staking,renzo,29997.57,staking token held by a counted product
2025-01,zircuit-staking,kelp,10539.04,staking token held by a counted product
2025-01,zircuit-staking,stakestone-stone,1246.93,staking token held by a counted product
2025-01,origami-finance,lido,78.59,staking token held by a counted product
2025-01,origami-finance,swell-liquid-restaking,87.01,staking token held by a counted product
2025-01,origami-finance,ether.fi-stake,58.84,staking token held by a counted product
2025-01,sushiswap-v3,lido,11.53,staking token held by a counted product
2025-01,sushiswap-v3,frax-ether,17.69,staking token held by a counted product
2025-01,sushiswap-v3,renzo,5.07,staking token held by a counted product
2025-01,sushiswap-v3,coinbase-wrapped-staked-eth,4.53,staking token held by a counted product
2025-01,mantle-restaking,meth-protocol,239357.84,staking token held by a counted product
2025-01,autofinance,lido,2112.12,staking token held by a counted product
2025-01,reserve-protocol,lido,29055.81,staking token held by a counted product
2025-01,reserve-protocol,rocket-pool,10618.36,staking token held by a counted product
2025-01,reserve-protocol,stader,4067.77,staking token held by a counted product
2025-01,reserve-protocol,frax-ether,10667.39,staking token held by a counted product
2025-01,reserve-protocol,coinbase-wrapped-staked-eth,3626.91,staking token held by a counted product
2025-01,ekubo,lido,286.05,staking token held by a counted product
2025-01,mellow-restaking,lido,110323.11,staking token held by a counted product
2025-01,yieldnest,lido,64.88,staking token held by a counted product
2025-01,yieldnest,origin-ether,2020.05,staking token held by a counted product
2025-01,yieldnest,meth-protocol,10.04,staking token held by a counted product
2025-01,harvest-finance,lido,69.74,staking token held by a counted product
2025-01,harvest-finance,kelp,1.07,staking token held by a counted product
2025-01,harvest-finance,coinbase-wrapped-staked-eth,12.1,staking token held by a counted product
2025-01,harvest-finance,rocket-pool,10.83,staking token held by a counted product
2025-01,spectra-v2,origin-ether,60.53,staking token held by a counted product
2025-01,spectra-v2,lido,2304.55,staking token held by a counted product
2025-01,spectra-v2,kelp,13.43,staking token held by a counted product
2025-01,balancer-v3,lido,13.48,staking token held by a counted product
2025-01,balancer-v3,stakewise-v3,402.44,staking token held by a counted product
2025-01,balancer-v3,stader,828.29,staking token held by a counted product
2025-01,balancer-v3,kelp,1.12,staking token held by a counted product
2025-01,balancer-v3,dinero-(pxeth),339.38,staking token held by a counted product
2025-01,balancer-v3,rocket-pool,3.83,staking token held by a counted product
2025-01,velodrome-v3,frax-ether,126.58,staking token held by a counted product
2025-01,velodrome-v3,renzo,5.63,staking token held by a counted product
2025-01,velodrome-v3,lido,55.62,staking token held by a counted product
2025-01,native-credit-pool,stakestone-stone,105.85,staking token held by a counted product
2025-01,native-credit-pool,ether.fi-stake,4.99,staking token held by a counted product
2025-01,native-credit-pool,mantle-restaking,29.9,staking token held by a counted product
2025-01,native-credit-pool,meth-protocol,1498.75,staking token held by a counted product
2025-01,native-credit-pool,puffer-stake,5.42,staking token held by a counted product
2025-01,yield-yak-aggregator,meth-protocol,29.32,staking token held by a counted product
2025-01,velodrome-v2,rocket-pool,2.11,staking token held by a counted product
2025-01,velodrome-v2,renzo,3.33,staking token held by a counted product
2025-01,velodrome-v2,frax-ether,331.94,staking token held by a counted product
2025-01,velodrome-v2,lido,438.89,staking token held by a counted product
2025-01,velodrome-v2,ether.fi-stake,103.81,staking token held by a counted product
2025-01,quickswap-v3,lido,29.62,staking token held by a counted product
2025-01,quickswap-v3,stakestone-stone,85.51,staking token held by a counted product
2025-01,quickswap-v3,meth-protocol,32.86,staking token held by a counted product
2025-01,quickswap-v3,coinbase-wrapped-staked-eth,5.57,staking token held by a counted product
2025-01,superform,renzo,16.13,staking token held by a counted product
2025-01,superform,kelp,4.78,staking token held by a counted product
2025-01,superform,ether.fi-stake,21.76,staking token held by a counted product
2025-01,superform,lido,30.29,staking token held by a counted product
2025-01,superform,origin-ether,9.76,staking token held by a counted product
2025-01,superform,rocket-pool,9.17,staking token held by a counted product
2025-01,superform,coinbase-wrapped-staked-eth,32.0,staking token held by a counted product
2025-01,index-coop,lido,100.0,staking token held by a counted product
2025-01,index-coop,rocket-pool,141.73,staking token held by a counted product
2025-01,index-coop,frax-ether,77.9,staking token held by a counted product
2025-01,index-coop,swell-liquid-staking,94.59,staking token held by a counted product
2025-01,index-coop,stakewise-v3,90.35,staking token held by a counted product
2025-01,index-coop,stader,105.18,staking token held by a counted product
2025-01,agni-finance,meth-protocol,5549.56,staking token held by a counted product
2025-01,agni-finance,mantle-restaking,23838.72,staking token held by a counted product
2025-01,agni-finance,frax-ether,15.03,staking token held by a counted product
2025-01,set-protocol,lido,94.98,staking token held by a counted product
2025-01,set-protocol,coinbase-wrapped-staked-eth,10.4,staking token held by a counted product
2025-01,set-protocol,ankr,10.87,staking token held by a counted product
2025-01,set-protocol,frax-ether,10.57,staking token held by a counted product
2025-01,set-protocol,rocket-pool,9.98,staking token held by a counted product
2025-01,origin-arm,lido,5565.71,staking token held by a counted product
2025-01,merchant-moe-liquidity-book,meth-protocol,2962.86,staking token held by a counted product
2025-01,merchant-moe-liquidity-book,mantle-restaking,9772.0,staking token held by a counted product
2025-01,frax-swap,frax-ether,39.2,staking token held by a counted product
2025-01,syncswap,frax-ether,3.28,staking token held by a counted product
2025-01,syncswap,ankr,6.07,staking token held by a counted product
2025-01,syncswap,bedrock-unieth,4.06,staking token held by a counted product
2025-01,syncswap,kelp,884.99,staking token held by a counted product
2025-01,syncswap,ether.fi-stake,164.32,staking token held by a counted product
2025-01,syncswap,stakestone-stone,48.5,staking token held by a counted product
2025-01,syncswap,puffer-stake,3.75,staking token held by a counted product
2025-01,syncswap,lido,368.79,staking token held by a counted product
2025-01,camelot-v2,lido,9.32,staking token held by a counted product
2025-01,radpie,lido,235.52,staking token held by a counted product
2025-01,radpie,ether.fi-stake,15.48,staking token held by a counted product
2025-01,nucleus,renzo,388.24,staking token held by a counted product
2025-01,nucleus,ether.fi-stake,2070.6,staking token held by a counted product
2025-01,nucleus,swell-liquid-restaking,2377.34,staking token held by a counted product
2025-01,nucleus,lido,1.36,staking token held by a counted product
2025-01,nucleus,dinero-(pxeth),2431.14,staking token held by a counted product
2025-01,nucleus,frax-ether,314.53,staking token held by a counted product
2025-01,nucleus,swell-liquid-staking,1.23,staking token held by a counted product
2025-01,nucleus,puffer-stake,3668.27,staking token held by a counted product
2025-01,swaap-maker-v2,lido,92.2,staking token held by a counted product
2025-01,swaap-maker-v2,ether.fi-stake,1.66,staking token held by a counted product
2025-01,swaap-maker-v2,renzo,5.12,staking token held by a counted product
2025-01,camelot-v3,lido,404.9,staking token held by a counted product
2025-01,camelot-v3,kelp,113.46,staking token held by a counted product
2025-01,camelot-v3,renzo,44.8,staking token held by a counted product
2025-01,camelot-v3,ether.fi-stake,1032.05,staking token held by a counted product
2025-01,tranchess-yield,lido,100.06,staking token held by a counted product
2025-01,tranchess-yield,stakestone-stone,807.47,staking token held by a counted product
2025-01,eigenpie,lido,73996.54,staking token held by a counted product
2025-01,eigenpie,rocket-pool,31.14,staking token held by a counted product
2025-01,eigenpie,frax-ether,194.02,staking token held by a counted product
2025-01,eigenpie,meth-protocol,130.98,staking token held by a counted product
2025-01,eigenpie,binance-staked-eth,632.06,staking token held by a counted product
2025-01,eigenpie,swell-liquid-staking,3436.48,staking token held by a counted product
2025-01,eigenpie,coinbase-wrapped-staked-eth,43.68,staking token held by a counted product
2025-01,eigenpie,stader,118.18,staking token held by a counted product
2025-01,eigenpie,ankr,11.08,staking token held by a counted product
2025-01,eigenpie,stakewise-v3,8.58,staking token held by a counted product
2025-01,eigenpie,origin-ether,10.07,staking token held by a counted product
2025-01,eigenpie,liquid-collective,9.19,staking token held by a counted product
2025-01,ribbon,rocket-pool,11.57,staking token held by a counted product
2025-01,ribbon,lido,9.0,staking token held by a counted product
2025-01,stakestone-berachain-vault,stakestone-stone,45387.92,staking token held by a counted product
2025-01,sophon-farm,lido,4718.96,staking token held by a counted product
2025-01,sophon-farm,ether.fi-stake,2243.88,staking token held by a counted product
2025-01,blast-pre-launch-farm,lido,1071.69,staking token held by a counted product
2025-01,latch,ether.fi-stake,1124.95,staking token held by a counted product
2025-01,reaper-farm,lido,20.1,staking token held by a counted product
2025-01,opyn-gamma,lido,592.95,staking token held by a counted product
2025-01,opyn-gamma,rocket-pool,3.23,staking token held by a counted product
2025-01,ribbon-earn,lido,427.65,staking token held by a counted product
2025-01,sommelier,lido,591.3,staking token held by a counted product
2025-01,trevee-earn,lido,8.84,staking token held by a counted product
2025-01,trevee-earn,ether.fi-stake,109.27,staking token held by a counted product
2025-01,blackwing,ether.fi-stake,407.2,staking token held by a counted product
2025-01,blackwing,renzo,1939.76,staking token held by a counted product
2025-01,blackwing,puffer-stake,7.31,staking token held by a counted product
2025-01,blackwing,swell-liquid-restaking,198.87,staking token held by a counted product
2025-01,blackwing,kelp,315.3,staking token held by a counted product
2025-01,arbitrove,lido,3.11,staking token held by a counted product
2025-01,vaultcraft,kelp,17.37,staking token held by a counted product
2025-01,vaultcraft,stader,3.09,staking token held by a counted product
2025-01,vaultcraft,lido,1.39,staking token held by a counted product
2025-01,corn-kernels,ether.fi-stake,723.24,staking token held by a counted product
2025-01,corn-kernels,kelp,125.37,staking token held by a counted product
2025-01,onx-finance,ankr,84.38,staking token held by a counted product
2025-01,juice-finance,ether.fi-stake,57.29,staking token held by a counted product
2025-01,juice-finance,renzo,94.08,staking token held by a counted product
2025-01,cytonic-airdrop-campaign,lido,1.68,staking token held by a counted product
2025-01,cytonic-airdrop-campaign,ether.fi-stake,6.59,staking token held by a counted product
2025-01,cytonic-airdrop-campaign,puffer-stake,62.5,staking token held by a counted product
2025-01,cytonic-airdrop-campaign,swell-liquid-staking,9.93,staking token held by a counted product
2025-01,cytonic-airdrop-campaign,renzo,16.67,staking token held by a counted product
2025-01,cytonic-airdrop-campaign,origin-ether,43.39,staking token held by a counted product
2025-01,cytonic-airdrop-campaign,meth-protocol,1054.2,staking token held by a counted product
2025-01,hourglass,ether.fi-stake,8.91,staking token held by a counted product
2025-01,hourglass,mantle-restaking,455.53,staking token held by a counted product
2025-01,treehouse-protocol,mantle-restaking,28451.34,staking token held by a counted product
2025-01,treehouse-protocol,lido,54882.38,staking token held by a counted product
2025-01,treehouse-protocol,ether.fi-stake,774.78,staking token held by a counted product
2025-01,eigencloud,eigencloud,3879322.21,restaking-token issuers already count this
2025-01,symbiotic,symbiotic,350268.99,restaking-token issuers already count this
2025-02,carry:liquid-eth,ether.fi-stake,159201.6,on-chain product book; staking token per research
2025-02,carry:liquid-eth,veda,159201.6,DefiLlama row already counts this product
2025-02,carry:vesper-vaeth,vesper,1090.71,DefiLlama row already counts this product
2025-02,mantle-restaking,veda,224949.92,nested holding
2025-02,upshift,gain,64206.79,nested holding
2025-02,veda,meth-protocol,92738.77,staking token held by a counted product
2025-02,curve-dex,binance-staked-eth,52.13,staking token held by a counted product
2025-02,curve-dex,renzo,1758.38,staking token held by a counted product
2025-02,curve-dex,frax-ether,9126.27,staking token held by a counted product
2025-02,curve-dex,dinero-(pxeth),7362.85,staking token held by a counted product
2025-02,curve-dex,lido,56877.41,staking token held by a counted product
2025-02,curve-dex,coinbase-wrapped-staked-eth,479.11,staking token held by a counted product
2025-02,curve-dex,origin-ether,13383.44,staking token held by a counted product
2025-02,curve-dex,ankr,306.79,staking token held by a counted product
2025-02,curve-dex,rocket-pool,3637.68,staking token held by a counted product
2025-02,curve-dex,ether.fi-stake,5554.42,staking token held by a counted product
2025-02,curve-dex,puffer-stake,3823.56,staking token held by a counted product
2025-02,curve-dex,stakewise-v3,2454.81,staking token held by a counted product
2025-02,curve-dex,swell-liquid-staking,3.03,staking token held by a counted product
2025-02,curve-dex,stader,928.52,staking token held by a counted product
2025-02,curve-dex,kelp,2710.7,staking token held by a counted product
2025-02,curve-dex,bedrock-unieth,775.11,staking token held by a counted product
2025-02,curve-dex,swell-liquid-restaking,30.79,staking token held by a counted product
2025-02,curve-dex,treehouse-protocol,2949.02,staking token held by a counted product
2025-02,pendle-v2,ether.fi-stake,15289.44,staking token held by a counted product
2025-02,pendle-v2,origin-ether,316.42,staking token held by a counted product
2025-02,pendle-v2,lido,29477.46,staking token held by a counted product
2025-02,pendle-v2,frax-ether,89.41,staking token held by a counted product
2025-02,pendle-v2,dinero-(pxeth),123.77,staking token held by a counted product
2025-02,pendle-v2,renzo,25.96,staking token held by a counted product
2025-02,kelp,lido,360565.66,staking token held by a counted product
2025-02,kelp,stader,84274.66,staking token held by a counted product
2025-02,uniswap-v2,lido,156.44,staking token held by a counted product
2025-02,cian-yield-layer,binance-staked-eth,7.99,staking token held by a counted product
2025-02,cian-yield-layer,lido,1247.67,staking token held by a counted product
2025-02,cian-yield-layer,kelp,18709.8,staking token held by a counted product
2025-02,cian-yield-layer,ether.fi-stake,7.41,staking token held by a counted product
2025-02,cian-yield-layer,renzo,846.25,staking token held by a counted product
2025-02,fluid-lite,lido,52557.94,staking token held by a counted product
2025-02,aerodrome-slipstream,renzo,344.53,staking token held by a counted product
2025-02,aerodrome-slipstream,kelp,479.96,staking token held by a counted product
2025-02,aerodrome-slipstream,coinbase-wrapped-staked-eth,1452.16,staking token held by a counted product
2025-02,aerodrome-slipstream,ether.fi-stake,111.6,staking token held by a counted product
2025-02,aerodrome-slipstream,lido,1815.72,staking token held by a counted product
2025-02,aerodrome-slipstream,liquid-collective,293.67,staking token held by a counted product
2025-02,gmx-v2-perps,lido,372.97,staking token held by a counted product
2025-02,yearn-finance,renzo,5.38,staking token held by a counted product
2025-02,yearn-finance,ether.fi-stake,49.14,staking token held by a counted product
2025-02,yearn-finance,kelp,72.47,staking token held by a counted product
2025-02,yearn-finance,lido,10.54,staking token held by a counted product
2025-02,yearn-finance,frax-ether,7.88,staking token held by a counted product
2025-02,yearn-finance,swell-liquid-restaking,1.52,staking token held by a counted product
2025-02,yearn-finance,dinero-(pxeth),68.89,staking token held by a counted product
2025-02,aerodrome-v1,lido,3232.52,staking token held by a counted product
2025-02,aerodrome-v1,rocket-pool,19.58,staking token held by a counted product
2025-02,aerodrome-v1,origin-ether,118.0,staking token held by a counted product
2025-02,enzyme-finance,ether.fi-stake,1648.85,staking token held by a counted product
2025-02,enzyme-finance,kelp,17.16,staking token held by a counted product
2025-02,enzyme-finance,lido,14294.79,staking token held by a counted product
2025-02,enzyme-finance,rocket-pool,48.29,staking token held by a counted product
2025-02,enzyme-finance,renzo,235.92,staking token held by a counted product
2025-02,enzyme-finance,stader,15.43,staking token held by a counted product
2025-02,enzyme-finance,swell-liquid-staking,401.85,staking token held by a counted product
2025-02,enzyme-finance,swell-liquid-restaking,2.05,staking token held by a counted product
2025-02,enzyme-finance,coinbase-wrapped-staked-eth,33.94,staking token held by a counted product
2025-02,enzyme-finance,stakewise-v3,3.1,staking token held by a counted product
2025-02,vesper,lido,578.07,staking token held by a counted product
2025-02,vesper,coinbase-wrapped-staked-eth,88.44,staking token held by a counted product
2025-02,vesper,rocket-pool,23.93,staking token held by a counted product
2025-02,swell-l2-farm,lido,137.84,staking token held by a counted product
2025-02,swell-l2-farm,swell-liquid-restaking,8872.8,staking token held by a counted product
2025-02,swell-l2-farm,swell-liquid-staking,1392.63,staking token held by a counted product
2025-02,swell-l2-farm,ether.fi-stake,49385.34,staking token held by a counted product
2025-02,swell-l2-farm,renzo,246.06,staking token held by a counted product
2025-02,swell-l2-farm,stakestone-stone,43.03,staking token held by a counted product
2025-02,swell-l2-farm,frax-ether,11.46,staking token held by a counted product
2025-02,zircuit-staking,swell-liquid-restaking,1245.02,staking token held by a counted product
2025-02,zircuit-staking,puffer-stake,12800.81,staking token held by a counted product
2025-02,zircuit-staking,ether.fi-stake,58147.09,staking token held by a counted product
2025-02,zircuit-staking,lido,38126.71,staking token held by a counted product
2025-02,zircuit-staking,meth-protocol,429.57,staking token held by a counted product
2025-02,zircuit-staking,swell-liquid-staking,153.32,staking token held by a counted product
2025-02,zircuit-staking,renzo,25493.41,staking token held by a counted product
2025-02,zircuit-staking,kelp,8440.64,staking token held by a counted product
2025-02,zircuit-staking,liquid-collective,14844.3,staking token held by a counted product
2025-02,zircuit-staking,stakestone-stone,1782.06,staking token held by a counted product
2025-02,origami-finance,lido,74.57,staking token held by a counted product
2025-02,origami-finance,swell-liquid-restaking,82.62,staking token held by a counted product
2025-02,origami-finance,ether.fi-stake,57.44,staking token held by a counted product
2025-02,sushiswap-v3,lido,17.62,staking token held by a counted product
2025-02,sushiswap-v3,frax-ether,17.7,staking token held by a counted product
2025-02,sushiswap-v3,renzo,6.38,staking token held by a counted product
2025-02,sushiswap-v3,coinbase-wrapped-staked-eth,6.63,staking token held by a counted product
2025-02,mantle-restaking,meth-protocol,224949.92,staking token held by a counted product
2025-02,autofinance,lido,2131.69,staking token held by a counted product
2025-02,reserve-protocol,lido,32716.13,staking token held by a counted product
2025-02,reserve-protocol,rocket-pool,12613.99,staking token held by a counted product
2025-02,reserve-protocol,stader,4808.38,staking token held by a counted product
2025-02,reserve-protocol,frax-ether,12584.91,staking token held by a counted product
2025-02,reserve-protocol,coinbase-wrapped-staked-eth,2692.59,staking token held by a counted product
2025-02,ekubo,lido,241.91,staking token held by a counted product
2025-02,mellow-restaking,lido,108779.09,staking token held by a counted product
2025-02,yieldnest,lido,692.39,staking token held by a counted product
2025-02,yieldnest,frax-ether,30.78,staking token held by a counted product
2025-02,yieldnest,meth-protocol,10.1,staking token held by a counted product
2025-02,yieldnest,origin-ether,1986.74,staking token held by a counted product
2025-02,harvest-finance,lido,68.96,staking token held by a counted product
2025-02,harvest-finance,coinbase-wrapped-staked-eth,7.74,staking token held by a counted product
2025-02,harvest-finance,rocket-pool,10.12,staking token held by a counted product
2025-02,spectra-v2,origin-ether,53.88,staking token held by a counted product
2025-02,spectra-v2,lido,7203.92,staking token held by a counted product
2025-02,spectra-v2,kelp,7.56,staking token held by a counted product
2025-02,balancer-v3,stakewise-v3,359.34,staking token held by a counted product
2025-02,balancer-v3,stader,737.17,staking token held by a counted product
2025-02,balancer-v3,kelp,21.54,staking token held by a counted product
2025-02,balancer-v3,lido,19.58,staking token held by a counted product
2025-02,balancer-v3,dinero-(pxeth),526.91,staking token held by a counted product
2025-02,balancer-v3,treehouse-protocol,398.25,staking token held by a counted product
2025-02,velodrome-v3,frax-ether,42.06,staking token held by a counted product
2025-02,velodrome-v3,renzo,3.51,staking token held by a counted product
2025-02,velodrome-v3,lido,50.28,staking token held by a counted product
2025-02,native-credit-pool,stakestone-stone,3.87,staking token held by a counted product
2025-02,native-credit-pool,ether.fi-stake,1.09,staking token held by a counted product
2025-02,native-credit-pool,puffer-stake,5.41,staking token held by a counted product
2025-02,native-credit-pool,meth-protocol,14.23,staking token held by a counted product
2025-02,yield-yak-aggregator,meth-protocol,32.02,staking token held by a counted product
2025-02,velodrome-v2,renzo,3.26,staking token held by a counted product
2025-02,velodrome-v2,rocket-pool,14.71,staking token held by a counted product
2025-02,velodrome-v2,frax-ether,275.5,staking token held by a counted product
2025-02,velodrome-v2,lido,732.73,staking token held by a counted product
2025-02,velodrome-v2,ether.fi-stake,103.53,staking token held by a counted product
2025-02,quickswap-v3,lido,33.98,staking token held by a counted product
2025-02,quickswap-v3,stakestone-stone,86.73,staking token held by a counted product
2025-02,quickswap-v3,meth-protocol,32.09,staking token held by a counted product
2025-02,quickswap-v3,coinbase-wrapped-staked-eth,5.47,staking token held by a counted product
2025-02,superform,renzo,14.83,staking token held by a counted product
2025-02,superform,kelp,4.86,staking token held by a counted product
2025-02,superform,ether.fi-stake,29.63,staking token held by a counted product
2025-02,superform,lido,31.38,staking token held by a counted product
2025-02,superform,origin-ether,9.13,staking token held by a counted product
2025-02,superform,rocket-pool,8.73,staking token held by a counted product
2025-02,superform,coinbase-wrapped-staked-eth,35.3,staking token held by a counted product
2025-02,index-coop,lido,509.69,staking token held by a counted product
2025-02,index-coop,rocket-pool,9.36,staking token held by a counted product
2025-02,agni-finance,meth-protocol,3259.1,staking token held by a counted product
2025-02,agni-finance,mantle-restaking,10186.61,staking token held by a counted product
2025-02,agni-finance,frax-ether,17.55,staking token held by a counted product
2025-02,kodiak-v3,ether.fi-stake,9820.22,staking token held by a counted product
2025-02,kodiak-v3,stakestone-stone,63179.17,staking token held by a counted product
2025-02,kodiak-v3,kelp,1155.98,staking token held by a counted product
2025-02,kodiak-v3,swell-liquid-restaking,33.09,staking token held by a counted product
2025-02,set-protocol,lido,92.75,staking token held by a counted product
2025-02,set-protocol,coinbase-wrapped-staked-eth,10.36,staking token held by a counted product
2025-02,set-protocol,ankr,10.77,staking token held by a counted product
2025-02,set-protocol,frax-ether,10.47,staking token held by a counted product
2025-02,set-protocol,rocket-pool,9.9,staking token held by a counted product
2025-02,origin-arm,lido,7019.05,staking token held by a counted product
2025-02,merchant-moe-liquidity-book,mantle-restaking,5902.31,staking token held by a counted product
2025-02,merchant-moe-liquidity-book,meth-protocol,575.71,staking token held by a counted product
2025-02,frax-swap,frax-ether,41.9,staking token held by a counted product
2025-02,syncswap,frax-ether,3.17,staking token held by a counted product
2025-02,syncswap,ankr,5.73,staking token held by a counted product
2025-02,syncswap,bedrock-unieth,5.53,staking token held by a counted product
2025-02,syncswap,kelp,293.45,staking token held by a counted product
2025-02,syncswap,ether.fi-stake,180.04,staking token held by a counted product
2025-02,syncswap,stakestone-stone,43.95,staking token held by a counted product
2025-02,syncswap,puffer-stake,3.19,staking token held by a counted product
2025-02,syncswap,lido,562.66,staking token held by a counted product
2025-02,bulbaswap-v3,ether.fi-stake,4.17,staking token held by a counted product
2025-02,camelot-v2,lido,9.18,staking token held by a counted product
2025-02,inceptionlrt-(isolated-restaking),lido,25532.72,staking token held by a counted product
2025-02,inceptionlrt-(isolated-restaking),swell-liquid-staking,38.36,staking token held by a counted product
2025-02,inceptionlrt-(isolated-restaking),ankr,11.63,staking token held by a counted product
2025-02,inceptionlrt-(isolated-restaking),coinbase-wrapped-staked-eth,408.47,staking token held by a counted product
2025-02,inceptionlrt-(isolated-restaking),stader,4.54,staking token held by a counted product
2025-02,inceptionlrt-(isolated-restaking),liquid-collective,2.1,staking token held by a counted product
2025-02,inceptionlrt-(isolated-restaking),meth-protocol,8.35,staking token held by a counted product
2025-02,inceptionlrt-(isolated-restaking),origin-ether,7.35,staking token held by a counted product
2025-02,inceptionlrt-(isolated-restaking),stakewise-v3,1.94,staking token held by a counted product
2025-02,inceptionlrt-(isolated-restaking),rocket-pool,13.88,staking token held by a counted product
2025-02,inceptionlrt-(isolated-restaking),frax-ether,902.97,staking token held by a counted product
2025-02,inceptionlrt-(isolated-restaking),binance-staked-eth,2.01,staking token held by a counted product
2025-02,radpie,lido,237.34,staking token held by a counted product
2025-02,radpie,ether.fi-stake,15.56,staking token held by a counted product
2025-02,nucleus,renzo,703.91,staking token held by a counted product
2025-02,nucleus,swell-liquid-restaking,3557.36,staking token held by a counted product
2025-02,nucleus,puffer-stake,7777.85,staking token held by a counted product
2025-02,nucleus,dinero-(pxeth),2289.51,staking token held by a counted product
2025-02,nucleus,frax-ether,188.25,staking token held by a counted product
2025-02,nucleus,swell-liquid-staking,8.16,staking token held by a counted product
2025-02,nucleus,ether.fi-stake,2377.5,staking token held by a counted product
2025-02,swaap-maker-v2,lido,126.0,staking token held by a counted product
2025-02,swaap-maker-v2,renzo,7.66,staking token held by a counted product
2025-02,camelot-v3,lido,328.84,staking token held by a counted product
2025-02,camelot-v3,kelp,407.36,staking token held by a counted product
2025-02,camelot-v3,renzo,217.75,staking token held by a counted product
2025-02,camelot-v3,ether.fi-stake,1243.21,staking token held by a counted product
2025-02,tranchess-yield,stakestone-stone,4013.92,staking token held by a counted product
2025-02,tranchess-yield,ether.fi-stake,8.04,staking token held by a counted product
2025-02,tranchess-yield,lido,100.77,staking token held by a counted product
2025-02,eigenpie,lido,74171.76,staking token held by a counted product
2025-02,eigenpie,rocket-pool,31.14,staking token held by a counted product
2025-02,eigenpie,frax-ether,66.88,staking token held by a counted product
2025-02,eigenpie,meth-protocol,93.35,staking token held by a counted product
2025-02,eigenpie,binance-staked-eth,610.51,staking token held by a counted product
2025-02,eigenpie,swell-liquid-staking,3310.9,staking token held by a counted product
2025-02,eigenpie,coinbase-wrapped-staked-eth,30.8,staking token held by a counted product
2025-02,eigenpie,stader,115.4,staking token held by a counted product
2025-02,eigenpie,ankr,11.18,staking token held by a counted product
2025-02,eigenpie,stakewise-v3,8.55,staking token held by a counted product
2025-02,eigenpie,origin-ether,10.07,staking token held by a counted product
2025-02,eigenpie,liquid-collective,9.31,staking token held by a counted product
2025-02,ribbon,rocket-pool,11.73,staking token held by a counted product
2025-02,ribbon,lido,9.09,staking token held by a counted product
2025-02,stakestone-berachain-vault,stakestone-stone,15.64,staking token held by a counted product
2025-02,sophon-farm,lido,10987.96,staking token held by a counted product
2025-02,sophon-farm,ether.fi-stake,1839.05,staking token held by a counted product
2025-02,blast-pre-launch-farm,lido,1067.71,staking token held by a counted product
2025-02,latch,ether.fi-stake,1257.01,staking token held by a counted product
2025-02,reaper-farm,lido,19.52,staking token held by a counted product
2025-02,opyn-gamma,lido,601.96,staking token held by a counted product
2025-02,ribbon-earn,lido,431.36,staking token held by a counted product
2025-02,sommelier,lido,337.88,staking token held by a counted product
2025-02,trevee-earn,lido,9958.22,staking token held by a counted product
2025-02,trevee-earn,ether.fi-stake,1346.47,staking token held by a counted product
2025-02,blackwing,swell-liquid-restaking,195.47,staking token held by a counted product
2025-02,blackwing,kelp,270.93,staking token held by a counted product
2025-02,blackwing,renzo,1648.74,staking token held by a counted product
2025-02,blackwing,ether.fi-stake,359.55,staking token held by a counted product
2025-02,blackwing,puffer-stake,5.09,staking token held by a counted product
2025-02,arbitrove,lido,3.14,staking token held by a counted product
2025-02,vaultcraft,kelp,3952.66,staking token held by a counted product
2025-02,vaultcraft,stader,3.13,staking token held by a counted product
2025-02,vaultcraft,lido,4.43,staking token held by a counted product
2025-02,corn-kernels,ether.fi-stake,543.54,staking token held by a counted product
2025-02,corn-kernels,kelp,114.35,staking token held by a counted product
2025-02,onx-finance,ankr,85.19,staking token held by a counted product
2025-02,juice-finance,renzo,93.25,staking token held by a counted product
2025-02,juice-finance,ether.fi-stake,56.27,staking token held by a counted product
2025-02,cytonic-airdrop-campaign,lido,21.75,staking token held by a counted product
2025-02,cytonic-airdrop-campaign,ether.fi-stake,6.69,staking token held by a counted product
2025-02,cytonic-airdrop-campaign,puffer-stake,62.08,staking token held by a counted product
2025-02,cytonic-airdrop-campaign,renzo,2.07,staking token held by a counted product
2025-02,cytonic-airdrop-campaign,origin-ether,45.61,staking token held by a counted product
2025-02,cytonic-airdrop-campaign,meth-protocol,1063.27,staking token held by a counted product
2025-02,hourglass,ether.fi-stake,6.71,staking token held by a counted product
2025-02,treehouse-protocol,mantle-restaking,29743.26,staking token held by a counted product
2025-02,treehouse-protocol,lido,68677.67,staking token held by a counted product
2025-02,treehouse-protocol,ether.fi-stake,752.87,staking token held by a counted product
2025-02,eigencloud,eigencloud,3947059.9,restaking-token issuers already count this
2025-02,symbiotic,symbiotic,333880.15,restaking-token issuers already count this
2025-03,carry:liquid-eth,ether.fi-stake,161418.29,on-chain product book; staking token per research
2025-03,carry:liquid-eth,veda,161418.29,DefiLlama row already counts this product
2025-03,carry:vesper-vaeth,vesper,1354.74,DefiLlama row already counts this product
2025-03,mantle-restaking,veda,238524.1,nested holding
2025-03,upshift,gain,62070.08,nested holding
2025-03,veda,meth-protocol,93154.12,staking token held by a counted product
2025-03,curve-dex,binance-staked-eth,66.85,staking token held by a counted product
2025-03,curve-dex,renzo,505.98,staking token held by a counted product
2025-03,curve-dex,coinbase-wrapped-staked-eth,521.8,staking token held by a counted product
2025-03,curve-dex,origin-ether,10897.52,staking token held by a counted product
2025-03,curve-dex,lido,47583.8,staking token held by a counted product
2025-03,curve-dex,frax-ether,8764.53,staking token held by a counted product
2025-03,curve-dex,bedrock-unieth,932.05,staking token held by a counted product
2025-03,curve-dex,rocket-pool,3456.23,staking token held by a counted product
2025-03,curve-dex,dinero-(pxeth),8008.37,staking token held by a counted product
2025-03,curve-dex,ankr,308.86,staking token held by a counted product
2025-03,curve-dex,swell-liquid-staking,3.08,staking token held by a counted product
2025-03,curve-dex,stader,1106.66,staking token held by a counted product
2025-03,curve-dex,ether.fi-stake,4932.1,staking token held by a counted product
2025-03,curve-dex,puffer-stake,3492.27,staking token held by a counted product
2025-03,curve-dex,kelp,1551.95,staking token held by a counted product
2025-03,curve-dex,stakewise-v3,2589.8,staking token held by a counted product
2025-03,curve-dex,swell-liquid-restaking,39.47,staking token held by a counted product
2025-03,curve-dex,treehouse-protocol,2475.41,staking token held by a counted product
2025-03,pendle-v2,origin-ether,315.98,staking token held by a counted product
2025-03,pendle-v2,lido,32360.96,staking token held by a counted product
2025-03,pendle-v2,ether.fi-stake,13819.63,staking token held by a counted product
2025-03,pendle-v2,frax-ether,67.84,staking token held by a counted product
2025-03,pendle-v2,dinero-(pxeth),106.6,staking token held by a counted product
2025-03,pendle-v2,renzo,25.96,staking token held by a counted product
2025-03,kelp,lido,397878.39,staking token held by a counted product
2025-03,kelp,stader,83330.13,staking token held by a counted product
2025-03,uniswap-v2,lido,159.92,staking token held by a counted product
2025-03,upshift,lido,8611.45,staking token held by a counted product
2025-03,upshift,kelp,49179.18,staking token held by a counted product
2025-03,cian-yield-layer,binance-staked-eth,2.74,staking token held by a counted product
2025-03,cian-yield-layer,lido,1212.41,staking token held by a counted product
2025-03,cian-yield-layer,kelp,18367.51,staking token held by a counted product
2025-03,cian-yield-layer,renzo,492.51,staking token held by a counted product
2025-03,cian-yield-layer,ether.fi-stake,7.49,staking token held by a counted product
2025-03,fluid-lite,lido,60808.14,staking token held by a counted product
2025-03,aerodrome-slipstream,kelp,328.7,staking token held by a counted product
2025-03,aerodrome-slipstream,coinbase-wrapped-staked-eth,255.45,staking token held by a counted product
2025-03,aerodrome-slipstream,renzo,12.18,staking token held by a counted product
2025-03,aerodrome-slipstream,ether.fi-stake,234.21,staking token held by a counted product
2025-03,aerodrome-slipstream,lido,1637.02,staking token held by a counted product
2025-03,aerodrome-slipstream,liquid-collective,313.41,staking token held by a counted product
2025-03,gmx-v2-perps,lido,371.52,staking token held by a counted product
2025-03,yearn-finance,lido,10.11,staking token held by a counted product
2025-03,yearn-finance,ether.fi-stake,56.01,staking token held by a counted product
2025-03,yearn-finance,renzo,5.28,staking token held by a counted product
2025-03,yearn-finance,kelp,22.38,staking token held by a counted product
2025-03,yearn-finance,frax-ether,8.29,staking token held by a counted product
2025-03,yearn-finance,swell-liquid-restaking,1.54,staking token held by a counted product
2025-03,yearn-finance,dinero-(pxeth),68.71,staking token held by a counted product
2025-03,aerodrome-v1,lido,1044.25,staking token held by a counted product
2025-03,aerodrome-v1,rocket-pool,17.99,staking token held by a counted product
2025-03,aerodrome-v1,origin-ether,117.59,staking token held by a counted product
2025-03,enzyme-finance,rocket-pool,81.31,staking token held by a counted product
2025-03,enzyme-finance,lido,11912.48,staking token held by a counted product
2025-03,enzyme-finance,renzo,49.84,staking token held by a counted product
2025-03,enzyme-finance,swell-liquid-staking,400.82,staking token held by a counted product
2025-03,enzyme-finance,ether.fi-stake,1647.6,staking token held by a counted product
2025-03,enzyme-finance,kelp,17.17,staking token held by a counted product
2025-03,enzyme-finance,stakewise-v3,3.13,staking token held by a counted product
2025-03,enzyme-finance,swell-liquid-restaking,2.07,staking token held by a counted product
2025-03,enzyme-finance,coinbase-wrapped-staked-eth,33.94,staking token held by a counted product
2025-03,vesper,lido,517.84,staking token held by a counted product
2025-03,vesper,coinbase-wrapped-staked-eth,78.9,staking token held by a counted product
2025-03,vesper,rocket-pool,22.08,staking token held by a counted product
2025-03,swell-l2-farm,lido,117.73,staking token held by a counted product
2025-03,swell-l2-farm,swell-liquid-restaking,2632.47,staking token held by a counted product
2025-03,swell-l2-farm,swell-liquid-staking,989.27,staking token held by a counted product
2025-03,swell-l2-farm,ether.fi-stake,748.01,staking token held by a counted product
2025-03,swell-l2-farm,renzo,229.62,staking token held by a counted product
2025-03,swell-l2-farm,stakestone-stone,41.37,staking token held by a counted product
2025-03,swell-l2-farm,frax-ether,11.5,staking token held by a counted product
2025-03,zircuit-staking,swell-liquid-restaking,1122.55,staking token held by a counted product
2025-03,zircuit-staking,puffer-stake,9927.77,staking token held by a counted product
2025-03,zircuit-staking,ether.fi-stake,43852.56,staking token held by a counted product
2025-03,zircuit-staking,lido,37804.81,staking token held by a counted product
2025-03,zircuit-staking,meth-protocol,433.87,staking token held by a counted product
2025-03,zircuit-staking,swell-liquid-staking,232.85,staking token held by a counted product
2025-03,zircuit-staking,renzo,25439.68,staking token held by a counted product
2025-03,zircuit-staking,kelp,4968.5,staking token held by a counted product
2025-03,zircuit-staking,liquid-collective,14869.67,staking token held by a counted product
2025-03,zircuit-staking,stakestone-stone,1799.82,staking token held by a counted product
2025-03,origami-finance,lido,68.62,staking token held by a counted product
2025-03,origami-finance,swell-liquid-restaking,55.86,staking token held by a counted product
2025-03,origami-finance,ether.fi-stake,50.46,staking token held by a counted product
2025-03,sushiswap-v3,lido,10.1,staking token held by a counted product
2025-03,sushiswap-v3,frax-ether,17.7,staking token held by a counted product
2025-03,mantle-restaking,meth-protocol,238524.1,staking token held by a counted product
2025-03,autofinance,lido,2115.89,staking token held by a counted product
2025-03,reserve-protocol,lido,35448.94,staking token held by a counted product
2025-03,reserve-protocol,rocket-pool,14248.95,staking token held by a counted product
2025-03,reserve-protocol,stader,5431.96,staking token held by a counted product
2025-03,reserve-protocol,frax-ether,14261.79,staking token held by a counted product
2025-03,reserve-protocol,coinbase-wrapped-staked-eth,1556.31,staking token held by a counted product
2025-03,ekubo,lido,310.15,staking token held by a counted product
2025-03,ekubo,rocket-pool,1.39,staking token held by a counted product
2025-03,mellow-restaking,lido,104584.96,staking token held by a counted product
2025-03,yieldnest,lido,2502.32,staking token held by a counted product
2025-03,yieldnest,frax-ether,40.05,staking token held by a counted product
2025-03,yieldnest,origin-ether,1979.43,staking token held by a counted product
2025-03,yieldnest,meth-protocol,10.17,staking token held by a counted product
2025-03,harvest-finance,lido,62.63,staking token held by a counted product
2025-03,harvest-finance,coinbase-wrapped-staked-eth,7.47,staking token held by a counted product
2025-03,harvest-finance,rocket-pool,9.92,staking token held by a counted product
2025-03,spectra-v2,origin-ether,53.98,staking token held by a counted product
2025-03,spectra-v2,lido,6528.94,staking token held by a counted product
2025-03,spectra-v2,kelp,6.9,staking token held by a counted product
2025-03,balancer-v3,lido,34.32,staking token held by a counted product
2025-03,balancer-v3,stakewise-v3,345.3,staking token held by a counted product
2025-03,balancer-v3,stader,722.99,staking token held by a counted product
2025-03,balancer-v3,kelp,25.25,staking token held by a counted product
2025-03,balancer-v3,dinero-(pxeth),9.96,staking token held by a counted product
2025-03,balancer-v3,treehouse-protocol,398.77,staking token held by a counted product
2025-03,velodrome-v3,lido,830.45,staking token held by a counted product
2025-03,velodrome-v3,ether.fi-stake,187.76,staking token held by a counted product
2025-03,velodrome-v3,kelp,2.38,staking token held by a counted product
2025-03,velodrome-v3,renzo,20.44,staking token held by a counted product
2025-03,velodrome-v3,coinbase-wrapped-staked-eth,27.02,staking token held by a counted product
2025-03,velodrome-v3,frax-ether,80.99,staking token held by a counted product
2025-03,velodrome-v3,rocket-pool,1.99,staking token held by a counted product
2025-03,native-credit-pool,stakestone-stone,3.83,staking token held by a counted product
2025-03,native-credit-pool,ether.fi-stake,1.09,staking token held by a counted product
2025-03,native-credit-pool,puffer-stake,5.3,staking token held by a counted product
2025-03,native-credit-pool,meth-protocol,13.24,staking token held by a counted product
2025-03,yield-yak-aggregator,meth-protocol,32.2,staking token held by a counted product
2025-03,velodrome-v2,renzo,3.25,staking token held by a counted product
2025-03,velodrome-v2,rocket-pool,11.59,staking token held by a counted product
2025-03,velodrome-v2,frax-ether,230.68,staking token held by a counted product
2025-03,velodrome-v2,lido,712.05,staking token held by a counted product
2025-03,velodrome-v2,ether.fi-stake,103.94,staking token held by a counted product
2025-03,quickswap-v3,lido,30.75,staking token held by a counted product
2025-03,quickswap-v3,stakestone-stone,72.76,staking token held by a counted product
2025-03,quickswap-v3,meth-protocol,31.56,staking token held by a counted product
2025-03,quickswap-v3,coinbase-wrapped-staked-eth,4.26,staking token held by a counted product
2025-03,superform,renzo,10.73,staking token held by a counted product
2025-03,superform,kelp,6.76,staking token held by a counted product
2025-03,superform,ether.fi-stake,26.3,staking token held by a counted product
2025-03,superform,lido,38.92,staking token held by a counted product
2025-03,superform,origin-ether,12.21,staking token held by a counted product
2025-03,superform,rocket-pool,8.56,staking token held by a counted product
2025-03,superform,coinbase-wrapped-staked-eth,33.79,staking token held by a counted product
2025-03,index-coop,lido,291.23,staking token held by a counted product
2025-03,index-coop,rocket-pool,8.93,staking token held by a counted product
2025-03,agni-finance,meth-protocol,220.62,staking token held by a counted product
2025-03,agni-finance,mantle-restaking,6403.39,staking token held by a counted product
2025-03,agni-finance,frax-ether,17.29,staking token held by a counted product
2025-03,kodiak-v3,kelp,1166.31,staking token held by a counted product
2025-03,kodiak-v3,stakestone-stone,62825.36,staking token held by a counted product
2025-03,kodiak-v3,swell-liquid-restaking,35.87,staking token held by a counted product
2025-03,kodiak-v3,ether.fi-stake,9469.08,staking token held by a counted product
2025-03,set-protocol,lido,46.75,staking token held by a counted product
2025-03,set-protocol,coinbase-wrapped-staked-eth,9.54,staking token held by a counted product
2025-03,set-protocol,ankr,10.05,staking token held by a counted product
2025-03,set-protocol,frax-ether,9.71,staking token held by a counted product
2025-03,set-protocol,rocket-pool,9.2,staking token held by a counted product
2025-03,origin-arm,lido,963.71,staking token held by a counted product
2025-03,merchant-moe-liquidity-book,mantle-restaking,6573.26,staking token held by a counted product
2025-03,merchant-moe-liquidity-book,meth-protocol,657.54,staking token held by a counted product
2025-03,frax-swap,frax-ether,50.15,staking token held by a counted product
2025-03,syncswap,ether.fi-stake,328.5,staking token held by a counted product
2025-03,syncswap,lido,6.98,staking token held by a counted product
2025-03,syncswap,stakestone-stone,43.07,staking token held by a counted product
2025-03,syncswap,kelp,426.47,staking token held by a counted product
2025-03,syncswap,puffer-stake,4.07,staking token held by a counted product
2025-03,syncswap,ankr,6.23,staking token held by a counted product
2025-03,syncswap,frax-ether,2.74,staking token held by a counted product
2025-03,bulbaswap-v3,ether.fi-stake,2.19,staking token held by a counted product
2025-03,camelot-v2,lido,9.15,staking token held by a counted product
2025-03,inceptionlrt-(isolated-restaking),lido,18911.75,staking token held by a counted product
2025-03,inceptionlrt-(isolated-restaking),swell-liquid-staking,36.26,staking token held by a counted product
2025-03,inceptionlrt-(isolated-restaking),ankr,9.3,staking token held by a counted product
2025-03,inceptionlrt-(isolated-restaking),coinbase-wrapped-staked-eth,2.39,staking token held by a counted product
2025-03,inceptionlrt-(isolated-restaking),stader,4.54,staking token held by a counted product
2025-03,inceptionlrt-(isolated-restaking),liquid-collective,2.11,staking token held by a counted product
2025-03,inceptionlrt-(isolated-restaking),meth-protocol,8.33,staking token held by a counted product
2025-03,inceptionlrt-(isolated-restaking),origin-ether,7.34,staking token held by a counted product
2025-03,inceptionlrt-(isolated-restaking),stakewise-v3,1.96,staking token held by a counted product
2025-03,inceptionlrt-(isolated-restaking),rocket-pool,13.77,staking token held by a counted product
2025-03,inceptionlrt-(isolated-restaking),frax-ether,851.18,staking token held by a counted product
2025-03,inceptionlrt-(isolated-restaking),binance-staked-eth,2.01,staking token held by a counted product
2025-03,radpie,ether.fi-stake,15.54,staking token held by a counted product
2025-03,radpie,lido,237.59,staking token held by a counted product
2025-03,nucleus,renzo,1203.72,staking token held by a counted product
2025-03,nucleus,ether.fi-stake,2627.71,staking token held by a counted product
2025-03,nucleus,swell-liquid-restaking,3830.35,staking token held by a counted product
2025-03,nucleus,dinero-(pxeth),2097.6,staking token held by a counted product
2025-03,nucleus,frax-ether,147.92,staking token held by a counted product
2025-03,nucleus,swell-liquid-staking,143.1,staking token held by a counted product
2025-03,nucleus,puffer-stake,2403.11,staking token held by a counted product
2025-03,swaap-maker-v2,lido,9.42,staking token held by a counted product
2025-03,camelot-v3,lido,275.93,staking token held by a counted product
2025-03,camelot-v3,kelp,344.23,staking token held by a counted product
2025-03,camelot-v3,renzo,88.59,staking token held by a counted product
2025-03,camelot-v3,ether.fi-stake,1403.91,staking token held by a counted product
2025-03,tranchess-yield,stakestone-stone,2712.27,staking token held by a counted product
2025-03,tranchess-yield,ether.fi-stake,7.32,staking token held by a counted product
2025-03,tranchess-yield,lido,115.32,staking token held by a counted product
2025-03,eigenpie,lido,74030.99,staking token held by a counted product
2025-03,eigenpie,rocket-pool,31.11,staking token held by a counted product
2025-03,eigenpie,frax-ether,67.02,staking token held by a counted product
2025-03,eigenpie,meth-protocol,87.62,staking token held by a counted product
2025-03,eigenpie,binance-staked-eth,608.71,staking token held by a counted product
2025-03,eigenpie,swell-liquid-staking,3246.18,staking token held by a counted product
2025-03,eigenpie,coinbase-wrapped-staked-eth,30.72,staking token held by a counted product
2025-03,eigenpie,ankr,11.25,staking token held by a counted product
2025-03,eigenpie,stakewise-v3,8.65,staking token held by a counted product
2025-03,eigenpie,origin-ether,10.08,staking token held by a counted product
2025-03,eigenpie,stader,112.1,staking token held by a counted product
2025-03,eigenpie,liquid-collective,9.32,staking token held by a counted product
2025-03,ribbon,rocket-pool,11.72,staking token held by a counted product
2025-03,ribbon,lido,9.05,staking token held by a counted product
2025-03,stakestone-berachain-vault,stakestone-stone,15.71,staking token held by a counted product
2025-03,sophon-farm,ether.fi-stake,1657.65,staking token held by a counted product
2025-03,sophon-farm,lido,8229.85,staking token held by a counted product
2025-03,blast-pre-launch-farm,lido,1062.3,staking token held by a counted product
2025-03,latch,ether.fi-stake,1130.54,staking token held by a counted product
2025-03,reaper-farm,lido,19.55,staking token held by a counted product
2025-03,opyn-gamma,lido,596.38,staking token held by a counted product
2025-03,theo-straddle-vaults,ether.fi-stake,1214.16,staking token held by a counted product
2025-03,ribbon-earn,lido,429.61,staking token held by a counted product
2025-03,sommelier,lido,323.41,staking token held by a counted product
2025-03,trevee-earn,lido,8488.61,staking token held by a counted product
2025-03,trevee-earn,ether.fi-stake,1427.51,staking token held by a counted product
2025-03,blackwing,renzo,1542.2,staking token held by a counted product
2025-03,blackwing,ether.fi-stake,315.73,staking token held by a counted product
2025-03,blackwing,swell-liquid-restaking,172.86,staking token held by a counted product
2025-03,blackwing,kelp,242.23,staking token held by a counted product
2025-03,blackwing,puffer-stake,4.89,staking token held by a counted product
2025-03,arbitrove,lido,3.14,staking token held by a counted product
2025-03,vaultcraft,stader,5.16,staking token held by a counted product
2025-03,vaultcraft,kelp,3950.97,staking token held by a counted product
2025-03,vaultcraft,lido,4.47,staking token held by a counted product
2025-03,corn-kernels,ether.fi-stake,189.67,staking token held by a counted product
2025-03,corn-kernels,kelp,39.69,staking token held by a counted product
2025-03,onx-finance,ankr,85.74,staking token held by a counted product
2025-03,juice-finance,renzo,86.41,staking token held by a counted product
2025-03,juice-finance,ether.fi-stake,14.52,staking token held by a counted product
2025-03,cytonic-airdrop-campaign,lido,21.63,staking token held by a counted product
2025-03,cytonic-airdrop-campaign,ether.fi-stake,6.69,staking token held by a counted product
2025-03,cytonic-airdrop-campaign,puffer-stake,62.45,staking token held by a counted product
2025-03,cytonic-airdrop-campaign,renzo,4.17,staking token held by a counted product
2025-03,cytonic-airdrop-campaign,meth-protocol,50.78,staking token held by a counted product
2025-03,cytonic-airdrop-campaign,origin-ether,49.06,staking token held by a counted product
2025-03,hourglass,ether.fi-stake,6.59,staking token held by a counted product
2025-03,napier,dinero-(pxeth),7.26,staking token held by a counted product
2025-03,napier,lido,874.99,staking token held by a counted product
2025-03,treehouse-protocol,mantle-restaking,29968.63,staking token held by a counted product
2025-03,treehouse-protocol,lido,77068.12,staking token held by a counted product
2025-03,treehouse-protocol,ether.fi-stake,919.15,staking token held by a counted product
2025-03,eigencloud,eigencloud,3919929.64,restaking-token issuers already count this
2025-03,symbiotic,symbiotic,343112.06,restaking-token issuers already count this
2025-04,carry:liquid-eth,ether.fi-stake,176931.28,on-chain product book; staking token per research
2025-04,carry:liquid-eth,veda,176931.28,DefiLlama row already counts this product
2025-04,carry:vesper-vaeth,vesper,1460.41,DefiLlama row already counts this product
2025-04,mantle-restaking,veda,214573.34,nested holding
2025-04,upshift,gain,63272.88,nested holding
2025-04,veda,meth-protocol,82511.19,staking token held by a counted product
2025-04,curve-dex,binance-staked-eth,51.43,staking token held by a counted product
2025-04,curve-dex,renzo,517.92,staking token held by a counted product
2025-04,curve-dex,frax-ether,8988.09,staking token held by a counted product
2025-04,curve-dex,lido,50253.56,staking token held by a counted product
2025-04,curve-dex,dinero-(pxeth),8631.84,staking token held by a counted product
2025-04,curve-dex,origin-ether,11014.13,staking token held by a counted product
2025-04,curve-dex,rocket-pool,3957.83,staking token held by a counted product
2025-04,curve-dex,bedrock-unieth,991.91,staking token held by a counted product
2025-04,curve-dex,ankr,307.41,staking token held by a counted product
2025-04,curve-dex,coinbase-wrapped-staked-eth,602.51,staking token held by a counted product
2025-04,curve-dex,stader,1333.6,staking token held by a counted product
2025-04,curve-dex,swell-liquid-staking,3.19,staking token held by a counted product
2025-04,curve-dex,ether.fi-stake,5516.02,staking token held by a counted product
2025-04,curve-dex,stakewise-v3,3079.08,staking token held by a counted product
2025-04,curve-dex,kelp,167.45,staking token held by a counted product
2025-04,curve-dex,swell-liquid-restaking,32.01,staking token held by a counted product
2025-04,curve-dex,puffer-stake,2200.44,staking token held by a counted product
2025-04,curve-dex,treehouse-protocol,2378.14,staking token held by a counted product
2025-04,pendle-v2,rocket-pool,2003.89,staking token held by a counted product
2025-04,pendle-v2,lido,18336.64,staking token held by a counted product
2025-04,pendle-v2,meth-protocol,28.52,staking token held by a counted product
2025-04,pendle-v2,mantle-restaking,5889.65,staking token held by a counted product
2025-04,pendle-v2,coinbase-wrapped-staked-eth,172.54,staking token held by a counted product
2025-04,pendle-v2,ether.fi-stake,12396.33,staking token held by a counted product
2025-04,pendle-v2,binance-staked-eth,112.97,staking token held by a counted product
2025-04,pendle-v2,renzo,1726.79,staking token held by a counted product
2025-04,pendle-v2,bedrock-unieth,1904.78,staking token held by a counted product
2025-04,pendle-v2,kelp,4559.69,staking token held by a counted product
2025-04,pendle-v2,frax-ether,67.87,staking token held by a counted product
2025-04,pendle-v2,stader,43.15,staking token held by a counted product
2025-04,pendle-v2,puffer-stake,8270.45,staking token held by a counted product
2025-04,pendle-v2,origin-ether,154.16,staking token held by a counted product
2025-04,pendle-v2,swell-liquid-restaking,4285.32,staking token held by a counted product
2025-04,pendle-v2,swell-liquid-staking,1084.98,staking token held by a counted product
2025-04,pendle-v2,treehouse-protocol,19290.54,staking token held by a counted product
2025-04,pendle-v2,dinero-(pxeth),5.97,staking token held by a counted product
2025-04,kelp,lido,351488.87,staking token held by a counted product
2025-04,kelp,stader,82805.19,staking token held by a counted product
2025-04,uniswap-v2,lido,137.28,staking token held by a counted product
2025-04,uniswap-v2,binance-staked-eth,1.48,staking token held by a counted product
2025-04,upshift,lido,9393.72,staking token held by a counted product
2025-04,upshift,kelp,50433.94,staking token held by a counted product
2025-04,cian-yield-layer,lido,1195.09,staking token held by a counted product
2025-04,cian-yield-layer,ether.fi-stake,7.49,staking token held by a counted product
2025-04,cian-yield-layer,kelp,17698.21,staking token held by a counted product
2025-04,cian-yield-layer,binance-staked-eth,1.69,staking token held by a counted product
2025-04,cian-yield-layer,renzo,106.4,staking token held by a counted product
2025-04,fluid-lite,lido,60317.91,staking token held by a counted product
2025-04,aerodrome-slipstream,kelp,780.59,staking token held by a counted product
2025-04,aerodrome-slipstream,renzo,51.99,staking token held by a counted product
2025-04,aerodrome-slipstream,ether.fi-stake,16.66,staking token held by a counted product
2025-04,aerodrome-slipstream,coinbase-wrapped-staked-eth,1269.6,staking token held by a counted product
2025-04,aerodrome-slipstream,lido,873.23,staking token held by a counted product
2025-04,aerodrome-slipstream,liquid-collective,689.97,staking token held by a counted product
2025-04,gmx-v2-perps,lido,370.42,staking token held by a counted product
2025-04,yearn-finance,ether.fi-stake,61.19,staking token held by a counted product
2025-04,yearn-finance,renzo,5.28,staking token held by a counted product
2025-04,yearn-finance,lido,10.35,staking token held by a counted product
2025-04,yearn-finance,kelp,29.8,staking token held by a counted product
2025-04,yearn-finance,frax-ether,8.78,staking token held by a counted product
2025-04,yearn-finance,swell-liquid-restaking,1.54,staking token held by a counted product
2025-04,yearn-finance,dinero-(pxeth),68.61,staking token held by a counted product
2025-04,aerodrome-v1,coinbase-wrapped-staked-eth,382.05,staking token held by a counted product
2025-04,aerodrome-v1,lido,884.71,staking token held by a counted product
2025-04,aerodrome-v1,ether.fi-stake,1109.72,staking token held by a counted product
2025-04,aerodrome-v1,rocket-pool,6.48,staking token held by a counted product
2025-04,aerodrome-v1,origin-ether,120.56,staking token held by a counted product
2025-04,enzyme-finance,ether.fi-stake,8638.58,staking token held by a counted product
2025-04,enzyme-finance,kelp,17.22,staking token held by a counted product
2025-04,enzyme-finance,lido,11211.0,staking token held by a counted product
2025-04,enzyme-finance,rocket-pool,81.33,staking token held by a counted product
2025-04,enzyme-finance,renzo,139.52,staking token held by a counted product
2025-04,enzyme-finance,swell-liquid-staking,398.43,staking token held by a counted product
2025-04,enzyme-finance,stakewise-v3,3.14,staking token held by a counted product
2025-04,enzyme-finance,swell-liquid-restaking,2.08,staking token held by a counted product
2025-04,enzyme-finance,coinbase-wrapped-staked-eth,33.98,staking token held by a counted product
2025-04,vesper,coinbase-wrapped-staked-eth,76.38,staking token held by a counted product
2025-04,vesper,lido,494.25,staking token held by a counted product
2025-04,vesper,rocket-pool,21.33,staking token held by a counted product
2025-04,swell-l2-farm,lido,111.3,staking token held by a counted product
2025-04,swell-l2-farm,swell-liquid-restaking,2335.79,staking token held by a counted product
2025-04,swell-l2-farm,swell-liquid-staking,889.36,staking token held by a counted product
2025-04,swell-l2-farm,ether.fi-stake,695.25,staking token held by a counted product
2025-04,swell-l2-farm,renzo,168.28,staking token held by a counted product
2025-04,swell-l2-farm,stakestone-stone,17.82,staking token held by a counted product
2025-04,swell-l2-farm,frax-ether,11.41,staking token held by a counted product
2025-04,zircuit-staking,swell-liquid-restaking,1075.92,staking token held by a counted product
2025-04,zircuit-staking,puffer-stake,3578.45,staking token held by a counted product
2025-04,zircuit-staking,ether.fi-stake,49334.39,staking token held by a counted product
2025-04,zircuit-staking,lido,23863.19,staking token held by a counted product
2025-04,zircuit-staking,meth-protocol,430.14,staking token held by a counted product
2025-04,zircuit-staking,liquid-collective,8378.63,staking token held by a counted product
2025-04,zircuit-staking,swell-liquid-staking,215.99,staking token held by a counted product
2025-04,zircuit-staking,renzo,24627.52,staking token held by a counted product
2025-04,zircuit-staking,kelp,4498.74,staking token held by a counted product
2025-04,zircuit-staking,stakestone-stone,1171.54,staking token held by a counted product
2025-04,origami-finance,lido,57.82,staking token held by a counted product
2025-04,origami-finance,swell-liquid-restaking,28.68,staking token held by a counted product
2025-04,origami-finance,ether.fi-stake,5.46,staking token held by a counted product
2025-04,sushiswap-v3,lido,3.64,staking token held by a counted product
2025-04,sushiswap-v3,frax-ether,17.71,staking token held by a counted product
2025-04,mantle-restaking,meth-protocol,214573.34,staking token held by a counted product
2025-04,autofinance,lido,4288.97,staking token held by a counted product
2025-04,reserve-protocol,lido,33210.85,staking token held by a counted product
2025-04,reserve-protocol,rocket-pool,13243.8,staking token held by a counted product
2025-04,reserve-protocol,stader,5041.65,staking token held by a counted product
2025-04,reserve-protocol,frax-ether,13244.19,staking token held by a counted product
2025-04,reserve-protocol,coinbase-wrapped-staked-eth,1652.82,staking token held by a counted product
2025-04,ekubo,lido,870.98,staking token held by a counted product
2025-04,mellow-restaking,lido,109052.77,staking token held by a counted product
2025-04,yieldnest,lido,2511.25,staking token held by a counted product
2025-04,yieldnest,frax-ether,40.07,staking token held by a counted product
2025-04,yieldnest,origin-ether,1941.54,staking token held by a counted product
2025-04,yieldnest,meth-protocol,10.17,staking token held by a counted product
2025-04,harvest-finance,lido,59.67,staking token held by a counted product
2025-04,harvest-finance,coinbase-wrapped-staked-eth,5.73,staking token held by a counted product
2025-04,harvest-finance,rocket-pool,9.27,staking token held by a counted product
2025-04,hyperbeat-earn,lido,245.92,staking token held by a counted product
2025-04,hyperbeat-earn,stakestone-stone,531.02,staking token held by a counted product
2025-04,hyperbeat-earn,ether.fi-stake,235.05,staking token held by a counted product
2025-04,hyperbeat-earn,kelp,88.84,staking token held by a counted product
2025-04,hyperbeat-earn,swell-liquid-staking,3.69,staking token held by a counted product
2025-04,hyperbeat-earn,mantle-restaking,1496.38,staking token held by a counted product
2025-04,spectra-v2,origin-ether,29.92,staking token held by a counted product
2025-04,spectra-v2,lido,7922.71,staking token held by a counted product
2025-04,spectra-v2,kelp,2.89,staking token held by a counted product
2025-04,balancer-v3,lido,28.75,staking token held by a counted product
2025-04,balancer-v3,treehouse-protocol,413.51,staking token held by a counted product
2025-04,balancer-v3,stakewise-v3,2365.27,staking token held by a counted product
2025-04,balancer-v3,stader,803.77,staking token held by a counted product
2025-04,balancer-v3,kelp,22.07,staking token held by a counted product
2025-04,balancer-v3,dinero-(pxeth),11.01,staking token held by a counted product
2025-04,velodrome-v3,lido,837.76,staking token held by a counted product
2025-04,velodrome-v3,ether.fi-stake,12.74,staking token held by a counted product
2025-04,velodrome-v3,renzo,20.35,staking token held by a counted product
2025-04,velodrome-v3,swell-liquid-restaking,18.5,staking token held by a counted product
2025-04,velodrome-v3,frax-ether,18.69,staking token held by a counted product
2025-04,native-credit-pool,stakestone-stone,3.84,staking token held by a counted product
2025-04,native-credit-pool,puffer-stake,5.33,staking token held by a counted product
2025-04,native-credit-pool,meth-protocol,13.32,staking token held by a counted product
2025-04,yield-yak-aggregator,meth-protocol,32.4,staking token held by a counted product
2025-04,velodrome-v2,swell-liquid-restaking,19.05,staking token held by a counted product
2025-04,velodrome-v2,renzo,2.18,staking token held by a counted product
2025-04,velodrome-v2,ether.fi-stake,103.71,staking token held by a counted product
2025-04,velodrome-v2,frax-ether,228.6,staking token held by a counted product
2025-04,velodrome-v2,lido,722.39,staking token held by a counted product
2025-04,quickswap-v3,lido,87.53,staking token held by a counted product
2025-04,quickswap-v3,stakestone-stone,73.86,staking token held by a counted product
2025-04,quickswap-v3,meth-protocol,32.32,staking token held by a counted product
2025-04,quickswap-v3,coinbase-wrapped-staked-eth,3.77,staking token held by a counted product
2025-04,superform,renzo,3.63,staking token held by a counted product
2025-04,superform,kelp,13.63,staking token held by a counted product
2025-04,superform,ether.fi-stake,19.73,staking token held by a counted product
2025-04,superform,lido,38.04,staking token held by a counted product
2025-04,superform,origin-ether,9.4,staking token held by a counted product
2025-04,superform,dinero-(pxeth),1.11,staking token held by a counted product
2025-04,superform,rocket-pool,7.89,staking token held by a counted product
2025-04,superform,coinbase-wrapped-staked-eth,13.05,staking token held by a counted product
2025-04,index-coop,lido,1182.24,staking token held by a counted product
2025-04,index-coop,rocket-pool,8.94,staking token held by a counted product
2025-04,agni-finance,meth-protocol,322.91,staking token held by a counted product
2025-04,agni-finance,mantle-restaking,5588.84,staking token held by a counted product
2025-04,agni-finance,frax-ether,17.05,staking token held by a counted product
2025-04,kodiak-v3,swell-liquid-restaking,36.1,staking token held by a counted product
2025-04,kodiak-v3,stakestone-stone,62239.66,staking token held by a counted product
2025-04,kodiak-v3,ether.fi-stake,9021.92,staking token held by a counted product
2025-04,kodiak-v3,kelp,1166.62,staking token held by a counted product
2025-04,set-protocol,lido,37.14,staking token held by a counted product
2025-04,set-protocol,coinbase-wrapped-staked-eth,5.87,staking token held by a counted product
2025-04,set-protocol,ankr,6.19,staking token held by a counted product
2025-04,set-protocol,frax-ether,5.97,staking token held by a counted product
2025-04,set-protocol,rocket-pool,5.66,staking token held by a counted product
2025-04,origin-arm,lido,6710.59,staking token held by a counted product
2025-04,merchant-moe-liquidity-book,mantle-restaking,7358.62,staking token held by a counted product
2025-04,merchant-moe-liquidity-book,meth-protocol,237.26,staking token held by a counted product
2025-04,frax-swap,frax-ether,53.85,staking token held by a counted product
2025-04,syncswap,ether.fi-stake,309.67,staking token held by a counted product
2025-04,syncswap,lido,7.63,staking token held by a counted product
2025-04,syncswap,frax-ether,2.87,staking token held by a counted product
2025-04,syncswap,kelp,289.07,staking token held by a counted product
2025-04,syncswap,stakestone-stone,52.82,staking token held by a counted product
2025-04,syncswap,puffer-stake,3.13,staking token held by a counted product
2025-04,bulbaswap-v3,ether.fi-stake,1.9,staking token held by a counted product
2025-04,camelot-v2,lido,9.1,staking token held by a counted product
2025-04,inceptionlrt-(isolated-restaking),lido,21307.51,staking token held by a counted product
2025-04,inceptionlrt-(isolated-restaking),swell-liquid-staking,27.31,staking token held by a counted product
2025-04,inceptionlrt-(isolated-restaking),stader,1.87,staking token held by a counted product
2025-04,inceptionlrt-(isolated-restaking),meth-protocol,5.67,staking token held by a counted product
2025-04,inceptionlrt-(isolated-restaking),origin-ether,5.13,staking token held by a counted product
2025-04,inceptionlrt-(isolated-restaking),rocket-pool,7.23,staking token held by a counted product
2025-04,inceptionlrt-(isolated-restaking),frax-ether,877.07,staking token held by a counted product
2025-04,radpie,lido,238.03,staking token held by a counted product
2025-04,radpie,ether.fi-stake,15.6,staking token held by a counted product
2025-04,nucleus,ether.fi-stake,839.21,staking token held by a counted product
2025-04,nucleus,frax-ether,124.84,staking token held by a counted product
2025-04,nucleus,dinero-(pxeth),1983.73,staking token held by a counted product
2025-04,nucleus,renzo,1225.73,staking token held by a counted product
2025-04,nucleus,puffer-stake,1730.92,staking token held by a counted product
2025-04,nucleus,swell-liquid-staking,2.1,staking token held by a counted product
2025-04,nucleus,swell-liquid-restaking,2899.09,staking token held by a counted product
2025-04,swaap-maker-v2,lido,108.18,staking token held by a counted product
2025-04,camelot-v3,lido,544.56,staking token held by a counted product
2025-04,camelot-v3,kelp,55.58,staking token held by a counted product
2025-04,camelot-v3,renzo,63.31,staking token held by a counted product
2025-04,camelot-v3,ether.fi-stake,940.07,staking token held by a counted product
2025-04,tranchess-yield,lido,116.13,staking token held by a counted product
2025-04,tranchess-yield,stakestone-stone,495.8,staking token held by a counted product
2025-04,tranchess-yield,ether.fi-stake,7.33,staking token held by a counted product
2025-04,eigenpie,lido,74473.43,staking token held by a counted product
2025-04,eigenpie,rocket-pool,31.17,staking token held by a counted product
2025-04,eigenpie,frax-ether,65.93,staking token held by a counted product
2025-04,eigenpie,meth-protocol,91.59,staking token held by a counted product
2025-04,eigenpie,binance-staked-eth,528.81,staking token held by a counted product
2025-04,eigenpie,swell-liquid-staking,3195.88,staking token held by a counted product
2025-04,eigenpie,coinbase-wrapped-staked-eth,30.9,staking token held by a counted product
2025-04,eigenpie,stader,109.11,staking token held by a counted product
2025-04,eigenpie,ankr,11.29,staking token held by a counted product
2025-04,eigenpie,stakewise-v3,8.66,staking token held by a counted product
2025-04,eigenpie,origin-ether,10.02,staking token held by a counted product
2025-04,eigenpie,liquid-collective,9.33,staking token held by a counted product
2025-04,ribbon,rocket-pool,11.74,staking token held by a counted product
2025-04,ribbon,lido,9.08,staking token held by a counted product
2025-04,stakestone-berachain-vault,stakestone-stone,15.75,staking token held by a counted product
2025-04,sophon-farm,lido,3576.05,staking token held by a counted product
2025-04,sophon-farm,ether.fi-stake,1242.71,staking token held by a counted product
2025-04,blast-pre-launch-farm,lido,1059.49,staking token held by a counted product
2025-04,latch,ether.fi-stake,1013.43,staking token held by a counted product
2025-04,reaper-farm,lido,19.54,staking token held by a counted product
2025-04,canopy,renzo,115.84,staking token held by a counted product
2025-04,canopy,kelp,7733.47,staking token held by a counted product
2025-04,opyn-gamma,lido,604.06,staking token held by a counted product
2025-04,theo-straddle-vaults,ether.fi-stake,4153.48,staking token held by a counted product
2025-04,ribbon-earn,lido,428.58,staking token held by a counted product
2025-04,sommelier,lido,311.79,staking token held by a counted product
2025-04,trevee-earn,lido,8983.09,staking token held by a counted product
2025-04,trevee-earn,ether.fi-stake,1459.76,staking token held by a counted product
2025-04,blackwing,swell-liquid-restaking,172.22,staking token held by a counted product
2025-04,blackwing,kelp,235.18,staking token held by a counted product
2025-04,blackwing,renzo,1223.76,staking token held by a counted product
2025-04,blackwing,ether.fi-stake,276.35,staking token held by a counted product
2025-04,blackwing,puffer-stake,2.57,staking token held by a counted product
2025-04,arbitrove,lido,3.14,staking token held by a counted product
2025-04,vaultcraft,stader,5.15,staking token held by a counted product
2025-04,vaultcraft,kelp,3951.11,staking token held by a counted product
2025-04,vaultcraft,lido,9.54,staking token held by a counted product
2025-04,corn-kernels,ether.fi-stake,55.58,staking token held by a counted product
2025-04,corn-kernels,kelp,16.53,staking token held by a counted product
2025-04,onx-finance,ankr,86.02,staking token held by a counted product
2025-04,juice-finance,renzo,86.3,staking token held by a counted product
2025-04,juice-finance,ether.fi-stake,14.4,staking token held by a counted product
2025-04,cytonic-airdrop-campaign,lido,21.7,staking token held by a counted product
2025-04,cytonic-airdrop-campaign,ether.fi-stake,6.7,staking token held by a counted product
2025-04,cytonic-airdrop-campaign,puffer-stake,62.86,staking token held by a counted product
2025-04,cytonic-airdrop-campaign,renzo,4.17,staking token held by a counted product
2025-04,cytonic-airdrop-campaign,origin-ether,48.26,staking token held by a counted product
2025-04,cytonic-airdrop-campaign,meth-protocol,50.47,staking token held by a counted product
2025-04,hourglass,ether.fi-stake,6.59,staking token held by a counted product
2025-04,napier,dinero-(pxeth),7.27,staking token held by a counted product
2025-04,napier,ether.fi-stake,7.0,staking token held by a counted product
2025-04,napier,lido,922.79,staking token held by a counted product
2025-04,treehouse-protocol,mantle-restaking,28447.97,staking token held by a counted product
2025-04,treehouse-protocol,lido,87894.63,staking token held by a counted product
2025-04,treehouse-protocol,ether.fi-stake,937.29,staking token held by a counted product
2025-04,eigencloud,eigencloud,3870247.26,restaking-token issuers already count this
2025-04,symbiotic,symbiotic,323662.46,restaking-token issuers already count this
2025-05,carry:liquid-eth,ether.fi-stake,194955.5,on-chain product book; staking token per research
2025-05,carry:liquid-eth,veda,194955.5,DefiLlama row already counts this product
2025-05,carry:vesper-vaeth,vesper,1433.38,DefiLlama row already counts this product
2025-05,mantle-restaking,veda,207066.34,nested holding
2025-05,upshift,gain,56283.49,nested holding
2025-05,veda,meth-protocol,68809.34,staking token held by a counted product
2025-05,curve-dex,binance-staked-eth,18.38,staking token held by a counted product
2025-05,curve-dex,renzo,536.22,staking token held by a counted product
2025-05,curve-dex,origin-ether,18238.43,staking token held by a counted product
2025-05,curve-dex,lido,44529.28,staking token held by a counted product
2025-05,curve-dex,rocket-pool,3638.8,staking token held by a counted product
2025-05,curve-dex,frax-ether,8078.6,staking token held by a counted product
2025-05,curve-dex,dinero-(pxeth),7568.8,staking token held by a counted product
2025-05,curve-dex,ankr,58.38,staking token held by a counted product
2025-05,curve-dex,ether.fi-stake,5890.29,staking token held by a counted product
2025-05,curve-dex,puffer-stake,2024.18,staking token held by a counted product
2025-05,curve-dex,kelp,26.05,staking token held by a counted product
2025-05,curve-dex,coinbase-wrapped-staked-eth,637.22,staking token held by a counted product
2025-05,curve-dex,swell-liquid-staking,3.06,staking token held by a counted product
2025-05,curve-dex,stader,1867.53,staking token held by a counted product
2025-05,curve-dex,stakewise-v3,3181.81,staking token held by a counted product
2025-05,curve-dex,bedrock-unieth,967.3,staking token held by a counted product
2025-05,curve-dex,swell-liquid-restaking,35.83,staking token held by a counted product
2025-05,curve-dex,treehouse-protocol,2513.19,staking token held by a counted product
2025-05,pendle-v2,lido,20063.47,staking token held by a counted product
2025-05,pendle-v2,rocket-pool,2058.91,staking token held by a counted product
2025-05,pendle-v2,ether.fi-stake,12838.52,staking token held by a counted product
2025-05,pendle-v2,coinbase-wrapped-staked-eth,143.17,staking token held by a counted product
2025-05,pendle-v2,renzo,1404.83,staking token held by a counted product
2025-05,pendle-v2,binance-staked-eth,112.83,staking token held by a counted product
2025-05,pendle-v2,meth-protocol,26.11,staking token held by a counted product
2025-05,pendle-v2,mantle-restaking,5937.14,staking token held by a counted product
2025-05,pendle-v2,kelp,4653.4,staking token held by a counted product
2025-05,pendle-v2,bedrock-unieth,1881.18,staking token held by a counted product
2025-05,pendle-v2,frax-ether,60.73,staking token held by a counted product
2025-05,pendle-v2,origin-ether,168.22,staking token held by a counted product
2025-05,pendle-v2,swell-liquid-restaking,3964.78,staking token held by a counted product
2025-05,pendle-v2,swell-liquid-staking,1329.46,staking token held by a counted product
2025-05,pendle-v2,treehouse-protocol,12335.75,staking token held by a counted product
2025-05,pendle-v2,dinero-(pxeth),5.89,staking token held by a counted product
2025-05,pendle-v2,puffer-stake,13636.17,staking token held by a counted product
2025-05,pendle-v2,stader,38.56,staking token held by a counted product
2025-05,kelp,lido,244457.74,staking token held by a counted product
2025-05,kelp,stader,83267.55,staking token held by a counted product
2025-05,uniswap-v2,lido,117.69,staking token held by a counted product
2025-05,uniswap-v2,binance-staked-eth,1.47,staking token held by a counted product
2025-05,upshift,lido,9443.82,staking token held by a counted product
2025-05,upshift,kelp,47302.9,staking token held by a counted product
2025-05,cian-yield-layer,lido,1176.3,staking token held by a counted product
2025-05,cian-yield-layer,ether.fi-stake,7.53,staking token held by a counted product
2025-05,cian-yield-layer,kelp,17735.51,staking token held by a counted product
2025-05,cian-yield-layer,binance-staked-eth,1.7,staking token held by a counted product
2025-05,cian-yield-layer,renzo,191.63,staking token held by a counted product
2025-05,fluid-lite,lido,70081.38,staking token held by a counted product
2025-05,aerodrome-slipstream,kelp,445.67,staking token held by a counted product
2025-05,aerodrome-slipstream,coinbase-wrapped-staked-eth,527.56,staking token held by a counted product
2025-05,aerodrome-slipstream,rocket-pool,3.51,staking token held by a counted product
2025-05,aerodrome-slipstream,renzo,15.87,staking token held by a counted product
2025-05,aerodrome-slipstream,ether.fi-stake,30.7,staking token held by a counted product
2025-05,aerodrome-slipstream,lido,862.07,staking token held by a counted product
2025-05,aerodrome-slipstream,liquid-collective,346.96,staking token held by a counted product
2025-05,gmx-v2-perps,lido,353.54,staking token held by a counted product
2025-05,yearn-finance,ether.fi-stake,48.93,staking token held by a counted product
2025-05,yearn-finance,renzo,5.26,staking token held by a counted product
2025-05,yearn-finance,lido,9.46,staking token held by a counted product
2025-05,yearn-finance,kelp,22.38,staking token held by a counted product
2025-05,yearn-finance,frax-ether,8.74,staking token held by a counted product
2025-05,yearn-finance,swell-liquid-restaking,1.55,staking token held by a counted product
2025-05,yearn-finance,dinero-(pxeth),100.45,staking token held by a counted product
2025-05,lagoon,ether.fi-stake,28.5,staking token held by a counted product
2025-05,aerodrome-v1,coinbase-wrapped-staked-eth,223.35,staking token held by a counted product
2025-05,aerodrome-v1,lido,1566.33,staking token held by a counted product
2025-05,aerodrome-v1,rocket-pool,6.26,staking token held by a counted product
2025-05,aerodrome-v1,ether.fi-stake,914.61,staking token held by a counted product
2025-05,aerodrome-v1,origin-ether,98.77,staking token held by a counted product
2025-05,enzyme-finance,rocket-pool,82.17,staking token held by a counted product
2025-05,enzyme-finance,stader,19.61,staking token held by a counted product
2025-05,enzyme-finance,lido,10425.44,staking token held by a counted product
2025-05,enzyme-finance,swell-liquid-staking,400.38,staking token held by a counted product
2025-05,enzyme-finance,ether.fi-stake,8668.99,staking token held by a counted product
2025-05,enzyme-finance,treehouse-protocol,181.38,staking token held by a counted product
2025-05,enzyme-finance,kelp,17.38,staking token held by a counted product
2025-05,enzyme-finance,stakewise-v3,3.17,staking token held by a counted product
2025-05,enzyme-finance,swell-liquid-restaking,2.09,staking token held by a counted product
2025-05,enzyme-finance,renzo,40.84,staking token held by a counted product
2025-05,vesper,coinbase-wrapped-staked-eth,76.81,staking token held by a counted product
2025-05,vesper,lido,495.09,staking token held by a counted product
2025-05,vesper,rocket-pool,21.72,staking token held by a counted product
2025-05,swell-l2-farm,lido,80.12,staking token held by a counted product
2025-05,swell-l2-farm,swell-liquid-restaking,2142.18,staking token held by a counted product
2025-05,swell-l2-farm,swell-liquid-staking,788.95,staking token held by a counted product
2025-05,swell-l2-farm,ether.fi-stake,357.25,staking token held by a counted product
2025-05,swell-l2-farm,renzo,135.81,staking token held by a counted product
2025-05,swell-l2-farm,frax-ether,9.97,staking token held by a counted product
2025-05,swell-l2-farm,stakestone-stone,17.76,staking token held by a counted product
2025-05,fusion-by-ipor,lido,55.32,staking token held by a counted product
2025-05,zircuit-staking,swell-liquid-restaking,1064.91,staking token held by a counted product
2025-05,zircuit-staking,puffer-stake,3318.12,staking token held by a counted product
2025-05,zircuit-staking,ether.fi-stake,43849.88,staking token held by a counted product
2025-05,zircuit-staking,lido,23971.46,staking token held by a counted product
2025-05,zircuit-staking,meth-protocol,27.74,staking token held by a counted product
2025-05,zircuit-staking,liquid-collective,8442.49,staking token held by a counted product
2025-05,zircuit-staking,swell-liquid-staking,211.23,staking token held by a counted product
2025-05,zircuit-staking,renzo,17530.2,staking token held by a counted product
2025-05,zircuit-staking,kelp,4451.84,staking token held by a counted product
2025-05,zircuit-staking,stakestone-stone,1090.39,staking token held by a counted product
2025-05,origami-finance,lido,57.98,staking token held by a counted product
2025-05,origami-finance,swell-liquid-restaking,28.86,staking token held by a counted product
2025-05,origami-finance,ether.fi-stake,5.49,staking token held by a counted product
2025-05,mantle-restaking,meth-protocol,207066.34,staking token held by a counted product
2025-05,autofinance,lido,4260.9,staking token held by a counted product
2025-05,reserve-protocol,lido,46464.42,staking token held by a counted product
2025-05,reserve-protocol,rocket-pool,18807.63,staking token held by a counted product
2025-05,reserve-protocol,stader,7148.23,staking token held by a counted product
2025-05,reserve-protocol,frax-ether,18810.78,staking token held by a counted product
2025-05,reserve-protocol,coinbase-wrapped-staked-eth,1713.69,staking token held by a counted product
2025-05,ekubo,lido,684.5,staking token held by a counted product
2025-05,mellow-restaking,lido,116638.41,staking token held by a counted product
2025-05,yieldnest,lido,2960.56,staking token held by a counted product
2025-05,yieldnest,frax-ether,40.51,staking token held by a counted product
2025-05,yieldnest,origin-ether,2000.09,staking token held by a counted product
2025-05,yieldnest,meth-protocol,14.61,staking token held by a counted product
2025-05,harvest-finance,lido,58.93,staking token held by a counted product
2025-05,harvest-finance,coinbase-wrapped-staked-eth,5.33,staking token held by a counted product
2025-05,harvest-finance,rocket-pool,9.31,staking token held by a counted product
2025-05,hyperbeat-earn,lido,274.05,staking token held by a counted product
2025-05,hyperbeat-earn,mantle-restaking,2243.81,staking token held by a counted product
2025-05,hyperbeat-earn,kelp,89.98,staking token held by a counted product
2025-05,hyperbeat-earn,ether.fi-stake,319.07,staking token held by a counted product
2025-05,hyperbeat-earn,swell-liquid-staking,6.85,staking token held by a counted product
2025-05,hyperbeat-earn,stakestone-stone,544.73,staking token held by a counted product
2025-05,spectra-v2,origin-ether,19.66,staking token held by a counted product
2025-05,spectra-v2,lido,8354.53,staking token held by a counted product
2025-05,spectra-v2,kelp,2.82,staking token held by a counted product
2025-05,balancer-v3,lido,23.09,staking token held by a counted product
2025-05,balancer-v3,stakewise-v3,5430.92,staking token held by a counted product
2025-05,balancer-v3,stader,773.12,staking token held by a counted product
2025-05,balancer-v3,kelp,250.01,staking token held by a counted product
2025-05,balancer-v3,dinero-(pxeth),11.02,staking token held by a counted product
2025-05,balancer-v3,rocket-pool,530.21,staking token held by a counted product
2025-05,balancer-v3,treehouse-protocol,448.63,staking token held by a counted product
2025-05,balancer-v3,ether.fi-stake,8.01,staking token held by a counted product
2025-05,velodrome-v3,ether.fi-stake,215.55,staking token held by a counted product
2025-05,velodrome-v3,swell-liquid-restaking,52.49,staking token held by a counted product
2025-05,velodrome-v3,renzo,7.71,staking token held by a counted product
2025-05,velodrome-v3,lido,725.1,staking token held by a counted product
2025-05,velodrome-v3,frax-ether,6.71,staking token held by a counted product
2025-05,native-credit-pool,stakestone-stone,3.86,staking token held by a counted product
2025-05,native-credit-pool,meth-protocol,13.41,staking token held by a counted product
2025-05,native-credit-pool,puffer-stake,5.35,staking token held by a counted product
2025-05,velodrome-v2,swell-liquid-restaking,96.13,staking token held by a counted product
2025-05,velodrome-v2,renzo,2.18,staking token held by a counted product
2025-05,velodrome-v2,ether.fi-stake,113.14,staking token held by a counted product
2025-05,velodrome-v2,frax-ether,181.28,staking token held by a counted product
2025-05,velodrome-v2,lido,180.2,staking token held by a counted product
2025-05,quickswap-v3,lido,4.11,staking token held by a counted product
2025-05,quickswap-v3,stakestone-stone,42.96,staking token held by a counted product
2025-05,quickswap-v3,meth-protocol,33.15,staking token held by a counted product
2025-05,quickswap-v3,coinbase-wrapped-staked-eth,3.66,staking token held by a counted product
2025-05,superform,kelp,7.45,staking token held by a counted product
2025-05,superform,ether.fi-stake,13.56,staking token held by a counted product
2025-05,superform,lido,33.76,staking token held by a counted product
2025-05,superform,renzo,1.79,staking token held by a counted product
2025-05,superform,dinero-(pxeth),1.06,staking token held by a counted product
2025-05,superform,rocket-pool,7.93,staking token held by a counted product
2025-05,superform,origin-ether,6.29,staking token held by a counted product
2025-05,superform,coinbase-wrapped-staked-eth,10.02,staking token held by a counted product
2025-05,index-coop,lido,3376.62,staking token held by a counted product
2025-05,index-coop,rocket-pool,8.35,staking token held by a counted product
2025-05,agni-finance,meth-protocol,399.73,staking token held by a counted product
2025-05,agni-finance,mantle-restaking,3871.07,staking token held by a counted product
2025-05,agni-finance,frax-ether,17.1,staking token held by a counted product
2025-05,kodiak-v3,stakestone-stone,263.96,staking token held by a counted product
2025-05,kodiak-v3,ether.fi-stake,8837.08,staking token held by a counted product
2025-05,kodiak-v3,kelp,4.96,staking token held by a counted product
2025-05,set-protocol,lido,37.31,staking token held by a counted product
2025-05,set-protocol,coinbase-wrapped-staked-eth,5.89,staking token held by a counted product
2025-05,set-protocol,ankr,6.19,staking token held by a counted product
2025-05,set-protocol,frax-ether,5.99,staking token held by a counted product
2025-05,set-protocol,rocket-pool,5.67,staking token held by a counted product
2025-05,origin-arm,lido,4490.54,staking token held by a counted product
2025-05,merchant-moe-liquidity-book,meth-protocol,425.24,staking token held by a counted product
2025-05,merchant-moe-liquidity-book,mantle-restaking,5424.45,staking token held by a counted product
2025-05,frax-swap,frax-ether,48.17,staking token held by a counted product
2025-05,syncswap,lido,6.48,staking token held by a counted product
2025-05,syncswap,ether.fi-stake,237.99,staking token held by a counted product
2025-05,syncswap,stakestone-stone,30.92,staking token held by a counted product
2025-05,syncswap,kelp,148.11,staking token held by a counted product
2025-05,syncswap,puffer-stake,3.29,staking token held by a counted product
2025-05,syncswap,frax-ether,2.85,staking token held by a counted product
2025-05,bulbaswap-v3,ether.fi-stake,1.18,staking token held by a counted product
2025-05,camelot-v2,lido,9.11,staking token held by a counted product
2025-05,inceptionlrt-(isolated-restaking),lido,21290.76,staking token held by a counted product
2025-05,inceptionlrt-(isolated-restaking),swell-liquid-staking,25.83,staking token held by a counted product
2025-05,inceptionlrt-(isolated-restaking),stader,1.78,staking token held by a counted product
2025-05,inceptionlrt-(isolated-restaking),meth-protocol,5.71,staking token held by a counted product
2025-05,inceptionlrt-(isolated-restaking),origin-ether,5.2,staking token held by a counted product
2025-05,inceptionlrt-(isolated-restaking),rocket-pool,5.92,staking token held by a counted product
2025-05,inceptionlrt-(isolated-restaking),frax-ether,10.01,staking token held by a counted product
2025-05,radpie,lido,239.56,staking token held by a counted product
2025-05,radpie,ether.fi-stake,15.68,staking token held by a counted product
2025-05,nucleus,renzo,2001.74,staking token held by a counted product
2025-05,nucleus,ether.fi-stake,944.32,staking token held by a counted product
2025-05,nucleus,swell-liquid-restaking,1869.14,staking token held by a counted product
2025-05,nucleus,lido,2.04,staking token held by a counted product
2025-05,nucleus,dinero-(pxeth),1690.16,staking token held by a counted product
2025-05,nucleus,frax-ether,21.79,staking token held by a counted product
2025-05,nucleus,swell-liquid-staking,1.29,staking token held by a counted product
2025-05,nucleus,puffer-stake,1056.59,staking token held by a counted product
2025-05,swaap-maker-v2,lido,81.59,staking token held by a counted product
2025-05,camelot-v3,lido,186.39,staking token held by a counted product
2025-05,camelot-v3,kelp,32.01,staking token held by a counted product
2025-05,camelot-v3,renzo,33.21,staking token held by a counted product
2025-05,camelot-v3,ether.fi-stake,1092.14,staking token held by a counted product
2025-05,tranchess-yield,lido,116.73,staking token held by a counted product
2025-05,tranchess-yield,ether.fi-stake,7.31,staking token held by a counted product
2025-05,tranchess-yield,stakestone-stone,291.47,staking token held by a counted product
2025-05,eigenpie,lido,74423.79,staking token held by a counted product
2025-05,eigenpie,rocket-pool,29.4,staking token held by a counted product
2025-05,eigenpie,frax-ether,62.84,staking token held by a counted product
2025-05,eigenpie,meth-protocol,90.5,staking token held by a counted product
2025-05,eigenpie,binance-staked-eth,438.06,staking token held by a counted product
2025-05,eigenpie,swell-liquid-staking,3051.58,staking token held by a counted product
2025-05,eigenpie,coinbase-wrapped-staked-eth,31.14,staking token held by a counted product
2025-05,eigenpie,stader,74.69,staking token held by a counted product
2025-05,eigenpie,ankr,11.38,staking token held by a counted product
2025-05,eigenpie,stakewise-v3,8.74,staking token held by a counted product
2025-05,eigenpie,liquid-collective,9.4,staking token held by a counted product
2025-05,eigenpie,origin-ether,10.15,staking token held by a counted product
2025-05,ribbon,rocket-pool,11.86,staking token held by a counted product
2025-05,ribbon,lido,9.15,staking token held by a counted product
2025-05,stakestone-berachain-vault,stakestone-stone,18976.33,staking token held by a counted product
2025-05,sophon-farm,lido,2546.64,staking token held by a counted product
2025-05,sophon-farm,ether.fi-stake,825.51,staking token held by a counted product
2025-05,blast-pre-launch-farm,lido,1052.76,staking token held by a counted product
2025-05,latch,ether.fi-stake,1606.41,staking token held by a counted product
2025-05,latch,lido,162.02,staking token held by a counted product
2025-05,reaper-farm,lido,19.78,staking token held by a counted product
2025-05,canopy,renzo,326.99,staking token held by a counted product
2025-05,canopy,kelp,6493.95,staking token held by a counted product
2025-05,opyn-gamma,lido,499.37,staking token held by a counted product
2025-05,theo-straddle-vaults,ether.fi-stake,4481.74,staking token held by a counted product
2025-05,ribbon-earn,lido,429.58,staking token held by a counted product
2025-05,sommelier,lido,286.18,staking token held by a counted product
2025-05,trevee-earn,lido,5305.76,staking token held by a counted product
2025-05,trevee-earn,ether.fi-stake,1515.86,staking token held by a counted product
2025-05,blackwing,swell-liquid-restaking,165.99,staking token held by a counted product
2025-05,blackwing,kelp,210.18,staking token held by a counted product
2025-05,blackwing,renzo,1074.31,staking token held by a counted product
2025-05,blackwing,ether.fi-stake,221.65,staking token held by a counted product
2025-05,blackwing,puffer-stake,2.48,staking token held by a counted product
2025-05,arbitrove,lido,3.17,staking token held by a counted product
2025-05,vaultcraft,stader,5.2,staking token held by a counted product
2025-05,vaultcraft,kelp,11.74,staking token held by a counted product
2025-05,vaultcraft,lido,6.48,staking token held by a counted product
2025-05,corn-kernels,ether.fi-stake,32.65,staking token held by a counted product
2025-05,corn-kernels,kelp,12.46,staking token held by a counted product
2025-05,onx-finance,ankr,86.7,staking token held by a counted product
2025-05,juice-finance,renzo,86.87,staking token held by a counted product
2025-05,juice-finance,ether.fi-stake,14.11,staking token held by a counted product
2025-05,cytonic-airdrop-campaign,renzo,3.4,staking token held by a counted product
2025-05,cytonic-airdrop-campaign,lido,21.78,staking token held by a counted product
2025-05,cytonic-airdrop-campaign,ether.fi-stake,1.7,staking token held by a counted product
2025-05,cytonic-airdrop-campaign,puffer-stake,62.89,staking token held by a counted product
2025-05,cytonic-airdrop-campaign,meth-protocol,36.93,staking token held by a counted product
2025-05,cytonic-airdrop-campaign,origin-ether,46.05,staking token held by a counted product
2025-05,hourglass,ether.fi-stake,6.63,staking token held by a counted product
2025-05,napier,dinero-(pxeth),61.0,staking token held by a counted product
2025-05,napier,ether.fi-stake,7.04,staking token held by a counted product
2025-05,napier,lido,920.8,staking token held by a counted product
2025-05,treehouse-protocol,mantle-restaking,28589.58,staking token held by a counted product
2025-05,treehouse-protocol,lido,94633.77,staking token held by a counted product
2025-05,treehouse-protocol,ether.fi-stake,757.61,staking token held by a counted product
2025-05,eigencloud,eigencloud,3464761.14,restaking-token issuers already count this
2025-05,symbiotic,symbiotic,325025.66,restaking-token issuers already count this
2025-06,carry:liquid-eth,ether.fi-stake,191748.42,on-chain product book; staking token per research
2025-06,carry:liquid-eth,veda,191748.42,DefiLlama row already counts this product
2025-06,carry:vesper-vaeth,vesper,1463.5,DefiLlama row already counts this product
2025-06,mantle-restaking,veda,210603.55,nested holding
2025-06,upshift,gain,58374.85,nested holding
2025-06,veda,meth-protocol,65863.23,staking token held by a counted product
2025-06,curve-dex,ether.fi-stake,5778.97,staking token held by a counted product
2025-06,curve-dex,frax-ether,8437.78,staking token held by a counted product
2025-06,curve-dex,renzo,518.1,staking token held by a counted product
2025-06,curve-dex,lido,40769.35,staking token held by a counted product
2025-06,curve-dex,dinero-(pxeth),3363.41,staking token held by a counted product
2025-06,curve-dex,binance-staked-eth,17.01,staking token held by a counted product
2025-06,curve-dex,ankr,57.79,staking token held by a counted product
2025-06,curve-dex,rocket-pool,3723.07,staking token held by a counted product
2025-06,curve-dex,puffer-stake,2081.54,staking token held by a counted product
2025-06,curve-dex,kelp,16.66,staking token held by a counted product
2025-06,curve-dex,origin-ether,22041.2,staking token held by a counted product
2025-06,curve-dex,coinbase-wrapped-staked-eth,661.24,staking token held by a counted product
2025-06,curve-dex,stader,2213.88,staking token held by a counted product
2025-06,curve-dex,stakewise-v3,3048.17,staking token held by a counted product
2025-06,curve-dex,swell-liquid-staking,3.12,staking token held by a counted product
2025-06,curve-dex,bedrock-unieth,991.18,staking token held by a counted product
2025-06,curve-dex,swell-liquid-restaking,36.61,staking token held by a counted product
2025-06,curve-dex,treehouse-protocol,2081.11,staking token held by a counted product
2025-06,pendle-v2,lido,21604.29,staking token held by a counted product
2025-06,pendle-v2,rocket-pool,1545.15,staking token held by a counted product
2025-06,pendle-v2,coinbase-wrapped-staked-eth,144.72,staking token held by a counted product
2025-06,pendle-v2,meth-protocol,18.91,staking token held by a counted product
2025-06,pendle-v2,mantle-restaking,3208.0,staking token held by a counted product
2025-06,pendle-v2,ether.fi-stake,6927.83,staking token held by a counted product
2025-06,pendle-v2,renzo,1323.17,staking token held by a counted product
2025-06,pendle-v2,binance-staked-eth,111.31,staking token held by a counted product
2025-06,pendle-v2,kelp,3835.7,staking token held by a counted product
2025-06,pendle-v2,bedrock-unieth,1889.29,staking token held by a counted product
2025-06,pendle-v2,frax-ether,60.0,staking token held by a counted product
2025-06,pendle-v2,puffer-stake,4021.96,staking token held by a counted product
2025-06,pendle-v2,origin-ether,166.78,staking token held by a counted product
2025-06,pendle-v2,dinero-(pxeth),5.86,staking token held by a counted product
2025-06,pendle-v2,stader,38.33,staking token held by a counted product
2025-06,pendle-v2,swell-liquid-restaking,3172.69,staking token held by a counted product
2025-06,pendle-v2,treehouse-protocol,10402.0,staking token held by a counted product
2025-06,pendle-v2,swell-liquid-staking,1293.1,staking token held by a counted product
2025-06,kelp,lido,232908.87,staking token held by a counted product
2025-06,kelp,stader,83568.28,staking token held by a counted product
2025-06,uniswap-v2,lido,146.39,staking token held by a counted product
2025-06,uniswap-v2,binance-staked-eth,1.46,staking token held by a counted product
2025-06,upshift,lido,9308.72,staking token held by a counted product
2025-06,upshift,kelp,49446.84,staking token held by a counted product
2025-06,cian-yield-layer,lido,1052.45,staking token held by a counted product
2025-06,cian-yield-layer,binance-staked-eth,1.47,staking token held by a counted product
2025-06,cian-yield-layer,ether.fi-stake,6.77,staking token held by a counted product
2025-06,cian-yield-layer,kelp,12545.78,staking token held by a counted product
2025-06,cian-yield-layer,renzo,190.09,staking token held by a counted product
2025-06,fluid-lite,lido,69008.94,staking token held by a counted product
2025-06,aerodrome-slipstream,coinbase-wrapped-staked-eth,1802.54,staking token held by a counted product
2025-06,aerodrome-slipstream,lido,1615.32,staking token held by a counted product
2025-06,aerodrome-slipstream,renzo,1.85,staking token held by a counted product
2025-06,aerodrome-slipstream,ether.fi-stake,26.28,staking token held by a counted product
2025-06,aerodrome-slipstream,rocket-pool,50.91,staking token held by a counted product
2025-06,aerodrome-slipstream,kelp,490.18,staking token held by a counted product
2025-06,aerodrome-slipstream,liquid-collective,736.71,staking token held by a counted product
2025-06,gmx-v2-perps,lido,132.21,staking token held by a counted product
2025-06,yearn-finance,ether.fi-stake,26.11,staking token held by a counted product
2025-06,yearn-finance,renzo,5.21,staking token held by a counted product
2025-06,yearn-finance,lido,5.98,staking token held by a counted product
2025-06,yearn-finance,kelp,22.04,staking token held by a counted product
2025-06,yearn-finance,frax-ether,8.5,staking token held by a counted product
2025-06,yearn-finance,swell-liquid-restaking,1.54,staking token held by a counted product
2025-06,yearn-finance,dinero-(pxeth),74.8,staking token held by a counted product
2025-06,lagoon,ether.fi-stake,28.94,staking token held by a counted product
2025-06,aerodrome-v1,coinbase-wrapped-staked-eth,255.53,staking token held by a counted product
2025-06,aerodrome-v1,lido,4343.74,staking token held by a counted product
2025-06,aerodrome-v1,rocket-pool,6.12,staking token held by a counted product
2025-06,aerodrome-v1,ether.fi-stake,789.42,staking token held by a counted product
2025-06,aerodrome-v1,origin-ether,94.77,staking token held by a counted product
2025-06,enzyme-finance,rocket-pool,81.39,staking token held by a counted product
2025-06,enzyme-finance,lido,10378.76,staking token held by a counted product
2025-06,enzyme-finance,swell-liquid-staking,386.83,staking token held by a counted product
2025-06,enzyme-finance,ether.fi-stake,8799.78,staking token held by a counted product
2025-06,enzyme-finance,kelp,17.27,staking token held by a counted product
2025-06,enzyme-finance,stakewise-v3,3.14,staking token held by a counted product
2025-06,enzyme-finance,swell-liquid-restaking,2.07,staking token held by a counted product
2025-06,enzyme-finance,renzo,40.5,staking token held by a counted product
2025-06,vesper,coinbase-wrapped-staked-eth,75.49,staking token held by a counted product
2025-06,vesper,rocket-pool,21.06,staking token held by a counted product
2025-06,vesper,lido,487.58,staking token held by a counted product
2025-06,swell-l2-farm,lido,78.79,staking token held by a counted product
2025-06,swell-l2-farm,swell-liquid-restaking,2004.07,staking token held by a counted product
2025-06,swell-l2-farm,swell-liquid-staking,754.85,staking token held by a counted product
2025-06,swell-l2-farm,ether.fi-stake,343.2,staking token held by a counted product
2025-06,swell-l2-farm,renzo,122.51,staking token held by a counted product
2025-06,swell-l2-farm,stakestone-stone,16.57,staking token held by a counted product
2025-06,swell-l2-farm,frax-ether,8.84,staking token held by a counted product
2025-06,fusion-by-ipor,lido,55.0,staking token held by a counted product
2025-06,zircuit-staking,swell-liquid-restaking,1010.6,staking token held by a counted product
2025-06,zircuit-staking,puffer-stake,3202.28,staking token held by a counted product
2025-06,zircuit-staking,ether.fi-stake,40237.92,staking token held by a counted product
2025-06,zircuit-staking,lido,23448.75,staking token held by a counted product
2025-06,zircuit-staking,meth-protocol,27.41,staking token held by a counted product
2025-06,zircuit-staking,liquid-collective,8385.65,staking token held by a counted product
2025-06,zircuit-staking,swell-liquid-staking,206.35,staking token held by a counted product
2025-06,zircuit-staking,renzo,15062.27,staking token held by a counted product
2025-06,zircuit-staking,kelp,4230.05,staking token held by a counted product
2025-06,zircuit-staking,stakestone-stone,1001.19,staking token held by a counted product
2025-06,origami-finance,lido,60.97,staking token held by a counted product
2025-06,origami-finance,ether.fi-stake,5.47,staking token held by a counted product
2025-06,origami-finance,swell-liquid-restaking,28.63,staking token held by a counted product
2025-06,sushiswap-v3,lido,18.78,staking token held by a counted product
2025-06,sushiswap-v3,ether.fi-stake,98.32,staking token held by a counted product
2025-06,sushiswap-v3,frax-ether,13.53,staking token held by a counted product
2025-06,mantle-restaking,meth-protocol,210603.55,staking token held by a counted product
2025-06,autofinance,lido,4221.85,staking token held by a counted product
2025-06,reserve-protocol,lido,48906.25,staking token held by a counted product
2025-06,reserve-protocol,rocket-pool,19800.9,staking token held by a counted product
2025-06,reserve-protocol,stader,7551.12,staking token held by a counted product
2025-06,reserve-protocol,frax-ether,19824.16,staking token held by a counted product
2025-06,reserve-protocol,coinbase-wrapped-staked-eth,1766.52,staking token held by a counted product
2025-06,ekubo,lido,428.98,staking token held by a counted product
2025-06,mellow-restaking,lido,104662.8,staking token held by a counted product
2025-06,yieldnest,lido,3099.54,staking token held by a counted product
2025-06,yieldnest,frax-ether,40.14,staking token held by a counted product
2025-06,yieldnest,origin-ether,1981.9,staking token held by a counted product
2025-06,yieldnest,meth-protocol,37.24,staking token held by a counted product
2025-06,harvest-finance,lido,57.59,staking token held by a counted product
2025-06,harvest-finance,coinbase-wrapped-staked-eth,5.15,staking token held by a counted product
2025-06,harvest-finance,rocket-pool,4.35,staking token held by a counted product
2025-06,spectra-v2,origin-ether,33.29,staking token held by a counted product
2025-06,spectra-v2,lido,8422.02,staking token held by a counted product
2025-06,spectra-v2,kelp,2.8,staking token held by a counted product
2025-06,balancer-v3,lido,9.11,staking token held by a counted product
2025-06,balancer-v3,rocket-pool,955.79,staking token held by a counted product
2025-06,balancer-v3,kelp,165.75,staking token held by a counted product
2025-06,balancer-v3,ether.fi-stake,11.15,staking token held by a counted product
2025-06,balancer-v3,treehouse-protocol,397.19,staking token held by a counted product
2025-06,balancer-v3,stakewise-v3,6919.26,staking token held by a counted product
2025-06,balancer-v3,stader,770.41,staking token held by a counted product
2025-06,balancer-v3,dinero-(pxeth),10.6,staking token held by a counted product
2025-06,velodrome-v3,lido,101.91,staking token held by a counted product
2025-06,velodrome-v3,ether.fi-stake,94.12,staking token held by a counted product
2025-06,velodrome-v3,renzo,3.15,staking token held by a counted product
2025-06,velodrome-v3,swell-liquid-restaking,27.55,staking token held by a counted product
2025-06,velodrome-v3,frax-ether,9.03,staking token held by a counted product
2025-06,velodrome-v3,rocket-pool,6.55,staking token held by a counted product
2025-06,native-credit-pool,stakestone-stone,3.85,staking token held by a counted product
2025-06,native-credit-pool,puffer-stake,5.28,staking token held by a counted product
2025-06,native-credit-pool,meth-protocol,1.58,staking token held by a counted product
2025-06,velodrome-v2,swell-liquid-restaking,117.03,staking token held by a counted product
2025-06,velodrome-v2,renzo,2.04,staking token held by a counted product
2025-06,velodrome-v2,ether.fi-stake,82.31,staking token held by a counted product
2025-06,velodrome-v2,frax-ether,89.41,staking token held by a counted product
2025-06,velodrome-v2,lido,289.12,staking token held by a counted product
2025-06,velodrome-v2,dinero-(pxeth),193.73,staking token held by a counted product
2025-06,quickswap-v3,stakestone-stone,48.3,staking token held by a counted product
2025-06,quickswap-v3,lido,15.31,staking token held by a counted product
2025-06,quickswap-v3,coinbase-wrapped-staked-eth,3.8,staking token held by a counted product
2025-06,superform,renzo,3.33,staking token held by a counted product
2025-06,superform,kelp,7.38,staking token held by a counted product
2025-06,superform,ether.fi-stake,12.12,staking token held by a counted product
2025-06,superform,lido,21.56,staking token held by a counted product
2025-06,superform,origin-ether,5.73,staking token held by a counted product
2025-06,superform,dinero-(pxeth),1.05,staking token held by a counted product
2025-06,superform,rocket-pool,2.97,staking token held by a counted product
2025-06,superform,coinbase-wrapped-staked-eth,9.36,staking token held by a counted product
2025-06,index-coop,lido,2958.14,staking token held by a counted product
2025-06,index-coop,rocket-pool,8.12,staking token held by a counted product
2025-06,agni-finance,meth-protocol,248.23,staking token held by a counted product
2025-06,agni-finance,mantle-restaking,4110.98,staking token held by a counted product
2025-06,agni-finance,frax-ether,17.02,staking token held by a counted product
2025-06,kodiak-v3,kelp,2.2,staking token held by a counted product
2025-06,kodiak-v3,stakestone-stone,253.71,staking token held by a counted product
2025-06,kodiak-v3,ether.fi-stake,86.79,staking token held by a counted product
2025-06,set-protocol,lido,37.17,staking token held by a counted product
2025-06,set-protocol,coinbase-wrapped-staked-eth,5.8,staking token held by a counted product
2025-06,set-protocol,ankr,6.11,staking token held by a counted product
2025-06,set-protocol,frax-ether,5.82,staking token held by a counted product
2025-06,set-protocol,rocket-pool,5.59,staking token held by a counted product
2025-06,origin-arm,lido,366.62,staking token held by a counted product
2025-06,merchant-moe-liquidity-book,meth-protocol,254.13,staking token held by a counted product
2025-06,merchant-moe-liquidity-book,mantle-restaking,5543.54,staking token held by a counted product
2025-06,frax-swap,frax-ether,43.45,staking token held by a counted product
2025-06,syncswap,ether.fi-stake,224.86,staking token held by a counted product
2025-06,syncswap,lido,6.43,staking token held by a counted product
2025-06,syncswap,stakestone-stone,30.16,staking token held by a counted product
2025-06,syncswap,kelp,136.27,staking token held by a counted product
2025-06,syncswap,puffer-stake,3.11,staking token held by a counted product
2025-06,syncswap,frax-ether,1.54,staking token held by a counted product
2025-06,bulbaswap-v3,ether.fi-stake,1.06,staking token held by a counted product
2025-06,camelot-v2,lido,9.05,staking token held by a counted product
2025-06,inceptionlrt-(isolated-restaking),lido,15492.37,staking token held by a counted product
2025-06,inceptionlrt-(isolated-restaking),swell-liquid-staking,23.77,staking token held by a counted product
2025-06,inceptionlrt-(isolated-restaking),stader,1.76,staking token held by a counted product
2025-06,inceptionlrt-(isolated-restaking),meth-protocol,5.34,staking token held by a counted product
2025-06,inceptionlrt-(isolated-restaking),origin-ether,5.04,staking token held by a counted product
2025-06,inceptionlrt-(isolated-restaking),rocket-pool,5.81,staking token held by a counted product
2025-06,inceptionlrt-(isolated-restaking),frax-ether,3.62,staking token held by a counted product
2025-06,radpie,lido,238.72,staking token held by a counted product
2025-06,radpie,ether.fi-stake,15.66,staking token held by a counted product
2025-06,nucleus,renzo,1985.65,staking token held by a counted product
2025-06,nucleus,ether.fi-stake,436.88,staking token held by a counted product
2025-06,nucleus,swell-liquid-restaking,1861.43,staking token held by a counted product
2025-06,nucleus,puffer-stake,239.52,staking token held by a counted product
2025-06,nucleus,lido,2.0,staking token held by a counted product
2025-06,nucleus,dinero-(pxeth),1681.52,staking token held by a counted product
2025-06,nucleus,frax-ether,19.95,staking token held by a counted product
2025-06,nucleus,swell-liquid-staking,2.71,staking token held by a counted product
2025-06,swaap-maker-v2,lido,13.66,staking token held by a counted product
2025-06,camelot-v3,lido,79.87,staking token held by a counted product
2025-06,camelot-v3,kelp,29.45,staking token held by a counted product
2025-06,camelot-v3,renzo,21.31,staking token held by a counted product
2025-06,camelot-v3,ether.fi-stake,265.73,staking token held by a counted product
2025-06,tranchess-yield,lido,22.81,staking token held by a counted product
2025-06,tranchess-yield,stakestone-stone,276.18,staking token held by a counted product
2025-06,tranchess-yield,ether.fi-stake,7.27,staking token held by a counted product
2025-06,eigenpie,lido,74082.93,staking token held by a counted product
2025-06,eigenpie,rocket-pool,29.19,staking token held by a counted product
2025-06,eigenpie,frax-ether,41.37,staking token held by a counted product
2025-06,eigenpie,meth-protocol,89.48,staking token held by a counted product
2025-06,eigenpie,binance-staked-eth,237.37,staking token held by a counted product
2025-06,eigenpie,swell-liquid-staking,2986.98,staking token held by a counted product
2025-06,eigenpie,coinbase-wrapped-staked-eth,30.93,staking token held by a counted product
2025-06,eigenpie,stader,67.15,staking token held by a counted product
2025-06,eigenpie,ankr,11.32,staking token held by a counted product
2025-06,eigenpie,stakewise-v3,8.69,staking token held by a counted product
2025-06,eigenpie,origin-ether,10.06,staking token held by a counted product
2025-06,eigenpie,liquid-collective,9.35,staking token held by a counted product
2025-06,ribbon,rocket-pool,11.75,staking token held by a counted product
2025-06,ribbon,lido,9.11,staking token held by a counted product
2025-06,stakestone-berachain-vault,stakestone-stone,2447.61,staking token held by a counted product
2025-06,sophon-farm,lido,2523.12,staking token held by a counted product
2025-06,sophon-farm,ether.fi-stake,551.17,staking token held by a counted product
2025-06,blast-pre-launch-farm,lido,1040.41,staking token held by a counted product
2025-06,latch,lido,161.41,staking token held by a counted product
2025-06,latch,ether.fi-stake,1391.37,staking token held by a counted product
2025-06,reaper-farm,lido,19.6,staking token held by a counted product
2025-06,canopy,renzo,77.62,staking token held by a counted product
2025-06,canopy,kelp,3633.99,staking token held by a counted product
2025-06,opyn-gamma,lido,502.25,staking token held by a counted product
2025-06,theo-straddle-vaults,ether.fi-stake,4168.29,staking token held by a counted product
2025-06,ribbon-earn,lido,429.92,staking token held by a counted product
2025-06,sommelier,lido,286.28,staking token held by a counted product
2025-06,trevee-earn,lido,5120.76,staking token held by a counted product
2025-06,trevee-earn,ether.fi-stake,1360.5,staking token held by a counted product
2025-06,blackwing,swell-liquid-restaking,159.21,staking token held by a counted product
2025-06,blackwing,kelp,204.78,staking token held by a counted product
2025-06,blackwing,renzo,942.0,staking token held by a counted product
2025-06,blackwing,ether.fi-stake,209.69,staking token held by a counted product
2025-06,blackwing,puffer-stake,2.45,staking token held by a counted product
2025-06,arbitrove,lido,3.16,staking token held by a counted product
2025-06,vaultcraft,kelp,7.52,staking token held by a counted product
2025-06,vaultcraft,stader,5.54,staking token held by a counted product
2025-06,vaultcraft,lido,5.7,staking token held by a counted product
2025-06,terminal-finance-pre-deposits,ether.fi-stake,4326.36,staking token held by a counted product
2025-06,corn-kernels,ether.fi-stake,29.32,staking token held by a counted product
2025-06,corn-kernels,kelp,8.12,staking token held by a counted product
2025-06,onx-finance,ankr,84.68,staking token held by a counted product
2025-06,juice-finance,renzo,86.08,staking token held by a counted product
2025-06,juice-finance,ether.fi-stake,14.07,staking token held by a counted product
2025-06,cytonic-airdrop-campaign,lido,21.72,staking token held by a counted product
2025-06,cytonic-airdrop-campaign,puffer-stake,62.59,staking token held by a counted product
2025-06,cytonic-airdrop-campaign,renzo,3.11,staking token held by a counted product
2025-06,cytonic-airdrop-campaign,origin-ether,42.23,staking token held by a counted product
2025-06,hourglass,ether.fi-stake,4.29,staking token held by a counted product
2025-06,napier,dinero-(pxeth),107.88,staking token held by a counted product
2025-06,napier,ether.fi-stake,7.03,staking token held by a counted product
2025-06,napier,lido,828.84,staking token held by a counted product
2025-06,treehouse-protocol,mantle-restaking,28722.69,staking token held by a counted product
2025-06,treehouse-protocol,lido,95772.04,staking token held by a counted product
2025-06,treehouse-protocol,ether.fi-stake,970.71,staking token held by a counted product
2025-06,eigencloud,eigencloud,3509344.1,restaking-token issuers already count this
2025-06,symbiotic,symbiotic,318928.54,restaking-token issuers already count this
2025-07,carry:liquid-eth,ether.fi-stake,200467.34,on-chain product book; staking token per research
2025-07,carry:liquid-eth,veda,200467.34,DefiLlama row already counts this product
2025-07,carry:vesper-vaeth,vesper,1448.45,DefiLlama row already counts this product
2025-07,mantle-restaking,veda,208554.84,nested holding
2025-07,upshift,gain,51625.23,nested holding
2025-07,veda,meth-protocol,45361.6,staking token held by a counted product
2025-07,curve-dex,frax-ether,10511.25,staking token held by a counted product
2025-07,curve-dex,renzo,345.5,staking token held by a counted product
2025-07,curve-dex,dinero-(pxeth),4791.48,staking token held by a counted product
2025-07,curve-dex,lido,46411.32,staking token held by a counted product
2025-07,curve-dex,ether.fi-stake,4244.76,staking token held by a counted product
2025-07,curve-dex,ankr,40.24,staking token held by a counted product
2025-07,curve-dex,rocket-pool,4247.09,staking token held by a counted product
2025-07,curve-dex,binance-staked-eth,2.01,staking token held by a counted product
2025-07,curve-dex,origin-ether,24318.56,staking token held by a counted product
2025-07,curve-dex,coinbase-wrapped-staked-eth,95.33,staking token held by a counted product
2025-07,curve-dex,stader,1613.49,staking token held by a counted product
2025-07,curve-dex,swell-liquid-staking,2.62,staking token held by a counted product
2025-07,curve-dex,puffer-stake,2225.55,staking token held by a counted product
2025-07,curve-dex,kelp,11.92,staking token held by a counted product
2025-07,curve-dex,stakewise-v3,2570.89,staking token held by a counted product
2025-07,curve-dex,bedrock-unieth,1462.07,staking token held by a counted product
2025-07,curve-dex,swell-liquid-restaking,25.13,staking token held by a counted product
2025-07,curve-dex,treehouse-protocol,496.93,staking token held by a counted product
2025-07,pendle-v2,lido,20984.51,staking token held by a counted product
2025-07,pendle-v2,rocket-pool,1558.31,staking token held by a counted product
2025-07,pendle-v2,ether.fi-stake,4365.36,staking token held by a counted product
2025-07,pendle-v2,coinbase-wrapped-staked-eth,212.14,staking token held by a counted product
2025-07,pendle-v2,meth-protocol,18.19,staking token held by a counted product
2025-07,pendle-v2,mantle-restaking,3367.9,staking token held by a counted product
2025-07,pendle-v2,binance-staked-eth,108.78,staking token held by a counted product
2025-07,pendle-v2,renzo,1155.19,staking token held by a counted product
2025-07,pendle-v2,kelp,2313.4,staking token held by a counted product
2025-07,pendle-v2,bedrock-unieth,995.66,staking token held by a counted product
2025-07,pendle-v2,frax-ether,55.68,staking token held by a counted product
2025-07,pendle-v2,swell-liquid-staking,777.55,staking token held by a counted product
2025-07,pendle-v2,origin-ether,167.25,staking token held by a counted product
2025-07,pendle-v2,stader,38.52,staking token held by a counted product
2025-07,pendle-v2,swell-liquid-restaking,3385.53,staking token held by a counted product
2025-07,pendle-v2,puffer-stake,1697.51,staking token held by a counted product
2025-07,pendle-v2,dinero-(pxeth),5.34,staking token held by a counted product
2025-07,pendle-v2,treehouse-protocol,14554.43,staking token held by a counted product
2025-07,kelp,lido,222786.89,staking token held by a counted product
2025-07,kelp,stader,84479.27,staking token held by a counted product
2025-07,uniswap-v2,lido,138.05,staking token held by a counted product
2025-07,uniswap-v2,binance-staked-eth,1.47,staking token held by a counted product
2025-07,upshift,lido,7720.33,staking token held by a counted product
2025-07,upshift,kelp,42015.65,staking token held by a counted product
2025-07,cian-yield-layer,lido,975.48,staking token held by a counted product
2025-07,cian-yield-layer,binance-staked-eth,1.48,staking token held by a counted product
2025-07,cian-yield-layer,ether.fi-stake,6.73,staking token held by a counted product
2025-07,cian-yield-layer,kelp,10905.12,staking token held by a counted product
2025-07,cian-yield-layer,renzo,107.09,staking token held by a counted product
2025-07,fluid-lite,lido,54645.36,staking token held by a counted product
2025-07,aerodrome-slipstream,coinbase-wrapped-staked-eth,1067.8,staking token held by a counted product
2025-07,aerodrome-slipstream,lido,1798.18,staking token held by a counted product
2025-07,aerodrome-slipstream,renzo,5.12,staking token held by a counted product
2025-07,aerodrome-slipstream,ether.fi-stake,256.11,staking token held by a counted product
2025-07,aerodrome-slipstream,rocket-pool,5.76,staking token held by a counted product
2025-07,aerodrome-slipstream,kelp,83.03,staking token held by a counted product
2025-07,gmx-v2-perps,lido,66.18,staking token held by a counted product
2025-07,yearn-finance,ether.fi-stake,23.49,staking token held by a counted product
2025-07,yearn-finance,lido,4.67,staking token held by a counted product
2025-07,yearn-finance,renzo,5.23,staking token held by a counted product
2025-07,yearn-finance,kelp,18.75,staking token held by a counted product
2025-07,yearn-finance,frax-ether,8.48,staking token held by a counted product
2025-07,yearn-finance,dinero-(pxeth),70.86,staking token held by a counted product
2025-07,yearn-finance,swell-liquid-restaking,1.55,staking token held by a counted product
2025-07,aerodrome-v1,coinbase-wrapped-staked-eth,206.11,staking token held by a counted product
2025-07,aerodrome-v1,lido,1886.79,staking token held by a counted product
2025-07,aerodrome-v1,rocket-pool,6.05,staking token held by a counted product
2025-07,aerodrome-v1,ether.fi-stake,637.91,staking token held by a counted product
2025-07,aerodrome-v1,origin-ether,82.29,staking token held by a counted product
2025-07,enzyme-finance,rocket-pool,81.3,staking token held by a counted product
2025-07,enzyme-finance,lido,10315.22,staking token held by a counted product
2025-07,enzyme-finance,swell-liquid-staking,377.76,staking token held by a counted product
2025-07,enzyme-finance,ether.fi-stake,8836.12,staking token held by a counted product
2025-07,enzyme-finance,renzo,20.7,staking token held by a counted product
2025-07,enzyme-finance,kelp,15.33,staking token held by a counted product
2025-07,vesper,coinbase-wrapped-staked-eth,112.77,staking token held by a counted product
2025-07,vesper,lido,483.13,staking token held by a counted product
2025-07,vesper,rocket-pool,12.96,staking token held by a counted product
2025-07,swell-l2-farm,lido,57.59,staking token held by a counted product
2025-07,swell-l2-farm,swell-liquid-restaking,1814.74,staking token held by a counted product
2025-07,swell-l2-farm,swell-liquid-staking,741.25,staking token held by a counted product
2025-07,swell-l2-farm,ether.fi-stake,264.83,staking token held by a counted product
2025-07,swell-l2-farm,renzo,108.06,staking token held by a counted product
2025-07,swell-l2-farm,stakestone-stone,16.97,staking token held by a counted product
2025-07,swell-l2-farm,frax-ether,6.63,staking token held by a counted product
2025-07,fusion-by-ipor,lido,54.98,staking token held by a counted product
2025-07,zircuit-staking,swell-liquid-restaking,969.86,staking token held by a counted product
2025-07,zircuit-staking,puffer-stake,2673.9,staking token held by a counted product
2025-07,zircuit-staking,ether.fi-stake,90616.67,staking token held by a counted product
2025-07,zircuit-staking,lido,19879.59,staking token held by a counted product
2025-07,zircuit-staking,meth-protocol,19.7,staking token held by a counted product
2025-07,zircuit-staking,liquid-collective,8401.49,staking token held by a counted product
2025-07,zircuit-staking,swell-liquid-staking,204.56,staking token held by a counted product
2025-07,zircuit-staking,renzo,8013.65,staking token held by a counted product
2025-07,zircuit-staking,kelp,1790.36,staking token held by a counted product
2025-07,zircuit-staking,stakestone-stone,826.49,staking token held by a counted product
2025-07,origami-finance,lido,71.99,staking token held by a counted product
2025-07,origami-finance,ether.fi-stake,5.47,staking token held by a counted product
2025-07,sushiswap-v3,lido,47.73,staking token held by a counted product
2025-07,sushiswap-v3,frax-ether,15.23,staking token held by a counted product
2025-07,sushiswap-v3,ether.fi-stake,8706.22,staking token held by a counted product
2025-07,mantle-restaking,meth-protocol,208554.84,staking token held by a counted product
2025-07,autofinance,lido,3950.7,staking token held by a counted product
2025-07,reserve-protocol,lido,45335.22,staking token held by a counted product
2025-07,reserve-protocol,rocket-pool,18235.01,staking token held by a counted product
2025-07,reserve-protocol,stader,6992.32,staking token held by a counted product
2025-07,reserve-protocol,frax-ether,18335.55,staking token held by a counted product
2025-07,reserve-protocol,coinbase-wrapped-staked-eth,1727.84,staking token held by a counted product
2025-07,reserve-protocol,origin-ether,772.35,staking token held by a counted product
2025-07,ekubo,lido,505.1,staking token held by a counted product
2025-07,mellow-restaking,lido,112215.35,staking token held by a counted product
2025-07,yieldnest,lido,4064.24,staking token held by a counted product
2025-07,yieldnest,frax-ether,40.32,staking token held by a counted product
2025-07,yieldnest,origin-ether,2080.15,staking token held by a counted product
2025-07,yieldnest,meth-protocol,52.79,staking token held by a counted product
2025-07,harvest-finance,lido,56.74,staking token held by a counted product
2025-07,harvest-finance,coinbase-wrapped-staked-eth,5.07,staking token held by a counted product
2025-07,harvest-finance,rocket-pool,4.21,staking token held by a counted product
2025-07,spectra-v2,origin-ether,19.41,staking token held by a counted product
2025-07,spectra-v2,lido,11.18,staking token held by a counted product
2025-07,balancer-v3,rocket-pool,1345.3,staking token held by a counted product
2025-07,balancer-v3,kelp,228.51,staking token held by a counted product
2025-07,balancer-v3,ether.fi-stake,8.76,staking token held by a counted product
2025-07,balancer-v3,lido,23.24,staking token held by a counted product
2025-07,balancer-v3,treehouse-protocol,426.52,staking token held by a counted product
2025-07,balancer-v3,stakewise-v3,6242.21,staking token held by a counted product
2025-07,balancer-v3,stader,886.7,staking token held by a counted product
2025-07,velodrome-v3,frax-ether,8.11,staking token held by a counted product
2025-07,velodrome-v3,renzo,5.1,staking token held by a counted product
2025-07,velodrome-v3,lido,305.74,staking token held by a counted product
2025-07,velodrome-v3,ether.fi-stake,46.96,staking token held by a counted product
2025-07,velodrome-v3,swell-liquid-restaking,171.56,staking token held by a counted product
2025-07,velodrome-v3,rocket-pool,5.13,staking token held by a counted product
2025-07,velodrome-v2,swell-liquid-restaking,63.6,staking token held by a counted product
2025-07,velodrome-v2,renzo,2.06,staking token held by a counted product
2025-07,velodrome-v2,ether.fi-stake,14.67,staking token held by a counted product
2025-07,velodrome-v2,frax-ether,45.54,staking token held by a counted product
2025-07,velodrome-v2,lido,297.68,staking token held by a counted product
2025-07,velodrome-v2,dinero-(pxeth),140.32,staking token held by a counted product
2025-07,quickswap-v3,lido,11.75,staking token held by a counted product
2025-07,quickswap-v3,stakestone-stone,32.45,staking token held by a counted product
2025-07,quickswap-v3,coinbase-wrapped-staked-eth,2.03,staking token held by a counted product
2025-07,superform,renzo,3.25,staking token held by a counted product
2025-07,superform,kelp,3.85,staking token held by a counted product
2025-07,superform,ether.fi-stake,10.87,staking token held by a counted product
2025-07,superform,lido,19.7,staking token held by a counted product
2025-07,superform,origin-ether,5.5,staking token held by a counted product
2025-07,superform,rocket-pool,2.84,staking token held by a counted product
2025-07,superform,coinbase-wrapped-staked-eth,7.05,staking token held by a counted product
2025-07,index-coop,lido,1895.88,staking token held by a counted product
2025-07,index-coop,rocket-pool,8.0,staking token held by a counted product
2025-07,agni-finance,meth-protocol,77.13,staking token held by a counted product
2025-07,agni-finance,mantle-restaking,2632.4,staking token held by a counted product
2025-07,agni-finance,frax-ether,17.04,staking token held by a counted product
2025-07,kodiak-v3,stakestone-stone,1987.79,staking token held by a counted product
2025-07,kodiak-v3,ether.fi-stake,63.22,staking token held by a counted product
2025-07,set-protocol,lido,37.13,staking token held by a counted product
2025-07,set-protocol,coinbase-wrapped-staked-eth,5.72,staking token held by a counted product
2025-07,set-protocol,ankr,6.06,staking token held by a counted product
2025-07,set-protocol,frax-ether,5.85,staking token held by a counted product
2025-07,set-protocol,rocket-pool,5.51,staking token held by a counted product
2025-07,origin-arm,lido,1666.29,staking token held by a counted product
2025-07,merchant-moe-liquidity-book,meth-protocol,353.71,staking token held by a counted product
2025-07,merchant-moe-liquidity-book,mantle-restaking,4036.09,staking token held by a counted product
2025-07,frax-swap,frax-ether,40.62,staking token held by a counted product
2025-07,syncswap,lido,5.36,staking token held by a counted product
2025-07,syncswap,ether.fi-stake,201.98,staking token held by a counted product
2025-07,syncswap,stakestone-stone,32.78,staking token held by a counted product
2025-07,syncswap,kelp,107.17,staking token held by a counted product
2025-07,syncswap,puffer-stake,3.08,staking token held by a counted product
2025-07,syncswap,frax-ether,3.17,staking token held by a counted product
2025-07,camelot-v2,lido,9.0,staking token held by a counted product
2025-07,inceptionlrt-(isolated-restaking),lido,2911.93,staking token held by a counted product
2025-07,inceptionlrt-(isolated-restaking),swell-liquid-staking,13.79,staking token held by a counted product
2025-07,inceptionlrt-(isolated-restaking),stader,1.39,staking token held by a counted product
2025-07,inceptionlrt-(isolated-restaking),meth-protocol,4.73,staking token held by a counted product
2025-07,inceptionlrt-(isolated-restaking),rocket-pool,2.45,staking token held by a counted product
2025-07,inceptionlrt-(isolated-restaking),frax-ether,3.44,staking token held by a counted product
2025-07,radpie,lido,239.09,staking token held by a counted product
2025-07,radpie,ether.fi-stake,15.62,staking token held by a counted product
2025-07,nucleus,renzo,490.2,staking token held by a counted product
2025-07,nucleus,ether.fi-stake,593.99,staking token held by a counted product
2025-07,nucleus,swell-liquid-restaking,33.28,staking token held by a counted product
2025-07,nucleus,puffer-stake,338.91,staking token held by a counted product
2025-07,nucleus,lido,1.76,staking token held by a counted product
2025-07,nucleus,dinero-(pxeth),868.32,staking token held by a counted product
2025-07,nucleus,frax-ether,9.54,staking token held by a counted product
2025-07,nucleus,swell-liquid-staking,22.26,staking token held by a counted product
2025-07,swaap-maker-v2,lido,13.88,staking token held by a counted product
2025-07,camelot-v3,lido,100.18,staking token held by a counted product
2025-07,camelot-v3,kelp,3.99,staking token held by a counted product
2025-07,camelot-v3,renzo,8.56,staking token held by a counted product
2025-07,camelot-v3,ether.fi-stake,155.79,staking token held by a counted product
2025-07,hydrex-integral,ether.fi-stake,6.01,staking token held by a counted product
2025-07,hydrex-integral,lido,6.43,staking token held by a counted product
2025-07,tranchess-yield,lido,21.48,staking token held by a counted product
2025-07,tranchess-yield,stakestone-stone,242.63,staking token held by a counted product
2025-07,tranchess-yield,ether.fi-stake,7.14,staking token held by a counted product
2025-07,eigenpie,lido,1646.6,staking token held by a counted product
2025-07,eigenpie,rocket-pool,32.55,staking token held by a counted product
2025-07,eigenpie,frax-ether,118.77,staking token held by a counted product
2025-07,eigenpie,meth-protocol,114.24,staking token held by a counted product
2025-07,eigenpie,binance-staked-eth,436.52,staking token held by a counted product
2025-07,eigenpie,swell-liquid-staking,3135.41,staking token held by a counted product
2025-07,eigenpie,coinbase-wrapped-staked-eth,29.28,staking token held by a counted product
2025-07,eigenpie,stader,76.23,staking token held by a counted product
2025-07,eigenpie,origin-ether,2.21,staking token held by a counted product
2025-07,eigenpie,stakewise-v3,2.4,staking token held by a counted product
2025-07,eigenpie,liquid-collective,2.18,staking token held by a counted product
2025-07,ribbon,rocket-pool,11.74,staking token held by a counted product
2025-07,ribbon,lido,9.09,staking token held by a counted product
2025-07,stakestone-berachain-vault,stakestone-stone,1382.62,staking token held by a counted product
2025-07,sophon-farm,lido,104.28,staking token held by a counted product
2025-07,sophon-farm,ether.fi-stake,128.63,staking token held by a counted product
2025-07,blast-pre-launch-farm,lido,1030.78,staking token held by a counted product
2025-07,latch,ether.fi-stake,1603.84,staking token held by a counted product
2025-07,latch,lido,161.73,staking token held by a counted product
2025-07,reaper-farm,lido,19.65,staking token held by a counted product
2025-07,canopy,renzo,63.25,staking token held by a counted product
2025-07,canopy,kelp,3060.2,staking token held by a counted product
2025-07,theo-straddle-vaults,ether.fi-stake,3909.1,staking token held by a counted product
2025-07,ribbon-earn,lido,426.86,staking token held by a counted product
2025-07,sommelier,lido,277.63,staking token held by a counted product
2025-07,trevee-earn,lido,2466.81,staking token held by a counted product
2025-07,trevee-earn,ether.fi-stake,1282.37,staking token held by a counted product
2025-07,blackwing,renzo,716.91,staking token held by a counted product
2025-07,blackwing,ether.fi-stake,157.22,staking token held by a counted product
2025-07,blackwing,swell-liquid-restaking,157.12,staking token held by a counted product
2025-07,blackwing,kelp,187.36,staking token held by a counted product
2025-07,blackwing,puffer-stake,2.35,staking token held by a counted product
2025-07,arbitrove,lido,3.16,staking token held by a counted product
2025-07,vaultcraft,stader,6.38,staking token held by a counted product
2025-07,vaultcraft,kelp,5.67,staking token held by a counted product
2025-07,vaultcraft,lido,5.74,staking token held by a counted product
2025-07,terminal-finance-pre-deposits,ether.fi-stake,9919.54,staking token held by a counted product
2025-07,corn-kernels,ether.fi-stake,19.82,staking token held by a counted product
2025-07,corn-kernels,kelp,3.09,staking token held by a counted product
2025-07,onx-finance,ankr,86.65,staking token held by a counted product
2025-07,juice-finance,renzo,85.88,staking token held by a counted product
2025-07,juice-finance,ether.fi-stake,6.38,staking token held by a counted product
2025-07,cytonic-airdrop-campaign,renzo,2.98,staking token held by a counted product
2025-07,cytonic-airdrop-campaign,lido,21.77,staking token held by a counted product
2025-07,cytonic-airdrop-campaign,puffer-stake,63.15,staking token held by a counted product
2025-07,cytonic-airdrop-campaign,origin-ether,39.58,staking token held by a counted product
2025-07,hourglass,ether.fi-stake,4.29,staking token held by a counted product
2025-07,napier,dinero-(pxeth),96.93,staking token held by a counted product
2025-07,napier,ether.fi-stake,7.71,staking token held by a counted product
2025-07,napier,lido,1016.44,staking token held by a counted product
2025-07,treehouse-protocol,mantle-restaking,28233.91,staking token held by a counted product
2025-07,treehouse-protocol,lido,87720.18,staking token held by a counted product
2025-07,eigencloud,eigencloud,3461548.05,restaking-token issuers already count this
2025-07,symbiotic,symbiotic,320770.19,restaking-token issuers already count this
2025-08,carry:liquid-eth,ether.fi-stake,203044.52,on-chain product book; staking token per research
2025-08,carry:liquid-eth,veda,203044.52,DefiLlama row already counts this product
2025-08,carry:vesper-vaeth,vesper,1583.33,DefiLlama row already counts this product
2025-08,mantle-restaking,veda,151399.09,nested holding
2025-08,upshift,gain,45001.5,nested holding
2025-08,veda,meth-protocol,36680.07,staking token held by a counted product
2025-08,curve-dex,ether.fi-stake,5123.88,staking token held by a counted product
2025-08,curve-dex,coinbase-wrapped-staked-eth,1254.26,staking token held by a counted product
2025-08,curve-dex,lido,50885.64,staking token held by a counted product
2025-08,curve-dex,frax-ether,11307.54,staking token held by a counted product
2025-08,curve-dex,renzo,303.92,staking token held by a counted product
2025-08,curve-dex,origin-ether,802.69,staking token held by a counted product
2025-08,curve-dex,rocket-pool,4151.77,staking token held by a counted product
2025-08,curve-dex,bedrock-unieth,748.95,staking token held by a counted product
2025-08,curve-dex,ankr,32.91,staking token held by a counted product
2025-08,curve-dex,binance-staked-eth,2.35,staking token held by a counted product
2025-08,curve-dex,stader,2082.89,staking token held by a counted product
2025-08,curve-dex,dinero-(pxeth),2347.82,staking token held by a counted product
2025-08,curve-dex,stakewise-v3,2634.75,staking token held by a counted product
2025-08,curve-dex,swell-liquid-staking,2.65,staking token held by a counted product
2025-08,curve-dex,kelp,9.07,staking token held by a counted product
2025-08,curve-dex,swell-liquid-restaking,30.87,staking token held by a counted product
2025-08,curve-dex,puffer-stake,2250.0,staking token held by a counted product
2025-08,curve-dex,treehouse-protocol,356.37,staking token held by a counted product
2025-08,pendle-v2,lido,16365.13,staking token held by a counted product
2025-08,pendle-v2,rocket-pool,1437.55,staking token held by a counted product
2025-08,pendle-v2,ether.fi-stake,4843.26,staking token held by a counted product
2025-08,pendle-v2,coinbase-wrapped-staked-eth,160.5,staking token held by a counted product
2025-08,pendle-v2,binance-staked-eth,108.14,staking token held by a counted product
2025-08,pendle-v2,renzo,1032.71,staking token held by a counted product
2025-08,pendle-v2,meth-protocol,13.8,staking token held by a counted product
2025-08,pendle-v2,mantle-restaking,23421.9,staking token held by a counted product
2025-08,pendle-v2,kelp,2203.51,staking token held by a counted product
2025-08,pendle-v2,bedrock-unieth,926.65,staking token held by a counted product
2025-08,pendle-v2,frax-ether,55.27,staking token held by a counted product
2025-08,pendle-v2,swell-liquid-staking,668.28,staking token held by a counted product
2025-08,pendle-v2,origin-ether,169.44,staking token held by a counted product
2025-08,pendle-v2,stader,34.51,staking token held by a counted product
2025-08,pendle-v2,swell-liquid-restaking,3261.25,staking token held by a counted product
2025-08,pendle-v2,puffer-stake,1201.32,staking token held by a counted product
2025-08,pendle-v2,dinero-(pxeth),5.37,staking token held by a counted product
2025-08,pendle-v2,treehouse-protocol,14117.82,staking token held by a counted product
2025-08,kelp,lido,198182.87,staking token held by a counted product
2025-08,kelp,stader,85920.2,staking token held by a counted product
2025-08,uniswap-v2,lido,109.53,staking token held by a counted product
2025-08,upshift,kelp,34635.35,staking token held by a counted product
2025-08,upshift,lido,7873.66,staking token held by a counted product
2025-08,cian-yield-layer,binance-staked-eth,1.48,staking token held by a counted product
2025-08,cian-yield-layer,lido,968.07,staking token held by a counted product
2025-08,cian-yield-layer,ether.fi-stake,4.89,staking token held by a counted product
2025-08,cian-yield-layer,kelp,10857.85,staking token held by a counted product
2025-08,cian-yield-layer,renzo,104.74,staking token held by a counted product
2025-08,cap,lido,1.81,staking token held by a counted product
2025-08,fluid-lite,lido,56746.18,staking token held by a counted product
2025-08,aerodrome-slipstream,coinbase-wrapped-staked-eth,997.64,staking token held by a counted product
2025-08,aerodrome-slipstream,lido,824.21,staking token held by a counted product
2025-08,aerodrome-slipstream,renzo,3.92,staking token held by a counted product
2025-08,aerodrome-slipstream,ether.fi-stake,82.52,staking token held by a counted product
2025-08,aerodrome-slipstream,rocket-pool,3.39,staking token held by a counted product
2025-08,aerodrome-slipstream,kelp,98.72,staking token held by a counted product
2025-08,gmx-v2-perps,lido,73.96,staking token held by a counted product
2025-08,yearn-finance,lido,3.02,staking token held by a counted product
2025-08,yearn-finance,renzo,5.11,staking token held by a counted product
2025-08,yearn-finance,ether.fi-stake,21.94,staking token held by a counted product
2025-08,yearn-finance,kelp,18.81,staking token held by a counted product
2025-08,yearn-finance,frax-ether,9.49,staking token held by a counted product
2025-08,yearn-finance,dinero-(pxeth),70.62,staking token held by a counted product
2025-08,yearn-finance,swell-liquid-restaking,1.54,staking token held by a counted product
2025-08,lagoon,liquid-collective,1.09,staking token held by a counted product
2025-08,aerodrome-v1,coinbase-wrapped-staked-eth,186.94,staking token held by a counted product
2025-08,aerodrome-v1,lido,2833.77,staking token held by a counted product
2025-08,aerodrome-v1,rocket-pool,5.16,staking token held by a counted product
2025-08,aerodrome-v1,ether.fi-stake,488.05,staking token held by a counted product
2025-08,aerodrome-v1,origin-ether,79.17,staking token held by a counted product
2025-08,enzyme-finance,rocket-pool,81.37,staking token held by a counted product
2025-08,enzyme-finance,lido,9920.87,staking token held by a counted product
2025-08,enzyme-finance,stader,2.27,staking token held by a counted product
2025-08,enzyme-finance,ether.fi-stake,8835.66,staking token held by a counted product
2025-08,enzyme-finance,swell-liquid-staking,361.91,staking token held by a counted product
2025-08,enzyme-finance,renzo,20.72,staking token held by a counted product
2025-08,enzyme-finance,kelp,15.4,staking token held by a counted product
2025-08,vesper,rocket-pool,12.23,staking token held by a counted product
2025-08,vesper,lido,453.25,staking token held by a counted product
2025-08,vesper,coinbase-wrapped-staked-eth,71.0,staking token held by a counted product
2025-08,swell-l2-farm,lido,40.91,staking token held by a counted product
2025-08,swell-l2-farm,ether.fi-stake,228.09,staking token held by a counted product
2025-08,swell-l2-farm,renzo,88.91,staking token held by a counted product
2025-08,swell-l2-farm,frax-ether,6.59,staking token held by a counted product
2025-08,swell-l2-farm,stakestone-stone,9.92,staking token held by a counted product
2025-08,swell-l2-farm,swell-liquid-restaking,1693.5,staking token held by a counted product
2025-08,swell-l2-farm,swell-liquid-staking,590.9,staking token held by a counted product
2025-08,fusion-by-ipor,lido,78.25,staking token held by a counted product
2025-08,zircuit-staking,ether.fi-stake,76430.11,staking token held by a counted product
2025-08,zircuit-staking,lido,19541.89,staking token held by a counted product
2025-08,zircuit-staking,liquid-collective,8374.43,staking token held by a counted product
2025-08,zircuit-staking,kelp,1599.66,staking token held by a counted product
2025-08,zircuit-staking,renzo,6691.63,staking token held by a counted product
2025-08,zircuit-staking,puffer-stake,2423.01,staking token held by a counted product
2025-08,zircuit-staking,meth-protocol,18.49,staking token held by a counted product
2025-08,zircuit-staking,swell-liquid-restaking,944.02,staking token held by a counted product
2025-08,zircuit-staking,swell-liquid-staking,195.09,staking token held by a counted product
2025-08,zircuit-staking,stakestone-stone,773.88,staking token held by a counted product
2025-08,origami-finance,lido,72.85,staking token held by a counted product
2025-08,sushiswap-v3,kelp,102.73,staking token held by a counted product
2025-08,sushiswap-v3,ether.fi-stake,5591.36,staking token held by a counted product
2025-08,sushiswap-v3,lido,15.18,staking token held by a counted product
2025-08,sushiswap-v3,frax-ether,1.85,staking token held by a counted product
2025-08,sushiswap-v3,rocket-pool,12.73,staking token held by a counted product
2025-08,sushiswap-v3,coinbase-wrapped-staked-eth,1.13,staking token held by a counted product
2025-08,mantle-restaking,meth-protocol,151399.09,staking token held by a counted product
2025-08,autofinance,lido,3695.76,staking token held by a counted product
2025-08,reserve-protocol,lido,40621.4,staking token held by a counted product
2025-08,reserve-protocol,rocket-pool,16368.7,staking token held by a counted product
2025-08,reserve-protocol,frax-ether,16406.27,staking token held by a counted product
2025-08,reserve-protocol,coinbase-wrapped-staked-eth,1492.91,staking token held by a counted product
2025-08,reserve-protocol,origin-ether,274.81,staking token held by a counted product
2025-08,reserve-protocol,stader,6276.6,staking token held by a counted product
2025-08,ekubo,lido,436.52,staking token held by a counted product
2025-08,mellow-restaking,lido,93943.06,staking token held by a counted product
2025-08,yieldnest,frax-ether,40.59,staking token held by a counted product
2025-08,yieldnest,origin-ether,1604.3,staking token held by a counted product
2025-08,yieldnest,meth-protocol,53.45,staking token held by a counted product
2025-08,harvest-finance,lido,5.28,staking token held by a counted product
2025-08,harvest-finance,coinbase-wrapped-staked-eth,4.87,staking token held by a counted product
2025-08,harvest-finance,rocket-pool,2.95,staking token held by a counted product
2025-08,spectra-v2,origin-ether,18.95,staking token held by a counted product
2025-08,spectra-v2,lido,8.81,staking token held by a counted product
2025-08,balancer-v3,rocket-pool,1203.71,staking token held by a counted product
2025-08,balancer-v3,kelp,194.43,staking token held by a counted product
2025-08,balancer-v3,ether.fi-stake,67.47,staking token held by a counted product
2025-08,balancer-v3,lido,70.37,staking token held by a counted product
2025-08,balancer-v3,stakewise-v3,8423.72,staking token held by a counted product
2025-08,balancer-v3,treehouse-protocol,513.41,staking token held by a counted product
2025-08,velodrome-v3,frax-ether,4.34,staking token held by a counted product
2025-08,velodrome-v3,lido,317.01,staking token held by a counted product
2025-08,velodrome-v3,swell-liquid-restaking,212.06,staking token held by a counted product
2025-08,velodrome-v3,ether.fi-stake,46.26,staking token held by a counted product
2025-08,velodrome-v2,renzo,1.76,staking token held by a counted product
2025-08,velodrome-v2,swell-liquid-restaking,33.98,staking token held by a counted product
2025-08,velodrome-v2,ether.fi-stake,9.37,staking token held by a counted product
2025-08,velodrome-v2,frax-ether,43.86,staking token held by a counted product
2025-08,velodrome-v2,lido,297.27,staking token held by a counted product
2025-08,quickswap-v3,lido,11.55,staking token held by a counted product
2025-08,quickswap-v3,stakestone-stone,31.42,staking token held by a counted product
2025-08,quickswap-v3,meth-protocol,32.51,staking token held by a counted product
2025-08,quickswap-v3,coinbase-wrapped-staked-eth,1.63,staking token held by a counted product
2025-08,superform,lido,13.09,staking token held by a counted product
2025-08,superform,origin-ether,5.39,staking token held by a counted product
2025-08,superform,renzo,2.47,staking token held by a counted product
2025-08,superform,rocket-pool,2.76,staking token held by a counted product
2025-08,superform,kelp,3.68,staking token held by a counted product
2025-08,superform,ether.fi-stake,8.68,staking token held by a counted product
2025-08,superform,coinbase-wrapped-staked-eth,6.38,staking token held by a counted product
2025-08,index-coop,lido,1908.82,staking token held by a counted product
2025-08,index-coop,rocket-pool,3.32,staking token held by a counted product
2025-08,agni-finance,meth-protocol,53.1,staking token held by a counted product
2025-08,agni-finance,mantle-restaking,1777.75,staking token held by a counted product
2025-08,kodiak-v3,stakestone-stone,1194.44,staking token held by a counted product
2025-08,kodiak-v3,ether.fi-stake,38.83,staking token held by a counted product
2025-08,set-protocol,lido,37.05,staking token held by a counted product
2025-08,set-protocol,coinbase-wrapped-staked-eth,5.59,staking token held by a counted product
2025-08,set-protocol,ankr,5.89,staking token held by a counted product
2025-08,set-protocol,frax-ether,5.7,staking token held by a counted product
2025-08,set-protocol,rocket-pool,5.4,staking token held by a counted product
2025-08,origin-arm,lido,3361.48,staking token held by a counted product
2025-08,merchant-moe-liquidity-book,meth-protocol,178.4,staking token held by a counted product
2025-08,merchant-moe-liquidity-book,mantle-restaking,2684.07,staking token held by a counted product
2025-08,frax-swap,frax-ether,35.3,staking token held by a counted product
2025-08,syncswap,ether.fi-stake,196.69,staking token held by a counted product
2025-08,syncswap,lido,4.87,staking token held by a counted product
2025-08,syncswap,frax-ether,3.35,staking token held by a counted product
2025-08,syncswap,kelp,86.92,staking token held by a counted product
2025-08,syncswap,stakestone-stone,34.03,staking token held by a counted product
2025-08,syncswap,puffer-stake,3.15,staking token held by a counted product
2025-08,camelot-v2,lido,8.9,staking token held by a counted product
2025-08,inceptionlrt-(isolated-restaking),lido,2677.94,staking token held by a counted product
2025-08,inceptionlrt-(isolated-restaking),swell-liquid-staking,10.65,staking token held by a counted product
2025-08,inceptionlrt-(isolated-restaking),stader,1.12,staking token held by a counted product
2025-08,inceptionlrt-(isolated-restaking),rocket-pool,1.88,staking token held by a counted product
2025-08,inceptionlrt-(isolated-restaking),frax-ether,2.18,staking token held by a counted product
2025-08,radpie,lido,238.93,staking token held by a counted product
2025-08,radpie,ether.fi-stake,15.59,staking token held by a counted product
2025-08,nucleus,renzo,8.8,staking token held by a counted product
2025-08,nucleus,ether.fi-stake,193.29,staking token held by a counted product
2025-08,nucleus,swell-liquid-restaking,39.2,staking token held by a counted product
2025-08,nucleus,lido,1.73,staking token held by a counted product
2025-08,nucleus,swell-liquid-staking,5.86,staking token held by a counted product
2025-08,nucleus,puffer-stake,699.77,staking token held by a counted product
2025-08,nucleus,dinero-(pxeth),16.81,staking token held by a counted product
2025-08,swaap-maker-v2,lido,5.39,staking token held by a counted product
2025-08,camelot-v3,lido,323.05,staking token held by a counted product
2025-08,camelot-v3,kelp,5.46,staking token held by a counted product
2025-08,camelot-v3,renzo,17.3,staking token held by a counted product
2025-08,camelot-v3,ether.fi-stake,126.98,staking token held by a counted product
2025-08,tranchess-yield,lido,21.67,staking token held by a counted product
2025-08,tranchess-yield,stakestone-stone,221.2,staking token held by a counted product
2025-08,tranchess-yield,ether.fi-stake,7.17,staking token held by a counted product
2025-08,eigenpie,lido,1516.38,staking token held by a counted product
2025-08,eigenpie,rocket-pool,31.45,staking token held by a counted product
2025-08,eigenpie,frax-ether,123.23,staking token held by a counted product
2025-08,eigenpie,meth-protocol,58.15,staking token held by a counted product
2025-08,eigenpie,swell-liquid-staking,3064.14,staking token held by a counted product
2025-08,eigenpie,coinbase-wrapped-staked-eth,39.58,staking token held by a counted product
2025-08,eigenpie,stader,72.87,staking token held by a counted product
2025-08,eigenpie,ankr,11.3,staking token held by a counted product
2025-08,eigenpie,stakewise-v3,8.52,staking token held by a counted product
2025-08,eigenpie,origin-ether,10.62,staking token held by a counted product
2025-08,eigenpie,liquid-collective,9.32,staking token held by a counted product
2025-08,eigenpie,binance-staked-eth,357.86,staking token held by a counted product
2025-08,ribbon,rocket-pool,11.75,staking token held by a counted product
2025-08,ribbon,lido,9.12,staking token held by a counted product
2025-08,stakestone-berachain-vault,stakestone-stone,1009.19,staking token held by a counted product
2025-08,sophon-farm,lido,86.13,staking token held by a counted product
2025-08,sophon-farm,ether.fi-stake,41.77,staking token held by a counted product
2025-08,blast-pre-launch-farm,lido,1014.69,staking token held by a counted product
2025-08,latch,ether.fi-stake,818.38,staking token held by a counted product
2025-08,latch,lido,161.88,staking token held by a counted product
2025-08,reaper-farm,lido,19.64,staking token held by a counted product
2025-08,canopy,renzo,161.94,staking token held by a counted product
2025-08,canopy,kelp,2525.65,staking token held by a counted product
2025-08,theo-straddle-vaults,ether.fi-stake,1248.73,staking token held by a counted product
2025-08,ribbon-earn,lido,425.95,staking token held by a counted product
2025-08,sommelier,lido,77.18,staking token held by a counted product
2025-08,trevee-earn,lido,22.2,staking token held by a counted product
2025-08,trevee-earn,ether.fi-stake,74.89,staking token held by a counted product
2025-08,blackwing,renzo,579.91,staking token held by a counted product
2025-08,blackwing,ether.fi-stake,119.46,staking token held by a counted product
2025-08,blackwing,swell-liquid-restaking,154.01,staking token held by a counted product
2025-08,blackwing,kelp,183.93,staking token held by a counted product
2025-08,blackwing,puffer-stake,2.02,staking token held by a counted product
2025-08,arbitrove,lido,3.16,staking token held by a counted product
2025-08,vaultcraft,stader,6.34,staking token held by a counted product
2025-08,vaultcraft,lido,5.74,staking token held by a counted product
2025-08,vaultcraft,kelp,2.9,staking token held by a counted product
2025-08,terminal-finance-pre-deposits,ether.fi-stake,9315.52,staking token held by a counted product
2025-08,corn-kernels,ether.fi-stake,13.91,staking token held by a counted product
2025-08,corn-kernels,kelp,2.9,staking token held by a counted product
2025-08,onx-finance,ankr,86.03,staking token held by a counted product
2025-08,juice-finance,renzo,85.74,staking token held by a counted product
2025-08,juice-finance,ether.fi-stake,3.13,staking token held by a counted product
2025-08,cytonic-airdrop-campaign,lido,21.79,staking token held by a counted product
2025-08,cytonic-airdrop-campaign,puffer-stake,62.36,staking token held by a counted product
2025-08,cytonic-airdrop-campaign,renzo,2.95,staking token held by a counted product
2025-08,cytonic-airdrop-campaign,origin-ether,32.46,staking token held by a counted product
2025-08,cytonic-airdrop-campaign,meth-protocol,19.46,staking token held by a counted product
2025-08,hourglass,ether.fi-stake,4.3,staking token held by a counted product
2025-08,napier,dinero-(pxeth),40.85,staking token held by a counted product
2025-08,napier,ether.fi-stake,7.72,staking token held by a counted product
2025-08,napier,lido,965.07,staking token held by a counted product
2025-08,treehouse-protocol,mantle-restaking,20657.75,staking token held by a counted product
2025-08,treehouse-protocol,lido,70626.04,staking token held by a counted product
2025-08,eigencloud,eigencloud,3311033.01,restaking-token issuers already count this
2025-08,symbiotic,symbiotic,245342.82,restaking-token issuers already count this
2025-09,carry:liquid-eth,ether.fi-stake,192310.39,on-chain product book; staking token per research
2025-09,carry:liquid-eth,veda,192310.39,DefiLlama row already counts this product
2025-09,carry:rocksolid,rocket-pool,1846.11,on-chain product book; staking token per research
2025-09,carry:rocksolid,lagoon,1846.11,DefiLlama row already counts this product
2025-09,carry:vesper-vaeth,vesper,1870.84,DefiLlama row already counts this product
2025-09,carry:reservoir-eth,fusion-by-ipor,2428.8,DefiLlama row already counts this product
2025-09,mantle-restaking,veda,138753.42,nested holding
2025-09,upshift,gain,55406.59,nested holding
2025-09,veda,meth-protocol,39527.11,staking token held by a counted product
2025-09,curve-dex,coinbase-wrapped-staked-eth,752.32,staking token held by a counted product
2025-09,curve-dex,lido,37002.9,staking token held by a counted product
2025-09,curve-dex,puffer-stake,2090.76,staking token held by a counted product
2025-09,curve-dex,ether.fi-stake,5086.27,staking token held by a counted product
2025-09,curve-dex,origin-ether,764.58,staking token held by a counted product
2025-09,curve-dex,rocket-pool,3827.55,staking token held by a counted product
2025-09,curve-dex,frax-ether,10390.5,staking token held by a counted product
2025-09,curve-dex,renzo,124.92,staking token held by a counted product
2025-09,curve-dex,bedrock-unieth,1040.0,staking token held by a counted product
2025-09,curve-dex,ankr,34.55,staking token held by a counted product
2025-09,curve-dex,binance-staked-eth,3.43,staking token held by a counted product
2025-09,curve-dex,stakewise-v3,3012.32,staking token held by a counted product
2025-09,curve-dex,dinero-(pxeth),2354.5,staking token held by a counted product
2025-09,curve-dex,swell-liquid-staking,2.77,staking token held by a counted product
2025-09,curve-dex,stader,1388.75,staking token held by a counted product
2025-09,curve-dex,kelp,9.76,staking token held by a counted product
2025-09,curve-dex,swell-liquid-restaking,29.7,staking token held by a counted product
2025-09,curve-dex,treehouse-protocol,167.92,staking token held by a counted product
2025-09,pendle-v2,lido,15474.37,staking token held by a counted product
2025-09,pendle-v2,rocket-pool,1386.53,staking token held by a counted product
2025-09,pendle-v2,ether.fi-stake,5078.51,staking token held by a counted product
2025-09,pendle-v2,coinbase-wrapped-staked-eth,134.9,staking token held by a counted product
2025-09,pendle-v2,binance-staked-eth,104.91,staking token held by a counted product
2025-09,pendle-v2,renzo,981.18,staking token held by a counted product
2025-09,pendle-v2,meth-protocol,10.36,staking token held by a counted product
2025-09,pendle-v2,mantle-restaking,450.15,staking token held by a counted product
2025-09,pendle-v2,kelp,2062.38,staking token held by a counted product
2025-09,pendle-v2,bedrock-unieth,780.9,staking token held by a counted product
2025-09,pendle-v2,frax-ether,49.61,staking token held by a counted product
2025-09,pendle-v2,swell-liquid-staking,613.29,staking token held by a counted product
2025-09,pendle-v2,origin-ether,168.46,staking token held by a counted product
2025-09,pendle-v2,stader,28.54,staking token held by a counted product
2025-09,pendle-v2,swell-liquid-restaking,2996.94,staking token held by a counted product
2025-09,pendle-v2,puffer-stake,1121.41,staking token held by a counted product
2025-09,pendle-v2,dinero-(pxeth),5.3,staking token held by a counted product
2025-09,pendle-v2,treehouse-protocol,14974.59,staking token held by a counted product
2025-09,kelp,lido,185901.41,staking token held by a counted product
2025-09,kelp,stader,87564.41,staking token held by a counted product
2025-09,uniswap-v2,lido,107.21,staking token held by a counted product
2025-09,upshift,lido,7894.53,staking token held by a counted product
2025-09,upshift,kelp,44671.8,staking token held by a counted product
2025-09,cian-yield-layer,lido,965.79,staking token held by a counted product
2025-09,cian-yield-layer,ether.fi-stake,4.93,staking token held by a counted product
2025-09,cian-yield-layer,kelp,6722.4,staking token held by a counted product
2025-09,cian-yield-layer,renzo,1.15,staking token held by a counted product
2025-09,cap,lido,3038.96,staking token held by a counted product
2025-09,fluid-lite,lido,67325.82,staking token held by a counted product
2025-09,aerodrome-slipstream,coinbase-wrapped-staked-eth,105.43,staking token held by a counted product
2025-09,aerodrome-slipstream,lido,746.41,staking token held by a counted product
2025-09,aerodrome-slipstream,renzo,3.73,staking token held by a counted product
2025-09,aerodrome-slipstream,ether.fi-stake,53.88,staking token held by a counted product
2025-09,aerodrome-slipstream,rocket-pool,1.09,staking token held by a counted product
2025-09,aerodrome-slipstream,kelp,324.91,staking token held by a counted product
2025-09,gmx-v2-perps,lido,68.84,staking token held by a counted product
2025-09,yearn-finance,lido,2.61,staking token held by a counted product
2025-09,yearn-finance,renzo,5.15,staking token held by a counted product
2025-09,yearn-finance,kelp,18.87,staking token held by a counted product
2025-09,yearn-finance,ether.fi-stake,20.98,staking token held by a counted product
2025-09,yearn-finance,frax-ether,9.29,staking token held by a counted product
2025-09,yearn-finance,dinero-(pxeth),8.14,staking token held by a counted product
2025-09,yearn-finance,swell-liquid-restaking,1.55,staking token held by a counted product
2025-09,lagoon,rocket-pool,1544.79,staking token held by a counted product
2025-09,lagoon,puffer-stake,102.39,staking token held by a counted product
2025-09,aerodrome-v1,coinbase-wrapped-staked-eth,183.2,staking token held by a counted product
2025-09,aerodrome-v1,lido,2673.53,staking token held by a counted product
2025-09,aerodrome-v1,rocket-pool,1.4,staking token held by a counted product
2025-09,aerodrome-v1,ether.fi-stake,617.05,staking token held by a counted product
2025-09,aerodrome-v1,origin-ether,76.88,staking token held by a counted product
2025-09,enzyme-finance,rocket-pool,79.01,staking token held by a counted product
2025-09,enzyme-finance,lido,9885.78,staking token held by a counted product
2025-09,enzyme-finance,stader,1.17,staking token held by a counted product
2025-09,enzyme-finance,ether.fi-stake,8875.06,staking token held by a counted product
2025-09,enzyme-finance,swell-liquid-staking,343.56,staking token held by a counted product
2025-09,enzyme-finance,renzo,20.72,staking token held by a counted product
2025-09,enzyme-finance,kelp,15.47,staking token held by a counted product
2025-09,vesper,coinbase-wrapped-staked-eth,66.37,staking token held by a counted product
2025-09,vesper,lido,422.56,staking token held by a counted product
2025-09,vesper,rocket-pool,11.47,staking token held by a counted product
2025-09,swell-l2-farm,lido,35.21,staking token held by a counted product
2025-09,swell-l2-farm,swell-liquid-restaking,1622.2,staking token held by a counted product
2025-09,swell-l2-farm,swell-liquid-staking,564.45,staking token held by a counted product
2025-09,swell-l2-farm,ether.fi-stake,206.42,staking token held by a counted product
2025-09,swell-l2-farm,renzo,79.41,staking token held by a counted product
2025-09,swell-l2-farm,stakestone-stone,10.02,staking token held by a counted product
2025-09,swell-l2-farm,frax-ether,6.05,staking token held by a counted product
2025-09,fusion-by-ipor,lido,389.88,staking token held by a counted product
2025-09,zircuit-staking,swell-liquid-restaking,916.49,staking token held by a counted product
2025-09,zircuit-staking,puffer-stake,2370.61,staking token held by a counted product
2025-09,zircuit-staking,ether.fi-stake,73554.01,staking token held by a counted product
2025-09,zircuit-staking,lido,18268.8,staking token held by a counted product
2025-09,zircuit-staking,meth-protocol,11.56,staking token held by a counted product
2025-09,zircuit-staking,liquid-collective,8391.38,staking token held by a counted product
2025-09,zircuit-staking,swell-liquid-staking,192.06,staking token held by a counted product
2025-09,zircuit-staking,renzo,5558.2,staking token held by a counted product
2025-09,zircuit-staking,kelp,1524.92,staking token held by a counted product
2025-09,zircuit-staking,stakestone-stone,735.93,staking token held by a counted product
2025-09,origami-finance,lido,125.14,staking token held by a counted product
2025-09,origami-finance,ether.fi-stake,5.52,staking token held by a counted product
2025-09,sushiswap-v3,ether.fi-stake,4462.46,staking token held by a counted product
2025-09,sushiswap-v3,lido,1.25,staking token held by a counted product
2025-09,sushiswap-v3,kelp,89.84,staking token held by a counted product
2025-09,sushiswap-v3,coinbase-wrapped-staked-eth,1.01,staking token held by a counted product
2025-09,mantle-restaking,meth-protocol,138753.42,staking token held by a counted product
2025-09,autofinance,lido,3333.99,staking token held by a counted product
2025-09,reserve-protocol,lido,47062.9,staking token held by a counted product
2025-09,reserve-protocol,rocket-pool,19056.59,staking token held by a counted product
2025-09,reserve-protocol,stader,7275.03,staking token held by a counted product
2025-09,reserve-protocol,frax-ether,18989.2,staking token held by a counted product
2025-09,reserve-protocol,coinbase-wrapped-staked-eth,1562.23,staking token held by a counted product
2025-09,reserve-protocol,origin-ether,244.28,staking token held by a counted product
2025-09,ekubo,lido,277.59,staking token held by a counted product
2025-09,ekubo,ether.fi-stake,17.29,staking token held by a counted product
2025-09,ekubo,rocket-pool,2.19,staking token held by a counted product
2025-09,mellow-restaking,lido,87871.95,staking token held by a counted product
2025-09,yieldnest,frax-ether,40.35,staking token held by a counted product
2025-09,yieldnest,meth-protocol,52.95,staking token held by a counted product
2025-09,yieldnest,origin-ether,1326.78,staking token held by a counted product
2025-09,harvest-finance,lido,5.03,staking token held by a counted product
2025-09,harvest-finance,coinbase-wrapped-staked-eth,4.51,staking token held by a counted product
2025-09,harvest-finance,rocket-pool,2.67,staking token held by a counted product
2025-09,spectra-v2,origin-ether,12.26,staking token held by a counted product
2025-09,spectra-v2,lido,8.87,staking token held by a counted product
2025-09,balancer-v3,ether.fi-stake,3571.11,staking token held by a counted product
2025-09,balancer-v3,rocket-pool,856.55,staking token held by a counted product
2025-09,balancer-v3,kelp,90.28,staking token held by a counted product
2025-09,balancer-v3,frax-ether,51.31,staking token held by a counted product
2025-09,balancer-v3,lido,260.52,staking token held by a counted product
2025-09,balancer-v3,stakewise-v3,6240.06,staking token held by a counted product
2025-09,balancer-v3,treehouse-protocol,471.7,staking token held by a counted product
2025-09,velodrome-v3,frax-ether,2.24,staking token held by a counted product
2025-09,velodrome-v3,renzo,1.56,staking token held by a counted product
2025-09,velodrome-v3,lido,191.49,staking token held by a counted product
2025-09,velodrome-v3,ether.fi-stake,2.23,staking token held by a counted product
2025-09,velodrome-v3,swell-liquid-restaking,43.89,staking token held by a counted product
2025-09,velodrome-v2,renzo,1.35,staking token held by a counted product
2025-09,velodrome-v2,swell-liquid-restaking,48.15,staking token held by a counted product
2025-09,velodrome-v2,ether.fi-stake,8.56,staking token held by a counted product
2025-09,velodrome-v2,dinero-(pxeth),155.52,staking token held by a counted product
2025-09,velodrome-v2,frax-ether,40.23,staking token held by a counted product
2025-09,velodrome-v2,lido,285.53,staking token held by a counted product
2025-09,quickswap-v3,lido,11.79,staking token held by a counted product
2025-09,quickswap-v3,stakestone-stone,29.17,staking token held by a counted product
2025-09,quickswap-v3,coinbase-wrapped-staked-eth,1.62,staking token held by a counted product
2025-09,superform,renzo,1.37,staking token held by a counted product
2025-09,superform,kelp,3.62,staking token held by a counted product
2025-09,superform,ether.fi-stake,6.75,staking token held by a counted product
2025-09,superform,lido,10.36,staking token held by a counted product
2025-09,superform,origin-ether,5.07,staking token held by a counted product
2025-09,superform,rocket-pool,2.68,staking token held by a counted product
2025-09,superform,coinbase-wrapped-staked-eth,5.48,staking token held by a counted product
2025-09,index-coop,lido,1976.57,staking token held by a counted product
2025-09,index-coop,rocket-pool,3.35,staking token held by a counted product
2025-09,agni-finance,meth-protocol,69.02,staking token held by a counted product
2025-09,agni-finance,mantle-restaking,11734.25,staking token held by a counted product
2025-09,kodiak-v3,ether.fi-stake,35.95,staking token held by a counted product
2025-09,kodiak-v3,stakestone-stone,440.66,staking token held by a counted product
2025-09,set-protocol,lido,37.01,staking token held by a counted product
2025-09,set-protocol,coinbase-wrapped-staked-eth,5.38,staking token held by a counted product
2025-09,set-protocol,ankr,5.59,staking token held by a counted product
2025-09,set-protocol,frax-ether,5.48,staking token held by a counted product
2025-09,set-protocol,rocket-pool,5.21,staking token held by a counted product
2025-09,origin-arm,lido,2419.81,staking token held by a counted product
2025-09,merchant-moe-liquidity-book,meth-protocol,300.19,staking token held by a counted product
2025-09,merchant-moe-liquidity-book,mantle-restaking,2823.22,staking token held by a counted product
2025-09,frax-swap,frax-ether,41.92,staking token held by a counted product
2025-09,syncswap,lido,5.27,staking token held by a counted product
2025-09,syncswap,ether.fi-stake,171.84,staking token held by a counted product
2025-09,syncswap,stakestone-stone,20.54,staking token held by a counted product
2025-09,syncswap,kelp,59.3,staking token held by a counted product
2025-09,syncswap,puffer-stake,3.1,staking token held by a counted product
2025-09,syncswap,renzo,57.62,staking token held by a counted product
2025-09,camelot-v2,lido,8.85,staking token held by a counted product
2025-09,inceptionlrt-(isolated-restaking),lido,2702.01,staking token held by a counted product
2025-09,inceptionlrt-(isolated-restaking),swell-liquid-staking,9.8,staking token held by a counted product
2025-09,inceptionlrt-(isolated-restaking),rocket-pool,1.9,staking token held by a counted product
2025-09,inceptionlrt-(isolated-restaking),frax-ether,2.19,staking token held by a counted product
2025-09,radpie,lido,240.61,staking token held by a counted product
2025-09,radpie,ether.fi-stake,15.76,staking token held by a counted product
2025-09,nucleus,renzo,7.4,staking token held by a counted product
2025-09,nucleus,ether.fi-stake,94.81,staking token held by a counted product
2025-09,nucleus,swell-liquid-restaking,179.19,staking token held by a counted product
2025-09,nucleus,puffer-stake,262.22,staking token held by a counted product
2025-09,nucleus,dinero-(pxeth),14.85,staking token held by a counted product
2025-09,nucleus,swell-liquid-staking,188.01,staking token held by a counted product
2025-09,swaap-maker-v2,lido,1.13,staking token held by a counted product
2025-09,camelot-v3,lido,601.41,staking token held by a counted product
2025-09,camelot-v3,kelp,3.1,staking token held by a counted product
2025-09,camelot-v3,renzo,15.65,staking token held by a counted product
2025-09,camelot-v3,ether.fi-stake,149.42,staking token held by a counted product
2025-09,hydrex-integral,ether.fi-stake,4.83,staking token held by a counted product
2025-09,hydrex-integral,lido,19.47,staking token held by a counted product
2025-09,tranchess-yield,lido,4.33,staking token held by a counted product
2025-09,tranchess-yield,stakestone-stone,207.84,staking token held by a counted product
2025-09,tranchess-yield,ether.fi-stake,7.04,staking token held by a counted product
2025-09,eigenpie,lido,1190.3,staking token held by a counted product
2025-09,eigenpie,rocket-pool,29.35,staking token held by a counted product
2025-09,eigenpie,frax-ether,123.5,staking token held by a counted product
2025-09,eigenpie,meth-protocol,47.66,staking token held by a counted product
2025-09,eigenpie,binance-staked-eth,256.23,staking token held by a counted product
2025-09,eigenpie,swell-liquid-staking,2688.75,staking token held by a counted product
2025-09,eigenpie,coinbase-wrapped-staked-eth,30.98,staking token held by a counted product
2025-09,eigenpie,stader,71.56,staking token held by a counted product
2025-09,eigenpie,ankr,11.2,staking token held by a counted product
2025-09,eigenpie,stakewise-v3,8.71,staking token held by a counted product
2025-09,eigenpie,origin-ether,10.6,staking token held by a counted product
2025-09,eigenpie,liquid-collective,9.34,staking token held by a counted product
2025-09,ribbon,rocket-pool,11.82,staking token held by a counted product
2025-09,ribbon,lido,9.18,staking token held by a counted product
2025-09,stakestone-berachain-vault,stakestone-stone,1162.29,staking token held by a counted product
2025-09,sophon-farm,lido,84.29,staking token held by a counted product
2025-09,sophon-farm,ether.fi-stake,37.45,staking token held by a counted product
2025-09,blast-pre-launch-farm,lido,994.73,staking token held by a counted product
2025-09,latch,ether.fi-stake,673.32,staking token held by a counted product
2025-09,latch,lido,162.92,staking token held by a counted product
2025-09,reaper-farm,lido,19.69,staking token held by a counted product
2025-09,canopy,renzo,118.14,staking token held by a counted product
2025-09,canopy,kelp,2718.0,staking token held by a counted product
2025-09,theo-straddle-vaults,ether.fi-stake,397.13,staking token held by a counted product
2025-09,ribbon-earn,lido,421.16,staking token held by a counted product
2025-09,sommelier,lido,76.15,staking token held by a counted product
2025-09,trevee-earn,lido,3.07,staking token held by a counted product
2025-09,trevee-earn,ether.fi-stake,75.19,staking token held by a counted product
2025-09,blackwing,swell-liquid-restaking,151.42,staking token held by a counted product
2025-09,blackwing,kelp,178.43,staking token held by a counted product
2025-09,blackwing,renzo,502.36,staking token held by a counted product
2025-09,blackwing,ether.fi-stake,96.47,staking token held by a counted product
2025-09,blackwing,puffer-stake,1.73,staking token held by a counted product
2025-09,arbitrove,lido,3.18,staking token held by a counted product
2025-09,vaultcraft,stader,6.33,staking token held by a counted product
2025-09,vaultcraft,kelp,2.92,staking token held by a counted product
2025-09,terminal-finance-pre-deposits,ether.fi-stake,9122.62,staking token held by a counted product
2025-09,corn-kernels,ether.fi-stake,12.19,staking token held by a counted product
2025-09,corn-kernels,kelp,2.25,staking token held by a counted product
2025-09,onx-finance,ankr,85.25,staking token held by a counted product
2025-09,juice-finance,renzo,86.05,staking token held by a counted product
2025-09,juice-finance,ether.fi-stake,2.05,staking token held by a counted product
2025-09,cytonic-airdrop-campaign,lido,21.93,staking token held by a counted product
2025-09,cytonic-airdrop-campaign,puffer-stake,63.0,staking token held by a counted product
2025-09,cytonic-airdrop-campaign,renzo,1.91,staking token held by a counted product
2025-09,cytonic-airdrop-campaign,origin-ether,22.17,staking token held by a counted product
2025-09,hourglass,ether.fi-stake,4.33,staking token held by a counted product
2025-09,napier,dinero-(pxeth),3.26,staking token held by a counted product
2025-09,napier,ether.fi-stake,1.72,staking token held by a counted product
2025-09,napier,lido,930.8,staking token held by a counted product
2025-09,treehouse-protocol,mantle-restaking,20295.56,staking token held by a counted product
2025-09,treehouse-protocol,lido,68925.24,staking token held by a counted product
2025-09,eigencloud,eigencloud,3276660.03,restaking-token issuers already count this
2025-09,symbiotic,symbiotic,227744.89,restaking-token issuers already count this
2025-10,carry:liquid-eth,ether.fi-stake,177463.78,on-chain product book; staking token per research
2025-10,carry:liquid-eth,veda,177463.78,DefiLlama row already counts this product
2025-10,carry:avant-aveth,avant-aveth,2171.43,DefiLlama row already counts this product
2025-10,carry:rocksolid,rocket-pool,6116.37,on-chain product book; staking token per research
2025-10,carry:rocksolid,lagoon,6116.37,DefiLlama row already counts this product
2025-10,carry:makina-deth,ether.fi-stake,9566.83,on-chain product book; staking token per research
2025-10,carry:makina-deth,makina,9551.35,DefiLlama row already counts this product
2025-10,carry:vesper-vaeth,vesper,1876.19,DefiLlama row already counts this product
2025-10,carry:reservoir-eth,fusion-by-ipor,4136.88,DefiLlama row already counts this product
2025-10,mantle-restaking,veda,107303.56,nested holding
2025-10,upshift,gain,45564.98,nested holding
2025-10,veda,meth-protocol,33838.49,staking token held by a counted product
2025-10,curve-dex,coinbase-wrapped-staked-eth,77.69,staking token held by a counted product
2025-10,curve-dex,lido,35122.08,staking token held by a counted product
2025-10,curve-dex,puffer-stake,2056.54,staking token held by a counted product
2025-10,curve-dex,frax-ether,11460.07,staking token held by a counted product
2025-10,curve-dex,renzo,112.59,staking token held by a counted product
2025-10,curve-dex,ether.fi-stake,4591.42,staking token held by a counted product
2025-10,curve-dex,origin-ether,708.01,staking token held by a counted product
2025-10,curve-dex,rocket-pool,3468.31,staking token held by a counted product
2025-10,curve-dex,ankr,30.7,staking token held by a counted product
2025-10,curve-dex,binance-staked-eth,3.04,staking token held by a counted product
2025-10,curve-dex,kelp,5.97,staking token held by a counted product
2025-10,curve-dex,dinero-(pxeth),1225.55,staking token held by a counted product
2025-10,curve-dex,swell-liquid-staking,2.7,staking token held by a counted product
2025-10,curve-dex,stader,1199.7,staking token held by a counted product
2025-10,curve-dex,stakewise-v3,3255.26,staking token held by a counted product
2025-10,curve-dex,bedrock-unieth,776.39,staking token held by a counted product
2025-10,curve-dex,swell-liquid-restaking,27.61,staking token held by a counted product
2025-10,curve-dex,treehouse-protocol,166.68,staking token held by a counted product
2025-10,pendle-v2,lido,14791.81,staking token held by a counted product
2025-10,pendle-v2,rocket-pool,1270.87,staking token held by a counted product
2025-10,pendle-v2,ether.fi-stake,5280.02,staking token held by a counted product
2025-10,pendle-v2,coinbase-wrapped-staked-eth,131.86,staking token held by a counted product
2025-10,pendle-v2,meth-protocol,10.13,staking token held by a counted product
2025-10,pendle-v2,mantle-restaking,167.74,staking token held by a counted product
2025-10,pendle-v2,binance-staked-eth,103.56,staking token held by a counted product
2025-10,pendle-v2,renzo,874.19,staking token held by a counted product
2025-10,pendle-v2,kelp,1581.83,staking token held by a counted product
2025-10,pendle-v2,bedrock-unieth,849.44,staking token held by a counted product
2025-10,pendle-v2,frax-ether,49.1,staking token held by a counted product
2025-10,pendle-v2,swell-liquid-staking,610.23,staking token held by a counted product
2025-10,pendle-v2,stader,27.51,staking token held by a counted product
2025-10,pendle-v2,swell-liquid-restaking,2780.38,staking token held by a counted product
2025-10,pendle-v2,puffer-stake,1140.05,staking token held by a counted product
2025-10,pendle-v2,treehouse-protocol,15563.46,staking token held by a counted product
2025-10,pendle-v2,dinero-(pxeth),5.31,staking token held by a counted product
2025-10,pendle-v2,origin-ether,168.79,staking token held by a counted product
2025-10,kelp,lido,154885.47,staking token held by a counted product
2025-10,kelp,stader,89697.92,staking token held by a counted product
2025-10,uniswap-v2,lido,105.45,staking token held by a counted product
2025-10,upshift,lido,7826.91,staking token held by a counted product
2025-10,upshift,kelp,34792.48,staking token held by a counted product
2025-10,cian-yield-layer,lido,959.39,staking token held by a counted product
2025-10,cian-yield-layer,kelp,2842.06,staking token held by a counted product
2025-10,cian-yield-layer,renzo,1.16,staking token held by a counted product
2025-10,cian-yield-layer,ether.fi-stake,4.86,staking token held by a counted product
2025-10,cap,lido,11058.37,staking token held by a counted product
2025-10,fluid-lite,lido,68613.69,staking token held by a counted product
2025-10,aerodrome-slipstream,coinbase-wrapped-staked-eth,926.26,staking token held by a counted product
2025-10,aerodrome-slipstream,rocket-pool,4.15,staking token held by a counted product
2025-10,aerodrome-slipstream,lido,755.67,staking token held by a counted product
2025-10,aerodrome-slipstream,ether.fi-stake,39.51,staking token held by a counted product
2025-10,aerodrome-slipstream,renzo,2.43,staking token held by a counted product
2025-10,aerodrome-slipstream,kelp,358.51,staking token held by a counted product
2025-10,aerodrome-slipstream,liquid-collective,10.68,staking token held by a counted product
2025-10,gmx-v2-perps,lido,56.91,staking token held by a counted product
2025-10,yearn-finance,lido,3336.75,staking token held by a counted product
2025-10,yearn-finance,ether.fi-stake,20.96,staking token held by a counted product
2025-10,yearn-finance,kelp,18.69,staking token held by a counted product
2025-10,yearn-finance,renzo,5.15,staking token held by a counted product
2025-10,yearn-finance,frax-ether,8.82,staking token held by a counted product
2025-10,yearn-finance,dinero-(pxeth),7.57,staking token held by a counted product
2025-10,yearn-finance,swell-liquid-restaking,1.55,staking token held by a counted product
2025-10,lagoon,rocket-pool,3843.92,staking token held by a counted product
2025-10,lagoon,puffer-stake,73.24,staking token held by a counted product
2025-10,aerodrome-v1,coinbase-wrapped-staked-eth,122.36,staking token held by a counted product
2025-10,aerodrome-v1,lido,970.52,staking token held by a counted product
2025-10,aerodrome-v1,rocket-pool,1.01,staking token held by a counted product
2025-10,aerodrome-v1,ether.fi-stake,571.96,staking token held by a counted product
2025-10,aerodrome-v1,origin-ether,68.88,staking token held by a counted product
2025-10,enzyme-finance,rocket-pool,79.05,staking token held by a counted product
2025-10,enzyme-finance,lido,9868.57,staking token held by a counted product
2025-10,enzyme-finance,stader,1.52,staking token held by a counted product
2025-10,enzyme-finance,ether.fi-stake,8877.27,staking token held by a counted product
2025-10,enzyme-finance,swell-liquid-staking,340.67,staking token held by a counted product
2025-10,enzyme-finance,renzo,15.94,staking token held by a counted product
2025-10,enzyme-finance,kelp,15.32,staking token held by a counted product
2025-10,vesper,coinbase-wrapped-staked-eth,65.68,staking token held by a counted product
2025-10,vesper,rocket-pool,11.41,staking token held by a counted product
2025-10,vesper,lido,421.97,staking token held by a counted product
2025-10,swell-l2-farm,lido,34.33,staking token held by a counted product
2025-10,swell-l2-farm,swell-liquid-restaking,1334.54,staking token held by a counted product
2025-10,swell-l2-farm,swell-liquid-staking,539.45,staking token held by a counted product
2025-10,swell-l2-farm,ether.fi-stake,193.28,staking token held by a counted product
2025-10,swell-l2-farm,renzo,71.41,staking token held by a counted product
2025-10,swell-l2-farm,stakestone-stone,9.79,staking token held by a counted product
2025-10,swell-l2-farm,frax-ether,6.02,staking token held by a counted product
2025-10,fusion-by-ipor,lido,270.59,staking token held by a counted product
2025-10,zircuit-staking,renzo,4576.33,staking token held by a counted product
2025-10,zircuit-staking,lido,18082.44,staking token held by a counted product
2025-10,zircuit-staking,kelp,1101.85,staking token held by a counted product
2025-10,zircuit-staking,swell-liquid-restaking,421.72,staking token held by a counted product
2025-10,zircuit-staking,stakestone-stone,479.16,staking token held by a counted product
2025-10,zircuit-staking,liquid-collective,4169.37,staking token held by a counted product
2025-10,zircuit-staking,ether.fi-stake,71433.88,staking token held by a counted product
2025-10,zircuit-staking,puffer-stake,2293.72,staking token held by a counted product
2025-10,zircuit-staking,meth-protocol,11.46,staking token held by a counted product
2025-10,zircuit-staking,swell-liquid-staking,191.0,staking token held by a counted product
2025-10,origami-finance,lido,176.81,staking token held by a counted product
2025-10,origami-finance,ether.fi-stake,5.52,staking token held by a counted product
2025-10,sushiswap-v3,ether.fi-stake,4162.58,staking token held by a counted product
2025-10,sushiswap-v3,lido,944.07,staking token held by a counted product
2025-10,sushiswap-v3,kelp,77.31,staking token held by a counted product
2025-10,sushiswap-v3,frax-ether,1.84,staking token held by a counted product
2025-10,sushiswap-v3,coinbase-wrapped-staked-eth,1.14,staking token held by a counted product
2025-10,mantle-restaking,meth-protocol,107303.56,staking token held by a counted product
2025-10,autofinance,lido,3317.58,staking token held by a counted product
2025-10,reserve-protocol,lido,47138.21,staking token held by a counted product
2025-10,reserve-protocol,rocket-pool,19111.34,staking token held by a counted product
2025-10,reserve-protocol,stader,7299.8,staking token held by a counted product
2025-10,reserve-protocol,frax-ether,18927.51,staking token held by a counted product
2025-10,reserve-protocol,coinbase-wrapped-staked-eth,1613.61,staking token held by a counted product
2025-10,reserve-protocol,origin-ether,222.91,staking token held by a counted product
2025-10,ekubo,lido,400.59,staking token held by a counted product
2025-10,ekubo,ether.fi-stake,57.64,staking token held by a counted product
2025-10,ekubo,coinbase-wrapped-staked-eth,13.84,staking token held by a counted product
2025-10,mellow-restaking,lido,76132.78,staking token held by a counted product
2025-10,yieldnest,frax-ether,40.15,staking token held by a counted product
2025-10,yieldnest,origin-ether,1327.75,staking token held by a counted product
2025-10,yieldnest,meth-protocol,52.97,staking token held by a counted product
2025-10,harvest-finance,lido,4.75,staking token held by a counted product
2025-10,harvest-finance,coinbase-wrapped-staked-eth,2.55,staking token held by a counted product
2025-10,harvest-finance,rocket-pool,2.39,staking token held by a counted product
2025-10,spectra-v2,origin-ether,6.64,staking token held by a counted product
2025-10,spectra-v2,lido,8.86,staking token held by a counted product
2025-10,balancer-v3,rocket-pool,864.05,staking token held by a counted product
2025-10,balancer-v3,frax-ether,50.34,staking token held by a counted product
2025-10,balancer-v3,kelp,67.33,staking token held by a counted product
2025-10,balancer-v3,ether.fi-stake,1178.12,staking token held by a counted product
2025-10,balancer-v3,lido,200.69,staking token held by a counted product
2025-10,balancer-v3,treehouse-protocol,516.77,staking token held by a counted product
2025-10,balancer-v3,stakewise-v3,6195.06,staking token held by a counted product
2025-10,velodrome-v3,lido,157.42,staking token held by a counted product
2025-10,velodrome-v3,swell-liquid-restaking,34.02,staking token held by a counted product
2025-10,velodrome-v2,renzo,1.54,staking token held by a counted product
2025-10,velodrome-v2,swell-liquid-restaking,32.4,staking token held by a counted product
2025-10,velodrome-v2,ether.fi-stake,8.42,staking token held by a counted product
2025-10,velodrome-v2,frax-ether,42.02,staking token held by a counted product
2025-10,velodrome-v2,lido,168.1,staking token held by a counted product
2025-10,velodrome-v2,dinero-(pxeth),139.21,staking token held by a counted product
2025-10,quickswap-v3,lido,11.39,staking token held by a counted product
2025-10,quickswap-v3,stakestone-stone,23.57,staking token held by a counted product
2025-10,superform,renzo,1.33,staking token held by a counted product
2025-10,superform,kelp,3.51,staking token held by a counted product
2025-10,superform,ether.fi-stake,6.38,staking token held by a counted product
2025-10,superform,lido,9.7,staking token held by a counted product
2025-10,superform,origin-ether,25.01,staking token held by a counted product
2025-10,superform,rocket-pool,2.4,staking token held by a counted product
2025-10,superform,coinbase-wrapped-staked-eth,6.16,staking token held by a counted product
2025-10,index-coop,lido,2070.24,staking token held by a counted product
2025-10,index-coop,rocket-pool,3.35,staking token held by a counted product
2025-10,agni-finance,meth-protocol,77.9,staking token held by a counted product
2025-10,agni-finance,mantle-restaking,2216.8,staking token held by a counted product
2025-10,kodiak-v3,stakestone-stone,423.32,staking token held by a counted product
2025-10,kodiak-v3,ether.fi-stake,13.73,staking token held by a counted product
2025-10,set-protocol,lido,35.88,staking token held by a counted product
2025-10,set-protocol,coinbase-wrapped-staked-eth,5.13,staking token held by a counted product
2025-10,set-protocol,ankr,5.3,staking token held by a counted product
2025-10,set-protocol,frax-ether,5.23,staking token held by a counted product
2025-10,set-protocol,rocket-pool,4.99,staking token held by a counted product
2025-10,origin-arm,lido,2150.72,staking token held by a counted product
2025-10,merchant-moe-liquidity-book,meth-protocol,385.58,staking token held by a counted product
2025-10,merchant-moe-liquidity-book,mantle-restaking,3135.16,staking token held by a counted product
2025-10,frax-swap,frax-ether,38.06,staking token held by a counted product
2025-10,syncswap,ether.fi-stake,131.95,staking token held by a counted product
2025-10,syncswap,lido,5.32,staking token held by a counted product
2025-10,syncswap,frax-ether,3.36,staking token held by a counted product
2025-10,syncswap,kelp,41.7,staking token held by a counted product
2025-10,syncswap,renzo,101.17,staking token held by a counted product
2025-10,syncswap,stakestone-stone,18.64,staking token held by a counted product
2025-10,syncswap,puffer-stake,3.15,staking token held by a counted product
2025-10,camelot-v2,lido,8.84,staking token held by a counted product
2025-10,inceptionlrt-(isolated-restaking),lido,2695.72,staking token held by a counted product
2025-10,inceptionlrt-(isolated-restaking),swell-liquid-staking,8.81,staking token held by a counted product
2025-10,inceptionlrt-(isolated-restaking),rocket-pool,1.85,staking token held by a counted product
2025-10,radpie,lido,240.85,staking token held by a counted product
2025-10,radpie,ether.fi-stake,15.78,staking token held by a counted product
2025-10,nucleus,renzo,7.26,staking token held by a counted product
2025-10,nucleus,ether.fi-stake,34.73,staking token held by a counted product
2025-10,nucleus,swell-liquid-restaking,46.76,staking token held by a counted product
2025-10,nucleus,puffer-stake,524.38,staking token held by a counted product
2025-10,nucleus,dinero-(pxeth),13.85,staking token held by a counted product
2025-10,nucleus,swell-liquid-staking,172.63,staking token held by a counted product
2025-10,camelot-v3,lido,436.98,staking token held by a counted product
2025-10,camelot-v3,kelp,3.29,staking token held by a counted product
2025-10,camelot-v3,renzo,11.3,staking token held by a counted product
2025-10,camelot-v3,ether.fi-stake,124.23,staking token held by a counted product
2025-10,hydrex-integral,ether.fi-stake,4.1,staking token held by a counted product
2025-10,hydrex-integral,lido,27.16,staking token held by a counted product
2025-10,tranchess-yield,lido,2.62,staking token held by a counted product
2025-10,tranchess-yield,stakestone-stone,197.6,staking token held by a counted product
2025-10,tranchess-yield,ether.fi-stake,7.04,staking token held by a counted product
2025-10,eigenpie,lido,881.89,staking token held by a counted product
2025-10,eigenpie,rocket-pool,27.01,staking token held by a counted product
2025-10,eigenpie,frax-ether,123.24,staking token held by a counted product
2025-10,eigenpie,meth-protocol,37.0,staking token held by a counted product
2025-10,eigenpie,binance-staked-eth,203.83,staking token held by a counted product
2025-10,eigenpie,swell-liquid-staking,1078.11,staking token held by a counted product
2025-10,eigenpie,coinbase-wrapped-staked-eth,20.55,staking token held by a counted product
2025-10,eigenpie,stader,57.9,staking token held by a counted product
2025-10,eigenpie,origin-ether,2.23,staking token held by a counted product
2025-10,eigenpie,stakewise-v3,2.24,staking token held by a counted product
2025-10,eigenpie,liquid-collective,2.16,staking token held by a counted product
2025-10,ribbon,rocket-pool,11.85,staking token held by a counted product
2025-10,ribbon,lido,9.19,staking token held by a counted product
2025-10,stakestone-berachain-vault,stakestone-stone,769.62,staking token held by a counted product
2025-10,sophon-farm,ether.fi-stake,36.46,staking token held by a counted product
2025-10,sophon-farm,lido,20.0,staking token held by a counted product
2025-10,blast-pre-launch-farm,lido,985.47,staking token held by a counted product
2025-10,latch,ether.fi-stake,797.92,staking token held by a counted product
2025-10,latch,lido,162.86,staking token held by a counted product
2025-10,reaper-farm,lido,19.84,staking token held by a counted product
2025-10,canopy,renzo,131.38,staking token held by a counted product
2025-10,canopy,kelp,2678.26,staking token held by a counted product
2025-10,theo-straddle-vaults,ether.fi-stake,304.07,staking token held by a counted product
2025-10,ribbon-earn,lido,386.61,staking token held by a counted product
2025-10,sommelier,lido,8.26,staking token held by a counted product
2025-10,trevee-earn,lido,469.01,staking token held by a counted product
2025-10,trevee-earn,ether.fi-stake,72.22,staking token held by a counted product
2025-10,blackwing,renzo,293.02,staking token held by a counted product
2025-10,blackwing,ether.fi-stake,80.17,staking token held by a counted product
2025-10,blackwing,swell-liquid-restaking,8.43,staking token held by a counted product
2025-10,blackwing,kelp,25.16,staking token held by a counted product
2025-10,blackwing,puffer-stake,1.49,staking token held by a counted product
2025-10,arbitrove,lido,3.18,staking token held by a counted product
2025-10,vaultcraft,stader,2.48,staking token held by a counted product
2025-10,vaultcraft,kelp,2.89,staking token held by a counted product
2025-10,terminal-finance-pre-deposits,ether.fi-stake,8670.32,staking token held by a counted product
2025-10,corn-kernels,ether.fi-stake,10.97,staking token held by a counted product
2025-10,corn-kernels,kelp,1.06,staking token held by a counted product
2025-10,onx-finance,ankr,84.36,staking token held by a counted product
2025-10,juice-finance,renzo,10.95,staking token held by a counted product
2025-10,juice-finance,ether.fi-stake,2.05,staking token held by a counted product
2025-10,cytonic-airdrop-campaign,lido,21.67,staking token held by a counted product
2025-10,cytonic-airdrop-campaign,puffer-stake,62.35,staking token held by a counted product
2025-10,cytonic-airdrop-campaign,renzo,1.22,staking token held by a counted product
2025-10,cytonic-airdrop-campaign,origin-ether,14.92,staking token held by a counted product
2025-10,hourglass,ether.fi-stake,4.33,staking token held by a counted product
2025-10,napier,dinero-(pxeth),1.74,staking token held by a counted product
2025-10,napier,ether.fi-stake,1.01,staking token held by a counted product
2025-10,napier,lido,790.23,staking token held by a counted product
2025-10,treehouse-protocol,mantle-restaking,19070.22,staking token held by a counted product
2025-10,treehouse-protocol,lido,69913.27,staking token held by a counted product
2025-10,eigencloud,eigencloud,3224449.28,restaking-token issuers already count this
2025-10,symbiotic,symbiotic,187510.12,restaking-token issuers already count this
2025-11,carry:liquid-eth,ether.fi-stake,147816.66,on-chain product book; staking token per research
2025-11,carry:liquid-eth,veda,147816.66,DefiLlama row already counts this product
2025-11,carry:avant-aveth,avant-aveth,1861.63,DefiLlama row already counts this product
2025-11,carry:rocksolid,rocket-pool,6624.24,on-chain product book; staking token per research
2025-11,carry:rocksolid,lagoon,6624.24,DefiLlama row already counts this product
2025-11,carry:makina-deth,ether.fi-stake,11263.45,on-chain product book; staking token per research
2025-11,carry:makina-deth,makina,11263.45,DefiLlama row already counts this product
2025-11,carry:vesper-vaeth,vesper,2182.31,DefiLlama row already counts this product
2025-11,carry:reservoir-eth,fusion-by-ipor,1620.16,DefiLlama row already counts this product
2025-11,mantle-restaking,veda,98326.65,nested holding
2025-11,upshift,gain,28783.89,nested holding
2025-11,veda,meth-protocol,23979.77,staking token held by a counted product
2025-11,curve-dex,lido,35371.13,staking token held by a counted product
2025-11,curve-dex,puffer-stake,1859.33,staking token held by a counted product
2025-11,curve-dex,coinbase-wrapped-staked-eth,50.3,staking token held by a counted product
2025-11,curve-dex,renzo,64.32,staking token held by a counted product
2025-11,curve-dex,ether.fi-stake,4789.38,staking token held by a counted product
2025-11,curve-dex,frax-ether,11352.44,staking token held by a counted product
2025-11,curve-dex,rocket-pool,1493.5,staking token held by a counted product
2025-11,curve-dex,ankr,32.46,staking token held by a counted product
2025-11,curve-dex,binance-staked-eth,3.09,staking token held by a counted product
2025-11,curve-dex,origin-ether,654.81,staking token held by a counted product
2025-11,curve-dex,kelp,265.61,staking token held by a counted product
2025-11,curve-dex,stader,1220.73,staking token held by a counted product
2025-11,curve-dex,dinero-(pxeth),851.16,staking token held by a counted product
2025-11,curve-dex,stakewise-v3,3996.48,staking token held by a counted product
2025-11,curve-dex,swell-liquid-staking,2.61,staking token held by a counted product
2025-11,curve-dex,bedrock-unieth,352.22,staking token held by a counted product
2025-11,curve-dex,swell-liquid-restaking,23.62,staking token held by a counted product
2025-11,curve-dex,treehouse-protocol,186.17,staking token held by a counted product
2025-11,pendle-v2,lido,12936.69,staking token held by a counted product
2025-11,pendle-v2,rocket-pool,1279.91,staking token held by a counted product
2025-11,pendle-v2,ether.fi-stake,5179.45,staking token held by a counted product
2025-11,pendle-v2,coinbase-wrapped-staked-eth,132.68,staking token held by a counted product
2025-11,pendle-v2,meth-protocol,10.14,staking token held by a counted product
2025-11,pendle-v2,mantle-restaking,122.85,staking token held by a counted product
2025-11,pendle-v2,binance-staked-eth,103.55,staking token held by a counted product
2025-11,pendle-v2,renzo,860.57,staking token held by a counted product
2025-11,pendle-v2,kelp,1372.5,staking token held by a counted product
2025-11,pendle-v2,bedrock-unieth,815.05,staking token held by a counted product
2025-11,pendle-v2,frax-ether,49.04,staking token held by a counted product
2025-11,pendle-v2,swell-liquid-staking,439.39,staking token held by a counted product
2025-11,pendle-v2,origin-ether,169.45,staking token held by a counted product
2025-11,pendle-v2,stader,27.66,staking token held by a counted product
2025-11,pendle-v2,swell-liquid-restaking,2678.57,staking token held by a counted product
2025-11,pendle-v2,puffer-stake,1069.05,staking token held by a counted product
2025-11,pendle-v2,dinero-(pxeth),5.36,staking token held by a counted product
2025-11,pendle-v2,treehouse-protocol,6400.17,staking token held by a counted product
2025-11,kelp,lido,132434.26,staking token held by a counted product
2025-11,kelp,stader,90426.14,staking token held by a counted product
2025-11,uniswap-v2,lido,95.12,staking token held by a counted product
2025-11,upshift,treehouse-protocol,8.83,staking token held by a counted product
2025-11,upshift,lido,7801.9,staking token held by a counted product
2025-11,upshift,kelp,28785.48,staking token held by a counted product
2025-11,cian-yield-layer,lido,886.9,staking token held by a counted product
2025-11,cian-yield-layer,ether.fi-stake,4.54,staking token held by a counted product
2025-11,cian-yield-layer,kelp,2678.93,staking token held by a counted product
2025-11,cap,origin-ether,249.38,staking token held by a counted product
2025-11,cap,lido,9944.93,staking token held by a counted product
2025-11,fluid-lite,lido,76102.87,staking token held by a counted product
2025-11,aerodrome-slipstream,rocket-pool,8.96,staking token held by a counted product
2025-11,aerodrome-slipstream,lido,979.78,staking token held by a counted product
2025-11,aerodrome-slipstream,coinbase-wrapped-staked-eth,351.97,staking token held by a counted product
2025-11,aerodrome-slipstream,ether.fi-stake,41.6,staking token held by a counted product
2025-11,aerodrome-slipstream,kelp,257.8,staking token held by a counted product
2025-11,gmx-v2-perps,lido,65.57,staking token held by a counted product
2025-11,yearn-finance,lido,3199.03,staking token held by a counted product
2025-11,yearn-finance,kelp,17.76,staking token held by a counted product
2025-11,yearn-finance,renzo,4.98,staking token held by a counted product
2025-11,yearn-finance,frax-ether,9.63,staking token held by a counted product
2025-11,yearn-finance,dinero-(pxeth),7.61,staking token held by a counted product
2025-11,yearn-finance,swell-liquid-restaking,1.46,staking token held by a counted product
2025-11,lagoon,rocket-pool,3429.32,staking token held by a counted product
2025-11,lagoon,puffer-stake,17.62,staking token held by a counted product
2025-11,aerodrome-v1,coinbase-wrapped-staked-eth,104.33,staking token held by a counted product
2025-11,aerodrome-v1,lido,996.99,staking token held by a counted product
2025-11,aerodrome-v1,rocket-pool,1.02,staking token held by a counted product
2025-11,aerodrome-v1,ether.fi-stake,557.87,staking token held by a counted product
2025-11,aerodrome-v1,origin-ether,68.38,staking token held by a counted product
2025-11,enzyme-finance,ether.fi-stake,8765.25,staking token held by a counted product
2025-11,enzyme-finance,kelp,15.55,staking token held by a counted product
2025-11,enzyme-finance,lido,9373.74,staking token held by a counted product
2025-11,enzyme-finance,rocket-pool,87.76,staking token held by a counted product
2025-11,enzyme-finance,stader,3.81,staking token held by a counted product
2025-11,enzyme-finance,swell-liquid-staking,337.36,staking token held by a counted product
2025-11,enzyme-finance,renzo,12.99,staking token held by a counted product
2025-11,vesper,coinbase-wrapped-staked-eth,91.04,staking token held by a counted product
2025-11,vesper,lido,403.63,staking token held by a counted product
2025-11,vesper,rocket-pool,10.82,staking token held by a counted product
2025-11,swell-l2-farm,lido,32.88,staking token held by a counted product
2025-11,swell-l2-farm,swell-liquid-restaking,1306.73,staking token held by a counted product
2025-11,swell-l2-farm,swell-liquid-staking,531.07,staking token held by a counted product
2025-11,swell-l2-farm,ether.fi-stake,179.54,staking token held by a counted product
2025-11,swell-l2-farm,renzo,68.51,staking token held by a counted product
2025-11,swell-l2-farm,stakestone-stone,9.9,staking token held by a counted product
2025-11,swell-l2-farm,frax-ether,2.66,staking token held by a counted product
2025-11,fusion-by-ipor,lido,641.84,staking token held by a counted product
2025-11,zircuit-staking,swell-liquid-restaking,402.81,staking token held by a counted product
2025-11,zircuit-staking,puffer-stake,2257.35,staking token held by a counted product
2025-11,zircuit-staking,ether.fi-stake,69703.8,staking token held by a counted product
2025-11,zircuit-staking,lido,18224.01,staking token held by a counted product
2025-11,zircuit-staking,meth-protocol,9.46,staking token held by a counted product
2025-11,zircuit-staking,liquid-collective,1.23,staking token held by a counted product
2025-11,zircuit-staking,swell-liquid-staking,182.5,staking token held by a counted product
2025-11,zircuit-staking,renzo,3472.78,staking token held by a counted product
2025-11,zircuit-staking,kelp,1062.97,staking token held by a counted product
2025-11,zircuit-staking,stakestone-stone,443.38,staking token held by a counted product
2025-11,origami-finance,lido,171.54,staking token held by a counted product
2025-11,origami-finance,ether.fi-stake,5.55,staking token held by a counted product
2025-11,sushiswap-v3,ether.fi-stake,3440.95,staking token held by a counted product
2025-11,sushiswap-v3,lido,1944.74,staking token held by a counted product
2025-11,sushiswap-v3,kelp,102.79,staking token held by a counted product
2025-11,mantle-restaking,meth-protocol,98326.65,staking token held by a counted product
2025-11,autofinance,lido,3004.4,staking token held by a counted product
2025-11,reserve-protocol,lido,25440.85,staking token held by a counted product
2025-11,reserve-protocol,rocket-pool,10466.07,staking token held by a counted product
2025-11,reserve-protocol,stader,3998.17,staking token held by a counted product
2025-11,reserve-protocol,frax-ether,10338.57,staking token held by a counted product
2025-11,reserve-protocol,coinbase-wrapped-staked-eth,448.11,staking token held by a counted product
2025-11,reserve-protocol,origin-ether,164.91,staking token held by a counted product
2025-11,ekubo,lido,272.92,staking token held by a counted product
2025-11,mellow-restaking,lido,47741.78,staking token held by a counted product
2025-11,yieldnest,frax-ether,40.26,staking token held by a counted product
2025-11,yieldnest,origin-ether,1332.86,staking token held by a counted product
2025-11,yieldnest,meth-protocol,53.22,staking token held by a counted product
2025-11,harvest-finance,lido,4.7,staking token held by a counted product
2025-11,harvest-finance,coinbase-wrapped-staked-eth,1.26,staking token held by a counted product
2025-11,harvest-finance,rocket-pool,2.3,staking token held by a counted product
2025-11,spectra-v2,origin-ether,6.28,staking token held by a counted product
2025-11,spectra-v2,lido,8.9,staking token held by a counted product
2025-11,balancer-v3,rocket-pool,953.2,staking token held by a counted product
2025-11,balancer-v3,frax-ether,50.14,staking token held by a counted product
2025-11,balancer-v3,kelp,42.16,staking token held by a counted product
2025-11,balancer-v3,ether.fi-stake,171.9,staking token held by a counted product
2025-11,balancer-v3,lido,215.27,staking token held by a counted product
2025-11,balancer-v3,stakewise-v3,1173.7,staking token held by a counted product
2025-11,balancer-v3,treehouse-protocol,516.73,staking token held by a counted product
2025-11,velodrome-v3,lido,61.09,staking token held by a counted product
2025-11,velodrome-v3,ether.fi-stake,427.36,staking token held by a counted product
2025-11,velodrome-v2,swell-liquid-restaking,18.14,staking token held by a counted product
2025-11,velodrome-v2,ether.fi-stake,2.56,staking token held by a counted product
2025-11,velodrome-v2,frax-ether,34.65,staking token held by a counted product
2025-11,velodrome-v2,lido,98.77,staking token held by a counted product
2025-11,velodrome-v2,dinero-(pxeth),104.85,staking token held by a counted product
2025-11,quickswap-v3,lido,14.57,staking token held by a counted product
2025-11,quickswap-v3,stakestone-stone,28.7,staking token held by a counted product
2025-11,superform,kelp,4.59,staking token held by a counted product
2025-11,superform,ether.fi-stake,5.94,staking token held by a counted product
2025-11,superform,coinbase-wrapped-staked-eth,5.86,staking token held by a counted product
2025-11,superform,lido,8.82,staking token held by a counted product
2025-11,superform,rocket-pool,2.29,staking token held by a counted product
2025-11,superform,origin-ether,25.32,staking token held by a counted product
2025-11,index-coop,lido,2005.38,staking token held by a counted product
2025-11,index-coop,rocket-pool,3.37,staking token held by a counted product
2025-11,agni-finance,meth-protocol,76.12,staking token held by a counted product
2025-11,agni-finance,mantle-restaking,2999.7,staking token held by a counted product
2025-11,kodiak-v3,stakestone-stone,427.76,staking token held by a counted product
2025-11,kodiak-v3,ether.fi-stake,13.34,staking token held by a counted product
2025-11,set-protocol,lido,34.58,staking token held by a counted product
2025-11,set-protocol,coinbase-wrapped-staked-eth,4.93,staking token held by a counted product
2025-11,set-protocol,ankr,5.47,staking token held by a counted product
2025-11,set-protocol,frax-ether,5.19,staking token held by a counted product
2025-11,set-protocol,rocket-pool,4.81,staking token held by a counted product
2025-11,origin-arm,lido,3794.24,staking token held by a counted product
2025-11,merchant-moe-liquidity-book,meth-protocol,304.34,staking token held by a counted product
2025-11,merchant-moe-liquidity-book,mantle-restaking,3752.32,staking token held by a counted product
2025-11,frax-swap,frax-ether,37.96,staking token held by a counted product
2025-11,syncswap,ether.fi-stake,126.27,staking token held by a counted product
2025-11,syncswap,lido,5.95,staking token held by a counted product
2025-11,syncswap,frax-ether,3.64,staking token held by a counted product
2025-11,syncswap,kelp,34.42,staking token held by a counted product
2025-11,syncswap,renzo,62.8,staking token held by a counted product
2025-11,syncswap,stakestone-stone,17.86,staking token held by a counted product
2025-11,syncswap,puffer-stake,3.24,staking token held by a counted product
2025-11,camelot-v2,lido,8.94,staking token held by a counted product
2025-11,inceptionlrt-(isolated-restaking),lido,2718.49,staking token held by a counted product
2025-11,inceptionlrt-(isolated-restaking),swell-liquid-staking,8.58,staking token held by a counted product
2025-11,inceptionlrt-(isolated-restaking),rocket-pool,1.85,staking token held by a counted product
2025-11,radpie,lido,244.53,staking token held by a counted product
2025-11,radpie,ether.fi-stake,15.85,staking token held by a counted product
2025-11,nucleus,renzo,7.27,staking token held by a counted product
2025-11,nucleus,ether.fi-stake,13.92,staking token held by a counted product
2025-11,nucleus,swell-liquid-restaking,40.94,staking token held by a counted product
2025-11,nucleus,puffer-stake,1410.89,staking token held by a counted product
2025-11,nucleus,dinero-(pxeth),13.5,staking token held by a counted product
2025-11,nucleus,swell-liquid-staking,165.83,staking token held by a counted product
2025-11,camelot-v3,lido,282.7,staking token held by a counted product
2025-11,camelot-v3,kelp,1.97,staking token held by a counted product
2025-11,camelot-v3,renzo,3.0,staking token held by a counted product
2025-11,camelot-v3,ether.fi-stake,81.13,staking token held by a counted product
2025-11,hydrex-integral,ether.fi-stake,1.54,staking token held by a counted product
2025-11,hydrex-integral,lido,20.1,staking token held by a counted product
2025-11,tranchess-yield,lido,2.64,staking token held by a counted product
2025-11,tranchess-yield,stakestone-stone,198.59,staking token held by a counted product
2025-11,tranchess-yield,ether.fi-stake,7.01,staking token held by a counted product
2025-11,eigenpie,lido,857.57,staking token held by a counted product
2025-11,eigenpie,rocket-pool,29.24,staking token held by a counted product
2025-11,eigenpie,frax-ether,123.27,staking token held by a counted product
2025-11,eigenpie,meth-protocol,30.02,staking token held by a counted product
2025-11,eigenpie,binance-staked-eth,203.37,staking token held by a counted product
2025-11,eigenpie,swell-liquid-staking,1045.47,staking token held by a counted product
2025-11,eigenpie,coinbase-wrapped-staked-eth,20.85,staking token held by a counted product
2025-11,eigenpie,stader,56.89,staking token held by a counted product
2025-11,eigenpie,origin-ether,2.24,staking token held by a counted product
2025-11,eigenpie,stakewise-v3,2.2,staking token held by a counted product
2025-11,eigenpie,liquid-collective,2.17,staking token held by a counted product
2025-11,ribbon,rocket-pool,11.91,staking token held by a counted product
2025-11,ribbon,lido,9.24,staking token held by a counted product
2025-11,stakestone-berachain-vault,stakestone-stone,643.95,staking token held by a counted product
2025-11,sophon-farm,lido,19.74,staking token held by a counted product
2025-11,sophon-farm,ether.fi-stake,21.42,staking token held by a counted product
2025-11,blast-pre-launch-farm,lido,963.82,staking token held by a counted product
2025-11,latch,ether.fi-stake,733.66,staking token held by a counted product
2025-11,latch,lido,164.05,staking token held by a counted product
2025-11,reaper-farm,lido,20.1,staking token held by a counted product
2025-11,canopy,renzo,18.14,staking token held by a counted product
2025-11,canopy,kelp,1787.51,staking token held by a counted product
2025-11,theo-straddle-vaults,ether.fi-stake,204.56,staking token held by a counted product
2025-11,ribbon-earn,lido,386.59,staking token held by a counted product
2025-11,sommelier,lido,8.21,staking token held by a counted product
2025-11,trevee-earn,lido,314.55,staking token held by a counted product
2025-11,trevee-earn,ether.fi-stake,72.59,staking token held by a counted product
2025-11,blackwing,swell-liquid-restaking,7.72,staking token held by a counted product
2025-11,blackwing,kelp,20.88,staking token held by a counted product
2025-11,blackwing,renzo,225.78,staking token held by a counted product
2025-11,blackwing,ether.fi-stake,51.75,staking token held by a counted product
2025-11,blackwing,puffer-stake,1.37,staking token held by a counted product
2025-11,arbitrove,lido,3.23,staking token held by a counted product
2025-11,vaultcraft,kelp,2.83,staking token held by a counted product
2025-11,vaultcraft,stader,2.5,staking token held by a counted product
2025-11,terminal-finance-pre-deposits,ether.fi-stake,132.73,staking token held by a counted product
2025-11,corn-kernels,ether.fi-stake,10.75,staking token held by a counted product
2025-11,corn-kernels,kelp,1.06,staking token held by a counted product
2025-11,onx-finance,ankr,87.9,staking token held by a counted product
2025-11,juice-finance,renzo,11.02,staking token held by a counted product
2025-11,juice-finance,ether.fi-stake,2.06,staking token held by a counted product
2025-11,cytonic-airdrop-campaign,lido,21.85,staking token held by a counted product
2025-11,cytonic-airdrop-campaign,puffer-stake,62.78,staking token held by a counted product
2025-11,cytonic-airdrop-campaign,renzo,1.19,staking token held by a counted product
2025-11,hourglass,ether.fi-stake,4.33,staking token held by a counted product
2025-11,napier,ether.fi-stake,1.02,staking token held by a counted product
2025-11,napier,lido,742.17,staking token held by a counted product
2025-11,treehouse-protocol,mantle-restaking,18858.64,staking token held by a counted product
2025-11,treehouse-protocol,lido,74348.2,staking token held by a counted product
2025-11,eigencloud,eigencloud,2980827.4,restaking-token issuers already count this
2025-11,symbiotic,symbiotic,166563.06,restaking-token issuers already count this
2025-12,carry:liquid-eth,ether.fi-stake,147083.06,on-chain product book; staking token per research
2025-12,carry:liquid-eth,veda,147083.06,DefiLlama row already counts this product
2025-12,carry:avant-aveth,avant-aveth,2888.36,DefiLlama row already counts this product
2025-12,carry:rocksolid,rocket-pool,7652.42,on-chain product book; staking token per research
2025-12,carry:rocksolid,lagoon,7652.42,DefiLlama row already counts this product
2025-12,carry:makina-deth,ether.fi-stake,9812.32,on-chain product book; staking token per research
2025-12,carry:makina-deth,makina,9802.0,DefiLlama row already counts this product
2025-12,carry:vesper-vaeth,vesper,2215.69,DefiLlama row already counts this product
2025-12,carry:tau-infinifi,lido,41.01,on-chain product book; staking token per research
2025-12,carry:tau-infinifi,fusion-by-ipor,41.01,DefiLlama row already counts this product
2025-12,carry:reservoir-eth,fusion-by-ipor,575.19,DefiLlama row already counts this product
2025-12,mantle-restaking,veda,93829.5,nested holding
2025-12,upshift,gain,31645.72,nested holding
2025-12,veda,meth-protocol,27206.61,staking token held by a counted product
2025-12,curve-dex,lido,33938.87,staking token held by a counted product
2025-12,curve-dex,puffer-stake,1850.94,staking token held by a counted product
2025-12,curve-dex,ether.fi-stake,3931.32,staking token held by a counted product
2025-12,curve-dex,coinbase-wrapped-staked-eth,42.49,staking token held by a counted product
2025-12,curve-dex,frax-ether,9922.24,staking token held by a counted product
2025-12,curve-dex,renzo,68.51,staking token held by a counted product
2025-12,curve-dex,rocket-pool,2129.95,staking token held by a counted product
2025-12,curve-dex,bedrock-unieth,467.97,staking token held by a counted product
2025-12,curve-dex,kelp,193.71,staking token held by a counted product
2025-12,curve-dex,treehouse-protocol,191.21,staking token held by a counted product
2025-12,curve-dex,ankr,31.6,staking token held by a counted product
2025-12,curve-dex,swell-liquid-staking,2.85,staking token held by a counted product
2025-12,curve-dex,stader,1086.6,staking token held by a counted product
2025-12,curve-dex,dinero-(pxeth),791.32,staking token held by a counted product
2025-12,curve-dex,origin-ether,607.74,staking token held by a counted product
2025-12,curve-dex,binance-staked-eth,2.43,staking token held by a counted product
2025-12,curve-dex,stakewise-v3,3694.74,staking token held by a counted product
2025-12,curve-dex,swell-liquid-restaking,22.72,staking token held by a counted product
2025-12,pendle-v2,lido,8837.76,staking token held by a counted product
2025-12,pendle-v2,rocket-pool,1257.4,staking token held by a counted product
2025-12,pendle-v2,ether.fi-stake,5114.19,staking token held by a counted product
2025-12,pendle-v2,meth-protocol,10.14,staking token held by a counted product
2025-12,pendle-v2,mantle-restaking,115.44,staking token held by a counted product
2025-12,pendle-v2,coinbase-wrapped-staked-eth,61.5,staking token held by a counted product
2025-12,pendle-v2,binance-staked-eth,103.42,staking token held by a counted product
2025-12,pendle-v2,renzo,852.54,staking token held by a counted product
2025-12,pendle-v2,kelp,1320.76,staking token held by a counted product
2025-12,pendle-v2,bedrock-unieth,817.4,staking token held by a counted product
2025-12,pendle-v2,frax-ether,49.24,staking token held by a counted product
2025-12,pendle-v2,swell-liquid-staking,424.56,staking token held by a counted product
2025-12,pendle-v2,origin-ether,187.35,staking token held by a counted product
2025-12,pendle-v2,stader,27.68,staking token held by a counted product
2025-12,pendle-v2,swell-liquid-restaking,2727.63,staking token held by a counted product
2025-12,pendle-v2,puffer-stake,1102.91,staking token held by a counted product
2025-12,pendle-v2,dinero-(pxeth),5.35,staking token held by a counted product
2025-12,pendle-v2,treehouse-protocol,4967.08,staking token held by a counted product
2025-12,kelp,lido,114329.27,staking token held by a counted product
2025-12,kelp,stader,91519.48,staking token held by a counted product
2025-12,uniswap-v2,lido,97.45,staking token held by a counted product
2025-12,upshift,treehouse-protocol,7.86,staking token held by a counted product
2025-12,upshift,lido,871.18,staking token held by a counted product
2025-12,upshift,kelp,31551.79,staking token held by a counted product
2025-12,cian-yield-layer,lido,937.2,staking token held by a counted product
2025-12,cian-yield-layer,ether.fi-stake,4.82,staking token held by a counted product
2025-12,cian-yield-layer,kelp,2834.83,staking token held by a counted product
2025-12,cian-yield-layer,renzo,1.05,staking token held by a counted product
2025-12,cap,origin-ether,248.9,staking token held by a counted product
2025-12,cap,lido,11165.81,staking token held by a counted product
2025-12,fluid-lite,lido,85133.22,staking token held by a counted product
2025-12,aerodrome-slipstream,rocket-pool,9.24,staking token held by a counted product
2025-12,aerodrome-slipstream,lido,704.07,staking token held by a counted product
2025-12,aerodrome-slipstream,coinbase-wrapped-staked-eth,138.9,staking token held by a counted product
2025-12,aerodrome-slipstream,ether.fi-stake,57.4,staking token held by a counted product
2025-12,aerodrome-slipstream,kelp,384.17,staking token held by a counted product
2025-12,gmx-v2-perps,lido,67.72,staking token held by a counted product
2025-12,yearn-finance,lido,2.39,staking token held by a counted product
2025-12,yearn-finance,kelp,18.69,staking token held by a counted product
2025-12,yearn-finance,renzo,5.12,staking token held by a counted product
2025-12,yearn-finance,frax-ether,9.05,staking token held by a counted product
2025-12,yearn-finance,dinero-(pxeth),7.58,staking token held by a counted product
2025-12,yearn-finance,swell-liquid-restaking,1.56,staking token held by a counted product
2025-12,lagoon,rocket-pool,3714.79,staking token held by a counted product
2025-12,lagoon,puffer-stake,14.82,staking token held by a counted product
2025-12,aerodrome-v1,coinbase-wrapped-staked-eth,85.24,staking token held by a counted product
2025-12,aerodrome-v1,lido,878.36,staking token held by a counted product
2025-12,aerodrome-v1,ether.fi-stake,382.81,staking token held by a counted product
2025-12,aerodrome-v1,origin-ether,59.7,staking token held by a counted product
2025-12,beefy,ether.fi-stake,3.59,staking token held by a counted product
2025-12,beefy,renzo,5.45,staking token held by a counted product
2025-12,beefy,lido,1231.35,staking token held by a counted product
2025-12,beefy,frax-ether,25.84,staking token held by a counted product
2025-12,beefy,coinbase-wrapped-staked-eth,207.48,staking token held by a counted product
2025-12,beefy,kelp,345.09,staking token held by a counted product
2025-12,beefy,rocket-pool,16.63,staking token held by a counted product
2025-12,beefy,meth-protocol,2.93,staking token held by a counted product
2025-12,beefy,binance-staked-eth,1.21,staking token held by a counted product
2025-12,enzyme-finance,ether.fi-stake,8958.62,staking token held by a counted product
2025-12,enzyme-finance,kelp,15.41,staking token held by a counted product
2025-12,enzyme-finance,lido,9084.99,staking token held by a counted product
2025-12,enzyme-finance,rocket-pool,88.15,staking token held by a counted product
2025-12,enzyme-finance,stader,266.3,staking token held by a counted product
2025-12,enzyme-finance,coinbase-wrapped-staked-eth,1.69,staking token held by a counted product
2025-12,enzyme-finance,swell-liquid-staking,338.41,staking token held by a counted product
2025-12,enzyme-finance,renzo,13.0,staking token held by a counted product
2025-12,vesper,lido,422.01,staking token held by a counted product
2025-12,vesper,coinbase-wrapped-staked-eth,66.51,staking token held by a counted product
2025-12,vesper,rocket-pool,10.78,staking token held by a counted product
2025-12,swell-l2-farm,lido,28.37,staking token held by a counted product
2025-12,swell-l2-farm,swell-liquid-restaking,1311.96,staking token held by a counted product
2025-12,swell-l2-farm,swell-liquid-staking,404.35,staking token held by a counted product
2025-12,swell-l2-farm,ether.fi-stake,173.57,staking token held by a counted product
2025-12,swell-l2-farm,renzo,64.32,staking token held by a counted product
2025-12,swell-l2-farm,stakestone-stone,8.51,staking token held by a counted product
2025-12,swell-l2-farm,frax-ether,2.7,staking token held by a counted product
2025-12,fusion-by-ipor,lido,1640.14,staking token held by a counted product
2025-12,zircuit-staking,swell-liquid-restaking,407.42,staking token held by a counted product
2025-12,zircuit-staking,puffer-stake,2234.16,staking token held by a counted product
2025-12,zircuit-staking,ether.fi-stake,62891.05,staking token held by a counted product
2025-12,zircuit-staking,lido,18225.95,staking token held by a counted product
2025-12,zircuit-staking,meth-protocol,9.6,staking token held by a counted product
2025-12,zircuit-staking,liquid-collective,1.23,staking token held by a counted product
2025-12,zircuit-staking,swell-liquid-staking,178.24,staking token held by a counted product
2025-12,zircuit-staking,renzo,3355.45,staking token held by a counted product
2025-12,zircuit-staking,kelp,1063.53,staking token held by a counted product
2025-12,zircuit-staking,stakestone-stone,389.29,staking token held by a counted product
2025-12,origami-finance,lido,158.72,staking token held by a counted product
2025-12,origami-finance,ether.fi-stake,5.55,staking token held by a counted product
2025-12,sushiswap-v3,ether.fi-stake,3169.35,staking token held by a counted product
2025-12,sushiswap-v3,lido,119.39,staking token held by a counted product
2025-12,mantle-restaking,meth-protocol,93829.5,staking token held by a counted product
2025-12,autofinance,lido,2345.46,staking token held by a counted product
2025-12,reserve-protocol,lido,18607.36,staking token held by a counted product
2025-12,reserve-protocol,rocket-pool,7622.97,staking token held by a counted product
2025-12,reserve-protocol,stader,2902.13,staking token held by a counted product
2025-12,reserve-protocol,frax-ether,7598.5,staking token held by a counted product
2025-12,reserve-protocol,coinbase-wrapped-staked-eth,431.37,staking token held by a counted product
2025-12,reserve-protocol,origin-ether,199.64,staking token held by a counted product
2025-12,ekubo,lido,161.91,staking token held by a counted product
2025-12,mellow-restaking,lido,42932.87,staking token held by a counted product
2025-12,yieldnest,frax-ether,40.79,staking token held by a counted product
2025-12,yieldnest,origin-ether,1333.67,staking token held by a counted product
2025-12,yieldnest,meth-protocol,53.16,staking token held by a counted product
2025-12,harvest-finance,lido,2.05,staking token held by a counted product
2025-12,harvest-finance,coinbase-wrapped-staked-eth,1.23,staking token held by a counted product
2025-12,harvest-finance,rocket-pool,2.31,staking token held by a counted product
2025-12,spectra-v2,origin-ether,8.31,staking token held by a counted product
2025-12,balancer-v3,rocket-pool,1301.52,staking token held by a counted product
2025-12,balancer-v3,frax-ether,50.97,staking token held by a counted product
2025-12,balancer-v3,kelp,40.21,staking token held by a counted product
2025-12,balancer-v3,ether.fi-stake,938.71,staking token held by a counted product
2025-12,balancer-v3,lido,210.57,staking token held by a counted product
2025-12,balancer-v3,treehouse-protocol,678.23,staking token held by a counted product
2025-12,balancer-v3,stakewise-v3,342.26,staking token held by a counted product
2025-12,velodrome-v3,lido,43.13,staking token held by a counted product
2025-12,velodrome-v3,renzo,218.49,staking token held by a counted product
2025-12,velodrome-v3,ether.fi-stake,276.66,staking token held by a counted product
2025-12,velodrome-v3,swell-liquid-restaking,10.39,staking token held by a counted product
2025-12,velodrome-v2,ether.fi-stake,2.52,staking token held by a counted product
2025-12,velodrome-v2,swell-liquid-restaking,13.32,staking token held by a counted product
2025-12,velodrome-v2,frax-ether,32.99,staking token held by a counted product
2025-12,velodrome-v2,lido,86.4,staking token held by a counted product
2025-12,velodrome-v2,dinero-(pxeth),25.09,staking token held by a counted product
2025-12,quickswap-v3,lido,11.16,staking token held by a counted product
2025-12,quickswap-v3,stakestone-stone,27.17,staking token held by a counted product
2025-12,superform,kelp,4.51,staking token held by a counted product
2025-12,superform,ether.fi-stake,6.07,staking token held by a counted product
2025-12,superform,lido,6.12,staking token held by a counted product
2025-12,superform,coinbase-wrapped-staked-eth,5.5,staking token held by a counted product
2025-12,superform,rocket-pool,2.3,staking token held by a counted product
2025-12,superform,origin-ether,24.73,staking token held by a counted product
2025-12,index-coop,lido,2092.29,staking token held by a counted product
2025-12,index-coop,rocket-pool,3.38,staking token held by a counted product
2025-12,agni-finance,meth-protocol,69.01,staking token held by a counted product
2025-12,agni-finance,mantle-restaking,2917.2,staking token held by a counted product
2025-12,kodiak-v3,stakestone-stone,426.65,staking token held by a counted product
2025-12,kodiak-v3,ether.fi-stake,13.1,staking token held by a counted product
2025-12,set-protocol,lido,33.84,staking token held by a counted product
2025-12,set-protocol,coinbase-wrapped-staked-eth,4.96,staking token held by a counted product
2025-12,set-protocol,ankr,5.16,staking token held by a counted product
2025-12,set-protocol,frax-ether,5.04,staking token held by a counted product
2025-12,set-protocol,rocket-pool,4.76,staking token held by a counted product
2025-12,origin-arm,lido,972.96,staking token held by a counted product
2025-12,merchant-moe-liquidity-book,meth-protocol,337.13,staking token held by a counted product
2025-12,merchant-moe-liquidity-book,mantle-restaking,3759.91,staking token held by a counted product
2025-12,frax-swap,frax-ether,30.04,staking token held by a counted product
2025-12,syncswap,lido,6.06,staking token held by a counted product
2025-12,syncswap,ether.fi-stake,121.19,staking token held by a counted product
2025-12,syncswap,stakestone-stone,17.3,staking token held by a counted product
2025-12,syncswap,kelp,27.97,staking token held by a counted product
2025-12,syncswap,puffer-stake,3.04,staking token held by a counted product
2025-12,syncswap,renzo,72.52,staking token held by a counted product
2025-12,camelot-v2,lido,8.66,staking token held by a counted product
2025-12,inceptionlrt-(isolated-restaking),lido,2724.03,staking token held by a counted product
2025-12,inceptionlrt-(isolated-restaking),swell-liquid-staking,8.64,staking token held by a counted product
2025-12,inceptionlrt-(isolated-restaking),rocket-pool,1.86,staking token held by a counted product
2025-12,radpie,lido,242.78,staking token held by a counted product
2025-12,radpie,ether.fi-stake,15.89,staking token held by a counted product
2025-12,nucleus,renzo,6.94,staking token held by a counted product
2025-12,nucleus,ether.fi-stake,9.36,staking token held by a counted product
2025-12,nucleus,swell-liquid-restaking,40.35,staking token held by a counted product
2025-12,nucleus,puffer-stake,1182.92,staking token held by a counted product
2025-12,nucleus,dinero-(pxeth),3.7,staking token held by a counted product
2025-12,nucleus,swell-liquid-staking,149.14,staking token held by a counted product
2025-12,camelot-v3,lido,138.21,staking token held by a counted product
2025-12,camelot-v3,kelp,3.43,staking token held by a counted product
2025-12,camelot-v3,renzo,6.77,staking token held by a counted product
2025-12,camelot-v3,ether.fi-stake,41.12,staking token held by a counted product
2025-12,hydrex-integral,ether.fi-stake,9.11,staking token held by a counted product
2025-12,hydrex-integral,lido,482.57,staking token held by a counted product
2025-12,tranchess-yield,stakestone-stone,192.53,staking token held by a counted product
2025-12,tranchess-yield,ether.fi-stake,7.02,staking token held by a counted product
2025-12,tranchess-yield,lido,2.64,staking token held by a counted product
2025-12,eigenpie,lido,857.67,staking token held by a counted product
2025-12,eigenpie,rocket-pool,29.21,staking token held by a counted product
2025-12,eigenpie,frax-ether,120.49,staking token held by a counted product
2025-12,eigenpie,meth-protocol,30.23,staking token held by a counted product
2025-12,eigenpie,binance-staked-eth,203.68,staking token held by a counted product
2025-12,eigenpie,swell-liquid-staking,1036.87,staking token held by a counted product
2025-12,eigenpie,coinbase-wrapped-staked-eth,19.78,staking token held by a counted product
2025-12,eigenpie,stader,55.48,staking token held by a counted product
2025-12,eigenpie,origin-ether,2.24,staking token held by a counted product
2025-12,eigenpie,stakewise-v3,2.23,staking token held by a counted product
2025-12,eigenpie,liquid-collective,2.15,staking token held by a counted product
2025-12,ribbon,rocket-pool,11.93,staking token held by a counted product
2025-12,ribbon,lido,9.25,staking token held by a counted product
2025-12,stakestone-berachain-vault,stakestone-stone,653.82,staking token held by a counted product
2025-12,sophon-farm,lido,20.18,staking token held by a counted product
2025-12,sophon-farm,ether.fi-stake,16.17,staking token held by a counted product
2025-12,blast-pre-launch-farm,lido,948.61,staking token held by a counted product
2025-12,latch,ether.fi-stake,616.26,staking token held by a counted product
2025-12,latch,lido,164.11,staking token held by a counted product
2025-12,reaper-farm,lido,18.74,staking token held by a counted product
2025-12,canopy,renzo,16.46,staking token held by a counted product
2025-12,canopy,kelp,1751.84,staking token held by a counted product
2025-12,theo-straddle-vaults,ether.fi-stake,187.76,staking token held by a counted product
2025-12,ribbon-earn,lido,384.29,staking token held by a counted product
2025-12,sommelier,lido,8.23,staking token held by a counted product
2025-12,trevee-earn,lido,315.19,staking token held by a counted product
2025-12,trevee-earn,ether.fi-stake,72.75,staking token held by a counted product
2025-12,blackwing,renzo,204.72,staking token held by a counted product
2025-12,blackwing,ether.fi-stake,50.41,staking token held by a counted product
2025-12,blackwing,swell-liquid-restaking,7.36,staking token held by a counted product
2025-12,blackwing,kelp,20.07,staking token held by a counted product
2025-12,blackwing,puffer-stake,1.14,staking token held by a counted product
2025-12,arbitrove,lido,3.2,staking token held by a counted product
2025-12,vaultcraft,kelp,2.89,staking token held by a counted product
2025-12,vaultcraft,stader,2.5,staking token held by a counted product
2025-12,terminal-finance-pre-deposits,ether.fi-stake,328.6,staking token held by a counted product
2025-12,corn-kernels,ether.fi-stake,10.65,staking token held by a counted product
2025-12,corn-kernels,kelp,1.06,staking token held by a counted product
2025-12,onx-finance,ankr,86.73,staking token held by a counted product
2025-12,juice-finance,renzo,11.03,staking token held by a counted product
2025-12,juice-finance,ether.fi-stake,2.06,staking token held by a counted product
2025-12,cytonic-airdrop-campaign,renzo,1.19,staking token held by a counted product
2025-12,cytonic-airdrop-campaign,lido,1.36,staking token held by a counted product
2025-12,cytonic-airdrop-campaign,puffer-stake,62.83,staking token held by a counted product
2025-12,hourglass,ether.fi-stake,4.33,staking token held by a counted product
2025-12,napier,ether.fi-stake,1.02,staking token held by a counted product
2025-12,napier,lido,77.49,staking token held by a counted product
2025-12,treehouse-protocol,mantle-restaking,18886.54,staking token held by a counted product
2025-12,treehouse-protocol,lido,57431.71,staking token held by a counted product
2025-12,eigencloud,eigencloud,3349648.22,restaking-token issuers already count this
2025-12,symbiotic,symbiotic,141761.13,restaking-token issuers already count this
2026-01,carry:liquid-eth,ether.fi-stake,154309.52,on-chain product book; staking token per research
2026-01,carry:liquid-eth,veda,154309.52,DefiLlama row already counts this product
2026-01,carry:avant-aveth,avant-aveth,2819.48,DefiLlama row already counts this product
2026-01,carry:rocksolid,rocket-pool,9534.93,on-chain product book; staking token per research
2026-01,carry:rocksolid,lagoon,9534.93,DefiLlama row already counts this product
2026-01,carry:makina-deth,ether.fi-stake,7873.01,on-chain product book; staking token per research
2026-01,carry:makina-deth,makina,7840.37,DefiLlama row already counts this product
2026-01,carry:vesper-vaeth,vesper,2240.58,DefiLlama row already counts this product
2026-01,carry:tau-infinifi,lido,349.56,on-chain product book; staking token per research
2026-01,carry:tau-infinifi,fusion-by-ipor,349.56,DefiLlama row already counts this product
2026-01,carry:reservoir-eth,fusion-by-ipor,152.99,DefiLlama row already counts this product
2026-01,mantle-restaking,veda,77739.68,nested holding
2026-01,upshift,gain,32169.39,nested holding
2026-01,veda,meth-protocol,26161.14,staking token held by a counted product
2026-01,curve-dex,lido,38788.42,staking token held by a counted product
2026-01,curve-dex,puffer-stake,1835.51,staking token held by a counted product
2026-01,curve-dex,ether.fi-stake,4410.33,staking token held by a counted product
2026-01,curve-dex,renzo,80.21,staking token held by a counted product
2026-01,curve-dex,frax-ether,8684.97,staking token held by a counted product
2026-01,curve-dex,coinbase-wrapped-staked-eth,2416.27,staking token held by a counted product
2026-01,curve-dex,rocket-pool,2922.38,staking token held by a counted product
2026-01,curve-dex,ankr,33.48,staking token held by a counted product
2026-01,curve-dex,binance-staked-eth,2.32,staking token held by a counted product
2026-01,curve-dex,origin-ether,825.42,staking token held by a counted product
2026-01,curve-dex,stader,1161.32,staking token held by a counted product
2026-01,curve-dex,dinero-(pxeth),135.27,staking token held by a counted product
2026-01,curve-dex,swell-liquid-staking,3.42,staking token held by a counted product
2026-01,curve-dex,stakewise-v3,2912.65,staking token held by a counted product
2026-01,curve-dex,kelp,197.27,staking token held by a counted product
2026-01,curve-dex,bedrock-unieth,603.95,staking token held by a counted product
2026-01,curve-dex,swell-liquid-restaking,38.27,staking token held by a counted product
2026-01,curve-dex,treehouse-protocol,189.65,staking token held by a counted product
2026-01,pendle-v2,lido,7568.12,staking token held by a counted product
2026-01,pendle-v2,rocket-pool,1252.07,staking token held by a counted product
2026-01,pendle-v2,ether.fi-stake,4674.73,staking token held by a counted product
2026-01,pendle-v2,coinbase-wrapped-staked-eth,58.23,staking token held by a counted product
2026-01,pendle-v2,meth-protocol,10.05,staking token held by a counted product
2026-01,pendle-v2,mantle-restaking,40.07,staking token held by a counted product
2026-01,pendle-v2,kelp,1284.31,staking token held by a counted product
2026-01,pendle-v2,renzo,815.38,staking token held by a counted product
2026-01,pendle-v2,bedrock-unieth,510.65,staking token held by a counted product
2026-01,pendle-v2,binance-staked-eth,9.66,staking token held by a counted product
2026-01,pendle-v2,frax-ether,48.93,staking token held by a counted product
2026-01,pendle-v2,swell-liquid-staking,408.52,staking token held by a counted product
2026-01,pendle-v2,stader,21.29,staking token held by a counted product
2026-01,pendle-v2,swell-liquid-restaking,2657.7,staking token held by a counted product
2026-01,pendle-v2,puffer-stake,1074.12,staking token held by a counted product
2026-01,pendle-v2,dinero-(pxeth),5.31,staking token held by a counted product
2026-01,pendle-v2,treehouse-protocol,1158.87,staking token held by a counted product
2026-01,pendle-v2,origin-ether,171.77,staking token held by a counted product
2026-01,kelp,lido,336173.73,staking token held by a counted product
2026-01,kelp,stader,91530.03,staking token held by a counted product
2026-01,uniswap-v2,lido,92.9,staking token held by a counted product
2026-01,upshift,kelp,32012.52,staking token held by a counted product
2026-01,upshift,lido,852.22,staking token held by a counted product
2026-01,cian-yield-layer,lido,931.45,staking token held by a counted product
2026-01,cian-yield-layer,ether.fi-stake,4.38,staking token held by a counted product
2026-01,cian-yield-layer,kelp,2828.8,staking token held by a counted product
2026-01,cian-yield-layer,renzo,1.04,staking token held by a counted product
2026-01,cap,lido,12332.69,staking token held by a counted product
2026-01,cap,origin-ether,246.68,staking token held by a counted product
2026-01,mellow-core,lido,17060.48,staking token held by a counted product
2026-01,fluid-lite,lido,95532.87,staking token held by a counted product
2026-01,aerodrome-slipstream,rocket-pool,4.74,staking token held by a counted product
2026-01,aerodrome-slipstream,lido,1466.94,staking token held by a counted product
2026-01,aerodrome-slipstream,coinbase-wrapped-staked-eth,7009.82,staking token held by a counted product
2026-01,aerodrome-slipstream,ether.fi-stake,41.38,staking token held by a counted product
2026-01,aerodrome-slipstream,kelp,243.57,staking token held by a counted product
2026-01,gmx-v2-perps,lido,81.54,staking token held by a counted product
2026-01,yearn-finance,lido,2.37,staking token held by a counted product
2026-01,yearn-finance,kelp,18.69,staking token held by a counted product
2026-01,yearn-finance,renzo,5.09,staking token held by a counted product
2026-01,yearn-finance,frax-ether,8.94,staking token held by a counted product
2026-01,yearn-finance,dinero-(pxeth),7.5,staking token held by a counted product
2026-01,yearn-finance,swell-liquid-restaking,1.57,staking token held by a counted product
2026-01,lagoon,rocket-pool,4406.75,staking token held by a counted product
2026-01,lagoon,puffer-stake,14.12,staking token held by a counted product
2026-01,aerodrome-v1,coinbase-wrapped-staked-eth,90.82,staking token held by a counted product
2026-01,aerodrome-v1,lido,889.98,staking token held by a counted product
2026-01,aerodrome-v1,ether.fi-stake,360.19,staking token held by a counted product
2026-01,aerodrome-v1,origin-ether,59.11,staking token held by a counted product
2026-01,beefy,ether.fi-stake,3.73,staking token held by a counted product
2026-01,beefy,lido,1285.64,staking token held by a counted product
2026-01,beefy,frax-ether,25.93,staking token held by a counted product
2026-01,beefy,kelp,226.51,staking token held by a counted product
2026-01,beefy,renzo,4.56,staking token held by a counted product
2026-01,beefy,meth-protocol,2.93,staking token held by a counted product
2026-01,beefy,coinbase-wrapped-staked-eth,238.8,staking token held by a counted product
2026-01,beefy,rocket-pool,24.09,staking token held by a counted product
2026-01,beefy,binance-staked-eth,1.21,staking token held by a counted product
2026-01,enzyme-finance,ether.fi-stake,8948.18,staking token held by a counted product
2026-01,enzyme-finance,kelp,15.37,staking token held by a counted product
2026-01,enzyme-finance,lido,8907.75,staking token held by a counted product
2026-01,enzyme-finance,rocket-pool,87.91,staking token held by a counted product
2026-01,enzyme-finance,stader,614.12,staking token held by a counted product
2026-01,enzyme-finance,coinbase-wrapped-staked-eth,2.09,staking token held by a counted product
2026-01,enzyme-finance,swell-liquid-staking,335.39,staking token held by a counted product
2026-01,enzyme-finance,renzo,9.62,staking token held by a counted product
2026-01,vesper,coinbase-wrapped-staked-eth,76.88,staking token held by a counted product
2026-01,vesper,rocket-pool,12.47,staking token held by a counted product
2026-01,vesper,lido,898.38,staking token held by a counted product
2026-01,swell-l2-farm,lido,26.85,staking token held by a counted product
2026-01,swell-l2-farm,swell-liquid-restaking,1289.16,staking token held by a counted product
2026-01,swell-l2-farm,swell-liquid-staking,397.28,staking token held by a counted product
2026-01,swell-l2-farm,ether.fi-stake,165.73,staking token held by a counted product
2026-01,swell-l2-farm,renzo,63.39,staking token held by a counted product
2026-01,swell-l2-farm,stakestone-stone,8.21,staking token held by a counted product
2026-01,swell-l2-farm,frax-ether,2.69,staking token held by a counted product
2026-01,fusion-by-ipor,lido,3458.32,staking token held by a counted product
2026-01,zircuit-staking,swell-liquid-restaking,401.58,staking token held by a counted product
2026-01,zircuit-staking,puffer-stake,2221.17,staking token held by a counted product
2026-01,zircuit-staking,ether.fi-stake,54268.17,staking token held by a counted product
2026-01,zircuit-staking,lido,18020.69,staking token held by a counted product
2026-01,zircuit-staking,meth-protocol,9.5,staking token held by a counted product
2026-01,zircuit-staking,swell-liquid-staking,174.65,staking token held by a counted product
2026-01,zircuit-staking,renzo,3261.6,staking token held by a counted product
2026-01,zircuit-staking,kelp,1037.64,staking token held by a counted product
2026-01,zircuit-staking,liquid-collective,1.18,staking token held by a counted product
2026-01,zircuit-staking,stakestone-stone,384.11,staking token held by a counted product
2026-01,origami-finance,lido,160.88,staking token held by a counted product
2026-01,origami-finance,ether.fi-stake,4.29,staking token held by a counted product
2026-01,sushiswap-v3,ether.fi-stake,2432.12,staking token held by a counted product
2026-01,sushiswap-v3,lido,649.96,staking token held by a counted product
2026-01,mantle-restaking,meth-protocol,77739.68,staking token held by a counted product
2026-01,autofinance,lido,2094.95,staking token held by a counted product
2026-01,reserve-protocol,lido,17924.29,staking token held by a counted product
2026-01,reserve-protocol,rocket-pool,5220.13,staking token held by a counted product
2026-01,reserve-protocol,ether.fi-stake,4172.95,staking token held by a counted product
2026-01,reserve-protocol,stader,2773.3,staking token held by a counted product
2026-01,reserve-protocol,frax-ether,5228.8,staking token held by a counted product
2026-01,reserve-protocol,coinbase-wrapped-staked-eth,449.96,staking token held by a counted product
2026-01,reserve-protocol,origin-ether,146.86,staking token held by a counted product
2026-01,ekubo,lido,604.46,staking token held by a counted product
2026-01,mellow-restaking,lido,21584.99,staking token held by a counted product
2026-01,yieldnest,frax-ether,40.52,staking token held by a counted product
2026-01,yieldnest,origin-ether,1324.71,staking token held by a counted product
2026-01,yieldnest,meth-protocol,53.63,staking token held by a counted product
2026-01,harvest-finance,lido,2.05,staking token held by a counted product
2026-01,harvest-finance,coinbase-wrapped-staked-eth,1.24,staking token held by a counted product
2026-01,harvest-finance,rocket-pool,2.16,staking token held by a counted product
2026-01,spectra-v2,origin-ether,8.3,staking token held by a counted product
2026-01,balancer-v3,rocket-pool,3019.33,staking token held by a counted product
2026-01,balancer-v3,kelp,43.53,staking token held by a counted product
2026-01,balancer-v3,ether.fi-stake,952.48,staking token held by a counted product
2026-01,balancer-v3,frax-ether,26.7,staking token held by a counted product
2026-01,balancer-v3,treehouse-protocol,695.01,staking token held by a counted product
2026-01,balancer-v3,stakewise-v3,1109.62,staking token held by a counted product
2026-01,balancer-v3,lido,252.73,staking token held by a counted product
2026-01,velodrome-v3,renzo,5.23,staking token held by a counted product
2026-01,velodrome-v3,lido,104.58,staking token held by a counted product
2026-01,velodrome-v3,ether.fi-stake,90.17,staking token held by a counted product
2026-01,native-credit-pool,lido,2.04,staking token held by a counted product
2026-01,velodrome-v2,swell-liquid-restaking,15.21,staking token held by a counted product
2026-01,velodrome-v2,ether.fi-stake,2.41,staking token held by a counted product
2026-01,velodrome-v2,frax-ether,32.53,staking token held by a counted product
2026-01,velodrome-v2,lido,93.29,staking token held by a counted product
2026-01,velodrome-v2,dinero-(pxeth),23.52,staking token held by a counted product
2026-01,quickswap-v3,lido,2.19,staking token held by a counted product
2026-01,quickswap-v3,stakestone-stone,30.59,staking token held by a counted product
2026-01,superform,lido,5.91,staking token held by a counted product
2026-01,superform,origin-ether,3.83,staking token held by a counted product
2026-01,superform,rocket-pool,2.14,staking token held by a counted product
2026-01,superform,kelp,4.51,staking token held by a counted product
2026-01,superform,ether.fi-stake,5.09,staking token held by a counted product
2026-01,superform,coinbase-wrapped-staked-eth,4.01,staking token held by a counted product
2026-01,index-coop,lido,2166.24,staking token held by a counted product
2026-01,index-coop,rocket-pool,3.32,staking token held by a counted product
2026-01,agni-finance,meth-protocol,74.6,staking token held by a counted product
2026-01,agni-finance,mantle-restaking,3497.3,staking token held by a counted product
2026-01,kodiak-v3,stakestone-stone,408.34,staking token held by a counted product
2026-01,kodiak-v3,ether.fi-stake,4.84,staking token held by a counted product
2026-01,set-protocol,lido,33.76,staking token held by a counted product
2026-01,set-protocol,coinbase-wrapped-staked-eth,4.81,staking token held by a counted product
2026-01,set-protocol,ankr,4.96,staking token held by a counted product
2026-01,set-protocol,frax-ether,4.88,staking token held by a counted product
2026-01,set-protocol,rocket-pool,4.61,staking token held by a counted product
2026-01,origin-arm,lido,2396.99,staking token held by a counted product
2026-01,merchant-moe-liquidity-book,meth-protocol,393.96,staking token held by a counted product
2026-01,merchant-moe-liquidity-book,mantle-restaking,3527.95,staking token held by a counted product
2026-01,frax-swap,frax-ether,34.06,staking token held by a counted product
2026-01,syncswap,lido,6.57,staking token held by a counted product
2026-01,syncswap,ether.fi-stake,120.87,staking token held by a counted product
2026-01,syncswap,stakestone-stone,15.61,staking token held by a counted product
2026-01,syncswap,puffer-stake,2.9,staking token held by a counted product
2026-01,syncswap,kelp,30.76,staking token held by a counted product
2026-01,syncswap,renzo,52.94,staking token held by a counted product
2026-01,camelot-v2,lido,8.53,staking token held by a counted product
2026-01,inceptionlrt-(isolated-restaking),lido,2723.11,staking token held by a counted product
2026-01,inceptionlrt-(isolated-restaking),swell-liquid-staking,8.56,staking token held by a counted product
2026-01,inceptionlrt-(isolated-restaking),rocket-pool,1.84,staking token held by a counted product
2026-01,radpie,lido,241.42,staking token held by a counted product
2026-01,radpie,ether.fi-stake,15.79,staking token held by a counted product
2026-01,nucleus,renzo,7.02,staking token held by a counted product
2026-01,nucleus,ether.fi-stake,5.66,staking token held by a counted product
2026-01,nucleus,swell-liquid-restaking,38.95,staking token held by a counted product
2026-01,nucleus,puffer-stake,882.14,staking token held by a counted product
2026-01,nucleus,dinero-(pxeth),3.67,staking token held by a counted product
2026-01,nucleus,swell-liquid-staking,145.63,staking token held by a counted product
2026-01,hydrex-integral,ether.fi-stake,7.38,staking token held by a counted product
2026-01,hydrex-integral,lido,420.12,staking token held by a counted product
2026-01,tranchess-yield,lido,2.63,staking token held by a counted product
2026-01,tranchess-yield,stakestone-stone,185.5,staking token held by a counted product
2026-01,tranchess-yield,ether.fi-stake,6.98,staking token held by a counted product
2026-01,eigenpie,lido,843.8,staking token held by a counted product
2026-01,eigenpie,rocket-pool,28.42,staking token held by a counted product
2026-01,eigenpie,frax-ether,119.32,staking token held by a counted product
2026-01,eigenpie,meth-protocol,30.21,staking token held by a counted product
2026-01,eigenpie,binance-staked-eth,202.88,staking token held by a counted product
2026-01,eigenpie,swell-liquid-staking,1002.02,staking token held by a counted product
2026-01,eigenpie,coinbase-wrapped-staked-eth,19.69,staking token held by a counted product
2026-01,eigenpie,stader,52.85,staking token held by a counted product
2026-01,eigenpie,origin-ether,2.16,staking token held by a counted product
2026-01,eigenpie,stakewise-v3,2.23,staking token held by a counted product
2026-01,eigenpie,liquid-collective,2.1,staking token held by a counted product
2026-01,ribbon,rocket-pool,11.85,staking token held by a counted product
2026-01,ribbon,lido,9.26,staking token held by a counted product
2026-01,stakestone-berachain-vault,stakestone-stone,556.51,staking token held by a counted product
2026-01,sophon-farm,ether.fi-stake,15.67,staking token held by a counted product
2026-01,sophon-farm,lido,19.27,staking token held by a counted product
2026-01,blast-pre-launch-farm,lido,918.96,staking token held by a counted product
2026-01,latch,ether.fi-stake,840.27,staking token held by a counted product
2026-01,latch,lido,164.33,staking token held by a counted product
2026-01,reaper-farm,lido,18.61,staking token held by a counted product
2026-01,canopy,kelp,1254.33,staking token held by a counted product
2026-01,canopy,renzo,7.97,staking token held by a counted product
2026-01,theo-straddle-vaults,ether.fi-stake,145.8,staking token held by a counted product
2026-01,ribbon-earn,lido,379.96,staking token held by a counted product
2026-01,sommelier,lido,8.23,staking token held by a counted product
2026-01,trevee-earn,lido,312.23,staking token held by a counted product
2026-01,trevee-earn,ether.fi-stake,72.07,staking token held by a counted product
2026-01,blackwing,renzo,185.07,staking token held by a counted product
2026-01,blackwing,ether.fi-stake,42.57,staking token held by a counted product
2026-01,blackwing,swell-liquid-restaking,7.07,staking token held by a counted product
2026-01,blackwing,kelp,14.03,staking token held by a counted product
2026-01,blackwing,puffer-stake,1.13,staking token held by a counted product
2026-01,arbitrove,lido,3.18,staking token held by a counted product
2026-01,vaultcraft,kelp,2.88,staking token held by a counted product
2026-01,vaultcraft,stader,2.59,staking token held by a counted product
2026-01,terminal-finance-pre-deposits,ether.fi-stake,191.29,staking token held by a counted product
2026-01,corn-kernels,ether.fi-stake,10.6,staking token held by a counted product
2026-01,onx-finance,ankr,85.39,staking token held by a counted product
2026-01,juice-finance,renzo,10.77,staking token held by a counted product
2026-01,juice-finance,ether.fi-stake,2.04,staking token held by a counted product
2026-01,cytonic-airdrop-campaign,puffer-stake,62.68,staking token held by a counted product
2026-01,hourglass,ether.fi-stake,4.32,staking token held by a counted product
2026-01,napier,ether.fi-stake,1.01,staking token held by a counted product
2026-01,napier,lido,69.76,staking token held by a counted product
2026-01,treehouse-protocol,mantle-restaking,18731.98,staking token held by a counted product
2026-01,treehouse-protocol,lido,61198.43,staking token held by a counted product
2026-01,eigencloud,eigencloud,3749650.37,restaking-token issuers already count this
2026-01,symbiotic,symbiotic,103958.81,restaking-token issuers already count this
2026-02,carry:liquid-eth,ether.fi-stake,108292.17,on-chain product book; staking token per research
2026-02,carry:liquid-eth,veda,108292.17,DefiLlama row already counts this product
2026-02,carry:avant-aveth,avant-aveth,3987.18,DefiLlama row already counts this product
2026-02,carry:rocksolid,rocket-pool,9655.73,on-chain product book; staking token per research
2026-02,carry:rocksolid,lagoon,9655.73,DefiLlama row already counts this product
2026-02,carry:makina-deth,ether.fi-stake,4026.39,on-chain product book; staking token per research
2026-02,carry:makina-deth,makina,4026.39,DefiLlama row already counts this product
2026-02,carry:vesper-vaeth,vesper,2541.5,DefiLlama row already counts this product
2026-02,carry:tau-infinifi,lido,303.9,on-chain product book; staking token per research
2026-02,carry:tau-infinifi,fusion-by-ipor,303.9,DefiLlama row already counts this product
2026-02,carry:reservoir-eth,fusion-by-ipor,310.34,DefiLlama row already counts this product
2026-02,mantle-restaking,veda,77617.07,nested holding
2026-02,upshift,gain,31129.39,nested holding
2026-02,veda,meth-protocol,26623.2,staking token held by a counted product
2026-02,curve-dex,lido,41620.0,staking token held by a counted product
2026-02,curve-dex,puffer-stake,1649.34,staking token held by a counted product
2026-02,curve-dex,ether.fi-stake,3526.26,staking token held by a counted product
2026-02,curve-dex,renzo,29.16,staking token held by a counted product
2026-02,curve-dex,kelp,309.62,staking token held by a counted product
2026-02,curve-dex,frax-ether,9070.13,staking token held by a counted product
2026-02,curve-dex,coinbase-wrapped-staked-eth,4267.29,staking token held by a counted product
2026-02,curve-dex,rocket-pool,2924.67,staking token held by a counted product
2026-02,curve-dex,ankr,32.55,staking token held by a counted product
2026-02,curve-dex,binance-staked-eth,3.13,staking token held by a counted product
2026-02,curve-dex,origin-ether,806.71,staking token held by a counted product
2026-02,curve-dex,stader,1086.16,staking token held by a counted product
2026-02,curve-dex,dinero-(pxeth),34.4,staking token held by a counted product
2026-02,curve-dex,stakewise-v3,2995.81,staking token held by a counted product
2026-02,curve-dex,swell-liquid-staking,3.38,staking token held by a counted product
2026-02,curve-dex,bedrock-unieth,547.0,staking token held by a counted product
2026-02,curve-dex,swell-liquid-restaking,35.37,staking token held by a counted product
2026-02,curve-dex,treehouse-protocol,102.69,staking token held by a counted product
2026-02,pendle-v2,lido,6907.74,staking token held by a counted product
2026-02,pendle-v2,rocket-pool,1204.16,staking token held by a counted product
2026-02,pendle-v2,ether.fi-stake,4796.48,staking token held by a counted product
2026-02,pendle-v2,meth-protocol,10.12,staking token held by a counted product
2026-02,pendle-v2,mantle-restaking,32.86,staking token held by a counted product
2026-02,pendle-v2,kelp,1268.2,staking token held by a counted product
2026-02,pendle-v2,renzo,821.62,staking token held by a counted product
2026-02,pendle-v2,bedrock-unieth,511.07,staking token held by a counted product
2026-02,pendle-v2,coinbase-wrapped-staked-eth,57.17,staking token held by a counted product
2026-02,pendle-v2,frax-ether,49.47,staking token held by a counted product
2026-02,pendle-v2,swell-liquid-staking,366.64,staking token held by a counted product
2026-02,pendle-v2,stader,21.52,staking token held by a counted product
2026-02,pendle-v2,swell-liquid-restaking,2667.34,staking token held by a counted product
2026-02,pendle-v2,puffer-stake,1137.94,staking token held by a counted product
2026-02,pendle-v2,dinero-(pxeth),5.37,staking token held by a counted product
2026-02,pendle-v2,treehouse-protocol,1034.46,staking token held by a counted product
2026-02,pendle-v2,origin-ether,174.8,staking token held by a counted product
2026-02,pendle-v2,binance-staked-eth,3.95,staking token held by a counted product
2026-02,kelp,lido,338055.54,staking token held by a counted product
2026-02,kelp,stader,92664.41,staking token held by a counted product
2026-02,uniswap-v2,lido,102.1,staking token held by a counted product
2026-02,upshift,treehouse-protocol,855.87,staking token held by a counted product
2026-02,upshift,kelp,31129.39,staking token held by a counted product
2026-02,cian-yield-layer,lido,931.98,staking token held by a counted product
2026-02,cian-yield-layer,ether.fi-stake,4.42,staking token held by a counted product
2026-02,cian-yield-layer,kelp,1476.3,staking token held by a counted product
2026-02,cian-yield-layer,renzo,1.06,staking token held by a counted product
2026-02,cap,lido,13103.81,staking token held by a counted product
2026-02,mellow-core,lido,17313.22,staking token held by a counted product
2026-02,fluid-lite,lido,73517.1,staking token held by a counted product
2026-02,aerodrome-slipstream,rocket-pool,13.35,staking token held by a counted product
2026-02,aerodrome-slipstream,lido,671.59,staking token held by a counted product
2026-02,aerodrome-slipstream,coinbase-wrapped-staked-eth,2682.62,staking token held by a counted product
2026-02,aerodrome-slipstream,renzo,1.92,staking token held by a counted product
2026-02,aerodrome-slipstream,ether.fi-stake,91.56,staking token held by a counted product
2026-02,aerodrome-slipstream,kelp,89.11,staking token held by a counted product
2026-02,gmx-v2-perps,lido,129.21,staking token held by a counted product
2026-02,yearn-finance,lido,2.33,staking token held by a counted product
2026-02,yearn-finance,coinbase-wrapped-staked-eth,2.55,staking token held by a counted product
2026-02,yearn-finance,renzo,5.17,staking token held by a counted product
2026-02,yearn-finance,kelp,15.5,staking token held by a counted product
2026-02,yearn-finance,frax-ether,8.34,staking token held by a counted product
2026-02,yearn-finance,dinero-(pxeth),7.56,staking token held by a counted product
2026-02,yearn-finance,swell-liquid-restaking,1.58,staking token held by a counted product
2026-02,lagoon,rocket-pool,4770.97,staking token held by a counted product
2026-02,lagoon,puffer-stake,15.17,staking token held by a counted product
2026-02,aerodrome-v1,coinbase-wrapped-staked-eth,78.55,staking token held by a counted product
2026-02,aerodrome-v1,lido,949.2,staking token held by a counted product
2026-02,aerodrome-v1,ether.fi-stake,235.04,staking token held by a counted product
2026-02,aerodrome-v1,origin-ether,56.67,staking token held by a counted product
2026-02,beefy,ether.fi-stake,3.55,staking token held by a counted product
2026-02,beefy,meth-protocol,2.83,staking token held by a counted product
2026-02,beefy,lido,845.95,staking token held by a counted product
2026-02,beefy,frax-ether,25.48,staking token held by a counted product
2026-02,beefy,kelp,5.37,staking token held by a counted product
2026-02,beefy,renzo,4.07,staking token held by a counted product
2026-02,beefy,coinbase-wrapped-staked-eth,281.69,staking token held by a counted product
2026-02,beefy,rocket-pool,15.6,staking token held by a counted product
2026-02,beefy,binance-staked-eth,1.23,staking token held by a counted product
2026-02,enzyme-finance,ether.fi-stake,8836.5,staking token held by a counted product
2026-02,enzyme-finance,kelp,32.04,staking token held by a counted product
2026-02,enzyme-finance,lido,8957.34,staking token held by a counted product
2026-02,enzyme-finance,rocket-pool,82.19,staking token held by a counted product
2026-02,enzyme-finance,stader,239.76,staking token held by a counted product
2026-02,enzyme-finance,coinbase-wrapped-staked-eth,2.11,staking token held by a counted product
2026-02,enzyme-finance,swell-liquid-staking,339.92,staking token held by a counted product
2026-02,vesper,coinbase-wrapped-staked-eth,76.2,staking token held by a counted product
2026-02,vesper,rocket-pool,11.78,staking token held by a counted product
2026-02,vesper,lido,826.86,staking token held by a counted product
2026-02,swell-l2-farm,lido,21.78,staking token held by a counted product
2026-02,swell-l2-farm,swell-liquid-restaking,1294.86,staking token held by a counted product
2026-02,swell-l2-farm,swell-liquid-staking,399.85,staking token held by a counted product
2026-02,swell-l2-farm,ether.fi-stake,156.64,staking token held by a counted product
2026-02,swell-l2-farm,renzo,62.99,staking token held by a counted product
2026-02,swell-l2-farm,stakestone-stone,8.25,staking token held by a counted product
2026-02,swell-l2-farm,frax-ether,2.72,staking token held by a counted product
2026-02,fusion-by-ipor,lido,3400.8,staking token held by a counted product
2026-02,zircuit-staking,swell-liquid-restaking,403.77,staking token held by a counted product
2026-02,zircuit-staking,puffer-stake,2112.26,staking token held by a counted product
2026-02,zircuit-staking,ether.fi-stake,58674.09,staking token held by a counted product
2026-02,zircuit-staking,lido,18220.46,staking token held by a counted product
2026-02,zircuit-staking,meth-protocol,6.96,staking token held by a counted product
2026-02,zircuit-staking,liquid-collective,1.24,staking token held by a counted product
2026-02,zircuit-staking,swell-liquid-staking,65.33,staking token held by a counted product
2026-02,zircuit-staking,renzo,2888.62,staking token held by a counted product
2026-02,zircuit-staking,kelp,1041.44,staking token held by a counted product
2026-02,zircuit-staking,stakestone-stone,380.55,staking token held by a counted product
2026-02,origami-finance,lido,159.31,staking token held by a counted product
2026-02,origami-finance,ether.fi-stake,4.25,staking token held by a counted product
2026-02,sushiswap-v3,ether.fi-stake,2133.1,staking token held by a counted product
2026-02,sushiswap-v3,lido,144.12,staking token held by a counted product
2026-02,mantle-restaking,meth-protocol,77617.07,staking token held by a counted product
2026-02,autofinance,lido,2324.33,staking token held by a counted product
2026-02,reserve-protocol,lido,17470.81,staking token held by a counted product
2026-02,reserve-protocol,rocket-pool,5095.22,staking token held by a counted product
2026-02,reserve-protocol,ether.fi-stake,4079.74,staking token held by a counted product
2026-02,reserve-protocol,stader,2716.07,staking token held by a counted product
2026-02,reserve-protocol,frax-ether,5077.78,staking token held by a counted product
2026-02,reserve-protocol,coinbase-wrapped-staked-eth,464.66,staking token held by a counted product
2026-02,reserve-protocol,origin-ether,71.92,staking token held by a counted product
2026-02,ekubo,lido,621.11,staking token held by a counted product
2026-02,mellow-restaking,lido,20770.9,staking token held by a counted product
2026-02,yieldnest,frax-ether,41.16,staking token held by a counted product
2026-02,yieldnest,origin-ether,1349.15,staking token held by a counted product
2026-02,yieldnest,meth-protocol,53.57,staking token held by a counted product
2026-02,harvest-finance,lido,1.65,staking token held by a counted product
2026-02,harvest-finance,coinbase-wrapped-staked-eth,1.2,staking token held by a counted product
2026-02,harvest-finance,rocket-pool,2.16,staking token held by a counted product
2026-02,spectra-v2,origin-ether,8.43,staking token held by a counted product
2026-02,balancer-v3,rocket-pool,2322.99,staking token held by a counted product
2026-02,balancer-v3,frax-ether,5.44,staking token held by a counted product
2026-02,balancer-v3,kelp,40.51,staking token held by a counted product
2026-02,balancer-v3,ether.fi-stake,1.37,staking token held by a counted product
2026-02,balancer-v3,treehouse-protocol,741.01,staking token held by a counted product
2026-02,balancer-v3,stakewise-v3,789.61,staking token held by a counted product
2026-02,balancer-v3,lido,29.54,staking token held by a counted product
2026-02,velodrome-v3,lido,647.61,staking token held by a counted product
2026-02,velodrome-v3,frax-ether,1.37,staking token held by a counted product
2026-02,velodrome-v3,ether.fi-stake,1.68,staking token held by a counted product
2026-02,velodrome-v3,swell-liquid-restaking,17.79,staking token held by a counted product
2026-02,native-credit-pool,lido,108.13,staking token held by a counted product
2026-02,velodrome-v2,swell-liquid-restaking,18.15,staking token held by a counted product
2026-02,velodrome-v2,ether.fi-stake,2.43,staking token held by a counted product
2026-02,velodrome-v2,frax-ether,31.82,staking token held by a counted product
2026-02,velodrome-v2,lido,111.21,staking token held by a counted product
2026-02,velodrome-v2,dinero-(pxeth),22.7,staking token held by a counted product
2026-02,superform,ether.fi-stake,1.77,staking token held by a counted product
2026-02,superform,lido,5.28,staking token held by a counted product
2026-02,superform,origin-ether,3.74,staking token held by a counted product
2026-02,superform,rocket-pool,2.15,staking token held by a counted product
2026-02,superform,coinbase-wrapped-staked-eth,3.16,staking token held by a counted product
2026-02,index-coop,lido,1867.39,staking token held by a counted product
2026-02,index-coop,rocket-pool,3.36,staking token held by a counted product
2026-02,agni-finance,meth-protocol,72.05,staking token held by a counted product
2026-02,agni-finance,mantle-restaking,4404.24,staking token held by a counted product
2026-02,kodiak-v3,stakestone-stone,404.75,staking token held by a counted product
2026-02,kodiak-v3,ether.fi-stake,4.89,staking token held by a counted product
2026-02,set-protocol,lido,33.03,staking token held by a counted product
2026-02,set-protocol,coinbase-wrapped-staked-eth,4.53,staking token held by a counted product
2026-02,set-protocol,ankr,4.58,staking token held by a counted product
2026-02,set-protocol,frax-ether,4.61,staking token held by a counted product
2026-02,set-protocol,rocket-pool,4.35,staking token held by a counted product
2026-02,origin-arm,lido,3953.9,staking token held by a counted product
2026-02,origin-arm,ether.fi-stake,1020.4,staking token held by a counted product
2026-02,merchant-moe-liquidity-book,meth-protocol,366.92,staking token held by a counted product
2026-02,merchant-moe-liquidity-book,mantle-restaking,4544.79,staking token held by a counted product
2026-02,frax-swap,frax-ether,38.03,staking token held by a counted product
2026-02,syncswap,ether.fi-stake,36.84,staking token held by a counted product
2026-02,syncswap,kelp,28.85,staking token held by a counted product
2026-02,syncswap,renzo,63.15,staking token held by a counted product
2026-02,syncswap,stakestone-stone,15.75,staking token held by a counted product
2026-02,syncswap,puffer-stake,3.22,staking token held by a counted product
2026-02,inceptionlrt-(isolated-restaking),lido,2742.61,staking token held by a counted product
2026-02,inceptionlrt-(isolated-restaking),rocket-pool,1.87,staking token held by a counted product
2026-02,inceptionlrt-(isolated-restaking),swell-liquid-staking,8.68,staking token held by a counted product
2026-02,radpie,lido,243.77,staking token held by a counted product
2026-02,radpie,ether.fi-stake,15.99,staking token held by a counted product
2026-02,nucleus,renzo,7.17,staking token held by a counted product
2026-02,nucleus,swell-liquid-restaking,1.44,staking token held by a counted product
2026-02,nucleus,puffer-stake,716.46,staking token held by a counted product
2026-02,nucleus,dinero-(pxeth),3.72,staking token held by a counted product
2026-02,nucleus,swell-liquid-staking,120.82,staking token held by a counted product
2026-02,hydrex-integral,ether.fi-stake,89.1,staking token held by a counted product
2026-02,hydrex-integral,lido,8.96,staking token held by a counted product
2026-02,tranchess-yield,lido,2.67,staking token held by a counted product
2026-02,tranchess-yield,stakestone-stone,191.99,staking token held by a counted product
2026-02,tranchess-yield,ether.fi-stake,7.08,staking token held by a counted product
2026-02,eigenpie,lido,799.11,staking token held by a counted product
2026-02,eigenpie,rocket-pool,18.25,staking token held by a counted product
2026-02,eigenpie,frax-ether,110.45,staking token held by a counted product
2026-02,eigenpie,meth-protocol,26.66,staking token held by a counted product
2026-02,eigenpie,binance-staked-eth,51.35,staking token held by a counted product
2026-02,eigenpie,swell-liquid-staking,972.06,staking token held by a counted product
2026-02,eigenpie,coinbase-wrapped-staked-eth,19.93,staking token held by a counted product
2026-02,eigenpie,stader,52.95,staking token held by a counted product
2026-02,eigenpie,origin-ether,2.19,staking token held by a counted product
2026-02,eigenpie,stakewise-v3,2.27,staking token held by a counted product
2026-02,eigenpie,liquid-collective,2.22,staking token held by a counted product
2026-02,ribbon,rocket-pool,12.03,staking token held by a counted product
2026-02,ribbon,lido,9.28,staking token held by a counted product
2026-02,stakestone-berachain-vault,stakestone-stone,630.79,staking token held by a counted product
2026-02,sophon-farm,ether.fi-stake,15.2,staking token held by a counted product
2026-02,sophon-farm,lido,19.37,staking token held by a counted product
2026-02,blast-pre-launch-farm,lido,875.58,staking token held by a counted product
2026-02,latch,ether.fi-stake,764.01,staking token held by a counted product
2026-02,latch,lido,164.65,staking token held by a counted product
2026-02,reaper-farm,lido,18.93,staking token held by a counted product
2026-02,canopy,kelp,489.93,staking token held by a counted product
2026-02,canopy,renzo,5.33,staking token held by a counted product
2026-02,theo-straddle-vaults,ether.fi-stake,146.1,staking token held by a counted product
2026-02,ribbon-earn,lido,382.74,staking token held by a counted product
2026-02,blackwing,renzo,170.38,staking token held by a counted product
2026-02,blackwing,ether.fi-stake,41.95,staking token held by a counted product
2026-02,blackwing,swell-liquid-restaking,7.1,staking token held by a counted product
2026-02,blackwing,kelp,13.64,staking token held by a counted product
2026-02,arbitrove,lido,3.22,staking token held by a counted product
2026-02,vaultcraft,kelp,2.92,staking token held by a counted product
2026-02,vaultcraft,stader,2.62,staking token held by a counted product
2026-02,terminal-finance-pre-deposits,ether.fi-stake,32.97,staking token held by a counted product
2026-02,corn-kernels,ether.fi-stake,10.72,staking token held by a counted product
2026-02,onx-finance,ankr,84.95,staking token held by a counted product
2026-02,juice-finance,renzo,10.95,staking token held by a counted product
2026-02,juice-finance,ether.fi-stake,2.04,staking token held by a counted product
2026-02,cytonic-airdrop-campaign,puffer-stake,63.27,staking token held by a counted product
2026-02,hourglass,ether.fi-stake,4.37,staking token held by a counted product
2026-02,napier,ether.fi-stake,1.02,staking token held by a counted product
2026-02,napier,lido,70.53,staking token held by a counted product
2026-02,treehouse-protocol,mantle-restaking,18946.04,staking token held by a counted product
2026-02,treehouse-protocol,lido,35418.58,staking token held by a counted product
2026-02,eigencloud,eigencloud,3645547.69,restaking-token issuers already count this
2026-02,symbiotic,symbiotic,103215.32,restaking-token issuers already count this
2026-03,carry:liquid-eth,ether.fi-stake,147239.06,on-chain product book; staking token per research
2026-03,carry:liquid-eth,veda,147239.06,DefiLlama row already counts this product
2026-03,carry:lido-earn,lido,86458.92,on-chain product book; staking token per research
2026-03,carry:lido-earn,mellow-core,86458.92,DefiLlama row already counts this product
2026-03,carry:avant-aveth,avant-aveth,5739.11,DefiLlama row already counts this product
2026-03,carry:rocksolid,rocket-pool,9485.05,on-chain product book; staking token per research
2026-03,carry:rocksolid,lagoon,9485.05,DefiLlama row already counts this product
2026-03,carry:liquity-carry,lido,32.02,on-chain product book; staking token per research
2026-03,carry:liquity-carry,fusion-by-ipor,32.02,DefiLlama row already counts this product
2026-03,carry:makina-deth,ether.fi-stake,3820.12,on-chain product book; staking token per research
2026-03,carry:makina-deth,makina,3815.16,DefiLlama row already counts this product
2026-03,carry:vesper-vaeth,vesper,2490.98,DefiLlama row already counts this product
2026-03,carry:tau-infinifi,lido,44.72,on-chain product book; staking token per research
2026-03,carry:tau-infinifi,fusion-by-ipor,44.72,DefiLlama row already counts this product
2026-03,carry:reservoir-eth,fusion-by-ipor,1229.87,DefiLlama row already counts this product
2026-03,mantle-restaking,veda,73520.36,nested holding
2026-03,upshift,gain,29685.69,nested holding
2026-03,veda,meth-protocol,19207.01,staking token held by a counted product
2026-03,curve-dex,kelp,297.73,staking token held by a counted product
2026-03,curve-dex,lido,32034.79,staking token held by a counted product
2026-03,curve-dex,puffer-stake,1671.87,staking token held by a counted product
2026-03,curve-dex,ether.fi-stake,3215.69,staking token held by a counted product
2026-03,curve-dex,renzo,54.24,staking token held by a counted product
2026-03,curve-dex,frax-ether,8050.95,staking token held by a counted product
2026-03,curve-dex,coinbase-wrapped-staked-eth,3090.68,staking token held by a counted product
2026-03,curve-dex,rocket-pool,2489.2,staking token held by a counted product
2026-03,curve-dex,treehouse-protocol,113.35,staking token held by a counted product
2026-03,curve-dex,bedrock-unieth,323.29,staking token held by a counted product
2026-03,curve-dex,ankr,33.7,staking token held by a counted product
2026-03,curve-dex,binance-staked-eth,2.76,staking token held by a counted product
2026-03,curve-dex,origin-ether,811.83,staking token held by a counted product
2026-03,curve-dex,stader,1120.85,staking token held by a counted product
2026-03,curve-dex,dinero-(pxeth),45.34,staking token held by a counted product
2026-03,curve-dex,swell-liquid-staking,2.8,staking token held by a counted product
2026-03,curve-dex,stakewise-v3,3326.11,staking token held by a counted product
2026-03,curve-dex,swell-liquid-restaking,15.94,staking token held by a counted product
2026-03,pendle-v2,lido,6303.73,staking token held by a counted product
2026-03,pendle-v2,rocket-pool,1041.18,staking token held by a counted product
2026-03,pendle-v2,ether.fi-stake,4128.07,staking token held by a counted product
2026-03,pendle-v2,meth-protocol,10.11,staking token held by a counted product
2026-03,pendle-v2,mantle-restaking,31.84,staking token held by a counted product
2026-03,pendle-v2,coinbase-wrapped-staked-eth,7.4,staking token held by a counted product
2026-03,pendle-v2,renzo,816.22,staking token held by a counted product
2026-03,pendle-v2,bedrock-unieth,458.39,staking token held by a counted product
2026-03,pendle-v2,kelp,1029.12,staking token held by a counted product
2026-03,pendle-v2,binance-staked-eth,3.94,staking token held by a counted product
2026-03,pendle-v2,frax-ether,6.58,staking token held by a counted product
2026-03,pendle-v2,swell-liquid-staking,374.7,staking token held by a counted product
2026-03,pendle-v2,swell-liquid-restaking,1738.27,staking token held by a counted product
2026-03,pendle-v2,puffer-stake,1184.97,staking token held by a counted product
2026-03,pendle-v2,dinero-(pxeth),4.52,staking token held by a counted product
2026-03,pendle-v2,treehouse-protocol,1087.34,staking token held by a counted product
2026-03,pendle-v2,origin-ether,172.84,staking token held by a counted product
2026-03,pendle-v2,stader,21.56,staking token held by a counted product
2026-03,kelp,lido,362119.95,staking token held by a counted product
2026-03,kelp,stader,92984.7,staking token held by a counted product
2026-03,uniswap-v2,lido,33.5,staking token held by a counted product
2026-03,upshift,treehouse-protocol,852.27,staking token held by a counted product
2026-03,upshift,kelp,29685.69,staking token held by a counted product
2026-03,cian-yield-layer,lido,928.67,staking token held by a counted product
2026-03,cian-yield-layer,ether.fi-stake,4.42,staking token held by a counted product
2026-03,cian-yield-layer,kelp,2975.9,staking token held by a counted product
2026-03,cian-yield-layer,renzo,1.06,staking token held by a counted product
2026-03,cap,lido,13054.24,staking token held by a counted product
2026-03,cap,ether.fi-stake,15438.7,staking token held by a counted product
2026-03,mellow-core,lido,7909.08,staking token held by a counted product
2026-03,fluid-lite,lido,80172.51,staking token held by a counted product
2026-03,aerodrome-slipstream,rocket-pool,13.41,staking token held by a counted product
2026-03,aerodrome-slipstream,lido,1476.41,staking token held by a counted product
2026-03,aerodrome-slipstream,coinbase-wrapped-staked-eth,170.11,staking token held by a counted product
2026-03,aerodrome-slipstream,ether.fi-stake,77.61,staking token held by a counted product
2026-03,aerodrome-slipstream,kelp,33.16,staking token held by a counted product
2026-03,gmx-v2-perps,lido,117.46,staking token held by a counted product
2026-03,yearn-finance,dinero-(pxeth),7.5,staking token held by a counted product
2026-03,yearn-finance,lido,1.78,staking token held by a counted product
2026-03,yearn-finance,origin-ether,4.95,staking token held by a counted product
2026-03,yearn-finance,swell-liquid-restaking,1.58,staking token held by a counted product
2026-03,yearn-finance,kelp,15.45,staking token held by a counted product
2026-03,yearn-finance,renzo,5.17,staking token held by a counted product
2026-03,yearn-finance,frax-ether,8.66,staking token held by a counted product
2026-03,yearn-finance,coinbase-wrapped-staked-eth,2.63,staking token held by a counted product
2026-03,lagoon,rocket-pool,5144.68,staking token held by a counted product
2026-03,lagoon,puffer-stake,16.49,staking token held by a counted product
2026-03,aerodrome-v1,coinbase-wrapped-staked-eth,76.1,staking token held by a counted product
2026-03,aerodrome-v1,lido,900.53,staking token held by a counted product
2026-03,aerodrome-v1,ether.fi-stake,306.18,staking token held by a counted product
2026-03,aerodrome-v1,origin-ether,56.41,staking token held by a counted product
2026-03,beefy,ether.fi-stake,3.82,staking token held by a counted product
2026-03,beefy,lido,784.6,staking token held by a counted product
2026-03,beefy,frax-ether,25.17,staking token held by a counted product
2026-03,beefy,renzo,7.95,staking token held by a counted product
2026-03,beefy,meth-protocol,2.82,staking token held by a counted product
2026-03,beefy,kelp,5.21,staking token held by a counted product
2026-03,beefy,coinbase-wrapped-staked-eth,108.29,staking token held by a counted product
2026-03,beefy,rocket-pool,11.93,staking token held by a counted product
2026-03,beefy,binance-staked-eth,1.23,staking token held by a counted product
2026-03,enzyme-finance,rocket-pool,2.21,staking token held by a counted product
2026-03,enzyme-finance,stader,16.86,staking token held by a counted product
2026-03,enzyme-finance,lido,8456.85,staking token held by a counted product
2026-03,enzyme-finance,ether.fi-stake,8822.61,staking token held by a counted product
2026-03,enzyme-finance,coinbase-wrapped-staked-eth,2.12,staking token held by a counted product
2026-03,enzyme-finance,swell-liquid-staking,337.58,staking token held by a counted product
2026-03,vesper,lido,851.17,staking token held by a counted product
2026-03,vesper,coinbase-wrapped-staked-eth,38.57,staking token held by a counted product
2026-03,vesper,rocket-pool,11.86,staking token held by a counted product
2026-03,swell-l2-farm,lido,21.51,staking token held by a counted product
2026-03,swell-l2-farm,swell-liquid-restaking,1283.66,staking token held by a counted product
2026-03,swell-l2-farm,swell-liquid-staking,394.24,staking token held by a counted product
2026-03,swell-l2-farm,ether.fi-stake,154.85,staking token held by a counted product
2026-03,swell-l2-farm,renzo,62.87,staking token held by a counted product
2026-03,swell-l2-farm,stakestone-stone,7.76,staking token held by a counted product
2026-03,swell-l2-farm,frax-ether,2.73,staking token held by a counted product
2026-03,fusion-by-ipor,lido,2748.0,staking token held by a counted product
2026-03,zircuit-staking,renzo,2655.71,staking token held by a counted product
2026-03,zircuit-staking,lido,18297.86,staking token held by a counted product
2026-03,zircuit-staking,kelp,1025.33,staking token held by a counted product
2026-03,zircuit-staking,swell-liquid-restaking,403.77,staking token held by a counted product
2026-03,zircuit-staking,stakestone-stone,260.18,staking token held by a counted product
2026-03,zircuit-staking,ether.fi-stake,26134.97,staking token held by a counted product
2026-03,zircuit-staking,puffer-stake,1285.27,staking token held by a counted product
2026-03,zircuit-staking,liquid-collective,1.24,staking token held by a counted product
2026-03,zircuit-staking,meth-protocol,6.76,staking token held by a counted product
2026-03,zircuit-staking,swell-liquid-staking,64.59,staking token held by a counted product
2026-03,origami-finance,lido,161.2,staking token held by a counted product
2026-03,origami-finance,ether.fi-stake,4.2,staking token held by a counted product
2026-03,sushiswap-v3,ether.fi-stake,1588.5,staking token held by a counted product
2026-03,sushiswap-v3,lido,106.55,staking token held by a counted product
2026-03,mantle-restaking,meth-protocol,73520.36,staking token held by a counted product
2026-03,autofinance,lido,2317.58,staking token held by a counted product
2026-03,reserve-protocol,lido,18022.21,staking token held by a counted product
2026-03,reserve-protocol,rocket-pool,3517.5,staking token held by a counted product
2026-03,reserve-protocol,ether.fi-stake,7714.08,staking token held by a counted product
2026-03,reserve-protocol,stader,2812.9,staking token held by a counted product
2026-03,reserve-protocol,frax-ether,3512.71,staking token held by a counted product
2026-03,reserve-protocol,coinbase-wrapped-staked-eth,472.65,staking token held by a counted product
2026-03,reserve-protocol,origin-ether,52.69,staking token held by a counted product
2026-03,ekubo,lido,512.96,staking token held by a counted product
2026-03,hydration-dex,lido,898.08,staking token held by a counted product
2026-03,mellow-restaking,lido,19502.69,staking token held by a counted product
2026-03,yieldnest,frax-ether,41.31,staking token held by a counted product
2026-03,yieldnest,meth-protocol,53.54,staking token held by a counted product
2026-03,yieldnest,origin-ether,1347.53,staking token held by a counted product
2026-03,harvest-finance,lido,1.37,staking token held by a counted product
2026-03,harvest-finance,coinbase-wrapped-staked-eth,1.15,staking token held by a counted product
2026-03,harvest-finance,rocket-pool,2.16,staking token held by a counted product
2026-03,spectra-v2,origin-ether,8.4,staking token held by a counted product
2026-03,balancer-v3,lido,39.31,staking token held by a counted product
2026-03,balancer-v3,treehouse-protocol,1533.58,staking token held by a counted product
2026-03,balancer-v3,rocket-pool,1870.29,staking token held by a counted product
2026-03,balancer-v3,kelp,37.12,staking token held by a counted product
2026-03,balancer-v3,stakewise-v3,766.51,staking token held by a counted product
2026-03,balancer-v3,ether.fi-stake,1.26,staking token held by a counted product
2026-03,balancer-v3,frax-ether,5.47,staking token held by a counted product
2026-03,velodrome-v3,ether.fi-stake,6.49,staking token held by a counted product
2026-03,velodrome-v3,renzo,1.59,staking token held by a counted product
2026-03,velodrome-v3,lido,406.87,staking token held by a counted product
2026-03,velodrome-v3,swell-liquid-restaking,9.86,staking token held by a counted product
2026-03,native-credit-pool,lido,566.04,staking token held by a counted product
2026-03,velodrome-v2,swell-liquid-restaking,16.95,staking token held by a counted product
2026-03,velodrome-v2,ether.fi-stake,2.4,staking token held by a counted product
2026-03,velodrome-v2,frax-ether,32.85,staking token held by a counted product
2026-03,velodrome-v2,lido,98.43,staking token held by a counted product
2026-03,velodrome-v2,dinero-(pxeth),23.53,staking token held by a counted product
2026-03,quickswap-v3,lido,2.06,staking token held by a counted product
2026-03,quickswap-v3,stakestone-stone,14.91,staking token held by a counted product
2026-03,superform,lido,2.45,staking token held by a counted product
2026-03,superform,origin-ether,3.49,staking token held by a counted product
2026-03,superform,rocket-pool,2.15,staking token held by a counted product
2026-03,superform,ether.fi-stake,1.77,staking token held by a counted product
2026-03,superform,coinbase-wrapped-staked-eth,3.05,staking token held by a counted product
2026-03,index-coop,lido,1841.52,staking token held by a counted product
2026-03,index-coop,rocket-pool,3.36,staking token held by a counted product
2026-03,agni-finance,meth-protocol,79.51,staking token held by a counted product
2026-03,agni-finance,mantle-restaking,995.79,staking token held by a counted product
2026-03,kodiak-v3,stakestone-stone,399.55,staking token held by a counted product
2026-03,kodiak-v3,ether.fi-stake,4.8,staking token held by a counted product
2026-03,set-protocol,lido,32.73,staking token held by a counted product
2026-03,set-protocol,coinbase-wrapped-staked-eth,4.17,staking token held by a counted product
2026-03,set-protocol,ankr,4.32,staking token held by a counted product
2026-03,set-protocol,frax-ether,4.25,staking token held by a counted product
2026-03,set-protocol,rocket-pool,4.0,staking token held by a counted product
2026-03,origin-arm,lido,806.39,staking token held by a counted product
2026-03,origin-arm,ether.fi-stake,877.89,staking token held by a counted product
2026-03,merchant-moe-liquidity-book,meth-protocol,439.48,staking token held by a counted product
2026-03,merchant-moe-liquidity-book,mantle-restaking,890.06,staking token held by a counted product
2026-03,merchant-moe-liquidity-book,kelp,502.25,staking token held by a counted product
2026-03,frax-swap,frax-ether,34.35,staking token held by a counted product
2026-03,syncswap,ether.fi-stake,33.16,staking token held by a counted product
2026-03,syncswap,kelp,26.12,staking token held by a counted product
2026-03,syncswap,renzo,64.81,staking token held by a counted product
2026-03,syncswap,stakestone-stone,15.84,staking token held by a counted product
2026-03,syncswap,puffer-stake,3.18,staking token held by a counted product
2026-03,camelot-v2,lido,8.59,staking token held by a counted product
2026-03,inceptionlrt-(isolated-restaking),lido,2734.32,staking token held by a counted product
2026-03,inceptionlrt-(isolated-restaking),swell-liquid-staking,8.62,staking token held by a counted product
2026-03,inceptionlrt-(isolated-restaking),rocket-pool,1.87,staking token held by a counted product
2026-03,radpie,lido,243.73,staking token held by a counted product
2026-03,radpie,ether.fi-stake,15.99,staking token held by a counted product
2026-03,nucleus,renzo,7.16,staking token held by a counted product
2026-03,nucleus,puffer-stake,589.21,staking token held by a counted product
2026-03,nucleus,dinero-(pxeth),3.7,staking token held by a counted product
2026-03,nucleus,swell-liquid-staking,96.57,staking token held by a counted product
2026-03,camelot-v3,lido,11.35,staking token held by a counted product
2026-03,camelot-v3,kelp,3.24,staking token held by a counted product
2026-03,camelot-v3,renzo,14.8,staking token held by a counted product
2026-03,camelot-v3,ether.fi-stake,4.78,staking token held by a counted product
2026-03,hydrex-integral,ether.fi-stake,45.17,staking token held by a counted product
2026-03,hydrex-integral,lido,1.54,staking token held by a counted product
2026-03,tranchess-yield,lido,2.66,staking token held by a counted product
2026-03,tranchess-yield,stakestone-stone,185.1,staking token held by a counted product
2026-03,tranchess-yield,ether.fi-stake,7.07,staking token held by a counted product
2026-03,eigenpie,lido,797.41,staking token held by a counted product
2026-03,eigenpie,rocket-pool,17.08,staking token held by a counted product
2026-03,eigenpie,frax-ether,110.77,staking token held by a counted product
2026-03,eigenpie,meth-protocol,25.47,staking token held by a counted product
2026-03,eigenpie,binance-staked-eth,33.66,staking token held by a counted product
2026-03,eigenpie,swell-liquid-staking,984.68,staking token held by a counted product
2026-03,eigenpie,coinbase-wrapped-staked-eth,19.95,staking token held by a counted product
2026-03,eigenpie,stader,53.04,staking token held by a counted product
2026-03,eigenpie,origin-ether,2.19,staking token held by a counted product
2026-03,eigenpie,stakewise-v3,2.26,staking token held by a counted product
2026-03,eigenpie,liquid-collective,2.22,staking token held by a counted product
2026-03,ribbon,rocket-pool,12.03,staking token held by a counted product
2026-03,ribbon,lido,9.3,staking token held by a counted product
2026-03,stakestone-berachain-vault,stakestone-stone,593.59,staking token held by a counted product
2026-03,sophon-farm,lido,19.31,staking token held by a counted product
2026-03,sophon-farm,ether.fi-stake,10.89,staking token held by a counted product
2026-03,blast-pre-launch-farm,lido,874.58,staking token held by a counted product
2026-03,latch,ether.fi-stake,739.57,staking token held by a counted product
2026-03,latch,lido,165.35,staking token held by a counted product
2026-03,reaper-farm,lido,18.61,staking token held by a counted product
2026-03,canopy,kelp,425.04,staking token held by a counted product
2026-03,theo-straddle-vaults,ether.fi-stake,144.27,staking token held by a counted product
2026-03,ribbon-earn,lido,379.26,staking token held by a counted product
2026-03,sommelier,lido,7.83,staking token held by a counted product
2026-03,blackwing,renzo,162.01,staking token held by a counted product
2026-03,blackwing,ether.fi-stake,40.05,staking token held by a counted product
2026-03,blackwing,swell-liquid-restaking,7.1,staking token held by a counted product
2026-03,blackwing,kelp,12.12,staking token held by a counted product
2026-03,arbitrove,lido,3.22,staking token held by a counted product
2026-03,vaultcraft,kelp,2.91,staking token held by a counted product
2026-03,vaultcraft,stader,2.64,staking token held by a counted product
2026-03,terminal-finance-pre-deposits,ether.fi-stake,33.22,staking token held by a counted product
2026-03,corn-kernels,ether.fi-stake,10.06,staking token held by a counted product
2026-03,onx-finance,ankr,87.2,staking token held by a counted product
2026-03,juice-finance,renzo,10.94,staking token held by a counted product
2026-03,juice-finance,ether.fi-stake,2.05,staking token held by a counted product
2026-03,hourglass,ether.fi-stake,4.37,staking token held by a counted product
2026-03,napier,ether.fi-stake,1.03,staking token held by a counted product
2026-03,napier,lido,70.84,staking token held by a counted product
2026-03,treehouse-protocol,mantle-restaking,17964.43,staking token held by a counted product
2026-03,treehouse-protocol,lido,28321.09,staking token held by a counted product
2026-03,eigencloud,eigencloud,3307338.64,restaking-token issuers already count this
2026-03,symbiotic,symbiotic,103519.55,restaking-token issuers already count this
2026-04,carry:liquid-eth,ether.fi-stake,124604.9,on-chain product book; staking token per research
2026-04,carry:liquid-eth,veda,124604.9,DefiLlama row already counts this product
2026-04,carry:lido-earn,lido,110594.33,on-chain product book; staking token per research
2026-04,carry:lido-earn,mellow-core,110594.33,DefiLlama row already counts this product
2026-04,carry:avant-aveth,avant-aveth,6556.29,DefiLlama row already counts this product
2026-04,carry:rocksolid,rocket-pool,9662.46,on-chain product book; staking token per research
2026-04,carry:rocksolid,lagoon,9662.46,DefiLlama row already counts this product
2026-04,carry:liquity-carry,lido,31.86,on-chain product book; staking token per research
2026-04,carry:liquity-carry,fusion-by-ipor,31.86,DefiLlama row already counts this product
2026-04,carry:makina-deth,ether.fi-stake,3542.79,on-chain product book; staking token per research
2026-04,carry:makina-deth,makina,3537.93,DefiLlama row already counts this product
2026-04,carry:vesper-vaeth,vesper,2443.08,DefiLlama row already counts this product
2026-04,carry:royco-eth,lido,48.53,on-chain product book; staking token per research
2026-04,carry:tau-infinifi,lido,2.34,on-chain product book; staking token per research
2026-04,carry:tau-infinifi,fusion-by-ipor,2.34,DefiLlama row already counts this product
2026-04,carry:reservoir-eth,fusion-by-ipor,1223.55,DefiLlama row already counts this product
2026-04,mantle-restaking,veda,73291.6,nested holding
2026-04,upshift,gain,28574.8,nested holding
2026-04,veda,meth-protocol,11251.3,staking token held by a counted product
2026-04,pancakeswap-amm,binance-staked-eth,4.89,staking token held by a counted product
2026-04,curve-dex,ether.fi-stake,1555.77,staking token held by a counted product
2026-04,curve-dex,lido,41772.1,staking token held by a counted product
2026-04,curve-dex,puffer-stake,1616.28,staking token held by a counted product
2026-04,curve-dex,renzo,37.61,staking token held by a counted product
2026-04,curve-dex,kelp,69.06,staking token held by a counted product
2026-04,curve-dex,coinbase-wrapped-staked-eth,1405.67,staking token held by a counted product
2026-04,curve-dex,rocket-pool,2147.65,staking token held by a counted product
2026-04,curve-dex,frax-ether,7364.8,staking token held by a counted product
2026-04,curve-dex,ankr,32.05,staking token held by a counted product
2026-04,curve-dex,binance-staked-eth,2.71,staking token held by a counted product
2026-04,curve-dex,origin-ether,716.33,staking token held by a counted product
2026-04,curve-dex,stader,753.19,staking token held by a counted product
2026-04,curve-dex,dinero-(pxeth),33.88,staking token held by a counted product
2026-04,curve-dex,stakewise-v3,3667.99,staking token held by a counted product
2026-04,curve-dex,swell-liquid-staking,3.06,staking token held by a counted product
2026-04,curve-dex,bedrock-unieth,124.52,staking token held by a counted product
2026-04,curve-dex,swell-liquid-restaking,17.04,staking token held by a counted product
2026-04,curve-dex,treehouse-protocol,65.33,staking token held by a counted product
2026-04,pendle-v2,lido,5581.06,staking token held by a counted product
2026-04,pendle-v2,rocket-pool,999.18,staking token held by a counted product
2026-04,pendle-v2,ether.fi-stake,3852.1,staking token held by a counted product
2026-04,pendle-v2,meth-protocol,10.12,staking token held by a counted product
2026-04,pendle-v2,mantle-restaking,31.79,staking token held by a counted product
2026-04,pendle-v2,coinbase-wrapped-staked-eth,4.85,staking token held by a counted product
2026-04,pendle-v2,kelp,873.26,staking token held by a counted product
2026-04,pendle-v2,renzo,793.89,staking token held by a counted product
2026-04,pendle-v2,bedrock-unieth,435.03,staking token held by a counted product
2026-04,pendle-v2,frax-ether,6.29,staking token held by a counted product
2026-04,pendle-v2,swell-liquid-staking,340.25,staking token held by a counted product
2026-04,pendle-v2,origin-ether,173.91,staking token held by a counted product
2026-04,pendle-v2,stader,21.4,staking token held by a counted product
2026-04,pendle-v2,swell-liquid-restaking,1458.69,staking token held by a counted product
2026-04,pendle-v2,puffer-stake,1056.9,staking token held by a counted product
2026-04,pendle-v2,dinero-(pxeth),4.46,staking token held by a counted product
2026-04,pendle-v2,treehouse-protocol,613.48,staking token held by a counted product
2026-04,pendle-v2,binance-staked-eth,3.1,staking token held by a counted product
2026-04,kelp,lido,429918.78,staking token held by a counted product
2026-04,kelp,stader,93251.73,staking token held by a counted product
2026-04,uniswap-v2,lido,32.87,staking token held by a counted product
2026-04,upshift,treehouse-protocol,830.5,staking token held by a counted product
2026-04,upshift,kelp,28540.89,staking token held by a counted product
2026-04,cian-yield-layer,lido,923.56,staking token held by a counted product
2026-04,cian-yield-layer,ether.fi-stake,4.4,staking token held by a counted product
2026-04,cian-yield-layer,kelp,1429.9,staking token held by a counted product
2026-04,cian-yield-layer,renzo,1.05,staking token held by a counted product
2026-04,cap,lido,10291.83,staking token held by a counted product
2026-04,cap,ether.fi-stake,15423.2,staking token held by a counted product
2026-04,mellow-core,lido,295.9,staking token held by a counted product
2026-04,fluid-lite,lido,70694.16,staking token held by a counted product
2026-04,aerodrome-slipstream,rocket-pool,11.81,staking token held by a counted product
2026-04,aerodrome-slipstream,lido,497.05,staking token held by a counted product
2026-04,aerodrome-slipstream,coinbase-wrapped-staked-eth,466.92,staking token held by a counted product
2026-04,aerodrome-slipstream,kelp,30.06,staking token held by a counted product
2026-04,aerodrome-slipstream,ether.fi-stake,448.88,staking token held by a counted product
2026-04,gmx-v2-perps,lido,79.42,staking token held by a counted product
2026-04,yearn-finance,lido,1.8,staking token held by a counted product
2026-04,yearn-finance,kelp,14.68,staking token held by a counted product
2026-04,yearn-finance,renzo,5.16,staking token held by a counted product
2026-04,yearn-finance,frax-ether,8.32,staking token held by a counted product
2026-04,yearn-finance,dinero-(pxeth),7.42,staking token held by a counted product
2026-04,yearn-finance,origin-ether,35.42,staking token held by a counted product
2026-04,yearn-finance,swell-liquid-restaking,1.56,staking token held by a counted product
2026-04,lagoon,rocket-pool,5022.56,staking token held by a counted product
2026-04,lagoon,puffer-stake,15.99,staking token held by a counted product
2026-04,aerodrome-v1,coinbase-wrapped-staked-eth,54.15,staking token held by a counted product
2026-04,aerodrome-v1,lido,903.7,staking token held by a counted product
2026-04,aerodrome-v1,ether.fi-stake,289.65,staking token held by a counted product
2026-04,aerodrome-v1,origin-ether,58.2,staking token held by a counted product
2026-04,beefy,ether.fi-stake,3.05,staking token held by a counted product
2026-04,beefy,lido,732.02,staking token held by a counted product
2026-04,beefy,renzo,10.69,staking token held by a counted product
2026-04,beefy,kelp,1.44,staking token held by a counted product
2026-04,beefy,frax-ether,25.01,staking token held by a counted product
2026-04,beefy,coinbase-wrapped-staked-eth,81.73,staking token held by a counted product
2026-04,beefy,rocket-pool,13.18,staking token held by a counted product
2026-04,beefy,binance-staked-eth,1.22,staking token held by a counted product
2026-04,enzyme-finance,rocket-pool,2.1,staking token held by a counted product
2026-04,enzyme-finance,stader,12.27,staking token held by a counted product
2026-04,enzyme-finance,lido,8271.93,staking token held by a counted product
2026-04,enzyme-finance,ether.fi-stake,8813.43,staking token held by a counted product
2026-04,enzyme-finance,coinbase-wrapped-staked-eth,2.12,staking token held by a counted product
2026-04,enzyme-finance,swell-liquid-staking,333.47,staking token held by a counted product
2026-04,vesper,coinbase-wrapped-staked-eth,38.84,staking token held by a counted product
2026-04,vesper,rocket-pool,11.96,staking token held by a counted product
2026-04,vesper,lido,855.58,staking token held by a counted product
2026-04,swell-l2-farm,lido,20.31,staking token held by a counted product
2026-04,swell-l2-farm,swell-liquid-restaking,1231.45,staking token held by a counted product
2026-04,swell-l2-farm,swell-liquid-staking,330.22,staking token held by a counted product
2026-04,swell-l2-farm,ether.fi-stake,151.1,staking token held by a counted product
2026-04,swell-l2-farm,renzo,61.27,staking token held by a counted product
2026-04,swell-l2-farm,stakestone-stone,6.68,staking token held by a counted product
2026-04,swell-l2-farm,frax-ether,2.72,staking token held by a counted product
2026-04,fusion-by-ipor,lido,2208.22,staking token held by a counted product
2026-04,zircuit-staking,swell-liquid-restaking,156.34,staking token held by a counted product
2026-04,zircuit-staking,puffer-stake,1243.6,staking token held by a counted product
2026-04,zircuit-staking,ether.fi-stake,39393.12,staking token held by a counted product
2026-04,zircuit-staking,lido,18246.94,staking token held by a counted product
2026-04,zircuit-staking,meth-protocol,5.45,staking token held by a counted product
2026-04,zircuit-staking,liquid-collective,1.18,staking token held by a counted product
2026-04,zircuit-staking,swell-liquid-staking,64.0,staking token held by a counted product
2026-04,zircuit-staking,renzo,2173.71,staking token held by a counted product
2026-04,zircuit-staking,kelp,644.21,staking token held by a counted product
2026-04,zircuit-staking,stakestone-stone,146.11,staking token held by a counted product
2026-04,origami-finance,lido,147.97,staking token held by a counted product
2026-04,origami-finance,ether.fi-stake,4.19,staking token held by a counted product
2026-04,sushiswap-v3,lido,46.7,staking token held by a counted product
2026-04,sushiswap-v3,ether.fi-stake,457.37,staking token held by a counted product
2026-04,mantle-restaking,meth-protocol,73291.6,staking token held by a counted product
2026-04,autofinance,lido,1987.77,staking token held by a counted product
2026-04,reserve-protocol,lido,12812.6,staking token held by a counted product
2026-04,reserve-protocol,rocket-pool,2521.64,staking token held by a counted product
2026-04,reserve-protocol,ether.fi-stake,5534.7,staking token held by a counted product
2026-04,reserve-protocol,stader,2012.11,staking token held by a counted product
2026-04,reserve-protocol,frax-ether,2509.69,staking token held by a counted product
2026-04,reserve-protocol,coinbase-wrapped-staked-eth,256.88,staking token held by a counted product
2026-04,reserve-protocol,origin-ether,1.85,staking token held by a counted product
2026-04,ekubo,lido,469.12,staking token held by a counted product
2026-04,hydration-dex,lido,961.59,staking token held by a counted product
2026-04,mellow-restaking,lido,13194.98,staking token held by a counted product
2026-04,yieldnest,frax-ether,41.2,staking token held by a counted product
2026-04,yieldnest,origin-ether,1351.66,staking token held by a counted product
2026-04,yieldnest,meth-protocol,53.7,staking token held by a counted product
2026-04,harvest-finance,lido,1.37,staking token held by a counted product
2026-04,harvest-finance,coinbase-wrapped-staked-eth,1.14,staking token held by a counted product
2026-04,harvest-finance,rocket-pool,2.15,staking token held by a counted product
2026-04,spectra-v2,origin-ether,8.45,staking token held by a counted product
2026-04,balancer-v3,lido,28.8,staking token held by a counted product
2026-04,balancer-v3,rocket-pool,1380.34,staking token held by a counted product
2026-04,balancer-v3,kelp,3.15,staking token held by a counted product
2026-04,balancer-v3,treehouse-protocol,629.42,staking token held by a counted product
2026-04,balancer-v3,stakewise-v3,685.49,staking token held by a counted product
2026-04,balancer-v3,frax-ether,3.83,staking token held by a counted product
2026-04,velodrome-v3,lido,125.08,staking token held by a counted product
2026-04,velodrome-v3,renzo,1.04,staking token held by a counted product
2026-04,velodrome-v3,ether.fi-stake,25.43,staking token held by a counted product
2026-04,velodrome-v3,swell-liquid-restaking,22.09,staking token held by a counted product
2026-04,velodrome-v3,frax-ether,1.41,staking token held by a counted product
2026-04,native-credit-pool,lido,41.49,staking token held by a counted product
2026-04,velodrome-v2,swell-liquid-restaking,16.43,staking token held by a counted product
2026-04,velodrome-v2,ether.fi-stake,138.19,staking token held by a counted product
2026-04,velodrome-v2,lido,66.61,staking token held by a counted product
2026-04,velodrome-v2,frax-ether,32.42,staking token held by a counted product
2026-04,velodrome-v2,dinero-(pxeth),22.48,staking token held by a counted product
2026-04,quickswap-v3,lido,2.3,staking token held by a counted product
2026-04,quickswap-v3,stakestone-stone,20.52,staking token held by a counted product
2026-04,superform,lido,2.4,staking token held by a counted product
2026-04,superform,origin-ether,2.59,staking token held by a counted product
2026-04,superform,rocket-pool,2.14,staking token held by a counted product
2026-04,superform,ether.fi-stake,1.58,staking token held by a counted product
2026-04,superform,coinbase-wrapped-staked-eth,3.04,staking token held by a counted product
2026-04,index-coop,lido,1528.45,staking token held by a counted product
2026-04,index-coop,rocket-pool,3.36,staking token held by a counted product
2026-04,agni-finance,meth-protocol,78.34,staking token held by a counted product
2026-04,agni-finance,mantle-restaking,1012.51,staking token held by a counted product
2026-04,kodiak-v3,stakestone-stone,385.88,staking token held by a counted product
2026-04,kodiak-v3,ether.fi-stake,4.64,staking token held by a counted product
2026-04,set-protocol,lido,32.76,staking token held by a counted product
2026-04,set-protocol,coinbase-wrapped-staked-eth,4.16,staking token held by a counted product
2026-04,set-protocol,ankr,4.33,staking token held by a counted product
2026-04,set-protocol,frax-ether,4.23,staking token held by a counted product
2026-04,set-protocol,rocket-pool,3.99,staking token held by a counted product
2026-04,origin-arm,lido,3242.69,staking token held by a counted product
2026-04,origin-arm,ether.fi-stake,1415.69,staking token held by a counted product
2026-04,merchant-moe-liquidity-book,meth-protocol,381.16,staking token held by a counted product
2026-04,merchant-moe-liquidity-book,mantle-restaking,1138.31,staking token held by a counted product
2026-04,frax-swap,frax-ether,33.69,staking token held by a counted product
2026-04,syncswap,ether.fi-stake,26.52,staking token held by a counted product
2026-04,syncswap,kelp,17.42,staking token held by a counted product
2026-04,syncswap,renzo,39.45,staking token held by a counted product
2026-04,syncswap,stakestone-stone,10.97,staking token held by a counted product
2026-04,camelot-v2,lido,8.53,staking token held by a counted product
2026-04,inceptionlrt-(isolated-restaking),lido,2732.44,staking token held by a counted product
2026-04,inceptionlrt-(isolated-restaking),swell-liquid-staking,8.52,staking token held by a counted product
2026-04,inceptionlrt-(isolated-restaking),rocket-pool,1.87,staking token held by a counted product
2026-04,radpie,lido,244.11,staking token held by a counted product
2026-04,radpie,ether.fi-stake,15.92,staking token held by a counted product
2026-04,nucleus,renzo,7.11,staking token held by a counted product
2026-04,nucleus,puffer-stake,477.22,staking token held by a counted product
2026-04,nucleus,dinero-(pxeth),3.64,staking token held by a counted product
2026-04,nucleus,swell-liquid-staking,86.55,staking token held by a counted product
2026-04,camelot-v3,lido,15.68,staking token held by a counted product
2026-04,camelot-v3,kelp,3.77,staking token held by a counted product
2026-04,camelot-v3,renzo,3.45,staking token held by a counted product
2026-04,camelot-v3,ether.fi-stake,8.12,staking token held by a counted product
2026-04,hydrex-integral,ether.fi-stake,103.64,staking token held by a counted product
2026-04,hydrex-integral,lido,1.28,staking token held by a counted product
2026-04,tranchess-yield,lido,2.66,staking token held by a counted product
2026-04,tranchess-yield,stakestone-stone,171.74,staking token held by a counted product
2026-04,tranchess-yield,ether.fi-stake,7.07,staking token held by a counted product
2026-04,eigenpie,lido,771.85,staking token held by a counted product
2026-04,eigenpie,rocket-pool,12.14,staking token held by a counted product
2026-04,eigenpie,frax-ether,110.48,staking token held by a counted product
2026-04,eigenpie,meth-protocol,25.27,staking token held by a counted product
2026-04,eigenpie,binance-staked-eth,34.59,staking token held by a counted product
2026-04,eigenpie,swell-liquid-staking,949.72,staking token held by a counted product
2026-04,eigenpie,coinbase-wrapped-staked-eth,19.95,staking token held by a counted product
2026-04,eigenpie,stader,50.11,staking token held by a counted product
2026-04,eigenpie,origin-ether,2.2,staking token held by a counted product
2026-04,eigenpie,stakewise-v3,2.25,staking token held by a counted product
2026-04,eigenpie,liquid-collective,2.13,staking token held by a counted product
2026-04,ribbon,rocket-pool,12.04,staking token held by a counted product
2026-04,ribbon,lido,9.31,staking token held by a counted product
2026-04,stakestone-berachain-vault,stakestone-stone,649.0,staking token held by a counted product
2026-04,sophon-farm,lido,18.83,staking token held by a counted product
2026-04,sophon-farm,ether.fi-stake,9.92,staking token held by a counted product
2026-04,blast-pre-launch-farm,lido,859.85,staking token held by a counted product
2026-04,latch,ether.fi-stake,86.34,staking token held by a counted product
2026-04,reaper-farm,lido,18.57,staking token held by a counted product
2026-04,canopy,kelp,314.76,staking token held by a counted product
2026-04,theo-straddle-vaults,ether.fi-stake,137.83,staking token held by a counted product
2026-04,ribbon-earn,lido,378.53,staking token held by a counted product
2026-04,blackwing,renzo,153.14,staking token held by a counted product
2026-04,blackwing,ether.fi-stake,29.6,staking token held by a counted product
2026-04,blackwing,swell-liquid-restaking,7.02,staking token held by a counted product
2026-04,blackwing,kelp,10.33,staking token held by a counted product
2026-04,arbitrove,lido,3.23,staking token held by a counted product
2026-04,vaultcraft,kelp,2.76,staking token held by a counted product
2026-04,vaultcraft,stader,2.63,staking token held by a counted product
2026-04,terminal-finance-pre-deposits,ether.fi-stake,32.39,staking token held by a counted product
2026-04,corn-kernels,ether.fi-stake,10.08,staking token held by a counted product
2026-04,onx-finance,ankr,87.86,staking token held by a counted product
2026-04,juice-finance,renzo,10.94,staking token held by a counted product
2026-04,juice-finance,ether.fi-stake,2.05,staking token held by a counted product
2026-04,hourglass,ether.fi-stake,4.36,staking token held by a counted product
2026-04,napier,ether.fi-stake,1.03,staking token held by a counted product
2026-04,treehouse-protocol,mantle-restaking,748.46,staking token held by a counted product
2026-04,treehouse-protocol,lido,17066.06,staking token held by a counted product
2026-04,eigencloud,eigencloud,3102139.42,restaking-token issuers already count this
2026-04,symbiotic,symbiotic,81645.7,restaking-token issuers already count this
2026-05,carry:liquid-eth,ether.fi-stake,108176.24,on-chain product book; staking token per research
2026-05,carry:liquid-eth,veda,108176.24,DefiLlama row already counts this product
2026-05,carry:lido-earn,lido,44337.32,on-chain product book; staking token per research
2026-05,carry:lido-earn,mellow-core,44337.32,DefiLlama row already counts this product
2026-05,carry:avant-aveth,avant-aveth,6530.3,DefiLlama row already counts this product
2026-05,carry:rocksolid,rocket-pool,9738.31,on-chain product book; staking token per research
2026-05,carry:rocksolid,lagoon,9738.31,DefiLlama row already counts this product
2026-05,carry:liquity-carry,lido,528.08,on-chain product book; staking token per research
2026-05,carry:liquity-carry,fusion-by-ipor,528.08,DefiLlama row already counts this product
2026-05,carry:makina-deth,ether.fi-stake,2891.16,on-chain product book; staking token per research
2026-05,carry:makina-deth,makina,2891.16,DefiLlama row already counts this product
2026-05,carry:vesper-vaeth,vesper,2622.09,DefiLlama row already counts this product
2026-05,carry:royco-eth,lido,115.02,on-chain product book; staking token per research
2026-05,carry:tau-infinifi,lido,175.35,on-chain product book; staking token per research
2026-05,carry:tau-infinifi,fusion-by-ipor,175.35,DefiLlama row already counts this product
2026-05,carry:reservoir-eth,fusion-by-ipor,175.34,DefiLlama row already counts this product
2026-05,mantle-restaking,veda,37633.71,nested holding
2026-05,upshift,gain,29885.96,nested holding
2026-05,veda,meth-protocol,4410.28,staking token held by a counted product
2026-05,pancakeswap-amm,binance-staked-eth,5.04,staking token held by a counted product
2026-05,curve-dex,lido,30480.1,staking token held by a counted product
2026-05,curve-dex,puffer-stake,1532.55,staking token held by a counted product
2026-05,curve-dex,ether.fi-stake,2687.77,staking token held by a counted product
2026-05,curve-dex,renzo,46.86,staking token held by a counted product
2026-05,curve-dex,frax-ether,6809.97,staking token held by a counted product
2026-05,curve-dex,coinbase-wrapped-staked-eth,1077.18,staking token held by a counted product
2026-05,curve-dex,rocket-pool,1496.28,staking token held by a counted product
2026-05,curve-dex,treehouse-protocol,16.11,staking token held by a counted product
2026-05,curve-dex,bedrock-unieth,70.46,staking token held by a counted product
2026-05,curve-dex,ankr,32.08,staking token held by a counted product
2026-05,curve-dex,stader,422.04,staking token held by a counted product
2026-05,curve-dex,dinero-(pxeth),31.56,staking token held by a counted product
2026-05,curve-dex,stakewise-v3,4240.59,staking token held by a counted product
2026-05,curve-dex,swell-liquid-staking,2.84,staking token held by a counted product
2026-05,curve-dex,swell-liquid-restaking,15.75,staking token held by a counted product
2026-05,curve-dex,origin-ether,784.79,staking token held by a counted product
2026-05,curve-dex,binance-staked-eth,2.88,staking token held by a counted product
2026-05,pendle-v2,lido,5381.71,staking token held by a counted product
2026-05,pendle-v2,rocket-pool,917.49,staking token held by a counted product
2026-05,pendle-v2,meth-protocol,10.12,staking token held by a counted product
2026-05,pendle-v2,mantle-restaking,30.7,staking token held by a counted product
2026-05,pendle-v2,ether.fi-stake,3707.81,staking token held by a counted product
2026-05,pendle-v2,coinbase-wrapped-staked-eth,4.83,staking token held by a counted product
2026-05,pendle-v2,kelp,870.04,staking token held by a counted product
2026-05,pendle-v2,renzo,784.7,staking token held by a counted product
2026-05,pendle-v2,bedrock-unieth,413.57,staking token held by a counted product
2026-05,pendle-v2,frax-ether,6.31,staking token held by a counted product
2026-05,pendle-v2,swell-liquid-staking,341.45,staking token held by a counted product
2026-05,pendle-v2,swell-liquid-restaking,1489.3,staking token held by a counted product
2026-05,pendle-v2,puffer-stake,1049.76,staking token held by a counted product
2026-05,pendle-v2,dinero-(pxeth),4.48,staking token held by a counted product
2026-05,pendle-v2,origin-ether,179.67,staking token held by a counted product
2026-05,pendle-v2,treehouse-protocol,330.52,staking token held by a counted product
2026-05,pendle-v2,stader,21.26,staking token held by a counted product
2026-05,pendle-v2,binance-staked-eth,3.1,staking token held by a counted product
2026-05,kelp,lido,410054.93,staking token held by a counted product
2026-05,kelp,stader,94656.2,staking token held by a counted product
2026-05,uniswap-v2,lido,36.12,staking token held by a counted product
2026-05,upshift,treehouse-protocol,816.58,staking token held by a counted product
2026-05,upshift,kelp,29885.96,staking token held by a counted product
2026-05,cian-yield-layer,lido,922.82,staking token held by a counted product
2026-05,cian-yield-layer,ether.fi-stake,4.42,staking token held by a counted product
2026-05,cian-yield-layer,kelp,1516.04,staking token held by a counted product
2026-05,cian-yield-layer,renzo,1.06,staking token held by a counted product
2026-05,fluid-dex,lido,2339.38,staking token held by a counted product
2026-05,fluid-dex,ether.fi-stake,1735.52,staking token held by a counted product
2026-05,fluid-dex,kelp,3485.03,staking token held by a counted product
2026-05,fluid-dex,renzo,1030.47,staking token held by a counted product
2026-05,fluid-dex,stakewise-v3,6031.19,staking token held by a counted product
2026-05,cap,lido,10794.33,staking token held by a counted product
2026-05,cap,ether.fi-stake,9473.96,staking token held by a counted product
2026-05,mellow-core,lido,396.51,staking token held by a counted product
2026-05,fluid-lite,lido,63965.3,staking token held by a counted product
2026-05,aerodrome-slipstream,rocket-pool,12.84,staking token held by a counted product
2026-05,aerodrome-slipstream,lido,208.36,staking token held by a counted product
2026-05,aerodrome-slipstream,coinbase-wrapped-staked-eth,862.47,staking token held by a counted product
2026-05,aerodrome-slipstream,ether.fi-stake,37.57,staking token held by a counted product
2026-05,aerodrome-slipstream,kelp,29.16,staking token held by a counted product
2026-05,aerodrome-slipstream,liquid-collective,1.0,staking token held by a counted product
2026-05,gmx-v2-perps,lido,80.93,staking token held by a counted product
2026-05,yearn-finance,lido,1.81,staking token held by a counted product
2026-05,yearn-finance,kelp,15.49,staking token held by a counted product
2026-05,yearn-finance,renzo,5.15,staking token held by a counted product
2026-05,yearn-finance,frax-ether,9.09,staking token held by a counted product
2026-05,yearn-finance,dinero-(pxeth),6.5,staking token held by a counted product
2026-05,yearn-finance,origin-ether,36.38,staking token held by a counted product
2026-05,yearn-finance,swell-liquid-restaking,1.59,staking token held by a counted product
2026-05,lagoon,rocket-pool,4391.01,staking token held by a counted product
2026-05,lagoon,puffer-stake,13.82,staking token held by a counted product
2026-05,aerodrome-v1,coinbase-wrapped-staked-eth,53.53,staking token held by a counted product
2026-05,aerodrome-v1,lido,898.79,staking token held by a counted product
2026-05,aerodrome-v1,ether.fi-stake,343.62,staking token held by a counted product
2026-05,aerodrome-v1,origin-ether,58.61,staking token held by a counted product
2026-05,beefy,lido,810.85,staking token held by a counted product
2026-05,beefy,frax-ether,23.71,staking token held by a counted product
2026-05,beefy,ether.fi-stake,5.35,staking token held by a counted product
2026-05,beefy,renzo,1.34,staking token held by a counted product
2026-05,beefy,kelp,1.68,staking token held by a counted product
2026-05,beefy,rocket-pool,6.54,staking token held by a counted product
2026-05,beefy,coinbase-wrapped-staked-eth,70.77,staking token held by a counted product
2026-05,beefy,binance-staked-eth,1.23,staking token held by a counted product
2026-05,enzyme-finance,ether.fi-stake,8807.13,staking token held by a counted product
2026-05,enzyme-finance,lido,7973.59,staking token held by a counted product
2026-05,enzyme-finance,rocket-pool,2.1,staking token held by a counted product
2026-05,enzyme-finance,stader,11.13,staking token held by a counted product
2026-05,enzyme-finance,coinbase-wrapped-staked-eth,2.12,staking token held by a counted product
2026-05,enzyme-finance,swell-liquid-staking,108.68,staking token held by a counted product
2026-05,vesper,coinbase-wrapped-staked-eth,37.35,staking token held by a counted product
2026-05,vesper,rocket-pool,11.25,staking token held by a counted product
2026-05,vesper,lido,770.42,staking token held by a counted product
2026-05,swell-l2-farm,lido,20.21,staking token held by a counted product
2026-05,swell-l2-farm,swell-liquid-restaking,1214.03,staking token held by a counted product
2026-05,swell-l2-farm,swell-liquid-staking,321.85,staking token held by a counted product
2026-05,swell-l2-farm,ether.fi-stake,150.46,staking token held by a counted product
2026-05,swell-l2-farm,renzo,60.24,staking token held by a counted product
2026-05,swell-l2-farm,stakestone-stone,5.64,staking token held by a counted product
2026-05,fusion-by-ipor,coinbase-wrapped-staked-eth,1209.49,staking token held by a counted product
2026-05,fusion-by-ipor,lido,3663.81,staking token held by a counted product
2026-05,zircuit-staking,swell-liquid-restaking,147.33,staking token held by a counted product
2026-05,zircuit-staking,puffer-stake,704.11,staking token held by a counted product
2026-05,zircuit-staking,ether.fi-stake,580.66,staking token held by a counted product
2026-05,zircuit-staking,lido,18323.59,staking token held by a counted product
2026-05,zircuit-staking,meth-protocol,5.45,staking token held by a counted product
2026-05,zircuit-staking,liquid-collective,1.22,staking token held by a counted product
2026-05,zircuit-staking,swell-liquid-staking,63.29,staking token held by a counted product
2026-05,zircuit-staking,kelp,376.88,staking token held by a counted product
2026-05,zircuit-staking,renzo,1704.63,staking token held by a counted product
2026-05,zircuit-staking,stakestone-stone,144.63,staking token held by a counted product
2026-05,origami-finance,lido,114.3,staking token held by a counted product
2026-05,origami-finance,ether.fi-stake,273.8,staking token held by a counted product
2026-05,sushiswap-v3,ether.fi-stake,441.18,staking token held by a counted product
2026-05,mantle-restaking,meth-protocol,37633.71,staking token held by a counted product
2026-05,autofinance,lido,2264.41,staking token held by a counted product
2026-05,reserve-protocol,lido,6908.98,staking token held by a counted product
2026-05,reserve-protocol,origin-ether,1.9,staking token held by a counted product
2026-05,reserve-protocol,stader,1068.28,staking token held by a counted product
2026-05,reserve-protocol,rocket-pool,1315.94,staking token held by a counted product
2026-05,reserve-protocol,coinbase-wrapped-staked-eth,333.78,staking token held by a counted product
2026-05,reserve-protocol,ether.fi-stake,2883.31,staking token held by a counted product
2026-05,reserve-protocol,frax-ether,1307.98,staking token held by a counted product
2026-05,ekubo,lido,158.27,staking token held by a counted product
2026-05,hydration-dex,lido,890.3,staking token held by a counted product
2026-05,mellow-restaking,lido,8249.39,staking token held by a counted product
2026-05,yieldnest,frax-ether,41.22,staking token held by a counted product
2026-05,yieldnest,origin-ether,1393.86,staking token held by a counted product
2026-05,yieldnest,meth-protocol,53.64,staking token held by a counted product
2026-05,harvest-finance,lido,1.31,staking token held by a counted product
2026-05,harvest-finance,coinbase-wrapped-staked-eth,1.14,staking token held by a counted product
2026-05,harvest-finance,rocket-pool,2.15,staking token held by a counted product
2026-05,spectra-v2,origin-ether,8.57,staking token held by a counted product
2026-05,balancer-v3,lido,11.9,staking token held by a counted product
2026-05,balancer-v3,rocket-pool,1787.63,staking token held by a counted product
2026-05,balancer-v3,ether.fi-stake,5.3,staking token held by a counted product
2026-05,balancer-v3,stakewise-v3,700.91,staking token held by a counted product
2026-05,balancer-v3,kelp,2.42,staking token held by a counted product
2026-05,balancer-v3,treehouse-protocol,540.92,staking token held by a counted product
2026-05,balancer-v3,frax-ether,3.82,staking token held by a counted product
2026-05,velodrome-v3,lido,106.76,staking token held by a counted product
2026-05,velodrome-v3,ether.fi-stake,43.58,staking token held by a counted product
2026-05,velodrome-v3,renzo,2.08,staking token held by a counted product
2026-05,native-credit-pool,lido,522.23,staking token held by a counted product
2026-05,velodrome-v2,ether.fi-stake,2.03,staking token held by a counted product
2026-05,velodrome-v2,frax-ether,31.93,staking token held by a counted product
2026-05,velodrome-v2,lido,61.22,staking token held by a counted product
2026-05,velodrome-v2,dinero-(pxeth),24.88,staking token held by a counted product
2026-05,quickswap-v3,lido,2.18,staking token held by a counted product
2026-05,quickswap-v3,stakestone-stone,20.77,staking token held by a counted product
2026-05,superform,ether.fi-stake,1.58,staking token held by a counted product
2026-05,superform,lido,2.31,staking token held by a counted product
2026-05,superform,origin-ether,1.72,staking token held by a counted product
2026-05,superform,rocket-pool,2.14,staking token held by a counted product
2026-05,superform,coinbase-wrapped-staked-eth,2.94,staking token held by a counted product
2026-05,index-coop,lido,1435.19,staking token held by a counted product
2026-05,index-coop,rocket-pool,3.36,staking token held by a counted product
2026-05,agni-finance,meth-protocol,82.79,staking token held by a counted product
2026-05,agni-finance,mantle-restaking,1091.83,staking token held by a counted product
2026-05,kodiak-v3,stakestone-stone,363.98,staking token held by a counted product
2026-05,set-protocol,lido,32.92,staking token held by a counted product
2026-05,set-protocol,ankr,4.35,staking token held by a counted product
2026-05,set-protocol,frax-ether,4.23,staking token held by a counted product
2026-05,set-protocol,rocket-pool,4.0,staking token held by a counted product
2026-05,set-protocol,coinbase-wrapped-staked-eth,4.16,staking token held by a counted product
2026-05,origin-arm,lido,657.74,staking token held by a counted product
2026-05,origin-arm,ether.fi-stake,2644.45,staking token held by a counted product
2026-05,merchant-moe-liquidity-book,meth-protocol,416.36,staking token held by a counted product
2026-05,merchant-moe-liquidity-book,mantle-restaking,1279.07,staking token held by a counted product
2026-05,frax-swap,frax-ether,34.6,staking token held by a counted product
2026-05,syncswap,ether.fi-stake,26.69,staking token held by a counted product
2026-05,syncswap,renzo,36.11,staking token held by a counted product
2026-05,syncswap,stakestone-stone,11.0,staking token held by a counted product
2026-05,syncswap,kelp,10.62,staking token held by a counted product
2026-05,camelot-v2,lido,8.49,staking token held by a counted product
2026-05,inceptionlrt-(isolated-restaking),lido,2743.94,staking token held by a counted product
2026-05,inceptionlrt-(isolated-restaking),swell-liquid-staking,8.55,staking token held by a counted product
2026-05,inceptionlrt-(isolated-restaking),rocket-pool,1.87,staking token held by a counted product
2026-05,radpie,lido,244.13,staking token held by a counted product
2026-05,radpie,ether.fi-stake,15.98,staking token held by a counted product
2026-05,nucleus,swell-liquid-staking,80.64,staking token held by a counted product
2026-05,nucleus,puffer-stake,464.42,staking token held by a counted product
2026-05,nucleus,dinero-(pxeth),3.66,staking token held by a counted product
2026-05,camelot-v3,ether.fi-stake,14.23,staking token held by a counted product
2026-05,camelot-v3,lido,11.82,staking token held by a counted product
2026-05,camelot-v3,kelp,2.4,staking token held by a counted product
2026-05,camelot-v3,renzo,8.25,staking token held by a counted product
2026-05,hydrex-integral,ether.fi-stake,6.73,staking token held by a counted product
2026-05,hydrex-integral,coinbase-wrapped-staked-eth,283.23,staking token held by a counted product
2026-05,tranchess-yield,lido,2.67,staking token held by a counted product
2026-05,tranchess-yield,stakestone-stone,171.37,staking token held by a counted product
2026-05,tranchess-yield,ether.fi-stake,7.06,staking token held by a counted product
2026-05,eigenpie,lido,781.29,staking token held by a counted product
2026-05,eigenpie,rocket-pool,11.94,staking token held by a counted product
2026-05,eigenpie,frax-ether,110.52,staking token held by a counted product
2026-05,eigenpie,meth-protocol,25.24,staking token held by a counted product
2026-05,eigenpie,binance-staked-eth,33.67,staking token held by a counted product
2026-05,eigenpie,swell-liquid-staking,873.29,staking token held by a counted product
2026-05,eigenpie,coinbase-wrapped-staked-eth,19.95,staking token held by a counted product
2026-05,eigenpie,stader,53.05,staking token held by a counted product
2026-05,eigenpie,origin-ether,2.27,staking token held by a counted product
2026-05,eigenpie,stakewise-v3,2.22,staking token held by a counted product
2026-05,eigenpie,liquid-collective,2.2,staking token held by a counted product
2026-05,ribbon,rocket-pool,12.09,staking token held by a counted product
2026-05,ribbon,lido,9.36,staking token held by a counted product
2026-05,stakestone-berachain-vault,stakestone-stone,692.75,staking token held by a counted product
2026-05,sophon-farm,lido,18.89,staking token held by a counted product
2026-05,sophon-farm,ether.fi-stake,9.88,staking token held by a counted product
2026-05,blast-pre-launch-farm,lido,852.79,staking token held by a counted product
2026-05,latch,ether.fi-stake,86.29,staking token held by a counted product
2026-05,reaper-farm,lido,18.62,staking token held by a counted product
2026-05,canopy,kelp,332.45,staking token held by a counted product
2026-05,theo-straddle-vaults,ether.fi-stake,111.56,staking token held by a counted product
2026-05,ribbon-earn,lido,378.34,staking token held by a counted product
2026-05,sommelier,lido,7.26,staking token held by a counted product
2026-05,blackwing,swell-liquid-restaking,7.14,staking token held by a counted product
2026-05,blackwing,kelp,10.91,staking token held by a counted product
2026-05,blackwing,renzo,135.46,staking token held by a counted product
2026-05,blackwing,ether.fi-stake,28.89,staking token held by a counted product
2026-05,arbitrove,lido,3.23,staking token held by a counted product
2026-05,vaultcraft,kelp,2.92,staking token held by a counted product
2026-05,vaultcraft,stader,2.67,staking token held by a counted product
2026-05,terminal-finance-pre-deposits,ether.fi-stake,30.02,staking token held by a counted product
2026-05,corn-kernels,ether.fi-stake,9.51,staking token held by a counted product
2026-05,onx-finance,ankr,87.77,staking token held by a counted product
2026-05,juice-finance,renzo,10.96,staking token held by a counted product
2026-05,juice-finance,ether.fi-stake,2.06,staking token held by a counted product
2026-05,hourglass,ether.fi-stake,4.34,staking token held by a counted product
2026-05,napier,ether.fi-stake,1.03,staking token held by a counted product
2026-05,treehouse-protocol,mantle-restaking,298.34,staking token held by a counted product
2026-05,treehouse-protocol,lido,10573.31,staking token held by a counted product
2026-05,eigencloud,eigencloud,2466203.16,restaking-token issuers already count this
2026-05,symbiotic,symbiotic,53349.71,restaking-token issuers already count this
2026-06,carry:liquid-eth,ether.fi-stake,88680.88,on-chain product book; staking token per research
2026-06,carry:liquid-eth,veda,88680.88,DefiLlama row already counts this product
2026-06,carry:lido-earn,lido,90416.98,on-chain product book; staking token per research
2026-06,carry:lido-earn,mellow-core,90416.98,DefiLlama row already counts this product
2026-06,carry:avant-aveth,avant-aveth,9109.17,DefiLlama row already counts this product
2026-06,carry:rocksolid,rocket-pool,9400.11,on-chain product book; staking token per research
2026-06,carry:rocksolid,lagoon,9400.11,DefiLlama row already counts this product
2026-06,carry:liquity-carry,lido,641.01,on-chain product book; staking token per research
2026-06,carry:liquity-carry,fusion-by-ipor,641.01,DefiLlama row already counts this product
2026-06,carry:makina-deth,ether.fi-stake,2665.17,on-chain product book; staking token per research
2026-06,carry:makina-deth,makina,2662.44,DefiLlama row already counts this product
2026-06,carry:vesper-vaeth,vesper,1881.97,DefiLlama row already counts this product
2026-06,carry:royco-eth,lido,115.28,on-chain product book; staking token per research
2026-06,carry:tau-infinifi,lido,175.81,on-chain product book; staking token per research
2026-06,carry:tau-infinifi,fusion-by-ipor,175.81,DefiLlama row already counts this product
2026-06,carry:reservoir-eth,fusion-by-ipor,162.55,DefiLlama row already counts this product
2026-06,carry:liquity-carry,carry:rocksolid,641.01,nested holding
2026-06,mantle-restaking,veda,21414.51,nested holding
2026-06,upshift,gain,19655.87,nested holding
2026-06,veda,meth-protocol,2456.86,staking token held by a counted product
2026-06,pancakeswap-amm,binance-staked-eth,5.32,staking token held by a counted product
2026-06,curve-dex,ether.fi-stake,4654.03,staking token held by a counted product
2026-06,curve-dex,lido,31392.93,staking token held by a counted product
2026-06,curve-dex,puffer-stake,1670.51,staking token held by a counted product
2026-06,curve-dex,kelp,1.03,staking token held by a counted product
2026-06,curve-dex,renzo,79.47,staking token held by a counted product
2026-06,curve-dex,rocket-pool,2211.39,staking token held by a counted product
2026-06,curve-dex,coinbase-wrapped-staked-eth,528.3,staking token held by a counted product
2026-06,curve-dex,frax-ether,5399.37,staking token held by a counted product
2026-06,curve-dex,ankr,32.32,staking token held by a counted product
2026-06,curve-dex,binance-staked-eth,3.37,staking token held by a counted product
2026-06,curve-dex,origin-ether,745.69,staking token held by a counted product
2026-06,curve-dex,swell-liquid-staking,3.01,staking token held by a counted product
2026-06,curve-dex,stader,558.02,staking token held by a counted product
2026-06,curve-dex,dinero-(pxeth),28.71,staking token held by a counted product
2026-06,curve-dex,stakewise-v3,3609.52,staking token held by a counted product
2026-06,curve-dex,swell-liquid-restaking,17.57,staking token held by a counted product
2026-06,curve-dex,treehouse-protocol,13.4,staking token held by a counted product
2026-06,curve-dex,bedrock-unieth,172.42,staking token held by a counted product
2026-06,pendle-v2,lido,4779.31,staking token held by a counted product
2026-06,pendle-v2,rocket-pool,757.62,staking token held by a counted product
2026-06,pendle-v2,ether.fi-stake,2616.11,staking token held by a counted product
2026-06,pendle-v2,meth-protocol,10.11,staking token held by a counted product
2026-06,pendle-v2,mantle-restaking,15.91,staking token held by a counted product
2026-06,pendle-v2,kelp,634.5,staking token held by a counted product
2026-06,pendle-v2,renzo,781.58,staking token held by a counted product
2026-06,pendle-v2,bedrock-unieth,232.92,staking token held by a counted product
2026-06,pendle-v2,binance-staked-eth,3.1,staking token held by a counted product
2026-06,pendle-v2,frax-ether,6.33,staking token held by a counted product
2026-06,pendle-v2,swell-liquid-staking,260.71,staking token held by a counted product
2026-06,pendle-v2,origin-ether,180.89,staking token held by a counted product
2026-06,pendle-v2,stader,21.3,staking token held by a counted product
2026-06,pendle-v2,swell-liquid-restaking,998.37,staking token held by a counted product
2026-06,pendle-v2,puffer-stake,528.64,staking token held by a counted product
2026-06,pendle-v2,dinero-(pxeth),4.5,staking token held by a counted product
2026-06,pendle-v2,treehouse-protocol,304.37,staking token held by a counted product
2026-06,pendle-v2,coinbase-wrapped-staked-eth,4.82,staking token held by a counted product
2026-06,kelp,lido,327247.34,staking token held by a counted product
2026-06,kelp,stader,75791.28,staking token held by a counted product
2026-06,uniswap-v2,lido,38.38,staking token held by a counted product
2026-06,upshift,kelp,19699.66,staking token held by a counted product
2026-06,upshift,treehouse-protocol,819.38,staking token held by a counted product
2026-06,cian-yield-layer,lido,925.09,staking token held by a counted product
2026-06,cian-yield-layer,ether.fi-stake,4.44,staking token held by a counted product
2026-06,cian-yield-layer,kelp,1531.32,staking token held by a counted product
2026-06,fluid-dex,lido,2196.38,staking token held by a counted product
2026-06,fluid-dex,ether.fi-stake,3809.68,staking token held by a counted product
2026-06,fluid-dex,kelp,1861.58,staking token held by a counted product
2026-06,fluid-dex,renzo,202.96,staking token held by a counted product
2026-06,fluid-dex,stakewise-v3,6142.18,staking token held by a counted product
2026-06,cap,lido,10746.27,staking token held by a counted product
2026-06,cap,ether.fi-stake,8737.0,staking token held by a counted product
2026-06,mellow-core,lido,137.43,staking token held by a counted product
2026-06,fluid-lite,lido,70509.73,staking token held by a counted product
2026-06,aerodrome-slipstream,rocket-pool,13.05,staking token held by a counted product
2026-06,aerodrome-slipstream,lido,221.94,staking token held by a counted product
2026-06,aerodrome-slipstream,coinbase-wrapped-staked-eth,902.0,staking token held by a counted product
2026-06,aerodrome-slipstream,ether.fi-stake,36.65,staking token held by a counted product
2026-06,aerodrome-slipstream,kelp,20.01,staking token held by a counted product
2026-06,gmx-v2-perps,lido,44.13,staking token held by a counted product
2026-06,yearn-finance,kelp,15.52,staking token held by a counted product
2026-06,yearn-finance,renzo,5.16,staking token held by a counted product
2026-06,yearn-finance,frax-ether,8.66,staking token held by a counted product
2026-06,yearn-finance,swell-liquid-restaking,1.59,staking token held by a counted product
2026-06,yearn-finance,dinero-(pxeth),6.46,staking token held by a counted product
2026-06,yearn-finance,origin-ether,7.87,staking token held by a counted product
2026-06,lagoon,rocket-pool,4405.58,staking token held by a counted product
2026-06,lagoon,puffer-stake,14.57,staking token held by a counted product
2026-06,aerodrome-v1,coinbase-wrapped-staked-eth,53.72,staking token held by a counted product
2026-06,aerodrome-v1,lido,900.24,staking token held by a counted product
2026-06,aerodrome-v1,ether.fi-stake,283.64,staking token held by a counted product
2026-06,aerodrome-v1,origin-ether,50.48,staking token held by a counted product
2026-06,beefy,ether.fi-stake,4.04,staking token held by a counted product
2026-06,beefy,lido,581.9,staking token held by a counted product
2026-06,beefy,frax-ether,24.59,staking token held by a counted product
2026-06,beefy,renzo,5.11,staking token held by a counted product
2026-06,beefy,kelp,1.42,staking token held by a counted product
2026-06,beefy,coinbase-wrapped-staked-eth,88.21,staking token held by a counted product
2026-06,beefy,rocket-pool,5.74,staking token held by a counted product
2026-06,beefy,binance-staked-eth,1.22,staking token held by a counted product
2026-06,enzyme-finance,rocket-pool,4.55,staking token held by a counted product
2026-06,enzyme-finance,stader,11.0,staking token held by a counted product
2026-06,enzyme-finance,lido,7955.49,staking token held by a counted product
2026-06,enzyme-finance,ether.fi-stake,8837.38,staking token held by a counted product
2026-06,enzyme-finance,coinbase-wrapped-staked-eth,4.57,staking token held by a counted product
2026-06,enzyme-finance,swell-liquid-staking,97.77,staking token held by a counted product
2026-06,vesper,coinbase-wrapped-staked-eth,41.39,staking token held by a counted product
2026-06,vesper,lido,899.64,staking token held by a counted product
2026-06,vesper,rocket-pool,13.19,staking token held by a counted product
2026-06,swell-l2-farm,lido,20.24,staking token held by a counted product
2026-06,swell-l2-farm,swell-liquid-restaking,716.04,staking token held by a counted product
2026-06,swell-l2-farm,swell-liquid-staking,316.56,staking token held by a counted product
2026-06,swell-l2-farm,ether.fi-stake,114.15,staking token held by a counted product
2026-06,swell-l2-farm,renzo,59.24,staking token held by a counted product
2026-06,swell-l2-farm,stakestone-stone,5.65,staking token held by a counted product
2026-06,fusion-by-ipor,lido,3833.06,staking token held by a counted product
2026-06,fusion-by-ipor,coinbase-wrapped-staked-eth,1729.49,staking token held by a counted product
2026-06,zircuit-staking,swell-liquid-restaking,139.44,staking token held by a counted product
2026-06,zircuit-staking,puffer-stake,621.6,staking token held by a counted product
2026-06,zircuit-staking,ether.fi-stake,568.16,staking token held by a counted product
2026-06,zircuit-staking,lido,18448.9,staking token held by a counted product
2026-06,zircuit-staking,meth-protocol,5.47,staking token held by a counted product
2026-06,zircuit-staking,liquid-collective,1.25,staking token held by a counted product
2026-06,zircuit-staking,swell-liquid-staking,59.86,staking token held by a counted product
2026-06,zircuit-staking,renzo,1581.05,staking token held by a counted product
2026-06,zircuit-staking,kelp,368.18,staking token held by a counted product
2026-06,zircuit-staking,stakestone-stone,139.0,staking token held by a counted product
2026-06,origami-finance,lido,39.97,staking token held by a counted product
2026-06,origami-finance,ether.fi-stake,434.78,staking token held by a counted product
2026-06,sushiswap-v3,ether.fi-stake,457.57,staking token held by a counted product
2026-06,mantle-restaking,meth-protocol,21414.51,staking token held by a counted product
2026-06,autofinance,lido,2305.59,staking token held by a counted product
2026-06,reserve-protocol,lido,2679.34,staking token held by a counted product
2026-06,reserve-protocol,rocket-pool,240.17,staking token held by a counted product
2026-06,reserve-protocol,ether.fi-stake,1126.71,staking token held by a counted product
2026-06,reserve-protocol,stader,311.95,staking token held by a counted product
2026-06,reserve-protocol,frax-ether,720.17,staking token held by a counted product
2026-06,reserve-protocol,coinbase-wrapped-staked-eth,278.93,staking token held by a counted product
2026-06,reserve-protocol,origin-ether,1.91,staking token held by a counted product
2026-06,ekubo,lido,619.57,staking token held by a counted product
2026-06,ekubo,ether.fi-stake,64.47,staking token held by a counted product
2026-06,hydration-dex,lido,773.19,staking token held by a counted product
2026-06,mellow-restaking,lido,7111.88,staking token held by a counted product
2026-06,yieldnest,frax-ether,41.61,staking token held by a counted product
2026-06,yieldnest,meth-protocol,53.82,staking token held by a counted product
2026-06,yieldnest,origin-ether,1403.11,staking token held by a counted product
2026-06,harvest-finance,lido,1.32,staking token held by a counted product
2026-06,harvest-finance,coinbase-wrapped-staked-eth,1.15,staking token held by a counted product
2026-06,harvest-finance,rocket-pool,2.16,staking token held by a counted product
2026-06,balancer-v3,lido,35.16,staking token held by a counted product
2026-06,balancer-v3,rocket-pool,1356.95,staking token held by a counted product
2026-06,balancer-v3,kelp,5.93,staking token held by a counted product
2026-06,balancer-v3,treehouse-protocol,509.86,staking token held by a counted product
2026-06,balancer-v3,stakewise-v3,581.47,staking token held by a counted product
2026-06,balancer-v3,frax-ether,3.87,staking token held by a counted product
2026-06,velodrome-v3,ether.fi-stake,43.85,staking token held by a counted product
2026-06,velodrome-v3,renzo,1.65,staking token held by a counted product
2026-06,velodrome-v3,lido,121.45,staking token held by a counted product
2026-06,native-credit-pool,lido,135.12,staking token held by a counted product
2026-06,velodrome-v2,frax-ether,32.07,staking token held by a counted product
2026-06,velodrome-v2,lido,62.84,staking token held by a counted product
2026-06,velodrome-v2,ether.fi-stake,2.02,staking token held by a counted product
2026-06,quickswap-v3,lido,2.29,staking token held by a counted product
2026-06,quickswap-v3,stakestone-stone,21.37,staking token held by a counted product
2026-06,superform,ether.fi-stake,1.58,staking token held by a counted product
2026-06,superform,lido,2.31,staking token held by a counted product
2026-06,superform,coinbase-wrapped-staked-eth,2.95,staking token held by a counted product
2026-06,superform,rocket-pool,2.14,staking token held by a counted product
2026-06,superform,origin-ether,1.72,staking token held by a counted product
2026-06,index-coop,lido,1425.18,staking token held by a counted product
2026-06,index-coop,rocket-pool,3.13,staking token held by a counted product
2026-06,agni-finance,meth-protocol,845.96,staking token held by a counted product
2026-06,agni-finance,mantle-restaking,459.97,staking token held by a counted product
2026-06,kodiak-v3,stakestone-stone,366.7,staking token held by a counted product
2026-06,set-protocol,lido,32.92,staking token held by a counted product
2026-06,set-protocol,coinbase-wrapped-staked-eth,4.16,staking token held by a counted product
2026-06,set-protocol,ankr,4.34,staking token held by a counted product
2026-06,set-protocol,frax-ether,4.25,staking token held by a counted product
2026-06,set-protocol,rocket-pool,3.99,staking token held by a counted product
2026-06,merchant-moe-liquidity-book,meth-protocol,865.22,staking token held by a counted product
2026-06,merchant-moe-liquidity-book,mantle-restaking,310.08,staking token held by a counted product
2026-06,frax-swap,frax-ether,35.26,staking token held by a counted product
2026-06,syncswap,ether.fi-stake,26.73,staking token held by a counted product
2026-06,syncswap,stakestone-stone,11.94,staking token held by a counted product
2026-06,syncswap,kelp,10.72,staking token held by a counted product
2026-06,camelot-v2,lido,8.54,staking token held by a counted product
2026-06,inceptionlrt-(isolated-restaking),lido,2758.43,staking token held by a counted product
2026-06,inceptionlrt-(isolated-restaking),swell-liquid-staking,8.56,staking token held by a counted product
2026-06,inceptionlrt-(isolated-restaking),rocket-pool,1.87,staking token held by a counted product
2026-06,radpie,lido,246.29,staking token held by a counted product
2026-06,radpie,ether.fi-stake,16.11,staking token held by a counted product
2026-06,nucleus,renzo,5.64,staking token held by a counted product
2026-06,nucleus,puffer-stake,448.01,staking token held by a counted product
2026-06,nucleus,dinero-(pxeth),3.64,staking token held by a counted product
2026-06,nucleus,swell-liquid-staking,77.11,staking token held by a counted product
2026-06,camelot-v3,ether.fi-stake,17.84,staking token held by a counted product
2026-06,camelot-v3,lido,18.38,staking token held by a counted product
2026-06,camelot-v3,kelp,1.69,staking token held by a counted product
2026-06,camelot-v3,renzo,5.18,staking token held by a counted product
2026-06,hydrex-integral,coinbase-wrapped-staked-eth,297.64,staking token held by a counted product
2026-06,tranchess-yield,lido,2.68,staking token held by a counted product
2026-06,tranchess-yield,stakestone-stone,171.69,staking token held by a counted product
2026-06,tranchess-yield,ether.fi-stake,7.11,staking token held by a counted product
2026-06,eigenpie,rocket-pool,12.0,staking token held by a counted product
2026-06,eigenpie,swell-liquid-staking,685.72,staking token held by a counted product
2026-06,eigenpie,coinbase-wrapped-staked-eth,20.11,staking token held by a counted product
2026-06,eigenpie,liquid-collective,2.26,staking token held by a counted product
2026-06,eigenpie,lido,779.82,staking token held by a counted product
2026-06,eigenpie,frax-ether,110.95,staking token held by a counted product
2026-06,eigenpie,meth-protocol,23.96,staking token held by a counted product
2026-06,eigenpie,binance-staked-eth,33.38,staking token held by a counted product
2026-06,eigenpie,stader,43.82,staking token held by a counted product
2026-06,eigenpie,origin-ether,2.29,staking token held by a counted product
2026-06,eigenpie,stakewise-v3,2.27,staking token held by a counted product
2026-06,ribbon,rocket-pool,12.12,staking token held by a counted product
2026-06,ribbon,lido,9.3,staking token held by a counted product
2026-06,stakestone-berachain-vault,stakestone-stone,619.81,staking token held by a counted product
2026-06,sophon-farm,lido,18.81,staking token held by a counted product
2026-06,sophon-farm,ether.fi-stake,7.74,staking token held by a counted product
2026-06,blast-pre-launch-farm,lido,847.46,staking token held by a counted product
2026-06,latch,ether.fi-stake,86.6,staking token held by a counted product
2026-06,reaper-farm,lido,18.77,staking token held by a counted product
2026-06,canopy,kelp,308.51,staking token held by a counted product
2026-06,theo-straddle-vaults,ether.fi-stake,109.81,staking token held by a counted product
2026-06,ribbon-earn,lido,379.77,staking token held by a counted product
2026-06,sommelier,lido,1.61,staking token held by a counted product
2026-06,blackwing,swell-liquid-restaking,7.14,staking token held by a counted product
2026-06,blackwing,kelp,10.69,staking token held by a counted product
2026-06,blackwing,renzo,128.56,staking token held by a counted product
2026-06,blackwing,ether.fi-stake,28.48,staking token held by a counted product
2026-06,arbitrove,lido,3.24,staking token held by a counted product
2026-06,vaultcraft,kelp,2.92,staking token held by a counted product
2026-06,vaultcraft,stader,2.63,staking token held by a counted product
2026-06,terminal-finance-pre-deposits,ether.fi-stake,29.66,staking token held by a counted product
2026-06,corn-kernels,ether.fi-stake,9.45,staking token held by a counted product
2026-06,onx-finance,ankr,82.76,staking token held by a counted product
2026-06,juice-finance,renzo,11.02,staking token held by a counted product
2026-06,juice-finance,ether.fi-stake,2.06,staking token held by a counted product
2026-06,hourglass,ether.fi-stake,4.44,staking token held by a counted product
2026-06,napier,ether.fi-stake,1.04,staking token held by a counted product
2026-06,treehouse-protocol,mantle-restaking,136.34,staking token held by a counted product
2026-06,treehouse-protocol,lido,2387.34,staking token held by a counted product
2026-06,treehouse-protocol,ether.fi-stake,16483.02,staking token held by a counted product
2026-06,eigencloud,eigencloud,2307420.13,restaking-token issuers already count this
2026-06,symbiotic,symbiotic,35703.83,restaking-token issuers already count this
2026-07,carry:liquid-eth,ether.fi-stake,122177.11,on-chain product book; staking token per research
2026-07,carry:liquid-eth,veda,122177.11,DefiLlama row already counts this product
2026-07,carry:lido-earn,lido,77748.21,on-chain product book; staking token per research
2026-07,carry:lido-earn,mellow-core,77748.21,DefiLlama row already counts this product
2026-07,carry:avant-aveth,avant-aveth,10330.23,DefiLlama row already counts this product
2026-07,carry:rocksolid,rocket-pool,9560.34,on-chain product book; staking token per research
2026-07,carry:rocksolid,lagoon,9560.34,DefiLlama row already counts this product
2026-07,carry:liquity-carry,lido,1502.34,on-chain product book; staking token per research
2026-07,carry:liquity-carry,fusion-by-ipor,1502.34,DefiLlama row already counts this product
2026-07,carry:makina-deth,ether.fi-stake,2591.46,on-chain product book; staking token per research
2026-07,carry:makina-deth,makina,2591.46,DefiLlama row already counts this product
2026-07,carry:vesper-vaeth,vesper,1862.69,DefiLlama row already counts this product
2026-07,carry:royco-eth,lido,115.53,on-chain product book; staking token per research
2026-07,carry:royco-eth,royco-v2,115.53,DefiLlama row already counts this product
2026-07,carry:tau-infinifi,lido,83.1,on-chain product book; staking token per research
2026-07,carry:tau-infinifi,fusion-by-ipor,83.1,DefiLlama row already counts this product
2026-07,carry:reservoir-eth,fusion-by-ipor,62.79,DefiLlama row already counts this product
2026-07,carry:liquity-carry,carry:rocksolid,728.48,nested holding
2026-07,mantle-restaking,veda,17223.76,nested holding
2026-07,upshift,gain,13675.62,nested holding
2026-07,veda,meth-protocol,1429.0,staking token held by a counted product
2026-07,pancakeswap-amm,binance-staked-eth,5.1,staking token held by a counted product
2026-07,curve-dex,lido,30884.29,staking token held by a counted product
2026-07,curve-dex,puffer-stake,1503.89,staking token held by a counted product
2026-07,curve-dex,ether.fi-stake,3122.53,staking token held by a counted product
2026-07,curve-dex,renzo,54.98,staking token held by a counted product
2026-07,curve-dex,rocket-pool,2023.32,staking token held by a counted product
2026-07,curve-dex,coinbase-wrapped-staked-eth,472.87,staking token held by a counted product
2026-07,curve-dex,frax-ether,6350.58,staking token held by a counted product
2026-07,curve-dex,ankr,31.96,staking token held by a counted product
2026-07,curve-dex,binance-staked-eth,3.49,staking token held by a counted product
2026-07,curve-dex,origin-ether,580.37,staking token held by a counted product
2026-07,curve-dex,stader,492.84,staking token held by a counted product
2026-07,curve-dex,dinero-(pxeth),34.59,staking token held by a counted product
2026-07,curve-dex,stakewise-v3,3780.64,staking token held by a counted product
2026-07,curve-dex,bedrock-unieth,119.07,staking token held by a counted product
2026-07,curve-dex,swell-liquid-restaking,20.77,staking token held by a counted product
2026-07,curve-dex,treehouse-protocol,12.04,staking token held by a counted product
2026-07,pendle-v2,lido,4682.31,staking token held by a counted product
2026-07,pendle-v2,rocket-pool,663.49,staking token held by a counted product
2026-07,pendle-v2,ether.fi-stake,1692.35,staking token held by a counted product
2026-07,pendle-v2,coinbase-wrapped-staked-eth,4.82,staking token held by a counted product
2026-07,pendle-v2,meth-protocol,10.09,staking token held by a counted product
2026-07,pendle-v2,mantle-restaking,16.09,staking token held by a counted product
2026-07,pendle-v2,kelp,484.49,staking token held by a counted product
2026-07,pendle-v2,renzo,683.43,staking token held by a counted product
2026-07,pendle-v2,bedrock-unieth,84.11,staking token held by a counted product
2026-07,pendle-v2,frax-ether,6.34,staking token held by a counted product
2026-07,pendle-v2,swell-liquid-staking,253.42,staking token held by a counted product
2026-07,pendle-v2,origin-ether,22.8,staking token held by a counted product
2026-07,pendle-v2,stader,21.38,staking token held by a counted product
2026-07,pendle-v2,swell-liquid-restaking,612.8,staking token held by a counted product
2026-07,pendle-v2,puffer-stake,497.81,staking token held by a counted product
2026-07,pendle-v2,dinero-(pxeth),4.5,staking token held by a counted product
2026-07,pendle-v2,treehouse-protocol,270.91,staking token held by a counted product
2026-07,pendle-v2,binance-staked-eth,2.61,staking token held by a counted product
2026-07,kelp,lido,273613.83,staking token held by a counted product
2026-07,kelp,stader,54894.72,staking token held by a counted product
2026-07,uniswap-v2,lido,34.56,staking token held by a counted product
2026-07,upshift,kelp,13675.62,staking token held by a counted product
2026-07,upshift,treehouse-protocol,832.42,staking token held by a counted product
2026-07,cian-yield-layer,lido,940.05,staking token held by a counted product
2026-07,cian-yield-layer,ether.fi-stake,4.45,staking token held by a counted product
2026-07,cian-yield-layer,kelp,1537.85,staking token held by a counted product
2026-07,cian-yield-layer,renzo,1.06,staking token held by a counted product
2026-07,fluid-dex,lido,1999.49,staking token held by a counted product
2026-07,fluid-dex,ether.fi-stake,718.14,staking token held by a counted product
2026-07,fluid-dex,kelp,1641.82,staking token held by a counted product
2026-07,fluid-dex,renzo,190.86,staking token held by a counted product
2026-07,fluid-dex,stakewise-v3,6126.95,staking token held by a counted product
2026-07,cap,lido,12074.46,staking token held by a counted product
2026-07,cap,ether.fi-stake,8734.67,staking token held by a counted product
2026-07,mellow-core,lido,140.2,staking token held by a counted product
2026-07,fluid-lite,lido,74666.25,staking token held by a counted product
2026-07,aerodrome-slipstream,rocket-pool,8.21,staking token held by a counted product
2026-07,aerodrome-slipstream,lido,643.99,staking token held by a counted product
2026-07,aerodrome-slipstream,coinbase-wrapped-staked-eth,973.35,staking token held by a counted product
2026-07,aerodrome-slipstream,kelp,11.08,staking token held by a counted product
2026-07,aerodrome-slipstream,ether.fi-stake,42.88,staking token held by a counted product
2026-07,gmx-v2-perps,lido,43.68,staking token held by a counted product
2026-07,yearn-finance,frax-ether,8.89,staking token held by a counted product
2026-07,yearn-finance,kelp,15.59,staking token held by a counted product
2026-07,yearn-finance,renzo,5.18,staking token held by a counted product
2026-07,yearn-finance,origin-ether,7.6,staking token held by a counted product
2026-07,yearn-finance,dinero-(pxeth),6.44,staking token held by a counted product
2026-07,yearn-finance,swell-liquid-restaking,1.6,staking token held by a counted product
2026-07,lagoon,rocket-pool,4217.88,staking token held by a counted product
2026-07,aerodrome-v1,coinbase-wrapped-staked-eth,53.65,staking token held by a counted product
2026-07,aerodrome-v1,lido,849.85,staking token held by a counted product
2026-07,aerodrome-v1,ether.fi-stake,285.21,staking token held by a counted product
2026-07,aerodrome-v1,origin-ether,46.16,staking token held by a counted product
2026-07,beefy,ether.fi-stake,4.28,staking token held by a counted product
2026-07,beefy,frax-ether,24.18,staking token held by a counted product
2026-07,beefy,lido,586.06,staking token held by a counted product
2026-07,beefy,renzo,7.31,staking token held by a counted product
2026-07,beefy,kelp,1.41,staking token held by a counted product
2026-07,beefy,coinbase-wrapped-staked-eth,70.93,staking token held by a counted product
2026-07,beefy,rocket-pool,7.42,staking token held by a counted product
2026-07,beefy,binance-staked-eth,1.22,staking token held by a counted product
2026-07,enzyme-finance,ether.fi-stake,8868.18,staking token held by a counted product
2026-07,enzyme-finance,lido,7977.2,staking token held by a counted product
2026-07,enzyme-finance,rocket-pool,4.56,staking token held by a counted product
2026-07,enzyme-finance,stader,11.02,staking token held by a counted product
2026-07,enzyme-finance,coinbase-wrapped-staked-eth,4.58,staking token held by a counted product
2026-07,enzyme-finance,swell-liquid-staking,96.58,staking token held by a counted product
2026-07,vesper,coinbase-wrapped-staked-eth,31.9,staking token held by a counted product
2026-07,vesper,lido,3320.55,staking token held by a counted product
2026-07,vesper,rocket-pool,17.22,staking token held by a counted product
2026-07,swell-l2-farm,lido,20.31,staking token held by a counted product
2026-07,swell-l2-farm,swell-liquid-restaking,717.62,staking token held by a counted product
2026-07,swell-l2-farm,swell-liquid-staking,318.17,staking token held by a counted product
2026-07,swell-l2-farm,ether.fi-stake,114.67,staking token held by a counted product
2026-07,swell-l2-farm,renzo,59.36,staking token held by a counted product
2026-07,swell-l2-farm,stakestone-stone,5.64,staking token held by a counted product
2026-07,fusion-by-ipor,lido,2788.13,staking token held by a counted product
2026-07,fusion-by-ipor,coinbase-wrapped-staked-eth,2801.11,staking token held by a counted product
2026-07,zircuit-staking,swell-liquid-restaking,138.88,staking token held by a counted product
2026-07,zircuit-staking,puffer-stake,614.95,staking token held by a counted product
2026-07,zircuit-staking,ether.fi-stake,452.71,staking token held by a counted product
2026-07,zircuit-staking,lido,18422.9,staking token held by a counted product
2026-07,zircuit-staking,meth-protocol,5.47,staking token held by a counted product
2026-07,zircuit-staking,liquid-collective,1.25,staking token held by a counted product
2026-07,zircuit-staking,swell-liquid-staking,60.16,staking token held by a counted product
2026-07,zircuit-staking,renzo,1551.86,staking token held by a counted product
2026-07,zircuit-staking,kelp,285.12,staking token held by a counted product
2026-07,zircuit-staking,stakestone-stone,95.41,staking token held by a counted product
2026-07,origami-finance,lido,20.27,staking token held by a counted product
2026-07,origami-finance,ether.fi-stake,901.62,staking token held by a counted product
2026-07,rysk-v12,lido,245.71,staking token held by a counted product
2026-07,sushiswap-v3,ether.fi-stake,437.57,staking token held by a counted product
2026-07,mantle-restaking,meth-protocol,17223.76,staking token held by a counted product
2026-07,autofinance,lido,2308.27,staking token held by a counted product
2026-07,reserve-protocol,lido,2281.58,staking token held by a counted product
2026-07,reserve-protocol,rocket-pool,209.26,staking token held by a counted product
2026-07,reserve-protocol,ether.fi-stake,982.17,staking token held by a counted product
2026-07,reserve-protocol,stader,271.74,staking token held by a counted product
2026-07,reserve-protocol,frax-ether,624.88,staking token held by a counted product
2026-07,reserve-protocol,coinbase-wrapped-staked-eth,193.4,staking token held by a counted product
2026-07,ekubo,lido,446.48,staking token held by a counted product
2026-07,hydration-dex,lido,704.72,staking token held by a counted product
2026-07,mellow-restaking,lido,6916.65,staking token held by a counted product
2026-07,yieldnest,frax-ether,41.58,staking token held by a counted product
2026-07,yieldnest,origin-ether,1357.43,staking token held by a counted product
2026-07,yieldnest,meth-protocol,53.87,staking token held by a counted product
2026-07,harvest-finance,lido,1.31,staking token held by a counted product
2026-07,harvest-finance,coinbase-wrapped-staked-eth,1.15,staking token held by a counted product
2026-07,harvest-finance,rocket-pool,2.15,staking token held by a counted product
2026-07,balancer-v3,rocket-pool,1458.22,staking token held by a counted product
2026-07,balancer-v3,frax-ether,3.86,staking token held by a counted product
2026-07,balancer-v3,kelp,6.67,staking token held by a counted product
2026-07,balancer-v3,lido,16.44,staking token held by a counted product
2026-07,balancer-v3,treehouse-protocol,471.09,staking token held by a counted product
2026-07,balancer-v3,stakewise-v3,599.11,staking token held by a counted product
2026-07,velodrome-v3,lido,56.32,staking token held by a counted product
2026-07,velodrome-v2,ether.fi-stake,2.03,staking token held by a counted product
2026-07,velodrome-v2,frax-ether,34.12,staking token held by a counted product
2026-07,velodrome-v2,lido,59.72,staking token held by a counted product
2026-07,quickswap-v3,lido,1.56,staking token held by a counted product
2026-07,quickswap-v3,stakestone-stone,20.37,staking token held by a counted product
2026-07,superform,ether.fi-stake,1.59,staking token held by a counted product
2026-07,superform,coinbase-wrapped-staked-eth,2.93,staking token held by a counted product
2026-07,superform,lido,2.32,staking token held by a counted product
2026-07,superform,rocket-pool,2.15,staking token held by a counted product
2026-07,superform,origin-ether,1.73,staking token held by a counted product
2026-07,index-coop,lido,488.48,staking token held by a counted product
2026-07,index-coop,rocket-pool,3.12,staking token held by a counted product
2026-07,agni-finance,meth-protocol,666.69,staking token held by a counted product
2026-07,agni-finance,mantle-restaking,3.03,staking token held by a counted product
2026-07,kodiak-v3,stakestone-stone,369.32,staking token held by a counted product
2026-07,set-protocol,lido,32.87,staking token held by a counted product
2026-07,set-protocol,coinbase-wrapped-staked-eth,4.15,staking token held by a counted product
2026-07,set-protocol,ankr,4.33,staking token held by a counted product
2026-07,set-protocol,frax-ether,4.22,staking token held by a counted product
2026-07,set-protocol,rocket-pool,3.98,staking token held by a counted product
2026-07,origin-arm,lido,1279.36,staking token held by a counted product
2026-07,origin-arm,ether.fi-stake,309.56,staking token held by a counted product
2026-07,merchant-moe-liquidity-book,meth-protocol,490.22,staking token held by a counted product
2026-07,merchant-moe-liquidity-book,mantle-restaking,20.0,staking token held by a counted product
2026-07,frax-swap,frax-ether,33.29,staking token held by a counted product
2026-07,syncswap,ether.fi-stake,23.71,staking token held by a counted product
2026-07,syncswap,stakestone-stone,11.22,staking token held by a counted product
2026-07,syncswap,kelp,11.0,staking token held by a counted product
2026-07,camelot-v2,lido,8.72,staking token held by a counted product
2026-07,inceptionlrt-(isolated-restaking),lido,2758.82,staking token held by a counted product
2026-07,inceptionlrt-(isolated-restaking),swell-liquid-staking,8.62,staking token held by a counted product
2026-07,inceptionlrt-(isolated-restaking),rocket-pool,1.88,staking token held by a counted product
2026-07,radpie,lido,246.08,staking token held by a counted product
2026-07,radpie,ether.fi-stake,16.11,staking token held by a counted product
2026-07,nucleus,renzo,5.67,staking token held by a counted product
2026-07,nucleus,puffer-stake,370.95,staking token held by a counted product
2026-07,nucleus,dinero-(pxeth),3.63,staking token held by a counted product
2026-07,nucleus,swell-liquid-staking,72.9,staking token held by a counted product
2026-07,camelot-v3,lido,12.65,staking token held by a counted product
2026-07,camelot-v3,renzo,3.6,staking token held by a counted product
2026-07,camelot-v3,ether.fi-stake,8.57,staking token held by a counted product
2026-07,hydrex-integral,coinbase-wrapped-staked-eth,398.22,staking token held by a counted product
2026-07,tranchess-yield,lido,2.68,staking token held by a counted product
2026-07,tranchess-yield,stakestone-stone,170.71,staking token held by a counted product
2026-07,tranchess-yield,ether.fi-stake,7.13,staking token held by a counted product
2026-07,eigenpie,lido,749.18,staking token held by a counted product
2026-07,eigenpie,rocket-pool,11.99,staking token held by a counted product
2026-07,eigenpie,frax-ether,110.6,staking token held by a counted product
2026-07,eigenpie,meth-protocol,22.87,staking token held by a counted product
2026-07,eigenpie,binance-staked-eth,35.74,staking token held by a counted product
2026-07,eigenpie,swell-liquid-staking,683.36,staking token held by a counted product
2026-07,eigenpie,coinbase-wrapped-staked-eth,20.09,staking token held by a counted product
2026-07,eigenpie,stader,41.52,staking token held by a counted product
2026-07,eigenpie,origin-ether,2.21,staking token held by a counted product
2026-07,eigenpie,stakewise-v3,2.26,staking token held by a counted product
2026-07,eigenpie,liquid-collective,2.27,staking token held by a counted product
2026-07,ribbon,rocket-pool,12.11,staking token held by a counted product
2026-07,ribbon,lido,9.39,staking token held by a counted product
2026-07,stakestone-berachain-vault,stakestone-stone,1069.18,staking token held by a counted product
2026-07,sophon-farm,lido,18.72,staking token held by a counted product
2026-07,sophon-farm,ether.fi-stake,7.5,staking token held by a counted product
2026-07,blast-pre-launch-farm,lido,847.38,staking token held by a counted product
2026-07,latch,ether.fi-stake,74.41,staking token held by a counted product
2026-07,reaper-farm,lido,18.79,staking token held by a counted product
2026-07,canopy,renzo,1.02,staking token held by a counted product
2026-07,canopy,kelp,308.33,staking token held by a counted product
2026-07,theo-straddle-vaults,ether.fi-stake,109.81,staking token held by a counted product
2026-07,ribbon-earn,lido,371.74,staking token held by a counted product
2026-07,sommelier,lido,1.61,staking token held by a counted product
2026-07,blackwing,swell-liquid-restaking,7.15,staking token held by a counted product
2026-07,blackwing,kelp,4.2,staking token held by a counted product
2026-07,blackwing,renzo,124.26,staking token held by a counted product
2026-07,blackwing,ether.fi-stake,28.18,staking token held by a counted product
2026-07,arbitrove,lido,3.25,staking token held by a counted product
2026-07,vaultcraft,kelp,2.69,staking token held by a counted product
2026-07,vaultcraft,stader,2.64,staking token held by a counted product
2026-07,terminal-finance-pre-deposits,ether.fi-stake,27.0,staking token held by a counted product
2026-07,corn-kernels,ether.fi-stake,9.49,staking token held by a counted product
2026-07,onx-finance,ankr,82.51,staking token held by a counted product
2026-07,juice-finance,renzo,11.01,staking token held by a counted product
2026-07,juice-finance,ether.fi-stake,2.06,staking token held by a counted product
2026-07,hourglass,ether.fi-stake,4.39,staking token held by a counted product
2026-07,napier,ether.fi-stake,1.04,staking token held by a counted product
2026-07,treehouse-protocol,mantle-restaking,133.41,staking token held by a counted product
2026-07,treehouse-protocol,lido,1468.96,staking token held by a counted product
2026-07,treehouse-protocol,ether.fi-stake,16520.1,staking token held by a counted product
2026-07,eigencloud,eigencloud,2305205.38,restaking-token issuers already count this
2026-07,symbiotic,symbiotic,31806.27,restaking-token issuers already count this
2026-08,carry:liquid-eth,ether.fi-stake,173879.68,on-chain product book; staking token per research
2026-08,carry:liquid-eth,veda,173879.68,DefiLlama row already counts this product
2026-08,carry:lido-earn,lido,79323.12,on-chain product book; staking token per research
2026-08,carry:lido-earn,mellow-core,79323.12,DefiLlama row already counts this product
2026-08,carry:avant-aveth,avant-aveth,12571.24,DefiLlama row already counts this product
2026-08,carry:rocksolid,rocket-pool,9558.34,on-chain product book; staking token per research
2026-08,carry:rocksolid,lagoon,9558.34,DefiLlama row already counts this product
2026-08,carry:liquity-carry,lido,2813.77,on-chain product book; staking token per research
2026-08,carry:liquity-carry,fusion-by-ipor,2813.77,DefiLlama row already counts this product
2026-08,carry:makina-deth,ether.fi-stake,2593.33,on-chain product book; staking token per research
2026-08,carry:makina-deth,makina,2592.77,DefiLlama row already counts this product
2026-08,carry:vesper-vaeth,vesper,1617.54,DefiLlama row already counts this product
2026-08,carry:royco-eth,lido,115.82,on-chain product book; staking token per research
2026-08,carry:royco-eth,royco-v2,113.78,DefiLlama row already counts this product
2026-08,carry:tau-infinifi,lido,83.19,on-chain product book; staking token per research
2026-08,carry:tau-infinifi,fusion-by-ipor,83.19,DefiLlama row already counts this product
2026-08,carry:reservoir-eth,fusion-by-ipor,61.25,DefiLlama row already counts this product
2026-08,carry:liquity-carry,carry:rocksolid,728.48,nested holding
2026-08,mantle-restaking,veda,16913.39,nested holding
2026-08,upshift,gain,12714.57,nested holding
2026-08,veda,meth-protocol,990.76,staking token held by a counted product
2026-08,pancakeswap-amm,binance-staked-eth,9.17,staking token held by a counted product
2026-08,curve-dex,lido,30661.21,staking token held by a counted product
2026-08,curve-dex,puffer-stake,1569.38,staking token held by a counted product
2026-08,curve-dex,ether.fi-stake,3007.21,staking token held by a counted product
2026-08,curve-dex,renzo,54.79,staking token held by a counted product
2026-08,curve-dex,rocket-pool,2391.79,staking token held by a counted product
2026-08,curve-dex,coinbase-wrapped-staked-eth,380.35,staking token held by a counted product
2026-08,curve-dex,frax-ether,6181.03,staking token held by a counted product
2026-08,curve-dex,ankr,31.46,staking token held by a counted product
2026-08,curve-dex,binance-staked-eth,2.89,staking token held by a counted product
2026-08,curve-dex,origin-ether,248.2,staking token held by a counted product
2026-08,curve-dex,stakewise-v3,3406.16,staking token held by a counted product
2026-08,curve-dex,dinero-(pxeth),4.76,staking token held by a counted product
2026-08,curve-dex,stader,124.43,staking token held by a counted product
2026-08,curve-dex,bedrock-unieth,119.3,staking token held by a counted product
2026-08,curve-dex,swell-liquid-restaking,15.83,staking token held by a counted product
2026-08,curve-dex,treehouse-protocol,204.22,staking token held by a counted product
2026-08,pendle-v2,ether.fi-stake,1637.9,staking token held by a counted product
2026-08,pendle-v2,lido,4504.3,staking token held by a counted product
2026-08,pendle-v2,rocket-pool,642.66,staking token held by a counted product
2026-08,pendle-v2,meth-protocol,10.06,staking token held by a counted product
2026-08,pendle-v2,mantle-restaking,15.4,staking token held by a counted product
2026-08,pendle-v2,coinbase-wrapped-staked-eth,4.81,staking token held by a counted product
2026-08,pendle-v2,kelp,474.06,staking token held by a counted product
2026-08,pendle-v2,renzo,674.26,staking token held by a counted product
2026-08,pendle-v2,bedrock-unieth,78.89,staking token held by a counted product
2026-08,pendle-v2,frax-ether,6.46,staking token held by a counted product
2026-08,pendle-v2,swell-liquid-staking,254.41,staking token held by a counted product
2026-08,pendle-v2,stader,21.43,staking token held by a counted product
2026-08,pendle-v2,swell-liquid-restaking,596.05,staking token held by a counted product
2026-08,pendle-v2,puffer-stake,476.73,staking token held by a counted product
2026-08,pendle-v2,treehouse-protocol,252.59,staking token held by a counted product
2026-08,pendle-v2,origin-ether,22.21,staking token held by a counted product
2026-08,pendle-v2,dinero-(pxeth),1.18,staking token held by a counted product
2026-08,pendle-v2,binance-staked-eth,2.62,staking token held by a counted product
2026-08,kelp,lido,248245.81,staking token held by a counted product
2026-08,kelp,stader,55101.84,staking token held by a counted product
2026-08,uniswap-v2,lido,32.93,staking token held by a counted product
2026-08,upshift,kelp,12714.57,staking token held by a counted product
2026-08,upshift,liquid-collective,16.17,staking token held by a counted product
2026-08,upshift,treehouse-protocol,826.3,staking token held by a counted product
2026-08,cian-yield-layer,lido,932.88,staking token held by a counted product
2026-08,cian-yield-layer,ether.fi-stake,4.46,staking token held by a counted product
2026-08,cian-yield-layer,kelp,1520.44,staking token held by a counted product
2026-08,cian-yield-layer,renzo,1.07,staking token held by a counted product
2026-08,fluid-dex,lido,1576.47,staking token held by a counted product
2026-08,fluid-dex,ether.fi-stake,313.12,staking token held by a counted product
2026-08,fluid-dex,kelp,2151.85,staking token held by a counted product
2026-08,fluid-dex,renzo,191.64,staking token held by a counted product
2026-08,fluid-dex,stakewise-v3,6143.04,staking token held by a counted product
2026-08,cap,lido,14821.43,staking token held by a counted product
2026-08,cap,ether.fi-stake,8757.69,staking token held by a counted product
2026-08,mellow-core,lido,87.92,staking token held by a counted product
2026-08,fluid-lite,lido,72886.34,staking token held by a counted product
2026-08,aerodrome-slipstream,lido,725.06,staking token held by a counted product
2026-08,aerodrome-slipstream,coinbase-wrapped-staked-eth,994.2,staking token held by a counted product
2026-08,aerodrome-slipstream,renzo,4.73,staking token held by a counted product
2026-08,aerodrome-slipstream,ether.fi-stake,38.11,staking token held by a counted product
2026-08,aerodrome-slipstream,rocket-pool,5.24,staking token held by a counted product
2026-08,gmx-v2-perps,lido,43.91,staking token held by a counted product
2026-08,yearn-finance,frax-ether,8.97,staking token held by a counted product
2026-08,yearn-finance,kelp,15.57,staking token held by a counted product
2026-08,yearn-finance,renzo,5.19,staking token held by a counted product
2026-08,yearn-finance,dinero-(pxeth),1.7,staking token held by a counted product
2026-08,yearn-finance,swell-liquid-restaking,1.6,staking token held by a counted product
2026-08,lagoon,rocket-pool,4005.14,staking token held by a counted product
2026-08,aerodrome-v1,coinbase-wrapped-staked-eth,51.63,staking token held by a counted product
2026-08,aerodrome-v1,lido,784.64,staking token held by a counted product
2026-08,aerodrome-v1,ether.fi-stake,280.76,staking token held by a counted product
2026-08,aerodrome-v1,origin-ether,47.08,staking token held by a counted product
2026-08,beefy,ether.fi-stake,4.47,staking token held by a counted product
2026-08,beefy,lido,340.55,staking token held by a counted product
2026-08,beefy,frax-ether,24.17,staking token held by a counted product
2026-08,beefy,coinbase-wrapped-staked-eth,62.86,staking token held by a counted product
2026-08,beefy,rocket-pool,8.24,staking token held by a counted product
2026-08,beefy,renzo,4.96,staking token held by a counted product
2026-08,beefy,binance-staked-eth,1.22,staking token held by a counted product
2026-08,enzyme-finance,rocket-pool,9.61,staking token held by a counted product
2026-08,enzyme-finance,lido,2612.3,staking token held by a counted product
2026-08,enzyme-finance,stader,5.49,staking token held by a counted product
2026-08,enzyme-finance,ether.fi-stake,8891.22,staking token held by a counted product
2026-08,enzyme-finance,coinbase-wrapped-staked-eth,9.61,staking token held by a counted product
2026-08,enzyme-finance,swell-liquid-staking,93.68,staking token held by a counted product
2026-08,vesper,coinbase-wrapped-staked-eth,19.08,staking token held by a counted product
2026-08,vesper,lido,5690.33,staking token held by a counted product
2026-08,vesper,rocket-pool,19.23,staking token held by a counted product
2026-08,swell-l2-farm,lido,20.37,staking token held by a counted product
2026-08,swell-l2-farm,swell-liquid-restaking,691.7,staking token held by a counted product
2026-08,swell-l2-farm,swell-liquid-staking,196.18,staking token held by a counted product
2026-08,swell-l2-farm,ether.fi-stake,112.04,staking token held by a counted product
2026-08,swell-l2-farm,renzo,56.87,staking token held by a counted product
2026-08,swell-l2-farm,stakestone-stone,5.68,staking token held by a counted product
2026-08,fusion-by-ipor,lido,2634.75,staking token held by a counted product
2026-08,fusion-by-ipor,coinbase-wrapped-staked-eth,3197.23,staking token held by a counted product
2026-08,zircuit-staking,ether.fi-stake,435.75,staking token held by a counted product
2026-08,zircuit-staking,lido,18477.91,staking token held by a counted product
2026-08,zircuit-staking,meth-protocol,5.45,staking token held by a counted product
2026-08,zircuit-staking,kelp,278.96,staking token held by a counted product
2026-08,zircuit-staking,renzo,1528.29,staking token held by a counted product
2026-08,zircuit-staking,swell-liquid-restaking,138.49,staking token held by a counted product
2026-08,zircuit-staking,puffer-stake,581.63,staking token held by a counted product
2026-08,zircuit-staking,liquid-collective,1.24,staking token held by a counted product
2026-08,zircuit-staking,swell-liquid-staking,58.89,staking token held by a counted product
2026-08,zircuit-staking,stakestone-stone,95.27,staking token held by a counted product
2026-08,origami-finance,lido,18.72,staking token held by a counted product
2026-08,origami-finance,ether.fi-stake,440.2,staking token held by a counted product
2026-08,rysk-v12,lido,44.81,staking token held by a counted product
2026-08,rysk-v12,rocket-pool,1.17,staking token held by a counted product
2026-08,sushiswap-v3,ether.fi-stake,417.35,staking token held by a counted product
2026-08,sushiswap-v3,lido,1.15,staking token held by a counted product
2026-08,mantle-restaking,meth-protocol,16913.39,staking token held by a counted product
2026-08,autofinance,lido,2307.59,staking token held by a counted product
2026-08,reserve-protocol,lido,2158.91,staking token held by a counted product
2026-08,reserve-protocol,ether.fi-stake,979.63,staking token held by a counted product
2026-08,reserve-protocol,stader,197.71,staking token held by a counted product
2026-08,reserve-protocol,frax-ether,795.44,staking token held by a counted product
2026-08,reserve-protocol,coinbase-wrapped-staked-eth,197.51,staking token held by a counted product
2026-08,ekubo,lido,299.81,staking token held by a counted product
2026-08,mellow-restaking,lido,6262.89,staking token held by a counted product
2026-08,yieldnest,frax-ether,42.4,staking token held by a counted product
2026-08,yieldnest,origin-ether,1361.64,staking token held by a counted product
2026-08,yieldnest,meth-protocol,54.03,staking token held by a counted product
2026-08,harvest-finance,lido,1.32,staking token held by a counted product
2026-08,harvest-finance,coinbase-wrapped-staked-eth,1.11,staking token held by a counted product
2026-08,harvest-finance,rocket-pool,2.16,staking token held by a counted product
2026-08,balancer-v3,rocket-pool,1653.8,staking token held by a counted product
2026-08,balancer-v3,kelp,6.63,staking token held by a counted product
2026-08,balancer-v3,lido,14.23,staking token held by a counted product
2026-08,balancer-v3,frax-ether,3.93,staking token held by a counted product
2026-08,balancer-v3,treehouse-protocol,433.65,staking token held by a counted product
2026-08,balancer-v3,stakewise-v3,573.66,staking token held by a counted product
2026-08,velodrome-v3,lido,127.5,staking token held by a counted product
2026-08,velodrome-v2,ether.fi-stake,6.98,staking token held by a counted product
2026-08,velodrome-v2,frax-ether,34.77,staking token held by a counted product
2026-08,velodrome-v2,lido,50.77,staking token held by a counted product
2026-08,quickswap-v3,lido,1.54,staking token held by a counted product
2026-08,quickswap-v3,stakestone-stone,13.58,staking token held by a counted product
2026-08,superform,lido,2.32,staking token held by a counted product
2026-08,superform,coinbase-wrapped-staked-eth,2.92,staking token held by a counted product
2026-08,superform,rocket-pool,2.14,staking token held by a counted product
2026-08,superform,ether.fi-stake,1.5,staking token held by a counted product
2026-08,superform,origin-ether,1.73,staking token held by a counted product
2026-08,index-coop,lido,485.93,staking token held by a counted product
2026-08,index-coop,rocket-pool,3.13,staking token held by a counted product
2026-08,agni-finance,meth-protocol,470.61,staking token held by a counted product
2026-08,agni-finance,mantle-restaking,2.93,staking token held by a counted product
2026-08,kodiak-v3,stakestone-stone,329.37,staking token held by a counted product
2026-08,set-protocol,lido,32.98,staking token held by a counted product
2026-08,set-protocol,coinbase-wrapped-staked-eth,4.13,staking token held by a counted product
2026-08,set-protocol,ankr,4.34,staking token held by a counted product
2026-08,set-protocol,frax-ether,4.28,staking token held by a counted product
2026-08,set-protocol,rocket-pool,3.96,staking token held by a counted product
2026-08,origin-arm,lido,518.07,staking token held by a counted product
2026-08,origin-arm,ether.fi-stake,57.18,staking token held by a counted product
2026-08,merchant-moe-liquidity-book,meth-protocol,343.08,staking token held by a counted product
2026-08,merchant-moe-liquidity-book,mantle-restaking,50.16,staking token held by a counted product
2026-08,frax-swap,frax-ether,30.4,staking token held by a counted product
2026-08,syncswap,ether.fi-stake,22.89,staking token held by a counted product
2026-08,syncswap,stakestone-stone,10.42,staking token held by a counted product
2026-08,syncswap,kelp,12.36,staking token held by a counted product
2026-08,camelot-v2,lido,8.45,staking token held by a counted product
2026-08,inceptionlrt-(isolated-restaking),lido,2767.26,staking token held by a counted product
2026-08,inceptionlrt-(isolated-restaking),swell-liquid-staking,8.12,staking token held by a counted product
2026-08,inceptionlrt-(isolated-restaking),rocket-pool,1.88,staking token held by a counted product
2026-08,radpie,lido,246.62,staking token held by a counted product
2026-08,radpie,ether.fi-stake,16.16,staking token held by a counted product
2026-08,nucleus,renzo,5.68,staking token held by a counted product
2026-08,nucleus,puffer-stake,294.25,staking token held by a counted product
2026-08,nucleus,swell-liquid-staking,63.24,staking token held by a counted product
2026-08,camelot-v3,lido,16.08,staking token held by a counted product
2026-08,camelot-v3,kelp,1.01,staking token held by a counted product
2026-08,camelot-v3,renzo,4.13,staking token held by a counted product
2026-08,camelot-v3,ether.fi-stake,15.73,staking token held by a counted product
2026-08,hydrex-integral,coinbase-wrapped-staked-eth,217.45,staking token held by a counted product
2026-08,tranchess-yield,lido,2.68,staking token held by a counted product
2026-08,tranchess-yield,ether.fi-stake,7.12,staking token held by a counted product
2026-08,tranchess-yield,stakestone-stone,170.1,staking token held by a counted product
2026-08,eigenpie,lido,723.88,staking token held by a counted product
2026-08,eigenpie,rocket-pool,12.02,staking token held by a counted product
2026-08,eigenpie,frax-ether,112.8,staking token held by a counted product
2026-08,eigenpie,meth-protocol,22.93,staking token held by a counted product
2026-08,eigenpie,binance-staked-eth,35.79,staking token held by a counted product
2026-08,eigenpie,swell-liquid-staking,679.71,staking token held by a counted product
2026-08,eigenpie,stader,40.53,staking token held by a counted product
2026-08,eigenpie,origin-ether,2.22,staking token held by a counted product
2026-08,eigenpie,stakewise-v3,2.28,staking token held by a counted product
2026-08,eigenpie,liquid-collective,2.25,staking token held by a counted product
2026-08,ribbon,rocket-pool,12.09,staking token held by a counted product
2026-08,ribbon,lido,9.38,staking token held by a counted product
2026-08,stakestone-berachain-vault,stakestone-stone,569.25,staking token held by a counted product
2026-08,sophon-farm,lido,18.8,staking token held by a counted product
2026-08,sophon-farm,ether.fi-stake,7.07,staking token held by a counted product
2026-08,blast-pre-launch-farm,lido,844.66,staking token held by a counted product
2026-08,reaper-farm,lido,18.8,staking token held by a counted product
2026-08,canopy,kelp,308.08,staking token held by a counted product
2026-08,theo-straddle-vaults,ether.fi-stake,108.52,staking token held by a counted product
2026-08,ribbon-earn,lido,372.12,staking token held by a counted product
2026-08,blackwing,renzo,112.99,staking token held by a counted product
2026-08,blackwing,ether.fi-stake,26.91,staking token held by a counted product
2026-08,blackwing,swell-liquid-restaking,7.15,staking token held by a counted product
2026-08,blackwing,kelp,4.2,staking token held by a counted product
2026-08,arbitrove,lido,3.26,staking token held by a counted product
2026-08,vaultcraft,kelp,2.69,staking token held by a counted product
2026-08,vaultcraft,stader,2.57,staking token held by a counted product
2026-08,terminal-finance-pre-deposits,ether.fi-stake,19.45,staking token held by a counted product
2026-08,corn-kernels,ether.fi-stake,9.51,staking token held by a counted product
2026-08,onx-finance,ankr,83.38,staking token held by a counted product
2026-08,juice-finance,renzo,10.97,staking token held by a counted product
2026-08,juice-finance,ether.fi-stake,2.06,staking token held by a counted product
2026-08,hourglass,ether.fi-stake,4.39,staking token held by a counted product
2026-08,napier,ether.fi-stake,1.04,staking token held by a counted product
2026-08,treehouse-protocol,mantle-restaking,127.15,staking token held by a counted product
2026-08,treehouse-protocol,lido,1546.39,staking token held by a counted product
2026-08,treehouse-protocol,ether.fi-stake,16563.0,staking token held by a counted product
2026-08,eigencloud,eigencloud,2354221.42,restaking-token issuers already count this
2026-08,symbiotic,symbiotic,31862.58,restaking-token issuers already count this
2026-09,carry:liquid-eth,ether.fi-stake,176962.43,on-chain product book; staking token per research
2026-09,carry:liquid-eth,veda,176962.43,DefiLlama row already counts this product
2026-09,carry:lido-earn,lido,83046.36,on-chain product book; staking token per research
2026-09,carry:lido-earn,mellow-core,83046.36,DefiLlama row already counts this product
2026-09,carry:avant-aveth,avant-aveth,12356.76,DefiLlama row already counts this product
2026-09,carry:rocksolid,rocket-pool,9726.62,on-chain product book; staking token per research
2026-09,carry:rocksolid,lagoon,9726.62,DefiLlama row already counts this product
2026-09,carry:liquity-carry,lido,6016.67,on-chain product book; staking token per research
2026-09,carry:liquity-carry,fusion-by-ipor,6016.67,DefiLlama row already counts this product
2026-09,carry:makina-deth,ether.fi-stake,2498.8,on-chain product book; staking token per research
2026-09,carry:makina-deth,makina,2498.8,DefiLlama row already counts this product
2026-09,carry:vesper-vaeth,vesper,1052.29,DefiLlama row already counts this product
2026-09,carry:royco-eth,lido,116.04,on-chain product book; staking token per research
2026-09,carry:royco-eth,royco-v2,116.04,DefiLlama row already counts this product
2026-09,carry:tau-infinifi,lido,82.23,on-chain product book; staking token per research
2026-09,carry:tau-infinifi,fusion-by-ipor,82.23,DefiLlama row already counts this product
2026-09,carry:reservoir-eth,fusion-by-ipor,60.2,DefiLlama row already counts this product
2026-09,carry:liquity-carry,carry:rocksolid,728.48,nested holding
2026-09,mantle-restaking,veda,16220.48,nested holding
2026-09,upshift,gain,11156.74,nested holding
2026-09,ether.fi-stake,rocket-pool,17.39,staking token held by a counted product
2026-09,ether.fi-stake,lido,35.66,staking token held by a counted product
2026-09,ether.fi-stake,frax-ether,20.16,staking token held by a counted product
2026-09,veda,meth-protocol,896.55,staking token held by a counted product
2026-09,pancakeswap-amm,binance-staked-eth,9.08,staking token held by a counted product
2026-09,curve-dex,lido,32881.57,staking token held by a counted product
2026-09,curve-dex,puffer-stake,1561.16,staking token held by a counted product
2026-09,curve-dex,ether.fi-stake,3280.84,staking token held by a counted product
2026-09,curve-dex,renzo,55.28,staking token held by a counted product
2026-09,curve-dex,rocket-pool,2839.53,staking token held by a counted product
2026-09,curve-dex,coinbase-wrapped-staked-eth,385.88,staking token held by a counted product
2026-09,curve-dex,frax-ether,5872.72,staking token held by a counted product
2026-09,curve-dex,ankr,29.65,staking token held by a counted product
2026-09,curve-dex,binance-staked-eth,2.93,staking token held by a counted product
2026-09,curve-dex,origin-ether,245.79,staking token held by a counted product
2026-09,curve-dex,stader,156.2,staking token held by a counted product
2026-09,curve-dex,stakewise-v3,3003.28,staking token held by a counted product
2026-09,curve-dex,bedrock-unieth,90.68,staking token held by a counted product
2026-09,curve-dex,swell-liquid-restaking,13.87,staking token held by a counted product
2026-09,curve-dex,treehouse-protocol,204.11,staking token held by a counted product
2026-09,pendle-v2,lido,3972.81,staking token held by a counted product
2026-09,pendle-v2,rocket-pool,611.46,staking token held by a counted product
2026-09,pendle-v2,ether.fi-stake,1506.86,staking token held by a counted product
2026-09,pendle-v2,kelp,428.16,staking token held by a counted product
2026-09,pendle-v2,renzo,661.94,staking token held by a counted product
2026-09,pendle-v2,bedrock-unieth,63.2,staking token held by a counted product
2026-09,pendle-v2,swell-liquid-staking,223.86,staking token held by a counted product
2026-09,pendle-v2,origin-ether,22.29,staking token held by a counted product
2026-09,pendle-v2,swell-liquid-restaking,572.07,staking token held by a counted product
2026-09,pendle-v2,puffer-stake,351.23,staking token held by a counted product
2026-09,pendle-v2,treehouse-protocol,101.81,staking token held by a counted product
2026-09,kelp,lido,220049.02,staking token held by a counted product
2026-09,kelp,stader,55387.79,staking token held by a counted product
2026-09,uniswap-v2,lido,31.81,staking token held by a counted product
2026-09,upshift,kelp,11188.78,staking token held by a counted product
2026-09,upshift,treehouse-protocol,829.9,staking token held by a counted product
2026-09,upshift,liquid-collective,132.13,staking token held by a counted product
2026-09,cian-yield-layer,lido,929.56,staking token held by a counted product
2026-09,cian-yield-layer,ether.fi-stake,4.47,staking token held by a counted product
2026-09,cian-yield-layer,kelp,1530.56,staking token held by a counted product
2026-09,fluid-dex,lido,6181.19,staking token held by a counted product
2026-09,fluid-dex,ether.fi-stake,215.95,staking token held by a counted product
2026-09,fluid-dex,kelp,1946.34,staking token held by a counted product
2026-09,fluid-dex,renzo,183.02,staking token held by a counted product
2026-09,fluid-dex,stakewise-v3,5715.09,staking token held by a counted product
2026-09,cap,lido,14368.98,staking token held by a counted product
2026-09,cap,ether.fi-stake,8384.53,staking token held by a counted product
2026-09,mellow-core,lido,80.41,staking token held by a counted product
2026-09,fluid-lite,lido,77701.89,staking token held by a counted product
2026-09,aerodrome-slipstream,lido,450.35,staking token held by a counted product
2026-09,aerodrome-slipstream,coinbase-wrapped-staked-eth,306.54,staking token held by a counted product
2026-09,aerodrome-slipstream,renzo,1.14,staking token held by a counted product
2026-09,aerodrome-slipstream,ether.fi-stake,38.14,staking token held by a counted product
2026-09,aerodrome-slipstream,rocket-pool,5.78,staking token held by a counted product
2026-09,gmx-v2-perps,lido,31.19,staking token held by a counted product
2026-09,yearn-finance,kelp,15.67,staking token held by a counted product
2026-09,yearn-finance,renzo,5.2,staking token held by a counted product
2026-09,yearn-finance,frax-ether,9.04,staking token held by a counted product
2026-09,yearn-finance,swell-liquid-restaking,1.61,staking token held by a counted product
2026-09,lagoon,rocket-pool,3771.58,staking token held by a counted product
2026-09,aerodrome-v1,coinbase-wrapped-staked-eth,53.69,staking token held by a counted product
2026-09,aerodrome-v1,lido,756.64,staking token held by a counted product
2026-09,aerodrome-v1,ether.fi-stake,303.71,staking token held by a counted product
2026-09,aerodrome-v1,origin-ether,48.46,staking token held by a counted product
2026-09,beefy,ether.fi-stake,6.25,staking token held by a counted product
2026-09,beefy,lido,207.59,staking token held by a counted product
2026-09,beefy,renzo,3.89,staking token held by a counted product
2026-09,beefy,frax-ether,23.93,staking token held by a counted product
2026-09,beefy,rocket-pool,4.53,staking token held by a counted product
2026-09,beefy,coinbase-wrapped-staked-eth,57.13,staking token held by a counted product
2026-09,beefy,binance-staked-eth,1.22,staking token held by a counted product
2026-09,enzyme-finance,rocket-pool,9.59,staking token held by a counted product
2026-09,enzyme-finance,lido,2591.72,staking token held by a counted product
2026-09,enzyme-finance,stader,4.92,staking token held by a counted product
2026-09,enzyme-finance,ether.fi-stake,8904.52,staking token held by a counted product
2026-09,enzyme-finance,coinbase-wrapped-staked-eth,9.62,staking token held by a counted product
2026-09,enzyme-finance,swell-liquid-staking,93.09,staking token held by a counted product
2026-09,vesper,rocket-pool,20.52,staking token held by a counted product
2026-09,vesper,lido,6074.31,staking token held by a counted product
2026-09,swell-l2-farm,lido,20.4,staking token held by a counted product
2026-09,swell-l2-farm,swell-liquid-restaking,676.64,staking token held by a counted product
2026-09,swell-l2-farm,swell-liquid-staking,184.49,staking token held by a counted product
2026-09,swell-l2-farm,ether.fi-stake,110.37,staking token held by a counted product
2026-09,swell-l2-farm,renzo,54.83,staking token held by a counted product
2026-09,swell-l2-farm,stakestone-stone,5.7,staking token held by a counted product
2026-09,fusion-by-ipor,lido,1600.98,staking token held by a counted product
2026-09,fusion-by-ipor,rocket-pool,1.1,staking token held by a counted product
2026-09,fusion-by-ipor,ether.fi-stake,4.28,staking token held by a counted product
2026-09,fusion-by-ipor,coinbase-wrapped-staked-eth,2821.4,staking token held by a counted product
2026-09,zircuit-staking,swell-liquid-restaking,115.71,staking token held by a counted product
2026-09,zircuit-staking,puffer-stake,467.47,staking token held by a counted product
2026-09,zircuit-staking,ether.fi-stake,429.66,staking token held by a counted product
2026-09,zircuit-staking,lido,18525.48,staking token held by a counted product
2026-09,zircuit-staking,meth-protocol,5.45,staking token held by a counted product
2026-09,zircuit-staking,liquid-collective,1.25,staking token held by a counted product
2026-09,zircuit-staking,swell-liquid-staking,57.65,staking token held by a counted product
2026-09,zircuit-staking,renzo,1500.36,staking token held by a counted product
2026-09,zircuit-staking,kelp,276.58,staking token held by a counted product
2026-09,zircuit-staking,stakestone-stone,93.06,staking token held by a counted product
2026-09,origami-finance,lido,18.87,staking token held by a counted product
2026-09,origami-finance,ether.fi-stake,437.33,staking token held by a counted product
2026-09,rysk-v12,lido,758.8,staking token held by a counted product
2026-09,rysk-v12,ether.fi-stake,110.73,staking token held by a counted product
2026-09,rysk-v12,rocket-pool,1.17,staking token held by a counted product
2026-09,sushiswap-v3,ether.fi-stake,379.92,staking token held by a counted product
2026-09,mantle-restaking,meth-protocol,16220.48,staking token held by a counted product
2026-09,autofinance,lido,2308.06,staking token held by a counted product
2026-09,reserve-protocol,lido,2213.04,staking token held by a counted product
2026-09,reserve-protocol,ether.fi-stake,1007.1,staking token held by a counted product
2026-09,reserve-protocol,frax-ether,1002.91,staking token held by a counted product
2026-09,reserve-protocol,coinbase-wrapped-staked-eth,198.94,staking token held by a counted product
2026-09,ekubo,lido,181.15,staking token held by a counted product
2026-09,hydration-dex,lido,797.68,staking token held by a counted product
2026-09,mellow-restaking,lido,5677.56,staking token held by a counted product
2026-09,yieldnest,frax-ether,41.79,staking token held by a counted product
2026-09,yieldnest,origin-ether,1366.14,staking token held by a counted product
2026-09,yieldnest,meth-protocol,54.22,staking token held by a counted product
2026-09,harvest-finance,lido,1.32,staking token held by a counted product
2026-09,harvest-finance,coinbase-wrapped-staked-eth,1.05,staking token held by a counted product
2026-09,harvest-finance,rocket-pool,2.16,staking token held by a counted product
2026-09,balancer-v3,rocket-pool,1582.81,staking token held by a counted product
2026-09,balancer-v3,frax-ether,3.84,staking token held by a counted product
2026-09,balancer-v3,kelp,6.47,staking token held by a counted product
2026-09,balancer-v3,lido,31.73,staking token held by a counted product
2026-09,balancer-v3,treehouse-protocol,453.62,staking token held by a counted product
2026-09,balancer-v3,stakewise-v3,559.1,staking token held by a counted product
2026-09,velodrome-v3,lido,95.15,staking token held by a counted product
2026-09,velodrome-v2,ether.fi-stake,1.36,staking token held by a counted product
2026-09,velodrome-v2,frax-ether,34.08,staking token held by a counted product
2026-09,velodrome-v2,lido,53.96,staking token held by a counted product
2026-09,quickswap-v3,lido,1.55,staking token held by a counted product
2026-09,quickswap-v3,stakestone-stone,8.52,staking token held by a counted product
2026-09,superform,lido,2.33,staking token held by a counted product
2026-09,superform,origin-ether,1.74,staking token held by a counted product
2026-09,superform,rocket-pool,2.15,staking token held by a counted product
2026-09,superform,ether.fi-stake,1.51,staking token held by a counted product
2026-09,superform,coinbase-wrapped-staked-eth,2.92,staking token held by a counted product
2026-09,index-coop,lido,307.07,staking token held by a counted product
2026-09,index-coop,rocket-pool,3.14,staking token held by a counted product
2026-09,agni-finance,meth-protocol,352.64,staking token held by a counted product
2026-09,agni-finance,mantle-restaking,3.35,staking token held by a counted product
2026-09,kodiak-v3,stakestone-stone,318.17,staking token held by a counted product
2026-09,set-protocol,lido,33.07,staking token held by a counted product
2026-09,set-protocol,coinbase-wrapped-staked-eth,4.1,staking token held by a counted product
2026-09,set-protocol,ankr,4.28,staking token held by a counted product
2026-09,set-protocol,frax-ether,4.17,staking token held by a counted product
2026-09,set-protocol,rocket-pool,3.92,staking token held by a counted product
2026-09,origin-arm,lido,1826.33,staking token held by a counted product
2026-09,merchant-moe-liquidity-book,meth-protocol,282.17,staking token held by a counted product
2026-09,merchant-moe-liquidity-book,mantle-restaking,59.2,staking token held by a counted product
2026-09,frax-swap,frax-ether,29.38,staking token held by a counted product
2026-09,syncswap,ether.fi-stake,23.0,staking token held by a counted product
2026-09,syncswap,stakestone-stone,9.98,staking token held by a counted product
2026-09,syncswap,kelp,12.59,staking token held by a counted product
2026-09,camelot-v2,lido,8.4,staking token held by a counted product
2026-09,inceptionlrt-(isolated-restaking),lido,2778.59,staking token held by a counted product
2026-09,inceptionlrt-(isolated-restaking),swell-liquid-staking,7.97,staking token held by a counted product
2026-09,inceptionlrt-(isolated-restaking),rocket-pool,1.88,staking token held by a counted product
2026-09,radpie,lido,247.38,staking token held by a counted product
2026-09,radpie,ether.fi-stake,16.21,staking token held by a counted product
2026-09,nucleus,renzo,5.68,staking token held by a counted product
2026-09,nucleus,puffer-stake,274.09,staking token held by a counted product
2026-09,nucleus,swell-liquid-staking,55.09,staking token held by a counted product
2026-09,camelot-v3,lido,6.84,staking token held by a counted product
2026-09,camelot-v3,renzo,3.44,staking token held by a counted product
2026-09,camelot-v3,ether.fi-stake,4.57,staking token held by a counted product
2026-09,hydrex-integral,coinbase-wrapped-staked-eth,108.74,staking token held by a counted product
2026-09,tranchess-yield,lido,2.7,staking token held by a counted product
2026-09,tranchess-yield,stakestone-stone,170.79,staking token held by a counted product
2026-09,tranchess-yield,ether.fi-stake,6.07,staking token held by a counted product
2026-09,eigenpie,lido,715.1,staking token held by a counted product
2026-09,eigenpie,rocket-pool,11.97,staking token held by a counted product
2026-09,eigenpie,frax-ether,110.2,staking token held by a counted product
2026-09,eigenpie,meth-protocol,22.82,staking token held by a counted product
2026-09,eigenpie,binance-staked-eth,35.85,staking token held by a counted product
2026-09,eigenpie,swell-liquid-staking,673.08,staking token held by a counted product
2026-09,eigenpie,stader,39.53,staking token held by a counted product
2026-09,eigenpie,origin-ether,2.23,staking token held by a counted product
2026-09,eigenpie,stakewise-v3,2.29,staking token held by a counted product
2026-09,eigenpie,liquid-collective,2.26,staking token held by a counted product
2026-09,ribbon,rocket-pool,11.14,staking token held by a counted product
2026-09,ribbon,lido,9.44,staking token held by a counted product
2026-09,stakestone-berachain-vault,stakestone-stone,585.6,staking token held by a counted product
2026-09,sophon-farm,lido,17.37,staking token held by a counted product
2026-09,sophon-farm,ether.fi-stake,5.9,staking token held by a counted product
2026-09,blast-pre-launch-farm,lido,842.46,staking token held by a counted product
2026-09,latch,ether.fi-stake,10.78,staking token held by a counted product
2026-09,reaper-farm,lido,18.88,staking token held by a counted product
2026-09,canopy,kelp,310.05,staking token held by a counted product
2026-09,theo-straddle-vaults,ether.fi-stake,102.38,staking token held by a counted product
2026-09,ribbon-earn,lido,373.23,staking token held by a counted product
2026-09,blackwing,swell-liquid-restaking,7.2,staking token held by a counted product
2026-09,blackwing,kelp,4.22,staking token held by a counted product
2026-09,blackwing,renzo,107.88,staking token held by a counted product
2026-09,blackwing,ether.fi-stake,26.02,staking token held by a counted product
2026-09,arbitrove,lido,3.27,staking token held by a counted product
2026-09,vaultcraft,kelp,2.7,staking token held by a counted product
2026-09,vaultcraft,stader,2.58,staking token held by a counted product
2026-09,terminal-finance-pre-deposits,ether.fi-stake,19.48,staking token held by a counted product
2026-09,corn-kernels,ether.fi-stake,9.54,staking token held by a counted product
2026-09,onx-finance,ankr,83.15,staking token held by a counted product
2026-09,thetanuts-finance,lido,2.23,staking token held by a counted product
2026-09,juice-finance,renzo,11.03,staking token held by a counted product
2026-09,juice-finance,ether.fi-stake,2.08,staking token held by a counted product
2026-09,napier,ether.fi-stake,1.04,staking token held by a counted product
2026-09,treehouse-protocol,mantle-restaking,120.53,staking token held by a counted product
2026-09,treehouse-protocol,lido,1364.33,staking token held by a counted product
2026-09,treehouse-protocol,ether.fi-stake,16630.2,staking token held by a counted product
2026-09,eigencloud,eigencloud,2433779.37,restaking-token issuers already count this
2026-09,symbiotic,symbiotic,30280.19,restaking-token issuers already count this
2026-10-02,carry:liquid-eth,ether.fi-stake,177171.06,on-chain product book; staking token per research
2026-10-02,carry:liquid-eth,veda,177171.06,DefiLlama row already counts this product
2026-10-02,carry:lido-earn,lido,83309.2,on-chain product book; staking token per research
2026-10-02,carry:lido-earn,mellow-core,83309.2,DefiLlama row already counts this product
2026-10-02,carry:avant-aveth,avant-aveth,12582.71,DefiLlama row already counts this product
2026-10-02,carry:rocksolid,rocket-pool,9727.77,on-chain product book; staking token per research
2026-10-02,carry:rocksolid,lagoon,9727.77,DefiLlama row already counts this product
2026-10-02,carry:liquity-carry,lido,6014.0,on-chain product book; staking token per research
2026-10-02,carry:liquity-carry,fusion-by-ipor,6014.0,DefiLlama row already counts this product
2026-10-02,carry:makina-deth,ether.fi-stake,2499.36,on-chain product book; staking token per research
2026-10-02,carry:makina-deth,makina,2499.13,DefiLlama row already counts this product
2026-10-02,carry:vesper-vaeth,vesper,1052.4,DefiLlama row already counts this product
2026-10-02,carry:royco-eth,lido,116.05,on-chain product book; staking token per research
2026-10-02,carry:royco-eth,royco-v2,116.0,DefiLlama row already counts this product
2026-10-02,carry:tau-infinifi,lido,82.23,on-chain product book; staking token per research
2026-10-02,carry:tau-infinifi,fusion-by-ipor,82.23,DefiLlama row already counts this product
2026-10-02,carry:reservoir-eth,fusion-by-ipor,23.59,DefiLlama row already counts this product
2026-10-02,carry:nemo-eth-prime,lido,3037.67,on-chain product book; staking token per research
2026-10-02,carry:nemo-eth-prime,upshift,3037.67,DefiLlama row already counts this product
2026-10-02,carry:sentora-eth,ether.fi-stake,676.67,on-chain product book; staking token per research
2026-10-02,carry:sentora-eth,upshift,676.67,DefiLlama row already counts this product
2026-10-02,carry:liquity-carry,carry:rocksolid,728.48,nested holding
2026-10-02,mantle-restaking,veda,16208.11,nested holding
2026-10-02,upshift,gain,11124.85,nested holding
2026-10-02,ether.fi-stake,rocket-pool,17.31,staking token held by a counted product
2026-10-02,ether.fi-stake,lido,35.52,staking token held by a counted product
2026-10-02,ether.fi-stake,frax-ether,20.1,staking token held by a counted product
2026-10-02,veda,meth-protocol,859.01,staking token held by a counted product
2026-10-02,pancakeswap-amm,binance-staked-eth,9.0,staking token held by a counted product
2026-10-02,curve-dex,lido,33259.96,staking token held by a counted product
2026-10-02,curve-dex,puffer-stake,1553.34,staking token held by a counted product
2026-10-02,curve-dex,ether.fi-stake,3788.5,staking token held by a counted product
2026-10-02,curve-dex,renzo,53.48,staking token held by a counted product
2026-10-02,curve-dex,rocket-pool,2903.72,staking token held by a counted product
2026-10-02,curve-dex,coinbase-wrapped-staked-eth,393.73,staking token held by a counted product
2026-10-02,curve-dex,frax-ether,5849.87,staking token held by a counted product
2026-10-02,curve-dex,ankr,29.6,staking token held by a counted product
2026-10-02,curve-dex,stader,160.44,staking token held by a counted product
2026-10-02,curve-dex,origin-ether,246.37,staking token held by a counted product
2026-10-02,curve-dex,binance-staked-eth,2.91,staking token held by a counted product
2026-10-02,curve-dex,stakewise-v3,2910.86,staking token held by a counted product
2026-10-02,curve-dex,bedrock-unieth,94.25,staking token held by a counted product
2026-10-02,curve-dex,swell-liquid-restaking,14.58,staking token held by a counted product
2026-10-02,curve-dex,treehouse-protocol,200.58,staking token held by a counted product
2026-10-02,pendle-v2,lido,3933.61,staking token held by a counted product
2026-10-02,pendle-v2,rocket-pool,609.54,staking token held by a counted product
2026-10-02,pendle-v2,ether.fi-stake,1501.9,staking token held by a counted product
2026-10-02,pendle-v2,kelp,421.39,staking token held by a counted product
2026-10-02,pendle-v2,renzo,661.75,staking token held by a counted product
2026-10-02,pendle-v2,bedrock-unieth,63.19,staking token held by a counted product
2026-10-02,pendle-v2,swell-liquid-staking,223.15,staking token held by a counted product
2026-10-02,pendle-v2,origin-ether,22.2,staking token held by a counted product
2026-10-02,pendle-v2,swell-liquid-restaking,570.76,staking token held by a counted product
2026-10-02,pendle-v2,puffer-stake,349.91,staking token held by a counted product
2026-10-02,pendle-v2,treehouse-protocol,84.48,staking token held by a counted product
2026-10-02,kelp,lido,217385.93,staking token held by a counted product
2026-10-02,kelp,stader,55057.81,staking token held by a counted product
2026-10-02,uniswap-v2,lido,31.84,staking token held by a counted product
2026-10-02,upshift,kelp,8508.75,staking token held by a counted product
2026-10-02,upshift,treehouse-protocol,630.43,staking token held by a counted product
2026-10-02,upshift,liquid-collective,100.65,staking token held by a counted product
2026-10-02,cian-yield-layer,lido,928.98,staking token held by a counted product
2026-10-02,cian-yield-layer,ether.fi-stake,4.46,staking token held by a counted product
2026-10-02,cian-yield-layer,kelp,1528.11,staking token held by a counted product
2026-10-02,fluid-dex,lido,4966.38,staking token held by a counted product
2026-10-02,fluid-dex,ether.fi-stake,2122.99,staking token held by a counted product
2026-10-02,fluid-dex,kelp,2020.5,staking token held by a counted product
2026-10-02,fluid-dex,renzo,201.59,staking token held by a counted product
2026-10-02,fluid-dex,stakewise-v3,4346.7,staking token held by a counted product
2026-10-02,cap,lido,14316.23,staking token held by a counted product
2026-10-02,cap,ether.fi-stake,8349.99,staking token held by a counted product
2026-10-02,mellow-core,lido,73.11,staking token held by a counted product
2026-10-02,fluid-lite,lido,77313.65,staking token held by a counted product
2026-10-02,aerodrome-slipstream,lido,276.08,staking token held by a counted product
2026-10-02,aerodrome-slipstream,coinbase-wrapped-staked-eth,534.45,staking token held by a counted product
2026-10-02,aerodrome-slipstream,renzo,1.03,staking token held by a counted product
2026-10-02,aerodrome-slipstream,ether.fi-stake,89.45,staking token held by a counted product
2026-10-02,aerodrome-slipstream,rocket-pool,5.31,staking token held by a counted product
2026-10-02,gmx-v2-perps,lido,31.09,staking token held by a counted product
2026-10-02,yearn-finance,kelp,15.68,staking token held by a counted product
2026-10-02,yearn-finance,renzo,5.21,staking token held by a counted product
2026-10-02,yearn-finance,frax-ether,8.96,staking token held by a counted product
2026-10-02,yearn-finance,swell-liquid-restaking,1.61,staking token held by a counted product
2026-10-02,lagoon,rocket-pool,3838.93,staking token held by a counted product
2026-10-02,aerodrome-v1,coinbase-wrapped-staked-eth,53.52,staking token held by a counted product
2026-10-02,aerodrome-v1,lido,761.44,staking token held by a counted product
2026-10-02,aerodrome-v1,ether.fi-stake,303.11,staking token held by a counted product
2026-10-02,aerodrome-v1,origin-ether,48.73,staking token held by a counted product
2026-10-02,beefy,lido,226.53,staking token held by a counted product
2026-10-02,beefy,ether.fi-stake,14.7,staking token held by a counted product
2026-10-02,beefy,frax-ether,23.92,staking token held by a counted product
2026-10-02,beefy,renzo,3.9,staking token held by a counted product
2026-10-02,beefy,coinbase-wrapped-staked-eth,142.64,staking token held by a counted product
2026-10-02,beefy,rocket-pool,4.52,staking token held by a counted product
2026-10-02,beefy,binance-staked-eth,1.22,staking token held by a counted product
2026-10-02,enzyme-finance,ether.fi-stake,8889.37,staking token held by a counted product
2026-10-02,enzyme-finance,lido,2596.96,staking token held by a counted product
2026-10-02,enzyme-finance,rocket-pool,9.59,staking token held by a counted product
2026-10-02,enzyme-finance,stader,4.92,staking token held by a counted product
2026-10-02,enzyme-finance,coinbase-wrapped-staked-eth,9.63,staking token held by a counted product
2026-10-02,enzyme-finance,swell-liquid-staking,93.58,staking token held by a counted product
2026-10-02,vesper,lido,6048.76,staking token held by a counted product
2026-10-02,vesper,rocket-pool,20.41,staking token held by a counted product
2026-10-02,swell-l2-farm,lido,20.42,staking token held by a counted product
2026-10-02,swell-l2-farm,swell-liquid-restaking,675.08,staking token held by a counted product
2026-10-02,swell-l2-farm,swell-liquid-staking,184.3,staking token held by a counted product
2026-10-02,swell-l2-farm,ether.fi-stake,110.32,staking token held by a counted product
2026-10-02,swell-l2-farm,renzo,54.86,staking token held by a counted product
2026-10-02,swell-l2-farm,stakestone-stone,5.72,staking token held by a counted product
2026-10-02,fusion-by-ipor,lido,1619.34,staking token held by a counted product
2026-10-02,fusion-by-ipor,rocket-pool,1.11,staking token held by a counted product
2026-10-02,fusion-by-ipor,ether.fi-stake,4.32,staking token held by a counted product
2026-10-02,fusion-by-ipor,coinbase-wrapped-staked-eth,3046.18,staking token held by a counted product
2026-10-02,zircuit-staking,swell-liquid-restaking,109.91,staking token held by a counted product
2026-10-02,zircuit-staking,puffer-stake,464.46,staking token held by a counted product
2026-10-02,zircuit-staking,ether.fi-stake,428.04,staking token held by a counted product
2026-10-02,zircuit-staking,lido,18477.84,staking token held by a counted product
2026-10-02,zircuit-staking,meth-protocol,5.43,staking token held by a counted product
2026-10-02,zircuit-staking,liquid-collective,1.24,staking token held by a counted product
2026-10-02,zircuit-staking,swell-liquid-staking,57.42,staking token held by a counted product
2026-10-02,zircuit-staking,kelp,275.44,staking token held by a counted product
2026-10-02,zircuit-staking,renzo,1475.02,staking token held by a counted product
2026-10-02,zircuit-staking,stakestone-stone,92.99,staking token held by a counted product
2026-10-02,origami-finance,lido,18.76,staking token held by a counted product
2026-10-02,origami-finance,ether.fi-stake,436.07,staking token held by a counted product
2026-10-02,rysk-v12,lido,819.09,staking token held by a counted product
2026-10-02,rysk-v12,ether.fi-stake,110.42,staking token held by a counted product
2026-10-02,rysk-v12,rocket-pool,1.17,staking token held by a counted product
2026-10-02,sushiswap-v3,ether.fi-stake,379.08,staking token held by a counted product
2026-10-02,sushiswap-v3,lido,1.07,staking token held by a counted product
2026-10-02,mantle-restaking,meth-protocol,16208.11,staking token held by a counted product
2026-10-02,autofinance,lido,2305.35,staking token held by a counted product
2026-10-02,reserve-protocol,lido,2288.03,staking token held by a counted product
2026-10-02,reserve-protocol,ether.fi-stake,1030.38,staking token held by a counted product
2026-10-02,reserve-protocol,frax-ether,1027.58,staking token held by a counted product
2026-10-02,reserve-protocol,coinbase-wrapped-staked-eth,223.85,staking token held by a counted product
2026-10-02,ekubo,lido,194.91,staking token held by a counted product
2026-10-02,hydration-dex,lido,850.24,staking token held by a counted product
2026-10-02,mellow-restaking,lido,5642.81,staking token held by a counted product
2026-10-02,yieldnest,frax-ether,41.71,staking token held by a counted product
2026-10-02,yieldnest,origin-ether,1360.73,staking token held by a counted product
2026-10-02,yieldnest,meth-protocol,54.15,staking token held by a counted product
2026-10-02,harvest-finance,lido,1.32,staking token held by a counted product
2026-10-02,harvest-finance,coinbase-wrapped-staked-eth,1.05,staking token held by a counted product
2026-10-02,harvest-finance,rocket-pool,2.16,staking token held by a counted product
2026-10-02,balancer-v3,rocket-pool,1579.0,staking token held by a counted product
2026-10-02,balancer-v3,frax-ether,3.82,staking token held by a counted product
2026-10-02,balancer-v3,kelp,6.41,staking token held by a counted product
2026-10-02,balancer-v3,lido,36.74,staking token held by a counted product
2026-10-02,balancer-v3,treehouse-protocol,448.24,staking token held by a counted product
2026-10-02,balancer-v3,stakewise-v3,539.08,staking token held by a counted product
2026-10-02,velodrome-v3,lido,134.29,staking token held by a counted product
2026-10-02,velodrome-v2,frax-ether,33.96,staking token held by a counted product
2026-10-02,velodrome-v2,lido,54.13,staking token held by a counted product
2026-10-02,velodrome-v2,ether.fi-stake,1.35,staking token held by a counted product
2026-10-02,quickswap-v3,stakestone-stone,8.2,staking token held by a counted product
2026-10-02,quickswap-v3,lido,1.48,staking token held by a counted product
2026-10-02,superform,coinbase-wrapped-staked-eth,2.92,staking token held by a counted product
2026-10-02,superform,lido,2.33,staking token held by a counted product
2026-10-02,superform,rocket-pool,2.15,staking token held by a counted product
2026-10-02,superform,ether.fi-stake,1.51,staking token held by a counted product
2026-10-02,superform,origin-ether,1.74,staking token held by a counted product
2026-10-02,index-coop,lido,305.76,staking token held by a counted product
2026-10-02,index-coop,rocket-pool,3.12,staking token held by a counted product
2026-10-02,agni-finance,meth-protocol,351.66,staking token held by a counted product
2026-10-02,agni-finance,mantle-restaking,2.71,staking token held by a counted product
2026-10-02,kodiak-v3,stakestone-stone,316.6,staking token held by a counted product
2026-10-02,set-protocol,lido,32.91,staking token held by a counted product
2026-10-02,set-protocol,coinbase-wrapped-staked-eth,4.06,staking token held by a counted product
2026-10-02,set-protocol,ankr,4.25,staking token held by a counted product
2026-10-02,set-protocol,frax-ether,4.13,staking token held by a counted product
2026-10-02,set-protocol,rocket-pool,3.88,staking token held by a counted product
2026-10-02,origin-arm,lido,2019.0,staking token held by a counted product
2026-10-02,merchant-moe-liquidity-book,meth-protocol,293.62,staking token held by a counted product
2026-10-02,merchant-moe-liquidity-book,mantle-restaking,40.07,staking token held by a counted product
2026-10-02,frax-swap,frax-ether,29.07,staking token held by a counted product
2026-10-02,syncswap,ether.fi-stake,23.1,staking token held by a counted product
2026-10-02,syncswap,stakestone-stone,10.16,staking token held by a counted product
2026-10-02,syncswap,kelp,9.98,staking token held by a counted product
2026-10-02,camelot-v2,lido,8.36,staking token held by a counted product
2026-10-02,inceptionlrt-(isolated-restaking),lido,2781.94,staking token held by a counted product
2026-10-02,inceptionlrt-(isolated-restaking),swell-liquid-staking,8.01,staking token held by a counted product
2026-10-02,inceptionlrt-(isolated-restaking),rocket-pool,1.88,staking token held by a counted product
2026-10-02,radpie,lido,247.51,staking token held by a counted product
2026-10-02,radpie,ether.fi-stake,16.22,staking token held by a counted product
2026-10-02,nucleus,puffer-stake,274.4,staking token held by a counted product
2026-10-02,nucleus,swell-liquid-staking,55.19,staking token held by a counted product
2026-10-02,camelot-v3,lido,7.04,staking token held by a counted product
2026-10-02,camelot-v3,renzo,4.55,staking token held by a counted product
2026-10-02,camelot-v3,ether.fi-stake,20.99,staking token held by a counted product
2026-10-02,hydrex-integral,coinbase-wrapped-staked-eth,148.05,staking token held by a counted product
2026-10-02,tranchess-yield,lido,2.69,staking token held by a counted product
2026-10-02,tranchess-yield,stakestone-stone,170.66,staking token held by a counted product
2026-10-02,tranchess-yield,ether.fi-stake,6.06,staking token held by a counted product
2026-10-02,eigenpie,lido,713.37,staking token held by a counted product
2026-10-02,eigenpie,rocket-pool,11.93,staking token held by a counted product
2026-10-02,eigenpie,frax-ether,108.26,staking token held by a counted product
2026-10-02,eigenpie,meth-protocol,22.79,staking token held by a counted product
2026-10-02,eigenpie,binance-staked-eth,33.74,staking token held by a counted product
2026-10-02,eigenpie,swell-liquid-staking,668.98,staking token held by a counted product
2026-10-02,eigenpie,stader,40.5,staking token held by a counted product
2026-10-02,eigenpie,origin-ether,2.22,staking token held by a counted product
2026-10-02,eigenpie,stakewise-v3,2.28,staking token held by a counted product
2026-10-02,eigenpie,liquid-collective,2.26,staking token held by a counted product
2026-10-02,ribbon,rocket-pool,11.09,staking token held by a counted product
2026-10-02,ribbon,lido,9.41,staking token held by a counted product
2026-10-02,stakestone-berachain-vault,stakestone-stone,579.3,staking token held by a counted product
2026-10-02,sophon-farm,lido,17.33,staking token held by a counted product
2026-10-02,sophon-farm,ether.fi-stake,5.88,staking token held by a counted product
2026-10-02,blast-pre-launch-farm,lido,841.81,staking token held by a counted product
2026-10-02,latch,ether.fi-stake,10.74,staking token held by a counted product
2026-10-02,reaper-farm,lido,18.8,staking token held by a counted product
2026-10-02,canopy,kelp,309.1,staking token held by a counted product
2026-10-02,theo-straddle-vaults,ether.fi-stake,101.82,staking token held by a counted product
2026-10-02,ribbon-earn,lido,372.2,staking token held by a counted product
2026-10-02,blackwing,renzo,107.52,staking token held by a counted product
2026-10-02,blackwing,ether.fi-stake,25.94,staking token held by a counted product
2026-10-02,blackwing,swell-liquid-restaking,7.18,staking token held by a counted product
2026-10-02,blackwing,kelp,4.21,staking token held by a counted product
2026-10-02,arbitrove,lido,3.26,staking token held by a counted product
2026-10-02,vaultcraft,kelp,2.69,staking token held by a counted product
2026-10-02,vaultcraft,stader,2.57,staking token held by a counted product
2026-10-02,terminal-finance-pre-deposits,ether.fi-stake,19.4,staking token held by a counted product
2026-10-02,corn-kernels,ether.fi-stake,9.51,staking token held by a counted product
2026-10-02,onx-finance,ankr,83.1,staking token held by a counted product
2026-10-02,thetanuts-finance,lido,2.53,staking token held by a counted product
2026-10-02,juice-finance,renzo,11.06,staking token held by a counted product
2026-10-02,juice-finance,ether.fi-stake,2.07,staking token held by a counted product
2026-10-02,napier,ether.fi-stake,1.04,staking token held by a counted product
2026-10-02,treehouse-protocol,mantle-restaking,119.45,staking token held by a counted product
2026-10-02,treehouse-protocol,lido,1907.81,staking token held by a counted product
2026-10-02,treehouse-protocol,ether.fi-stake,16561.7,staking token held by a counted product
2026-10-02,eigencloud,eigencloud,2422138.16,restaking-token issuers already count this
2026-10-02,symbiotic,symbiotic,30200.91,restaking-token issuers already count this
2025-04,bifrost-liquid-staking,bifrost-liquid-staking,883.17,leftover: balance unchanged since 2025-04
2025-05,bifrost-liquid-staking,bifrost-liquid-staking,883.42,leftover: balance unchanged since 2025-04
2025-06,bifrost-liquid-staking,bifrost-liquid-staking,881.49,leftover: balance unchanged since 2025-04
2025-07,bifrost-liquid-staking,bifrost-liquid-staking,845.95,leftover: balance unchanged since 2025-04
2025-08,bifrost-liquid-staking,bifrost-liquid-staking,806.72,leftover: balance unchanged since 2025-04
2025-09,bifrost-liquid-staking,bifrost-liquid-staking,823.04,leftover: balance unchanged since 2025-04
2026-02,bifrost-liquid-staking,bifrost-liquid-staking,740.49,leftover: balance unchanged since 2025-04
2026-03,bifrost-liquid-staking,bifrost-liquid-staking,757.5,leftover: balance unchanged since 2025-04
2026-04,bifrost-liquid-staking,bifrost-liquid-staking,608.44,leftover: balance unchanged since 2025-04
2026-05,bifrost-liquid-staking,bifrost-liquid-staking,607.74,leftover: balance unchanged since 2025-04
2026-06,bifrost-liquid-staking,bifrost-liquid-staking,609.24,leftover: balance unchanged since 2025-04
2026-07,bifrost-liquid-staking,bifrost-liquid-staking,609.53,leftover: balance unchanged since 2025-04
2026-08,bifrost-liquid-staking,bifrost-liquid-staking,609.17,leftover: balance unchanged since 2025-04
2026-09,bifrost-liquid-staking,bifrost-liquid-staking,611.53,leftover: balance unchanged since 2025-04
2026-10-02,bifrost-liquid-staking,bifrost-liquid-staking,609.1,leftover: balance unchanged since 2025-04
2025-10,swell-l2-farm,swell-l2-farm,32330.76,leftover: balance unchanged since 2025-10
2025-11,swell-l2-farm,swell-l2-farm,32448.5,leftover: balance unchanged since 2025-10
2025-12,swell-l2-farm,swell-l2-farm,32290.67,leftover: balance unchanged since 2025-10
2026-01,swell-l2-farm,swell-l2-farm,32122.46,leftover: balance unchanged since 2025-10
2026-02,swell-l2-farm,swell-l2-farm,32476.21,leftover: balance unchanged since 2025-10
2026-03,swell-l2-farm,swell-l2-farm,32370.19,leftover: balance unchanged since 2025-10
2026-04,swell-l2-farm,swell-l2-farm,32382.4,leftover: balance unchanged since 2025-10
2026-05,swell-l2-farm,swell-l2-farm,32327.25,leftover: balance unchanged since 2025-10
2026-06,swell-l2-farm,swell-l2-farm,31860.47,leftover: balance unchanged since 2025-10
2026-07,swell-l2-farm,swell-l2-farm,31960.63,leftover: balance unchanged since 2025-10
2026-08,swell-l2-farm,swell-l2-farm,31821.63,leftover: balance unchanged since 2025-10
2026-09,swell-l2-farm,swell-l2-farm,31982.12,leftover: balance unchanged since 2025-10
2026-10-02,swell-l2-farm,swell-l2-farm,31988.8,leftover: balance unchanged since 2025-10
2024-12,belt-finance,belt-finance,547.71,leftover: balance unchanged since 2024-12
2025-01,belt-finance,belt-finance,545.45,leftover: balance unchanged since 2024-12
2025-02,belt-finance,belt-finance,548.84,leftover: balance unchanged since 2024-12
2025-03,belt-finance,belt-finance,546.66,leftover: balance unchanged since 2024-12
2025-04,belt-finance,belt-finance,546.72,leftover: balance unchanged since 2024-12
2025-05,belt-finance,belt-finance,548.05,leftover: balance unchanged since 2024-12
2025-06,belt-finance,belt-finance,545.73,leftover: balance unchanged since 2024-12
2025-07,belt-finance,belt-finance,543.11,leftover: balance unchanged since 2024-12
2025-08,belt-finance,belt-finance,544.62,leftover: balance unchanged since 2024-12
2025-09,belt-finance,belt-finance,547.04,leftover: balance unchanged since 2024-12
2025-10,belt-finance,belt-finance,544.52,leftover: balance unchanged since 2024-12
2025-11,belt-finance,belt-finance,526.42,leftover: balance unchanged since 2024-12
2025-12,belt-finance,belt-finance,546.57,leftover: balance unchanged since 2024-12
2026-01,belt-finance,belt-finance,541.48,leftover: balance unchanged since 2024-12
2026-02,belt-finance,belt-finance,548.44,leftover: balance unchanged since 2024-12
2026-03,belt-finance,belt-finance,546.62,leftover: balance unchanged since 2024-12
2026-04,belt-finance,belt-finance,546.63,leftover: balance unchanged since 2024-12
2026-05,belt-finance,belt-finance,548.13,leftover: balance unchanged since 2024-12
2026-06,belt-finance,belt-finance,546.79,leftover: balance unchanged since 2024-12
2026-07,belt-finance,belt-finance,546.8,leftover: balance unchanged since 2024-12
2026-08,belt-finance,belt-finance,547.15,leftover: balance unchanged since 2024-12
2026-09,belt-finance,belt-finance,547.16,leftover: balance unchanged since 2024-12
2026-10-02,belt-finance,belt-finance,546.75,leftover: balance unchanged since 2024-12
2025-09,reaper-farm,reaper-farm,127.21,leftover: balance unchanged since 2025-09
2025-10,reaper-farm,reaper-farm,127.18,leftover: balance unchanged since 2025-09
2025-11,reaper-farm,reaper-farm,126.7,leftover: balance unchanged since 2025-09
2025-12,reaper-farm,reaper-farm,125.15,leftover: balance unchanged since 2025-09
2026-01,reaper-farm,reaper-farm,123.94,leftover: balance unchanged since 2025-09
2026-02,reaper-farm,reaper-farm,130.88,leftover: balance unchanged since 2025-09
2026-03,reaper-farm,reaper-farm,130.58,leftover: balance unchanged since 2025-09
2026-04,reaper-farm,reaper-farm,129.92,leftover: balance unchanged since 2025-09
2026-05,reaper-farm,reaper-farm,128.95,leftover: balance unchanged since 2025-09
2026-06,reaper-farm,reaper-farm,128.86,leftover: balance unchanged since 2025-09
2026-07,reaper-farm,reaper-farm,128.11,leftover: balance unchanged since 2025-09
2026-08,reaper-farm,reaper-farm,128.22,leftover: balance unchanged since 2025-09
2026-09,reaper-farm,reaper-farm,128.57,leftover: balance unchanged since 2025-09
2026-10-02,reaper-farm,reaper-farm,128.05,leftover: balance unchanged since 2025-09
2024-10,creth2,creth2,794.78,leftover: balance unchanged since 2024-10
2024-11,creth2,creth2,795.38,leftover: balance unchanged since 2024-10
2024-12,creth2,creth2,794.64,leftover: balance unchanged since 2024-10
2025-01,creth2,creth2,713.38,leftover: balance unchanged since 2024-10
2025-02,creth2,creth2,720.02,leftover: balance unchanged since 2024-10
2025-03,creth2,creth2,714.24,leftover: balance unchanged since 2024-10
2025-04,creth2,creth2,683.76,leftover: balance unchanged since 2024-10
2025-05,creth2,creth2,683.66,leftover: balance unchanged since 2024-10
2025-06,creth2,creth2,681.52,leftover: balance unchanged since 2024-10
2025-07,creth2,creth2,681.4,leftover: balance unchanged since 2024-10
2025-08,creth2,creth2,680.27,leftover: balance unchanged since 2024-10
2025-09,creth2,creth2,681.1,leftover: balance unchanged since 2024-10
2025-10,creth2,creth2,679.81,leftover: balance unchanged since 2024-10
2025-11,creth2,creth2,667.06,leftover: balance unchanged since 2024-10
2025-12,creth2,creth2,682.79,leftover: balance unchanged since 2024-10
2026-01,creth2,creth2,674.73,leftover: balance unchanged since 2024-10
2026-02,creth2,creth2,683.31,leftover: balance unchanged since 2024-10
2026-03,creth2,creth2,682.88,leftover: balance unchanged since 2024-10
2026-04,creth2,creth2,682.28,leftover: balance unchanged since 2024-10
2026-05,creth2,creth2,681.37,leftover: balance unchanged since 2024-10
2026-06,creth2,creth2,677.29,leftover: balance unchanged since 2024-10
2026-07,creth2,creth2,681.37,leftover: balance unchanged since 2024-10
2026-08,creth2,creth2,681.37,leftover: balance unchanged since 2024-10
2026-09,creth2,creth2,682.82,leftover: balance unchanged since 2024-10
2026-10-02,creth2,creth2,681.26,leftover: balance unchanged since 2024-10
2025-02,opyn-gamma,opyn-gamma,1455.13,leftover: balance unchanged since 2025-02
2025-03,opyn-gamma,opyn-gamma,1447.86,leftover: balance unchanged since 2025-02
2025-04,opyn-gamma,opyn-gamma,1462.15,leftover: balance unchanged since 2025-02
2025-05,opyn-gamma,opyn-gamma,1309.01,leftover: balance unchanged since 2025-02
2025-06,opyn-gamma,opyn-gamma,1513.8,leftover: balance unchanged since 2025-02
2025-07,opyn-gamma,opyn-gamma,418.09,leftover: balance unchanged since 2025-02
2025-08,opyn-gamma,opyn-gamma,417.89,leftover: balance unchanged since 2025-02
2025-09,opyn-gamma,opyn-gamma,417.99,leftover: balance unchanged since 2025-02
2025-10,opyn-gamma,opyn-gamma,417.06,leftover: balance unchanged since 2025-02
2025-11,opyn-gamma,opyn-gamma,398.35,leftover: balance unchanged since 2025-02
2025-12,opyn-gamma,opyn-gamma,418.09,leftover: balance unchanged since 2025-02
2026-01,opyn-gamma,opyn-gamma,418.09,leftover: balance unchanged since 2025-02
2026-02,opyn-gamma,opyn-gamma,418.09,leftover: balance unchanged since 2025-02
2026-03,opyn-gamma,opyn-gamma,418.09,leftover: balance unchanged since 2025-02
2026-04,opyn-gamma,opyn-gamma,417.69,leftover: balance unchanged since 2025-02
2026-05,opyn-gamma,opyn-gamma,417.54,leftover: balance unchanged since 2025-02
2026-06,opyn-gamma,opyn-gamma,406.79,leftover: balance unchanged since 2025-02
2026-07,opyn-gamma,opyn-gamma,407.67,leftover: balance unchanged since 2025-02
2026-08,opyn-gamma,opyn-gamma,406.25,leftover: balance unchanged since 2025-02
2026-09,opyn-gamma,opyn-gamma,396.42,leftover: balance unchanged since 2025-02
2026-10-02,opyn-gamma,opyn-gamma,395.64,leftover: balance unchanged since 2025-02
2026-08,bancor-v2.1,bancor-v2.1,876.57,leftover: balance unchanged since 2026-08
2026-09,bancor-v2.1,bancor-v2.1,879.6,leftover: balance unchanged since 2026-08
2026-10-02,bancor-v2.1,bancor-v2.1,875.03,leftover: balance unchanged since 2026-08
2025-07,nimbora-yield,nimbora-yield,78.24,leftover: balance unchanged since 2025-07
2025-08,nimbora-yield,nimbora-yield,78.12,leftover: balance unchanged since 2025-07
2025-09,nimbora-yield,nimbora-yield,77.95,leftover: balance unchanged since 2025-07
2025-10,nimbora-yield,nimbora-yield,78.08,leftover: balance unchanged since 2025-07
2025-11,nimbora-yield,nimbora-yield,78.5,leftover: balance unchanged since 2025-07
2025-12,nimbora-yield,nimbora-yield,78.05,leftover: balance unchanged since 2025-07
2026-01,nimbora-yield,nimbora-yield,77.94,leftover: balance unchanged since 2025-07
2026-02,nimbora-yield,nimbora-yield,78.41,leftover: balance unchanged since 2025-07
2026-03,nimbora-yield,nimbora-yield,78.28,leftover: balance unchanged since 2025-07
2026-04,nimbora-yield,nimbora-yield,78.28,leftover: balance unchanged since 2025-07
2026-05,nimbora-yield,nimbora-yield,77.98,leftover: balance unchanged since 2025-07
2026-06,nimbora-yield,nimbora-yield,78.25,leftover: balance unchanged since 2025-07
2026-07,nimbora-yield,nimbora-yield,78.07,leftover: balance unchanged since 2025-07
2026-08,nimbora-yield,nimbora-yield,78.05,leftover: balance unchanged since 2025-07
2026-09,nimbora-yield,nimbora-yield,78.6,leftover: balance unchanged since 2025-07
2026-10-02,nimbora-yield,nimbora-yield,78.44,leftover: balance unchanged since 2025-07
2026-06,blast-pre-launch-farm,blast-pre-launch-farm,847.46,leftover: balance unchanged since 2026-06
2026-07,blast-pre-launch-farm,blast-pre-launch-farm,847.38,leftover: balance unchanged since 2026-06
2026-08,blast-pre-launch-farm,blast-pre-launch-farm,844.66,leftover: balance unchanged since 2026-06
2026-09,blast-pre-launch-farm,blast-pre-launch-farm,842.46,leftover: balance unchanged since 2026-06
2026-10-02,blast-pre-launch-farm,blast-pre-launch-farm,841.81,leftover: balance unchanged since 2026-06
2024-11,euclid-finance,euclid-finance,103.24,leftover: balance unchanged since 2024-11
2024-12,euclid-finance,euclid-finance,103.52,leftover: balance unchanged since 2024-11
2025-01,euclid-finance,euclid-finance,103.4,leftover: balance unchanged since 2024-11
2025-02,euclid-finance,euclid-finance,104.09,leftover: balance unchanged since 2024-11
2025-03,euclid-finance,euclid-finance,229.8,leftover: balance unchanged since 2024-11
2025-04,euclid-finance,euclid-finance,180.9,leftover: balance unchanged since 2024-11
2025-05,euclid-finance,euclid-finance,135.27,leftover: balance unchanged since 2024-11
2025-06,euclid-finance,euclid-finance,128.07,leftover: balance unchanged since 2024-11
2025-07,euclid-finance,euclid-finance,121.08,leftover: balance unchanged since 2024-11
2025-08,euclid-finance,euclid-finance,119.93,leftover: balance unchanged since 2024-11
2025-09,euclid-finance,euclid-finance,119.42,leftover: balance unchanged since 2024-11
2025-10,euclid-finance,euclid-finance,119.58,leftover: balance unchanged since 2024-11
2025-11,euclid-finance,euclid-finance,117.05,leftover: balance unchanged since 2024-11
2025-12,euclid-finance,euclid-finance,119.24,leftover: balance unchanged since 2024-11
2026-01,euclid-finance,euclid-finance,118.58,leftover: balance unchanged since 2024-11
2026-02,euclid-finance,euclid-finance,119.08,leftover: balance unchanged since 2024-11
2026-03,euclid-finance,euclid-finance,119.46,leftover: balance unchanged since 2024-11
2026-04,euclid-finance,euclid-finance,119.28,leftover: balance unchanged since 2024-11
2026-05,euclid-finance,euclid-finance,119.11,leftover: balance unchanged since 2024-11
2026-06,euclid-finance,euclid-finance,120.33,leftover: balance unchanged since 2024-11
2026-07,euclid-finance,euclid-finance,119.17,leftover: balance unchanged since 2024-11
2026-08,euclid-finance,euclid-finance,119.0,leftover: balance unchanged since 2024-11
2026-09,euclid-finance,euclid-finance,119.44,leftover: balance unchanged since 2024-11
2026-10-02,euclid-finance,euclid-finance,118.97,leftover: balance unchanged since 2024-11
2026-05,onx-finance,onx-finance,125.29,leftover: balance unchanged since 2026-05
2026-06,onx-finance,onx-finance,124.71,leftover: balance unchanged since 2026-05
2026-07,onx-finance,onx-finance,124.71,leftover: balance unchanged since 2026-05
2026-08,onx-finance,onx-finance,125.58,leftover: balance unchanged since 2026-05
2026-09,onx-finance,onx-finance,125.45,leftover: balance unchanged since 2026-05
2026-10-02,onx-finance,onx-finance,125.43,leftover: balance unchanged since 2026-05
2025-05,aave-v1,aave-v1,1593.9,leftover: balance unchanged since 2025-05
2025-06,aave-v1,aave-v1,1590.84,leftover: balance unchanged since 2025-05
2025-07,aave-v1,aave-v1,1589.18,leftover: balance unchanged since 2025-05
2025-08,aave-v1,aave-v1,1561.04,leftover: balance unchanged since 2025-05
2025-09,aave-v1,aave-v1,1539.38,leftover: balance unchanged since 2025-05
2025-10,aave-v1,aave-v1,1528.76,leftover: balance unchanged since 2025-05
2025-11,aave-v1,aave-v1,1531.07,leftover: balance unchanged since 2025-05
2025-12,aave-v1,aave-v1,1529.36,leftover: balance unchanged since 2025-05
2026-01,aave-v1,aave-v1,1033.08,leftover: balance unchanged since 2025-05
2026-02,aave-v1,aave-v1,1032.72,leftover: balance unchanged since 2025-05
2026-03,aave-v1,aave-v1,1023.83,leftover: balance unchanged since 2025-05
2026-04,aave-v1,aave-v1,1025.07,leftover: balance unchanged since 2025-05
2026-05,aave-v1,aave-v1,1020.03,leftover: balance unchanged since 2025-05
2026-06,aave-v1,aave-v1,1018.25,leftover: balance unchanged since 2025-05
2026-07,aave-v1,aave-v1,1016.52,leftover: balance unchanged since 2025-05
2026-08,aave-v1,aave-v1,1009.29,leftover: balance unchanged since 2025-05
2026-09,aave-v1,aave-v1,1009.5,leftover: balance unchanged since 2025-05
2026-10-02,aave-v1,aave-v1,1007.52,leftover: balance unchanged since 2025-05
2026-02,goldsand-by-inshallah,goldsand-by-inshallah,139.18,leftover: balance unchanged since 2026-02
2026-03,goldsand-by-inshallah,goldsand-by-inshallah,139.49,leftover: balance unchanged since 2026-02
2026-04,goldsand-by-inshallah,goldsand-by-inshallah,139.18,leftover: balance unchanged since 2026-02
2026-05,goldsand-by-inshallah,goldsand-by-inshallah,139.18,leftover: balance unchanged since 2026-02
2026-06,goldsand-by-inshallah,goldsand-by-inshallah,138.34,leftover: balance unchanged since 2026-02
2026-07,goldsand-by-inshallah,goldsand-by-inshallah,139.18,leftover: balance unchanged since 2026-02
2026-08,goldsand-by-inshallah,goldsand-by-inshallah,139.18,leftover: balance unchanged since 2026-02
2026-09,goldsand-by-inshallah,goldsand-by-inshallah,139.45,leftover: balance unchanged since 2026-02
2026-10-02,goldsand-by-inshallah,goldsand-by-inshallah,139.18,leftover: balance unchanged since 2026-02
2024-10,radpie,radpie,334.68,leftover: balance unchanged since 2024-10
2024-11,radpie,radpie,333.74,leftover: balance unchanged since 2024-10
2024-12,radpie,radpie,335.6,leftover: balance unchanged since 2024-10
2025-01,radpie,radpie,335.21,leftover: balance unchanged since 2024-10
2025-02,radpie,radpie,337.73,leftover: balance unchanged since 2024-10
2025-03,radpie,radpie,337.43,leftover: balance unchanged since 2024-10
2025-04,radpie,radpie,338.1,leftover: balance unchanged since 2024-10
2025-05,radpie,radpie,339.58,leftover: balance unchanged since 2024-10
2025-06,radpie,radpie,338.61,leftover: balance unchanged since 2024-10
2025-07,radpie,radpie,339.03,leftover: balance unchanged since 2024-10
2025-08,radpie,radpie,338.91,leftover: balance unchanged since 2024-10
2025-09,radpie,radpie,340.75,leftover: balance unchanged since 2024-10
2025-10,radpie,radpie,340.71,leftover: balance unchanged since 2024-10
2025-11,radpie,radpie,343.37,leftover: balance unchanged since 2024-10
2025-12,radpie,radpie,343.16,leftover: balance unchanged since 2024-10
2026-01,radpie,radpie,340.69,leftover: balance unchanged since 2024-10
2026-02,radpie,radpie,344.17,leftover: balance unchanged since 2024-10
2026-03,radpie,radpie,344.05,leftover: balance unchanged since 2024-10
2026-04,radpie,radpie,344.4,leftover: balance unchanged since 2024-10
2026-05,radpie,radpie,344.41,leftover: balance unchanged since 2024-10
2026-06,radpie,radpie,346.22,leftover: balance unchanged since 2024-10
2026-07,radpie,radpie,346.54,leftover: balance unchanged since 2024-10
2026-08,radpie,radpie,347.13,leftover: balance unchanged since 2024-10
2026-09,radpie,radpie,348.11,leftover: balance unchanged since 2024-10
2026-10-02,radpie,radpie,348.37,leftover: balance unchanged since 2024-10
2024-10,unipower,unipower,107.15,leftover: balance unchanged since 2024-10
2024-11,unipower,unipower,107.21,leftover: balance unchanged since 2024-10
2024-12,unipower,unipower,107.21,leftover: balance unchanged since 2024-10
2025-01,unipower,unipower,106.89,leftover: balance unchanged since 2024-10
2025-02,unipower,unipower,107.46,leftover: balance unchanged since 2024-10
2025-03,unipower,unipower,106.93,leftover: balance unchanged since 2024-10
2025-04,unipower,unipower,108.26,leftover: balance unchanged since 2024-10
2025-05,unipower,unipower,107.69,leftover: balance unchanged since 2024-10
2025-06,unipower,unipower,106.89,leftover: balance unchanged since 2024-10
2025-07,unipower,unipower,106.89,leftover: balance unchanged since 2024-10
2025-08,unipower,unipower,106.89,leftover: balance unchanged since 2024-10
2025-09,unipower,unipower,106.86,leftover: balance unchanged since 2024-10
2025-10,unipower,unipower,106.62,leftover: balance unchanged since 2024-10
2025-11,unipower,unipower,106.89,leftover: balance unchanged since 2024-10
2025-12,unipower,unipower,106.89,leftover: balance unchanged since 2024-10
2026-01,unipower,unipower,106.89,leftover: balance unchanged since 2024-10
2026-02,unipower,unipower,106.89,leftover: balance unchanged since 2024-10
2026-03,unipower,unipower,107.12,leftover: balance unchanged since 2024-10
2026-04,unipower,unipower,106.89,leftover: balance unchanged since 2024-10
2026-05,unipower,unipower,106.89,leftover: balance unchanged since 2024-10
2026-06,unipower,unipower,108.44,leftover: balance unchanged since 2024-10
2026-07,unipower,unipower,106.89,leftover: balance unchanged since 2024-10
2026-08,unipower,unipower,106.89,leftover: balance unchanged since 2024-10
2026-09,unipower,unipower,106.89,leftover: balance unchanged since 2024-10
2026-10-02,unipower,unipower,106.89,leftover: balance unchanged since 2024-10
2025-09,inceptionlrt-(isolated-restaking),inceptionlrt-(isolated-restaking),2718.3,leftover: balance unchanged since 2025-09
2025-10,inceptionlrt-(isolated-restaking),inceptionlrt-(isolated-restaking),2708.83,leftover: balance unchanged since 2025-09
2025-11,inceptionlrt-(isolated-restaking),inceptionlrt-(isolated-restaking),2731.17,leftover: balance unchanged since 2025-09
2025-12,inceptionlrt-(isolated-restaking),inceptionlrt-(isolated-restaking),2736.79,leftover: balance unchanged since 2025-09
2026-01,inceptionlrt-(isolated-restaking),inceptionlrt-(isolated-restaking),2735.75,leftover: balance unchanged since 2025-09
2026-02,inceptionlrt-(isolated-restaking),inceptionlrt-(isolated-restaking),2755.43,leftover: balance unchanged since 2025-09
2026-03,inceptionlrt-(isolated-restaking),inceptionlrt-(isolated-restaking),2747.09,leftover: balance unchanged since 2025-09
2026-04,inceptionlrt-(isolated-restaking),inceptionlrt-(isolated-restaking),2745.1,leftover: balance unchanged since 2025-09
2026-05,inceptionlrt-(isolated-restaking),inceptionlrt-(isolated-restaking),2756.4,leftover: balance unchanged since 2025-09
2026-06,inceptionlrt-(isolated-restaking),inceptionlrt-(isolated-restaking),2770.91,leftover: balance unchanged since 2025-09
2026-07,inceptionlrt-(isolated-restaking),inceptionlrt-(isolated-restaking),2771.36,leftover: balance unchanged since 2025-09
2026-08,inceptionlrt-(isolated-restaking),inceptionlrt-(isolated-restaking),2779.32,leftover: balance unchanged since 2025-09
2026-09,inceptionlrt-(isolated-restaking),inceptionlrt-(isolated-restaking),2790.5,leftover: balance unchanged since 2025-09
2026-10-02,inceptionlrt-(isolated-restaking),inceptionlrt-(isolated-restaking),2793.89,leftover: balance unchanged since 2025-09
2024-10,arbitrove,arbitrove,176.43,leftover: balance unchanged since 2024-10
2024-11,arbitrove,arbitrove,176.33,leftover: balance unchanged since 2024-10
2024-12,arbitrove,arbitrove,176.31,leftover: balance unchanged since 2024-10
2025-01,arbitrove,arbitrove,176.04,leftover: balance unchanged since 2024-10
2025-02,arbitrove,arbitrove,177.45,leftover: balance unchanged since 2024-10
2025-03,arbitrove,arbitrove,176.76,leftover: balance unchanged since 2024-10
2025-04,arbitrove,arbitrove,176.42,leftover: balance unchanged since 2024-10
2025-05,arbitrove,arbitrove,176.48,leftover: balance unchanged since 2024-10
2025-06,arbitrove,arbitrove,176.14,leftover: balance unchanged since 2024-10
2025-07,arbitrove,arbitrove,176.39,leftover: balance unchanged since 2024-10
2025-08,arbitrove,arbitrove,176.45,leftover: balance unchanged since 2024-10
2025-09,arbitrove,arbitrove,176.3,leftover: balance unchanged since 2024-10
2025-10,arbitrove,arbitrove,175.96,leftover: balance unchanged since 2024-10
2025-11,arbitrove,arbitrove,173.22,leftover: balance unchanged since 2024-10
2025-12,arbitrove,arbitrove,176.47,leftover: balance unchanged since 2024-10
2026-01,arbitrove,arbitrove,176.4,leftover: balance unchanged since 2024-10
2026-02,arbitrove,arbitrove,176.54,leftover: balance unchanged since 2024-10
2026-03,arbitrove,arbitrove,176.68,leftover: balance unchanged since 2024-10
2026-04,arbitrove,arbitrove,176.74,leftover: balance unchanged since 2024-10
2026-05,arbitrove,arbitrove,176.26,leftover: balance unchanged since 2024-10
2026-06,arbitrove,arbitrove,176.34,leftover: balance unchanged since 2024-10
2026-07,arbitrove,arbitrove,176.5,leftover: balance unchanged since 2024-10
2026-08,arbitrove,arbitrove,176.46,leftover: balance unchanged since 2024-10
2026-09,arbitrove,arbitrove,176.9,leftover: balance unchanged since 2024-10
2026-10-02,arbitrove,arbitrove,176.87,leftover: balance unchanged since 2024-10
2026-08,corn-kernels,corn-kernels,9.91,leftover: balance unchanged since 2026-08
2026-09,corn-kernels,corn-kernels,9.94,leftover: balance unchanged since 2026-08
2026-10-02,corn-kernels,corn-kernels,9.91,leftover: balance unchanged since 2026-08
2025-01,geth,geth,6954.32,leftover: balance unchanged since 2025-01
2025-02,geth,geth,6979.79,leftover: balance unchanged since 2025-01
2025-03,geth,geth,6957.11,leftover: balance unchanged since 2025-01
2025-04,geth,geth,6959.72,leftover: balance unchanged since 2025-01
2025-05,geth,geth,6954.32,leftover: balance unchanged since 2025-01
2025-06,geth,geth,6954.32,leftover: balance unchanged since 2025-01
2025-07,geth,geth,6954.32,leftover: balance unchanged since 2025-01
2025-08,geth,geth,6938.49,leftover: balance unchanged since 2025-01
2025-09,geth,geth,6952.78,leftover: balance unchanged since 2025-01
2025-10,geth,geth,6937.19,leftover: balance unchanged since 2025-01
2025-11,geth,geth,7658.32,leftover: balance unchanged since 2025-01
2025-12,geth,geth,7658.32,leftover: balance unchanged since 2025-01
2026-01,geth,geth,7658.32,leftover: balance unchanged since 2025-01
2026-02,geth,geth,7658.48,leftover: balance unchanged since 2025-01
2026-03,geth,geth,7680.16,leftover: balance unchanged since 2025-01
2026-04,geth,geth,7673.41,leftover: balance unchanged since 2025-01
2026-05,geth,geth,7663.14,leftover: balance unchanged since 2025-01
2026-06,geth,geth,7645.77,leftover: balance unchanged since 2025-01
2026-07,geth,geth,7663.3,leftover: balance unchanged since 2025-01
2026-08,geth,geth,7663.44,leftover: balance unchanged since 2025-01
2026-09,geth,geth,7678.37,leftover: balance unchanged since 2025-01
2026-10-02,geth,geth,7663.44,leftover: balance unchanged since 2025-01
2026-01,ribbon,ribbon,541.71,leftover: balance unchanged since 2026-01
2026-02,ribbon,ribbon,541.72,leftover: balance unchanged since 2026-01
2026-03,ribbon,ribbon,541.74,leftover: balance unchanged since 2026-01
2026-04,ribbon,ribbon,540.69,leftover: balance unchanged since 2026-01
2026-05,ribbon,ribbon,542.18,leftover: balance unchanged since 2026-01
2026-06,ribbon,ribbon,536.91,leftover: balance unchanged since 2026-01
2026-07,ribbon,ribbon,539.49,leftover: balance unchanged since 2026-01
2026-08,ribbon,ribbon,539.41,leftover: balance unchanged since 2026-01
2026-09,ribbon,ribbon,524.7,leftover: balance unchanged since 2026-01
2026-10-02,ribbon,ribbon,523.43,leftover: balance unchanged since 2026-01
2024-10,ribbon-earn,ribbon-earn,433.27,leftover: balance unchanged since 2024-10
2024-11,ribbon-earn,ribbon-earn,434.29,leftover: balance unchanged since 2024-10
2024-12,ribbon-earn,ribbon-earn,434.89,leftover: balance unchanged since 2024-10
2025-01,ribbon-earn,ribbon-earn,427.65,leftover: balance unchanged since 2024-10
2025-02,ribbon-earn,ribbon-earn,431.36,leftover: balance unchanged since 2024-10
2025-03,ribbon-earn,ribbon-earn,429.61,leftover: balance unchanged since 2024-10
2025-04,ribbon-earn,ribbon-earn,428.58,leftover: balance unchanged since 2024-10
2025-05,ribbon-earn,ribbon-earn,429.58,leftover: balance unchanged since 2024-10
2025-06,ribbon-earn,ribbon-earn,429.92,leftover: balance unchanged since 2024-10
2025-07,ribbon-earn,ribbon-earn,426.86,leftover: balance unchanged since 2024-10
2025-08,ribbon-earn,ribbon-earn,425.95,leftover: balance unchanged since 2024-10
2025-09,ribbon-earn,ribbon-earn,421.16,leftover: balance unchanged since 2024-10
2025-10,ribbon-earn,ribbon-earn,386.61,leftover: balance unchanged since 2024-10
2025-11,ribbon-earn,ribbon-earn,386.59,leftover: balance unchanged since 2024-10
2025-12,ribbon-earn,ribbon-earn,384.29,leftover: balance unchanged since 2024-10
2026-01,ribbon-earn,ribbon-earn,379.96,leftover: balance unchanged since 2024-10
2026-02,ribbon-earn,ribbon-earn,382.74,leftover: balance unchanged since 2024-10
2026-03,ribbon-earn,ribbon-earn,379.26,leftover: balance unchanged since 2024-10
2026-04,ribbon-earn,ribbon-earn,378.53,leftover: balance unchanged since 2024-10
2026-05,ribbon-earn,ribbon-earn,378.34,leftover: balance unchanged since 2024-10
2026-06,ribbon-earn,ribbon-earn,379.77,leftover: balance unchanged since 2024-10
2026-07,ribbon-earn,ribbon-earn,371.74,leftover: balance unchanged since 2024-10
2026-08,ribbon-earn,ribbon-earn,372.12,leftover: balance unchanged since 2024-10
2026-09,ribbon-earn,ribbon-earn,373.23,leftover: balance unchanged since 2024-10
2026-10-02,ribbon-earn,ribbon-earn,372.2,leftover: balance unchanged since 2024-10
2025-03,fyde-protocol,fyde-protocol,167.16,leftover: balance unchanged since 2025-03
2025-04,fyde-protocol,fyde-protocol,167.3,leftover: balance unchanged since 2025-03
2025-05,fyde-protocol,fyde-protocol,167.14,leftover: balance unchanged since 2025-03
2025-06,fyde-protocol,fyde-protocol,163.68,leftover: balance unchanged since 2025-03
2025-07,fyde-protocol,fyde-protocol,151.62,leftover: balance unchanged since 2025-03
2025-08,fyde-protocol,fyde-protocol,151.28,leftover: balance unchanged since 2025-03
2025-09,fyde-protocol,fyde-protocol,151.59,leftover: balance unchanged since 2025-03
2025-10,fyde-protocol,fyde-protocol,151.62,leftover: balance unchanged since 2025-03
2025-11,fyde-protocol,fyde-protocol,144.46,leftover: balance unchanged since 2025-03
2025-12,fyde-protocol,fyde-protocol,151.61,leftover: balance unchanged since 2025-03
2026-01,fyde-protocol,fyde-protocol,150.14,leftover: balance unchanged since 2025-03
2026-02,fyde-protocol,fyde-protocol,151.62,leftover: balance unchanged since 2025-03
2026-03,fyde-protocol,fyde-protocol,151.96,leftover: balance unchanged since 2025-03
2026-04,fyde-protocol,fyde-protocol,151.82,leftover: balance unchanged since 2025-03
2026-05,fyde-protocol,fyde-protocol,151.62,leftover: balance unchanged since 2025-03
2026-06,fyde-protocol,fyde-protocol,150.71,leftover: balance unchanged since 2025-03
2026-07,fyde-protocol,fyde-protocol,151.62,leftover: balance unchanged since 2025-03
2026-08,fyde-protocol,fyde-protocol,151.62,leftover: balance unchanged since 2025-03
2026-09,fyde-protocol,fyde-protocol,151.97,leftover: balance unchanged since 2025-03
2026-10-02,fyde-protocol,fyde-protocol,151.62,leftover: balance unchanged since 2025-03
2025-01,stafi,stafi,2483.98,leftover: balance unchanged since 2025-01
2025-02,stafi,stafi,2493.3,leftover: balance unchanged since 2025-01
2025-03,stafi,stafi,2471.73,leftover: balance unchanged since 2025-01
2025-04,stafi,stafi,2373.46,leftover: balance unchanged since 2025-01
2025-05,stafi,stafi,2367.89,leftover: balance unchanged since 2025-01
2025-06,stafi,stafi,2350.56,leftover: balance unchanged since 2025-01
2025-07,stafi,stafi,2333.34,leftover: balance unchanged since 2025-01
2025-08,stafi,stafi,2332.1,leftover: balance unchanged since 2025-01
2025-09,stafi,stafi,2336.7,leftover: balance unchanged since 2025-01
2025-10,stafi,stafi,2331.06,leftover: balance unchanged since 2025-01
2025-11,stafi,stafi,2318.58,leftover: balance unchanged since 2025-01
2025-12,stafi,stafi,2322.78,leftover: balance unchanged since 2025-01
2026-01,stafi,stafi,2341.93,leftover: balance unchanged since 2025-01
2026-02,stafi,stafi,2336.49,leftover: balance unchanged since 2025-01
2026-03,stafi,stafi,2337.38,leftover: balance unchanged since 2025-01
2026-04,stafi,stafi,1860.6,leftover: balance unchanged since 2025-01
2026-05,stafi,stafi,1860.41,leftover: balance unchanged since 2025-01
2026-06,stafi,stafi,1856.12,leftover: balance unchanged since 2025-01
2026-07,stafi,stafi,1860.41,leftover: balance unchanged since 2025-01
2026-08,stafi,stafi,1860.41,leftover: balance unchanged since 2025-01
2026-09,stafi,stafi,1864.04,leftover: balance unchanged since 2025-01
2026-10-02,stafi,stafi,1860.41,leftover: balance unchanged since 2025-01
2026-08,terminal-finance-pre-deposits,terminal-finance-pre-deposits,19.45,leftover: balance unchanged since 2026-08
2026-09,terminal-finance-pre-deposits,terminal-finance-pre-deposits,19.48,leftover: balance unchanged since 2026-08
2026-10-02,terminal-finance-pre-deposits,terminal-finance-pre-deposits,19.4,leftover: balance unchanged since 2026-08
2026-05,juice-finance,juice-finance,64.46,leftover: balance unchanged since 2026-05
2026-06,juice-finance,juice-finance,64.72,leftover: balance unchanged since 2026-05
2026-07,juice-finance,juice-finance,64.63,leftover: balance unchanged since 2026-05
2026-08,juice-finance,juice-finance,64.1,leftover: balance unchanged since 2026-05
2026-09,juice-finance,juice-finance,64.47,leftover: balance unchanged since 2026-05
2026-10-02,juice-finance,juice-finance,64.49,leftover: balance unchanged since 2026-05
2024-10,opyn-convexity,opyn-convexity,229.35,leftover: balance unchanged since 2024-10
2024-11,opyn-convexity,opyn-convexity,229.35,leftover: balance unchanged since 2024-10
2024-12,opyn-convexity,opyn-convexity,229.35,leftover: balance unchanged since 2024-10
2025-01,opyn-convexity,opyn-convexity,229.01,leftover: balance unchanged since 2024-10
2025-02,opyn-convexity,opyn-convexity,230.19,leftover: balance unchanged since 2024-10
2025-03,opyn-convexity,opyn-convexity,229.44,leftover: balance unchanged since 2024-10
2025-04,opyn-convexity,opyn-convexity,229.53,leftover: balance unchanged since 2024-10
2025-05,opyn-convexity,opyn-convexity,229.35,leftover: balance unchanged since 2024-10
2025-06,opyn-convexity,opyn-convexity,229.35,leftover: balance unchanged since 2024-10
2025-07,opyn-convexity,opyn-convexity,229.35,leftover: balance unchanged since 2024-10
2025-08,opyn-convexity,opyn-convexity,228.83,leftover: balance unchanged since 2024-10
2025-09,opyn-convexity,opyn-convexity,229.35,leftover: balance unchanged since 2024-10
2025-10,opyn-convexity,opyn-convexity,228.53,leftover: balance unchanged since 2024-10
2025-11,opyn-convexity,opyn-convexity,229.1,leftover: balance unchanged since 2024-10
2025-12,opyn-convexity,opyn-convexity,229.1,leftover: balance unchanged since 2024-10
2026-01,opyn-convexity,opyn-convexity,229.1,leftover: balance unchanged since 2024-10
2026-02,opyn-convexity,opyn-convexity,229.75,leftover: balance unchanged since 2024-10
2026-03,opyn-convexity,opyn-convexity,229.1,leftover: balance unchanged since 2024-10
2026-04,opyn-convexity,opyn-convexity,229.1,leftover: balance unchanged since 2024-10
2026-05,opyn-convexity,opyn-convexity,229.1,leftover: balance unchanged since 2024-10
2026-06,opyn-convexity,opyn-convexity,224.51,leftover: balance unchanged since 2024-10
2026-07,opyn-convexity,opyn-convexity,225.87,leftover: balance unchanged since 2024-10
2026-08,opyn-convexity,opyn-convexity,225.87,leftover: balance unchanged since 2024-10
2026-09,opyn-convexity,opyn-convexity,226.31,leftover: balance unchanged since 2024-10
2026-10-02,opyn-convexity,opyn-convexity,226.66,leftover: balance unchanged since 2024-10
