segment,protocol,slug,month,btc_total,btc_plain,btc_yieldbearing,btc_borrowed,usd,source
money_market,Aave V3,aave-v3,2024-09,45763.7196,45763.7196,0,3320.2312,2909391242,defillama-protocol (token units)
money_market,Aave V3,aave-v3,2024-10,52804.6317,52804.6317,0,3092.8083,3712913790,defillama-protocol (token units)
money_market,Aave V3,aave-v3,2024-11,55768.2541,55768.2541,0,4318.1955,5374103750,defillama-protocol (token units)
money_market,Aave V3,aave-v3,2024-12,47939.102,47939.102,0,3789.6141,4468687597,defillama-protocol (token units)
money_market,Aave V3,aave-v3,2025-01,48431.3652,47632.3567,799.0085,4710.4659,4949587015,defillama-protocol (token units)
money_market,Aave V3,aave-v3,2025-02,53329.7603,51470.3769,1859.3835,4194.2658,4496429392,defillama-protocol (token units)
money_market,Aave V3,aave-v3,2025-03,61999.6567,59530.4202,2469.2365,5247.0725,5106617019,defillama-protocol (token units)
money_market,Aave V3,aave-v3,2025-04,66251.013,61780.4745,4470.5384,5731.5391,6232376493,defillama-protocol (token units)
money_market,Aave V3,aave-v3,2025-05,68722.1008,63998.575,4723.5258,4521.7081,7171954421,defillama-protocol (token units)
money_market,Aave V3,aave-v3,2025-06,66058.8786,62688.8928,3369.9858,3705.4408,7073747827,defillama-protocol (token units)
money_market,Aave V3,aave-v3,2025-07,78487.8094,74994.9003,3492.9091,3768.831,9073958539,defillama-protocol (token units)
money_market,Aave V3,aave-v3,2025-08,72474.1441,69152.393,3321.7511,5117.4494,7843200515,defillama-protocol (token units)
money_market,Aave V3,aave-v3,2025-09,76908.1423,74655.8012,2252.3411,3002.2115,8787084900,defillama-protocol (token units)
money_market,Aave V3,aave-v3,2025-10,75391.6548,72236.3497,3155.3052,3109.0835,8244492466,defillama-protocol (token units)
money_market,Aave V3,aave-v3,2025-11,76825.9717,73958.2916,2867.6801,2458.3433,6941263145,defillama-protocol (token units)
money_market,Aave V3,aave-v3,2025-12,81072.8192,77365.4782,3707.341,2322.7087,7099714384,defillama-protocol (token units)
money_market,Aave V3,aave-v3,2026-01,76698.4302,73604.9538,3093.4764,2324.4524,6062414700,defillama-protocol (token units)
money_market,Aave V3,aave-v3,2026-02,81106.9673,78100.3748,3006.5926,1842.0416,5421339800,defillama-protocol (token units)
money_market,Aave V3,aave-v3,2026-03,81317.3148,77601.6967,3715.6181,1959.8618,5533829844,defillama-protocol (token units)
money_market,Aave V3,aave-v3,2026-04,53092.921,51251.1422,1841.7788,1847.4053,4053093100,defillama-protocol (token units)
money_market,Aave V3,aave-v3,2026-05,58559.5937,56520.1637,2039.43,1741.8818,4310736613,defillama-protocol (token units)
money_market,Aave V3,aave-v3,2026-06,63270.736,61107.1058,2163.6302,1830.5162,3700623450,defillama-protocol (token units)
money_market,Aave V3,aave-v3,2026-07,65497.2725,63441.7628,2055.5097,1917.5236,4122187498,defillama-protocol (token units)
money_market,Aave V3,aave-v3,2026-08,67082.3598,64557.6279,2524.7319,1672.6398,5272809192,defillama-protocol (token units)
money_market,Aave V3,aave-v3,2026-09,65620.1152,62829.2106,2790.9046,1326.9713,5335191097,defillama-protocol (token units)
money_market,Morpho Blue,morpho-blue,2024-09,2178.0125,2141.0868,36.9258,42.3546,138426280,defillama-protocol (token units)
money_market,Morpho Blue,morpho-blue,2024-10,2626.4633,2381.8964,244.5669,177.831,184609306,defillama-protocol (token units)
money_market,Morpho Blue,morpho-blue,2024-11,2792.1203,2487.9964,304.1239,330.639,268976406,defillama-protocol (token units)
money_market,Morpho Blue,morpho-blue,2024-12,5078.902,4098.1432,980.7589,1133.3913,473966327,defillama-protocol (token units)
money_market,Morpho Blue,morpho-blue,2025-01,6070.5035,4726.8396,1343.664,1648.7675,623739198,defillama-protocol (token units)
money_market,Morpho Blue,morpho-blue,2025-02,7011.0939,6137.6745,873.4195,1277.1903,591418354,defillama-protocol (token units)
money_market,Morpho Blue,morpho-blue,2025-03,8821.954,7219.2713,1602.6827,765.1195,728426350,defillama-protocol (token units)
money_market,Morpho Blue,morpho-blue,2025-04,9288.21,8783.1425,505.0675,539.9784,873995736,defillama-protocol (token units)
money_market,Morpho Blue,morpho-blue,2025-05,13833.746,13242.3959,591.3501,466.0861,1443683455,defillama-protocol (token units)
money_market,Morpho Blue,morpho-blue,2025-06,16476.9697,15989.6214,487.3483,367.7493,1764680660,defillama-protocol (token units)
money_market,Morpho Blue,morpho-blue,2025-07,19749.1815,19452.4963,296.6853,209.792,2283940939,defillama-protocol (token units)
money_market,Morpho Blue,morpho-blue,2025-08,24626.4098,24329.2539,297.1559,246.8687,2665733698,defillama-protocol (token units)
money_market,Morpho Blue,morpho-blue,2025-09,26822.6873,26363.6403,459.047,374.2986,3071941646,defillama-protocol (token units)
money_market,Morpho Blue,morpho-blue,2025-10,32342.6064,31775.2743,567.3321,455.1496,3538314036,defillama-protocol (token units)
money_market,Morpho Blue,morpho-blue,2025-11,35904.9076,35395.8014,509.1062,342.804,3215535194,defillama-protocol (token units)
money_market,Morpho Blue,morpho-blue,2025-12,37725.6386,37212.4548,513.1838,338.5896,3300123124,defillama-protocol (token units)
money_market,Morpho Blue,morpho-blue,2026-01,42345.0549,40523.3123,1821.7425,811.4036,3333275634,defillama-protocol (token units)
money_market,Morpho Blue,morpho-blue,2026-02,44544.5667,43485.3571,1059.2096,787.3943,2980795672,defillama-protocol (token units)
money_market,Morpho Blue,morpho-blue,2026-03,44370.5199,43618.6087,751.9113,596.0091,3022271148,defillama-protocol (token units)
money_market,Morpho Blue,morpho-blue,2026-04,45934.1827,45265.7918,668.391,358.6248,3508485020,defillama-protocol (token units)
money_market,Morpho Blue,morpho-blue,2026-05,49734.497,48797.9202,936.5767,121.9885,3662560159,defillama-protocol (token units)
money_market,Morpho Blue,morpho-blue,2026-06,55801.1123,54630.1454,1170.9668,79.1055,3321138176,defillama-protocol (token units)
money_market,Morpho Blue,morpho-blue,2026-07,58624.0036,57372.7497,1251.2539,73.7523,3688031601,defillama-protocol (token units)
money_market,Morpho Blue,morpho-blue,2026-08,60892.2071,60567.7819,324.4252,84.1723,4787377209,defillama-protocol (token units)
money_market,Morpho Blue,morpho-blue,2026-09,62505.4081,62186.8599,318.5481,108.9745,5076875078,defillama-protocol (token units)
money_market,SparkLend,sparklend,2024-09,2358.5047,2358.5047,0,334.1725,149050420,defillama-protocol (token units)
money_market,SparkLend,sparklend,2024-10,2212.4239,2212.4239,0,331.4786,155241343,defillama-protocol (token units)
money_market,SparkLend,sparklend,2024-11,3207.4176,3207.4176,0,18.1161,308887487,defillama-protocol (token units)
money_market,SparkLend,sparklend,2024-12,4436.0319,4436.0319,0,35.6966,413864843,defillama-protocol (token units)
money_market,SparkLend,sparklend,2025-01,3311.3266,3311.3266,0,39.0794,338443078,defillama-protocol (token units)
money_market,SparkLend,sparklend,2025-02,3141.1747,3141.1747,0,43.5937,264969438,defillama-protocol (token units)
money_market,SparkLend,sparklend,2025-03,2594.3715,2353.7714,240.6001,226.8171,213779481,defillama-protocol (token units)
money_market,SparkLend,sparklend,2025-04,4007.3129,3694.0603,313.2526,38.3132,377322186,defillama-protocol (token units)
money_market,SparkLend,sparklend,2025-05,5424.5826,4252.1593,1172.4233,239.8442,568017700,defillama-protocol (token units)
money_market,SparkLend,sparklend,2025-06,4852.2497,3004.1827,1848.067,216.1662,519946765,defillama-protocol (token units)
money_market,SparkLend,sparklend,2025-07,6006.3959,4685.5123,1320.8835,282.3508,694974793,defillama-protocol (token units)
money_market,SparkLend,sparklend,2025-08,5717.5456,4117.0825,1600.4631,384.0259,618354517,defillama-protocol (token units)
money_market,SparkLend,sparklend,2025-09,7839.5556,5517.2338,2322.3218,12.5771,895321743,defillama-protocol (token units)
money_market,SparkLend,sparklend,2025-10,11966.6312,9226.5878,2740.0434,74.2325,1309371323,defillama-protocol (token units)
money_market,SparkLend,sparklend,2025-11,4721.2116,1670.5341,3050.6776,138.9382,425190839,defillama-protocol (token units)
money_market,SparkLend,sparklend,2025-12,4640.7567,2194.4971,2446.2596,100.6648,406351172,defillama-protocol (token units)
money_market,SparkLend,sparklend,2026-01,5679.7102,2885.9161,2793.7941,113.4429,449798884,defillama-protocol (token units)
money_market,SparkLend,sparklend,2026-02,3903.8329,731.1411,3172.6917,77.7815,261423415,defillama-protocol (token units)
money_market,SparkLend,sparklend,2026-03,3416.2517,704.5393,2711.7124,76.0097,232785120,defillama-protocol (token units)
money_market,SparkLend,sparklend,2026-04,7522.0786,4177.7497,3344.3289,102.4987,574330996,defillama-protocol (token units)
money_market,SparkLend,sparklend,2026-05,9717.1075,6618.4486,3098.6588,52.1984,716095363,defillama-protocol (token units)
money_market,SparkLend,sparklend,2026-06,8768.3885,5432.989,3335.3995,94.1857,512246691,defillama-protocol (token units)
money_market,SparkLend,sparklend,2026-07,8573.1846,5250.0694,3323.1152,55.2576,540859702,defillama-protocol (token units)
money_market,SparkLend,sparklend,2026-08,8068.9802,4753.9352,3315.0449,51.859,635705971,defillama-protocol (token units)
money_market,SparkLend,sparklend,2026-09,10637.1026,7896.2629,2740.8398,169.4239,864185683,defillama-protocol (token units)
money_market,Venus Core Pool,venus-core-pool,2024-09,9948.2209,9948.2209,0,632.5399,633813324,defillama-protocol (token units)
money_market,Venus Core Pool,venus-core-pool,2024-10,8642.409,8642.409,0,961.3202,607353674,defillama-protocol (token units)
money_market,Venus Core Pool,venus-core-pool,2024-11,8300.1586,8300.1586,0,712.5769,801750391,defillama-protocol (token units)
money_market,Venus Core Pool,venus-core-pool,2024-12,9813.1432,9813.1432,0,658.217,916340336,defillama-protocol (token units)
money_market,Venus Core Pool,venus-core-pool,2025-01,8039.7104,8039.7104,0,647.7476,821208948,defillama-protocol (token units)
money_market,Venus Core Pool,venus-core-pool,2025-02,8737.8472,8736.4498,1.3974,517.3416,737702980,defillama-protocol (token units)
money_market,Venus Core Pool,venus-core-pool,2025-03,8576.6517,8575.3428,1.3088,566.7145,707146875,defillama-protocol (token units)
money_market,Venus Core Pool,venus-core-pool,2025-04,7783.0097,7781.1626,1.8471,493.9585,733877388,defillama-protocol (token units)
money_market,Venus Core Pool,venus-core-pool,2025-05,7486.801,7483.9704,2.8306,548.4221,783889364,defillama-protocol (token units)
money_market,Venus Core Pool,venus-core-pool,2025-06,8745.3549,8242.7046,502.6503,612.2725,936644003,defillama-protocol (token units)
money_market,Venus Core Pool,venus-core-pool,2025-07,9285.4373,8542.1521,743.2852,945.6743,1078414128,defillama-protocol (token units)
money_market,Venus Core Pool,venus-core-pool,2025-08,9491.1445,8251.7384,1239.4062,1124.1039,1028983598,defillama-protocol (token units)
money_market,Venus Core Pool,venus-core-pool,2025-09,9427.2701,8074.108,1353.1621,1432.0698,1071325758,defillama-protocol (token units)
money_market,Venus Core Pool,venus-core-pool,2025-10,10218.7674,8872.85,1345.9174,998.4372,1117151392,defillama-protocol (token units)
money_market,Venus Core Pool,venus-core-pool,2025-11,8652.7593,7941.5532,711.206,1151.863,756335088,defillama-protocol (token units)
money_market,Venus Core Pool,venus-core-pool,2025-12,9112.8623,8426.7721,686.0902,1227.2635,797121365,defillama-protocol (token units)
money_market,Venus Core Pool,venus-core-pool,2026-01,8420.7071,7616.8763,803.8308,1602.2595,666793055,defillama-protocol (token units)
money_market,Venus Core Pool,venus-core-pool,2026-02,7899.6812,7319.7122,579.969,1600.5354,524326843,defillama-protocol (token units)
money_market,Venus Core Pool,venus-core-pool,2026-03,7738.6607,7201.002,537.6587,1618.5856,524859861,defillama-protocol (token units)
money_market,Venus Core Pool,venus-core-pool,2026-04,7410.3144,6600.2679,810.0464,1608.1831,565754101,defillama-protocol (token units)
money_market,Venus Core Pool,venus-core-pool,2026-05,6923.0211,6179.9589,743.0621,1646.2219,509297637,defillama-protocol (token units)
money_market,Venus Core Pool,venus-core-pool,2026-06,7463.8858,6720.7332,743.1526,1547.244,437015264,defillama-protocol (token units)
money_market,Venus Core Pool,venus-core-pool,2026-07,7606.8933,6864.2809,742.6124,1539.0173,476006546,defillama-protocol (token units)
money_market,Venus Core Pool,venus-core-pool,2026-08,7866.7614,7074.294,792.4673,1384.886,616402940,defillama-protocol (token units)
money_market,Venus Core Pool,venus-core-pool,2026-09,7998.4407,7205.9736,792.4671,1341.8792,647856481,defillama-protocol (token units)
money_market,Compound V3,compound-v3,2024-09,9746.4863,9746.4863,0,0,619432045,defillama-protocol (token units)
money_market,Compound V3,compound-v3,2024-10,9743.7714,9743.7714,0,0,683750773,defillama-protocol (token units)
money_market,Compound V3,compound-v3,2024-11,9078.7057,9078.7057,0,0,874603679,defillama-protocol (token units)
money_market,Compound V3,compound-v3,2024-12,9506.6164,9506.6164,0,0,885998071,defillama-protocol (token units)
money_market,Compound V3,compound-v3,2025-01,9202.5254,9202.5254,0,0,942690212,defillama-protocol (token units)
money_market,Compound V3,compound-v3,2025-02,9455.3183,9455.3183,0,0,792963943,defillama-protocol (token units)
money_market,Compound V3,compound-v3,2025-03,9625.944,9625.944,0,0,792386581,defillama-protocol (token units)
money_market,Compound V3,compound-v3,2025-04,9867.9839,9867.9839,0,0,929432174,defillama-protocol (token units)
money_market,Compound V3,compound-v3,2025-05,9635.1277,9635.1277,0,0,1008972467,defillama-protocol (token units)
money_market,Compound V3,compound-v3,2025-06,9703.4366,9703.4366,0,0,1041259859,defillama-protocol (token units)
money_market,Compound V3,compound-v3,2025-07,9225.98,9225.98,0,0,1066288966,defillama-protocol (token units)
money_market,Compound V3,compound-v3,2025-08,9107.9747,9107.9747,0,0,986216105,defillama-protocol (token units)
money_market,Compound V3,compound-v3,2025-09,9072.7497,9072.7497,0,0,1036933584,defillama-protocol (token units)
money_market,Compound V3,compound-v3,2025-10,8783.4961,8783.4961,0,0,960113927,defillama-protocol (token units)
money_market,Compound V3,compound-v3,2025-11,8128.6006,8128.6006,0,0,724957175,defillama-protocol (token units)
money_market,Compound V3,compound-v3,2025-12,8150.4723,8150.4723,0,0,712940770,defillama-protocol (token units)
money_market,Compound V3,compound-v3,2026-01,7984.4908,7984.4908,0,0,630801532,defillama-protocol (token units)
money_market,Compound V3,compound-v3,2026-02,7620.7433,7620.7433,0,0,508582966,defillama-protocol (token units)
money_market,Compound V3,compound-v3,2026-03,7246.4051,7246.4051,0,0,493078330,defillama-protocol (token units)
money_market,Compound V3,compound-v3,2026-04,7267.6836,7267.6836,0,0,552603107,defillama-protocol (token units)
money_market,Compound V3,compound-v3,2026-05,7275.9007,7275.9007,0,0,535386747,defillama-protocol (token units)
money_market,Compound V3,compound-v3,2026-06,8187.063,8187.063,0,0,478755529,defillama-protocol (token units)
money_market,Compound V3,compound-v3,2026-07,8007.1355,8007.1355,0,0,504087944,defillama-protocol (token units)
money_market,Compound V3,compound-v3,2026-08,7991.262,7991.262,0.0,4.8402,628220087,defillama-protocol (token units)
money_market,Compound V3,compound-v3,2026-09,7663.4089,7663.4089,0.0,2.8565,622316626,defillama-protocol (token units)
money_market,JustLend V1,justlend-v1,2024-09,42992.1227,42992.1227,0,6.719,2738125300,defillama-protocol (token units)
money_market,JustLend V1,justlend-v1,2024-10,7388.7637,7388.7637,0,5.3746,520434963,defillama-protocol (token units)
money_market,JustLend V1,justlend-v1,2024-11,7488.5709,7488.5709,0,7.1957,719397052,defillama-protocol (token units)
money_market,JustLend V1,justlend-v1,2024-12,7352.1857,7352.1857,0,5.2449,692546487,defillama-protocol (token units)
money_market,JustLend V1,justlend-v1,2025-01,7558.8142,7558.8142,0,5.5669,768595341,defillama-protocol (token units)
money_market,JustLend V1,justlend-v1,2025-02,6774.541,6774.541,0,22.3093,565599654,defillama-protocol (token units)
money_market,JustLend V1,justlend-v1,2025-03,6790.6295,6790.6295,0,5.6899,561367758,defillama-protocol (token units)
money_market,JustLend V1,justlend-v1,2025-04,6752.5918,6752.5918,0,5.3152,638045646,defillama-protocol (token units)
money_market,JustLend V1,justlend-v1,2025-05,6789.6286,6789.6286,0,5.2684,705720783,defillama-protocol (token units)
money_market,JustLend V1,justlend-v1,2025-06,6784.8103,6784.8103,0,5.2589,732759514,defillama-protocol (token units)
money_market,JustLend V1,justlend-v1,2025-07,6815.4469,6815.4469,0,11.0928,797734425,defillama-protocol (token units)
money_market,JustLend V1,justlend-v1,2025-08,6784.7675,6784.7675,0,11.6349,736656131,defillama-protocol (token units)
money_market,JustLend V1,justlend-v1,2025-09,6758.1349,6758.1349,0,52.4464,766176508,defillama-protocol (token units)
money_market,JustLend V1,justlend-v1,2025-10,6632.5571,6632.5571,0,49.8802,732215196,defillama-protocol (token units)
money_market,JustLend V1,justlend-v1,2025-11,6660.5984,6660.5984,0,44.7156,580693114,defillama-protocol (token units)
money_market,JustLend V1,justlend-v1,2025-12,6682.2965,6682.2965,0,45.0284,581691109,defillama-protocol (token units)
money_market,JustLend V1,justlend-v1,2026-01,6715.0755,6715.0755,0,48.6058,531133292,defillama-protocol (token units)
money_market,JustLend V1,justlend-v1,2026-02,6749.9871,6749.9871,0,33.4509,451536556,defillama-protocol (token units)
money_market,JustLend V1,justlend-v1,2026-03,6738.305,6738.305,0,35.2887,459520038,defillama-protocol (token units)
money_market,JustLend V1,justlend-v1,2026-04,6737.5224,6737.5224,0,12.343,515780688,defillama-protocol (token units)
money_market,JustLend V1,justlend-v1,2026-05,6621.3536,6621.3536,0,36.7915,486657006,defillama-protocol (token units)
money_market,JustLend V1,justlend-v1,2026-06,6597.8864,6597.8864,0,65.1809,384510273,defillama-protocol (token units)
money_market,JustLend V1,justlend-v1,2026-07,6599.3075,6599.3075,0,63.7636,413246813,defillama-protocol (token units)
money_market,JustLend V1,justlend-v1,2026-08,6664.7134,6664.7134,0,5.3861,527591633,defillama-protocol (token units)
money_market,JustLend V1,justlend-v1,2026-09,6650.2627,6650.2627,0,18.8189,539166586,defillama-protocol (token units)
money_market,Lista Lending,lista-lending,2024-09,0,0,0,0,0,defillama-protocol (token units)
money_market,Lista Lending,lista-lending,2024-10,0,0,0,0,0,defillama-protocol (token units)
money_market,Lista Lending,lista-lending,2024-11,0,0,0,0,0,defillama-protocol (token units)
money_market,Lista Lending,lista-lending,2024-12,0,0,0,0,0,defillama-protocol (token units)
money_market,Lista Lending,lista-lending,2025-01,0,0,0,0,0,defillama-protocol (token units)
money_market,Lista Lending,lista-lending,2025-02,0,0,0,0,0,defillama-protocol (token units)
money_market,Lista Lending,lista-lending,2025-03,0,0,0,0,0,defillama-protocol (token units)
money_market,Lista Lending,lista-lending,2025-04,1996.0379,1996.0379,0,0,188157296,defillama-protocol (token units)
money_market,Lista Lending,lista-lending,2025-05,4785.1355,4785.1355,0,0.0004,501048578,defillama-protocol (token units)
money_market,Lista Lending,lista-lending,2025-06,4318.8491,4318.8491,0,0.0004,463708773,defillama-protocol (token units)
money_market,Lista Lending,lista-lending,2025-07,4838.0983,4838.0983,0,0.0044,558162150,defillama-protocol (token units)
money_market,Lista Lending,lista-lending,2025-08,4450.9075,4450.9075,0,1.7571,481429808,defillama-protocol (token units)
money_market,Lista Lending,lista-lending,2025-09,5290.5242,5290.5242,0,0.6773,601472880,defillama-protocol (token units)
money_market,Lista Lending,lista-lending,2025-10,5429.1297,5429.1297,0,0.037,593257851,defillama-protocol (token units)
money_market,Lista Lending,lista-lending,2025-11,3908.6821,3908.6821,0,0.0366,340973977,defillama-protocol (token units)
money_market,Lista Lending,lista-lending,2025-12,2550.9347,2550.9347,0,0.0412,223257754,defillama-protocol (token units)
money_market,Lista Lending,lista-lending,2026-01,1721.0897,1721.0897,0,0.0028,135465315,defillama-protocol (token units)
money_market,Lista Lending,lista-lending,2026-02,2331.8749,2331.8749,0,0.0028,155905069,defillama-protocol (token units)
money_market,Lista Lending,lista-lending,2026-03,1077.5703,1077.5703,0,0.0041,73490431,defillama-protocol (token units)
money_market,Lista Lending,lista-lending,2026-04,744.4734,744.4734,0,0.0039,56901617,defillama-protocol (token units)
money_market,Lista Lending,lista-lending,2026-05,1710.8526,1710.8526,0,0.0381,125900860,defillama-protocol (token units)
money_market,Lista Lending,lista-lending,2026-06,2798.9986,2798.9986,0,0.114,163722641,defillama-protocol (token units)
money_market,Lista Lending,lista-lending,2026-07,3195.1502,3195.1502,0,0,201030507,defillama-protocol (token units)
money_market,Lista Lending,lista-lending,2026-08,3246.4015,3246.4015,0,0,254689750,defillama-protocol (token units)
money_market,Lista Lending,lista-lending,2026-09,3075.5657,3075.5657,0,0,249238620,defillama-protocol (token units)
money_market,Aave V4,aave-v4,2024-09,0,0,0,0,0,defillama-protocol (token units)
money_market,Aave V4,aave-v4,2024-10,0,0,0,0,0,defillama-protocol (token units)
money_market,Aave V4,aave-v4,2024-11,0,0,0,0,0,defillama-protocol (token units)
money_market,Aave V4,aave-v4,2024-12,0,0,0,0,0,defillama-protocol (token units)
money_market,Aave V4,aave-v4,2025-01,0,0,0,0,0,defillama-protocol (token units)
money_market,Aave V4,aave-v4,2025-02,0,0,0,0,0,defillama-protocol (token units)
money_market,Aave V4,aave-v4,2025-03,0,0,0,0,0,defillama-protocol (token units)
money_market,Aave V4,aave-v4,2025-04,0,0,0,0,0,defillama-protocol (token units)
money_market,Aave V4,aave-v4,2025-05,0,0,0,0,0,defillama-protocol (token units)
money_market,Aave V4,aave-v4,2025-06,0,0,0,0,0,defillama-protocol (token units)
money_market,Aave V4,aave-v4,2025-07,0,0,0,0,0,defillama-protocol (token units)
money_market,Aave V4,aave-v4,2025-08,0,0,0,0,0,defillama-protocol (token units)
money_market,Aave V4,aave-v4,2025-09,0,0,0,0,0,defillama-protocol (token units)
money_market,Aave V4,aave-v4,2025-10,0,0,0,0,0,defillama-protocol (token units)
money_market,Aave V4,aave-v4,2025-11,0,0,0,0,0,defillama-protocol (token units)
money_market,Aave V4,aave-v4,2025-12,0,0,0,0,0,defillama-protocol (token units)
money_market,Aave V4,aave-v4,2026-01,0,0,0,0,0,defillama-protocol (token units)
money_market,Aave V4,aave-v4,2026-02,0,0,0,0,0,defillama-protocol (token units)
money_market,Aave V4,aave-v4,2026-03,2.2697,2.2697,0.0,0.0001,154263,defillama-protocol (token units)
money_market,Aave V4,aave-v4,2026-04,79.0519,79.0515,0.0004,1.2505,6030435,defillama-protocol (token units)
money_market,Aave V4,aave-v4,2026-05,213.5983,213.5983,0.0,2.5533,15723874,defillama-protocol (token units)
money_market,Aave V4,aave-v4,2026-06,833.943,833.9428,0.0002,8.8459,48768643,defillama-protocol (token units)
money_market,Aave V4,aave-v4,2026-07,1061.4212,1061.3957,0.0255,2.2769,66762588,defillama-protocol (token units)
money_market,Aave V4,aave-v4,2026-08,1030.754,1030.7268,0.0271,5.082,80992889,defillama-protocol (token units)
money_market,Aave V4,aave-v4,2026-09,1164.0839,1164.0177,0.0662,3.0544,94540701,defillama-protocol (token units)
money_market,Tydro,tydro,2024-09,0,0,0,0,0,defillama-protocol (token units)
money_market,Tydro,tydro,2024-10,0,0,0,0,0,defillama-protocol (token units)
money_market,Tydro,tydro,2024-11,0,0,0,0,0,defillama-protocol (token units)
money_market,Tydro,tydro,2024-12,0,0,0,0,0,defillama-protocol (token units)
money_market,Tydro,tydro,2025-01,0,0,0,0,0,defillama-protocol (token units)
money_market,Tydro,tydro,2025-02,0,0,0,0,0,defillama-protocol (token units)
money_market,Tydro,tydro,2025-03,0,0,0,0,0,defillama-protocol (token units)
money_market,Tydro,tydro,2025-04,0,0,0,0,0,defillama-protocol (token units)
money_market,Tydro,tydro,2025-05,0,0,0,0,0,defillama-protocol (token units)
money_market,Tydro,tydro,2025-06,0,0,0,0,0,defillama-protocol (token units)
money_market,Tydro,tydro,2025-07,0,0,0,0,0,defillama-protocol (token units)
money_market,Tydro,tydro,2025-08,0,0,0,0,0,defillama-protocol (token units)
money_market,Tydro,tydro,2025-09,0,0,0,0,0,defillama-protocol (token units)
money_market,Tydro,tydro,2025-10,614.1488,614.1488,0,4.8311,67337876,defillama-protocol (token units)
money_market,Tydro,tydro,2025-11,1000.8321,1000.8321,0,56.66,90590293,defillama-protocol (token units)
money_market,Tydro,tydro,2025-12,1450.3329,1450.3329,0,49.5039,126874739,defillama-protocol (token units)
money_market,Tydro,tydro,2026-01,2221.6166,2221.6166,0,27.9178,175127676,defillama-protocol (token units)
money_market,Tydro,tydro,2026-02,1973.7442,1973.7442,0,9.3705,132847293,defillama-protocol (token units)
money_market,Tydro,tydro,2026-03,2127.0535,2127.0535,0,10.2358,144818747,defillama-protocol (token units)
money_market,Tydro,tydro,2026-04,1548.1496,1548.1496,0,197.0883,118502363,defillama-protocol (token units)
money_market,Tydro,tydro,2026-05,1692.8496,1692.8496,0,38.9041,124280519,defillama-protocol (token units)
money_market,Tydro,tydro,2026-06,306.078,306.078,0,23.3323,17893651,defillama-protocol (token units)
money_market,Tydro,tydro,2026-07,284.8585,284.8585,0,19.3953,17935177,defillama-protocol (token units)
money_market,Tydro,tydro,2026-08,629.4795,629.4795,0,3.8484,49547173,defillama-protocol (token units)
money_market,Tydro,tydro,2026-09,1150.2154,1150.2154,0,3.8072,93499182,defillama-protocol (token units)
money_market,Kamino Lend,kamino-lend,2024-09,242.1351,242.1351,0,98.7761,15327628,defillama-protocol (token units)
money_market,Kamino Lend,kamino-lend,2024-10,146.1689,146.1689,0,80.4796,10282725,defillama-protocol (token units)
money_market,Kamino Lend,kamino-lend,2024-11,442.544,442.544,0,246.6345,42673422,defillama-protocol (token units)
money_market,Kamino Lend,kamino-lend,2024-12,617.9449,617.9449,0,61.3688,57773591,defillama-protocol (token units)
money_market,Kamino Lend,kamino-lend,2025-01,1291.3623,1291.3623,0,47.0859,132363215,defillama-protocol (token units)
money_market,Kamino Lend,kamino-lend,2025-02,1857.8297,1857.8297,0,41.8059,156646607,defillama-protocol (token units)
money_market,Kamino Lend,kamino-lend,2025-03,1906.2017,1906.2017,0,99.2722,157346910,defillama-protocol (token units)
money_market,Kamino Lend,kamino-lend,2025-04,2085.8708,2085.8708,0,59.4605,196363873,defillama-protocol (token units)
money_market,Kamino Lend,kamino-lend,2025-05,1440.3826,1440.3826,0,44.7811,150907135,defillama-protocol (token units)
money_market,Kamino Lend,kamino-lend,2025-06,1986.9989,1986.9989,0,93.1637,212933208,defillama-protocol (token units)
money_market,Kamino Lend,kamino-lend,2025-07,2273.2758,2273.2758,0,87.5389,263099347,defillama-protocol (token units)
money_market,Kamino Lend,kamino-lend,2025-08,2682.4028,2682.4028,0,70.8169,290094694,defillama-protocol (token units)
money_market,Kamino Lend,kamino-lend,2025-09,3686.7075,3661.5308,25.1767,49.3936,420843677,defillama-protocol (token units)
money_market,Kamino Lend,kamino-lend,2025-10,1257.9807,1250.3315,7.6493,24.6767,137667074,defillama-protocol (token units)
money_market,Kamino Lend,kamino-lend,2025-11,1486.3265,1477.104,9.2226,16.2703,129827227,defillama-protocol (token units)
money_market,Kamino Lend,kamino-lend,2025-12,1611.6269,1604.8542,6.7728,17.5515,141175579,defillama-protocol (token units)
money_market,Kamino Lend,kamino-lend,2026-01,1917.1857,1911.8471,5.3386,20.2244,151665783,defillama-protocol (token units)
money_market,Kamino Lend,kamino-lend,2026-02,3333.3226,3327.8531,5.4695,17.4802,222614031,defillama-protocol (token units)
money_market,Kamino Lend,kamino-lend,2026-03,2242.0148,2236.2988,5.716,33.4757,152936137,defillama-protocol (token units)
money_market,Kamino Lend,kamino-lend,2026-04,1297.824,1293.273,4.5511,42.5804,99212555,defillama-protocol (token units)
money_market,Kamino Lend,kamino-lend,2026-05,1317.3673,1315.4502,1.9172,41.8325,97023445,defillama-protocol (token units)
money_market,Kamino Lend,kamino-lend,2026-06,863.8237,861.9678,1.8559,95.7349,50541657,defillama-protocol (token units)
money_market,Kamino Lend,kamino-lend,2026-07,966.9989,965.1447,1.8541,25.6536,60787747,defillama-protocol (token units)
money_market,Kamino Lend,kamino-lend,2026-08,1216.0304,1214.5384,1.492,28.331,95683569,defillama-protocol (token units)
money_market,Kamino Lend,kamino-lend,2026-09,1070.748,1069.3393,1.4087,26.1316,86977004,defillama-protocol (token units)
money_market,Fluid Lending,fluid-lending,2024-09,666.112,666.112,0,262.2758,42344529,defillama-protocol (token units)
money_market,Fluid Lending,fluid-lending,2024-10,458.9437,458.9437,0,337.5847,32280110,defillama-protocol (token units)
money_market,Fluid Lending,fluid-lending,2024-11,492.4946,492.4946,0,531.1486,47482571,defillama-protocol (token units)
money_market,Fluid Lending,fluid-lending,2024-12,1142.3638,1142.3638,0,393.5152,106552286,defillama-protocol (token units)
money_market,Fluid Lending,fluid-lending,2025-01,1438.71,1424.8741,13.8359,491.8431,147317657,defillama-protocol (token units)
money_market,Fluid Lending,fluid-lending,2025-02,1306.3289,1188.1233,118.2057,476.4129,109673699,defillama-protocol (token units)
money_market,Fluid Lending,fluid-lending,2025-03,1365.4332,1254.6904,110.7428,445.8,112749212,defillama-protocol (token units)
money_market,Fluid Lending,fluid-lending,2025-04,1522.5419,1356.1079,166.434,497.9213,143272742,defillama-protocol (token units)
money_market,Fluid Lending,fluid-lending,2025-05,1687.3321,1177.405,509.9271,896.0417,176619431,defillama-protocol (token units)
money_market,Fluid Lending,fluid-lending,2025-06,1743.8591,1454.3339,289.5252,754.2866,187249804,defillama-protocol (token units)
money_market,Fluid Lending,fluid-lending,2025-07,1753.0446,1503.6293,249.4153,879.6254,202790275,defillama-protocol (token units)
money_market,Fluid Lending,fluid-lending,2025-08,1503.7546,1346.6832,157.0714,881.1983,162581938,defillama-protocol (token units)
money_market,Fluid Lending,fluid-lending,2025-09,1539.5534,1330.5977,208.9557,811.3036,175821112,defillama-protocol (token units)
money_market,Fluid Lending,fluid-lending,2025-10,1384.9194,1262.7077,122.2117,541.6111,151766877,defillama-protocol (token units)
money_market,Fluid Lending,fluid-lending,2025-11,1185.5848,1148.0528,37.532,455.5405,103380318,defillama-protocol (token units)
money_market,Fluid Lending,fluid-lending,2025-12,1015.1459,985.8312,29.3147,409.539,88674945,defillama-protocol (token units)
money_market,Fluid Lending,fluid-lending,2026-01,1084.4295,1053.9326,30.4969,330.9261,85669941,defillama-protocol (token units)
money_market,Fluid Lending,fluid-lending,2026-02,1252.1734,1227.0788,25.0946,353.7812,83258705,defillama-protocol (token units)
money_market,Fluid Lending,fluid-lending,2026-03,1041.4163,1025.7314,15.6849,249.7963,70877556,defillama-protocol (token units)
money_market,Fluid Lending,fluid-lending,2026-04,985.1176,941.5087,43.6089,277.7708,75172045,defillama-protocol (token units)
money_market,Fluid Lending,fluid-lending,2026-05,932.8504,916.1964,16.654,275.9205,68636968,defillama-protocol (token units)
money_market,Fluid Lending,fluid-lending,2026-06,1518.5003,1485.6685,32.8318,266.9815,88048933,defillama-protocol (token units)
money_market,Fluid Lending,fluid-lending,2026-07,746.8102,728.9853,17.8248,290.1456,46987147,defillama-protocol (token units)
money_market,Fluid Lending,fluid-lending,2026-08,764.8499,749.9435,14.9064,237.7731,60107809,defillama-protocol (token units)
money_market,Fluid Lending,fluid-lending,2026-09,812.9552,776.2664,36.6888,175.6293,66031269,defillama-protocol (token units)
money_market,NAVI Lending,navi-lending,2024-09,1.0366,1.0366,0,0.0959,66061,defillama-protocol (token units)
money_market,NAVI Lending,navi-lending,2024-10,3.1827,3.1827,0,0.5055,224492,defillama-protocol (token units)
money_market,NAVI Lending,navi-lending,2024-11,553.4903,3.476,550.0143,0.4292,51394393,defillama-protocol (token units)
money_market,NAVI Lending,navi-lending,2024-12,554.8983,4.5628,550.3356,0.3992,51400837,defillama-protocol (token units)
money_market,NAVI Lending,navi-lending,2025-01,558.0632,7.6978,550.3654,0.6021,56308600,defillama-protocol (token units)
money_market,NAVI Lending,navi-lending,2025-02,773.47,223.796,549.6739,2.7573,64706003,defillama-protocol (token units)
money_market,NAVI Lending,navi-lending,2025-03,868.5907,180.6163,687.9743,54.998,71475799,defillama-protocol (token units)
money_market,NAVI Lending,navi-lending,2025-04,1254.2552,418.1085,836.1467,47.5454,117808022,defillama-protocol (token units)
money_market,NAVI Lending,navi-lending,2025-05,1355.0784,437.6075,917.4709,23.4148,140962270,defillama-protocol (token units)
money_market,NAVI Lending,navi-lending,2025-06,1686.106,662.4102,1023.6958,30.1633,180156972,defillama-protocol (token units)
money_market,NAVI Lending,navi-lending,2025-07,1866.7573,823.512,1043.2453,38.2005,215726688,defillama-protocol (token units)
money_market,NAVI Lending,navi-lending,2025-08,2251.5264,1413.3059,838.2204,101.6564,243365620,defillama-protocol (token units)
money_market,NAVI Lending,navi-lending,2025-09,2316.7489,1889.0557,427.6932,464.8354,264240409,defillama-protocol (token units)
money_market,NAVI Lending,navi-lending,2025-10,1394.9624,985.4256,409.5369,445.9205,152290922,defillama-protocol (token units)
money_market,NAVI Lending,navi-lending,2025-11,736.0172,631.5619,104.4554,407.7319,66531695,defillama-protocol (token units)
money_market,NAVI Lending,navi-lending,2025-12,1263.5421,1225.8279,37.7142,423.5192,110411619,defillama-protocol (token units)
money_market,NAVI Lending,navi-lending,2026-01,1163.4341,1132.545,30.8891,424.9579,91247611,defillama-protocol (token units)
money_market,NAVI Lending,navi-lending,2026-02,1248.3716,1189.2059,59.1657,330.6752,90398245,defillama-protocol (token units)
money_market,NAVI Lending,navi-lending,2026-03,585.6084,532.431,53.1774,278.2566,39666690,defillama-protocol (token units)
money_market,NAVI Lending,navi-lending,2026-04,864.9785,818.6492,46.3293,276.1174,65608513,defillama-protocol (token units)
money_market,NAVI Lending,navi-lending,2026-05,861.8503,817.9119,43.9384,275.8182,63074322,defillama-protocol (token units)
money_market,NAVI Lending,navi-lending,2026-06,875.2506,829.2362,46.0144,256.8303,51005984,defillama-protocol (token units)
money_market,NAVI Lending,navi-lending,2026-07,854.2669,811.3633,42.9036,240.0817,53081271,defillama-protocol (token units)
money_market,NAVI Lending,navi-lending,2026-08,844.2223,801.9886,42.2337,130.0013,67926398,defillama-protocol (token units)
money_market,NAVI Lending,navi-lending,2026-09,843.4201,808.4866,34.9335,130.0049,67143297,defillama-protocol (token units)
money_market,TownSquare Lending,townsquare-lending,2024-09,0.0,0.0,0.0,0.0,0,defillama-yields-pool (enzoBTC tvlUsd / BTC price)
money_market,TownSquare Lending,townsquare-lending,2024-10,0.0,0.0,0.0,0.0,0,defillama-yields-pool (enzoBTC tvlUsd / BTC price)
money_market,TownSquare Lending,townsquare-lending,2024-11,0.0,0.0,0.0,0.0,0,defillama-yields-pool (enzoBTC tvlUsd / BTC price)
money_market,TownSquare Lending,townsquare-lending,2024-12,0.0,0.0,0.0,0.0,0,defillama-yields-pool (enzoBTC tvlUsd / BTC price)
money_market,TownSquare Lending,townsquare-lending,2025-01,0.0,0.0,0.0,0.0,0,defillama-yields-pool (enzoBTC tvlUsd / BTC price)
money_market,TownSquare Lending,townsquare-lending,2025-02,0.0,0.0,0.0,0.0,0,defillama-yields-pool (enzoBTC tvlUsd / BTC price)
money_market,TownSquare Lending,townsquare-lending,2025-03,0.0,0.0,0.0,0.0,0,defillama-yields-pool (enzoBTC tvlUsd / BTC price)
money_market,TownSquare Lending,townsquare-lending,2025-04,0.0,0.0,0.0,0.0,0,defillama-yields-pool (enzoBTC tvlUsd / BTC price)
money_market,TownSquare Lending,townsquare-lending,2025-05,0.0,0.0,0.0,0.0,0,defillama-yields-pool (enzoBTC tvlUsd / BTC price)
money_market,TownSquare Lending,townsquare-lending,2025-06,0.0,0.0,0.0,0.0,0,defillama-yields-pool (enzoBTC tvlUsd / BTC price)
money_market,TownSquare Lending,townsquare-lending,2025-07,0.0,0.0,0.0,0.0,0,defillama-yields-pool (enzoBTC tvlUsd / BTC price)
money_market,TownSquare Lending,townsquare-lending,2025-08,0.0,0.0,0.0,0.0,0,defillama-yields-pool (enzoBTC tvlUsd / BTC price)
money_market,TownSquare Lending,townsquare-lending,2025-09,0.0,0.0,0.0,0.0,0,defillama-yields-pool (enzoBTC tvlUsd / BTC price)
money_market,TownSquare Lending,townsquare-lending,2025-10,0.0,0.0,0.0,0.0,0,defillama-yields-pool (enzoBTC tvlUsd / BTC price)
money_market,TownSquare Lending,townsquare-lending,2025-11,0.0,0.0,0.0,0.0,0,defillama-yields-pool (enzoBTC tvlUsd / BTC price)
money_market,TownSquare Lending,townsquare-lending,2025-12,0.0,0.0,0.0,0.0,0,defillama-yields-pool (enzoBTC tvlUsd / BTC price)
money_market,TownSquare Lending,townsquare-lending,2026-01,0.0,0.0,0.0,0.0,0,defillama-yields-pool (enzoBTC tvlUsd / BTC price)
money_market,TownSquare Lending,townsquare-lending,2026-02,0.0,0.0,0.0,0.0,0,defillama-yields-pool (enzoBTC tvlUsd / BTC price)
money_market,TownSquare Lending,townsquare-lending,2026-03,0.0,0.0,0.0,0.0,0,defillama-yields-pool (enzoBTC tvlUsd / BTC price)
money_market,TownSquare Lending,townsquare-lending,2026-04,0.0146,0.0146,0.0,0.0,1111,defillama-yields-pool (enzoBTC tvlUsd / BTC price)
money_market,TownSquare Lending,townsquare-lending,2026-05,568.9357,568.9357,0.0,0.0,41915988,defillama-yields-pool (enzoBTC tvlUsd / BTC price)
money_market,TownSquare Lending,townsquare-lending,2026-06,951.9509,951.9509,0.0,0.0,55807847,defillama-yields-pool (enzoBTC tvlUsd / BTC price)
money_market,TownSquare Lending,townsquare-lending,2026-07,953.0547,953.0547,0.0,0.0,59935598,defillama-yields-pool (enzoBTC tvlUsd / BTC price)
money_market,TownSquare Lending,townsquare-lending,2026-08,951.5469,951.5469,0.0,0.0,74773782,defillama-yields-pool (enzoBTC tvlUsd / BTC price)
money_market,TownSquare Lending,townsquare-lending,2026-09,951.6574,951.6574,0.0,0.0,77253644,defillama-yields-pool (enzoBTC tvlUsd / BTC price)
money_market,Zest V2,zest-v2,2024-09,0,0,0,0,0,defillama-protocol (token units)
money_market,Zest V2,zest-v2,2024-10,0,0,0,0,0,defillama-protocol (token units)
money_market,Zest V2,zest-v2,2024-11,0,0,0,0,0,defillama-protocol (token units)
money_market,Zest V2,zest-v2,2024-12,0,0,0,0,0,defillama-protocol (token units)
money_market,Zest V2,zest-v2,2025-01,0,0,0,0,0,defillama-protocol (token units)
money_market,Zest V2,zest-v2,2025-02,0,0,0,0,0,defillama-protocol (token units)
money_market,Zest V2,zest-v2,2025-03,0,0,0,0,0,defillama-protocol (token units)
money_market,Zest V2,zest-v2,2025-04,0,0,0,0,0,defillama-protocol (token units)
money_market,Zest V2,zest-v2,2025-05,0,0,0,0,0,defillama-protocol (token units)
money_market,Zest V2,zest-v2,2025-06,0,0,0,0,0,defillama-protocol (token units)
money_market,Zest V2,zest-v2,2025-07,0,0,0,0,0,defillama-protocol (token units)
money_market,Zest V2,zest-v2,2025-08,0,0,0,0,0,defillama-protocol (token units)
money_market,Zest V2,zest-v2,2025-09,0,0,0,0,0,defillama-protocol (token units)
money_market,Zest V2,zest-v2,2025-10,0,0,0,0,0,defillama-protocol (token units)
money_market,Zest V2,zest-v2,2025-11,0,0,0,0,0,defillama-protocol (token units)
money_market,Zest V2,zest-v2,2025-12,0,0,0,0,0,defillama-protocol (token units)
money_market,Zest V2,zest-v2,2026-01,0,0,0,0,0,defillama-protocol (token units)
money_market,Zest V2,zest-v2,2026-02,537.244,537.244,0,0.0004,35827386,defillama-protocol (token units)
money_market,Zest V2,zest-v2,2026-03,672.5262,672.5262,0,0.0376,45709020,defillama-protocol (token units)
money_market,Zest V2,zest-v2,2026-04,794.9281,794.9281,0,10.2197,60520236,defillama-protocol (token units)
money_market,Zest V2,zest-v2,2026-05,820.9206,820.9206,0,10.4062,60546185,defillama-protocol (token units)
money_market,Zest V2,zest-v2,2026-06,762.8525,762.8525,0,14.2154,44632264,defillama-protocol (token units)
money_market,Zest V2,zest-v2,2026-07,753.8799,753.8799,0,14.2615,47721755,defillama-protocol (token units)
money_market,Zest V2,zest-v2,2026-08,722.4238,722.4238,0,2.0837,57451447,defillama-protocol (token units)
money_market,Zest V2,zest-v2,2026-09,597.9265,597.9265,0,73.3816,48921414,defillama-protocol (token units)
money_market,Accountable,accountable,2024-09,0,0,0,0,0,defillama-protocol (token units)
money_market,Accountable,accountable,2024-10,0,0,0,0,0,defillama-protocol (token units)
money_market,Accountable,accountable,2024-11,0,0,0,0,0,defillama-protocol (token units)
money_market,Accountable,accountable,2024-12,0,0,0,0,0,defillama-protocol (token units)
money_market,Accountable,accountable,2025-01,0,0,0,0,0,defillama-protocol (token units)
money_market,Accountable,accountable,2025-02,0,0,0,0,0,defillama-protocol (token units)
money_market,Accountable,accountable,2025-03,0,0,0,0,0,defillama-protocol (token units)
money_market,Accountable,accountable,2025-04,0,0,0,0,0,defillama-protocol (token units)
money_market,Accountable,accountable,2025-05,0,0,0,0,0,defillama-protocol (token units)
money_market,Accountable,accountable,2025-06,0,0,0,0,0,defillama-protocol (token units)
money_market,Accountable,accountable,2025-07,0,0,0,0,0,defillama-protocol (token units)
money_market,Accountable,accountable,2025-08,0,0,0,0,0,defillama-protocol (token units)
money_market,Accountable,accountable,2025-09,0,0,0,0,0,defillama-protocol (token units)
money_market,Accountable,accountable,2025-10,0,0,0,0,0,defillama-protocol (token units)
money_market,Accountable,accountable,2025-11,0,0,0,0,0,defillama-protocol (token units)
money_market,Accountable,accountable,2025-12,0,0,0,0,0,defillama-protocol (token units)
money_market,Accountable,accountable,2026-01,0,0,0,0,0,defillama-protocol (token units)
money_market,Accountable,accountable,2026-02,0.003,0.003,0,12.8114,201,defillama-protocol (token units)
money_market,Accountable,accountable,2026-03,1.003,1.003,0,12.839,68304,defillama-protocol (token units)
money_market,Accountable,accountable,2026-04,1.0257,1.0257,0,12.8684,78455,defillama-protocol (token units)
money_market,Accountable,accountable,2026-05,1.2727,1.2727,0,115.2447,93729,defillama-protocol (token units)
money_market,Accountable,accountable,2026-06,0.09,0.09,0,117.0124,5310,defillama-protocol (token units)
money_market,Accountable,accountable,2026-07,0.095,0.095,0,119.7375,5974,defillama-protocol (token units)
money_market,Accountable,accountable,2026-08,0.2374,0.2374,0,222.4338,18663,defillama-protocol (token units)
money_market,Accountable,accountable,2026-09,0.1855,0.1855,0,587.2595,15095,defillama-protocol (token units)
money_market,Takara Lend,takara-lend,2024-09,0,0,0,0,0,defillama-protocol (token units)
money_market,Takara Lend,takara-lend,2024-10,0,0,0,0,0,defillama-protocol (token units)
money_market,Takara Lend,takara-lend,2024-11,0,0,0,0,0,defillama-protocol (token units)
money_market,Takara Lend,takara-lend,2024-12,0,0,0,0,0,defillama-protocol (token units)
money_market,Takara Lend,takara-lend,2025-01,0,0,0,0,0,defillama-protocol (token units)
money_market,Takara Lend,takara-lend,2025-02,0,0,0,0,0,defillama-protocol (token units)
money_market,Takara Lend,takara-lend,2025-03,100.0,100.0,0,0,8168002,defillama-protocol (token units)
money_market,Takara Lend,takara-lend,2025-04,250.0043,250.0043,0,0.0012,23457154,defillama-protocol (token units)
money_market,Takara Lend,takara-lend,2025-05,250.0029,250.0029,0,0.3125,25771801,defillama-protocol (token units)
money_market,Takara Lend,takara-lend,2025-06,299.9963,299.9963,0,0.4222,31321966,defillama-protocol (token units)
money_market,Takara Lend,takara-lend,2025-07,399.9933,399.9933,0,0.9999,47407002,defillama-protocol (token units)
money_market,Takara Lend,takara-lend,2025-08,719.9002,719.9002,0,0.4933,78264161,defillama-protocol (token units)
money_market,Takara Lend,takara-lend,2025-09,719.9022,719.9022,0,0.9984,82125946,defillama-protocol (token units)
money_market,Takara Lend,takara-lend,2025-10,689.9031,689.9031,0,1.0,75117489,defillama-protocol (token units)
money_market,Takara Lend,takara-lend,2025-11,689.9148,689.9148,0,0.5829,61649736,defillama-protocol (token units)
money_market,Takara Lend,takara-lend,2025-12,439.9046,439.9046,0,0,38186492,defillama-protocol (token units)
money_market,Takara Lend,takara-lend,2026-01,689.7899,689.7899,0,0.945,57482359,defillama-protocol (token units)
money_market,Takara Lend,takara-lend,2026-02,692.9498,692.9498,0.0,0.0,46409106,defillama-yields-pools (protocol data shows 0 from 2026-02; enzoBTC/UBTC/M-BTC tvlUsd / BTC price)
money_market,Takara Lend,takara-lend,2026-03,646.781,646.781,0.0,0.0,44165106,defillama-yields-pools (protocol data shows 0 from 2026-02; enzoBTC/UBTC/M-BTC tvlUsd / BTC price)
money_market,Takara Lend,takara-lend,2026-04,578.7352,578.7352,0.0,0.0,44184446,defillama-yields-pools (protocol data shows 0 from 2026-02; enzoBTC/UBTC/M-BTC tvlUsd / BTC price)
money_market,Takara Lend,takara-lend,2026-05,559.6572,559.6572,0.0,0.0,41232402,defillama-yields-pools (protocol data shows 0 from 2026-02; enzoBTC/UBTC/M-BTC tvlUsd / BTC price)
money_market,Takara Lend,takara-lend,2026-06,558.5272,558.5272,0.0,0.0,32743496,defillama-yields-pools (protocol data shows 0 from 2026-02; enzoBTC/UBTC/M-BTC tvlUsd / BTC price)
money_market,Takara Lend,takara-lend,2026-07,545.0307,545.0307,0.0,0.0,34275830,defillama-yields-pools (protocol data shows 0 from 2026-02; enzoBTC/UBTC/M-BTC tvlUsd / BTC price)
money_market,Takara Lend,takara-lend,2026-08,544.2647,544.2647,0.0,0.0,42769023,defillama-yields-pools (protocol data shows 0 from 2026-02; enzoBTC/UBTC/M-BTC tvlUsd / BTC price)
money_market,Takara Lend,takara-lend,2026-09,544.5816,544.5816,0.0,0.0,44208047,defillama-yields-pools (protocol data shows 0 from 2026-02; enzoBTC/UBTC/M-BTC tvlUsd / BTC price)
money_market,Aave V2,aave-v2,2024-09,5462.325,5462.325,0,551.3967,347147363,defillama-protocol (token units)
money_market,Aave V2,aave-v2,2024-10,4484.9656,4484.9656,0,544.602,314759705,defillama-protocol (token units)
money_market,Aave V2,aave-v2,2024-11,3848.3412,3848.3412,0,167.2585,370701157,defillama-protocol (token units)
money_market,Aave V2,aave-v2,2024-12,3211.2332,3211.2332,0,181.4449,299335885,defillama-protocol (token units)
money_market,Aave V2,aave-v2,2025-01,2478.5746,2478.5746,0,156.4763,253195187,defillama-protocol (token units)
money_market,Aave V2,aave-v2,2025-02,2142.3508,2142.3508,0,142.0666,179647412,defillama-protocol (token units)
money_market,Aave V2,aave-v2,2025-03,1833.5481,1833.5481,0,72.4816,150962420,defillama-protocol (token units)
money_market,Aave V2,aave-v2,2025-04,1517.8907,1517.8907,0,38.1045,142762431,defillama-protocol (token units)
money_market,Aave V2,aave-v2,2025-05,1438.444,1438.444,0,33.4688,150244099,defillama-protocol (token units)
money_market,Aave V2,aave-v2,2025-06,966.8006,966.8006,0,32.884,103563516,defillama-protocol (token units)
money_market,Aave V2,aave-v2,2025-07,907.3601,907.3601,0,31.4537,104836652,defillama-protocol (token units)
money_market,Aave V2,aave-v2,2025-08,860.8033,860.8033,0,28.2349,93234020,defillama-protocol (token units)
money_market,Aave V2,aave-v2,2025-09,851.4757,851.4757,0,28.197,97275554,defillama-protocol (token units)
money_market,Aave V2,aave-v2,2025-10,829.3017,829.3017,0,21.3157,90904377,defillama-protocol (token units)
money_market,Aave V2,aave-v2,2025-11,759.9925,759.9925,0,5.0569,67913899,defillama-protocol (token units)
money_market,Aave V2,aave-v2,2025-12,733.964,733.964,0,4.6437,64046833,defillama-protocol (token units)
money_market,Aave V2,aave-v2,2026-01,725.2376,725.2376,0,4.6916,57177661,defillama-protocol (token units)
money_market,Aave V2,aave-v2,2026-02,674.474,674.474,0,3.5577,44818435,defillama-protocol (token units)
money_market,Aave V2,aave-v2,2026-03,647.4377,647.4377,0,3.5137,44064455,defillama-protocol (token units)
money_market,Aave V2,aave-v2,2026-04,605.1371,605.1371,0,3.3226,46137881,defillama-protocol (token units)
money_market,Aave V2,aave-v2,2026-05,591.4689,591.4689,0,3.1509,43504248,defillama-protocol (token units)
money_market,Aave V2,aave-v2,2026-06,588.7919,588.7919,0,3.1329,34324117,defillama-protocol (token units)
money_market,Aave V2,aave-v2,2026-07,583.2042,583.2042,0,3.1423,36718507,defillama-protocol (token units)
money_market,Aave V2,aave-v2,2026-08,421.7483,421.7483,0,3.1913,33136390,defillama-protocol (token units)
money_market,Aave V2,aave-v2,2026-09,420.0554,420.0554,0,2.9717,34140692,defillama-protocol (token units)
money_market,Compound V2,compound-v2,2024-09,4491.4598,4491.4598,0,17.2691,285418794,defillama-protocol (token units)
money_market,Compound V2,compound-v2,2024-10,4234.3133,4234.3133,0,13.1875,297100592,defillama-protocol (token units)
money_market,Compound V2,compound-v2,2024-11,3964.5342,3964.5342,0,12.9641,381867900,defillama-protocol (token units)
money_market,Compound V2,compound-v2,2024-12,3641.5611,3641.5611,0,15.9281,339368008,defillama-protocol (token units)
money_market,Compound V2,compound-v2,2025-01,3631.9068,3631.9068,0,15.7786,372128800,defillama-protocol (token units)
money_market,Compound V2,compound-v2,2025-02,3412.9924,3412.9924,0,12.7019,286131628,defillama-protocol (token units)
money_market,Compound V2,compound-v2,2025-03,2927.5469,2927.5469,0,11.461,241721695,defillama-protocol (token units)
money_market,Compound V2,compound-v2,2025-04,2841.6284,2841.6284,0,9.4827,267277887,defillama-protocol (token units)
money_market,Compound V2,compound-v2,2025-05,2692.1666,2692.1666,0,9.5206,281067577,defillama-protocol (token units)
money_market,Compound V2,compound-v2,2025-06,2640.3364,2640.3364,0,9.529,283289608,defillama-protocol (token units)
money_market,Compound V2,compound-v2,2025-07,2460.0021,2460.0021,0,9.4926,284233563,defillama-protocol (token units)
money_market,Compound V2,compound-v2,2025-08,2437.6249,2437.6249,0,9.5136,264024028,defillama-protocol (token units)
money_market,Compound V2,compound-v2,2025-09,2452.0851,2452.0851,0,8.5165,280398382,defillama-protocol (token units)
money_market,Compound V2,compound-v2,2025-10,2416.1684,2416.1684,0,8.5345,264069238,defillama-protocol (token units)
money_market,Compound V2,compound-v2,2025-11,2284.5406,2284.5406,0,8.5043,203398969,defillama-protocol (token units)
money_market,Compound V2,compound-v2,2025-12,1317.8678,1317.8678,0,4.7578,115260662,defillama-protocol (token units)
money_market,Compound V2,compound-v2,2026-01,771.1863,771.1863,0,4.6859,60909365,defillama-protocol (token units)
money_market,Compound V2,compound-v2,2026-02,496.5057,496.5057,0,2.2348,33122010,defillama-protocol (token units)
money_market,Compound V2,compound-v2,2026-03,490.787,490.787,0,1.7597,33391321,defillama-protocol (token units)
money_market,Compound V2,compound-v2,2026-04,487.0493,487.0493,0,1.7637,37142384,defillama-protocol (token units)
money_market,Compound V2,compound-v2,2026-05,346.5952,346.5952,0,1.7651,25508786,defillama-protocol (token units)
money_market,Compound V2,compound-v2,2026-06,333.2768,333.2768,0,0.8808,19488048,defillama-protocol (token units)
money_market,Compound V2,compound-v2,2026-07,301.1071,301.1071,0,0.7697,18958436,defillama-protocol (token units)
money_market,Compound V2,compound-v2,2026-08,294.4312,294.4312,0,0.7712,23125063,defillama-protocol (token units)
money_market,Compound V2,compound-v2,2026-09,290.018,290.018,0,0.7724,23578795,defillama-protocol (token units)
money_market,Jupiter Lend,jupiter-lend,2024-09,0,0,0,0,0,defillama-protocol (token units)
money_market,Jupiter Lend,jupiter-lend,2024-10,0,0,0,0,0,defillama-protocol (token units)
money_market,Jupiter Lend,jupiter-lend,2024-11,0,0,0,0,0,defillama-protocol (token units)
money_market,Jupiter Lend,jupiter-lend,2024-12,0,0,0,0,0,defillama-protocol (token units)
money_market,Jupiter Lend,jupiter-lend,2025-01,0,0,0,0,0,defillama-protocol (token units)
money_market,Jupiter Lend,jupiter-lend,2025-02,0,0,0,0,0,defillama-protocol (token units)
money_market,Jupiter Lend,jupiter-lend,2025-03,0,0,0,0,0,defillama-protocol (token units)
money_market,Jupiter Lend,jupiter-lend,2025-04,0,0,0,0,0,defillama-protocol (token units)
money_market,Jupiter Lend,jupiter-lend,2025-05,0,0,0,0,0,defillama-protocol (token units)
money_market,Jupiter Lend,jupiter-lend,2025-06,0,0,0,0,0,defillama-protocol (token units)
money_market,Jupiter Lend,jupiter-lend,2025-07,0,0,0,0,0,defillama-protocol (token units)
money_market,Jupiter Lend,jupiter-lend,2025-08,353.4943,52.5987,300.8956,1.4277,38218330,defillama-protocol (token units)
money_market,Jupiter Lend,jupiter-lend,2025-09,904.4194,211.3424,693.077,4.2176,103207228,defillama-protocol (token units)
money_market,Jupiter Lend,jupiter-lend,2025-10,931.2474,241.7161,689.5313,5.7974,102058844,defillama-protocol (token units)
money_market,Jupiter Lend,jupiter-lend,2025-11,1416.1799,668.666,747.5139,4.588,126683391,defillama-protocol (token units)
money_market,Jupiter Lend,jupiter-lend,2025-12,1510.9922,667.5054,843.4868,6.0315,132281600,defillama-protocol (token units)
money_market,Jupiter Lend,jupiter-lend,2026-01,1579.3219,729.1681,850.1538,9.8039,125010057,defillama-protocol (token units)
money_market,Jupiter Lend,jupiter-lend,2026-02,1391.5668,559.2797,832.2871,8.6031,93120018,defillama-protocol (token units)
money_market,Jupiter Lend,jupiter-lend,2026-03,1322.0425,690.3423,631.7003,6.1072,90225034,defillama-protocol (token units)
money_market,Jupiter Lend,jupiter-lend,2026-04,630.7799,266.6533,364.1266,13.102,48338526,defillama-protocol (token units)
money_market,Jupiter Lend,jupiter-lend,2026-05,366.7679,280.1214,86.6465,16.6522,27020435,defillama-protocol (token units)
money_market,Jupiter Lend,jupiter-lend,2026-06,375.3731,292.8085,82.5645,10.4504,21968503,defillama-protocol (token units)
money_market,Jupiter Lend,jupiter-lend,2026-07,342.0071,286.0491,55.958,10.5283,21535541,defillama-protocol (token units)
money_market,Jupiter Lend,jupiter-lend,2026-08,271.4717,222.7324,48.7393,9.1838,21370960,defillama-protocol (token units)
money_market,Jupiter Lend,jupiter-lend,2026-09,274.0856,237.2786,36.807,7.588,22287347,defillama-protocol (token units)
money_market,Benqi Lending,benqi-lending,2024-09,1403.6129,1403.6129,0,253.1488,89456926,defillama-protocol (token units)
money_market,Benqi Lending,benqi-lending,2024-10,1557.6073,1557.6073,0,311.7979,109751688,defillama-protocol (token units)
money_market,Benqi Lending,benqi-lending,2024-11,1509.4919,1509.4919,0,311.5574,145459992,defillama-protocol (token units)
money_market,Benqi Lending,benqi-lending,2024-12,1520.4554,1520.4554,0,411.2167,141752560,defillama-protocol (token units)
money_market,Benqi Lending,benqi-lending,2025-01,1216.3042,1216.3042,0,465.2957,124471536,defillama-protocol (token units)
money_market,Benqi Lending,benqi-lending,2025-02,1152.5041,1152.5041,0,321.2647,97453234,defillama-protocol (token units)
money_market,Benqi Lending,benqi-lending,2025-03,792.5999,792.5999,0,298.1337,65568472,defillama-protocol (token units)
money_market,Benqi Lending,benqi-lending,2025-04,850.3328,850.3328,0,302.4599,79988732,defillama-protocol (token units)
money_market,Benqi Lending,benqi-lending,2025-05,933.7433,933.7433,0,379.8177,97541648,defillama-protocol (token units)
money_market,Benqi Lending,benqi-lending,2025-06,932.2216,932.2216,0,349.8529,100013826,defillama-protocol (token units)
money_market,Benqi Lending,benqi-lending,2025-07,858.7005,858.7005,0,329.6398,99203735,defillama-protocol (token units)
money_market,Benqi Lending,benqi-lending,2025-08,888.0356,888.0356,0,311.2589,95715869,defillama-protocol (token units)
money_market,Benqi Lending,benqi-lending,2025-09,884.5096,884.5096,0,325.009,100972364,defillama-protocol (token units)
money_market,Benqi Lending,benqi-lending,2025-10,715.6895,715.6895,0,139.9416,78511015,defillama-protocol (token units)
money_market,Benqi Lending,benqi-lending,2025-11,244.3681,244.3681,0,277.9377,22033487,defillama-protocol (token units)
money_market,Benqi Lending,benqi-lending,2025-12,212.3588,212.3588,0,218.8036,18582877,defillama-protocol (token units)
money_market,Benqi Lending,benqi-lending,2026-01,287.6982,287.6982,0,208.457,22698440,defillama-protocol (token units)
money_market,Benqi Lending,benqi-lending,2026-02,86.5035,86.5035,0,323.9432,5774196,defillama-protocol (token units)
money_market,Benqi Lending,benqi-lending,2026-03,93.4065,93.4065,0,229.2535,6346791,defillama-protocol (token units)
money_market,Benqi Lending,benqi-lending,2026-04,104.3605,104.3605,0,165.7876,7963178,defillama-protocol (token units)
money_market,Benqi Lending,benqi-lending,2026-05,103.2967,103.2967,0,166.2008,7610662,defillama-protocol (token units)
money_market,Benqi Lending,benqi-lending,2026-06,88.3082,88.3082,0,164.8257,5159475,defillama-protocol (token units)
money_market,Benqi Lending,benqi-lending,2026-07,112.5966,112.5966,0,164.7551,7079613,defillama-protocol (token units)
money_market,Benqi Lending,benqi-lending,2026-08,86.5411,86.5411,0,170.9348,6810414,defillama-protocol (token units)
money_market,Benqi Lending,benqi-lending,2026-09,85.7554,85.7554,0,170.8238,6966326,defillama-protocol (token units)
money_market,Euler V2,euler-v2,2024-09,0,0,0,0,0,defillama-protocol (token units)
money_market,Euler V2,euler-v2,2024-10,1.0103,1.0103,0.0,0.0,71013,defillama-protocol (token units)
money_market,Euler V2,euler-v2,2024-11,214.2893,156.1321,58.1572,71.3822,20633076,defillama-protocol (token units)
money_market,Euler V2,euler-v2,2024-12,274.9501,110.7466,164.2035,93.5711,25674835,defillama-protocol (token units)
money_market,Euler V2,euler-v2,2025-01,327.4954,149.6133,177.8821,172.2174,33782647,defillama-protocol (token units)
money_market,Euler V2,euler-v2,2025-02,612.3382,338.6849,273.6533,359.9531,51285966,defillama-protocol (token units)
money_market,Euler V2,euler-v2,2025-03,867.4933,422.3186,445.1747,664.9983,71718297,defillama-protocol (token units)
money_market,Euler V2,euler-v2,2025-04,1016.9987,604.188,412.8107,401.3881,95658044,defillama-protocol (token units)
money_market,Euler V2,euler-v2,2025-05,869.541,593.353,276.188,334.4077,91011596,defillama-protocol (token units)
money_market,Euler V2,euler-v2,2025-06,619.815,429.7613,190.0537,147.4522,66377559,defillama-protocol (token units)
money_market,Euler V2,euler-v2,2025-07,460.7384,262.3526,198.3858,159.0867,53151151,defillama-protocol (token units)
money_market,Euler V2,euler-v2,2025-08,727.4425,148.4762,578.9663,174.4832,78620025,defillama-protocol (token units)
money_market,Euler V2,euler-v2,2025-09,252.9075,151.1619,101.7456,68.4169,28902837,defillama-protocol (token units)
money_market,Euler V2,euler-v2,2025-10,272.8332,180.2589,92.5742,136.688,29927225,defillama-protocol (token units)
money_market,Euler V2,euler-v2,2025-11,63.7953,46.1334,17.6619,107.4321,5726231,defillama-protocol (token units)
money_market,Euler V2,euler-v2,2025-12,58.1967,44.6921,13.5046,107.8429,5096889,defillama-protocol (token units)
money_market,Euler V2,euler-v2,2026-01,54.1989,42.495,11.7039,90.0471,4262416,defillama-protocol (token units)
money_market,Euler V2,euler-v2,2026-02,41.4839,33.3757,8.1082,87.4957,2755267,defillama-protocol (token units)
money_market,Euler V2,euler-v2,2026-03,53.8837,47.7678,6.1159,88.6701,3666387,defillama-protocol (token units)
money_market,Euler V2,euler-v2,2026-04,23.7072,18.0283,5.6789,92.7744,1816384,defillama-protocol (token units)
money_market,Euler V2,euler-v2,2026-05,51.6368,50.0816,1.5552,6.063,3801820,defillama-protocol (token units)
money_market,Euler V2,euler-v2,2026-06,54.4336,52.8072,1.6264,6.0289,3173166,defillama-protocol (token units)
money_market,Euler V2,euler-v2,2026-07,46.2077,44.6809,1.5268,6.2763,2905688,defillama-protocol (token units)
money_market,Euler V2,euler-v2,2026-08,61.6368,50.2005,11.4363,13.5061,4856630,defillama-protocol (token units)
money_market,Euler V2,euler-v2,2026-09,141.7551,33.3945,108.3607,83.1961,11670854,defillama-protocol (token units)
money_market,AlphaFi Lending,alphafi-lending,2024-09,0,0,0,0,0,defillama-protocol (token units)
money_market,AlphaFi Lending,alphafi-lending,2024-10,0,0,0,0,0,defillama-protocol (token units)
money_market,AlphaFi Lending,alphafi-lending,2024-11,0,0,0,0,0,defillama-protocol (token units)
money_market,AlphaFi Lending,alphafi-lending,2024-12,0,0,0,0,0,defillama-protocol (token units)
money_market,AlphaFi Lending,alphafi-lending,2025-01,0,0,0,0,0,defillama-protocol (token units)
money_market,AlphaFi Lending,alphafi-lending,2025-02,0,0,0,0,0,defillama-protocol (token units)
money_market,AlphaFi Lending,alphafi-lending,2025-03,0,0,0,0,0,defillama-protocol (token units)
money_market,AlphaFi Lending,alphafi-lending,2025-04,0,0,0,0,0,defillama-protocol (token units)
money_market,AlphaFi Lending,alphafi-lending,2025-05,0,0,0,0,0,defillama-protocol (token units)
money_market,AlphaFi Lending,alphafi-lending,2025-06,0,0,0,0,0,defillama-protocol (token units)
money_market,AlphaFi Lending,alphafi-lending,2025-07,0,0,0,0,0,defillama-protocol (token units)
money_market,AlphaFi Lending,alphafi-lending,2025-08,0,0,0,0,0,defillama-protocol (token units)
money_market,AlphaFi Lending,alphafi-lending,2025-09,0,0,0,0,0,defillama-protocol (token units)
money_market,AlphaFi Lending,alphafi-lending,2025-10,0,0,0,0,0,defillama-protocol (token units)
money_market,AlphaFi Lending,alphafi-lending,2025-11,0,0,0,0,0,defillama-protocol (token units)
money_market,AlphaFi Lending,alphafi-lending,2025-12,0,0,0,0,0,defillama-protocol (token units)
money_market,AlphaFi Lending,alphafi-lending,2026-01,0,0,0,0,0,defillama-protocol (token units)
money_market,AlphaFi Lending,alphafi-lending,2026-02,0,0,0,0,0,defillama-protocol (token units)
money_market,AlphaFi Lending,alphafi-lending,2026-03,0,0,0,0,0,defillama-protocol (token units)
money_market,AlphaFi Lending,alphafi-lending,2026-04,0,0,0,0,0,defillama-protocol (token units)
money_market,AlphaFi Lending,alphafi-lending,2026-05,0,0,0,0,0,defillama-protocol (token units)
money_market,AlphaFi Lending,alphafi-lending,2026-06,106.4317,95.6031,10.8286,145.5827,6209362,defillama-protocol (token units)
money_market,AlphaFi Lending,alphafi-lending,2026-07,98.0946,93.8995,4.1951,138.4234,6185762,defillama-protocol (token units)
money_market,AlphaFi Lending,alphafi-lending,2026-08,110.4007,108.0029,2.3978,129.268,8683058,defillama-protocol (token units)
money_market,AlphaFi Lending,alphafi-lending,2026-09,104.2512,102.4207,1.8305,98.2912,8472125,defillama-protocol (token units)
money_market,Suilend,suilend,2024-09,0,0,0,0,0,defillama-protocol (token units)
money_market,Suilend,suilend,2024-10,0,0,0,0,0,defillama-protocol (token units)
money_market,Suilend,suilend,2024-11,0,0,0,0,0,defillama-protocol (token units)
money_market,Suilend,suilend,2024-12,0,0,0,0,0,defillama-protocol (token units)
money_market,Suilend,suilend,2025-01,0,0,0,0,0,defillama-protocol (token units)
money_market,Suilend,suilend,2025-02,124.9524,124.9524,0,54.8382,10515792,defillama-protocol (token units)
money_market,Suilend,suilend,2025-03,349.034,200.6292,148.4048,23.013,28817159,defillama-protocol (token units)
money_market,Suilend,suilend,2025-04,769.8655,508.2623,261.6032,3.3077,72594037,defillama-protocol (token units)
money_market,Suilend,suilend,2025-05,973.1425,506.9526,466.1899,4.4828,101295758,defillama-protocol (token units)
money_market,Suilend,suilend,2025-06,1001.8647,556.4442,445.4205,1.1644,107277991,defillama-protocol (token units)
money_market,Suilend,suilend,2025-07,1094.8162,580.7596,514.0566,2.0153,126763874,defillama-protocol (token units)
money_market,Suilend,suilend,2025-08,1327.1948,809.0287,518.1662,10.2538,143449513,defillama-protocol (token units)
money_market,Suilend,suilend,2025-09,1287.6871,650.0701,637.617,4.6537,146966135,defillama-protocol (token units)
money_market,Suilend,suilend,2025-10,1179.9066,637.2221,542.6845,22.3428,129080236,defillama-protocol (token units)
money_market,Suilend,suilend,2025-11,480.6747,354.1402,126.5345,52.4291,43372766,defillama-protocol (token units)
money_market,Suilend,suilend,2025-12,342.344,290.8221,51.5219,42.9015,29975010,defillama-protocol (token units)
money_market,Suilend,suilend,2026-01,279.3533,231.1065,48.2469,36.409,21989651,defillama-protocol (token units)
money_market,Suilend,suilend,2026-02,235.8833,168.7688,67.1145,35.1627,15755294,defillama-protocol (token units)
money_market,Suilend,suilend,2026-03,300.6625,218.9097,81.7528,28.1701,20481083,defillama-protocol (token units)
money_market,Suilend,suilend,2026-04,233.9516,180.5449,53.4067,34.7177,17889743,defillama-protocol (token units)
money_market,Suilend,suilend,2026-05,167.2754,117.328,49.9474,34.329,12319072,defillama-protocol (token units)
money_market,Suilend,suilend,2026-06,195.779,128.0767,67.7023,36.4508,11420929,defillama-protocol (token units)
money_market,Suilend,suilend,2026-07,183.5636,135.1237,48.4399,28.8583,11577942,defillama-protocol (token units)
money_market,Suilend,suilend,2026-08,168.8684,122.82,46.0484,24.9276,13301631,defillama-protocol (token units)
money_market,Suilend,suilend,2026-09,162.8348,122.7551,40.0797,24.3214,13228577,defillama-protocol (token units)
money_market,HyperLend Pooled,hyperlend-pooled,2024-09,0,0,0,0,0,defillama-protocol (token units)
money_market,HyperLend Pooled,hyperlend-pooled,2024-10,0,0,0,0,0,defillama-protocol (token units)
money_market,HyperLend Pooled,hyperlend-pooled,2024-11,0,0,0,0,0,defillama-protocol (token units)
money_market,HyperLend Pooled,hyperlend-pooled,2024-12,0,0,0,0,0,defillama-protocol (token units)
money_market,HyperLend Pooled,hyperlend-pooled,2025-01,0,0,0,0,0,defillama-protocol (token units)
money_market,HyperLend Pooled,hyperlend-pooled,2025-02,0,0,0,0,0,defillama-protocol (token units)
money_market,HyperLend Pooled,hyperlend-pooled,2025-03,0,0,0,0,0,defillama-protocol (token units)
money_market,HyperLend Pooled,hyperlend-pooled,2025-04,7.0001,7.0001,0,8.0,660857,defillama-protocol (token units)
money_market,HyperLend Pooled,hyperlend-pooled,2025-05,11.9992,11.9992,0,22.0011,1254973,defillama-protocol (token units)
money_market,HyperLend Pooled,hyperlend-pooled,2025-06,58.6602,58.6602,0,72.9993,6284153,defillama-protocol (token units)
money_market,HyperLend Pooled,hyperlend-pooled,2025-07,244.7184,244.7184,0,128.486,28316607,defillama-protocol (token units)
money_market,HyperLend Pooled,hyperlend-pooled,2025-08,263.2393,263.2393,0,114.6872,28470114,defillama-protocol (token units)
money_market,HyperLend Pooled,hyperlend-pooled,2025-09,383.4656,383.4656,0,184.706,43908726,defillama-protocol (token units)
money_market,HyperLend Pooled,hyperlend-pooled,2025-10,273.226,273.226,0,161.213,29957515,defillama-protocol (token units)
money_market,HyperLend Pooled,hyperlend-pooled,2025-11,210.5644,210.5644,0,171.6227,19089724,defillama-protocol (token units)
money_market,HyperLend Pooled,hyperlend-pooled,2025-12,193.2557,193.2557,0,73.4611,16940548,defillama-protocol (token units)
money_market,HyperLend Pooled,hyperlend-pooled,2026-01,240.8397,240.8397,0,66.5095,18994636,defillama-protocol (token units)
money_market,HyperLend Pooled,hyperlend-pooled,2026-02,291.8176,291.8176,0,70.6262,19545119,defillama-protocol (token units)
money_market,HyperLend Pooled,hyperlend-pooled,2026-03,235.3353,235.3353,0,70.5488,16052289,defillama-protocol (token units)
money_market,HyperLend Pooled,hyperlend-pooled,2026-04,145.6437,145.6437,0,96.5972,11135121,defillama-protocol (token units)
money_market,HyperLend Pooled,hyperlend-pooled,2026-05,139.4574,139.4574,0,43.3309,10242216,defillama-protocol (token units)
money_market,HyperLend Pooled,hyperlend-pooled,2026-06,131.5422,131.5422,0,26.82,7671915,defillama-protocol (token units)
money_market,HyperLend Pooled,hyperlend-pooled,2026-07,127.9739,127.9739,0,30.9078,8051848,defillama-protocol (token units)
money_market,HyperLend Pooled,hyperlend-pooled,2026-08,137.1425,137.1425,0,26.6713,10795740,defillama-protocol (token units)
money_market,HyperLend Pooled,hyperlend-pooled,2026-09,137.6291,137.6291,0,28.7403,11184348,defillama-protocol (token units)
money_market,Wildcat Protocol,wildcat-protocol,2024-09,0.0,0.0,0,0,1,defillama-protocol (token units)
money_market,Wildcat Protocol,wildcat-protocol,2024-10,0.0,0.0,0,0,1,defillama-protocol (token units)
money_market,Wildcat Protocol,wildcat-protocol,2024-11,0.0,0.0,0,0,1,defillama-protocol (token units)
money_market,Wildcat Protocol,wildcat-protocol,2024-12,0.0,0.0,0,0,1,defillama-protocol (token units)
money_market,Wildcat Protocol,wildcat-protocol,2025-01,0.0,0.0,0,0,1,defillama-protocol (token units)
money_market,Wildcat Protocol,wildcat-protocol,2025-02,0.0,0.0,0,0,1,defillama-protocol (token units)
money_market,Wildcat Protocol,wildcat-protocol,2025-03,0.001,0.001,0,5.4201,80,defillama-protocol (token units)
money_market,Wildcat Protocol,wildcat-protocol,2025-04,0.0381,0.0381,0,21.303,3587,defillama-protocol (token units)
money_market,Wildcat Protocol,wildcat-protocol,2025-05,0.5978,0.5978,0,22.6134,62403,defillama-protocol (token units)
money_market,Wildcat Protocol,wildcat-protocol,2025-06,0.0796,0.0796,0,64.0578,8552,defillama-protocol (token units)
money_market,Wildcat Protocol,wildcat-protocol,2025-07,0.2341,0.2341,0,101.2279,27093,defillama-protocol (token units)
money_market,Wildcat Protocol,wildcat-protocol,2025-08,0.2042,0.2042,0,102.879,22057,defillama-protocol (token units)
money_market,Wildcat Protocol,wildcat-protocol,2025-09,0.4703,0.4703,0,142.4582,53728,defillama-protocol (token units)
money_market,Wildcat Protocol,wildcat-protocol,2025-10,5.2566,5.2566,0,104.1564,576127,defillama-protocol (token units)
money_market,Wildcat Protocol,wildcat-protocol,2025-11,0.4458,0.4458,0,84.6867,38909,defillama-protocol (token units)
money_market,Wildcat Protocol,wildcat-protocol,2025-12,2.6591,2.6591,0,79.6849,232546,defillama-protocol (token units)
money_market,Wildcat Protocol,wildcat-protocol,2026-01,1.0195,1.0195,0,88.9183,80702,defillama-protocol (token units)
money_market,Wildcat Protocol,wildcat-protocol,2026-02,0.5029,0.5029,0,99.6018,33638,defillama-protocol (token units)
money_market,Wildcat Protocol,wildcat-protocol,2026-03,0.4697,0.4697,0,124.9616,31970,defillama-protocol (token units)
money_market,Wildcat Protocol,wildcat-protocol,2026-04,1.2863,1.2863,0,140.0251,98334,defillama-protocol (token units)
money_market,Wildcat Protocol,wildcat-protocol,2026-05,0.3952,0.3952,0,152.0842,29102,defillama-protocol (token units)
money_market,Wildcat Protocol,wildcat-protocol,2026-06,56.8135,56.8135,0,156.5745,3295616,defillama-protocol (token units)
money_market,Wildcat Protocol,wildcat-protocol,2026-07,2.4984,2.4984,0,149.8819,157178,defillama-protocol (token units)
money_market,Wildcat Protocol,wildcat-protocol,2026-08,0.6397,0.6397,0,148.4649,50252,defillama-protocol (token units)
money_market,Wildcat Protocol,wildcat-protocol,2026-09,0.5092,0.5092,0,155.2929,41360,defillama-protocol (token units)
money_market,Moonwell Lending,moonwell-lending,2024-09,349.5295,349.5295,0,28.8118,22246466,defillama-protocol (token units)
money_market,Moonwell Lending,moonwell-lending,2024-10,388.9373,388.9373,0,177.2748,27298757,defillama-protocol (token units)
money_market,Moonwell Lending,moonwell-lending,2024-11,588.5874,588.5874,0,293.0888,56774784,defillama-protocol (token units)
money_market,Moonwell Lending,moonwell-lending,2024-12,451.6621,451.6621,0,115.6032,42257490,defillama-protocol (token units)
money_market,Moonwell Lending,moonwell-lending,2025-01,442.0076,441.6027,0.4049,54.0385,45206789,defillama-protocol (token units)
money_market,Moonwell Lending,moonwell-lending,2025-02,498.7551,486.8251,11.9301,56.347,42122804,defillama-protocol (token units)
money_market,Moonwell Lending,moonwell-lending,2025-03,506.7601,484.3087,22.4514,55.0937,41846673,defillama-protocol (token units)
money_market,Moonwell Lending,moonwell-lending,2025-04,536.9237,518.3016,18.6221,73.3658,50585722,defillama-protocol (token units)
money_market,Moonwell Lending,moonwell-lending,2025-05,628.3499,593.4054,34.9445,128.3593,65561183,defillama-protocol (token units)
money_market,Moonwell Lending,moonwell-lending,2025-06,645.3405,609.7489,35.5915,127.8289,69304758,defillama-protocol (token units)
money_market,Moonwell Lending,moonwell-lending,2025-07,645.6299,607.3441,38.2858,147.5591,74740811,defillama-protocol (token units)
money_market,Moonwell Lending,moonwell-lending,2025-08,604.8245,564.4138,40.4108,138.3108,65345704,defillama-protocol (token units)
money_market,Moonwell Lending,moonwell-lending,2025-09,558.5282,517.7536,40.7746,100.3268,63794319,defillama-protocol (token units)
money_market,Moonwell Lending,moonwell-lending,2025-10,529.4814,489.2196,40.2618,80.8578,58018982,defillama-protocol (token units)
money_market,Moonwell Lending,moonwell-lending,2025-11,319.8378,298.3088,21.5291,64.9798,28675189,defillama-protocol (token units)
money_market,Moonwell Lending,moonwell-lending,2025-12,296.7288,271.2134,25.5154,52.6375,25966821,defillama-protocol (token units)
money_market,Moonwell Lending,moonwell-lending,2026-01,283.9889,253.7463,30.2426,44.454,22359049,defillama-protocol (token units)
money_market,Moonwell Lending,moonwell-lending,2026-02,178.2335,139.7082,38.5253,22.4651,11927950,defillama-protocol (token units)
money_market,Moonwell Lending,moonwell-lending,2026-03,156.2778,103.4889,52.789,23.5867,10656194,defillama-protocol (token units)
money_market,Moonwell Lending,moonwell-lending,2026-04,154.7014,103.5674,51.1341,26.3757,11844247,defillama-protocol (token units)
money_market,Moonwell Lending,moonwell-lending,2026-05,176.3511,125.8995,50.4516,24.2053,12997413,defillama-protocol (token units)
money_market,Moonwell Lending,moonwell-lending,2026-06,228.2221,178.2544,49.9677,27.9249,13357117,defillama-protocol (token units)
money_market,Moonwell Lending,moonwell-lending,2026-07,215.0119,163.8336,51.1783,37.4072,13541530,defillama-protocol (token units)
money_market,Moonwell Lending,moonwell-lending,2026-08,101.0184,54.3276,46.6908,72.7741,7962714,defillama-protocol (token units)
money_market,Moonwell Lending,moonwell-lending,2026-09,63.1931,20.0756,43.1175,60.7232,5142695,defillama-protocol (token units)
money_market,Alpaca Finance 2.0,alpaca-finance-2.0,2024-09,228.4689,228.4689,0,14.7595,14556208,defillama-protocol (token units)
money_market,Alpaca Finance 2.0,alpaca-finance-2.0,2024-10,223.5403,223.5403,0,10.5306,15709517,defillama-protocol (token units)
money_market,Alpaca Finance 2.0,alpaca-finance-2.0,2024-11,219.0457,219.0457,0,0.0497,21159377,defillama-protocol (token units)
money_market,Alpaca Finance 2.0,alpaca-finance-2.0,2024-12,221.3153,221.3153,0,1.4358,20666641,defillama-protocol (token units)
money_market,Alpaca Finance 2.0,alpaca-finance-2.0,2025-01,189.3406,189.3406,0,5.6801,19337737,defillama-protocol (token units)
money_market,Alpaca Finance 2.0,alpaca-finance-2.0,2025-02,184.8832,184.8832,0,4.4557,15583062,defillama-protocol (token units)
money_market,Alpaca Finance 2.0,alpaca-finance-2.0,2025-03,179.1689,179.1689,0,2.3298,14776595,defillama-protocol (token units)
money_market,Alpaca Finance 2.0,alpaca-finance-2.0,2025-04,177.5956,177.5956,0,0.7607,16747615,defillama-protocol (token units)
money_market,Alpaca Finance 2.0,alpaca-finance-2.0,2025-05,162.9065,162.9065,0,0.0195,17057124,defillama-protocol (token units)
money_market,Alpaca Finance 2.0,alpaca-finance-2.0,2025-06,148.4199,148.4199,0,0.0142,15941784,defillama-protocol (token units)
money_market,Alpaca Finance 2.0,alpaca-finance-2.0,2025-07,143.7862,143.7862,0,0.0101,16710975,defillama-protocol (token units)
money_market,Alpaca Finance 2.0,alpaca-finance-2.0,2025-08,140.7924,140.7924,0,0.0101,15244582,defillama-protocol (token units)
money_market,Alpaca Finance 2.0,alpaca-finance-2.0,2025-09,139.836,139.836,0,0.0101,15929560,defillama-protocol (token units)
money_market,Alpaca Finance 2.0,alpaca-finance-2.0,2025-10,136.7014,136.7014,0,0.0101,14953026,defillama-protocol (token units)
money_market,Alpaca Finance 2.0,alpaca-finance-2.0,2025-11,134.8354,134.8354,0,0.0101,11792162,defillama-protocol (token units)
money_market,Alpaca Finance 2.0,alpaca-finance-2.0,2025-12,133.8928,133.8928,0,0.0101,11720445,defillama-protocol (token units)
money_market,Alpaca Finance 2.0,alpaca-finance-2.0,2026-01,132.6882,132.6882,0,0.0101,10461386,defillama-protocol (token units)
money_market,Alpaca Finance 2.0,alpaca-finance-2.0,2026-02,130.3466,130.3466,0,0.0101,8727535,defillama-protocol (token units)
money_market,Alpaca Finance 2.0,alpaca-finance-2.0,2026-03,129.2504,129.2504,0,0.0101,8776873,defillama-protocol (token units)
money_market,Alpaca Finance 2.0,alpaca-finance-2.0,2026-04,129.2504,129.2504,0,0.0101,9876657,defillama-protocol (token units)
money_market,Alpaca Finance 2.0,alpaca-finance-2.0,2026-05,128.041,128.041,0,0.0101,9422477,defillama-protocol (token units)
money_market,Alpaca Finance 2.0,alpaca-finance-2.0,2026-06,126.6836,126.6836,0,0.0101,7419031,defillama-protocol (token units)
money_market,Alpaca Finance 2.0,alpaca-finance-2.0,2026-07,123.3811,123.3811,0,0.0101,7762818,defillama-protocol (token units)
money_market,Alpaca Finance 2.0,alpaca-finance-2.0,2026-08,120.2524,120.2524,0,0.0101,9434149,defillama-protocol (token units)
money_market,Alpaca Finance 2.0,alpaca-finance-2.0,2026-09,120.2524,120.2524,0,0.0101,9745044,defillama-protocol (token units)
money_market,Native Credit Pool,native-credit-pool,2024-09,3.2677,3.2675,0.0002,0.0009,207656,defillama-protocol (token units)
money_market,Native Credit Pool,native-credit-pool,2024-10,2.876,2.8758,0.0002,0.0009,202114,defillama-protocol (token units)
money_market,Native Credit Pool,native-credit-pool,2024-11,0.6958,0.6955,0.0003,0.0019,67108,defillama-protocol (token units)
money_market,Native Credit Pool,native-credit-pool,2024-12,20.8851,20.8399,0.0452,0.0019,1948350,defillama-protocol (token units)
money_market,Native Credit Pool,native-credit-pool,2025-01,20.5766,20.3764,0.2002,0.0009,2104953,defillama-protocol (token units)
money_market,Native Credit Pool,native-credit-pool,2025-02,20.0304,19.93,0.1004,0.0009,1686436,defillama-protocol (token units)
money_market,Native Credit Pool,native-credit-pool,2025-03,2.0242,1.924,0.1003,0.0009,166631,defillama-protocol (token units)
money_market,Native Credit Pool,native-credit-pool,2025-04,2.018,1.9177,0.1003,0.0009,190058,defillama-protocol (token units)
money_market,Native Credit Pool,native-credit-pool,2025-05,2.0179,1.9176,0.1003,0.0009,211225,defillama-protocol (token units)
money_market,Native Credit Pool,native-credit-pool,2025-06,2.0179,1.9176,0.1003,0.0009,216014,defillama-protocol (token units)
money_market,Native Credit Pool,native-credit-pool,2025-07,17.5114,17.5114,0,0,2023305,defillama-protocol (token units)
money_market,Native Credit Pool,native-credit-pool,2025-08,0.0027,0.0027,0,7.1138,295,defillama-protocol (token units)
money_market,Native Credit Pool,native-credit-pool,2025-09,4.9407,4.9407,0,19.1493,564971,defillama-protocol (token units)
money_market,Native Credit Pool,native-credit-pool,2025-10,0.9047,0.9047,0,23.2387,99183,defillama-protocol (token units)
money_market,Native Credit Pool,native-credit-pool,2025-11,1.7818,1.7818,0,24.7266,158638,defillama-protocol (token units)
money_market,Native Credit Pool,native-credit-pool,2025-12,33.6618,33.6618,0,0,2940006,defillama-protocol (token units)
money_market,Native Credit Pool,native-credit-pool,2026-01,41.5429,41.5429,0,0,3284158,defillama-protocol (token units)
money_market,Native Credit Pool,native-credit-pool,2026-02,11.5003,11.5003,0,10.7274,767967,defillama-protocol (token units)
money_market,Native Credit Pool,native-credit-pool,2026-03,95.6881,95.6881,0,121.5639,6511975,defillama-protocol (token units)
money_market,Native Credit Pool,native-credit-pool,2026-04,63.2555,63.2555,0,94.4854,4827911,defillama-protocol (token units)
money_market,Native Credit Pool,native-credit-pool,2026-05,108.1491,108.1491,0,115.6998,7961849,defillama-protocol (token units)
money_market,Native Credit Pool,native-credit-pool,2026-06,41.9251,41.9251,0,137.5802,2432039,defillama-protocol (token units)
money_market,Native Credit Pool,native-credit-pool,2026-07,49.0881,49.0881,0,124.3708,3087425,defillama-protocol (token units)
money_market,Native Credit Pool,native-credit-pool,2026-08,61.3322,61.3322,0,55.4669,4825453,defillama-protocol (token units)
money_market,Native Credit Pool,native-credit-pool,2026-09,44.9283,44.9283,0,53.348,3647518,defillama-protocol (token units)
money_market,Dolomite,dolomite,2024-09,33.9807,33.9807,0,73.1569,2161384,defillama-protocol (token units)
money_market,Dolomite,dolomite,2024-10,52.7461,52.7461,0,63.1039,3704817,defillama-protocol (token units)
money_market,Dolomite,dolomite,2024-11,80.6895,80.6885,0.001,78.1693,7786800,defillama-protocol (token units)
money_market,Dolomite,dolomite,2024-12,110.7876,110.7598,0.0278,61.602,10323788,defillama-protocol (token units)
money_market,Dolomite,dolomite,2025-01,54.1409,54.1359,0.0049,67.7258,5538902,defillama-protocol (token units)
money_market,Dolomite,dolomite,2025-02,4894.0882,1431.3738,3462.7144,92.4735,409751076,defillama-protocol (token units)
money_market,Dolomite,dolomite,2025-03,4723.5032,1066.9025,3656.6007,72.0319,389413040,defillama-protocol (token units)
money_market,Dolomite,dolomite,2025-04,4544.4346,920.6653,3623.7693,57.7758,427113112,defillama-protocol (token units)
money_market,Dolomite,dolomite,2025-05,495.5028,188.229,307.2737,45.644,51617296,defillama-protocol (token units)
money_market,Dolomite,dolomite,2025-06,363.1698,104.6619,258.5079,86.5435,38829348,defillama-protocol (token units)
money_market,Dolomite,dolomite,2025-07,359.1229,107.276,251.8469,99.3683,41469008,defillama-protocol (token units)
money_market,Dolomite,dolomite,2025-08,384.6742,133.1713,251.5029,111.2505,41606097,defillama-protocol (token units)
money_market,Dolomite,dolomite,2025-09,430.9089,178.8623,252.0466,87.1035,49034591,defillama-protocol (token units)
money_market,Dolomite,dolomite,2025-10,413.7273,148.9351,264.7923,80.5479,45158782,defillama-protocol (token units)
money_market,Dolomite,dolomite,2025-11,387.5917,122.845,264.7467,78.9044,34852842,defillama-protocol (token units)
money_market,Dolomite,dolomite,2025-12,385.5546,119.749,265.8056,76.1962,33728068,defillama-protocol (token units)
money_market,Dolomite,dolomite,2026-01,434.0611,173.9245,260.1367,73.9984,34095674,defillama-protocol (token units)
money_market,Dolomite,dolomite,2026-02,549.6028,288.5099,261.0929,12.7592,36641467,defillama-protocol (token units)
money_market,Dolomite,dolomite,2026-03,480.5473,232.2005,248.3468,45.3434,32281690,defillama-protocol (token units)
money_market,Dolomite,dolomite,2026-04,326.9175,78.5868,248.3306,19.0354,24859917,defillama-protocol (token units)
money_market,Dolomite,dolomite,2026-05,328.3664,80.7168,247.6496,22.1251,24107826,defillama-protocol (token units)
money_market,Dolomite,dolomite,2026-06,314.784,67.1344,247.6496,34.008,18358970,defillama-protocol (token units)
money_market,Dolomite,dolomite,2026-07,305.2866,57.6994,247.5871,47.2535,19136666,defillama-protocol (token units)
money_market,Dolomite,dolomite,2026-08,51.063,50.8412,0.2218,42.9889,4012639,defillama-protocol (token units)
money_market,Dolomite,dolomite,2026-09,57.7323,57.5105,0.2218,40.4553,4688004,defillama-protocol (token units)
money_market,Tectonic,tectonic,2024-09,276.9979,276.9979,0,1.9437,17488541,defillama-protocol (token units)
money_market,Tectonic,tectonic,2024-10,272.6219,272.6219,0,2.1517,18998474,defillama-protocol (token units)
money_market,Tectonic,tectonic,2024-11,303.7179,303.7179,0,2.2546,29224041,defillama-protocol (token units)
money_market,Tectonic,tectonic,2024-12,279.0638,279.0638,0,2.0865,26235345,defillama-protocol (token units)
money_market,Tectonic,tectonic,2025-01,259.0547,259.0547,0,2.0564,26383946,defillama-protocol (token units)
money_market,Tectonic,tectonic,2025-02,234.4378,234.4378,0,1.8165,19832032,defillama-protocol (token units)
money_market,Tectonic,tectonic,2025-03,223.8513,223.8513,0,1.8267,18424750,defillama-protocol (token units)
money_market,Tectonic,tectonic,2025-04,219.8665,219.8665,0,1.8619,20790794,defillama-protocol (token units)
money_market,Tectonic,tectonic,2025-05,198.398,198.398,0,1.8653,20919282,defillama-protocol (token units)
money_market,Tectonic,tectonic,2025-06,196.8864,196.8864,0,1.7347,21075704,defillama-protocol (token units)
money_market,Tectonic,tectonic,2025-07,195.2727,195.2727,0,1.6159,22593055,defillama-protocol (token units)
money_market,Tectonic,tectonic,2025-08,190.5944,190.5944,0,1.7645,20652617,defillama-protocol (token units)
money_market,Tectonic,tectonic,2025-09,189.4121,189.4121,0,1.6985,21648853,defillama-protocol (token units)
money_market,Tectonic,tectonic,2025-10,179.798,179.798,0,1.7662,19781133,defillama-protocol (token units)
money_market,Tectonic,tectonic,2025-11,162.9066,162.9066,0,1.8368,14609255,defillama-protocol (token units)
money_market,Tectonic,tectonic,2025-12,162.3357,162.3357,0,1.8586,14169444,defillama-protocol (token units)
money_market,Tectonic,tectonic,2026-01,156.3172,156.3172,0,1.8041,12339368,defillama-protocol (token units)
money_market,Tectonic,tectonic,2026-02,112.2189,112.2189,0,1.7646,7547413,defillama-protocol (token units)
money_market,Tectonic,tectonic,2026-03,111.9037,111.9037,0,1.8133,7600283,defillama-protocol (token units)
money_market,Tectonic,tectonic,2026-04,113.0781,113.0781,0,0.4458,8574063,defillama-protocol (token units)
money_market,Tectonic,tectonic,2026-05,105.0202,105.0202,0,0.4524,7769001,defillama-protocol (token units)
money_market,Tectonic,tectonic,2026-06,99.783,99.783,0,0.3705,5818773,defillama-protocol (token units)
money_market,Tectonic,tectonic,2026-07,97.3723,97.3723,0,0.3647,6095305,defillama-protocol (token units)
money_market,Tectonic,tectonic,2026-08,97.8043,97.8043,0,0,7699912,defillama-protocol (token units)
money_market,Tectonic,tectonic,2026-09,93.0353,93.0353,0,0,7560630,defillama-protocol (token units)
money_market,TermMax,termmax,2024-09,4.1786,4.1786,0,0,265539,defillama-protocol (token units)
money_market,TermMax,termmax,2024-10,4.3424,4.3424,0,0,305221,defillama-protocol (token units)
money_market,TermMax,termmax,2024-11,1.8866,1.8866,0,0,181719,defillama-protocol (token units)
money_market,TermMax,termmax,2024-12,1.3816,1.3816,0,0,128751,defillama-protocol (token units)
money_market,TermMax,termmax,2025-01,1.3816,1.3816,0,0,141555,defillama-protocol (token units)
money_market,TermMax,termmax,2025-02,0.3385,0.3385,0,0,28515,defillama-protocol (token units)
money_market,TermMax,termmax,2025-03,0.3383,0.3383,0,0,28110,defillama-protocol (token units)
money_market,TermMax,termmax,2025-04,1.0663,1.0663,0,0,100344,defillama-protocol (token units)
money_market,TermMax,termmax,2025-05,0.1698,0.1698,0,0,17780,defillama-protocol (token units)
money_market,TermMax,termmax,2025-06,0.7383,0.7383,0,0,79061,defillama-protocol (token units)
money_market,TermMax,termmax,2025-07,0.569,0.569,0,0,66127,defillama-protocol (token units)
money_market,TermMax,termmax,2025-08,0.0004,0.0004,0,0,43,defillama-protocol (token units)
money_market,TermMax,termmax,2025-09,0.0004,0.0004,0,0,45,defillama-protocol (token units)
money_market,TermMax,termmax,2025-10,15.0142,15.0142,0,0,1645426,defillama-protocol (token units)
money_market,TermMax,termmax,2025-11,15.0143,15.0143,0,0.0,1336761,defillama-protocol (token units)
money_market,TermMax,termmax,2025-12,15.0143,15.0143,0,0.0,1314108,defillama-protocol (token units)
money_market,TermMax,termmax,2026-01,15.0244,15.0147,0.0097,0.0,1176304,defillama-protocol (token units)
money_market,TermMax,termmax,2026-02,71.4305,71.4305,0,7.2233,4758230,defillama-protocol (token units)
money_market,TermMax,termmax,2026-03,90.6404,90.6404,0,132.9158,6184504,defillama-protocol (token units)
money_market,TermMax,termmax,2026-04,57.1151,57.1151,0,88.7742,4357087,defillama-protocol (token units)
money_market,TermMax,termmax,2026-05,2.0334,2.0334,0,88.7742,149665,defillama-protocol (token units)
money_market,TermMax,termmax,2026-06,0.0005,0.0005,0,88.7742,26,defillama-protocol (token units)
money_market,TermMax,termmax,2026-07,0.0046,0.0046,0,0,292,defillama-protocol (token units)
money_market,TermMax,termmax,2026-08,0.0005,0.0005,0,80.9376,35,defillama-protocol (token units)
money_market,TermMax,termmax,2026-09,0.0005,0.0005,0,80.9376,36,defillama-protocol (token units)
money_market,Vires Finance,vires-finance,2024-09,70.6701,70.6701,0,0.2515,4499774,defillama-protocol (token units)
money_market,Vires Finance,vires-finance,2024-10,70.6276,70.6276,0,0.2515,4957634,defillama-protocol (token units)
money_market,Vires Finance,vires-finance,2024-11,69.2342,69.2342,0,0.2515,6677499,defillama-protocol (token units)
money_market,Vires Finance,vires-finance,2024-12,69.2049,69.2049,0,0.2515,6453287,defillama-protocol (token units)
money_market,Vires Finance,vires-finance,2025-01,66.9841,66.9841,0,0.2515,6862323,defillama-protocol (token units)
money_market,Vires Finance,vires-finance,2025-02,67.5261,67.5261,0,0.2515,5693797,defillama-protocol (token units)
money_market,Vires Finance,vires-finance,2025-03,69.8375,69.8375,0,0.2515,5770461,defillama-protocol (token units)
money_market,Vires Finance,vires-finance,2025-04,72.8435,72.8435,0,0.2515,6885529,defillama-protocol (token units)
money_market,Vires Finance,vires-finance,2025-05,72.9434,72.9434,0,0.2515,7610111,defillama-protocol (token units)
money_market,Vires Finance,vires-finance,2025-06,72.8989,72.8989,0,0.2515,7825110,defillama-protocol (token units)
money_market,Vires Finance,vires-finance,2025-07,74.4709,74.4709,0,0.2515,8610696,defillama-protocol (token units)
money_market,Vires Finance,vires-finance,2025-08,71.6845,71.6845,0,0.2515,7759634,defillama-protocol (token units)
money_market,Vires Finance,vires-finance,2025-09,71.7889,71.7889,0,0.2515,8192622,defillama-protocol (token units)
money_market,Vires Finance,vires-finance,2025-10,71.4982,71.4982,0,0.2515,7842880,defillama-protocol (token units)
money_market,Vires Finance,vires-finance,2025-11,71.4982,71.4982,0,0.2515,6362273,defillama-protocol (token units)
money_market,Vires Finance,vires-finance,2025-12,71.4982,71.4982,0,0.2515,6279797,defillama-protocol (token units)
money_market,Vires Finance,vires-finance,2026-01,71.4982,71.4982,0,0.2515,5647373,defillama-protocol (token units)
money_market,Vires Finance,vires-finance,2026-02,71.5189,71.5189,0,0.2515,4769402,defillama-protocol (token units)
money_market,Vires Finance,vires-finance,2026-03,71.6598,71.6598,0,0.0483,4889577,defillama-protocol (token units)
money_market,Vires Finance,vires-finance,2026-04,71.6615,71.6615,0,0.0483,5485376,defillama-protocol (token units)
money_market,Vires Finance,vires-finance,2026-05,71.6676,71.6676,0,0.0483,5277252,defillama-protocol (token units)
money_market,Vires Finance,vires-finance,2026-06,71.8815,71.8815,0,0.0483,4209047,defillama-protocol (token units)
money_market,Vires Finance,vires-finance,2026-07,71.8815,71.8815,0,0.0483,4520803,defillama-protocol (token units)
money_market,Vires Finance,vires-finance,2026-08,71.8915,71.8915,0,0.0483,5650581,defillama-protocol (token units)
money_market,Vires Finance,vires-finance,2026-09,72.8946,72.8946,0,0.0483,5924762,defillama-protocol (token units)
money_market,MetalX Lending,metalx-lending,2024-09,0,0,0,0,0,defillama-protocol (token units)
money_market,MetalX Lending,metalx-lending,2024-10,0,0,0,0,0,defillama-protocol (token units)
money_market,MetalX Lending,metalx-lending,2024-11,0,0,0,0,0,defillama-protocol (token units)
money_market,MetalX Lending,metalx-lending,2024-12,0,0,0,0,0,defillama-protocol (token units)
money_market,MetalX Lending,metalx-lending,2025-01,0,0,0,0,0,defillama-protocol (token units)
money_market,MetalX Lending,metalx-lending,2025-02,0,0,0,0,0,defillama-protocol (token units)
money_market,MetalX Lending,metalx-lending,2025-03,0,0,0,0,0,defillama-protocol (token units)
money_market,MetalX Lending,metalx-lending,2025-04,0,0,0,0,0,defillama-protocol (token units)
money_market,MetalX Lending,metalx-lending,2025-05,0,0,0,0,0,defillama-protocol (token units)
money_market,MetalX Lending,metalx-lending,2025-06,0,0,0,0,0,defillama-protocol (token units)
money_market,MetalX Lending,metalx-lending,2025-07,0,0,0,0,0,defillama-protocol (token units)
money_market,MetalX Lending,metalx-lending,2025-08,0,0,0,0,0,defillama-protocol (token units)
money_market,MetalX Lending,metalx-lending,2025-09,45.3275,45.3275,0,12.954,5174366,defillama-protocol (token units)
money_market,MetalX Lending,metalx-lending,2025-10,48.8447,48.8447,0,10.66,5343831,defillama-protocol (token units)
money_market,MetalX Lending,metalx-lending,2025-11,52.2434,52.2434,0,13.8617,4652910,defillama-protocol (token units)
money_market,MetalX Lending,metalx-lending,2025-12,54.8017,54.8017,0,10.7366,4802339,defillama-protocol (token units)
money_market,MetalX Lending,metalx-lending,2026-01,54.6571,54.6571,0,14.7741,4301364,defillama-protocol (token units)
money_market,MetalX Lending,metalx-lending,2026-02,58.9561,58.9561,0,13.5357,3934076,defillama-protocol (token units)
money_market,MetalX Lending,metalx-lending,2026-03,58.4795,58.4795,0,12.5334,3987813,defillama-protocol (token units)
money_market,MetalX Lending,metalx-lending,2026-04,57.8541,57.8541,0,12.6331,4421365,defillama-protocol (token units)
money_market,MetalX Lending,metalx-lending,2026-05,60.1452,60.1452,0,12.5444,4428591,defillama-protocol (token units)
money_market,MetalX Lending,metalx-lending,2026-06,56.0066,56.0066,0,17.0269,3250945,defillama-protocol (token units)
money_market,MetalX Lending,metalx-lending,2026-07,57.0068,57.0068,0,15.6673,3585242,defillama-protocol (token units)
money_market,MetalX Lending,metalx-lending,2026-08,57.2801,57.2801,0,16.3611,4503522,defillama-protocol (token units)
money_market,MetalX Lending,metalx-lending,2026-09,56.7607,56.7607,0,14.596,4610973,defillama-protocol (token units)
money_market,Curve LlamaLend,curve-llamalend,2024-09,97.4077,97.4077,0,0,6158346,defillama-protocol (token units)
money_market,Curve LlamaLend,curve-llamalend,2024-10,99.1181,99.1181,0,0,6952093,defillama-protocol (token units)
money_market,Curve LlamaLend,curve-llamalend,2024-11,95.9956,95.9956,0,0,9240930,defillama-protocol (token units)
money_market,Curve LlamaLend,curve-llamalend,2024-12,71.9456,71.9456,0,0,6716136,defillama-protocol (token units)
money_market,Curve LlamaLend,curve-llamalend,2025-01,65.327,65.327,0,0,6689091,defillama-protocol (token units)
money_market,Curve LlamaLend,curve-llamalend,2025-02,40.8418,40.8418,0,0.005,3443367,defillama-protocol (token units)
money_market,Curve LlamaLend,curve-llamalend,2025-03,74.6366,74.6366,0,0,6162048,defillama-protocol (token units)
money_market,Curve LlamaLend,curve-llamalend,2025-04,144.8628,144.8628,0,0,13625987,defillama-protocol (token units)
money_market,Curve LlamaLend,curve-llamalend,2025-05,146.2724,146.2724,0,0,15272327,defillama-protocol (token units)
money_market,Curve LlamaLend,curve-llamalend,2025-06,127.7006,127.7006,0,0,13685123,defillama-protocol (token units)
money_market,Curve LlamaLend,curve-llamalend,2025-07,123.9111,123.9111,0,0,14320622,defillama-protocol (token units)
money_market,Curve LlamaLend,curve-llamalend,2025-08,113.4722,113.4722,0,0,12287745,defillama-protocol (token units)
money_market,Curve LlamaLend,curve-llamalend,2025-09,100.7606,100.7606,0,0,11507237,defillama-protocol (token units)
money_market,Curve LlamaLend,curve-llamalend,2025-10,98.7182,98.7182,0,0,10820738,defillama-protocol (token units)
money_market,Curve LlamaLend,curve-llamalend,2025-11,61.0559,61.0559,0,0,5444979,defillama-protocol (token units)
money_market,Curve LlamaLend,curve-llamalend,2025-12,19.4549,19.4549,0,0,1703568,defillama-protocol (token units)
money_market,Curve LlamaLend,curve-llamalend,2026-01,19.7843,19.7843,0,0,1551145,defillama-protocol (token units)
money_market,Curve LlamaLend,curve-llamalend,2026-02,64.1557,64.1557,0,0,4258995,defillama-protocol (token units)
money_market,Curve LlamaLend,curve-llamalend,2026-03,57.847,57.847,0,0,3935703,defillama-protocol (token units)
money_market,Curve LlamaLend,curve-llamalend,2026-04,64.4195,64.4195,0,0,4910248,defillama-protocol (token units)
money_market,Curve LlamaLend,curve-llamalend,2026-05,72.1898,72.1898,0,0,5311529,defillama-protocol (token units)
money_market,Curve LlamaLend,curve-llamalend,2026-06,65.8241,65.8241,0,0,3849116,defillama-protocol (token units)
money_market,Curve LlamaLend,curve-llamalend,2026-07,82.3796,82.3796,0,0,5186769,defillama-protocol (token units)
money_market,Curve LlamaLend,curve-llamalend,2026-08,74.2908,74.2908,0,0,5839880,defillama-protocol (token units)
money_market,Curve LlamaLend,curve-llamalend,2026-09,66.8631,66.8631,0,0,5435909,defillama-protocol (token units)
money_market,Hydration Lending,hydration-lending,2024-09,0,0,0,0,0,defillama-protocol (token units)
money_market,Hydration Lending,hydration-lending,2024-10,0,0,0,0,0,defillama-protocol (token units)
money_market,Hydration Lending,hydration-lending,2024-11,0,0,0,0,0,defillama-protocol (token units)
money_market,Hydration Lending,hydration-lending,2024-12,0,0,0,0,0,defillama-protocol (token units)
money_market,Hydration Lending,hydration-lending,2025-01,0,0,0,0,0,defillama-protocol (token units)
money_market,Hydration Lending,hydration-lending,2025-02,0,0,0,0,0,defillama-protocol (token units)
money_market,Hydration Lending,hydration-lending,2025-03,0,0,0,0,0,defillama-protocol (token units)
money_market,Hydration Lending,hydration-lending,2025-04,0,0,0,0,0,defillama-protocol (token units)
money_market,Hydration Lending,hydration-lending,2025-05,0,0,0,0,0,defillama-protocol (token units)
money_market,Hydration Lending,hydration-lending,2025-06,24.8236,24.8236,0,1.617,2657652,defillama-protocol (token units)
money_market,Hydration Lending,hydration-lending,2025-07,15.3294,15.3294,0,4.5768,1769095,defillama-protocol (token units)
money_market,Hydration Lending,hydration-lending,2025-08,17.7428,17.7428,0,4.2796,1921790,defillama-protocol (token units)
money_market,Hydration Lending,hydration-lending,2025-09,35.4581,35.4581,0,3.1897,4043344,defillama-protocol (token units)
money_market,Hydration Lending,hydration-lending,2025-10,45.5329,45.5329,0,0.8767,4979558,defillama-protocol (token units)
money_market,Hydration Lending,hydration-lending,2025-11,44.1931,44.1931,0,0.5351,3938438,defillama-protocol (token units)
money_market,Hydration Lending,hydration-lending,2025-12,53.323,53.323,0,0.9341,4665792,defillama-protocol (token units)
money_market,Hydration Lending,hydration-lending,2026-01,43.5282,43.5282,0,0.4015,3439898,defillama-protocol (token units)
money_market,Hydration Lending,hydration-lending,2026-02,45.0887,45.0887,0,0.5044,3013246,defillama-protocol (token units)
money_market,Hydration Lending,hydration-lending,2026-03,41.5627,41.5627,0,0.6287,2827919,defillama-protocol (token units)
money_market,Hydration Lending,hydration-lending,2026-04,37.5274,37.5274,0,0.7387,2872165,defillama-protocol (token units)
money_market,Hydration Lending,hydration-lending,2026-05,37.8804,37.8804,0,0.6434,2788524,defillama-protocol (token units)
money_market,Hydration Lending,hydration-lending,2026-06,38.7536,38.7536,0,0.618,2267101,defillama-protocol (token units)
money_market,Hydration Lending,hydration-lending,2026-07,35.1662,35.1662,0,0.6708,2213757,defillama-protocol (token units)
money_market,Hydration Lending,hydration-lending,2026-08,35.3015,35.3015,0,0.7212,2760071,defillama-protocol (token units)
money_market,Hydration Lending,hydration-lending,2026-09,35.4224,35.4224,0,1.1264,2878459,defillama-protocol (token units)
money_market,Fraxlend,fraxlend,2024-09,125.1345,125.1345,0,0,7952984,defillama-protocol (token units)
money_market,Fraxlend,fraxlend,2024-10,75.9412,75.9412,0,0,5337510,defillama-protocol (token units)
money_market,Fraxlend,fraxlend,2024-11,60.7457,60.7457,0,0,5853257,defillama-protocol (token units)
money_market,Fraxlend,fraxlend,2024-12,59.1892,59.1892,0,0,5515303,defillama-protocol (token units)
money_market,Fraxlend,fraxlend,2025-01,51.4149,51.4149,0,0,5252165,defillama-protocol (token units)
money_market,Fraxlend,fraxlend,2025-02,38.7712,38.7712,0,0,3251967,defillama-protocol (token units)
money_market,Fraxlend,fraxlend,2025-03,77.325,77.325,0,0,6364280,defillama-protocol (token units)
money_market,Fraxlend,fraxlend,2025-04,65.4547,65.4547,0,0,6165254,defillama-protocol (token units)
money_market,Fraxlend,fraxlend,2025-05,31.3615,31.3615,0,0,3283932,defillama-protocol (token units)
money_market,Fraxlend,fraxlend,2025-06,27.6906,27.6906,0,0,2967830,defillama-protocol (token units)
money_market,Fraxlend,fraxlend,2025-07,29.8827,29.8827,0,0,3453212,defillama-protocol (token units)
money_market,Fraxlend,fraxlend,2025-08,28.8365,28.8365,0,0,3123387,defillama-protocol (token units)
money_market,Fraxlend,fraxlend,2025-09,24.3168,24.3168,0,0,2779854,defillama-protocol (token units)
money_market,Fraxlend,fraxlend,2025-10,24.3051,24.3051,0,0,2664326,defillama-protocol (token units)
money_market,Fraxlend,fraxlend,2025-11,23.8509,23.8509,0,0,2127004,defillama-protocol (token units)
money_market,Fraxlend,fraxlend,2025-12,23.5601,23.5601,0,0,2060367,defillama-protocol (token units)
money_market,Fraxlend,fraxlend,2026-01,23.8533,23.8533,0,0,1868164,defillama-protocol (token units)
money_market,Fraxlend,fraxlend,2026-02,34.191,34.191,0,0,2269119,defillama-protocol (token units)
money_market,Fraxlend,fraxlend,2026-03,34.1971,34.1971,0,0,2326582,defillama-protocol (token units)
money_market,Fraxlend,fraxlend,2026-04,34.239,34.239,0,0,2610835,defillama-protocol (token units)
money_market,Fraxlend,fraxlend,2026-05,34.2722,34.2722,0,0,2521908,defillama-protocol (token units)
money_market,Fraxlend,fraxlend,2026-06,33.4221,33.4221,0,0,1936717,defillama-protocol (token units)
money_market,Fraxlend,fraxlend,2026-07,33.4169,33.4169,0,0,2103988,defillama-protocol (token units)
money_market,Fraxlend,fraxlend,2026-08,35.2684,35.2684,0,0,2770146,defillama-protocol (token units)
money_market,Fraxlend,fraxlend,2026-09,35.2684,35.2684,0,0,2867263,defillama-protocol (token units)
money_market,Morpho Midnight,morpho-midnight,2024-09,0,0,0,0,0,defillama-protocol (token units)
money_market,Morpho Midnight,morpho-midnight,2024-10,0,0,0,0,0,defillama-protocol (token units)
money_market,Morpho Midnight,morpho-midnight,2024-11,0,0,0,0,0,defillama-protocol (token units)
money_market,Morpho Midnight,morpho-midnight,2024-12,0,0,0,0,0,defillama-protocol (token units)
money_market,Morpho Midnight,morpho-midnight,2025-01,0,0,0,0,0,defillama-protocol (token units)
money_market,Morpho Midnight,morpho-midnight,2025-02,0,0,0,0,0,defillama-protocol (token units)
money_market,Morpho Midnight,morpho-midnight,2025-03,0,0,0,0,0,defillama-protocol (token units)
money_market,Morpho Midnight,morpho-midnight,2025-04,0,0,0,0,0,defillama-protocol (token units)
money_market,Morpho Midnight,morpho-midnight,2025-05,0,0,0,0,0,defillama-protocol (token units)
money_market,Morpho Midnight,morpho-midnight,2025-06,0,0,0,0,0,defillama-protocol (token units)
money_market,Morpho Midnight,morpho-midnight,2025-07,0,0,0,0,0,defillama-protocol (token units)
money_market,Morpho Midnight,morpho-midnight,2025-08,0,0,0,0,0,defillama-protocol (token units)
money_market,Morpho Midnight,morpho-midnight,2025-09,0,0,0,0,0,defillama-protocol (token units)
money_market,Morpho Midnight,morpho-midnight,2025-10,0,0,0,0,0,defillama-protocol (token units)
money_market,Morpho Midnight,morpho-midnight,2025-11,0,0,0,0,0,defillama-protocol (token units)
money_market,Morpho Midnight,morpho-midnight,2025-12,0,0,0,0,0,defillama-protocol (token units)
money_market,Morpho Midnight,morpho-midnight,2026-01,0,0,0,0,0,defillama-protocol (token units)
money_market,Morpho Midnight,morpho-midnight,2026-02,0,0,0,0,0,defillama-protocol (token units)
money_market,Morpho Midnight,morpho-midnight,2026-03,0,0,0,0,0,defillama-protocol (token units)
money_market,Morpho Midnight,morpho-midnight,2026-04,0,0,0,0,0,defillama-protocol (token units)
money_market,Morpho Midnight,morpho-midnight,2026-05,0,0,0,0,0,defillama-protocol (token units)
money_market,Morpho Midnight,morpho-midnight,2026-06,0,0,0,0,0,defillama-protocol (token units)
money_market,Morpho Midnight,morpho-midnight,2026-07,7.333,7.333,0,0.0,460979,defillama-protocol (token units)
money_market,Morpho Midnight,morpho-midnight,2026-08,30.4724,30.4724,0,0.0,2395838,defillama-protocol (token units)
money_market,Morpho Midnight,morpho-midnight,2026-09,34.6797,34.6797,0,0.0,2816126,defillama-protocol (token units)
money_market,Project 0,project-0,2024-09,0,0,0,0,0,defillama-protocol (token units)
money_market,Project 0,project-0,2024-10,0,0,0,0,0,defillama-protocol (token units)
money_market,Project 0,project-0,2024-11,0,0,0,0,0,defillama-protocol (token units)
money_market,Project 0,project-0,2024-12,0,0,0,0,0,defillama-protocol (token units)
money_market,Project 0,project-0,2025-01,0,0,0,0,0,defillama-protocol (token units)
money_market,Project 0,project-0,2025-02,0,0,0,0,0,defillama-protocol (token units)
money_market,Project 0,project-0,2025-03,0,0,0,0,0,defillama-protocol (token units)
money_market,Project 0,project-0,2025-04,0,0,0,0,0,defillama-protocol (token units)
money_market,Project 0,project-0,2025-05,0,0,0,0,0,defillama-protocol (token units)
money_market,Project 0,project-0,2025-06,0,0,0,0,0,defillama-protocol (token units)
money_market,Project 0,project-0,2025-07,0,0,0,0,0,defillama-protocol (token units)
money_market,Project 0,project-0,2025-08,0,0,0,0,0,defillama-protocol (token units)
money_market,Project 0,project-0,2025-09,0,0,0,0,0,defillama-protocol (token units)
money_market,Project 0,project-0,2025-10,0,0,0,0,0,defillama-protocol (token units)
money_market,Project 0,project-0,2025-11,0,0,0,0,0,defillama-protocol (token units)
money_market,Project 0,project-0,2025-12,48.4003,48.4003,0,5.0912,4228818,defillama-protocol (token units)
money_market,Project 0,project-0,2026-01,0,0,0,0,0,defillama-protocol (token units)
money_market,Project 0,project-0,2026-02,0,0,0,0,0,defillama-protocol (token units)
money_market,Project 0,project-0,2026-03,0,0,0,0,0,defillama-protocol (token units)
money_market,Project 0,project-0,2026-04,77.4156,77.4156,0,13.0002,5900911,defillama-protocol (token units)
money_market,Project 0,project-0,2026-05,279.2046,279.2046,0,28.2361,20507022,defillama-protocol (token units)
money_market,Project 0,project-0,2026-06,31.5352,31.5352,0,2.9068,1893198,defillama-protocol (token units)
money_market,Project 0,project-0,2026-07,30.9278,30.9278,0,2.9018,1944769,defillama-protocol (token units)
money_market,Project 0,project-0,2026-08,31.0764,31.0764,0,2.6601,2443610,defillama-protocol (token units)
money_market,Project 0,project-0,2026-09,29.9396,29.9396,0,2.8842,2432275,defillama-protocol (token units)
money_market,Curvance,curvance,2024-09,0,0,0,0,0,defillama-protocol (token units)
money_market,Curvance,curvance,2024-10,0,0,0,0,0,defillama-protocol (token units)
money_market,Curvance,curvance,2024-11,0,0,0,0,0,defillama-protocol (token units)
money_market,Curvance,curvance,2024-12,0,0,0,0,0,defillama-protocol (token units)
money_market,Curvance,curvance,2025-01,0,0,0,0,0,defillama-protocol (token units)
money_market,Curvance,curvance,2025-02,0,0,0,0,0,defillama-protocol (token units)
money_market,Curvance,curvance,2025-03,0,0,0,0,0,defillama-protocol (token units)
money_market,Curvance,curvance,2025-04,0,0,0,0,0,defillama-protocol (token units)
money_market,Curvance,curvance,2025-05,0,0,0,0,0,defillama-protocol (token units)
money_market,Curvance,curvance,2025-06,0,0,0,0,0,defillama-protocol (token units)
money_market,Curvance,curvance,2025-07,0,0,0,0,0,defillama-protocol (token units)
money_market,Curvance,curvance,2025-08,0,0,0,0,0,defillama-protocol (token units)
money_market,Curvance,curvance,2025-09,0,0,0,0,0,defillama-protocol (token units)
money_market,Curvance,curvance,2025-10,0,0,0,0,0,defillama-protocol (token units)
money_market,Curvance,curvance,2025-11,5.3208,5.3208,0,0,473721,defillama-protocol (token units)
money_market,Curvance,curvance,2025-12,1.6798,1.6798,0,0,146904,defillama-protocol (token units)
money_market,Curvance,curvance,2026-01,0.727,0.727,0,0,56918,defillama-protocol (token units)
money_market,Curvance,curvance,2026-02,0.5037,0.5037,0,0.0026,33488,defillama-protocol (token units)
money_market,Curvance,curvance,2026-03,0.222,0.222,0,0.2961,15119,defillama-protocol (token units)
money_market,Curvance,curvance,2026-04,11.4968,11.4968,0,21.399,877472,defillama-protocol (token units)
money_market,Curvance,curvance,2026-05,0.4183,0.4183,0,32.5079,30790,defillama-protocol (token units)
money_market,Curvance,curvance,2026-06,0.4199,0.4199,0,32.51,24349,defillama-protocol (token units)
money_market,Curvance,curvance,2026-07,0.4427,0.4427,0,32.4817,27872,defillama-protocol (token units)
money_market,Curvance,curvance,2026-08,0.4048,0.4048,0,32.4655,31785,defillama-protocol (token units)
money_market,Curvance,curvance,2026-09,0.1441,0.1441,0,32.4655,11697,defillama-protocol (token units)
money_market,Save,save,2024-09,0.4483,0.4483,0,0.0087,28431,defillama-protocol (token units)
money_market,Save,save,2024-10,0.3154,0.3154,0,0.0082,22170,defillama-protocol (token units)
money_market,Save,save,2024-11,36.7901,36.7901,0,1.3183,3550086,defillama-protocol (token units)
money_market,Save,save,2024-12,30.591,30.591,0,1.55,2853598,defillama-protocol (token units)
money_market,Save,save,2025-01,32.1212,32.1212,0,2.0357,3298460,defillama-protocol (token units)
money_market,Save,save,2025-02,53.7977,53.7977,0,2.006,4543664,defillama-protocol (token units)
money_market,Save,save,2025-03,60.0447,60.0447,0,1.7844,4950388,defillama-protocol (token units)
money_market,Save,save,2025-04,64.2246,64.2246,0,1.8061,6044784,defillama-protocol (token units)
money_market,Save,save,2025-05,70.6385,70.6385,0,1.5772,7385982,defillama-protocol (token units)
money_market,Save,save,2025-06,65.287,65.287,0,1.2369,7013491,defillama-protocol (token units)
money_market,Save,save,2025-07,64.1551,64.1551,0,1.1795,7424683,defillama-protocol (token units)
money_market,Save,save,2025-08,64.2782,64.2782,0,1.0196,6950232,defillama-protocol (token units)
money_market,Save,save,2025-09,45.7014,45.7014,0,1.0285,5218153,defillama-protocol (token units)
money_market,Save,save,2025-10,43.2472,43.2472,0,1.2526,4740656,defillama-protocol (token units)
money_market,Save,save,2025-11,35.4241,35.4241,0,1.1289,3174253,defillama-protocol (token units)
money_market,Save,save,2025-12,30.776,30.776,0,0.619,2696241,defillama-protocol (token units)
money_market,Save,save,2026-01,25.5174,25.5174,0,1.5117,2020010,defillama-protocol (token units)
money_market,Save,save,2026-02,32.7544,32.7544,0,2.7427,2192281,defillama-protocol (token units)
money_market,Save,save,2026-03,31.1638,31.1638,0,3.4964,2121500,defillama-protocol (token units)
money_market,Save,save,2026-04,32.3209,32.3209,0,3.3791,2470873,defillama-protocol (token units)
money_market,Save,save,2026-05,32.9803,32.9803,0,3.3911,2434062,defillama-protocol (token units)
money_market,Save,save,2026-06,31.6306,31.6306,0,2.947,1835022,defillama-protocol (token units)
money_market,Save,save,2026-07,30.7819,30.7819,0,3.2168,1935776,defillama-protocol (token units)
money_market,Save,save,2026-08,28.1969,28.1969,0,3.7364,2216933,defillama-protocol (token units)
money_market,Save,save,2026-09,28.8311,28.8311,0,3.7687,2344627,defillama-protocol (token units)
money_market,LayerBank,layerbank,2024-09,10198.6724,10198.6724,0,24.6583,647809515,defillama-protocol (token units)
money_market,LayerBank,layerbank,2024-10,1892.7862,1892.7862,0,24.8717,132696934,defillama-protocol (token units)
money_market,LayerBank,layerbank,2024-11,611.6126,611.6126,0,16.082,58926959,defillama-protocol (token units)
money_market,LayerBank,layerbank,2024-12,374.0143,374.0143,0,13.8711,34810721,defillama-protocol (token units)
money_market,LayerBank,layerbank,2025-01,284.0821,284.0821,0.0,11.3642,28966738,defillama-protocol (token units)
money_market,LayerBank,layerbank,2025-02,277.0082,276.9589,0.0493,11.041,23198669,defillama-protocol (token units)
money_market,LayerBank,layerbank,2025-03,424.2826,424.2772,0.0053,9.6621,34899711,defillama-protocol (token units)
money_market,LayerBank,layerbank,2025-04,493.0689,423.9602,69.1086,15.8826,45379737,defillama-protocol (token units)
money_market,LayerBank,layerbank,2025-05,371.0173,331.9097,39.1076,16.3172,38297299,defillama-protocol (token units)
money_market,LayerBank,layerbank,2025-06,261.0082,221.9006,39.1076,17.6466,27969910,defillama-protocol (token units)
money_market,LayerBank,layerbank,2025-07,299.549,260.3455,39.2035,17.3563,34352827,defillama-protocol (token units)
money_market,LayerBank,layerbank,2025-08,265.9675,196.7608,69.2067,42.0727,29040414,defillama-protocol (token units)
money_market,LayerBank,layerbank,2025-09,236.7631,167.5665,69.1965,45.2312,26989696,defillama-protocol (token units)
money_market,LayerBank,layerbank,2025-10,196.2882,166.172,30.1162,20.4971,21391007,defillama-protocol (token units)
money_market,LayerBank,layerbank,2025-11,27.6905,27.5942,0.0963,36.3111,2503890,defillama-protocol (token units)
money_market,LayerBank,layerbank,2025-12,23.8026,23.7051,0.0975,42.597,2078964,defillama-protocol (token units)
money_market,LayerBank,layerbank,2026-01,0,0,0,0,0,defillama-protocol (token units)
money_market,LayerBank,layerbank,2026-02,12.5819,12.483,0.0988,15.5182,841356,defillama-protocol (token units)
money_market,LayerBank,layerbank,2026-03,23.3741,7.3559,16.0182,39.3704,1607264,defillama-protocol (token units)
money_market,LayerBank,layerbank,2026-04,33.9407,15.6549,18.2858,32.2904,2616558,defillama-protocol (token units)
money_market,LayerBank,layerbank,2026-05,21.0191,20.7633,0.2558,12.8805,1545934,defillama-protocol (token units)
money_market,LayerBank,layerbank,2026-06,29.1612,29.0785,0.0826,14.4806,1706907,defillama-protocol (token units)
money_market,LayerBank,layerbank,2026-07,20.2122,20.1903,0.0219,0.5235,1277520,defillama-protocol (token units)
money_market,LayerBank,layerbank,2026-08,24.1327,24.1117,0.021,0.4976,1899931,defillama-protocol (token units)
money_market,LayerBank,layerbank,2026-09,24.9089,24.9026,0.0063,5.9947,2023639,defillama-protocol (token units)
money_market,marginfi Lending,marginfi-lending,2024-09,46.2239,46.2239,0,0,2945795,defillama-protocol (token units)
money_market,marginfi Lending,marginfi-lending,2024-10,44.6474,44.6474,0,0,3150085,defillama-protocol (token units)
money_market,marginfi Lending,marginfi-lending,2024-11,35.8865,35.8865,0,0,3463334,defillama-protocol (token units)
money_market,marginfi Lending,marginfi-lending,2024-12,37.6002,37.6002,0,0,3510470,defillama-protocol (token units)
money_market,marginfi Lending,marginfi-lending,2025-01,47.3325,47.3325,0,0,4847037,defillama-protocol (token units)
money_market,marginfi Lending,marginfi-lending,2025-02,38.4907,38.4907,0,0,3246685,defillama-protocol (token units)
money_market,marginfi Lending,marginfi-lending,2025-03,33.4916,33.4916,0,0,2766836,defillama-protocol (token units)
money_market,marginfi Lending,marginfi-lending,2025-04,35.6043,35.6043,0,0,3353759,defillama-protocol (token units)
money_market,marginfi Lending,marginfi-lending,2025-05,32.1819,32.1819,0,0,3368223,defillama-protocol (token units)
money_market,marginfi Lending,marginfi-lending,2025-06,34.238,34.238,0,0,3673877,defillama-protocol (token units)
money_market,marginfi Lending,marginfi-lending,2025-07,34.2995,34.2995,0,0,3967553,defillama-protocol (token units)
money_market,marginfi Lending,marginfi-lending,2025-08,28.3402,28.3402,0,0,3069858,defillama-protocol (token units)
money_market,marginfi Lending,marginfi-lending,2025-09,34.3503,34.3503,0,0,3914758,defillama-protocol (token units)
money_market,marginfi Lending,marginfi-lending,2025-10,52.921,52.921,0,0,5797781,defillama-protocol (token units)
money_market,marginfi Lending,marginfi-lending,2025-11,50.8183,50.8183,0,0,4587828,defillama-protocol (token units)
money_market,marginfi Lending,marginfi-lending,2025-12,48.4083,48.4083,0,0,4229508,defillama-protocol (token units)
money_market,marginfi Lending,marginfi-lending,2026-01,43.6275,43.6275,0,0,3424346,defillama-protocol (token units)
money_market,marginfi Lending,marginfi-lending,2026-02,36.1622,36.1622,0,0,2415210,defillama-protocol (token units)
money_market,marginfi Lending,marginfi-lending,2026-03,40.7492,40.7492,0,0,2774221,defillama-protocol (token units)
money_market,marginfi Lending,marginfi-lending,2026-04,32.6924,32.6924,0,0,2490705,defillama-protocol (token units)
money_market,marginfi Lending,marginfi-lending,2026-05,33.6271,33.6271,0,0,2470032,defillama-protocol (token units)
money_market,marginfi Lending,marginfi-lending,2026-06,28.6438,28.6438,0,0,1674311,defillama-protocol (token units)
money_market,marginfi Lending,marginfi-lending,2026-07,0,0,0,0,0,defillama-protocol (token units)
money_market,marginfi Lending,marginfi-lending,2026-08,0,0,0,0,0,defillama-protocol (token units)
money_market,marginfi Lending,marginfi-lending,2026-09,27.0675,27.0675,0,2.8842,2198982,defillama-protocol (token units)
money_market,Current,current,2024-09,0,0,0,0,0,defillama-protocol (token units)
money_market,Current,current,2024-10,0,0,0,0,0,defillama-protocol (token units)
money_market,Current,current,2024-11,0,0,0,0,0,defillama-protocol (token units)
money_market,Current,current,2024-12,0,0,0,0,0,defillama-protocol (token units)
money_market,Current,current,2025-01,0,0,0,0,0,defillama-protocol (token units)
money_market,Current,current,2025-02,0,0,0,0,0,defillama-protocol (token units)
money_market,Current,current,2025-03,0,0,0,0,0,defillama-protocol (token units)
money_market,Current,current,2025-04,0,0,0,0,0,defillama-protocol (token units)
money_market,Current,current,2025-05,0,0,0,0,0,defillama-protocol (token units)
money_market,Current,current,2025-06,0,0,0,0,0,defillama-protocol (token units)
money_market,Current,current,2025-07,0,0,0,0,0,defillama-protocol (token units)
money_market,Current,current,2025-08,0,0,0,0,0,defillama-protocol (token units)
money_market,Current,current,2025-09,0,0,0,0,0,defillama-protocol (token units)
money_market,Current,current,2025-10,0,0,0,0,0,defillama-protocol (token units)
money_market,Current,current,2025-11,0,0,0,0,0,defillama-protocol (token units)
money_market,Current,current,2025-12,0,0,0,0,0,defillama-protocol (token units)
money_market,Current,current,2026-01,0,0,0,0,0,defillama-protocol (token units)
money_market,Current,current,2026-02,0,0,0,0,0,defillama-protocol (token units)
money_market,Current,current,2026-03,0,0,0,0,0,defillama-protocol (token units)
money_market,Current,current,2026-04,0.0133,0.0126,0.0007,0.0037,1016,defillama-protocol (token units)
money_market,Current,current,2026-05,0.0066,0.0059,0.0007,0.0105,484,defillama-protocol (token units)
money_market,Current,current,2026-06,0.0043,0.0036,0.0007,0.0127,252,defillama-protocol (token units)
money_market,Current,current,2026-07,0.9997,0.999,0.0007,0.8934,62977,defillama-protocol (token units)
money_market,Current,current,2026-08,8.9129,8.9122,0.0007,12.862,701807,defillama-protocol (token units)
money_market,Current,current,2026-09,11.6773,11.6766,0.0007,13.7763,948958,defillama-protocol (token units)
money_market,Silo V2,silo-v2,2024-09,0,0,0,0,0,defillama-protocol (token units)
money_market,Silo V2,silo-v2,2024-10,0,0,0,0,0,defillama-protocol (token units)
money_market,Silo V2,silo-v2,2024-11,0,0,0,0,0,defillama-protocol (token units)
money_market,Silo V2,silo-v2,2024-12,0,0,0,0,0,defillama-protocol (token units)
money_market,Silo V2,silo-v2,2025-01,1.1957,1.084,0.1117,0.2567,122334,defillama-protocol (token units)
money_market,Silo V2,silo-v2,2025-02,5.601,2.6122,2.9888,1.5626,468713,defillama-protocol (token units)
money_market,Silo V2,silo-v2,2025-03,320.7916,57.9964,262.7952,253.0831,26398008,defillama-protocol (token units)
money_market,Silo V2,silo-v2,2025-04,226.314,3.0426,223.2714,103.9837,21249830,defillama-protocol (token units)
money_market,Silo V2,silo-v2,2025-05,213.5948,7.4798,206.115,89.0009,22187430,defillama-protocol (token units)
money_market,Silo V2,silo-v2,2025-06,221.923,21.3926,200.5304,58.4667,23803685,defillama-protocol (token units)
money_market,Silo V2,silo-v2,2025-07,239.2854,41.5116,197.7738,207.6806,27659609,defillama-protocol (token units)
money_market,Silo V2,silo-v2,2025-08,114.9397,45.8385,69.1012,337.1707,12371446,defillama-protocol (token units)
money_market,Silo V2,silo-v2,2025-09,67.5342,49.6282,17.9061,433.5458,7707785,defillama-protocol (token units)
money_market,Silo V2,silo-v2,2025-10,115.4591,114.0199,1.4392,480.5696,12635253,defillama-protocol (token units)
money_market,Silo V2,silo-v2,2025-11,13.324,11.9563,1.3677,79.8193,1201847,defillama-protocol (token units)
money_market,Silo V2,silo-v2,2025-12,98.4747,11.8159,86.6588,46.5899,8920019,defillama-protocol (token units)
money_market,Silo V2,silo-v2,2026-01,34.7208,1.9124,32.8084,14.1089,2848301,defillama-protocol (token units)
money_market,Silo V2,silo-v2,2026-02,30.8255,4.8879,25.9376,8.6502,2146052,defillama-protocol (token units)
money_market,Silo V2,silo-v2,2026-03,22.7238,0.8344,21.8895,5.4767,1624272,defillama-protocol (token units)
money_market,Silo V2,silo-v2,2026-04,23.993,1.9028,22.0902,1.2538,1926275,defillama-protocol (token units)
money_market,Silo V2,silo-v2,2026-05,22.1724,0.1985,21.9739,1.1307,1728219,defillama-protocol (token units)
money_market,Silo V2,silo-v2,2026-06,22.0684,0.2473,21.8211,0.7755,1371544,defillama-protocol (token units)
money_market,Silo V2,silo-v2,2026-07,22.2336,0.4303,21.8033,0.8375,1489935,defillama-protocol (token units)
money_market,Silo V2,silo-v2,2026-08,21.4532,0.7938,20.6594,0.1278,1798789,defillama-protocol (token units)
money_market,Silo V2,silo-v2,2026-09,21.2662,0.6343,20.6319,0.1833,1845295,defillama-protocol (token units)
money_market,Flying Tulip Lend,flying-tulip-lend,2024-09,0,0,0,0,0,defillama-protocol (token units)
money_market,Flying Tulip Lend,flying-tulip-lend,2024-10,0,0,0,0,0,defillama-protocol (token units)
money_market,Flying Tulip Lend,flying-tulip-lend,2024-11,0,0,0,0,0,defillama-protocol (token units)
money_market,Flying Tulip Lend,flying-tulip-lend,2024-12,0,0,0,0,0,defillama-protocol (token units)
money_market,Flying Tulip Lend,flying-tulip-lend,2025-01,0,0,0,0,0,defillama-protocol (token units)
money_market,Flying Tulip Lend,flying-tulip-lend,2025-02,0,0,0,0,0,defillama-protocol (token units)
money_market,Flying Tulip Lend,flying-tulip-lend,2025-03,0,0,0,0,0,defillama-protocol (token units)
money_market,Flying Tulip Lend,flying-tulip-lend,2025-04,0,0,0,0,0,defillama-protocol (token units)
money_market,Flying Tulip Lend,flying-tulip-lend,2025-05,0,0,0,0,0,defillama-protocol (token units)
money_market,Flying Tulip Lend,flying-tulip-lend,2025-06,0,0,0,0,0,defillama-protocol (token units)
money_market,Flying Tulip Lend,flying-tulip-lend,2025-07,0,0,0,0,0,defillama-protocol (token units)
money_market,Flying Tulip Lend,flying-tulip-lend,2025-08,0,0,0,0,0,defillama-protocol (token units)
money_market,Flying Tulip Lend,flying-tulip-lend,2025-09,0,0,0,0,0,defillama-protocol (token units)
money_market,Flying Tulip Lend,flying-tulip-lend,2025-10,0,0,0,0,0,defillama-protocol (token units)
money_market,Flying Tulip Lend,flying-tulip-lend,2025-11,0,0,0,0,0,defillama-protocol (token units)
money_market,Flying Tulip Lend,flying-tulip-lend,2025-12,0,0,0,0,0,defillama-protocol (token units)
money_market,Flying Tulip Lend,flying-tulip-lend,2026-01,0,0,0,0,0,defillama-protocol (token units)
money_market,Flying Tulip Lend,flying-tulip-lend,2026-02,0,0,0,0,0,defillama-protocol (token units)
money_market,Flying Tulip Lend,flying-tulip-lend,2026-03,0,0,0,0,0,defillama-protocol (token units)
money_market,Flying Tulip Lend,flying-tulip-lend,2026-04,0,0,0,0,0,defillama-protocol (token units)
money_market,Flying Tulip Lend,flying-tulip-lend,2026-05,16.2133,16.2133,0,0.0001,1195174,defillama-protocol (token units)
money_market,Flying Tulip Lend,flying-tulip-lend,2026-06,0.1329,0.1329,0,0.0001,7772,defillama-protocol (token units)
money_market,Flying Tulip Lend,flying-tulip-lend,2026-07,0.1335,0.1335,0,0.0009,8406,defillama-protocol (token units)
money_market,Flying Tulip Lend,flying-tulip-lend,2026-08,0.1314,0.1314,0,19.8271,10320,defillama-protocol (token units)
money_market,Flying Tulip Lend,flying-tulip-lend,2026-09,0.1309,0.1309,0,19.754,10624,defillama-protocol (token units)
money_market,Avalon Finance,avalon-finance,2024-09,6100.7769,3806.2296,2294.5473,3026.2946,387487116,defillama-protocol (token units)
money_market,Avalon Finance,avalon-finance,2024-10,7305.4663,5888.1576,1417.3087,2920.076,513375589,defillama-protocol (token units)
money_market,Avalon Finance,avalon-finance,2024-11,10292.9835,7787.3051,2505.6784,2217.667,989998094,defillama-protocol (token units)
money_market,Avalon Finance,avalon-finance,2024-12,11393.0363,9054.1982,2338.838,3040.4903,1061399533,defillama-protocol (token units)
money_market,Avalon Finance,avalon-finance,2025-01,11243.4515,9517.8737,1725.5778,2734.5084,1150199995,defillama-protocol (token units)
money_market,Avalon Finance,avalon-finance,2025-02,9587.5478,7747.4102,1840.1376,1269.4327,804521953,defillama-protocol (token units)
money_market,Avalon Finance,avalon-finance,2025-03,7369.8322,5706.8335,1662.9986,551.2899,607249053,defillama-protocol (token units)
money_market,Avalon Finance,avalon-finance,2025-04,4909.0045,4480.1155,428.889,59.3726,464396026,defillama-protocol (token units)
money_market,Avalon Finance,avalon-finance,2025-05,3172.9857,2870.4741,302.5116,29.9711,330520506,defillama-protocol (token units)
money_market,Avalon Finance,avalon-finance,2025-06,3020.7174,2756.8518,263.8656,20.9117,323598911,defillama-protocol (token units)
money_market,Avalon Finance,avalon-finance,2025-07,38.7268,17.468,21.2588,9.6462,4455207,defillama-protocol (token units)
money_market,Avalon Finance,avalon-finance,2025-08,27.3694,11.6269,15.7424,6.4306,2952796,defillama-protocol (token units)
money_market,Avalon Finance,avalon-finance,2025-09,23.3617,11.4127,11.949,6.3363,2643723,defillama-protocol (token units)
money_market,Avalon Finance,avalon-finance,2025-10,21.3286,10.4076,10.921,5.7565,2331738,defillama-protocol (token units)
money_market,Avalon Finance,avalon-finance,2025-11,18.3458,8.0029,10.3428,5.6176,1653462,defillama-protocol (token units)
money_market,Avalon Finance,avalon-finance,2025-12,17.5632,8.0771,9.4861,5.4363,1535710,defillama-protocol (token units)
money_market,Avalon Finance,avalon-finance,2026-01,14.8174,9.6491,5.1684,2.5472,1176021,defillama-protocol (token units)
money_market,Avalon Finance,avalon-finance,2026-02,13.8461,9.0379,4.8082,2.5267,917600,defillama-protocol (token units)
money_market,Avalon Finance,avalon-finance,2026-03,13.5215,8.8132,4.7083,2.2334,923474,defillama-protocol (token units)
money_market,Avalon Finance,avalon-finance,2026-04,9.0667,4.7965,4.2702,4.3594,709448,defillama-protocol (token units)
money_market,Avalon Finance,avalon-finance,2026-05,7.388,3.1915,4.1965,4.766,554506,defillama-protocol (token units)
money_market,Avalon Finance,avalon-finance,2026-06,7.103,2.9208,4.1822,6.8911,429940,defillama-protocol (token units)
money_market,Avalon Finance,avalon-finance,2026-07,6.6304,2.5095,4.1209,7.8442,421906,defillama-protocol (token units)
money_market,Avalon Finance,avalon-finance,2026-08,2.9547,2.1365,0.8183,9.0898,227308,defillama-protocol (token units)
money_market,Avalon Finance,avalon-finance,2026-09,5.8925,2.1682,3.7243,10.7409,477009,defillama-protocol (token units)
money_market,Folks Finance xChain,folks-finance-xchain,2024-09,0,0,0,0,0,defillama-protocol (token units)
money_market,Folks Finance xChain,folks-finance-xchain,2024-10,3.9727,3.9727,0,0.3996,279013,defillama-protocol (token units)
money_market,Folks Finance xChain,folks-finance-xchain,2024-11,17.7176,17.7176,0,3.3385,1705986,defillama-protocol (token units)
money_market,Folks Finance xChain,folks-finance-xchain,2024-12,28.077,28.077,0,0.9824,2618271,defillama-protocol (token units)
money_market,Folks Finance xChain,folks-finance-xchain,2025-01,30.9461,30.9461,0,0.5147,3167000,defillama-protocol (token units)
money_market,Folks Finance xChain,folks-finance-xchain,2025-02,36.9086,36.9086,0,2.7379,3101221,defillama-protocol (token units)
money_market,Folks Finance xChain,folks-finance-xchain,2025-03,36.4852,36.4852,0,0.964,3009679,defillama-protocol (token units)
money_market,Folks Finance xChain,folks-finance-xchain,2025-04,34.859,34.859,0,1.3583,3282016,defillama-protocol (token units)
money_market,Folks Finance xChain,folks-finance-xchain,2025-05,37.4842,37.4842,0,1.6939,3923377,defillama-protocol (token units)
money_market,Folks Finance xChain,folks-finance-xchain,2025-06,33.767,33.767,0,1.5283,3615084,defillama-protocol (token units)
money_market,Folks Finance xChain,folks-finance-xchain,2025-07,32.0422,32.0422,0,1.5622,3709789,defillama-protocol (token units)
money_market,Folks Finance xChain,folks-finance-xchain,2025-08,80.9317,80.9317,0,2.6274,8755128,defillama-protocol (token units)
money_market,Folks Finance xChain,folks-finance-xchain,2025-09,82.1854,82.1854,0,3.0908,9355368,defillama-protocol (token units)
money_market,Folks Finance xChain,folks-finance-xchain,2025-10,86.8475,86.8475,0,7.1731,9524599,defillama-protocol (token units)
money_market,Folks Finance xChain,folks-finance-xchain,2025-11,87.3631,87.3631,0,7.3353,7860781,defillama-protocol (token units)
money_market,Folks Finance xChain,folks-finance-xchain,2025-12,87.312,87.312,0,8.6618,7639098,defillama-protocol (token units)
money_market,Folks Finance xChain,folks-finance-xchain,2026-01,87.358,87.358,0,3.0405,6874026,defillama-protocol (token units)
money_market,Folks Finance xChain,folks-finance-xchain,2026-02,84.0308,84.0308,0,6.0773,5507394,defillama-protocol (token units)
money_market,Folks Finance xChain,folks-finance-xchain,2026-03,79.8858,79.8858,0,2.6406,5479567,defillama-protocol (token units)
money_market,Folks Finance xChain,folks-finance-xchain,2026-04,24.6477,24.6477,0,0.201,1885303,defillama-protocol (token units)
money_market,Folks Finance xChain,folks-finance-xchain,2026-05,22.4399,22.4399,0,0.1877,1652836,defillama-protocol (token units)
money_market,Folks Finance xChain,folks-finance-xchain,2026-06,19.892,19.892,0,0.3602,1160483,defillama-protocol (token units)
money_market,Folks Finance xChain,folks-finance-xchain,2026-07,19.514,19.514,0,0.1975,1226843,defillama-protocol (token units)
money_market,Folks Finance xChain,folks-finance-xchain,2026-08,16.3929,16.3929,0,0.1768,1288451,defillama-protocol (token units)
money_market,Folks Finance xChain,folks-finance-xchain,2026-09,16.0755,16.0755,0,0.2368,1303634,defillama-protocol (token units)
money_market,Loopscale,loopscale,2024-09,0,0,0,0,0,defillama-protocol (token units)
money_market,Loopscale,loopscale,2024-10,0,0,0,0,0,defillama-protocol (token units)
money_market,Loopscale,loopscale,2024-11,0,0,0,0,0,defillama-protocol (token units)
money_market,Loopscale,loopscale,2024-12,0,0,0,0,0,defillama-protocol (token units)
money_market,Loopscale,loopscale,2025-01,0,0,0,0,0,defillama-protocol (token units)
money_market,Loopscale,loopscale,2025-02,0,0,0,0,0,defillama-protocol (token units)
money_market,Loopscale,loopscale,2025-03,0,0,0,0,0,defillama-protocol (token units)
money_market,Loopscale,loopscale,2025-04,0,0,0,0,0,defillama-protocol (token units)
money_market,Loopscale,loopscale,2025-05,0,0,0,0,0,defillama-protocol (token units)
money_market,Loopscale,loopscale,2025-06,0,0,0,0,0,defillama-protocol (token units)
money_market,Loopscale,loopscale,2025-07,23.5559,15.9372,7.6187,8.0416,2724595,defillama-protocol (token units)
money_market,Loopscale,loopscale,2025-08,39.6797,25.6244,14.0554,12.6914,4300669,defillama-protocol (token units)
money_market,Loopscale,loopscale,2025-09,42.7965,26.6239,16.1726,12.3154,4872553,defillama-protocol (token units)
money_market,Loopscale,loopscale,2025-10,26.9204,13.1891,13.7314,10.5034,2956694,defillama-protocol (token units)
money_market,Loopscale,loopscale,2025-11,22.9108,9.3911,13.5197,10.3319,2051556,defillama-protocol (token units)
money_market,Loopscale,loopscale,2025-12,23.8161,12.4848,11.3313,8.5547,2098967,defillama-protocol (token units)
money_market,Loopscale,loopscale,2026-01,20.6897,12.7411,7.9486,6.4531,1627781,defillama-protocol (token units)
money_market,Loopscale,loopscale,2026-02,18.9686,11.9686,7.0,5.7833,1277269,defillama-protocol (token units)
money_market,Loopscale,loopscale,2026-03,19.8703,13.6681,6.2022,5.0199,1358396,defillama-protocol (token units)
money_market,Loopscale,loopscale,2026-04,16.3142,11.1659,5.1482,4.2589,1249632,defillama-protocol (token units)
money_market,Loopscale,loopscale,2026-05,16.3417,11.3763,4.9653,4.1339,1206851,defillama-protocol (token units)
money_market,Loopscale,loopscale,2026-06,0,0,0,0,0,defillama-protocol (token units)
money_market,Loopscale,loopscale,2026-07,14.9951,12.0119,2.9832,3.4947,945159,defillama-protocol (token units)
money_market,Loopscale,loopscale,2026-08,13.4137,10.4449,2.9688,3.4747,1056854,defillama-protocol (token units)
money_market,Loopscale,loopscale,2026-09,12.8193,9.8543,2.965,3.4726,1043182,defillama-protocol (token units)
money_market,Gearbox,gearbox,2024-09,33.2969,29.6095,3.6873,0,2116143,defillama-protocol (token units)
money_market,Gearbox,gearbox,2024-10,35.2198,15.5527,19.6672,0,2469745,defillama-protocol (token units)
money_market,Gearbox,gearbox,2024-11,34.4186,12.4816,21.937,0,3309156,defillama-protocol (token units)
money_market,Gearbox,gearbox,2024-12,60.0675,18.2105,41.857,0,5607113,defillama-protocol (token units)
money_market,Gearbox,gearbox,2025-01,44.2485,9.2741,34.9745,0,4539824,defillama-protocol (token units)
money_market,Gearbox,gearbox,2025-02,49.0908,11.2901,37.8007,0,4138062,defillama-protocol (token units)
money_market,Gearbox,gearbox,2025-03,75.3776,36.3622,39.0155,37.9448,6219005,defillama-protocol (token units)
money_market,Gearbox,gearbox,2025-04,57.692,39.9185,17.7735,14.151,5419142,defillama-protocol (token units)
money_market,Gearbox,gearbox,2025-05,31.8792,14.6557,17.2235,13.7197,3318611,defillama-protocol (token units)
money_market,Gearbox,gearbox,2025-06,28.5712,13.0403,15.5309,12.303,3057711,defillama-protocol (token units)
money_market,Gearbox,gearbox,2025-07,26.2841,13.1839,13.1002,10.333,3036132,defillama-protocol (token units)
money_market,Gearbox,gearbox,2025-08,61.0009,47.9007,13.1002,22.0278,6579216,defillama-protocol (token units)
money_market,Gearbox,gearbox,2025-09,27.3863,19.2934,8.0928,6.7633,3127269,defillama-protocol (token units)
money_market,Gearbox,gearbox,2025-10,20.9891,18.9723,2.0168,2.5481,2299434,defillama-protocol (token units)
money_market,Gearbox,gearbox,2025-11,17.8305,15.8137,2.0168,1.9691,1591329,defillama-protocol (token units)
money_market,Gearbox,gearbox,2025-12,15.454,13.4372,2.0168,1.7691,1352703,defillama-protocol (token units)
money_market,Gearbox,gearbox,2026-01,10.1831,8.1663,2.0168,1.7691,805205,defillama-protocol (token units)
money_market,Gearbox,gearbox,2026-02,14.739,13.6205,1.1185,21.373,984670,defillama-protocol (token units)
money_market,Gearbox,gearbox,2026-03,13.2856,13.2856,0,20.2196,902804,defillama-protocol (token units)
money_market,Gearbox,gearbox,2026-04,12.3664,12.3664,0,20.0,944191,defillama-protocol (token units)
money_market,Gearbox,gearbox,2026-05,13.9547,13.9547,0,0,1026987,defillama-protocol (token units)
money_market,Gearbox,gearbox,2026-06,14.5104,14.5104,0,0,847366,defillama-protocol (token units)
money_market,Gearbox,gearbox,2026-07,6.7457,6.7457,0,1.3927,425543,defillama-protocol (token units)
money_market,Gearbox,gearbox,2026-08,9.1538,9.1538,0,1.3927,719023,defillama-protocol (token units)
money_market,Gearbox,gearbox,2026-09,12.9601,12.9601,0,2.4738,1053644,defillama-protocol (token units)
money_market,BEND,bend,2024-09,0,0,0,0,0,defillama-protocol (token units)
money_market,BEND,bend,2024-10,0,0,0,0,0,defillama-protocol (token units)
money_market,BEND,bend,2024-11,0,0,0,0,0,defillama-protocol (token units)
money_market,BEND,bend,2024-12,0,0,0,0,0,defillama-protocol (token units)
money_market,BEND,bend,2025-01,0,0,0,0,0,defillama-protocol (token units)
money_market,BEND,bend,2025-02,0,0,0,0,0,defillama-protocol (token units)
money_market,BEND,bend,2025-03,0,0,0,0,0,defillama-protocol (token units)
money_market,BEND,bend,2025-04,0,0,0,0,0,defillama-protocol (token units)
money_market,BEND,bend,2025-05,0,0,0,0,0,defillama-protocol (token units)
money_market,BEND,bend,2025-06,0,0,0,0,0,defillama-protocol (token units)
money_market,BEND,bend,2025-07,0,0,0,0,0,defillama-protocol (token units)
money_market,BEND,bend,2025-08,0,0,0,0,0,defillama-protocol (token units)
money_market,BEND,bend,2025-09,0,0,0,0,0,defillama-protocol (token units)
money_market,BEND,bend,2025-10,10.5922,10.5922,0,0,1158032,defillama-protocol (token units)
money_market,BEND,bend,2025-11,13.9132,13.9132,0,0,1211352,defillama-protocol (token units)
money_market,BEND,bend,2025-12,8.6882,8.6882,0,0,760428,defillama-protocol (token units)
money_market,BEND,bend,2026-01,3.7104,3.7104,0,0,290499,defillama-protocol (token units)
money_market,BEND,bend,2026-02,6.8165,6.8165,0,0,453211,defillama-protocol (token units)
money_market,BEND,bend,2026-03,14.2254,14.2254,0,0,967011,defillama-protocol (token units)
money_market,BEND,bend,2026-04,8.8665,8.8665,0,0,676721,defillama-protocol (token units)
money_market,BEND,bend,2026-05,4.5243,4.5243,0,0,333039,defillama-protocol (token units)
money_market,BEND,bend,2026-06,5.4554,5.4554,0,0,318997,defillama-protocol (token units)
money_market,BEND,bend,2026-07,9.8281,9.8281,0,0,618801,defillama-protocol (token units)
money_market,BEND,bend,2026-08,14.8445,14.8445,0,0,1165910,defillama-protocol (token units)
money_market,BEND,bend,2026-09,15.3868,15.3868,0,0,1249435,defillama-protocol (token units)
money_market,EtherFi Borrowing Market,etherfi-borrowing-market,2024-09,0,0,0,0,0,defillama-protocol (token units)
money_market,EtherFi Borrowing Market,etherfi-borrowing-market,2024-10,0,0,0,0,0,defillama-protocol (token units)
money_market,EtherFi Borrowing Market,etherfi-borrowing-market,2024-11,0,0,0,0,0,defillama-protocol (token units)
money_market,EtherFi Borrowing Market,etherfi-borrowing-market,2024-12,0,0,0,0,0,defillama-protocol (token units)
money_market,EtherFi Borrowing Market,etherfi-borrowing-market,2025-01,0,0,0,0,0,defillama-protocol (token units)
money_market,EtherFi Borrowing Market,etherfi-borrowing-market,2025-02,0,0,0,0,0,defillama-protocol (token units)
money_market,EtherFi Borrowing Market,etherfi-borrowing-market,2025-03,0,0,0,0,0,defillama-protocol (token units)
money_market,EtherFi Borrowing Market,etherfi-borrowing-market,2025-04,0,0,0,0,0,defillama-protocol (token units)
money_market,EtherFi Borrowing Market,etherfi-borrowing-market,2025-05,0,0,0,0,0,defillama-protocol (token units)
money_market,EtherFi Borrowing Market,etherfi-borrowing-market,2025-06,6.1512,0.0,6.1512,0,658809,defillama-protocol (token units)
money_market,EtherFi Borrowing Market,etherfi-borrowing-market,2025-07,6.8261,0.0,6.8261,0,788240,defillama-protocol (token units)
money_market,EtherFi Borrowing Market,etherfi-borrowing-market,2025-08,4.8685,0.0,4.8685,0,529023,defillama-protocol (token units)
money_market,EtherFi Borrowing Market,etherfi-borrowing-market,2025-09,5.9425,0.0,5.9425,0,679977,defillama-protocol (token units)
money_market,EtherFi Borrowing Market,etherfi-borrowing-market,2025-10,7.0771,0.0,7.0771,0,776405,defillama-protocol (token units)
money_market,EtherFi Borrowing Market,etherfi-borrowing-market,2025-11,7.3263,0.0,7.3263,0,669374,defillama-protocol (token units)
money_market,EtherFi Borrowing Market,etherfi-borrowing-market,2025-12,5.6194,0.0,5.6194,0,496556,defillama-protocol (token units)
money_market,EtherFi Borrowing Market,etherfi-borrowing-market,2026-01,6.8612,0.0,6.8612,0,541451,defillama-protocol (token units)
money_market,EtherFi Borrowing Market,etherfi-borrowing-market,2026-02,7.7592,0.0,7.7592,0,518785,defillama-protocol (token units)
money_market,EtherFi Borrowing Market,etherfi-borrowing-market,2026-03,8.6166,0.0,8.6166,0,593644,defillama-protocol (token units)
money_market,EtherFi Borrowing Market,etherfi-borrowing-market,2026-04,9.0095,0.0,9.0095,0,690860,defillama-protocol (token units)
money_market,EtherFi Borrowing Market,etherfi-borrowing-market,2026-05,10.848,0.0,10.848,0,801266,defillama-protocol (token units)
money_market,EtherFi Borrowing Market,etherfi-borrowing-market,2026-06,11.8277,0.0,11.8277,0,693822,defillama-protocol (token units)
money_market,EtherFi Borrowing Market,etherfi-borrowing-market,2026-07,14.3106,0.0,14.3106,0,905366,defillama-protocol (token units)
money_market,EtherFi Borrowing Market,etherfi-borrowing-market,2026-08,13.7922,0.0,13.7922,0,1084508,defillama-protocol (token units)
money_market,EtherFi Borrowing Market,etherfi-borrowing-market,2026-09,14.7122,0.0,14.7122,0,1190942,defillama-protocol (token units)
money_market,Scallop Lend,scallop-lend,2024-09,21.0494,21.0494,0,0.0336,1341479,defillama-protocol (token units)
money_market,Scallop Lend,scallop-lend,2024-10,21.007,21.007,0,0.0363,1482356,defillama-protocol (token units)
money_market,Scallop Lend,scallop-lend,2024-11,20.3592,20.3592,0,0.0666,1964843,defillama-protocol (token units)
money_market,Scallop Lend,scallop-lend,2024-12,20.1536,20.1536,0,0.0026,1881666,defillama-protocol (token units)
money_market,Scallop Lend,scallop-lend,2025-01,20.5723,20.5723,0,0.0417,2106688,defillama-protocol (token units)
money_market,Scallop Lend,scallop-lend,2025-02,26.845,26.845,0,0.0004,2252029,defillama-protocol (token units)
money_market,Scallop Lend,scallop-lend,2025-03,27.7634,27.7634,0,0.0004,2289443,defillama-protocol (token units)
money_market,Scallop Lend,scallop-lend,2025-04,16.6301,16.6301,0,0.001,1567208,defillama-protocol (token units)
money_market,Scallop Lend,scallop-lend,2025-05,26.399,26.399,0,0.0003,2763739,defillama-protocol (token units)
money_market,Scallop Lend,scallop-lend,2025-06,33.2948,33.2948,0,0.006,3567120,defillama-protocol (token units)
money_market,Scallop Lend,scallop-lend,2025-07,31.0981,31.0981,0,0.0006,3600736,defillama-protocol (token units)
money_market,Scallop Lend,scallop-lend,2025-08,31.3612,31.3612,0,0.0171,3392267,defillama-protocol (token units)
money_market,Scallop Lend,scallop-lend,2025-09,27.7033,27.7033,0,0.047,3159392,defillama-protocol (token units)
money_market,Scallop Lend,scallop-lend,2025-10,33.0976,33.0976,0,0.0002,3618604,defillama-protocol (token units)
money_market,Scallop Lend,scallop-lend,2025-11,30.2689,30.2689,0,0.0001,2726369,defillama-protocol (token units)
money_market,Scallop Lend,scallop-lend,2025-12,35.2702,35.2702,0,0.006,3081198,defillama-protocol (token units)
money_market,Scallop Lend,scallop-lend,2026-01,32.879,32.879,0,0.0001,2579224,defillama-protocol (token units)
money_market,Scallop Lend,scallop-lend,2026-02,22.9136,22.9136,0,2.0209,1529589,defillama-protocol (token units)
money_market,Scallop Lend,scallop-lend,2026-03,28.0249,28.0249,0,2.0396,1909936,defillama-protocol (token units)
money_market,Scallop Lend,scallop-lend,2026-04,27.1751,27.1751,0,1.2815,2074940,defillama-protocol (token units)
money_market,Scallop Lend,scallop-lend,2026-05,28.3919,28.3919,0,1.5381,2089958,defillama-protocol (token units)
money_market,Scallop Lend,scallop-lend,2026-06,24.2595,24.2595,0,0.9178,1414761,defillama-protocol (token units)
money_market,Scallop Lend,scallop-lend,2026-07,16.9397,16.9397,0,0.73,1067008,defillama-protocol (token units)
money_market,Scallop Lend,scallop-lend,2026-08,12.876,12.876,0,0.5557,1013554,defillama-protocol (token units)
money_market,Scallop Lend,scallop-lend,2026-09,13.7176,13.7176,0,0.5797,1114717,defillama-protocol (token units)
money_market,Rhea Lend,rhea-lend,2024-09,22.8583,22.8583,0,4.7631,1452575,defillama-protocol (token units)
money_market,Rhea Lend,rhea-lend,2024-10,30.6826,30.6826,0,4.758,2156648,defillama-protocol (token units)
money_market,Rhea Lend,rhea-lend,2024-11,24.076,24.076,0,4.8622,2319026,defillama-protocol (token units)
money_market,Rhea Lend,rhea-lend,2024-12,24.7637,24.7637,0,4.2541,2307807,defillama-protocol (token units)
money_market,Rhea Lend,rhea-lend,2025-01,22.6414,22.6414,0,4.2195,2312479,defillama-protocol (token units)
money_market,Rhea Lend,rhea-lend,2025-02,12.5496,12.5496,0,4.1923,1057293,defillama-protocol (token units)
money_market,Rhea Lend,rhea-lend,2025-03,12.61,12.61,0,4.1056,1037851,defillama-protocol (token units)
money_market,Rhea Lend,rhea-lend,2025-04,12.2579,12.2579,0,4.103,1152950,defillama-protocol (token units)
money_market,Rhea Lend,rhea-lend,2025-05,10.715,10.715,0,4.0947,1118672,defillama-protocol (token units)
money_market,Rhea Lend,rhea-lend,2025-06,9.9933,9.9933,0,4.1147,1070851,defillama-protocol (token units)
money_market,Rhea Lend,rhea-lend,2025-07,10.0061,10.0061,0,4.115,1156124,defillama-protocol (token units)
money_market,Rhea Lend,rhea-lend,2025-08,9.8719,9.8719,0,4.0844,1069309,defillama-protocol (token units)
money_market,Rhea Lend,rhea-lend,2025-09,20.9696,20.9696,0,4.6851,2391210,defillama-protocol (token units)
money_market,Rhea Lend,rhea-lend,2025-10,17.0459,17.0459,0,4.279,1866278,defillama-protocol (token units)
money_market,Rhea Lend,rhea-lend,2025-11,17.4627,17.4627,0,4.2474,1567665,defillama-protocol (token units)
money_market,Rhea Lend,rhea-lend,2025-12,17.2767,17.2767,0,4.2794,1503106,defillama-protocol (token units)
money_market,Rhea Lend,rhea-lend,2026-01,16.9058,16.9058,0,4.4779,1338805,defillama-protocol (token units)
money_market,Rhea Lend,rhea-lend,2026-02,20.4257,20.4257,0,4.1675,1362958,defillama-protocol (token units)
money_market,Rhea Lend,rhea-lend,2026-03,19.6478,19.6478,0,4.1617,1341439,defillama-protocol (token units)
money_market,Rhea Lend,rhea-lend,2026-04,18.0264,18.0264,0,4.1663,1369699,defillama-protocol (token units)
money_market,Rhea Lend,rhea-lend,2026-05,9.1712,9.1712,0,4.494,676062,defillama-protocol (token units)
money_market,Rhea Lend,rhea-lend,2026-06,9.2226,9.2226,0,5.0017,541129,defillama-protocol (token units)
money_market,Rhea Lend,rhea-lend,2026-07,9.1765,9.1765,0,4.9962,577337,defillama-protocol (token units)
money_market,Rhea Lend,rhea-lend,2026-08,8.5804,8.5804,0,4.9947,670723,defillama-protocol (token units)
money_market,Rhea Lend,rhea-lend,2026-09,8.6024,8.6024,0,5.1697,699611,defillama-protocol (token units)
money_market,Kava Lend,kava-lend,2024-09,29.2267,29.2267,0,1.7632,1859196,defillama-protocol (token units)
money_market,Kava Lend,kava-lend,2024-10,29.7838,29.7838,0,1.5626,2094323,defillama-protocol (token units)
money_market,Kava Lend,kava-lend,2024-11,32.5802,32.5802,0,1.9363,3137538,defillama-protocol (token units)
money_market,Kava Lend,kava-lend,2024-12,32.5568,32.5568,0,2.3551,3035064,defillama-protocol (token units)
money_market,Kava Lend,kava-lend,2025-01,48.8624,48.8624,0,2.2538,4988481,defillama-protocol (token units)
money_market,Kava Lend,kava-lend,2025-02,50.1816,50.1816,0,1.1486,4219916,defillama-protocol (token units)
money_market,Kava Lend,kava-lend,2025-03,32.2339,32.2339,0,1.5982,2661865,defillama-protocol (token units)
money_market,Kava Lend,kava-lend,2025-04,28.6682,28.6682,0,1.927,2702025,defillama-protocol (token units)
money_market,Kava Lend,kava-lend,2025-05,31.1532,31.1532,0,2.2574,3254149,defillama-protocol (token units)
money_market,Kava Lend,kava-lend,2025-06,27.3343,27.3343,0,2.0747,2937476,defillama-protocol (token units)
money_market,Kava Lend,kava-lend,2025-07,11.0516,11.0516,0,2.7264,1277093,defillama-protocol (token units)
money_market,Kava Lend,kava-lend,2025-08,10.9612,10.9612,0,2.4482,1185405,defillama-protocol (token units)
money_market,Kava Lend,kava-lend,2025-09,10.6292,10.6292,0,2.3669,1212331,defillama-protocol (token units)
money_market,Kava Lend,kava-lend,2025-10,14.188,14.188,0,2.1715,1555258,defillama-protocol (token units)
money_market,Kava Lend,kava-lend,2025-11,18.8893,18.8893,0,1.5604,1681667,defillama-protocol (token units)
money_market,Kava Lend,kava-lend,2025-12,20.0493,20.0493,0,0.3321,1756074,defillama-protocol (token units)
money_market,Kava Lend,kava-lend,2026-01,19.9473,19.9473,0,0.3229,1577611,defillama-protocol (token units)
money_market,Kava Lend,kava-lend,2026-02,19.84,19.84,0,0.314,1327082,defillama-protocol (token units)
money_market,Kava Lend,kava-lend,2026-03,19.8436,19.8436,0,0.321,1353250,defillama-protocol (token units)
money_market,Kava Lend,kava-lend,2026-04,15.1349,15.1349,0,0.3207,1156273,defillama-protocol (token units)
money_market,Kava Lend,kava-lend,2026-05,12.7773,12.7773,0,0.3191,940619,defillama-protocol (token units)
money_market,Kava Lend,kava-lend,2026-06,12.7576,12.7576,0,0.312,741238,defillama-protocol (token units)
money_market,Kava Lend,kava-lend,2026-07,12.4929,12.4929,0,0.3146,785990,defillama-protocol (token units)
money_market,Kava Lend,kava-lend,2026-08,12.4847,12.4847,0,0.2913,981099,defillama-protocol (token units)
money_market,Kava Lend,kava-lend,2026-09,12.3957,12.3957,0,0.1859,1007932,defillama-protocol (token units)
money_market,Hatom Lending,hatom-lending,2024-09,29.2017,29.2017,0,9.0608,1865596,defillama-protocol (token units)
money_market,Hatom Lending,hatom-lending,2024-10,29.3818,29.3818,0,8.7068,2050077,defillama-protocol (token units)
money_market,Hatom Lending,hatom-lending,2024-11,28.2265,28.2265,0,8.0921,2720402,defillama-protocol (token units)
money_market,Hatom Lending,hatom-lending,2024-12,26.5549,26.5549,0,9.3761,2463801,defillama-protocol (token units)
money_market,Hatom Lending,hatom-lending,2025-01,22.3064,22.3064,0,8.9822,2285544,defillama-protocol (token units)
money_market,Hatom Lending,hatom-lending,2025-02,17.9828,17.9828,0,7.929,1511521,defillama-protocol (token units)
money_market,Hatom Lending,hatom-lending,2025-03,16.1449,16.1449,0,7.4003,1358598,defillama-protocol (token units)
money_market,Hatom Lending,hatom-lending,2025-04,10.6028,10.6028,0,5.7393,1001717,defillama-protocol (token units)
money_market,Hatom Lending,hatom-lending,2025-05,10.4604,10.4604,0,5.0454,1093483,defillama-protocol (token units)
money_market,Hatom Lending,hatom-lending,2025-06,14.7176,14.7176,0,4.779,1576062,defillama-protocol (token units)
money_market,Hatom Lending,hatom-lending,2025-07,13.6038,13.6038,0,4.7437,1568741,defillama-protocol (token units)
money_market,Hatom Lending,hatom-lending,2025-08,14.2575,14.2575,0,4.0068,1542617,defillama-protocol (token units)
money_market,Hatom Lending,hatom-lending,2025-09,14.1035,14.1035,0,3.9672,1607331,defillama-protocol (token units)
money_market,Hatom Lending,hatom-lending,2025-10,14.2084,14.2084,0,3.4912,1565087,defillama-protocol (token units)
money_market,Hatom Lending,hatom-lending,2025-11,13.5676,13.5676,0,3.3445,1172061,defillama-protocol (token units)
money_market,Hatom Lending,hatom-lending,2025-12,13.4408,13.4408,0,3.2669,1165987,defillama-protocol (token units)
money_market,Hatom Lending,hatom-lending,2026-01,13.4283,13.4283,0,3.2754,1039923,defillama-protocol (token units)
money_market,Hatom Lending,hatom-lending,2026-02,11.6597,11.6597,0,3.2794,775732,defillama-protocol (token units)
money_market,Hatom Lending,hatom-lending,2026-03,11.6264,11.6264,0,3.2798,787174,defillama-protocol (token units)
money_market,Hatom Lending,hatom-lending,2026-04,11.5494,11.5494,0,3.257,862686,defillama-protocol (token units)
money_market,Hatom Lending,hatom-lending,2026-05,10.8067,10.8067,0,3.5186,799321,defillama-protocol (token units)
money_market,Hatom Lending,hatom-lending,2026-06,10.092,10.092,0,2.5191,594324,defillama-protocol (token units)
money_market,Hatom Lending,hatom-lending,2026-07,10.1688,10.1688,0,2.4671,639709,defillama-protocol (token units)
money_market,Hatom Lending,hatom-lending,2026-08,10.2075,10.2075,0,2.4108,800388,defillama-protocol (token units)
money_market,Hatom Lending,hatom-lending,2026-09,10.1768,10.1768,0,2.3813,817410,defillama-protocol (token units)
money_market,Capyfi,capyfi,2024-09,6.0448,6.0448,0,4.5131,384130,defillama-protocol (token units)
money_market,Capyfi,capyfi,2024-10,6.1218,6.1218,0,6.24,430130,defillama-protocol (token units)
money_market,Capyfi,capyfi,2024-11,8.2218,8.2218,0,7.2448,790806,defillama-protocol (token units)
money_market,Capyfi,capyfi,2024-12,8.0217,8.0217,0,10.0526,748660,defillama-protocol (token units)
money_market,Capyfi,capyfi,2025-01,10.2956,10.2956,0,16.673,1051544,defillama-protocol (token units)
money_market,Capyfi,capyfi,2025-02,11.2954,11.2954,0,20.4768,952090,defillama-protocol (token units)
money_market,Capyfi,capyfi,2025-03,11.2954,11.2954,0,20.4768,931578,defillama-protocol (token units)
money_market,Capyfi,capyfi,2025-04,0.2172,0.2172,0,0.5125,20426,defillama-protocol (token units)
money_market,Capyfi,capyfi,2025-05,60.2083,60.2083,0,78.5656,6285871,defillama-protocol (token units)
money_market,Capyfi,capyfi,2025-06,75.3395,75.3395,0,117.7325,8083409,defillama-protocol (token units)
money_market,Capyfi,capyfi,2025-07,142.1051,142.1051,0,125.574,16419110,defillama-protocol (token units)
money_market,Capyfi,capyfi,2025-08,220.9964,220.9964,0,135.632,23938102,defillama-protocol (token units)
money_market,Capyfi,capyfi,2025-09,245.5693,245.5693,0,140.5581,28081085,defillama-protocol (token units)
money_market,Capyfi,capyfi,2025-10,304.6204,304.6204,0,140.6028,33383646,defillama-protocol (token units)
money_market,Capyfi,capyfi,2025-11,149.6196,149.6196,0,295.6946,13321052,defillama-protocol (token units)
money_market,Capyfi,capyfi,2025-12,89.6198,89.6198,0,355.742,7821433,defillama-protocol (token units)
money_market,Capyfi,capyfi,2026-01,89.7051,89.7051,0,356.2622,7085023,defillama-protocol (token units)
money_market,Capyfi,capyfi,2026-02,89.6682,89.6682,0,356.4929,5949997,defillama-protocol (token units)
money_market,Capyfi,capyfi,2026-03,104.2469,104.2469,0,103.5246,7083127,defillama-protocol (token units)
money_market,Capyfi,capyfi,2026-04,0.2078,0.2078,0,0.5606,15850,defillama-protocol (token units)
money_market,Capyfi,capyfi,2026-05,1.1624,1.1624,0,1.7612,85553,defillama-protocol (token units)
money_market,Capyfi,capyfi,2026-06,5.6729,5.6729,0,1.7614,331717,defillama-protocol (token units)
money_market,Capyfi,capyfi,2026-07,6.4593,6.4593,0,1.7615,406697,defillama-protocol (token units)
money_market,Capyfi,capyfi,2026-08,5.6959,5.6959,0,1.7617,447366,defillama-protocol (token units)
money_market,Capyfi,capyfi,2026-09,10.6851,10.6851,0,1.7618,867482,defillama-protocol (token units)
money_market,Kinza Finance,kinza-finance,2024-09,251.6184,251.4176,0.2008,24.4955,16030880,defillama-protocol (token units)
money_market,Kinza Finance,kinza-finance,2024-10,198.2441,179.7474,18.4967,25.9569,13932425,defillama-protocol (token units)
money_market,Kinza Finance,kinza-finance,2024-11,156.7031,126.7836,29.9195,23.1368,15115382,defillama-protocol (token units)
money_market,Kinza Finance,kinza-finance,2024-12,158.7209,124.62,34.1009,21.6513,14819679,defillama-protocol (token units)
money_market,Kinza Finance,kinza-finance,2025-01,120.7168,85.1649,35.552,23.3213,12330212,defillama-protocol (token units)
money_market,Kinza Finance,kinza-finance,2025-02,118.5701,108.0577,10.5124,13.5722,9996560,defillama-protocol (token units)
money_market,Kinza Finance,kinza-finance,2025-03,73.3238,68.902,4.4218,10.6654,6040420,defillama-protocol (token units)
money_market,Kinza Finance,kinza-finance,2025-04,76.0031,72.7552,3.2479,9.6902,7164559,defillama-protocol (token units)
money_market,Kinza Finance,kinza-finance,2025-05,70.3812,66.9267,3.4545,9.1469,7371867,defillama-protocol (token units)
money_market,Kinza Finance,kinza-finance,2025-06,68.8549,64.1743,4.6806,9.1192,7372741,defillama-protocol (token units)
money_market,Kinza Finance,kinza-finance,2025-07,61.0207,58.4775,2.5431,9.0417,7084835,defillama-protocol (token units)
money_market,Kinza Finance,kinza-finance,2025-08,55.1271,54.2843,0.8428,9.0089,5968646,defillama-protocol (token units)
money_market,Kinza Finance,kinza-finance,2025-09,45.892,45.2411,0.651,9.0909,5217735,defillama-protocol (token units)
money_market,Kinza Finance,kinza-finance,2025-10,43.0033,42.5854,0.4178,8.8772,4699261,defillama-protocol (token units)
money_market,Kinza Finance,kinza-finance,2025-11,30.0461,29.9412,0.1049,1.3334,2716342,defillama-protocol (token units)
money_market,Kinza Finance,kinza-finance,2025-12,30.0148,29.9138,0.101,1.1824,2627250,defillama-protocol (token units)
money_market,Kinza Finance,kinza-finance,2026-01,24.7168,24.6356,0.0812,1.2658,1956313,defillama-protocol (token units)
money_market,Kinza Finance,kinza-finance,2026-02,20.9172,20.8565,0.0607,1.3497,1397316,defillama-protocol (token units)
money_market,Kinza Finance,kinza-finance,2026-03,20.8084,20.7477,0.0607,1.3365,1413876,defillama-protocol (token units)
money_market,Kinza Finance,kinza-finance,2026-04,20.5022,20.476,0.0262,1.2746,1564728,defillama-protocol (token units)
money_market,Kinza Finance,kinza-finance,2026-05,19.2357,19.2095,0.0262,1.2965,1415559,defillama-protocol (token units)
money_market,Kinza Finance,kinza-finance,2026-06,18.6143,18.5881,0.0262,0.4744,1090156,defillama-protocol (token units)
money_market,Kinza Finance,kinza-finance,2026-07,18.127,18.1009,0.0261,0.4619,1140324,defillama-protocol (token units)
money_market,Kinza Finance,kinza-finance,2026-08,11.0976,11.0718,0.0258,0.3549,870333,defillama-protocol (token units)
money_market,Kinza Finance,kinza-finance,2026-09,10.4866,10.4608,0.0258,0.3549,849823,defillama-protocol (token units)
money_market,Echelon Market,echelon-market,2024-09,0,0,0,0,0,defillama-protocol (token units)
money_market,Echelon Market,echelon-market,2024-10,78.1606,78.1606,0,1.9541,5121002,defillama-protocol (token units)
money_market,Echelon Market,echelon-market,2024-11,39.0415,39.0415,0,1.1228,3643976,defillama-protocol (token units)
money_market,Echelon Market,echelon-market,2024-12,39.269,39.269,0,0.9177,3660969,defillama-protocol (token units)
money_market,Echelon Market,echelon-market,2025-01,39.2625,39.2625,0,1.0155,3917846,defillama-protocol (token units)
money_market,Echelon Market,echelon-market,2025-02,39.458,39.458,0,0.7884,3364466,defillama-protocol (token units)
money_market,Echelon Market,echelon-market,2025-03,39.4757,39.4757,0,0.6584,3249165,defillama-protocol (token units)
money_market,Echelon Market,echelon-market,2025-04,695.553,679.6811,15.8719,0.3532,65490664,defillama-protocol (token units)
money_market,Echelon Market,echelon-market,2025-05,256.3166,238.8012,17.5154,0.1061,26836327,defillama-protocol (token units)
money_market,Echelon Market,echelon-market,2025-06,106.7868,100.6078,6.179,0.1037,11472170,defillama-protocol (token units)
money_market,Echelon Market,echelon-market,2025-07,63.1594,61.3509,1.8085,0.0848,7340486,defillama-protocol (token units)
money_market,Echelon Market,echelon-market,2025-08,202.7848,202.6711,0.1137,1.903,21945299,defillama-protocol (token units)
money_market,Echelon Market,echelon-market,2025-09,246.7028,246.5557,0.1471,2.2064,28176449,defillama-protocol (token units)
money_market,Echelon Market,echelon-market,2025-10,363.1229,362.9758,0.1471,1.9915,39790292,defillama-protocol (token units)
money_market,Echelon Market,echelon-market,2025-11,70.6115,70.5636,0.0479,0.4324,6386605,defillama-protocol (token units)
money_market,Echelon Market,echelon-market,2025-12,57.8451,57.8001,0.045,0.422,5063776,defillama-protocol (token units)
money_market,Echelon Market,echelon-market,2026-01,50.8218,50.7768,0.045,0.416,4009421,defillama-protocol (token units)
money_market,Echelon Market,echelon-market,2026-02,29.9729,29.9279,0.045,0.444,1995163,defillama-protocol (token units)
money_market,Echelon Market,echelon-market,2026-03,16.4825,16.4375,0.045,0.0393,1119509,defillama-protocol (token units)
money_market,Echelon Market,echelon-market,2026-04,14.8933,14.8484,0.045,0.0004,1137061,defillama-protocol (token units)
money_market,Echelon Market,echelon-market,2026-05,11.6823,11.6373,0.045,0.0049,859205,defillama-protocol (token units)
money_market,Echelon Market,echelon-market,2026-06,8.8026,8.7774,0.0253,0.0049,513673,defillama-protocol (token units)
money_market,Echelon Market,echelon-market,2026-07,6.8736,6.8519,0.0217,0.0049,432358,defillama-protocol (token units)
money_market,Echelon Market,echelon-market,2026-08,6.5359,6.5142,0.0217,0.0049,511671,defillama-protocol (token units)
money_market,Echelon Market,echelon-market,2026-09,6.619,6.5974,0.0217,0.0049,537210,defillama-protocol (token units)
money_market,Venus Flux,venus-flux,2024-09,0,0,0,0,0,defillama-protocol (token units)
money_market,Venus Flux,venus-flux,2024-10,0,0,0,0,0,defillama-protocol (token units)
money_market,Venus Flux,venus-flux,2024-11,0,0,0,0,0,defillama-protocol (token units)
money_market,Venus Flux,venus-flux,2024-12,0,0,0,0,0,defillama-protocol (token units)
money_market,Venus Flux,venus-flux,2025-01,0,0,0,0,0,defillama-protocol (token units)
money_market,Venus Flux,venus-flux,2025-02,0,0,0,0,0,defillama-protocol (token units)
money_market,Venus Flux,venus-flux,2025-03,0,0,0,0,0,defillama-protocol (token units)
money_market,Venus Flux,venus-flux,2025-04,0,0,0,0,0,defillama-protocol (token units)
money_market,Venus Flux,venus-flux,2025-05,0,0,0,0,0,defillama-protocol (token units)
money_market,Venus Flux,venus-flux,2025-06,0,0,0,0,0,defillama-protocol (token units)
money_market,Venus Flux,venus-flux,2025-07,0,0,0,0,0,defillama-protocol (token units)
money_market,Venus Flux,venus-flux,2025-08,0,0,0,0,0,defillama-protocol (token units)
money_market,Venus Flux,venus-flux,2025-09,0,0,0,0,0,defillama-protocol (token units)
money_market,Venus Flux,venus-flux,2025-10,0,0,0,0,0,defillama-protocol (token units)
money_market,Venus Flux,venus-flux,2025-11,0,0,0,0,0,defillama-protocol (token units)
money_market,Venus Flux,venus-flux,2025-12,0.0003,0.0003,0,0,26,defillama-protocol (token units)
money_market,Venus Flux,venus-flux,2026-01,0.0006,0.0006,0,0.0002,50,defillama-protocol (token units)
money_market,Venus Flux,venus-flux,2026-02,520.8715,520.8715,0,0.0002,34875655,defillama-protocol (token units)
money_market,Venus Flux,venus-flux,2026-03,130.9928,130.9928,0,0.0503,8937640,defillama-protocol (token units)
money_market,Venus Flux,venus-flux,2026-04,10.4989,10.4989,0,0.1103,802273,defillama-protocol (token units)
money_market,Venus Flux,venus-flux,2026-05,2.8455,2.8455,0,0.0225,209400,defillama-protocol (token units)
money_market,Venus Flux,venus-flux,2026-06,5.8304,5.8304,0,0.0942,341575,defillama-protocol (token units)
money_market,Venus Flux,venus-flux,2026-07,7.4395,7.4395,0,0.1234,468076,defillama-protocol (token units)
money_market,Venus Flux,venus-flux,2026-08,9.6368,9.6368,0,0.1528,756034,defillama-protocol (token units)
money_market,Venus Flux,venus-flux,2026-09,5.3509,5.3509,0,0.134,433626,defillama-protocol (token units)
money_market,YeiLend,yeilend,2024-09,0,0,0,0,0,defillama-protocol (token units)
money_market,YeiLend,yeilend,2024-10,0,0,0,0,0,defillama-protocol (token units)
money_market,YeiLend,yeilend,2024-11,0,0,0,0,0,defillama-protocol (token units)
money_market,YeiLend,yeilend,2024-12,0,0,0,0,0,defillama-protocol (token units)
money_market,YeiLend,yeilend,2025-01,0,0,0,0,0,defillama-protocol (token units)
money_market,YeiLend,yeilend,2025-02,97.1894,97.1894,0,255.1982,8187762,defillama-protocol (token units)
money_market,YeiLend,yeilend,2025-03,728.2988,728.2988,0,782.9166,59932012,defillama-protocol (token units)
money_market,YeiLend,yeilend,2025-04,1011.2658,873.7979,137.4679,1235.0308,95258748,defillama-protocol (token units)
money_market,YeiLend,yeilend,2025-05,1135.9877,882.5886,253.3991,1341.4694,119148196,defillama-protocol (token units)
money_market,YeiLend,yeilend,2025-06,1224.6904,972.0205,252.6698,1456.2913,131271325,defillama-protocol (token units)
money_market,YeiLend,yeilend,2025-07,1197.7485,947.1316,250.617,1382.4503,139080296,defillama-protocol (token units)
money_market,YeiLend,yeilend,2025-08,1107.4145,856.7523,250.6623,1167.2164,119585246,defillama-protocol (token units)
money_market,YeiLend,yeilend,2025-09,913.3789,842.2339,71.145,925.3822,103602752,defillama-protocol (token units)
money_market,YeiLend,yeilend,2025-10,832.0271,760.8854,71.1417,838.6454,91047836,defillama-protocol (token units)
money_market,YeiLend,yeilend,2025-11,327.6542,297.8726,29.7816,328.172,29422902,defillama-protocol (token units)
money_market,YeiLend,yeilend,2025-12,427.2844,357.8226,69.4619,427.6846,37311881,defillama-protocol (token units)
money_market,YeiLend,yeilend,2026-01,53.4695,52.9642,0.5052,54.0063,4193464,defillama-protocol (token units)
money_market,YeiLend,yeilend,2026-02,54.3936,53.8883,0.5052,54.6735,3619843,defillama-protocol (token units)
money_market,YeiLend,yeilend,2026-03,3.1387,2.6346,0.5041,3.3834,212556,defillama-protocol (token units)
money_market,YeiLend,yeilend,2026-04,2.8718,2.3676,0.5041,3.1911,220207,defillama-protocol (token units)
money_market,YeiLend,yeilend,2026-05,2.9729,2.4687,0.5041,3.2527,218688,defillama-protocol (token units)
money_market,YeiLend,yeilend,2026-06,2.3078,1.8037,0.5041,2.521,134963,defillama-protocol (token units)
money_market,YeiLend,yeilend,2026-07,2.1977,1.6936,0.5041,2.4077,136612,defillama-protocol (token units)
money_market,YeiLend,yeilend,2026-08,2.2217,1.7176,0.5041,2.4306,173759,defillama-protocol (token units)
money_market,YeiLend,yeilend,2026-09,2.0938,1.5896,0.5041,2.3197,169779,defillama-protocol (token units)
money_market,ZeroLend Lending,zerolend-lending,2024-09,1044.9293,834.3985,210.5308,1279.373,66326466,defillama-protocol (token units)
money_market,ZeroLend Lending,zerolend-lending,2024-10,872.2688,647.8374,224.4314,1434.5045,61193309,defillama-protocol (token units)
money_market,ZeroLend Lending,zerolend-lending,2024-11,981.4203,664.2801,317.1402,1628.3869,94683840,defillama-protocol (token units)
money_market,ZeroLend Lending,zerolend-lending,2024-12,996.4525,585.5298,410.9226,1700.9459,92961690,defillama-protocol (token units)
money_market,ZeroLend Lending,zerolend-lending,2025-01,448.7974,373.4346,75.3627,1133.6033,45790752,defillama-protocol (token units)
money_market,ZeroLend Lending,zerolend-lending,2025-02,374.1436,362.2595,11.8841,487.1395,31413024,defillama-protocol (token units)
money_market,ZeroLend Lending,zerolend-lending,2025-03,102.7703,69.0957,33.6746,130.5578,8453552,defillama-protocol (token units)
money_market,ZeroLend Lending,zerolend-lending,2025-04,161.0805,69.7196,91.3609,183.331,14106207,defillama-protocol (token units)
money_market,ZeroLend Lending,zerolend-lending,2025-05,153.2945,65.8137,87.4808,172.4635,15447961,defillama-protocol (token units)
money_market,ZeroLend Lending,zerolend-lending,2025-06,153.1863,63.0936,90.0927,163.9216,16172010,defillama-protocol (token units)
money_market,ZeroLend Lending,zerolend-lending,2025-07,137.8283,52.8315,84.9967,146.175,15909251,defillama-protocol (token units)
money_market,ZeroLend Lending,zerolend-lending,2025-08,200.0669,52.375,147.6919,208.2231,22193068,defillama-protocol (token units)
money_market,ZeroLend Lending,zerolend-lending,2025-09,195.7597,48.9475,146.8122,202.4974,22408482,defillama-protocol (token units)
money_market,ZeroLend Lending,zerolend-lending,2025-10,127.1264,47.5386,79.5878,133.982,14373320,defillama-protocol (token units)
money_market,ZeroLend Lending,zerolend-lending,2025-11,4.6867,3.8246,0.8621,11.7576,424263,defillama-protocol (token units)
money_market,ZeroLend Lending,zerolend-lending,2025-12,3.6824,3.4101,0.2723,10.6468,321191,defillama-protocol (token units)
money_market,ZeroLend Lending,zerolend-lending,2026-01,3.2093,2.9466,0.2627,9.9255,249877,defillama-protocol (token units)
money_market,ZeroLend Lending,zerolend-lending,2026-02,2.9529,2.6963,0.2566,3.7259,194775,defillama-protocol (token units)
money_market,ZeroLend Lending,zerolend-lending,2026-03,2.8071,2.5505,0.2566,3.56,190223,defillama-protocol (token units)
money_market,ZeroLend Lending,zerolend-lending,2026-04,2.7856,2.5434,0.2423,3.5277,210824,defillama-protocol (token units)
money_market,ZeroLend Lending,zerolend-lending,2026-05,2.4244,2.1678,0.2566,3.1586,176581,defillama-protocol (token units)
money_market,ZeroLend Lending,zerolend-lending,2026-06,2.3248,2.0682,0.2566,3.061,134873,defillama-protocol (token units)
money_market,ZeroLend Lending,zerolend-lending,2026-07,2.1989,1.992,0.2069,0,136204,defillama-protocol (token units)
money_market,ZeroLend Lending,zerolend-lending,2026-08,1.6758,1.6758,0,0,136696,defillama-protocol (token units)
money_market,ZeroLend Lending,zerolend-lending,2026-09,1.6758,1.6758,0,0,131428,defillama-protocol (token units)
money_market,HypurrFi Pooled,hypurrfi-pooled,2024-09,0,0,0,0,0,defillama-protocol (token units)
money_market,HypurrFi Pooled,hypurrfi-pooled,2024-10,0,0,0,0,0,defillama-protocol (token units)
money_market,HypurrFi Pooled,hypurrfi-pooled,2024-11,0,0,0,0,0,defillama-protocol (token units)
money_market,HypurrFi Pooled,hypurrfi-pooled,2024-12,0,0,0,0,0,defillama-protocol (token units)
money_market,HypurrFi Pooled,hypurrfi-pooled,2025-01,0,0,0,0,0,defillama-protocol (token units)
money_market,HypurrFi Pooled,hypurrfi-pooled,2025-02,0,0,0,0,0,defillama-protocol (token units)
money_market,HypurrFi Pooled,hypurrfi-pooled,2025-03,17.3454,17.3454,0,3.1606,1425429,defillama-protocol (token units)
money_market,HypurrFi Pooled,hypurrfi-pooled,2025-04,57.1146,57.1146,0,8.8123,5392018,defillama-protocol (token units)
money_market,HypurrFi Pooled,hypurrfi-pooled,2025-05,16.3009,16.3009,0,33.6974,1704880,defillama-protocol (token units)
money_market,HypurrFi Pooled,hypurrfi-pooled,2025-06,22.5163,22.5163,0,37.4288,2412127,defillama-protocol (token units)
money_market,HypurrFi Pooled,hypurrfi-pooled,2025-07,64.2915,64.2915,0,62.6747,7439233,defillama-protocol (token units)
money_market,HypurrFi Pooled,hypurrfi-pooled,2025-08,78.9435,78.9435,0,70.4428,8537973,defillama-protocol (token units)
money_market,HypurrFi Pooled,hypurrfi-pooled,2025-09,16.7488,16.7488,0,69.7306,1908930,defillama-protocol (token units)
money_market,HypurrFi Pooled,hypurrfi-pooled,2025-10,84.1324,84.1324,0,55.1093,9224585,defillama-protocol (token units)
money_market,HypurrFi Pooled,hypurrfi-pooled,2025-11,57.1558,57.1558,0,79.996,5181729,defillama-protocol (token units)
money_market,HypurrFi Pooled,hypurrfi-pooled,2025-12,71.915,71.915,0,5.2902,6292724,defillama-protocol (token units)
money_market,HypurrFi Pooled,hypurrfi-pooled,2026-01,57.2623,57.2623,0,3.6028,4516186,defillama-protocol (token units)
money_market,HypurrFi Pooled,hypurrfi-pooled,2026-02,48.4077,48.4077,0,3.3947,3230843,defillama-protocol (token units)
money_market,HypurrFi Pooled,hypurrfi-pooled,2026-03,23.2889,23.2889,0,2.0752,1588546,defillama-protocol (token units)
money_market,HypurrFi Pooled,hypurrfi-pooled,2026-04,17.8536,17.8536,0,1.8383,1363688,defillama-protocol (token units)
money_market,HypurrFi Pooled,hypurrfi-pooled,2026-05,3.3571,3.3571,0,0.9408,246555,defillama-protocol (token units)
money_market,HypurrFi Pooled,hypurrfi-pooled,2026-06,2.8329,2.8329,0,0.7154,165632,defillama-protocol (token units)
money_market,HypurrFi Pooled,hypurrfi-pooled,2026-07,2.2059,2.2059,0,0.712,138790,defillama-protocol (token units)
money_market,HypurrFi Pooled,hypurrfi-pooled,2026-08,1.144,1.144,0,0.6604,90057,defillama-protocol (token units)
money_market,HypurrFi Pooled,hypurrfi-pooled,2026-09,0.7946,0.7946,0,0.661,64577,defillama-protocol (token units)
money_market,TermFinance Lend,termfinance-lend,2024-09,59.2894,59.2894,0,0,3746915,defillama-protocol (token units)
money_market,TermFinance Lend,termfinance-lend,2024-10,109.546,109.546,0,0,7687964,defillama-protocol (token units)
money_market,TermFinance Lend,termfinance-lend,2024-11,217.7563,200.7563,17.0,0,20989032,defillama-protocol (token units)
money_market,TermFinance Lend,termfinance-lend,2024-12,216.9297,199.9297,17.0,0,20255735,defillama-protocol (token units)
money_market,TermFinance Lend,termfinance-lend,2025-01,274.3351,257.3351,17.0,0,28117171,defillama-protocol (token units)
money_market,TermFinance Lend,termfinance-lend,2025-02,140.9954,115.9954,25.0,0,11871398,defillama-protocol (token units)
money_market,TermFinance Lend,termfinance-lend,2025-03,33.9345,33.9345,0,0,2798159,defillama-protocol (token units)
money_market,TermFinance Lend,termfinance-lend,2025-04,33.9341,33.9341,0,0,3195707,defillama-protocol (token units)
money_market,TermFinance Lend,termfinance-lend,2025-05,33.9628,33.9628,0,0,3545340,defillama-protocol (token units)
money_market,TermFinance Lend,termfinance-lend,2025-06,37.6349,37.6349,0,0,4038233,defillama-protocol (token units)
money_market,TermFinance Lend,termfinance-lend,2025-07,35.9399,35.9399,0,0,4159402,defillama-protocol (token units)
money_market,TermFinance Lend,termfinance-lend,2025-08,46.0237,46.0237,0,0,4980488,defillama-protocol (token units)
money_market,TermFinance Lend,termfinance-lend,2025-09,110.4237,110.4237,0,0,12576217,defillama-protocol (token units)
money_market,TermFinance Lend,termfinance-lend,2025-10,51.3924,51.3924,0,0,5626709,defillama-protocol (token units)
money_market,TermFinance Lend,termfinance-lend,2025-11,26.1213,26.1213,0,0,2365311,defillama-protocol (token units)
money_market,TermFinance Lend,termfinance-lend,2025-12,31.8053,31.8053,0,0,2786267,defillama-protocol (token units)
money_market,TermFinance Lend,termfinance-lend,2026-01,0.6321,0.6321,0,0,50044,defillama-protocol (token units)
money_market,TermFinance Lend,termfinance-lend,2026-02,0.6522,0.6522,0,0,43570,defillama-protocol (token units)
money_market,TermFinance Lend,termfinance-lend,2026-03,0.6522,0.6522,0,0,44396,defillama-protocol (token units)
money_market,TermFinance Lend,termfinance-lend,2026-04,0.6433,0.6433,0,0,49179,defillama-protocol (token units)
money_market,TermFinance Lend,termfinance-lend,2026-05,0.1758,0.1758,0,0,12946,defillama-protocol (token units)
money_market,TermFinance Lend,termfinance-lend,2026-06,0.1758,0.1758,0,0,10197,defillama-protocol (token units)
money_market,TermFinance Lend,termfinance-lend,2026-07,0.34,0.34,0,0,21374,defillama-protocol (token units)
money_market,TermFinance Lend,termfinance-lend,2026-08,1.2601,1.2601,0,0,99077,defillama-protocol (token units)
money_market,TermFinance Lend,termfinance-lend,2026-09,1.0,1.0,0,0,81323,defillama-protocol (token units)
money_market,INIT Capital,init-capital,2024-09,57.5914,57.5914,0,12.0781,3681734,defillama-protocol (token units)
money_market,INIT Capital,init-capital,2024-10,27.6956,27.6956,0,0.1585,1924374,defillama-protocol (token units)
money_market,INIT Capital,init-capital,2024-11,74.8703,74.8703,0,5.7758,7208881,defillama-protocol (token units)
money_market,INIT Capital,init-capital,2024-12,73.6063,73.6063,0,8.0145,6869605,defillama-protocol (token units)
money_market,INIT Capital,init-capital,2025-01,72.4162,72.4162,0,5.0951,7415137,defillama-protocol (token units)
money_market,INIT Capital,init-capital,2025-02,107.6851,107.6851,0,5.4598,9067228,defillama-protocol (token units)
money_market,INIT Capital,init-capital,2025-03,54.9887,54.9887,0,5.1131,4522533,defillama-protocol (token units)
money_market,INIT Capital,init-capital,2025-04,65.8355,65.8355,0,4.9592,6196147,defillama-protocol (token units)
money_market,INIT Capital,init-capital,2025-05,63.7981,63.7981,0,2.4708,6664024,defillama-protocol (token units)
money_market,INIT Capital,init-capital,2025-06,54.5471,54.5471,0,2.4189,5854188,defillama-protocol (token units)
money_market,INIT Capital,init-capital,2025-07,54.3202,54.3202,0,2.3071,6275772,defillama-protocol (token units)
money_market,INIT Capital,init-capital,2025-08,53.2954,53.2954,0,2.2662,5781667,defillama-protocol (token units)
money_market,INIT Capital,init-capital,2025-09,53.3253,53.3253,0,1.3822,6094872,defillama-protocol (token units)
money_market,INIT Capital,init-capital,2025-10,53.4663,53.4663,0,1.3832,5848819,defillama-protocol (token units)
money_market,INIT Capital,init-capital,2025-11,57.9581,57.9581,0,0.3412,5163060,defillama-protocol (token units)
money_market,INIT Capital,init-capital,2025-12,57.8518,57.8518,0,0.3918,5065635,defillama-protocol (token units)
money_market,INIT Capital,init-capital,2026-01,2.6891,2.6891,0,0.3241,212157,defillama-protocol (token units)
money_market,INIT Capital,init-capital,2026-02,2.601,2.601,0,0.3709,175831,defillama-protocol (token units)
money_market,INIT Capital,init-capital,2026-03,2.4336,2.4336,0,0.4104,166595,defillama-protocol (token units)
money_market,INIT Capital,init-capital,2026-04,2.0099,2.0099,0,0.2084,153194,defillama-protocol (token units)
money_market,INIT Capital,init-capital,2026-05,1.7489,1.7489,0,0.1399,128295,defillama-protocol (token units)
money_market,INIT Capital,init-capital,2026-06,0.9154,0.9154,0,0,53506,defillama-protocol (token units)
money_market,INIT Capital,init-capital,2026-07,0.8505,0.8505,0,0,53334,defillama-protocol (token units)
money_market,INIT Capital,init-capital,2026-08,0.8432,0.8432,0,0,66351,defillama-protocol (token units)
money_market,INIT Capital,init-capital,2026-09,0.8391,0.8391,0,0,68172,defillama-protocol (token units)
money_market,Mendi Finance,mendi-finance,2024-09,98.4226,98.4226,0,9.537,6254458,defillama-protocol (token units)
money_market,Mendi Finance,mendi-finance,2024-10,90.4645,90.4645,0,8.5757,6354949,defillama-protocol (token units)
money_market,Mendi Finance,mendi-finance,2024-11,68.7224,68.7224,0,9.7205,6619407,defillama-protocol (token units)
money_market,Mendi Finance,mendi-finance,2024-12,44.3452,44.3452,0,7.014,4134832,defillama-protocol (token units)
money_market,Mendi Finance,mendi-finance,2025-01,37.2155,37.2155,0,3.531,3812726,defillama-protocol (token units)
money_market,Mendi Finance,mendi-finance,2025-02,32.814,32.814,0,2.892,2752763,defillama-protocol (token units)
money_market,Mendi Finance,mendi-finance,2025-03,28.3938,28.3938,0,2.3521,2339053,defillama-protocol (token units)
money_market,Mendi Finance,mendi-finance,2025-04,20.8347,20.8347,0,2.1375,1963566,defillama-protocol (token units)
money_market,Mendi Finance,mendi-finance,2025-05,18.1118,18.1118,0,1.8658,1896575,defillama-protocol (token units)
money_market,Mendi Finance,mendi-finance,2025-06,9.8816,9.8816,0,0.717,1059714,defillama-protocol (token units)
money_market,Mendi Finance,mendi-finance,2025-07,9.4127,9.4127,0,0.8556,1089859,defillama-protocol (token units)
money_market,Mendi Finance,mendi-finance,2025-08,8.6322,8.6322,0,0.7969,934639,defillama-protocol (token units)
money_market,Mendi Finance,mendi-finance,2025-09,5.7903,5.7903,0,0.4814,661078,defillama-protocol (token units)
money_market,Mendi Finance,mendi-finance,2025-10,5.4937,5.4937,0,0.4157,601523,defillama-protocol (token units)
money_market,Mendi Finance,mendi-finance,2025-11,5.2192,5.2192,0,0.3643,475833,defillama-protocol (token units)
money_market,Mendi Finance,mendi-finance,2025-12,5.1724,5.1724,0,0.3662,452471,defillama-protocol (token units)
money_market,Mendi Finance,mendi-finance,2026-01,5.0123,5.0123,0,0.3659,394622,defillama-protocol (token units)
money_market,Mendi Finance,mendi-finance,2026-02,5.1508,5.1508,0,0.3627,343127,defillama-protocol (token units)
money_market,Mendi Finance,mendi-finance,2026-03,1.8857,1.8857,0,0.3522,128773,defillama-protocol (token units)
money_market,Mendi Finance,mendi-finance,2026-04,0.5563,0.5563,0,0.3457,42330,defillama-protocol (token units)
money_market,Mendi Finance,mendi-finance,2026-05,0.3784,0.3784,0,0.2517,27776,defillama-protocol (token units)
money_market,Mendi Finance,mendi-finance,2026-06,0.1517,0.1517,0,0.2543,8875,defillama-protocol (token units)
money_market,Mendi Finance,mendi-finance,2026-07,0.1253,0.1253,0,0.258,7893,defillama-protocol (token units)
money_market,Mendi Finance,mendi-finance,2026-08,0.125,0.125,0,0.2615,9843,defillama-protocol (token units)
money_market,Mendi Finance,mendi-finance,2026-09,0.1229,0.1229,0,0.2655,9984,defillama-protocol (token units)
money_market,Sumer.money,sumer.money,2024-09,32.1332,32.0949,0.0383,0.0037,2046867,defillama-protocol (token units)
money_market,Sumer.money,sumer.money,2024-10,1.1164,1.0781,0.0383,0.0031,78497,defillama-protocol (token units)
money_market,Sumer.money,sumer.money,2024-11,0.9324,0.8941,0.0383,0.0031,89922,defillama-protocol (token units)
money_market,Sumer.money,sumer.money,2024-12,130.0069,129.9561,0.0508,0.9466,12122890,defillama-protocol (token units)
money_market,Sumer.money,sumer.money,2025-01,1181.116,1181.05,0.066,0.0083,121021861,defillama-protocol (token units)
money_market,Sumer.money,sumer.money,2025-02,1181.1488,1181.0709,0.0779,0.0082,99343105,defillama-protocol (token units)
money_market,Sumer.money,sumer.money,2025-03,1100.3187,1100.2398,0.079,0.0132,90512230,defillama-protocol (token units)
money_market,Sumer.money,sumer.money,2025-04,1100.4542,1100.3666,0.0876,0.0526,103612117,defillama-protocol (token units)
money_market,Sumer.money,sumer.money,2025-05,945.585,945.531,0.054,0.0811,99029988,defillama-protocol (token units)
money_market,Sumer.money,sumer.money,2025-06,0.4895,0.4521,0.0374,0.0079,52385,defillama-protocol (token units)
money_market,Sumer.money,sumer.money,2025-07,0.3709,0.3185,0.0523,0.017,42936,defillama-protocol (token units)
money_market,Sumer.money,sumer.money,2025-08,0.3748,0.3305,0.0443,0.0077,40546,defillama-protocol (token units)
money_market,Sumer.money,sumer.money,2025-09,1.107,1.0622,0.0448,2.2342,126064,defillama-protocol (token units)
money_market,Sumer.money,sumer.money,2025-10,0.8339,0.7942,0.0398,2.5552,91303,defillama-protocol (token units)
money_market,Sumer.money,sumer.money,2025-11,1.0828,1.0459,0.0369,1.5936,96726,defillama-protocol (token units)
money_market,Sumer.money,sumer.money,2025-12,2.3243,2.2845,0.0398,0.8399,203452,defillama-protocol (token units)
money_market,Sumer.money,sumer.money,2026-01,0.3613,0.3235,0.0379,0.4499,28526,defillama-protocol (token units)
money_market,Sumer.money,sumer.money,2026-02,0.7653,0.7275,0.0379,0.0474,51183,defillama-protocol (token units)
money_market,Sumer.money,sumer.money,2026-03,0.6617,0.6581,0.0036,0.0453,44952,defillama-protocol (token units)
money_market,Sumer.money,sumer.money,2026-04,0.6699,0.6691,0.0008,0.0844,51205,defillama-protocol (token units)
money_market,Sumer.money,sumer.money,2026-05,0.7012,0.6976,0.0036,0.3135,51623,defillama-protocol (token units)
money_market,Sumer.money,sumer.money,2026-06,0.1243,0.1208,0.0035,0.4579,7300,defillama-protocol (token units)
money_market,Sumer.money,sumer.money,2026-07,0.1505,0.1498,0.0007,0.2575,9478,defillama-protocol (token units)
money_market,Sumer.money,sumer.money,2026-08,0.1486,0.1485,0.0002,0.241,11684,defillama-protocol (token units)
money_market,Sumer.money,sumer.money,2026-09,0.1462,0.146,0.0002,0.241,11858,defillama-protocol (token units)
money_market,Venus Isolated Pools,venus-isolated-pools,2024-09,123.6644,123.6644,0,49.8244,7858504,defillama-protocol (token units)
money_market,Venus Isolated Pools,venus-isolated-pools,2024-10,99.8088,99.8088,0,53.3101,7015463,defillama-protocol (token units)
money_market,Venus Isolated Pools,venus-isolated-pools,2024-11,108.0176,105.8209,2.1967,25.0065,10404491,defillama-protocol (token units)
money_market,Venus Isolated Pools,venus-isolated-pools,2024-12,109.5324,105.4165,4.1159,24.3082,10208170,defillama-protocol (token units)
money_market,Venus Isolated Pools,venus-isolated-pools,2025-01,91.4531,90.1356,1.3175,7.5694,9368708,defillama-protocol (token units)
money_market,Venus Isolated Pools,venus-isolated-pools,2025-02,0.5707,0.5707,0,0.1296,48099,defillama-protocol (token units)
money_market,Venus Isolated Pools,venus-isolated-pools,2025-03,1.6055,1.6055,0,0,132409,defillama-protocol (token units)
money_market,Venus Isolated Pools,venus-isolated-pools,2025-04,0.4496,0.4496,0,0,42402,defillama-protocol (token units)
money_market,Venus Isolated Pools,venus-isolated-pools,2025-05,0.4136,0.4136,0,0,43305,defillama-protocol (token units)
money_market,Venus Isolated Pools,venus-isolated-pools,2025-06,0.3665,0.3665,0,0,39260,defillama-protocol (token units)
money_market,Venus Isolated Pools,venus-isolated-pools,2025-07,0.3141,0.3141,0,0,36510,defillama-protocol (token units)
money_market,Venus Isolated Pools,venus-isolated-pools,2025-08,0.248,0.248,0,0,26866,defillama-protocol (token units)
money_market,Venus Isolated Pools,venus-isolated-pools,2025-09,0.248,0.248,0,0,28257,defillama-protocol (token units)
money_market,Venus Isolated Pools,venus-isolated-pools,2025-10,0.248,0.248,0,0,27133,defillama-protocol (token units)
money_market,Venus Isolated Pools,venus-isolated-pools,2025-11,0.248,0.248,0,0,22428,defillama-protocol (token units)
money_market,Venus Isolated Pools,venus-isolated-pools,2025-12,0.248,0.248,0,0,21713,defillama-protocol (token units)
money_market,Venus Isolated Pools,venus-isolated-pools,2026-01,0.248,0.248,0,0,19557,defillama-protocol (token units)
money_market,Venus Isolated Pools,venus-isolated-pools,2026-02,0.248,0.248,0,0,16609,defillama-protocol (token units)
money_market,Venus Isolated Pools,venus-isolated-pools,2026-03,0.248,0.248,0,0,16844,defillama-protocol (token units)
money_market,Venus Isolated Pools,venus-isolated-pools,2026-04,0.248,0.248,0,0,18955,defillama-protocol (token units)
money_market,Venus Isolated Pools,venus-isolated-pools,2026-05,0.248,0.248,0,0,18254,defillama-protocol (token units)
money_market,Venus Isolated Pools,venus-isolated-pools,2026-06,0.248,0.248,0,0,14532,defillama-protocol (token units)
money_market,Venus Isolated Pools,venus-isolated-pools,2026-07,0.248,0.248,0,0,15606,defillama-protocol (token units)
money_market,Venus Isolated Pools,venus-isolated-pools,2026-08,0.148,0.148,0,0,11609,defillama-protocol (token units)
money_market,Venus Isolated Pools,venus-isolated-pools,2026-09,0.148,0.148,0,0,11992,defillama-protocol (token units)
money_market,Ionic Protocol,ionic-protocol,2024-09,2412.6047,2412.6047,0,4.7797,152318268,defillama-protocol (token units)
money_market,Ionic Protocol,ionic-protocol,2024-10,1467.8058,1467.8058,0,4.6825,102775701,defillama-protocol (token units)
money_market,Ionic Protocol,ionic-protocol,2024-11,1008.7054,1008.7054,0,8.9009,97644708,defillama-protocol (token units)
money_market,Ionic Protocol,ionic-protocol,2024-12,756.0756,756.0756,0,2.9694,70543566,defillama-protocol (token units)
money_market,Ionic Protocol,ionic-protocol,2025-01,358.6337,265.7253,92.9084,1.4926,36278969,defillama-protocol (token units)
money_market,Ionic Protocol,ionic-protocol,2025-02,0.3353,0.3129,0.0224,102.4377,28172,defillama-protocol (token units)
money_market,Ionic Protocol,ionic-protocol,2025-03,0.266,0.2657,0.0002,102.4131,21948,defillama-protocol (token units)
money_market,Ionic Protocol,ionic-protocol,2025-04,0.2771,0.2653,0.0118,102.4152,26084,defillama-protocol (token units)
money_market,Ionic Protocol,ionic-protocol,2025-05,0,0,0,0,0,defillama-protocol (token units)
money_market,Ionic Protocol,ionic-protocol,2025-06,0,0,0,0,0,defillama-protocol (token units)
money_market,Ionic Protocol,ionic-protocol,2025-07,0,0,0,0,0,defillama-protocol (token units)
money_market,Ionic Protocol,ionic-protocol,2025-08,0,0,0,0,0,defillama-protocol (token units)
money_market,Ionic Protocol,ionic-protocol,2025-09,0,0,0,0,0,defillama-protocol (token units)
money_market,Ionic Protocol,ionic-protocol,2025-10,0,0,0,0,0,defillama-protocol (token units)
money_market,Ionic Protocol,ionic-protocol,2025-11,0,0,0,0,0,defillama-protocol (token units)
money_market,Ionic Protocol,ionic-protocol,2025-12,0,0,0,0,0,defillama-protocol (token units)
money_market,Ionic Protocol,ionic-protocol,2026-01,0,0,0,0,0,defillama-protocol (token units)
money_market,Ionic Protocol,ionic-protocol,2026-02,0,0,0,0,0,defillama-protocol (token units)
money_market,Ionic Protocol,ionic-protocol,2026-03,0,0,0,0,0,defillama-protocol (token units)
money_market,Ionic Protocol,ionic-protocol,2026-04,0,0,0,0,0,defillama-protocol (token units)
money_market,Ionic Protocol,ionic-protocol,2026-05,0,0,0,0,0,defillama-protocol (token units)
money_market,Ionic Protocol,ionic-protocol,2026-06,0,0,0,0,0,defillama-protocol (token units)
money_market,Ionic Protocol,ionic-protocol,2026-07,0,0,0,0,0,defillama-protocol (token units)
money_market,Ionic Protocol,ionic-protocol,2026-08,0,0,0,0,0,defillama-protocol (token units)
money_market,Ionic Protocol,ionic-protocol,2026-09,0,0,0,0,0,defillama-protocol (token units)
cdp,f(x) Protocol,fx-protocol,2024-09,147.9444,139.9414,8.003,0,9369324,defillama-protocol (token units)
cdp,f(x) Protocol,fx-protocol,2024-10,97.8165,94.3561,3.4604,0,6856428,defillama-protocol (token units)
cdp,f(x) Protocol,fx-protocol,2024-11,61.1467,54.1714,6.9753,0,5877843,defillama-protocol (token units)
cdp,f(x) Protocol,fx-protocol,2024-12,51.9903,45.2581,6.7322,0,4820389,defillama-protocol (token units)
cdp,f(x) Protocol,fx-protocol,2025-01,39.3881,37.9717,1.4164,0,4018493,defillama-protocol (token units)
cdp,f(x) Protocol,fx-protocol,2025-02,24.852,24.2004,0.6516,0,2092313,defillama-protocol (token units)
cdp,f(x) Protocol,fx-protocol,2025-03,95.7366,95.6258,0.1108,0,7904693,defillama-protocol (token units)
cdp,f(x) Protocol,fx-protocol,2025-04,142.1828,142.1372,0.0456,0,13392324,defillama-protocol (token units)
cdp,f(x) Protocol,fx-protocol,2025-05,470.2666,470.2213,0.0453,0,49096719,defillama-protocol (token units)
cdp,f(x) Protocol,fx-protocol,2025-06,618.5107,618.4704,0.0403,0,66277628,defillama-protocol (token units)
cdp,f(x) Protocol,fx-protocol,2025-07,568.8264,568.802,0.0244,0,65723319,defillama-protocol (token units)
cdp,f(x) Protocol,fx-protocol,2025-08,681.9899,681.975,0.0149,0,73867681,defillama-protocol (token units)
cdp,f(x) Protocol,fx-protocol,2025-09,674.2547,674.2398,0.0149,0,77101689,defillama-protocol (token units)
cdp,f(x) Protocol,fx-protocol,2025-10,645.3897,645.3793,0.0104,0,70728887,defillama-protocol (token units)
cdp,f(x) Protocol,fx-protocol,2025-11,181.8425,181.8425,0,0,16189945,defillama-protocol (token units)
cdp,f(x) Protocol,fx-protocol,2025-12,227.2305,227.2201,0.0104,0,19873580,defillama-protocol (token units)
cdp,f(x) Protocol,fx-protocol,2026-01,205.0671,205.0567,0.0104,0,16055341,defillama-protocol (token units)
cdp,f(x) Protocol,fx-protocol,2026-02,204.9753,204.9649,0.0104,0,13673945,defillama-protocol (token units)
cdp,f(x) Protocol,fx-protocol,2026-03,225.8009,225.7996,0.0013,0,15362656,defillama-protocol (token units)
cdp,f(x) Protocol,fx-protocol,2026-04,584.9009,584.8995,0.0013,0,44604543,defillama-protocol (token units)
cdp,f(x) Protocol,fx-protocol,2026-05,1052.313,1052.3117,0.0013,0,77448342,defillama-protocol (token units)
cdp,f(x) Protocol,fx-protocol,2026-06,1063.5765,1063.5752,0.0013,0,61635082,defillama-protocol (token units)
cdp,f(x) Protocol,fx-protocol,2026-07,1242.1306,1242.1292,0.0013,0,78133472,defillama-protocol (token units)
cdp,f(x) Protocol,fx-protocol,2026-08,1270.4117,1270.4104,0.0013,0,99873538,defillama-protocol (token units)
cdp,f(x) Protocol,fx-protocol,2026-09,1287.6028,1287.6015,0.0013,0,104555700,defillama-protocol (token units)
cdp,River Omni-CDP (satUSD),river-omni-cdp,2024-09,21.3723,20.0852,1.2872,0,1359995,defillama-protocol (token units)
cdp,River Omni-CDP (satUSD),river-omni-cdp,2024-10,21.4133,20.1487,1.2646,0,1505131,defillama-protocol (token units)
cdp,River Omni-CDP (satUSD),river-omni-cdp,2024-11,21.5134,19.6965,1.8169,0,2072928,defillama-protocol (token units)
cdp,River Omni-CDP (satUSD),river-omni-cdp,2024-12,221.5966,219.4792,2.1174,0,20469243,defillama-protocol (token units)
cdp,River Omni-CDP (satUSD),river-omni-cdp,2025-01,217.002,214.4399,2.5621,0,21956660,defillama-protocol (token units)
cdp,River Omni-CDP (satUSD),river-omni-cdp,2025-02,215.046,213.68,1.366,0,17845240,defillama-protocol (token units)
cdp,River Omni-CDP (satUSD),river-omni-cdp,2025-03,213.2791,212.2807,0.9983,0,17487578,defillama-protocol (token units)
cdp,River Omni-CDP (satUSD),river-omni-cdp,2025-04,12.8441,12.1195,0.7246,0,1210310,defillama-protocol (token units)
cdp,River Omni-CDP (satUSD),river-omni-cdp,2025-05,210.9147,210.1953,0.7194,0,21923156,defillama-protocol (token units)
cdp,River Omni-CDP (satUSD),river-omni-cdp,2025-06,1210.9372,1210.1922,0.745,0,129627556,defillama-protocol (token units)
cdp,River Omni-CDP (satUSD),river-omni-cdp,2025-07,1160.6171,1159.8509,0.7661,0,134748603,defillama-protocol (token units)
cdp,River Omni-CDP (satUSD),river-omni-cdp,2025-08,3881.5762,2230.7095,1650.8667,0,419791056,defillama-protocol (token units)
cdp,River Omni-CDP (satUSD),river-omni-cdp,2025-09,5222.8838,3230.6399,1992.2438,0,594966972,defillama-protocol (token units)
cdp,River Omni-CDP (satUSD),river-omni-cdp,2025-10,4486.3346,2232.97,2253.3647,0,490062215,defillama-protocol (token units)
cdp,River Omni-CDP (satUSD),river-omni-cdp,2025-11,1445.202,253.4171,1191.7849,0,125216029,defillama-protocol (token units)
cdp,River Omni-CDP (satUSD),river-omni-cdp,2025-12,1767.844,253.0399,1514.8041,0,153372719,defillama-protocol (token units)
cdp,River Omni-CDP (satUSD),river-omni-cdp,2026-01,1765.4921,250.6889,1514.8032,0,142879857,defillama-protocol (token units)
cdp,River Omni-CDP (satUSD),river-omni-cdp,2026-02,1765.5079,250.7091,1514.7988,0,118982020,defillama-protocol (token units)
cdp,River Omni-CDP (satUSD),river-omni-cdp,2026-03,1765.2818,250.483,1514.7988,0,121652976,defillama-protocol (token units)
cdp,River Omni-CDP (satUSD),river-omni-cdp,2026-04,1245.9249,249.1536,996.7712,0,95046093,defillama-protocol (token units)
cdp,River Omni-CDP (satUSD),river-omni-cdp,2026-05,1245.9249,249.1536,996.7712,0,91610875,defillama-protocol (token units)
cdp,River Omni-CDP (satUSD),river-omni-cdp,2026-06,1245.923,249.1518,996.7712,0,72332737,defillama-protocol (token units)
cdp,River Omni-CDP (satUSD),river-omni-cdp,2026-07,1245.7583,248.9871,996.7712,0,78231578,defillama-protocol (token units)
cdp,River Omni-CDP (satUSD),river-omni-cdp,2026-08,1245.0991,248.7307,996.3684,0,97727495,defillama-protocol (token units)
cdp,River Omni-CDP (satUSD),river-omni-cdp,2026-09,1245.4199,248.6487,996.7712,0,101012969,defillama-protocol (token units)
cdp,crvUSD / LlamaLend,crvusd,2024-09,754.3121,754.3121,0,0,47946582,defillama-protocol (token units)
cdp,crvUSD / LlamaLend,crvusd,2024-10,727.4942,727.4942,0,0,51029566,defillama-protocol (token units)
cdp,crvUSD / LlamaLend,crvusd,2024-11,644.4419,644.4419,0,0,62069649,defillama-protocol (token units)
cdp,crvUSD / LlamaLend,crvusd,2024-12,553.106,553.106,0,0,51537035,defillama-protocol (token units)
cdp,crvUSD / LlamaLend,crvusd,2025-01,736.8879,736.8879,0,0,75311801,defillama-protocol (token units)
cdp,crvUSD / LlamaLend,crvusd,2025-02,717.3186,717.3186,0,0,60432828,defillama-protocol (token units)
cdp,crvUSD / LlamaLend,crvusd,2025-03,1207.4902,1197.4735,10.0167,0,99665422,defillama-protocol (token units)
cdp,crvUSD / LlamaLend,crvusd,2025-04,1632.881,1597.3637,35.5173,0,153541144,defillama-protocol (token units)
cdp,crvUSD / LlamaLend,crvusd,2025-05,1605.1124,1569.1331,35.9793,0,167633021,defillama-protocol (token units)
cdp,crvUSD / LlamaLend,crvusd,2025-06,1325.3334,1294.8208,30.5126,0,141994868,defillama-protocol (token units)
cdp,crvUSD / LlamaLend,crvusd,2025-07,1203.0979,1180.1481,22.9498,0,139039225,defillama-protocol (token units)
cdp,crvUSD / LlamaLend,crvusd,2025-08,1060.5741,1054.0698,6.5043,0,114808684,defillama-protocol (token units)
cdp,crvUSD / LlamaLend,crvusd,2025-09,1035.7361,1033.4451,2.2911,0,118344578,defillama-protocol (token units)
cdp,crvUSD / LlamaLend,crvusd,2025-10,891.5697,886.7787,4.7911,0,97626195,defillama-protocol (token units)
cdp,crvUSD / LlamaLend,crvusd,2025-11,690.7194,686.6808,4.0386,0,61531999,defillama-protocol (token units)
cdp,crvUSD / LlamaLend,crvusd,2025-12,897.3981,893.1807,4.2174,0,78501039,defillama-protocol (token units)
cdp,crvUSD / LlamaLend,crvusd,2026-01,894.0604,892.8429,1.2175,0,70634178,defillama-protocol (token units)
cdp,crvUSD / LlamaLend,crvusd,2026-02,492.2234,492.2233,0.0,0,32705315,defillama-protocol (token units)
cdp,crvUSD / LlamaLend,crvusd,2026-03,398.7573,398.7573,0.0,0,27106819,defillama-protocol (token units)
cdp,crvUSD / LlamaLend,crvusd,2026-04,763.0213,763.0213,0.0,0,58230472,defillama-protocol (token units)
cdp,crvUSD / LlamaLend,crvusd,2026-05,623.2945,623.2945,0.0,0,45956124,defillama-protocol (token units)
cdp,crvUSD / LlamaLend,crvusd,2026-06,591.5733,591.5732,0.0,0,34584595,defillama-protocol (token units)
cdp,crvUSD / LlamaLend,crvusd,2026-07,661.5892,661.5892,0.0,0,41649507,defillama-protocol (token units)
cdp,crvUSD / LlamaLend,crvusd,2026-08,907.6278,907.6277,0.0,0,71316854,defillama-protocol (token units)
cdp,crvUSD / LlamaLend,crvusd,2026-09,929.861,929.861,0.0,0,75517197,defillama-protocol (token units)
cdp,Frankencoin,frankencoin,2024-09,82.9663,82.9663,0,0,5272259,defillama-protocol (token units)
cdp,Frankencoin,frankencoin,2024-10,82.8413,82.8413,0,0,5822831,defillama-protocol (token units)
cdp,Frankencoin,frankencoin,2024-11,82.8413,82.8413,0,0,7979355,defillama-protocol (token units)
cdp,Frankencoin,frankencoin,2024-12,119.1339,119.1339,0,0,11103822,defillama-protocol (token units)
cdp,Frankencoin,frankencoin,2025-01,101.4655,101.4655,0,0,10395464,defillama-protocol (token units)
cdp,Frankencoin,frankencoin,2025-02,113.2247,113.2247,0,0,9494172,defillama-protocol (token units)
cdp,Frankencoin,frankencoin,2025-03,118.678,118.678,0,0,9769087,defillama-protocol (token units)
cdp,Frankencoin,frankencoin,2025-04,118.9109,118.9109,0,0,11185267,defillama-protocol (token units)
cdp,Frankencoin,frankencoin,2025-05,125.1951,125.1951,0,0,13070494,defillama-protocol (token units)
cdp,Frankencoin,frankencoin,2025-06,122.1951,122.1951,0,0,13084331,defillama-protocol (token units)
cdp,Frankencoin,frankencoin,2025-07,119.2145,119.2145,0,0,13776020,defillama-protocol (token units)
cdp,Frankencoin,frankencoin,2025-08,118.5951,118.5951,0,0,12843362,defillama-protocol (token units)
cdp,Frankencoin,frankencoin,2025-09,118.5951,118.5951,0,0,13560009,defillama-protocol (token units)
cdp,Frankencoin,frankencoin,2025-10,117.3453,117.3453,0,0,12860069,defillama-protocol (token units)
cdp,Frankencoin,frankencoin,2025-11,106.1824,106.1824,0,0,9459145,defillama-protocol (token units)
cdp,Frankencoin,frankencoin,2025-12,99.6818,99.6818,0,0,8718593,defillama-protocol (token units)
cdp,Frankencoin,frankencoin,2026-01,216.8006,216.8006,0,0,19037452,defillama-protocol (token units)
cdp,Frankencoin,frankencoin,2026-02,308.2578,308.2578,0,0,20596923,defillama-protocol (token units)
cdp,Frankencoin,frankencoin,2026-03,310.5919,310.5919,0,0,21138045,defillama-protocol (token units)
cdp,Frankencoin,frankencoin,2026-04,321.2903,321.2903,0,0,24534928,defillama-protocol (token units)
cdp,Frankencoin,frankencoin,2026-05,340.4461,340.4461,0,0,25067253,defillama-protocol (token units)
cdp,Frankencoin,frankencoin,2026-06,347.1114,347.1114,0,0,20223664,defillama-protocol (token units)
cdp,Frankencoin,frankencoin,2026-07,347.1876,347.1876,0,0,21835821,defillama-protocol (token units)
cdp,Frankencoin,frankencoin,2026-08,359.7327,359.7327,0,0,28242407,defillama-protocol (token units)
cdp,Frankencoin,frankencoin,2026-09,360.2778,360.2778,0,0,29261180,defillama-protocol (token units)
cdp,Sky (Maker),sky-lending,2024-09,6255.8458,6255.8458,0,0,395350689,defillama-protocol (token units)
cdp,Sky (Maker),sky-lending,2024-10,5833.8083,5833.8083,0,0,409334076,defillama-protocol (token units)
cdp,Sky (Maker),sky-lending,2024-11,4973.4842,4973.4842,0,0,478582118,defillama-protocol (token units)
cdp,Sky (Maker),sky-lending,2024-12,4751.2708,4751.2708,0,0,443402979,defillama-protocol (token units)
cdp,Sky (Maker),sky-lending,2025-01,4587.4379,4587.4379,0,0,469836219,defillama-protocol (token units)
cdp,Sky (Maker),sky-lending,2025-02,3783.09,3783.09,0,0,318063377,defillama-protocol (token units)
cdp,Sky (Maker),sky-lending,2025-03,1428.3793,1428.3793,0,0,117938418,defillama-protocol (token units)
cdp,Sky (Maker),sky-lending,2025-04,1377.3115,1377.3115,0,0,129547196,defillama-protocol (token units)
cdp,Sky (Maker),sky-lending,2025-05,1337.5058,1337.5058,0,0,139638350,defillama-protocol (token units)
cdp,Sky (Maker),sky-lending,2025-06,1310.5003,1310.5003,0,0,140321836,defillama-protocol (token units)
cdp,Sky (Maker),sky-lending,2025-07,1274.0004,1274.0004,0,0,147200615,defillama-protocol (token units)
cdp,Sky (Maker),sky-lending,2025-08,1261.1268,1261.1268,0,0,136603978,defillama-protocol (token units)
cdp,Sky (Maker),sky-lending,2025-09,446.5762,446.5762,0,0,51066400,defillama-protocol (token units)
cdp,Sky (Maker),sky-lending,2025-10,442.6934,442.6934,0,0,48515205,defillama-protocol (token units)
cdp,Sky (Maker),sky-lending,2025-11,439.0398,439.0398,0,0,38296497,defillama-protocol (token units)
cdp,Sky (Maker),sky-lending,2025-12,370.4188,370.4188,0,0,32396824,defillama-protocol (token units)
cdp,Sky (Maker),sky-lending,2026-01,370.4198,370.4198,0,0,29001347,defillama-protocol (token units)
cdp,Sky (Maker),sky-lending,2026-02,361.4624,361.4624,0,0,24113261,defillama-protocol (token units)
cdp,Sky (Maker),sky-lending,2026-03,347.8513,347.8513,0,0,23635028,defillama-protocol (token units)
cdp,Sky (Maker),sky-lending,2026-04,348.0598,348.0598,0,0,26543069,defillama-protocol (token units)
cdp,Sky (Maker),sky-lending,2026-05,348.0885,348.0885,0,0,25659579,defillama-protocol (token units)
cdp,Sky (Maker),sky-lending,2026-06,339.3736,339.3736,0,0,19667182,defillama-protocol (token units)
cdp,Sky (Maker),sky-lending,2026-07,339.4606,339.4606,0,0,21373237,defillama-protocol (token units)
cdp,Sky (Maker),sky-lending,2026-08,339.4415,339.4415,0,0,26660256,defillama-protocol (token units)
cdp,Sky (Maker),sky-lending,2026-09,339.3413,339.3413,0,0,27588803,defillama-protocol (token units)
cdp,Money on Chain,moneyonchain,2024-09,1216.4806,1216.4806,0,0,77481296,defillama-protocol (token units)
cdp,Money on Chain,moneyonchain,2024-10,1220.9023,1220.9023,0,0,85984488,defillama-protocol (token units)
cdp,Money on Chain,moneyonchain,2024-11,1193.3185,1193.3185,0,0,115112279,defillama-protocol (token units)
cdp,Money on Chain,moneyonchain,2024-12,1187.4827,1187.4827,0,0,110731573,defillama-protocol (token units)
cdp,Money on Chain,moneyonchain,2025-01,1237.3793,1237.3793,0,0,126554210,defillama-protocol (token units)
cdp,Money on Chain,moneyonchain,2025-02,1205.9615,1205.9615,0,0,101821741,defillama-protocol (token units)
cdp,Money on Chain,moneyonchain,2025-03,1210.146,1210.146,0,0,100047614,defillama-protocol (token units)
cdp,Money on Chain,moneyonchain,2025-04,1209.3715,1209.3715,0,0,113904655,defillama-protocol (token units)
cdp,Money on Chain,moneyonchain,2025-05,1201.6244,1201.6244,0,0,125554133,defillama-protocol (token units)
cdp,Money on Chain,moneyonchain,2025-06,1182.3074,1182.3074,0,0,126980996,defillama-protocol (token units)
cdp,Money on Chain,moneyonchain,2025-07,1070.875,1070.875,0,0,123828491,defillama-protocol (token units)
cdp,Money on Chain,moneyonchain,2025-08,910.3974,910.3974,0,0,98351142,defillama-protocol (token units)
cdp,Money on Chain,moneyonchain,2025-09,907.0411,907.0411,0,0,103543277,defillama-protocol (token units)
cdp,Money on Chain,moneyonchain,2025-10,896.1633,896.1633,0,0,98289923,defillama-protocol (token units)
cdp,Money on Chain,moneyonchain,2025-11,897.3024,897.3024,0,0,79845110,defillama-protocol (token units)
cdp,Money on Chain,moneyonchain,2025-12,887.9752,887.9752,0,0,77798350,defillama-protocol (token units)
cdp,Money on Chain,moneyonchain,2026-01,620.4309,620.4309,0,0,49024623,defillama-protocol (token units)
cdp,Money on Chain,moneyonchain,2026-02,572.1743,572.1743,0,0,38156795,defillama-protocol (token units)
cdp,Money on Chain,moneyonchain,2026-03,572.0992,572.0992,0,0,38910008,defillama-protocol (token units)
cdp,Money on Chain,moneyonchain,2026-04,575.7766,575.7766,0,0,44002351,defillama-protocol (token units)
cdp,Money on Chain,moneyonchain,2026-05,567.5945,567.5945,0,0,41796887,defillama-protocol (token units)
cdp,Money on Chain,moneyonchain,2026-06,526.4646,526.4646,0,0,30559052,defillama-protocol (token units)
cdp,Money on Chain,moneyonchain,2026-07,289.4579,289.4579,0,0,18204428,defillama-protocol (token units)
cdp,Money on Chain,moneyonchain,2026-08,277.1189,277.1189,0,0,21780857,defillama-protocol (token units)
cdp,Money on Chain,moneyonchain,2026-09,271.7509,271.7509,0,0,22075772,defillama-protocol (token units)
cdp,Sovryn Zero,sovryn-zero,2024-09,540.495,540.495,0,0,34425745,defillama-protocol (token units)
cdp,Sovryn Zero,sovryn-zero,2024-10,530.5022,530.5022,0,0,37322954,defillama-protocol (token units)
cdp,Sovryn Zero,sovryn-zero,2024-11,518.393,518.393,0,0,50006265,defillama-protocol (token units)
cdp,Sovryn Zero,sovryn-zero,2024-12,516.709,516.709,0,0,48182601,defillama-protocol (token units)
cdp,Sovryn Zero,sovryn-zero,2025-01,503.7704,503.7704,0,0,51573495,defillama-protocol (token units)
cdp,Sovryn Zero,sovryn-zero,2025-02,519.7415,519.7415,0,0,43882815,defillama-protocol (token units)
cdp,Sovryn Zero,sovryn-zero,2025-03,493.3327,493.3327,0,0,40686626,defillama-protocol (token units)
cdp,Sovryn Zero,sovryn-zero,2025-04,485.9275,485.9275,0,0,45767084,defillama-protocol (token units)
cdp,Sovryn Zero,sovryn-zero,2025-05,368.1438,368.1438,0,0,38466240,defillama-protocol (token units)
cdp,Sovryn Zero,sovryn-zero,2025-06,371.3274,371.3274,0,0,39880933,defillama-protocol (token units)
cdp,Sovryn Zero,sovryn-zero,2025-07,378.5257,378.5257,0,0,43770059,defillama-protocol (token units)
cdp,Sovryn Zero,sovryn-zero,2025-08,387.234,387.234,0,0,41833272,defillama-protocol (token units)
cdp,Sovryn Zero,sovryn-zero,2025-09,382.5339,382.5339,0,0,43668162,defillama-protocol (token units)
cdp,Sovryn Zero,sovryn-zero,2025-10,373.3108,373.3108,0,0,40944199,defillama-protocol (token units)
cdp,Sovryn Zero,sovryn-zero,2025-11,358.6969,358.6969,0,0,31918112,defillama-protocol (token units)
cdp,Sovryn Zero,sovryn-zero,2025-12,328.3603,328.3603,0,0,28741494,defillama-protocol (token units)
cdp,Sovryn Zero,sovryn-zero,2026-01,329.697,329.697,0,0,26051685,defillama-protocol (token units)
cdp,Sovryn Zero,sovryn-zero,2026-02,328.3089,328.3089,0,0,21958316,defillama-protocol (token units)
cdp,Sovryn Zero,sovryn-zero,2026-03,317.4828,317.4828,0,0,21662884,defillama-protocol (token units)
cdp,Sovryn Zero,sovryn-zero,2026-04,313.631,313.631,0,0,23985844,defillama-protocol (token units)
cdp,Sovryn Zero,sovryn-zero,2026-05,274.1262,274.1262,0,0,20186283,defillama-protocol (token units)
cdp,Sovryn Zero,sovryn-zero,2026-06,261.0437,261.0437,0,0,15274509,defillama-protocol (token units)
cdp,Sovryn Zero,sovryn-zero,2026-07,260.5028,260.5028,0,0,16383404,defillama-protocol (token units)
cdp,Sovryn Zero,sovryn-zero,2026-08,252.9665,252.9665,0,0,19916731,defillama-protocol (token units)
cdp,Sovryn Zero,sovryn-zero,2026-09,249.6204,249.6204,0,0,20277995,defillama-protocol (token units)
cdp,BIMA CDP,bima-cdp,2024-09,0,0,0,0,0,defillama-protocol (token units)
cdp,BIMA CDP,bima-cdp,2024-10,0,0,0,0,0,defillama-protocol (token units)
cdp,BIMA CDP,bima-cdp,2024-11,0,0,0,0,0,defillama-protocol (token units)
cdp,BIMA CDP,bima-cdp,2024-12,0,0,0,0,0,defillama-protocol (token units)
cdp,BIMA CDP,bima-cdp,2025-01,0,0,0,0,0,defillama-protocol (token units)
cdp,BIMA CDP,bima-cdp,2025-02,0,0,0,0,0,defillama-protocol (token units)
cdp,BIMA CDP,bima-cdp,2025-03,0,0,0,0,0,defillama-protocol (token units)
cdp,BIMA CDP,bima-cdp,2025-04,0,0,0,0,0,defillama-protocol (token units)
cdp,BIMA CDP,bima-cdp,2025-05,0.0477,0.0477,0,0,4981,defillama-protocol (token units)
cdp,BIMA CDP,bima-cdp,2025-06,56.8447,56.8447,0,0,6104149,defillama-protocol (token units)
cdp,BIMA CDP,bima-cdp,2025-07,56.8447,56.8447,0,0,6583496,defillama-protocol (token units)
cdp,BIMA CDP,bima-cdp,2025-08,56.8444,56.8444,0,0,6138458,defillama-protocol (token units)
cdp,BIMA CDP,bima-cdp,2025-09,56.8444,56.8444,0,0,6497647,defillama-protocol (token units)
cdp,BIMA CDP,bima-cdp,2025-10,56.8444,56.8444,0,0,6234889,defillama-protocol (token units)
cdp,BIMA CDP,bima-cdp,2025-11,40.0474,40.0474,0,0,3566730,defillama-protocol (token units)
cdp,BIMA CDP,bima-cdp,2025-12,40.0474,40.0474,0,0,3509413,defillama-protocol (token units)
cdp,BIMA CDP,bima-cdp,2026-01,40.0474,40.0474,0,0,3172060,defillama-protocol (token units)
cdp,BIMA CDP,bima-cdp,2026-02,44.4377,44.4377,0,0,2965291,defillama-protocol (token units)
cdp,BIMA CDP,bima-cdp,2026-03,58.8109,58.8109,0,0,4007476,defillama-protocol (token units)
cdp,BIMA CDP,bima-cdp,2026-04,64.0631,64.0631,0,0,4895858,defillama-protocol (token units)
cdp,BIMA CDP,bima-cdp,2026-05,69.4267,69.4267,0,0,5123801,defillama-protocol (token units)
cdp,BIMA CDP,bima-cdp,2026-06,105.8975,105.8975,0,0,6174326,defillama-protocol (token units)
cdp,BIMA CDP,bima-cdp,2026-07,112.4661,112.4661,0,0,7073194,defillama-protocol (token units)
cdp,BIMA CDP,bima-cdp,2026-08,119.378,119.378,0,0,9385832,defillama-protocol (token units)
cdp,BIMA CDP,bima-cdp,2026-09,125.8089,125.8089,0,0,10220129,defillama-protocol (token units)
cdp,BTCFi CDP,btcfi-cdp,2024-09,127.4068,127.4068,0,0,8120995,defillama-protocol (token units)
cdp,BTCFi CDP,btcfi-cdp,2024-10,124.9642,124.9642,0,0,8789703,defillama-protocol (token units)
cdp,BTCFi CDP,btcfi-cdp,2024-11,150.4286,150.4286,0,0,14499319,defillama-protocol (token units)
cdp,BTCFi CDP,btcfi-cdp,2024-12,184.1075,184.1075,0,0,17165821,defillama-protocol (token units)
cdp,BTCFi CDP,btcfi-cdp,2025-01,215.1786,215.1786,0,0,22017183,defillama-protocol (token units)
cdp,BTCFi CDP,btcfi-cdp,2025-02,245.1972,245.1972,0,0,20694495,defillama-protocol (token units)
cdp,BTCFi CDP,btcfi-cdp,2025-03,235.2248,235.2248,0,0,19426878,defillama-protocol (token units)
cdp,BTCFi CDP,btcfi-cdp,2025-04,222.5124,222.5124,0,0,20946484,defillama-protocol (token units)
cdp,BTCFi CDP,btcfi-cdp,2025-05,203.1855,203.1855,0,0,21225572,defillama-protocol (token units)
cdp,BTCFi CDP,btcfi-cdp,2025-06,203.2774,203.2774,0,0,21773390,defillama-protocol (token units)
cdp,BTCFi CDP,btcfi-cdp,2025-07,227.2252,227.2252,0,0,26331805,defillama-protocol (token units)
cdp,BTCFi CDP,btcfi-cdp,2025-08,222.9231,222.9231,0,0,24125188,defillama-protocol (token units)
cdp,BTCFi CDP,btcfi-cdp,2025-09,222.9095,222.9095,0,0,25437893,defillama-protocol (token units)
cdp,BTCFi CDP,btcfi-cdp,2025-10,223.0731,223.0731,0,0,24470682,defillama-protocol (token units)
cdp,BTCFi CDP,btcfi-cdp,2025-11,192.1507,192.1507,0,0,17161960,defillama-protocol (token units)
cdp,BTCFi CDP,btcfi-cdp,2025-12,171.5657,171.5657,0,0,15039230,defillama-protocol (token units)
cdp,BTCFi CDP,btcfi-cdp,2026-01,154.8321,154.8321,0,0,12249634,defillama-protocol (token units)
cdp,BTCFi CDP,btcfi-cdp,2026-02,154.5092,154.5092,0,0,10309523,defillama-protocol (token units)
cdp,BTCFi CDP,btcfi-cdp,2026-03,153.4893,153.4893,0,0,10452662,defillama-protocol (token units)
cdp,BTCFi CDP,btcfi-cdp,2026-04,153.5041,153.5041,0,0,11727323,defillama-protocol (token units)
cdp,BTCFi CDP,btcfi-cdp,2026-05,153.5166,153.5166,0,0,11310401,defillama-protocol (token units)
cdp,BTCFi CDP,btcfi-cdp,2026-06,119.4228,119.4228,0,0,6985592,defillama-protocol (token units)
cdp,BTCFi CDP,btcfi-cdp,2026-07,107.2971,107.2971,0,0,6748462,defillama-protocol (token units)
cdp,BTCFi CDP,btcfi-cdp,2026-08,97.2444,97.2444,0,0,7650264,defillama-protocol (token units)
cdp,BTCFi CDP,btcfi-cdp,2026-09,92.3324,92.3324,0,0,7497742,defillama-protocol (token units)
cdp,Kava Mint,kava-mint,2024-09,202.8013,202.8013,0,0,12899276,defillama-protocol (token units)
cdp,Kava Mint,kava-mint,2024-10,190.1941,190.1941,0,0,13381924,defillama-protocol (token units)
cdp,Kava Mint,kava-mint,2024-11,179.9971,179.9971,0,0,17361233,defillama-protocol (token units)
cdp,Kava Mint,kava-mint,2024-12,142.5125,142.5125,0,0,13289288,defillama-protocol (token units)
cdp,Kava Mint,kava-mint,2025-01,141.7846,141.7846,0,0,14532494,defillama-protocol (token units)
cdp,Kava Mint,kava-mint,2025-02,206.3334,206.3334,0,0,17407895,defillama-protocol (token units)
cdp,Kava Mint,kava-mint,2025-03,201.9429,201.9429,0,0,16656709,defillama-protocol (token units)
cdp,Kava Mint,kava-mint,2025-04,141.9018,141.9018,0,0,13365447,defillama-protocol (token units)
cdp,Kava Mint,kava-mint,2025-05,161.3818,161.3818,0,0,16864399,defillama-protocol (token units)
cdp,Kava Mint,kava-mint,2025-06,135.3718,135.3718,0,0,14518896,defillama-protocol (token units)
cdp,Kava Mint,kava-mint,2025-07,138.5108,138.5108,0,0,16018778,defillama-protocol (token units)
cdp,Kava Mint,kava-mint,2025-08,119.4125,119.4125,0,0,12900250,defillama-protocol (token units)
cdp,Kava Mint,kava-mint,2025-09,118.124,118.124,0,0,13506412,defillama-protocol (token units)
cdp,Kava Mint,kava-mint,2025-10,91.6887,91.6887,0,0,10052057,defillama-protocol (token units)
cdp,Kava Mint,kava-mint,2025-11,86.1677,86.1677,0,0,7683851,defillama-protocol (token units)
cdp,Kava Mint,kava-mint,2025-12,82.0964,82.0964,0,0,7206568,defillama-protocol (token units)
cdp,Kava Mint,kava-mint,2026-01,74.7093,74.7093,0,0,5874272,defillama-protocol (token units)
cdp,Kava Mint,kava-mint,2026-02,73.9155,73.9155,0,0,4951949,defillama-protocol (token units)
cdp,Kava Mint,kava-mint,2026-03,73.9245,73.9245,0,0,5043966,defillama-protocol (token units)
cdp,Kava Mint,kava-mint,2026-04,73.4295,73.4295,0,0,5601683,defillama-protocol (token units)
cdp,Kava Mint,kava-mint,2026-05,73.9796,73.9796,0,0,5447759,defillama-protocol (token units)
cdp,Kava Mint,kava-mint,2026-06,66.148,66.148,0,0,3842222,defillama-protocol (token units)
cdp,Kava Mint,kava-mint,2026-07,64.1657,64.1657,0,0,4035647,defillama-protocol (token units)
cdp,Kava Mint,kava-mint,2026-08,62.5657,62.5657,0,0,4917507,defillama-protocol (token units)
cdp,Kava Mint,kava-mint,2026-09,62.3657,62.3657,0,0,5068989,defillama-protocol (token units)
cdp,Bucket,bucket-cdp,2024-09,0,0,0,0,0,defillama-protocol (token units)
cdp,Bucket,bucket-cdp,2024-10,0,0,0,0,0,defillama-protocol (token units)
cdp,Bucket,bucket-cdp,2024-11,0,0,0,0,0,defillama-protocol (token units)
cdp,Bucket,bucket-cdp,2024-12,0,0,0,0,0,defillama-protocol (token units)
cdp,Bucket,bucket-cdp,2025-01,0,0,0,0,0,defillama-protocol (token units)
cdp,Bucket,bucket-cdp,2025-02,0.0411,0.0411,0,0,3459,defillama-protocol (token units)
cdp,Bucket,bucket-cdp,2025-03,48.9782,48.9782,0,0,4044031,defillama-protocol (token units)
cdp,Bucket,bucket-cdp,2025-04,70.6507,70.6507,0,0,6648228,defillama-protocol (token units)
cdp,Bucket,bucket-cdp,2025-05,120.841,120.841,0,0,12583582,defillama-protocol (token units)
cdp,Bucket,bucket-cdp,2025-06,99.7183,99.7173,0.001,0,10682989,defillama-protocol (token units)
cdp,Bucket,bucket-cdp,2025-07,119.5032,119.5004,0.0028,0,13827603,defillama-protocol (token units)
cdp,Bucket,bucket-cdp,2025-08,136.453,136.4346,0.0184,0,14766305,defillama-protocol (token units)
cdp,Bucket,bucket-cdp,2025-09,59.5951,59.5625,0.0325,0,6789527,defillama-protocol (token units)
cdp,Bucket,bucket-cdp,2025-10,57.6579,57.6382,0.0197,0,6321827,defillama-protocol (token units)
cdp,Bucket,bucket-cdp,2025-11,57.6244,57.6053,0.0191,0,5212930,defillama-protocol (token units)
cdp,Bucket,bucket-cdp,2025-12,57.6244,57.6053,0.0191,0,5042700,defillama-protocol (token units)
cdp,Bucket,bucket-cdp,2026-01,57.6244,57.6053,0.0191,0,4523486,defillama-protocol (token units)
cdp,Bucket,bucket-cdp,2026-02,57.6228,57.6053,0.0175,0,3849474,defillama-protocol (token units)
cdp,Bucket,bucket-cdp,2026-03,57.6228,57.6053,0.0175,0,3926459,defillama-protocol (token units)
cdp,Bucket,bucket-cdp,2026-04,57.6228,57.6053,0.0175,0,4392244,defillama-protocol (token units)
cdp,Bucket,bucket-cdp,2026-05,57.6289,57.6114,0.0175,0,4232472,defillama-protocol (token units)
cdp,Bucket,bucket-cdp,2026-06,57.6277,57.6102,0.0175,0,3366668,defillama-protocol (token units)
cdp,Bucket,bucket-cdp,2026-07,0,0,0,0,0,defillama-protocol (token units)
cdp,Bucket,bucket-cdp,2026-08,0,0,0,0,0,defillama-protocol (token units)
cdp,Bucket,bucket-cdp,2026-09,57.6277,57.6102,0.0175,0,4679952,defillama-protocol (token units)
cdp,Mezo Borrow,mezo-borrow,2024-09,0,0,0,0,0,defillama-protocol (token units)
cdp,Mezo Borrow,mezo-borrow,2024-10,0,0,0,0,0,defillama-protocol (token units)
cdp,Mezo Borrow,mezo-borrow,2024-11,0,0,0,0,0,defillama-protocol (token units)
cdp,Mezo Borrow,mezo-borrow,2024-12,0,0,0,0,0,defillama-protocol (token units)
cdp,Mezo Borrow,mezo-borrow,2025-01,0,0,0,0,0,defillama-protocol (token units)
cdp,Mezo Borrow,mezo-borrow,2025-02,0,0,0,0,0,defillama-protocol (token units)
cdp,Mezo Borrow,mezo-borrow,2025-03,0,0,0,0,0,defillama-protocol (token units)
cdp,Mezo Borrow,mezo-borrow,2025-04,0,0,0,0,0,defillama-protocol (token units)
cdp,Mezo Borrow,mezo-borrow,2025-05,0,0,0,0,0,defillama-protocol (token units)
cdp,Mezo Borrow,mezo-borrow,2025-06,0,0,0,0,0,defillama-protocol (token units)
cdp,Mezo Borrow,mezo-borrow,2025-07,0,0,0,0,0,defillama-protocol (token units)
cdp,Mezo Borrow,mezo-borrow,2025-08,0,0,0,0,0,defillama-protocol (token units)
cdp,Mezo Borrow,mezo-borrow,2025-09,0,0,0,0,0,defillama-protocol (token units)
cdp,Mezo Borrow,mezo-borrow,2025-10,0,0,0,0,0,defillama-protocol (token units)
cdp,Mezo Borrow,mezo-borrow,2025-11,0,0,0,0,0,defillama-protocol (token units)
cdp,Mezo Borrow,mezo-borrow,2025-12,0,0,0,0,0,defillama-protocol (token units)
cdp,Mezo Borrow,mezo-borrow,2026-01,313.6289,313.6289,0,0,24782475,defillama-protocol (token units)
cdp,Mezo Borrow,mezo-borrow,2026-02,280.4757,280.4757,0,0,18704181,defillama-protocol (token units)
cdp,Mezo Borrow,mezo-borrow,2026-03,285.0927,285.0927,0,0,19414466,defillama-protocol (token units)
cdp,Mezo Borrow,mezo-borrow,2026-04,300.0065,300.0065,0,0,22944041,defillama-protocol (token units)
cdp,Mezo Borrow,mezo-borrow,2026-05,103.401,103.401,0,0,7632015,defillama-protocol (token units)
cdp,Mezo Borrow,mezo-borrow,2026-06,76.3644,76.3644,0,0,4474559,defillama-protocol (token units)
cdp,Mezo Borrow,mezo-borrow,2026-07,56.7435,56.7435,0,0,3568738,defillama-protocol (token units)
cdp,Mezo Borrow,mezo-borrow,2026-08,50.919,50.919,0,0,4002007,defillama-protocol (token units)
cdp,Mezo Borrow,mezo-borrow,2026-09,36.3585,36.3585,0,0,2952159,defillama-protocol (token units)
cdp,Hylo,hylo-protocol,2024-09,0,0,0,0,0,defillama-protocol (token units)
cdp,Hylo,hylo-protocol,2024-10,0,0,0,0,0,defillama-protocol (token units)
cdp,Hylo,hylo-protocol,2024-11,0,0,0,0,0,defillama-protocol (token units)
cdp,Hylo,hylo-protocol,2024-12,0,0,0,0,0,defillama-protocol (token units)
cdp,Hylo,hylo-protocol,2025-01,0,0,0,0,0,defillama-protocol (token units)
cdp,Hylo,hylo-protocol,2025-02,0,0,0,0,0,defillama-protocol (token units)
cdp,Hylo,hylo-protocol,2025-03,0,0,0,0,0,defillama-protocol (token units)
cdp,Hylo,hylo-protocol,2025-04,0,0,0,0,0,defillama-protocol (token units)
cdp,Hylo,hylo-protocol,2025-05,0,0,0,0,0,defillama-protocol (token units)
cdp,Hylo,hylo-protocol,2025-06,0,0,0,0,0,defillama-protocol (token units)
cdp,Hylo,hylo-protocol,2025-07,0,0,0,0,0,defillama-protocol (token units)
cdp,Hylo,hylo-protocol,2025-08,0,0,0,0,0,defillama-protocol (token units)
cdp,Hylo,hylo-protocol,2025-09,0,0,0,0,0,defillama-protocol (token units)
cdp,Hylo,hylo-protocol,2025-10,0,0,0,0,0,defillama-protocol (token units)
cdp,Hylo,hylo-protocol,2025-11,0,0,0,0,0,defillama-protocol (token units)
cdp,Hylo,hylo-protocol,2025-12,0,0,0,0,0,defillama-protocol (token units)
cdp,Hylo,hylo-protocol,2026-01,0,0,0,0,0,defillama-protocol (token units)
cdp,Hylo,hylo-protocol,2026-02,0,0,0,0,0,defillama-protocol (token units)
cdp,Hylo,hylo-protocol,2026-03,0,0,0,0,0,defillama-protocol (token units)
cdp,Hylo,hylo-protocol,2026-04,0,0,0,0,0,defillama-protocol (token units)
cdp,Hylo,hylo-protocol,2026-05,0,0,0,0,0,defillama-protocol (token units)
cdp,Hylo,hylo-protocol,2026-06,0,0,0,0,0,defillama-protocol (token units)
cdp,Hylo,hylo-protocol,2026-07,0,0,0,0,0,defillama-protocol (token units)
cdp,Hylo,hylo-protocol,2026-08,19.4896,19.4896,0,0,1532332,defillama-protocol (token units)
cdp,Hylo,hylo-protocol,2026-09,34.4176,34.4176,0,0,2798945,defillama-protocol (token units)
cdp,Yala,yala,2024-09,0,0,0,0,0,defillama-protocol (token units)
cdp,Yala,yala,2024-10,0,0,0,0,0,defillama-protocol (token units)
cdp,Yala,yala,2024-11,0,0,0,0,0,defillama-protocol (token units)
cdp,Yala,yala,2024-12,0,0,0,0,0,defillama-protocol (token units)
cdp,Yala,yala,2025-01,0,0,0,0,0,defillama-protocol (token units)
cdp,Yala,yala,2025-02,0,0,0,0,0,defillama-protocol (token units)
cdp,Yala,yala,2025-03,0,0,0,0,0,defillama-protocol (token units)
cdp,Yala,yala,2025-04,0,0,0,0,0,defillama-protocol (token units)
cdp,Yala,yala,2025-05,301.6264,301.6264,0,0,31514230,defillama-protocol (token units)
cdp,Yala,yala,2025-06,1172.2814,972.2814,200.0,0,125893206,defillama-protocol (token units)
cdp,Yala,yala,2025-07,1673.8146,1473.8146,200.0,0,193845437,defillama-protocol (token units)
cdp,Yala,yala,2025-08,1872.4649,1672.4649,200.0,0,202802933,defillama-protocol (token units)
cdp,Yala,yala,2025-09,1670.4695,1670.4695,0,0,190692443,defillama-protocol (token units)
cdp,Yala,yala,2025-10,2171.4656,1671.4656,500.0,0,238198208,defillama-protocol (token units)
cdp,Yala,yala,2025-11,1500.2842,1000.2842,500.0,0,133438520,defillama-protocol (token units)
cdp,Yala,yala,2025-12,1000.2456,500.2456,500.0,0,87643744,defillama-protocol (token units)
cdp,Yala,yala,2026-01,0.2455,0.2455,0,0,19324,defillama-protocol (token units)
cdp,Yala,yala,2026-02,28.9753,28.9753,0,0,1937574,defillama-protocol (token units)
cdp,Yala,yala,2026-03,28.9753,28.9753,0,0,1975875,defillama-protocol (token units)
cdp,Yala,yala,2026-04,28.9753,28.9753,0,0,2214371,defillama-protocol (token units)
cdp,Yala,yala,2026-05,28.9753,28.9753,0,0,2138429,defillama-protocol (token units)
cdp,Yala,yala,2026-06,28.9753,28.9753,0,0,1681896,defillama-protocol (token units)
cdp,Yala,yala,2026-07,28.9753,28.9753,0,0,1822301,defillama-protocol (token units)
cdp,Yala,yala,2026-08,28.9753,28.9753,0,0,2278122,defillama-protocol (token units)
cdp,Yala,yala,2026-09,28.9753,28.9753,0,0,2356376,defillama-protocol (token units)
cdp,Threshold thUSD,threshold-thusd,2024-09,117.2244,117.2244,0,0,7459811,defillama-protocol (token units)
cdp,Threshold thUSD,threshold-thusd,2024-10,66.3031,66.3031,0,0,4662299,defillama-protocol (token units)
cdp,Threshold thUSD,threshold-thusd,2024-11,59.7002,59.7002,0,0,5748775,defillama-protocol (token units)
cdp,Threshold thUSD,threshold-thusd,2024-12,70.617,70.617,0,0,6576560,defillama-protocol (token units)
cdp,Threshold thUSD,threshold-thusd,2025-01,80.4001,80.4001,0,0,8233132,defillama-protocol (token units)
cdp,Threshold thUSD,threshold-thusd,2025-02,78.116,78.116,0,0,6580961,defillama-protocol (token units)
cdp,Threshold thUSD,threshold-thusd,2025-03,59.2565,59.2565,0,0,4873371,defillama-protocol (token units)
cdp,Threshold thUSD,threshold-thusd,2025-04,56.6238,56.6238,0,0,5316751,defillama-protocol (token units)
cdp,Threshold thUSD,threshold-thusd,2025-05,53.5159,53.5159,0,0,5607501,defillama-protocol (token units)
cdp,Threshold thUSD,threshold-thusd,2025-06,47.2081,47.2081,0,0,5052355,defillama-protocol (token units)
cdp,Threshold thUSD,threshold-thusd,2025-07,46.3034,46.3034,0,0,5352676,defillama-protocol (token units)
cdp,Threshold thUSD,threshold-thusd,2025-08,46.1735,46.1735,0,0,4988167,defillama-protocol (token units)
cdp,Threshold thUSD,threshold-thusd,2025-09,42.5476,42.5476,0,0,4846764,defillama-protocol (token units)
cdp,Threshold thUSD,threshold-thusd,2025-10,43.6266,43.6266,0,0,4764961,defillama-protocol (token units)
cdp,Threshold thUSD,threshold-thusd,2025-11,30.8873,30.8873,0,0,2753983,defillama-protocol (token units)
cdp,Threshold thUSD,threshold-thusd,2025-12,30.2344,30.2344,0,0,2646497,defillama-protocol (token units)
cdp,Threshold thUSD,threshold-thusd,2026-01,29.7844,29.7844,0,0,2349120,defillama-protocol (token units)
cdp,Threshold thUSD,threshold-thusd,2026-02,28.572,28.572,0,0,1910059,defillama-protocol (token units)
cdp,Threshold thUSD,threshold-thusd,2026-03,28.572,28.572,0,0,1944565,defillama-protocol (token units)
cdp,Threshold thUSD,threshold-thusd,2026-04,28.572,28.572,0,0,2184119,defillama-protocol (token units)
cdp,Threshold thUSD,threshold-thusd,2026-05,28.5152,28.5152,0,0,2103985,defillama-protocol (token units)
cdp,Threshold thUSD,threshold-thusd,2026-06,26.7641,26.7641,0,0,1566896,defillama-protocol (token units)
cdp,Threshold thUSD,threshold-thusd,2026-07,26.7641,26.7641,0,0,1684425,defillama-protocol (token units)
cdp,Threshold thUSD,threshold-thusd,2026-08,26.7641,26.7641,0,0,2106512,defillama-protocol (token units)
cdp,Threshold thUSD,threshold-thusd,2026-09,26.7641,26.7641,0,0,2174565,defillama-protocol (token units)
cdp,Lista CDP,lista-cdp,2024-09,340.5644,340.5644,0,0,21696053,defillama-protocol (token units)
cdp,Lista CDP,lista-cdp,2024-10,344.3087,344.3087,0,0,24210187,defillama-protocol (token units)
cdp,Lista CDP,lista-cdp,2024-11,115.9148,115.9148,0,0,11191457,defillama-protocol (token units)
cdp,Lista CDP,lista-cdp,2024-12,282.5142,80.0716,202.4426,0,26182941,defillama-protocol (token units)
cdp,Lista CDP,lista-cdp,2025-01,283.4688,83.2639,200.2049,0,28017490,defillama-protocol (token units)
cdp,Lista CDP,lista-cdp,2025-02,45.4881,45.3092,0.1789,0,3829774,defillama-protocol (token units)
cdp,Lista CDP,lista-cdp,2025-03,49.9685,46.5,3.4685,0,4117989,defillama-protocol (token units)
cdp,Lista CDP,lista-cdp,2025-04,34.7397,28.9512,5.7884,0,3276610,defillama-protocol (token units)
cdp,Lista CDP,lista-cdp,2025-05,45.86,40.1929,5.667,0,4801728,defillama-protocol (token units)
cdp,Lista CDP,lista-cdp,2025-06,35.2647,31.098,4.1667,0,3776437,defillama-protocol (token units)
cdp,Lista CDP,lista-cdp,2025-07,33.5744,32.2646,1.3098,0,3901382,defillama-protocol (token units)
cdp,Lista CDP,lista-cdp,2025-08,29.2551,28.0869,1.1682,0,3166223,defillama-protocol (token units)
cdp,Lista CDP,lista-cdp,2025-09,29.3849,28.2347,1.1502,0,3345654,defillama-protocol (token units)
cdp,Lista CDP,lista-cdp,2025-10,30.1042,28.954,1.1502,0,3292465,defillama-protocol (token units)
cdp,Lista CDP,lista-cdp,2025-11,28.7707,28.7706,0.0002,0,2601227,defillama-protocol (token units)
cdp,Lista CDP,lista-cdp,2025-12,28.0795,28.0793,0.0002,0,2457942,defillama-protocol (token units)
cdp,Lista CDP,lista-cdp,2026-01,28.1011,28.1009,0.0002,0,2224071,defillama-protocol (token units)
cdp,Lista CDP,lista-cdp,2026-02,27.2434,27.2432,0.0002,0,1820004,defillama-protocol (token units)
cdp,Lista CDP,lista-cdp,2026-03,27.0855,27.0853,0.0002,0,1839271,defillama-protocol (token units)
cdp,Lista CDP,lista-cdp,2026-04,26.7533,26.7531,0.0002,0,2044374,defillama-protocol (token units)
cdp,Lista CDP,lista-cdp,2026-05,26.0291,26.0291,0.0,0,1915470,defillama-protocol (token units)
cdp,Lista CDP,lista-cdp,2026-06,26.01,26.01,0.0,0,1523229,defillama-protocol (token units)
cdp,Lista CDP,lista-cdp,2026-07,25.9962,25.9962,0,0,1635472,defillama-protocol (token units)
cdp,Lista CDP,lista-cdp,2026-08,25.8633,25.8633,0,0,2029061,defillama-protocol (token units)
cdp,Lista CDP,lista-cdp,2026-09,25.7822,25.7822,0,0,2088303,defillama-protocol (token units)
cdp,Felix CDP,felix-cdp,2024-09,0,0,0,0,0,defillama-protocol (token units)
cdp,Felix CDP,felix-cdp,2024-10,0,0,0,0,0,defillama-protocol (token units)
cdp,Felix CDP,felix-cdp,2024-11,0,0,0,0,0,defillama-protocol (token units)
cdp,Felix CDP,felix-cdp,2024-12,0,0,0,0,0,defillama-protocol (token units)
cdp,Felix CDP,felix-cdp,2025-01,0,0,0,0,0,defillama-protocol (token units)
cdp,Felix CDP,felix-cdp,2025-02,0,0,0,0,0,defillama-protocol (token units)
cdp,Felix CDP,felix-cdp,2025-03,0,0,0,0,0,defillama-protocol (token units)
cdp,Felix CDP,felix-cdp,2025-04,0,0,0,0,0,defillama-protocol (token units)
cdp,Felix CDP,felix-cdp,2025-05,126.974,126.974,0,0,13279955,defillama-protocol (token units)
cdp,Felix CDP,felix-cdp,2025-06,168.5072,168.5072,0,0,18051836,defillama-protocol (token units)
cdp,Felix CDP,felix-cdp,2025-07,206.889,206.889,0,0,23907472,defillama-protocol (token units)
cdp,Felix CDP,felix-cdp,2025-08,232.0128,232.0128,0,0,25102159,defillama-protocol (token units)
cdp,Felix CDP,felix-cdp,2025-09,198.9456,198.9456,0,0,22780266,defillama-protocol (token units)
cdp,Felix CDP,felix-cdp,2025-10,117.7907,117.7907,0,0,12915016,defillama-protocol (token units)
cdp,Felix CDP,felix-cdp,2025-11,75.0726,75.0726,0,0,6806072,defillama-protocol (token units)
cdp,Felix CDP,felix-cdp,2025-12,54.4193,54.4193,0,0,4764709,defillama-protocol (token units)
cdp,Felix CDP,felix-cdp,2026-01,44.1459,44.1459,0,0,3471987,defillama-protocol (token units)
cdp,Felix CDP,felix-cdp,2026-02,36.7023,36.7023,0,0,2466355,defillama-protocol (token units)
cdp,Felix CDP,felix-cdp,2026-03,31.6774,31.6774,0,0,2159308,defillama-protocol (token units)
cdp,Felix CDP,felix-cdp,2026-04,28.8927,28.8927,0,0,2205163,defillama-protocol (token units)
cdp,Felix CDP,felix-cdp,2026-05,28.302,28.302,0,0,2078599,defillama-protocol (token units)
cdp,Felix CDP,felix-cdp,2026-06,28.4093,28.4093,0,0,1663126,defillama-protocol (token units)
cdp,Felix CDP,felix-cdp,2026-07,27.5611,27.5611,0,0,1733373,defillama-protocol (token units)
cdp,Felix CDP,felix-cdp,2026-08,26.2411,26.2411,0,0,2065680,defillama-protocol (token units)
cdp,Felix CDP,felix-cdp,2026-09,23.1195,23.1195,0,0,1874856,defillama-protocol (token units)
cdp,Abracadabra,abracadabra-spell,2024-09,60.9637,60.9637,0,0,3865436,defillama-protocol (token units)
cdp,Abracadabra,abracadabra-spell,2024-10,61.3549,61.3549,0,0,4312692,defillama-protocol (token units)
cdp,Abracadabra,abracadabra-spell,2024-11,74.572,74.572,0,0,7187469,defillama-protocol (token units)
cdp,Abracadabra,abracadabra-spell,2024-12,60.7597,60.7597,0,0,5678227,defillama-protocol (token units)
cdp,Abracadabra,abracadabra-spell,2025-01,62.5453,62.5453,0,0,6407085,defillama-protocol (token units)
cdp,Abracadabra,abracadabra-spell,2025-02,60.1092,60.1092,0,0,5068301,defillama-protocol (token units)
cdp,Abracadabra,abracadabra-spell,2025-03,43.6256,43.6256,0,0,3596647,defillama-protocol (token units)
cdp,Abracadabra,abracadabra-spell,2025-04,37.8875,37.8875,0,0,3565784,defillama-protocol (token units)
cdp,Abracadabra,abracadabra-spell,2025-05,36.3568,36.3568,0,0,3799040,defillama-protocol (token units)
cdp,Abracadabra,abracadabra-spell,2025-06,35.7716,35.7716,0,0,3835568,defillama-protocol (token units)
cdp,Abracadabra,abracadabra-spell,2025-07,33.8904,33.8904,0,0,3919090,defillama-protocol (token units)
cdp,Abracadabra,abracadabra-spell,2025-08,34.7506,34.7506,0,0,3762996,defillama-protocol (token units)
cdp,Abracadabra,abracadabra-spell,2025-09,31.7575,31.7575,0,0,3627615,defillama-protocol (token units)
cdp,Abracadabra,abracadabra-spell,2025-10,31.3934,31.3934,0,0,3440644,defillama-protocol (token units)
cdp,Abracadabra,abracadabra-spell,2025-11,32.0165,32.0165,0,0,2867940,defillama-protocol (token units)
cdp,Abracadabra,abracadabra-spell,2025-12,32.3575,32.3575,0,0,2829006,defillama-protocol (token units)
cdp,Abracadabra,abracadabra-spell,2026-01,33.7875,33.7875,0,0,2664996,defillama-protocol (token units)
cdp,Abracadabra,abracadabra-spell,2026-02,35.2487,35.2487,0,0,2355755,defillama-protocol (token units)
cdp,Abracadabra,abracadabra-spell,2026-03,25.8466,25.8466,0,0,1758531,defillama-protocol (token units)
cdp,Abracadabra,abracadabra-spell,2026-04,25.2861,25.2861,0,0,1924241,defillama-protocol (token units)
cdp,Abracadabra,abracadabra-spell,2026-05,25.2088,25.2088,0,0,1855806,defillama-protocol (token units)
cdp,Abracadabra,abracadabra-spell,2026-06,21.543,21.543,0,0,1250356,defillama-protocol (token units)
cdp,Abracadabra,abracadabra-spell,2026-07,21.3339,21.3339,0,0,1343036,defillama-protocol (token units)
cdp,Abracadabra,abracadabra-spell,2026-08,21.0897,21.0897,0,0,1656509,defillama-protocol (token units)
cdp,Abracadabra,abracadabra-spell,2026-09,21.0675,21.0675,0,0,1710665,defillama-protocol (token units)
cdp,Inverse FiRM,inverse-finance-firm,2024-09,60.8595,60.8595,0,0,3846139,defillama-protocol (token units)
cdp,Inverse FiRM,inverse-finance-firm,2024-10,73.4688,73.4688,0,0,5156656,defillama-protocol (token units)
cdp,Inverse FiRM,inverse-finance-firm,2024-11,8.3935,8.3935,0,0,808048,defillama-protocol (token units)
cdp,Inverse FiRM,inverse-finance-firm,2024-12,8.3935,8.3935,0,0,783669,defillama-protocol (token units)
cdp,Inverse FiRM,inverse-finance-firm,2025-01,8.3945,8.3945,0,0,859908,defillama-protocol (token units)
cdp,Inverse FiRM,inverse-finance-firm,2025-02,7.5766,7.5766,0,0,637460,defillama-protocol (token units)
cdp,Inverse FiRM,inverse-finance-firm,2025-03,1.8947,1.8947,0,0,156399,defillama-protocol (token units)
cdp,Inverse FiRM,inverse-finance-firm,2025-04,7.4717,7.4717,0,0,702878,defillama-protocol (token units)
cdp,Inverse FiRM,inverse-finance-firm,2025-05,7.0891,7.0891,0,0,742595,defillama-protocol (token units)
cdp,Inverse FiRM,inverse-finance-firm,2025-06,7.0891,7.0891,0,0,758456,defillama-protocol (token units)
cdp,Inverse FiRM,inverse-finance-firm,2025-07,7.0891,7.0891,0,0,819769,defillama-protocol (token units)
cdp,Inverse FiRM,inverse-finance-firm,2025-08,7.0891,7.0891,0,0,768071,defillama-protocol (token units)
cdp,Inverse FiRM,inverse-finance-firm,2025-09,9.4653,9.4653,0,0,1081557,defillama-protocol (token units)
cdp,Inverse FiRM,inverse-finance-firm,2025-10,9.4653,9.4653,0,0,1036557,defillama-protocol (token units)
cdp,Inverse FiRM,inverse-finance-firm,2025-11,9.1844,9.1844,0,0,829410,defillama-protocol (token units)
cdp,Inverse FiRM,inverse-finance-firm,2025-12,8.7269,8.7269,0,0,761985,defillama-protocol (token units)
cdp,Inverse FiRM,inverse-finance-firm,2026-01,9.4298,9.4298,0,0,745059,defillama-protocol (token units)
cdp,Inverse FiRM,inverse-finance-firm,2026-02,8.0648,8.0648,0,0,535837,defillama-protocol (token units)
cdp,Inverse FiRM,inverse-finance-firm,2026-03,8.2211,8.2211,0,0,559396,defillama-protocol (token units)
cdp,Inverse FiRM,inverse-finance-firm,2026-04,8.7142,8.7142,0,0,664827,defillama-protocol (token units)
cdp,Inverse FiRM,inverse-finance-firm,2026-05,9.9491,9.9491,0,0,732362,defillama-protocol (token units)
cdp,Inverse FiRM,inverse-finance-firm,2026-06,10.8092,10.8092,0,0,629643,defillama-protocol (token units)
cdp,Inverse FiRM,inverse-finance-firm,2026-07,9.8966,9.8966,0,0,622856,defillama-protocol (token units)
cdp,Inverse FiRM,inverse-finance-firm,2026-08,9.3369,9.3369,0,0,733545,defillama-protocol (token units)
cdp,Inverse FiRM,inverse-finance-firm,2026-09,9.0668,9.0668,0,0,736315,defillama-protocol (token units)
cdp,Angle,angle,2024-09,54.1701,54.1701,0,0,3443782,defillama-protocol (token units)
cdp,Angle,angle,2024-10,50.7578,50.7578,0,0,3562708,defillama-protocol (token units)
cdp,Angle,angle,2024-11,31.8673,31.8673,0,0,3070867,defillama-protocol (token units)
cdp,Angle,angle,2024-12,27.9013,27.9013,0,0,2599878,defillama-protocol (token units)
cdp,Angle,angle,2025-01,34.205,34.205,0,0,3494271,defillama-protocol (token units)
cdp,Angle,angle,2025-02,23.973,23.973,0,0,2020767,defillama-protocol (token units)
cdp,Angle,angle,2025-03,21.9779,21.9779,0,0,1809698,defillama-protocol (token units)
cdp,Angle,angle,2025-04,23.0856,23.0856,0,0,2174320,defillama-protocol (token units)
cdp,Angle,angle,2025-05,22.7029,22.7029,0,0,2369447,defillama-protocol (token units)
cdp,Angle,angle,2025-06,22.0092,22.0092,0,0,2359552,defillama-protocol (token units)
cdp,Angle,angle,2025-07,21.7748,21.7748,0,0,2516789,defillama-protocol (token units)
cdp,Angle,angle,2025-08,21.6181,21.6181,0,0,2341401,defillama-protocol (token units)
cdp,Angle,angle,2025-09,18.7347,18.7347,0,0,2140632,defillama-protocol (token units)
cdp,Angle,angle,2025-10,16.7097,16.7097,0,0,1831260,defillama-protocol (token units)
cdp,Angle,angle,2025-11,15.1868,15.1868,0,0,1357824,defillama-protocol (token units)
cdp,Angle,angle,2025-12,14.7055,14.7055,0,0,1283911,defillama-protocol (token units)
cdp,Angle,angle,2026-01,13.279,13.279,0,0,1048872,defillama-protocol (token units)
cdp,Angle,angle,2026-02,11.303,11.303,0,0,750703,defillama-protocol (token units)
cdp,Angle,angle,2026-03,7.0956,7.0956,0,0,482656,defillama-protocol (token units)
cdp,Angle,angle,2026-04,6.5934,6.5934,0,0,502441,defillama-protocol (token units)
cdp,Angle,angle,2026-05,5.8889,5.8889,0,0,432529,defillama-protocol (token units)
cdp,Angle,angle,2026-06,5.8819,5.8819,0,0,340657,defillama-protocol (token units)
cdp,Angle,angle,2026-07,5.751,5.751,0,0,362050,defillama-protocol (token units)
cdp,Angle,angle,2026-08,5.751,5.751,0,0,451897,defillama-protocol (token units)
cdp,Angle,angle,2026-09,5.751,5.751,0,0,467365,defillama-protocol (token units)
cdp,Bucket v2,bucket-protocol-v2,2024-09,0,0,0,0,0,defillama-protocol (token units)
cdp,Bucket v2,bucket-protocol-v2,2024-10,0,0,0,0,0,defillama-protocol (token units)
cdp,Bucket v2,bucket-protocol-v2,2024-11,0,0,0,0,0,defillama-protocol (token units)
cdp,Bucket v2,bucket-protocol-v2,2024-12,0,0,0,0,0,defillama-protocol (token units)
cdp,Bucket v2,bucket-protocol-v2,2025-01,0,0,0,0,0,defillama-protocol (token units)
cdp,Bucket v2,bucket-protocol-v2,2025-02,0,0,0,0,0,defillama-protocol (token units)
cdp,Bucket v2,bucket-protocol-v2,2025-03,0,0,0,0,0,defillama-protocol (token units)
cdp,Bucket v2,bucket-protocol-v2,2025-04,0,0,0,0,0,defillama-protocol (token units)
cdp,Bucket v2,bucket-protocol-v2,2025-05,0,0,0,0,0,defillama-protocol (token units)
cdp,Bucket v2,bucket-protocol-v2,2025-06,0,0,0,0,0,defillama-protocol (token units)
cdp,Bucket v2,bucket-protocol-v2,2025-07,0,0,0,0,0,defillama-protocol (token units)
cdp,Bucket v2,bucket-protocol-v2,2025-08,0,0,0,0,0,defillama-protocol (token units)
cdp,Bucket v2,bucket-protocol-v2,2025-09,67.2406,67.2406,0,0,7669392,defillama-protocol (token units)
cdp,Bucket v2,bucket-protocol-v2,2025-10,68.5921,68.5921,0,0,7497838,defillama-protocol (token units)
cdp,Bucket v2,bucket-protocol-v2,2025-11,45.9311,45.9311,0,0,4135790,defillama-protocol (token units)
cdp,Bucket v2,bucket-protocol-v2,2025-12,32.8087,32.8087,0,0,2870785,defillama-protocol (token units)
cdp,Bucket v2,bucket-protocol-v2,2026-01,18.575,18.575,0,0,1465108,defillama-protocol (token units)
cdp,Bucket v2,bucket-protocol-v2,2026-02,4.3789,4.3789,0,0,292245,defillama-protocol (token units)
cdp,Bucket v2,bucket-protocol-v2,2026-03,4.9648,4.9648,0,0,338244,defillama-protocol (token units)
cdp,Bucket v2,bucket-protocol-v2,2026-04,5.8519,5.8519,0,0,446999,defillama-protocol (token units)
cdp,Bucket v2,bucket-protocol-v2,2026-05,5.5552,5.5552,0,0,408744,defillama-protocol (token units)
cdp,Bucket v2,bucket-protocol-v2,2026-06,6.0822,6.0822,0,0,356914,defillama-protocol (token units)
cdp,Bucket v2,bucket-protocol-v2,2026-07,5.654,5.654,0,0,356186,defillama-protocol (token units)
cdp,Bucket v2,bucket-protocol-v2,2026-08,5.6549,5.6549,0,0,444058,defillama-protocol (token units)
cdp,Bucket v2,bucket-protocol-v2,2026-09,5.6549,5.6549,0,0,459416,defillama-protocol (token units)
cdp,Beraborrow,beraborrow,2024-09,0,0,0,0,0,defillama-protocol (token units)
cdp,Beraborrow,beraborrow,2024-10,0,0,0,0,0,defillama-protocol (token units)
cdp,Beraborrow,beraborrow,2024-11,0,0,0,0,0,defillama-protocol (token units)
cdp,Beraborrow,beraborrow,2024-12,0,0,0,0,0,defillama-protocol (token units)
cdp,Beraborrow,beraborrow,2025-01,0,0,0,0,0,defillama-protocol (token units)
cdp,Beraborrow,beraborrow,2025-02,2016.6148,492.0089,1524.6059,0,167457066,defillama-protocol (token units)
cdp,Beraborrow,beraborrow,2025-03,2016.7162,492.1103,1524.6059,0,165276697,defillama-protocol (token units)
cdp,Beraborrow,beraborrow,2025-04,2056.2805,531.6746,1524.6059,0,193430327,defillama-protocol (token units)
cdp,Beraborrow,beraborrow,2025-05,1857.1436,409.7639,1447.3797,0,194520458,defillama-protocol (token units)
cdp,Beraborrow,beraborrow,2025-06,488.6666,11.9383,476.7283,0,50922978,defillama-protocol (token units)
cdp,Beraborrow,beraborrow,2025-07,487.0207,10.146,476.8747,0,55838768,defillama-protocol (token units)
cdp,Beraborrow,beraborrow,2025-08,483.8775,6.7573,477.1202,0,52540798,defillama-protocol (token units)
cdp,Beraborrow,beraborrow,2025-09,484.5362,6.4203,478.1159,0,54954347,defillama-protocol (token units)
cdp,Beraborrow,beraborrow,2025-10,485.2327,6.4405,478.7921,0,52838985,defillama-protocol (token units)
cdp,Beraborrow,beraborrow,2025-11,483.8395,5.459,478.3805,0,43498444,defillama-protocol (token units)
cdp,Beraborrow,beraborrow,2025-12,481.0167,5.459,475.5577,0,41763307,defillama-protocol (token units)
cdp,Beraborrow,beraborrow,2026-01,5.4886,5.4483,0.0403,0,429843,defillama-protocol (token units)
cdp,Beraborrow,beraborrow,2026-02,475.6374,0.061,475.5765,0,31597022,defillama-protocol (token units)
cdp,Beraborrow,beraborrow,2026-03,0.176,0.0605,0.1154,0,11875,defillama-protocol (token units)
cdp,Beraborrow,beraborrow,2026-04,0.1759,0.0605,0.1154,0,13405,defillama-protocol (token units)
cdp,Beraborrow,beraborrow,2026-05,0.1733,0.0578,0.1154,0,12705,defillama-protocol (token units)
cdp,Beraborrow,beraborrow,2026-06,0.1749,0.0595,0.1154,0,10237,defillama-protocol (token units)
cdp,Beraborrow,beraborrow,2026-07,0.1749,0.0595,0.1154,0,10845,defillama-protocol (token units)
cdp,Beraborrow,beraborrow,2026-08,0.1746,0.0595,0.1152,0,13625,defillama-protocol (token units)
cdp,Beraborrow,beraborrow,2026-09,0.1746,0.0595,0.1152,0,14104,defillama-protocol (token units)
cdp,bitSmiley,bitsmiley,2024-09,312.6241,312.6241,0,0,19863200,defillama-protocol (token units)
cdp,bitSmiley,bitsmiley,2024-10,304.7251,304.7251,0,0,21406328,defillama-protocol (token units)
cdp,bitSmiley,bitsmiley,2024-11,302.7495,302.7495,0,0,29122076,defillama-protocol (token units)
cdp,bitSmiley,bitsmiley,2024-12,302.6222,302.6222,0,0,28202267,defillama-protocol (token units)
cdp,bitSmiley,bitsmiley,2025-01,302.1832,302.1832,0,0,30952321,defillama-protocol (token units)
cdp,bitSmiley,bitsmiley,2025-02,301.8968,301.8968,0,0,25430582,defillama-protocol (token units)
cdp,bitSmiley,bitsmiley,2025-03,201.8703,201.8703,0,0,16647032,defillama-protocol (token units)
cdp,bitSmiley,bitsmiley,2025-04,101.7791,101.7791,0,0,9586166,defillama-protocol (token units)
cdp,bitSmiley,bitsmiley,2025-05,101.5891,101.5891,0,0,10606105,defillama-protocol (token units)
cdp,bitSmiley,bitsmiley,2025-06,101.5885,101.5885,0,0,10888255,defillama-protocol (token units)
cdp,bitSmiley,bitsmiley,2025-07,6.4752,6.4752,0,0,748157,defillama-protocol (token units)
cdp,bitSmiley,bitsmiley,2025-08,6.3696,6.3696,0,0,689913,defillama-protocol (token units)
cdp,bitSmiley,bitsmiley,2025-09,5.2896,5.2896,0,0,604845,defillama-protocol (token units)
cdp,bitSmiley,bitsmiley,2025-10,5.2394,5.2394,0,0,574329,defillama-protocol (token units)
cdp,bitSmiley,bitsmiley,2025-11,5.129,5.129,0,0,456651,defillama-protocol (token units)
cdp,bitSmiley,bitsmiley,2025-12,5.129,5.129,0,0,447692,defillama-protocol (token units)
cdp,bitSmiley,bitsmiley,2026-01,5.129,5.129,0,0,405097,defillama-protocol (token units)
cdp,bitSmiley,bitsmiley,2026-02,5.1286,5.1286,0,0,341600,defillama-protocol (token units)
cdp,bitSmiley,bitsmiley,2026-03,5.1286,5.1286,0,0,348610,defillama-protocol (token units)
cdp,bitSmiley,bitsmiley,2026-04,0.1286,0.1286,0,0,9817,defillama-protocol (token units)
cdp,bitSmiley,bitsmiley,2026-05,0.1286,0.1286,0,0,9461,defillama-protocol (token units)
cdp,bitSmiley,bitsmiley,2026-06,0.1286,0.1286,0,0,7587,defillama-protocol (token units)
cdp,bitSmiley,bitsmiley,2026-07,0.1286,0.1286,0,0,8098,defillama-protocol (token units)
cdp,bitSmiley,bitsmiley,2026-08,0.1286,0.1286,0,0,10103,defillama-protocol (token units)
cdp,bitSmiley,bitsmiley,2026-09,0.1286,0.1286,0,0,10456,defillama-protocol (token units)
cdp,Nerite,nerite,2024-09,0,0,0,0,0,defillama-protocol (token units)
cdp,Nerite,nerite,2024-10,0,0,0,0,0,defillama-protocol (token units)
cdp,Nerite,nerite,2024-11,0,0,0,0,0,defillama-protocol (token units)
cdp,Nerite,nerite,2024-12,0,0,0,0,0,defillama-protocol (token units)
cdp,Nerite,nerite,2025-01,0,0,0,0,0,defillama-protocol (token units)
cdp,Nerite,nerite,2025-02,0,0,0,0,0,defillama-protocol (token units)
cdp,Nerite,nerite,2025-03,0,0,0,0,0,defillama-protocol (token units)
cdp,Nerite,nerite,2025-04,0,0,0,0,0,defillama-protocol (token units)
cdp,Nerite,nerite,2025-05,0,0,0,0,0,defillama-protocol (token units)
cdp,Nerite,nerite,2025-06,0,0,0,0,0,defillama-protocol (token units)
cdp,Nerite,nerite,2025-07,26.4399,26.4399,0,0,3056449,defillama-protocol (token units)
cdp,Nerite,nerite,2025-08,28.8124,28.8124,0,0,3112629,defillama-protocol (token units)
cdp,Nerite,nerite,2025-09,30.0753,30.0753,0,0,3429247,defillama-protocol (token units)
cdp,Nerite,nerite,2025-10,29.7398,29.7398,0,0,3248219,defillama-protocol (token units)
cdp,Nerite,nerite,2025-11,28.7111,28.7111,0,0,2559956,defillama-protocol (token units)
cdp,Nerite,nerite,2025-12,29.3022,29.3022,0,0,2564851,defillama-protocol (token units)
cdp,Nerite,nerite,2026-01,29.7664,29.7664,0,0,2363937,defillama-protocol (token units)
cdp,Nerite,nerite,2026-02,30.0663,30.0663,0,0,2009950,defillama-protocol (token units)
cdp,Nerite,nerite,2026-03,29.6442,29.6442,0,0,2017534,defillama-protocol (token units)
cdp,Nerite,nerite,2026-04,1.6913,1.6913,0,0,129287,defillama-protocol (token units)
cdp,Nerite,nerite,2026-05,1.4154,1.4154,0,0,104180,defillama-protocol (token units)
cdp,Nerite,nerite,2026-06,0.1609,0.1609,0,0,9443,defillama-protocol (token units)
cdp,Nerite,nerite,2026-07,0.0573,0.0573,0,0,3606,defillama-protocol (token units)
cdp,Nerite,nerite,2026-08,0.0395,0.0395,0,0,3106,defillama-protocol (token units)
cdp,Nerite,nerite,2026-09,0.0264,0.0264,0,0,2142,defillama-protocol (token units)
cdp,Bitzap yUSD,bitzap-yusd,2024-09,0,0,0,0,0,defillama-protocol (token units)
cdp,Bitzap yUSD,bitzap-yusd,2024-10,0,0,0,0,0,defillama-protocol (token units)
cdp,Bitzap yUSD,bitzap-yusd,2024-11,0,0,0,0,0,defillama-protocol (token units)
cdp,Bitzap yUSD,bitzap-yusd,2024-12,0,0,0,0,0,defillama-protocol (token units)
cdp,Bitzap yUSD,bitzap-yusd,2025-01,0,0,0,0,0,defillama-protocol (token units)
cdp,Bitzap yUSD,bitzap-yusd,2025-02,0,0,0,0,0,defillama-protocol (token units)
cdp,Bitzap yUSD,bitzap-yusd,2025-03,0,0,0,0,0,defillama-protocol (token units)
cdp,Bitzap yUSD,bitzap-yusd,2025-04,638.2006,638.2006,0,0,60027872,defillama-protocol (token units)
cdp,Bitzap yUSD,bitzap-yusd,2025-05,638.2007,638.2007,0,0,66629430,defillama-protocol (token units)
cdp,Bitzap yUSD,bitzap-yusd,2025-06,638.2007,638.2007,0,0,68387673,defillama-protocol (token units)
cdp,Bitzap yUSD,bitzap-yusd,2025-07,638.2007,638.2007,0,0,73738985,defillama-protocol (token units)
cdp,Bitzap yUSD,bitzap-yusd,2025-08,638.2007,638.2007,0,0,69129262,defillama-protocol (token units)
cdp,Bitzap yUSD,bitzap-yusd,2025-09,40.0006,40.0006,0,0,4569429,defillama-protocol (token units)
cdp,Bitzap yUSD,bitzap-yusd,2025-10,40.0006,40.0006,0,0,4383705,defillama-protocol (token units)
cdp,Bitzap yUSD,bitzap-yusd,2025-11,40.0006,40.0006,0,0,3489145,defillama-protocol (token units)
cdp,Bitzap yUSD,bitzap-yusd,2025-12,0.0006,0.0006,0,0,53,defillama-protocol (token units)
cdp,Bitzap yUSD,bitzap-yusd,2026-01,0.0006,0.0006,0,0,47,defillama-protocol (token units)
cdp,Bitzap yUSD,bitzap-yusd,2026-02,0.0006,0.0006,0,0,40,defillama-protocol (token units)
cdp,Bitzap yUSD,bitzap-yusd,2026-03,0.0006,0.0006,0,0,41,defillama-protocol (token units)
cdp,Bitzap yUSD,bitzap-yusd,2026-04,0.0006,0.0006,0,0,46,defillama-protocol (token units)
cdp,Bitzap yUSD,bitzap-yusd,2026-05,0.0006,0.0006,0,0,44,defillama-protocol (token units)
cdp,Bitzap yUSD,bitzap-yusd,2026-06,0.0006,0.0006,0,0,35,defillama-protocol (token units)
cdp,Bitzap yUSD,bitzap-yusd,2026-07,0.0006,0.0006,0,0,38,defillama-protocol (token units)
cdp,Bitzap yUSD,bitzap-yusd,2026-08,0.0006,0.0006,0,0,47,defillama-protocol (token units)
cdp,Bitzap yUSD,bitzap-yusd,2026-09,0.0006,0.0006,0,0,49,defillama-protocol (token units)
cdp,Avalon USDa CDP,avalon-usda,2024-09,0,0,0,0,0,defillama-protocol (token units)
cdp,Avalon USDa CDP,avalon-usda,2024-10,360.0018,360.0018,0,0,25573449,defillama-protocol (token units)
cdp,Avalon USDa CDP,avalon-usda,2024-11,4956.6,4956.6,0,0,476973618,defillama-protocol (token units)
cdp,Avalon USDa CDP,avalon-usda,2024-12,4956.6018,4956.6018,0,0,463521574,defillama-protocol (token units)
cdp,Avalon USDa CDP,avalon-usda,2025-01,5107.8691,5107.8691,0,0,524465783,defillama-protocol (token units)
cdp,Avalon USDa CDP,avalon-usda,2025-02,5156.6016,5156.6016,0,0,432778102,defillama-protocol (token units)
cdp,Avalon USDa CDP,avalon-usda,2025-03,5711.6016,5711.6016,0,0,469110974,defillama-protocol (token units)
cdp,Avalon USDa CDP,avalon-usda,2025-04,5600.6016,5600.6016,0,0,527643878,defillama-protocol (token units)
cdp,Avalon USDa CDP,avalon-usda,2025-05,5600.6016,5600.6016,0,0,585232767,defillama-protocol (token units)
cdp,Avalon USDa CDP,avalon-usda,2025-06,5156.6016,5156.6016,0,0,553210533,defillama-protocol (token units)
cdp,Avalon USDa CDP,avalon-usda,2025-07,5156.6017,5156.6017,0,0,595024468,defillama-protocol (token units)
cdp,Avalon USDa CDP,avalon-usda,2025-08,5407.6017,5407.6017,0,0,586381580,defillama-protocol (token units)
cdp,Avalon USDa CDP,avalon-usda,2025-09,5407.6016,5407.6016,0,0,611556481,defillama-protocol (token units)
cdp,Avalon USDa CDP,avalon-usda,2025-10,5407.6016,5407.6016,0,0,590710857,defillama-protocol (token units)
cdp,Avalon USDa CDP,avalon-usda,2025-11,5407.6016,5407.6016,0,0,488251534,defillama-protocol (token units)
cdp,Avalon USDa CDP,avalon-usda,2025-12,5407.6016,5407.6016,0,0,476707337,defillama-protocol (token units)
cdp,Avalon USDa CDP,avalon-usda,2026-01,5407.6016,5407.6016,0,0,428299706,defillama-protocol (token units)
cdp,Avalon USDa CDP,avalon-usda,2026-02,5407.6016,5407.6016,0,0,366695102,defillama-protocol (token units)
cdp,Avalon USDa CDP,avalon-usda,2026-03,5407.6016,5407.6016,0,0,370388017,defillama-protocol (token units)
cdp,Avalon USDa CDP,avalon-usda,2026-04,5407.6016,5407.6016,0,0,412166756,defillama-protocol (token units)
cdp,Avalon USDa CDP,avalon-usda,2026-05,5407.6016,5407.6016,0,0,396344044,defillama-protocol (token units)
cdp,Avalon USDa CDP,avalon-usda,2026-06,3251.6016,3251.6016,0,0,190147101,defillama-protocol (token units)
cdp,Avalon USDa CDP,avalon-usda,2026-07,0,0,0,0,0,defillama-protocol (token units)
cdp,Avalon USDa CDP,avalon-usda,2026-08,0,0,0,0,0,defillama-protocol (token units)
cdp,Avalon USDa CDP,avalon-usda,2026-09,0,0,0,0,0,defillama-protocol (token units)
cdp,BitU,bitu-protocol,2024-09,250.9022,250.9022,0,0,15985482,defillama-protocol (token units)
cdp,BitU,bitu-protocol,2024-10,250.9022,250.9022,0,0,17640434,defillama-protocol (token units)
cdp,BitU,bitu-protocol,2024-11,250.9022,250.9022,0,0,24236653,defillama-protocol (token units)
cdp,BitU,bitu-protocol,2024-12,250.9022,250.9022,0,0,23429501,defillama-protocol (token units)
cdp,BitU,bitu-protocol,2025-01,250.9022,250.9022,0,0,25625146,defillama-protocol (token units)
cdp,BitU,bitu-protocol,2025-02,250.9022,250.9022,0,0,21147545,defillama-protocol (token units)
cdp,BitU,bitu-protocol,2025-03,250.9022,250.9022,0,0,20742840,defillama-protocol (token units)
cdp,BitU,bitu-protocol,2025-04,250.9022,250.9022,0,0,23660833,defillama-protocol (token units)
cdp,BitU,bitu-protocol,2025-05,250.9022,250.9022,0,0,26270718,defillama-protocol (token units)
cdp,BitU,bitu-protocol,2025-06,250.8922,250.8922,0,0,26878839,defillama-protocol (token units)
cdp,BitU,bitu-protocol,2025-07,250.8922,250.8922,0,0,29158948,defillama-protocol (token units)
cdp,BitU,bitu-protocol,2025-08,250.8922,250.8922,0,0,27165860,defillama-protocol (token units)
cdp,BitU,bitu-protocol,2025-09,250.8922,250.8922,0,0,28580641,defillama-protocol (token units)
cdp,BitU,bitu-protocol,2025-10,250.8922,250.8922,0,0,27470087,defillama-protocol (token units)
cdp,BitU,bitu-protocol,2025-11,250.8922,250.8922,0,0,21942025,defillama-protocol (token units)
cdp,BitU,bitu-protocol,2025-12,250.8922,250.8922,0,0,21991960,defillama-protocol (token units)
cdp,BitU,bitu-protocol,2026-01,250.8922,250.8922,0,0,19780808,defillama-protocol (token units)
cdp,BitU,bitu-protocol,2026-02,250.8922,250.8922,0,0,16761233,defillama-protocol (token units)
cdp,BitU,bitu-protocol,2026-03,250.8922,250.8922,0,0,17118377,defillama-protocol (token units)
cdp,BitU,bitu-protocol,2026-04,250.8922,250.8922,0,0,19171913,defillama-protocol (token units)
cdp,BitU,bitu-protocol,2026-05,250.8922,250.8922,0,0,18463038,defillama-protocol (token units)
cdp,BitU,bitu-protocol,2026-06,0,0,0,0,0,defillama-protocol (token units)
cdp,BitU,bitu-protocol,2026-07,0,0,0,0,0,defillama-protocol (token units)
cdp,BitU,bitu-protocol,2026-08,0,0,0,0,0,defillama-protocol (token units)
cdp,BitU,bitu-protocol,2026-09,0,0,0,0,0,defillama-protocol (token units)
venue,Templar,templar-protocol,2024-09,0,0,0,0,0,defillama-protocol (token units)
venue,Templar,templar-protocol,2024-10,0,0,0,0,0,defillama-protocol (token units)
venue,Templar,templar-protocol,2024-11,0,0,0,0,0,defillama-protocol (token units)
venue,Templar,templar-protocol,2024-12,0,0,0,0,0,defillama-protocol (token units)
venue,Templar,templar-protocol,2025-01,0,0,0,0,0,defillama-protocol (token units)
venue,Templar,templar-protocol,2025-02,0,0,0,0,0,defillama-protocol (token units)
venue,Templar,templar-protocol,2025-03,0,0,0,0,0,defillama-protocol (token units)
venue,Templar,templar-protocol,2025-04,0,0,0,0,0,defillama-protocol (token units)
venue,Templar,templar-protocol,2025-05,0,0,0,0,0,defillama-protocol (token units)
venue,Templar,templar-protocol,2025-06,0,0,0,0,0,defillama-protocol (token units)
venue,Templar,templar-protocol,2025-07,0,0,0,0,0,defillama-protocol (token units)
venue,Templar,templar-protocol,2025-08,0.0031,0.0031,0,0,337,defillama-protocol (token units)
venue,Templar,templar-protocol,2025-09,4.5333,4.5333,0,0,518146,defillama-protocol (token units)
venue,Templar,templar-protocol,2025-10,30.4018,30.4018,0,0,3325489,defillama-protocol (token units)
venue,Templar,templar-protocol,2025-11,66.4273,66.4273,0,0,5915296,defillama-protocol (token units)
venue,Templar,templar-protocol,2025-12,66.4275,66.4275,0,0,5816084,defillama-protocol (token units)
venue,Templar,templar-protocol,2026-01,67.4274,67.4274,0,0,5334088,defillama-protocol (token units)
venue,Templar,templar-protocol,2026-02,134.4236,134.4236,0,0,8957089,defillama-protocol (token units)
venue,Templar,templar-protocol,2026-03,167.4757,167.4757,0,0,11407226,defillama-protocol (token units)
venue,Templar,templar-protocol,2026-04,160.4957,160.4957,0,0,12259080,defillama-protocol (token units)
venue,Templar,templar-protocol,2026-05,182.1404,182.1404,0,0,13409988,defillama-protocol (token units)
venue,Templar,templar-protocol,2026-06,230.0919,230.0919,0,0,13466108,defillama-protocol (token units)
venue,Templar,templar-protocol,2026-07,218.7415,218.7415,0,0,13835943,defillama-protocol (token units)
venue,Templar,templar-protocol,2026-08,181.1456,181.1456,0,0,14233545,defillama-protocol (token units)
venue,Templar,templar-protocol,2026-09,201.1456,201.1456,0,0,16355051,defillama-protocol (token units)
venue,Vesu,vesu,2024-09,3.6579,3.6579,0,0.534,232413,defillama-protocol (token units)
venue,Vesu,vesu,2024-10,4.1889,4.1889,0,1.9779,294324,defillama-protocol (token units)
venue,Vesu,vesu,2024-11,5.5775,5.5775,0,0.2268,537231,defillama-protocol (token units)
venue,Vesu,vesu,2024-12,5.5813,5.5813,0,0.2789,520359,defillama-protocol (token units)
venue,Vesu,vesu,2025-01,4.4931,4.4931,0,0.2156,458941,defillama-protocol (token units)
venue,Vesu,vesu,2025-02,1.0104,1.0104,0,0.0627,85107,defillama-protocol (token units)
venue,Vesu,vesu,2025-03,1.2156,1.2156,0,0.0627,100113,defillama-protocol (token units)
venue,Vesu,vesu,2025-04,12.784,12.784,0,0.2032,1210468,defillama-protocol (token units)
venue,Vesu,vesu,2025-05,17.5374,17.5374,0,0.2063,1842270,defillama-protocol (token units)
venue,Vesu,vesu,2025-06,23.8161,23.8161,0,0.2217,2553686,defillama-protocol (token units)
venue,Vesu,vesu,2025-07,26.0711,26.0711,0,0.8056,3011945,defillama-protocol (token units)
venue,Vesu,vesu,2025-08,34.0738,34.0738,0,0.6382,3698028,defillama-protocol (token units)
venue,Vesu,vesu,2025-09,32.6521,32.6521,0,6.4402,3716066,defillama-protocol (token units)
venue,Vesu,vesu,2025-10,55.7719,55.7719,0,21.3829,6105295,defillama-protocol (token units)
venue,Vesu,vesu,2025-11,74.7995,74.7995,0,21.9369,6750536,defillama-protocol (token units)
venue,Vesu,vesu,2025-12,143.8508,143.8508,0,20.3432,12584524,defillama-protocol (token units)
venue,Vesu,vesu,2026-01,129.3454,129.3454,0,27.372,10156496,defillama-protocol (token units)
venue,Vesu,vesu,2026-02,125.7432,125.7432,0,28.5282,8394747,defillama-protocol (token units)
venue,Vesu,vesu,2026-03,113.5722,113.5722,0,24.3911,7729887,defillama-protocol (token units)
venue,Vesu,vesu,2026-04,123.4635,123.4635,0,20.7811,9383181,defillama-protocol (token units)
venue,Vesu,vesu,2026-05,111.1003,111.1003,0,17.9934,8163690,defillama-protocol (token units)
venue,Vesu,vesu,2026-06,115.1339,115.1339,0,12.3129,6733082,defillama-protocol (token units)
venue,Vesu,vesu,2026-07,101.3912,101.3912,0,11.893,6382423,defillama-protocol (token units)
venue,Vesu,vesu,2026-08,87.6255,87.6255,0,11.0065,6889041,defillama-protocol (token units)
venue,Vesu,vesu,2026-09,82.8352,82.8352,0,6.5919,6726411,defillama-protocol (token units)
venue,Echo Lending,echo-lending,2024-09,0,0,0,0,0,defillama-protocol (token units)
venue,Echo Lending,echo-lending,2024-10,2003.3314,2003.3314,0,350.1557,139511999,defillama-protocol (token units)
venue,Echo Lending,echo-lending,2024-11,2421.9085,2421.9085,0,103.8543,226051252,defillama-protocol (token units)
venue,Echo Lending,echo-lending,2024-12,2413.1587,2413.1587,0,89.5157,224973957,defillama-protocol (token units)
venue,Echo Lending,echo-lending,2025-01,2413.0993,2413.0993,0,89.4841,240793532,defillama-protocol (token units)
venue,Echo Lending,echo-lending,2025-02,2412.2125,2412.2125,0,63.1559,205682120,defillama-protocol (token units)
venue,Echo Lending,echo-lending,2025-03,2416.8497,2416.8497,0,57.7819,199145997,defillama-protocol (token units)
venue,Echo Lending,echo-lending,2025-04,2396.0419,2396.0419,0,102.6369,225932374,defillama-protocol (token units)
venue,Echo Lending,echo-lending,2025-05,2436.7683,2436.7683,0,79.0714,253994107,defillama-protocol (token units)
venue,Echo Lending,echo-lending,2025-06,2589.2535,2589.2535,0,77.6106,279274290,defillama-protocol (token units)
venue,Echo Lending,echo-lending,2025-07,2373.714,2373.714,0,74.5591,273589529,defillama-protocol (token units)
venue,Echo Lending,echo-lending,2025-08,2215.6569,2215.6569,0,7.1049,241267312,defillama-protocol (token units)
venue,Echo Lending,echo-lending,2025-09,2215.5381,2215.5381,0,4.6286,252872654,defillama-protocol (token units)
venue,Echo Lending,echo-lending,2025-10,2216.9888,2216.9888,0,2.0278,242683478,defillama-protocol (token units)
venue,Echo Lending,echo-lending,2025-11,2296.4901,2296.4901,0,0.0624,207393778,defillama-protocol (token units)
venue,Echo Lending,echo-lending,2025-12,2000.8062,2000.8062,0,0.1281,173399085,defillama-protocol (token units)
venue,Echo Lending,echo-lending,2026-01,1950.6553,1950.6553,0,0.5146,152314711,defillama-protocol (token units)
venue,Echo Lending,echo-lending,2026-02,1947.9896,1947.9896,0,0.7834,127949095,defillama-protocol (token units)
venue,Echo Lending,echo-lending,2026-03,1946.9097,1946.9097,0,0.8222,118711647,defillama-protocol (token units)
venue,Echo Lending,echo-lending,2026-04,1945.9848,1945.9848,0,0.7243,141611216,defillama-protocol (token units)
venue,Echo Lending,echo-lending,2026-05,1946.0016,1946.0016,0,0.6845,122406281,defillama-protocol (token units)
venue,Echo Lending,echo-lending,2026-06,883.3976,883.3976,0,0.0158,44048335,defillama-protocol (token units)
venue,Echo Lending,echo-lending,2026-07,72.9339,72.9339,0,0.0082,4266085,defillama-protocol (token units)
venue,Echo Lending,echo-lending,2026-08,72.8484,72.8484,0,0.0063,4690809,defillama-protocol (token units)
venue,Echo Lending,echo-lending,2026-09,72.8498,72.8498,0,0.0006,5672764,defillama-protocol (token units)
venue,Chainflip Lending,chainflip-lending,2024-09,0,0,0,0,0,defillama-protocol (token units)
venue,Chainflip Lending,chainflip-lending,2024-10,0,0,0,0,0,defillama-protocol (token units)
venue,Chainflip Lending,chainflip-lending,2024-11,0,0,0,0,0,defillama-protocol (token units)
venue,Chainflip Lending,chainflip-lending,2024-12,0,0,0,0,0,defillama-protocol (token units)
venue,Chainflip Lending,chainflip-lending,2025-01,0,0,0,0,0,defillama-protocol (token units)
venue,Chainflip Lending,chainflip-lending,2025-02,0,0,0,0,0,defillama-protocol (token units)
venue,Chainflip Lending,chainflip-lending,2025-03,0,0,0,0,0,defillama-protocol (token units)
venue,Chainflip Lending,chainflip-lending,2025-04,0,0,0,0,0,defillama-protocol (token units)
venue,Chainflip Lending,chainflip-lending,2025-05,0,0,0,0,0,defillama-protocol (token units)
venue,Chainflip Lending,chainflip-lending,2025-06,0,0,0,0,0,defillama-protocol (token units)
venue,Chainflip Lending,chainflip-lending,2025-07,0,0,0,0,0,defillama-protocol (token units)
venue,Chainflip Lending,chainflip-lending,2025-08,0,0,0,0,0,defillama-protocol (token units)
venue,Chainflip Lending,chainflip-lending,2025-09,0,0,0,0,0,defillama-protocol (token units)
venue,Chainflip Lending,chainflip-lending,2025-10,0,0,0,0,0,defillama-protocol (token units)
venue,Chainflip Lending,chainflip-lending,2025-11,0,0,0,0,0,defillama-protocol (token units)
venue,Chainflip Lending,chainflip-lending,2025-12,0,0,0,0,0,defillama-protocol (token units)
venue,Chainflip Lending,chainflip-lending,2026-01,0,0,0,0,0,defillama-protocol (token units)
venue,Chainflip Lending,chainflip-lending,2026-02,0,0,0,0,0,defillama-protocol (token units)
venue,Chainflip Lending,chainflip-lending,2026-03,7.7877,7.7877,0,0,530967,defillama-protocol (token units)
venue,Chainflip Lending,chainflip-lending,2026-04,9.2203,9.2203,0,0,705148,defillama-protocol (token units)
venue,Chainflip Lending,chainflip-lending,2026-05,10.461,10.461,0,0,771074,defillama-protocol (token units)
venue,Chainflip Lending,chainflip-lending,2026-06,39.6054,39.6054,0,3.2523,2298800,defillama-protocol (token units)
venue,Chainflip Lending,chainflip-lending,2026-07,43.853,43.853,0,3.5789,2758681,defillama-protocol (token units)
venue,Chainflip Lending,chainflip-lending,2026-08,59.0819,59.0819,0,6.3338,4643695,defillama-protocol (token units)
venue,Chainflip Lending,chainflip-lending,2026-09,53.1241,53.1241,0,6.3224,4306787,defillama-protocol (token units)
venue,Granite,granite,2024-09,0,0,0,0,0,defillama-protocol (token units)
venue,Granite,granite,2024-10,0,0,0,0,0,defillama-protocol (token units)
venue,Granite,granite,2024-11,0,0,0,0,0,defillama-protocol (token units)
venue,Granite,granite,2024-12,0,0,0,0,0,defillama-protocol (token units)
venue,Granite,granite,2025-01,0,0,0,0,0,defillama-protocol (token units)
venue,Granite,granite,2025-02,0,0,0,0,0,defillama-protocol (token units)
venue,Granite,granite,2025-03,0,0,0,0,0,defillama-protocol (token units)
venue,Granite,granite,2025-04,0,0,0,0,0,defillama-protocol (token units)
venue,Granite,granite,2025-05,0,0,0,0,0,defillama-protocol (token units)
venue,Granite,granite,2025-06,92.0695,92.0695,0,0,9886977,defillama-protocol (token units)
venue,Granite,granite,2025-07,111.3944,111.3944,0,0,12897800,defillama-protocol (token units)
venue,Granite,granite,2025-08,115.2589,115.2589,0,0,12480816,defillama-protocol (token units)
venue,Granite,granite,2025-09,115.0598,115.0598,0,0,13118196,defillama-protocol (token units)
venue,Granite,granite,2025-10,130.7148,130.7148,0,0,14304505,defillama-protocol (token units)
venue,Granite,granite,2025-11,137.987,137.987,0,0,12289427,defillama-protocol (token units)
venue,Granite,granite,2025-12,178.2178,178.2178,0,0,15605487,defillama-protocol (token units)
venue,Granite,granite,2026-01,149.3375,149.3375,0,0,11787900,defillama-protocol (token units)
venue,Granite,granite,2026-02,192.4763,192.4763,0,0,13063231,defillama-protocol (token units)
venue,Granite,granite,2026-03,178.4845,178.4845,0,0,12182880,defillama-protocol (token units)
venue,Granite,granite,2026-04,136.5851,136.5851,0,0,10449232,defillama-protocol (token units)
venue,Granite,granite,2026-05,138.9623,138.9623,0,0,10262350,defillama-protocol (token units)
venue,Granite,granite,2026-06,140.9268,140.9268,0,0,8179759,defillama-protocol (token units)
venue,Granite,granite,2026-07,59.5376,59.5376,0,0,3744467,defillama-protocol (token units)
venue,Granite,granite,2026-08,39.2593,39.2593,0,0,3091595,defillama-protocol (token units)
venue,Granite,granite,2026-09,38.8006,38.8006,0,0,3148295,defillama-protocol (token units)
venue,Zest v1,zest-v1,2024-09,0,0,0,0,0,defillama-protocol (token units)
venue,Zest v1,zest-v1,2024-10,0,0,0,0,0,defillama-protocol (token units)
venue,Zest v1,zest-v1,2024-11,0,0,0,0,0,defillama-protocol (token units)
venue,Zest v1,zest-v1,2024-12,395.0247,395.0247,0,0,36915058,defillama-protocol (token units)
venue,Zest v1,zest-v1,2025-01,401.8427,401.8427,0,0,41153512,defillama-protocol (token units)
venue,Zest v1,zest-v1,2025-02,473.5934,473.5934,0,0,39945706,defillama-protocol (token units)
venue,Zest v1,zest-v1,2025-03,474.0681,474.0681,0,0,39140961,defillama-protocol (token units)
venue,Zest v1,zest-v1,2025-04,461.8013,461.8013,0,5.0038,43504452,defillama-protocol (token units)
venue,Zest v1,zest-v1,2025-05,541.6387,541.6387,0,5.1858,56699818,defillama-protocol (token units)
venue,Zest v1,zest-v1,2025-06,497.4807,497.4807,0,5.0622,53294112,defillama-protocol (token units)
venue,Zest v1,zest-v1,2025-07,472.2612,472.2612,0,5.0128,54641570,defillama-protocol (token units)
venue,Zest v1,zest-v1,2025-08,532.8962,532.8962,0,5.0437,57672160,defillama-protocol (token units)
venue,Zest v1,zest-v1,2025-09,557.8112,557.8112,0,5.0433,63613343,defillama-protocol (token units)
venue,Zest v1,zest-v1,2025-10,554.9077,554.9077,0,7.2024,60796508,defillama-protocol (token units)
venue,Zest v1,zest-v1,2025-11,589.2909,589.2909,0,5.9741,53267029,defillama-protocol (token units)
venue,Zest v1,zest-v1,2025-12,672.5852,672.5852,0,5.7695,58861445,defillama-protocol (token units)
venue,Zest v1,zest-v1,2026-01,705.0734,705.0734,0,5.7015,55438800,defillama-protocol (token units)
venue,Zest v1,zest-v1,2026-02,146.3618,146.3618,0,3.2722,9805459,defillama-protocol (token units)
venue,Zest v1,zest-v1,2026-03,49.3253,49.3253,0,3.1906,3366813,defillama-protocol (token units)
venue,Zest v1,zest-v1,2026-04,32.5065,32.5065,0,0.0409,2487630,defillama-protocol (token units)
venue,Zest v1,zest-v1,2026-05,26.3753,26.3753,0,0.0409,1947814,defillama-protocol (token units)
venue,Zest v1,zest-v1,2026-06,22.7018,22.7018,0,0.0046,1317669,defillama-protocol (token units)
venue,Zest v1,zest-v1,2026-07,21.9363,21.9363,0,0.0043,1379627,defillama-protocol (token units)
venue,Zest v1,zest-v1,2026-08,18.3221,18.3221,0,0.0043,1442826,defillama-protocol (token units)
venue,Zest v1,zest-v1,2026-09,17.8714,17.8714,0,0.0043,1452067,defillama-protocol (token units)
venue,Liquidium,liquidium,2024-09,0,0,0,0,0,defillama-protocol (token units)
venue,Liquidium,liquidium,2024-10,0,0,0,0,0,defillama-protocol (token units)
venue,Liquidium,liquidium,2024-11,0,0,0,0,0,defillama-protocol (token units)
venue,Liquidium,liquidium,2024-12,0,0,0,0,0,defillama-protocol (token units)
venue,Liquidium,liquidium,2025-01,0,0,0,0,0,defillama-protocol (token units)
venue,Liquidium,liquidium,2025-02,0,0,0,0,0,defillama-protocol (token units)
venue,Liquidium,liquidium,2025-03,0,0,0,0,0,defillama-protocol (token units)
venue,Liquidium,liquidium,2025-04,0,0,0,0,0,defillama-protocol (token units)
venue,Liquidium,liquidium,2025-05,0,0,0,0,0,defillama-protocol (token units)
venue,Liquidium,liquidium,2025-06,0,0,0,0,0,defillama-protocol (token units)
venue,Liquidium,liquidium,2025-07,0,0,0,0,0,defillama-protocol (token units)
venue,Liquidium,liquidium,2025-08,0,0,0,0,0,defillama-protocol (token units)
venue,Liquidium,liquidium,2025-09,0,0,0,0,0,defillama-protocol (token units)
venue,Liquidium,liquidium,2025-10,0,0,0,0,0,defillama-protocol (token units)
venue,Liquidium,liquidium,2025-11,0,0,0,0,0,defillama-protocol (token units)
venue,Liquidium,liquidium,2025-12,0,0,0,0,0,defillama-protocol (token units)
venue,Liquidium,liquidium,2026-01,0,0,0,0,0,defillama-protocol (token units)
venue,Liquidium,liquidium,2026-02,0.7998,0.7998,0,0.001,53368,defillama-protocol (token units)
venue,Liquidium,liquidium,2026-03,2.9723,2.9723,0,0.0012,202537,defillama-protocol (token units)
venue,Liquidium,liquidium,2026-04,5.18,5.18,0,0.0008,395873,defillama-protocol (token units)
venue,Liquidium,liquidium,2026-05,7.316,7.316,0,0.0008,538689,defillama-protocol (token units)
venue,Liquidium,liquidium,2026-06,12.4427,12.4427,0,0.0008,722245,defillama-protocol (token units)
venue,Liquidium,liquidium,2026-07,16.0172,16.0172,0,0.0008,1007343,defillama-protocol (token units)
venue,Liquidium,liquidium,2026-08,14.7778,14.7778,0,0.8,1160798,defillama-protocol (token units)
venue,Liquidium,liquidium,2026-09,15.5937,15.5937,0,0.8019,1266761,defillama-protocol (token units)
venue,Surge Credit,surge-credit,2024-09,0,0,0,0,0,defillama-protocol (token units)
venue,Surge Credit,surge-credit,2024-10,0,0,0,0,0,defillama-protocol (token units)
venue,Surge Credit,surge-credit,2024-11,0,0,0,0,0,defillama-protocol (token units)
venue,Surge Credit,surge-credit,2024-12,0,0,0,0,0,defillama-protocol (token units)
venue,Surge Credit,surge-credit,2025-01,0,0,0,0,0,defillama-protocol (token units)
venue,Surge Credit,surge-credit,2025-02,0,0,0,0,0,defillama-protocol (token units)
venue,Surge Credit,surge-credit,2025-03,0,0,0,0,0,defillama-protocol (token units)
venue,Surge Credit,surge-credit,2025-04,0,0,0,0,0,defillama-protocol (token units)
venue,Surge Credit,surge-credit,2025-05,0,0,0,0,0,defillama-protocol (token units)
venue,Surge Credit,surge-credit,2025-06,0,0,0,0,0,defillama-protocol (token units)
venue,Surge Credit,surge-credit,2025-07,0,0,0,0,0,defillama-protocol (token units)
venue,Surge Credit,surge-credit,2025-08,0,0,0,0,0,defillama-protocol (token units)
venue,Surge Credit,surge-credit,2025-09,0,0,0,0,0,defillama-protocol (token units)
venue,Surge Credit,surge-credit,2025-10,0,0,0,0,0,defillama-protocol (token units)
venue,Surge Credit,surge-credit,2025-11,0,0,0,0,0,defillama-protocol (token units)
venue,Surge Credit,surge-credit,2025-12,0,0,0,0,0,defillama-protocol (token units)
venue,Surge Credit,surge-credit,2026-01,0,0,0,0,0,defillama-protocol (token units)
venue,Surge Credit,surge-credit,2026-02,0,0,0,0,0,defillama-protocol (token units)
venue,Surge Credit,surge-credit,2026-03,0,0,0,0,0,defillama-protocol (token units)
venue,Surge Credit,surge-credit,2026-04,0,0,0,0,0,defillama-protocol (token units)
venue,Surge Credit,surge-credit,2026-05,0,0,0,0,0,defillama-protocol (token units)
venue,Surge Credit,surge-credit,2026-06,0,0,0,0,0,defillama-protocol (token units)
venue,Surge Credit,surge-credit,2026-07,11.552,11.552,0,0,726524,defillama-protocol (token units)
venue,Surge Credit,surge-credit,2026-08,14.9254,14.9254,0,0,1175121,defillama-protocol (token units)
venue,Surge Credit,surge-credit,2026-09,15.8796,15.8796,0,0,1289229,defillama-protocol (token units)
curator,Hyperithm (curated cbBTC vaults),hyperithm,2024-09,0,0,0,0,0,defillama-protocol (token units)
curator,Hyperithm (curated cbBTC vaults),hyperithm,2024-10,0,0,0,0,0,defillama-protocol (token units)
curator,Hyperithm (curated cbBTC vaults),hyperithm,2024-11,0,0,0,0,0,defillama-protocol (token units)
curator,Hyperithm (curated cbBTC vaults),hyperithm,2024-12,0,0,0,0,0,defillama-protocol (token units)
curator,Hyperithm (curated cbBTC vaults),hyperithm,2025-01,0,0,0,0,0,defillama-protocol (token units)
curator,Hyperithm (curated cbBTC vaults),hyperithm,2025-02,0,0,0,0,0,defillama-protocol (token units)
curator,Hyperithm (curated cbBTC vaults),hyperithm,2025-03,0,0,0,0,0,defillama-protocol (token units)
curator,Hyperithm (curated cbBTC vaults),hyperithm,2025-04,0,0,0,0,0,defillama-protocol (token units)
curator,Hyperithm (curated cbBTC vaults),hyperithm,2025-05,0,0,0,0,0,defillama-protocol (token units)
curator,Hyperithm (curated cbBTC vaults),hyperithm,2025-06,0,0,0,0,0,defillama-protocol (token units)
curator,Hyperithm (curated cbBTC vaults),hyperithm,2025-07,0,0,0,0,0,defillama-protocol (token units)
curator,Hyperithm (curated cbBTC vaults),hyperithm,2025-08,0,0,0,0,0,defillama-protocol (token units)
curator,Hyperithm (curated cbBTC vaults),hyperithm,2025-09,0,0,0,0,0,defillama-protocol (token units)
curator,Hyperithm (curated cbBTC vaults),hyperithm,2025-10,0,0,0,0,0,defillama-protocol (token units)
curator,Hyperithm (curated cbBTC vaults),hyperithm,2025-11,0.0003,0.0003,0,0,29,defillama-protocol (token units)
curator,Hyperithm (curated cbBTC vaults),hyperithm,2025-12,76.5139,76.5139,0,0,6702910,defillama-protocol (token units)
curator,Hyperithm (curated cbBTC vaults),hyperithm,2026-01,73.6599,73.6599,0,0,5831203,defillama-protocol (token units)
curator,Hyperithm (curated cbBTC vaults),hyperithm,2026-02,78.3595,78.3595,0,0,5235111,defillama-protocol (token units)
curator,Hyperithm (curated cbBTC vaults),hyperithm,2026-03,366.9146,366.9146,0,0,24986081,defillama-protocol (token units)
curator,Hyperithm (curated cbBTC vaults),hyperithm,2026-04,360.2715,360.2715,0,0,27538174,defillama-protocol (token units)
curator,Hyperithm (curated cbBTC vaults),hyperithm,2026-05,120.5447,120.5447,0,0,8877622,defillama-protocol (token units)
curator,Hyperithm (curated cbBTC vaults),hyperithm,2026-06,80.747,80.747,0,0,4684387,defillama-protocol (token units)
curator,Hyperithm (curated cbBTC vaults),hyperithm,2026-07,201.8341,201.8341,0,0,12691349,defillama-protocol (token units)
curator,Hyperithm (curated cbBTC vaults),hyperithm,2026-08,282.2843,272.2638,10.0205,0,22196615,defillama-protocol (token units)
curator,Hyperithm (curated cbBTC vaults),hyperithm,2026-09,761.8655,654.9727,106.8928,0,62128822,defillama-protocol (token units)
curator,Gauntlet,gauntlet,2024-09,581.0687,581.0687,0,0,36721799,defillama-protocol (token units)
curator,Gauntlet,gauntlet,2024-10,599.8147,599.8147,0,0,42087501,defillama-protocol (token units)
curator,Gauntlet,gauntlet,2024-11,702.674,652.5411,50.133,0,67642906,defillama-protocol (token units)
curator,Gauntlet,gauntlet,2024-12,1497.5336,742.037,755.4965,0,139993910,defillama-protocol (token units)
curator,Gauntlet,gauntlet,2025-01,2357.616,942.1972,1415.4187,0,243790650,defillama-protocol (token units)
curator,Gauntlet,gauntlet,2025-02,1391.7227,922.6355,469.0872,0,117187029,defillama-protocol (token units)
curator,Gauntlet,gauntlet,2025-03,1631.6329,900.6936,730.9393,0,134528928,defillama-protocol (token units)
curator,Gauntlet,gauntlet,2025-04,852.0402,686.1929,165.8473,0,80133620,defillama-protocol (token units)
curator,Gauntlet,gauntlet,2025-05,649.3488,490.5474,158.8015,0,67673337,defillama-protocol (token units)
curator,Gauntlet,gauntlet,2025-06,791.1945,727.0005,64.194,0,84661498,defillama-protocol (token units)
curator,Gauntlet,gauntlet,2025-07,723.9929,660.7781,63.2148,0,83691837,defillama-protocol (token units)
curator,Gauntlet,gauntlet,2025-08,1002.5069,965.3475,37.1593,0,108537991,defillama-protocol (token units)
curator,Gauntlet,gauntlet,2025-09,1293.738,1271.2666,22.4714,0,147870020,defillama-protocol (token units)
curator,Gauntlet,gauntlet,2025-10,1583.388,1564.3864,19.0017,0,173532023,defillama-protocol (token units)
curator,Gauntlet,gauntlet,2025-11,1428.5659,1410.8637,17.7022,0,127528148,defillama-protocol (token units)
curator,Gauntlet,gauntlet,2025-12,1136.9925,1120.9962,15.9963,0,99518285,defillama-protocol (token units)
curator,Gauntlet,gauntlet,2026-01,1232.4345,1216.4387,15.9958,0,97332760,defillama-protocol (token units)
curator,Gauntlet,gauntlet,2026-02,1068.6526,1052.2637,16.389,0,70946770,defillama-protocol (token units)
curator,Gauntlet,gauntlet,2026-03,1275.8948,1260.0397,15.8551,0,86906938,defillama-protocol (token units)
curator,Gauntlet,gauntlet,2026-04,798.3442,792.2288,6.1155,0,60886050,defillama-protocol (token units)
curator,Gauntlet,gauntlet,2026-05,833.8987,832.8094,1.0893,0,61373497,defillama-protocol (token units)
curator,Gauntlet,gauntlet,2026-06,352.051,350.9778,1.0731,0,20586151,defillama-protocol (token units)
curator,Gauntlet,gauntlet,2026-07,454.4739,453.4017,1.0722,0,28614653,defillama-protocol (token units)
curator,Gauntlet,gauntlet,2026-08,398.6433,397.571,1.0723,0,31311285,defillama-protocol (token units)
curator,Gauntlet,gauntlet,2026-09,224.0164,222.946,1.0704,0,18213410,defillama-protocol (token units)
curator,Tulipa Capital,tulipa-capital,2024-09,0,0,0,0,0,defillama-protocol (token units)
curator,Tulipa Capital,tulipa-capital,2024-10,0,0,0,0,0,defillama-protocol (token units)
curator,Tulipa Capital,tulipa-capital,2024-11,0,0,0,0,0,defillama-protocol (token units)
curator,Tulipa Capital,tulipa-capital,2024-12,0,0,0,0,0,defillama-protocol (token units)
curator,Tulipa Capital,tulipa-capital,2025-01,0,0,0,0,0,defillama-protocol (token units)
curator,Tulipa Capital,tulipa-capital,2025-02,72.7946,59.7946,13.0,0,6123010,defillama-protocol (token units)
curator,Tulipa Capital,tulipa-capital,2025-03,527.6045,408.7567,118.8478,0,43420819,defillama-protocol (token units)
curator,Tulipa Capital,tulipa-capital,2025-04,833.3076,815.6887,17.6189,0,78402297,defillama-protocol (token units)
curator,Tulipa Capital,tulipa-capital,2025-05,1332.8826,1301.8048,31.0778,0,139587940,defillama-protocol (token units)
curator,Tulipa Capital,tulipa-capital,2025-06,1445.0682,1434.7879,10.2803,0,154868770,defillama-protocol (token units)
curator,Tulipa Capital,tulipa-capital,2025-07,1208.3853,1206.5764,1.8089,0,139642872,defillama-protocol (token units)
curator,Tulipa Capital,tulipa-capital,2025-08,1080.4772,1078.6077,1.8695,0,117012700,defillama-protocol (token units)
curator,Tulipa Capital,tulipa-capital,2025-09,128.1134,126.4081,1.7053,0,14648922,defillama-protocol (token units)
curator,Tulipa Capital,tulipa-capital,2025-10,50.985,49.3017,1.6833,0,5587425,defillama-protocol (token units)
curator,Tulipa Capital,tulipa-capital,2025-11,299.6159,297.9334,1.6824,0,26881874,defillama-protocol (token units)
curator,Tulipa Capital,tulipa-capital,2025-12,223.4028,223.2686,0.1342,0,19544379,defillama-protocol (token units)
curator,Tulipa Capital,tulipa-capital,2026-01,202.1192,201.9818,0.1375,0,15911243,defillama-protocol (token units)
curator,Tulipa Capital,tulipa-capital,2026-02,200.7684,200.628,0.1405,0,13431872,defillama-protocol (token units)
curator,Tulipa Capital,tulipa-capital,2026-03,217.358,217.2141,0.1439,0,14819244,defillama-protocol (token units)
curator,Tulipa Capital,tulipa-capital,2026-04,182.0736,181.9264,0.1472,0,13918785,defillama-protocol (token units)
curator,Tulipa Capital,tulipa-capital,2026-05,181.0031,180.8518,0.1513,0,13331986,defillama-protocol (token units)
curator,Tulipa Capital,tulipa-capital,2026-06,165.9237,165.7683,0.1554,0,9669853,defillama-protocol (token units)
curator,Tulipa Capital,tulipa-capital,2026-07,126.7876,126.6278,0.1598,0,7970041,defillama-protocol (token units)
curator,Tulipa Capital,tulipa-capital,2026-08,125.5141,125.5141,0.0,0,9868328,defillama-protocol (token units)
curator,Tulipa Capital,tulipa-capital,2026-09,125.8148,125.6477,0.1671,0,10219894,defillama-protocol (token units)
curator,9Summits,9summits,2024-09,0,0,0,0,0,defillama-protocol (token units)
curator,9Summits,9summits,2024-10,0,0,0,0,0,defillama-protocol (token units)
curator,9Summits,9summits,2024-11,0,0,0,0,0,defillama-protocol (token units)
curator,9Summits,9summits,2024-12,0,0,0,0,0,defillama-protocol (token units)
curator,9Summits,9summits,2025-01,0,0,0,0,0,defillama-protocol (token units)
curator,9Summits,9summits,2025-02,0,0,0,0,0,defillama-protocol (token units)
curator,9Summits,9summits,2025-03,0,0,0,0,0,defillama-protocol (token units)
curator,9Summits,9summits,2025-04,0,0,0,0,0,defillama-protocol (token units)
curator,9Summits,9summits,2025-05,32.374,32.374,0,0,3392275,defillama-protocol (token units)
curator,9Summits,9summits,2025-06,126.903,126.903,0,0,13617331,defillama-protocol (token units)
curator,9Summits,9summits,2025-07,108.9314,108.9314,0,0,12606744,defillama-protocol (token units)
curator,9Summits,9summits,2025-08,118.2185,118.2185,0,0,12770079,defillama-protocol (token units)
curator,9Summits,9summits,2025-09,0.7731,0.7731,0,0,88276,defillama-protocol (token units)
curator,9Summits,9summits,2025-10,0.3308,0.3308,0,0,36193,defillama-protocol (token units)
curator,9Summits,9summits,2025-11,0.1769,0.1769,0,0,15443,defillama-protocol (token units)
curator,9Summits,9summits,2025-12,0.0814,0.0814,0,0,7152,defillama-protocol (token units)
curator,9Summits,9summits,2026-01,0.0012,0.0012,0,0,93,defillama-protocol (token units)
curator,9Summits,9summits,2026-02,0.0012,0.0012,0,0,79,defillama-protocol (token units)
curator,9Summits,9summits,2026-03,0.0012,0.0012,0,0,80,defillama-protocol (token units)
curator,9Summits,9summits,2026-04,0.0012,0.0012,0,0,90,defillama-protocol (token units)
curator,9Summits,9summits,2026-05,0.0012,0.0012,0,0,87,defillama-protocol (token units)
curator,9Summits,9summits,2026-06,0.0012,0.0012,0,0,70,defillama-protocol (token units)
curator,9Summits,9summits,2026-07,0.0012,0.0012,0,0,74,defillama-protocol (token units)
curator,9Summits,9summits,2026-08,125.0273,125.0273,0,0,9830054,defillama-protocol (token units)
curator,9Summits,9summits,2026-09,125.0826,125.0826,0,0,10160378,defillama-protocol (token units)
curator,Yearn curating,yearn-curating,2024-09,0,0,0,0,0,defillama-protocol (token units)
curator,Yearn curating,yearn-curating,2024-10,0,0,0,0,0,defillama-protocol (token units)
curator,Yearn curating,yearn-curating,2024-11,0,0,0,0,0,defillama-protocol (token units)
curator,Yearn curating,yearn-curating,2024-12,0,0,0,0,0,defillama-protocol (token units)
curator,Yearn curating,yearn-curating,2025-01,0,0,0,0,0,defillama-protocol (token units)
curator,Yearn curating,yearn-curating,2025-02,0,0,0,0,0,defillama-protocol (token units)
curator,Yearn curating,yearn-curating,2025-03,0,0,0,0,0,defillama-protocol (token units)
curator,Yearn curating,yearn-curating,2025-04,0,0,0,0,0,defillama-protocol (token units)
curator,Yearn curating,yearn-curating,2025-05,0,0,0,0,0,defillama-protocol (token units)
curator,Yearn curating,yearn-curating,2025-06,181.9233,181.9233,0,0,19519093,defillama-protocol (token units)
curator,Yearn curating,yearn-curating,2025-07,73.091,73.091,0,0,8444683,defillama-protocol (token units)
curator,Yearn curating,yearn-curating,2025-08,127.642,127.642,0,0,13828735,defillama-protocol (token units)
curator,Yearn curating,yearn-curating,2025-09,170.0919,170.0919,0,0,19445136,defillama-protocol (token units)
curator,Yearn curating,yearn-curating,2025-10,127.0668,127.0668,0,0,13897547,defillama-protocol (token units)
curator,Yearn curating,yearn-curating,2025-11,104.5288,104.5288,0,0,9306492,defillama-protocol (token units)
curator,Yearn curating,yearn-curating,2025-12,89.996,89.996,0,0,7876787,defillama-protocol (token units)
curator,Yearn curating,yearn-curating,2026-01,90.6399,90.6399,0,0,7141307,defillama-protocol (token units)
curator,Yearn curating,yearn-curating,2026-02,72.9994,72.9994,0,0,4871383,defillama-protocol (token units)
curator,Yearn curating,yearn-curating,2026-03,44.5195,44.5195,0,0,3026516,defillama-protocol (token units)
curator,Yearn curating,yearn-curating,2026-04,39.5248,39.5248,0,0,3008735,defillama-protocol (token units)
curator,Yearn curating,yearn-curating,2026-05,84.2163,84.2163,0,0,6184772,defillama-protocol (token units)
curator,Yearn curating,yearn-curating,2026-06,84.1564,84.1564,0,0,4877570,defillama-protocol (token units)
curator,Yearn curating,yearn-curating,2026-07,81.2268,81.2268,0,0,5114240,defillama-protocol (token units)
curator,Yearn curating,yearn-curating,2026-08,81.1943,81.1943,0,0,6377122,defillama-protocol (token units)
curator,Yearn curating,yearn-curating,2026-09,81.1951,81.1951,0,0,6591893,defillama-protocol (token units)
curator,Telos Consilium,telos-consilium,2024-09,0,0,0,0,0,defillama-protocol (token units)
curator,Telos Consilium,telos-consilium,2024-10,0,0,0,0,0,defillama-protocol (token units)
curator,Telos Consilium,telos-consilium,2024-11,0,0,0,0,0,defillama-protocol (token units)
curator,Telos Consilium,telos-consilium,2024-12,0,0,0,0,0,defillama-protocol (token units)
curator,Telos Consilium,telos-consilium,2025-01,0,0,0,0,0,defillama-protocol (token units)
curator,Telos Consilium,telos-consilium,2025-02,0,0,0,0,0,defillama-protocol (token units)
curator,Telos Consilium,telos-consilium,2025-03,0,0,0,0,0,defillama-protocol (token units)
curator,Telos Consilium,telos-consilium,2025-04,0,0,0,0,0,defillama-protocol (token units)
curator,Telos Consilium,telos-consilium,2025-05,0,0,0,0,0,defillama-protocol (token units)
curator,Telos Consilium,telos-consilium,2025-06,0,0,0,0,0,defillama-protocol (token units)
curator,Telos Consilium,telos-consilium,2025-07,0,0,0,0,0,defillama-protocol (token units)
curator,Telos Consilium,telos-consilium,2025-08,0,0,0,0,0,defillama-protocol (token units)
curator,Telos Consilium,telos-consilium,2025-09,0,0,0,0,0,defillama-protocol (token units)
curator,Telos Consilium,telos-consilium,2025-10,80.7101,80.7101,0,0,8845101,defillama-protocol (token units)
curator,Telos Consilium,telos-consilium,2025-11,70.9806,70.9806,0,0,6319596,defillama-protocol (token units)
curator,Telos Consilium,telos-consilium,2025-12,70.9926,70.9926,0,0,6213559,defillama-protocol (token units)
curator,Telos Consilium,telos-consilium,2026-01,71.0046,71.0046,0,0,5608045,defillama-protocol (token units)
curator,Telos Consilium,telos-consilium,2026-02,71.0155,71.0155,0,0,4712276,defillama-protocol (token units)
curator,Telos Consilium,telos-consilium,2026-03,71.0276,71.0276,0,0,4832451,defillama-protocol (token units)
curator,Telos Consilium,telos-consilium,2026-04,71.0392,71.0392,0,0,5417453,defillama-protocol (token units)
curator,Telos Consilium,telos-consilium,2026-05,71.0513,71.0513,0,0,5218098,defillama-protocol (token units)
curator,Telos Consilium,telos-consilium,2026-06,71.0629,71.0629,0,0,4118152,defillama-protocol (token units)
curator,Telos Consilium,telos-consilium,2026-07,71.075,71.075,0,0,4475055,defillama-protocol (token units)
curator,Telos Consilium,telos-consilium,2026-08,71.087,71.087,0,0,5588514,defillama-protocol (token units)
curator,Telos Consilium,telos-consilium,2026-09,71.0944,71.0944,0,0,5772998,defillama-protocol (token units)
curator,UltraYield curator,ultrayield-curator,2024-09,0,0,0,0,0,defillama-protocol (token units)
curator,UltraYield curator,ultrayield-curator,2024-10,0,0,0,0,0,defillama-protocol (token units)
curator,UltraYield curator,ultrayield-curator,2024-11,0,0,0,0,0,defillama-protocol (token units)
curator,UltraYield curator,ultrayield-curator,2024-12,0,0,0,0,0,defillama-protocol (token units)
curator,UltraYield curator,ultrayield-curator,2025-01,0,0,0,0,0,defillama-protocol (token units)
curator,UltraYield curator,ultrayield-curator,2025-02,0,0,0,0,0,defillama-protocol (token units)
curator,UltraYield curator,ultrayield-curator,2025-03,0,0,0,0,0,defillama-protocol (token units)
curator,UltraYield curator,ultrayield-curator,2025-04,0,0,0,0,0,defillama-protocol (token units)
curator,UltraYield curator,ultrayield-curator,2025-05,0,0,0,0,0,defillama-protocol (token units)
curator,UltraYield curator,ultrayield-curator,2025-06,0,0,0,0,0,defillama-protocol (token units)
curator,UltraYield curator,ultrayield-curator,2025-07,0,0,0,0,0,defillama-protocol (token units)
curator,UltraYield curator,ultrayield-curator,2025-08,0,0,0,0,0,defillama-protocol (token units)
curator,UltraYield curator,ultrayield-curator,2025-09,0,0,0,0,0,defillama-protocol (token units)
curator,UltraYield curator,ultrayield-curator,2025-10,208.3593,197.2316,11.1277,0,22815353,defillama-protocol (token units)
curator,UltraYield curator,ultrayield-curator,2025-11,113.82,113.8116,0.0084,0,10017529,defillama-protocol (token units)
curator,UltraYield curator,ultrayield-curator,2025-12,79.5242,79.5234,0.0007,0,6958722,defillama-protocol (token units)
curator,UltraYield curator,ultrayield-curator,2026-01,108.9165,108.9158,0.0007,0,8600438,defillama-protocol (token units)
curator,UltraYield curator,ultrayield-curator,2026-02,113.4879,113.4871,0.0007,0,7597996,defillama-protocol (token units)
curator,UltraYield curator,ultrayield-curator,2026-03,167.9299,167.9291,0.0007,0,11440633,defillama-protocol (token units)
curator,UltraYield curator,ultrayield-curator,2026-04,165.0413,165.0411,0.0003,0,12613321,defillama-protocol (token units)
curator,UltraYield curator,ultrayield-curator,2026-05,57.476,57.4758,0.0003,0,4241272,defillama-protocol (token units)
curator,UltraYield curator,ultrayield-curator,2026-06,54.0691,54.0688,0.0003,0,3138989,defillama-protocol (token units)
curator,UltraYield curator,ultrayield-curator,2026-07,53.2884,53.2882,0.0003,0,3350601,defillama-protocol (token units)
curator,UltraYield curator,ultrayield-curator,2026-08,52.1912,52.1909,0.0003,0,4104572,defillama-protocol (token units)
curator,UltraYield curator,ultrayield-curator,2026-09,54.6535,54.6532,0.0003,0,4438443,defillama-protocol (token units)
curator,Sentora (WBTC vault),sentora-curator,2024-09,0,0,0,0,0,defillama-protocol (token units)
curator,Sentora (WBTC vault),sentora-curator,2024-10,0,0,0,0,0,defillama-protocol (token units)
curator,Sentora (WBTC vault),sentora-curator,2024-11,0,0,0,0,0,defillama-protocol (token units)
curator,Sentora (WBTC vault),sentora-curator,2024-12,0,0,0,0,0,defillama-protocol (token units)
curator,Sentora (WBTC vault),sentora-curator,2025-01,0,0,0,0,0,defillama-protocol (token units)
curator,Sentora (WBTC vault),sentora-curator,2025-02,0,0,0,0,0,defillama-protocol (token units)
curator,Sentora (WBTC vault),sentora-curator,2025-03,0,0,0,0,0,defillama-protocol (token units)
curator,Sentora (WBTC vault),sentora-curator,2025-04,0,0,0,0,0,defillama-protocol (token units)
curator,Sentora (WBTC vault),sentora-curator,2025-05,0,0,0,0,0,defillama-protocol (token units)
curator,Sentora (WBTC vault),sentora-curator,2025-06,0,0,0,0,0,defillama-protocol (token units)
curator,Sentora (WBTC vault),sentora-curator,2025-07,0,0,0,0,0,defillama-protocol (token units)
curator,Sentora (WBTC vault),sentora-curator,2025-08,0,0,0,0,0,defillama-protocol (token units)
curator,Sentora (WBTC vault),sentora-curator,2025-09,0,0,0,0,0,defillama-protocol (token units)
curator,Sentora (WBTC vault),sentora-curator,2025-10,0,0,0,0,0,defillama-protocol (token units)
curator,Sentora (WBTC vault),sentora-curator,2025-11,0,0,0,0,0,defillama-protocol (token units)
curator,Sentora (WBTC vault),sentora-curator,2025-12,0,0,0,0,0,defillama-protocol (token units)
curator,Sentora (WBTC vault),sentora-curator,2026-01,0,0,0,0,0,defillama-protocol (token units)
curator,Sentora (WBTC vault),sentora-curator,2026-02,0,0,0,0,0,defillama-protocol (token units)
curator,Sentora (WBTC vault),sentora-curator,2026-03,318.7803,0.2903,318.49,0,21806984,defillama-protocol (token units)
curator,Sentora (WBTC vault),sentora-curator,2026-04,0,0,0,0,0,defillama-protocol (token units)
curator,Sentora (WBTC vault),sentora-curator,2026-05,0,0,0,0,0,defillama-protocol (token units)
curator,Sentora (WBTC vault),sentora-curator,2026-06,452.3548,452.3548,0,0,26214312,defillama-protocol (token units)
curator,Sentora (WBTC vault),sentora-curator,2026-07,451.7204,451.7204,0,0,28441418,defillama-protocol (token units)
curator,Sentora (WBTC vault),sentora-curator,2026-08,47.331,47.331,0,0,3717448,defillama-protocol (token units)
curator,Sentora (WBTC vault),sentora-curator,2026-09,47.2034,47.2034,0,0,3833002,defillama-protocol (token units)
curator,Gami Labs,gami-labs,2024-09,0,0,0,0,0,defillama-protocol (token units)
curator,Gami Labs,gami-labs,2024-10,0,0,0,0,0,defillama-protocol (token units)
curator,Gami Labs,gami-labs,2024-11,0,0,0,0,0,defillama-protocol (token units)
curator,Gami Labs,gami-labs,2024-12,0,0,0,0,0,defillama-protocol (token units)
curator,Gami Labs,gami-labs,2025-01,0,0,0,0,0,defillama-protocol (token units)
curator,Gami Labs,gami-labs,2025-02,0,0,0,0,0,defillama-protocol (token units)
curator,Gami Labs,gami-labs,2025-03,0,0,0,0,0,defillama-protocol (token units)
curator,Gami Labs,gami-labs,2025-04,0,0,0,0,0,defillama-protocol (token units)
curator,Gami Labs,gami-labs,2025-05,0,0,0,0,0,defillama-protocol (token units)
curator,Gami Labs,gami-labs,2025-06,0,0,0,0,0,defillama-protocol (token units)
curator,Gami Labs,gami-labs,2025-07,0,0,0,0,0,defillama-protocol (token units)
curator,Gami Labs,gami-labs,2025-08,0,0,0,0,0,defillama-protocol (token units)
curator,Gami Labs,gami-labs,2025-09,0,0,0,0,0,defillama-protocol (token units)
curator,Gami Labs,gami-labs,2025-10,0,0,0,0,0,defillama-protocol (token units)
curator,Gami Labs,gami-labs,2025-11,0,0,0,0,0,defillama-protocol (token units)
curator,Gami Labs,gami-labs,2025-12,0,0,0,0,0,defillama-protocol (token units)
curator,Gami Labs,gami-labs,2026-01,0,0,0,0,0,defillama-protocol (token units)
curator,Gami Labs,gami-labs,2026-02,0,0,0,0,0,defillama-protocol (token units)
curator,Gami Labs,gami-labs,2026-03,0,0,0,0,0,defillama-protocol (token units)
curator,Gami Labs,gami-labs,2026-04,0,0,0,0,0,defillama-protocol (token units)
curator,Gami Labs,gami-labs,2026-05,114.2037,114.2037,0,0,8426786,defillama-protocol (token units)
curator,Gami Labs,gami-labs,2026-06,113.7569,113.7569,0,0,6657577,defillama-protocol (token units)
curator,Gami Labs,gami-labs,2026-07,111.0257,111.0257,0,0,7091101,defillama-protocol (token units)
curator,Gami Labs,gami-labs,2026-08,12.407,12.407,0,0,973198,defillama-protocol (token units)
curator,Gami Labs,gami-labs,2026-09,17.3158,17.3158,0,0,1407333,defillama-protocol (token units)
curator,Anthias,anthias-labs,2024-09,0,0,0,0,0,defillama-protocol (token units)
curator,Anthias,anthias-labs,2024-10,0,0,0,0,0,defillama-protocol (token units)
curator,Anthias,anthias-labs,2024-11,0,0,0,0,0,defillama-protocol (token units)
curator,Anthias,anthias-labs,2024-12,0,0,0,0,0,defillama-protocol (token units)
curator,Anthias,anthias-labs,2025-01,0,0,0,0,0,defillama-protocol (token units)
curator,Anthias,anthias-labs,2025-02,0,0,0,0,0,defillama-protocol (token units)
curator,Anthias,anthias-labs,2025-03,0,0,0,0,0,defillama-protocol (token units)
curator,Anthias,anthias-labs,2025-04,0,0,0,0,0,defillama-protocol (token units)
curator,Anthias,anthias-labs,2025-05,0,0,0,0,0,defillama-protocol (token units)
curator,Anthias,anthias-labs,2025-06,0,0,0,0,0,defillama-protocol (token units)
curator,Anthias,anthias-labs,2025-07,0,0,0,0,0,defillama-protocol (token units)
curator,Anthias,anthias-labs,2025-08,0,0,0,0,0,defillama-protocol (token units)
curator,Anthias,anthias-labs,2025-09,0,0,0,0,0,defillama-protocol (token units)
curator,Anthias,anthias-labs,2025-10,0,0,0,0,0,defillama-protocol (token units)
curator,Anthias,anthias-labs,2025-11,0,0,0,0,0,defillama-protocol (token units)
curator,Anthias,anthias-labs,2025-12,0,0,0,0,0,defillama-protocol (token units)
curator,Anthias,anthias-labs,2026-01,0,0,0,0,0,defillama-protocol (token units)
curator,Anthias,anthias-labs,2026-02,0,0,0,0,0,defillama-protocol (token units)
curator,Anthias,anthias-labs,2026-03,0,0,0,0,0,defillama-protocol (token units)
curator,Anthias,anthias-labs,2026-04,0,0,0,0,0,defillama-protocol (token units)
curator,Anthias,anthias-labs,2026-05,17.8575,17.8575,0,0,1315282,defillama-protocol (token units)
curator,Anthias,anthias-labs,2026-06,30.8956,30.8956,0,0,1807564,defillama-protocol (token units)
curator,Anthias,anthias-labs,2026-07,33.142,33.142,0,0,2083416,defillama-protocol (token units)
curator,Anthias,anthias-labs,2026-08,8.5618,8.5618,0,0,673158,defillama-protocol (token units)
curator,Anthias,anthias-labs,2026-09,13.8529,13.8529,0,0,1127185,defillama-protocol (token units)
curator,Block Analitica,block-analitica,2024-09,0,0,0,0,0,defillama-protocol (token units)
curator,Block Analitica,block-analitica,2024-10,0,0,0,0,0,defillama-protocol (token units)
curator,Block Analitica,block-analitica,2024-11,0,0,0,0,0,defillama-protocol (token units)
curator,Block Analitica,block-analitica,2024-12,304.1586,304.1586,0,0,28443697,defillama-protocol (token units)
curator,Block Analitica,block-analitica,2025-01,298.143,298.143,0,0,30560847,defillama-protocol (token units)
curator,Block Analitica,block-analitica,2025-02,191.9639,191.9639,0,0,16185625,defillama-protocol (token units)
curator,Block Analitica,block-analitica,2025-03,201.6662,201.6662,0,0,16646132,defillama-protocol (token units)
curator,Block Analitica,block-analitica,2025-04,162.1702,162.1702,0,0,15266535,defillama-protocol (token units)
curator,Block Analitica,block-analitica,2025-05,163.0317,163.0317,0,0,17083109,defillama-protocol (token units)
curator,Block Analitica,block-analitica,2025-06,114.0608,114.0608,0,0,12249449,defillama-protocol (token units)
curator,Block Analitica,block-analitica,2025-07,184.5237,184.5237,0,0,21361750,defillama-protocol (token units)
curator,Block Analitica,block-analitica,2025-08,205.161,205.161,0,0,22229811,defillama-protocol (token units)
curator,Block Analitica,block-analitica,2025-09,141.0839,141.0839,0,0,16104868,defillama-protocol (token units)
curator,Block Analitica,block-analitica,2025-10,87.9904,87.9904,0,0,9643779,defillama-protocol (token units)
curator,Block Analitica,block-analitica,2025-11,69.8085,69.8085,0,0,6255181,defillama-protocol (token units)
curator,Block Analitica,block-analitica,2025-12,77.167,77.167,0,0,6760120,defillama-protocol (token units)
curator,Block Analitica,block-analitica,2026-01,64.539,64.539,0,0,5080357,defillama-protocol (token units)
curator,Block Analitica,block-analitica,2026-02,47.8624,47.8624,0,0,3197630,defillama-protocol (token units)
curator,Block Analitica,block-analitica,2026-03,58.0014,58.0014,0,0,3955711,defillama-protocol (token units)
curator,Block Analitica,block-analitica,2026-04,30.6208,30.6208,0,0,2340903,defillama-protocol (token units)
curator,Block Analitica,block-analitica,2026-05,17.8575,17.8575,0,0,1315282,defillama-protocol (token units)
curator,Block Analitica,block-analitica,2026-06,30.8956,30.8956,0,0,1807564,defillama-protocol (token units)
curator,Block Analitica,block-analitica,2026-07,33.142,33.142,0,0,2083416,defillama-protocol (token units)
curator,Block Analitica,block-analitica,2026-08,8.5619,8.5619,0,0,673162,defillama-protocol (token units)
curator,Block Analitica,block-analitica,2026-09,13.8529,13.8529,0,0,1124906,defillama-protocol (token units)
curator,DAMM,damm-capital,2024-09,0,0,0,0,0,defillama-protocol (token units)
curator,DAMM,damm-capital,2024-10,0,0,0,0,0,defillama-protocol (token units)
curator,DAMM,damm-capital,2024-11,0,0,0,0,0,defillama-protocol (token units)
curator,DAMM,damm-capital,2024-12,0,0,0,0,0,defillama-protocol (token units)
curator,DAMM,damm-capital,2025-01,0,0,0,0,0,defillama-protocol (token units)
curator,DAMM,damm-capital,2025-02,0,0,0,0,0,defillama-protocol (token units)
curator,DAMM,damm-capital,2025-03,0,0,0,0,0,defillama-protocol (token units)
curator,DAMM,damm-capital,2025-04,0,0,0,0,0,defillama-protocol (token units)
curator,DAMM,damm-capital,2025-05,0,0,0,0,0,defillama-protocol (token units)
curator,DAMM,damm-capital,2025-06,0,0,0,0,0,defillama-protocol (token units)
curator,DAMM,damm-capital,2025-07,0,0,0,0,0,defillama-protocol (token units)
curator,DAMM,damm-capital,2025-08,0,0,0,0,0,defillama-protocol (token units)
curator,DAMM,damm-capital,2025-09,0,0,0,0,0,defillama-protocol (token units)
curator,DAMM,damm-capital,2025-10,0,0,0,0,0,defillama-protocol (token units)
curator,DAMM,damm-capital,2025-11,0,0,0,0,0,defillama-protocol (token units)
curator,DAMM,damm-capital,2025-12,0,0,0,0,0,defillama-protocol (token units)
curator,DAMM,damm-capital,2026-01,0,0,0,0,0,defillama-protocol (token units)
curator,DAMM,damm-capital,2026-02,0,0,0,0,0,defillama-protocol (token units)
curator,DAMM,damm-capital,2026-03,0,0,0,0,0,defillama-protocol (token units)
curator,DAMM,damm-capital,2026-04,0,0,0,0,0,defillama-protocol (token units)
curator,DAMM,damm-capital,2026-05,0,0,0,0,0,defillama-protocol (token units)
curator,DAMM,damm-capital,2026-06,0,0,0,0,0,defillama-protocol (token units)
curator,DAMM,damm-capital,2026-07,0,0,0,0,0,defillama-protocol (token units)
curator,DAMM,damm-capital,2026-08,0,0,0,0,0,defillama-protocol (token units)
curator,DAMM,damm-capital,2026-09,11.3038,11.3038,0,0,919015,defillama-protocol (token units)
curator,Odyssey,odyssey-digital-am,2024-09,0,0,0,0,0,defillama-protocol (token units)
curator,Odyssey,odyssey-digital-am,2024-10,0,0,0,0,0,defillama-protocol (token units)
curator,Odyssey,odyssey-digital-am,2024-11,0,0,0,0,0,defillama-protocol (token units)
curator,Odyssey,odyssey-digital-am,2024-12,0,0,0,0,0,defillama-protocol (token units)
curator,Odyssey,odyssey-digital-am,2025-01,0,0,0,0,0,defillama-protocol (token units)
curator,Odyssey,odyssey-digital-am,2025-02,0,0,0,0,0,defillama-protocol (token units)
curator,Odyssey,odyssey-digital-am,2025-03,0,0,0,0,0,defillama-protocol (token units)
curator,Odyssey,odyssey-digital-am,2025-04,0,0,0,0,0,defillama-protocol (token units)
curator,Odyssey,odyssey-digital-am,2025-05,0,0,0,0,0,defillama-protocol (token units)
curator,Odyssey,odyssey-digital-am,2025-06,0,0,0,0,0,defillama-protocol (token units)
curator,Odyssey,odyssey-digital-am,2025-07,0,0,0,0,0,defillama-protocol (token units)
curator,Odyssey,odyssey-digital-am,2025-08,0,0,0,0,0,defillama-protocol (token units)
curator,Odyssey,odyssey-digital-am,2025-09,0,0,0,0,0,defillama-protocol (token units)
curator,Odyssey,odyssey-digital-am,2025-10,0,0,0,0,0,defillama-protocol (token units)
curator,Odyssey,odyssey-digital-am,2025-11,0,0,0,0,0,defillama-protocol (token units)
curator,Odyssey,odyssey-digital-am,2025-12,0,0,0,0,0,defillama-protocol (token units)
curator,Odyssey,odyssey-digital-am,2026-01,0,0,0,0,0,defillama-protocol (token units)
curator,Odyssey,odyssey-digital-am,2026-02,0,0,0,0,0,defillama-protocol (token units)
curator,Odyssey,odyssey-digital-am,2026-03,0,0,0,0,0,defillama-protocol (token units)
curator,Odyssey,odyssey-digital-am,2026-04,0,0,0,0,0,defillama-protocol (token units)
curator,Odyssey,odyssey-digital-am,2026-05,0,0,0,0,0,defillama-protocol (token units)
curator,Odyssey,odyssey-digital-am,2026-06,0,0,0,0,0,defillama-protocol (token units)
curator,Odyssey,odyssey-digital-am,2026-07,0,0,0,0,0,defillama-protocol (token units)
curator,Odyssey,odyssey-digital-am,2026-08,0,0,0,0,0,defillama-protocol (token units)
curator,Odyssey,odyssey-digital-am,2026-09,8.6181,8.6181,0,0,700852,defillama-protocol (token units)
curator,K3 Capital,k3-capital,2024-09,273.3817,68.6932,204.6885,0,17335142,defillama-protocol (token units)
curator,K3 Capital,k3-capital,2024-10,273.3817,68.6932,204.6885,0,19213087,defillama-protocol (token units)
curator,K3 Capital,k3-capital,2024-11,273.3817,68.6932,204.6885,0,26361553,defillama-protocol (token units)
curator,K3 Capital,k3-capital,2024-12,273.3817,68.6932,204.6885,0,25570599,defillama-protocol (token units)
curator,K3 Capital,k3-capital,2025-01,273.3817,68.6932,204.6885,0,28327635,defillama-protocol (token units)
curator,K3 Capital,k3-capital,2025-02,273.3817,68.6932,204.6885,0,23050440,defillama-protocol (token units)
curator,K3 Capital,k3-capital,2025-03,273.3817,68.6932,204.6885,0,22546665,defillama-protocol (token units)
curator,K3 Capital,k3-capital,2025-04,273.3817,68.6932,204.6885,0,25682769,defillama-protocol (token units)
curator,K3 Capital,k3-capital,2025-05,273.3817,68.6932,204.6885,0,28501514,defillama-protocol (token units)
curator,K3 Capital,k3-capital,2025-06,260.0895,55.2148,204.8747,0,27840750,defillama-protocol (token units)
curator,K3 Capital,k3-capital,2025-07,259.3212,55.2298,204.0914,0,30006002,defillama-protocol (token units)
curator,K3 Capital,k3-capital,2025-08,260.3284,55.5838,204.7446,0,28109535,defillama-protocol (token units)
curator,K3 Capital,k3-capital,2025-09,268.5471,64.2391,204.308,0,30656960,defillama-protocol (token units)
curator,K3 Capital,k3-capital,2025-10,303.9382,101.2816,202.6565,0,33243631,defillama-protocol (token units)
curator,K3 Capital,k3-capital,2025-11,5.6339,4.9805,0.6534,0,508040,defillama-protocol (token units)
curator,K3 Capital,k3-capital,2025-12,5.6197,5.1629,0.4567,0,491709,defillama-protocol (token units)
curator,K3 Capital,k3-capital,2026-01,5.2544,4.7966,0.4577,0,413787,defillama-protocol (token units)
curator,K3 Capital,k3-capital,2026-02,5.0291,4.8775,0.1516,0,336339,defillama-protocol (token units)
curator,K3 Capital,k3-capital,2026-03,4.8225,4.6059,0.2166,0,327562,defillama-protocol (token units)
curator,K3 Capital,k3-capital,2026-04,5.0084,4.7965,0.2119,0,382260,defillama-protocol (token units)
curator,K3 Capital,k3-capital,2026-05,5.6238,5.4476,0.1762,0,414548,defillama-protocol (token units)
curator,K3 Capital,k3-capital,2026-06,5.4487,5.2724,0.1762,0,318860,defillama-protocol (token units)
curator,K3 Capital,k3-capital,2026-07,9.1732,8.997,0.1762,0,577486,defillama-protocol (token units)
curator,K3 Capital,k3-capital,2026-08,8.9384,8.8063,0.1321,0,702252,defillama-protocol (token units)
curator,K3 Capital,k3-capital,2026-09,8.1027,7.9706,0.1321,0,658763,defillama-protocol (token units)
curator,Clearstar,clearstar,2024-09,0,0,0,0,0,defillama-protocol (token units)
curator,Clearstar,clearstar,2024-10,0,0,0,0,0,defillama-protocol (token units)
curator,Clearstar,clearstar,2024-11,0,0,0,0,0,defillama-protocol (token units)
curator,Clearstar,clearstar,2024-12,0,0,0,0,0,defillama-protocol (token units)
curator,Clearstar,clearstar,2025-01,0,0,0,0,0,defillama-protocol (token units)
curator,Clearstar,clearstar,2025-02,0,0,0,0,0,defillama-protocol (token units)
curator,Clearstar,clearstar,2025-03,0,0,0,0,0,defillama-protocol (token units)
curator,Clearstar,clearstar,2025-04,0,0,0,0,0,defillama-protocol (token units)
curator,Clearstar,clearstar,2025-05,0,0,0,0,0,defillama-protocol (token units)
curator,Clearstar,clearstar,2025-06,0,0,0,0,0,defillama-protocol (token units)
curator,Clearstar,clearstar,2025-07,0,0,0,0,0,defillama-protocol (token units)
curator,Clearstar,clearstar,2025-08,0,0,0,0,0,defillama-protocol (token units)
curator,Clearstar,clearstar,2025-09,0,0,0,0,0,defillama-protocol (token units)
curator,Clearstar,clearstar,2025-10,5.2539,5.2539,0,0,577533,defillama-protocol (token units)
curator,Clearstar,clearstar,2025-11,1.1362,1.1362,0,0,102468,defillama-protocol (token units)
curator,Clearstar,clearstar,2025-12,2.2675,2.2675,0,0,200396,defillama-protocol (token units)
curator,Clearstar,clearstar,2026-01,2.6665,2.6665,0,0,215819,defillama-protocol (token units)
curator,Clearstar,clearstar,2026-02,8.5809,8.5809,0,0,582448,defillama-protocol (token units)
curator,Clearstar,clearstar,2026-03,35.2587,35.2587,0,0,2370475,defillama-protocol (token units)
curator,Clearstar,clearstar,2026-04,37.663,37.663,0,0,2867310,defillama-protocol (token units)
curator,Clearstar,clearstar,2026-05,36.2627,36.2627,0,0,2661805,defillama-protocol (token units)
curator,Clearstar,clearstar,2026-06,33.721,33.721,0,0,2239235,defillama-protocol (token units)
curator,Clearstar,clearstar,2026-07,9.2432,9.2432,0,0,581289,defillama-protocol (token units)
curator,Clearstar,clearstar,2026-08,7.9651,7.9651,0,0,626483,defillama-protocol (token units)
curator,Clearstar,clearstar,2026-09,8.0242,8.0242,0,0,652660,defillama-protocol (token units)
curator,AlphaGrowth,alphagrowth,2024-09,0,0,0,0,0,defillama-protocol (token units)
curator,AlphaGrowth,alphagrowth,2024-10,0,0,0,0,0,defillama-protocol (token units)
curator,AlphaGrowth,alphagrowth,2024-11,0,0,0,0,0,defillama-protocol (token units)
curator,AlphaGrowth,alphagrowth,2024-12,0,0,0,0,0,defillama-protocol (token units)
curator,AlphaGrowth,alphagrowth,2025-01,0,0,0,0,0,defillama-protocol (token units)
curator,AlphaGrowth,alphagrowth,2025-02,0,0,0,0,0,defillama-protocol (token units)
curator,AlphaGrowth,alphagrowth,2025-03,0,0,0,0,0,defillama-protocol (token units)
curator,AlphaGrowth,alphagrowth,2025-04,0,0,0,0,0,defillama-protocol (token units)
curator,AlphaGrowth,alphagrowth,2025-05,0,0,0,0,0,defillama-protocol (token units)
curator,AlphaGrowth,alphagrowth,2025-06,0,0,0,0,0,defillama-protocol (token units)
curator,AlphaGrowth,alphagrowth,2025-07,0,0,0,0,0,defillama-protocol (token units)
curator,AlphaGrowth,alphagrowth,2025-08,0,0,0,0,0,defillama-protocol (token units)
curator,AlphaGrowth,alphagrowth,2025-09,0,0,0,0,0,defillama-protocol (token units)
curator,AlphaGrowth,alphagrowth,2025-10,0,0,0,0,0,defillama-protocol (token units)
curator,AlphaGrowth,alphagrowth,2025-11,0,0,0,0,0,defillama-protocol (token units)
curator,AlphaGrowth,alphagrowth,2025-12,0,0,0,0,0,defillama-protocol (token units)
curator,AlphaGrowth,alphagrowth,2026-01,0,0,0,0,0,defillama-protocol (token units)
curator,AlphaGrowth,alphagrowth,2026-02,0,0,0,0,0,defillama-protocol (token units)
curator,AlphaGrowth,alphagrowth,2026-03,0,0,0,0,0,defillama-protocol (token units)
curator,AlphaGrowth,alphagrowth,2026-04,0,0,0,0,0,defillama-protocol (token units)
curator,AlphaGrowth,alphagrowth,2026-05,5.2302,3.7908,1.4394,0,385497,defillama-protocol (token units)
curator,AlphaGrowth,alphagrowth,2026-06,8.0419,6.5308,1.511,0,470683,defillama-protocol (token units)
curator,AlphaGrowth,alphagrowth,2026-07,6.7139,5.3055,1.4085,0,422763,defillama-protocol (token units)
curator,AlphaGrowth,alphagrowth,2026-08,5.4046,3.9973,1.4073,0,425552,defillama-protocol (token units)
curator,AlphaGrowth,alphagrowth,2026-09,5.0235,3.6387,1.3848,0,408863,defillama-protocol (token units)
curator,Steakhouse,steakhouse-financial,2024-09,0,0,0,0,0,defillama-protocol (token units)
curator,Steakhouse,steakhouse-financial,2024-10,0,0,0,0,0,defillama-protocol (token units)
curator,Steakhouse,steakhouse-financial,2024-11,0.0061,0.0061,0,0,591,defillama-protocol (token units)
curator,Steakhouse,steakhouse-financial,2024-12,0.005,0.005,0,0,466,defillama-protocol (token units)
curator,Steakhouse,steakhouse-financial,2025-01,0.0058,0.0058,0,0,591,defillama-protocol (token units)
curator,Steakhouse,steakhouse-financial,2025-02,0.3773,0.3773,0,0,31718,defillama-protocol (token units)
curator,Steakhouse,steakhouse-financial,2025-03,65.7542,65.7542,0,0,5427412,defillama-protocol (token units)
curator,Steakhouse,steakhouse-financial,2025-04,0.7443,0.7443,0,0,70008,defillama-protocol (token units)
curator,Steakhouse,steakhouse-financial,2025-05,0.7611,0.7611,0,0,79463,defillama-protocol (token units)
curator,Steakhouse,steakhouse-financial,2025-06,0.7234,0.7234,0,0,77460,defillama-protocol (token units)
curator,Steakhouse,steakhouse-financial,2025-07,0.7749,0.7749,0,0,89392,defillama-protocol (token units)
curator,Steakhouse,steakhouse-financial,2025-08,0.9767,0.9767,0,0,105789,defillama-protocol (token units)
curator,Steakhouse,steakhouse-financial,2025-09,0.0022,0.0022,0,0,255,defillama-protocol (token units)
curator,Steakhouse,steakhouse-financial,2025-10,0.0022,0.0022,0,0,245,defillama-protocol (token units)
curator,Steakhouse,steakhouse-financial,2025-11,0.0022,0.0022,0,0,199,defillama-protocol (token units)
curator,Steakhouse,steakhouse-financial,2025-12,0.0022,0.0022,0,0,195,defillama-protocol (token units)
curator,Steakhouse,steakhouse-financial,2026-01,0.0022,0.0022,0,0,176,defillama-protocol (token units)
curator,Steakhouse,steakhouse-financial,2026-02,0.0022,0.0022,0,0,148,defillama-protocol (token units)
curator,Steakhouse,steakhouse-financial,2026-03,20.7354,20.7354,0,0,1412059,defillama-protocol (token units)
curator,Steakhouse,steakhouse-financial,2026-04,26.3637,26.3637,0,0,2015146,defillama-protocol (token units)
curator,Steakhouse,steakhouse-financial,2026-05,17.6864,17.6864,0,0,1302678,defillama-protocol (token units)
curator,Steakhouse,steakhouse-financial,2026-06,3.1314,3.1314,0,0,183206,defillama-protocol (token units)
curator,Steakhouse,steakhouse-financial,2026-07,3.1359,3.1359,0,0,197133,defillama-protocol (token units)
curator,Steakhouse,steakhouse-financial,2026-08,3.1394,3.1394,0,0,246829,defillama-protocol (token units)
curator,Steakhouse,steakhouse-financial,2026-09,3.1407,3.1407,0,0,255119,defillama-protocol (token units)
curator,Re7 Labs,re7-labs,2024-09,0,0,0,0,0,defillama-protocol (token units)
curator,Re7 Labs,re7-labs,2024-10,0,0,0,0,0,defillama-protocol (token units)
curator,Re7 Labs,re7-labs,2024-11,0,0,0,0,0,defillama-protocol (token units)
curator,Re7 Labs,re7-labs,2024-12,0,0,0,0,0,defillama-protocol (token units)
curator,Re7 Labs,re7-labs,2025-01,76.4843,76.4843,0,0,7835062,defillama-protocol (token units)
curator,Re7 Labs,re7-labs,2025-02,68.4377,67.1475,1.2902,0,5755322,defillama-protocol (token units)
curator,Re7 Labs,re7-labs,2025-03,100.3592,100.3587,0.0005,0,8270184,defillama-protocol (token units)
curator,Re7 Labs,re7-labs,2025-04,113.9853,63.9839,50.0015,0,10741839,defillama-protocol (token units)
curator,Re7 Labs,re7-labs,2025-05,92.8237,92.823,0.0007,0,9690900,defillama-protocol (token units)
curator,Re7 Labs,re7-labs,2025-06,65.721,65.7203,0.0007,0,7043899,defillama-protocol (token units)
curator,Re7 Labs,re7-labs,2025-07,50.1961,50.1953,0.0008,0,5801933,defillama-protocol (token units)
curator,Re7 Labs,re7-labs,2025-08,61.2372,49.4188,11.8184,0,6630099,defillama-protocol (token units)
curator,Re7 Labs,re7-labs,2025-09,55.8292,48.7263,7.1029,0,6380377,defillama-protocol (token units)
curator,Re7 Labs,re7-labs,2025-10,52.9478,48.1313,4.8166,0,5801472,defillama-protocol (token units)
curator,Re7 Labs,re7-labs,2025-11,23.9855,23.9852,0.0003,0,2141679,defillama-protocol (token units)
curator,Re7 Labs,re7-labs,2025-12,14.7017,14.7014,0.0003,0,1286985,defillama-protocol (token units)
curator,Re7 Labs,re7-labs,2026-01,15.1897,15.1896,0.0001,0,1200822,defillama-protocol (token units)
curator,Re7 Labs,re7-labs,2026-02,9.4339,9.4338,0.0001,0,630411,defillama-protocol (token units)
curator,Re7 Labs,re7-labs,2026-03,10.7916,10.7915,0.0001,0,734513,defillama-protocol (token units)
curator,Re7 Labs,re7-labs,2026-04,4.4147,4.4146,0.0001,0,336903,defillama-protocol (token units)
curator,Re7 Labs,re7-labs,2026-05,2.6813,2.6812,0.0001,0,197421,defillama-protocol (token units)
curator,Re7 Labs,re7-labs,2026-06,2.7437,2.7436,0.0001,0,159667,defillama-protocol (token units)
curator,Re7 Labs,re7-labs,2026-07,1.8981,1.898,0.0001,0,119252,defillama-protocol (token units)
curator,Re7 Labs,re7-labs,2026-08,1.8605,1.8605,0.0,0,146145,defillama-protocol (token units)
curator,Re7 Labs,re7-labs,2026-09,1.9326,1.9325,0.0001,0,157013,defillama-protocol (token units)
curator,MEV Capital,mev-capital,2024-09,0,0,0,0,0,defillama-protocol (token units)
curator,MEV Capital,mev-capital,2024-10,0,0,0,0,0,defillama-protocol (token units)
curator,MEV Capital,mev-capital,2024-11,0,0,0,0,0,defillama-protocol (token units)
curator,MEV Capital,mev-capital,2024-12,0,0,0,0,0,defillama-protocol (token units)
curator,MEV Capital,mev-capital,2025-01,326.3121,326.3121,0,0,33429420,defillama-protocol (token units)
curator,MEV Capital,mev-capital,2025-02,170.2329,169.4088,0.8241,0,14324505,defillama-protocol (token units)
curator,MEV Capital,mev-capital,2025-03,221.278,187.7233,33.5547,0,18242609,defillama-protocol (token units)
curator,MEV Capital,mev-capital,2025-04,270.5807,70.9567,199.624,0,25420251,defillama-protocol (token units)
curator,MEV Capital,mev-capital,2025-05,245.8631,41.1746,204.6885,0,25705338,defillama-protocol (token units)
curator,MEV Capital,mev-capital,2025-06,285.3664,80.4917,204.8747,0,30550971,defillama-protocol (token units)
curator,MEV Capital,mev-capital,2025-07,395.0638,190.9724,204.0914,0,45717012,defillama-protocol (token units)
curator,MEV Capital,mev-capital,2025-08,419.5822,214.8376,204.7446,0,45279917,defillama-protocol (token units)
curator,MEV Capital,mev-capital,2025-09,591.7217,373.0177,218.7041,0,67557384,defillama-protocol (token units)
curator,MEV Capital,mev-capital,2025-10,799.6692,437.8766,361.7926,0,87834837,defillama-protocol (token units)
curator,MEV Capital,mev-capital,2025-11,109.9303,109.2769,0.6534,0,9929545,defillama-protocol (token units)
curator,MEV Capital,mev-capital,2025-12,94.7237,94.267,0.4567,0,8290426,defillama-protocol (token units)
curator,MEV Capital,mev-capital,2026-01,64.8636,64.4059,0.4577,0,5098283,defillama-protocol (token units)
curator,MEV Capital,mev-capital,2026-02,49.0977,48.9461,0.1516,0,3277557,defillama-protocol (token units)
curator,MEV Capital,mev-capital,2026-03,48.4521,48.2356,0.2166,0,3300463,defillama-protocol (token units)
curator,MEV Capital,mev-capital,2026-04,17.1984,16.9865,0.2119,0,1311091,defillama-protocol (token units)
curator,MEV Capital,mev-capital,2026-05,12.4457,12.2695,0.1762,0,914208,defillama-protocol (token units)
curator,MEV Capital,mev-capital,2026-06,10.7065,10.5302,0.1762,0,625415,defillama-protocol (token units)
curator,MEV Capital,mev-capital,2026-07,4.252,4.0758,0.1762,0,267481,defillama-protocol (token units)
curator,MEV Capital,mev-capital,2026-08,2.4698,2.3377,0.1321,0,194377,defillama-protocol (token units)
curator,MEV Capital,mev-capital,2026-09,1.9202,1.7882,0.1321,0,156030,defillama-protocol (token units)
curator,Tau Labs,tau-labs,2024-09,0,0,0,0,0,defillama-protocol (token units)
curator,Tau Labs,tau-labs,2024-10,0,0,0,0,0,defillama-protocol (token units)
curator,Tau Labs,tau-labs,2024-11,0,0,0,0,0,defillama-protocol (token units)
curator,Tau Labs,tau-labs,2024-12,0,0,0,0,0,defillama-protocol (token units)
curator,Tau Labs,tau-labs,2025-01,0,0,0,0,0,defillama-protocol (token units)
curator,Tau Labs,tau-labs,2025-02,0,0,0,0,0,defillama-protocol (token units)
curator,Tau Labs,tau-labs,2025-03,0,0,0,0,0,defillama-protocol (token units)
curator,Tau Labs,tau-labs,2025-04,0,0,0,0,0,defillama-protocol (token units)
curator,Tau Labs,tau-labs,2025-05,0,0,0,0,0,defillama-protocol (token units)
curator,Tau Labs,tau-labs,2025-06,0,0,0,0,0,defillama-protocol (token units)
curator,Tau Labs,tau-labs,2025-07,0,0,0,0,0,defillama-protocol (token units)
curator,Tau Labs,tau-labs,2025-08,0,0,0,0,0,defillama-protocol (token units)
curator,Tau Labs,tau-labs,2025-09,0,0,0,0,0,defillama-protocol (token units)
curator,Tau Labs,tau-labs,2025-10,0,0,0,0,0,defillama-protocol (token units)
curator,Tau Labs,tau-labs,2025-11,0,0,0,0,0,defillama-protocol (token units)
curator,Tau Labs,tau-labs,2025-12,2.0182,2.0182,0,0,176639,defillama-protocol (token units)
curator,Tau Labs,tau-labs,2026-01,7.7706,7.7706,0,0,613735,defillama-protocol (token units)
curator,Tau Labs,tau-labs,2026-02,81.3201,81.3201,0,0,5429537,defillama-protocol (token units)
curator,Tau Labs,tau-labs,2026-03,75.6228,75.6228,0,0,5157032,defillama-protocol (token units)
curator,Tau Labs,tau-labs,2026-04,1.8837,1.8837,0,0,143599,defillama-protocol (token units)
curator,Tau Labs,tau-labs,2026-05,7.3975,7.3975,0,0,544445,defillama-protocol (token units)
curator,Tau Labs,tau-labs,2026-06,1.2722,1.2722,0,0,74097,defillama-protocol (token units)
curator,Tau Labs,tau-labs,2026-07,1.2713,1.2713,0,0,80043,defillama-protocol (token units)
curator,Tau Labs,tau-labs,2026-08,1.0775,1.0775,0,0,84631,defillama-protocol (token units)
curator,Tau Labs,tau-labs,2026-09,1.0771,1.0771,0,0,87566,defillama-protocol (token units)
curator,Apostro,apostro,2024-09,0,0,0,0,0,defillama-protocol (token units)
curator,Apostro,apostro,2024-10,0,0,0,0,0,defillama-protocol (token units)
curator,Apostro,apostro,2024-11,28.3223,25.1219,3.2004,0,2726978,defillama-protocol (token units)
curator,Apostro,apostro,2024-12,43.3457,32.3817,10.964,0,4051227,defillama-protocol (token units)
curator,Apostro,apostro,2025-01,56.6188,19.1463,37.4726,0,5854917,defillama-protocol (token units)
curator,Apostro,apostro,2025-02,28.4983,13.4232,15.0751,0,2400831,defillama-protocol (token units)
curator,Apostro,apostro,2025-03,16.228,12.8238,3.4043,0,1338428,defillama-protocol (token units)
curator,Apostro,apostro,2025-04,9.1212,7.2808,1.8403,0,862305,defillama-protocol (token units)
curator,Apostro,apostro,2025-05,8.0023,6.1625,1.8398,0,840867,defillama-protocol (token units)
curator,Apostro,apostro,2025-06,9.5411,7.7014,1.8398,0,1030057,defillama-protocol (token units)
curator,Apostro,apostro,2025-07,6.3401,5.8368,0.5033,0,739972,defillama-protocol (token units)
curator,Apostro,apostro,2025-08,6.0533,5.55,0.5033,0,662251,defillama-protocol (token units)
curator,Apostro,apostro,2025-09,9.0506,8.5473,0.5033,0,1041878,defillama-protocol (token units)
curator,Apostro,apostro,2025-10,8.0685,7.5652,0.5033,0,891672,defillama-protocol (token units)
curator,Apostro,apostro,2025-11,4.2468,4.2438,0.003,0,378193,defillama-protocol (token units)
curator,Apostro,apostro,2025-12,0.1901,0.1876,0.0025,0,16641,defillama-protocol (token units)
curator,Apostro,apostro,2026-01,0.1577,0.1552,0.0025,0,12364,defillama-protocol (token units)
curator,Apostro,apostro,2026-02,0.1336,0.1311,0.0025,0,8918,defillama-protocol (token units)
curator,Apostro,apostro,2026-03,0.1331,0.1306,0.0025,0,9053,defillama-protocol (token units)
curator,Apostro,apostro,2026-04,0.1328,0.1305,0.0024,0,10137,defillama-protocol (token units)
curator,Apostro,apostro,2026-05,0.0098,0.0079,0.002,0,729,defillama-protocol (token units)
curator,Apostro,apostro,2026-06,0.0067,0.0052,0.0015,0,396,defillama-protocol (token units)
curator,Apostro,apostro,2026-07,0.006,0.0047,0.0013,0,382,defillama-protocol (token units)
curator,Apostro,apostro,2026-08,0.006,0.0047,0.0013,0,477,defillama-protocol (token units)
curator,Apostro,apostro,2026-09,0.006,0.0047,0.0013,0,494,defillama-protocol (token units)
curator,B.Protocol,b.protocol-curator,2024-09,0,0,0,0,0,defillama-protocol (token units)
curator,B.Protocol,b.protocol-curator,2024-10,0,0,0,0,0,defillama-protocol (token units)
curator,B.Protocol,b.protocol-curator,2024-11,14.9151,14.9151,0,0,1438098,defillama-protocol (token units)
curator,B.Protocol,b.protocol-curator,2024-12,322.0982,322.0982,0,0,30121336,defillama-protocol (token units)
curator,B.Protocol,b.protocol-curator,2025-01,313.0895,313.0895,0,0,32092929,defillama-protocol (token units)
curator,B.Protocol,b.protocol-curator,2025-02,206.9111,206.9111,0,0,17445913,defillama-protocol (token units)
curator,B.Protocol,b.protocol-curator,2025-03,202.3026,202.3026,0,0,16698661,defillama-protocol (token units)
curator,B.Protocol,b.protocol-curator,2025-04,162.1753,162.1753,0,0,15267018,defillama-protocol (token units)
curator,B.Protocol,b.protocol-curator,2025-05,163.0368,163.0368,0,0,17019081,defillama-protocol (token units)
curator,B.Protocol,b.protocol-curator,2025-06,114.0658,114.0658,0,0,12239826,defillama-protocol (token units)
curator,B.Protocol,b.protocol-curator,2025-07,184.5288,184.5288,0,0,21362343,defillama-protocol (token units)
curator,B.Protocol,b.protocol-curator,2025-08,205.4974,205.4974,0,0,22230712,defillama-protocol (token units)
curator,B.Protocol,b.protocol-curator,2025-09,141.089,141.089,0,0,16115744,defillama-protocol (token units)
curator,B.Protocol,b.protocol-curator,2025-10,87.995,87.995,0,0,9638337,defillama-protocol (token units)
curator,B.Protocol,b.protocol-curator,2025-11,69.8136,69.8136,0,0,6255640,defillama-protocol (token units)
curator,B.Protocol,b.protocol-curator,2025-12,77.1723,77.1723,0,0,6763583,defillama-protocol (token units)
curator,B.Protocol,b.protocol-curator,2026-01,64.5445,64.5445,0,0,5109589,defillama-protocol (token units)
curator,B.Protocol,b.protocol-curator,2026-02,47.8675,47.8675,0,0,3202529,defillama-protocol (token units)
curator,B.Protocol,b.protocol-curator,2026-03,58.0065,58.0065,0,0,3948816,defillama-protocol (token units)
curator,B.Protocol,b.protocol-curator,2026-04,30.6252,30.6252,0,0,2343669,defillama-protocol (token units)
curator,B.Protocol,b.protocol-curator,2026-05,0,0,0,0,0,defillama-protocol (token units)
curator,B.Protocol,b.protocol-curator,2026-06,0,0,0,0,0,defillama-protocol (token units)
curator,B.Protocol,b.protocol-curator,2026-07,0,0,0,0,0,defillama-protocol (token units)
curator,B.Protocol,b.protocol-curator,2026-08,0,0,0,0,0,defillama-protocol (token units)
curator,B.Protocol,b.protocol-curator,2026-09,0,0,0,0,0,defillama-protocol (token units)
curator,Euler DAO,euler-dao,2024-09,0,0,0,0,0,defillama-protocol (token units)
curator,Euler DAO,euler-dao,2024-10,0,0,0,0,0,defillama-protocol (token units)
curator,Euler DAO,euler-dao,2024-11,260.3472,194.8728,65.4744,0,25079979,defillama-protocol (token units)
curator,Euler DAO,euler-dao,2024-12,324.1304,168.6452,155.4853,0,30308468,defillama-protocol (token units)
curator,Euler DAO,euler-dao,2025-01,442.0092,242.6804,199.3288,0,45562088,defillama-protocol (token units)
curator,Euler DAO,euler-dao,2025-02,812.666,474.758,337.9079,0,68450285,defillama-protocol (token units)
curator,Euler DAO,euler-dao,2025-03,884.5725,457.9673,426.6052,0,72956220,defillama-protocol (token units)
curator,Euler DAO,euler-dao,2025-04,1074.1065,704.9673,369.1392,0,100998326,defillama-protocol (token units)
curator,Euler DAO,euler-dao,2025-05,878.8277,624.4614,254.3663,0,91996843,defillama-protocol (token units)
curator,Euler DAO,euler-dao,2025-06,619.6986,440.8669,178.8316,0,66350523,defillama-protocol (token units)
curator,Euler DAO,euler-dao,2025-07,415.2559,244.4906,170.7652,0,48054382,defillama-protocol (token units)
curator,Euler DAO,euler-dao,2025-08,383.675,212.3765,171.2985,0,41502906,defillama-protocol (token units)
curator,Euler DAO,euler-dao,2025-09,170.3903,108.8165,61.5738,0,19474469,defillama-protocol (token units)
curator,Euler DAO,euler-dao,2025-10,150.8967,100.5205,50.3762,0,16540839,defillama-protocol (token units)
curator,Euler DAO,euler-dao,2025-11,59.2028,42.4464,16.7564,0,5319484,defillama-protocol (token units)
curator,Euler DAO,euler-dao,2025-12,52.7032,39.116,13.5872,0,4618569,defillama-protocol (token units)
curator,Euler DAO,euler-dao,2026-01,56.3671,44.6823,11.6849,0,4459518,defillama-protocol (token units)
curator,Euler DAO,euler-dao,2026-02,41.6043,33.5177,8.0866,0,2763981,defillama-protocol (token units)
curator,Euler DAO,euler-dao,2026-03,47.9232,41.8327,6.0905,0,3265649,defillama-protocol (token units)
curator,Euler DAO,euler-dao,2026-04,25.7149,20.5498,5.1651,0,1962360,defillama-protocol (token units)
curator,Euler DAO,euler-dao,2026-05,0,0,0,0,0,defillama-protocol (token units)
curator,Euler DAO,euler-dao,2026-06,0,0,0,0,0,defillama-protocol (token units)
curator,Euler DAO,euler-dao,2026-07,0,0,0,0,0,defillama-protocol (token units)
curator,Euler DAO,euler-dao,2026-08,0,0,0,0,0,defillama-protocol (token units)
curator,Euler DAO,euler-dao,2026-09,0,0,0,0,0,defillama-protocol (token units)
