source,venue,chain,account,owner_kind,owner_class,product,open_to_depositors,share_holders,eth_backing_dollar_debt,dollar_debt_usd,atlas_counts_as_carry,atlas_row_now,gap_scan_category,evidence
lending split,aave-core,1,0x7ee29373f075ee1d83b1b93b4fe94ae242df5178,Safe 3-of-5,private,Concrete Delta weETH (one principal),no,1,188813.39,105736216,excluded (private),excluded,product vault/strategy wallet,gap scan: Safe holds 100% of shares
venue sweep: maker,Sky/Maker ETH-C,1,0x207da414dfb681efcc61eccc0e9bd5b470e6a7f7,DSProxy,personal,,no,,177908.0,113514899,no,,,per-user smart account
venue sweep: maker,Sky/Maker ETH-A,1,0x001027f46a1c64ce973cf8e9f1a76705102aec7d,DSProxy,personal,,no,,147303.92,126354464,no,,,per-user smart account
lending split,aave-core,1,0x741aa7cfb2c7bf2a1e7d4da2e3df6a56ca4131f3,EOA,wallet,,no,,139904.22,126066659,no,,individual,"Unlabeled EOA (Kraken 4 funded, 2019); one cluster with 0x28a55c4b and its Instadapp DSA 0x3a0dc3fc"
lending split,spark,1,0x5ffcdb28b8cc958afe052947d43cb6af04833c37,EOA,wallet,,no,,137956.73,28100530,no,,individual,"Unlabeled EOA (Binance 17 funded, 2021); 110,725 wstETH"
lending split,spark,1,0x3a0dc3fc4b84e2427ced214c9ce858ea218e97d9,Instadapp DSA,personal,,no,,129865.73,79442389,no,,individual,per-user smart account
lending split,spark,1,0x466a682931825f320f0327f65ed1607939f57501,EOA,wallet,,no,,122729.94,58798086,no,,,no label; no vault counterparty in latest ERC-20 transfers (Ethereum) or registry match
lending split,morpho,1,0x7ee29373f075ee1d83b1b93b4fe94ae242df5178,Safe 3-of-5,private,Concrete Delta weETH (one principal),no,1,118394.69,70365468,excluded (private),excluded,product vault/strategy wallet,gap scan: Safe holds 100% of shares
lending split,aave-core,1,0x28a55c4b4f9615fde3cdaddf6cc01fcf2e38a6b0,EOA,wallet,,no,,115031.84,100938904,no,,individual,Unlabeled EOA; created Instadapp DSA 0x3a0dc3fc; same cluster as 0x741aa7cf
lending split,aave-core,1,0xd848f54280f8fe8661b796e3bb8d8922c87af452,DSProxy,personal,,no,,104182.29,104692681,no,,individual,per-user smart account
lending split,spark,1,0xd848f54280f8fe8661b796e3bb8d8922c87af452,DSProxy,personal,,no,,104182.28,107671044,no,,individual,per-user smart account
lending split,spark,1,0xed0c6079229e2d407672a117c22b62064f4a4312,EOA,wallet,,no,,98742.89,125347025,no,,fund / market maker (unnamed),"Unlabeled EOA (Kraken 4 funded, 2024); high-volume trading wallet"
lending split,aave-core,1,0x99926ab8e1b589500ae87977632f13cf7f70f242,Safe 1-of-1,wallet,,no,,97062.27,114820449,no,,individual,"1-of-1 Safe of EIP-7702 EOA 0x54d25040, whose funding chain ends in a 2015 genesis allocation"
lending split,aave-core,1,0x34780c209d5c575cc1c1ceb57af95d4d2a69ddcf,EOA,wallet,,no,,96295.85,66894340,no,,individual,Unlabeled EOA funded by Binance 14; Binance client
venue sweep: maker,Sky/Maker ETH-C,1,0xe08d6ba1109945322f8c824fb803851f2545ca18,DSProxy,personal,,no,,94128.0,51167053,no,,,per-user smart account
lending split,aave-core,1,0xe84a061897afc2e7ff5fb7e3686717c528617487,Safe 4-of-9,wallet,,no,,70404.79,52223047,no,,fund,4-of-9 Safe; same signers as Safes 0x4093f559 and 0x7f6d23e4; signers funded from a BitGo WalletSimple
lending split,spark,1,0x9cc65c0560acdb03c4e7cef83e02fbe413920f98,EOA,wallet,,no,,66293.32,38680843,no,,individual,"Unlabeled EOA; funding chain via Poloniex 1, shared root with 0xcaf1943c"
lending split,spark,1,0xb99a2c4c1c4f1fc27150681b740396f6ce1cbcf5,EOA,wallet,,no,,57246.1,84923515,no,,fund,Abraxas Capital Management: Heka Funds (Etherscan label); Abraxas Capital Management: Heka Funds
venue sweep: maker,Sky/Maker ETH-A,1,0x87de588d54fdc06a16c54da1f19e611a002a2e15,DSProxy,personal,,no,,54850.0,18660611,no,,,per-user smart account
lending split,spark,1,0x99926ab8e1b589500ae87977632f13cf7f70f242,Safe 1-of-1,wallet,,no,,53047.25,91056939,no,,individual,"1-of-1 Safe of EIP-7702 EOA 0x54d25040, whose funding chain ends in a 2015 genesis allocation"
lending split,aave-core,1,0x0a42b2f3a0d54157dbd7cc346335a4f1909fc02c,contract: BoringDrone,counted,carry:liquid-eth,yes,,49923.34,76588522,yes,carry:liquid-eth,product vault/strategy wallet,listed in carry_lending_snapshot.json
lending split,aave-core,1,0xabbd5b2b0b034781e58434736728b9d0673de7f1,EOA,wallet,,no,,47571.86,65169428,no,,"fund (institutional client, unnamed)",Unlabeled EOA funded by Coinbase 54; Coinbase Prime client
lending split,aave-core,1,0xdc3abf85e090528669cf1b44ef4082b269c21a95,EOA,wallet,,no,,46610.48,63780462,no,,unknown after checks,"Unlabeled EOA (fresh funding chain, 2025)"
lending split,spark,1,0xcaf1943ce973c1de423fe6e9f1a255049e51666e,EOA,wallet,,no,,43381.19,28406770,no,,individual,"Unlabeled EOA; funding chain Poloniex 4 <- Poloniex 1, shared root with 0x9cc65c05"
lending split,morpho,1,0xf0bb20865277abd641a307ece5ee04e79073416c,contract: Ether.Fi Liquid ETH,counted,carry:liquid-eth,yes,,41861.1,66578674,yes,carry:liquid-eth,product vault/strategy wallet,listed in carry_lending_snapshot.json
lending split,aave-core,1,0x2bd72f8fb377337c9cc16da4dd2dd274537ffb82,EOA,wallet,,no,,41428.35,47001121,no,,unknown after checks,Unlabeled EOA funded through THORChain Router v4; dormant
lending split,aave-core,1,0xc3fe8b63ea05e8e27b3f3358d646915d7ed931e4,Safe 1-of-1,wallet,,no,,41361.83,50956871,no,,individual,1-of-1 Safe; owner funded via Bitfinex 3 (same day as 0x34d1231f and 0x2269ce27 owners)
lending split,spark,1,0xb6569cf7c07921438349489ff7cc1e5fa9825514,EOA,wallet,,no,,35570.96,49416364,no,,unknown after checks,"Unlabeled EOA, funded 2026-07 through a chain of fresh wallets"
lending split,aave-core,1,0xe40d278afd00e6187db21ff8c96d572359ef03bf,Safe 2-of-5,wallet,,no,,34702.9,42851153,no,,exchange,2-of-5 Safe linked to CEX.IO: three signers funded by CEX.IO hot wallets; 172.4M stables received from CEX.IO
lending split,aave-core,1,0x34d1231f15da58762a84ead35242896e7fec4ac1,Safe 1-of-1,wallet,,no,,31686.65,38684370,no,,individual,1-of-1 Safe; owner funded via Bitfinex 3; same cluster as 0xc3fe8b63
lending split,spark,1,0x5f39a6fb00b3e4bd7369cb40b22cf7088044136b,Summer.fi DPM,personal,,no,,30956.46,16739520,no,,individual (per-user smart account),per-user smart account
lending split,spark,1,0x28a55c4b4f9615fde3cdaddf6cc01fcf2e38a6b0,EOA,wallet,,no,,29274.4,11255472,no,,individual,Unlabeled EOA; created Instadapp DSA 0x3a0dc3fc; same cluster as 0x741aa7cf
lending split,aave-core,1,0x2269ce2753e2967dd5322a56188c3d24435b3588,Safe 1-of-1,wallet,,no,,28842.9,33840038,no,,individual,1-of-1 Safe; owner funded via Bitfinex 3; same cluster as 0xc3fe8b63
lending split,aave-core,1,0x7f6d23e436099ec78a73c430b16782b0d68585bd,Safe 4-of-7,wallet,,no,,27455.98,23559443,no,,fund,4-of-7 Safe; same signer set as 0x4093f559 and 0xe84a0618
lending split,aave-prime,1,0x96f49d0e9724dfd8780fa667ac37a993f005cb94,Safe 3-of-4,wallet,,no,,26335.57,22769899,no,,unknown after checks,3-of-4 Safe borrowing GHO on Aave Prime; Binance flows
lending split,aave-core,1,0x086eb5c592329213ef2ede5ed2ad5f630ce95197,Safe 1-of-1,wallet,,no,,25975.55,37642967,no,,individual,1-of-1 Safe; owner gas-funded by MetaMask Gas Station
lending split,aave-core,1,0x04b35d8eb17729b2c4a4224d07727e2f71283b73,EOA,wallet,,no,,22909.48,13172029,no,,"individual (unlabeled, after automated checks)",Unlabeled EOA
lending split,aave-core,1,0x181cb55f872450d16ae858d532b4e35e50eaa76d,contract: TransparentUpgradeableProxy,counted,carry:lido-earn,yes,,21871.59,22235943,yes,carry:lido-earn,product vault/strategy wallet,listed in carry_lending_snapshot.json
lending split,spark,1,0x28355886a65848488cf0a3646fca395db0a762b1,EOA,wallet,,no,,21086.27,39580645,no,,individual,Binance 16 funded whale cluster (funder 0x4352cc84; sister wallet 0x1b369725 on Aave v4)
lending split,morpho,1,0xc936e848688c9f035fa0e7a0e4dbcf26a01245f3,contract: LoanManagerOwnable2StepWithShortcut,counted,carry:liquid-eth,yes,,21063.64,34287078,yes,carry:liquid-eth,product vault/strategy wallet,listed in carry_lending_snapshot.json
lending split,aave-core,1,0xa028bef2835cab01d39dc3ff34abc46a2f665bb4,Safe 3-of-6,wallet,,no,,20889.69,23840696,no,,unknown after checks (KuCoin-linked),3-of-6 Safe; signers funded by KuCoin 10 and KuCoin 17; stables to KuCoin deposits
lending split,aave-core,1,0xbf7ea95ab6f509b3b446c4d96a06d68a5c6e35ee,EOA,wallet,,no,,20415.21,14263364,no,,"individual (unlabeled, after automated checks)",Unlabeled EOA; funded by Bitcoin Suisse 3
lending split,spark,1,0xfdd86a96f47015d9c457c841e1d52d06ede16a92,Safe 2-of-3,wallet,,no,,19515.5,27353416,no,,individual,2-of-3 Safe; two signers trace to one 2015 genesis allocation
lending split,aave-core,1,0x989b96317735d70a7762bf96c034b203713aae18,EOA,wallet,,no,,19308.84,20584841,no,,individual,Unlabeled EOA; funding chain includes FTX 2; BTSE-funded counterparty
lending split,spark,1,0x0ea129c1bdb8f8aba308bec6214357988dbc3ff2,EOA,wallet,,no,,18090.05,6227455,no,,"individual (unlabeled, after automated checks)",Unlabeled EOA
venue sweep: dolomite,dolomite DolomiteMargin 0x003Ca23Fd5F0ca87D01F6eC6CD14A8AE60c2b97D,1,0x5be9a4959308a0d0c7bc0870e319314d8d957dbb,Safe,private,Dolomite Safe with WLFI/USD1 book (treasury),no,,17768.95,113659432,no,none,,"Safe 3-of-5; WETH and mETH beside USD1, USDC and 1.99B WLFI collateral; USD1/USDC debt; ETH is 3.5 to 18.5% of collateral value"
lending split,morpho,1,0xa122687285dc5012141055a801045f069112e7c6,EOA,private,rSHARE vault #1 manager (private),no,,17333.55,25422207,excluded (private),excluded,product vault/strategy wallet,gap scan: manager of a private rSHARE WETH vault
venue sweep: liquity,Liquity v1 (LUSD) ETH/LUSD,1,0xdf5b9374ab6b8ff23499214be5b4f942719895e8,DSProxy,personal,,no,,17254.89,7176480,no,,,per-user smart account
lending split,aave-core,1,0x6b9ee75dbffd6b7d5706991ac7e7ae5363b484af,EOA,wallet,,no,,17167.87,14067092,no,,"individual (unlabeled, after automated checks)",Unlabeled EOA
lending split,compound-v3,1,0x6bc241d88994c48f8af241b7f36d07dae902eafc,EOA,wallet,,no,,17124.11,17971717,no,,"individual (unlabeled, after automated checks)",Unlabeled EOA
lending split,fluid,1,0x5bf7883a7551fd03ed8d710ac2d1c86db321caa3,Safe 1-of-1,wallet,,no,,16724.02,22673090,no,,individual,1-of-1 Safe run through DeFi Saver on Fluid ETH vaults
lending split,aave-core,1,0x9332d0ce5d45184515e0ea85bf9f4af09cbf10af,EOA,wallet,,no,,16491.12,9327530,no,,"individual (unlabeled, after automated checks)",Unlabeled EOA
lending split,aave-core,1,0x54b338e6cfd605dad2264b96b0a730fb2bdca9e4,EOA,wallet,,no,,15979.31,18630394,no,,individual,Unlabeled EOA funded by Binance 14
lending split,spark,1,0x160f6ef9fcdde6ff3febc7a57edbfd476a8aab5b,EOA,wallet,,no,,15582.06,20904602,no,,individual,Unlabeled EOA funded by Binance 16
lending split,aave-core,1,0x32896337397b7e43cb19b31a2cdb720a36619d97,EOA,wallet,,no,,15141.59,13067546,no,,"individual (unlabeled, after automated checks)",Unlabeled EOA
lending split,aave-core,1,0x0a0fa2b02ae73bd9eb4c1e086458099eca42476e,EOA,wallet,,no,,15120.5,11365699,no,,individual,Unlabeled EOA funded by Binance 15; mostly WBTC collateral
lending split,aave-core,1,0x51ab7dfcd47283dfbcee6f0a15d25053825f4eaf,EOA,wallet,,no,,15032.49,17234650,no,,"individual (unlabeled, after automated checks)",Unlabeled EOA
venue sweep: maker,Sky/Maker WSTETH-A,1,0xe7fbd00a57f93104f78e51608cb7b23bd9ef7c2b,DSProxy,personal,,no,,13810.34,13618683,no,,,per-user smart account
lending split,spark,1,0xdcbe94c3d101553ac7d40a8515aa18b9534adfcd,Summer.fi DPM,personal,,no,,13729.48,14181222,no,,individual (per-user smart account),per-user smart account
lending split,aave-base,8453,0xd1895f2019c2152fc2b9022d57f19198c4cfcabc,contract: unnamed,private,Private Aave wrapper (owner Safe 0x6b27512a),no,,13619.58,7556664,no,none,,unverified TUP; impl functions supply/borrow/repay/whitelist/minHealth; owner() = Safe; no share token; created 2025-02 by EOA 0x4ff634ef
lending split,spark,1,0x9927190b2dec3c5efa725edb6ec0cc676d12fa77,Safe 2-of-3,wallet,,no,,13236.73,10104096,no,,"individual (unlabeled, after automated checks)",Safe 2-of-3
lending split,spark,1,0xee2826453a4fd5afeb7ceffeef3ffa2320081268,EOA,wallet,,no,,12787.72,22697878,no,,fund / market maker (unnamed),"EOA with Etherscan label ""Fee Recipient: 0xee28...268"" (block builder/validator fee recipient); Fee Recipient: 0xee28...268"
lending split,compound-v3,1,0x4093f559f38c4c87c280d64c85396f649c0d9987,Safe 4-of-8,wallet,,no,,12454.02,39797148,no,,fund,4-of-8 Safe; same signer set as 0xe84a0618 and 0x7f6d23e4 (BitGo-funded signers)
lending split,aave-core,1,0xdb34fbb4e7989c3f8957e9e9b346bf46ee0f0408,Safe 2-of-2,wallet,,no,,12278.5,13563781,no,,"individual (unlabeled, after automated checks)",Safe 2-of-2; signer funded by ShapeShift 2
lending split,aave-core,1,0xffefa70b6deaab975ef15a6474ce9c4214d82b02,EOA,wallet,,no,,12106.12,14694024,no,,"individual (unlabeled, after automated checks)",Unlabeled EOA; funded by OKX 2
lending split,compound-v3,1,0xc67bba436e1613453e202afcd2674edb6c8a4ddd,EIP-7702,wallet,,no,,11652.0,11985422,no,,"individual (unlabeled, after automated checks)",Unlabeled EIP-7702 EOA
lending split,aave-core,1,0x85cb649808e0c701715c9d2f67266fdcfa6c0d6f,EOA,wallet,,no,,11388.71,3763137,no,,"individual (unlabeled, code-type screen only)",Unlabeled EOA
lending split,aave-core,1,0xfcba81c19b20d2f2d7cea6e10647803ede7697c0,EOA,wallet,,no,,11357.67,12409787,no,,"individual (unlabeled, after automated checks)",Unlabeled EOA; funded by Bitfinex 3
lending split,aave-core,1,0xaa2461f0f0a3de5feaf3273eae16def861cf594e,Safe 2-of-3,wallet,,no,,11326.28,6433471,no,,"individual (unlabeled, after automated checks)",Safe 2-of-3
lending split,morpho,1,0x4f87de7d21aef48090958f7342e1f69dff790545,EOA,private,rSHARE vault #2 manager (private),no,,11277.18,16578572,excluded (private),excluded,product vault/strategy wallet,gap scan: manager of a private rSHARE WETH vault
lending split,aave-prime,1,0x1676d23711186076fa74aa53511dda750a1f0d9a,Safe 3-of-6,wallet,,no,,11209.1,10538761,no,,unknown after checks (likely fund),"3-of-6 Safe, largest holder of Liquity ETH Carry"
lending split,aave-core,1,0x3b94e9fa105551b700e4965bf13db3153bb26557,EOA,wallet,,no,,11076.4,9446364,no,,"individual (unlabeled, after automated checks)",Unlabeled EOA; funded by Binance 4
lending split,aave-core,1,0xa32e350c5397b78fe31d8e65d6bfa3d2c58a2ebb,Instadapp DSA,personal,,no,,10916.42,16253945,no,,individual (per-user smart account),per-user smart account
lending split,morpho,1,0x1778767436111ec0adb10f9ba4f51a329d0e7770,EOA,wallet,,no,,10838.68,17869625,no,,fund / market maker,Fasanara Capital-linked trading wallet
lending split,aave-core,1,0x1e110343ed23533c5009f1786038616279a66677,EOA,wallet,,no,,10440.64,2822918,no,,,no label; no vault counterparty in latest ERC-20 transfers (Ethereum) or registry match
lending split,aave-core,1,0x37c86bd06d266a009d2de7c1263ec4ab7adde628,EOA,wallet,,no,,10426.36,1456201,no,,,no label; no vault counterparty in latest ERC-20 transfers (Ethereum) or registry match
lending split,spark,1,0xf67ad2b5688f952900e1b29cbdf1b6dd5a167abb,EOA,wallet,,no,,10403.06,7870569,no,,"individual (unlabeled, after automated checks)",Unlabeled EOA; funded by Binance 16
lending split,aave-prime,1,0x9fc3dc011b461664c835f2527fffb1169b3c213e,Safe 3-of-5,wallet,,no,,10322.21,1,no,,,EF: DeFi Multisig
lending split,aave-core,1,0xf929122994e177079c924631ba13fb280f5cd1f9,EIP-7702,wallet,,no,,9963.17,593520,no,,,no label; no vault counterparty in latest ERC-20 transfers (Ethereum) or registry match
venue sweep: aave_aave-gnosis,aave-gnosis,100,0xfe13988736d95d052c2e45e5b4e1ef2e2750b7f4,EOA,wallet,,no,,9951.97,7886615,no,,,no label; no vault counterparty in latest ERC-20 transfers (Ethereum) or registry match
lending split,morpho,1,0xa56da9bb528fedf8379b02e95fbbdad34d45846f,EOA,private,rSHARE vault #3 manager (private),no,,9785.94,15559980,excluded (private),excluded,product vault/strategy wallet,gap scan: manager of a private rSHARE WETH vault
lending split,aave-core,1,0xc24ad068e42b8293db1ac6d920aed665ab3fe8d2,EOA,wallet,,no,,9761.98,16000190,no,,"individual (unlabeled, after automated checks)",Unlabeled EOA; funded by Binance 14
lending split,aave-core,1,0x9e14e0476d3fd47b43ea2868b1631bd418298e96,EOA,wallet,,no,,9756.79,8556733,no,,"individual (unlabeled, after automated checks)",Unlabeled EOA
lending split,spark,1,0x4f0aa5900b8292273b2f9a178d5468f8048bb9a9,EOA,wallet,,no,,9654.23,998502,no,,,Ring Exchange: Deployer
lending split,spark,1,0xea8d287e23f1e005fa8bd3c9d1efae2c726db9a4,Safe 1-of-1,wallet,,no,,9634.77,10693451,no,,"individual (unlabeled, after automated checks)",Safe 1-of-1; signer funded by Tornado.Cash: 0.1 ETH
lending split,aave-base,8453,0xb3277d631f2cb651b3cbc5a54fccdabe69d12942,EOA,wallet,,no,,9434.73,7788931,no,,not checked (ETH-backed debt under $1M),Not identity-checked: ETH-backed part under $1M; Base Account
lending split,spark,1,0x6ac1108461189f1569e1d4dedc9940a0395d3423,EOA,wallet,,no,,9267.61,2110334,no,,,no label; no vault counterparty in latest ERC-20 transfers (Ethereum) or registry match
lending split,aave-core,1,0x109b304ab7eee74dafc93e3b04eae7001d7a295f,EOA,wallet,,no,,9257.29,7693058,no,,"individual (unlabeled, after automated checks)",Unlabeled EOA; funded by HTX 31
lending split,aave-core,1,0x922d1b2e0cff8eeac766e03ea53b403377cc5ef5,Safe 1-of-1,wallet,,no,,9239.1,13524102,no,,"individual (unlabeled, after automated checks)",Safe 1-of-1; signer funded by MetaMask: Gas Station 3
lending split,aave-core,1,0xc70f915258483d65c3c562483653397d6b371858,EOA,wallet,,no,,9234.63,8047597,no,,"individual (unlabeled, after automated checks)",Unlabeled EOA
lending split,aave-core,1,0x4789a334dc66b03b2a3d554a86cfd3959e88ab48,EOA,wallet,,no,,9161.58,5109452,no,,"individual (unlabeled, after automated checks)",Unlabeled EOA; funded by HTX: Old Address 12
lending split,compound-v3,1,0xcefe83811ed89bb35e5224314885aeccf00298ac,EOA,wallet,,no,,9026.0,16237656,no,,"individual (unlabeled, after automated checks)",Unlabeled EOA
lending split,compound-v3,1,0x8dce3baef66979e34e28eedeae2359db65334f89,EOA,wallet,,no,,9000.0,10838162,no,,"individual (unlabeled, after automated checks)",Unlabeled EOA; funded by Binance 18
lending split,spark,1,0xc08b70ac00ad893686353413d9a83eb11151e802,EOA,wallet,,no,,8907.11,11213496,no,,fund / market maker (Galaxy-linked),Unlabeled EOA; 11.0M USDS sent to a Galaxy Digital labelled address
lending split,spark,1,0xb5c98c0d2861d39c538aff4e87cee946ffa1adf4,EOA,wallet,,no,,8889.47,14813909,no,,individual,Unlabeled EOA (Uphold funded chain); mixed weETH/BTC
lending split,spark,1,0x0863b4b79d561d328e96c7b5b78c8c884f0dead4,EOA,wallet,,no,,8862.61,3932035,no,,,no label; no vault counterparty in latest ERC-20 transfers (Ethereum) or registry match
lending split,aave-core,1,0x44e8c2451e916c87dde3977dc80f6fb8a1e33b1d,EOA,wallet,,no,,8831.25,8983246,no,,individual,Unlabeled EOA (Binance 4 funded chain); mixed WBTC/wstETH/AAVE
lending split,spark,1,0x1676d23711186076fa74aa53511dda750a1f0d9a,Safe 3-of-6,wallet,,no,,8717.81,9020326,no,,unknown after checks (likely fund),"3-of-6 Safe, largest holder of Liquity ETH Carry"
venue sweep: maker,Sky/Maker ETH-A,1,0x1597d85f14d377be2c701e8a53ec86f485ab5b70,DSProxy,personal,,no,,8700.0,2696506,no,,,per-user smart account
lending split,aave-core,1,0x0833de1e42b93ec94a6ec31670bada94a9039f2c,EOA,wallet,,no,,8406.62,9186586,no,,"individual (unlabeled, after automated checks)",Unlabeled EOA
lending split,aave-core,1,0x32a7deaeb6ca5bd8cc44cb577cee1e3c3a4292d5,EOA,wallet,,no,,8281.21,9230572,no,,"individual (unlabeled, after automated checks)",Unlabeled EOA; funded by Gemini 9
lending split,aave-core,1,0x83a1c0bee065f65e82cd2af60ff8e5539ac344a8,EOA,wallet,,no,,8269.95,6029472,no,,"individual (unlabeled, after automated checks)",Unlabeled EOA
lending split,aave-core,1,0xc367f7e88a5684a7712c29282fb41765281df68f,Safe 2-of-3,wallet,,no,,8100.89,5491552,no,,"individual (unlabeled, after automated checks)",Safe 2-of-3; signer funded by Polygon: Agglayer Unified Bridge
venue sweep: liquity,Liquity v2 (BOLD) Liquity v2 (BOLD) branch 1 (wstETH/BOLD),1,0x7b852ebc448b3638f971bac2c463db6578634f11,Safe 1-of-1,wallet,"Safe 1-of-1 (Aave, Compound, Liquity v2 troves)",no,,8059.75,4980467,no,none,,Safe 1-of-1 of 0xe5ebcde1; no vault counterparty
lending split,aave-core,1,0xd164a2e919ba9e3e51efde85ceba29dc2aa21781,Safe 1-of-2,private,MakinaX managed account (one client Safe),no,,7885.05,9331216,no,none,"individual (unlabeled, after automated checks)","Safe 1-of-2 with module 0x621a2f40 (MakinaXModule clone, registry 0x2967ef24 MakinaXRegistry, safe() = this Safe); no share token"
lending split,spark,1,0x4f87de7d21aef48090958f7342e1f69dff790545,EOA,private,rSHARE vault #2 manager (private),no,,7811.98,11549347,excluded (private),excluded,product vault/strategy wallet,gap scan: manager of a private rSHARE WETH vault
venue sweep: curve,Curve crvUSD mint wstETH/crvUSD,1,0xee2826453a4fd5afeb7ceffeef3ffa2320081268,EOA,wallet,,no,,7452.85,12996374,no,,fund / market maker (unnamed),"EOA with Etherscan label ""Fee Recipient: 0xee28...268"" (block builder/validator fee recipient); Fee Recipient: 0xee28...268"
lending split,compound-v3,1,0x31b13fa1c6e786854f62fd0d6cb41d9b64639cf8,EOA,wallet,,no,,7380.0,11055743,no,,"individual (unlabeled, after automated checks)",Unlabeled EOA; funded by Binance 13
lending split,aave-core,1,0xffcec675de3af138fc125737236f62200b668450,Safe 1-of-1,wallet,,no,,7296.52,7999707,no,,"individual (unlabeled, after automated checks)",Safe 1-of-1
lending split,spark,1,0xa73ecb7ccf2f5ae2cfd0a4ba9fe2c2835fdc1f8b,EOA,wallet,,no,,7198.41,4262602,no,,,no label; no vault counterparty in latest ERC-20 transfers (Ethereum) or registry match
lending split,morpho,1,0x20f6c325df578a11209817a30ebb2f0d5454176d,Safe 1-of-1,wallet,,no,,7176.48,5516634,no,,"individual (unlabeled, after automated checks)",Safe 1-of-1; signer funded by Binance 15
lending split,aave-core,1,0x33c0b106c459d86841e96d58db211ae8554132d2,EOA,wallet,,no,,7035.6,1925418,no,,,no label; no vault counterparty in latest ERC-20 transfers (Ethereum) or registry match
lending split,aave-arbitrum,42161,0xb7fb2b774eb5e2dad9c060fb367acbdc7fa7099b,EOA,wallet,,no,,7026.11,3947317,no,,"individual (unlabeled, code-type screen only)",Unlabeled EOA
lending split,aave-core,1,0xe67112647b7aea8b7490f27e1c75208868138df2,EOA,wallet,,no,,6990.63,8014828,no,,"individual (unlabeled, after automated checks)",Unlabeled EOA; funded by Binance 4
lending split,aave-core,1,0x7c7c2c0230175fd9a5d893aa9f8c85befd55176a,EOA,wallet,,no,,6971.98,7051066,no,,"individual (unlabeled, after automated checks)",Unlabeled EOA; funded by Coinbase 10
lending split,aave-core,1,0xf0e04eda5b8362ec7100ea4147df79a94ce75b2c,Safe 2-of-2,wallet,,no,,6942.75,8528459,no,,"individual (unlabeled, after automated checks)",Safe 2-of-2; signer funded by Coinbase 10
lending split,spark,1,0xa57891ffe41142f94c1ddfffa1e7bef48a32fcbf,Summer.fi DPM,personal,,no,,6926.95,2653157,no,,,per-user smart account
lending split,aave-core,1,0xa45420a6f2bb98406b6c6a5cc1670b7c92407e2b,Instadapp DSA,personal,,no,,6816.63,9033492,no,,individual (per-user smart account),per-user smart account
venue sweep: liquity,Liquity v1 (LUSD) ETH/LUSD,1,0x77ee52b29358386e31765b07396d53229a2079af,EOA,wallet,,no,,6784.36,2845526,no,,,no label; no vault counterparty in latest ERC-20 transfers (Ethereum) or registry match
lending split,aave-core,1,0xeb294e51cf2e5c3f6749252fc18d8e1b9c6bdd3c,EOA,wallet,,no,,6725.19,8667078,no,,"individual (unlabeled, after automated checks)",Unlabeled EOA; funded by Binance US 3
lending split,aave-core,1,0x106c1059ef92769fe5e52cc736a35ee09b3e238c,Instadapp DSA,personal,,no,,6714.66,8692117,no,,individual (per-user smart account),per-user smart account
lending split,aave-v4,1,0xc1cdaa40c85d37b354bf8a016c90265241df48b6@0x94e7a5dc,EOA,wallet,,no,,6636.07,11367049,no,,"individual (unlabeled, after automated checks)",Unlabeled EOA; funded by Binance 16
lending split,aave-core,1,0xb5e6ae546f5e8c75f19ed89a1ca032a5cb8669e8,EOA,wallet,,no,,6601.68,2310744,no,,,no label; no vault counterparty in latest ERC-20 transfers (Ethereum) or registry match
lending split,aave-core,1,0xf368d43f148e1803ec793670183b0ca6a07d3898,EOA,wallet,,no,,6317.77,8287929,no,,"individual (unlabeled, after automated checks)",Unlabeled EOA
lending split,aave-core,1,0x81bcaeccacca590b38314e3414da85b70edddac4,EOA,wallet,,no,,6167.98,2413473,no,,,no label; no vault counterparty in latest ERC-20 transfers (Ethereum) or registry match
venue sweep: liquity,Liquity v2 (BOLD) Liquity v2 (BOLD) branch 2 (rETH/BOLD),1,0x7b852ebc448b3638f971bac2c463db6578634f11,Safe 1-of-1,wallet,"Safe 1-of-1 (Aave, Compound, Liquity v2 troves)",no,,6101.83,3631965,no,none,,Safe 1-of-1 of 0xe5ebcde1; no vault counterparty
lending split,aave-core,1,0x2388dd8e034e466d1347bb98020dcf5a6dfdca9f,Summer.fi DPM,personal,,no,,5977.38,4878366,no,,,per-user smart account
lending split,compound-v3,1,0xe91218993729bb476c92b1d9362c27314e1648f3,Safe 1-of-1,wallet,,no,,5960.58,9764271,no,,"individual (unlabeled, after automated checks)",Safe 1-of-1; signer funded by Poloniex 1
lending split,aave-core,1,0x01329db67e9a963695c65766a298f9876e87def4,EOA,wallet,,no,,5861.66,6938520,no,,"individual (unlabeled, after automated checks)",Unlabeled EOA; funded by Freewallet 1
venue sweep: maker,Sky/Maker WSTETH-A,1,0x2659fcb5494b163693c6ce3cfb64bb8b32025298,DSProxy,personal,,no,,5847.14,3244621,no,,,per-user smart account
lending split,aave-core,1,0x26016053119fbb57ccea7a147c57213a0cc3954f,Safe 2-of-2,wallet,,no,,5830.23,6986208,no,,"individual (unlabeled, after automated checks)",Safe 2-of-2; signer funded by Coinbase 10
lending split,aave-core,1,0xacd4ab134bca54a667bc833335d2050323954ea3,Instadapp DSA,personal,,no,,5812.95,5479244,no,,individual (per-user smart account),per-user smart account
lending split,aave-core,1,0xab5a28b6ca2d1e12fe5acc7341352d5032b74438,Safe 1-of-1,wallet,,no,,5798.49,6501107,no,,"individual (unlabeled, after automated checks)",Safe 1-of-1; signer funded by Coinbase 33
lending split,spark,1,0x485c07c5516315881c732c90122ba4de3f356180,EOA,wallet,,no,,5761.05,8492746,no,,"individual (unlabeled, after automated checks)",Unlabeled EOA; funded by Gate Dep: 0x0D0707...b492Fe
lending split,fluid,1,0x42c58a33ba0efc3dd2a4d58b971dbf108b6a165a,EOA,wallet,,no,,5731.93,8226763,no,,"individual (unlabeled, after automated checks)",Unlabeled EOA; funded by Poloniex 1
lending split,spark,1,0xc34e3dd8205fe9b8b60875c0c848b1f82e80b57c,Safe 3-of-4,wallet,,no,,5728.85,4138795,no,,,no label; no vault counterparty in latest ERC-20 transfers (Ethereum) or registry match
lending split,aave-v4,1,0x6cc60a0b57bc882a0471980d0e2d4ad7ddf3c4bd@0x94e7a5dc,EOA,counted,carry:avant-aveth,yes,,5715.62,8967588,yes,carry:avant-aveth,product vault/strategy wallet,listed in carry_lending_snapshot.json
venue sweep: liquity,Liquity v2 (BOLD) Liquity v2 (BOLD) branch 1 (wstETH/BOLD),1,0xb9e806e8f2d94c015ffefa90cd24ecce18f1663c,contract: rETH Liquity LP Carry,counted,carry:liquity-carry (IPOR rETH Liquity LP Carry),yes,,5710.77,6752065,yes,carry:liquity-carry,,IPOR PlasmaVault; Ebisu/Liquity v2 wstETH trove owner
venue sweep: liquity,Liquity v1 (LUSD) ETH/LUSD,1,0x3594141c2aa65409642716c7075785fdc9704a9a,DSProxy,personal,,no,,5708.59,2371535,no,,,per-user smart account
venue sweep: maker,Sky/Maker ETH-A,1,0x0daa0fe2f0983dbcfb92eb0280bc61bebd258a33,Instadapp DSA,personal,,no,,5690.0,513204,no,,,per-user smart account
lending split,spark,1,0xa122687285dc5012141055a801045f069112e7c6,EOA,private,rSHARE vault #1 manager (private),no,,5633.29,8195397,excluded (private),excluded,product vault/strategy wallet,gap scan: manager of a private rSHARE WETH vault
lending split,spark,1,0x08bf75d17046412ae08c95b6106993f714487872,EOA,wallet,,no,,5554.12,9867221,no,,"individual (unlabeled, after automated checks)",Unlabeled EOA; funded by OKX: Hot Wallet 3
lending split,aave-core,1,0x145b8d0fe270b7bc4c362ecfa12e5f97e6788c48,EIP-7702,wallet,,no,,5550.96,4669208,no,,,no label; no vault counterparty in latest ERC-20 transfers (Ethereum) or registry match
lending split,aave-core,1,0x9a604718a23a01b649e316fd4942378709a8f865,Summer.fi DPM,personal,,no,,5504.91,4624862,no,,,per-user smart account (owner is a contract 0x98535d83)
lending split,spark,1,0xc4653cfc6b0926ed69cbb380ba6da77d71ce53da,Safe 2-of-3,wallet,,no,,5418.17,4682951,no,,,no label; no vault counterparty in latest ERC-20 transfers (Ethereum) or registry match
lending split,aave-core,1,0x488fb8371ad8b20e39e3ce99d267e26c171b7d10,Safe 2-of-3,wallet,,no,,5377.15,2028831,no,,,no label; no vault counterparty in latest ERC-20 transfers (Ethereum) or registry match
lending split,aave-core,1,0x5dc93e0046436eadfb72f6491e0e21594b1f3eae,EOA,wallet,,no,,5216.78,3733494,no,,,no label; no vault counterparty in latest ERC-20 transfers (Ethereum) or registry match
lending split,spark,1,0x95e153c9677a2241868d80cd01e43b0b7ab39568,EOA,wallet,,no,,5058.05,9009301,no,,"individual (unlabeled, after automated checks)",Unlabeled EOA; funded by Kraken 4
venue sweep: maker,Sky/Maker WSTETH-B,1,0xc0a8a5ef597f1f6192403b127d19b09693939d7b,DSProxy,personal,,no,,5054.65,474531,no,,,per-user smart account
lending split,aave-core,1,0x0bb80bf881bea859188a1b271dd9763252352258,Safe 2-of-3,wallet,,no,,5033.93,3532737,no,,,no label; no vault counterparty in latest ERC-20 transfers (Ethereum) or registry match
lending split,spark,1,0x3eeb5e43bcb9ed151a13a2cfb584a171dcb1aeba,EOA,wallet,,no,,5020.65,4341481,no,,"individual (unlabeled, code-type screen only)",Unlabeled EOA
lending split,compound-v3,1,0xf51df0ad8d212da258a038e45dc2b0e074558110,EOA,wallet,,no,,5014.51,9382386,no,,"individual (unlabeled, after automated checks)",Unlabeled EOA; funded by HTX 29
lending split,aave-core,1,0x2de19e81525fd5d74c7cbbbcca585807a9018c40,EOA,wallet,,no,,4985.39,4364432,no,,,no label; no vault counterparty in latest ERC-20 transfers (Ethereum) or registry match
lending split,aave-core,1,0x3dc82513f0f93d75a02ffd2681648ddbe2bebe8e,EOA,wallet,,no,,4778.17,3016381,no,,,no label; no vault counterparty in latest ERC-20 transfers (Ethereum) or registry match
venue sweep: maker,Sky/Maker ETH-A,1,0xf7f61984510a4ebb726240af5b306cae80f131a9,DSProxy,personal,,no,,4726.66,2380657,no,,,per-user smart account
lending split,spark,1,0x6cc60a0b57bc882a0471980d0e2d4ad7ddf3c4bd,EOA,counted,carry:avant-aveth,yes,,4720.56,7823647,yes,carry:avant-aveth,product vault/strategy wallet,listed in carry_lending_snapshot.json
lending split,fluid,1,0x6967cef6ff12397c9c760e031b793153139f7a25,Avocado,personal,,no,,4697.07,6275177,no,,individual (per-user smart account),per-user smart account
lending split,spark,1,0xac860a0b1c178303a7f085f3842a157e91a241b1,EOA,wallet,,no,,4591.71,1954483,no,,"individual (unlabeled, code-type screen only)",Unlabeled EOA
lending split,aave-core,1,0xd71f4423e097888af07e2ceac0e71b9a43f64a1f,EOA,wallet,,no,,4570.09,5083770,no,,individual,Unlabeled EOA; mostly WBTC collateral
lending split,aave-prime,1,0x0c883bacaf927076c702fd580505275be44fb63e,EOA,wallet,,no,,4559.04,6997326,no,,"individual (unlabeled, after automated checks)",Unlabeled EOA; funded by Binance 15
lending split,compound-v3,1,0x2194f90d32df768c9bfdbd3215d677eaa6fc3c4f,EOA,wallet,,no,,4557.0,6112700,no,,"individual (unlabeled, after automated checks)",Unlabeled EOA
lending split,aave-core,1,0x71d2e85bcd9268fe9ad53275ffd4f1f610787e75,EOA,wallet,,no,,4500.2,3089420,no,,,no label; no vault counterparty in latest ERC-20 transfers (Ethereum) or registry match
lending split,compound-v3,1,0xf151ed2caedbda83c17ae39d6990d92909fcf529,Instadapp DSA,personal,,no,,4474.21,5064115,no,,individual (per-user smart account),per-user smart account
lending split,compound-v3,1,0xa3d843b6a057504284006bef6f34a2e9bc80fb6b,EOA,wallet,,no,,4420.64,24666933,no,,individual,Unlabeled EOA funded by Binance 20; mostly WBTC collateral
lending split,compound-v3,1,0xc94a3ff0bac12eeb9ff0cc4e08511e1ffad6ba94,EOA,wallet,,no,,4325.65,14768762,no,,"individual (unlabeled, after automated checks)",Unlabeled EOA; funded by Gemini
lending split,aave-core,1,0xcf487f0bbca7fee1369617c393bc29d8cec03874,EOA,wallet,,no,,4295.73,4162985,no,,,no label; no vault counterparty in latest ERC-20 transfers (Ethereum) or registry match
lending split,aave-core,1,0x654d8677a6a3776a70f0d453b46cf6223ad52686,Safe 3-of-6,wallet,,no,,4290.48,3648453,no,,,no label; no vault counterparty in latest ERC-20 transfers (Ethereum) or registry match
lending split,aave-core,1,0x634f07a674f75a0973b5d7f6bc3809cde8367cb8,EOA,wallet,,no,,4283.84,3313830,no,,,no label; no vault counterparty in latest ERC-20 transfers (Ethereum) or registry match
lending split,aave-core,1,0xc9cea6df3a736846c5b610ff342836838ec1a84d,DSProxy,personal,,no,,4282.22,7727560,no,,individual (per-user smart account),per-user smart account
lending split,spark,1,0x2ef6585a4070f5c2675b11519e7fa9082f5d080e,DSProxy,personal,,no,,4213.1,3200813,no,,,per-user smart account
lending split,spark,1,0x9597052f599b9b3e39b26175ebeca8c38bd7db59,EOA,wallet,,no,,4212.7,3893123,no,,,no label; no vault counterparty in latest ERC-20 transfers (Ethereum) or registry match
venue sweep: maker,Sky/Maker ETH-A,1,0x686c941e24d3dee796d1912e366b41a3558cddb2,DSProxy,personal,,no,,4181.93,3271474,no,,,per-user smart account
venue sweep: liquity,Liquity v1 (LUSD) ETH/LUSD,1,0x2291f52bddc937b5b840d15e551e1da8c80c2b3c,Safe,wallet,,no,,4177.94,259906,no,,,no label; no vault counterparty in latest ERC-20 transfers (Ethereum) or registry match
lending split,aave-core,1,0x62e7b318fe59bd5584a99e7b6c5817698a2c235c,EOA,wallet,,no,,4166.19,3005569,no,,"individual (unlabeled, code-type screen only)",Unlabeled EOA
lending split,aave-core,1,0xdea611a2f605fe63962e0151e724e9ce4c8a1d5c,EIP-7702,wallet,,no,,4151.43,7001425,no,,"individual (unlabeled, after automated checks)",Unlabeled EIP-7702 EOA; funded by Binance 17
lending split,compound-v3,1,0x7df25ed19086f00e0539c7c9a2a6234e0689905e,EOA,wallet,,no,,4110.27,9439839,no,,"individual (unlabeled, after automated checks)",Unlabeled EOA; funded by Binance 20
lending split,compound-v3,1,0x3d10ed16c911cd22d100cbc00165c918a2df66bc,EOA,wallet,,no,,4105.68,8234797,no,,"individual (unlabeled, code-type screen only)",Unlabeled EOA
lending split,aave-core,1,0x75c97a4b805f1ea755321664e0a4465739886101,Safe 1-of-1,wallet,,no,,4099.83,6437605,no,,"individual (unlabeled, after automated checks)",Safe 1-of-1; signer funded by Across Protocol: Ethereum Spoke Pool V2
venue sweep: liquity,Liquity v1 (LUSD) ETH/LUSD,1,0xcb16f82e5949975f9cf229c91c3a6d43e3b32a9e,EOA,wallet,,no,,4095.59,1728626,no,,,no label; no vault counterparty in latest ERC-20 transfers (Ethereum) or registry match
lending split,fluid,1,0xa9b250b2bdb31c24e5a4bec62bdbdd472496870d,Instadapp DSA,personal,,no,,4039.73,7094231,no,,individual (per-user smart account),per-user smart account
venue sweep: maker,Sky/Maker ETH-C,1,0x205d9ae64c7ab0fdde08fb93322aab93a0085fcc,DSProxy,personal,,no,,4015.12,2554453,no,,,per-user smart account (owner is a contract 0xb215199e)
lending split,aave-v4,1,0x1b36972588d214aea7b8f5322f349246bf571cd6@0x94e7a5dc,EOA,wallet,,no,,4005.31,6220700,no,,individual,Same cluster as 0x28355886 (sends to it and to funder 0x4352cc84)
lending split,compound-v3,1,0x29232f94e71382229761fea877e2e37693048936,EOA,wallet,,no,,3976.33,2008499,no,,,no label; no vault counterparty in latest ERC-20 transfers (Ethereum) or registry match
lending split,aave-core,1,0xb01ec8485bb3b7eaa7bb13c73645d91434a29bc4,EOA,wallet,,no,,3960.37,2858546,no,,"individual (unlabeled, code-type screen only)",Unlabeled EOA
venue sweep: liquity,Liquity v1 (LUSD) ETH/LUSD,1,0xe3935519abc87c090dd95ad593aa2aef10a9c409,DSProxy,personal,,no,,3934.03,1485666,no,,,per-user smart account
lending split,spark,1,0xbbbc35dfac3a00a03a8fde3540eca4f0e15c5e64,EOA,wallet,,no,,3781.98,542350,no,,,no label; no vault counterparty in latest ERC-20 transfers (Ethereum) or registry match
lending split,spark,1,0xc6877a65349b0fa45cc61a267ee682c7abf2b369,EOA,wallet,,no,,3781.46,6465040,no,,individual,Unlabeled EOA; mostly cbBTC collateral
lending split,aave-core,1,0x5770c25edcc98cb9f2a2483690a99d5f80df704e,EOA,wallet,,no,,3750.48,4161780,no,,,no label; no vault counterparty in latest ERC-20 transfers (Ethereum) or registry match
lending split,aave-core,1,0x24d2486f5b2c2c225b6be8b4f72d46349cbf4458,Safe 2-of-5,product,YieldNest ynETHx (Flex Strategy LVG1),yes,1102,3743.58,3091041,no,yieldnest (restaking),,"Safe; 71 wstETH transfers with FlexStrategy proxy 0x115b5064 and 70 ynRWAx transfers with FlexStrategyLeverageKeeper; ynETHx 1,102 holders"
lending split,spark,1,0x88f0dcce091887f72f3a9fa7b53760e72f91c58d,EOA,wallet,,no,,3722.11,3248595,no,,,no label; no vault counterparty in latest ERC-20 transfers (Ethereum) or registry match
lending split,aave-core,1,0xfe6d5fefcf7fc762f700ae73810fea0cd7840bb4,Summer.fi DPM,personal,,no,,3707.03,2854431,no,,,per-user smart account (owner is a contract 0xf408c207)
lending split,aave-core,1,0xa152677361aca6c5f633096c0d24fd0a1f2eb64b,EOA,wallet,,no,,3706.73,2700060,no,,,no label; no vault counterparty in latest ERC-20 transfers (Ethereum) or registry match
lending split,spark,1,0x181cb55f872450d16ae858d532b4e35e50eaa76d,contract: TransparentUpgradeableProxy,counted,carry:lido-earn,yes,,3678.88,3313138,yes,carry:lido-earn,product vault/strategy wallet,listed in carry_lending_snapshot.json
venue sweep: curve,Curve crvUSD mint wstETH/crvUSD,1,0xf4f39291e88d39361bb943a40e47a8f80f47474f,EOA,wallet,,no,,3670.71,4139895,no,,,no label; no vault counterparty in latest ERC-20 transfers (Ethereum) or registry match
lending split,aave-core,1,0x508e41dd4fea917012eb6578fcc177ee3e05fda8,EOA,wallet,,no,,3668.95,2922228,no,,,no label; no vault counterparty in latest ERC-20 transfers (Ethereum) or registry match
lending split,aave-core,1,0x23e91fba4fb8cac07a61972f111d176833dab787,EOA,wallet,,no,,3654.48,3195131,no,,,no label; no vault counterparty in latest ERC-20 transfers (Ethereum) or registry match
lending split,spark,1,0x5e9eadc22514f35af45de3ea4c3c9e56d21435ee,EOA,wallet,,no,,3600.99,6390623,no,,"individual (unlabeled, after automated checks)",Unlabeled EOA
lending split,aave-core,1,0xe81d87fa302e663400dcc2110c3ffb7774288ff1,EOA,wallet,,no,,3595.46,2700980,no,,,no label; no vault counterparty in latest ERC-20 transfers (Ethereum) or registry match
venue sweep: maker,Sky/Maker WSTETH-B,1,0x13ad7b14bda771b75efb6bb6330d1caa7b4c4d03,DSProxy,personal,,no,,3574.15,2499975,no,,,per-user smart account
lending split,aave-core,1,0x2e2b6070bec9be9f50887cfe306ac6ca93002fab,EOA,wallet,,no,,3565.83,3088961,no,,,no label; no vault counterparty in latest ERC-20 transfers (Ethereum) or registry match
venue sweep: liquity,Liquity v2 (BOLD) Liquity v2 (BOLD) branch 0 (WETH/BOLD),1,0x4bc8d9538640dc194389ef97273efd1d6d70232e,DSProxy,personal,,no,,3540.0,3670369,no,,,per-user smart account
lending split,aave-core,1,0x9ac60bd825eb8fd0240e4daf2646c1050830013e,EOA,wallet,,no,,3524.73,4655143,no,,"individual (unlabeled, code-type screen only)",Unlabeled EOA
lending split,aave-core,1,0x5ae07a9a7b0f5b2c035438bd6fdf35f4298f0bcd,Summer.fi DPM,personal,,no,,3510.78,4944281,no,,,per-user smart account
lending split,aave-core,1,0x21f7cfa4fc40fb9f1a68e9e7eaa92375dd7e163e,Safe 2-of-3,wallet,,no,,3498.51,4167977,no,,,no label; no vault counterparty in latest ERC-20 transfers (Ethereum) or registry match
lending split,aave-core,1,0x7f0be1f819e64ed24150f238be712e91a1b88809,EOA,wallet,,no,,3491.23,801958,no,,,no label; no vault counterparty in latest ERC-20 transfers (Ethereum) or registry match
lending split,aave-core,1,0xc9a4ced896d3e469b3166a482b35cba5020df947,EOA,wallet,,no,,3477.8,3641503,no,,,no label; no vault counterparty in latest ERC-20 transfers (Ethereum) or registry match
venue sweep: maker,Sky/Maker ETH-B,1,0x83a4614153370d5003e56a51ea8e1623ba84a4ee,DSProxy,personal,,no,,3461.84,3829465,no,,,per-user smart account
lending split,aave-core,1,0x5c9f75de55b0bdab54211978177f41714d9e090f,EOA,wallet,,no,,3447.93,2794225,no,,,no label; no vault counterparty in latest ERC-20 transfers (Ethereum) or registry match
lending split,spark,1,0x40f6876c2f349a203c7d180a9aafeedb4607399e,EOA,wallet,,no,,3435.92,4066007,no,,,no label; no vault counterparty in latest ERC-20 transfers (Ethereum) or registry match
lending split,aave-core,1,0x34bf8dcb3ed8cf8aab57b1d8330cab8ba5246708,EOA,wallet,,no,,3391.38,4129861,no,,"individual (unlabeled, code-type screen only)",Unlabeled EOA
lending split,aave-v4,1,0x538f6ab22a68069c0a8a59b7346e47eda087a067@0x94e7a5dc,EIP-7702,wallet,,no,,3377.38,2490290,no,,,no label; no vault counterparty in latest ERC-20 transfers (Ethereum) or registry match
lending split,aave-core,1,0x6fcfb789a593762557177fe9548e44d166f91ed4,EOA,wallet,,no,,3364.72,3627039,no,,"individual (unlabeled, code-type screen only)",Unlabeled EOA
lending split,aave-core,1,0x46e4f1ec613faa131722fe26234b892f0a7e81fc,Safe 2-of-4,wallet,,no,,3358.19,2275799,no,,,no label; no vault counterparty in latest ERC-20 transfers (Ethereum) or registry match
lending split,aave-core,1,0xabc39c4760c20dd3664213b4d50513838862598d,EOA,wallet,,no,,3357.37,3992062,no,,,no label; no vault counterparty in latest ERC-20 transfers (Ethereum) or registry match
lending split,aave-core,1,0xddb4c8adca21fb042616a6e01bef07de956946f2,EOA,wallet,,no,,3349.43,3682816,no,,,no label; no vault counterparty in latest ERC-20 transfers (Ethereum) or registry match
lending split,aave-core,1,0x789a1f3f87129845e24e826d72636e1d0baa9e31,EOA,wallet,,no,,3316.34,2136414,no,,,no label; no vault counterparty in latest ERC-20 transfers (Ethereum) or registry match
lending split,aave-core,1,0x337132ae95a795caf32a28ddda9a66646b6ee01b,EOA,wallet,,no,,3305.03,3840947,no,,,no label; no vault counterparty in latest ERC-20 transfers (Ethereum) or registry match
venue sweep: maker,Sky/Maker ETH-C,1,0x72ae9393bc1577cd8f9308ec4b7ff66ab610fdbc,DSProxy,personal,,no,,3289.08,1532243,no,,,per-user smart account (owner is a contract 0x000c1d68)
lending split,aave-core,1,0xf8153167313ce9cfcb45bd4aff2b543513388163,EOA,wallet,,no,,3275.1,2156982,no,,,no label; no vault counterparty in latest ERC-20 transfers (Ethereum) or registry match
lending split,morpho,1,0xd0b8dfcf9da999db981a60a8da6584e8e52b757c,EOA,wallet,,no,,3262.93,3411305,no,,,no label; no vault counterparty in latest ERC-20 transfers (Ethereum) or registry match
lending split,aave-core,1,0x10f55124d18fdb27acce089160185f716a7aebd7,EOA,wallet,,no,,3260.49,3018374,no,,,no label; no vault counterparty in latest ERC-20 transfers (Ethereum) or registry match
lending split,spark,1,0xb476e15ade86d61b10f22f06561703652d4b1324,EOA,wallet,,no,,3253.03,1625927,no,,,no label; no vault counterparty in latest ERC-20 transfers (Ethereum) or registry match
lending split,aave-core,1,0x577ebc5de943e35cdf9ecb5bbe1f7d7cb6c7c647,EOA,wallet,,no,,3245.33,2452937,no,,,no label; no vault counterparty in latest ERC-20 transfers (Ethereum) or registry match
lending split,aave-core,1,0x8aecc5526f92a46718f8e68516d22038d8670e0d,EOA,wallet,,no,,3238.42,5159382,no,,"individual (unlabeled, after automated checks)",Unlabeled EOA (nemorino.eth); funded by Bitfinex 1; nemorino.eth
lending split,aave-core,1,0xdeb03a9b875ca4541e3f9e5cc35249f62ffaa145,EOA,wallet,,no,,3235.56,1831209,no,,,no label; no vault counterparty in latest ERC-20 transfers (Ethereum) or registry match
lending split,aave-core,1,0xaf184b4cbc73a9ca2f51c4a4d80ed67a2578e9f4,EIP-7702,wallet,,no,,3166.08,3386146,no,,,no label; no vault counterparty in latest ERC-20 transfers (Ethereum) or registry match
lending split,aave-core,1,0xcb77ea9c605eeaafcea47d4327050a6d88253848,EOA,wallet,,no,,3136.83,700824,no,,,no label; no vault counterparty in latest ERC-20 transfers (Ethereum) or registry match
lending split,spark,1,0xbb87ccf17709761595f368089b754dbb545a324b,EOA,wallet,,no,,3134.29,2642929,no,,,no label; no vault counterparty in latest ERC-20 transfers (Ethereum) or registry match
lending split,aave-core,1,0xa68658704ae5f37284e93ac91a7fecb1c858dbed,EOA,wallet,,no,,3123.84,2246470,no,,,no label; no vault counterparty in latest ERC-20 transfers (Ethereum) or registry match
lending split,morpho,1,0xde6b2a06407575b98724818445178c1f5fd53361,EIP-7702,wallet,,no,,3120.0,4740004,no,,"individual (unlabeled, after automated checks)",Unlabeled EIP-7702 EOA (samurai.eth); funded by Poloniex 1; samurai.eth
lending split,aave-core,1,0x9d83db477ed5a4c0600a0ca37bf9e054250b817b,EOA,wallet,,no,,3090.17,983082,no,,,no label; no vault counterparty in latest ERC-20 transfers (Ethereum) or registry match
lending split,spark,1,0x7155a9c700084c04c5e3a0be1f96ae7bf8f26e8f,EIP-7702,wallet,,no,,3054.02,3909074,no,,,no label; no vault counterparty in latest ERC-20 transfers (Ethereum) or registry match
lending split,aave-core,1,0xb3897eb4c1d10db64c4bf67192dfec3eca9828e0,Safe 2-of-3,wallet,,no,,3040.85,293860,no,,,no label; no vault counterparty in latest ERC-20 transfers (Ethereum) or registry match
lending split,aave-core,1,0xcc997fe9fdd5957ca3060af68318f754d75016d3,Summer.fi DPM,personal,,no,,3017.93,3378794,no,,,per-user smart account (owner is a contract 0xb43f6376)
lending split,aave-core,1,0x0412ed8438b5fae246606909ef8ba365f9103783,EOA,wallet,,no,,3017.64,1935624,no,,,no label; no vault counterparty in latest ERC-20 transfers (Ethereum) or registry match
lending split,spark,1,0x0a42b2f3a0d54157dbd7cc346335a4f1909fc02c,contract: BoringDrone,counted,carry:liquid-eth,yes,,3017.57,3611571,yes,carry:liquid-eth,product vault/strategy wallet,listed in carry_lending_snapshot.json
lending split,aave-core,1,0x7df25ed19086f00e0539c7c9a2a6234e0689905e,EOA,wallet,,no,,3006.45,2295440,no,,"individual (unlabeled, after automated checks)",Unlabeled EOA; funded by Binance 20
lending split,aave-core,1,0xd730f2293dd77686522f0e749eb77bae89b752bb,EOA,wallet,,no,,3003.87,5420137,no,,"individual (unlabeled, after automated checks)",Unlabeled EOA
lending split,aave-core,1,0xedfcdac8c88ee9adbc3928299af335b1f5d702cf,EOA,wallet,,no,,3003.87,5420117,no,,"individual (unlabeled, after automated checks)",Unlabeled EOA
venue sweep: maker,Sky/Maker ETH-A,1,0xff663a8708941fe5cc95ee80c6284bc07ff6e437,Safe,wallet,,no,,3000.5,345899,no,,,no label; no vault counterparty in latest ERC-20 transfers (Ethereum) or registry match
venue sweep: liquity,Liquity v1 (LUSD) ETH/LUSD,1,0x6c26a07ccff2783577ee911d4c6907cf59775554,EOA,wallet,,no,,3000.0,1200200,no,,,no label; no vault counterparty in latest ERC-20 transfers (Ethereum) or registry match
lending split,spark,1,0x8d6e701eedbb427625e07191df504b28de5c518d,EOA,wallet,,no,,2985.8,2080536,no,,,no label; no vault counterparty in latest ERC-20 transfers (Ethereum) or registry match
lending split,aave-core,1,0x588b530e0d6d5c15afd56012434752296d70b36b,EOA,wallet,,no,,2979.53,1440250,no,,,no label; no vault counterparty in latest ERC-20 transfers (Ethereum) or registry match
lending split,morpho,1,0x90882e7c28ddf0ac1177033a310aeed8eff25e90,EOA,counted,carry:nemo-eth-prime,yes,,2965.26,5609996,yes,carry:nemo-eth-prime,product vault/strategy wallet,listed in carry_lending_snapshot.json
lending split,aave-core,1,0xb39b0d658e916e135ebaadcd504fc14a2d401e97,EIP-7702,wallet,,no,,2940.42,5279572,no,,"individual (unlabeled, after automated checks)",Unlabeled EIP-7702 EOA; funded by Binance 14
lending split,aave-core,1,0x9f2251bc33c814d349987d1c05b1a960edfacb55,EOA,wallet,,no,,2932.59,1500132,no,,,no label; no vault counterparty in latest ERC-20 transfers (Ethereum) or registry match
lending split,aave-core,1,0x2dee72220b4aeb3887117e566dd85de018307646,EIP-7702,wallet,,no,,2905.03,2697027,no,,,no label; no vault counterparty in latest ERC-20 transfers (Ethereum) or registry match
lending split,aave-core,1,0x4c9f7207be28278b9dca129f2e211acfff48fb01,EOA,wallet,,no,,2875.46,2849904,no,,,holonaut.eth
lending split,morpho,1,0xaa34d20be3f9623ccf5bff53ef4dfa765c3f5dd5,EOA,wallet,,no,,2829.08,5596292,no,,"individual (unlabeled, after automated checks)",Unlabeled EOA
lending split,aave-core,1,0xe69e7a257eb806f7e008276395160dff6b6afb84,EOA,wallet,,no,,2801.24,2556581,no,,,no label; no vault counterparty in latest ERC-20 transfers (Ethereum) or registry match
lending split,aave-core,1,0xc08456398f9447f8d1dc32577ef073298d85e8a6,EOA,wallet,,no,,2790.7,1271399,no,,,no label; no vault counterparty in latest ERC-20 transfers (Ethereum) or registry match
lending split,aave-core,1,0x43519041b20605093bfe5f922963e68f59e8ded5,EOA,wallet,,no,,2776.11,2282156,no,,"individual (unlabeled, code-type screen only)",Unlabeled EOA
lending split,aave-core,1,0x1cdde20fd300c95427819be44a4fdc8c537361f1,EOA,wallet,,no,,2768.76,2862819,no,,,no label; no vault counterparty in latest ERC-20 transfers (Ethereum) or registry match
lending split,aave-core,1,0xeba958e17e20bcc638edf37e44fcddf5474ac9bf,EOA,wallet,,no,,2740.05,2172098,no,,"individual (unlabeled, code-type screen only)",Unlabeled EOA
lending split,morpho,1,0x80c9dc967b77b5e0768e5179e92f18df9e95e18c,EOA,counted,carry:rocksolid,yes,,2728.08,2726188,yes,carry:rocksolid,,listed in carry_lending_snapshot.json
lending split,aave-arbitrum,42161,0xfb1898bb5955fdd11704e397104c6a0e0725eb17,EOA,product,Upshift NEMO USDC Prime (nUSDC) operator,yes,,2724.61,4858442,no,none (dollar vault; ETH sits in money markets),,Upshift API: EOA operator of NEMO USDC Prime 0x955256b3; wstETH on Aave Arbitrum against USDC; also trades on Derive (ROCKSOLID-NEMO-SENTORA.md)
lending split,morpho,1,0x577557e04ce02cf279b265c7a7b77540acba4a81,EOA,wallet,,no,,2714.63,3731305,no,,,no label; no vault counterparty in latest ERC-20 transfers (Ethereum) or registry match
lending split,aave-core,1,0x7bd46eb9248f93994ab1de5b7d06724d17edaec4,Ambire,personal,,no,,2683.63,3620436,no,,individual (per-user smart account),per-user smart account
lending split,aave-core,1,0xe16c2a4666032e27b22818c1c7ac7fad1aeecceb,Summer.fi DPM,personal,,no,,2664.19,2573496,no,,,per-user smart account
venue sweep: maker,Sky/Maker ETH-A,1,0xccd9e471a5b4c8eea15eaf79a86dc0fa10a2c438,DSProxy,personal,,no,,2655.83,1773049,no,,,per-user smart account
lending split,aave-core,1,0x2f1f14ae9e85dec11c108716cfa404251db840c3,EOA,wallet,,no,,2650.3,3213704,no,,,no label; no vault counterparty in latest ERC-20 transfers (Ethereum) or registry match
lending split,aave-core,1,0xce1ee57e8de511bbc11c5bcfc4b22efa062f8bb4,EOA,wallet,,no,,2649.94,2301478,no,,,no label; no vault counterparty in latest ERC-20 transfers (Ethereum) or registry match
lending split,aave-core,1,0x7ec733c2aae62da4bec419618fed75999e4c83af,EOA,wallet,,no,,2643.34,1540182,no,,,no label; no vault counterparty in latest ERC-20 transfers (Ethereum) or registry match
lending split,aave-core,1,0xd07993c6cb9692a71522baf970a31069034df2b0,EOA,wallet,,no,,2630.99,334492,no,,,no label; no vault counterparty in latest ERC-20 transfers (Ethereum) or registry match
lending split,morpho,1,0x86d888c3fa8a7f67452ef2eccc1c5ee9751ec8d6,EOA,wallet,,no,,2629.74,1396788,no,,,no label; no vault counterparty in latest ERC-20 transfers (Ethereum) or registry match
lending split,aave-core,1,0x95e153c9677a2241868d80cd01e43b0b7ab39568,EOA,wallet,,no,,2627.67,4439159,no,,"individual (unlabeled, after automated checks)",Unlabeled EOA; funded by Kraken 4
lending split,spark,1,0x2a7a1c05f0c6954a39e3e47d5d6eb057f798e797,EOA,wallet,,no,,2622.0,4290892,no,,,no label; no vault counterparty in latest ERC-20 transfers (Ethereum) or registry match
lending split,compound-v3,1,0x892745942a4f2c9a0d92f461c89f97818d8df140,EOA,wallet,,no,,2615.53,3253023,no,,,no label; no vault counterparty in latest ERC-20 transfers (Ethereum) or registry match
lending split,morpho,1,0xf3d913de4b23ddb9cfdfaf955bac5634cbae95f4,Safe 3-of-7,wallet,,no,,2612.39,288453,no,,,no label; no vault counterparty in latest ERC-20 transfers (Ethereum) or registry match
venue sweep: maker,Sky/Maker ETH-C,1,0xd822bd6d8cd9137c34f4f18adf57c52a8c4d7df8,DSProxy,personal,,no,,2600.0,1635979,no,,,per-user smart account
lending split,aave-core,1,0x0ed0ea598e89765471e86a060bd91f4bb2dc1fb0,EOA,wallet,,no,,2592.9,5274543,no,,"individual (unlabeled, after automated checks)",Unlabeled EOA; funded by Coinbase 33
lending split,aave-core,1,0x286325e2fc55a92c3aba9d598a4e0417ae71b195,EOA,wallet,,no,,2582.6,1366992,no,,,no label; no vault counterparty in latest ERC-20 transfers (Ethereum) or registry match
lending split,aave-core,1,0x178955820073c1774bde0d0af3dbb93930e35668,Safe 1-of-1,wallet,,no,,2578.05,3958313,no,,,no label; no vault counterparty in latest ERC-20 transfers (Ethereum) or registry match
lending split,morpho,1,0x8328446602cb4c3b2b4a25beca6488e947b6f54a,EIP-7702,wallet,,no,,2573.31,3984987,no,,"individual (unlabeled, code-type screen only)",Unlabeled EIP-7702 EOA
lending split,aave-base,8453,0xf66dc065a781cfaea4e9a25383b671ef69949f03,EOA,wallet,,no,,2542.35,2804892,no,,,Base Account
lending split,aave-core,1,0xb7b7eb7e9611975bc9715f22ce7e6ee288296fd4,EOA,wallet,,no,,2519.76,3557550,no,,"individual (unlabeled, code-type screen only)",Unlabeled EOA
lending split,aave-core,1,0x65c4c0517025ec0843c9146af266a2c5a2d148a2,contract: SetToken,leverage,Index Coop ETH2X,yes,327,2517.34,3006926,no,index-coop (counted 0),product vault/strategy wallet,"SetToken; WETH collateral, USDC debt"
lending split,aave-core,1,0xae3279da7e7d0d26066a1591464d2cacb55dbf7b,EOA,wallet,,no,,2502.52,3694964,no,,,defi🥷.eth
lending split,aave-core,1,0x633cfe63aa9778cfc53eda2dcd2f9f4575c8c509,EOA,wallet,,no,,2501.77,2645542,no,,,0xbb🍕.eth
venue sweep: liquity,Liquity v1 (LUSD) ETH/LUSD,1,0xac5406aebe35a27691d62bfb80eefcd7c0093164,EOA,wallet,,no,,2500.07,976034,no,,,no label; no vault counterparty in latest ERC-20 transfers (Ethereum) or registry match
lending split,aave-v4,1,0xcdd342b253f3ea24d4ce1c5f040c1288e4214fe6@0x94e7a5dc,EOA,wallet,,no,,2494.66,3503715,no,,,no label; no vault counterparty in latest ERC-20 transfers (Ethereum) or registry match
lending split,spark,1,0x405732f63ecf75ea199039689def3428160cd40f,EOA,wallet,,no,,2490.8,3028032,no,,,no label; no vault counterparty in latest ERC-20 transfers (Ethereum) or registry match
lending split,compound-v3,1,0x0d668380165fbf0392ce71648773621e0f1d773c,EOA,wallet,,no,,2490.8,1776478,no,,,no label; no vault counterparty in latest ERC-20 transfers (Ethereum) or registry match
lending split,aave-core,1,0xe7af87c6c6ec02cc7ee98c3adc555e4231dce8f3,EOA,wallet,,no,,2449.34,1347361,no,,,no label; no vault counterparty in latest ERC-20 transfers (Ethereum) or registry match
lending split,aave-core,1,0xf70c0d6cf850abb57cb46de5ad387a7dc0d8f385,EOA,wallet,,no,,2432.32,1006893,no,,,no label; no vault counterparty in latest ERC-20 transfers (Ethereum) or registry match
lending split,aave-base,8453,0xa56da9bb528fedf8379b02e95fbbdad34d45846f,EOA,private,rSHARE vault #3 manager (private),no,,2430.85,3016360,excluded (private),excluded,product vault/strategy wallet,gap scan: manager of a private rSHARE WETH vault
venue sweep: liquity,Liquity v1 (LUSD) ETH/LUSD,1,0x954f2a8b86aa586c3cc3a2088b72e2a560d7dc22,EOA,wallet,,no,,2420.0,806195,no,,,no label; no vault counterparty in latest ERC-20 transfers (Ethereum) or registry match
lending split,aave-core,1,0xb7fb2b774eb5e2dad9c060fb367acbdc7fa7099b,EOA,wallet,,no,,2419.33,1271415,no,,"individual (unlabeled, code-type screen only)",Unlabeled EOA
lending split,aave-arbitrum,42161,0xe091330c53b971ed4e886f902f18e8544a8d6705,EIP-7702,wallet,,no,,2403.94,4135362,no,,,no label; no vault counterparty in latest ERC-20 transfers (Ethereum) or registry match
lending split,compound-v3,1,0x90be30f87a0f0e08624f1d37653fde6212297c75,EOA,wallet,,no,,2383.11,1030404,no,,,no label; no vault counterparty in latest ERC-20 transfers (Ethereum) or registry match
lending split,aave-arbitrum,42161,0xa3d843b6a057504284006bef6f34a2e9bc80fb6b,EOA,wallet,,no,,2380.45,3489022,no,,individual,Unlabeled EOA funded by Binance 20; mostly WBTC collateral
lending split,aave-arbitrum,42161,0x989b96317735d70a7762bf96c034b203713aae18,EOA,wallet,,no,,2366.69,1446948,no,,individual,Unlabeled EOA; funding chain includes FTX 2; BTSE-funded counterparty
lending split,aave-core,1,0x657e21723ae99c05c9c2a6032343c7865bcb1940,EIP-7702,wallet,,no,,2359.22,2276291,no,,,no label; no vault counterparty in latest ERC-20 transfers (Ethereum) or registry match
lending split,aave-core,1,0xa32cedbb23255321497c543471121068327dc1cb,Safe 1-of-1,wallet,,no,,2323.18,1920281,no,,,no label; no vault counterparty in latest ERC-20 transfers (Ethereum) or registry match
venue sweep: curve,Curve crvUSD mint wstETH/crvUSD,1,0xac0168b4fd7427bfd616e3a47fc05dd8175d5b64,EOA,wallet,,no,,2322.8,2552625,no,,,no label; no vault counterparty in latest ERC-20 transfers (Ethereum) or registry match
venue sweep: maker,Sky/Maker WSTETH-B,1,0xdc0c0bf9a8c64e27d7e6e38e3b09154064496366,DSProxy,personal,,no,,2298.46,97265,no,,,per-user smart account
lending split,aave-core,1,0xe71cbf47fff309813bcea54f3ecf49a5f129264d,EOA,wallet,,no,,2266.99,2781905,no,,"individual (unlabeled, code-type screen only)",Unlabeled EOA
lending split,aave-core,1,0x7b852ebc448b3638f971bac2c463db6578634f11,Safe 1-of-1,wallet,"Safe 1-of-1 (Aave, Compound, Liquity v2 troves)",no,,2240.9,676552,no,none,,Safe 1-of-1 of 0xe5ebcde1; no vault counterparty
lending split,spark,1,0xd553294b42bdfeb49d8f5a64e8b2d3a65fc673a9,EOA,wallet,,no,,2232.44,2339806,no,,,jokerbra.eth
lending split,aave-core,1,0xebb17994ca5a36227e98fc8ef96d4094f7d5bcba,Safe 1-of-2,wallet,,no,,2230.64,1737529,no,,,no label; no vault counterparty in latest ERC-20 transfers (Ethereum) or registry match
lending split,aave-base,8453,0xdcc67de094fb4b6301d3dcba3c247988e07bcfbd,EOA,wallet,,no,,2220.75,1528674,no,,,Base Account
lending split,aave-core,1,0x1cebd13797636b94c5cad7108cebe42d2fce7732,Safe 2-of-4,wallet,,no,,2217.44,3830417,no,,"individual (unlabeled, code-type screen only)",Unlabeled GnosisSafeProxy GnosisSafe
lending split,aave-core,1,0x83e3e8c045db446203d967e092172da7185e4bd8,EOA,wallet,,no,,2216.35,3169301,no,,,no label; no vault counterparty in latest ERC-20 transfers (Ethereum) or registry match
lending split,spark,1,0xa56da9bb528fedf8379b02e95fbbdad34d45846f,EOA,private,rSHARE vault #3 manager (private),no,,2211.79,3116907,excluded (private),excluded,product vault/strategy wallet,gap scan: manager of a private rSHARE WETH vault
lending split,aave-core,1,0xc4158b301cf86846fd4f35531597ff098c3222d8,EOA,wallet,,no,,2207.11,2783816,no,,"individual (unlabeled, code-type screen only)",Unlabeled EOA
lending split,aave-core,1,0x1175250b4cedca8509fe3d574930d7fbae5cdb2f,EOA,wallet,,no,,2206.08,1110078,no,,,no label; no vault counterparty in latest ERC-20 transfers (Ethereum) or registry match
lending split,aave-core,1,0xe904a30cb6b54cd8e436edb7f0802573d2b5672f,EOA,wallet,,no,,2188.72,2088025,no,,,no label; no vault counterparty in latest ERC-20 transfers (Ethereum) or registry match
lending split,spark,1,0xcb7e0558be839953ce3131657a1100444d1938b7,EOA,wallet,,no,,2166.54,1911487,no,,,no label; no vault counterparty in latest ERC-20 transfers (Ethereum) or registry match
lending split,morpho,1,0xab4238afb54497db41edd5601327ede78a038ece,EOA,wallet,,no,,2153.63,1573305,no,,,no label; no vault counterparty in latest ERC-20 transfers (Ethereum) or registry match
venue sweep: liquity,Liquity v2 (BOLD) Liquity v2 (BOLD) branch 1 (wstETH/BOLD),1,0x76eb7232943aae8546440a945c2d6bdd146c0299,DSProxy,personal,,no,,2146.69,2988600,no,,,per-user smart account
lending split,fluid,1,0x57a13950027a52ec31d48ad7a01675c04941e8f1,EIP-7702,wallet,,no,,2124.11,2851619,no,,,no label; no vault counterparty in latest ERC-20 transfers (Ethereum) or registry match
venue sweep: aave_aave-gnosis,aave-gnosis,100,0xa99640210d21a7318c3b85c19ce5b3d49251e04d,EOA,wallet,,no,,2110.04,1004109,no,,,no label; no vault counterparty in latest ERC-20 transfers (Ethereum) or registry match
lending split,spark,1,0xf368d43f148e1803ec793670183b0ca6a07d3898,EOA,wallet,,no,,2073.07,2652831,no,,"individual (unlabeled, after automated checks)",Unlabeled EOA
lending split,aave-core,1,0x06b50641cc4c6e3a08903052ec86d4d770f60c36,EIP-7702,wallet,,no,,2066.95,2999670,no,,,no label; no vault counterparty in latest ERC-20 transfers (Ethereum) or registry match
lending split,aave-core,1,0x160f6ef9fcdde6ff3febc7a57edbfd476a8aab5b,EOA,wallet,,no,,2064.67,2007286,no,,individual,Unlabeled EOA funded by Binance 16
lending split,compound-v3,1,0x7b852ebc448b3638f971bac2c463db6578634f11,Safe 1-of-1,wallet,"Safe 1-of-1 (Aave, Compound, Liquity v2 troves)",no,,2055.38,932569,no,none,,Safe 1-of-1 of 0xe5ebcde1; no vault counterparty
lending split,morpho,8453,0x5255926568cc8c857314b4894350292098a049c5,EIP-7702,wallet,,no,,2039.23,1382326,no,,,Base Account
lending split,aave-core,1,0xd5e71e78ec5f1448c0b1d19df25bbbc9c9c768a3,EOA,wallet,,no,,2032.09,563893,no,,,no label; no vault counterparty in latest ERC-20 transfers (Ethereum) or registry match
lending split,spark,1,0xc5655450d4d738869d003b24b4ded842cea5af78,EOA,wallet,,no,,2027.03,2328645,no,,,no label; no vault counterparty in latest ERC-20 transfers (Ethereum) or registry match
lending split,spark,1,0xcfcce06af0ee209dfa340247199057fe619c98c9,EOA,wallet,,no,,2026.36,2259685,no,,,no label; no vault counterparty in latest ERC-20 transfers (Ethereum) or registry match
lending split,aave-core,1,0x7c1593c39b048bb19e255679ba8505ac7e5f4d12,EIP-7702,wallet,,no,,2016.43,2022266,no,,,no label; no vault counterparty in latest ERC-20 transfers (Ethereum) or registry match
lending split,fluid,1,0xcbde5b2d234a2b45b95866c3bcdc7cf5d70d78f8,EOA,wallet,,no,,2015.24,1990777,no,,,no label; no vault counterparty in latest ERC-20 transfers (Ethereum) or registry match
lending split,aave-base,8453,0xb700e098e48ce189a08b63c484a06a59e2afcbe5,EOA,wallet,,no,,2013.03,743356,no,,,Base Account
lending split,morpho,1,0x7ac4810abae4bb876812e40b11dcfdb8abc95b28,Safe 4-of-7,wallet,,no,,2010.0,3023523,no,,,no label; no vault counterparty in latest ERC-20 transfers (Ethereum) or registry match
lending split,compound-v3,1,0x2756bb9746af8355f85394c5d034897ba2635e0c,Instadapp DSA,personal,,no,,2003.37,12898403,no,,individual (per-user smart account),per-user smart account
venue sweep: liquity,Liquity v1 (LUSD) ETH/LUSD,1,0xb42884463079951dedf4f8840d5fd610c3ec6d94,DSProxy,personal,,no,,2000.65,453067,no,,,per-user smart account
lending split,aave-core,1,0xe4925c837f3249aa8e89b0403a3d05af2e41eb15,DSProxy,personal,,no,,2000.02,2411754,no,,,per-user smart account
lending split,compound-v3,1,0x5ac013591b05218cbe8279fecf3087e29ad15539,EOA,wallet,,no,,2000.0,2523839,no,,,no label; no vault counterparty in latest ERC-20 transfers (Ethereum) or registry match
lending split,aave-core,1,0xaa2a33c424b92cdc042e40c522cb48e586e83026,EOA,wallet,,no,,1992.64,1618348,no,,,no label; no vault counterparty in latest ERC-20 transfers (Ethereum) or registry match
lending split,spark,1,0xcb68229037a40dac8cba39dc417b6d6de8d29e14,EOA,wallet,,no,,1992.64,2058567,no,,,no label; no vault counterparty in latest ERC-20 transfers (Ethereum) or registry match
lending split,morpho,1,0x3beb6259798772dda858accae943bac785565999,EOA,wallet,,no,,1986.79,2710214,no,,,no label; no vault counterparty in latest ERC-20 transfers (Ethereum) or registry match
venue sweep: curve,Curve crvUSD mint weETH/crvUSD,1,0x1b36972588d214aea7b8f5322f349246bf571cd6,EOA,wallet,,no,,1983.51,3004956,no,,individual,Same cluster as 0x28355886 (sends to it and to funder 0x4352cc84)
lending split,spark,1,0x32f4d9934be2d7948c7551953bcef018ba4f559f,EOA,wallet,,no,,1971.71,2093119,no,,,no label; no vault counterparty in latest ERC-20 transfers (Ethereum) or registry match
lending split,aave-core,1,0x13ffb3286d8d371785e6288588be88e4356555b7,EOA,wallet,,no,,1969.83,3290029,no,,,no label; no vault counterparty in latest ERC-20 transfers (Ethereum) or registry match
lending split,aave-core,1,0xa0b26a453763cf34b41c922b0b795fba04822c17,EOA,wallet,,no,,1963.32,1769705,no,,,no label; no vault counterparty in latest ERC-20 transfers (Ethereum) or registry match
lending split,aave-core,1,0x0514f2f3e0277c47117e3f33d9390efb0acfbdfe,EOA,wallet,,no,,1950.05,3035868,no,,"individual (unlabeled, code-type screen only)",Unlabeled EOA
lending split,aave-core,1,0x66466428990e0f42a4c54f64bee0db6bf2336de5,EOA,wallet,,no,,1935.48,2287974,no,,,no label; no vault counterparty in latest ERC-20 transfers (Ethereum) or registry match
lending split,aave-core,1,0x9df8dd68c73b096cd9c0c4963fe89613df40a1cf,EOA,wallet,,no,,1931.87,2325779,no,,,no label; no vault counterparty in latest ERC-20 transfers (Ethereum) or registry match
lending split,aave-core,1,0x80e6c4918ce508c08f7e4298f64464044cf79db7,EOA,wallet,,no,,1929.65,1658299,no,,,holdoor.eth
lending split,aave-core,1,0xa313262a5856021164bd4a5d2dda65bc018bc758,EOA,wallet,,no,,1909.85,1937952,no,,,no label; no vault counterparty in latest ERC-20 transfers (Ethereum) or registry match
lending split,aave-core,1,0x0176530b06f678b20f836c982ed3ae82a47efe57,EOA,wallet,,no,,1869.22,2356677,no,,,no label; no vault counterparty in latest ERC-20 transfers (Ethereum) or registry match
lending split,aave-core,1,0xb488f4e220a1cdd0b8d818be11a3713f73a35eb6,EOA,wallet,,no,,1865.01,1092500,no,,,no label; no vault counterparty in latest ERC-20 transfers (Ethereum) or registry match
lending split,aave-core,1,0x984119ba38f6da0888441b84ada980eafe84a60c,Summer.fi DPM,personal,,no,,1823.54,1775482,no,,,per-user smart account
lending split,aave-core,1,0x74c006cb1abe7cc2680d54f5a66870fb0fea912e,EOA,wallet,,no,,1817.83,399572,no,,,no label; no vault counterparty in latest ERC-20 transfers (Ethereum) or registry match
lending split,aave-core,1,0xf84dda9ef2cee60fed034b7a53a8ae7c3f100e41,EOA,wallet,,no,,1805.51,1754450,no,,,no label; no vault counterparty in latest ERC-20 transfers (Ethereum) or registry match
lending split,aave-core,1,0x4debdd6cee25b2f931d2fe265d70e1a533b02453,Safe 3-of-7,wallet,,no,,1798.91,2269955,no,,"individual (unlabeled, code-type screen only)",Unlabeled GnosisSafeProxy GnosisSafe
lending split,aave-v4,1,0x830ea0d87457bcd10698f23191980a9413c24ad6@0x973a023a,Safe 1-of-1,wallet,,no,,1780.44,2469337,no,,,no label; no vault counterparty in latest ERC-20 transfers (Ethereum) or registry match
lending split,aave-base,8453,0xa122687285dc5012141055a801045f069112e7c6,EOA,private,rSHARE vault #1 manager (private),no,,1778.94,2111436,excluded (private),excluded,product vault/strategy wallet,gap scan: manager of a private rSHARE WETH vault
lending split,aave-core,1,0xae01e49a7d062f12dd130145a6558a43bb2eb287,EOA,wallet,,no,,1775.05,400374,no,,,no label; no vault counterparty in latest ERC-20 transfers (Ethereum) or registry match
lending split,aave-core,1,0x42d13efa958586ff2d3ec20956d44dad8da55864,EOA,wallet,,no,,1765.75,951699,no,,,no label; no vault counterparty in latest ERC-20 transfers (Ethereum) or registry match
lending split,aave-core,1,0x7e88c88c0f497979a76876e75703d6ca0e16ab0a,Summer.fi DPM,personal,,no,,1762.7,1334480,no,,,per-user smart account
lending split,compound-v3,1,0x7ba7f4773fa7890bad57879f0a1faa0edffb3520,EOA,wallet,,no,,1757.15,37815419,no,,individual,Unlabeled EOA funded by Gemini (2017); mostly WBTC collateral
lending split,compound-v3,1,0xd66a63b4d938cf19ae7006109a37f3bb357dbe96,EOA,wallet,,no,,1755.0,4701559,no,,,no label; no vault counterparty in latest ERC-20 transfers (Ethereum) or registry match
lending split,aave-core,1,0x38a3f675970f85deba1839b5d46bd9ef5d3214a9,EOA,wallet,,no,,1751.94,1359958,no,,,no label; no vault counterparty in latest ERC-20 transfers (Ethereum) or registry match
lending split,fluid,1,0xbc38b5975efd7330ee3db7e85eb46135f6b36913,EOA,wallet,,no,,1736.46,2320258,no,,,no label; no vault counterparty in latest ERC-20 transfers (Ethereum) or registry match
lending split,aave-core,1,0x5accecb17c28d3a2e789f34346dda674daf1408b,EOA,wallet,,no,,1733.91,1230718,no,,,no label; no vault counterparty in latest ERC-20 transfers (Ethereum) or registry match
lending split,morpho,747474,0xb867416a190c0d9050e941d4c19c7ac77cefa747,EOA,wallet,,no,,1729.92,1575250,no,,,no label; no vault counterparty in latest ERC-20 transfers (Ethereum) or registry match
lending split,aave-core,1,0x05ac2c01661eb6aba0f88a78dc306c84af90bf69,EOA,wallet,,no,,1722.59,1410070,no,,,no label; no vault counterparty in latest ERC-20 transfers (Ethereum) or registry match
lending split,aave-core,1,0x03e5637c67b82af9b204187c5e89c4bfff5270e3,EIP-7702,wallet,,no,,1720.99,1498361,no,,,no label; no vault counterparty in latest ERC-20 transfers (Ethereum) or registry match
lending split,aave-core,1,0x6463f53d916cb7741a05a2c11aebdbd7324342f5,EOA,wallet,,no,,1720.26,2000966,no,,,no label; no vault counterparty in latest ERC-20 transfers (Ethereum) or registry match
lending split,aave-v4,1,0x7dedea128c251bc79bfd6d26bb7e5678cc2dbc26@0x973a023a,EOA,wallet,,no,,1712.81,1298215,no,,,no label; no vault counterparty in latest ERC-20 transfers (Ethereum) or registry match
lending split,aave-core,1,0xd1c9df0d3ea9efc2c27703c69a7adf0a5354a65e,EOA,wallet,,no,,1702.21,1233725,no,,,no label; no vault counterparty in latest ERC-20 transfers (Ethereum) or registry match
lending split,aave-core,1,0xee3e3374b131bfd6fb9e76986678fcc843c2e6e9,EOA,wallet,,no,,1687.62,1332796,no,,,no label; no vault counterparty in latest ERC-20 transfers (Ethereum) or registry match
lending split,aave-core,1,0x2696276e2bcb087eb59eb0e0277b971f33fe356a,EOA,wallet,,no,,1687.16,1476661,no,,,no label; no vault counterparty in latest ERC-20 transfers (Ethereum) or registry match
lending split,aave-prime,1,0x76d0fea3766b45aa3d851749fd3ced5547c62deb,EOA,wallet,,no,,1683.71,2525595,no,,,no label; no vault counterparty in latest ERC-20 transfers (Ethereum) or registry match
lending split,aave-core,1,0xe68d7a6c421e2d220b5840116008c9abdbcf53b2,EOA,wallet,,no,,1683.4,1093286,no,,,no label; no vault counterparty in latest ERC-20 transfers (Ethereum) or registry match
venue sweep: curve,Curve crvUSD mint wstETH/crvUSD,1,0x46a83dc1a264bff133db887023d2884167094837,EOA,wallet,,no,,1676.89,1250474,no,,,no label; no vault counterparty in latest ERC-20 transfers (Ethereum) or registry match
lending split,aave-core,1,0x789268fa8b0704aff44ace685703ad81759030b3,Safe 2-of-5,wallet,,no,,1674.29,1111011,no,,,no label; no vault counterparty in latest ERC-20 transfers (Ethereum) or registry match
lending split,aave-core,1,0x5a96d78d63d4f3482b2c2d96915350082036d8c5,Summer.fi DPM,personal,,no,,1657.39,1410125,no,,,per-user smart account
lending split,aave-core,1,0xf3ac4d503991ed1aba52b03f7cb4e7b4210ab92c,EOA,wallet,,no,,1655.6,2353180,no,,,no label; no vault counterparty in latest ERC-20 transfers (Ethereum) or registry match
lending split,aave-core,1,0x785bcb5a3b08095662e2d92cc22f221bda651b44,EOA,wallet,,no,,1650.34,1664357,no,,,no label; no vault counterparty in latest ERC-20 transfers (Ethereum) or registry match
lending split,aave-core,1,0x880851a20750faebd1fe460f8c10878fef5c514a,Ambire,personal,,no,,1640.79,1662825,no,,,per-user smart account
lending split,aave-core,1,0x77f922639ea1f62da11d6cc33cd224b6786f4244,EOA,wallet,,no,,1619.84,1649682,no,,,no label; no vault counterparty in latest ERC-20 transfers (Ethereum) or registry match
lending split,spark,1,0x916792f7734089470de27297903bed8a4630b26d,EOA,wallet,,no,,1619.02,2065473,no,,,no label; no vault counterparty in latest ERC-20 transfers (Ethereum) or registry match
lending split,aave-core,1,0x2c08b7d5e0c9315c1a837706de820ca109c9e396,EOA,wallet,,no,,1617.54,1638928,no,,,no label; no vault counterparty in latest ERC-20 transfers (Ethereum) or registry match
venue sweep: liquity,Liquity v1 (LUSD) ETH/LUSD,1,0x3170bd1144e67e4f146a22a1307c1d10b9f4ab81,EOA,wallet,,no,,1615.32,667249,no,,,no label; no vault counterparty in latest ERC-20 transfers (Ethereum) or registry match
venue sweep: maker,Sky/Maker ETH-A,1,0x4bc8d9538640dc194389ef97273efd1d6d70232e,DSProxy,personal,,no,,1601.0,1210637,no,,,per-user smart account
lending split,aave-v4,1,0x3fc4a4cb4d394d25207d65c437fc8a5285336a7d@0x94e7a5dc,EOA,wallet,,no,,1596.58,100126,no,,,no label; no vault counterparty in latest ERC-20 transfers (Ethereum) or registry match
lending split,aave-arbitrum,42161,0x1b9d81e4be4664fb4021c32c83ac366224c009d3,EOA,wallet,,no,,1591.96,1355648,no,,,no label; no vault counterparty in latest ERC-20 transfers (Ethereum) or registry match
lending split,aave-core,1,0x12dcdd86709b4855990d69000ba766b7b470199b,EOA,wallet,,no,,1590.39,1847850,no,,,no label; no vault counterparty in latest ERC-20 transfers (Ethereum) or registry match
lending split,spark,1,0xc868bfb240ed207449afe71d2ecc781d5e10c85c,Safe 3-of-6,product,Lagoon 9Summits Flagship ETH (9SETH),yes,121,1590.11,1503875,no,lagoon (farming),,vault 0x07ed467a safe() = this Safe at T; Safe 3-of-6 with Zodiac Roles; weETH on Spark against USDS
lending split,aave-core,1,0xc5fa07535ef970d29d96cfea175e4cff1b2e16e2,EOA,wallet,,no,,1587.07,1476298,no,,,no label; no vault counterparty in latest ERC-20 transfers (Ethereum) or registry match
lending split,aave-core,1,0x7ef216afdf22d1b336169a0c4bb7b5a531d1e528,EOA,wallet,,no,,1582.98,2331107,no,,,no label; no vault counterparty in latest ERC-20 transfers (Ethereum) or registry match
lending split,aave-v4,1,0xd28696855d98ab7896f4e45621165918700e8763@0x94e7a5dc,EOA,wallet,,no,,1581.97,100000,no,,,no label; no vault counterparty in latest ERC-20 transfers (Ethereum) or registry match
lending split,aave-core,1,0xc96b4e2729556b7e24bd6d1de7df8f98a3f23605,Safe 2-of-5,wallet,,no,,1576.24,2205724,no,,,no label; no vault counterparty in latest ERC-20 transfers (Ethereum) or registry match
lending split,aave-v4,1,0x1362f1369a5e52f933861163132699aadec12cb2@0x94e7a5dc,EOA,wallet,,no,,1572.2,335296,no,,,no label; no vault counterparty in latest ERC-20 transfers (Ethereum) or registry match
lending split,aave-core,1,0xb7bf01d9871ddd13e6faf990d0ea97d7f1cf48b7,EOA,wallet,,no,,1571.69,1093783,no,,,no label; no vault counterparty in latest ERC-20 transfers (Ethereum) or registry match
venue sweep: liquity,Liquity v1 (LUSD) ETH/LUSD,1,0x60e69297e961794d226d01695619b019dcee1ef8,EOA,wallet,,no,,1550.4,445498,no,,,no label; no vault counterparty in latest ERC-20 transfers (Ethereum) or registry match
lending split,morpho,1,0xcf7e7c56614b6e22b0043895a37e3858971ec904,EOA,wallet,,no,,1536.2,2233875,no,,,no label; no vault counterparty in latest ERC-20 transfers (Ethereum) or registry match
venue sweep: maker,Sky/Maker ETH-A,1,0x46f8e38c34d72649b08fabeaab875826197be59f,Safe,wallet,,no,,1534.32,1083187,no,,,no label; no vault counterparty in latest ERC-20 transfers (Ethereum) or registry match
lending split,morpho,1,0x49e96e255ba418d08e66c35b588e2f2f3766e1d0,EOA,wallet,,no,,1529.87,2078910,no,,,no label; no vault counterparty in latest ERC-20 transfers (Ethereum) or registry match
lending split,aave-core,1,0x3dc606ce9cca12196917a3267a8ae7008e018958,EOA,wallet,,no,,1526.26,1249888,no,,,no label; no vault counterparty in latest ERC-20 transfers (Ethereum) or registry match
venue sweep: dolomite,dolomite DolomiteMargin 0x003Ca23Fd5F0ca87D01F6eC6CD14A8AE60c2b97D,1,0x5be9a4959308a0d0c7bc0870e319314d8d957dbb,Safe,private,Dolomite Safe with WLFI/USD1 book (treasury),no,,1515.89,91385118,no,none,,"Safe 3-of-5; WETH and mETH beside USD1, USDC and 1.99B WLFI collateral; USD1/USDC debt; ETH is 3.5 to 18.5% of collateral value"
lending split,aave-core,1,0x17cea413972deddc70c4386b57dcbbc3fcb17e92,EOA,wallet,,no,,1513.21,1127152,no,,,no label; no vault counterparty in latest ERC-20 transfers (Ethereum) or registry match
lending split,aave-core,1,0x98cb1557beabdf403d4ff7a44677769a6a0a5eb0,EOA,wallet,,no,,1500.73,1681801,no,,,no label; no vault counterparty in latest ERC-20 transfers (Ethereum) or registry match
venue sweep: liquity,Liquity v1 (LUSD) ETH/LUSD,1,0xc0e12a9b712f91f79e6bb718c86dcc6b7a5a36d4,EOA,wallet,,no,,1500.0,574587,no,,,no label; no vault counterparty in latest ERC-20 transfers (Ethereum) or registry match
lending split,aave-core,1,0x41f18c7d037a523d5473150276b25ddcd774d8ac,EOA,wallet,,no,,1499.91,2799586,no,,,no label; no vault counterparty in latest ERC-20 transfers (Ethereum) or registry match
lending split,compound-v3,1,0x52b042beac8a62ac3f4a8177f3031364485793be,EOA,wallet,,no,,1495.23,1159462,no,,,neostar.eth
lending split,aave-core,1,0x5c2f3ae93d06d484c096ea4124ee65ca339bfd31,EOA,wallet,,no,,1494.48,1108738,no,,,no label; no vault counterparty in latest ERC-20 transfers (Ethereum) or registry match
lending split,aave-core,1,0xf151ed2caedbda83c17ae39d6990d92909fcf529,Instadapp DSA,personal,,no,,1494.25,1145653,no,,individual (per-user smart account),per-user smart account
lending split,aave-core,1,0x64f7eb44fcabb052712991c1d5f0d18ca0132fd0,EOA,wallet,,no,,1486.23,1337381,no,,,no label; no vault counterparty in latest ERC-20 transfers (Ethereum) or registry match
lending split,aave-core,1,0x1eb7764bc684b8ea2285b4ca431ad465f989103c,Summer.fi DPM,personal,,no,,1475.35,1774324,no,,,per-user smart account
lending split,aave-core,1,0xdf2609ec3d2e07a79d2e25e52960e75250bd9aaa,EOA,wallet,,no,,1469.68,2491378,no,,"individual (unlabeled, code-type screen only)",Unlabeled EOA
lending split,aave-core,1,0xefc9b9d719cec7a6de25fb0dd55074e06ca47357,EOA,wallet,,no,,1454.68,792782,no,,,no label; no vault counterparty in latest ERC-20 transfers (Ethereum) or registry match
venue sweep: maker,Sky/Maker ETH-A,1,0xf5f6d6246366f5cbf50238d2dbdc3a48ff4e30d4,DSProxy,personal,,no,,1448.5,1298390,no,,,per-user smart account
lending split,aave-core,1,0x011b0a055e02425461a1ae95b30f483c4ff05be7,EOA,wallet,,no,,1436.43,1258236,no,,,cucbku.eth
lending split,aave-core,1,0x1271836313a2b692858f96d88118176e72d9ed74,EOA,wallet,,no,,1433.81,1414293,no,,,no label; no vault counterparty in latest ERC-20 transfers (Ethereum) or registry match
lending split,spark,1,0x6c413690c19cfc80c3db3211c80993bf642c6456,EOA,wallet,,no,,1432.21,1749358,no,,,no label; no vault counterparty in latest ERC-20 transfers (Ethereum) or registry match
lending split,aave-core,1,0xdda32f05690d185468629966e1415cf87bc7424c,EOA,wallet,,no,,1432.03,1149607,no,,,no label; no vault counterparty in latest ERC-20 transfers (Ethereum) or registry match
venue sweep: curve,Curve crvUSD mint wstETH/crvUSD,1,0x535694f279284faee42c7764dc2eee958d255a14,EIP-7702,wallet,,no,,1429.7,1188378,no,,,no label; no vault counterparty in latest ERC-20 transfers (Ethereum) or registry match
lending split,aave-arbitrum,42161,0x965fdcce9577f14ed1e1db2e9efc29e255a2549e,EOA,wallet,,no,,1425.36,1029816,no,,,no label; no vault counterparty in latest ERC-20 transfers (Ethereum) or registry match
lending split,aave-core,1,0xfa674c5ab2564c4de9e17631ebda41fee91710ec,EOA,wallet,,no,,1424.15,2271859,no,,,no label; no vault counterparty in latest ERC-20 transfers (Ethereum) or registry match
lending split,aave-v4,1,0xa56da9bb528fedf8379b02e95fbbdad34d45846f@0x94e7a5dc,EOA,private,rSHARE vault #3 manager (private),no,,1422.38,2000033,excluded (private),excluded,product vault/strategy wallet,gap scan: manager of a private rSHARE WETH vault
lending split,aave-core,1,0x25ec7cbf50873a1078c5b4d471546a1a09fc75d7,EOA,wallet,,no,,1422.29,1458720,no,,,no label; no vault counterparty in latest ERC-20 transfers (Ethereum) or registry match
lending split,aave-core,1,0x9407253bbd6f8ce7c1f061792a495a54e5cbb911,EOA,wallet,,no,,1421.15,782036,no,,,no label; no vault counterparty in latest ERC-20 transfers (Ethereum) or registry match
lending split,aave-core,1,0xa4cbe661ac2305960d6495572d3e10c87d2a2c92,EOA,wallet,,no,,1405.96,1060191,no,,,no label; no vault counterparty in latest ERC-20 transfers (Ethereum) or registry match
lending split,aave-core,1,0x6cc60a0b57bc882a0471980d0e2d4ad7ddf3c4bd,EOA,counted,carry:avant-aveth,yes,,1402.1,2211013,yes,carry:avant-aveth,product vault/strategy wallet,listed in carry_lending_snapshot.json
lending split,aave-core,1,0x57055f6acf6c2d308e9eac3f4768c52855741076,EOA,wallet,,no,,1401.5,862022,no,,,no label; no vault counterparty in latest ERC-20 transfers (Ethereum) or registry match
lending split,aave-core,1,0x161af905bf20e99d7cd487c88c59c7570babc77c,EOA,wallet,,no,,1401.19,1382592,no,,,no label; no vault counterparty in latest ERC-20 transfers (Ethereum) or registry match
venue sweep: curve,Curve crvUSD mint wstETH/crvUSD,1,0xb1906e61465706d4ce368093dc6cc8bc68a37f56,EOA,wallet,,no,,1389.76,1494886,no,,,no label; no vault counterparty in latest ERC-20 transfers (Ethereum) or registry match
lending split,aave-core,1,0x462882810293a15ae942aef9942cb939de335ccf,EOA,wallet,,no,,1384.42,2181524,no,,,no label; no vault counterparty in latest ERC-20 transfers (Ethereum) or registry match
lending split,aave-core,1,0x298de467d7b37e9d3f5d5515ce86c54a272bc666,EOA,wallet,,no,,1383.42,1283570,no,,,no label; no vault counterparty in latest ERC-20 transfers (Ethereum) or registry match
lending split,aave-core,1,0xf4b71fa8d983f16b83484f05838aad4ab3fe3918,EOA,wallet,,no,,1360.21,1408435,no,,,no label; no vault counterparty in latest ERC-20 transfers (Ethereum) or registry match
lending split,aave-core,1,0x0d40d9578e1d86abdaf7ea02d0c53d53cba320bd,EOA,wallet,,no,,1350.18,1419752,no,,,no label; no vault counterparty in latest ERC-20 transfers (Ethereum) or registry match
lending split,aave-core,1,0xae0bb217caf886220f69dd9d3852cf5536f3ef1a,EOA,wallet,,no,,1345.77,992381,no,,,no label; no vault counterparty in latest ERC-20 transfers (Ethereum) or registry match
lending split,aave-core,1,0xa189fea7d8be09e7a644d0e5ca19c548524894d7,EIP-7702,wallet,,no,,1343.58,2505508,no,,,no label; no vault counterparty in latest ERC-20 transfers (Ethereum) or registry match
lending split,spark,1,0x3eaa52e32268ccd2322418fdb1dde03fbb5d66c4,EOA,wallet,,no,,1341.84,1024824,no,,,no label; no vault counterparty in latest ERC-20 transfers (Ethereum) or registry match
lending split,spark,1,0x563617b87d8bb3f2f14bb5a581f2e19f80b52008,EOA,wallet,,no,,1340.99,2813390,no,,,no label; no vault counterparty in latest ERC-20 transfers (Ethereum) or registry match
lending split,aave-core,1,0xff5baf06e7828576b106734ce1308b5292e37faa,Summer.fi DPM,personal,,no,,1338.49,971662,no,,,per-user smart account
lending split,aave-core,1,0xf53bbe63ba7d217ea2b3c2879aa4adb85d428fc4,EOA,wallet,,no,,1337.76,1556018,no,,,no label; no vault counterparty in latest ERC-20 transfers (Ethereum) or registry match
lending split,compound-v3,1,0x2422bfcc68dc9287043374cb09371b94507c0eee,Safe 1-of-1,wallet,,no,,1337.71,2267362,no,,,no label; no vault counterparty in latest ERC-20 transfers (Ethereum) or registry match
lending split,aave-core,1,0xd8bdbef6398881e45e6af0944cfc1f200d2ca027,EOA,wallet,,no,,1330.48,1089879,no,,,no label; no vault counterparty in latest ERC-20 transfers (Ethereum) or registry match
lending split,aave-core,1,0x203962b5aa6f23224496a4cf6c85efca668ebd3b,EOA,wallet,,no,,1320.09,1024052,no,,,no label; no vault counterparty in latest ERC-20 transfers (Ethereum) or registry match
lending split,aave-core,1,0xcf3c96b0f299208b085fd3746ffb9a6fe5482523,EOA,wallet,,no,,1317.14,1037887,no,,,no label; no vault counterparty in latest ERC-20 transfers (Ethereum) or registry match
lending split,morpho,1,0xc91fc9dd7f1bb6ec429eddb577b9ace6236b2147,EOA,wallet,,no,,1313.83,2099094,no,,,no label; no vault counterparty in latest ERC-20 transfers (Ethereum) or registry match
lending split,spark,1,0xf078969e55cabf9ae3f26afeb5ec627b4430f19e,EOA,wallet,,no,,1305.51,1506746,no,,"individual (unlabeled, code-type screen only)",Unlabeled EOA
lending split,compound-v3,1,0x9a443ef0eeae228aaaef0df8b96ead1154bcc9c0,Instadapp DSA,personal,,no,,1301.0,1131201,no,,,per-user smart account
venue sweep: maker,Sky/Maker ETH-C,1,0xd59e6c2336d230129b79b34ee384871323895d68,DSProxy,personal,,no,,1294.0,675715,no,,,per-user smart account
lending split,compound-v3,1,0x75d3bd744a4e5db57f7862949e95075013b31841,EOA,wallet,,no,,1292.09,1289775,no,,,no label; no vault counterparty in latest ERC-20 transfers (Ethereum) or registry match
lending split,morpho,1,0x968d29b3d34e4354942afd013fa2409aec36ffa3,Safe 2-of-4,wallet,,no,,1291.99,1014951,no,,,no label; no vault counterparty in latest ERC-20 transfers (Ethereum) or registry match
lending split,morpho,8453,0xd29942b6c36d7e8e4784402703c0f1df07953576,Coinbase Smart Wallet,personal,,no,,1276.6,1018048,no,,,per-user smart account
lending split,morpho,8453,0x6abb9aeb93e9af04c8d9fd2b84bf6ca8edc3eaf2,Coinbase Smart Wallet,personal,,no,,1272.87,1018633,no,,,per-user smart account
lending split,aave-core,1,0x017c6aadc908c7299717ad023d7dac36a626f8a8,Safe 1-of-1,wallet,,no,,1271.63,557877,no,,,no label; no vault counterparty in latest ERC-20 transfers (Ethereum) or registry match
lending split,aave-core,1,0xe98134dce5959eb8d13b7d6543b8e16a20ed973e,Safe 3-of-5,wallet,,no,,1266.44,1518958,no,,,no label; no vault counterparty in latest ERC-20 transfers (Ethereum) or registry match
venue sweep: maker,Sky/Maker WSTETH-B,1,0x8228b4230fabddc55f81540ccab13e901f199fc9,DSProxy,personal,,no,,1261.65,850658,no,,,per-user smart account
lending split,aave-core,1,0x019a37681d3d343132f5b448f88ad9e1bb81f992,EOA,wallet,,no,,1259.21,1079887,no,,,no label; no vault counterparty in latest ERC-20 transfers (Ethereum) or registry match
lending split,compound-v3,1,0x653b9d11f32b6f0b8bd2ae2724b2de5b031f8d8d,EOA,wallet,,no,,1251.0,8352415,no,,"individual (unlabeled, code-type screen only)",Unlabeled EOA
lending split,aave-core,1,0xe27c19e8a19664798a2c50093ab9a7e2d84fedc2,Safe 1-of-1,wallet,,no,,1248.8,1924427,no,,,no label; no vault counterparty in latest ERC-20 transfers (Ethereum) or registry match
venue sweep: curve,Curve crvUSD mint wstETH/crvUSD,1,0x9d269caf80970c7e854c99db8b0c20868825546b,EOA,wallet,,no,,1248.24,1605032,no,,,no label; no vault counterparty in latest ERC-20 transfers (Ethereum) or registry match
lending split,morpho,8453,0x93c20947353996eb928af059c07546814a7f88c6,EOA,wallet,,no,,1246.2,1028555,no,,,Base Account
lending split,aave-core,1,0x39d787fdf7384597c7208644dbb6fda1cca4ebdf,EOA,wallet,,no,,1245.46,1820965,no,,"individual (unlabeled, code-type screen only)",Unlabeled EOA
lending split,spark,1,0x4f7f57aa120e51477d7b36f95288b88af5b21021,EOA,wallet,,no,,1245.4,1705502,no,,,no label; no vault counterparty in latest ERC-20 transfers (Ethereum) or registry match
lending split,compound-v3,1,0xdf2609ec3d2e07a79d2e25e52960e75250bd9aaa,EOA,wallet,,no,,1245.4,2251847,no,,"individual (unlabeled, code-type screen only)",Unlabeled EOA
lending split,compound-v3,42161,0x7df25ed19086f00e0539c7c9a2a6234e0689905e,EOA,wallet,,no,,1245.4,1455116,no,,"individual (unlabeled, after automated checks)",Unlabeled EOA; funded by Binance 20
lending split,morpho,1,0xb091585da6657786ea2ac7f5e970ea8142ebcc06,EOA,wallet,,no,,1245.23,2071280,no,,,no label; no vault counterparty in latest ERC-20 transfers (Ethereum) or registry match
lending split,aave-core,1,0x027580f5e3f4324b9141342ac7e66beb74c57193,EOA,wallet,,no,,1241.97,1454372,no,,,no label; no vault counterparty in latest ERC-20 transfers (Ethereum) or registry match
venue sweep: liquity,Liquity v1 (LUSD) ETH/LUSD,1,0xa3cc97cfcb38a8b1cac7dc7692557c305d6ac75f,EOA,wallet,,no,,1234.52,473949,no,,,no label; no vault counterparty in latest ERC-20 transfers (Ethereum) or registry match
venue sweep: aave_aave-avalanche,aave-avalanche,43114,0x9cc63fd864e7ff6b839602854a5f7abcacb5a31d,EOA,wallet,,no,,1227.3,1174440,no,,,no label; no vault counterparty in latest ERC-20 transfers (Ethereum) or registry match
lending split,aave-core,1,0x0773ba87a7e1df71c547ee75b1fea7cd9749e619,EOA,wallet,,no,,1223.89,1475430,no,,,no label; no vault counterparty in latest ERC-20 transfers (Ethereum) or registry match
lending split,aave-core,1,0x9446ccb8853ed054d47c9c68d6835b5d67a34112,Safe 2-of-7,wallet,,no,,1223.76,920532,no,,,no label; no vault counterparty in latest ERC-20 transfers (Ethereum) or registry match
lending split,aave-core,1,0xfd93166d4737938e2a2b2e9f237c03bc12a09e0b,EOA,wallet,,no,,1216.87,1427608,no,,,no label; no vault counterparty in latest ERC-20 transfers (Ethereum) or registry match
lending split,spark,1,0xdd647ce113505b34c62412d2a804ce1bfbcfc737,EOA,wallet,,no,,1216.78,2120874,no,,"individual (unlabeled, code-type screen only)",Unlabeled EOA
lending split,aave-core,1,0xb383102addd24fa4f073996ba49e3f7d97c51987,EOA,wallet,,no,,1215.44,1874636,no,,,no label; no vault counterparty in latest ERC-20 transfers (Ethereum) or registry match
lending split,compound-v3,1,0xe37195cefec99ccc722363ba104bb577a490fec9,Instadapp DSA,personal,,no,,1215.26,1512744,no,,,per-user smart account
lending split,aave-core,1,0x68a9857b0e540e5a800151d3e4a33037191a5dc4,EOA,wallet,,no,,1213.59,511752,no,,,no label; no vault counterparty in latest ERC-20 transfers (Ethereum) or registry match
lending split,aave-core,1,0xda63bf61fd17b624db624f2f2944822aec795681,EOA,wallet,,no,,1211.26,733294,no,,,no label; no vault counterparty in latest ERC-20 transfers (Ethereum) or registry match
lending split,spark,1,0x7767fea8bc523ab250b505df3e89a43b9c658e64,EIP-7702,wallet,,no,,1210.62,1773690,no,,,no label; no vault counterparty in latest ERC-20 transfers (Ethereum) or registry match
lending split,aave-core,1,0x39c66b35a98e82968944d2e43b39050e56c6448e,EOA,wallet,,no,,1208.06,1420495,no,,,no label; no vault counterparty in latest ERC-20 transfers (Ethereum) or registry match
lending split,aave-core,1,0xfee5be290d4a1a50caff611389ba2120a4095d78,EIP-7702,wallet,,no,,1206.33,1614309,no,,,no label; no vault counterparty in latest ERC-20 transfers (Ethereum) or registry match
lending split,aave-core,1,0x6bb8bc41e668b7c8ef3850486c9455b5c86830b3,EOA,wallet,,no,,1205.14,722629,no,,,no label; no vault counterparty in latest ERC-20 transfers (Ethereum) or registry match
lending split,aave-core,1,0x3bc22a96ab596c721337103235101d531fc8d386,DSProxy,personal,,no,,1201.93,1304646,no,,,per-user smart account
lending split,fluid,1,0xcc4081f3c1257229759e956dad9140137329b7d8,DSProxy,personal,,no,,1201.0,1465476,no,,,per-user smart account
lending split,aave-core,1,0x25cab486bd21ff44f70f4898294ae31ab406c4e4,Safe 3-of-5,wallet,,no,,1200.48,787318,no,,,no label; no vault counterparty in latest ERC-20 transfers (Ethereum) or registry match
lending split,morpho,8453,0x14264f52f642e373e32a6ebed9e7579d3dfa7669,Coinbase Smart Wallet,personal,,no,,1200.06,761663,no,,,per-user smart account
lending split,aave-core,1,0x4299885e97668415cd67484d4a2c5214480ff76d,EOA,wallet,,no,,1177.08,414398,no,,,no label; no vault counterparty in latest ERC-20 transfers (Ethereum) or registry match
lending split,compound-v3,1,0x1d683ff816c4961b15b9a41fe751db4f4d545faf,Instadapp DSA,personal,,no,,1175.66,820503,no,,,per-user smart account
lending split,fluid,1,0x15db2b5729df80e1f21f264c004cf32881c79ac0,EOA,wallet,,no,,1173.5,1390102,no,,,zkblocks.eth
lending split,aave-core,1,0x3ed451de29d8a2ae07c7d82d21b6084f64399147,EOA,wallet,,no,,1172.84,821611,no,,,no label; no vault counterparty in latest ERC-20 transfers (Ethereum) or registry match
lending split,aave-core,1,0x9574aaa9652ddf86e2b0e130d280919d0f306a02,EOA,wallet,,no,,1171.94,514832,no,,,no label; no vault counterparty in latest ERC-20 transfers (Ethereum) or registry match
lending split,fluid,1,0x34b1530a32272c63ce499975847669fb08bd272c,Instadapp DSA,personal,,no,,1171.21,1157552,no,,,per-user smart account
lending split,aave-core,1,0x83704e750fd9c3204e1616654ae7a54563f22d87,EIP-7702,wallet,,no,,1163.73,1687097,no,,,no label; no vault counterparty in latest ERC-20 transfers (Ethereum) or registry match
lending split,spark,1,0x43911ee0012cdabf825d1ffe3a3e372c9d477618,EOA,wallet,,no,,1159.53,1138079,no,,,no label; no vault counterparty in latest ERC-20 transfers (Ethereum) or registry match
lending split,aave-core,1,0x2ec03b75de2691bbbc410cbe44893e2aaec09ce2,EOA,wallet,,no,,1158.13,1043556,no,,,no label; no vault counterparty in latest ERC-20 transfers (Ethereum) or registry match
lending split,aave-core,1,0x8b43b2852fc5031d01ddfcdf702973d93a2ff593,Safe 3-of-5,wallet,,no,,1145.53,1263834,no,,,no label; no vault counterparty in latest ERC-20 transfers (Ethereum) or registry match
lending split,spark,1,0xf158bcecc70bf0e27baeaf43ecc25a84e45d1d57,EOA,wallet,,no,,1142.48,755846,no,,,no label; no vault counterparty in latest ERC-20 transfers (Ethereum) or registry match
lending split,aave-arbitrum,42161,0x1de5366615bceb1bdb7274536bf3fc9f06aa9c2c,EOA,wallet,,no,,1135.47,1054264,no,,,no label; no vault counterparty in latest ERC-20 transfers (Ethereum) or registry match
lending split,aave-core,1,0xbcfced703a9aee8807e9236f20b1cb23daeffa1b,Instadapp DSA,personal,,no,,1127.2,1206611,no,,,per-user smart account
lending split,aave-core,1,0x84119e837dbef0f4fb877681687a2869b220533b,EOA,wallet,,no,,1123.81,1053008,no,,,Rocket Pool: Eth2 Depositor 152
venue sweep: liquity,Liquity v2 (BOLD) Liquity v2 (BOLD) branch 0 (WETH/BOLD),1,0xdf6e7fd41ef192df5d37f766435162b4e579fdb0,EOA,wallet,,no,,1122.98,2140017,no,,,no label; no vault counterparty in latest ERC-20 transfers (Ethereum) or registry match
venue sweep: maker,Sky/Maker ETH-C,1,0x88a1c2e53fdbeda3373d4f025965ea19cc5ff0a1,DSProxy,personal,,no,,1118.0,717384,no,,,per-user smart account
lending split,aave-core,1,0xaefc72f5820c4c27acb4efbe26a0a0fdeb1f52f5,DSProxy,personal,,no,,1116.94,1214011,no,,,per-user smart account
lending split,spark,1,0xaf70badba460805943be1587a730fd9e3a6291fe,EOA,wallet,,no,,1114.94,950849,no,,,no label; no vault counterparty in latest ERC-20 transfers (Ethereum) or registry match
lending split,morpho,8453,0xf4df8d3feac0552be336c8cba6fffa6fa63898cf,Coinbase Smart Wallet,personal,,no,,1109.21,1020095,no,,,per-user smart account
lending split,morpho,1,0xaace5aeab7265d03487d007e11be7af97ec8ff38,EOA,wallet,,no,,1105.95,1236112,no,,,no label; no vault counterparty in latest ERC-20 transfers (Ethereum) or registry match
lending split,spark,1,0x449be7d5da3415cc23576d13ed56ea0f24947095,EOA,wallet,,no,,1104.88,542653,no,,,no label; no vault counterparty in latest ERC-20 transfers (Ethereum) or registry match
lending split,spark,1,0xd22690e133a432f14226452ce88d92311429a0b7,EIP-7702,wallet,,no,,1102.39,1274069,no,,,no label; no vault counterparty in latest ERC-20 transfers (Ethereum) or registry match
lending split,aave-core,1,0x8ea93d5d15c1bd460ad404e9332fe07146a5eb88,EOA,wallet,,no,,1098.38,321848,no,,,no label; no vault counterparty in latest ERC-20 transfers (Ethereum) or registry match
lending split,aave-core,1,0x6e180a1aa5ab50bb16f07ec1988c89b776d2bab3,EOA,wallet,,no,,1097.07,1351060,no,,,no label; no vault counterparty in latest ERC-20 transfers (Ethereum) or registry match
lending split,spark,1,0x1dd01835e0eb26abe597e2e69ffac1a6cd00283a,EOA,wallet,,no,,1095.99,1028720,no,,,no label; no vault counterparty in latest ERC-20 transfers (Ethereum) or registry match
lending split,aave-arbitrum,42161,0x2f80a52f4f4cc773182b0c2182b6e06451dbf203,EOA,wallet,,no,,1094.69,1471873,no,,,no label; no vault counterparty in latest ERC-20 transfers (Ethereum) or registry match
lending split,aave-prime,1,0x63ddb0d7750aa11251330fea651e2a7fa1db53df,EOA,wallet,,no,,1094.38,1800067,no,,,no label; no vault counterparty in latest ERC-20 transfers (Ethereum) or registry match
lending split,morpho,8453,0x42f66bde6580932bc518fe1d473715a1935e7c9d,Coinbase Smart Wallet,personal,,no,,1082.35,809222,no,,,per-user smart account
venue sweep: maker,Sky/Maker ETH-A,1,0x032759630b617fe082baeed902007bc48670ef35,DSProxy,personal,,no,,1078.89,1031167,no,,,per-user smart account
venue sweep: maker,Sky/Maker ETH-A,1,0x5620a49cbd5c132e89bdd3bd3a6f41ce1343495b,DSProxy,personal,,no,,1069.09,1441044,no,,,per-user smart account
lending split,aave-core,1,0x30848a44eb12472c9397396c27840e74251f7e31,EOA,wallet,,no,,1066.11,1064378,no,,,no label; no vault counterparty in latest ERC-20 transfers (Ethereum) or registry match
lending split,aave-core,1,0xf579c0aafc828dad272bd1ff07a0fcbd08828907,EIP-7702,wallet,,no,,1064.02,723123,no,,,no label; no vault counterparty in latest ERC-20 transfers (Ethereum) or registry match
lending split,aave-core,1,0x84516b90fb55da003d75cbe612fc4235b1d5d970,Safe 2-of-3,wallet,,no,,1059.49,542589,no,,,no label; no vault counterparty in latest ERC-20 transfers (Ethereum) or registry match
lending split,aave-core,1,0x0bcf9c69c930ff32a372f8d66c3466dc87bc59cb,EOA,wallet,,no,,1057.2,1140487,no,,,no label; no vault counterparty in latest ERC-20 transfers (Ethereum) or registry match
lending split,aave-core,1,0x6f3f865b98ec6c37c3db513753767187cdbac105,Summer.fi DPM,personal,,no,,1052.54,547122,no,,,per-user smart account
lending split,morpho,1,0x96307abd00708aecc8f555fdc1ede96e9d3a2aa0,Safe 1-of-1,wallet,,no,,1050.5,1607737,no,,,no label; no vault counterparty in latest ERC-20 transfers (Ethereum) or registry match
lending split,compound-v3,1,0x745869e92b46c5a4b959d5432ecc05a0b87d911a,EOA,wallet,,no,,1050.0,848771,no,,,no label; no vault counterparty in latest ERC-20 transfers (Ethereum) or registry match
lending split,spark,1,0xa55b766754fcb1b1430bdab4d26d5906f0752a91,EOA,wallet,,no,,1045.9,891017,no,,,no label; no vault counterparty in latest ERC-20 transfers (Ethereum) or registry match
lending split,compound-v3,1,0x274b56e812b7951b737e450a22e849860c8ada11,EOA,wallet,,no,,1039.0,3541608,no,,,no label; no vault counterparty in latest ERC-20 transfers (Ethereum) or registry match
lending split,aave-core,1,0xc95c5f74977993e0669adff904be2b23db987b50,EIP-7702,wallet,,no,,1038.76,933111,no,,,no label; no vault counterparty in latest ERC-20 transfers (Ethereum) or registry match
lending split,spark,1,0x6f11d5001393673db848c57dfc6e425bdd530389,EOA,wallet,,no,,1035.13,1303078,no,,,no label; no vault counterparty in latest ERC-20 transfers (Ethereum) or registry match
lending split,aave-core,1,0x97b04a74e1ff181cf833497cfe98781fdad5036c,EOA,wallet,,no,,1034.95,1351751,no,,,no label; no vault counterparty in latest ERC-20 transfers (Ethereum) or registry match
lending split,aave-core,1,0xb3fb71136f90a796a01f82126a372f94438b975b,EOA,wallet,,no,,1034.87,1140088,no,,,no label; no vault counterparty in latest ERC-20 transfers (Ethereum) or registry match
venue sweep: liquity,Liquity v2 (BOLD) Liquity v2 (BOLD) branch 0 (WETH/BOLD),1,0xa7c2b68fe04cd448bccd582063deeb2dce70143b,EOA,wallet,,no,,1029.9,1281889,no,,,no label; no vault counterparty in latest ERC-20 transfers (Ethereum) or registry match
lending split,aave-core,1,0x999eccea3c4f9219b1b1b42b4830e62c26004b40,EOA,wallet,,no,,1028.84,769855,no,,,no label; no vault counterparty in latest ERC-20 transfers (Ethereum) or registry match
lending split,aave-core,1,0x756fad980ae390fad34661643c3709b40dc0d342,Safe 2-of-4,wallet,,no,,1025.82,876146,no,,,no label; no vault counterparty in latest ERC-20 transfers (Ethereum) or registry match
lending split,aave-core,1,0x1f84ca2c0a406b32e083e4e41032fd148364df48,EOA,wallet,,no,,1024.27,637661,no,,,no label; no vault counterparty in latest ERC-20 transfers (Ethereum) or registry match
lending split,aave-core,1,0x85a51c9a326dbc25a4fcc2000bd318af3f2f26fe,Safe 2-of-4,wallet,,no,,1024.07,642125,no,,,no label; no vault counterparty in latest ERC-20 transfers (Ethereum) or registry match
lending split,aave-core,1,0xec7bfa00e4462a474def4457f13b46712173f054,EOA,wallet,,no,,1023.98,1214798,no,,,no label; no vault counterparty in latest ERC-20 transfers (Ethereum) or registry match
lending split,aave-core,1,0x2aea39e27fc87de4a63963687c6e188f062197b4,EOA,wallet,,no,,1022.91,738673,no,,,no label; no vault counterparty in latest ERC-20 transfers (Ethereum) or registry match
lending split,compound-v3,1,0x27c54f37fdc39ac8b3b9e00d1e2f2be19091f4f8,EOA,wallet,,no,,1022.89,1037470,no,,,no label; no vault counterparty in latest ERC-20 transfers (Ethereum) or registry match
lending split,aave-v4,1,0xbdfa4f4492dd7b7cf211209c4791af8d52bf5c50@0x94e7a5dc,EOA,wallet,,no,,1022.5,592156,no,,,no label; no vault counterparty in latest ERC-20 transfers (Ethereum) or registry match
lending split,aave-core,1,0x947b854f27b0ca89a6fed3493a31a34d14ae05fa,EOA,wallet,,no,,1018.89,718694,no,,,no label; no vault counterparty in latest ERC-20 transfers (Ethereum) or registry match
lending split,aave-arbitrum,42161,0xc0ae32b3c0d37d52427001d26c6cbd3ba8797e7c,Instadapp DSA,personal,,no,,1016.81,926880,no,,,per-user smart account
lending split,aave-core,1,0x14c87c6a1eb8f61465ad0abd4256383ddaf779d0,Safe 1-of-1,wallet,,no,,1011.48,796833,no,,,no label; no vault counterparty in latest ERC-20 transfers (Ethereum) or registry match
lending split,aave-core,1,0x8a0aa6935041df43035e33a212a4432f90bf55c8,EIP-7702,wallet,,no,,1010.96,1133583,no,,,no label; no vault counterparty in latest ERC-20 transfers (Ethereum) or registry match
lending split,aave-core,1,0x12aec257cae91e6fe63d8a265688ed872cbe0e47,EOA,wallet,,no,,1008.62,1282515,no,,,no label; no vault counterparty in latest ERC-20 transfers (Ethereum) or registry match
lending split,aave-core,1,0xab4c505e70b9abed3527911b42d72611a604abb5,Safe 2-of-4,wallet,,no,,1006.02,812215,no,,,no label; no vault counterparty in latest ERC-20 transfers (Ethereum) or registry match
lending split,aave-core,1,0x71be524076eaee67bb02ea0f3175ba18c849f69d,EOA,wallet,,no,,1004.73,660451,no,,,no label; no vault counterparty in latest ERC-20 transfers (Ethereum) or registry match
venue sweep: aave_aave-avalanche,aave-avalanche,43114,0x8217cc277a8edfda132a0123761e1d2aa795ecc6,EOA,wallet,,no,,1004.3,2028551,no,,,no label; no vault counterparty in latest ERC-20 transfers (Ethereum) or registry match
lending split,spark,1,0x607ebc72f74e00a348b77358b3da31b31ecfad44,EOA,wallet,,no,,1004.1,631196,no,,,no label; no vault counterparty in latest ERC-20 transfers (Ethereum) or registry match
lending split,aave-core,1,0xb4a378e9122986d043c5d909bc58351eadf770ba,EOA,wallet,,no,,1004.03,1059345,no,,,no label; no vault counterparty in latest ERC-20 transfers (Ethereum) or registry match
venue sweep: maker,Sky/Maker ETH-A,1,0x946c4c90ee5d449bef7c8a2d5f2bac0eb6d7a790,DSProxy,personal,,no,,1002.0,203652,no,,,per-user smart account
lending split,aave-core,1,0xc6a6542a034a68f441033404960d9d6646846457,EOA,wallet,,no,,1001.66,904482,no,,,no label; no vault counterparty in latest ERC-20 transfers (Ethereum) or registry match
lending split,aave-v4,1,0xf136a542fd13d5baa07722b8ff02516a1e23df07@0x94e7a5dc,EOA,wallet,,no,,1001.06,1001271,no,,,no label; no vault counterparty in latest ERC-20 transfers (Ethereum) or registry match
lending split,morpho,1,0x3689c216f8f6ce7e2ce2a27c81a23096a787f532,EIP-7702,wallet,,no,,1000.89,2148624,no,,,0x3689c.eth
lending split,aave-core,1,0x7b384b796293f33be4fa32cf5f4698bfa2f0233c,EOA,wallet,,no,,1000.19,100543,no,,,no label; no vault counterparty in latest ERC-20 transfers (Ethereum) or registry match
lending split,aave-core,1,0xc72aed14386158960d0e93fecb83642e68482e4b,EIP-7702,wallet,,no,,1000.15,711932,no,,,no label; no vault counterparty in latest ERC-20 transfers (Ethereum) or registry match
lending split,compound-v3,1,0x1a1cd9c606727a7400bb2da6e4d5c70db5b4cade,EOA,wallet,,no,,1000.0,1060227,no,,,no label; no vault counterparty in latest ERC-20 transfers (Ethereum) or registry match
lending split,spark,1,0x0c0abec98df2f8787ddb83759e30524e15406595,EOA,wallet,,no,,998.57,1063534,no,,,no label; no vault counterparty in latest ERC-20 transfers (Ethereum) or registry match
venue sweep: liquity,Liquity v1 (LUSD) ETH/LUSD,1,0x57ef012861c4937a76b5d6061be800199a2b9100,EOA,wallet,,no,,998.09,380473,no,,,no label; no vault counterparty in latest ERC-20 transfers (Ethereum) or registry match
lending split,compound-v3,42161,0x96d419508c33a731d0931b94717368085bade9b4,EOA,wallet,,no,,996.32,0,no,,,no label; no vault counterparty in latest ERC-20 transfers (Ethereum) or registry match
lending split,aave-core,1,0xb81765a9c8c2b91007a9b3f431c880cfb9b997ce,EOA,wallet,,no,,991.67,644645,no,,,no label; no vault counterparty in latest ERC-20 transfers (Ethereum) or registry match
lending split,aave-core,1,0x62897e744e0c71860ea74bd88858b0f4afbf72dd,EOA,wallet,,no,,989.34,1739959,no,,,no label; no vault counterparty in latest ERC-20 transfers (Ethereum) or registry match
lending split,aave-core,1,0x4ca23fdb0e32712da350ac7e5a7ae1bcd180c7af,EOA,wallet,,no,,986.2,660763,no,,,no label; no vault counterparty in latest ERC-20 transfers (Ethereum) or registry match
lending split,aave-core,1,0x9b4587e725785b115a1ef9e26874046ea84e68f2,Safe 3-of-5,wallet,,no,,985.74,985228,no,,,no label; no vault counterparty in latest ERC-20 transfers (Ethereum) or registry match
lending split,aave-core,1,0x412b9f917ea51238371dbde84a9d81b2807b72bc,EOA,wallet,,no,,980.57,210320,no,,,no label; no vault counterparty in latest ERC-20 transfers (Ethereum) or registry match
lending split,spark,1,0x10280bf912875fdb63c018c6524b4f8858be55a1,EOA,wallet,,no,,977.63,586548,no,,,no label; no vault counterparty in latest ERC-20 transfers (Ethereum) or registry match
lending split,spark,1,0x8d996c3b43ca138da09a2b9287ef0c268dd19508,Safe 1-of-1,wallet,,no,,977.06,933839,no,,,no label; no vault counterparty in latest ERC-20 transfers (Ethereum) or registry match
lending split,morpho,8453,0x8a8fa210d0e3358a7b5d5e7d9192383bd0061300,Coinbase Smart Wallet,personal,,no,,972.27,1031062,no,,,per-user smart account
lending split,compound-v3,1,0x54b21fbba2c36f50f03be1478a5d7e983ffac1bc,EOA,wallet,,no,,971.0,1439986,no,,,no label; no vault counterparty in latest ERC-20 transfers (Ethereum) or registry match
venue sweep: liquity,Liquity v1 (LUSD) ETH/LUSD,1,0x1384b4515544e520956e4fa7f5a10c7fb0ac3729,EOA,wallet,,no,,967.48,408710,no,,,no label; no vault counterparty in latest ERC-20 transfers (Ethereum) or registry match
lending split,spark,1,0xc0ba9fd6fd13b87f71cf6d665d7f1ebec592c7c0,EOA,wallet,,no,,966.03,1190027,no,,,no label; no vault counterparty in latest ERC-20 transfers (Ethereum) or registry match
lending split,aave-arbitrum,42161,0x033db59b20bdcdf5dd9ec3ad1f12e7f36e6108d5,EOA,wallet,,no,,965.74,1090044,no,,,no label; no vault counterparty in latest ERC-20 transfers (Ethereum) or registry match
lending split,aave-core,1,0xc18ec7362e7a38ad859e57d9bc7fd25ead6bc336,EOA,wallet,,no,,963.38,836811,no,,,no label; no vault counterparty in latest ERC-20 transfers (Ethereum) or registry match
lending split,morpho,8453,0xfb79af4798d3dd5058014ca385de76a747ed9532,Coinbase Smart Wallet,personal,,no,,959.61,1030096,no,,,per-user smart account
lending split,aave-core,1,0xb69de7b8a29c72cc258898e151fec96e9b3e1b67,EOA,wallet,,no,,950.1,820378,no,,,no label; no vault counterparty in latest ERC-20 transfers (Ethereum) or registry match
venue sweep: liquity,Liquity v1 (LUSD) ETH/LUSD,1,0x308c5a2713154412da157d69095f3db09336d627,Safe,wallet,,no,,950.0,342052,no,,,no label; no vault counterparty in latest ERC-20 transfers (Ethereum) or registry match
lending split,aave-core,1,0x2d4c76b73c0aeb8faf27acfdb242062eaca1a3bd,EOA,wallet,,no,,948.67,495553,no,,,no label; no vault counterparty in latest ERC-20 transfers (Ethereum) or registry match
lending split,spark,1,0x2039ca5c9a445c0cc1b740bb81ca15e3aa6d168a,EOA,wallet,,no,,948.53,297207,no,,,Fee Recipient: 0x2039...68a
lending split,aave-core,1,0xc29d869939ed2500924ffe21494c985c38a50b3e,EOA,wallet,,no,,941.81,1390677,no,,,no label; no vault counterparty in latest ERC-20 transfers (Ethereum) or registry match
lending split,aave-core,1,0xe624fed79e8f5353b13fefa22c82385fdedff348,EOA,wallet,,no,,938.37,512225,no,,,no label; no vault counterparty in latest ERC-20 transfers (Ethereum) or registry match
lending split,compound-v3,1,0x2f77560717b4e8a5e3371a1c6dc12e5630694bcc,Safe 1-of-1,wallet,,no,,938.21,1601704,no,,,no label; no vault counterparty in latest ERC-20 transfers (Ethereum) or registry match
lending split,aave-core,1,0x91a6775ce81d62b74bb7d43f47a2709f8cb50044,EOA,wallet,,no,,938.0,772712,no,,,no label; no vault counterparty in latest ERC-20 transfers (Ethereum) or registry match
lending split,aave-core,1,0x5a537f211709f95bab041342bf0067cddde7ba14,EOA,wallet,,no,,937.39,1546964,no,,,caseycathcart.eth
lending split,aave-core,1,0x362ea82c5424bf44857c99ee08243e2d907eb8b9,EIP-7702,wallet,,no,,936.5,838903,no,,,no label; no vault counterparty in latest ERC-20 transfers (Ethereum) or registry match
lending split,morpho,1,0xf0d0ec695db950b41760113baed965e4a5746c33,Summer.fi DPM,personal,,no,,934.69,1486379,no,,,per-user smart account
lending split,aave-core,1,0xb2bf28b6b0c8e5aaa7458b2898b4c254d4278706,EOA,wallet,,no,,934.22,544555,no,,,no label; no vault counterparty in latest ERC-20 transfers (Ethereum) or registry match
lending split,aave-core,1,0x31edf87a0c5337682a1601e81232e9e065e35d53,EOA,wallet,,no,,933.54,1365249,no,,,no label; no vault counterparty in latest ERC-20 transfers (Ethereum) or registry match
lending split,aave-arbitrum,42161,0xdbd1bac81ad581c7198c9d155ca468f32a0c29dd,EOA,wallet,,no,,933.45,1356256,no,,,no label; no vault counterparty in latest ERC-20 transfers (Ethereum) or registry match
lending split,aave-core,1,0xf821cb496e8bb0e175c9f23ac0b1ccca58d3101e,Safe 2-of-4,wallet,,no,,932.56,1102766,no,,,no label; no vault counterparty in latest ERC-20 transfers (Ethereum) or registry match
lending split,aave-core,1,0x51cc7e0dba0dc53efe57c6dc6cae4da9d74e321f,DSProxy,personal,,no,,924.7,1406853,no,,,per-user smart account
lending split,spark,1,0x41cfe42d221a591c6308dcea419015ba8570b380,contract: AaveLenderBorrowerStrategy,product,Yearn yvWETH-2: Spark wstETH/USDS lender-borrower strategy,yes,131,924.14,1490787,no,yearn-finance (lending),product vault/strategy wallet,"TokenizedStrategy ""Spark wstETH/USDS (yvUSD) Lender Borrower""; asset wstETH; vault 0xac37729b (WETH-2 yVault, 131 holders)"
lending split,aave-core,1,0x53e7d8bc4b5dc0fa58d67b4db9d6b72581278d26,EOA,wallet,,no,,923.8,734870,no,,,no label; no vault counterparty in latest ERC-20 transfers (Ethereum) or registry match
lending split,compound-v3,1,0x8daac37d93c46cc997b1725c2d6bf699d4c41a01,Instadapp DSA,personal,,no,,923.74,1887883,no,,,per-user smart account
lending split,aave-core,1,0x343a6aed149f6412500b6f6bedbe85f3dd23ba91,EOA,wallet,,no,,921.59,641739,no,,,no label; no vault counterparty in latest ERC-20 transfers (Ethereum) or registry match
venue sweep: maker,Sky/Maker ETH-A,1,0x152e1f87b40db4c938d2cabc2d133b767913f666,DSProxy,personal,,no,,918.0,743883,no,,,per-user smart account (owner is a contract 0x938db7cd)
lending split,morpho,8453,0xd59ec2c9f5b5c30f3f1422f49c1a275a8d01265f,Coinbase Smart Wallet,personal,,no,,917.66,1019411,no,,,per-user smart account
lending split,aave-core,1,0xee2e625a780abd8a3e122a15229cbd343a975a16,EOA,wallet,,no,,917.63,750440,no,,,no label; no vault counterparty in latest ERC-20 transfers (Ethereum) or registry match
lending split,aave-core,1,0x9f6e465b94fc2ccb507d39af953e8a503afb2ddd,EOA,wallet,,no,,913.51,900397,no,,,2ddd.eth
lending split,aave-v4,1,0xd637d3d6e73429c298cbe4d86b786e61ddfb672a@0x94e7a5dc,EOA,wallet,,no,,911.67,300813,no,,,no label; no vault counterparty in latest ERC-20 transfers (Ethereum) or registry match
lending split,aave-core,1,0xb5902977b237240a66d31d177793a1f60a8b2e12,EOA,wallet,,no,,908.36,766379,no,,,Fee Recipient: 0xb5...E12
lending split,morpho,8453,0x6ecf2aede22997796574f102e92b5ee82de9f1a1,Coinbase Smart Wallet,personal,,no,,905.5,1666069,no,,,per-user smart account
lending split,morpho,1,0x0d948ec223d11586ffd4940dc176345233d842c1,EIP-7702,wallet,,no,,903.43,1100449,no,,,no label; no vault counterparty in latest ERC-20 transfers (Ethereum) or registry match
lending split,spark,1,0x0f1b4a5ccc852a611155c25a42152c4fe6601999,EOA,wallet,,no,,902.91,729025,no,,,no label; no vault counterparty in latest ERC-20 transfers (Ethereum) or registry match
venue sweep: maker,Sky/Maker ETH-A,1,0xf84b0faac9ff6f611407a9404f80de82dc273651,DSProxy,personal,,no,,900.34,549681,no,,,per-user smart account
venue sweep: fluid_8453,fluid,8453,0xd5025a2071e9cdf36cd7bb9a22e9ae44f20cf530,EIP-7702,wallet,,no,,895.36,709373,no,,,no label; no vault counterparty in latest ERC-20 transfers (Ethereum) or registry match
venue sweep: liquity,Liquity v1 (LUSD) ETH/LUSD,1,0x35f8a4f1e964cc339420700c6548339db0f59609,EOA,wallet,,no,,895.27,277445,no,,,no label; no vault counterparty in latest ERC-20 transfers (Ethereum) or registry match
venue sweep: maker,Sky/Maker ETH-A,1,0xf4f3edea0e5fdb62706414e86e90f2d772f769d5,DSProxy,personal,,no,,893.1,265402,no,,,per-user smart account
lending split,spark,1,0xf651dd62784014fae668e086981380a07945fd0a,DSProxy,personal,,no,,889.07,990254,no,,,per-user smart account
lending split,aave-core,1,0x3e3c23e444f237853f5edaadeb21c47a09116c9c,EOA,wallet,,no,,884.92,313077,no,,,no label; no vault counterparty in latest ERC-20 transfers (Ethereum) or registry match
lending split,aave-core,1,0xa0b2cbdf75bfb77defc7c6acdd4e8be7c8caa9f2,EOA,wallet,,no,,880.32,997999,no,,,no label; no vault counterparty in latest ERC-20 transfers (Ethereum) or registry match
lending split,aave-core,1,0x35f0686c63f50707ea3b5bace186938e4e19f03a,EOA,wallet,,no,,879.84,779631,no,,,sonnyf.eth
lending split,aave-core,1,0x67959227cd09d25fa4e43baff0dca9e36e028cfc,Safe 2-of-4,wallet,,no,,877.59,0,no,,,no label; no vault counterparty in latest ERC-20 transfers (Ethereum) or registry match
lending split,spark,1,0x6645054e038f75b911b250793649e15b774a9060,EOA,wallet,,no,,875.84,1052265,no,,,no label; no vault counterparty in latest ERC-20 transfers (Ethereum) or registry match
lending split,spark,1,0x47415c9e7a0900695e1ca0d110864505567ce0a3,EOA,wallet,,no,,875.37,995914,no,,,no label; no vault counterparty in latest ERC-20 transfers (Ethereum) or registry match
lending split,morpho,8453,0xe8fae812a49257148a7b5d6c3919f8fe902822e4,Coinbase Smart Wallet,personal,,no,,869.07,1012408,no,,,per-user smart account
lending split,aave-core,1,0x8a345365097244e553d0c2a5442e5ad9e4182293,EOA,wallet,,no,,867.11,721589,no,,,no label; no vault counterparty in latest ERC-20 transfers (Ethereum) or registry match
lending split,aave-core,1,0x62892124fc578a9496d6b65bb7bceafec8f5ec1d,EOA,wallet,,no,,866.32,688199,no,,,no label; no vault counterparty in latest ERC-20 transfers (Ethereum) or registry match
lending split,morpho,8453,0xb1f236157e3d41e64c077b00abf6fb827da2fbcb,Coinbase Smart Wallet,personal,,no,,865.6,895950,no,,,per-user smart account
lending split,aave-core,1,0xc09625efa73ef60bf932796433a3cb94899a70d6,EOA,wallet,,no,,865.41,656301,no,,,no label; no vault counterparty in latest ERC-20 transfers (Ethereum) or registry match
lending split,aave-core,1,0xf9fe994198f740529729a2477159c4d4effc34a8,EOA,wallet,,no,,865.21,214236,no,,,no label; no vault counterparty in latest ERC-20 transfers (Ethereum) or registry match
lending split,spark,1,0xa583f99495077952103235ad50606246d69e829f,EOA,wallet,,no,,863.52,676312,no,,,no label; no vault counterparty in latest ERC-20 transfers (Ethereum) or registry match
lending split,aave-core,1,0x10e3085127c9bd92ab325f8d1f65cdcec2436149,EOA,wallet,,no,,860.04,451476,no,,,no label; no vault counterparty in latest ERC-20 transfers (Ethereum) or registry match
lending split,morpho,1,0xe3aa1e551c9ee0ac8979de669da5032ef60b22e9,EIP-7702,wallet,,no,,855.38,1305981,no,,,no label; no vault counterparty in latest ERC-20 transfers (Ethereum) or registry match
lending split,aave-core,1,0x13aff6b6d6ad092e8d552af8fbde6203770ad0eb,EOA,wallet,,no,,854.17,1143262,no,,,no label; no vault counterparty in latest ERC-20 transfers (Ethereum) or registry match
lending split,aave-core,1,0xb6647cae065c321e75775b50a25fd54e9ac5c436,EOA,wallet,,no,,853.72,643548,no,,,no label; no vault counterparty in latest ERC-20 transfers (Ethereum) or registry match
lending split,aave-core,1,0x55048e0d46f66fa00cae12905f125194cd961581,EOA,wallet,,no,,853.69,930009,no,,,no label; no vault counterparty in latest ERC-20 transfers (Ethereum) or registry match
lending split,aave-core,1,0x1f9bb27d0c66feb932f3f8b02620a128d072f3d8,EOA,wallet,,no,,851.09,918092,no,,,no label; no vault counterparty in latest ERC-20 transfers (Ethereum) or registry match
lending split,morpho,1,0x5130985ce6a0e54f369712cd6f2fdec084026e54,EOA,wallet,,no,,850.61,759866,no,,,no label; no vault counterparty in latest ERC-20 transfers (Ethereum) or registry match
lending split,aave-core,1,0xf66dc065a781cfaea4e9a25383b671ef69949f03,EOA,wallet,,no,,850.35,885944,no,,,no label; no vault counterparty in latest ERC-20 transfers (Ethereum) or registry match
lending split,aave-core,1,0x86be81398b72e12f357e1ec7afdac72ebff092cd,EOA,wallet,,no,,847.4,777554,no,,,no label; no vault counterparty in latest ERC-20 transfers (Ethereum) or registry match
lending split,spark,1,0x6d478cb16317680a517ff89253f82032efdc31ba,EOA,wallet,,no,,841.5,1307571,no,,,no label; no vault counterparty in latest ERC-20 transfers (Ethereum) or registry match
venue sweep: maker,Sky/Maker ETH-C,1,0x08247add7f361b3deeab82deec3d7dd58cb84bf9,DSProxy,personal,,no,,835.0,406766,no,,,per-user smart account
lending split,aave-core,1,0x1520a625785f8e03e930748216ce7392e50dc72e,EOA,wallet,,no,,832.45,415185,no,,,no label; no vault counterparty in latest ERC-20 transfers (Ethereum) or registry match
lending split,aave-arbitrum,42161,0xe88ab6fa7f02c3ed96985de5e50cca7ceea54d4e,EOA,wallet,,no,,830.97,1294632,no,,,no label; no vault counterparty in latest ERC-20 transfers (Ethereum) or registry match
lending split,aave-core,1,0xbc4a41fab35600b5ee85ed087f45bb7bc317c328,EOA,wallet,,no,,830.54,1027374,no,,,no label; no vault counterparty in latest ERC-20 transfers (Ethereum) or registry match
lending split,aave-core,1,0x468e334c8a768d3577bb4ed513e238271a754c1f,EOA,wallet,,no,,827.02,877832,no,,,no label; no vault counterparty in latest ERC-20 transfers (Ethereum) or registry match
lending split,aave-core,1,0x28fd675f1a1d5c19f2cb017a865aa5728ef06ae4,EOA,wallet,,no,,825.12,877833,no,,,no label; no vault counterparty in latest ERC-20 transfers (Ethereum) or registry match
lending split,aave-core,1,0x75828f132030b6686a1e5ac017e96da20c5cd540,EOA,wallet,,no,,824.9,774316,no,,,no label; no vault counterparty in latest ERC-20 transfers (Ethereum) or registry match
lending split,aave-core,1,0xbb2ca721211d6c0320308dec70d33e07091b4d7b,EOA,wallet,,no,,821.03,375260,no,,,no label; no vault counterparty in latest ERC-20 transfers (Ethereum) or registry match
lending split,aave-core,1,0x560fb4225020987563c8a3c0850e4ca3dc457be3,EOA,wallet,,no,,820.38,1128933,no,,,no label; no vault counterparty in latest ERC-20 transfers (Ethereum) or registry match
lending split,aave-core,1,0xa429e0b013268460726f25a2ebbb56692886a793,EOA,wallet,,no,,818.87,439835,no,,,no label; no vault counterparty in latest ERC-20 transfers (Ethereum) or registry match
lending split,aave-core,1,0xe24c73f7907782c21ae9aca4cfd7cac4b04631ce,EOA,wallet,,no,,818.51,515332,no,,,no label; no vault counterparty in latest ERC-20 transfers (Ethereum) or registry match
lending split,compound-v3,1,0x9039c742b908c2dded0ae499501bbae9286e1995,EOA,wallet,,no,,818.16,952123,no,,,no label; no vault counterparty in latest ERC-20 transfers (Ethereum) or registry match
lending split,aave-core,1,0xf0ef92c7c3e1f0321dda96fc5cdd792526378816,EOA,wallet,,no,,817.52,874937,no,,,no label; no vault counterparty in latest ERC-20 transfers (Ethereum) or registry match
lending split,fluid,1,0xe1b2198039387fba7f7dfef82db3ab3deec4ebad,EIP-7702,wallet,,no,,816.19,944549,no,,,no label; no vault counterparty in latest ERC-20 transfers (Ethereum) or registry match
lending split,aave-core,1,0x9f06d70be50a9aa7b2d1a9a9ff6a2bce25a482a3,EOA,wallet,,no,,813.06,835415,no,,,no label; no vault counterparty in latest ERC-20 transfers (Ethereum) or registry match
venue sweep: maker,Sky/Maker ETH-A,1,0x8f9197606e3c2034f62f97b2a2e69ab5f11182df,DSProxy,personal,,no,,811.18,558562,no,,,per-user smart account
lending split,aave-core,1,0x010004532f3c6528982bb2bfd9ae97cdd934bd70,EOA,wallet,,no,,811.11,884896,no,,,no label; no vault counterparty in latest ERC-20 transfers (Ethereum) or registry match
lending split,aave-core,1,0xc34b9237f6aecdd02903184789f24c5df28e2998,EOA,wallet,,no,,809.19,862262,no,,,no label; no vault counterparty in latest ERC-20 transfers (Ethereum) or registry match
lending split,aave-arbitrum,42161,0x487d37eb22656b5a0d983f37f6cdd75a299d0a8f,EOA,wallet,,no,,808.29,717969,no,,,no label; no vault counterparty in latest ERC-20 transfers (Ethereum) or registry match
lending split,morpho,8453,0xd8ad632914f577057033a460f8a97dd8b1357cea,Coinbase Smart Wallet,personal,,no,,805.18,1001088,no,,,per-user smart account
lending split,aave-core,1,0x3f2516dd6be343cf15d8542c72731a5e57cbda69,EOA,wallet,,no,,802.8,473345,no,,,no label; no vault counterparty in latest ERC-20 transfers (Ethereum) or registry match
lending split,spark,1,0x3c333e429f672db3b372105c19185648d03a07af,EOA,wallet,,no,,801.47,1102930,no,,,no label; no vault counterparty in latest ERC-20 transfers (Ethereum) or registry match
lending split,aave-v4,1,0x1297942a43c8751e11d8ca9f7cc3e0844073a4c1@0x94e7a5dc,EOA,wallet,,no,,801.12,862592,no,,,no label; no vault counterparty in latest ERC-20 transfers (Ethereum) or registry match
venue sweep: maker,Sky/Maker ETH-A,1,0xf10b67e4c8241ada55cd85ab8eb5adb0010df961,DSProxy,personal,,no,,800.0,451753,no,,,per-user smart account
venue sweep: maker,Sky/Maker ETH-A,1,0x693d9dd3d877b95f2468c44db0fb810d3a6ccf69,DSProxy,personal,,no,,800.0,27157,no,,,per-user smart account
lending split,morpho,1,0x19ed948eeb0796fb7c35698b2cc865135c8ce4eb,EOA,wallet,,no,,797.99,326155,no,,,no label; no vault counterparty in latest ERC-20 transfers (Ethereum) or registry match
lending split,compound-v3,1,0x7c3951f4876583901ae5a45b4ce6313a3b8f4cf9,EOA,wallet,,no,,796.67,285335,no,,,no label; no vault counterparty in latest ERC-20 transfers (Ethereum) or registry match
venue sweep: maker,Sky/Maker ETH-C,1,0x47a543afe1ab1437c16c29d453c9bb1d651735bf,DSProxy,personal,,no,,794.6,565302,no,,,per-user smart account
lending split,aave-core,1,0x300995a689a2b99e3ab411002ef02da4659ab9c9,EOA,wallet,,no,,793.18,448966,no,,,no label; no vault counterparty in latest ERC-20 transfers (Ethereum) or registry match
lending split,compound-v3,1,0xa68678d5e473f7e9a5a121291a945cecc9d983ec,EOA,wallet,,no,,793.0,1025000,no,,,no label; no vault counterparty in latest ERC-20 transfers (Ethereum) or registry match
lending split,aave-core,1,0x93b753ee0b5302f91918c8251bcc091ca32f69ab,EIP-7702,wallet,,no,,792.18,813640,no,,,no label; no vault counterparty in latest ERC-20 transfers (Ethereum) or registry match
lending split,aave-core,1,0xf6c6066e32111634f9c4930aed64529346ae7700,EOA,wallet,,no,,786.47,1044188,no,,,no label; no vault counterparty in latest ERC-20 transfers (Ethereum) or registry match
lending split,aave-core,1,0x903fd6b5142ee05b0db58f0f998502f69804caae,EOA,wallet,,no,,786.4,1069732,no,,,no label; no vault counterparty in latest ERC-20 transfers (Ethereum) or registry match
lending split,morpho,1,0x18672b11831aa6b09c630b57bb765c9912b243e8,DSProxy,personal,,no,,784.56,756597,no,,,per-user smart account
lending split,spark,1,0x3050620423f4db43e1904815e898c466526387b8,Safe 3-of-5,wallet,,no,,779.23,162095,no,,,no label; no vault counterparty in latest ERC-20 transfers (Ethereum) or registry match
lending split,morpho,1,0xa4d668ae66351f56784455f20ea9d139893ecd72,Safe 3-of-5,wallet,,no,,777.72,608141,no,,,no label; no vault counterparty in latest ERC-20 transfers (Ethereum) or registry match
lending split,aave-core,1,0x69051ce39369331dcf9ce34b8c72ab182b1d6a1a,EOA,wallet,,no,,775.78,490437,no,,,no label; no vault counterparty in latest ERC-20 transfers (Ethereum) or registry match
lending split,aave-core,1,0x518b8dfaeab2ca7e64f70de86ce1b60afbe0f200,EOA,wallet,,no,,773.49,1120393,no,,,no label; no vault counterparty in latest ERC-20 transfers (Ethereum) or registry match
lending split,aave-core,1,0xdcc67de094fb4b6301d3dcba3c247988e07bcfbd,EOA,wallet,,no,,773.46,466114,no,,,no label; no vault counterparty in latest ERC-20 transfers (Ethereum) or registry match
lending split,aave-core,1,0xf3b7cc70ee5ff4a767a51f7b7e05dfd104e52421,EOA,wallet,,no,,772.1,896380,no,,,no label; no vault counterparty in latest ERC-20 transfers (Ethereum) or registry match
lending split,morpho,8453,0x7f3e4bc13638bd4e5ae86b24e1723d51ca6e27d1,Coinbase Smart Wallet,personal,,no,,770.81,412787,no,,,per-user smart account
lending split,morpho,8453,0x1e2e162e6c293bab07512a5a1473245f0f093e89,Coinbase Smart Wallet,personal,,no,,769.0,681503,no,,,per-user smart account
lending split,aave-core,1,0x2e1432900a4e9fb17840aeabe07c6655df3fa327,EOA,wallet,,no,,766.78,1114190,no,,,no label; no vault counterparty in latest ERC-20 transfers (Ethereum) or registry match
lending split,aave-core,1,0x171cc57ca8633532a597ed7056a9e4d380995370,EOA,wallet,,no,,765.92,457412,no,,,no label; no vault counterparty in latest ERC-20 transfers (Ethereum) or registry match
venue sweep: aave_aave-plasma,aave-plasma,9745,0x39153be9d5b22a2d52ae958911cc5a1cdc135c6b,EOA,wallet,,no,,765.87,785998,no,,,no label; no vault counterparty in latest ERC-20 transfers (Ethereum) or registry match
lending split,aave-core,1,0xdfad3e4f73448f5c066ddb4dd5dfa4e60e4a4cba,EOA,wallet,,no,,765.41,762437,no,,,granjero.eth
lending split,aave-v4,1,0xdd647ce113505b34c62412d2a804ce1bfbcfc737@0x973a023a,EOA,wallet,,no,,760.98,1421943,no,,"individual (unlabeled, code-type screen only)",Unlabeled EOA
lending split,aave-core,1,0xd732837b561a40d28ea74970558bc73cc9c13e0c,DSProxy,personal,,no,,759.83,42476,no,,,per-user smart account
lending split,aave-core,1,0x58817eb46bf7075bdf00ad8bd6c2ac731e9b045f,Safe 2-of-4,wallet,,no,,758.01,784760,no,,,no label; no vault counterparty in latest ERC-20 transfers (Ethereum) or registry match
lending split,aave-base,8453,0x9d58441823cf7be3d4336340bc6eca8d3ebc1052,EOA,wallet,,no,,757.7,438410,no,,,Base Account
lending split,aave-arbitrum,42161,0x21efcf3021e5f63e4bf3a9df56608929fe9cdf6d,EOA,wallet,,no,,755.92,998492,no,,,no label; no vault counterparty in latest ERC-20 transfers (Ethereum) or registry match
lending split,aave-core,1,0x298a0f3a0241db28b7f4784c4f344fe55588c838,EOA,wallet,,no,,755.02,944026,no,,,no label; no vault counterparty in latest ERC-20 transfers (Ethereum) or registry match
lending split,aave-core,1,0xa9f5cb4a5dbd6432292a632921d250d2df93ae73,EOA,wallet,,no,,753.21,858816,no,,,no label; no vault counterparty in latest ERC-20 transfers (Ethereum) or registry match
venue sweep: maker,Sky/Maker ETH-A,1,0x3676b6f079a6842f5838b5ffa5fee7bd6068ade8,DSProxy,personal,,no,,750.0,612997,no,,,per-user smart account
venue sweep: maker,Sky/Maker ETH-B,1,0x67148f5cca3cc5320deb1a6fe4da21e99580fac0,DSProxy,personal,,no,,749.51,559719,no,,,per-user smart account
lending split,aave-core,1,0x819c7dd45f672cdf11318b91262fca5d275381e6,EOA,wallet,,no,,748.8,432403,no,,,no label; no vault counterparty in latest ERC-20 transfers (Ethereum) or registry match
venue sweep: liquity,Liquity v1 (LUSD) ETH/LUSD,1,0x0fd0489d5ccf0acc0ccbe8a1f1e638e74cab5bd7,EOA,wallet,,no,,745.36,283660,no,,,no label; no vault counterparty in latest ERC-20 transfers (Ethereum) or registry match
lending split,aave-core,1,0x7397a4dd90267588da3092d64dfaaefd81b12622,EOA,wallet,,no,,738.39,592394,no,,,no label; no vault counterparty in latest ERC-20 transfers (Ethereum) or registry match
lending split,aave-core,1,0xd1d20bd6666356007c82db7d21bf08f144ddbc79,EOA,wallet,,no,,737.36,542448,no,,,no label; no vault counterparty in latest ERC-20 transfers (Ethereum) or registry match
lending split,aave-core,1,0x9763ea38aebca2e05333046d9d9a7586585897d8,EOA,wallet,,no,,736.14,452574,no,,,no label; no vault counterparty in latest ERC-20 transfers (Ethereum) or registry match
lending split,aave-core,1,0x45c50bfd6b32424eeb451c9b64698beaab9e6c53,EOA,wallet,,no,,736.0,703266,no,,,no label; no vault counterparty in latest ERC-20 transfers (Ethereum) or registry match
lending split,aave-core,1,0x4460531eb1a2a27f3fdd83a13c2d526ecc7db859,EOA,wallet,,no,,734.55,507398,no,,,no label; no vault counterparty in latest ERC-20 transfers (Ethereum) or registry match
lending split,aave-core,1,0x594259923311791ea472cf623ae77836898a8e99,EOA,wallet,,no,,732.71,575515,no,,,no label; no vault counterparty in latest ERC-20 transfers (Ethereum) or registry match
lending split,aave-core,1,0x122417d7408df58ed06a49cc57415f1edadad556,EOA,wallet,,no,,729.31,1060369,no,,,no label; no vault counterparty in latest ERC-20 transfers (Ethereum) or registry match
venue sweep: liquity,Liquity v2 (BOLD) Liquity v2 (BOLD) branch 1 (wstETH/BOLD),1,0x4892f4ba994607b1b5e643b82122f3827e852a9e,Safe,wallet,,no,,728.7,790185,no,,,no label; no vault counterparty in latest ERC-20 transfers (Ethereum) or registry match
lending split,aave-core,1,0x4bd5db10b4188b484696833868b91713a8c5bcb9,Safe 1-of-3,wallet,,no,,728.24,726949,no,,,Fee Recipient: 0x4bd5...cb9
lending split,aave-core,1,0x61fa1ec0a0ce383ae6d60f2dc6257881cf5e7a61,Safe 3-of-5,wallet,,no,,727.36,303781,no,,,no label; no vault counterparty in latest ERC-20 transfers (Ethereum) or registry match
lending split,aave-core,1,0xda7176d42d075e6e99f6c202a7f6d2c48065879e,EOA,wallet,,no,,725.17,869192,no,,,no label; no vault counterparty in latest ERC-20 transfers (Ethereum) or registry match
lending split,aave-core,1,0xac6e39cf80d1d4ddf3aa8f94c320110f614c65ff,EOA,wallet,,no,,724.28,929400,no,,,no label; no vault counterparty in latest ERC-20 transfers (Ethereum) or registry match
lending split,morpho,1,0x43f9a40200310ce535edf5ea0eb71afb53779ba4,Safe 2-of-3,wallet,,no,,723.37,575946,no,,,no label; no vault counterparty in latest ERC-20 transfers (Ethereum) or registry match
lending split,spark,1,0x50e835c1088dd06747312c06ac0839ecc773cb42,EOA,wallet,,no,,722.89,412073,no,,,no label; no vault counterparty in latest ERC-20 transfers (Ethereum) or registry match
lending split,aave-core,1,0x4046879e52f3fdcd96f496e57c13ec011aeeb4b3,EOA,wallet,,no,,720.35,543134,no,,,no label; no vault counterparty in latest ERC-20 transfers (Ethereum) or registry match
lending split,aave-core,1,0x7cb76a37729c58b50d34c816685c16459ae3d442,EOA,wallet,,no,,719.09,540056,no,,,no label; no vault counterparty in latest ERC-20 transfers (Ethereum) or registry match
lending split,aave-core,1,0xbabcc964619cf5c8a57f2b989a35cd887e8ce739,Safe 1-of-1,wallet,,no,,718.62,152679,no,,,no label; no vault counterparty in latest ERC-20 transfers (Ethereum) or registry match
lending split,aave-core,1,0x3ba4fd5124479a7d21e9540bd8d8568121a68bd0,EOA,wallet,,no,,714.09,140885,no,,,no label; no vault counterparty in latest ERC-20 transfers (Ethereum) or registry match
venue sweep: aave_aave-optimism,aave-optimism,10,0xb32cb14f2a5b17d1f1343749e302316be5133321,contract: unnamed,private,Private Aave wrapper (owner EOA 0x2869b95d),no,,713.03,387698,no,none,,same function set as the Base wrapper 0xd1895f20; owner() = EOA; no share token
lending split,compound-v3,1,0x8495e9003a15740702ce8415a31ac67c6a0d8c7e,EOA,wallet,,no,,712.17,907301,no,,,no label; no vault counterparty in latest ERC-20 transfers (Ethereum) or registry match
lending split,aave-core,1,0x1a41d7a351b0a723d727c5668a992149b64d7089,EOA,wallet,,no,,706.18,608790,no,,,no label; no vault counterparty in latest ERC-20 transfers (Ethereum) or registry match
lending split,aave-v4,1,0x22a78de1f95a37db58966a857097c8250c2d501a@0x94e7a5dc,Safe 1-of-1,wallet,,no,,704.21,1098793,no,,,no label; no vault counterparty in latest ERC-20 transfers (Ethereum) or registry match
lending split,compound-v3,1,0x9a38e86b1ef591cab3f42c5427a4622d307544b8,EOA,wallet,,no,,704.0,838256,no,,,no label; no vault counterparty in latest ERC-20 transfers (Ethereum) or registry match
lending split,morpho,1,0x3ee882de77f92ef73f350d883c8466f108373e34,EOA,wallet,,no,,703.54,256184,no,,,no label; no vault counterparty in latest ERC-20 transfers (Ethereum) or registry match
lending split,spark,1,0xfd4bf04bd8d0e7b8c7539f0cea970df25188e81b,EIP-7702,wallet,,no,,702.56,985599,no,,,no label; no vault counterparty in latest ERC-20 transfers (Ethereum) or registry match
lending split,aave-core,1,0xeda61b1e9f414889dde0dbe83b3bacf814a98e87,Safe 2-of-4,wallet,,no,,702.19,577794,no,,,no label; no vault counterparty in latest ERC-20 transfers (Ethereum) or registry match
lending split,aave-core,1,0x35971b58560068deb9e3a61138962cbf9ba17861,EOA,wallet,,no,,702.08,567754,no,,,no label; no vault counterparty in latest ERC-20 transfers (Ethereum) or registry match
venue sweep: maker,Sky/Maker ETH-A,1,0xd9fd80c11edbef2338ecf36d1588340dfff33b5e,DSProxy,personal,,no,,701.4,306934,no,,,per-user smart account
lending split,compound-v3,1,0xbf853f5d1b1a1c8e3ccf2a2eb016702984dd02a0,EOA,wallet,,no,,700.75,816111,no,,,no label; no vault counterparty in latest ERC-20 transfers (Ethereum) or registry match
venue sweep: liquity,Liquity v1 (LUSD) ETH/LUSD,1,0xed42e2b0269b59ed86ca32dcf46b41a5ce0ec869,Safe,wallet,,no,,700.0,80392,no,,,no label; no vault counterparty in latest ERC-20 transfers (Ethereum) or registry match
lending split,aave-core,1,0x40f0001efe0f13a2a71461c433546c7dbdc0fbbe,Safe 2-of-3,wallet,,no,,699.68,604140,no,,,no label; no vault counterparty in latest ERC-20 transfers (Ethereum) or registry match
lending split,aave-core,1,0x0813ee1e873318cbf07b27f8a79c9a6b4eb82da9,EOA,wallet,,no,,699.47,84605,no,,,no label; no vault counterparty in latest ERC-20 transfers (Ethereum) or registry match
venue sweep: euler,euler,1,0x0ddda327a6614130ccb20bc0097313a282176a07,EOA,wallet,,no,,697.8,429898,no,,,no label; no vault counterparty in latest ERC-20 transfers (Ethereum) or registry match
venue sweep: liquity,Liquity v2 (BOLD) Liquity v2 (BOLD) branch 0 (WETH/BOLD),1,0x8af194567385b6c3926cd0a3c88af49f965d11e3,Safe,wallet,,no,,693.79,925604,no,,,no label; no vault counterparty in latest ERC-20 transfers (Ethereum) or registry match
lending split,aave-core,1,0xb8a7c7706401b4ece1f4569c3035c25f90f804df,EOA,wallet,,no,,691.04,548725,no,,,no label; no vault counterparty in latest ERC-20 transfers (Ethereum) or registry match
lending split,aave-core,1,0x85e3db2cd8966bc061eb86655725f536514e1bfd,Safe 2-of-2,wallet,,no,,690.46,457507,no,,,no label; no vault counterparty in latest ERC-20 transfers (Ethereum) or registry match
lending split,morpho,1,0x42b126099beddce8f5ccc06b4b39e8343e8f4260,EOA,wallet,,no,,689.68,794490,no,,,no label; no vault counterparty in latest ERC-20 transfers (Ethereum) or registry match
lending split,aave-core,1,0x01485ef10715f5b96beffa5552b0642e32c9aef6,EOA,wallet,,no,,689.34,353107,no,,,no label; no vault counterparty in latest ERC-20 transfers (Ethereum) or registry match
lending split,aave-core,1,0x0273ead5bd876b4433fcf1b9e3b3ce65f4d92c56,EOA,wallet,,no,,689.06,536936,no,,,no label; no vault counterparty in latest ERC-20 transfers (Ethereum) or registry match
lending split,compound-v3,1,0xda2bee0bc47f6d38f4ecb968cbde9f72327c7dd2,EOA,wallet,,no,,687.37,865944,no,,,no label; no vault counterparty in latest ERC-20 transfers (Ethereum) or registry match
lending split,aave-core,1,0xd4bce9c082e315b8e3d0a79bfb5c6daa36e9531b,EIP-7702,wallet,,no,,687.07,859467,no,,,no label; no vault counterparty in latest ERC-20 transfers (Ethereum) or registry match
lending split,spark,1,0xe39cd9b36b9a86a8227ec3f5159b610bf2a30e69,Safe 3-of-4,product,Lagoon DAMM Ethereum Fund (DAMMeth),whitelist,8,686.38,702335,no,lagoon (farming),,vault 0x3c63f3ce safe() = this Safe; 8 share holders
lending split,aave-core,1,0xd8541f09e0acd4473314e60e00d2f1ce163a3483,EOA,wallet,,no,,685.56,454045,no,,,no label; no vault counterparty in latest ERC-20 transfers (Ethereum) or registry match
venue sweep: liquity,Liquity v2 (BOLD) Liquity v2 (BOLD) branch 0 (WETH/BOLD),1,0x8b0afadfde6fa271325305ff24a016b4fb6e3846,DSProxy,personal,,no,,685.5,905582,no,,,per-user smart account
lending split,spark,1,0x53fea408b7214c736e13bd8a2c053be8858e16b3,EOA,wallet,,no,,684.84,679903,no,,,no label; no vault counterparty in latest ERC-20 transfers (Ethereum) or registry match
lending split,aave-core,1,0xf49a0485fac6a2852a99a4e47ceeca67747dbd4f,Safe 1-of-2,wallet,,no,,683.86,573022,no,,,no label; no vault counterparty in latest ERC-20 transfers (Ethereum) or registry match
lending split,aave-core,1,0xae87c0c72cec579084fb442b8b0e24909db85918,EOA,wallet,,no,,680.93,774159,no,,,Fee Recipient: 0xae87...918
venue sweep: maker,Sky/Maker WSTETH-B,1,0xd412107354ccd6e103443372946c985f31b09e5c,DSProxy,personal,,no,,679.13,489782,no,,,per-user smart account
lending split,aave-core,1,0x6531ea52930c5a9b725e3bb2c1347a63abdeb571,EOA,wallet,,no,,678.54,585343,no,,,no label; no vault counterparty in latest ERC-20 transfers (Ethereum) or registry match
lending split,spark,1,0xfefa1c66ce1522efbb0d5189ba702e76e6bcaf3c,Safe 2-of-4,wallet,,no,,677.59,814988,no,,,no label; no vault counterparty in latest ERC-20 transfers (Ethereum) or registry match
lending split,morpho,1,0x69a87a67665a9d3b10ea3fd200730b594790477e,EOA,wallet,,no,,674.52,210243,no,,,no label; no vault counterparty in latest ERC-20 transfers (Ethereum) or registry match
lending split,aave-core,1,0x6dd2652d1ad60f1f62d27cd237b3573a20d0a997,EOA,wallet,,no,,672.77,662114,no,,,no label; no vault counterparty in latest ERC-20 transfers (Ethereum) or registry match
lending split,spark,1,0x3ffba13e5e713cc435271a1c4a50ffcfa835f9d4,EOA,wallet,,no,,672.74,502692,no,,,no label; no vault counterparty in latest ERC-20 transfers (Ethereum) or registry match
venue sweep: maker,Sky/Maker WSTETH-A,1,0x0ff7fd348bf308b9601dab133309007bc8cd8400,DSProxy,personal,,no,,670.59,236346,no,,,per-user smart account
lending split,fluid,1,0xda3ce14a00b62160e02a2c1af86bc0c373501099,EOA,wallet,,no,,669.86,568172,no,,,no label; no vault counterparty in latest ERC-20 transfers (Ethereum) or registry match
lending split,aave-arbitrum,42161,0xd4ad5d62dce1a8bf661777a5c1df79bd12ac8f1d,EOA,wallet,,no,,669.23,429633,no,,,no label; no vault counterparty in latest ERC-20 transfers (Ethereum) or registry match
lending split,aave-v4,1,0xd48f4afc03ba555e4c00e8af4bef660b022d6111@0x94e7a5dc,EOA,wallet,,no,,667.57,527673,no,,,prdss.eth
lending split,aave-core,1,0xd3c6fbe276cbb417a51debee208366954afa59a5,EOA,wallet,,no,,666.16,834433,no,,,no label; no vault counterparty in latest ERC-20 transfers (Ethereum) or registry match
lending split,morpho,1,0x930af7923b8b5f8d3461ad1999ceeb8a62884b19,EOA,wallet,,no,,665.52,1102740,no,,,no label; no vault counterparty in latest ERC-20 transfers (Ethereum) or registry match
lending split,aave-core,1,0x94a3de752cc58e2d2ca83c9c68e3074e2a21736a,EOA,wallet,,no,,664.85,517642,no,,,no label; no vault counterparty in latest ERC-20 transfers (Ethereum) or registry match
lending split,morpho,8453,0xe250fb26474114e69c5572009077987e32723e2c,Coinbase Smart Wallet,personal,,no,,664.09,589199,no,,,per-user smart account
lending split,aave-core,1,0x0dfe40f33ea60424afab92b4b32eee8d253453d6,Safe 2-of-4,wallet,,no,,662.64,402773,no,,,no label; no vault counterparty in latest ERC-20 transfers (Ethereum) or registry match
lending split,compound-v3,1,0x1dcb9cfcd7f92ecb3e07156119a26047b1789abd,Safe 2-of-3,wallet,,no,,662.33,719000,no,,,no label; no vault counterparty in latest ERC-20 transfers (Ethereum) or registry match
venue sweep: liquity,Liquity v2 (BOLD) Liquity v2 (BOLD) branch 0 (WETH/BOLD),1,0xf06016d822943c42e3cb7fc3a6a3b1889c1045f8,Safe,wallet,,no,,660.28,583907,no,,,no label; no vault counterparty in latest ERC-20 transfers (Ethereum) or registry match
lending split,aave-core,1,0x6e0361d1005204c1079e8b1e112f0b5acff372f2,EOA,wallet,,no,,659.14,996303,no,,,no label; no vault counterparty in latest ERC-20 transfers (Ethereum) or registry match
lending split,aave-v4,1,0x50e835c1088dd06747312c06ac0839ecc773cb42@0x94e7a5dc,EOA,wallet,,no,,657.2,403930,no,,,no label; no vault counterparty in latest ERC-20 transfers (Ethereum) or registry match
venue sweep: liquity,Liquity v2 (BOLD) Liquity v2 (BOLD) branch 1 (wstETH/BOLD),1,0xf65b41c1795c166b8cd57e80dd98c1fcf33e39b3,Safe,wallet,,no,,656.87,628977,no,,,no label; no vault counterparty in latest ERC-20 transfers (Ethereum) or registry match
lending split,aave-base,8453,0xbb25bddcd4a0aaae11eb527a1f85be5b9ecd017b,EOA,wallet,,no,,655.47,99629,no,,,Base Account
lending split,compound-v3,42161,0x487d37eb22656b5a0d983f37f6cdd75a299d0a8f,EOA,wallet,,no,,655.05,776539,no,,,no label; no vault counterparty in latest ERC-20 transfers (Ethereum) or registry match
venue sweep: maker,Sky/Maker ETH-C,1,0xa44e51c915b4e31463b06ada54b21f3e5ebc14cd,DSProxy,personal,,no,,653.25,477876,no,,,per-user smart account
venue sweep: liquity,Liquity v1 (LUSD) ETH/LUSD,1,0x28dbf056f8d3f2c62a9158ee959e1648f1a99afb,EOA,wallet,,no,,651.27,173435,no,,,no label; no vault counterparty in latest ERC-20 transfers (Ethereum) or registry match
venue sweep: liquity,Liquity v1 (LUSD) ETH/LUSD,1,0xb62f4f38bca544dedea1d1e1b00e802fe13fbfc7,EOA,wallet,,no,,649.72,217488,no,,,no label; no vault counterparty in latest ERC-20 transfers (Ethereum) or registry match
lending split,aave-arbitrum,42161,0x0c2ed257a217622225344c5b094fe9c8abb0c1c6,EOA,wallet,,no,,647.68,385779,no,,,no label; no vault counterparty in latest ERC-20 transfers (Ethereum) or registry match
lending split,aave-core,1,0xa03b93c5656f2dcff68d018ce27b58594f0272c2,EOA,wallet,,no,,646.38,95150,no,,,no label; no vault counterparty in latest ERC-20 transfers (Ethereum) or registry match
lending split,aave-core,1,0x21fd7a71d49768b364e48e1d60fb53dac4829d40,EOA,wallet,,no,,645.56,530315,no,,,no label; no vault counterparty in latest ERC-20 transfers (Ethereum) or registry match
lending split,spark,1,0x575a97c710b394df3a49c42b4e56148b68da89db,Safe 1-of-1,wallet,,no,,644.38,662670,no,,,no label; no vault counterparty in latest ERC-20 transfers (Ethereum) or registry match
lending split,aave-core,1,0x0319bc4625896d0d8dd3c2d4c3fff7b5d611da44,EOA,wallet,,no,,641.81,466913,no,,,no label; no vault counterparty in latest ERC-20 transfers (Ethereum) or registry match
lending split,aave-core,1,0x383f42b5de515c564641f65f5da3bd8b4a35b4b4,EOA,wallet,,no,,641.31,286691,no,,,no label; no vault counterparty in latest ERC-20 transfers (Ethereum) or registry match
lending split,aave-core,1,0x691578efa958fad9d6ee813e14ff0373eb34ae1d,EOA,wallet,,no,,639.61,390739,no,,,no label; no vault counterparty in latest ERC-20 transfers (Ethereum) or registry match
lending split,aave-core,1,0x276c59d27d8dae1b618d4320e707c6e02d96b4d5,EOA,wallet,,no,,636.32,558306,no,,,no label; no vault counterparty in latest ERC-20 transfers (Ethereum) or registry match
lending split,aave-v4,1,0x8df787c388525a8f7ddfa4398695be9067394f86@0x94e7a5dc,EIP-7702,wallet,,no,,635.45,1220408,no,,,no label; no vault counterparty in latest ERC-20 transfers (Ethereum) or registry match
lending split,aave-core,1,0xab42892e5ecdf640e037af5e24e4a895b34ef1d2,EOA,wallet,,no,,633.61,246304,no,,,no label; no vault counterparty in latest ERC-20 transfers (Ethereum) or registry match
lending split,compound-v3,1,0xeee774b8e92d51726adbe90b6028cab7d84f5d9b,EOA,wallet,,no,,632.75,797536,no,,,no label; no vault counterparty in latest ERC-20 transfers (Ethereum) or registry match
lending split,compound-v3,1,0x86aef245207e2f93fba083d51852c91a7e711eb6,EOA,wallet,,no,,632.33,1248598,no,,,no label; no vault counterparty in latest ERC-20 transfers (Ethereum) or registry match
lending split,aave-core,1,0x98c3905347e7d13a82ded43b1e1679365171211a,EOA,wallet,,no,,628.41,569061,no,,,no label; no vault counterparty in latest ERC-20 transfers (Ethereum) or registry match
lending split,aave-base,8453,0x0d5e107992ebbfa97fa75cad9125314376152618,EOA,wallet,,no,,625.69,406088,no,,,Base Account
lending split,aave-core,1,0xbec6e4ac010114e515483060fda81cf9088040ff,EOA,wallet,,no,,624.65,782008,no,,,no label; no vault counterparty in latest ERC-20 transfers (Ethereum) or registry match
lending split,aave-core,1,0x5a1ad8e3c3cbb11a06fbc317f7831417ded7ebe7,EOA,wallet,,no,,623.48,722140,no,,,no label; no vault counterparty in latest ERC-20 transfers (Ethereum) or registry match
lending split,aave-core,1,0xb291f15266a525d389a467af383041753fba007e,Safe 2-of-4,wallet,,no,,623.48,951493,no,,,no label; no vault counterparty in latest ERC-20 transfers (Ethereum) or registry match
lending split,aave-arbitrum,42161,0xec0b9ebf2a304c99cafe85c548c14dd7783cb078,EOA,wallet,,no,,620.98,736346,no,,,no label; no vault counterparty in latest ERC-20 transfers (Ethereum) or registry match
lending split,aave-core,1,0xea10235745949aedeb4642298d54a15af6eaeed0,EOA,wallet,,no,,620.54,765374,no,,,no label; no vault counterparty in latest ERC-20 transfers (Ethereum) or registry match
venue sweep: maker,Sky/Maker ETH-C,1,0xf82460fe8c77a77d35d95e1b1a9277119786b753,DSProxy,personal,,no,,618.15,205024,no,,,per-user smart account
lending split,aave-core,1,0x782db2581f852cfed327681cdf3bfba33ec181ad,Safe 2-of-3,wallet,,no,,617.74,517628,no,,,no label; no vault counterparty in latest ERC-20 transfers (Ethereum) or registry match
lending split,aave-core,1,0xd004cc92f38b4ccbf427e9d56902a375b81a11ec,EOA,wallet,,no,,616.28,267050,no,,,no label; no vault counterparty in latest ERC-20 transfers (Ethereum) or registry match
lending split,spark,1,0x055dc44976b2c1fa2344023162ae846eb6ab0f1f,EOA,wallet,,no,,611.85,1200264,no,,,no label; no vault counterparty in latest ERC-20 transfers (Ethereum) or registry match
lending split,fluid,1,0x29054963d56291f4c76308a511622380a86fcbba,EIP-7702,wallet,,no,,611.64,736781,no,,,no label; no vault counterparty in latest ERC-20 transfers (Ethereum) or registry match
lending split,morpho,1,0xe31bb7b63e2139df97aaf6c860bbf245385215f8,EOA,wallet,,no,,611.01,424188,no,,,no label; no vault counterparty in latest ERC-20 transfers (Ethereum) or registry match
lending split,fluid,1,0xb0bc021daba3f2d737bb529c7eea2a783ae5208b,Avocado,personal,,no,,609.97,795756,no,,,per-user smart account
lending split,aave-core,1,0x9e9887ae3780923eedbc4a1f5a4b01ac297566de,EOA,wallet,,no,,609.65,529252,no,,,no label; no vault counterparty in latest ERC-20 transfers (Ethereum) or registry match
lending split,aave-core,1,0x8d4f4e70779b67bff2f718e8cb09139d018aad3d,EOA,wallet,,no,,609.0,1136096,no,,,no label; no vault counterparty in latest ERC-20 transfers (Ethereum) or registry match
lending split,aave-core,1,0x49ac70534a3f9fcae8c20bfa1dcf59dddcc1c7a3,EIP-7702,wallet,,no,,608.56,343619,no,,,no label; no vault counterparty in latest ERC-20 transfers (Ethereum) or registry match
lending split,aave-core,1,0xa149612889184c5cf1b14ee82ff05b6fbce6899d,EIP-7702,wallet,,no,,606.86,1076419,no,,,no label; no vault counterparty in latest ERC-20 transfers (Ethereum) or registry match
venue sweep: maker,Sky/Maker WSTETH-A,1,0xcd9fb642a68190e134262e2d2fd9b94b9f0fb133,DSProxy,personal,,no,,606.58,110850,no,,,per-user smart account
lending split,spark,1,0x1cde180fd33935c744623d655696eb3a77e5d891,Safe 2-of-5,wallet,,no,,605.36,953690,no,,,no label; no vault counterparty in latest ERC-20 transfers (Ethereum) or registry match
lending split,aave-core,1,0x0c750cb8baede40ff37e3e69d0bc7d532a636ae5,EOA,wallet,,no,,604.07,540413,no,,,no label; no vault counterparty in latest ERC-20 transfers (Ethereum) or registry match
lending split,aave-arbitrum,42161,0x66ddef0b2bc67a225604663d817b0fdf1b2fbc98,EOA,wallet,,no,,603.58,455418,no,,,no label; no vault counterparty in latest ERC-20 transfers (Ethereum) or registry match
lending split,spark,1,0x145b8d0fe270b7bc4c362ecfa12e5f97e6788c48,EIP-7702,wallet,,no,,603.53,507898,no,,,no label; no vault counterparty in latest ERC-20 transfers (Ethereum) or registry match
lending split,aave-core,1,0x800f859490d9f0652a83027f832f55a5a13d955f,EOA,wallet,,no,,603.09,535479,no,,,no label; no vault counterparty in latest ERC-20 transfers (Ethereum) or registry match
lending split,aave-core,1,0xe0019d15f39ec9e8007acd7ca0776dd90eb3d333,EIP-7702,wallet,,no,,602.47,732902,no,,,no label; no vault counterparty in latest ERC-20 transfers (Ethereum) or registry match
venue sweep: liquity,Liquity v1 (LUSD) ETH/LUSD,1,0x54bc1c2c0fcaedcc2e68c97774f4f873c1d24d08,DSProxy,personal,,no,,601.02,239006,no,,,per-user smart account
lending split,aave-arbitrum,42161,0xcb470dd050d929cb4dbf42f9dfe465e905d8453e,EOA,wallet,,no,,600.18,849385,no,,,no label; no vault counterparty in latest ERC-20 transfers (Ethereum) or registry match
venue sweep: maker,Sky/Maker ETH-C,1,0x430ac6c0c9abec0a2b9b9c4d8fe4d3a20d54a4be,DSProxy,personal,,no,,600.0,668263,no,,,per-user smart account
venue sweep: maker,Sky/Maker ETH-C,1,0x5740e7f6aa91c89388bb1c19921c924bd5690236,DSProxy,personal,,no,,600.0,100935,no,,,per-user smart account
lending split,compound-v3,1,0xe0dca72978a0224c54ca1a0de766bd2ce00cfb27,EOA,wallet,,no,,599.5,2855760,no,,,no label; no vault counterparty in latest ERC-20 transfers (Ethereum) or registry match
lending split,aave-base,8453,0xd4ec4e5b7625fed3c40bfeec206e49396f02dd54,EOA,wallet,,no,,598.06,431727,no,,,Base Account
lending split,morpho,8453,0xd62d5a2ba50a7ed7281321ef9f5ad4ad0be5ba6a,Coinbase Smart Wallet,personal,,no,,595.91,682544,no,,,per-user smart account
lending split,aave-core,1,0x4c38ac78bfdda318bd6f15312b34585b0ca72d07,EOA,wallet,,no,,592.34,797841,no,,,no label; no vault counterparty in latest ERC-20 transfers (Ethereum) or registry match
lending split,spark,1,0x6371024c5ffdaefef716adce3cac52ac6181cd9d,EOA,wallet,,no,,591.75,734901,no,,,inveteratus.eth
lending split,aave-core,1,0xff80a7560b86d17215230c0a73589538061875fd,EOA,wallet,,no,,589.58,286130,no,,,no label; no vault counterparty in latest ERC-20 transfers (Ethereum) or registry match
lending split,compound-v3,1,0x46305af898c4d4ac1bc4469b55cd5bc402fb0128,EOA,wallet,,no,,589.5,8977609,no,,not checked (ETH-backed debt under $1M),Not identity-checked: ETH-backed part under $1M
lending split,aave-core,1,0x0307b44dcda71b09f19a24127137ccc0127a57e4,EOA,wallet,,no,,588.14,444208,no,,,no label; no vault counterparty in latest ERC-20 transfers (Ethereum) or registry match
lending split,aave-core,1,0x89fc5452b424adf0500c5867a2a88278ac891fbe,EOA,wallet,,no,,587.94,218114,no,,,no label; no vault counterparty in latest ERC-20 transfers (Ethereum) or registry match
venue sweep: maker,Sky/Maker WSTETH-A,1,0x3139746eacc6709330df285e16bcb8fafdad847a,DSProxy,personal,,no,,586.71,270130,no,,,per-user smart account
lending split,aave-core,1,0x18c7f129039e2722484024c404e21982a49f4e49,EOA,wallet,,no,,586.65,1199765,no,,,no label; no vault counterparty in latest ERC-20 transfers (Ethereum) or registry match
lending split,aave-core,1,0x7d32fa94899458ce155a9b69b64855a3aec97f30,EOA,wallet,,no,,586.48,519629,no,,,no label; no vault counterparty in latest ERC-20 transfers (Ethereum) or registry match
lending split,aave-core,1,0x8d37015adca5bdb6c233a338f8b01a660f031c10,EOA,wallet,,no,,585.07,268543,no,,,no label; no vault counterparty in latest ERC-20 transfers (Ethereum) or registry match
lending split,aave-core,1,0x55a952a3ec4bd1c49735ca4883df45ee61931f8e,Safe 2-of-3,wallet,,no,,583.45,508482,no,,,no label; no vault counterparty in latest ERC-20 transfers (Ethereum) or registry match
lending split,aave-core,1,0x570e08e1bd0e39779550d7e98fad38e82b6a3e32,EOA,wallet,,no,,582.0,595226,no,,,no label; no vault counterparty in latest ERC-20 transfers (Ethereum) or registry match
venue sweep: liquity,Liquity v1 (LUSD) ETH/LUSD,1,0xfc7a4653c19b529772c033d92a525db05fdf9723,EOA,wallet,,no,,581.5,230302,no,,,no label; no vault counterparty in latest ERC-20 transfers (Ethereum) or registry match
lending split,morpho,8453,0xdbda87eb7ef5852bf19e4938c1fd0f895353469f,Coinbase Smart Wallet,personal,,no,,579.51,543593,no,,,per-user smart account
lending split,spark,1,0x10d3275ce74a50147ee712e6dd948d49ebb4843a,EOA,wallet,,no,,579.08,210723,no,,,no label; no vault counterparty in latest ERC-20 transfers (Ethereum) or registry match
lending split,spark,1,0x2b26da567c2a8c220daf91be8e37a429d33aef0b,EOA,wallet,,no,,578.93,401489,no,,,211.eth
lending split,aave-core,1,0xb686fe1266cfe8b54ce7ef978f0aa57e32af68fd,EOA,wallet,,no,,578.63,311453,no,,,no label; no vault counterparty in latest ERC-20 transfers (Ethereum) or registry match
lending split,compound-v3,42161,0x1356b0b269a990efc859567f447d04069bb70393,EOA,wallet,,no,,577.14,1184739,no,,,no label; no vault counterparty in latest ERC-20 transfers (Ethereum) or registry match
lending split,aave-core,1,0x487d37eb22656b5a0d983f37f6cdd75a299d0a8f,EOA,wallet,,no,,577.09,561279,no,,,no label; no vault counterparty in latest ERC-20 transfers (Ethereum) or registry match
lending split,aave-prime,1,0xf3b8124745104e20d1fddd922c5d8959a4dac578,EOA,wallet,,no,,576.99,882186,no,,,ronaldxxxx.eth
lending split,spark,1,0x89320709fa03205df978694c3151d40f1dd5cc23,EOA,wallet,,no,,576.34,564536,no,,,no label; no vault counterparty in latest ERC-20 transfers (Ethereum) or registry match
lending split,morpho,8453,0xbe0ca442d6b7d81e0faa7dbfd09331019f893f89,EOA,wallet,,no,,576.24,552566,no,,,Base Account
lending split,aave-core,1,0x4f27eb908eaadfea04f6b66847faabaeb45ecb15,EIP-7702,wallet,,no,,573.63,669959,no,,,no label; no vault counterparty in latest ERC-20 transfers (Ethereum) or registry match
lending split,aave-core,1,0xe88e5582f55d50f2cb0f8302628afe2a11a4bc44,Safe 4-of-6,wallet,,no,,573.03,606633,no,,,no label; no vault counterparty in latest ERC-20 transfers (Ethereum) or registry match
lending split,aave-core,1,0x117f55bf3c2e3bcdc7f308504480ee53f754a7ca,EOA,wallet,,no,,572.9,217073,no,,,hegic.eth
lending split,spark,1,0xc83894ac498289e54fbe523c0abfcbac8ceb1cab,EOA,wallet,,no,,572.63,292291,no,,,no label; no vault counterparty in latest ERC-20 transfers (Ethereum) or registry match
lending split,spark,1,0xa60f9584e7b1f4841b745792bb5f83f18c4f35dd,EIP-7702,wallet,,no,,570.51,178284,no,,,no label; no vault counterparty in latest ERC-20 transfers (Ethereum) or registry match
lending split,aave-arbitrum,42161,0x55d47ac66a7374958d3c444027baec16a9131a7a,Safe 1-of-1,wallet,,no,,569.47,565624,no,,,no label; no vault counterparty in latest ERC-20 transfers (Ethereum) or registry match
lending split,spark,1,0xaf3c2f5beee7b19148a23bd087cf412c9fdc9c93,DSProxy,personal,,no,,568.45,518040,no,,,per-user smart account
lending split,aave-core,1,0x7a45d0dc2699a8d57c69b196715c1bbf3302952c,Safe 1-of-1,wallet,,no,,566.53,606948,no,,not checked (ETH-backed debt under $1M),Not identity-checked: ETH-backed part under $1M
lending split,morpho,8453,0xa7cc2ac798571db991e0e192424cbdb811b2a9d3,Coinbase Smart Wallet,personal,,no,,565.85,904768,no,,,per-user smart account
lending split,aave-core,1,0x1b648ade1ef219c87987cd60eba069a7faf1621f,EIP-7702,wallet,,no,,564.82,384288,no,,,no label; no vault counterparty in latest ERC-20 transfers (Ethereum) or registry match
lending split,fluid,1,0xac0168b4fd7427bfd616e3a47fc05dd8175d5b64,EOA,wallet,,no,,564.77,683335,no,,,no label; no vault counterparty in latest ERC-20 transfers (Ethereum) or registry match
lending split,aave-core,1,0xcaab6ff98989fdd4f47e7db6152e6fb47994ec1e,EOA,wallet,,no,,563.94,805085,no,,,no label; no vault counterparty in latest ERC-20 transfers (Ethereum) or registry match
lending split,morpho,8453,0x7b26d64fdccc1494fd76463a01d1b8deb7abe4a2,Coinbase Smart Wallet,personal,,no,,562.94,652335,no,,,per-user smart account
lending split,aave-core,1,0x8b91d3f7e239db69f9262d90422f2b206c6be108,EOA,wallet,,no,,559.55,566235,no,,,no label; no vault counterparty in latest ERC-20 transfers (Ethereum) or registry match
venue sweep: maker,Sky/Maker ETH-A,1,0xb053dc2279fe9b86832b1a55e0e3b625b37d9910,DSProxy,personal,,no,,559.18,36201,no,,,per-user smart account
venue sweep: liquity,Liquity v1 (LUSD) ETH/LUSD,1,0x423eda6652d0636930d350cb60a01eb1f45afc3f,DSProxy,personal,,no,,557.0,206122,no,,,per-user smart account
lending split,aave-base,8453,0x011b0a055e02425461a1ae95b30f483c4ff05be7,EOA,wallet,,no,,555.9,339861,no,,,Base Account
lending split,aave-core,1,0xd1546e6a18119bc47021fa3cafde2a72dc18cbb4,EOA,wallet,,no,,555.09,581089,no,,,no label; no vault counterparty in latest ERC-20 transfers (Ethereum) or registry match
lending split,spark,1,0x601d897241f52b325ba41ca1326401e2f7c3227b,Safe 1-of-1,wallet,,no,,555.03,577645,no,,,no label; no vault counterparty in latest ERC-20 transfers (Ethereum) or registry match
lending split,morpho,8453,0x2c126ad96bb8d8c7c945cd2d68e7b7e99c3b06b7,EOA,wallet,,no,,553.37,605275,no,,,Base Account
lending split,aave-core,1,0x2a2653dea86504c84f9de3f0359f2983f3f7ec84,Safe 2-of-3,wallet,,no,,552.7,806432,no,,,no label; no vault counterparty in latest ERC-20 transfers (Ethereum) or registry match
lending split,morpho,1,0x233a3db28436bcd6d2b42b701579714562d00289,DSProxy,personal,,no,,552.62,354134,no,,,per-user smart account
lending split,aave-core,1,0x54a85cfdb41f0b4f9001b4837e594940d375ed37,EIP-7702,wallet,,no,,552.08,803028,no,,,no label; no vault counterparty in latest ERC-20 transfers (Ethereum) or registry match
lending split,aave-core,1,0xcf6380432cd6a27ee8c28a5a99c9cebf0cbd69c2,EOA,wallet,,no,,551.59,665621,no,,,no label; no vault counterparty in latest ERC-20 transfers (Ethereum) or registry match
lending split,aave-core,1,0x7c32d5779b79cdd5fb17c50fb46a1680a552eacb,EOA,wallet,,no,,549.14,500358,no,,,no label; no vault counterparty in latest ERC-20 transfers (Ethereum) or registry match
lending split,aave-core,1,0xa170756682c6b47e348879a96151c32dceb754e6,EOA,wallet,,no,,548.98,828675,no,,,no label; no vault counterparty in latest ERC-20 transfers (Ethereum) or registry match
lending split,aave-core,1,0x680faa50f0b2efa0059c517083f54a57637ab3c4,EOA,wallet,,no,,548.76,662508,no,,,no label; no vault counterparty in latest ERC-20 transfers (Ethereum) or registry match
lending split,aave-core,1,0x6c1e820bd98839c71d4b1ab864330f40e9048a6c,EOA,wallet,,no,,548.54,567975,no,,,no label; no vault counterparty in latest ERC-20 transfers (Ethereum) or registry match
lending split,spark,1,0x8142797e60ca6e64058435c7eca23cb0f0e0328e,EOA,wallet,,no,,548.03,499369,no,,,no label; no vault counterparty in latest ERC-20 transfers (Ethereum) or registry match
lending split,aave-core,1,0x2d2c1b3a93486e81ead2de7331297edce95340b4,EOA,wallet,,no,,547.99,438642,no,,,no label; no vault counterparty in latest ERC-20 transfers (Ethereum) or registry match
lending split,aave-core,1,0x9d00f0c4dbc82a516892f233849bc25509044c6a,EOA,wallet,,no,,547.35,365355,no,,,no label; no vault counterparty in latest ERC-20 transfers (Ethereum) or registry match
venue sweep: aave_aave-gnosis,aave-gnosis,100,0xbc2bebd4e1a1af5c53eb25d19448ab97a51403f0,EOA,wallet,,no,,546.69,292199,no,,,no label; no vault counterparty in latest ERC-20 transfers (Ethereum) or registry match
lending split,aave-v4,1,0x9378d3e602415bf52065696b98aee47b235f60c3@0x94e7a5dc,EOA,wallet,,no,,544.83,201681,no,,,no label; no vault counterparty in latest ERC-20 transfers (Ethereum) or registry match
lending split,morpho,8453,0x7ef3d0d5d17660abde96ab81c78f1527a4cc584c,Coinbase Smart Wallet,personal,,no,,544.3,708864,no,,,per-user smart account
lending split,aave-core,1,0x0e18ccf32c1a897d16d3fec3427fbe08c7c2f878,Safe 1-of-1,wallet,,no,,542.72,803367,no,,,no label; no vault counterparty in latest ERC-20 transfers (Ethereum) or registry match
lending split,aave-core,1,0xbef34816b76fa0472f57bedb8c08942513f106f7,Safe 2-of-4,wallet,,no,,541.85,688346,no,,,no label; no vault counterparty in latest ERC-20 transfers (Ethereum) or registry match
lending split,aave-core,1,0xc82b52c859bfd255bc36541253ae7e335638fc69,EOA,wallet,,no,,541.34,604741,no,,,55527.eth
lending split,aave-core,1,0x6e11866ffa2aa22f8e17c9dc55b9bd222913aec4,EOA,wallet,,no,,540.45,330609,no,,,no label; no vault counterparty in latest ERC-20 transfers (Ethereum) or registry match
lending split,aave-core,1,0xe431087d8069735462cbc1ea0c86278d43a47c1d,Safe 2-of-3,wallet,,no,,540.13,269772,no,,,no label; no vault counterparty in latest ERC-20 transfers (Ethereum) or registry match
lending split,aave-core,1,0xec74b09b8f0099388185433de6b086b1af064825,EOA,wallet,,no,,539.85,429116,no,,,no label; no vault counterparty in latest ERC-20 transfers (Ethereum) or registry match
lending split,aave-v4,1,0x6a27aa431b8fa656c16d0344eeeca6a40f66841d@0x94e7a5dc,EOA,wallet,,no,,539.32,286426,no,,,no label; no vault counterparty in latest ERC-20 transfers (Ethereum) or registry match
lending split,morpho,1,0x3cc616c2d6566a2f7b2595795cd7df5dca5b230e,EOA,wallet,,no,,537.54,518044,no,,,no label; no vault counterparty in latest ERC-20 transfers (Ethereum) or registry match
lending split,aave-core,1,0x063b963b54dbd2e966e18aef2d54551c4401b047,EOA,wallet,,no,,537.23,421956,no,,,no label; no vault counterparty in latest ERC-20 transfers (Ethereum) or registry match
lending split,aave-core,1,0x38f10edc9d5e49f40c49fe8e327d5decd56c84c0,EOA,wallet,,no,,537.11,597503,no,,,no label; no vault counterparty in latest ERC-20 transfers (Ethereum) or registry match
lending split,aave-core,1,0x39a59cc6869a070e76e55649c55f6dc9df3b68c0,EOA,wallet,,no,,536.03,506300,no,,,no label; no vault counterparty in latest ERC-20 transfers (Ethereum) or registry match
lending split,aave-core,1,0xd5203cb8ab0b4cc1296f9bdfdd548b3cc8749c7c,EOA,wallet,,no,,534.16,330244,no,,,no label; no vault counterparty in latest ERC-20 transfers (Ethereum) or registry match
venue sweep: liquity,Liquity v1 (LUSD) ETH/LUSD,1,0x6d3709ba7d09428b76f4ec604f60a3ca336c78b2,DSProxy,personal,,no,,534.09,94331,no,,,per-user smart account
lending split,aave-arbitrum,42161,0x7d30e0142d028e959548aedea1b5d416d89d8b20,EIP-7702,wallet,,no,,533.36,364480,no,,,no label; no vault counterparty in latest ERC-20 transfers (Ethereum) or registry match
lending split,morpho,8453,0x8d7cac5dd21d6d0fb152595f2aa36c496d058581,Coinbase Smart Wallet,personal,,no,,532.16,507768,no,,,per-user smart account
lending split,aave-v4,1,0x44c53dea471b5b2a1a49c6e8b35619719f795fca@0x94e7a5dc,EOA,wallet,,no,,531.5,777351,no,,,no label; no vault counterparty in latest ERC-20 transfers (Ethereum) or registry match
lending split,aave-core,1,0x4b4b1ae984b00c8bb06e9899b5c1149c93c01dbd,EOA,wallet,,no,,531.16,517731,no,,,no label; no vault counterparty in latest ERC-20 transfers (Ethereum) or registry match
lending split,morpho,8453,0xe5ebcde141e98c23c150bc350b72c23fdcb747c1,EOA,wallet,,no,,531.14,595233,no,,,Base Account
lending split,aave-core,1,0x673954caef72316ebca3b5ae83ff73743c02d61d,Safe 1-of-1,wallet,,no,,531.02,785544,no,,,no label; no vault counterparty in latest ERC-20 transfers (Ethereum) or registry match
lending split,aave-core,1,0x8832924854e3cedb0a6abf372e6ccff9f7654332,EOA,wallet,,no,,530.1,700260,no,,,no label; no vault counterparty in latest ERC-20 transfers (Ethereum) or registry match
lending split,spark,1,0x1c12eab3a5b2c5126301ef4143c7ff5642528fac,Safe 2-of-7,wallet,,no,,528.27,466404,no,,,no label; no vault counterparty in latest ERC-20 transfers (Ethereum) or registry match
lending split,aave-core,1,0xa626bd40a8c88f59a4cf9b1821a7bd71fad96285,EOA,wallet,,no,,527.42,592360,no,,,no label; no vault counterparty in latest ERC-20 transfers (Ethereum) or registry match
lending split,aave-core,1,0x1d56a5ed5cbeaa8885bb61c820b7f897da00531c,EOA,wallet,,no,,526.1,264682,no,,,thedavidmeister.eth
lending split,aave-core,1,0xf899215a5ea7a73b2576a4e7fce9ed873e1097c3,EOA,wallet,,no,,525.85,306293,no,,,no label; no vault counterparty in latest ERC-20 transfers (Ethereum) or registry match
lending split,aave-core,1,0x7974b46e7940de2c4d6458c053bdbac0bf111683,EOA,wallet,,no,,522.31,787170,no,,,myr.eth
lending split,aave-core,1,0x55136b9ae89fc4cdbbd1894d0fa228bc34633674,EOA,wallet,,no,,521.82,300112,no,,,no label; no vault counterparty in latest ERC-20 transfers (Ethereum) or registry match
lending split,aave-core,1,0x0edf985677a7208785ba4dead98bd2253f1324ec,Safe 3-of-5,wallet,,no,,521.67,617959,no,,,no label; no vault counterparty in latest ERC-20 transfers (Ethereum) or registry match
lending split,aave-base,8453,0xcecf0d8a85966edd138e99e562cf4fccc514522f,EIP-7702,wallet,,no,,521.3,794692,no,,,Base Account
lending split,aave-core,1,0x38752981012591312bb56b1fb319511be12f6e2d,contract: LoanManagerOwnable2StepWithShortcut,counted,carry:sentora-eth,yes,,521.12,907092,yes,carry:sentora-eth,,listed in carry_lending_snapshot.json
lending split,aave-core,1,0x4ef7a7c9036e1f324f9cd83efa5b3ad94f27f4d1,EIP-7702,wallet,,no,,520.82,464104,no,,,no label; no vault counterparty in latest ERC-20 transfers (Ethereum) or registry match
lending split,aave-core,1,0x71f12a5b0e60d2ff8a87fd34e7dcff3c10c914b0,EOA,wallet,,no,,520.8,255547,no,,,no label; no vault counterparty in latest ERC-20 transfers (Ethereum) or registry match
lending split,fluid,1,0x96b1f11c888d362ececab6cb67260de40a4cfe1d,Safe 1-of-1,wallet,,no,,520.69,945247,no,,,no label; no vault counterparty in latest ERC-20 transfers (Ethereum) or registry match
lending split,aave-core,1,0x813f7a561a74b088c65b61765d766f2922c76893,EOA,wallet,,no,,515.92,691591,no,,,no label; no vault counterparty in latest ERC-20 transfers (Ethereum) or registry match
lending split,aave-core,1,0x23c158e2c97e98a14efbe22167551f5212162fb5,EOA,wallet,,no,,514.83,306729,no,,,no label; no vault counterparty in latest ERC-20 transfers (Ethereum) or registry match
lending split,aave-core,1,0x7716e858319c6a29cdc547f97493b799341b6c25,Safe 2-of-5,wallet,,no,,512.99,592541,no,,,no label; no vault counterparty in latest ERC-20 transfers (Ethereum) or registry match
lending split,aave-core,1,0xb134ab770bbef86232fe35ba68beaeb8339caf1f,EOA,wallet,,no,,512.49,418876,no,,,no label; no vault counterparty in latest ERC-20 transfers (Ethereum) or registry match
lending split,aave-core,1,0x94843a3441e01ec0d51357a72f3723714ef54018,EOA,wallet,,no,,510.7,390855,no,,,no label; no vault counterparty in latest ERC-20 transfers (Ethereum) or registry match
lending split,aave-core,1,0x94def848159b30605afe0c1d1ac43d6d588b940a,EOA,wallet,,no,,510.43,795365,no,,not checked (ETH-backed debt under $1M),Not identity-checked: ETH-backed part under $1M
venue sweep: liquity,Liquity v2 (BOLD) Liquity v2 (BOLD) branch 0 (WETH/BOLD),1,0x5ddf5ff6902e7d2c97e28fa97cacac3fd137a95d,EOA,wallet,,no,,510.32,652270,no,,,no label; no vault counterparty in latest ERC-20 transfers (Ethereum) or registry match
lending split,aave-core,1,0x727f46cde2b6c848363dcea5fec99b0acf284c06,EOA,wallet,,no,,510.06,89182,no,,,no label; no vault counterparty in latest ERC-20 transfers (Ethereum) or registry match
lending split,fluid,1,0xd999735ac5f59edbda509bcb4c932fb533f9f974,EOA,wallet,,no,,509.92,643619,no,,,no label; no vault counterparty in latest ERC-20 transfers (Ethereum) or registry match
lending split,aave-core,1,0x4b9285f86a5f1636dd8f82ec102b8c51f60ce679,EOA,wallet,,no,,509.41,285856,no,,,no label; no vault counterparty in latest ERC-20 transfers (Ethereum) or registry match
lending split,aave-core,1,0x0ca1b1e471ccca69b58e15eb5778e39c56f7a19f,EOA,wallet,,no,,508.64,302168,no,,,no label; no vault counterparty in latest ERC-20 transfers (Ethereum) or registry match
lending split,aave-core,1,0x43e8b831eb74f5a2dbfb7e6330c76391f7dc66eb,EOA,wallet,,no,,508.37,313158,no,,,no label; no vault counterparty in latest ERC-20 transfers (Ethereum) or registry match
venue sweep: maker,Sky/Maker ETH-A,1,0x152e1f87b40db4c938d2cabc2d133b767913f666,DSProxy,personal,,no,,507.0,291350,no,,,per-user smart account (owner is a contract 0x938db7cd)
lending split,aave-core,1,0xd8a73c8d7c3fedffd6294763e4e58b3833fd52f0,EOA,wallet,,no,,506.08,503166,no,,,no label; no vault counterparty in latest ERC-20 transfers (Ethereum) or registry match
lending split,morpho,1,0xb311bf4362de99c90c87c060824b0f0cef5cd9ba,EOA,wallet,,no,,505.65,218690,no,,,no label; no vault counterparty in latest ERC-20 transfers (Ethereum) or registry match
lending split,morpho,1,0xbaa89a36c36fbd046c1494bd7e979f6eb63c3401,EOA,wallet,,no,,505.29,555126,no,,,no label; no vault counterparty in latest ERC-20 transfers (Ethereum) or registry match
lending split,aave-v4,1,0x7eac02864fbae93de38394a3e7b72a22e9b5fa09@0x94e7a5dc,Coinbase Smart Wallet,personal,,no,,505.12,635907,no,,,per-user smart account
lending split,aave-core,1,0x5231e31c3ca39dd94ff56becb662ea50bc4da7d1,EOA,wallet,,no,,504.99,338201,no,,,wooooooow.eth
lending split,aave-core,1,0x693b75eed71dfa1be188fdb53472c8fc51c5a0a0,EOA,wallet,,no,,504.29,461092,no,,,no label; no vault counterparty in latest ERC-20 transfers (Ethereum) or registry match
lending split,fluid,1,0x15ae76920e6c3570e13e443677a0503e6e95bf79,EOA,wallet,,no,,503.74,689274,no,,,no label; no vault counterparty in latest ERC-20 transfers (Ethereum) or registry match
lending split,aave-core,1,0xacfaca2c6108838d3c8693371d07de051f8936c7,EOA,wallet,,no,,503.53,527112,no,,,no label; no vault counterparty in latest ERC-20 transfers (Ethereum) or registry match
lending split,aave-core,1,0x932bdd2d5e21475e62d2fea8158fc5974507cb1a,EIP-7702,wallet,,no,,503.19,465573,no,,,no label; no vault counterparty in latest ERC-20 transfers (Ethereum) or registry match
lending split,aave-core,1,0xeb9d825a524076ffd235bf65088284c5dab21b87,EOA,wallet,,no,,502.13,287556,no,,,no label; no vault counterparty in latest ERC-20 transfers (Ethereum) or registry match
lending split,aave-arbitrum,42161,0x6e031a9724bbf72aaf9c31886c68bc2b6266e4d4,EIP-7702,wallet,,no,,502.02,393647,no,,,no label; no vault counterparty in latest ERC-20 transfers (Ethereum) or registry match
lending split,aave-core,1,0xc0810e5f17915dfe97b57947a3d84094572689ac,EOA,wallet,,no,,501.84,548544,no,,,no label; no vault counterparty in latest ERC-20 transfers (Ethereum) or registry match
lending split,aave-core,1,0xe4637833f5513524d0b9337a75963619034fbb23,EOA,wallet,,no,,501.05,212058,no,,,no label; no vault counterparty in latest ERC-20 transfers (Ethereum) or registry match
lending split,aave-core,1,0x96885c928c81a46153c6c33371af39bfbb7d0760,EOA,wallet,,no,,500.98,502565,no,,,no label; no vault counterparty in latest ERC-20 transfers (Ethereum) or registry match
lending split,aave-core,1,0xb7a57fccb177b1469f68bcea5592fd0f4ac8d1aa,EOA,wallet,,no,,500.98,501916,no,,,no label; no vault counterparty in latest ERC-20 transfers (Ethereum) or registry match
lending split,compound-v3,1,0xde6b2a06407575b98724818445178c1f5fd53361,EIP-7702,wallet,,no,,500.83,591653,no,,"individual (unlabeled, after automated checks)",Unlabeled EIP-7702 EOA (samurai.eth); funded by Poloniex 1; samurai.eth
lending split,aave-core,1,0x785717d0e9d61a5fde099a544db84548027e2c3c,EOA,wallet,,no,,500.46,500833,no,,,no label; no vault counterparty in latest ERC-20 transfers (Ethereum) or registry match
lending split,aave-core,1,0x7afa067f2094c324b8ffc25fb9f78d30a32b83ab,EOA,wallet,,no,,500.43,579365,no,,,no label; no vault counterparty in latest ERC-20 transfers (Ethereum) or registry match
lending split,aave-v4,1,0xfc0714740c63e72b0a4e5dbd9c3e413ed2df0a24@0x94e7a5dc,EOA,wallet,,no,,500.01,767255,no,,,no label; no vault counterparty in latest ERC-20 transfers (Ethereum) or registry match
venue sweep: liquity,Liquity v1 (LUSD) ETH/LUSD,1,0x8dfd545a2d6ba57d0ccfb060a0eefe01f41f2902,EOA,wallet,,no,,500.0,42410,no,,,no label; no vault counterparty in latest ERC-20 transfers (Ethereum) or registry match
venue sweep: maker,Sky/Maker ETH-A,1,0x3dba7a929163ff4b813df3badfea35ff69c4a111,DSProxy,personal,,no,,499.5,365949,no,,,per-user smart account
lending split,aave-arbitrum,42161,0xf45ff753709c1a2194eccfc5b32a3f796928bb66,EOA,wallet,,no,,498.6,275997,no,,,no label; no vault counterparty in latest ERC-20 transfers (Ethereum) or registry match
lending split,aave-base,8453,0x402904e954aebee2e78b7b09595393cf05571333,EOA,wallet,,no,,498.43,294028,no,,,Base Account
lending split,morpho,1,0x8afed901714ac7753c5a410516f2d4396a48e9db,Safe 2-of-4,wallet,,no,,498.13,499835,no,,,no label; no vault counterparty in latest ERC-20 transfers (Ethereum) or registry match
lending split,spark,1,0xbb737a5dd66ff2e101a83c66b329da7743cd17d6,Summer.fi DPM,personal,,no,,497.89,585010,no,,,per-user smart account
lending split,aave-core,1,0x3b6b34ce7eda265e78efd146c0671bef0787617a,EIP-7702,wallet,,no,,496.26,788916,no,,not checked (ETH-backed debt under $1M),Not identity-checked: ETH-backed part under $1M
lending split,aave-core,1,0xb382ef0e2c0c83fd8dfbd78e30ac2d44d5ddf3c0,EIP-7702,wallet,,no,,494.09,262362,no,,,no label; no vault counterparty in latest ERC-20 transfers (Ethereum) or registry match
lending split,morpho,8453,0x2df1c5e4e120d543a4e333287f01b65222cee7ea,Coinbase Smart Wallet,personal,,no,,494.08,997013,no,,,per-user smart account
lending split,aave-core,1,0x9c7cd4977dd1c4e71abd9c0daabe92425f3f7a0c,EOA,wallet,,no,,493.89,255766,no,,,no label; no vault counterparty in latest ERC-20 transfers (Ethereum) or registry match
lending split,aave-core,1,0x7ad53bba1004e46dd456316912d55dbc5d311a03,EOA,wallet,,no,,493.26,554127,no,,,no label; no vault counterparty in latest ERC-20 transfers (Ethereum) or registry match
lending split,compound-v3,1,0xa8c6d4c86b2801debf1aa5369424aa563b72443b,EOA,wallet,,no,,493.2,757772,no,,,no label; no vault counterparty in latest ERC-20 transfers (Ethereum) or registry match
lending split,aave-core,1,0x54be3a794282c030b15e43ae2bb182e14c409c5e,EOA,wallet,,no,,493.16,950262,no,,,dingaling.eth
lending split,aave-core,1,0x86aef245207e2f93fba083d51852c91a7e711eb6,EOA,wallet,,no,,492.67,603865,no,,,no label; no vault counterparty in latest ERC-20 transfers (Ethereum) or registry match
lending split,aave-core,1,0x82d5d7c66e0fd623ceca1d7ea34fdb8132002523,EOA,wallet,,no,,491.91,193889,no,,,no label; no vault counterparty in latest ERC-20 transfers (Ethereum) or registry match
lending split,aave-core,1,0x9ccf4fe8891d817277116bcd900d52cbb0c1082e,EOA,wallet,,no,,491.89,392282,no,,,no label; no vault counterparty in latest ERC-20 transfers (Ethereum) or registry match
lending split,spark,1,0xb0534418e031a5ca00e752824d7d041501c6a279,Safe 1-of-1,wallet,,no,,491.31,457588,no,,,no label; no vault counterparty in latest ERC-20 transfers (Ethereum) or registry match
lending split,aave-v4,1,0xac6ea390fa8b2ac9257ca257d8a7d055001bdaea@0x94e7a5dc,EOA,wallet,,no,,490.67,203242,no,,,no label; no vault counterparty in latest ERC-20 transfers (Ethereum) or registry match
lending split,aave-v4,1,0xdaf44d4642cf37d1c997c7aad35b5456cd1e9bd5@0x94e7a5dc,EOA,wallet,,no,,490.38,717040,no,,,no label; no vault counterparty in latest ERC-20 transfers (Ethereum) or registry match
lending split,morpho,1,0x3dc606ce9cca12196917a3267a8ae7008e018958,EOA,wallet,,no,,489.06,459825,no,,,no label; no vault counterparty in latest ERC-20 transfers (Ethereum) or registry match
lending split,spark,1,0xb7b7eb7e9611975bc9715f22ce7e6ee288296fd4,EOA,wallet,,no,,488.99,613431,no,,"individual (unlabeled, code-type screen only)",Unlabeled EOA
lending split,morpho,8453,0x53ff1d086809f8fa76982224ecc8185bb006c241,EOA,wallet,,no,,488.0,674530,no,,,Base Account
lending split,aave-core,1,0x10584baf934f41c2a18de9acd5066437592c3e3e,EOA,wallet,,no,,487.27,717272,no,,,no label; no vault counterparty in latest ERC-20 transfers (Ethereum) or registry match
lending split,spark,1,0x3efc239342b9c4ca201047898036a6a47afffd71,EIP-7702,wallet,,no,,486.13,254506,no,,,no label; no vault counterparty in latest ERC-20 transfers (Ethereum) or registry match
lending split,aave-core,1,0xea58a11fec6ffc420819d05ffad6c6f1a60a41a1,EOA,wallet,,no,,485.97,398997,no,,,no label; no vault counterparty in latest ERC-20 transfers (Ethereum) or registry match
lending split,morpho,8453,0x63be1d140ec82d7ae2bb75f9127171a38278e6ee,Coinbase Smart Wallet,personal,,no,,484.93,846798,no,,,per-user smart account
lending split,aave-core,1,0xb1ccf81af23c05b99d5aaea9f521a5e912e17767,EOA,wallet,,no,,484.89,190459,no,,,no label; no vault counterparty in latest ERC-20 transfers (Ethereum) or registry match
lending split,aave-v4,1,0x300afbe08ee4619ec93524f9255ce59a013a5b63@0x94e7a5dc,EIP-7702,wallet,,no,,484.57,527370,no,,,no label; no vault counterparty in latest ERC-20 transfers (Ethereum) or registry match
lending split,aave-core,1,0x6069a2cd9b1250e54eaffb6af436e71d6742e225,EOA,wallet,,no,,484.01,426596,no,,,no label; no vault counterparty in latest ERC-20 transfers (Ethereum) or registry match
venue sweep: liquity,Liquity v1 (LUSD) ETH/LUSD,1,0x8eb2e0cebcd191625037a042c9edf67b7f7fd74c,EOA,wallet,,no,,482.66,146177,no,,,no label; no vault counterparty in latest ERC-20 transfers (Ethereum) or registry match
lending split,spark,1,0xa052d039738d667f1e12180c388816308e9d022d,EOA,wallet,,no,,482.29,505783,no,,,no label; no vault counterparty in latest ERC-20 transfers (Ethereum) or registry match
lending split,spark,1,0xbef4e5d4d18233741eea8da62185bf590000e179,Safe 2-of-4,wallet,,no,,481.97,234646,no,,,no label; no vault counterparty in latest ERC-20 transfers (Ethereum) or registry match
lending split,aave-arbitrum,42161,0x25f46456383a5038e93aae660647e7f2afe6ee51,EOA,wallet,,no,,481.06,537334,no,,,no label; no vault counterparty in latest ERC-20 transfers (Ethereum) or registry match
lending split,spark,1,0x140c361749ce5878684d310bc7b7db4db10ab148,EOA,wallet,,no,,476.22,422483,no,,,no label; no vault counterparty in latest ERC-20 transfers (Ethereum) or registry match
lending split,morpho,1,0xe407f8d8cfd2b629abf9a1e4632ff2f24508f283,Safe 1-of-1,wallet,,no,,474.29,561417,no,,,no label; no vault counterparty in latest ERC-20 transfers (Ethereum) or registry match
lending split,aave-core,1,0xa84099f99618920e34da42e247fbfa0f87ecd4f4,EOA,wallet,,no,,474.0,272802,no,,,no label; no vault counterparty in latest ERC-20 transfers (Ethereum) or registry match
lending split,aave-v4,1,0x786213ac9ed4510d5262793071bba4cb82c3d363@0x94e7a5dc,EIP-7702,wallet,,no,,473.93,612370,no,,,no label; no vault counterparty in latest ERC-20 transfers (Ethereum) or registry match
lending split,morpho,1,0x7a2d4f0cc325120a62c9a35b9ec4322aff65deca,EOA,wallet,,no,,473.23,378732,no,,,no label; no vault counterparty in latest ERC-20 transfers (Ethereum) or registry match
lending split,aave-core,1,0x50e835c1088dd06747312c06ac0839ecc773cb42,EOA,wallet,,no,,472.55,183277,no,,,no label; no vault counterparty in latest ERC-20 transfers (Ethereum) or registry match
lending split,aave-core,1,0xb7986c464bf45c1ba2cedf2cb60e1f892e3e69fb,EOA,wallet,,no,,467.39,397465,no,,,no label; no vault counterparty in latest ERC-20 transfers (Ethereum) or registry match
lending split,aave-core,1,0x03a4b2117a36b7e8351c5f1bb9907714c6f522f6,EOA,wallet,,no,,467.25,535008,no,,,no label; no vault counterparty in latest ERC-20 transfers (Ethereum) or registry match
lending split,aave-arbitrum,42161,0xa299713fac60123f416f44d1c598313ba613a8aa,EOA,wallet,,no,,465.92,139990,no,,,no label; no vault counterparty in latest ERC-20 transfers (Ethereum) or registry match
lending split,aave-core,1,0x80c460d68e32f76245ed48a3cb8d2f41923c8105,EOA,wallet,,no,,463.38,594217,no,,,no label; no vault counterparty in latest ERC-20 transfers (Ethereum) or registry match
lending split,aave-core,1,0xe4f5058d3b9fb5229e5568cfbbc2b9754f85984f,EOA,wallet,,no,,463.01,324919,no,,,no label; no vault counterparty in latest ERC-20 transfers (Ethereum) or registry match
lending split,aave-base,8453,0x6360ea0e3af36b7b51cf7e4f810370dd5a8cdc0f,EIP-7702,wallet,,no,,462.65,586528,no,,,Base Account
lending split,aave-core,1,0xa0edd1225111245331f1bd3ba29f984fc8179dbe,EOA,wallet,,no,,462.58,679157,no,,,no label; no vault counterparty in latest ERC-20 transfers (Ethereum) or registry match
lending split,aave-core,1,0x5dc7179fdcc0b3f9832bd88dd8c8dcca5b95d9ed,EOA,wallet,,no,,461.49,457789,no,,,no label; no vault counterparty in latest ERC-20 transfers (Ethereum) or registry match
lending split,aave-core,1,0x32c801905a981afbaec9cd9588c4a7b174fca3bb,EOA,wallet,,no,,461.33,343161,no,,,no label; no vault counterparty in latest ERC-20 transfers (Ethereum) or registry match
lending split,aave-core,1,0xec0b9ebf2a304c99cafe85c548c14dd7783cb078,EOA,wallet,,no,,461.12,542865,no,,,no label; no vault counterparty in latest ERC-20 transfers (Ethereum) or registry match
venue sweep: maker,Sky/Maker ETH-A,1,0x2c06f8a915b30414084a535bc79f0931353af494,DSProxy,personal,,no,,461.11,410099,no,,,per-user smart account
lending split,fluid,1,0x3dc606ce9cca12196917a3267a8ae7008e018958,EOA,wallet,,no,,460.09,403974,no,,,no label; no vault counterparty in latest ERC-20 transfers (Ethereum) or registry match
lending split,morpho,1,0x72c6ad3237c457d4eb1db26a4adff747c194fd25,EOA,wallet,,no,,459.43,722183,no,,,no label; no vault counterparty in latest ERC-20 transfers (Ethereum) or registry match
venue sweep: maker,Sky/Maker ETH-A,1,0x4836a26a84f6d170dfa2de3e4b2943e025c267ce,DSProxy,personal,,no,,459.32,394708,no,,,per-user smart account
lending split,aave-core,1,0x4874e08a2994e2af088c210246f877237a4b304b,EOA,wallet,,no,,459.31,650802,no,,,no label; no vault counterparty in latest ERC-20 transfers (Ethereum) or registry match
lending split,aave-core,1,0x227928e35d5bfd376664d76daf5743c9d3ed753f,EOA,wallet,,no,,459.29,539210,no,,,no label; no vault counterparty in latest ERC-20 transfers (Ethereum) or registry match
lending split,aave-core,1,0x60724cc8341e5d3ca0d0002a04f6f38ea4cb760b,EOA,wallet,,no,,458.98,159541,no,,,no label; no vault counterparty in latest ERC-20 transfers (Ethereum) or registry match
lending split,fluid,1,0xfbc63fda13063eb6e3ad7078e64b7ae402f08658,EOA,wallet,,no,,458.8,487757,no,,,no label; no vault counterparty in latest ERC-20 transfers (Ethereum) or registry match
lending split,aave-core,1,0x1a03bd7e919004acc9f044caabd20ad596b3bd55,EOA,wallet,,no,,458.18,39364,no,,,charlie.wright.eth
lending split,aave-core,1,0xf40b204cf244adc701bbe24fab7a857f24f627e3,EOA,wallet,,no,,457.83,901414,no,,,no label; no vault counterparty in latest ERC-20 transfers (Ethereum) or registry match
lending split,aave-core,1,0x2ddcacbbdc43873b8a86d347fc4ef51ebb744475,Summer.fi DPM,personal,,no,,456.53,277602,no,,,per-user smart account
lending split,aave-v4,1,0x61bbebb90fbc89358e0b66f9b79581b1b7a94b63@0x94e7a5dc,EOA,wallet,,no,,456.5,678942,no,,,no label; no vault counterparty in latest ERC-20 transfers (Ethereum) or registry match
lending split,aave-core,1,0x774b5862a876814e380a6ba304526e9a3584f2a1,EOA,wallet,,no,,455.18,472743,no,,,no label; no vault counterparty in latest ERC-20 transfers (Ethereum) or registry match
lending split,aave-core,1,0x6249099e4a2aacb70621c432d537fe6bbdb5251c,EOA,wallet,,no,,454.78,824955,no,,,no label; no vault counterparty in latest ERC-20 transfers (Ethereum) or registry match
lending split,aave-core,1,0x689a0f956dbf4d4bbff4b6f8d88dbc15aadc04a4,EIP-7702,wallet,,no,,454.13,375932,no,,,no label; no vault counterparty in latest ERC-20 transfers (Ethereum) or registry match
lending split,aave-core,1,0xf191d42c4ffaf9c2b759fd398a344152eea96bb0,EOA,wallet,,no,,452.4,530829,no,,,no label; no vault counterparty in latest ERC-20 transfers (Ethereum) or registry match
lending split,aave-core,1,0x7e0e0d8225434cf45f8cc668a27823e29c6cf2e1,Safe 2-of-6,wallet,,no,,451.46,542930,no,,,no label; no vault counterparty in latest ERC-20 transfers (Ethereum) or registry match
lending split,aave-core,1,0x32b364f4bf6cd547082e12705553baeb46da795d,EOA,wallet,,no,,451.26,302030,no,,,no label; no vault counterparty in latest ERC-20 transfers (Ethereum) or registry match
lending split,spark,1,0x7b57bf19915ef2005c5d92ca88d0c30feed2a4bb,EOA,wallet,,no,,451.17,558967,no,,,no label; no vault counterparty in latest ERC-20 transfers (Ethereum) or registry match
lending split,aave-core,1,0x5131cf921b0430a8664f672f3cf8dc6fff919b6b,EOA,wallet,,no,,450.91,668690,no,,,no label; no vault counterparty in latest ERC-20 transfers (Ethereum) or registry match
lending split,aave-arbitrum,42161,0xc81e714b95eeaa16ffe012b848e230c81c4c0fe8,EIP-7702,wallet,,no,,450.73,638015,no,,,no label; no vault counterparty in latest ERC-20 transfers (Ethereum) or registry match
venue sweep: curve,Curve crvUSD mint wstETH/crvUSD,1,0xa8e9fdc7c5959f2adcb5e49f6ea9bb3002bd8ad2,EOA,wallet,,no,,449.64,783613,no,,,no label; no vault counterparty in latest ERC-20 transfers (Ethereum) or registry match
lending split,fluid,1,0x3e3c23e444f237853f5edaadeb21c47a09116c9c,EOA,wallet,,no,,448.78,410424,no,,,no label; no vault counterparty in latest ERC-20 transfers (Ethereum) or registry match
lending split,aave-base,8453,0xb65ed0b02575b8d0a47b0a4e2ef2d0d21a46f3e9,EOA,wallet,,no,,448.1,657134,no,,,Base Account
lending split,aave-v4,1,0x7817c4100e8e51c147c7b7eac1259abbdf47e7f0@0x973a023a,EOA,wallet,,no,,448.0,677573,no,,,no label; no vault counterparty in latest ERC-20 transfers (Ethereum) or registry match
lending split,aave-core,1,0xac76ec8b27e815c8c7e70cbe4a4310df1ef3a7e6,EOA,wallet,,no,,447.12,511745,no,,,no label; no vault counterparty in latest ERC-20 transfers (Ethereum) or registry match
lending split,spark,1,0x109f41c7f404a642e6a2ee5b103d6c90a5616bf9,EOA,wallet,,no,,446.83,408841,no,,,no label; no vault counterparty in latest ERC-20 transfers (Ethereum) or registry match
venue sweep: curve,Curve crvUSD mint wstETH/crvUSD,1,0xda5e1fe535f4e35c639b778f252ec928e45907f3,EOA,wallet,,no,,446.29,275392,no,,,no label; no vault counterparty in latest ERC-20 transfers (Ethereum) or registry match
lending split,aave-core,1,0xdbd54d13df4a70989dce9ee5ff851ac612ab9062,EOA,wallet,,no,,444.42,199806,no,,,no label; no vault counterparty in latest ERC-20 transfers (Ethereum) or registry match
lending split,aave-core,1,0x5f0bd06a71e038206ef3e5090eb448e9a9773772,EOA,wallet,,no,,442.45,261744,no,,,no label; no vault counterparty in latest ERC-20 transfers (Ethereum) or registry match
venue sweep: curve,Curve crvUSD mint sfrxETH/crvUSD,1,0xb0e83c2d71a991017e0116d58c5765abc57384af,EOA,wallet,,no,,440.82,565351,no,,,no label; no vault counterparty in latest ERC-20 transfers (Ethereum) or registry match
venue sweep: euler,euler,1,0xa7bd8231281ce6a2ef840a9fce2c2557e5219472,EOA,wallet,,no,,440.74,823047,no,,,no label; no vault counterparty in latest ERC-20 transfers (Ethereum) or registry match
lending split,compound-v3,1,0xec6ea79dddfcf2f9185464f3efb1285c8c22380d,EOA,wallet,,no,,439.65,3229487,no,,,no label; no vault counterparty in latest ERC-20 transfers (Ethereum) or registry match
lending split,aave-core,1,0xbfce1907360c0b74542aadfa5a2d919e029d4266,EOA,wallet,,no,,439.56,491308,no,,,no label; no vault counterparty in latest ERC-20 transfers (Ethereum) or registry match
lending split,aave-core,1,0xb48690d19539723df946d9151a1c08c88be5df3e,EOA,wallet,,no,,439.23,636122,no,,,no label; no vault counterparty in latest ERC-20 transfers (Ethereum) or registry match
lending split,aave-core,1,0x889889a813520500257ace57ca64c2bc6fedfe21,EOA,wallet,,no,,437.9,130703,no,,,no label; no vault counterparty in latest ERC-20 transfers (Ethereum) or registry match
lending split,morpho,1,0xa2a232974bbc89c272c20a881739048e3de18441,Safe 1-of-1,wallet,,no,,437.6,480516,no,,,no label; no vault counterparty in latest ERC-20 transfers (Ethereum) or registry match
lending split,aave-core,1,0xc83894ac498289e54fbe523c0abfcbac8ceb1cab,EOA,wallet,,no,,437.28,218923,no,,,no label; no vault counterparty in latest ERC-20 transfers (Ethereum) or registry match
lending split,aave-core,1,0x22539a0ccea56b1404b6ef6e5ee24048100787aa,EOA,wallet,,no,,436.72,71522,no,,,no label; no vault counterparty in latest ERC-20 transfers (Ethereum) or registry match
lending split,aave-core,1,0x378bcce7235d53bbc3774bff8559191f06e6818e,EOA,wallet,,no,,436.64,304132,no,,,caktux.eth
lending split,aave-core,1,0xbc5dd1318df734f989da28bf2a7217646ba892db,EOA,wallet,,no,,436.61,346377,no,,,no label; no vault counterparty in latest ERC-20 transfers (Ethereum) or registry match
lending split,aave-core,1,0xcf26ee25142d4d8e9c287bb1cff363a4997363d3,EOA,wallet,,no,,436.04,244412,no,,,no label; no vault counterparty in latest ERC-20 transfers (Ethereum) or registry match
lending split,morpho,1,0x6371024c5ffdaefef716adce3cac52ac6181cd9d,EOA,wallet,,no,,435.87,551001,no,,,inveteratus.eth
lending split,morpho,747474,0x13f210c8baf5f5dbaff3e917e2e5a49e73bbaf12,EOA,wallet,,no,,435.24,762281,no,,,no label; no vault counterparty in latest ERC-20 transfers (Ethereum) or registry match
venue sweep: curve,Curve crvUSD mint wstETH/crvUSD,1,0x98289e90d6fc92a8769bc892d006a2baa7705afe,EOA,wallet,,no,,434.75,377138,no,,,no label; no vault counterparty in latest ERC-20 transfers (Ethereum) or registry match
lending split,morpho,1,0xfdbbfb0fe2986672af97eca0e797d76a0bbf35c9,EIP-7702,wallet,,no,,433.62,842174,no,,,no label; no vault counterparty in latest ERC-20 transfers (Ethereum) or registry match
lending split,morpho,1,0x64b3929a741e4fcca78d56b805dc817a17ddff6e,EOA,wallet,,no,,432.76,774394,no,,,no label; no vault counterparty in latest ERC-20 transfers (Ethereum) or registry match
lending split,morpho,1,0x5b2baf2d23826c9b27d60567e0dec940ec3a66cc,EIP-7702,wallet,,no,,432.76,774394,no,,,no label; no vault counterparty in latest ERC-20 transfers (Ethereum) or registry match
lending split,aave-core,1,0x86e0c334b7a90a0b0927b5da54ef0393303e7c6a,Safe 2-of-3,wallet,,no,,431.37,109213,no,,,no label; no vault counterparty in latest ERC-20 transfers (Ethereum) or registry match
lending split,aave-core,1,0xd242c01f124b3389924505ca9e645a384ca4821a,EOA,wallet,,no,,430.17,492712,no,,,no label; no vault counterparty in latest ERC-20 transfers (Ethereum) or registry match
lending split,aave-core,1,0xdea359382e680dbf81a0e8c0d4dd0a4dcf0b1cdd,EOA,wallet,,no,,430.15,211494,no,,,no label; no vault counterparty in latest ERC-20 transfers (Ethereum) or registry match
venue sweep: maker,Sky/Maker ETH-C,1,0x5cdc51f72d98d64483d8e4afef1de2e5c2c1ac50,DSProxy,personal,,no,,430.0,110652,no,,,per-user smart account
lending split,aave-arbitrum,42161,0x0e66cf7a7e7a7f4574670f6c2c9d463e1478a06c,EOA,wallet,,no,,429.68,316265,no,,,no label; no vault counterparty in latest ERC-20 transfers (Ethereum) or registry match
lending split,aave-core,1,0xe1426417f3cbc8ac30b5e6c0118bb8cad7901826,EOA,wallet,,no,,429.05,510914,no,,,no label; no vault counterparty in latest ERC-20 transfers (Ethereum) or registry match
venue sweep: liquity,Liquity v2 (BOLD) Liquity v2 (BOLD) branch 1 (wstETH/BOLD),1,0xfb8dc9a47aff3577d95d668547bd4a62275d01d9,EOA,wallet,,no,,428.4,605200,no,,,no label; no vault counterparty in latest ERC-20 transfers (Ethereum) or registry match
lending split,aave-core,1,0x8c97e67905037b035af2db91d8684e2b4bc6a3ea,EOA,wallet,,no,,428.16,171878,no,,,no label; no vault counterparty in latest ERC-20 transfers (Ethereum) or registry match
lending split,aave-core,1,0x58ae4cb232290e906f19831d7bae6ccba68df774,EOA,wallet,,no,,427.92,207342,no,,,no label; no vault counterparty in latest ERC-20 transfers (Ethereum) or registry match
venue sweep: aave_aave-avalanche,aave-avalanche,43114,0x972698bf61e2377b5c45b3038d85d04981ddb48c,EOA,wallet,,no,,427.89,587240,no,,,no label; no vault counterparty in latest ERC-20 transfers (Ethereum) or registry match
venue sweep: liquity,Liquity v2 (BOLD) Liquity v2 (BOLD) branch 1 (wstETH/BOLD),1,0x8b0afadfde6fa271325305ff24a016b4fb6e3846,DSProxy,personal,,no,,427.67,524538,no,,,per-user smart account
lending split,compound-v3,1,0xa81bd325841e5b95813b03847fb07fed98480530,EOA,wallet,,no,,427.17,106122,no,,,no label; no vault counterparty in latest ERC-20 transfers (Ethereum) or registry match
lending split,aave-base,8453,0x0c0abec98df2f8787ddb83759e30524e15406595,EOA,wallet,,no,,427.13,456241,no,,,Base Account
lending split,spark,1,0xe34bb624055b171d777eccbbfc3baaeeffbe432c,EOA,wallet,,no,,426.91,656412,no,,,no label; no vault counterparty in latest ERC-20 transfers (Ethereum) or registry match
lending split,aave-core,1,0x5c424b891384104f0f752eb68e32bc888058457b,EOA,wallet,,no,,426.47,331094,no,,,no label; no vault counterparty in latest ERC-20 transfers (Ethereum) or registry match
lending split,aave-core,1,0xb1db3b7cf4901114fd5b8363157523af5f0d3062,EOA,wallet,,no,,426.41,349031,no,,,no label; no vault counterparty in latest ERC-20 transfers (Ethereum) or registry match
lending split,aave-core,1,0x16f037a3ddf53da1b047a926e1833219f0a8e1fc,EOA,wallet,,no,,426.31,653038,no,,,tybg.eth
lending split,compound-v3,1,0x65ca5ec2153902476e9d869bfeb5c6a106cfcee5,EOA,wallet,,no,,426.0,153961,no,,,no label; no vault counterparty in latest ERC-20 transfers (Ethereum) or registry match
lending split,spark,1,0x7c9e5ed4a713f7d2406ac320fb96b3dd135a0f5e,Summer.fi DPM,personal,,no,,425.31,532726,no,,,per-user smart account
lending split,aave-core,1,0x1a6560cdcf7f8ab2ad8389541fa2fcdb60aa805e,EOA,wallet,,no,,424.78,121126,no,,,no label; no vault counterparty in latest ERC-20 transfers (Ethereum) or registry match
lending split,spark,1,0x57ef2b98306d2c98f2fcebbdd05090c75982af72,EOA,wallet,,no,,424.03,301975,no,,,seah.eth
venue sweep: maker,Sky/Maker ETH-A,1,0x27fd92a15c521ad3303096c23c2c0ab9762d9728,DSProxy,personal,,no,,423.62,4899,no,,,per-user smart account
lending split,morpho,8453,0xd4cb36e89074608e36cd138ea4bbdc8eff1cafaf,EIP-7702,wallet,,no,,422.71,401300,no,,,Base Account
lending split,morpho,1,0x21971c9b17425141a1dac54f9abf1ad1489d8b90,Safe 1-of-1,wallet,,no,,421.05,612100,no,,,no label; no vault counterparty in latest ERC-20 transfers (Ethereum) or registry match
lending split,aave-core,1,0x1ba730491a84285dc77ade5911bbe6e819eef8be,Summer.fi DPM,personal,,no,,420.58,425020,no,,,per-user smart account
lending split,aave-core,1,0xcd6b2f67abc1f1a78941c486d319228c8ee2c8f2,EOA,wallet,,no,,420.37,201293,no,,,no label; no vault counterparty in latest ERC-20 transfers (Ethereum) or registry match
lending split,aave-core,1,0xf6fda444d7ade94b6feb0145903b94d26f74a4e3,Summer.fi DPM,personal,,no,,420.08,387851,no,,,per-user smart account
lending split,compound-v3,1,0xcdd681467221379db0caa005fbfb5c899384aaa2,EIP-7702,wallet,,no,,420.0,492094,no,,,no label; no vault counterparty in latest ERC-20 transfers (Ethereum) or registry match
lending split,aave-core,1,0x95f6b7b0f873b4eee36c5a610fb2749785c25ab3,EOA,wallet,,no,,418.4,630851,no,,,no label; no vault counterparty in latest ERC-20 transfers (Ethereum) or registry match
lending split,compound-v3,1,0xa81ace214b97d4b9c2072a934d0c4de486757538,EOA,wallet,,no,,417.54,2611097,no,,,no label; no vault counterparty in latest ERC-20 transfers (Ethereum) or registry match
lending split,aave-core,1,0x133bb319258bdceb12bfdc88f599342a895cb3db,EIP-7702,wallet,,no,,416.7,692101,no,,,inflexible.eth
lending split,aave-core,1,0xc22d7cc5f3a3dce745548e2c5d6e7f772a670f3a,EOA,wallet,,no,,416.6,395085,no,,,no label; no vault counterparty in latest ERC-20 transfers (Ethereum) or registry match
lending split,fluid,1,0x003626ab1a6ae0f0c4f5967a7f4f5eea3aa225ac,Safe 2-of-3,wallet,,no,,416.38,244248,no,,,no label; no vault counterparty in latest ERC-20 transfers (Ethereum) or registry match
lending split,aave-core,1,0x3a6be494884e4019a2a727dd217accf2320ca641,contract: unnamed,product,"Enzyme fund ""Digital Asset Vault"" (Aave v3 debt external position)",manager-gated,8,416.28,292166,no,enzyme-finance (farming),,ExternalPositionProxy type 13 (Aave v3 debt); getVaultProxy() = Enzyme vault; all three vaults owned by 0xa218a923; 8 share holders
lending split,aave-core,1,0x82138a24a7717473a2abb29f396e530e076c01fe,EOA,wallet,,no,,415.81,326324,no,,,no label; no vault counterparty in latest ERC-20 transfers (Ethereum) or registry match
lending split,morpho,1,0xc99882e7efb11e4258dfee59954226e53fef4e68,EOA,wallet,,no,,415.06,468832,no,,,no label; no vault counterparty in latest ERC-20 transfers (Ethereum) or registry match
lending split,aave-core,1,0x9113b77b92f86c5add4729294b04c058b0626d0e,Safe 2-of-7,wallet,,no,,414.33,408146,no,,,no label; no vault counterparty in latest ERC-20 transfers (Ethereum) or registry match
lending split,aave-core,1,0xcffe30820828d4c108087c06eba48bfe1d7d7bc6,Safe 3-of-6,wallet,,no,,414.31,449,no,,,no label; no vault counterparty in latest ERC-20 transfers (Ethereum) or registry match
venue sweep: maker,Sky/Maker ETH-A,1,0x46ef20b5ae1bd1e0425afab9343723fa17610cbf,DSProxy,personal,,no,,414.0,387413,no,,,per-user smart account
lending split,aave-prime,1,0xa8faa8d1b2c470e5fb3c2b342edd49faa9de983c,EOA,wallet,,no,,413.7,276477,no,,,no label; no vault counterparty in latest ERC-20 transfers (Ethereum) or registry match
lending split,morpho,1,0x859cd1be0af21785fdfdc25c4da9c819721af230,EIP-7702,wallet,,no,,412.56,331962,no,,,heymandaniel.eth
lending split,aave-core,1,0x5cd6d9a4fa46a74c8967cee957971cb16cd4ae40,EOA,wallet,,no,,412.48,301337,no,,,no label; no vault counterparty in latest ERC-20 transfers (Ethereum) or registry match
lending split,aave-core,1,0xa7fb0f2130cdebd4516d91114293bcb7590e47f9,EOA,wallet,,no,,411.43,377942,no,,,no label; no vault counterparty in latest ERC-20 transfers (Ethereum) or registry match
lending split,fluid,1,0x7b7304c3d7fbb36b9aa57f47d8d0186fed26224f,EOA,wallet,,no,,411.3,352197,no,,,no label; no vault counterparty in latest ERC-20 transfers (Ethereum) or registry match
lending split,aave-base,8453,0x9113b77b92f86c5add4729294b04c058b0626d0e,Safe 2-of-6,wallet,,no,,410.79,449883,no,,,no label; no vault counterparty in latest ERC-20 transfers (Ethereum) or registry match
lending split,morpho,8453,0x0ca17d6910a340c80954e6c2f0b9da1eb92a0297,Coinbase Smart Wallet,personal,,no,,410.44,311279,no,,,per-user smart account
lending split,morpho,1,0x34d76d810150ad415b76c6a6ec9b9eb568f501ca,EOA,wallet,,no,,410.4,299533,no,,,no label; no vault counterparty in latest ERC-20 transfers (Ethereum) or registry match
lending split,aave-core,1,0x3bd856465321ead1605286938493169e9c9011cf,EOA,wallet,,no,,410.04,275469,no,,,no label; no vault counterparty in latest ERC-20 transfers (Ethereum) or registry match
lending split,aave-core,1,0x86ca43873ecce5e164acd41954603e1864a1413d,EOA,wallet,,no,,408.68,166573,no,,,no label; no vault counterparty in latest ERC-20 transfers (Ethereum) or registry match
lending split,aave-core,1,0xbed70771203884ae83da8a2c988002b86a785373,EIP-7702,wallet,,no,,408.51,491198,no,,,no label; no vault counterparty in latest ERC-20 transfers (Ethereum) or registry match
lending split,aave-core,1,0xe7ba4af6f6a9a36a7b2446c6d6e732ffb92d4be1,EOA,wallet,,no,,407.9,137894,no,,,no label; no vault counterparty in latest ERC-20 transfers (Ethereum) or registry match
lending split,morpho,1,0xc918f7496689e60a5f42dd14b75486aee87f184e,EOA,wallet,,no,,407.33,462209,no,,,no label; no vault counterparty in latest ERC-20 transfers (Ethereum) or registry match
lending split,aave-core,1,0x930b3f745b6a72e0f69ad5cddbd0b24701f01519,EOA,wallet,,no,,406.29,260129,no,,,no label; no vault counterparty in latest ERC-20 transfers (Ethereum) or registry match
lending split,aave-core,1,0xd53cf6cc85c620f27349b20924f3b27e8379ac21,EOA,wallet,,no,,406.22,199828,no,,,no label; no vault counterparty in latest ERC-20 transfers (Ethereum) or registry match
lending split,aave-core,1,0xc28e494af76c4118ebc9eefb5bc757b52db261a5,EOA,wallet,,no,,405.59,183951,no,,,no label; no vault counterparty in latest ERC-20 transfers (Ethereum) or registry match
lending split,aave-core,1,0x4c2b7e9a474e7a19addf2a9fdb577ee99abc82b6,Instadapp DSA,personal,,no,,405.19,502940,no,,,per-user smart account
lending split,morpho,1,0x9f127b66b1620d97de98746c27e245612e40285c,EIP-7702,wallet,,no,,405.18,460011,no,,,no label; no vault counterparty in latest ERC-20 transfers (Ethereum) or registry match
lending split,aave-core,1,0x9f56a78e965b63af7d1c2f71beac8c9e3612a1ef,EOA,wallet,,no,,404.4,255051,no,,,zhipin.eth
lending split,compound-v3,1,0x57dea53902f22cdb10f8dfe659e7fde417b43d88,EOA,wallet,,no,,403.0,312914,no,,,no label; no vault counterparty in latest ERC-20 transfers (Ethereum) or registry match
lending split,morpho,1,0xfad32859e65dd2d0007d093468d1578278041d18,EOA,wallet,,no,,402.95,394063,no,,,no label; no vault counterparty in latest ERC-20 transfers (Ethereum) or registry match
lending split,aave-core,1,0x602d9abd5671d24026e2ca473903ff2a9a957407,EOA,wallet,,no,,402.41,375407,no,,,no label; no vault counterparty in latest ERC-20 transfers (Ethereum) or registry match
lending split,morpho,1,0x6cc60a0b57bc882a0471980d0e2d4ad7ddf3c4bd,EOA,counted,carry:avant-aveth,yes,,402.19,654772,yes,carry:avant-aveth,product vault/strategy wallet,listed in carry_lending_snapshot.json
lending split,morpho,8453,0x486a68524c27c30a5c7ec4dd6bfb04082bb9f932,Coinbase Smart Wallet,personal,,no,,401.91,737580,no,,,per-user smart account
lending split,aave-core,1,0x61e16a261b4b5f89a3d6d102d13feae40646cd4c,EOA,wallet,,no,,401.5,358060,no,,,no label; no vault counterparty in latest ERC-20 transfers (Ethereum) or registry match
lending split,aave-prime,1,0x102f1d5f92b1d30f24c1fcc9f182a278298cfd86,EOA,wallet,,no,,401.44,467114,no,,,no label; no vault counterparty in latest ERC-20 transfers (Ethereum) or registry match
lending split,aave-core,1,0xc58837214b25dcb5fe8750e0dffd3632ccad190c,EOA,wallet,,no,,400.59,510178,no,,,no label; no vault counterparty in latest ERC-20 transfers (Ethereum) or registry match
lending split,aave-core,1,0xb11a7c15a456a18a95d8740a46aa2c219c01c6f2,EOA,wallet,,no,,400.4,501804,no,,,no label; no vault counterparty in latest ERC-20 transfers (Ethereum) or registry match
lending split,aave-core,1,0x7fc8ffc2f5af784837ec9bb188d7a367d99c8c2a,EOA,wallet,,no,,400.37,602039,no,,,no label; no vault counterparty in latest ERC-20 transfers (Ethereum) or registry match
lending split,aave-v4,1,0x5ca7e5a296fa76210d8a7556952bce5a21bd8212@0x94e7a5dc,EOA,wallet,,no,,400.16,556898,no,,,no label; no vault counterparty in latest ERC-20 transfers (Ethereum) or registry match
lending split,spark,1,0xc963a9f63fd485812f485147a6c8c0d8830dfb9b,EOA,wallet,,no,,400.01,564935,no,,,smileuwu97.eth
lending split,aave-core,1,0x40c969ab62335fd9bcb4aad544f3f1d6f449d77a,EOA,wallet,,no,,399.75,296898,no,,,no label; no vault counterparty in latest ERC-20 transfers (Ethereum) or registry match
lending split,compound-v3,1,0x1eb6dc114fee2c2150481516f62adfe83d7c6b3b,Instadapp DSA,personal,,no,,399.54,397483,no,,,per-user smart account
lending split,compound-v3,1,0xcf96cd53274f44b125b67e6dd26fb52059627930,EOA,wallet,,no,,399.5,298894,no,,,no label; no vault counterparty in latest ERC-20 transfers (Ethereum) or registry match
lending split,aave-arbitrum,42161,0x192bdd30d272aabc2b1c3c719c518f0f2d10cc60,EIP-7702,wallet,,no,,399.49,148618,no,,,no label; no vault counterparty in latest ERC-20 transfers (Ethereum) or registry match
lending split,compound-v3,1,0x5e800a8d7f5b626768daf0862ba08603a9eef4a1,EOA,wallet,,no,,398.32,312771,no,,,no label; no vault counterparty in latest ERC-20 transfers (Ethereum) or registry match
lending split,aave-core,1,0x45e9d6e9e6836ffba98148f8089a25b41a118561,EOA,wallet,,no,,398.11,409432,no,,,no label; no vault counterparty in latest ERC-20 transfers (Ethereum) or registry match
lending split,morpho,8453,0xf5b867c719141971a5757f3432fb874591423954,Coinbase Smart Wallet,personal,,no,,397.82,308296,no,,,per-user smart account
lending split,aave-core,1,0xfab94a423d6867c252895771dcab13fd83c6cdcd,Safe 2-of-3,wallet,,no,,397.29,378945,no,,,no label; no vault counterparty in latest ERC-20 transfers (Ethereum) or registry match
lending split,spark,1,0x6d242f5742f10deccb75924f1387340f238b529b,Safe 2-of-2,wallet,,no,,395.89,361381,no,,,no label; no vault counterparty in latest ERC-20 transfers (Ethereum) or registry match
lending split,compound-v3,1,0x4acd877b87b2dae32e266a37fa6b0609c24dfb63,EOA,wallet,,no,,395.73,562219,no,,,no label; no vault counterparty in latest ERC-20 transfers (Ethereum) or registry match
venue sweep: liquity,Liquity v1 (LUSD) ETH/LUSD,1,0x3f9a843c93ff9ce638287249ef93dc5c91944455,Safe,wallet,,no,,395.6,165881,no,,,no label; no vault counterparty in latest ERC-20 transfers (Ethereum) or registry match
lending split,aave-core,1,0x102f1d5f92b1d30f24c1fcc9f182a278298cfd86,EOA,wallet,,no,,395.38,451245,no,,,no label; no vault counterparty in latest ERC-20 transfers (Ethereum) or registry match
lending split,aave-base,8453,0x688499661acbe48c6c3068aeb6a92723f47dde9c,EOA,wallet,,no,,393.8,354481,no,,,Base Account
lending split,spark,1,0x44ae2f20bc7a7dcd94cd26470dd85af091b17087,Safe 1-of-1,wallet,,no,,393.28,305722,no,,,no label; no vault counterparty in latest ERC-20 transfers (Ethereum) or registry match
lending split,morpho,8453,0xd8cda17fb750e6ebc25fce26ed134ed36f55f247,Coinbase Smart Wallet,personal,,no,,392.84,354598,no,,,per-user smart account
venue sweep: liquity,Liquity v2 (BOLD) Liquity v2 (BOLD) branch 1 (wstETH/BOLD),1,0x5734e56b389f345fe32abc1a6c54d49152284f79,EOA,wallet,,no,,392.84,0,no,,,no label; no vault counterparty in latest ERC-20 transfers (Ethereum) or registry match
lending split,fluid,1,0x7f34886efc4aae9e1e945a8146d773d0ea371ae5,EOA,wallet,,no,,391.94,326470,no,,,no label; no vault counterparty in latest ERC-20 transfers (Ethereum) or registry match
lending split,aave-core,1,0x0e4e1febef189ad5998b4bfc5c5ad265468a3cc0,EOA,wallet,,no,,391.32,109406,no,,,no label; no vault counterparty in latest ERC-20 transfers (Ethereum) or registry match
lending split,compound-v3,42161,0xc80abbc38c1deb2ed7ce2ae2b58400878e88f9ac,EIP-7702,wallet,,no,,391.23,532097,no,,,no label; no vault counterparty in latest ERC-20 transfers (Ethereum) or registry match
lending split,compound-v3,1,0x7061fc6d9b0fb318f62e3542a61800aee165a1c7,EOA,wallet,,no,,390.6,489276,no,,,no label; no vault counterparty in latest ERC-20 transfers (Ethereum) or registry match
lending split,aave-core,1,0xce581003b7c4559d0b0cf12d938a218bcdc4dddb,EOA,wallet,,no,,389.85,356047,no,,,no label; no vault counterparty in latest ERC-20 transfers (Ethereum) or registry match
lending split,morpho,1,0x166ce42df5f4baa94abc5b62c60dab1b3c73d2a3,EOA,wallet,,no,,389.25,624314,no,,,no label; no vault counterparty in latest ERC-20 transfers (Ethereum) or registry match
venue sweep: curve,Curve LlamaLend wstETH/crvUSD,1,0x3d4567d5482527179207d838af18fed493c46ae5,EOA,wallet,,no,,388.49,566147,no,,,no label; no vault counterparty in latest ERC-20 transfers (Ethereum) or registry match
venue sweep: liquity,Liquity v1 (LUSD) ETH/LUSD,1,0xc167c7f8a36403c45d7f248c059ab0bb05169262,EOA,wallet,,no,,388.47,156825,no,,,no label; no vault counterparty in latest ERC-20 transfers (Ethereum) or registry match
lending split,aave-core,1,0x815400bf42a37af49f0229b502a15c880ad14ad2,EOA,wallet,,no,,388.25,311535,no,,,no label; no vault counterparty in latest ERC-20 transfers (Ethereum) or registry match
lending split,aave-core,1,0x3cdfd2e8bc356054646cb2c91046c98be1a8ed61,EOA,wallet,,no,,387.42,352730,no,,,no label; no vault counterparty in latest ERC-20 transfers (Ethereum) or registry match
lending split,aave-v4,1,0x5f31ebcaa3bfeb3e0ada9ebb0c56a8f377f259b8@0x94e7a5dc,Safe 1-of-1,wallet,,no,,386.77,414619,no,,,no label; no vault counterparty in latest ERC-20 transfers (Ethereum) or registry match
lending split,spark,1,0x4127143a866bf5d8ad2afb6de8e63164b8ad5bf6,EOA,wallet,,no,,386.73,481455,no,,,maxrekt.eth
lending split,aave-core,1,0x6ab97ceea9ed28e272ec4b066b1fb86e862d22f7,Summer.fi DPM,personal,,no,,386.71,88672,no,,,per-user smart account
lending split,aave-core,1,0x850e70b110012cffa946464a4e4471f362d9457d,EOA,wallet,,no,,385.66,483962,no,,,no label; no vault counterparty in latest ERC-20 transfers (Ethereum) or registry match
lending split,aave-core,1,0x5020616a96dbfaa2b6aac8db3889ee16b04d2a28,EOA,wallet,,no,,384.33,210754,no,,,no label; no vault counterparty in latest ERC-20 transfers (Ethereum) or registry match
lending split,aave-core,1,0x12bc3378994d0fabd0cc37199c3d9027ce751711,EOA,wallet,,no,,384.32,451007,no,,,no label; no vault counterparty in latest ERC-20 transfers (Ethereum) or registry match
lending split,aave-core,1,0x45371ed1b5cc92048a036f29914e78659be424f7,EOA,wallet,,no,,384.22,444695,no,,,no label; no vault counterparty in latest ERC-20 transfers (Ethereum) or registry match
lending split,aave-core,1,0x5c8c39ba1d8d379a33288d15a02ff8b8a4f11df5,Instadapp DSA,personal,,no,,383.97,379975,no,,,per-user smart account
lending split,aave-core,1,0x7d0f67c277502e8f2accb2aa45ec0bd4aff5f4f1,EIP-7702,wallet,,no,,383.31,454192,no,,,no label; no vault counterparty in latest ERC-20 transfers (Ethereum) or registry match
lending split,aave-core,1,0x70dc2a4614f057e6d711cd8ff0864dd90bf2ff3d,EOA,wallet,,no,,382.26,276010,no,,,no label; no vault counterparty in latest ERC-20 transfers (Ethereum) or registry match
lending split,aave-core,1,0x58f41b41ab4884520769c382d45188f9d5c31b27,EOA,wallet,,no,,381.69,274540,no,,,captainobvious.eth
lending split,aave-core,1,0xf6e2c94a609ca303964b65ec991a1a0d2991b961,EOA,wallet,,no,,381.39,325033,no,,,no label; no vault counterparty in latest ERC-20 transfers (Ethereum) or registry match
lending split,aave-core,1,0x75f747fa437a60300fda8805763f782fdd869b55,EOA,wallet,,no,,381.27,239826,no,,,no label; no vault counterparty in latest ERC-20 transfers (Ethereum) or registry match
lending split,aave-core,1,0x1ed972d64c0663ee0cb4aed662786d29d40c6373,EOA,wallet,,no,,380.77,371114,no,,,celinechen.eth
lending split,aave-core,1,0xeeb5f2460828d1160f55f656a288896cfb562e4d,EOA,wallet,,no,,380.28,698151,no,,,no label; no vault counterparty in latest ERC-20 transfers (Ethereum) or registry match
lending split,aave-core,1,0x004d57f1d1d0fc2e23ab773db0e390585718092c,EOA,wallet,,no,,380.01,430705,no,,,no label; no vault counterparty in latest ERC-20 transfers (Ethereum) or registry match
venue sweep: maker,Sky/Maker ETH-A,1,0x8b064b2732c4c87436b98bd34b08483d0a768e19,DSProxy,personal,,no,,380.0,81461,no,,,per-user smart account
lending split,spark,1,0xad8bf9037834a6987ceab4763710971a8cfd11b7,EOA,wallet,,no,,379.83,658361,no,,,no label; no vault counterparty in latest ERC-20 transfers (Ethereum) or registry match
lending split,morpho,8453,0xda716afc6217e1dfecd58256d4881d0c7792f39e,Coinbase Smart Wallet,personal,,no,,379.53,312322,no,,,per-user smart account
venue sweep: aave_aave-avalanche,aave-avalanche,43114,0x57b0266f2836f5244f5906d62486fe93d5fa210b,EOA,wallet,,no,,378.99,587724,no,,,no label; no vault counterparty in latest ERC-20 transfers (Ethereum) or registry match
lending split,aave-core,1,0x5e4568c4d8343052a06ec8aab1e124af08b73248,EOA,wallet,,no,,378.5,401634,no,,,lindstrom.eth
lending split,compound-v3,1,0x8a9eaf4a2a2665ca3c53f30f34ba847f42c2ff19,EOA,wallet,,no,,378.04,610803,no,,,no label; no vault counterparty in latest ERC-20 transfers (Ethereum) or registry match
venue sweep: liquity,"Liquity v2 (BOLD, pre-relaunch) Liquity v2 (BOLD, pre-relaunch) branch 1 (wstETH/Bold)",1,0x7b852ebc448b3638f971bac2c463db6578634f11,Safe 1-of-1,wallet,"Safe 1-of-1 (Aave, Compound, Liquity v2 troves)",no,,377.59,199698,no,none,,Safe 1-of-1 of 0xe5ebcde1; no vault counterparty
lending split,aave-core,1,0x0f8e3711c5be6f91fb86e54d148b0efffc82b0e0,Instadapp DSA,personal,,no,,376.53,133782,no,,,per-user smart account
lending split,compound-v3,1,0xd43c4b29917d3ab5d48e3074c8f43291ff77e309,EOA,wallet,,no,,374.0,411179,no,,,no label; no vault counterparty in latest ERC-20 transfers (Ethereum) or registry match
lending split,aave-core,1,0x714715ab803faa5e88024aac04009dc6b50194bd,EOA,wallet,,no,,373.72,202426,no,,,no label; no vault counterparty in latest ERC-20 transfers (Ethereum) or registry match
lending split,aave-core,1,0x2da1570c03b2a77e3223b257233dd8d704d42686,EOA,wallet,,no,,373.69,385533,no,,,no label; no vault counterparty in latest ERC-20 transfers (Ethereum) or registry match
lending split,morpho,1,0xd69ee18c7cd0c3efb98acbfbeeb835ecfcc08b0e,EOA,wallet,,no,,373.64,280084,no,,,no label; no vault counterparty in latest ERC-20 transfers (Ethereum) or registry match
lending split,aave-core,1,0x006e4d082359d878e6007614d497eac0f810fa91,EOA,wallet,,no,,373.62,296120,no,,,no label; no vault counterparty in latest ERC-20 transfers (Ethereum) or registry match
lending split,aave-core,1,0x4be62b7de5f4544d35300bf7de9114e997c5c5e1,EOA,wallet,,no,,372.86,480962,no,,,no label; no vault counterparty in latest ERC-20 transfers (Ethereum) or registry match
lending split,morpho,1,0x15039628e863899b5f0699bcc91004f6ed24be52,EOA,wallet,,no,,372.7,613446,no,,,no label; no vault counterparty in latest ERC-20 transfers (Ethereum) or registry match
lending split,aave-core,1,0x86eea7f2c37d0d3c8afbe5fcda5a2743ea24dff6,EOA,wallet,,no,,371.77,458480,no,,,no label; no vault counterparty in latest ERC-20 transfers (Ethereum) or registry match
lending split,aave-core,1,0xe39970917e4fe5c1ffb7166e0de0be76247118c6,EOA,wallet,,no,,371.44,374681,no,,,no label; no vault counterparty in latest ERC-20 transfers (Ethereum) or registry match
lending split,aave-core,1,0x5e2289f8ee186bcf5ed0063493257259eb0fe66b,DSProxy,personal,,no,,371.38,597025,no,,,per-user smart account
lending split,aave-core,1,0x1390ddbc7164b16abe0acab19c67affe64c40a92,EOA,wallet,,no,,371.12,407410,no,,,no label; no vault counterparty in latest ERC-20 transfers (Ethereum) or registry match
lending split,aave-core,1,0x4dc66f2c6275b7bd6eb9d315ca6d2eb4e26ac679,EOA,wallet,,no,,370.8,197825,no,,,no label; no vault counterparty in latest ERC-20 transfers (Ethereum) or registry match
lending split,aave-core,1,0x784ecbf6d777b7cd5512d6c6e94462d3db4f6c63,Safe 1-of-1,wallet,,no,,370.72,689112,no,,,no label; no vault counterparty in latest ERC-20 transfers (Ethereum) or registry match
lending split,aave-core,1,0xbd9735586542bda865a3197ba5aa1325e1c8f31a,EOA,wallet,,no,,370.54,46088,no,,,no label; no vault counterparty in latest ERC-20 transfers (Ethereum) or registry match
lending split,aave-core,1,0x922d012c7e8fce3c46ac761179bdb6d16246782d,EOA,wallet,,no,,370.04,321706,no,,,no label; no vault counterparty in latest ERC-20 transfers (Ethereum) or registry match
venue sweep: maker,Sky/Maker ETH-A,1,0x126e4442f3c40589d88c2de8f4dd5514875e5a9c,DSProxy,personal,,no,,369.3,229943,no,,,per-user smart account
lending split,aave-core,1,0xddcefd4578d4311359ef9f0ba826814f314055d0,Summer.fi DPM,personal,,no,,368.85,418557,no,,,per-user smart account
lending split,aave-prime,1,0x0ebf1a760e865851d244eed5e274990f3d01fd16,EOA,wallet,,no,,368.68,358041,no,,,no label; no vault counterparty in latest ERC-20 transfers (Ethereum) or registry match
lending split,aave-core,1,0x182299f45b1e264e461259c84809e218f8a3c6da,EOA,wallet,,no,,368.5,208147,no,,,no label; no vault counterparty in latest ERC-20 transfers (Ethereum) or registry match
venue sweep: fluid_42161,fluid,42161,0x15f5411b6aee7dd6afe259be74a45fb2e7c45efe,Instadapp DSA,personal,,no,,368.05,385159,no,,,per-user smart account
lending split,aave-core,1,0x206fd372fb5b05469fcbe07001bff4b94558ddae,EOA,wallet,,no,,367.85,425393,no,,,no label; no vault counterparty in latest ERC-20 transfers (Ethereum) or registry match
lending split,aave-core,1,0x19a1989b0b0d3f019e09d4ba3d0900cd29d35dfb,EIP-7702,wallet,,no,,367.38,757741,no,,,no label; no vault counterparty in latest ERC-20 transfers (Ethereum) or registry match
lending split,morpho,1,0x9ee597faddde9080cc819b734b33e18faf7cf5ad,Safe 2-of-3,wallet,,no,,367.37,429536,no,,,no label; no vault counterparty in latest ERC-20 transfers (Ethereum) or registry match
lending split,aave-v4,1,0xbbd72dd26f7196940e155da95e3ed3b5248c5c9c@0x94e7a5dc,EOA,wallet,,no,,367.36,541419,no,,,no label; no vault counterparty in latest ERC-20 transfers (Ethereum) or registry match
lending split,aave-core,1,0x169fbbb8d97de7f67cb64f71881f9dfc50ed7c22,EOA,wallet,,no,,366.53,166446,no,,,no label; no vault counterparty in latest ERC-20 transfers (Ethereum) or registry match
lending split,spark,1,0xb179a578d90973f9ac0942ab3205a32d40f54240,Summer.fi DPM,personal,,no,,366.0,206711,no,,,per-user smart account
lending split,aave-core,1,0x9930c665765d724c2c59410bd031c08664be242e,EOA,wallet,,no,,365.95,434691,no,,,no label; no vault counterparty in latest ERC-20 transfers (Ethereum) or registry match
lending split,aave-core,1,0x098303207c229d3d4faad30feee15c33bb4d31f2,EOA,wallet,,no,,365.76,463121,no,,,no label; no vault counterparty in latest ERC-20 transfers (Ethereum) or registry match
lending split,aave-core,1,0x5e0481cad8bff5453635f4770f44b2194ddf6e02,EOA,wallet,,no,,365.7,518070,no,,,no label; no vault counterparty in latest ERC-20 transfers (Ethereum) or registry match
lending split,aave-base,8453,0x57b0266f2836f5244f5906d62486fe93d5fa210b,EIP-7702,wallet,,no,,365.04,303516,no,,,Base Account
lending split,aave-core,1,0x2ff03db08891c0411b4b8434f28c64de428ec3ed,EOA,wallet,,no,,364.95,427113,no,,,no label; no vault counterparty in latest ERC-20 transfers (Ethereum) or registry match
lending split,aave-core,1,0x7dc5aa56b73105b1e22fb6936c21b13d2f882f46,EIP-7702,wallet,,no,,364.82,366891,no,,not checked (ETH-backed debt under $1M),Not identity-checked: ETH-backed part under $1M
lending split,spark,1,0x26057eca54937b9e605fac1a2942a06e2457a01a,Safe 1-of-1,wallet,,no,,364.79,473854,no,,,no label; no vault counterparty in latest ERC-20 transfers (Ethereum) or registry match
venue sweep: compound_10,compound-v3,10,0x1356b0b269a990efc859567f447d04069bb70393,EOA,wallet,,no,,364.75,167054,no,,,no label; no vault counterparty in latest ERC-20 transfers (Ethereum) or registry match
lending split,spark,1,0x40e0e194bcf8cb5f876b92827503eee84727a3a3,EOA,wallet,,no,,364.28,259007,no,,,no label; no vault counterparty in latest ERC-20 transfers (Ethereum) or registry match
lending split,spark,1,0x6704c382d8e6d0ce1ff91a3ffa4a9e5d869457f6,DSProxy,personal,,no,,363.69,352154,no,,,per-user smart account
lending split,aave-core,1,0x57e6519f5b4385d98a79cd766f23d75431e7af96,EOA,wallet,,no,,363.29,397566,no,,,no label; no vault counterparty in latest ERC-20 transfers (Ethereum) or registry match
lending split,aave-core,1,0xef9bb650758a8999f4f9dfe4f5948beff23cc3aa,EOA,wallet,,no,,361.78,344177,no,,,no label; no vault counterparty in latest ERC-20 transfers (Ethereum) or registry match
lending split,aave-core,1,0xeea8daa13b5c019b6ecf1f3f0328e600491e15db,DSProxy,personal,,no,,361.69,334335,no,,,per-user smart account
lending split,aave-core,1,0x59779a92636a002bdf89fc0b378382b6c14be012,EOA,wallet,,no,,361.42,224101,no,,,no label; no vault counterparty in latest ERC-20 transfers (Ethereum) or registry match
lending split,spark,1,0xc62cd0e0c097bd982a3fbf9abbd264fb4f90fd0b,EOA,wallet,,no,,360.2,329448,no,,,no label; no vault counterparty in latest ERC-20 transfers (Ethereum) or registry match
lending split,aave-core,1,0x2842ad9fbb0d9b6888acdc0f19c2741e751851f9,EOA,wallet,,no,,358.54,319114,no,,,susteen.eth
lending split,aave-core,1,0x5f82c7b43e75f53a8faac866be625d753fa424e6,EIP-7702,wallet,,no,,357.92,223986,no,,,no label; no vault counterparty in latest ERC-20 transfers (Ethereum) or registry match
lending split,spark,1,0x857da4ea33e51404d647d4af423c2deecb0d1262,EIP-7702,wallet,,no,,357.15,150591,no,,,no label; no vault counterparty in latest ERC-20 transfers (Ethereum) or registry match
lending split,aave-core,1,0xa208d17eda91b3d301d4a1b368ec8453fbc49926,EOA,wallet,,no,,356.93,430872,no,,,no label; no vault counterparty in latest ERC-20 transfers (Ethereum) or registry match
lending split,aave-core,1,0xe30a267a569f744105fa3a05af9c72f042f47bc1,EOA,wallet,,no,,356.15,363304,no,,,no label; no vault counterparty in latest ERC-20 transfers (Ethereum) or registry match
lending split,aave-core,1,0xada30afa15ae112aa68d30e1653cbf40a7ff840d,EOA,wallet,,no,,356.15,224855,no,,,no label; no vault counterparty in latest ERC-20 transfers (Ethereum) or registry match
lending split,compound-v3,1,0x99862845c573a1f9be62614f7682b7d3c80cbf7a,EOA,wallet,,no,,356.0,379358,no,,,no label; no vault counterparty in latest ERC-20 transfers (Ethereum) or registry match
lending split,spark,1,0xce62c11432fd357c9a380c02f89ffd3ed9f436ad,Summer.fi DPM,personal,,no,,355.86,294561,no,,,per-user smart account
lending split,aave-core,1,0x01df74b32244082b644335ae5ada30ed8dde3678,EOA,wallet,,no,,355.42,332917,no,,,no label; no vault counterparty in latest ERC-20 transfers (Ethereum) or registry match
lending split,aave-core,1,0x5f6be8783e45f23af048e84b3938980b7ff690e7,EIP-7702,wallet,,no,,354.96,232399,no,,,no label; no vault counterparty in latest ERC-20 transfers (Ethereum) or registry match
lending split,compound-v3,1,0xa4e07b4cab44e8798e8ca43f726767073c85eb21,EOA,wallet,,no,,354.17,311638,no,,,no label; no vault counterparty in latest ERC-20 transfers (Ethereum) or registry match
lending split,aave-core,1,0x5c57a4dec1c8c392343ddfd68564046ba0c4cffc,EOA,wallet,,no,,353.54,385956,no,,,no label; no vault counterparty in latest ERC-20 transfers (Ethereum) or registry match
lending split,aave-arbitrum,42161,0x3281071ac1250c1e879b7a030ac7404d59ac9013,EOA,wallet,,no,,353.36,402384,no,,,no label; no vault counterparty in latest ERC-20 transfers (Ethereum) or registry match
lending split,morpho,8453,0xbed0740c41bd6da675e32c801054ead4acf503d8,Coinbase Smart Wallet,personal,,no,,352.99,463508,no,,,per-user smart account
lending split,aave-core,1,0x19b5924c96a5639e033591b2adcedeca315f798a,EOA,wallet,,no,,351.99,494184,no,,,no label; no vault counterparty in latest ERC-20 transfers (Ethereum) or registry match
lending split,aave-core,1,0x7c95dd08f062aa4601be14474b94d473bb3317d9,EOA,wallet,,no,,351.96,176044,no,,,no label; no vault counterparty in latest ERC-20 transfers (Ethereum) or registry match
lending split,aave-core,1,0x76ac7909c437f10b212ea584ffafe068f27843df,EOA,wallet,,no,,351.9,518725,no,,,no label; no vault counterparty in latest ERC-20 transfers (Ethereum) or registry match
venue sweep: aave_aave-optimism,aave-optimism,10,0x3d6c8c147d0033d1615cfab698e4f9a55f273206,EOA,wallet,,no,,351.5,346824,no,,,no label; no vault counterparty in latest ERC-20 transfers (Ethereum) or registry match
lending split,aave-core,1,0x3ef43140b34b57c0a008a8a3e9c33e9566d5fd50,EOA,wallet,,no,,351.43,207728,no,,,no label; no vault counterparty in latest ERC-20 transfers (Ethereum) or registry match
venue sweep: maker,Sky/Maker WSTETH-B,1,0xe9334f0fb54c2489d8d08e2bb11d8b386b4a566a,DSProxy,personal,,no,,350.84,259225,no,,,per-user smart account
lending split,aave-core,1,0xfc327a102547bbea0574e540bc7abe3feb4d96b6,EOA,wallet,,no,,350.19,418648,no,,,no label; no vault counterparty in latest ERC-20 transfers (Ethereum) or registry match
lending split,morpho,1,0x102f1d5f92b1d30f24c1fcc9f182a278298cfd86,EOA,wallet,,no,,350.0,332006,no,,,no label; no vault counterparty in latest ERC-20 transfers (Ethereum) or registry match
lending split,morpho,480,0x43e1ccfe765f6c2a09bbe63d456bcb1e85835fe5,EOA,wallet,,no,,350.0,468627,no,,,rugdodger.eth
venue sweep: liquity,Liquity v1 (LUSD) ETH/LUSD,1,0x0653a6ca0c0cf8fd243eb423e0d4c105218ac334,EOA,wallet,,no,,349.49,132113,no,,,no label; no vault counterparty in latest ERC-20 transfers (Ethereum) or registry match
lending split,aave-core,1,0x18a59fd07bb64609743f85bfa4246d8c9a035faa,EOA,wallet,,no,,349.25,197549,no,,,no label; no vault counterparty in latest ERC-20 transfers (Ethereum) or registry match
lending split,aave-core,1,0x01110a45258af739d4d08116d5394e392a44d76e,EIP-7702,wallet,,no,,349.09,270116,no,,,no label; no vault counterparty in latest ERC-20 transfers (Ethereum) or registry match
venue sweep: maker,Sky/Maker ETH-A,1,0x304ee09980bac5e35a8700c4557f90febc13d239,DSProxy,personal,,no,,349.0,285221,no,,,per-user smart account (owner is a contract 0xcde4ca11)
lending split,morpho,1,0x87d60740eb767992fbf5dc857f869eb76e81d55c,EOA,wallet,,no,,348.98,474562,no,,,no label; no vault counterparty in latest ERC-20 transfers (Ethereum) or registry match
venue sweep: liquity,Liquity v1 (LUSD) ETH/LUSD,1,0x5fbdb238a05ed167c1a61f7a34189cad837f2af6,DSProxy,personal,,no,,348.92,123335,no,,,per-user smart account
lending split,aave-core,1,0x6e83bb2e9271691e8b91badcd514479458c5dbe1,Safe 2-of-3,wallet,,no,,348.89,356151,no,,,no label; no vault counterparty in latest ERC-20 transfers (Ethereum) or registry match
lending split,morpho,1,0xd1a2d9df5db842da2ee81075fa441602b2352915,contract: BeaconProxy,counted,carry:makina-deth,yes,,348.18,384532,yes,carry:makina-deth,,listed in carry_lending_snapshot.json
venue sweep: maker,Sky/Maker ETH-A,1,0x152e1f87b40db4c938d2cabc2d133b767913f666,DSProxy,personal,,no,,348.0,239552,no,,,per-user smart account (owner is a contract 0x938db7cd)
lending split,spark,1,0x51dfca1cb4eac9f9207fb8ab43e96ff5b99ff24f,EOA,wallet,,no,,347.18,234114,no,,,no label; no vault counterparty in latest ERC-20 transfers (Ethereum) or registry match
lending split,aave-arbitrum,42161,0x0514f2f3e0277c47117e3f33d9390efb0acfbdfe,EOA,wallet,,no,,347.02,446660,no,,"individual (unlabeled, code-type screen only)",Unlabeled EOA
lending split,compound-v3,1,0x43fcc6aa43f9619d9935e86c92fb7de06114dcb3,EOA,wallet,,no,,346.3,558440,no,,,no label; no vault counterparty in latest ERC-20 transfers (Ethereum) or registry match
lending split,aave-core,1,0xce8314737c95782bd14796cad0b176409e722bbc,DSProxy,personal,,no,,344.87,323320,no,,,per-user smart account
lending split,spark,1,0xa55b36dbce055485d046aa98f5ddc0440009ee00,EOA,wallet,,no,,344.82,293801,no,,,no label; no vault counterparty in latest ERC-20 transfers (Ethereum) or registry match
lending split,morpho,1,0x10cb02ff58492ed4358a1b7087721546fe9ff864,Safe 2-of-3,wallet,,no,,344.64,123929,no,,,no label; no vault counterparty in latest ERC-20 transfers (Ethereum) or registry match
lending split,aave-core,1,0x07f266c236c10d2faf937c45f102c4d8659798ce,EOA,wallet,,no,,344.3,239402,no,,,no label; no vault counterparty in latest ERC-20 transfers (Ethereum) or registry match
venue sweep: aave_aave-optimism,aave-optimism,10,0x4a5e7e97a7374bc9e802c19a599c16c0af077aa3,Safe,wallet,,no,,344.02,268840,no,,,no label; no vault counterparty in latest ERC-20 transfers (Ethereum) or registry match
lending split,morpho,1,0x7509f31b8634a9984201ef9233f6ca412bbca4e1,EOA,wallet,,no,,344.01,420428,no,,,no label; no vault counterparty in latest ERC-20 transfers (Ethereum) or registry match
lending split,aave-core,1,0x0e1714b436b30829c55a775f14868898614abd24,EOA,wallet,,no,,343.98,184079,no,,,no label; no vault counterparty in latest ERC-20 transfers (Ethereum) or registry match
lending split,morpho,8453,0x791a88f749d3a52bb0c915ccf63ed41ddfe148ba,Coinbase Smart Wallet,personal,,no,,343.75,297658,no,,,per-user smart account
lending split,aave-core,1,0x422fac9209d91c24b3115bf7fb0ef7a3a7efbd7d,EOA,wallet,,no,,343.43,315486,no,,,yeew.eth
lending split,morpho,1,0xa79910a05d26de0e60765386a68385b0d3e0c732,EOA,wallet,,no,,343.0,316095,no,,,no label; no vault counterparty in latest ERC-20 transfers (Ethereum) or registry match
lending split,morpho,1,0xee8d8a9af4b02c97be9518a0bb6b29fc7d0cbee6,EOA,wallet,,no,,342.58,287469,no,,,no label; no vault counterparty in latest ERC-20 transfers (Ethereum) or registry match
lending split,spark,1,0x86529404440ae8223997bf3e3f0185d7680fb38b,EOA,wallet,,no,,341.06,137078,no,,,no label; no vault counterparty in latest ERC-20 transfers (Ethereum) or registry match
lending split,aave-core,1,0x9c54c4a708e804b861d1cae9d33829bec5eab8a5,EOA,wallet,,no,,341.0,238485,no,,,no label; no vault counterparty in latest ERC-20 transfers (Ethereum) or registry match
lending split,morpho,1,0x9d5bf49ef9090fe9475bf438eed2329bd12e992d,EOA,wallet,,no,,341.0,320156,no,,,no label; no vault counterparty in latest ERC-20 transfers (Ethereum) or registry match
venue sweep: maker,Sky/Maker ETH-A,1,0x2f256fd56817821380c48929182d7fef46fd1d88,DSProxy,personal,,no,,341.0,147409,no,,,per-user smart account (owner is a contract 0x61102f75)
lending split,aave-core,1,0x9d420330343f817817589a5c721c38bc7698e5a0,EOA,wallet,,no,,336.96,102856,no,,,no label; no vault counterparty in latest ERC-20 transfers (Ethereum) or registry match
lending split,aave-v4,1,0x1a3ee179a78859eeae63f1d758d1c9f9027c85c4@0x973a023a,EOA,wallet,,no,,336.29,264659,no,,,no label; no vault counterparty in latest ERC-20 transfers (Ethereum) or registry match
lending split,aave-core,1,0x8bf675b7d0b701849eaa306affa55e36a308257d,EOA,wallet,,no,,336.24,305267,no,,,no label; no vault counterparty in latest ERC-20 transfers (Ethereum) or registry match
lending split,aave-core,1,0x6a59981e37f95fcaa5d4b034169d02faaa110c36,Safe 2-of-3,wallet,,no,,335.72,302526,no,,,no label; no vault counterparty in latest ERC-20 transfers (Ethereum) or registry match
lending split,aave-core,1,0xee46ee0de21937772291a006c3541afa557dc9b8,EOA,wallet,,no,,335.69,79766,no,,,no label; no vault counterparty in latest ERC-20 transfers (Ethereum) or registry match
lending split,aave-core,1,0x168a7dc3940c7fb6e2e7799ccadc7ae24970889f,EOA,wallet,,no,,335.36,388524,no,,,no label; no vault counterparty in latest ERC-20 transfers (Ethereum) or registry match
lending split,morpho,8453,0xe50233dbd2c5266e59bbb200e438a13b74c5e1d0,Coinbase Smart Wallet,personal,,no,,334.64,309784,no,,,per-user smart account
lending split,fluid,1,0x7b830a52be15daf241b5e45317500b9ac6883bbf,EOA,wallet,,no,,334.43,222675,no,,,no label; no vault counterparty in latest ERC-20 transfers (Ethereum) or registry match
lending split,aave-core,1,0xb908548141641e5a5e0d6aee88c767d83a2ac7ca,EOA,wallet,,no,,334.28,226550,no,,,no label; no vault counterparty in latest ERC-20 transfers (Ethereum) or registry match
lending split,aave-core,1,0xd900ce8d3c402258287a11e538fb1af5fe23be27,EOA,wallet,,no,,333.27,481643,no,,,no label; no vault counterparty in latest ERC-20 transfers (Ethereum) or registry match
lending split,spark,1,0x97cb76cbf2fe0ad2ce8e0a3fe739ad29965eb4ef,EOA,wallet,,no,,333.07,330517,no,,,no label; no vault counterparty in latest ERC-20 transfers (Ethereum) or registry match
lending split,compound-v3,1,0xc756eae1a5cb10c4d77c68436d8088c12e357f7b,EOA,wallet,,no,,332.15,455291,no,,,no label; no vault counterparty in latest ERC-20 transfers (Ethereum) or registry match
lending split,fluid,1,0x25f46456383a5038e93aae660647e7f2afe6ee51,EOA,wallet,,no,,330.57,464480,no,,,no label; no vault counterparty in latest ERC-20 transfers (Ethereum) or registry match
lending split,aave-core,1,0xb45da1c2ae595f509c9fe867e2bec2b8145d5b2b,EOA,wallet,,no,,330.51,97904,no,,,no label; no vault counterparty in latest ERC-20 transfers (Ethereum) or registry match
lending split,aave-core,1,0xdd39d26ffab1524e694b5fd362f2badb156076c0,DSProxy,personal,,no,,330.44,231893,no,,,per-user smart account
lending split,aave-core,1,0xa3e2330e4fa9bb23d7eaaa3628b2c1906eead200,EOA,wallet,,no,,330.19,371390,no,,,radstrom.eth
lending split,aave-core,1,0x2fa65be64e6f443ba6f883183ef71ece8f3fb60b,Safe 2-of-3,wallet,,no,,330.04,205373,no,,,no label; no vault counterparty in latest ERC-20 transfers (Ethereum) or registry match
lending split,aave-core,1,0x0b11a823a7138aed175d287f2955004272aeca18,EOA,wallet,,no,,329.72,157602,no,,,no label; no vault counterparty in latest ERC-20 transfers (Ethereum) or registry match
venue sweep: maker,Sky/Maker ETH-A,1,0xa5efa36fb6319a9eadb21c5b80f8558975a59e8c,DSProxy,personal,,no,,328.5,248099,no,,,per-user smart account (owner is a contract 0xcc014cbf)
lending split,aave-core,1,0xc02665f7d96d9c7db5c7cb3141dab9cb7837c51b,EOA,wallet,,no,,328.39,514893,no,,,no label; no vault counterparty in latest ERC-20 transfers (Ethereum) or registry match
lending split,aave-core,1,0xea069eaa3c179794c3786623f7b8b03a0bdd6277,EOA,wallet,,no,,327.93,382979,no,,,no label; no vault counterparty in latest ERC-20 transfers (Ethereum) or registry match
lending split,aave-v4,1,0x97d0aca4142e89f968fe1ac0d206752e73f3b2b0@0x94e7a5dc,Safe 1-of-1,wallet,,no,,327.68,665388,no,,,no label; no vault counterparty in latest ERC-20 transfers (Ethereum) or registry match
lending split,morpho,8453,0x8a06c333751def0877f11e19e1c1f57bca20e152,Coinbase Smart Wallet,personal,,no,,326.93,598721,no,,,per-user smart account
lending split,aave-core,1,0xe8bdb9dcd2663166bfca8394eb55bde9ad63fdae,EOA,wallet,,no,,326.88,301363,no,,,no label; no vault counterparty in latest ERC-20 transfers (Ethereum) or registry match
lending split,aave-core,1,0x9539b9e9253136f7a7ebdeb32fc51393ebc3a0a8,EOA,wallet,,no,,326.64,483341,no,,,no label; no vault counterparty in latest ERC-20 transfers (Ethereum) or registry match
lending split,aave-core,1,0x018ddd59693e552a267c04bff6b54e8049420290,EOA,wallet,,no,,326.33,327568,no,,,no label; no vault counterparty in latest ERC-20 transfers (Ethereum) or registry match
lending split,morpho,8453,0x37d5831ea7ff2c92e8e61bd128dc12d89d7a4fe4,Coinbase Smart Wallet,personal,,no,,325.91,488793,no,,,per-user smart account
lending split,aave-arbitrum,42161,0x64462f59575003c2ced99de0e87cfc9825213c55,EOA,wallet,,no,,325.8,332220,no,,,no label; no vault counterparty in latest ERC-20 transfers (Ethereum) or registry match
lending split,aave-core,1,0x79f7a052e4d2d2cdc5e93d0a13841d6fc1a62187,EOA,wallet,,no,,325.57,329368,no,,,no label; no vault counterparty in latest ERC-20 transfers (Ethereum) or registry match
lending split,compound-v3,1,0x785646b4cd4e8663de2ef22fec1a0eb8ff0be590,EOA,wallet,,no,,325.48,475274,no,,,no label; no vault counterparty in latest ERC-20 transfers (Ethereum) or registry match
lending split,aave-core,1,0xc6ae33ae0541d525fa44201ac82fbee6593db6a3,EOA,wallet,,no,,325.38,344808,no,,,no label; no vault counterparty in latest ERC-20 transfers (Ethereum) or registry match
lending split,aave-core,1,0x3083612e389cbdf66ce55a2a617c08cd4586c28b,EOA,wallet,,no,,325.23,410581,no,,,no label; no vault counterparty in latest ERC-20 transfers (Ethereum) or registry match
lending split,aave-core,1,0xc7202a0a29a63e4f24a4db3abdbd5013b028ff3f,EOA,wallet,,no,,325.02,302040,no,,,no label; no vault counterparty in latest ERC-20 transfers (Ethereum) or registry match
lending split,aave-core,1,0x84a2077843e48925b7b94ae8733c7cd43689f49b,EOA,wallet,,no,,324.88,384895,no,,,no label; no vault counterparty in latest ERC-20 transfers (Ethereum) or registry match
lending split,aave-core,1,0xdfc152a34ece29e70c94d32ce0ae3ae91f6112af,EOA,wallet,,no,,324.36,530212,no,,,no label; no vault counterparty in latest ERC-20 transfers (Ethereum) or registry match
lending split,aave-arbitrum,42161,0x15f755fa0e7f17db30569c8642e76b7a690ba126,EOA,wallet,,no,,323.31,405582,no,,,no label; no vault counterparty in latest ERC-20 transfers (Ethereum) or registry match
lending split,aave-core,1,0x638f189825aaa4d5f85fd2e3fe38620df2f7f5f0,EOA,wallet,,no,,323.3,484531,no,,,no label; no vault counterparty in latest ERC-20 transfers (Ethereum) or registry match
venue sweep: curve,Curve LlamaLend wstETH/crvUSD,1,0x617eb09d7869de4ea8a9768c5c657ff7c2d80f97,EOA,wallet,,no,,322.8,410372,no,,,no label; no vault counterparty in latest ERC-20 transfers (Ethereum) or registry match
lending split,aave-core,1,0x5cf6a24b0e386ce66398de7da1b6ea09edd78159,EOA,wallet,,no,,321.81,90481,no,,,no label; no vault counterparty in latest ERC-20 transfers (Ethereum) or registry match
lending split,aave-core,1,0x24faabec02a4fc246cb6d7a99e570bda7cc9900a,EOA,wallet,,no,,321.78,373804,no,,,no label; no vault counterparty in latest ERC-20 transfers (Ethereum) or registry match
lending split,aave-core,1,0xe9ade1156d34abebd399c3f4d64455fd1cc5243d,EOA,wallet,,no,,321.39,447879,no,,,no label; no vault counterparty in latest ERC-20 transfers (Ethereum) or registry match
lending split,aave-core,1,0xf474a2530891d05852fc691ad2261722f7ab5fd7,EIP-7702,wallet,,no,,321.31,57378,no,,,no label; no vault counterparty in latest ERC-20 transfers (Ethereum) or registry match
lending split,aave-core,1,0x0fea7f45a7ea8009bfd259496490c2abe15c1707,EOA,wallet,,no,,321.26,260014,no,,,no label; no vault counterparty in latest ERC-20 transfers (Ethereum) or registry match
lending split,compound-v3,42161,0x8c858931b85233a79d602d63bc7c053a3d4e63b4,EOA,wallet,,no,,321.23,669899,no,,,no label; no vault counterparty in latest ERC-20 transfers (Ethereum) or registry match
venue sweep: maker,Sky/Maker ETH-A,1,0xe6a0c05675afb88739b6e291df9169a788c3c22a,DSProxy,personal,,no,,320.22,233834,no,,,per-user smart account
lending split,spark,1,0x438bbff80252c9c959797d0180a5c868e1a86c91,EOA,wallet,,no,,320.04,395694,no,,,no label; no vault counterparty in latest ERC-20 transfers (Ethereum) or registry match
lending split,morpho,8453,0xe13c0d083409b761f7544a5924289d7f37dc4133,Coinbase Smart Wallet,personal,,no,,319.86,232804,no,,,per-user smart account
lending split,spark,1,0x5a8b03cc5db1888cb396e7e6e9fea78cb328969b,EIP-7702,wallet,,no,,319.76,651054,no,,,no label; no vault counterparty in latest ERC-20 transfers (Ethereum) or registry match
lending split,spark,1,0x0eed356f38b9598f58771995da6a06df6ce84661,EOA,wallet,,no,,319.52,232760,no,,,no label; no vault counterparty in latest ERC-20 transfers (Ethereum) or registry match
lending split,spark,1,0x7c050d9dc1173a23e21911f380d5621db165a938,EOA,wallet,,no,,318.5,187528,no,,,no label; no vault counterparty in latest ERC-20 transfers (Ethereum) or registry match
lending split,morpho,1,0xe98134dce5959eb8d13b7d6543b8e16a20ed973e,Safe 3-of-5,wallet,,no,,317.56,344536,no,,,no label; no vault counterparty in latest ERC-20 transfers (Ethereum) or registry match
lending split,aave-core,1,0xc817228f3f29b1e467df1799542cf060e25dd632,EOA,wallet,,no,,316.94,231849,no,,,no label; no vault counterparty in latest ERC-20 transfers (Ethereum) or registry match
lending split,aave-core,1,0x6d78a40f63a7b562e3537300ec5abaf07e9c5ef4,EOA,wallet,,no,,316.67,344495,no,,,no label; no vault counterparty in latest ERC-20 transfers (Ethereum) or registry match
lending split,morpho,1,0xcd4873931dbd9928866bac81a76930cfac3cb77d,EOA,wallet,,no,,316.61,333683,no,,,no label; no vault counterparty in latest ERC-20 transfers (Ethereum) or registry match
lending split,spark,1,0x0b75b8cc275c390beb7529303826908f06220828,Safe 1-of-1,wallet,,no,,316.6,360908,no,,,no label; no vault counterparty in latest ERC-20 transfers (Ethereum) or registry match
lending split,aave-core,1,0xfca99f5b5ecf19343e309d8dbe79f15a0a389769,EOA,wallet,,no,,316.42,310537,no,,,no label; no vault counterparty in latest ERC-20 transfers (Ethereum) or registry match
lending split,aave-v4,1,0x7b8a7d6725e4385d77e1e6681a11707fbb9bf81b@0x94e7a5dc,Safe 1-of-1,wallet,,no,,316.22,364772,no,,,no label; no vault counterparty in latest ERC-20 transfers (Ethereum) or registry match
lending split,spark,1,0x1e2770e30600e6a990c4af367276523116cdb5a9,Summer.fi DPM,personal,,no,,315.57,176683,no,,,per-user smart account
lending split,morpho,480,0xf9f061d9a5f04e223ed3c560e03a8ab0a70cc1c4,EOA,wallet,,no,,315.0,302207,no,,,no label; no vault counterparty in latest ERC-20 transfers (Ethereum) or registry match
lending split,aave-arbitrum,42161,0x1c41e80f602174c3011ca18bd1632bb08fc7bb26,EOA,wallet,,no,,314.58,334498,no,,,no label; no vault counterparty in latest ERC-20 transfers (Ethereum) or registry match
lending split,morpho,8453,0x8349ffb5bb9000eb76c1113458d2f8d2bd31e2d3,Coinbase Smart Wallet,personal,,no,,314.49,176892,no,,,per-user smart account
lending split,aave-core,1,0xeea0c0e6f8e327bb02231c8ff996b21797d13202,EOA,wallet,,no,,314.24,375432,no,,,no label; no vault counterparty in latest ERC-20 transfers (Ethereum) or registry match
venue sweep: aave_aave-gnosis,aave-gnosis,100,0x20b5cce57f420c275621ed3b7e78e8f2d6f21717,Safe,wallet,,no,,314.15,74078,no,,,no label; no vault counterparty in latest ERC-20 transfers (Ethereum) or registry match
lending split,morpho,1,0x166247c91235e90b8514605dd73c0157b93d571b,EIP-7702,wallet,,no,,313.99,427399,no,,,no label; no vault counterparty in latest ERC-20 transfers (Ethereum) or registry match
lending split,aave-core,1,0x6b11af7807521bff6be7a0618330f50c60e319e8,EOA,wallet,,no,,313.25,249502,no,,,no label; no vault counterparty in latest ERC-20 transfers (Ethereum) or registry match
lending split,aave-core,1,0xdd8b4d17e29efb328ee18d35deff33ddbcff1ff1,EOA,wallet,,no,,312.58,203776,no,,,no label; no vault counterparty in latest ERC-20 transfers (Ethereum) or registry match
lending split,morpho,1,0x22561c5931143536309c17e832587b625c390b9a,EOA,wallet,,no,,311.94,357587,no,,,no label; no vault counterparty in latest ERC-20 transfers (Ethereum) or registry match
venue sweep: liquity,Liquity v2 (BOLD) Liquity v2 (BOLD) branch 1 (wstETH/BOLD),1,0xd44b43269e49cdbc763a45816cc0eb54ce3c0483,EOA,wallet,,no,,311.51,222768,no,,,no label; no vault counterparty in latest ERC-20 transfers (Ethereum) or registry match
lending split,aave-arbitrum,42161,0x2e4f95e3b7b20f44766432ea6add40be2f31885e,EIP-7702,wallet,,no,,311.35,316871,no,,,no label; no vault counterparty in latest ERC-20 transfers (Ethereum) or registry match
lending split,aave-arbitrum,42161,0xe7e4c24d28c52f8e373678c4730582b6083372d7,EOA,wallet,,no,,310.22,510406,no,,,no label; no vault counterparty in latest ERC-20 transfers (Ethereum) or registry match
lending split,aave-core,1,0x59c5e18a736ac6424a4253174cfd9625f5d5fef0,EOA,wallet,,no,,310.11,330372,no,,,no label; no vault counterparty in latest ERC-20 transfers (Ethereum) or registry match
lending split,fluid,1,0x86def26a77d33719717f94fffa3754c9af611487,Safe 1-of-2,wallet,,no,,309.87,436364,no,,,no label; no vault counterparty in latest ERC-20 transfers (Ethereum) or registry match
venue sweep: curve,Curve crvUSD mint WETH/crvUSD,1,0x4e9477f02f320443db383cb0b8c803d0c9e9eda4,Safe,wallet,,no,,309.31,400993,no,,,no label; no vault counterparty in latest ERC-20 transfers (Ethereum) or registry match
venue sweep: aave_aave-optimism,aave-optimism,10,0x481c7823e54f000aa278bab4c001971177737aec,EOA,wallet,,no,,309.26,617849,no,,,no label; no vault counterparty in latest ERC-20 transfers (Ethereum) or registry match
lending split,morpho,8453,0x8764f9e1e77709f6a045ea9a46bd9ccdacd18d9c,Coinbase Smart Wallet,personal,,no,,309.03,252100,no,,,per-user smart account
lending split,aave-core,1,0x6e34da1b78e876309909089dd87d3c595a7586c5,EOA,wallet,,no,,308.6,184301,no,,,no label; no vault counterparty in latest ERC-20 transfers (Ethereum) or registry match
lending split,aave-core,1,0x79e0983989e767e93aa4a1e59ad3606f29eeda23,Instadapp DSA,personal,,no,,307.14,358945,no,,,per-user smart account
lending split,aave-core,1,0x6195c08afd1369840f1efdf073eee642c442f317,EOA,wallet,,no,,306.98,412428,no,,,no label; no vault counterparty in latest ERC-20 transfers (Ethereum) or registry match
lending split,aave-arbitrum,42161,0x40fb8cab1c759e43bce58efc8fc9e948645488a7,EOA,wallet,,no,,306.93,515816,no,,,no label; no vault counterparty in latest ERC-20 transfers (Ethereum) or registry match
lending split,aave-core,1,0x10e3ef636e31cdaef7c499d7dc53ba7a671d6a78,EOA,wallet,,no,,306.62,167611,no,,,no label; no vault counterparty in latest ERC-20 transfers (Ethereum) or registry match
lending split,aave-core,1,0x0506b97ac63244ccc824d152c77d2b99d7c17a14,EOA,wallet,,no,,306.23,227546,no,,,no label; no vault counterparty in latest ERC-20 transfers (Ethereum) or registry match
lending split,aave-core,1,0xb41150cb8e16cf5142b89df3baadbc7ffbe88a76,EOA,wallet,,no,,306.08,545584,no,,,no label; no vault counterparty in latest ERC-20 transfers (Ethereum) or registry match
lending split,aave-core,1,0x4929e86635a6735b559ecb51981f0dc4ab4bf64f,Summer.fi DPM,personal,,no,,305.99,210550,no,,,per-user smart account
lending split,aave-core,1,0xc6dad55e4b3ccb3519edccf10e5c600b39f06ff6,EOA,wallet,,no,,305.89,24485,no,,,no label; no vault counterparty in latest ERC-20 transfers (Ethereum) or registry match
lending split,morpho,1,0xc6bafa2b7c456b172fbb05710bd3c1d622ef3fce,DSProxy,personal,,no,,305.62,348294,no,,,per-user smart account
lending split,aave-core,1,0xae9b31a9f30fee8793bc875e0bfb351de0070a77,EOA,wallet,,no,,304.96,292302,no,,,no label; no vault counterparty in latest ERC-20 transfers (Ethereum) or registry match
venue sweep: maker,Sky/Maker ETH-B,1,0x49eb29646ef02c8a2938fb677ce148d683e2c71f,DSProxy,personal,,no,,304.5,193326,no,,,per-user smart account
lending split,aave-core,1,0x27f0e8beccfa594f4b08c24226ce75c535b900ea,Safe 2-of-4,wallet,,no,,304.49,32887,no,,,no label; no vault counterparty in latest ERC-20 transfers (Ethereum) or registry match
lending split,morpho,1,0x3539fd2b417d9cb95b7cc920ad8be5537dcff1a5,EOA,wallet,,no,,303.86,252268,no,,,no label; no vault counterparty in latest ERC-20 transfers (Ethereum) or registry match
lending split,aave-arbitrum,42161,0xa7b656b20d38664ae2e355abdfe4c22d6dd6d4dc,EIP-7702,wallet,,no,,303.63,214005,no,,,no label; no vault counterparty in latest ERC-20 transfers (Ethereum) or registry match
lending split,aave-core,1,0x7a9c8c8275a1db2d49534c9d4340ed7d9d133930,EOA,wallet,,no,,303.54,243090,no,,,Fee Recipient: 0x7a9c...930
lending split,aave-base,8453,0x3203732069469d91d394e3baf11488f649f3faa3,EIP-7702,wallet,,no,,303.47,201628,no,,,Base Account
lending split,aave-core,1,0xe9724de4650f227c3ae82279d4435d7ffebfa9d2,EOA,wallet,,no,,303.17,163281,no,,,no label; no vault counterparty in latest ERC-20 transfers (Ethereum) or registry match
lending split,aave-core,1,0x027022bbe71613fb5e4df55d56f58a1e771bca6f,EOA,wallet,,no,,302.73,244339,no,,,no label; no vault counterparty in latest ERC-20 transfers (Ethereum) or registry match
lending split,morpho,8453,0x1f60d434a639ffeda0045c4f52aeee04848b8324,Coinbase Smart Wallet,personal,,no,,302.72,508020,no,,,per-user smart account
lending split,aave-core,1,0x2fa5515e74b38259918a15de33fc7916a2758f64,EOA,wallet,,no,,302.53,225206,no,,,no label; no vault counterparty in latest ERC-20 transfers (Ethereum) or registry match
lending split,aave-core,1,0x78e6c4866d058ef05275e3aef3e1906da54525af,EOA,wallet,,no,,302.31,58,no,,,ascapital.eth
lending split,aave-v4,1,0x25f4ff25a37f236dae64ce1c35e6ccc8e563e5f4@0x94e7a5dc,EIP-7702,wallet,,no,,301.85,146063,no,,,no label; no vault counterparty in latest ERC-20 transfers (Ethereum) or registry match
lending split,morpho,8453,0x24f51c56ac3dcf95820a10160daba9d0c6e29e8c,Coinbase Smart Wallet,personal,,no,,301.74,259259,no,,,per-user smart account
lending split,morpho,8453,0x009115380e1c60ec079634471a7a4ba9cab09fd8,Coinbase Smart Wallet,personal,,no,,301.7,282264,no,,,per-user smart account
lending split,aave-core,1,0x7b930deddee8f5fd80a99f734bf9fe0d9eb215b9,contract: Proxy,personal,Argent wallet,no,,301.26,342891,no,,,code read (dig.py)
lending split,aave-core,1,0x0ca7fd23ceb236dcf8a58dadaf2850d4431ae329,EOA,wallet,,no,,301.05,215162,no,,,no label; no vault counterparty in latest ERC-20 transfers (Ethereum) or registry match
lending split,compound-v3,1,0x9e213503b9d7bfc3ffed5ed9bde264dab02ba391,EOA,wallet,,no,,300.88,243213,no,,,no label; no vault counterparty in latest ERC-20 transfers (Ethereum) or registry match
venue sweep: maker,Sky/Maker ETH-A,1,0xc21637901b41f5558c299c35e7b9ed6dd2ae36bb,DSProxy,personal,,no,,300.85,41868,no,,,per-user smart account
lending split,aave-v4,1,0x71f12a5b0e60d2ff8a87fd34e7dcff3c10c914b0@0x94e7a5dc,EOA,wallet,,no,,300.82,337889,no,,,no label; no vault counterparty in latest ERC-20 transfers (Ethereum) or registry match
lending split,aave-core,1,0x38ee15256e493535f516169bad28e2ad637d5d86,EOA,wallet,,no,,300.76,179965,no,,,no label; no vault counterparty in latest ERC-20 transfers (Ethereum) or registry match
lending split,aave-core,1,0x630aa07a3a0be3196779c95afae9d4be6104d743,EOA,wallet,,no,,300.63,274536,no,,,no label; no vault counterparty in latest ERC-20 transfers (Ethereum) or registry match
lending split,aave-base,8453,0xeaa09af8dda09f23f5d3013db052185c98f8f3c5,EIP-7702,wallet,,no,,300.43,72334,no,,,Base Account
venue sweep: curve,Curve LlamaLend WETH/crvUSD,1,0x4e9477f02f320443db383cb0b8c803d0c9e9eda4,Safe,wallet,,no,,300.33,300313,no,,,no label; no vault counterparty in latest ERC-20 transfers (Ethereum) or registry match
lending split,aave-core,1,0xeaf206ba47519ecdd89cddaa27d145b46a1b3b06,EIP-7702,wallet,,no,,300.31,514349,no,,,no label; no vault counterparty in latest ERC-20 transfers (Ethereum) or registry match
lending split,aave-v4,1,0xb60809c12d8c4fece68e6e3a53a0fe2e690f5bbe@0x94e7a5dc,EOA,wallet,,no,,300.29,437652,no,,,no label; no vault counterparty in latest ERC-20 transfers (Ethereum) or registry match
lending split,aave-core,1,0x42e7ab48d5ae0ed6941a89492d1c5dfb06b8483c,EOA,wallet,,no,,300.28,326629,no,,,no label; no vault counterparty in latest ERC-20 transfers (Ethereum) or registry match
lending split,aave-arbitrum,42161,0x710e4c316fdbf8c9eafd89056ec8f67f6a78b784,EOA,wallet,,no,,300.19,311117,no,,,no label; no vault counterparty in latest ERC-20 transfers (Ethereum) or registry match
lending split,aave-core,1,0xee9536e8aea9384f1a8ddf655a7e9ee4579a160f,EOA,wallet,,no,,300.16,350545,no,,,no label; no vault counterparty in latest ERC-20 transfers (Ethereum) or registry match
lending split,aave-v4,1,0x7ad81d822b2b3f324e68f2ee451d0a9c2372a3ff@0x94e7a5dc,EOA,wallet,,no,,300.12,417766,no,,,no label; no vault counterparty in latest ERC-20 transfers (Ethereum) or registry match
lending split,compound-v3,1,0x3fef3a3263f9effc6a1e412a150fe178f70f2a33,EOA,wallet,,no,,300.0,252329,no,,,no label; no vault counterparty in latest ERC-20 transfers (Ethereum) or registry match
lending split,compound-v3,1,0x5d82ae8fc9ad408507a3ebdbc48a97e20aa8f737,EOA,wallet,,no,,300.0,304838,no,,,no label; no vault counterparty in latest ERC-20 transfers (Ethereum) or registry match
venue sweep: liquity,Liquity v1 (LUSD) ETH/LUSD,1,0xfb68e6b3562a6a569e4731e055b62bbbb81d9d1e,EOA,wallet,,no,,300.0,94171,no,,,no label; no vault counterparty in latest ERC-20 transfers (Ethereum) or registry match
venue sweep: liquity,Liquity v1 (LUSD) ETH/LUSD,1,0x13f073bb6338036649e16e256f31784666a8fbbb,Safe,wallet,,no,,300.0,119200,no,,,no label; no vault counterparty in latest ERC-20 transfers (Ethereum) or registry match
venue sweep: maker,Sky/Maker ETH-A,1,0x5b440813f16376f12c3695a3b484f49a8db0dc9f,DSProxy,personal,,no,,300.0,101237,no,,,per-user smart account
venue sweep: maker,Sky/Maker ETH-A,1,0x8f607370bfbc06c245a32fac8b704304ad55f36b,DSProxy,personal,,no,,300.0,201951,no,,,per-user smart account
venue sweep: maker,Sky/Maker ETH-C,1,0x8e77b3b3905c08bf0f9dac7518bc5b90737d5eb1,DSProxy,personal,,no,,300.0,206367,no,,,per-user smart account
lending split,aave-v4,1,0x00d69ef746ae701cc3aa228c08b6cc2367e8433b@0x94e7a5dc,EOA,wallet,,no,,299.92,216141,no,,,no label; no vault counterparty in latest ERC-20 transfers (Ethereum) or registry match
lending split,morpho,1,0xb6d6ffc4de761a17c54b70e29e5b91686dc2e287,Safe 1-of-1,wallet,,no,,299.48,228476,no,,,no label; no vault counterparty in latest ERC-20 transfers (Ethereum) or registry match
venue sweep: curve,Curve crvUSD mint WETH/crvUSD,1,0xd8eea67d9b461be287cd9c4dc7d57b7f501ba40a,EOA,wallet,,no,,299.33,302878,no,,,no label; no vault counterparty in latest ERC-20 transfers (Ethereum) or registry match
lending split,aave-core,1,0x34c9b66a43e52f5f3fafad77db7c25d27bd6d2b9,Summer.fi DPM,personal,,no,,298.92,343678,no,,,per-user smart account
lending split,aave-core,1,0x9e753054aede94a2648d4d9d4efa4f7e5ae82cb5,EOA,wallet,,no,,298.81,450695,no,,,no label; no vault counterparty in latest ERC-20 transfers (Ethereum) or registry match
venue sweep: aave_aave-optimism,aave-optimism,10,0xa6fbeaac65de6d6fc900d95932d9320aad9128f0,EOA,wallet,,no,,298.05,977625,no,,,no label; no vault counterparty in latest ERC-20 transfers (Ethereum) or registry match
lending split,morpho,1,0x048060a5d996d20997e80f5b082de8ce5da3f852,Safe 2-of-4,wallet,,no,,297.72,400112,no,,,no label; no vault counterparty in latest ERC-20 transfers (Ethereum) or registry match
venue sweep: fluid_42161,fluid,42161,0x6876e8f082703153c19203ef5e90c1086da0cf6c,EOA,wallet,,no,,297.64,326487,no,,,no label; no vault counterparty in latest ERC-20 transfers (Ethereum) or registry match
lending split,aave-core,1,0x3b12bfc36931155a8dc26c6636d0c888e9a3f55c,EOA,wallet,,no,,297.45,219579,no,,,lex-node.eth
lending split,compound-v3,1,0x47f21646c35fb6a9f62fc5ca71a11f19ca782e54,EOA,wallet,,no,,297.38,151811,no,,,no label; no vault counterparty in latest ERC-20 transfers (Ethereum) or registry match
lending split,aave-core,1,0xdafcdca61c5d70c1c66f0639f2c76c735050362b,EOA,wallet,,no,,297.24,233985,no,,,no label; no vault counterparty in latest ERC-20 transfers (Ethereum) or registry match
lending split,aave-core,1,0xa3e8d4db2d599a62b346ea38d2605c736abc057d,EOA,wallet,,no,,297.15,285677,no,,,no label; no vault counterparty in latest ERC-20 transfers (Ethereum) or registry match
lending split,aave-core,1,0xa754461e8c722edba0b1fa95db599fd9060b7ef3,EOA,wallet,,no,,296.87,47142,no,,,no label; no vault counterparty in latest ERC-20 transfers (Ethereum) or registry match
lending split,aave-core,1,0x91f47448f74f30573c48593c0c82e78828d0d0d2,EOA,wallet,,no,,296.69,238227,no,,,no label; no vault counterparty in latest ERC-20 transfers (Ethereum) or registry match
lending split,aave-core,1,0x84d1afbde2c7950d32ca00fd5e6d1989c61e17ba,EOA,wallet,,no,,296.37,172062,no,,,no label; no vault counterparty in latest ERC-20 transfers (Ethereum) or registry match
lending split,morpho,1,0x30c0ed6047752b0cd93754e84dbd919662c2d79e,EOA,wallet,,no,,296.25,212877,no,,,no label; no vault counterparty in latest ERC-20 transfers (Ethereum) or registry match
lending split,aave-core,1,0x6e261dd742c663bff54225f6af92ac995893badd,EOA,wallet,,no,,294.77,83248,no,,,no label; no vault counterparty in latest ERC-20 transfers (Ethereum) or registry match
lending split,morpho,1,0x98289e90d6fc92a8769bc892d006a2baa7705afe,EOA,wallet,,no,,294.28,250778,no,,,no label; no vault counterparty in latest ERC-20 transfers (Ethereum) or registry match
lending split,aave-core,1,0x06be06935b269eea3f191162be6328aaeb5f11ca,EOA,wallet,,no,,294.09,233237,no,,,no label; no vault counterparty in latest ERC-20 transfers (Ethereum) or registry match
lending split,aave-base,8453,0xf9ab8aa091230f6da5248c615fe3c0e6addb7226,EIP-7702,wallet,,no,,293.45,203867,no,,,Base Account
lending split,aave-core,1,0x3054bfdba7d671766e81665eb5b8825ac4328e90,EOA,wallet,,no,,293.02,406793,no,,,no label; no vault counterparty in latest ERC-20 transfers (Ethereum) or registry match
lending split,aave-core,1,0x170efe82c3fa7304ea4d3e62d53b3c20006efb76,Summer.fi DPM,personal,,no,,293.0,361743,no,,,per-user smart account
lending split,aave-core,1,0x6c81f388bf070ddd1d2500e909d05cec32d83870,EOA,wallet,,no,,292.43,282867,no,,,no label; no vault counterparty in latest ERC-20 transfers (Ethereum) or registry match
lending split,aave-core,1,0x37bf1b92692254aae4251ed3a73a78b04f7b1e7f,EOA,wallet,,no,,292.21,131503,no,,,no label; no vault counterparty in latest ERC-20 transfers (Ethereum) or registry match
lending split,aave-core,1,0xf888ab7b1e095f4875e3bbda7bd411bcd04914bb,EOA,wallet,,no,,291.34,181300,no,,,no label; no vault counterparty in latest ERC-20 transfers (Ethereum) or registry match
lending split,aave-core,1,0x3bc2a4b422bbe34a9059b090ef476f2addcbe378,EOA,wallet,,no,,289.7,274865,no,,,skattemesa.eth
lending split,aave-core,1,0x34042a1728c5f5aa1df99d297881c1a2d0172249,Summer.fi DPM,personal,,no,,289.43,62082,no,,,per-user smart account
lending split,aave-core,1,0x232aa9406dbc0aeff05c31dece57d775fd950be3,EOA,wallet,,no,,288.11,303274,no,,,no label; no vault counterparty in latest ERC-20 transfers (Ethereum) or registry match
lending split,aave-core,1,0xf6d6128bda3e16923aec500a8e8c4fd6fd588a75,EOA,wallet,,no,,288.09,548262,no,,,no label; no vault counterparty in latest ERC-20 transfers (Ethereum) or registry match
venue sweep: liquity,Liquity v2 (BOLD) Liquity v2 (BOLD) branch 1 (wstETH/BOLD),1,0x774bb9306df1cd921eb842b1388c78f75e6ef79f,EOA,wallet,,no,,287.94,405908,no,,,no label; no vault counterparty in latest ERC-20 transfers (Ethereum) or registry match
lending split,aave-core,1,0x5cb028a7450e8acd2bf48e217e4fc797c85b532d,EOA,wallet,,no,,287.34,262057,no,,,no label; no vault counterparty in latest ERC-20 transfers (Ethereum) or registry match
lending split,aave-core,1,0x407473c0a82eb7cd958c4178872f129beeab7ae7,EOA,wallet,,no,,287.32,161941,no,,,no label; no vault counterparty in latest ERC-20 transfers (Ethereum) or registry match
lending split,aave-core,1,0x4442412a1b6cc6fbc600d4f18ff5c27c309bb79d,EOA,wallet,,no,,287.29,365614,no,,,no label; no vault counterparty in latest ERC-20 transfers (Ethereum) or registry match
lending split,aave-core,1,0xf66e70f380e8c08e853ecb1ee0c54cc15eabd18c,EOA,wallet,,no,,286.88,204930,no,,,no label; no vault counterparty in latest ERC-20 transfers (Ethereum) or registry match
lending split,aave-core,1,0x648b826f860c7d41979d9f8fd78b7c45d5d6bf72,EIP-7702,wallet,,no,,286.6,260225,no,,,no label; no vault counterparty in latest ERC-20 transfers (Ethereum) or registry match
venue sweep: aave_aave-avalanche,aave-avalanche,43114,0xb686fe1266cfe8b54ce7ef978f0aa57e32af68fd,EOA,wallet,,no,,286.34,967283,no,,,no label; no vault counterparty in latest ERC-20 transfers (Ethereum) or registry match
venue sweep: curve,Curve crvUSD mint sfrxETH/crvUSD,1,0xd030de8edaa426edaa51837f57c11aea8776f58e,EOA,wallet,,no,,285.85,272686,no,,,no label; no vault counterparty in latest ERC-20 transfers (Ethereum) or registry match
lending split,aave-core,1,0xc50bd3cb6ca539383923563a71b0378099953d7b,EOA,wallet,,no,,285.73,249947,no,,,no label; no vault counterparty in latest ERC-20 transfers (Ethereum) or registry match
lending split,aave-v4,1,0x8604710b3b6fc360ab08fd151ac17a5e2159b0e0@0x973a023a,DSProxy,personal,,no,,285.15,472425,no,,,per-user smart account
lending split,spark,1,0xc02c74c97b272c206d359dde43f01f1b3c5b25b9,EOA,wallet,,no,,284.94,401406,no,,,no label; no vault counterparty in latest ERC-20 transfers (Ethereum) or registry match
lending split,aave-core,1,0x3ca0d0337063d3973f706988401aaab5fe770a80,EIP-7702,wallet,,no,,284.89,289991,no,,,0xpindar.eth
lending split,aave-core,1,0xf7c5ada4b1e2811932ee9993862f79f770ae1666,EOA,wallet,,no,,284.54,241065,no,,,no label; no vault counterparty in latest ERC-20 transfers (Ethereum) or registry match
lending split,morpho,1,0x04b6b661ddb5ee38fdbde4274deefe3d39e111c8,EOA,wallet,,no,,284.35,468528,no,,,no label; no vault counterparty in latest ERC-20 transfers (Ethereum) or registry match
lending split,aave-core,1,0xfe3768c6fea412adb2750bfe2e1606b81980f967,EOA,wallet,,no,,284.31,486297,no,,,no label; no vault counterparty in latest ERC-20 transfers (Ethereum) or registry match
lending split,aave-core,1,0x0cf3ec1744af10ce821dd2ba8565ace578f6101c,EOA,wallet,,no,,284.16,280702,no,,,no label; no vault counterparty in latest ERC-20 transfers (Ethereum) or registry match
lending split,aave-core,1,0xdbedb1b7d359b0776e139d385c78a5ac9b27c0f9,EOA,wallet,,no,,283.75,332449,no,,,no label; no vault counterparty in latest ERC-20 transfers (Ethereum) or registry match
lending split,aave-core,1,0x16ea1f673e01419ba9af51365b88138ac492489a,EIP-7702,wallet,,no,,283.71,216040,no,,,no label; no vault counterparty in latest ERC-20 transfers (Ethereum) or registry match
lending split,aave-core,1,0x0984c2a0ab37af55dd5b8cc819920748fac480d7,EOA,wallet,,no,,283.35,272425,no,,,no label; no vault counterparty in latest ERC-20 transfers (Ethereum) or registry match
lending split,aave-core,1,0x0045803018b56a885da26745683c33e1c7c8aa63,EOA,wallet,,no,,283.35,226843,no,,,no label; no vault counterparty in latest ERC-20 transfers (Ethereum) or registry match
lending split,aave-core,1,0xe12227b5571f454b3084909469526cfdffb44e40,Safe 1-of-2,wallet,,no,,283.13,235366,no,,,no label; no vault counterparty in latest ERC-20 transfers (Ethereum) or registry match
lending split,aave-core,1,0x7425d784b866486fd8be134df053f6cc4b6a0c30,EOA,wallet,,no,,283.12,262272,no,,,no label; no vault counterparty in latest ERC-20 transfers (Ethereum) or registry match
lending split,aave-core,1,0x7a93e3c63d98a2547c2d02981fed8b1f545f0c11,EIP-7702,wallet,,no,,283.12,200244,no,,,no label; no vault counterparty in latest ERC-20 transfers (Ethereum) or registry match
lending split,spark,1,0x5b2e2c30b20c8251507bb2628e0aa2e9f92df7d2,Safe 2-of-2,wallet,,no,,282.84,318228,no,,,no label; no vault counterparty in latest ERC-20 transfers (Ethereum) or registry match
lending split,aave-core,1,0xf75b292ea8cfc4c9cdab8a22b8cc7218c9cd4d41,EOA,wallet,,no,,282.78,208271,no,,,vapur.eth
lending split,compound-v3,1,0x0ea4dda80bec4e2cc4a7f09bc0362ebb6afd6603,Instadapp DSA,personal,,no,,282.67,298024,no,,,per-user smart account
lending split,aave-core,1,0xbb7ec7244d3c6e60d16aff6c4ce782e115df5480,EOA,wallet,,no,,282.19,423249,no,,,no label; no vault counterparty in latest ERC-20 transfers (Ethereum) or registry match
lending split,spark,1,0xc86d774998a60e1cb3f340dd234d6253ffb8ecaa,EOA,wallet,,no,,282.0,500179,no,,,no label; no vault counterparty in latest ERC-20 transfers (Ethereum) or registry match
lending split,morpho,1,0x3395c8dab97187328685d1bfc446d9cd5a7ac21d,EOA,wallet,,no,,281.74,243145,no,,,no label; no vault counterparty in latest ERC-20 transfers (Ethereum) or registry match
lending split,aave-core,1,0x882d5a62b7eeba1e74f82b3dbd9192da45fe8997,EOA,wallet,,no,,281.18,501113,no,,,no label; no vault counterparty in latest ERC-20 transfers (Ethereum) or registry match
lending split,spark,1,0xf7401728edd23290d8099ed73f155101dcf8cc0c,EOA,wallet,,no,,280.82,317586,no,,,1on1.eth
venue sweep: fluid_8453,fluid,8453,0x0bb699de6c177bfdd7a6250a49911665ba847407,Coinbase Smart Wallet,personal,,no,,280.35,180771,no,,,per-user smart account
lending split,aave-core,1,0x8e32a32f5252cb71950194d824fbe1b2edd6088f,EOA,wallet,,no,,279.87,281020,no,,,no label; no vault counterparty in latest ERC-20 transfers (Ethereum) or registry match
lending split,aave-core,1,0x00aa1cde5477bf9aede8c8fcb4d9fb0305605cf4,EOA,wallet,,no,,279.79,447427,no,,,no label; no vault counterparty in latest ERC-20 transfers (Ethereum) or registry match
lending split,morpho,8453,0xf82d8297c3e07122c6caa0c0769694053c7c94e3,Coinbase Smart Wallet,personal,,no,,279.06,311855,no,,,per-user smart account
lending split,aave-core,1,0xffbd7b73e7b9e84e719f08082de6f3a39a12b862,EOA,wallet,,no,,278.51,332540,no,,,8thwonder.eth
lending split,aave-core,1,0xf4702e4f08302ce7b4b85dce557d43c6015d763f,EIP-7702,wallet,,no,,278.26,252851,no,,,no label; no vault counterparty in latest ERC-20 transfers (Ethereum) or registry match
lending split,aave-core,1,0x654239b299759a7d0b364c27943de9087067bd71,DSProxy,personal,,no,,278.04,205561,no,,,per-user smart account
lending split,aave-core,1,0x7546966122e636a601a3ea4497d3509f160771d8,EOA,wallet,,no,,277.67,377356,no,,not checked (ETH-backed debt under $1M),Not identity-checked: ETH-backed part under $1M; prestigous.eth
lending split,aave-core,1,0xcc144c2e9fc40f92257b2cd7cc43e1f82666f09a,EOA,wallet,,no,,277.16,568893,no,,,no label; no vault counterparty in latest ERC-20 transfers (Ethereum) or registry match
lending split,aave-core,1,0xd6d1a4ef519fc078139dedff88ad6843210de849,EOA,wallet,,no,,277.12,405417,no,,,no label; no vault counterparty in latest ERC-20 transfers (Ethereum) or registry match
lending split,aave-core,1,0xb3b45cbc7b4650035a15c4e858bf7c21667a4741,EOA,wallet,,no,,277.01,264961,no,,,twondaway.eth
lending split,aave-core,1,0x4676e26e8e500f2d496ee4ba237a767d2c940ee1,EOA,wallet,,no,,276.71,95033,no,,,no label; no vault counterparty in latest ERC-20 transfers (Ethereum) or registry match
lending split,morpho,8453,0x402904e954aebee2e78b7b09595393cf05571333,EOA,wallet,,no,,276.47,258645,no,,,Base Account
lending split,aave-core,1,0x171b444285f7b1be5e6f990aaedb168d1f05f38c,EOA,wallet,,no,,276.07,272617,no,,,no label; no vault counterparty in latest ERC-20 transfers (Ethereum) or registry match
lending split,compound-v3,1,0xb0634d84c603fc1f092eb214bd925e7e644d3f12,EOA,wallet,,no,,275.0,739221,no,,,no label; no vault counterparty in latest ERC-20 transfers (Ethereum) or registry match
lending split,aave-core,1,0x25f46456383a5038e93aae660647e7f2afe6ee51,EOA,wallet,,no,,274.99,242790,no,,,no label; no vault counterparty in latest ERC-20 transfers (Ethereum) or registry match
lending split,spark,1,0x1c24a4b9bdb04994d18d9e8bdd46038c8002c22b,EOA,wallet,,no,,274.87,236425,no,,,no label; no vault counterparty in latest ERC-20 transfers (Ethereum) or registry match
lending split,aave-base,8453,0xb39778f7bbfe76e3013fcdb7027453063e44f14a,EOA,wallet,,no,,274.66,253692,no,,,Base Account
lending split,aave-core,1,0x7536ffb51f80738247a1d5c86d2bdee55a49db05,EOA,wallet,,no,,274.57,232572,no,,,no label; no vault counterparty in latest ERC-20 transfers (Ethereum) or registry match
venue sweep: maker,Sky/Maker ETH-A,1,0x832ff12e60b1b02773b35007bdd29b221247ac36,DSProxy,personal,,no,,274.3,154187,no,,,per-user smart account
lending split,compound-v3,42161,0x9d3666ac78ee404d3f490e4216b9c79e35aa97d9,EOA,wallet,,no,,274.03,493125,no,,,no label; no vault counterparty in latest ERC-20 transfers (Ethereum) or registry match
lending split,aave-core,1,0x934ae3e313e041059c84a1c705ec7e5df9d2e9ce,contract: ExternalPositionProxy,product,"Enzyme fund ""Bitcoin Dome"" (Aave v3 debt external position)",manager-gated,6,273.75,198255,no,enzyme-finance (farming),,ExternalPositionProxy type 13 (Aave v3 debt); getVaultProxy() = Enzyme vault; all three vaults owned by 0xa218a923; 6 share holders
lending split,aave-core,1,0x26f22ac2e5a6d885743f799c55ddbd7115708fae,DSProxy,personal,,no,,273.73,325995,no,,,per-user smart account
lending split,aave-core,1,0xe4e8d412e3dce3357bb420ec24e51f6bcc1a1bc0,EOA,wallet,,no,,273.34,315328,no,,,no label; no vault counterparty in latest ERC-20 transfers (Ethereum) or registry match
venue sweep: fluid_8453,fluid,8453,0x0a87c180dbd881e3c3edf0c38f0d39de8fe31b5f,EOA,wallet,,no,,272.93,255934,no,,,no label; no vault counterparty in latest ERC-20 transfers (Ethereum) or registry match
lending split,aave-core,1,0x92db6da238ca53a4ee1363cef19016f8e1c991e5,Safe 1-of-1,wallet,,no,,272.31,202852,no,,,no label; no vault counterparty in latest ERC-20 transfers (Ethereum) or registry match
lending split,aave-core,1,0xf63fa9c3d35888fdb685d042c5454ed1ed92a20b,EOA,wallet,,no,,271.49,258446,no,,,no label; no vault counterparty in latest ERC-20 transfers (Ethereum) or registry match
lending split,aave-core,1,0xd550e166c1eb28433142482e95e6b0b5ec32d7dc,EIP-7702,wallet,,no,,271.47,248004,no,,,rauschi.eth
lending split,compound-v3,1,0x25ede616946ada6e7e7a24eed1204e3f7e880cbc,Instadapp DSA,personal,,no,,271.29,81253,no,,,per-user smart account
lending split,aave-prime,1,0x4a27138cf9b5eb2cc366d6902c963a79249429ab,EOA,wallet,,no,,271.2,430199,no,,,no label; no vault counterparty in latest ERC-20 transfers (Ethereum) or registry match
lending split,aave-core,1,0x9a1dbdc8b9717dfffd4de32d14bd26bde41dc15e,EOA,wallet,,no,,270.58,412948,no,,,no label; no vault counterparty in latest ERC-20 transfers (Ethereum) or registry match
lending split,morpho,8453,0x49c1fa690c1213734a4b7db1090fac38d5629b8b,Coinbase Smart Wallet,personal,,no,,270.51,313757,no,,,per-user smart account
lending split,aave-core,1,0xf55d032d99df6934852dba5fdf7726b7fe844c17,EIP-7702,wallet,,no,,270.07,79172,no,,,no label; no vault counterparty in latest ERC-20 transfers (Ethereum) or registry match
lending split,aave-core,1,0x3c837763754c60806b42c9f93a0f22443c2b1f15,EOA,wallet,,no,,270.03,212153,no,,,no label; no vault counterparty in latest ERC-20 transfers (Ethereum) or registry match
lending split,aave-core,1,0x26e5bd6a1b5bd432540b8eac73a4c20640b6b44e,EOA,wallet,,no,,269.71,188188,no,,,no label; no vault counterparty in latest ERC-20 transfers (Ethereum) or registry match
lending split,morpho,1,0x6723f512657fb15858089704d546215913effef3,EOA,wallet,,no,,269.55,331663,no,,,no label; no vault counterparty in latest ERC-20 transfers (Ethereum) or registry match
lending split,aave-core,1,0x64b4e5bf298edb1cf527d81558c55dd710055fef,EOA,wallet,,no,,269.42,200226,no,,,no label; no vault counterparty in latest ERC-20 transfers (Ethereum) or registry match
lending split,aave-core,1,0x12553281c002f18026758f39c74ba7a71d2b6b44,Coinbase Smart Wallet,personal,,no,,269.23,181290,no,,,per-user smart account
lending split,aave-arbitrum,42161,0xfd7dde4a61e7681450538d22c48cb9c0121fb249,EOA,wallet,,no,,269.02,253736,no,,,no label; no vault counterparty in latest ERC-20 transfers (Ethereum) or registry match
lending split,aave-core,1,0xd0e713326dd400a52a6bb1fa8c66ad0d2280bd6a,EOA,wallet,,no,,268.74,349843,no,,,no label; no vault counterparty in latest ERC-20 transfers (Ethereum) or registry match
lending split,compound-v3,1,0xd3222acdfef079d208c7dd70a3604110236606e3,EOA,wallet,,no,,268.65,461223,no,,,no label; no vault counterparty in latest ERC-20 transfers (Ethereum) or registry match
lending split,spark,1,0x0fa3643bec9228b2e10a91b52b6dec4ebbb4bdd3,DSProxy,personal,,no,,268.39,407378,no,,,per-user smart account
venue sweep: liquity,Liquity v1 (LUSD) ETH/LUSD,1,0x903628bf8e703766277279ca8eb7bfb5e32107a5,EOA,wallet,,no,,268.01,68878,no,,,no label; no vault counterparty in latest ERC-20 transfers (Ethereum) or registry match
lending split,aave-arbitrum,42161,0x6371024c5ffdaefef716adce3cac52ac6181cd9d,EOA,wallet,,no,,267.87,331053,no,,,no label; no vault counterparty in latest ERC-20 transfers (Ethereum) or registry match
lending split,aave-core,1,0xe31235bc3880eb1fbb4c53fd7d882d2f5cbe56f3,EOA,wallet,,no,,267.62,255400,no,,,no label; no vault counterparty in latest ERC-20 transfers (Ethereum) or registry match
lending split,spark,1,0x15c8a479139a2e195b37790ace4870d1f2be045f,EOA,wallet,,no,,267.23,463482,no,,,no label; no vault counterparty in latest ERC-20 transfers (Ethereum) or registry match
lending split,aave-core,1,0xa067c9aae42e5f96529ecb5670e0b6755179f673,EOA,wallet,,no,,266.43,313889,no,,,no label; no vault counterparty in latest ERC-20 transfers (Ethereum) or registry match
lending split,aave-core,1,0x9b38f8591532fa926535382c141dc3689c5a3708,EOA,wallet,,no,,266.42,271862,no,,,no label; no vault counterparty in latest ERC-20 transfers (Ethereum) or registry match
lending split,aave-v4,1,0xb15f9810f27136b38787951ecae74c6e32d37c22@0x94e7a5dc,EOA,wallet,,no,,266.24,228697,no,,,no label; no vault counterparty in latest ERC-20 transfers (Ethereum) or registry match
lending split,aave-core,1,0x9cc735f26493cd0a5f7d85e4b772842e9f093f1c,EOA,wallet,,no,,266.13,320440,no,,,no label; no vault counterparty in latest ERC-20 transfers (Ethereum) or registry match
lending split,spark,1,0xbe77b2129023ac2ffb5d393a81b18cad4431a78b,EOA,wallet,,no,,265.76,222868,no,,,no label; no vault counterparty in latest ERC-20 transfers (Ethereum) or registry match
lending split,aave-core,1,0x3004bcfebcef378853ea515077a85ae7e9d0f93e,EOA,wallet,,no,,265.28,175731,no,,,no label; no vault counterparty in latest ERC-20 transfers (Ethereum) or registry match
lending split,spark,1,0x3ea5b9837d14beeed8936f34afef19d49180992e,EOA,wallet,,no,,264.65,185495,no,,,no label; no vault counterparty in latest ERC-20 transfers (Ethereum) or registry match
lending split,aave-core,1,0xffa9792aa7754c50f780853c5909d15b130e86fb,EIP-7702,wallet,,no,,264.6,170488,no,,,no label; no vault counterparty in latest ERC-20 transfers (Ethereum) or registry match
lending split,compound-v3,1,0x9f58201408dc8a25fa307cd4d918a2fa55ed4c70,EOA,wallet,,no,,264.19,355686,no,,,no label; no vault counterparty in latest ERC-20 transfers (Ethereum) or registry match
lending split,aave-core,1,0xbb83e09e6540aa4bee15815eb2329369d1d98826,EOA,wallet,,no,,264.18,155334,no,,,no label; no vault counterparty in latest ERC-20 transfers (Ethereum) or registry match
lending split,aave-core,1,0xd883782e181ff170a5364968ab7278a3169026a3,EOA,wallet,,no,,264.08,270443,no,,,no label; no vault counterparty in latest ERC-20 transfers (Ethereum) or registry match
lending split,aave-core,1,0xbae267dd88bae7a744bb137142c3486d5c5fb1b0,EOA,wallet,,no,,264.03,277901,no,,,no label; no vault counterparty in latest ERC-20 transfers (Ethereum) or registry match
lending split,aave-core,1,0xa5ad4d0c31764280eb802c693dceaa59da25cdba,EOA,wallet,,no,,263.95,195397,no,,,no label; no vault counterparty in latest ERC-20 transfers (Ethereum) or registry match
lending split,spark,1,0xb0a5f41a36de795bb102dc41f4c61c6956144282,EIP-7702,wallet,,no,,263.53,333682,no,,,no label; no vault counterparty in latest ERC-20 transfers (Ethereum) or registry match
lending split,morpho,8453,0x1646927f5dbb53cedb0657bd460cf7d8683d82bd,Coinbase Smart Wallet,personal,,no,,263.33,62648,no,,,per-user smart account
venue sweep: fluid_8453,fluid,8453,0x5eaaa37b6e8fa18e473d278edc0b303e585be281,EOA,wallet,,no,,263.29,214780,no,,,no label; no vault counterparty in latest ERC-20 transfers (Ethereum) or registry match
lending split,aave-core,1,0x7ba6db4a8ad48d3adfc8214e8c3fb86a60621f6d,EOA,wallet,,no,,262.99,115545,no,,,no label; no vault counterparty in latest ERC-20 transfers (Ethereum) or registry match
lending split,spark,1,0x7748701e5044cfcc7efaef38429e289759cd4afc,EOA,wallet,,no,,262.95,47190,no,,,no label; no vault counterparty in latest ERC-20 transfers (Ethereum) or registry match
lending split,aave-core,1,0x1b43435b0a1655cc82224684fab7b7d4cb614a4e,EOA,wallet,,no,,262.84,235641,no,,,no label; no vault counterparty in latest ERC-20 transfers (Ethereum) or registry match
lending split,aave-core,1,0xdd868ceb3fd1b83a968958f540ed46ba5db2ada2,EIP-7702,wallet,,no,,262.09,235737,no,,,no label; no vault counterparty in latest ERC-20 transfers (Ethereum) or registry match
lending split,morpho,1,0xa9eca0da37a611235b9405b52ce446651cb7850d,EOA,wallet,,no,,261.74,176058,no,,,no label; no vault counterparty in latest ERC-20 transfers (Ethereum) or registry match
lending split,aave-core,1,0xae04b291a0c8c42b8108cfb3fca6b216abb4a61a,EOA,wallet,,no,,261.52,57887,no,,,no label; no vault counterparty in latest ERC-20 transfers (Ethereum) or registry match
lending split,morpho,480,0x1b648ade1ef219c87987cd60eba069a7faf1621f,EOA,wallet,,no,,261.22,365469,no,,,no label; no vault counterparty in latest ERC-20 transfers (Ethereum) or registry match
lending split,aave-core,1,0xdc1e1b86e05f66baebcf32a733878e276e8f322d,Safe 2-of-2,wallet,,no,,260.74,40043,no,,,no label; no vault counterparty in latest ERC-20 transfers (Ethereum) or registry match
lending split,aave-core,1,0x95fae75e192cfcc12347a9d92d195b62dd9a163e,EOA,wallet,,no,,260.6,170647,no,,,no label; no vault counterparty in latest ERC-20 transfers (Ethereum) or registry match
lending split,spark,1,0x218d04e0abf0e23cf68dac840edc492dca214f69,EOA,wallet,,no,,260.36,209942,no,,,firstid.eth
lending split,aave-base,8453,0xb26c8a082eb6e3ec075bfba716a09b573da7fb36,Safe 1-of-1,wallet,,no,,260.28,302678,no,,,no label; no vault counterparty in latest ERC-20 transfers (Ethereum) or registry match
lending split,aave-v4,1,0x09d4f735d45909623e0a54215ad102717d258640@0x94e7a5dc,EOA,wallet,,no,,260.11,420299,no,,,no label; no vault counterparty in latest ERC-20 transfers (Ethereum) or registry match
lending split,spark,1,0x6d3b90747dbf5883bf88ff7eb5fcc86f408b5409,EOA,wallet,,no,,260.02,470091,no,,,no label; no vault counterparty in latest ERC-20 transfers (Ethereum) or registry match
lending split,aave-core,1,0xd3952997b919e0e7379a1c3043caf4b944fe4e9a,EOA,wallet,,no,,259.58,359428,no,,,no label; no vault counterparty in latest ERC-20 transfers (Ethereum) or registry match
venue sweep: maker,Sky/Maker ETH-A,1,0xe236dde971f0358bf3b00c2da5880707005fce5d,DSProxy,personal,,no,,259.4,334742,no,,,per-user smart account
venue sweep: maker,Sky/Maker ETH-C,1,0x74798c10a947201c464640225466321ec437060c,DSProxy,personal,,no,,259.0,185749,no,,,per-user smart account
venue sweep: liquity,Liquity v2 (BOLD) Liquity v2 (BOLD) branch 1 (wstETH/BOLD),1,0x94016e4db03288b7fa865205638ea08e799bdeab,EOA,wallet,,no,,258.86,365406,no,,,no label; no vault counterparty in latest ERC-20 transfers (Ethereum) or registry match
lending split,aave-v4,1,0x00b9ac091f0cb002d1184635d936a7f0d84700b9@0x94e7a5dc,EOA,wallet,,no,,258.64,234531,no,,,no label; no vault counterparty in latest ERC-20 transfers (Ethereum) or registry match
lending split,aave-core,1,0x4307055343c3754c60081eab31cddd6bf806a7c0,EOA,wallet,,no,,258.56,102097,no,,,no label; no vault counterparty in latest ERC-20 transfers (Ethereum) or registry match
lending split,aave-core,1,0xe1b2590d7b450789a91ff7c802229ddc548f62cb,EIP-7702,wallet,,no,,258.3,329702,no,,,no label; no vault counterparty in latest ERC-20 transfers (Ethereum) or registry match
lending split,aave-core,1,0xe4f5628d1100d8da605efc4a783560ea12afd478,EOA,wallet,,no,,256.74,92460,no,,,no label; no vault counterparty in latest ERC-20 transfers (Ethereum) or registry match
lending split,compound-v3,1,0x897aa3ef8bf60ae46d91f4e1bf5486570c5efa57,EOA,wallet,,no,,256.62,263713,no,,,no label; no vault counterparty in latest ERC-20 transfers (Ethereum) or registry match
lending split,morpho,8453,0xc211f1718a05f38ebc37aea6fdc6f1ea27905948,Coinbase Smart Wallet,personal,,no,,255.97,400722,no,,,per-user smart account
lending split,aave-core,1,0x965e28123aa9cba19b0d4989567164f1479189ad,EOA,wallet,,no,,255.9,189412,no,,,no label; no vault counterparty in latest ERC-20 transfers (Ethereum) or registry match
lending split,aave-core,1,0x0322d57e4369dbb2c612e2e0f0b72668c854e7b9,Safe 2-of-5,wallet,,no,,255.37,260359,no,,,no label; no vault counterparty in latest ERC-20 transfers (Ethereum) or registry match
lending split,aave-core,1,0x49a323cc2fa5f9a138f30794b9348e43065d8da2,EOA,wallet,,no,,255.11,318751,no,,,cdaf.eth
venue sweep: maker,Sky/Maker ETH-C,1,0x0000733ce91d1a320c1b9be3d9adf7209ac447d1,DSProxy,personal,,no,,255.0,166616,no,,,per-user smart account
lending split,aave-core,1,0x81ae35e328eed67b4e9a875a6f9086ee45876b6b,EOA,wallet,,no,,254.5,190076,no,,,no label; no vault counterparty in latest ERC-20 transfers (Ethereum) or registry match
lending split,aave-core,1,0x44fa366793ebee8ec51cb4c8a219ebd69c4237d5,EOA,wallet,,no,,254.44,158446,no,,,no label; no vault counterparty in latest ERC-20 transfers (Ethereum) or registry match
lending split,morpho,1,0x0206c3418b0504b8413f61ec5af57d3cac814e21,EIP-7702,wallet,,no,,253.7,332249,no,,,tomwg.eth
lending split,spark,1,0x74666e2e87171274b46ab8c2e321bb237693fc83,EOA,wallet,,no,,253.31,516710,no,,,no label; no vault counterparty in latest ERC-20 transfers (Ethereum) or registry match
lending split,aave-core,1,0xc163e845cda2de887facdb31b6445520a018a8d5,EOA,wallet,,no,,253.2,161052,no,,,no label; no vault counterparty in latest ERC-20 transfers (Ethereum) or registry match
lending split,aave-core,1,0x858ad8c29c4576cd55e956003f3ff0f780e01a69,EOA,wallet,,no,,253.19,300639,no,,,no label; no vault counterparty in latest ERC-20 transfers (Ethereum) or registry match
lending split,aave-core,1,0x61fe07a5956dc9baa8a37d6658d9df631c7f176e,EOA,wallet,,no,,253.03,207896,no,,,no label; no vault counterparty in latest ERC-20 transfers (Ethereum) or registry match
lending split,aave-core,1,0x56aaf77b3a68953c08f99ec29e62d649c9fbc92f,Safe 3-of-3,wallet,,no,,252.97,365480,no,,,no label; no vault counterparty in latest ERC-20 transfers (Ethereum) or registry match
lending split,morpho,8453,0x1438cf2c769c6886df20c761876887cb83177879,Coinbase Smart Wallet,personal,,no,,252.69,504798,no,,,per-user smart account
lending split,morpho,8453,0xdb4721f06d6c11761d5cc6a19fa67ea320109ce8,Coinbase Smart Wallet,personal,,no,,252.58,204296,no,,,per-user smart account
lending split,aave-core,1,0x6f701aa5abc961f3fbdf9c32315d0483d257d827,EOA,wallet,,no,,252.45,160773,no,,,no label; no vault counterparty in latest ERC-20 transfers (Ethereum) or registry match
lending split,morpho,1,0x93e22ecd5b8a4da8c0e97d7158c060612e7115a3,EOA,wallet,,no,,252.41,402117,no,,,no label; no vault counterparty in latest ERC-20 transfers (Ethereum) or registry match
lending split,aave-core,1,0x346a61683d640c1c15cc50cc11f9960b6b1170b2,EOA,wallet,,no,,252.37,196715,no,,,no label; no vault counterparty in latest ERC-20 transfers (Ethereum) or registry match
lending split,spark,1,0x8a345365097244e553d0c2a5442e5ad9e4182293,EOA,wallet,,no,,252.08,192569,no,,,no label; no vault counterparty in latest ERC-20 transfers (Ethereum) or registry match
lending split,aave-core,1,0xef65f6cc8acd21cf16812dcbbfcbcbb3566b1b9e,EIP-7702,wallet,,no,,252.03,138400,no,,,no label; no vault counterparty in latest ERC-20 transfers (Ethereum) or registry match
lending split,aave-core,1,0x1c0222a02218d3ce7b02baab980205732bd06405,EOA,wallet,,no,,251.7,202245,no,,,no label; no vault counterparty in latest ERC-20 transfers (Ethereum) or registry match
lending split,spark,1,0x430ac6c0c9abec0a2b9b9c4d8fe4d3a20d54a4be,DSProxy,personal,,no,,251.57,325147,no,,,per-user smart account
lending split,aave-v4,1,0x8ec1d499967c1c861ec99c5ffb86cacaf6354283@0x94e7a5dc,EOA,wallet,,no,,251.23,10067,no,,,no label; no vault counterparty in latest ERC-20 transfers (Ethereum) or registry match
lending split,aave-core,1,0x454d9ffb3fdafbb8fc4ca2b370525c8ab3059e5b,EOA,wallet,,no,,251.07,175168,no,,,Fee Recipient: 0x454d...e5b
lending split,aave-core,1,0xeb72e4df998c9435a4cb44020faf18e101648fc6,contract: TransparentUpgradeableProxy,product,Upshift Treehouse Growth Vault v2 (gtETH),yes,,250.96,202029,no,upshift (farming),,Upshift API: subaccount of vault 0xd8091978; owner() = vault
lending split,morpho,8453,0x058b0ab596afe2ddf27c4fc75d3a4b7948f4c8d2,Coinbase Smart Wallet,personal,,no,,250.76,260046,no,,,per-user smart account
lending split,aave-core,1,0xf70668901cc8ea113a3b69126b87c3dd991898d1,EOA,wallet,,no,,250.24,244273,no,,,no label; no vault counterparty in latest ERC-20 transfers (Ethereum) or registry match
lending split,aave-core,1,0x3a516707c6a34a44a02c608a11f73351269dc6c4,EOA,wallet,,no,,250.22,27002,no,,,Fee Recipient: 0x3a51...6c4
lending split,aave-core,1,0x84746147fcff9ea6e9fd9a184bbe604011d60226,EOA,wallet,,no,,250.16,131882,no,,,no label; no vault counterparty in latest ERC-20 transfers (Ethereum) or registry match
lending split,compound-v3,1,0x626315a5976767fabb62964bae80554946a0d107,EOA,wallet,,no,,250.0,223892,no,,,no label; no vault counterparty in latest ERC-20 transfers (Ethereum) or registry match
lending split,compound-v3,1,0x65e2cb969ee02f023bc2ef9dc780af937d519462,EOA,wallet,,no,,250.0,256630,no,,,no label; no vault counterparty in latest ERC-20 transfers (Ethereum) or registry match
lending split,compound-v3,1,0xeac00eed82795709e79f81a72562f6df660e6cc3,EOA,wallet,,no,,250.0,259869,no,,,no label; no vault counterparty in latest ERC-20 transfers (Ethereum) or registry match
lending split,morpho,8453,0xb11e8b33b0b4dd7329d06ba550ebe193ec35ce23,EOA,wallet,,no,,249.99,102617,no,,,Base Account
lending split,aave-core,1,0xb8aef93aea5124806daa5fa107460ab413c2d08a,EOA,wallet,,no,,249.98,300277,no,,,no label; no vault counterparty in latest ERC-20 transfers (Ethereum) or registry match
lending split,morpho,8453,0x0878f86a6f56270515cd98d7961d96f94dcb4cde,Coinbase Smart Wallet,personal,,no,,249.86,312428,no,,,per-user smart account
lending split,morpho,8453,0x3bf63d7371a35c1059db8e11293e7df8f99d12b0,Coinbase Smart Wallet,personal,,no,,249.58,263960,no,,,per-user smart account
lending split,fluid,1,0x12b7c8e78990010cfa431e8cf6b3dfdb188f8fee,EOA,wallet,,no,,249.32,115329,no,,,no label; no vault counterparty in latest ERC-20 transfers (Ethereum) or registry match
lending split,aave-core,1,0x9833326c14ad3eb55e9e7cf587b8afa74a7e0d6c,Summer.fi DPM,personal,,no,,249.08,232303,no,,,per-user smart account
lending split,aave-core,1,0xdaf44d4642cf37d1c997c7aad35b5456cd1e9bd5,EOA,wallet,,no,,249.08,300307,no,,,no label; no vault counterparty in latest ERC-20 transfers (Ethereum) or registry match
lending split,aave-core,1,0x8a39989ce43d7350364c6c48a25358ea03453562,EOA,wallet,,no,,248.01,182648,no,,,no label; no vault counterparty in latest ERC-20 transfers (Ethereum) or registry match
lending split,compound-v3,1,0x6710073666e7b9e8c1ba1d9d4cded9d1513d1d1f,EOA,wallet,,no,,247.97,237104,no,,,no label; no vault counterparty in latest ERC-20 transfers (Ethereum) or registry match
lending split,aave-core,1,0x49610a40051bdae1af9a7baf24a879dd83dd471a,EIP-7702,wallet,,no,,247.5,226224,no,,,no label; no vault counterparty in latest ERC-20 transfers (Ethereum) or registry match
lending split,aave-core,1,0x43c3b61a8b48553857809d66a572fa67f5c29da1,EOA,wallet,,no,,247.38,363502,no,,,no label; no vault counterparty in latest ERC-20 transfers (Ethereum) or registry match
lending split,aave-v4,1,0xc37e087a101ee8859435d45d9b35a395e322b57d@0x94e7a5dc,EOA,wallet,,no,,247.36,141957,no,,,no label; no vault counterparty in latest ERC-20 transfers (Ethereum) or registry match
lending split,aave-core,1,0x9befd037e0defe9406fc96cc9a6d746f0af9eb13,EOA,wallet,,no,,246.86,182685,no,,,no label; no vault counterparty in latest ERC-20 transfers (Ethereum) or registry match
lending split,aave-core,1,0x8688a501300c551ee74a4761c6a968f20ed78baa,EOA,wallet,,no,,246.71,235399,no,,,no label; no vault counterparty in latest ERC-20 transfers (Ethereum) or registry match
lending split,aave-v4,1,0x7dedea128c251bc79bfd6d26bb7e5678cc2dbc26@0x94e7a5dc,EOA,wallet,,no,,246.35,54263,no,,,no label; no vault counterparty in latest ERC-20 transfers (Ethereum) or registry match
venue sweep: maker,Sky/Maker WSTETH-B,1,0x414ff9b9aaf625593c9015ffed35e2cdbf310384,DSProxy,personal,,no,,246.12,102430,no,,,per-user smart account
lending split,aave-core,1,0xd4ee05b5088573a6242ae0c783692fd9b5a92fb3,EOA,wallet,,no,,245.77,173734,no,,,no label; no vault counterparty in latest ERC-20 transfers (Ethereum) or registry match
lending split,aave-core,1,0x1f1de251ee59f4272ac21ffda2bd4dfc40c81912,Kernel,personal,,no,,245.55,360055,no,,,per-user smart account
lending split,aave-core,1,0xf49392b4e201dda533e7accd0eeb861a6acc57c7,EOA,wallet,,no,,245.36,259973,no,,,no label; no vault counterparty in latest ERC-20 transfers (Ethereum) or registry match
lending split,aave-core,1,0x26e449a3bfbdc9c4ff8b6c160702fc9cb9c881fd,EOA,wallet,,no,,245.33,350148,no,,,no label; no vault counterparty in latest ERC-20 transfers (Ethereum) or registry match
lending split,aave-base,8453,0x6cda0f63a578bc62c88090f512edecaf10574537,EOA,wallet,,no,,245.29,224012,no,,,Base Account
lending split,aave-core,1,0x6371024c5ffdaefef716adce3cac52ac6181cd9d,EOA,wallet,,no,,245.22,299913,no,,,inveteratus.eth
lending split,aave-core,1,0xc39aeebb3d6ecea6b1cddf56dc47c3d29e2ff784,EOA,wallet,,no,,245.07,151838,no,,,no label; no vault counterparty in latest ERC-20 transfers (Ethereum) or registry match
lending split,aave-v4,1,0x62ac25f1883ea454febcfcb2015293c4ea407f06@0x94e7a5dc,contract: unnamed,personal,single-user flash-loan leverage contract,no,,244.79,400819,no,,,code read (dig.py)
lending split,aave-prime,1,0xa61d4f4a112981d47cb0d10ed52d867c88a47e76,Safe 2-of-3,wallet,,no,,244.74,203220,no,,,no label; no vault counterparty in latest ERC-20 transfers (Ethereum) or registry match
lending split,aave-core,1,0xb6cdde3e5e86c999c39ef871ce42af8dce042cc8,EOA,wallet,,no,,244.57,160876,no,,,no label; no vault counterparty in latest ERC-20 transfers (Ethereum) or registry match
lending split,aave-core,1,0xe246ef33f236e3df9d7f0b32b7ef770efb9d9ce8,EOA,wallet,,no,,243.75,393363,no,,,no label; no vault counterparty in latest ERC-20 transfers (Ethereum) or registry match
lending split,aave-arbitrum,42161,0xf715724abba480d4d45f4cb52bef5ce5e3513ccc,contract: unnamed,leverage,Toros ETHBULL3X,yes,,243.54,443288,no,none,,"dHEDGE/Toros pool ""Ethereum Bull 3X"""
lending split,morpho,1,0xd7072dae05277971b7a6a939ed9ad4967fab3e05,EIP-7702,wallet,,no,,243.26,283075,no,,,no label; no vault counterparty in latest ERC-20 transfers (Ethereum) or registry match
lending split,compound-v3,1,0xda9a272ee8aff7e4bb7a7592980b5a2f35b57bc8,EOA,wallet,,no,,242.06,309180,no,,,iamrobin.eth
lending split,aave-core,1,0x59b521b3bb90e9d02431bcc613ee563ed0922d48,EOA,wallet,,no,,241.63,172868,no,,,no label; no vault counterparty in latest ERC-20 transfers (Ethereum) or registry match
lending split,aave-core,1,0xbedd3152b05c6f2ff253d06384ae550b9f53d4c5,EOA,wallet,,no,,241.58,133349,no,,,no label; no vault counterparty in latest ERC-20 transfers (Ethereum) or registry match
lending split,aave-core,1,0x6c69691af47ee227ba6b51e4454fd0f4f8060abf,Safe 2-of-3,wallet,,no,,241.3,251401,no,,,no label; no vault counterparty in latest ERC-20 transfers (Ethereum) or registry match
lending split,aave-core,1,0xd9e1e620138ce14dd3fbb28436248b8308b65558,EOA,wallet,,no,,241.29,204964,no,,,no label; no vault counterparty in latest ERC-20 transfers (Ethereum) or registry match
lending split,aave-core,1,0xaeddd0d49087db1e85175e2b9633aea4c117567a,EIP-7702,wallet,,no,,240.86,211065,no,,,no label; no vault counterparty in latest ERC-20 transfers (Ethereum) or registry match
lending split,aave-v4,1,0xe19d817fd1bcedac50101efccea9398bca697565@0x94e7a5dc,EOA,wallet,,no,,240.46,812,no,,,gouki.eth
lending split,aave-core,1,0x90cd03a2dc6bdbd6d24eeb69f3fdebaddd1459af,EOA,wallet,,no,,240.43,279649,no,,,no label; no vault counterparty in latest ERC-20 transfers (Ethereum) or registry match
lending split,aave-core,1,0xf1b2b771a04d40522b463d55250c40d95b9e2648,EOA,wallet,,no,,240.43,164792,no,,,no label; no vault counterparty in latest ERC-20 transfers (Ethereum) or registry match
lending split,aave-core,1,0x6949097796ba3ccedf32a741858c8daf0edba892,EOA,wallet,,no,,240.12,197251,no,,,no label; no vault counterparty in latest ERC-20 transfers (Ethereum) or registry match
lending split,aave-core,1,0xe2551e8cab4b905a3ec291ed59d1abe66b001d0e,EOA,wallet,,no,,239.62,275557,no,,,no label; no vault counterparty in latest ERC-20 transfers (Ethereum) or registry match
lending split,aave-core,1,0x125247519e8883a78434e87713a9874fe79ffd05,EOA,wallet,,no,,239.11,270638,no,,,no label; no vault counterparty in latest ERC-20 transfers (Ethereum) or registry match
lending split,morpho,1,0x75a3c6323effd7206c18b445b0226119fcef77c2,EOA,wallet,,no,,239.0,302683,no,,,no label; no vault counterparty in latest ERC-20 transfers (Ethereum) or registry match
venue sweep: maker,Sky/Maker ETH-A,1,0x4172d0fb055a31af57dda8e80a97441b7bc908b8,UserWallet,personal,,no,,239.0,19347,no,,,per-user smart account
lending split,aave-v4,1,0xbbb34ffb832146d599ae08091b096d982c76a2e2@0x94e7a5dc,EOA,wallet,,no,,238.94,74351,no,,,no label; no vault counterparty in latest ERC-20 transfers (Ethereum) or registry match
venue sweep: liquity,Liquity v1 (LUSD) ETH/LUSD,1,0xc1c589dc0922399b966f515d4b6436707d679974,EOA,wallet,,no,,238.9,94150,no,,,no label; no vault counterparty in latest ERC-20 transfers (Ethereum) or registry match
lending split,aave-core,1,0xd7773817b76b75be8bd0a6f9bd1339433f0eb161,EOA,wallet,,no,,238.56,302048,no,,,no label; no vault counterparty in latest ERC-20 transfers (Ethereum) or registry match
lending split,aave-core,1,0xd39bda92ff3af74498316d78c95feb852d4a4ce6,EOA,wallet,,no,,238.34,11999,no,,,no label; no vault counterparty in latest ERC-20 transfers (Ethereum) or registry match
lending split,aave-core,1,0x046c62fe7ab523a826c25d632d23300a7e18d59d,EIP-7702,wallet,,no,,238.22,218369,no,,,no label; no vault counterparty in latest ERC-20 transfers (Ethereum) or registry match
lending split,aave-core,1,0x24ec268a5fa47365344abdaf48f1dbdb1d0264cf,EOA,wallet,,no,,238.05,155656,no,,,no label; no vault counterparty in latest ERC-20 transfers (Ethereum) or registry match
lending split,aave-core,1,0x28b41cf49c00fe3787cd962feef93238f569c77b,EOA,wallet,,no,,237.73,290554,no,,,no label; no vault counterparty in latest ERC-20 transfers (Ethereum) or registry match
lending split,aave-core,1,0xe798a9404143f1aba9d751e2454cb5c1a573363e,EOA,wallet,,no,,237.61,268310,no,,,no label; no vault counterparty in latest ERC-20 transfers (Ethereum) or registry match
lending split,aave-core,1,0x9a198238bb74a46ba6640759d5465e89b9e60399,EOA,wallet,,no,,237.51,32201,no,,,no label; no vault counterparty in latest ERC-20 transfers (Ethereum) or registry match
lending split,morpho,1,0xee6b63e2ca34ce2be4cce15137ec59b9e5a733bb,Safe 2-of-4,product,Lagoon Mt Pelerin ETH strategy pool,yes,3,237.03,325104,no,lagoon (farming),,vault 0xb118de49 safe() = this Safe; 3 share holders
venue sweep: maker,Sky/Maker ETH-A,1,0x8af40005ce4f234476630892a8aca7d7fe94a56d,DSProxy,personal,,no,,237.0,154857,no,,,per-user smart account
lending split,morpho,8453,0x76c10e1ca93294308c1126335540dfe03021ed71,Coinbase Smart Wallet,personal,,no,,236.35,145632,no,,,per-user smart account
lending split,aave-core,1,0x7f2f3925933add974d8a82d292aeccc6311ade6a,EOA,wallet,,no,,236.16,206646,no,,,no label; no vault counterparty in latest ERC-20 transfers (Ethereum) or registry match
lending split,aave-v4,1,0xdb5b3ebdc10a50fc838ab8d55b7509674e574583@0x94e7a5dc,EOA,wallet,,no,,235.95,158793,no,,,pepechary.eth
lending split,spark,1,0x693fb6feb4aee2305e4223176c140da6024f8716,EOA,wallet,,no,,235.68,164216,no,,,no label; no vault counterparty in latest ERC-20 transfers (Ethereum) or registry match
lending split,aave-core,1,0x9dec020f844b316b3c0dbeb433c0f25a8aba7b55,EOA,wallet,,no,,235.62,209185,no,,,no label; no vault counterparty in latest ERC-20 transfers (Ethereum) or registry match
lending split,compound-v3,1,0x6b0a6e1977c1aae5f3e9191ce15a05c62c6b3fd9,EOA,wallet,,no,,235.6,342553,no,,,no label; no vault counterparty in latest ERC-20 transfers (Ethereum) or registry match
lending split,aave-core,1,0x5a3c1249d03488f53bbc30b5a833a390372095ae,EOA,wallet,,no,,235.24,34740,no,,,unitimespace.eth
lending split,aave-core,1,0xf29f42319048198b06c653ff8e52c9f77f529a43,EOA,wallet,,no,,235.13,214393,no,,,no label; no vault counterparty in latest ERC-20 transfers (Ethereum) or registry match
lending split,spark,1,0x2c06f8a915b30414084a535bc79f0931353af494,DSProxy,personal,,no,,234.78,276348,no,,,per-user smart account
lending split,aave-v4,1,0xe7ce11f4b1cfd8e607b0ca64823ad645f260badc@0x94e7a5dc,EOA,wallet,,no,,234.68,166049,no,,,roblenoble.eth
lending split,aave-core,1,0x047cb8c3d51072ab80dbb4574fb7903aac08e5ff,EIP-7702,wallet,,no,,234.58,268694,no,,,no label; no vault counterparty in latest ERC-20 transfers (Ethereum) or registry match
lending split,aave-core,1,0x43706c6bf1c701aff32cd866069d9cf6ae32ade8,Summer.fi DPM,personal,,no,,234.57,221923,no,,,per-user smart account
lending split,aave-core,1,0x9d4ce858c22726d409743cd0976b1488e94cf83e,EOA,wallet,,no,,234.42,251015,no,,,no label; no vault counterparty in latest ERC-20 transfers (Ethereum) or registry match
lending split,aave-core,1,0xbb513604dae2fe379ee25126d82a5296b04160a8,EOA,wallet,,no,,234.05,240293,no,,,no label; no vault counterparty in latest ERC-20 transfers (Ethereum) or registry match
lending split,aave-core,1,0x53e39c866eec5a5bcae529d485cc38014a639974,EOA,wallet,,no,,233.89,160837,no,,,no label; no vault counterparty in latest ERC-20 transfers (Ethereum) or registry match
lending split,aave-core,1,0x801bfbc01cc1006a034a049f6841c2a25eb56e25,Safe 2-of-2,wallet,,no,,233.72,298968,no,,,no label; no vault counterparty in latest ERC-20 transfers (Ethereum) or registry match
lending split,aave-v4,1,0x4fa72e38da676c072cb7be409150b965e653791f@0x973a023a,EOA,wallet,,no,,233.68,227241,no,,,no label; no vault counterparty in latest ERC-20 transfers (Ethereum) or registry match
lending split,aave-core,1,0xac4eba4667eeddb8ec0cf2db062168c4cc07597f,EOA,wallet,,no,,233.5,276636,no,,,ethrake.eth
lending split,aave-core,1,0xc6bcfff833946047d3aa642aba6fd636992ff6a4,Summer.fi DPM,personal,,no,,233.46,12477,no,,,per-user smart account
lending split,spark,1,0x645c7eda69cc5a76d93003a5faf0f16d95ee331c,EOA,wallet,,no,,232.89,322228,no,,,no label; no vault counterparty in latest ERC-20 transfers (Ethereum) or registry match
lending split,morpho,1,0x712a81b587abcaa64ea8ff2f0201f2379bf120e7,EOA,wallet,,no,,232.56,300360,no,,,no label; no vault counterparty in latest ERC-20 transfers (Ethereum) or registry match
venue sweep: curve,Curve LlamaLend wstETH/crvUSD,1,0xcb392a0b3420c051a68e33ea2c67504a9d571890,EOA,wallet,,no,,232.35,236925,no,,,no label; no vault counterparty in latest ERC-20 transfers (Ethereum) or registry match
lending split,aave-core,1,0xe878367b532daa32191c24ab67ed026ced03fad9,EOA,wallet,,no,,232.24,192904,no,,,no label; no vault counterparty in latest ERC-20 transfers (Ethereum) or registry match
lending split,aave-core,1,0xe096d51e5b2b2978a622c4233728dacea0c4284f,EIP-7702,wallet,,no,,232.13,200625,no,,,no label; no vault counterparty in latest ERC-20 transfers (Ethereum) or registry match
lending split,aave-core,1,0xa071012bf3279eff2ce6e393e07c0ef196b73969,EOA,wallet,,no,,232.12,269399,no,,,kichikae.eth
venue sweep: aave_aave-avalanche,aave-avalanche,43114,0x780ad0cfd2292ced8eb44ba4a0ea2f70b4551c8b,EOA,wallet,,no,,231.95,219870,no,,,no label; no vault counterparty in latest ERC-20 transfers (Ethereum) or registry match
lending split,aave-core,1,0x684052ef7741d39522670aa6be1c230213235b0a,EOA,wallet,,no,,231.83,277096,no,,,no label; no vault counterparty in latest ERC-20 transfers (Ethereum) or registry match
lending split,fluid,1,0xf2afbe0291902b893d90a2d82c9f4d2a83672039,EOA,wallet,,no,,231.67,214235,no,,,no label; no vault counterparty in latest ERC-20 transfers (Ethereum) or registry match
lending split,aave-core,1,0xc3836dc50baa9158f751142503ce6be438b359fd,EOA,wallet,,no,,231.59,218210,no,,,no label; no vault counterparty in latest ERC-20 transfers (Ethereum) or registry match
lending split,aave-core,1,0x92985e3fca42c7619464ca00d1824189f6078a84,EOA,wallet,,no,,231.54,164700,no,,,no label; no vault counterparty in latest ERC-20 transfers (Ethereum) or registry match
lending split,aave-core,1,0x2ab5efca3806a86ff9d0f448fd18d87ab850c591,EOA,wallet,,no,,231.45,73859,no,,,no label; no vault counterparty in latest ERC-20 transfers (Ethereum) or registry match
lending split,aave-core,1,0xd24bb245843d24fa47e73a6edd38bc7beddaf5c7,EIP-7702,wallet,,no,,231.42,231914,no,,,no label; no vault counterparty in latest ERC-20 transfers (Ethereum) or registry match
lending split,compound-v3,1,0x4fbe48ff25b3c43946524e4896edddfacab592d9,EOA,wallet,,no,,231.04,178831,no,,,no label; no vault counterparty in latest ERC-20 transfers (Ethereum) or registry match
lending split,aave-core,1,0x738671901affbc417fa370cf936e461bb5315bd0,EOA,wallet,,no,,231.03,193296,no,,,fuzzbox.eth
lending split,morpho,1,0xff79e57c48549ae4f6e0a6b3a687a6038921dbc9,EOA,wallet,,no,,231.0,340110,no,,,no label; no vault counterparty in latest ERC-20 transfers (Ethereum) or registry match
lending split,aave-v4,1,0x362627a677a0a82261bfc3cc6c2df30f032c29c0@0x94e7a5dc,EOA,wallet,,no,,230.83,301172,no,,,no label; no vault counterparty in latest ERC-20 transfers (Ethereum) or registry match
lending split,spark,1,0xee9ca24fb62bfc021e1a46e09e1c1cbecd3341b5,EOA,wallet,,no,,230.41,444102,no,,,poinsettia.eth
lending split,aave-core,1,0xae49fc11cc6e36353bbfa9d554817b0aeab1b91e,EOA,wallet,,no,,230.32,458453,no,,,no label; no vault counterparty in latest ERC-20 transfers (Ethereum) or registry match
lending split,aave-core,1,0x6e8d5c34ccbead767b53dfb7dd9ed6f3f6aa7fd9,Summer.fi DPM,personal,,no,,230.23,254535,no,,,per-user smart account
lending split,aave-core,1,0xb5cf991b86130a6f1d231a23d888dc658b367710,EOA,wallet,,no,,230.15,474300,no,,,no label; no vault counterparty in latest ERC-20 transfers (Ethereum) or registry match
lending split,aave-core,1,0x1edf473d3a581ff43b7b919c16e1a3c3ef678c6a,EOA,wallet,,no,,229.55,257400,no,,,no label; no vault counterparty in latest ERC-20 transfers (Ethereum) or registry match
lending split,aave-v4,1,0x5c23f4d5b725c6ff4daac0f8e2cb05862c93be25@0x94e7a5dc,EOA,wallet,,no,,229.24,178915,no,,,no label; no vault counterparty in latest ERC-20 transfers (Ethereum) or registry match
lending split,aave-core,1,0xa0eac5d90be5e6346b22895a207d49fbe9711447,EOA,wallet,,no,,228.75,176306,no,,,jmac.eth
venue sweep: aave_aave-linea,aave-linea,59144,0xf1191087866306deda81b210d412e81b7e677ef9,EOA,wallet,,no,,228.68,6,no,,,no label; no vault counterparty in latest ERC-20 transfers (Ethereum) or registry match
lending split,aave-core,1,0x67e2fc02c1309e97e358ae62e228db55ba49c6ca,EOA,wallet,,no,,228.63,236039,no,,,no label; no vault counterparty in latest ERC-20 transfers (Ethereum) or registry match
venue sweep: fluid_8453,fluid,8453,0xa9c2445400c10cc56a42a1aca8d5c6c6151bdc7c,EOA,wallet,,no,,228.62,229547,no,,,no label; no vault counterparty in latest ERC-20 transfers (Ethereum) or registry match
lending split,aave-core,1,0xe65c2be6254731e93368cc071a2420b0c961451b,EIP-7702,wallet,,no,,228.25,105696,no,,,no label; no vault counterparty in latest ERC-20 transfers (Ethereum) or registry match
lending split,aave-base,8453,0x3f60ba9b41981ee0b07e66fa71dbfea36c670ee1,EOA,wallet,,no,,228.2,284447,no,,,Base Account
lending split,aave-base,8453,0x42eb9b33d313a121a7a468d21b3e45d1686d71c8,EOA,wallet,,no,,228.16,323435,no,,,Base Account
lending split,aave-core,1,0x5250265a80f95a161f5ed0f93f119bcc17d23149,EOA,wallet,,no,,228.14,99854,no,,,no label; no vault counterparty in latest ERC-20 transfers (Ethereum) or registry match
lending split,aave-core,1,0x49c73c9d361c04769a452e85d343b41ac38e0ee4,EOA,wallet,,no,,227.4,235425,no,,,no label; no vault counterparty in latest ERC-20 transfers (Ethereum) or registry match
lending split,aave-base,8453,0x6e12efe0aecff482ea3915bf4a722f89529c4d0f,EIP-7702,wallet,,no,,227.31,285782,no,,,Base Account
lending split,aave-core,1,0x24822da720386256997bf643c9c675e3c902e4af,Coinbase Smart Wallet,personal,,no,,226.66,231773,no,,,per-user smart account
venue sweep: curve,Curve crvUSD mint WETH/crvUSD,1,0x510b2d8e30e8c79247c51e04d5be8bf7262f9938,EOA,wallet,,no,,226.61,228312,no,,,no label; no vault counterparty in latest ERC-20 transfers (Ethereum) or registry match
lending split,aave-core,1,0x1521ec07effc9a5b626d5222735f67a9956fe04f,EOA,wallet,,no,,226.2,20785,no,,,no label; no vault counterparty in latest ERC-20 transfers (Ethereum) or registry match
lending split,aave-core,1,0xdd9bf0a45452a4f22cfd2c963c15b191d97ce106,EOA,wallet,,no,,225.98,159954,no,,,no label; no vault counterparty in latest ERC-20 transfers (Ethereum) or registry match
lending split,morpho,8453,0x9561344504217bacfd826cf10e32f34437e4a466,Coinbase Smart Wallet,personal,,no,,225.8,332458,no,,,per-user smart account
lending split,aave-core,1,0xbf0290c90ec042f9d116458542f04f1c6e1dcb6c,EOA,wallet,,no,,225.79,208009,no,,,no label; no vault counterparty in latest ERC-20 transfers (Ethereum) or registry match
lending split,aave-core,1,0x5d2864dce79fb4be9b54bafa6f04ba1b076f54c3,EOA,wallet,,no,,225.59,265870,no,,,no label; no vault counterparty in latest ERC-20 transfers (Ethereum) or registry match
venue sweep: curve,Curve crvUSD mint WETH/crvUSD,1,0xf49b0201b65a00a2c30397e8a51753b5367050f0,EOA,wallet,,no,,225.5,199545,no,,,no label; no vault counterparty in latest ERC-20 transfers (Ethereum) or registry match
lending split,aave-core,1,0x6b4547281e3093b2fe8de17bae95e3e4c0182dae,EOA,wallet,,no,,225.47,270187,no,,,no label; no vault counterparty in latest ERC-20 transfers (Ethereum) or registry match
lending split,aave-core,1,0xeddee8f956d0a2baee774c8a339611302af9a924,Safe 1-of-1,wallet,,no,,225.16,290426,no,,,no label; no vault counterparty in latest ERC-20 transfers (Ethereum) or registry match
lending split,aave-base,8453,0x630aa07a3a0be3196779c95afae9d4be6104d743,EOA,wallet,,no,,224.98,261045,no,,,Base Account
lending split,aave-core,1,0x986f465cf2c26feeb0351fa19a8bb6206c3a232b,EOA,wallet,,no,,224.79,161000,no,,,no label; no vault counterparty in latest ERC-20 transfers (Ethereum) or registry match
lending split,aave-core,1,0x65c748e146d83c189d9af9eb0e98a657898633da,EOA,wallet,,no,,224.48,242283,no,,,Fee Recipient: 0x65c7...3da
lending split,aave-core,1,0xee79285718bda39a4c3e30c988e6890c5508d694,EOA,wallet,,no,,224.01,151918,no,,,no label; no vault counterparty in latest ERC-20 transfers (Ethereum) or registry match
lending split,spark,1,0x153d9dd730083e53615610a0d2f6f95ab5a0bc01,Safe 3-of-7,wallet,,no,,224.0,284094,no,,,no label; no vault counterparty in latest ERC-20 transfers (Ethereum) or registry match
lending split,aave-core,1,0xc07a26def1c1b0cf836b8759ad32521df76c22be,EOA,wallet,,no,,223.88,140996,no,,,no label; no vault counterparty in latest ERC-20 transfers (Ethereum) or registry match
lending split,aave-core,1,0xc5d12014d51e664b0bb5259f6046b89217dfbbcd,EOA,wallet,,no,,223.77,101145,no,,,no label; no vault counterparty in latest ERC-20 transfers (Ethereum) or registry match
lending split,aave-core,1,0x056590f16d5b314a132bbcfb1283fec5d5c6e670,EOA,wallet,,no,,223.44,172034,no,,,dyd.eth
lending split,aave-base,8453,0x3d45b4b618f930c1b14a25166725b1bfbc45bef2,EOA,wallet,,no,,223.29,120419,no,,,Base Account
lending split,aave-core,1,0x55e3da6c15cd9fb55c05a3718d1340cb8182f8c9,EOA,wallet,,no,,223.13,90283,no,,,no label; no vault counterparty in latest ERC-20 transfers (Ethereum) or registry match
lending split,fluid,1,0x0594eed4247745248ad46812c7ff84c5a61cc20e,EOA,wallet,,no,,223.02,313294,no,,,no label; no vault counterparty in latest ERC-20 transfers (Ethereum) or registry match
lending split,aave-core,1,0xe1076ff8b7d61b2084054c238860ec7aa9a9f9b3,EOA,wallet,,no,,222.9,228020,no,,,no label; no vault counterparty in latest ERC-20 transfers (Ethereum) or registry match
lending split,aave-core,1,0x77299cf68685b96a529d392c7d8edfc94cbdcc15,EOA,wallet,,no,,222.36,151974,no,,,no label; no vault counterparty in latest ERC-20 transfers (Ethereum) or registry match
venue sweep: curve,Curve LlamaLend wstETH/crvUSD,1,0xacf19e0cb91017e74c5b788110e0b203736235fe,EOA,wallet,,no,,222.19,379290,no,,,no label; no vault counterparty in latest ERC-20 transfers (Ethereum) or registry match
lending split,aave-core,1,0xe9177c5204f633a562747010788903747a858dcd,EOA,wallet,,no,,221.97,182339,no,,,no label; no vault counterparty in latest ERC-20 transfers (Ethereum) or registry match
lending split,morpho,8453,0x95a8832de2655c94bc2e2b0ae850d0d1daa6bf7b,Coinbase Smart Wallet,personal,,no,,221.78,182304,no,,,per-user smart account
venue sweep: maker,Sky/Maker ETH-A,1,0xc3411fb97f71b86983c6d19cf42a1b8476820603,DSProxy,personal,,no,,221.68,311100,no,,,per-user smart account
lending split,spark,1,0x6aa20ad7d0c9ce87f73bbcbb2e5053e509325357,Safe 2-of-4,wallet,,no,,221.62,208558,no,,,no label; no vault counterparty in latest ERC-20 transfers (Ethereum) or registry match
lending split,aave-prime,1,0xb2c64c8b4834274b1508d2dec3decfeaa2be8007,EOA,wallet,,no,,221.02,196915,no,,,no label; no vault counterparty in latest ERC-20 transfers (Ethereum) or registry match
lending split,aave-core,1,0x9a12a93a9576729c7fc2c695776d648acf9298d7,EOA,wallet,,no,,220.99,178432,no,,,plsdonthackme.eth
lending split,morpho,1,0x12bc3378994d0fabd0cc37199c3d9027ce751711,EOA,wallet,,no,,220.98,300439,no,,,no label; no vault counterparty in latest ERC-20 transfers (Ethereum) or registry match
lending split,aave-core,1,0x30462594b784ca284541cf0330c98c2fc74afca9,EOA,wallet,,no,,220.94,190255,no,,,no label; no vault counterparty in latest ERC-20 transfers (Ethereum) or registry match
lending split,compound-v3,1,0xae6c9fa02e9e906d664f0c53d1f1392759707552,EOA,wallet,,no,,220.88,329091,no,,,no label; no vault counterparty in latest ERC-20 transfers (Ethereum) or registry match
lending split,aave-core,1,0xbc5499cdd78eef2391b41e4af71c0311186f2ff8,EIP-7702,wallet,,no,,220.82,158460,no,,,no label; no vault counterparty in latest ERC-20 transfers (Ethereum) or registry match
lending split,aave-base,8453,0x86e27c7c65deeb1e94ff4ee25144e0057833471e,EIP-7702,wallet,,no,,220.49,244668,no,,,Base Account
lending split,morpho,1,0xa4b93d80ceeaf2960927bb719092a1529979ac93,Safe 2-of-4,wallet,,no,,220.2,254318,no,,,no label; no vault counterparty in latest ERC-20 transfers (Ethereum) or registry match
lending split,spark,1,0x3c865e9d6a61cebe66f344bb47666a7aef655ead,Safe 2-of-3,wallet,,no,,220.04,97804,no,,,no label; no vault counterparty in latest ERC-20 transfers (Ethereum) or registry match
venue sweep: liquity,Liquity v1 (LUSD) ETH/LUSD,1,0x0f2b381c99b48914cab5efbeef38fccc3ccd894a,Safe,wallet,,no,,220.0,72636,no,,,no label; no vault counterparty in latest ERC-20 transfers (Ethereum) or registry match
lending split,aave-v4,1,0xa87cb885ee667466c9551deb4fbca0f0598b2fb4@0x973a023a,EOA,wallet,,no,,218.92,96410,no,,,no label; no vault counterparty in latest ERC-20 transfers (Ethereum) or registry match
lending split,aave-core,1,0x0ece0b16103922a4288f17832b83b3bfcdfb64f8,EOA,wallet,,no,,218.69,376694,no,,,no label; no vault counterparty in latest ERC-20 transfers (Ethereum) or registry match
lending split,morpho,8453,0xa0df760039ba1780b6a3fbc81e285471f29545f9,Coinbase Smart Wallet,personal,,no,,218.64,262613,no,,,per-user smart account
lending split,morpho,1,0xb2987147a93afb3ac2e49727a3f49e663bf95273,EOA,wallet,,no,,218.47,272799,no,,,no label; no vault counterparty in latest ERC-20 transfers (Ethereum) or registry match
lending split,aave-core,1,0xb468337ce2315f803be497c6628a5ee4fc99fd6b,EOA,wallet,,no,,218.31,166702,no,,,no label; no vault counterparty in latest ERC-20 transfers (Ethereum) or registry match
lending split,aave-arbitrum,42161,0x830af12473584b24543de9395274f8b52faf45b9,EOA,wallet,,no,,218.28,122106,no,,,no label; no vault counterparty in latest ERC-20 transfers (Ethereum) or registry match
lending split,aave-core,1,0xd38b839b70f607b7147c1190e4ec15cd32b06c3e,Safe 3-of-6,wallet,,no,,217.82,184438,no,,,no label; no vault counterparty in latest ERC-20 transfers (Ethereum) or registry match
lending split,aave-core,1,0xc596fd6626ae02bb326b2d62f55023328a8d9eb8,EOA,wallet,,no,,217.79,86373,no,,,no label; no vault counterparty in latest ERC-20 transfers (Ethereum) or registry match
lending split,aave-core,1,0x41be195f7b90441ffc82380bbd1fd688eb37282c,EOA,wallet,,no,,217.7,251282,no,,,no label; no vault counterparty in latest ERC-20 transfers (Ethereum) or registry match
lending split,aave-core,1,0x67ab6effacfe54281909475c5a9f3038e41bab8c,EOA,wallet,,no,,217.53,213451,no,,,no label; no vault counterparty in latest ERC-20 transfers (Ethereum) or registry match
lending split,aave-core,1,0xfe7a590b782e95611445b6f3ca32ba5728dc68bf,EIP-7702,wallet,,no,,217.36,428246,no,,,no label; no vault counterparty in latest ERC-20 transfers (Ethereum) or registry match
lending split,compound-v3,1,0x95fc69768415ecee03a1c5cf59455315d658f7e9,EOA,wallet,,no,,216.97,767548,no,,,no label; no vault counterparty in latest ERC-20 transfers (Ethereum) or registry match
lending split,aave-core,1,0xb82a420d9214044e35cdc376febeb6975faea60f,EOA,wallet,,no,,216.55,231162,no,,,no label; no vault counterparty in latest ERC-20 transfers (Ethereum) or registry match
lending split,aave-core,1,0xb03ebe3cb0c824093ddc60f02ccc0eb08ffcb2f7,EOA,wallet,,no,,216.46,164231,no,,,no label; no vault counterparty in latest ERC-20 transfers (Ethereum) or registry match
lending split,aave-core,1,0x82a02b70d54d393f4778cdea09220f1bfbf5d308,EOA,wallet,,no,,216.35,172164,no,,,no label; no vault counterparty in latest ERC-20 transfers (Ethereum) or registry match
lending split,aave-v4,1,0xe9b31f8daab3d2855cba7327a4a94b2fcbd594c1@0x94e7a5dc,EOA,wallet,,no,,216.34,70362,no,,,yieldenjoyer.eth
lending split,aave-core,1,0x8daf9a6c784dc623179577804b0753b436288bde,EOA,wallet,,no,,216.02,143754,no,,,no label; no vault counterparty in latest ERC-20 transfers (Ethereum) or registry match
lending split,aave-core,1,0xa32013ada2d92fa695b33ea03a58a1b5ed260f51,EOA,wallet,,no,,215.88,185930,no,,,no label; no vault counterparty in latest ERC-20 transfers (Ethereum) or registry match
lending split,aave-core,1,0xade64580fa1805b71426c7583b3778f3f5f677ab,EOA,wallet,,no,,215.78,234590,no,,,no label; no vault counterparty in latest ERC-20 transfers (Ethereum) or registry match
lending split,aave-core,1,0x5b340a91deccf7983b4d952e0810c18f0d5842c7,EOA,wallet,,no,,215.73,183036,no,,,no label; no vault counterparty in latest ERC-20 transfers (Ethereum) or registry match
lending split,aave-v4,1,0x99858c5f2668a972419a4c6be3870f988cdc25ed@0x94e7a5dc,EOA,wallet,,no,,215.47,255728,no,,,no label; no vault counterparty in latest ERC-20 transfers (Ethereum) or registry match
lending split,aave-core,1,0x3f3b9b0f14def5817a61437ccb25ccbbd4853ffd,EOA,wallet,,no,,215.32,177026,no,,,j3f3.eth
lending split,morpho,8453,0x9d0212defdcc94522d47b81612ea594c476dcb4e,Coinbase Smart Wallet,personal,,no,,215.27,187082,no,,,per-user smart account
lending split,aave-core,1,0x6b040f5f255c02323e9d6873f7276969b396c4e9,Instadapp DSA,personal,,no,,215.26,356613,no,,,per-user smart account
lending split,morpho,8453,0xf71229098d1ff50d754091980fc90461367221cd,Coinbase Smart Wallet,personal,,no,,215.21,433796,no,,,per-user smart account
lending split,aave-core,1,0x6b1ee972687d0358b46d5b37ecbe4ee5b69a2ab8,EOA,wallet,,no,,214.99,131577,no,,,no label; no vault counterparty in latest ERC-20 transfers (Ethereum) or registry match
lending split,aave-core,1,0x901ec7c93443d9248810b19ab638a9c15a2b5141,EOA,wallet,,no,,214.98,98543,no,,,no label; no vault counterparty in latest ERC-20 transfers (Ethereum) or registry match
lending split,morpho,8453,0x33b5a89294e778d14e8ce4b0828889b6b81b6488,Coinbase Smart Wallet,personal,,no,,214.3,463279,no,,,per-user smart account
lending split,aave-core,1,0x9f11ae0a6a3fab0a3837c4ce7dfa36ae8b745e0f,EOA,wallet,,no,,214.24,316997,no,,,no label; no vault counterparty in latest ERC-20 transfers (Ethereum) or registry match
lending split,aave-core,1,0x58a57bae4720d2d2d6e2c1a4423a3b090cb0a1e5,EOA,wallet,,no,,213.4,300410,no,,,no label; no vault counterparty in latest ERC-20 transfers (Ethereum) or registry match
lending split,aave-core,1,0x9b1c0a061efa8e07b7a120d78fd800e9ee11167d,EOA,wallet,,no,,213.33,161323,no,,,no label; no vault counterparty in latest ERC-20 transfers (Ethereum) or registry match
lending split,aave-core,1,0xab55a610cf5108068f0671a1d73a4508c3b94817,EOA,wallet,,no,,213.24,197734,no,,,no label; no vault counterparty in latest ERC-20 transfers (Ethereum) or registry match
lending split,aave-core,1,0xde7fb38b8c3bc3225d0cf077888f114f5667eea5,EOA,wallet,,no,,213.2,300410,no,,,no label; no vault counterparty in latest ERC-20 transfers (Ethereum) or registry match
lending split,aave-core,1,0x58e50d00a473e6f1fe10d3e3084034f2e04a5b34,EIP-7702,wallet,,no,,213.11,261843,no,,,no label; no vault counterparty in latest ERC-20 transfers (Ethereum) or registry match
lending split,aave-core,1,0x563550baa370ec769a4d5951661e4434a8f3ea54,Summer.fi DPM,personal,,no,,213.05,229459,no,,,per-user smart account
lending split,fluid,1,0x9a28dd94adf2c59a8893daa7ccf4eb715f8d95d2,EIP-7702,wallet,,no,,212.89,205127,no,,,no label; no vault counterparty in latest ERC-20 transfers (Ethereum) or registry match
lending split,spark,1,0x6427fc587266813b6993ae4c8de672640cb3b43f,EOA,wallet,,no,,212.64,246742,no,,,no label; no vault counterparty in latest ERC-20 transfers (Ethereum) or registry match
lending split,aave-core,1,0x70a73604b3b23387cb72ebc1c545ef55303988ff,EOA,wallet,,no,,212.54,314970,no,,,no label; no vault counterparty in latest ERC-20 transfers (Ethereum) or registry match
lending split,aave-core,1,0x807af2539414fc50e111bf625d6e34aa8c007e38,EOA,wallet,,no,,212.11,152504,no,,,no label; no vault counterparty in latest ERC-20 transfers (Ethereum) or registry match
lending split,morpho,8453,0xf8f4b20f0bf125aa7190c2cb5cc5b37a1ebe551c,Coinbase Smart Wallet,personal,,no,,212.11,258201,no,,,per-user smart account
lending split,morpho,8453,0x4054f2af6a04e0d4d48175e306bbddca625a4a0c,Coinbase Smart Wallet,personal,,no,,211.73,277932,no,,,per-user smart account
lending split,aave-core,1,0x55b9c411254dd31cec0d33c3cc81e61fdd7b049b,EOA,wallet,,no,,211.6,4465,no,,,no label; no vault counterparty in latest ERC-20 transfers (Ethereum) or registry match
lending split,spark,1,0xd2f132930ea3c58a389c6ad3a91ef104f95fe697,EOA,wallet,,no,,211.41,139626,no,,,no label; no vault counterparty in latest ERC-20 transfers (Ethereum) or registry match
lending split,spark,1,0x0bb2a39bf84f8f857c1ed4029c0206705ddfadef,EOA,wallet,,no,,211.16,70316,no,,,no label; no vault counterparty in latest ERC-20 transfers (Ethereum) or registry match
lending split,aave-core,1,0x81727ff7eb3217dc6ea8d6cbc7b24d88ff56ea24,EOA,wallet,,no,,211.13,158880,no,,,no label; no vault counterparty in latest ERC-20 transfers (Ethereum) or registry match
lending split,aave-core,1,0x300f5c34a2b197b24131173ca7c677c1662f04f9,EOA,wallet,,no,,211.0,276689,no,,,no label; no vault counterparty in latest ERC-20 transfers (Ethereum) or registry match
lending split,aave-core,1,0xd45b1c4cf71753cdca1fbdc8cb1b20f4c25facf7,EOA,wallet,,no,,210.96,80981,no,,,no label; no vault counterparty in latest ERC-20 transfers (Ethereum) or registry match
lending split,aave-core,1,0x2b8eb3ea83be534f1a3783552152f73c6e0c031f,EOA,wallet,,no,,210.84,363276,no,,,no label; no vault counterparty in latest ERC-20 transfers (Ethereum) or registry match
venue sweep: maker,Sky/Maker WSTETH-A,1,0x27acd464e08a70a8422ae06798b11181a0853ed3,DSProxy,personal,,no,,210.59,305648,no,,,per-user smart account
venue sweep: maker,Sky/Maker ETH-A,1,0x966ed92dbba2c50b2c047b6139098384eca2fafb,DSProxy,personal,,no,,210.41,266778,no,,,per-user smart account
lending split,aave-core,1,0x63fedfa44b742d43c430f416db596d7bec8ed0b8,EOA,wallet,,no,,210.18,288780,no,,,no label; no vault counterparty in latest ERC-20 transfers (Ethereum) or registry match
lending split,morpho,1,0x761ea362975873473426b721ddeeb9d040f1e119,EOA,wallet,,no,,210.15,186298,no,,,no label; no vault counterparty in latest ERC-20 transfers (Ethereum) or registry match
lending split,aave-core,1,0x0052e9288d71e317b6b850ba16fd9d2e6ba2c26c,EOA,wallet,,no,,210.12,215368,no,,,no label; no vault counterparty in latest ERC-20 transfers (Ethereum) or registry match
lending split,morpho,8453,0xce01d4d15b41a8d86a5116c5008ed4997ee8528f,Coinbase Smart Wallet,personal,,no,,210.05,245983,no,,,per-user smart account
lending split,aave-base,8453,0x80bd7096fec7ef8df9735a9370a94f132e1f12b5,Summer.fi DPM,personal,,no,,209.97,166536,no,,,per-user smart account
lending split,aave-core,1,0xb2917ffcfb1dbf5dcc7ceba15e0ee76d331e9fc8,EOA,wallet,,no,,209.67,177226,no,,,no label; no vault counterparty in latest ERC-20 transfers (Ethereum) or registry match
lending split,aave-core,1,0x66aab2fef76fb92fa7d19dc28fa319aeb71d72d4,EOA,wallet,,no,,209.16,256018,no,,,no label; no vault counterparty in latest ERC-20 transfers (Ethereum) or registry match
lending split,spark,1,0x53c055807ec34c6345f867a5c1fd8cc72fb67b01,EOA,wallet,,no,,209.08,236884,no,,,no label; no vault counterparty in latest ERC-20 transfers (Ethereum) or registry match
lending split,spark,1,0x017b5e11411f0367e532228662486daf4e824c3f,EOA,wallet,,no,,208.94,143515,no,,,no label; no vault counterparty in latest ERC-20 transfers (Ethereum) or registry match
lending split,aave-arbitrum,42161,0x70403b04e40994cf812a0a7b4ac55d2b4f68cde3,EIP-7702,wallet,,no,,208.92,172545,no,,,no label; no vault counterparty in latest ERC-20 transfers (Ethereum) or registry match
lending split,aave-core,1,0x306e71f91d72109aa70efc773be69446f9de8b94,EOA,wallet,,no,,208.81,157000,no,,,no label; no vault counterparty in latest ERC-20 transfers (Ethereum) or registry match
lending split,aave-core,1,0x7ac87df0511fd7903f0926ab1406b96a04f60124,EOA,wallet,,no,,208.81,220810,no,,,no label; no vault counterparty in latest ERC-20 transfers (Ethereum) or registry match
venue sweep: liquity,Liquity v1 (LUSD) ETH/LUSD,1,0x654239b299759a7d0b364c27943de9087067bd71,DSProxy,personal,,no,,208.58,86465,no,,,per-user smart account
lending split,aave-core,1,0x87232754792465d93e18f2f9199212243c665ab7,EOA,wallet,,no,,208.5,389419,no,,,no label; no vault counterparty in latest ERC-20 transfers (Ethereum) or registry match
venue sweep: curve,Curve crvUSD mint wstETH/crvUSD,1,0x9bca4b4fa5c76a0c6cb19ee8c41b24755c9c83ab,EOA,wallet,,no,,208.49,191436,no,,,no label; no vault counterparty in latest ERC-20 transfers (Ethereum) or registry match
lending split,spark,1,0x328e348f8397f99254edc81a5fdefb7d70a0787b,EOA,wallet,,no,,208.32,320756,no,,,no label; no vault counterparty in latest ERC-20 transfers (Ethereum) or registry match
lending split,aave-prime,1,0x4f6872a24ff019550048668094da427dcd49723a,EOA,wallet,,no,,208.01,300803,no,,,no label; no vault counterparty in latest ERC-20 transfers (Ethereum) or registry match
lending split,spark,1,0x77265be7cfb120deab6e94f6d0db69bd0d79dd4f,EOA,wallet,,no,,207.75,170054,no,,,no label; no vault counterparty in latest ERC-20 transfers (Ethereum) or registry match
lending split,aave-core,1,0x3471e969a2e2013233c07710dc4beb84608906ea,EOA,wallet,,no,,207.24,165059,no,,,no label; no vault counterparty in latest ERC-20 transfers (Ethereum) or registry match
lending split,aave-core,1,0xb63e8a8d04999500a97470769d10c4395789836d,EOA,wallet,,no,,207.1,417614,no,,,Blocksquare: Deployer 1
lending split,aave-core,1,0xb371918c703e240f677fc86e98b45f7c66b2f853,EOA,wallet,,no,,207.1,88505,no,,,no label; no vault counterparty in latest ERC-20 transfers (Ethereum) or registry match
lending split,aave-core,1,0xe0189c1071d7ee4eef73283df36fee4c886f96d9,EOA,wallet,,no,,206.95,217507,no,,,no label; no vault counterparty in latest ERC-20 transfers (Ethereum) or registry match
lending split,aave-core,1,0xd277f35e85532494266ebb74e9c2ac6a6b7a4e4d,EOA,wallet,,no,,206.89,197105,no,,,no label; no vault counterparty in latest ERC-20 transfers (Ethereum) or registry match
lending split,compound-v3,1,0x629fd031ac599e7b59f9e2827a5ef43b007d321c,EIP-7702,wallet,,no,,206.39,503827,no,,,no label; no vault counterparty in latest ERC-20 transfers (Ethereum) or registry match
venue sweep: liquity,Liquity v1 (LUSD) ETH/LUSD,1,0xddf3679cf581bc66f491b01ab6742310aedb1a1c,EOA,wallet,,no,,206.29,13299,no,,,no label; no vault counterparty in latest ERC-20 transfers (Ethereum) or registry match
lending split,aave-core,1,0x1b8d42f0451bc9077e58b1681abd874f174f376c,EOA,wallet,,no,,206.19,80460,no,,,no label; no vault counterparty in latest ERC-20 transfers (Ethereum) or registry match
lending split,aave-arbitrum,42161,0x9ef4e7fb3c696e512349e44a715ab9ae10dfb754,EOA,wallet,,no,,206.16,325282,no,,,no label; no vault counterparty in latest ERC-20 transfers (Ethereum) or registry match
lending split,aave-core,1,0x16aa9154557f1394089db90d3cbe212d9a7f33bb,EOA,wallet,,no,,206.05,171000,no,,,no label; no vault counterparty in latest ERC-20 transfers (Ethereum) or registry match
lending split,compound-v3,42161,0x94d02e5e5e0aae399255aa1972472ec6c7ff8da3,EOA,wallet,,no,,205.89,323383,no,,,no label; no vault counterparty in latest ERC-20 transfers (Ethereum) or registry match
lending split,aave-core,1,0x76d7756009049687b4bf30ad11f31544a9e95326,EOA,wallet,,no,,205.8,1,no,,,no label; no vault counterparty in latest ERC-20 transfers (Ethereum) or registry match
lending split,morpho,8453,0x07dcc966db0ed3b4461db91eab4b8f89c4493fea,EOA,wallet,,no,,205.51,149600,no,,,Base Account
lending split,aave-prime,1,0xb95c3358392523b954dd91fd84cacf206be424e3,Safe 1-of-1,wallet,,no,,205.51,285436,no,,,no label; no vault counterparty in latest ERC-20 transfers (Ethereum) or registry match
lending split,aave-core,1,0x0cf7e35e276ce7c7ced261df97da76066e96b566,EOA,wallet,,no,,205.46,203202,no,,,no label; no vault counterparty in latest ERC-20 transfers (Ethereum) or registry match
lending split,spark,1,0xe7a040fe9f01e816db4fbd74ba58a95a172f5dc6,EOA,wallet,,no,,205.35,309206,no,,,no label; no vault counterparty in latest ERC-20 transfers (Ethereum) or registry match
lending split,aave-core,1,0xc087db0c88191e5bd1acc241269b929cee5464be,EOA,wallet,,no,,205.1,74151,no,,,no label; no vault counterparty in latest ERC-20 transfers (Ethereum) or registry match
lending split,morpho,8453,0xb3a66f54739b314923dc2fb6bc2dd01ee93f473a,Coinbase Smart Wallet,personal,,no,,205.03,268962,no,,,per-user smart account
lending split,aave-core,1,0xed1ab35b1d885b561b516dfefbe925b7aa93ad99,EOA,wallet,,no,,205.01,398427,no,,,no label; no vault counterparty in latest ERC-20 transfers (Ethereum) or registry match
lending split,aave-core,1,0x1b11a75f61d13103aa22034345e896b427065f4c,EOA,wallet,,no,,204.79,201702,no,,,no label; no vault counterparty in latest ERC-20 transfers (Ethereum) or registry match
lending split,aave-core,1,0x998d97ae0e7e3e98b3736b0f3f1d376f78d6c4b1,Summer.fi DPM,personal,,no,,204.65,128158,no,,,per-user smart account
lending split,aave-core,1,0x5d5909df5ded1685d9f30a75ec5d9ec50c572dca,EOA,wallet,,no,,204.19,203473,no,,,no label; no vault counterparty in latest ERC-20 transfers (Ethereum) or registry match
lending split,compound-v3,1,0x946802757d0ec3e07dee2b746ccfc297962c7fd8,Safe 2-of-4,wallet,,no,,204.18,202804,no,,,no label; no vault counterparty in latest ERC-20 transfers (Ethereum) or registry match
lending split,aave-core,1,0x52b7fd472de230c961567816a61d07981a0aa8c3,EOA,wallet,,no,,204.03,175898,no,,,no label; no vault counterparty in latest ERC-20 transfers (Ethereum) or registry match
lending split,compound-v3,1,0xcf6ce1174b7ad8b57876b1fc1f2979a63af76aca,EOA,wallet,,no,,204.0,235455,no,,,no label; no vault counterparty in latest ERC-20 transfers (Ethereum) or registry match
lending split,aave-core,1,0x19c1e428679d794658be5b101fe7100942a33e65,EOA,wallet,,no,,203.71,211315,no,,,no label; no vault counterparty in latest ERC-20 transfers (Ethereum) or registry match
lending split,aave-core,1,0x18f798af41ffe81650f6bf32b21f13d85a52fe54,EOA,wallet,,no,,203.69,146677,no,,,no label; no vault counterparty in latest ERC-20 transfers (Ethereum) or registry match
lending split,aave-core,1,0xd01cb6fd4b2487866083724a212d0617f615fbfe,EOA,wallet,,no,,203.66,133733,no,,,no label; no vault counterparty in latest ERC-20 transfers (Ethereum) or registry match
lending split,aave-base,8453,0xca90380c7867040ce5df59a56338c1b95861511f,EOA,wallet,,no,,203.53,242795,no,,,Base Account
venue sweep: liquity,Liquity v2 (BOLD) Liquity v2 (BOLD) branch 0 (WETH/BOLD),1,0x776cab917a593fac3aab7ee47fd5e074dee63146,EOA,wallet,,no,,203.49,270335,no,,,no label; no vault counterparty in latest ERC-20 transfers (Ethereum) or registry match
venue sweep: liquity,Liquity v2 (BOLD) Liquity v2 (BOLD) branch 2 (rETH/BOLD),1,0x8bcda4d2ebaf2d3477bb9aaed0f3c78b9fda6012,Safe,wallet,,no,,203.4,181790,no,,,no label; no vault counterparty in latest ERC-20 transfers (Ethereum) or registry match
lending split,aave-v4,1,0x3f75b6fa2c3c9c3d71f01107b162b545a1c7e8cd@0x94e7a5dc,EOA,wallet,,no,,203.31,200634,no,,,no label; no vault counterparty in latest ERC-20 transfers (Ethereum) or registry match
lending split,aave-core,1,0x56a201b872b50bbdee0021ed4d1bb36359d291ed,EOA,wallet,,no,,203.17,223459,no,,,no label; no vault counterparty in latest ERC-20 transfers (Ethereum) or registry match
lending split,aave-base,8453,0x4b10b88d7d55f6846a150c3bd85eb9fb081709e7,EOA,wallet,,no,,203.14,182765,no,,,Base Account
lending split,aave-core,1,0x59ab3394089ef8827af881ddc43c54e090e5c95c,EOA,wallet,,no,,203.09,202534,no,,,no label; no vault counterparty in latest ERC-20 transfers (Ethereum) or registry match
lending split,aave-core,1,0xd6fb642d550c65e3f8306ced3bfeee1caae0e72b,EOA,wallet,,no,,203.08,156760,no,,,no label; no vault counterparty in latest ERC-20 transfers (Ethereum) or registry match
lending split,fluid,1,0x084313e68cf55b9f3055ecca4b7c19c09a33da1d,EOA,wallet,,no,,203.01,137837,no,,,no label; no vault counterparty in latest ERC-20 transfers (Ethereum) or registry match
lending split,spark,1,0xe861d77364acc1480df419a92987371a6ddfdd4a,EOA,wallet,,no,,202.79,149029,no,,,no label; no vault counterparty in latest ERC-20 transfers (Ethereum) or registry match
lending split,aave-core,1,0xd519d50e6073eabc89d0ec9900aa267060cda977,EOA,wallet,,no,,202.78,159565,no,,,no label; no vault counterparty in latest ERC-20 transfers (Ethereum) or registry match
lending split,morpho,8453,0x5cffe8458e3ff951f55387599d42355b53f9d55b,Coinbase Smart Wallet,personal,,no,,202.59,357197,no,,,per-user smart account
lending split,aave-core,1,0x292d19b68648ee8d5fbd7ede7beb18bd4f7f3ce8,EOA,wallet,,no,,202.32,102108,no,,,no label; no vault counterparty in latest ERC-20 transfers (Ethereum) or registry match
venue sweep: maker,Sky/Maker ETH-B,1,0x1b1746ba462b748939007eedea76fb3c160e2865,DSProxy,personal,,no,,202.31,211066,no,,,per-user smart account
lending split,aave-core,1,0x541900b54770cbae56086539cbaf7de1edd84df2,EOA,wallet,,no,,202.2,196879,no,,,no label; no vault counterparty in latest ERC-20 transfers (Ethereum) or registry match
lending split,aave-core,1,0x8713a0b25fab76c0d30b194ead8dd1545d9ab412,EOA,wallet,,no,,202.11,341,no,,,no label; no vault counterparty in latest ERC-20 transfers (Ethereum) or registry match
lending split,morpho,8453,0xdd909c2bde97c1953dbe178a588495995fc4cc8c,Coinbase Smart Wallet,personal,,no,,201.95,154361,no,,,per-user smart account
lending split,aave-arbitrum,42161,0xfee0073324661fdb7d8f428a3e529f5a544c82d8,EOA,wallet,,no,,201.87,120501,no,,,no label; no vault counterparty in latest ERC-20 transfers (Ethereum) or registry match
lending split,aave-core,1,0xdbc86e3493cd911b9b28d1cf8816e07de53389ec,EOA,wallet,,no,,201.85,152884,no,,,no label; no vault counterparty in latest ERC-20 transfers (Ethereum) or registry match
lending split,aave-core,1,0x65fa7715bc401d18d5d4120dc416e4aa344d6c93,EOA,wallet,,no,,201.58,221972,no,,,no label; no vault counterparty in latest ERC-20 transfers (Ethereum) or registry match
lending split,aave-core,1,0x8c6aa32b1fbf7746d46ef2c18871633f896211e6,EOA,wallet,,no,,201.48,180823,no,,,no label; no vault counterparty in latest ERC-20 transfers (Ethereum) or registry match
lending split,aave-core,1,0x0f7ab165986550a034f60c032ab8d4bc73818e77,EIP-7702,wallet,,no,,201.29,196235,no,,,no label; no vault counterparty in latest ERC-20 transfers (Ethereum) or registry match
lending split,aave-core,1,0xdc5b517a8412fdc0d4e92e86745252a306aee5b6,EOA,wallet,,no,,201.17,131855,no,,,no label; no vault counterparty in latest ERC-20 transfers (Ethereum) or registry match
lending split,aave-prime,1,0x2653636f0d71d906258d3e6975b21c033ab9ffae,EOA,wallet,,no,,200.98,201251,no,,,no label; no vault counterparty in latest ERC-20 transfers (Ethereum) or registry match
lending split,aave-core,1,0x5101a99d940941d6b9722c63fa096f734ab9e882,Coinbase Smart Wallet,personal,,no,,200.9,234409,no,,,per-user smart account
lending split,aave-core,1,0x6b548e3a7ff1b07c465c431134e0abdb8fcd04b0,EOA,wallet,,no,,200.73,142575,no,,,no label; no vault counterparty in latest ERC-20 transfers (Ethereum) or registry match
lending split,aave-v4,1,0x50d1de51b3aae6d5b4ca88b5ec1f09f57107595c@0x94e7a5dc,EOA,wallet,,no,,200.61,273987,no,,,no label; no vault counterparty in latest ERC-20 transfers (Ethereum) or registry match
lending split,aave-core,1,0x84a6a7c0674a3aa03e09c026600cb46181821f07,EOA,wallet,,no,,200.58,215600,no,,,no label; no vault counterparty in latest ERC-20 transfers (Ethereum) or registry match
lending split,aave-core,1,0x0ec166ee21c7666d2557f53013b4f66599cb9b18,EOA,wallet,,no,,200.55,266391,no,,,no label; no vault counterparty in latest ERC-20 transfers (Ethereum) or registry match
lending split,aave-v4,1,0x4f630c9b378509990a2f5cb41d4a82a2d3277ab2@0x94e7a5dc,EOA,wallet,,no,,200.47,91289,no,,,no label; no vault counterparty in latest ERC-20 transfers (Ethereum) or registry match
lending split,aave-v4,1,0xbdfa4f4492dd7b7cf211209c4791af8d52bf5c50@0x973a023a,EOA,wallet,,no,,200.47,129060,no,,,no label; no vault counterparty in latest ERC-20 transfers (Ethereum) or registry match
lending split,aave-core,1,0x85280a0fb0191a947715328af9991dc6c9cf5820,EOA,wallet,,no,,200.38,10036,no,,,no label; no vault counterparty in latest ERC-20 transfers (Ethereum) or registry match
lending split,aave-core,1,0x9c483fa4d84a218940bfa02652fcaf01ee8f44f2,EIP-7702,wallet,,no,,200.32,192371,no,,,no label; no vault counterparty in latest ERC-20 transfers (Ethereum) or registry match
lending split,morpho,8453,0xd162a305effc19af3a5b08a79ca15c53b56604a9,Coinbase Smart Wallet,personal,,no,,200.3,302631,no,,,per-user smart account
lending split,morpho,8453,0xe4131680fdeb578e263254d30bad261a9e0da33f,Coinbase Smart Wallet,personal,,no,,200.28,274101,no,,,per-user smart account
lending split,aave-core,1,0x1213f27ba2441b3d1db8e610c850d9ea9ab9f4cb,EIP-7702,wallet,,no,,200.23,15038,no,,,no label; no vault counterparty in latest ERC-20 transfers (Ethereum) or registry match
lending split,aave-core,1,0x5d915544ad63fe4bcdc946ced7ee18f3d550dc94,EOA,wallet,,no,,200.18,83073,no,,,no label; no vault counterparty in latest ERC-20 transfers (Ethereum) or registry match
lending split,aave-arbitrum,42161,0x3c5fcc16bf7904e7bafeab0256833ababa9582c2,EOA,wallet,,no,,200.05,191877,no,,,no label; no vault counterparty in latest ERC-20 transfers (Ethereum) or registry match
lending split,aave-core,1,0x7f6c3d23fe55f63205331640eb14a8171698097c,EOA,wallet,,no,,200.03,116635,no,,,no label; no vault counterparty in latest ERC-20 transfers (Ethereum) or registry match
lending split,aave-v4,1,0x4f27eb908eaadfea04f6b66847faabaeb45ecb15@0x94e7a5dc,EIP-7702,wallet,,no,,200.02,13,no,,,no label; no vault counterparty in latest ERC-20 transfers (Ethereum) or registry match
venue sweep: liquity,Liquity v1 (LUSD) ETH/LUSD,1,0x04ca2a945ccba92ca2443024c07c99f81e71547f,Safe,wallet,,no,,200.0,15000,no,,,no label; no vault counterparty in latest ERC-20 transfers (Ethereum) or registry match
venue sweep: maker,Sky/Maker ETH-C,1,0x0a3261ec30c43937319ae25a36f6a2a570926586,Safe,wallet,,no,,200.0,63371,no,,,no label; no vault counterparty in latest ERC-20 transfers (Ethereum) or registry match
lending split,aave-core,1,0xf592dbb1c274fa60e87227795f35ade120a7f0e3,EIP-7702,wallet,,no,,199.77,4596,no,,,no label; no vault counterparty in latest ERC-20 transfers (Ethereum) or registry match
lending split,fluid,1,0x2f50cd2fb35a3f667f6bc0ea77ef6ff32af2b9db,EOA,wallet,,no,,199.73,276479,no,,,no label; no vault counterparty in latest ERC-20 transfers (Ethereum) or registry match
lending split,aave-base,8453,0x47415c9e7a0900695e1ca0d110864505567ce0a3,EOA,wallet,,no,,199.26,219051,no,,,Base Account
lending split,aave-prime,1,0x5577e2a4c4d334b691797e054bb8acc790d08d87,Safe 2-of-5,wallet,,no,,199.13,251907,no,,,no label; no vault counterparty in latest ERC-20 transfers (Ethereum) or registry match
venue sweep: aave_aave-sonic,aave-sonic,146,0xb1e81d0107c5efe867ad850f73db3b21b442835a,EOA,wallet,,no,,199.13,158054,no,,,no label; no vault counterparty in latest ERC-20 transfers (Ethereum) or registry match
lending split,aave-core,1,0xab8ee0687e88d5fecf0c1362c237c428f7a3bab1,EOA,wallet,,no,,198.98,209088,no,,,no label; no vault counterparty in latest ERC-20 transfers (Ethereum) or registry match
lending split,compound-v3,1,0x18cd4597e06b7fe0a8cd33dda499121b3a145a8b,EOA,wallet,,no,,198.88,252406,no,,,no label; no vault counterparty in latest ERC-20 transfers (Ethereum) or registry match
lending split,aave-core,1,0x9223a53627acc12f7feb585d282d43960a5a3568,EOA,wallet,,no,,198.85,154747,no,,,no label; no vault counterparty in latest ERC-20 transfers (Ethereum) or registry match
lending split,aave-core,1,0xb6bfd1968955f8e8f176790b8442d44198821794,EOA,wallet,,no,,198.65,182585,no,,,no label; no vault counterparty in latest ERC-20 transfers (Ethereum) or registry match
venue sweep: fluid_42161,fluid,42161,0xec323bf2918c4f81f22f43c022ef48faff7a67ac,EIP-7702,wallet,,no,,198.56,168523,no,,,no label; no vault counterparty in latest ERC-20 transfers (Ethereum) or registry match
lending split,aave-core,1,0xd6f26bb3b49a9cff8780f5529a6aa4f89175d196,EOA,wallet,,no,,198.42,135548,no,,,no label; no vault counterparty in latest ERC-20 transfers (Ethereum) or registry match
lending split,aave-v4,1,0x8b428170d365113efee4be84469e732a97a4ac9b@0x973a023a,EOA,wallet,,no,,198.09,36856,no,,,no label; no vault counterparty in latest ERC-20 transfers (Ethereum) or registry match
lending split,aave-core,1,0x1f87e650fb3396ebe4bcf600c2df144497085fdb,EOA,wallet,,no,,197.85,267428,no,,,no label; no vault counterparty in latest ERC-20 transfers (Ethereum) or registry match
lending split,aave-core,1,0x47175ecdfb76caf4bfaf95f79bea87e3dd4e4e68,EOA,wallet,,no,,197.37,224904,no,,,no label; no vault counterparty in latest ERC-20 transfers (Ethereum) or registry match
lending split,morpho,747474,0x3ab435d08b7278ef729eb26a4e8ccff15cd02c90,EOA,wallet,,no,,197.31,127713,no,,,no label; no vault counterparty in latest ERC-20 transfers (Ethereum) or registry match
lending split,aave-core,1,0x894b87dfb9e79082d2d0ac7c16ce40658afd42d1,EOA,wallet,,no,,197.23,169602,no,,,no label; no vault counterparty in latest ERC-20 transfers (Ethereum) or registry match
lending split,aave-core,1,0x748e04f369641c161646536fbfa19d844017ea08,Safe 1-of-1,wallet,,no,,197.09,174380,no,,,no label; no vault counterparty in latest ERC-20 transfers (Ethereum) or registry match
lending split,aave-core,1,0x45c47aba4626022810cf8a75e236872f175b08fd,EOA,wallet,,no,,196.77,221943,no,,,no label; no vault counterparty in latest ERC-20 transfers (Ethereum) or registry match
venue sweep: curve,Curve crvUSD mint WETH/crvUSD,1,0x854f1269b659a727a2268ab86ff77cfb30bfb358,EOA,wallet,,no,,196.56,275302,no,,,no label; no vault counterparty in latest ERC-20 transfers (Ethereum) or registry match
lending split,aave-core,1,0xcbd262645ec28cce917bd726df6943c6f1f3ff51,EOA,wallet,,no,,196.33,153165,no,,,no label; no vault counterparty in latest ERC-20 transfers (Ethereum) or registry match
lending split,aave-core,1,0xa4c91401b0e22bcf8e9ba39ea82e39ed6ba4bf77,EOA,wallet,,no,,195.8,142504,no,,,no label; no vault counterparty in latest ERC-20 transfers (Ethereum) or registry match
lending split,morpho,8453,0xf30f82b604b0dee0aa713368f3ac50d8be6a39f2,Coinbase Smart Wallet,personal,,no,,195.77,199795,no,,,per-user smart account
lending split,aave-core,1,0x9fbd79482beb4f4185a7a9e73af14561434ea1d3,Safe 2-of-3,wallet,,no,,195.51,153925,no,,,no label; no vault counterparty in latest ERC-20 transfers (Ethereum) or registry match
lending split,morpho,1,0xf66f5ef968cac40ce9ae1086008ac88c157dcf82,EOA,wallet,,no,,195.39,174134,no,,,no label; no vault counterparty in latest ERC-20 transfers (Ethereum) or registry match
lending split,morpho,747474,0xb378273190f974e017d13db074976d55f57e0d20,EOA,wallet,,no,,195.27,58535,no,,,no label; no vault counterparty in latest ERC-20 transfers (Ethereum) or registry match
lending split,aave-core,1,0x08bcab1f13edf2b33843e5652e0e9f4e912fc392,EOA,wallet,,no,,195.25,184771,no,,,no label; no vault counterparty in latest ERC-20 transfers (Ethereum) or registry match
lending split,aave-core,1,0x2cbbc470a4e1c86ae33149868b6d6ada723f5423,EOA,wallet,,no,,195.11,332163,no,,,no label; no vault counterparty in latest ERC-20 transfers (Ethereum) or registry match
lending split,aave-core,1,0x8e5132d2ac8368010bd8e116d79728767dc97914,Safe 1-of-1,wallet,,no,,195.05,146046,no,,,no label; no vault counterparty in latest ERC-20 transfers (Ethereum) or registry match
lending split,morpho,8453,0xa95e5dfdbb9730762c8daf41e0d09370ca3639be,Coinbase Smart Wallet,personal,,no,,194.96,201035,no,,,per-user smart account
lending split,aave-core,1,0x4c87992e33d27d64969ab40cf221a1adace18f8b,EOA,wallet,,no,,194.95,309961,no,,,no label; no vault counterparty in latest ERC-20 transfers (Ethereum) or registry match
lending split,compound-v3,1,0x5cfa23af72a8d0248461a3031334b1b87430af6f,EOA,wallet,,no,,194.28,45037,no,,,no label; no vault counterparty in latest ERC-20 transfers (Ethereum) or registry match
lending split,aave-core,1,0xede1faaf984763a544ac3e95b4198434c552a2a3,EOA,wallet,,no,,194.22,121357,no,,,droch.eth
lending split,fluid,1,0x0845688f29b9764e4b7d8c0c89805ef252bd041a,Instadapp DSA,personal,,no,,194.19,199146,no,,,per-user smart account
lending split,aave-arbitrum,42161,0x6b972732179c94592781a5b1edf731577712eccf,EOA,wallet,,no,,193.91,268368,no,,,no label; no vault counterparty in latest ERC-20 transfers (Ethereum) or registry match
lending split,aave-v4,1,0xd5e5fdb1aa870865cd4c676de2af4d6e6c7eaccb@0x94e7a5dc,EOA,wallet,,no,,193.78,316016,no,,,massiveschlong.eth
lending split,aave-core,1,0xddf6b5699b0c03382d9b45c8434d206890985e7e,Safe 1-of-1,wallet,,no,,193.64,309814,no,,,no label; no vault counterparty in latest ERC-20 transfers (Ethereum) or registry match
lending split,aave-core,1,0xcca98436698737422e309513285fe86f5c21d6be,EOA,wallet,,no,,193.55,258916,no,,,no label; no vault counterparty in latest ERC-20 transfers (Ethereum) or registry match
lending split,aave-core,1,0xe1cba71f8c268e866c1070c233113a0bdf2b2869,EOA,wallet,,no,,193.46,175091,no,,,heydegen.eth
lending split,aave-core,1,0x83b96eb5c1b20334e664796fc956e877ffb255d2,EOA,wallet,,no,,193.39,196406,no,,,no label; no vault counterparty in latest ERC-20 transfers (Ethereum) or registry match
lending split,aave-base,8453,0x047d5cd382d3f70d925385c46cc279ebb6c264e3,Safe 1-of-1,wallet,,no,,193.05,209219,no,,,no label; no vault counterparty in latest ERC-20 transfers (Ethereum) or registry match
lending split,morpho,1,0x7d3664d1ec9e9beb5c9ea0aaf3bcf49becf1b584,EOA,wallet,,no,,193.03,228695,no,,,no label; no vault counterparty in latest ERC-20 transfers (Ethereum) or registry match
lending split,aave-core,1,0xda04aa2189100a6dcd58f90ba400b404dfdfbb55,EOA,wallet,,no,,193.03,177688,no,,,no label; no vault counterparty in latest ERC-20 transfers (Ethereum) or registry match
venue sweep: liquity,Liquity v2 (BOLD) Liquity v2 (BOLD) branch 1 (wstETH/BOLD),1,0x3282ec110c0bca3b1e5fb2282406d62a68e7846f,EOA,wallet,,no,,193.02,273081,no,,,no label; no vault counterparty in latest ERC-20 transfers (Ethereum) or registry match
lending split,aave-core,1,0x98c93ec0a79d6f2cb79926f4a25c1609c563498a,EOA,wallet,,no,,192.82,0,no,,,no label; no vault counterparty in latest ERC-20 transfers (Ethereum) or registry match
lending split,aave-core,1,0xe421c3cbda4f48e6da36b54083d42f5b722aa2ce,EOA,wallet,,no,,192.79,163817,no,,,no label; no vault counterparty in latest ERC-20 transfers (Ethereum) or registry match
lending split,aave-arbitrum,42161,0x59832d4a4e7a80ba8a9669073e6bc62808fa3d19,EOA,wallet,,no,,192.71,70121,no,,,no label; no vault counterparty in latest ERC-20 transfers (Ethereum) or registry match
lending split,morpho,8453,0xdec532d6276c1ad76461d79414180cea62408f8e,Coinbase Smart Wallet,personal,,no,,192.57,196016,no,,,per-user smart account
lending split,aave-core,1,0x242222abc47a3509ba030fe98768093df1eff31c,EOA,wallet,,no,,192.23,193961,no,,,no label; no vault counterparty in latest ERC-20 transfers (Ethereum) or registry match
lending split,aave-core,1,0x4c2ccf4efdf45d0025ab6c19105b29130bc99ef6,Safe 1-of-1,wallet,,no,,192.03,272013,no,,,no label; no vault counterparty in latest ERC-20 transfers (Ethereum) or registry match
lending split,aave-core,1,0xc6ffee966446cb809a040ff3d153855f29961ee3,EOA,wallet,,no,,191.66,326220,no,,,no label; no vault counterparty in latest ERC-20 transfers (Ethereum) or registry match
lending split,aave-core,1,0xfb1a3203fdf812a973d743ea633d7169a7c61e3d,EOA,wallet,,no,,191.59,233091,no,,,no label; no vault counterparty in latest ERC-20 transfers (Ethereum) or registry match
lending split,aave-core,1,0x20beecd019133aac514ad7f68d3dea410f285ea2,EOA,wallet,,no,,191.58,93943,no,,,no label; no vault counterparty in latest ERC-20 transfers (Ethereum) or registry match
lending split,aave-core,1,0xefef171df3d8864c2d8705768096fd5a0eb2b247,EOA,wallet,,no,,191.53,218416,no,,,no label; no vault counterparty in latest ERC-20 transfers (Ethereum) or registry match
lending split,aave-core,1,0x409c75e9b958376ade6fe7cc1b1be991d722f095,EOA,wallet,,no,,191.48,191426,no,,,no label; no vault counterparty in latest ERC-20 transfers (Ethereum) or registry match
lending split,aave-core,1,0x92bfb3bd9a4f1d0480dc513908b56d6c730e0ce6,EOA,wallet,,no,,191.42,220463,no,,,no label; no vault counterparty in latest ERC-20 transfers (Ethereum) or registry match
venue sweep: fluid_8453,fluid,8453,0x38987c6c94d319761f9bf99029d58cdf628ae406,EOA,wallet,,no,,191.26,143469,no,,,no label; no vault counterparty in latest ERC-20 transfers (Ethereum) or registry match
lending split,aave-core,1,0x5975e32ef9924a2415f2cb185595e9461fb04eb1,EOA,wallet,,no,,191.24,351264,no,,,no label; no vault counterparty in latest ERC-20 transfers (Ethereum) or registry match
lending split,aave-core,1,0x95dd8a1f573ce359167c20ca0f64d3761cb9f398,EOA,wallet,,no,,191.01,190675,no,,,no label; no vault counterparty in latest ERC-20 transfers (Ethereum) or registry match
lending split,aave-core,1,0x1ae3144885e089210600b7c38762493bded1de78,EOA,wallet,,no,,190.68,226101,no,,,no label; no vault counterparty in latest ERC-20 transfers (Ethereum) or registry match
lending split,aave-v4,1,0x2d12cc4f948ebadf6a0da14bd823ec16eff171f6@0x973a023a,EOA,wallet,,no,,190.42,73842,no,,,no label; no vault counterparty in latest ERC-20 transfers (Ethereum) or registry match
lending split,aave-core,1,0x6f8ca9a8824165665d3fedbb7e9a7f21f8bb55a8,EOA,wallet,,no,,190.39,128929,no,,,no label; no vault counterparty in latest ERC-20 transfers (Ethereum) or registry match
lending split,morpho,8453,0x6c304878da334630f3ec9f7c3d424f828bb32ea0,Coinbase Smart Wallet,personal,,no,,190.35,230591,no,,,per-user smart account
lending split,aave-core,1,0x377f62f77fc823d09a852bec7e16ca51bdbdbff4,EOA,wallet,,no,,189.78,176696,no,,,no label; no vault counterparty in latest ERC-20 transfers (Ethereum) or registry match
venue sweep: euler,euler,1,0x0bbf7580e036ea5d69abe679cc90117eec2e3dc1,EOA,wallet,,no,,189.75,209652,no,,,no label; no vault counterparty in latest ERC-20 transfers (Ethereum) or registry match
lending split,aave-core,1,0x309e4abf8a1c95b9b93ff1d61444660f54cc65f5,EOA,wallet,,no,,189.66,6056,no,,,no label; no vault counterparty in latest ERC-20 transfers (Ethereum) or registry match
lending split,aave-core,1,0xe1e3699917dcf44ef84f24e0855e3bc90b40d7ad,EOA,wallet,,no,,189.5,260132,no,,,no label; no vault counterparty in latest ERC-20 transfers (Ethereum) or registry match
lending split,spark,1,0xbf93a4a024a61e12c842ae573d4f73c83c3de631,Safe 2-of-3,wallet,,no,,189.34,193118,no,,,no label; no vault counterparty in latest ERC-20 transfers (Ethereum) or registry match
lending split,aave-core,1,0x03e8394992ae3592a1d5085b134c10d027fd2933,EOA,wallet,,no,,189.09,231035,no,,,no label; no vault counterparty in latest ERC-20 transfers (Ethereum) or registry match
lending split,aave-arbitrum,42161,0x35ebe8ff4e3af0c741f4f839f73ce4aa01c47a79,EOA,wallet,,no,,189.08,267919,no,,,no label; no vault counterparty in latest ERC-20 transfers (Ethereum) or registry match
lending split,aave-core,1,0x5da7d57696df1a1cbb8db60996cb69401d3e68bd,EOA,wallet,,no,,189.05,198027,no,,,no label; no vault counterparty in latest ERC-20 transfers (Ethereum) or registry match
lending split,aave-core,1,0xf65980beb6c89af6f7b143e1dc369e61e91fa913,EOA,wallet,,no,,188.87,186508,no,,,no label; no vault counterparty in latest ERC-20 transfers (Ethereum) or registry match
lending split,aave-core,1,0x10dec30b4b8b3bb9757d0d0251f724e2aa8272cc,EOA,wallet,,no,,188.64,249609,no,,,no label; no vault counterparty in latest ERC-20 transfers (Ethereum) or registry match
lending split,compound-v3,1,0x6f2827f159a5df21be24f47f2ea893f7e3a35fe5,EOA,wallet,,no,,188.59,185641,no,,,no label; no vault counterparty in latest ERC-20 transfers (Ethereum) or registry match
lending split,aave-core,1,0xbca66583d90da048aceaad808838d7984e27a42a,EOA,wallet,,no,,188.53,147736,no,,,no label; no vault counterparty in latest ERC-20 transfers (Ethereum) or registry match
lending split,aave-core,1,0x57977851c6de94ed1df9006e0f5eebeda9d1a7b1,EOA,wallet,,no,,188.42,211471,no,,,no label; no vault counterparty in latest ERC-20 transfers (Ethereum) or registry match
lending split,morpho,8453,0x456e7a078a4361d25b8cb897ad3af5848a9d7b8e,Coinbase Smart Wallet,personal,,no,,188.28,182670,no,,,per-user smart account
lending split,aave-core,1,0x7546cfc0d3d733271a7c585aef13b548ba8de01e,contract: ExternalPositionProxy,product,"Enzyme fund ""Digital Asset Vault V2"" (Aave v3 debt external position)",manager-gated,4,188.07,142953,no,enzyme-finance (farming),,ExternalPositionProxy type 13 (Aave v3 debt); getVaultProxy() = Enzyme vault; all three vaults owned by 0xa218a923; 4 share holders
lending split,morpho,8453,0x36aacb4d0749fb18e4a2659c32773776201d5e51,Coinbase Smart Wallet,personal,,no,,188.04,141060,no,,,per-user smart account
lending split,spark,1,0x5789a38a3facfaa86ed950e88d79a9a2f6140052,EIP-7702,wallet,,no,,187.89,122369,no,,,mummyhap.eth
lending split,aave-core,1,0x438f22b708fa37d1849ef7c66a07ff67104f68f7,EOA,wallet,,no,,187.67,166279,no,,,no label; no vault counterparty in latest ERC-20 transfers (Ethereum) or registry match
lending split,aave-base,8453,0xee7ee50bcab7f072e04707728160c8ec31446490,EIP-7702,wallet,,no,,187.51,225035,no,,,Base Account
lending split,aave-core,1,0x6b2563826bc176fda2099c47567f447fc32cc5b7,EOA,wallet,,no,,187.41,260359,no,,not checked (ETH-backed debt under $1M),Not identity-checked: ETH-backed part under $1M
venue sweep: lowband_existing,aave-arbitrum,42161,0x1f10c3273b9aa47e50a9cdc3975cae8604fad50a,EOA,wallet,,no,,187.28,141009,no,,,no label; no vault counterparty in latest ERC-20 transfers (Ethereum) or registry match
venue sweep: maker,Sky/Maker ETH-A,1,0xcae8c0c24d8a48f7540d47474875f59603cd937d,DSProxy,personal,,no,,187.21,159876,no,,,per-user smart account
venue sweep: lowband_existing,aave-core,1,0xd3a47404c47c9e5325339592626eaf2fa3202b23,EOA,wallet,,no,,187.12,204413,no,,,no label; no vault counterparty in latest ERC-20 transfers (Ethereum) or registry match
venue sweep: lowband_existing,aave-core,1,0x4d41f889ef14b2fe1a53561ec5993880429bb4d8,EOA,wallet,,no,,186.99,194906,no,,,no label; no vault counterparty in latest ERC-20 transfers (Ethereum) or registry match
venue sweep: lowband_existing,morpho,1,0x4e76902faccd6feeef68ff0508a7caf75bce81b6,EOA,wallet,,no,,186.93,170878,no,,,no label; no vault counterparty in latest ERC-20 transfers (Ethereum) or registry match
venue sweep: aave_aave-gnosis,aave-gnosis,100,0xd43412ad530d5ecf70767ed16850ae68eadd3e8f,EOA,wallet,,no,,186.81,159606,no,,,no label; no vault counterparty in latest ERC-20 transfers (Ethereum) or registry match
venue sweep: lowband_existing,aave-core,1,0x1936a4588e0aa9682a1fd260db80c5e75604f18d,EOA,wallet,,no,,186.81,80977,no,,,no label; no vault counterparty in latest ERC-20 transfers (Ethereum) or registry match
venue sweep: lowband_existing,aave-core,1,0xa052d039738d667f1e12180c388816308e9d022d,EOA,wallet,,no,,186.81,182400,no,,,no label; no vault counterparty in latest ERC-20 transfers (Ethereum) or registry match
venue sweep: lowband_existing,aave-core,1,0x326520798c325ea2720b67e9e332f2bc8d7c4cdf,EOA,wallet,,no,,186.52,142901,no,,,no label; no vault counterparty in latest ERC-20 transfers (Ethereum) or registry match
venue sweep: lowband_existing,aave-core,1,0x4f20d599957164036ab1b2a5f9c850b1c503dde6,EOA,wallet,,no,,186.5,209694,no,,,no label; no vault counterparty in latest ERC-20 transfers (Ethereum) or registry match
venue sweep: lowband_existing,aave-core,1,0xd50cd861034c156d002612ad5451f3d2962f8cc1,EOA,wallet,,no,,186.19,169912,no,,,no label; no vault counterparty in latest ERC-20 transfers (Ethereum) or registry match
venue sweep: lowband_existing,aave-core,1,0x4558e88c5a972244c995ae4dd95a84fc790355f9,EIP-7702,wallet,,no,,186.09,89161,no,,,no label; no vault counterparty in latest ERC-20 transfers (Ethereum) or registry match
venue sweep: maker,Sky/Maker WSTETH-B,1,0x628ef4a1660505d4fa43b6bfee48565607a48fb2,DSProxy,personal,,no,,185.99,176188,no,,,per-user smart account
venue sweep: lowband_existing,aave-core,1,0x6906a50bbea271513be5d8fc29df6affd5b0dd96,Safe,wallet,,no,,185.66,135101,no,,,no label; no vault counterparty in latest ERC-20 transfers (Ethereum) or registry match
venue sweep: lowband_existing,compound-v3,42161,0x04e0e61845b0fdd58fc49591534bffaf26b5bd2e,EOA,wallet,,no,,185.46,120385,no,,,no label; no vault counterparty in latest ERC-20 transfers (Ethereum) or registry match
venue sweep: lowband_existing,aave-v4,1,0x658eca63e200b2fa9c524687369de474e7ef1822@0x973a023a,EOA,wallet,,no,,185.33,236800,no,,,no label; no vault counterparty in latest ERC-20 transfers (Ethereum) or registry match
venue sweep: lowband_existing,morpho,1,0x6241e0edcb939c94c7db830abd0b24648517c634,EOA,wallet,,no,,185.15,33288,no,,,no label; no vault counterparty in latest ERC-20 transfers (Ethereum) or registry match
venue sweep: lowband_existing,morpho,8453,0xe645fe92ceb8e0137fe02b68140c84bc16389768,Coinbase Smart Wallet,personal,,no,,184.92,150333,no,,,per-user smart account
venue sweep: lowband_existing,morpho,1,0x90deceec188094f6f6c1ef446d843f70abfc92cb,EOA,product,Lagoon: Ammalgam WETH Vault (ammVWETH),?,,184.65,21474,no,,,registry match: lagoon safe() 0xbb211be8664128e30c6adcd5998eca9592be272f
venue sweep: liquity,Liquity v2 (BOLD) Liquity v2 (BOLD) branch 1 (wstETH/BOLD),1,0xe6f6b26fad21c8b608195aefa8a14fa727d59ea7,EOA,wallet,,no,,184.47,261129,no,,,no label; no vault counterparty in latest ERC-20 transfers (Ethereum) or registry match
venue sweep: lowband_existing,aave-v4,1,0x0a53e28f2f7b27971e18a6305c2c74a449badd2e@0x973a023a,EOA,wallet,,no,,184.15,250516,no,,,no label; no vault counterparty in latest ERC-20 transfers (Ethereum) or registry match
venue sweep: maker,Sky/Maker ETH-A,1,0x53dcb21a8e88d8c6d93d20537e7ed34e63301c18,Safe,wallet,,no,,184.0,137044,no,,,no label; no vault counterparty in latest ERC-20 transfers (Ethereum) or registry match
venue sweep: lowband_existing,aave-core,1,0x4c2008a728aaf991f696f493bab15a6178994836,EOA,wallet,,no,,183.85,3117,no,,,no label; no vault counterparty in latest ERC-20 transfers (Ethereum) or registry match
venue sweep: lowband_existing,spark,1,0xad90af19d569acc1870be401fc2469aa4122a88a,Safe,wallet,,no,,183.71,138145,no,,,no label; no vault counterparty in latest ERC-20 transfers (Ethereum) or registry match
venue sweep: lowband_existing,aave-core,1,0x5a9fd8be0461c72107ce92a8af93a5c4908168b0,EOA,wallet,,no,,183.67,228922,no,,,no label; no vault counterparty in latest ERC-20 transfers (Ethereum) or registry match
venue sweep: lowband_existing,aave-core,1,0x50934b9d516521f8998e8c1d2a28086168f6ae64,EIP-7702,wallet,,no,,183.52,236175,no,,,no label; no vault counterparty in latest ERC-20 transfers (Ethereum) or registry match
venue sweep: lowband_existing,aave-base,8453,0xf03281cea3893c1d6d3e10e2366aa5fd5fde6b2c,EOA,wallet,,no,,183.5,274575,no,,,no label; no vault counterparty in latest ERC-20 transfers (Ethereum) or registry match
venue sweep: lowband_existing,aave-core,1,0xd7ba582359bfd36f595cfb5cdb74d46ba85bf362,EOA,wallet,,no,,183.27,225427,no,,,no label; no vault counterparty in latest ERC-20 transfers (Ethereum) or registry match
venue sweep: lowband_existing,spark,1,0x084bd02d4dfb5af7f9d487a60682378b057d36bb,EOA,wallet,,no,,183.18,156429,no,,,no label; no vault counterparty in latest ERC-20 transfers (Ethereum) or registry match
venue sweep: lowband_existing,aave-core,1,0xb7c90b982808f8c0753457cc35cec5e4f891841b,DSProxy,personal,,no,,182.73,151509,no,,,per-user smart account
venue sweep: lowband_existing,morpho,8453,0x3fb11443c1fc4cd9127cb3d791b018c70ad2ccf2,Coinbase Smart Wallet,personal,,no,,182.66,143835,no,,,per-user smart account
venue sweep: lowband_existing,aave-core,1,0x2dad3ac73c4c8305019e117c71a573913c373b11,EOA,wallet,,no,,181.61,286586,no,,,no label; no vault counterparty in latest ERC-20 transfers (Ethereum) or registry match
venue sweep: lowband_existing,aave-core,1,0x36e8abde1a6c07475b94794ae36507c556eb069a,EOA,wallet,,no,,181.45,200568,no,,,no label; no vault counterparty in latest ERC-20 transfers (Ethereum) or registry match
venue sweep: lowband_existing,aave-core,1,0x81e68d23b148bc882cf8be6ba1779df2c7c39ef0,EOA,wallet,,no,,181.44,209465,no,,,no label; no vault counterparty in latest ERC-20 transfers (Ethereum) or registry match
venue sweep: lowband_existing,aave-core,1,0x50ba7b393e3245aa973e33d7c679f390471ce958,EOA,wallet,,no,,181.39,205870,no,,,no label; no vault counterparty in latest ERC-20 transfers (Ethereum) or registry match
venue sweep: lowband_existing,aave-core,1,0xba6440ea41985ad74fab75785b0ed8c66ac21c91,Safe,wallet,,no,,181.37,216340,no,,,no label; no vault counterparty in latest ERC-20 transfers (Ethereum) or registry match
venue sweep: lowband_existing,aave-core,1,0xff6ff9cbdea089564ac6597d1a28c34202baec29,EOA,wallet,,no,,181.35,73093,no,,,no label; no vault counterparty in latest ERC-20 transfers (Ethereum) or registry match
venue sweep: lowband_existing,aave-core,1,0x4231121f5cb203966f4f004f554cdf44b11435b7,EIP-7702,wallet,,no,,181.34,77246,no,,,no label; no vault counterparty in latest ERC-20 transfers (Ethereum) or registry match
venue sweep: lowband_existing,aave-core,1,0xfa9cfca4222d28a94b3bcef0651053be934bd844,EOA,wallet,,no,,180.97,123742,no,,,no label; no vault counterparty in latest ERC-20 transfers (Ethereum) or registry match
venue sweep: fluid_42161,fluid,42161,0x929ff7b80ad570f1369a8dd41d104ac606dfd3db,EIP-7702,wallet,,no,,180.91,163617,no,,,no label; no vault counterparty in latest ERC-20 transfers (Ethereum) or registry match
venue sweep: maker,Sky/Maker ETH-A,1,0xc9ddae21c21bda7f382816e2b370a84d79cd9c0d,DSProxy,personal,,no,,180.84,154758,no,,,per-user smart account
venue sweep: maker,Sky/Maker ETH-A,1,0x95f6dceb9390f458842d8a9f23711c8fb99139ca,DSProxy,personal,,no,,180.73,165081,no,,,per-user smart account
venue sweep: lowband_existing,aave-core,1,0xfb64077abffffd8b94309ebe464a4756dc09dfe2,Safe,wallet,,no,,180.64,265621,no,,,no label; no vault counterparty in latest ERC-20 transfers (Ethereum) or registry match
venue sweep: liquity,Liquity v2 (BOLD) Liquity v2 (BOLD) branch 0 (WETH/BOLD),1,0x4e9477f02f320443db383cb0b8c803d0c9e9eda4,Safe,wallet,,no,,180.5,234082,no,,,no label; no vault counterparty in latest ERC-20 transfers (Ethereum) or registry match
venue sweep: lowband_existing,aave-core,1,0x00681537d96c4f466f0489bf8d8b30e25339bdab,EOA,wallet,,no,,180.41,202269,no,,,no label; no vault counterparty in latest ERC-20 transfers (Ethereum) or registry match
lending split,aave-arbitrum,42161,0x02bcb960141ff81986cdec872b04186483f53ce2,EOA,wallet,,no,,180.06,284922,no,,,no label; no vault counterparty in latest ERC-20 transfers (Ethereum) or registry match
venue sweep: lowband_existing,compound-v3,42161,0x617eb09d7869de4ea8a9768c5c657ff7c2d80f97,EOA,wallet,,no,,179.73,224511,no,,,no label; no vault counterparty in latest ERC-20 transfers (Ethereum) or registry match
venue sweep: lowband_existing,aave-core,1,0x50a17b0b88a2ab6caea62ebb761841dd5b1f95b5,EOA,wallet,,no,,179.71,335188,no,,,no label; no vault counterparty in latest ERC-20 transfers (Ethereum) or registry match
venue sweep: lowband_existing,morpho,8453,0x6926eeed1a816ba2e0c0e417a703c675266aae9e,Coinbase Smart Wallet,personal,,no,,179.45,191850,no,,,per-user smart account
venue sweep: lowband_existing,aave-core,1,0x797406096b456d5d7c5ae85df36f6c23ede4cb1a,Summer.fi DPM,personal,,no,,179.31,156406,no,,,per-user smart account
venue sweep: lowband_existing,morpho,8453,0x69b1a135c0b4f3c4697a177d4172d5cb9fcc18b4,Coinbase Smart Wallet,personal,,no,,179.16,149549,no,,,per-user smart account
venue sweep: maker,Sky/Maker ETH-B,1,0x2c06f8a915b30414084a535bc79f0931353af494,DSProxy,personal,,no,,179.0,149126,no,,,per-user smart account
venue sweep: lowband_existing,aave-core,1,0x21c8f9fc8ea09a859b514a5607eac80d23f6d6fb,Safe,wallet,,no,,178.89,201844,no,,,no label; no vault counterparty in latest ERC-20 transfers (Ethereum) or registry match
venue sweep: lowband_existing,morpho,8453,0x0146d995c3472a8f691811b09aad06c62949a1c1,Coinbase Smart Wallet,personal,,no,,178.65,164554,no,,,per-user smart account
venue sweep: lowband_existing,aave-base,8453,0x414ed1a1c16dd03f1a6c3568a7e84a8d76f32541,EOA,wallet,,no,,178.23,428645,no,,,no label; no vault counterparty in latest ERC-20 transfers (Ethereum) or registry match
venue sweep: lowband_existing,aave-core,1,0x2e523524d475d79561ac6a458b7b561098f23cd5,Safe,wallet,,no,,177.85,206219,no,,,no label; no vault counterparty in latest ERC-20 transfers (Ethereum) or registry match
venue sweep: lowband_existing,fluid,1,0xc3f3e3277d3d99a13aa70961df6dd3dfa3132ce6,EOA,wallet,,no,,177.34,405800,no,,,no label; no vault counterparty in latest ERC-20 transfers (Ethereum) or registry match
venue sweep: lowband_existing,aave-core,1,0x6e978e293cd59f6685e737decb53ec5831c83c18,EIP-7702,wallet,,no,,177.32,132546,no,,,no label; no vault counterparty in latest ERC-20 transfers (Ethereum) or registry match
venue sweep: lowband_existing,aave-core,1,0x921772c54f47c3eda7c6c726b4ab5ef2c94c6867,EOA,wallet,,no,,177.14,150378,no,,,no label; no vault counterparty in latest ERC-20 transfers (Ethereum) or registry match
venue sweep: lowband_existing,morpho,8453,0x2d4aa19d4d4392102b885b3b9f5ceea1f508b658,Coinbase Smart Wallet,personal,,no,,176.84,205737,no,,,per-user smart account
venue sweep: lowband_existing,aave-core,1,0x4fc93b25cf642134fd9f09f270dde25a17ad3e94,EOA,wallet,,no,,176.72,200235,no,,,no label; no vault counterparty in latest ERC-20 transfers (Ethereum) or registry match
venue sweep: euler,euler,1,0xa7bd8231281ce6a2ef840a9fce2c2557e5219471,EOA,wallet,,no,,176.68,247579,no,,,no label; no vault counterparty in latest ERC-20 transfers (Ethereum) or registry match
venue sweep: lowband_existing,aave-core,1,0x90c0bf8d71369d21f8addf0da33d21dcb0b1c384,EOA,wallet,,no,,176.62,298044,no,,,no label; no vault counterparty in latest ERC-20 transfers (Ethereum) or registry match
venue sweep: lowband_existing,aave-arbitrum,42161,0x3c37dc9b5d4c60d404ec834987c106510d03442f,EOA,wallet,,no,,176.6,288858,no,,,no label; no vault counterparty in latest ERC-20 transfers (Ethereum) or registry match
venue sweep: curve,Curve crvUSD mint sfrxETH/crvUSD,1,0x9bca4b4fa5c76a0c6cb19ee8c41b24755c9c83ab,EOA,wallet,,no,,176.18,158603,no,,,no label; no vault counterparty in latest ERC-20 transfers (Ethereum) or registry match
venue sweep: lowband_existing,aave-core,1,0xfa71745ea81b880d794707bb1d30b89dfd4af758,EOA,wallet,,no,,176.12,77101,no,,,no label; no vault counterparty in latest ERC-20 transfers (Ethereum) or registry match
venue sweep: lowband_existing,aave-core,1,0x9d36250d3c929b5c4f70fa4125aab0951f8a250e,EOA,wallet,,no,,176.03,322312,no,,,no label; no vault counterparty in latest ERC-20 transfers (Ethereum) or registry match
venue sweep: lowband_existing,compound-v3,42161,0xc0e3749d1d7a90588bff346dd075943234450868,EOA,wallet,,no,,176.0,232460,no,,,no label; no vault counterparty in latest ERC-20 transfers (Ethereum) or registry match
venue sweep: lowband_existing,aave-core,1,0x226381312d59a46fe66fd1f199f7ecc37edc3cb0,DSProxy,personal,,no,,175.77,237553,no,,,per-user smart account
venue sweep: euler,euler,1,0x6800212fef0f1729b96210e3fdadf50fc21cf4e1,EOA,wallet,,no,,175.59,216552,no,,,no label; no vault counterparty in latest ERC-20 transfers (Ethereum) or registry match
venue sweep: lowband_existing,spark,1,0x803f1ec2efe18fd2b1c84bfe4dfa571a8def928a,DSProxy,personal,,no,,175.44,146852,no,,,per-user smart account
venue sweep: lowband_existing,morpho,1,0xf7de8a782f8a46d7b070cfb38de2890cfc858ed4,Summer.fi DPM,personal,,no,,175.17,208850,no,,,per-user smart account
venue sweep: lowband_existing,aave-core,1,0xd5d4c641959de24f330e7713f91d3694987037b5,EOA,wallet,,no,,175.09,102899,no,,,no label; no vault counterparty in latest ERC-20 transfers (Ethereum) or registry match
venue sweep: lowband_existing,aave-arbitrum,42161,0x420ace7d85821a887891a43cc8a2afe0d84433a9,EIP-7702,wallet,,no,,174.98,181736,no,,,no label; no vault counterparty in latest ERC-20 transfers (Ethereum) or registry match
venue sweep: lowband_existing,aave-core,1,0xc3799d706b664dde0adc459f81a67414633cd5a3,EOA,wallet,,no,,174.87,102498,no,,,no label; no vault counterparty in latest ERC-20 transfers (Ethereum) or registry match
venue sweep: lowband_existing,aave-core,1,0x03357c4aabeb603fd9055a25eb7f17d4716e9f12,EOA,wallet,,no,,174.82,152180,no,,,no label; no vault counterparty in latest ERC-20 transfers (Ethereum) or registry match
venue sweep: lowband_existing,aave-core,1,0x163901204130c89a0dc1c028051ef07915706e0b,EOA,wallet,,no,,174.74,143454,no,,,no label; no vault counterparty in latest ERC-20 transfers (Ethereum) or registry match
venue sweep: lowband_existing,aave-core,1,0xb436c427f45f66b39da46a2f2ea424948bf35ae6,EOA,wallet,,no,,174.68,208584,no,,,no label; no vault counterparty in latest ERC-20 transfers (Ethereum) or registry match
venue sweep: lowband_existing,aave-core,1,0x389e59cd6d909a0e60d9b70b8a95c51e9cf86bc5,Safe,wallet,,no,,174.58,177236,no,,,no label; no vault counterparty in latest ERC-20 transfers (Ethereum) or registry match
venue sweep: lowband_existing,morpho,8453,0xa95fcd68b794ea672ab4242da6f48fe7d2faa321,Coinbase Smart Wallet,personal,,no,,174.52,204428,no,,,per-user smart account
venue sweep: lowband_existing,morpho,42161,0x4f5ebba67dcdfa8bfaec752bde6400c0147a36c6,EIP-7702,wallet,,no,,174.48,236184,no,,,no label; no vault counterparty in latest ERC-20 transfers (Ethereum) or registry match
venue sweep: lowband_existing,aave-core,1,0xc4ae17c82d6a7a4977916c7a27ab39f8529c613e,EOA,wallet,,no,,174.14,507642,no,,,no label; no vault counterparty in latest ERC-20 transfers (Ethereum) or registry match
venue sweep: lowband_existing,morpho,8453,0xd3a39b9b6dd2e0c0cf9487858c322a70f297e84e,Coinbase Smart Wallet,personal,,no,,173.79,190320,no,,,per-user smart account
venue sweep: lowband_existing,fluid,1,0xe5b105f5648c52bb0ad15c7fe49ed07c5deabb32,EOA,wallet,,no,,173.78,179815,no,,,no label; no vault counterparty in latest ERC-20 transfers (Ethereum) or registry match
venue sweep: lowband_existing,aave-core,1,0xf6034e651dcdaf4dd20ff984a4739e967c298299,EIP-7702,wallet,,no,,173.7,248140,no,,,no label; no vault counterparty in latest ERC-20 transfers (Ethereum) or registry match
venue sweep: lowband_existing,spark,1,0xc3fd2bcb524af31963b3e3bb670f28ba14718244,EOA,wallet,,no,,173.61,192978,no,,,no label; no vault counterparty in latest ERC-20 transfers (Ethereum) or registry match
venue sweep: lowband_existing,aave-core,1,0x721e9a8d3958b8e0cbb008dcb209097b9a15443d,Safe,wallet,,no,,173.59,140780,no,,,no label; no vault counterparty in latest ERC-20 transfers (Ethereum) or registry match
venue sweep: lowband_existing,aave-core,1,0x97f27b5539c840082b501221e04d91607fa24545,EIP-7702,wallet,,no,,173.49,213038,no,,,no label; no vault counterparty in latest ERC-20 transfers (Ethereum) or registry match
venue sweep: aave_aave-avalanche,aave-avalanche,43114,0xe9d0ded88bb4f78c405ae2382e3d92da5cf24321,EOA,wallet,,no,,173.47,367529,no,,,no label; no vault counterparty in latest ERC-20 transfers (Ethereum) or registry match
venue sweep: lowband_existing,aave-core,1,0x1490318dd1c926970ed946a35f018196c68cc6c3,EOA,wallet,,no,,172.85,159792,no,,,no label; no vault counterparty in latest ERC-20 transfers (Ethereum) or registry match
venue sweep: lowband_existing,aave-core,1,0xc2da497f91c687725da514a47731047271a04d3f,EOA,wallet,,no,,172.55,101367,no,,,no label; no vault counterparty in latest ERC-20 transfers (Ethereum) or registry match
venue sweep: lowband_existing,morpho,480,0x5cee680cb532b09df69df457a31f3e949aec8669,EOA,wallet,,no,,172.46,231195,no,,,no label; no vault counterparty in latest ERC-20 transfers (Ethereum) or registry match
venue sweep: lowband_existing,aave-core,1,0x93dd4a863ad3803ae1a34e014e6029318407ef10,EOA,wallet,,no,,172.36,5,no,,,no label; no vault counterparty in latest ERC-20 transfers (Ethereum) or registry match
venue sweep: lowband_existing,spark,1,0x4c8c3910cbb8b964d345005c20599a003aacb4ae,EOA,wallet,,no,,172.33,430346,no,,,no label; no vault counterparty in latest ERC-20 transfers (Ethereum) or registry match
venue sweep: lowband_existing,aave-core,1,0x10e5132d89a1dbfd8c70f0e09598dd74acae88e9,EOA,wallet,,no,,172.15,297795,no,,,no label; no vault counterparty in latest ERC-20 transfers (Ethereum) or registry match
venue sweep: lowband_existing,morpho,1,0x51129076a523b041f85b5a73b1d8522c6230034a,EOA,wallet,,no,,172.09,277495,no,,,no label; no vault counterparty in latest ERC-20 transfers (Ethereum) or registry match
venue sweep: lowband_existing,morpho,8453,0x3063b0c924e9098555988257dfbb9addf1e7cb35,Coinbase Smart Wallet,personal,,no,,172.06,218421,no,,,per-user smart account
venue sweep: lowband_existing,compound-v3,1,0x7b8766b7fd12a1e113216d24bd8cdc3c86e614f8,EOA,wallet,,no,,172.0,180170,no,,,no label; no vault counterparty in latest ERC-20 transfers (Ethereum) or registry match
venue sweep: lowband_existing,aave-core,1,0xc9e7f47268679fa0058ea4026b0926a7cb366f00,EOA,wallet,,no,,172.0,755629,no,,,no label; no vault counterparty in latest ERC-20 transfers (Ethereum) or registry match
venue sweep: lowband_existing,aave-core,1,0x570c430d081d7c102140e15a7ab68075682e5ad9,EOA,wallet,,no,,171.98,3761774,no,,,no label; no vault counterparty in latest ERC-20 transfers (Ethereum) or registry match
venue sweep: lowband_existing,aave-core,1,0xabca8073e5b33c4d27fb0189f47ca0b1b7ce9164,EOA,wallet,,no,,171.85,185909,no,,,no label; no vault counterparty in latest ERC-20 transfers (Ethereum) or registry match
venue sweep: maker,Sky/Maker ETH-C,1,0x0a56d07a0b8ba800358ddeeb20eb46a618bfbe27,DSProxy,personal,,no,,171.8,101262,no,,,per-user smart account
venue sweep: lowband_existing,aave-core,1,0xe692241fd04b9561e0d96f2b4bb6447e77c7ea1d,Safe,wallet,,no,,171.75,139991,no,,,no label; no vault counterparty in latest ERC-20 transfers (Ethereum) or registry match
venue sweep: lowband_existing,aave-v4,1,0x05756e208ab01acbb4d9d426d827dde45ca2c068@0x94e7a5dc,EOA,wallet,,no,,171.7,243620,no,,,no label; no vault counterparty in latest ERC-20 transfers (Ethereum) or registry match
venue sweep: lowband_existing,aave-arbitrum,42161,0x3f2489706588da1bbd8e8294562f67e1cfc444b5,EIP-7702,wallet,,no,,171.6,310094,no,,,no label; no vault counterparty in latest ERC-20 transfers (Ethereum) or registry match
venue sweep: lowband_existing,aave-core,1,0xb5af9b4e49e8a07432563c21bcee510963048425,EOA,wallet,,no,,171.46,120878,no,,,no label; no vault counterparty in latest ERC-20 transfers (Ethereum) or registry match
venue sweep: lowband_existing,morpho,8453,0x9b5730643bf413ec459b6402d75ae72154dfad0d,Coinbase Smart Wallet,personal,,no,,171.21,195830,no,,,per-user smart account
venue sweep: lowband_existing,compound-v3,1,0x02aada095109f8d41adf372d317535312c73a0b6,Safe,wallet,,no,,171.2,1928403,no,,,no label; no vault counterparty in latest ERC-20 transfers (Ethereum) or registry match
venue sweep: lowband_existing,aave-core,1,0x8b4eda0bc6e05615196237225b3dc1d1b08aa158,EOA,wallet,,no,,171.05,95045,no,,,no label; no vault counterparty in latest ERC-20 transfers (Ethereum) or registry match
venue sweep: lowband_existing,compound-v3,1,0xbbf3f1421d886e9b2c5d716b5192ac998af2012c,Safe,wallet,,no,,170.97,100226,no,,,no label; no vault counterparty in latest ERC-20 transfers (Ethereum) or registry match
venue sweep: maker,Sky/Maker ETH-A,1,0xad398b6fa7bf3783753a1c49d1e1970d49903c97,DSProxy,personal,,no,,170.94,125298,no,,,per-user smart account
venue sweep: lowband_existing,aave-core,1,0x61a1b7cb752b133d599fca50506518beeaf5cd08,EOA,wallet,,no,,170.9,677671,no,,,no label; no vault counterparty in latest ERC-20 transfers (Ethereum) or registry match
venue sweep: lowband_existing,aave-core,1,0x43fa9caeae0b10535d327a6db52e171657512033,EOA,wallet,,no,,170.52,87387,no,,,no label; no vault counterparty in latest ERC-20 transfers (Ethereum) or registry match
venue sweep: lowband_existing,aave-core,1,0x3c288b83d52640caf896f0d4fbcd6caaeb21920a,EOA,wallet,,no,,170.46,253856,no,,,no label; no vault counterparty in latest ERC-20 transfers (Ethereum) or registry match
venue sweep: lowband_existing,aave-core,1,0x93526fe3c946fc30e195d18f8e691853a1da5564,EOA,wallet,,no,,170.29,252419,no,,,no label; no vault counterparty in latest ERC-20 transfers (Ethereum) or registry match
venue sweep: lowband_existing,aave-arbitrum,42161,0xea9991acee7d9d56f591947177d1bcd23a8f894a,EIP-7702,wallet,,no,,170.25,320092,no,,,no label; no vault counterparty in latest ERC-20 transfers (Ethereum) or registry match
venue sweep: lowband_existing,morpho,1,0x65313f85ca6ea41c40f8cb508c7e68341cec86a0,EOA,wallet,,no,,170.22,193626,no,,,no label; no vault counterparty in latest ERC-20 transfers (Ethereum) or registry match
venue sweep: lowband_existing,aave-core,1,0x5a103b342644d8286ebbf59b895f28d2b1a100dd,EOA,wallet,,no,,170.06,70708,no,,,no label; no vault counterparty in latest ERC-20 transfers (Ethereum) or registry match
venue sweep: lowband_existing,compound-v3,1,0xd6d93390e70f7f7450fb6c209402ad2d72cd7f4d,EOA,wallet,,no,,170.0,280069,no,,,no label; no vault counterparty in latest ERC-20 transfers (Ethereum) or registry match
venue sweep: lowband_existing,compound-v3,1,0xfacbd261fd38694ed863d625c6782d9c807a0db9,EOA,wallet,,no,,170.0,198274,no,,,no label; no vault counterparty in latest ERC-20 transfers (Ethereum) or registry match
venue sweep: maker,Sky/Maker ETH-C,1,0x0c3b6cd5b31c0e486ae8eae1ca504c64a220f5a7,DSProxy,personal,,no,,170.0,155377,no,,,per-user smart account
venue sweep: lowband_existing,aave-core,1,0x4ad77fc854b72575bfd6a83d251d066a1ae12de3,EOA,wallet,,no,,169.91,541598,no,,,no label; no vault counterparty in latest ERC-20 transfers (Ethereum) or registry match
venue sweep: lowband_existing,aave-core,1,0x33ba32b6268c360a62f2aa0444eb438640ed3875,EOA,wallet,,no,,169.87,358559,no,,,no label; no vault counterparty in latest ERC-20 transfers (Ethereum) or registry match
venue sweep: lowband_existing,aave-core,1,0x7cbba07e31dc7b12bb69a1209c5b11a8ac50acf5,EIP-7702,wallet,,no,,169.8,40626,no,,,no label; no vault counterparty in latest ERC-20 transfers (Ethereum) or registry match
venue sweep: lowband_existing,aave-arbitrum,42161,0x9830e424b406da73333b6d1c59c965c0ca7d4d92,EIP-7702,wallet,,no,,169.78,164023,no,,,no label; no vault counterparty in latest ERC-20 transfers (Ethereum) or registry match
venue sweep: lowband_existing,aave-core,1,0x99e5eb835df824db5ff383f8ad33ae3bf3aae20e,EOA,wallet,,no,,169.74,141194,no,,,no label; no vault counterparty in latest ERC-20 transfers (Ethereum) or registry match
lending split,aave-core,1,0xa8b68e97121b011f38aa236458abe7c8b76a0e32,DSProxy,personal,,no,,169.46,201928,no,,,per-user smart account
venue sweep: lowband_existing,aave-arbitrum,42161,0xde84136385c03702f556fb6ac341b3c54839c7b2,EOA,wallet,,no,,169.34,616600,no,,,no label; no vault counterparty in latest ERC-20 transfers (Ethereum) or registry match
venue sweep: lowband_existing,aave-core,1,0x96a2ba5780a466270b4895ab420a3505844a57af,EOA,wallet,,no,,169.2,183639,no,,,no label; no vault counterparty in latest ERC-20 transfers (Ethereum) or registry match
venue sweep: lowband_existing,morpho,8453,0xdb05921947bc33c271dcb499b625fedffdd693a0,Coinbase Smart Wallet,personal,,no,,169.04,77356,no,,,per-user smart account
venue sweep: lowband_existing,morpho,1,0x1734963b39c6f6828e96cf2e64c409d28bcb2569,EOA,wallet,,no,,168.98,279394,no,,,no label; no vault counterparty in latest ERC-20 transfers (Ethereum) or registry match
venue sweep: lowband_existing,morpho,1,0xdcc2675bbe4d931de00da054c62eb9fcff2175a9,EOA,wallet,,no,,168.91,231192,no,,,no label; no vault counterparty in latest ERC-20 transfers (Ethereum) or registry match
venue sweep: lowband_existing,aave-core,1,0xa9eea71d0b9ccec20906d987576dc27d8dceeb8c,EOA,wallet,,no,,168.61,126216,no,,,no label; no vault counterparty in latest ERC-20 transfers (Ethereum) or registry match
venue sweep: lowband_existing,aave-core,1,0xc2ab6f541bb9fee4cacd2c2149be3d8dd07f58c2,EOA,wallet,,no,,168.55,199017,no,,,no label; no vault counterparty in latest ERC-20 transfers (Ethereum) or registry match
venue sweep: liquity,Liquity v2 (BOLD) Liquity v2 (BOLD) branch 1 (wstETH/BOLD),1,0xce82b75db4cdd0985df8a942f0e756a35ed8aad4,Safe,wallet,,no,,168.35,171233,no,,,no label; no vault counterparty in latest ERC-20 transfers (Ethereum) or registry match
venue sweep: lowband_existing,aave-core,1,0xcaa6f0e7ea422ebaa63caece7e8530e01c418f32,EOA,wallet,,no,,168.26,322166,no,,,no label; no vault counterparty in latest ERC-20 transfers (Ethereum) or registry match
venue sweep: lowband_existing,aave-core,1,0x4b1f8f33dc62f1be7ea54a24a0df37c15e37d662,EOA,wallet,,no,,168.26,172948,no,,,no label; no vault counterparty in latest ERC-20 transfers (Ethereum) or registry match
venue sweep: lowband_existing,fluid,1,0x1ec6942b94bfa1f1c858fda515b66da74865fc7d,EOA,wallet,,no,,168.16,224466,no,,,no label; no vault counterparty in latest ERC-20 transfers (Ethereum) or registry match
venue sweep: lowband_existing,aave-core,1,0x277dcc4377746ac3ccbbafcf818bf552ce24615d,EOA,wallet,,no,,168.13,188761,no,,,no label; no vault counterparty in latest ERC-20 transfers (Ethereum) or registry match
venue sweep: maker,Sky/Maker ETH-B,1,0xd9b767a483dd6492961706d8ddf410a0966c2737,DSProxy,personal,,no,,168.0,106603,no,,,per-user smart account
venue sweep: lowband_existing,aave-core,1,0xc54a44634c88aeadf95a857b4345549ee7726867,EOA,wallet,,no,,167.93,197999,no,,,no label; no vault counterparty in latest ERC-20 transfers (Ethereum) or registry match
venue sweep: lowband_existing,morpho,8453,0xb8d5a5170266aea60c97874b77e81f40d5c8000c,Coinbase Smart Wallet,personal,,no,,167.87,144867,no,,,per-user smart account
venue sweep: lowband_existing,aave-core,1,0xac015fcaf46831e731de12dc4a9c725946551e8a,Safe,wallet,,no,,167.7,342896,no,,,no label; no vault counterparty in latest ERC-20 transfers (Ethereum) or registry match
venue sweep: lowband_existing,aave-core,1,0x862e82662c7ef7961bd1d8e2d35ca70cc0b4dfd6,EOA,wallet,,no,,167.45,208412,no,,,no label; no vault counterparty in latest ERC-20 transfers (Ethereum) or registry match
venue sweep: lowband_existing,morpho,1,0x888c62d6b94aa7854063fd7bdfb0f3a5e57bc739,EOA,wallet,,no,,167.35,159727,no,,,no label; no vault counterparty in latest ERC-20 transfers (Ethereum) or registry match
venue sweep: lowband_existing,aave-core,1,0xa7ad99bd0898b54e389c90df9f58d39e7573afc1,EOA,wallet,,no,,167.22,105870,no,,,no label; no vault counterparty in latest ERC-20 transfers (Ethereum) or registry match
venue sweep: lowband_existing,aave-core,1,0x711e9eb2c64796b0ba8603e906ee34eb8c953d44,Safe,wallet,,no,,167.07,247385,no,,,no label; no vault counterparty in latest ERC-20 transfers (Ethereum) or registry match
venue sweep: lowband_existing,aave-core,1,0x1d5c07feecdb05838e5de7c59e9cbaf7e13b2e74,EOA,wallet,,no,,167.01,506853,no,,,no label; no vault counterparty in latest ERC-20 transfers (Ethereum) or registry match
venue sweep: lowband_existing,aave-core,1,0xdd5c3b972d2d621a3b825ece1b50440376eb224d,EOA,wallet,,no,,166.91,181374,no,,,no label; no vault counterparty in latest ERC-20 transfers (Ethereum) or registry match
venue sweep: lowband_existing,aave-core,1,0x554192ef93870ff040ecd9d76147079e8d95daf2,EOA,wallet,,no,,166.87,184644,no,,,no label; no vault counterparty in latest ERC-20 transfers (Ethereum) or registry match
lending split,aave-core,1,0xe4797e3e062b799a203fda426f916878a9f669cb,EOA,wallet,,no,,166.85,299610,no,,,no label; no vault counterparty in latest ERC-20 transfers (Ethereum) or registry match
venue sweep: lowband_existing,compound-v3,1,0xfc7cbf81dee2d17cdd972322390d7759ba6baf3d,EOA,wallet,,no,,166.66,606645,no,,,no label; no vault counterparty in latest ERC-20 transfers (Ethereum) or registry match
venue sweep: lowband_existing,fluid,1,0xbc2b68ad8d0dcba9a1a0fb7ce12b6b1b06b0963f,EIP-7702,wallet,,no,,166.45,172934,no,,,no label; no vault counterparty in latest ERC-20 transfers (Ethereum) or registry match
venue sweep: lowband_existing,morpho,8453,0x31a22ff3495e5e3883d053d2392c48cfaf3e3909,Coinbase Smart Wallet,personal,,no,,166.31,168738,no,,,per-user smart account
venue sweep: lowband_existing,aave-arbitrum,42161,0xffec0df753b6171e8cd6cf3d13d872c012242f00,EOA,wallet,,no,,166.26,219718,no,,,no label; no vault counterparty in latest ERC-20 transfers (Ethereum) or registry match
venue sweep: lowband_existing,aave-base,8453,0x6311be4154cbeeb7c5530545ee5c32e498d2152c,EOA,wallet,,no,,166.2,137841,no,,,no label; no vault counterparty in latest ERC-20 transfers (Ethereum) or registry match
venue sweep: lowband_existing,morpho,8453,0xd6a154f5ec85948a5a5811ee0d9a124c68b2311b,EIP-7702,wallet,,no,,165.98,128595,no,,,no label; no vault counterparty in latest ERC-20 transfers (Ethereum) or registry match
venue sweep: lowband_existing,aave-core,1,0xfd81b27d9796a1ba7d7171ea70010c9befb2a62a,EOA,wallet,,no,,165.8,1875533,no,,,no label; no vault counterparty in latest ERC-20 transfers (Ethereum) or registry match
venue sweep: lowband_existing,morpho,1,0xb554b9856dfdbf52b98e0e4d2b981c34e20e1dab,EOA,wallet,,no,,165.74,202401,no,,,no label; no vault counterparty in latest ERC-20 transfers (Ethereum) or registry match
venue sweep: lowband_existing,morpho,1,0xe9b2d02e15c6ce780ccf62ba26c004fadbb527b7,EOA,wallet,,no,,165.63,174339,no,,,no label; no vault counterparty in latest ERC-20 transfers (Ethereum) or registry match
venue sweep: lowband_existing,aave-core,1,0x54df84884b1afc440c661f3f6dd82c8c0987395c,EIP-7702,wallet,,no,,165.61,312251,no,,,no label; no vault counterparty in latest ERC-20 transfers (Ethereum) or registry match
venue sweep: liquity,Liquity v2 (BOLD) Liquity v2 (BOLD) branch 1 (wstETH/BOLD),1,0x2ac2fb219c263602460a3bc70d25747728b03937,EOA,wallet,,no,,165.56,114129,no,,,no label; no vault counterparty in latest ERC-20 transfers (Ethereum) or registry match
venue sweep: lowband_existing,morpho,8453,0x47ec0f9a416106f953f91ebab103c8b81fa50d6d,EOA,wallet,,no,,165.48,161864,no,,,no label; no vault counterparty in latest ERC-20 transfers (Ethereum) or registry match
venue sweep: lowband_existing,aave-core,1,0xebce5936d8bb62a1ec7350e17ccc559d0394fddb,EOA,wallet,,no,,165.39,4464916,no,,,no label; no vault counterparty in latest ERC-20 transfers (Ethereum) or registry match
venue sweep: lowband_existing,aave-core,1,0x331c3ae77c67c512090ac212341b45f8d1ff1fec,EOA,wallet,,no,,165.13,194232,no,,,no label; no vault counterparty in latest ERC-20 transfers (Ethereum) or registry match
venue sweep: lowband_existing,aave-core,1,0x5011e7fdf322848b3359b433d44e77d78d12aa4b,EOA,wallet,,no,,165.13,186827,no,,,no label; no vault counterparty in latest ERC-20 transfers (Ethereum) or registry match
venue sweep: curve,Curve crvUSD mint sfrxETH/crvUSD,1,0xc9396c19c5ce1cb80be5a2c7f52d1cef88ac866e,EOA,wallet,,no,,164.86,206752,no,,,no label; no vault counterparty in latest ERC-20 transfers (Ethereum) or registry match
venue sweep: lowband_existing,aave-core,1,0xa370a2924ca50ab656add905412baaeea7c472ec,EOA,wallet,,no,,164.81,198418,no,,,no label; no vault counterparty in latest ERC-20 transfers (Ethereum) or registry match
venue sweep: lowband_existing,aave-core,1,0x1b33b79983fe7287b83183fee2a172415226cd82,EOA,wallet,,no,,164.77,134394,no,,,no label; no vault counterparty in latest ERC-20 transfers (Ethereum) or registry match
venue sweep: lowband_existing,aave-arbitrum,42161,0xcc7b4dad5c30bab96f26cd485d4be2355e79c621,EIP-7702,wallet,,no,,164.71,140662,no,,,no label; no vault counterparty in latest ERC-20 transfers (Ethereum) or registry match
venue sweep: lowband_existing,aave-core,1,0x4ab4f379618681249048b63a8b0869d53bc5c1be,EIP-7702,wallet,,no,,164.19,127510,no,,,no label; no vault counterparty in latest ERC-20 transfers (Ethereum) or registry match
venue sweep: liquity,Liquity v2 (BOLD) Liquity v2 (BOLD) branch 1 (wstETH/BOLD),1,0xd49bcf46613662595b6b425c3314daaf171690e3,EOA,wallet,,no,,163.91,224043,no,,,no label; no vault counterparty in latest ERC-20 transfers (Ethereum) or registry match
venue sweep: lowband_existing,spark,1,0x85c05e14099c9aea1d37e50e4431b0a92d2aa5a4,EOA,wallet,,no,,163.7,92510,no,,,no label; no vault counterparty in latest ERC-20 transfers (Ethereum) or registry match
venue sweep: lowband_existing,aave-core,1,0xeb86bef431e75d32e02eed4209400f2c42c77ba7,EOA,wallet,,no,,163.61,98968,no,,,no label; no vault counterparty in latest ERC-20 transfers (Ethereum) or registry match
venue sweep: lowband_existing,aave-core,1,0x23782030ebd5bb2ccc6acee5668f3583b6c1875b,EOA,wallet,,no,,163.49,134776,no,,,no label; no vault counterparty in latest ERC-20 transfers (Ethereum) or registry match
venue sweep: lowband_existing,aave-core,1,0xe272645a5a908810a374e4dcc1581da3521a8961,EOA,wallet,,no,,163.35,153008,no,,,no label; no vault counterparty in latest ERC-20 transfers (Ethereum) or registry match
venue sweep: lowband_existing,morpho,8453,0xdd7856ece70774f7a54d85c6d55dd69f5539f091,Coinbase Smart Wallet,personal,,no,,163.07,239128,no,,,per-user smart account
venue sweep: lowband_existing,morpho,8453,0x084d50ca0d448f23efd7dd5516d6ef9e8849f18d,Coinbase Smart Wallet,personal,,no,,163.0,145467,no,,,per-user smart account
venue sweep: lowband_existing,morpho,480,0xa23e234f748ed9da9a2d1b942afb84c466a6a034,EOA,wallet,,no,,162.9,334557,no,,,no label; no vault counterparty in latest ERC-20 transfers (Ethereum) or registry match
venue sweep: lowband_existing,morpho,8453,0xb57b029eeac721220d80254dd7a8f8ff9bd38e81,Coinbase Smart Wallet,personal,,no,,162.88,286645,no,,,per-user smart account
venue sweep: lowband_existing,compound-v3,1,0x398104ee496318d10ba3d47cf2492b5b7d80d639,DSProxy,personal,,no,,162.84,144773,no,,,per-user smart account
venue sweep: lowband_existing,aave-core,1,0x1c9730c3c0590ac56a3850b04b35e9a7d62fcecc,EOA,wallet,,no,,162.81,233005,no,,,no label; no vault counterparty in latest ERC-20 transfers (Ethereum) or registry match
venue sweep: curve,Curve crvUSD mint wstETH/crvUSD,1,0x544a40955ba1c7e56e161a59e1319e3313c25251,EOA,wallet,,no,,162.58,233778,no,,,no label; no vault counterparty in latest ERC-20 transfers (Ethereum) or registry match
venue sweep: lowband_existing,aave-core,1,0x22f6215b40434d9135b06f1c676fd9291936aac3,EOA,wallet,,no,,162.4,199333,no,,,no label; no vault counterparty in latest ERC-20 transfers (Ethereum) or registry match
venue sweep: lowband_existing,morpho,8453,0x5eb52998f8a5b72482414c82bd98de1f6c2a59da,Coinbase Smart Wallet,personal,,no,,162.38,214349,no,,,per-user smart account
venue sweep: lowband_existing,aave-core,1,0xbd309eb6d5b79442f8cf45d4304a93d8038e2373,EOA,wallet,,no,,162.36,354141,no,,,no label; no vault counterparty in latest ERC-20 transfers (Ethereum) or registry match
venue sweep: lowband_existing,fluid,1,0x7c7565ad321ad3df118738fb16ea3bfd416334de,EIP-7702,wallet,,no,,162.2,201338,no,,,no label; no vault counterparty in latest ERC-20 transfers (Ethereum) or registry match
venue sweep: lowband_existing,aave-core,1,0x288ef3b3c16e1ee95dad5c1fd6cce203ebe866fa,EOA,wallet,,no,,161.9,100737,no,,,no label; no vault counterparty in latest ERC-20 transfers (Ethereum) or registry match
venue sweep: lowband_existing,morpho,1,0x49eafd5be294ef68188679295d561e9bee1d912d,EOA,wallet,,no,,161.89,182468,no,,,no label; no vault counterparty in latest ERC-20 transfers (Ethereum) or registry match
venue sweep: lowband_existing,aave-base,8453,0x959c3c0b23312bb9610febdc4695643a31aeb2c2,Safe,wallet,,no,,161.87,50060,no,,,no label; no vault counterparty in latest ERC-20 transfers (Ethereum) or registry match
venue sweep: lowband_existing,aave-core,1,0x433697934654cf7d95284224ab1e5f3b7416a677,EOA,wallet,,no,,161.7,134851,no,,,no label; no vault counterparty in latest ERC-20 transfers (Ethereum) or registry match
venue sweep: lowband_existing,aave-core,1,0xcbd4fa94fa3ac5782155bc8b414b83220ee1a8d6,EOA,wallet,,no,,161.67,252261,no,,,no label; no vault counterparty in latest ERC-20 transfers (Ethereum) or registry match
venue sweep: lowband_existing,spark,1,0x3814d72ddb4c438e4ddd6748d9e337c10f15575e,Safe,wallet,,no,,161.6,96586,no,,,no label; no vault counterparty in latest ERC-20 transfers (Ethereum) or registry match
venue sweep: lowband_existing,aave-core,1,0x6f51406542067d95c6d8baa81ccf2387013d2d6b,EIP-7702,wallet,,no,,161.39,111549,no,,,no label; no vault counterparty in latest ERC-20 transfers (Ethereum) or registry match
venue sweep: lowband_existing,morpho,1,0x97ec4001ad1d2a1fbb581ea34c5c0bd4a210c25c,EOA,wallet,,no,,161.34,178288,no,,,no label; no vault counterparty in latest ERC-20 transfers (Ethereum) or registry match
venue sweep: lowband_existing,aave-core,1,0x062d3475b7b2f5baf9a30ed9dfd1a53dcdd4fe7a,EOA,wallet,,no,,161.34,146990,no,,,no label; no vault counterparty in latest ERC-20 transfers (Ethereum) or registry match
venue sweep: lowband_existing,morpho,8453,0xb315df8cc4caf2aecd68be4f3f4efd2814fa965d,Coinbase Smart Wallet,personal,,no,,161.27,246371,no,,,per-user smart account
venue sweep: maker,Sky/Maker ETH-A,1,0xb74b4390844c43f1ce86f4614aad630ab7c42fca,DSProxy,personal,,no,,161.23,127261,no,,,per-user smart account
venue sweep: lowband_existing,aave-core,1,0xd348f459812cd9fe1461c6b69025ede14d2235e6,EOA,wallet,,no,,161.08,199130,no,,,no label; no vault counterparty in latest ERC-20 transfers (Ethereum) or registry match
venue sweep: lowband_existing,morpho,8453,0x671da09e77c863f27b2fb859a11b1a1f4ce823d4,Coinbase Smart Wallet,personal,,no,,161.02,124216,no,,,per-user smart account
venue sweep: lowband_existing,aave-core,1,0x5e37939becca1818378c52835ad1ebb1ddc4b344,EOA,wallet,,no,,160.9,330712,no,,,no label; no vault counterparty in latest ERC-20 transfers (Ethereum) or registry match
venue sweep: lowband_existing,aave-core,1,0x47e6abe1e70e753a51323bf2c4b2131b61e85fcb,EOA,wallet,,no,,160.68,154176,no,,,no label; no vault counterparty in latest ERC-20 transfers (Ethereum) or registry match
venue sweep: lowband_existing,aave-core,1,0x72aef46a2b46fd078530a1a61e18bf68ff78eb0c,EOA,wallet,,no,,160.6,134007,no,,,no label; no vault counterparty in latest ERC-20 transfers (Ethereum) or registry match
venue sweep: lowband_existing,aave-core,1,0xce4d4bf74cf639d99c26803f6dbc0a8054329c16,EIP-7702,wallet,,no,,160.46,149839,no,,,no label; no vault counterparty in latest ERC-20 transfers (Ethereum) or registry match
venue sweep: lowband_existing,aave-core,1,0x64b37659c33e0d26cd99ec63672005f6b64a6401,Instadapp DSA,personal,,no,,160.2,254509,no,,,per-user smart account
venue sweep: lowband_existing,aave-core,1,0x691d9317eeb685fcbad4b1039e0218f335666666,EOA,wallet,,no,,160.17,182455,no,,,no label; no vault counterparty in latest ERC-20 transfers (Ethereum) or registry match
venue sweep: lowband_existing,aave-core,1,0x26273fc0947d802c906cd6868b33fb5834f0fce1,EOA,wallet,,no,,160.14,240216,no,,,no label; no vault counterparty in latest ERC-20 transfers (Ethereum) or registry match
venue sweep: lowband_existing,aave-core,1,0x2784a546209e86b0c7757f62597f40cd84639379,EOA,wallet,,no,,160.12,371203,no,,,no label; no vault counterparty in latest ERC-20 transfers (Ethereum) or registry match
venue sweep: lowband_existing,aave-core,1,0x5f6246ac8204e963e5997b21f9ced6b0a332c25f,Safe,wallet,,no,,160.04,260077,no,,,no label; no vault counterparty in latest ERC-20 transfers (Ethereum) or registry match
venue sweep: lowband_existing,compound-v3,1,0x2d1a5c2269237cf98f7d5dafe1bef2f9fed4f1d9,EOA,wallet,,no,,160.0,332867,no,,,no label; no vault counterparty in latest ERC-20 transfers (Ethereum) or registry match
venue sweep: maker,Sky/Maker ETH-A,1,0xa225a65a5cd0620f21c3a0d7c981524c627935f8,DSProxy,personal,,no,,160.0,78700,no,,,per-user smart account
venue sweep: maker,Sky/Maker ETH-C,1,0x7eff54e2848eb287a61845c310adca9be330a22c,DSProxy,personal,,no,,160.0,44315,no,,,per-user smart account
venue sweep: lowband_existing,aave-core,1,0xba76d6c21578f91f2c7b270c9d5e14ba9c5dc75b,EOA,wallet,,no,,159.95,70279,no,,,no label; no vault counterparty in latest ERC-20 transfers (Ethereum) or registry match
venue sweep: lowband_existing,compound-v3,1,0x1356b0b269a990efc859567f447d04069bb70393,EOA,wallet,,no,,159.81,537956,no,,,no label; no vault counterparty in latest ERC-20 transfers (Ethereum) or registry match
venue sweep: lowband_existing,compound-v3,1,0xc95f235896f5a82486ab645596fc29b76e52900c,EOA,wallet,,no,,159.81,212847,no,,,no label; no vault counterparty in latest ERC-20 transfers (Ethereum) or registry match
venue sweep: lowband_existing,morpho,8453,0xbffa6c15d977110b3cbe74b09d8a60860b298282,Coinbase Smart Wallet,personal,,no,,159.65,204170,no,,,per-user smart account
venue sweep: lowband_existing,aave-core,1,0x913ea74ff2ae653671718f10bb6f22690091136b,EOA,wallet,,no,,159.63,155446,no,,,no label; no vault counterparty in latest ERC-20 transfers (Ethereum) or registry match
venue sweep: lowband_existing,morpho,8453,0xf91ee5d8e7644961933f71f385d301e469eed8f0,Coinbase Smart Wallet,personal,,no,,159.52,252459,no,,,per-user smart account
venue sweep: lowband_existing,morpho,8453,0xe14672b3f927d0e630e25d43bcb9c39a51a65ec3,Coinbase Smart Wallet,personal,,no,,159.45,143325,no,,,per-user smart account
venue sweep: lowband_existing,morpho,1,0xbdb127a6cbec52f39ec99f7f9001a58ca1360cb5,Safe,wallet,,no,,159.39,241024,no,,,no label; no vault counterparty in latest ERC-20 transfers (Ethereum) or registry match
venue sweep: lowband_existing,aave-core,1,0x7c3bdc47ec3e1d28ceac3f8d556852220ef2e150,EOA,wallet,,no,,159.29,119855,no,,,no label; no vault counterparty in latest ERC-20 transfers (Ethereum) or registry match
venue sweep: lowband_existing,aave-core,1,0x4715fbe0a751457fc9a5e1f8d05aefaa2674a158,EIP-7702,wallet,,no,,159.28,325899,no,,,no label; no vault counterparty in latest ERC-20 transfers (Ethereum) or registry match
venue sweep: lowband_existing,fluid,1,0xf45d52c54692c93cb1190b570f451c92246a35f4,EOA,wallet,,no,,159.15,25168,no,,,no label; no vault counterparty in latest ERC-20 transfers (Ethereum) or registry match
venue sweep: lowband_existing,morpho,1,0x28a38ed9ae6b0afb7f78ff2de93a5b922d3120b8,EOA,wallet,,no,,159.12,61631,no,,,no label; no vault counterparty in latest ERC-20 transfers (Ethereum) or registry match
venue sweep: lowband_existing,compound-v3,1,0x3daab4897d47a3dc8da6745a7021e03e3df857a0,Safe,wallet,,no,,159.05,101098,no,,,no label; no vault counterparty in latest ERC-20 transfers (Ethereum) or registry match
venue sweep: maker,Sky/Maker ETH-A,1,0x34012fc51656e2fdd35ade875020fb2341f6fdde,DSProxy,personal,,no,,158.97,121197,no,,,per-user smart account
venue sweep: lowband_existing,aave-core,1,0x4be88484c976da9e0ab550afc5ba91ba277d4f01,EOA,wallet,,no,,158.82,168758,no,,,no label; no vault counterparty in latest ERC-20 transfers (Ethereum) or registry match
venue sweep: lowband_existing,fluid,1,0xee97c3aac6aa175284a30c56385e593970c25c57,EOA,wallet,,no,,158.72,114183,no,,,no label; no vault counterparty in latest ERC-20 transfers (Ethereum) or registry match
venue sweep: lowband_existing,aave-core,1,0xfc3b069b0ddbbd160438775367df99654d0e6b1e,EOA,wallet,,no,,158.67,423628,no,,,no label; no vault counterparty in latest ERC-20 transfers (Ethereum) or registry match
venue sweep: lowband_existing,aave-core,1,0xce6451a42846b41bdec522cbf45ce6e22fb282c5,EOA,wallet,,no,,158.58,217741,no,,,no label; no vault counterparty in latest ERC-20 transfers (Ethereum) or registry match
venue sweep: fluid_42161,fluid,42161,0xfcc2575eb630560dd10429eeab29ddaec226c07a,EOA,wallet,,no,,158.45,227499,no,,,no label; no vault counterparty in latest ERC-20 transfers (Ethereum) or registry match
venue sweep: lowband_existing,aave-base,8453,0xf0929ffe369cafaab786bf6ab535359b31cb98eb,EIP-7702,wallet,,no,,158.27,183566,no,,,no label; no vault counterparty in latest ERC-20 transfers (Ethereum) or registry match
venue sweep: lowband_existing,aave-core,1,0xcb95349931c34c04979d18e537fa2ef2871e409a,EOA,wallet,,no,,158.22,607,no,,,no label; no vault counterparty in latest ERC-20 transfers (Ethereum) or registry match
venue sweep: lowband_existing,aave-arbitrum,42161,0x22c3b55072adfaf2b9d49fea6e99131ed77f808e,EOA,wallet,,no,,158.01,87009,no,,,no label; no vault counterparty in latest ERC-20 transfers (Ethereum) or registry match
venue sweep: lowband_existing,aave-core,1,0x9adda671fd7186c1df90681e2e85d8511ee9a16b,EOA,wallet,,no,,157.74,164721,no,,,no label; no vault counterparty in latest ERC-20 transfers (Ethereum) or registry match
venue sweep: lowband_existing,aave-core,1,0x99bcaf0c8a899f4e2d15276f7b4f55f96d89cd12,EOA,wallet,,no,,157.74,252606,no,,,no label; no vault counterparty in latest ERC-20 transfers (Ethereum) or registry match
venue sweep: lowband_existing,aave-core,1,0x7453275ad8cacf3a44d19bd10e5b6a2832b05fc3,EOA,wallet,,no,,157.47,136641,no,,,no label; no vault counterparty in latest ERC-20 transfers (Ethereum) or registry match
venue sweep: maker,Sky/Maker ETH-A,1,0x65d1c9013374ac1f356b46d51cb098cffde626b7,UserWallet,personal,,no,,157.43,23082,no,,,per-user smart account
venue sweep: curve,Curve crvUSD mint wstETH/crvUSD,1,0x5bcfbbe06d2de987d185ac1c0a17f98db028ee45,EOA,wallet,,no,,157.41,180489,no,,,no label; no vault counterparty in latest ERC-20 transfers (Ethereum) or registry match
venue sweep: lowband_existing,morpho,8453,0xf8cfc0734fea580049fa28c1b8deb02babf0abcb,Coinbase Smart Wallet,personal,,no,,157.27,123086,no,,,per-user smart account
venue sweep: lowband_existing,aave-core,1,0xe73bbd667cfbc379643af0ec0e383232c6cbc324,EOA,wallet,,no,,157.26,615797,no,,,no label; no vault counterparty in latest ERC-20 transfers (Ethereum) or registry match
venue sweep: lowband_existing,aave-core,1,0x95ea9bddca12d17d954165510850276e981d3b01,EIP-7702,wallet,,no,,157.24,283911,no,,,no label; no vault counterparty in latest ERC-20 transfers (Ethereum) or registry match
venue sweep: lowband_existing,aave-core,1,0xeb9e8722bbfb8654689e64a3c6587590bdb242b8,EOA,wallet,,no,,157.24,1389645,no,,,no label; no vault counterparty in latest ERC-20 transfers (Ethereum) or registry match
venue sweep: lowband_existing,morpho,8453,0x780af11807c4ddbc377ec21f045032dfecd2632f,Coinbase Smart Wallet,personal,,no,,157.08,178646,no,,,per-user smart account
venue sweep: lowband_existing,aave-core,1,0x0cc927d3ae7c39792e1c324d978a0695e0382da5,EOA,wallet,,no,,157.07,448365,no,,,no label; no vault counterparty in latest ERC-20 transfers (Ethereum) or registry match
venue sweep: lowband_existing,aave-core,1,0x775c2f2ee7de6c2d4c91112c59af79edcef9be63,EOA,wallet,,no,,157.03,184255,no,,,no label; no vault counterparty in latest ERC-20 transfers (Ethereum) or registry match
venue sweep: fluid_42161,fluid,42161,0x44a3f0354f4c10eb9cd93e522b5e3210d126f054,EIP-7702,wallet,,no,,157.02,175339,no,,,no label; no vault counterparty in latest ERC-20 transfers (Ethereum) or registry match
venue sweep: lowband_existing,aave-core,1,0x6a0424bcba352288c70566d00cf964d4167aacbe,EOA,wallet,,no,,156.99,154150,no,,,no label; no vault counterparty in latest ERC-20 transfers (Ethereum) or registry match
venue sweep: lowband_existing,morpho,1,0xe6a9ac8c4bf8ab30409d08d292e0aa64bf477048,EOA,wallet,,no,,156.91,200336,no,,,no label; no vault counterparty in latest ERC-20 transfers (Ethereum) or registry match
venue sweep: lowband_existing,aave-arbitrum,42161,0xcfbfaebe291af69ffd70b2bf7f8f83fc117ed520,EIP-7702,wallet,,no,,156.75,183472,no,,,no label; no vault counterparty in latest ERC-20 transfers (Ethereum) or registry match
venue sweep: lowband_existing,aave-core,1,0x9617b08850b3bf98a027b31deb61d45c061f5ee6,EOA,wallet,,no,,156.73,23897,no,,,no label; no vault counterparty in latest ERC-20 transfers (Ethereum) or registry match
venue sweep: lowband_existing,aave-core,1,0x1bb72531ef6ef9bc2e814417090aea519cf9d132,EOA,wallet,,no,,156.64,226480,no,,,no label; no vault counterparty in latest ERC-20 transfers (Ethereum) or registry match
venue sweep: lowband_existing,aave-core,1,0x14db7921cae48b3a1839b01d865e58afb0d5960f,EOA,wallet,,no,,156.64,147292,no,,,no label; no vault counterparty in latest ERC-20 transfers (Ethereum) or registry match
venue sweep: lowband_existing,morpho,1,0xccf6e34c8896220a80421bd189c781e0a7fcbfb4,EOA,wallet,,no,,156.58,116731,no,,,no label; no vault counterparty in latest ERC-20 transfers (Ethereum) or registry match
venue sweep: lowband_existing,aave-core,1,0x0e0387fcba0250a0a49feaa9e91c9c0c22444b9e,EOA,wallet,,no,,156.48,103407,no,,,no label; no vault counterparty in latest ERC-20 transfers (Ethereum) or registry match
venue sweep: lowband_existing,aave-core,1,0x010462e09d11875b5b17e1d800951919423f9616,EIP-7702,wallet,,no,,156.43,77735,no,,,no label; no vault counterparty in latest ERC-20 transfers (Ethereum) or registry match
venue sweep: liquity,Liquity v2 (BOLD) Liquity v2 (BOLD) branch 1 (wstETH/BOLD),1,0xd5d059581f794657d2f82cadcd6ae484ccffd3fa,EOA,wallet,,no,,156.41,102082,no,,,no label; no vault counterparty in latest ERC-20 transfers (Ethereum) or registry match
venue sweep: lowband_existing,aave-core,1,0x4f4ccd55a3188bcf8bcb3fef11cac445e4e8bf07,EOA,wallet,,no,,156.34,122986,no,,,no label; no vault counterparty in latest ERC-20 transfers (Ethereum) or registry match
venue sweep: lowband_existing,aave-core,1,0x43059a0f5349b0259b4135dd6c3572a7992dbee8,Safe,wallet,,no,,156.29,245508,no,,,no label; no vault counterparty in latest ERC-20 transfers (Ethereum) or registry match
venue sweep: lowband_existing,aave-v4,1,0x337abcc7a4cec7903bab04876c1061f403e2e8e5@0x973a023a,EIP-7702,wallet,,no,,156.11,421966,no,,,no label; no vault counterparty in latest ERC-20 transfers (Ethereum) or registry match
venue sweep: lowband_existing,aave-core,1,0x1b9161f7b3b14b8ab8e3e980bd66fbc38f2bb12d,EOA,wallet,,no,,156.01,172344,no,,,no label; no vault counterparty in latest ERC-20 transfers (Ethereum) or registry match
venue sweep: lowband_existing,spark,1,0x6f1b88ac64e1c0f2cd7dc9cc8ffbdadc0eef2fd9,EIP-7702,wallet,,no,,155.93,90855,no,,,no label; no vault counterparty in latest ERC-20 transfers (Ethereum) or registry match
venue sweep: lowband_existing,aave-core,1,0x12c9c42d8fb9b3c147abf3d24b7eba38e0393e44,EOA,wallet,,no,,155.5,379444,no,,,no label; no vault counterparty in latest ERC-20 transfers (Ethereum) or registry match
venue sweep: lowband_existing,aave-core,1,0x2d36a0131e3c90628230ae9199943be91d26836d,EOA,wallet,,no,,155.47,511025,no,,,no label; no vault counterparty in latest ERC-20 transfers (Ethereum) or registry match
venue sweep: lowband_existing,aave-core,1,0x7246700264e9c6a392a8df43f093f7701d00f789,EIP-7702,wallet,,no,,155.37,96498,no,,,no label; no vault counterparty in latest ERC-20 transfers (Ethereum) or registry match
venue sweep: lowband_existing,aave-core,1,0x03d60763cfe40d907640fd52ef5787beaf8eee9e,EOA,wallet,,no,,155.36,176122,no,,,no label; no vault counterparty in latest ERC-20 transfers (Ethereum) or registry match
venue sweep: lowband_existing,aave-core,1,0x5056831b87a0e2df941c34b34882ede98e53a163,EOA,wallet,,no,,155.32,50595,no,,,no label; no vault counterparty in latest ERC-20 transfers (Ethereum) or registry match
venue sweep: lowband_existing,morpho,8453,0x4b5aad128e9921114a3d29bce9f3bb1435a6f689,Coinbase Smart Wallet,personal,,no,,155.29,329320,no,,,per-user smart account
venue sweep: lowband_existing,aave-core,1,0x54e4b5982e812cd752d68334d9e047a7207a5647,EOA,wallet,,no,,155.11,41146,no,,,no label; no vault counterparty in latest ERC-20 transfers (Ethereum) or registry match
venue sweep: lowband_existing,morpho,8453,0xb62a99d6147823e54e227dbe3eaaeaf3f15e2881,Coinbase Smart Wallet,personal,,no,,155.11,329270,no,,,per-user smart account
venue sweep: lowband_existing,aave-arbitrum,42161,0x28cdbd7dea630c9dd1435c73768d197b5fbc1132,EOA,wallet,,no,,155.1,60333,no,,,no label; no vault counterparty in latest ERC-20 transfers (Ethereum) or registry match
venue sweep: lowband_existing,aave-v4,1,0xfd25419ff0aa46e5d7a9173e853fa27ec9207c35@0x94e7a5dc,EOA,wallet,,no,,155.02,101171,no,,,no label; no vault counterparty in latest ERC-20 transfers (Ethereum) or registry match
venue sweep: maker,Sky/Maker ETH-A,1,0x235d6a8db3c57c3f7b4eba749e1738db6093732a,DSProxy,personal,,no,,155.0,87251,no,,,per-user smart account
venue sweep: maker,Sky/Maker ETH-A,1,0x60aa0c17a519332f843cff102b3de6568fedd67e,DSProxy,personal,,no,,155.0,62473,no,,,per-user smart account
venue sweep: curve,Curve crvUSD mint sfrxETH/crvUSD,1,0x1c12eab3a5b2c5126301ef4143c7ff5642528fac,Safe 2-of-7,wallet,,no,,154.84,121095,no,,,no label; no vault counterparty in latest ERC-20 transfers (Ethereum) or registry match
venue sweep: lowband_existing,compound-v3,1,0xda1d41fbc625282eb09744efc8da1a66a494a298,EOA,wallet,,no,,154.8,23138473,no,,not checked (ETH-backed debt under $1M),Not identity-checked: ETH-backed part under $1M
venue sweep: lowband_existing,aave-core,1,0x6a98707280df3a4a1fdd4d9d3d1f63a0ee14c737,EOA,wallet,,no,,154.78,352443,no,,,no label; no vault counterparty in latest ERC-20 transfers (Ethereum) or registry match
venue sweep: lowband_existing,aave-core,1,0xf47e417a9a79c422b67b6fdbb00102cce16a5001,EOA,wallet,,no,,154.66,40792,no,,,no label; no vault counterparty in latest ERC-20 transfers (Ethereum) or registry match
venue sweep: aave_aave-optimism,aave-optimism,10,0x85c05e14099c9aea1d37e50e4431b0a92d2aa5a4,EOA,wallet,,no,,154.64,85318,no,,,no label; no vault counterparty in latest ERC-20 transfers (Ethereum) or registry match
venue sweep: lowband_existing,aave-core,1,0x8482694d9bbf434bf2801f49be04dee5bc459d07,EOA,wallet,,no,,154.6,279879,no,,,no label; no vault counterparty in latest ERC-20 transfers (Ethereum) or registry match
venue sweep: lowband_existing,aave-prime,1,0x2acc146f303463517f553b0e705657963564b717,EOA,wallet,,no,,154.54,158585,no,,,no label; no vault counterparty in latest ERC-20 transfers (Ethereum) or registry match
venue sweep: aave_aave-avalanche,aave-avalanche,43114,0x605b5f23f41a3e690df6984b9a47aa7399c7d057,EOA,wallet,,no,,154.2,116204,no,,,no label; no vault counterparty in latest ERC-20 transfers (Ethereum) or registry match
venue sweep: lowband_existing,aave-core,1,0xe76a6c084f9ae4eee55be64854dad8666605be8f,Safe,wallet,,no,,154.19,51624,no,,,no label; no vault counterparty in latest ERC-20 transfers (Ethereum) or registry match
venue sweep: lowband_existing,fluid,1,0x2a89fd104208360296917461f7672f936df12291,EOA,wallet,,no,,154.13,249936,no,,,no label; no vault counterparty in latest ERC-20 transfers (Ethereum) or registry match
venue sweep: lowband_existing,morpho,1,0x737911a3b26f02cd0135436da01212e414440133,EOA,wallet,,no,,154.11,186436,no,,,no label; no vault counterparty in latest ERC-20 transfers (Ethereum) or registry match
venue sweep: lowband_existing,aave-core,1,0x5b6b80846973fc32bf7d7e1072d665a10acc288b,EOA,wallet,,no,,153.97,152901,no,,,no label; no vault counterparty in latest ERC-20 transfers (Ethereum) or registry match
venue sweep: lowband_existing,aave-core,1,0xa56d9f75b86fdaa763252cc71f1589947ee1a1a6,DSProxy,personal,,no,,153.77,206828,no,,,per-user smart account
venue sweep: lowband_existing,aave-core,1,0x94b4b2834a7856ccf4e2a1878b714c96164de0d5,Safe,wallet,,no,,153.59,180218,no,,,no label; no vault counterparty in latest ERC-20 transfers (Ethereum) or registry match
venue sweep: lowband_existing,aave-core,1,0x1a26c46e68d5d5515e63c8351a12826e2d53055b,EOA,wallet,,no,,153.54,222123,no,,,no label; no vault counterparty in latest ERC-20 transfers (Ethereum) or registry match
venue sweep: lowband_existing,aave-core,1,0x6fda6f746366b66a1aedd4fae34cba12c217ca9a,EOA,wallet,,no,,153.51,125197,no,,,no label; no vault counterparty in latest ERC-20 transfers (Ethereum) or registry match
venue sweep: lowband_existing,compound-v3,1,0xda63f22bf4bdc0b88536bdf4375fc9e14862abd8,EOA,wallet,,no,,153.3,175931,no,,,no label; no vault counterparty in latest ERC-20 transfers (Ethereum) or registry match
venue sweep: lowband_existing,spark,1,0x7d02e5a16ba38d61ac5eca5c6536f23d09e3add0,EOA,wallet,,no,,153.26,109810,no,,,no label; no vault counterparty in latest ERC-20 transfers (Ethereum) or registry match
venue sweep: lowband_existing,aave-arbitrum,42161,0x7044be555aea5bddb3b9808658500d4e0d0a6b6e,EOA,wallet,,no,,153.16,188200,no,,,no label; no vault counterparty in latest ERC-20 transfers (Ethereum) or registry match
venue sweep: lowband_existing,morpho,1,0x62dd16f64421f54ce9d803d8a5f91464c27f4bd9,EOA,wallet,,no,,152.77,237603,no,,,no label; no vault counterparty in latest ERC-20 transfers (Ethereum) or registry match
venue sweep: lowband_existing,compound-v3,1,0x89be8f2da700ce27c7e1c4d06813e76a4172e352,EOA,wallet,,no,,152.6,171540,no,,,no label; no vault counterparty in latest ERC-20 transfers (Ethereum) or registry match
venue sweep: lowband_existing,morpho,1,0x40e0e194bcf8cb5f876b92827503eee84727a3a3,EOA,wallet,,no,,152.53,138233,no,,,no label; no vault counterparty in latest ERC-20 transfers (Ethereum) or registry match
venue sweep: lowband_existing,aave-core,1,0xdf01b617f94f3f043e8433ebbbbedd73e435ff85,Safe,wallet,,no,,152.4,63064,no,,,no label; no vault counterparty in latest ERC-20 transfers (Ethereum) or registry match
venue sweep: lowband_existing,morpho,8453,0xa3ea500e36dcb8b101db9e8d15a3730faf33bccd,Coinbase Smart Wallet,personal,,no,,152.25,86120,no,,,per-user smart account
venue sweep: lowband_existing,aave-arbitrum,42161,0xbd5a76f59df49527e47df66d7d7b5590a237871d,EIP-7702,wallet,,no,,152.13,246322,no,,,no label; no vault counterparty in latest ERC-20 transfers (Ethereum) or registry match
venue sweep: lowband_existing,aave-core,1,0x531166d2aae840f565b930b22918e2ce5f29e5d3,Safe,wallet,,no,,152.08,225701,no,,,no label; no vault counterparty in latest ERC-20 transfers (Ethereum) or registry match
venue sweep: lowband_existing,aave-core,1,0xbf3fa66e9a2d45e1528120b56c7e70ab212e5b64,EOA,wallet,,no,,151.95,163962,no,,,no label; no vault counterparty in latest ERC-20 transfers (Ethereum) or registry match
venue sweep: lowband_existing,aave-core,1,0x2a7efe2f06f930b21fc14cfc25bae6a7354ca7a3,EOA,wallet,,no,,151.94,166334,no,,,no label; no vault counterparty in latest ERC-20 transfers (Ethereum) or registry match
venue sweep: lowband_existing,aave-v4,1,0xbcb25e6df6afaaeaa3f3e2e4dde2ece5b3d2bb38@0x973a023a,EOA,wallet,,no,,151.94,205375,no,,,no label; no vault counterparty in latest ERC-20 transfers (Ethereum) or registry match
venue sweep: lowband_existing,aave-core,1,0x12915074b7057c4ab73ea30a2464b2b39912b01b,EOA,wallet,,no,,151.83,388806,no,,,no label; no vault counterparty in latest ERC-20 transfers (Ethereum) or registry match
venue sweep: lowband_existing,aave-core,1,0xf95a2a0928465939562983962ea756d742d38cae,EOA,wallet,,no,,151.78,298053,no,,,no label; no vault counterparty in latest ERC-20 transfers (Ethereum) or registry match
venue sweep: lowband_existing,spark,1,0xcc1ed5eb10084329c3468161e9f3fc055e26da0d,EOA,wallet,,no,,151.67,130731,no,,,no label; no vault counterparty in latest ERC-20 transfers (Ethereum) or registry match
venue sweep: lowband_existing,aave-core,1,0xf7cdee04e8be704140dbf378eb83720778e9ac7b,EOA,wallet,,no,,151.64,180930,no,,,no label; no vault counterparty in latest ERC-20 transfers (Ethereum) or registry match
venue sweep: lowband_existing,morpho,8453,0x45b7bff4808165baa952995df71c7a3dc29f4a1d,EOA,wallet,,no,,151.57,221543,no,,,no label; no vault counterparty in latest ERC-20 transfers (Ethereum) or registry match
venue sweep: lowband_existing,morpho,8453,0xb63ec091c5549e5ae8ed742ae4d6d2dab4e7210c,Coinbase Smart Wallet,personal,,no,,151.52,156098,no,,,per-user smart account
venue sweep: lowband_existing,aave-core,1,0x13df1417f71414bdbf1b6f2859d4be087c7b744f,EOA,wallet,,no,,151.45,122736,no,,,no label; no vault counterparty in latest ERC-20 transfers (Ethereum) or registry match
venue sweep: lowband_existing,morpho,1,0x7d652ab535f368c84ba375ee61c745fc05527e35,EOA,wallet,,no,,151.34,127094,no,,,no label; no vault counterparty in latest ERC-20 transfers (Ethereum) or registry match
venue sweep: lowband_existing,aave-core,1,0xbed4dbd30fd3aed29c2d133fddb611f8aa517c6b,EOA,wallet,,no,,151.16,974264,no,,,no label; no vault counterparty in latest ERC-20 transfers (Ethereum) or registry match
venue sweep: lowband_existing,aave-arbitrum,42161,0xc1403dfaf414d3a318ad3bcd41147aeacb45d661,EOA,wallet,,no,,151.14,214057,no,,,no label; no vault counterparty in latest ERC-20 transfers (Ethereum) or registry match
venue sweep: lowband_existing,aave-core,1,0x07ce1502d983f9cec604af03157f9a40b12f4542,EOA,wallet,,no,,151.05,117334,no,,,no label; no vault counterparty in latest ERC-20 transfers (Ethereum) or registry match
venue sweep: lowband_existing,aave-core,1,0x0384af3a95757b13e6499c6df0df5763742bf08a,EOA,wallet,,no,,151.02,103073,no,,,no label; no vault counterparty in latest ERC-20 transfers (Ethereum) or registry match
venue sweep: lowband_existing,spark,1,0x73bed26d980462cbff10a585216848cd4c6886dc,Safe,wallet,,no,,151.02,130014,no,,,no label; no vault counterparty in latest ERC-20 transfers (Ethereum) or registry match
venue sweep: lowband_existing,morpho,1,0x2e5941cc1be5d93466bb8878da510fd484a34a69,EOA,wallet,,no,,150.97,151549,no,,,no label; no vault counterparty in latest ERC-20 transfers (Ethereum) or registry match
venue sweep: lowband_existing,aave-core,1,0x8530001d75d49fb537d8ab63b985eafe6b2a9857,EOA,wallet,,no,,150.81,156523,no,,,no label; no vault counterparty in latest ERC-20 transfers (Ethereum) or registry match
venue sweep: lowband_existing,morpho,8453,0xe9cdc8ebd9702b6c34eb54519de6106aa2bac4bf,Coinbase Smart Wallet,personal,,no,,150.77,74673,no,,,per-user smart account
venue sweep: lowband_existing,aave-v4,1,0xbb83e09e6540aa4bee15815eb2329369d1d98826@0x973a023a,EOA,wallet,,no,,150.73,82811,no,,,no label; no vault counterparty in latest ERC-20 transfers (Ethereum) or registry match
venue sweep: lowband_existing,spark,1,0x2e5941cc1be5d93466bb8878da510fd484a34a69,EOA,wallet,,no,,150.69,151654,no,,,no label; no vault counterparty in latest ERC-20 transfers (Ethereum) or registry match
venue sweep: lowband_existing,aave-core,1,0xd2556a932da2c7cb6f1898c1aff3a0b2584401d9,EOA,wallet,,no,,150.65,136763,no,,,no label; no vault counterparty in latest ERC-20 transfers (Ethereum) or registry match
venue sweep: curve,Curve crvUSD mint wstETH/crvUSD,1,0x2e5941cc1be5d93466bb8878da510fd484a34a69,EOA,wallet,,no,,150.58,77694,no,,,no label; no vault counterparty in latest ERC-20 transfers (Ethereum) or registry match
venue sweep: lowband_existing,aave-core,1,0x489e942a4f09ad423b7c48761f8c5751cc92ac4d,DSProxy,personal,,no,,150.57,50697,no,,,per-user smart account
venue sweep: lowband_existing,aave-core,1,0xb93a7bb97d6a9deb3ceb44a07ee2d04a7e13b8ff,EOA,wallet,,no,,150.56,117191,no,,,no label; no vault counterparty in latest ERC-20 transfers (Ethereum) or registry match
venue sweep: lowband_existing,aave-core,1,0x214aae2ed4f7a40298bcf12fc1173415dd733179,EOA,wallet,,no,,150.43,7001,no,,,no label; no vault counterparty in latest ERC-20 transfers (Ethereum) or registry match
venue sweep: lowband_existing,aave-arbitrum,42161,0xfa31f7c70e7a6a89150951762f728fa22e4d720e,EOA,wallet,,no,,150.35,191076,no,,,no label; no vault counterparty in latest ERC-20 transfers (Ethereum) or registry match
venue sweep: lowband_existing,morpho,1,0x617eb09d7869de4ea8a9768c5c657ff7c2d80f97,EOA,wallet,,no,,150.31,190488,no,,,no label; no vault counterparty in latest ERC-20 transfers (Ethereum) or registry match
venue sweep: lowband_existing,aave-core,1,0xac6022ac167a8aadb508ac3fcb2d43b783bb23e1,EOA,wallet,,no,,150.29,135358,no,,,no label; no vault counterparty in latest ERC-20 transfers (Ethereum) or registry match
venue sweep: lowband_existing,aave-core,1,0x49454743b0d98010e5fd622dbb6fde4571bd16cb,EOA,wallet,,no,,150.25,140163,no,,,no label; no vault counterparty in latest ERC-20 transfers (Ethereum) or registry match
venue sweep: maker,Sky/Maker ETH-B,1,0x441c4dba87561cfa2b0473e820d35ecb501bcbcf,DSProxy,personal,,no,,150.13,54103,no,,,per-user smart account
venue sweep: lowband_existing,aave-core,1,0x7a8150b1722abc8fa5f4ea0bd58109627c35e97f,EOA,wallet,,no,,150.12,83497,no,,,no label; no vault counterparty in latest ERC-20 transfers (Ethereum) or registry match
venue sweep: lowband_existing,aave-v4,1,0x3a7715b5e72262e963fba330a804d3f7b70b016a@0x94e7a5dc,EOA,wallet,,no,,150.11,79998,no,,,no label; no vault counterparty in latest ERC-20 transfers (Ethereum) or registry match
venue sweep: lowband_existing,aave-base,8453,0xa982f7f271308160ec5c7e0ec8c7ac7eba28a51f,EOA,wallet,,no,,150.08,100372,no,,,no label; no vault counterparty in latest ERC-20 transfers (Ethereum) or registry match
venue sweep: lowband_existing,aave-core,1,0x782d88d57f3f781c945479dd375d6b600f75c15b,EOA,wallet,,no,,150.07,136211,no,,,no label; no vault counterparty in latest ERC-20 transfers (Ethereum) or registry match
venue sweep: lowband_existing,spark,1,0x899cb35a9bceac8c9b69a5a873793ade4ac67005,DSProxy,personal,,no,,150.06,154700,no,,,per-user smart account
venue sweep: lowband_existing,aave-core,1,0x38bf9995e2ccb202c19e4406d2962dbc76904b77,EOA,wallet,,no,,150.05,232628,no,,,no label; no vault counterparty in latest ERC-20 transfers (Ethereum) or registry match
venue sweep: lowband_existing,aave-core,1,0x29ee34cbf5b91b51f33a0e6a639fde7532a1f7d8,DSProxy,personal,,no,,150.04,134999,no,,,per-user smart account
venue sweep: lowband_existing,aave-core,1,0xe56cfad394121c46e908f33533a9c15de430bb55,EOA,wallet,,no,,150.01,224280,no,,,no label; no vault counterparty in latest ERC-20 transfers (Ethereum) or registry match
venue sweep: maker,Sky/Maker ETH-C,1,0xb24b366990b4375020b3c0cdadabedbc1a131678,DSProxy,personal,,no,,150.01,76139,no,,,per-user smart account
venue sweep: lowband_existing,compound-v3,1,0x1bbce7eb5fb02d7854b0ec69b479a1c99b4ae660,EOA,wallet,,no,,150.0,95165,no,,,no label; no vault counterparty in latest ERC-20 transfers (Ethereum) or registry match
venue sweep: maker,Sky/Maker ETH-A,1,0xace060d18afdd620a4f667f5f95b3df6272eddb3,DSProxy,personal,,no,,150.0,13577,no,,,per-user smart account
venue sweep: maker,Sky/Maker ETH-A,1,0xab93c8548e5f1df2d40f26026f2be135ea821c57,DSProxy,personal,,no,,150.0,67533,no,,,per-user smart account
venue sweep: maker,Sky/Maker ETH-C,1,0x0a3261ec30c43937319ae25a36f6a2a570926586,Safe,wallet,,no,,150.0,63415,no,,,no label; no vault counterparty in latest ERC-20 transfers (Ethereum) or registry match
venue sweep: maker,Sky/Maker ETH-C,1,0xd57de4fe2c7f2ec526fc8ff99aed40593449f273,Instadapp DSA,personal,,no,,150.0,94454,no,,,per-user smart account
venue sweep: lowband_existing,aave-core,1,0x3d37c07cc3f00d1b3c78bbe0bc2b9022b8e84549,EOA,wallet,,no,,149.94,334435,no,,,no label; no vault counterparty in latest ERC-20 transfers (Ethereum) or registry match
venue sweep: lowband_existing,aave-core,1,0x28a5ec068ae7500cbf21b989d62c7a81e2665b18,EOA,wallet,,no,,149.91,255929,no,,,no label; no vault counterparty in latest ERC-20 transfers (Ethereum) or registry match
venue sweep: lowband_existing,aave-core,1,0x6bbf5c7c51fec72d8281e819db185a026f6bf76c,EOA,wallet,,no,,149.82,380801,no,,,no label; no vault counterparty in latest ERC-20 transfers (Ethereum) or registry match
venue sweep: lowband_existing,spark,1,0xc51b8b8552ff32260e3a4be18043bebbe7ef5b0e,Summer.fi DPM,personal,,no,,149.77,90242,no,,,per-user smart account
venue sweep: lowband_existing,aave-core,1,0x475c2cc4792948e19e84bdfeef13035c6d9e561d,EOA,wallet,,no,,149.71,215516,no,,,no label; no vault counterparty in latest ERC-20 transfers (Ethereum) or registry match
venue sweep: lowband_existing,spark,1,0xe5672e913bdc5be0e8796356ff1d88335f6019dc,Summer.fi DPM,personal,,no,,149.47,127002,no,,,per-user smart account
venue sweep: lowband_existing,aave-base,8453,0xa3a1625a6d5620e7eb1a3b2964854da3f1b3d600,EOA,wallet,,no,,149.45,202692,no,,,no label; no vault counterparty in latest ERC-20 transfers (Ethereum) or registry match
venue sweep: lowband_existing,aave-arbitrum,42161,0x7822159ee394d14745cde63a706f965fb73c7ac8,EOA,wallet,,no,,149.43,573683,no,,,no label; no vault counterparty in latest ERC-20 transfers (Ethereum) or registry match
venue sweep: aave_aave-optimism,aave-optimism,10,0x000000064730640b7d670408d74280924883064f,EOA,wallet,,no,,149.25,139561,no,,,no label; no vault counterparty in latest ERC-20 transfers (Ethereum) or registry match
venue sweep: lowband_existing,morpho,8453,0x4cdd5564d8b829b3b240f5c90069dc1e98f70022,Coinbase Smart Wallet,personal,,no,,149.23,264715,no,,,per-user smart account
venue sweep: lowband_existing,compound-v3,1,0x906b629c11afa6a328899e8f3a113e64ea87b7ed,EOA,wallet,,no,,149.18,495900,no,,,no label; no vault counterparty in latest ERC-20 transfers (Ethereum) or registry match
venue sweep: lowband_existing,aave-arbitrum,42161,0xde94b5cd7d7d623148cfb2315d257cc134fad466,EOA,wallet,,no,,149.16,153234,no,,,no label; no vault counterparty in latest ERC-20 transfers (Ethereum) or registry match
venue sweep: lowband_existing,spark,1,0xae67e0441a483deed7792d4572558608e5a99a49,EOA,wallet,,no,,149.12,100026,no,,,no label; no vault counterparty in latest ERC-20 transfers (Ethereum) or registry match
venue sweep: lowband_existing,morpho,8453,0xf761f1d5687a2f517f52ff3af06e15dd266470af,Coinbase Smart Wallet,personal,,no,,149.1,155514,no,,,per-user smart account
venue sweep: lowband_existing,aave-arbitrum,42161,0xadc8aaddf5dcf81366fcc0212c154dfbfde1ed13,EIP-7702,wallet,,no,,148.92,1021630,no,,,no label; no vault counterparty in latest ERC-20 transfers (Ethereum) or registry match
venue sweep: lowband_existing,aave-core,1,0xa43fdcdbf062739d9c86d589de3facc5b5c0c760,EOA,wallet,,no,,148.55,207168,no,,,no label; no vault counterparty in latest ERC-20 transfers (Ethereum) or registry match
venue sweep: lowband_existing,aave-core,1,0xab7a65c7bc0805192654dcab5cbb5b33ba0e79e1,EOA,wallet,,no,,148.41,261816,no,,,no label; no vault counterparty in latest ERC-20 transfers (Ethereum) or registry match
lending split,aave-core,1,0x567b84928b633b8a206afee235212b54d16becda,EOA,wallet,,no,,148.33,148230,no,,,no label; no vault counterparty in latest ERC-20 transfers (Ethereum) or registry match
venue sweep: lowband_existing,aave-core,1,0xa223e4985bf908ed3f8cacfe964a3d7c8fae4c3b,Safe,wallet,,no,,148.23,210882,no,,,no label; no vault counterparty in latest ERC-20 transfers (Ethereum) or registry match
venue sweep: lowband_existing,aave-core,1,0x3faa3a0b635def41c987e73f6b238a198f2af0ee,EOA,wallet,,no,,148.2,120023,no,,,no label; no vault counterparty in latest ERC-20 transfers (Ethereum) or registry match
venue sweep: lowband_existing,aave-arbitrum,42161,0x38e70c223dd66bbbc2653f98a527bec00674944d,EOA,wallet,,no,,148.11,58570,no,,,no label; no vault counterparty in latest ERC-20 transfers (Ethereum) or registry match
venue sweep: lowband_existing,compound-v3,42161,0x7688b399c3237d098be4688d222d586ab5236451,EOA,wallet,,no,,148.0,177234,no,,,no label; no vault counterparty in latest ERC-20 transfers (Ethereum) or registry match
venue sweep: lowband_existing,aave-core,1,0xe4438fbb2ccd722e33d75760604eb6cfed7900e7,EIP-7702,wallet,,no,,147.87,90491,no,,,no label; no vault counterparty in latest ERC-20 transfers (Ethereum) or registry match
venue sweep: lowband_existing,aave-arbitrum,42161,0xedffd90ecd97f6cd33655a061052d488fbcfc97d,EOA,wallet,,no,,147.83,131259,no,,,no label; no vault counterparty in latest ERC-20 transfers (Ethereum) or registry match
venue sweep: lowband_existing,aave-core,1,0xf206f4437d71c50f0055f1044bf4b8eedce5b6cf,DSProxy,personal,,no,,147.75,95256,no,,,per-user smart account
venue sweep: lowband_existing,aave-core,1,0x6675fdc79562ba35340eaedc0e3309dac1fb680a,EOA,wallet,,no,,147.59,87253,no,,,no label; no vault counterparty in latest ERC-20 transfers (Ethereum) or registry match
venue sweep: lowband_existing,aave-core,1,0xe5ddd6a19a21ea94a64f43d0668e0093ecaf2966,EIP-7702,wallet,,no,,147.57,371381,no,,,no label; no vault counterparty in latest ERC-20 transfers (Ethereum) or registry match
venue sweep: lowband_existing,aave-core,1,0x3b4a9c7192d8aee071bfae24a95c2bba38e2c139,EOA,wallet,,no,,147.54,90230,no,,,no label; no vault counterparty in latest ERC-20 transfers (Ethereum) or registry match
venue sweep: lowband_existing,morpho,8453,0xcbefd143b9954b9395a477f019b41b57e3ceed2d,Coinbase Smart Wallet,personal,,no,,147.04,166726,no,,,per-user smart account
venue sweep: lowband_existing,morpho,1,0x29d9c0237440614e0206b9766059c31e17b8ffb3,EIP-7702,wallet,,no,,146.68,201564,no,,,no label; no vault counterparty in latest ERC-20 transfers (Ethereum) or registry match
venue sweep: lowband_existing,aave-core,1,0xa1bcc4b7316553333d54d148e42ed8267f802b64,EOA,wallet,,no,,146.62,200970,no,,,no label; no vault counterparty in latest ERC-20 transfers (Ethereum) or registry match
venue sweep: aave_aave-avalanche,aave-avalanche,43114,0xbb8ff4270ea7e6d04deb2eb5d918a347762e5d5b,EOA,wallet,,no,,146.53,0,no,,,no label; no vault counterparty in latest ERC-20 transfers (Ethereum) or registry match
venue sweep: lowband_existing,aave-core,1,0xd32ee6605d50dd77f41c66b28742269854324759,EOA,wallet,,no,,146.48,65857,no,,,no label; no vault counterparty in latest ERC-20 transfers (Ethereum) or registry match
venue sweep: lowband_existing,aave-base,8453,0x2e4f95e3b7b20f44766432ea6add40be2f31885e,EIP-7702,wallet,,no,,146.46,112578,no,,,no label; no vault counterparty in latest ERC-20 transfers (Ethereum) or registry match
venue sweep: lowband_existing,aave-core,1,0xccba28ebdd709c809dcddebd6a779459f4e9ca7b,EOA,wallet,,no,,146.35,67920,no,,,no label; no vault counterparty in latest ERC-20 transfers (Ethereum) or registry match
venue sweep: lowband_existing,aave-core,1,0x2c33d7738b3b816b467d2c7d144d81b321832299,EOA,wallet,,no,,146.33,126092,no,,,no label; no vault counterparty in latest ERC-20 transfers (Ethereum) or registry match
venue sweep: lowband_existing,morpho,8453,0xf5ff2761a1ce58dd7d7d464c6f3b64de9dc1c258,Coinbase Smart Wallet,personal,,no,,146.27,123172,no,,,per-user smart account
venue sweep: lowband_existing,morpho,1,0xdeb175f9190c514d29f2040c3f91629e490332df,EOA,wallet,,no,,146.14,105389,no,,,no label; no vault counterparty in latest ERC-20 transfers (Ethereum) or registry match
venue sweep: lowband_existing,aave-core,1,0x54696dead1793b29c5f931ae507cca4d2314120d,EOA,wallet,,no,,146.01,603851,no,,,no label; no vault counterparty in latest ERC-20 transfers (Ethereum) or registry match
venue sweep: lowband_existing,fluid,1,0xf317e3f167ce2099b81aeaff651e0bdfc7077e4d,EOA,wallet,,no,,146.01,245186,no,,,no label; no vault counterparty in latest ERC-20 transfers (Ethereum) or registry match
venue sweep: lowband_existing,spark,1,0xd23624fe9d9cabedcb5b9e16687d27e3a7e918e3,Summer.fi DPM,personal,,no,,146.0,121829,no,,,per-user smart account
venue sweep: maker,Sky/Maker ETH-A,1,0xdfd2bdb740af32a1570df92d915ff4ecb109645e,DSProxy,personal,,no,,146.0,9523,no,,,per-user smart account
venue sweep: lowband_existing,fluid,1,0xe9379fe4f557bcbcc70038bf76eb7aaad628a899,EIP-7702,wallet,,no,,145.98,143043,no,,,no label; no vault counterparty in latest ERC-20 transfers (Ethereum) or registry match
venue sweep: lowband_existing,aave-core,1,0xf1d5b85d4806d7e066569981e34d0fc639195c12,EOA,wallet,,no,,145.96,50443,no,,,no label; no vault counterparty in latest ERC-20 transfers (Ethereum) or registry match
venue sweep: lowband_existing,aave-core,1,0x7027fdcbc5263f8e2443287721b8be56cd3eb10e,EOA,wallet,,no,,145.89,211452,no,,,no label; no vault counterparty in latest ERC-20 transfers (Ethereum) or registry match
venue sweep: lowband_existing,compound-v3,1,0x17c19c023c2e032bd70f06c5d44c1758feb13808,EOA,wallet,,no,,145.31,116626,no,,,no label; no vault counterparty in latest ERC-20 transfers (Ethereum) or registry match
venue sweep: lowband_existing,aave-core,1,0x9aa220d0f9b9476de464e15561bc87903268b7b8,EOA,wallet,,no,,145.2,510254,no,,,no label; no vault counterparty in latest ERC-20 transfers (Ethereum) or registry match
venue sweep: lowband_existing,aave-v4,1,0xa2b2fed6bfdc3a67c48d12c05b3b1b6b26d4a0c2@0x973a023a,Safe,wallet,,no,,145.18,170287,no,,,no label; no vault counterparty in latest ERC-20 transfers (Ethereum) or registry match
venue sweep: lowband_existing,aave-core,1,0xd965843689d87d0765d9c8cb900194ab9fca6c66,Safe,wallet,,no,,145.0,102483,no,,,no label; no vault counterparty in latest ERC-20 transfers (Ethereum) or registry match
venue sweep: lowband_existing,aave-core,1,0x1916cd0a229af20cc7e157d62345eec0fc837566,EOA,wallet,,no,,144.95,590443,no,,,no label; no vault counterparty in latest ERC-20 transfers (Ethereum) or registry match
venue sweep: lowband_existing,aave-core,1,0x17ec26cf42d9d7adf03341d225f20643fc424eec,EOA,wallet,,no,,144.92,105533,no,,,no label; no vault counterparty in latest ERC-20 transfers (Ethereum) or registry match
venue sweep: liquity,Liquity v2 (BOLD) Liquity v2 (BOLD) branch 1 (wstETH/BOLD),1,0xb0063667598108fcc97e4dd6725d771c3ac1c27f,EOA,wallet,,no,,144.91,211516,no,,,no label; no vault counterparty in latest ERC-20 transfers (Ethereum) or registry match
venue sweep: lowband_existing,aave-core,1,0x7b7f94b5e14cf5d88909da0072148dc67c3477a6,EOA,wallet,,no,,144.85,139691,no,,,no label; no vault counterparty in latest ERC-20 transfers (Ethereum) or registry match
venue sweep: lowband_existing,aave-arbitrum,42161,0x6677ed15f3065fe0d0ef53fb2fbded8eed3a580c,EOA,wallet,,no,,144.8,200857,no,,,no label; no vault counterparty in latest ERC-20 transfers (Ethereum) or registry match
venue sweep: lowband_existing,aave-arbitrum,42161,0x81fa96adce340b327595fa7c4cdf371546d610f7,EIP-7702,wallet,,no,,144.76,206944,no,,,no label; no vault counterparty in latest ERC-20 transfers (Ethereum) or registry match
venue sweep: lowband_existing,aave-core,1,0x02db800e16e0fc181c07d64b84c94ee890478492,EOA,wallet,,no,,144.6,146142,no,,,no label; no vault counterparty in latest ERC-20 transfers (Ethereum) or registry match
venue sweep: lowband_existing,morpho,480,0xe56c2c653b45640b544f070d1a87635d4a74a0e2,Safe,wallet,,no,,144.44,215464,no,,,no label; no vault counterparty in latest ERC-20 transfers (Ethereum) or registry match
venue sweep: lowband_existing,aave-core,1,0xc3ba3ed0519efb403fc76a9c23a0c9399b5affbe,EOA,wallet,,no,,144.39,226174,no,,,no label; no vault counterparty in latest ERC-20 transfers (Ethereum) or registry match
venue sweep: lowband_existing,aave-core,1,0x375d079e94e1481d6f5b575a73662255792389c8,EIP-7702,wallet,,no,,144.06,116977,no,,,no label; no vault counterparty in latest ERC-20 transfers (Ethereum) or registry match
venue sweep: lowband_existing,morpho,8453,0x091e09c075ef6aa203e9c7021e949c2b8742ea8c,Coinbase Smart Wallet,personal,,no,,144.0,200390,no,,,per-user smart account
venue sweep: lowband_existing,aave-core,1,0x391cc2b07845ff96ff69db9aee4f4cb2462345ca,EOA,wallet,,no,,143.99,26230,no,,,no label; no vault counterparty in latest ERC-20 transfers (Ethereum) or registry match
venue sweep: lowband_existing,aave-base,8453,0x6c1cc5a001a13863676e9a3e6149a4ce6c54836e,EOA,wallet,,no,,143.93,159884,no,,,no label; no vault counterparty in latest ERC-20 transfers (Ethereum) or registry match
venue sweep: lowband_existing,aave-core,1,0x4921096b7c69fe1f3761e76d18c1f6cabad61767,EOA,wallet,,no,,143.75,168273,no,,,no label; no vault counterparty in latest ERC-20 transfers (Ethereum) or registry match
venue sweep: lowband_existing,aave-v4,1,0xddd33c6fa58f04dc45a1f23fe6988eb5e35c3487@0x94e7a5dc,EOA,wallet,,no,,143.64,7136,no,,,no label; no vault counterparty in latest ERC-20 transfers (Ethereum) or registry match
venue sweep: lowband_existing,aave-core,1,0xf755b9fc736643d278a726112b6246edf6a57419,EOA,wallet,,no,,143.49,165736,no,,,no label; no vault counterparty in latest ERC-20 transfers (Ethereum) or registry match
venue sweep: lowband_existing,aave-base,8453,0x687e17e21b1af0af9c849d1bbb5462941788e2a2,EIP-7702,wallet,,no,,143.4,177830,no,,,no label; no vault counterparty in latest ERC-20 transfers (Ethereum) or registry match
venue sweep: lowband_existing,aave-arbitrum,42161,0xc9323e1d1f385af99e6ab1cd3c4409719f8c8bcc,EOA,wallet,,no,,143.34,32128,no,,,no label; no vault counterparty in latest ERC-20 transfers (Ethereum) or registry match
venue sweep: lowband_existing,morpho,8453,0x09731da3cbb0552246f1554ee2cffb785de3eab6,Coinbase Smart Wallet,personal,,no,,143.25,140481,no,,,per-user smart account
venue sweep: lowband_existing,compound-v3,42161,0x3eac94380b418c7ef7b687a3d17166505ed0ef6e,EOA,wallet,,no,,143.1,175278,no,,,no label; no vault counterparty in latest ERC-20 transfers (Ethereum) or registry match
venue sweep: lowband_existing,aave-arbitrum,42161,0xddc60d163015cf5ca1369d557a2ca1cc2de1f1e3,EOA,wallet,,no,,143.08,532525,no,,,no label; no vault counterparty in latest ERC-20 transfers (Ethereum) or registry match
venue sweep: lowband_existing,aave-core,1,0x3ca7aa8ffc1914442a309b101351fcc9fc8e7dd7,EOA,wallet,,no,,142.74,128393,no,,,no label; no vault counterparty in latest ERC-20 transfers (Ethereum) or registry match
venue sweep: lowband_existing,aave-core,1,0x4f8500b960cde1f502ed65eea2f599e8cb5b9eb9,Safe,wallet,,no,,142.63,234224,no,,,no label; no vault counterparty in latest ERC-20 transfers (Ethereum) or registry match
venue sweep: curve,Curve crvUSD mint sfrxETH/crvUSD,1,0x7e7afaafd27f723e7178cb439982ad286508febc,EOA,wallet,,no,,142.52,201812,no,,,no label; no vault counterparty in latest ERC-20 transfers (Ethereum) or registry match
venue sweep: lowband_existing,aave-core,1,0x33d3c029fd119ebb90df20c3427a97074637bf7c,EOA,wallet,,no,,142.47,235828,no,,,no label; no vault counterparty in latest ERC-20 transfers (Ethereum) or registry match
venue sweep: lowband_existing,aave-core,1,0xa5951d7b138d8f2dedeec324192bacb2741c6c72,EOA,wallet,,no,,142.03,122586,no,,,no label; no vault counterparty in latest ERC-20 transfers (Ethereum) or registry match
venue sweep: lowband_existing,aave-core,1,0x5c32f605166eef8c6977a5a906a73369d4dfae8e,Safe,wallet,,no,,141.94,261789,no,,,no label; no vault counterparty in latest ERC-20 transfers (Ethereum) or registry match
venue sweep: lowband_existing,aave-core,1,0x31c23e0d08058f665e6074d069f83cd825ada73d,EOA,wallet,,no,,141.89,139138,no,,,no label; no vault counterparty in latest ERC-20 transfers (Ethereum) or registry match
venue sweep: lowband_existing,morpho,1,0x826328a19dcd5adfa74a722aa5851ad64717e3c7,EOA,wallet,,no,,141.87,199980,no,,,no label; no vault counterparty in latest ERC-20 transfers (Ethereum) or registry match
venue sweep: fluid_42161,fluid,42161,0x60cad9cb78df73af5589489b1134028610fe52ca,EOA,wallet,,no,,141.82,108509,no,,,no label; no vault counterparty in latest ERC-20 transfers (Ethereum) or registry match
venue sweep: lowband_existing,morpho,1,0xb1db096de2a713dbb6950dff2eafb76521881863,EOA,wallet,,no,,141.62,92000,no,,,no label; no vault counterparty in latest ERC-20 transfers (Ethereum) or registry match
venue sweep: lowband_existing,aave-core,1,0x6837af70dfc66ef1490d3b019806e6897ca68c1c,EOA,wallet,,no,,141.53,160473,no,,,no label; no vault counterparty in latest ERC-20 transfers (Ethereum) or registry match
venue sweep: lowband_existing,compound-v3,42161,0xd5025a2071e9cdf36cd7bb9a22e9ae44f20cf530,EIP-7702,wallet,,no,,141.51,118526,no,,,no label; no vault counterparty in latest ERC-20 transfers (Ethereum) or registry match
venue sweep: lowband_existing,morpho,8453,0xb4746d3248652310b92fc367e4009926ead34ed7,Coinbase Smart Wallet,personal,,no,,141.42,145055,no,,,per-user smart account
venue sweep: lowband_existing,aave-core,1,0x68eae9b7409847490db70becd38f93066974dea2,EOA,wallet,,no,,141.36,97649,no,,,no label; no vault counterparty in latest ERC-20 transfers (Ethereum) or registry match
venue sweep: lowband_existing,morpho,8453,0x2212de200ba282da601f20e2ecc1a5ce5e2c6392,Coinbase Smart Wallet,personal,,no,,141.32,191888,no,,,per-user smart account
venue sweep: lowband_existing,aave-core,1,0x963ed0c06f4cc1981da4b9bdc6ea50db4f09c110,EOA,wallet,,no,,141.24,65665,no,,,no label; no vault counterparty in latest ERC-20 transfers (Ethereum) or registry match
venue sweep: lowband_existing,aave-core,1,0x2e37327a2b7c9e6957a49103fdc7aa8ee89f741d,Safe,wallet,,no,,141.1,208731,no,,,no label; no vault counterparty in latest ERC-20 transfers (Ethereum) or registry match
venue sweep: aave_aave-optimism,aave-optimism,10,0x7ff422f552c60f5da294bf2a91c6752667f28f64,EOA,wallet,,no,,141.08,76464,no,,,no label; no vault counterparty in latest ERC-20 transfers (Ethereum) or registry match
venue sweep: maker,Sky/Maker ETH-B,1,0x7e2ff31ca5d88165bc05b3dce6c77ba6939572e4,Safe,wallet,,no,,141.04,232799,no,,,no label; no vault counterparty in latest ERC-20 transfers (Ethereum) or registry match
venue sweep: lowband_existing,aave-core,1,0x7638d42f60d20850cf626204c61bd6fbb1065397,EOA,wallet,,no,,140.95,217836,no,,,no label; no vault counterparty in latest ERC-20 transfers (Ethereum) or registry match
venue sweep: lowband_existing,aave-core,1,0xc70cb399923e0ef6422373e651a4ecf7a362ded2,EOA,wallet,,no,,140.95,117608,no,,,no label; no vault counterparty in latest ERC-20 transfers (Ethereum) or registry match
venue sweep: lowband_existing,aave-core,1,0xd13344c0522476bdc0010d3b105f9dbdc89b0149,EOA,wallet,,no,,140.92,169280,no,,,no label; no vault counterparty in latest ERC-20 transfers (Ethereum) or registry match
venue sweep: lowband_existing,aave-core,1,0x68628d344bff0e47d0508f618740214d423516e9,EOA,wallet,,no,,140.92,171606,no,,,no label; no vault counterparty in latest ERC-20 transfers (Ethereum) or registry match
venue sweep: lowband_existing,aave-core,1,0x95ee3fd02ac5e17dcd0726e1e536025ca0a984a6,EIP-7702,wallet,,no,,140.83,130591,no,,,no label; no vault counterparty in latest ERC-20 transfers (Ethereum) or registry match
venue sweep: lowband_existing,aave-core,1,0x873fdc3fb80d71e3d1dd0551fda9a93df3d692f4,EOA,wallet,,no,,140.64,99211,no,,,no label; no vault counterparty in latest ERC-20 transfers (Ethereum) or registry match
venue sweep: lowband_existing,compound-v3,1,0xd5c2753af98bd4c44885a69bc171c65d3fa4f17c,EOA,wallet,,no,,140.54,166783,no,,,no label; no vault counterparty in latest ERC-20 transfers (Ethereum) or registry match
venue sweep: lowband_existing,aave-core,1,0x6b84a652aa0a9552003088b4e28ee52fb0f8a930,EOA,wallet,,no,,140.51,112167,no,,,no label; no vault counterparty in latest ERC-20 transfers (Ethereum) or registry match
venue sweep: liquity,Liquity v2 (BOLD) Liquity v2 (BOLD) branch 0 (WETH/BOLD),1,0xc65b975d471d33a83a746bb69fd72a84b57adb93,Safe,wallet,,no,,140.5,169420,no,,,no label; no vault counterparty in latest ERC-20 transfers (Ethereum) or registry match
venue sweep: liquity,Liquity v2 (BOLD) Liquity v2 (BOLD) branch 0 (WETH/BOLD),1,0x3a97c4d45780cb0fc4c3360a159dc34880471e40,EOA,wallet,,no,,140.5,161893,no,,,no label; no vault counterparty in latest ERC-20 transfers (Ethereum) or registry match
venue sweep: lowband_existing,compound-v3,1,0x2bf863a129cd3faffcfc6e7caa49588d446b2af3,EOA,wallet,,no,,140.5,100055,no,,,no label; no vault counterparty in latest ERC-20 transfers (Ethereum) or registry match
venue sweep: lowband_existing,aave-arbitrum,42161,0x958463bc5b73297021d330439e8cfa8ca4110945,EOA,wallet,,no,,140.49,147674,no,,,no label; no vault counterparty in latest ERC-20 transfers (Ethereum) or registry match
venue sweep: lowband_existing,aave-core,1,0x4cd57f1221afa668602085d0f8f672d64427fe9b,EOA,wallet,,no,,140.41,185636,no,,,no label; no vault counterparty in latest ERC-20 transfers (Ethereum) or registry match
venue sweep: lowband_existing,morpho,8453,0x49290ae05d6edc214910f6d38bf160fd925bc0be,Coinbase Smart Wallet,personal,,no,,140.4,194300,no,,,per-user smart account
venue sweep: lowband_existing,aave-core,1,0x85f7872e6312c205468839e9c0a32353755181d9,EOA,wallet,,no,,140.12,449463,no,,,no label; no vault counterparty in latest ERC-20 transfers (Ethereum) or registry match
venue sweep: lowband_existing,morpho,8453,0x5a961fdd5d66842a589ca27b85ceb018c94617bd,Coinbase Smart Wallet,personal,,no,,140.11,229486,no,,,per-user smart account
venue sweep: lowband_existing,aave-core,1,0xf14f2b9f439e209798577c5e67a6f133de26c030,EOA,wallet,,no,,140.07,139860,no,,,no label; no vault counterparty in latest ERC-20 transfers (Ethereum) or registry match
venue sweep: lowband_existing,aave-v4,1,0xfdcea8351ed035bd11e338b061dbcff4634800e3@0x94e7a5dc,Safe,wallet,,no,,140.06,212766,no,,,no label; no vault counterparty in latest ERC-20 transfers (Ethereum) or registry match
venue sweep: lowband_existing,aave-core,1,0x75ca5c4ec6678eec962c33a1d7bd38bb87f5c47a,EIP-7702,wallet,,no,,139.83,20776,no,,,no label; no vault counterparty in latest ERC-20 transfers (Ethereum) or registry match
venue sweep: lowband_existing,morpho,8453,0x7721aefe383701ef4ed2279a849cffba4890decf,Coinbase Smart Wallet,personal,,no,,139.79,122766,no,,,per-user smart account
venue sweep: lowband_existing,aave-core,1,0xd032315c0e6db58ee87316a90ed9861e5dff4f3b,EOA,wallet,,no,,139.77,101830,no,,,no label; no vault counterparty in latest ERC-20 transfers (Ethereum) or registry match
venue sweep: lowband_existing,aave-v4,1,0x5831bc36b62dacd157fb28fc11ba6a606419801e@0x94e7a5dc,EOA,wallet,,no,,139.71,171409,no,,,no label; no vault counterparty in latest ERC-20 transfers (Ethereum) or registry match
venue sweep: lowband_existing,aave-base,8453,0xf9e367704b2530f6098a3ceefe8106b35b1abd05,EOA,wallet,,no,,139.61,93700,no,,,no label; no vault counterparty in latest ERC-20 transfers (Ethereum) or registry match
venue sweep: lowband_existing,aave-core,1,0x09e591829d09c3506c233fa901f5bfd05bf99538,EOA,wallet,,no,,139.51,103120,no,,,no label; no vault counterparty in latest ERC-20 transfers (Ethereum) or registry match
venue sweep: lowband_existing,aave-core,1,0x980d2b992f8480830a53aa96e3927cf05160c581,EOA,wallet,,no,,139.48,110537,no,,,no label; no vault counterparty in latest ERC-20 transfers (Ethereum) or registry match
venue sweep: lowband_existing,morpho,1,0x8afdd5f64f704c1f33768672abb4711206d45743,EOA,wallet,,no,,139.48,159884,no,,,no label; no vault counterparty in latest ERC-20 transfers (Ethereum) or registry match
venue sweep: lowband_existing,aave-core,1,0xba0c027c3689c8ec6d36e35561f5015dc0f0354f,EOA,wallet,,no,,139.3,27350,no,,,no label; no vault counterparty in latest ERC-20 transfers (Ethereum) or registry match
venue sweep: lowband_existing,aave-core,1,0x053060a1bb4e52c77aee78a198f32a9e3361b3e8,EOA,wallet,,no,,139.22,156088,no,,,no label; no vault counterparty in latest ERC-20 transfers (Ethereum) or registry match
venue sweep: lowband_existing,compound-v3,1,0xa0ea6279a57584b0e6073f30bafc577cc398c17e,EOA,wallet,,no,,139.21,422489,no,,,no label; no vault counterparty in latest ERC-20 transfers (Ethereum) or registry match
venue sweep: lowband_existing,aave-core,1,0xba35212fe946028543b2978a52fe842212b759dd,EOA,wallet,,no,,139.13,302066,no,,,no label; no vault counterparty in latest ERC-20 transfers (Ethereum) or registry match
venue sweep: lowband_existing,compound-v3,1,0x7688b399c3237d098be4688d222d586ab5236451,EOA,wallet,,no,,139.0,937517,no,,,no label; no vault counterparty in latest ERC-20 transfers (Ethereum) or registry match
venue sweep: lowband_existing,aave-core,1,0xa94afb49ff39bbc1661edd037f32b8f0b1161c48,EOA,wallet,,no,,138.8,240499,no,,,no label; no vault counterparty in latest ERC-20 transfers (Ethereum) or registry match
venue sweep: lowband_existing,aave-core,1,0x82d25623298bf0c5868eae0135a2a35e029603c3,EOA,wallet,,no,,138.58,299707,no,,,no label; no vault counterparty in latest ERC-20 transfers (Ethereum) or registry match
venue sweep: aave_aave-optimism,aave-optimism,10,0x0f6e9c0d104d7cd5c901405b6d24f3d3a63b83ca,EOA,wallet,,no,,138.55,185569,no,,,no label; no vault counterparty in latest ERC-20 transfers (Ethereum) or registry match
venue sweep: lowband_existing,aave-v4,1,0x1db9ffef9f404593c8482d67b75828a5f2ab4dd4@0x94e7a5dc,EOA,wallet,,no,,138.55,180678,no,,,no label; no vault counterparty in latest ERC-20 transfers (Ethereum) or registry match
venue sweep: lowband_existing,morpho,8453,0x182d0aa223198e27b756c0f671430b31adf944a1,Coinbase Smart Wallet,personal,,no,,138.37,156806,no,,,per-user smart account
venue sweep: lowband_existing,aave-core,1,0x3f011d348522827c2ea33dd4cf298649fd0a77f7,EOA,wallet,,no,,138.34,187587,no,,,no label; no vault counterparty in latest ERC-20 transfers (Ethereum) or registry match
venue sweep: lowband_existing,aave-core,1,0x0bcc5388e424f8d799b4b2dfc657bae8525d79af,EOA,wallet,,no,,138.07,82381,no,,,no label; no vault counterparty in latest ERC-20 transfers (Ethereum) or registry match
venue sweep: lowband_existing,aave-core,1,0xc871e2388ffe6ae7b90910a0294dfd1d1d5cb4aa,EOA,wallet,,no,,137.95,171264,no,,,no label; no vault counterparty in latest ERC-20 transfers (Ethereum) or registry match
venue sweep: lowband_existing,spark,1,0x8a7e1cfddea41282c5c28f4267d17b1f4046d695,EIP-7702,wallet,,no,,137.84,62060,no,,,no label; no vault counterparty in latest ERC-20 transfers (Ethereum) or registry match
venue sweep: lowband_existing,aave-core,1,0x7d117df1ea4191f2da39710c5afd3f636342dc27,EIP-7702,wallet,,no,,137.74,200838,no,,,no label; no vault counterparty in latest ERC-20 transfers (Ethereum) or registry match
venue sweep: lowband_existing,aave-core,1,0xef925403814062ba53257495fa950b2591b6bc41,Instadapp DSA,personal,,no,,137.51,251280,no,,,per-user smart account
venue sweep: maker,Sky/Maker ETH-C,1,0x600353d01b7772f17e5155cb165dd641b1a20031,DSProxy,personal,,no,,137.43,120456,no,,,per-user smart account
venue sweep: lowband_existing,aave-core,1,0x59d4f7599e31417b9a3b6d8483cf795e0b05eb2e,EOA,wallet,,no,,137.41,124486,no,,,no label; no vault counterparty in latest ERC-20 transfers (Ethereum) or registry match
venue sweep: lowband_existing,aave-core,1,0xcb07c29168a3e8e9a8b309b2d85a66d4e2bf9c12,EOA,wallet,,no,,137.24,152421,no,,,no label; no vault counterparty in latest ERC-20 transfers (Ethereum) or registry match
venue sweep: lowband_existing,aave-v4,1,0xd0297e4d0c4cac1d73daabb3e84c662e32273d58@0x94e7a5dc,EOA,wallet,,no,,136.8,258300,no,,,no label; no vault counterparty in latest ERC-20 transfers (Ethereum) or registry match
venue sweep: lowband_existing,spark,1,0xf2e0b8ce82357940962092180998cb26150556f9,Safe,wallet,,no,,136.76,280928,no,,,no label; no vault counterparty in latest ERC-20 transfers (Ethereum) or registry match
venue sweep: lowband_existing,aave-v4,1,0x7d621dffca887c000589d2e4a78ece5ee9029796@0x94e7a5dc,EOA,wallet,,no,,136.72,56512,no,,,no label; no vault counterparty in latest ERC-20 transfers (Ethereum) or registry match
venue sweep: lowband_existing,aave-core,1,0x6897ddf673cda816d29a96b8fb68ce7537e41765,EOA,wallet,,no,,136.29,84928,no,,,no label; no vault counterparty in latest ERC-20 transfers (Ethereum) or registry match
venue sweep: lowband_existing,aave-core,1,0x0396e40f7da8da4291c43730254fd68069987d77,EOA,wallet,,no,,136.25,99160,no,,,no label; no vault counterparty in latest ERC-20 transfers (Ethereum) or registry match
venue sweep: lowband_existing,aave-core,1,0x7e34f72634da9e4eb75766334277f5a1d365a156,EOA,wallet,,no,,136.23,174336,no,,,no label; no vault counterparty in latest ERC-20 transfers (Ethereum) or registry match
venue sweep: lowband_existing,aave-core,1,0xef87243fe29c2453f87549e02982108a3b832952,EOA,wallet,,no,,136.19,91198,no,,,no label; no vault counterparty in latest ERC-20 transfers (Ethereum) or registry match
venue sweep: lowband_existing,aave-arbitrum,42161,0x1a9836f6dcc253332ee707bd9808ab3d79d973d5,EOA,wallet,,no,,136.07,110536,no,,,no label; no vault counterparty in latest ERC-20 transfers (Ethereum) or registry match
venue sweep: lowband_existing,morpho,8453,0x2f43518220515f43a23002cf80b0c17601781f1d,Coinbase Smart Wallet,personal,,no,,136.06,141425,no,,,per-user smart account
venue sweep: lowband_existing,aave-arbitrum,42161,0x8efa9f6dc7d2a899c07d48c67689993ff49c47d7,EOA,wallet,,no,,136.0,51686,no,,,no label; no vault counterparty in latest ERC-20 transfers (Ethereum) or registry match
venue sweep: lowband_existing,aave-core,1,0xb72a4283403d415b38b93d0a8148422d617a0b2a,EOA,wallet,,no,,135.89,97154,no,,,no label; no vault counterparty in latest ERC-20 transfers (Ethereum) or registry match
venue sweep: lowband_existing,aave-core,1,0x7ee7476cc55853ad32a41c780edc75ea229a3ece,Safe,wallet,,no,,135.88,273149,no,,,no label; no vault counterparty in latest ERC-20 transfers (Ethereum) or registry match
venue sweep: lowband_existing,aave-arbitrum,42161,0xd037f8b0383e0fda4ba8369834d3d96db9106d23,EOA,wallet,,no,,135.86,126423,no,,,no label; no vault counterparty in latest ERC-20 transfers (Ethereum) or registry match
venue sweep: lowband_existing,aave-core,1,0x4722c5ef65326af29b7f2ace14eac99f8bd868ee,EOA,wallet,,no,,135.59,113274,no,,,no label; no vault counterparty in latest ERC-20 transfers (Ethereum) or registry match
venue sweep: lowband_existing,aave-core,1,0x2ee919c38bd1df140ef7b830200cd04b59521ce5,EOA,wallet,,no,,135.59,155464,no,,,no label; no vault counterparty in latest ERC-20 transfers (Ethereum) or registry match
venue sweep: lowband_existing,morpho,1,0x8e63ae58716e46c097af7b4699a05b8e686dbffd,EOA,wallet,,no,,135.53,37642,no,,,no label; no vault counterparty in latest ERC-20 transfers (Ethereum) or registry match
venue sweep: lowband_existing,compound-v3,1,0x4e618a87fd859eeb0a720aca97d3bdebbf0ce212,EOA,wallet,,no,,135.5,484882,no,,,no label; no vault counterparty in latest ERC-20 transfers (Ethereum) or registry match
venue sweep: lowband_existing,aave-core,1,0xaad80fee2d816695da81ead7e6b311a29a225f8a,Safe,wallet,,no,,135.29,122960,no,,,no label; no vault counterparty in latest ERC-20 transfers (Ethereum) or registry match
venue sweep: lowband_existing,morpho,8453,0x102ebe33c9c4dc7cfd0d2ef41967f681edca414b,Coinbase Smart Wallet,personal,,no,,135.28,181930,no,,,per-user smart account
venue sweep: lowband_existing,aave-core,1,0xda180f337a3bb62469fa68b4755ca589a1b373fa,EIP-7702,wallet,,no,,135.24,194587,no,,,no label; no vault counterparty in latest ERC-20 transfers (Ethereum) or registry match
venue sweep: lowband_existing,aave-core,1,0xc02138695ffcc1f028377f136c95b023d31151e5,EOA,wallet,,no,,135.21,22501,no,,,no label; no vault counterparty in latest ERC-20 transfers (Ethereum) or registry match
venue sweep: lowband_existing,aave-base,8453,0xfda8e17f05b8de72d35806ac776e1937c1ebe511,EOA,wallet,,no,,135.2,91710,no,,,no label; no vault counterparty in latest ERC-20 transfers (Ethereum) or registry match
venue sweep: liquity,Liquity v1 (LUSD) ETH/LUSD,1,0xa1cba1fcef2cd7379f74feec9a7d8b17d430cc6f,DSProxy,personal,,no,,135.17,50245,no,,,per-user smart account
venue sweep: lowband_existing,aave-core,1,0xd02fe65f8bc8eb870dd337a85c0dd6518a912204,Safe,wallet,,no,,135.01,605799,no,,,no label; no vault counterparty in latest ERC-20 transfers (Ethereum) or registry match
venue sweep: lowband_existing,fluid,1,0xdc7402a6673f61db91ca7daf4c5be53c2e3cece1,EIP-7702,wallet,,no,,134.79,138038,no,,,no label; no vault counterparty in latest ERC-20 transfers (Ethereum) or registry match
venue sweep: lowband_existing,aave-arbitrum,42161,0x86b4d4a8c620537f67013fddeae2c74f28360e8e,DSProxy,personal,,no,,134.71,74635,no,,,per-user smart account
venue sweep: lowband_existing,aave-arbitrum,42161,0x50489f4a924d27f8131f2444ca58b7a845f6332b,EIP-7702,wallet,,no,,134.69,78024,no,,,no label; no vault counterparty in latest ERC-20 transfers (Ethereum) or registry match
venue sweep: lowband_existing,aave-core,1,0x41012bddbeedd1236227ab8d0b8fa2f9d0cf0bb8,EOA,wallet,,no,,134.42,264273,no,,,no label; no vault counterparty in latest ERC-20 transfers (Ethereum) or registry match
venue sweep: lowband_existing,spark,1,0x13f953ff0a90bb7515532b896444805db5bf9beb,EOA,wallet,,no,,134.33,153770,no,,,no label; no vault counterparty in latest ERC-20 transfers (Ethereum) or registry match
venue sweep: lowband_existing,morpho,8453,0xa89063990beb04324d753e907ba8d4e70ea5d3eb,Coinbase Smart Wallet,personal,,no,,134.29,138185,no,,,per-user smart account
venue sweep: lowband_existing,morpho,8453,0x0c473c7b103a3a3826cf71bdc441ad1c388a53f8,Coinbase Smart Wallet,personal,,no,,134.29,147122,no,,,per-user smart account
venue sweep: lowband_existing,aave-core,1,0xf5f4768225b812114be8b16ab3609f4072dd817d,Safe,wallet,,no,,134.27,198605,no,,,no label; no vault counterparty in latest ERC-20 transfers (Ethereum) or registry match
venue sweep: lowband_existing,aave-base,8453,0x001b71fad769b3cd47fd4c9849c704fdfabf6096,EOA,wallet,,no,,134.19,120338,no,,,no label; no vault counterparty in latest ERC-20 transfers (Ethereum) or registry match
venue sweep: lowband_existing,aave-core,1,0x158eca41f8ea57fe7f4cb653a61500054f5720f6,EOA,wallet,,no,,134.13,422644,no,,,no label; no vault counterparty in latest ERC-20 transfers (Ethereum) or registry match
venue sweep: lowband_existing,aave-core,1,0x36101daee54ebb1f71b9e5c90d3c48cfd96846ff,EOA,wallet,,no,,134.12,100121,no,,,no label; no vault counterparty in latest ERC-20 transfers (Ethereum) or registry match
venue sweep: lowband_existing,aave-core,1,0x33cb8b6749dda7a0dc220bd3d5f3485e59bbdd00,Summer.fi DPM,personal,,no,,134.06,150512,no,,,per-user smart account
venue sweep: lowband_existing,compound-v3,1,0x8b5c574cd8becdadc262e1b15b517095f9162c0b,EOA,wallet,,no,,134.0,1109135,no,,,no label; no vault counterparty in latest ERC-20 transfers (Ethereum) or registry match
venue sweep: lowband_existing,aave-core,1,0x6d4a3043dfc3ce94a588bdb90a3664729df8d8ec,EOA,wallet,,no,,133.88,158205,no,,,no label; no vault counterparty in latest ERC-20 transfers (Ethereum) or registry match
venue sweep: lowband_existing,aave-core,1,0x1f549d9c700c1b96bedb863bfec2cdacfe80233e,EOA,wallet,,no,,133.79,45526,no,,,no label; no vault counterparty in latest ERC-20 transfers (Ethereum) or registry match
venue sweep: lowband_existing,morpho,1,0xfb9776de51a24eb75e11110fae659e54b346658f,contract: LoanManagerOwnable2StepWithShortcut,counted,carry:sentora-eth,yes,,133.71,256219,yes,carry:sentora-eth,,listed in carry_lending_snapshot.json
venue sweep: lowband_existing,morpho,1,0xc86d774998a60e1cb3f340dd234d6253ffb8ecaa,EOA,wallet,,no,,133.68,240392,no,,,no label; no vault counterparty in latest ERC-20 transfers (Ethereum) or registry match
venue sweep: lowband_existing,aave-core,1,0x5cee680cb532b09df69df457a31f3e949aec8669,EOA,wallet,,no,,133.63,195668,no,,,no label; no vault counterparty in latest ERC-20 transfers (Ethereum) or registry match
venue sweep: lowband_existing,aave-core,1,0xcc21a074c737a94689a8743966743f643d141b9d,EOA,wallet,,no,,133.57,1564577,no,,,no label; no vault counterparty in latest ERC-20 transfers (Ethereum) or registry match
venue sweep: lowband_existing,morpho,1,0x6fdce26944a8d23158ac07f65c52d0d4a6c3b4d8,EOA,wallet,,no,,133.55,152488,no,,,no label; no vault counterparty in latest ERC-20 transfers (Ethereum) or registry match
venue sweep: lowband_existing,aave-core,1,0x59f4509017edcccc365881ba6d661a3bc63ebb79,EOA,wallet,,no,,133.54,223734,no,,,no label; no vault counterparty in latest ERC-20 transfers (Ethereum) or registry match
venue sweep: lowband_existing,aave-base,8453,0x359b0ceb2dabcbb6588645de3b480c8203aa5b76,EOA,wallet,,no,,133.52,93237,no,,,no label; no vault counterparty in latest ERC-20 transfers (Ethereum) or registry match
venue sweep: maker,Sky/Maker ETH-A,1,0x3b7fb03609c95c94ebafef69474a3a0f7a63cf26,Instadapp DSA,personal,,no,,133.48,66566,no,,,per-user smart account
venue sweep: curve,Curve crvUSD mint weETH/crvUSD,1,0x23090b2b915957d5572b898201c092c9dcf3962f,EOA,wallet,,no,,133.43,124387,no,,,no label; no vault counterparty in latest ERC-20 transfers (Ethereum) or registry match
venue sweep: lowband_existing,aave-core,1,0x850ef2dfb879781c6b75a3e8721301ab48c875d7,EOA,wallet,,no,,133.4,130990,no,,,no label; no vault counterparty in latest ERC-20 transfers (Ethereum) or registry match
venue sweep: lowband_existing,aave-base,8453,0x2f552cfb648581606e7cd18feaa8aae27fd02f32,EOA,wallet,,no,,133.4,181490,no,,,no label; no vault counterparty in latest ERC-20 transfers (Ethereum) or registry match
venue sweep: lowband_existing,aave-core,1,0xfdc3074c27786e4396709bb423e196dd28942174,EOA,wallet,,no,,133.26,158184,no,,,no label; no vault counterparty in latest ERC-20 transfers (Ethereum) or registry match
venue sweep: lowband_existing,morpho,1,0xad188cba2b527ee0b9f66744ecd8afecbb4b1ec5,EOA,wallet,,no,,133.2,139622,no,,,no label; no vault counterparty in latest ERC-20 transfers (Ethereum) or registry match
venue sweep: lowband_existing,aave-core,1,0xa990436a02320beb8aacc2985a00dc1b34fef1d5,EOA,wallet,,no,,133.12,386622,no,,,no label; no vault counterparty in latest ERC-20 transfers (Ethereum) or registry match
venue sweep: lowband_existing,aave-arbitrum,42161,0xc5e9ae30142745751ca55d1ef65a2aebe6758561,EOA,wallet,,no,,132.99,90552,no,,,no label; no vault counterparty in latest ERC-20 transfers (Ethereum) or registry match
venue sweep: lowband_existing,aave-core,1,0x6320e8710d662cf7d6b5490e74b1ed653621bc92,Safe,wallet,,no,,132.97,225859,no,,,no label; no vault counterparty in latest ERC-20 transfers (Ethereum) or registry match
venue sweep: lowband_existing,aave-core,1,0x5db6d16e532ba9462e1c5d6171e8fa1578a1bff2,EOA,wallet,,no,,132.95,55828,no,,,no label; no vault counterparty in latest ERC-20 transfers (Ethereum) or registry match
venue sweep: lowband_existing,aave-core,1,0x00917c372fa5e0c7fe8ecc04ceea2670e18d3786,EIP-7702,wallet,,no,,132.95,1131607,no,,,no label; no vault counterparty in latest ERC-20 transfers (Ethereum) or registry match
venue sweep: lowband_existing,aave-base,8453,0xadaf37949689c16126ba8e29a6604b7cc85da6af,EIP-7702,wallet,,no,,132.88,523260,no,,,no label; no vault counterparty in latest ERC-20 transfers (Ethereum) or registry match
venue sweep: aave_aave-optimism,aave-optimism,10,0x87333e15b593e13d22ceb38046f3dee0b964ef37,EOA,wallet,,no,,132.83,80363,no,,,no label; no vault counterparty in latest ERC-20 transfers (Ethereum) or registry match
venue sweep: lowband_existing,aave-core,1,0x9cf84e80bfac19bc7f892359db746c1f3c8be955,EOA,wallet,,no,,132.77,161938,no,,,no label; no vault counterparty in latest ERC-20 transfers (Ethereum) or registry match
venue sweep: lowband_existing,morpho,8453,0xda368647c5f99fa02d7773b42d9a26bf5501c31f,Coinbase Smart Wallet,personal,,no,,132.72,102594,no,,,per-user smart account
venue sweep: aave_aave-sonic,aave-sonic,146,0x10e3085127c9bd92ab325f8d1f65cdcec2436149,EOA,wallet,,no,,132.69,110797,no,,,no label; no vault counterparty in latest ERC-20 transfers (Ethereum) or registry match
venue sweep: lowband_existing,aave-arbitrum,42161,0x6fb312b8ff3de99c85a48cd1ee4014024039c8f9,EOA,wallet,,no,,132.69,136033,no,,,no label; no vault counterparty in latest ERC-20 transfers (Ethereum) or registry match
venue sweep: lowband_existing,aave-core,1,0x28d22e6713eab9b7d4b495d4810bfa26a28b9445,EOA,wallet,,no,,132.56,192789,no,,,no label; no vault counterparty in latest ERC-20 transfers (Ethereum) or registry match
venue sweep: lowband_existing,aave-core,1,0x0f0c9c8c080824919c857288c331158d817dfe3e,EIP-7702,wallet,,no,,132.52,377106,no,,,no label; no vault counterparty in latest ERC-20 transfers (Ethereum) or registry match
venue sweep: lowband_existing,spark,1,0x3a0221722703589d52f11691e5af03a90dc75d31,EOA,wallet,,no,,132.34,208253,no,,,no label; no vault counterparty in latest ERC-20 transfers (Ethereum) or registry match
venue sweep: lowband_existing,aave-core,1,0xf20eceb430bcf949a2b037b22609ad12aa434fec,EOA,wallet,,no,,132.33,1341661,no,,,no label; no vault counterparty in latest ERC-20 transfers (Ethereum) or registry match
venue sweep: lowband_existing,aave-v4,1,0x87e2a697eb1a58e9d52c9b2539f83898222f5cc6@0x94e7a5dc,EOA,wallet,,no,,132.32,216376,no,,,no label; no vault counterparty in latest ERC-20 transfers (Ethereum) or registry match
venue sweep: lowband_existing,aave-prime,1,0x941c9adaa9913b25d9e52f6b734bca81257e9b00,EOA,wallet,,no,,132.32,86169,no,,,no label; no vault counterparty in latest ERC-20 transfers (Ethereum) or registry match
venue sweep: lowband_existing,aave-base,8453,0xd86bb2b25493e58d17c3f3e59b5e97e1c9da09e8,EOA,wallet,,no,,131.56,157676,no,,,no label; no vault counterparty in latest ERC-20 transfers (Ethereum) or registry match
venue sweep: lowband_existing,morpho,8453,0x140c313d0eb52d09824bf1562080b6657d1a6e6b,Coinbase Smart Wallet,personal,,no,,131.52,102585,no,,,per-user smart account
venue sweep: lowband_existing,morpho,1,0x15d869a5a117480ff219d6dc62a42c794cbaccba,contract: TransparentUpgradeableProxy,product,Upshift KPK LsETH,yes,,131.32,263236,no,upshift (farming),,Upshift API: subaccount of vault 0x00e95754; owner() = vault
venue sweep: lowband_existing,aave-arbitrum,42161,0x899a8dd178f850e50e9e754e090aafe67dc0b68e,EIP-7702,wallet,,no,,131.3,199213,no,,,no label; no vault counterparty in latest ERC-20 transfers (Ethereum) or registry match
venue sweep: lowband_existing,aave-core,1,0xd642e6f9e57581a8e2b053e669ec6e07a6c13ba9,EOA,wallet,,no,,131.23,145739,no,,,no label; no vault counterparty in latest ERC-20 transfers (Ethereum) or registry match
venue sweep: lowband_existing,aave-arbitrum,42161,0x0995bf0f9b8dc2a6c5a034ecead830fec0176374,EOA,wallet,,no,,131.23,65663,no,,,no label; no vault counterparty in latest ERC-20 transfers (Ethereum) or registry match
venue sweep: lowband_existing,aave-core,1,0xd9c4a8dcfdbd8a5c9af9fcf0fa48b1d45b080eea,DSProxy,personal,,no,,131.22,163314,no,,,per-user smart account
venue sweep: lowband_existing,spark,1,0x8147fa711dc0dc681b5c54e7c2dadb37030ed0c4,Safe,wallet,,no,,131.2,105983,no,,,no label; no vault counterparty in latest ERC-20 transfers (Ethereum) or registry match
venue sweep: lowband_existing,aave-v4,1,0x3778dd2a433e3ad79cac5dd0412c2777d7c8bed2@0x94e7a5dc,EOA,wallet,,no,,131.11,125786,no,,,no label; no vault counterparty in latest ERC-20 transfers (Ethereum) or registry match
venue sweep: maker,Sky/Maker ETH-A,1,0xf25fb0f153bd451dcaa0034960a0db2fd334748b,DSProxy,personal,,no,,131.01,79051,no,,,per-user smart account
venue sweep: lowband_existing,aave-base,8453,0xbd20f6626d187ff13dfaeec69718581005c98309,EOA,wallet,,no,,130.89,141544,no,,,no label; no vault counterparty in latest ERC-20 transfers (Ethereum) or registry match
venue sweep: lowband_existing,aave-v4,1,0x21983bdd1a672954a8ab9afe254711addc4ea42c@0x94e7a5dc,EOA,wallet,,no,,130.73,63026,no,,,no label; no vault counterparty in latest ERC-20 transfers (Ethereum) or registry match
venue sweep: lowband_existing,spark,1,0x1a415a3b77ed38b683db945dc83f53ecda26f716,EOA,wallet,,no,,130.51,66729,no,,,no label; no vault counterparty in latest ERC-20 transfers (Ethereum) or registry match
venue sweep: maker,Sky/Maker ETH-C,1,0x68c2b31974022267b028487ca73a17041d7b1d0e,DSProxy,personal,,no,,130.46,104504,no,,,per-user smart account
venue sweep: lowband_existing,aave-core,1,0xa9cd2041f97a303727199bfba14d03b223c8a829,EOA,wallet,,no,,130.44,116730,no,,,no label; no vault counterparty in latest ERC-20 transfers (Ethereum) or registry match
venue sweep: lowband_existing,aave-core,1,0x327c8bb5015adf9b06631dee3ee0a4939808ae7c,EOA,wallet,,no,,130.39,764943,no,,,no label; no vault counterparty in latest ERC-20 transfers (Ethereum) or registry match
venue sweep: lowband_existing,aave-core,1,0x26a2570e1819910b76d7566f4443709c3151c987,EOA,wallet,,no,,130.32,93765,no,,,no label; no vault counterparty in latest ERC-20 transfers (Ethereum) or registry match
venue sweep: lowband_existing,aave-base,8453,0x3e10d3249bae1dbed6269b3fa7a11859af6c35d0,EOA,wallet,,no,,130.25,283822,no,,,no label; no vault counterparty in latest ERC-20 transfers (Ethereum) or registry match
venue sweep: lowband_existing,aave-core,1,0x0a31cfcfaff79d0f23a9a65a3850af6765122915,EOA,wallet,,no,,130.24,149166,no,,,no label; no vault counterparty in latest ERC-20 transfers (Ethereum) or registry match
venue sweep: lowband_existing,morpho,8453,0x362e5bfac25729e13823bda0bf467ce7ee4dc010,Coinbase Smart Wallet,personal,,no,,130.19,102591,no,,,per-user smart account
venue sweep: lowband_existing,aave-core,1,0xc40f61f08724563f73404f049b2943e45b2285d1,EOA,wallet,,no,,130.04,130926,no,,,no label; no vault counterparty in latest ERC-20 transfers (Ethereum) or registry match
venue sweep: lowband_existing,aave-core,1,0x6edfccbe0b883a11a4a650ce2c6e3b4f6891de75,EOA,wallet,,no,,130.03,252741,no,,,no label; no vault counterparty in latest ERC-20 transfers (Ethereum) or registry match
venue sweep: lowband_existing,aave-core,1,0x995904724b237f9342886adadb88c16d973a58fc,EOA,wallet,,no,,130.02,117871,no,,,no label; no vault counterparty in latest ERC-20 transfers (Ethereum) or registry match
venue sweep: lowband_existing,aave-arbitrum,42161,0xc9f38dfe25ea14d8f629be94937a633ab061a4d3,EOA,wallet,,no,,130.01,90724,no,,,no label; no vault counterparty in latest ERC-20 transfers (Ethereum) or registry match
venue sweep: maker,Sky/Maker ETH-B,1,0x4e390ebb84dfca4479510500668895e661bbda04,DSProxy,personal,,no,,130.01,150559,no,,,per-user smart account
venue sweep: lowband_existing,aave-core,1,0xa15cf05cccc65c8b98fd6ffbc7b4c61cedb4d3e1,EOA,wallet,,no,,129.87,91871,no,,,no label; no vault counterparty in latest ERC-20 transfers (Ethereum) or registry match
venue sweep: lowband_existing,aave-arbitrum,42161,0xf31587d7a293eac4058e00053414e92acc6df98c,EIP-7702,wallet,,no,,129.77,167151,no,,,no label; no vault counterparty in latest ERC-20 transfers (Ethereum) or registry match
venue sweep: lowband_existing,spark,1,0x5dc9e206b4ab3c418f056165c75fb6e17b5c61a2,Summer.fi DPM,personal,,no,,129.68,125841,no,,,per-user smart account
venue sweep: lowband_existing,compound-v3,1,0xb65ed0b02575b8d0a47b0a4e2ef2d0d21a46f3e9,EIP-7702,wallet,,no,,129.5,173334,no,,,no label; no vault counterparty in latest ERC-20 transfers (Ethereum) or registry match
venue sweep: lowband_existing,aave-core,1,0xc2a6ffce46ca29fa59b650eb0641507161994f90,EOA,wallet,,no,,129.45,146131,no,,,no label; no vault counterparty in latest ERC-20 transfers (Ethereum) or registry match
venue sweep: lowband_existing,aave-arbitrum,42161,0x60a22b6e56c2559a9be6ac2dddc107146523ba8c,Instadapp DSA,personal,,no,,129.4,118165,no,,,per-user smart account
venue sweep: lowband_existing,aave-core,1,0x5a0aa6f582a50898f6f381782a6b893a2b025d8a,EOA,wallet,,no,,129.29,103600,no,,,no label; no vault counterparty in latest ERC-20 transfers (Ethereum) or registry match
venue sweep: lowband_existing,aave-core,1,0x1105c075a4034c57d1457151b2d7cab2ed99b122,EOA,wallet,,no,,129.11,150086,no,,,no label; no vault counterparty in latest ERC-20 transfers (Ethereum) or registry match
venue sweep: lowband_existing,aave-core,1,0xbcd9c589c20dd945b27da71f02bf6da9da22a2f7,DSProxy,personal,,no,,129.05,86106,no,,,per-user smart account
venue sweep: aave_aave-avalanche,aave-avalanche,43114,0xf464b1ac491dbd81b227d38e16ec2382c6b7c6d7,EOA,wallet,,no,,129.03,45715,no,,,no label; no vault counterparty in latest ERC-20 transfers (Ethereum) or registry match
venue sweep: lowband_existing,aave-core,1,0x2fb2e827ee0c47dd130878a9cdc0c6f2638933be,Safe,wallet,,no,,128.99,135131,no,,,no label; no vault counterparty in latest ERC-20 transfers (Ethereum) or registry match
venue sweep: lowband_existing,spark,1,0x60374c9b761834d56fdc7a1067c03ea28ee8d7c8,EOA,wallet,,no,,128.82,429350,no,,,no label; no vault counterparty in latest ERC-20 transfers (Ethereum) or registry match
venue sweep: lowband_existing,aave-core,1,0x91830a4586f11d3acebe6dd753a4958ab455aa0a,EOA,wallet,,no,,128.72,96306,no,,,no label; no vault counterparty in latest ERC-20 transfers (Ethereum) or registry match
venue sweep: lowband_existing,aave-arbitrum,42161,0xa0ea6279a57584b0e6073f30bafc577cc398c17e,EOA,wallet,,no,,128.6,10968,no,,,no label; no vault counterparty in latest ERC-20 transfers (Ethereum) or registry match
venue sweep: lowband_existing,aave-core,1,0x3363ef6ebc02085d05c4d650be0c2e736fbdaac9,EOA,wallet,,no,,128.53,105371,no,,,no label; no vault counterparty in latest ERC-20 transfers (Ethereum) or registry match
venue sweep: lowband_existing,morpho,8453,0x11bda28f3b8e519230350e0c4295632787a988b9,Coinbase Smart Wallet,personal,,no,,128.5,130188,no,,,per-user smart account
venue sweep: maker,Sky/Maker ETH-C,1,0x1266b46088d5874115777842b2eed0d6cb21d415,DSProxy,personal,,no,,128.5,21949,no,,,per-user smart account
venue sweep: lowband_existing,compound-v3,1,0xa9da024b24772001a9f4fff90eacddf1fb4a82c5,EOA,wallet,,no,,128.2,185757,no,,,no label; no vault counterparty in latest ERC-20 transfers (Ethereum) or registry match
venue sweep: lowband_existing,morpho,1,0x9dbe078cb4c73069aa155fbbd28ca197755be734,EOA,wallet,,no,,128.0,118899,no,,,no label; no vault counterparty in latest ERC-20 transfers (Ethereum) or registry match
venue sweep: lowband_existing,compound-v3,1,0x2cd2e7c7a41fa5e8b4e546ddd27ad6bab9988713,EOA,wallet,,no,,128.0,128410,no,,,no label; no vault counterparty in latest ERC-20 transfers (Ethereum) or registry match
venue sweep: lowband_existing,aave-core,1,0x9499c51b9d0b9aeaecad05d4a404b2e5dda8a3a4,EOA,wallet,,no,,128.0,121719,no,,,no label; no vault counterparty in latest ERC-20 transfers (Ethereum) or registry match
venue sweep: lowband_existing,morpho,1,0x378d18ecd80430895df2c034327edac16b3f1372,contract: TESS wstETH Debt Vault LO,product,IPOR TESS wstETH Debt Vault,closed,4,127.99,161936,no,fusion-by-ipor (farming),,PlasmaVault; publicDepositOpened = false (CARRY-DISCOVERY.md); 4 holders
venue sweep: lowband_existing,aave-core,1,0x3ed2a93a0db29453bc97d42802fad01ed00ecdd2,EOA,wallet,,no,,127.99,99091,no,,,no label; no vault counterparty in latest ERC-20 transfers (Ethereum) or registry match
venue sweep: lowband_existing,morpho,1,0xf6d3fba71e4e399c8312882dbc26c14b23c44184,EOA,wallet,,no,,127.96,107206,no,,,no label; no vault counterparty in latest ERC-20 transfers (Ethereum) or registry match
venue sweep: lowband_existing,aave-core,1,0x3c482f91ebcbf9b78dd3eed33c50efee0bc7f801,Safe,wallet,,no,,127.81,89433,no,,,no label; no vault counterparty in latest ERC-20 transfers (Ethereum) or registry match
venue sweep: lowband_existing,morpho,1,0xd79fa83f30fe637fcae4905020098d8b5c101219,EOA,wallet,,no,,127.72,139986,no,,,no label; no vault counterparty in latest ERC-20 transfers (Ethereum) or registry match
venue sweep: lowband_existing,aave-core,1,0xcdef05257f551f69f7af6f6f85e56fe3f17718d0,EOA,wallet,,no,,127.68,198960,no,,,no label; no vault counterparty in latest ERC-20 transfers (Ethereum) or registry match
venue sweep: aave_aave-optimism,aave-optimism,10,0x40cb16980dec30df798e7d34336ba6da4de510f6,EOA,wallet,,no,,127.65,112491,no,,,no label; no vault counterparty in latest ERC-20 transfers (Ethereum) or registry match
venue sweep: curve,Curve crvUSD mint wstETH/crvUSD,1,0xb1e81d0107c5efe867ad850f73db3b21b442835a,EOA,wallet,,no,,127.6,72229,no,,,no label; no vault counterparty in latest ERC-20 transfers (Ethereum) or registry match
venue sweep: lowband_existing,aave-core,1,0x4f83c0b5685733cf594792736bf4e428742539f7,Safe,wallet,,no,,127.46,121718,no,,,no label; no vault counterparty in latest ERC-20 transfers (Ethereum) or registry match
venue sweep: lowband_existing,aave-v4,1,0xe20ec92694f88f95e2d910e5d0de101d721934c6@0x94e7a5dc,EOA,wallet,,no,,127.35,69801,no,,,no label; no vault counterparty in latest ERC-20 transfers (Ethereum) or registry match
venue sweep: lowband_existing,spark,1,0x9406007d1e0f18ea67d250fd0159891d6955bb6e,Safe,wallet,,no,,127.23,78713,no,,,no label; no vault counterparty in latest ERC-20 transfers (Ethereum) or registry match
venue sweep: lowband_existing,aave-core,1,0x516d4629a2f7e95140f3e37bbc4e6b6f87a11fa4,EOA,wallet,,no,,127.21,10302,no,,,no label; no vault counterparty in latest ERC-20 transfers (Ethereum) or registry match
venue sweep: curve,Curve LlamaLend wstETH/crvUSD,1,0x54fd5d6cf0d899bfa91043fa76c49d4129eb23cf,EOA,wallet,,no,,127.15,230039,no,,,no label; no vault counterparty in latest ERC-20 transfers (Ethereum) or registry match
venue sweep: liquity,Liquity v2 (BOLD) Liquity v2 (BOLD) branch 1 (wstETH/BOLD),1,0x3fd22fd573a645f75e8163751aae0c32be5dbcc1,EOA,wallet,,no,,127.1,106469,no,,,no label; no vault counterparty in latest ERC-20 transfers (Ethereum) or registry match
venue sweep: lowband_existing,aave-v4,1,0x301bb45ec537aed45dd012ce412369395776fe74@0x973a023a,Safe,wallet,,no,,127.08,50765,no,,,no label; no vault counterparty in latest ERC-20 transfers (Ethereum) or registry match
venue sweep: lowband_existing,morpho,1,0xe77b6130895ffb5b0acd3d3822e5b867779ed200,EOA,wallet,,no,,126.94,73752,no,,,no label; no vault counterparty in latest ERC-20 transfers (Ethereum) or registry match
venue sweep: lowband_existing,aave-core,1,0xe1bb99fa82a4eae7263eadcab5be266d187df6be,EOA,wallet,,no,,126.85,103210,no,,,no label; no vault counterparty in latest ERC-20 transfers (Ethereum) or registry match
venue sweep: lowband_existing,aave-core,1,0xbbd72dd26f7196940e155da95e3ed3b5248c5c9c,EOA,wallet,,no,,126.83,331750,no,,,no label; no vault counterparty in latest ERC-20 transfers (Ethereum) or registry match
venue sweep: lowband_existing,spark,1,0x6b5fafc68a9c4fff986667587d1a02902a1d6ff7,EOA,wallet,,no,,126.77,137758,no,,,no label; no vault counterparty in latest ERC-20 transfers (Ethereum) or registry match
venue sweep: lowband_existing,aave-core,1,0x70f3e5764791db5d2a6a6b8855a307b36e255695,EOA,wallet,,no,,126.74,259604,no,,,no label; no vault counterparty in latest ERC-20 transfers (Ethereum) or registry match
venue sweep: lowband_existing,aave-core,1,0x551c551bf4ce8b63d27cf4f30382efb029083f49,EOA,wallet,,no,,126.72,48091,no,,,no label; no vault counterparty in latest ERC-20 transfers (Ethereum) or registry match
venue sweep: lowband_existing,aave-core,1,0x2b290f41af8e0e6db68c0d8325394d8935d1d990,EOA,wallet,,no,,126.53,175987,no,,,no label; no vault counterparty in latest ERC-20 transfers (Ethereum) or registry match
venue sweep: lowband_existing,compound-v3,1,0xd2fbb496974f01e93409e32ca268aff525c9a56d,EOA,wallet,,no,,126.3,161826,no,,,no label; no vault counterparty in latest ERC-20 transfers (Ethereum) or registry match
venue sweep: lowband_existing,aave-core,1,0x8bdba88aacf3233d303f18a8d240f9b6d6c627f1,EIP-7702,wallet,,no,,126.25,211778,no,,,no label; no vault counterparty in latest ERC-20 transfers (Ethereum) or registry match
venue sweep: lowband_existing,aave-core,1,0x7e35d8c981f10e63691f2d4fcbac3acaf204f666,EOA,wallet,,no,,126.22,135288,no,,,no label; no vault counterparty in latest ERC-20 transfers (Ethereum) or registry match
venue sweep: lowband_existing,aave-core,1,0xed0819718522d513f15bea38f735e57077d4f2a6,Safe,wallet,,no,,126.16,51206,no,,,no label; no vault counterparty in latest ERC-20 transfers (Ethereum) or registry match
venue sweep: lowband_existing,morpho,8453,0x43f9e7eb45a19133ff79a56dd001c9a10579d43f,Coinbase Smart Wallet,personal,,no,,126.03,212606,no,,,per-user smart account
venue sweep: lowband_existing,aave-core,1,0x1b151019af46dd1e3e8f514dacfbde806468e865,EOA,wallet,,no,,126.02,64781,no,,,no label; no vault counterparty in latest ERC-20 transfers (Ethereum) or registry match
venue sweep: liquity,Liquity v2 (BOLD) Liquity v2 (BOLD) branch 1 (wstETH/BOLD),1,0x955af4de9ca03f84c9462457d075acabf1a8afc8,EOA,wallet,,no,,126.01,125898,no,,,no label; no vault counterparty in latest ERC-20 transfers (Ethereum) or registry match
venue sweep: maker,Sky/Maker ETH-A,1,0x67523d944e20e9a3b35719ca75a5f95720e3f5df,DSProxy,personal,,no,,126.0,51516,no,,,per-user smart account
venue sweep: lowband_existing,aave-core,1,0xd097762c4ac55378ff6a488cf53c4714c6aa2285,EOA,wallet,,no,,125.97,104525,no,,,no label; no vault counterparty in latest ERC-20 transfers (Ethereum) or registry match
venue sweep: aave_aave-optimism,aave-optimism,10,0x3efd25be097d6a3e22fe0f426fa7d5ea40aa1648,EOA,wallet,,no,,125.92,38646,no,,,no label; no vault counterparty in latest ERC-20 transfers (Ethereum) or registry match
venue sweep: lowband_existing,aave-core,1,0x5dad2cd9195c4954ec13af1f39f9725643d85a05,EOA,wallet,,no,,125.87,181301,no,,,no label; no vault counterparty in latest ERC-20 transfers (Ethereum) or registry match
venue sweep: lowband_existing,aave-core,1,0x6fa8ac76c7988f76462d0290d44c450c50f42859,EOA,wallet,,no,,125.79,102586,no,,,no label; no vault counterparty in latest ERC-20 transfers (Ethereum) or registry match
venue sweep: lowband_existing,morpho,1,0xc064c511db5982d35a5761577ce6b0ef1184487b,Safe,wallet,,no,,125.63,41985,no,,,no label; no vault counterparty in latest ERC-20 transfers (Ethereum) or registry match
venue sweep: lowband_existing,aave-core,1,0x24fafe4d1306b2f9bca35b99be91e8e80cb3b4fd,EOA,wallet,,no,,125.53,65713,no,,,no label; no vault counterparty in latest ERC-20 transfers (Ethereum) or registry match
venue sweep: aave_aave-optimism,aave-optimism,10,0x20149621fb7fe93306d0ffa4e3b14b700e4c5e8a,EOA,wallet,,no,,125.52,132960,no,,,no label; no vault counterparty in latest ERC-20 transfers (Ethereum) or registry match
venue sweep: lowband_existing,morpho,42161,0x0e66cf7a7e7a7f4574670f6c2c9d463e1478a06c,EOA,wallet,,no,,125.52,100570,no,,,no label; no vault counterparty in latest ERC-20 transfers (Ethereum) or registry match
venue sweep: lowband_existing,aave-core,1,0x7307c13d98360095205038c9cabd7f27bab65dd7,EIP-7702,wallet,,no,,125.51,147578,no,,,no label; no vault counterparty in latest ERC-20 transfers (Ethereum) or registry match
venue sweep: lowband_existing,morpho,8453,0xba4bad67ff2c5f6ead6032093ebbf60ba5021ac0,Coinbase Smart Wallet,personal,,no,,125.5,113344,no,,,per-user smart account
venue sweep: lowband_existing,aave-arbitrum,42161,0xedad4b1f3edc83eed2becca6a9effbab766fcc96,EOA,wallet,,no,,125.45,164398,no,,,no label; no vault counterparty in latest ERC-20 transfers (Ethereum) or registry match
venue sweep: lowband_existing,aave-arbitrum,42161,0xdfc6db80cd79b7a8e0951966ae04701b237b434d,EOA,wallet,,no,,125.4,148388,no,,,no label; no vault counterparty in latest ERC-20 transfers (Ethereum) or registry match
venue sweep: lowband_existing,spark,1,0x3e4309c73027f484671b60e7dc89ac042f719003,EOA,wallet,,no,,125.32,100130,no,,,no label; no vault counterparty in latest ERC-20 transfers (Ethereum) or registry match
venue sweep: lowband_existing,aave-arbitrum,42161,0x168a7ed63aa0219365b174a94ac24384c8b53416,EIP-7702,wallet,,no,,125.22,105985,no,,,no label; no vault counterparty in latest ERC-20 transfers (Ethereum) or registry match
venue sweep: lowband_existing,aave-base,8453,0xbfaf4769ddef3249331b08d66fa83d0329151756,EOA,wallet,,no,,125.16,119606,no,,,no label; no vault counterparty in latest ERC-20 transfers (Ethereum) or registry match
venue sweep: lowband_existing,aave-core,1,0x76b531d126e09b5e14b6b822e352d0e2e7b581d2,EOA,wallet,,no,,125.13,261334,no,,,no label; no vault counterparty in latest ERC-20 transfers (Ethereum) or registry match
venue sweep: lowband_existing,spark,1,0xa90f96b5fcd5bdc0aae788c0485786b0e546d950,Safe,wallet,,no,,125.07,245522,no,,,no label; no vault counterparty in latest ERC-20 transfers (Ethereum) or registry match
venue sweep: lowband_existing,spark,1,0xc3f1ec5f4dd69f264345acef4c95fcc399870a90,DSProxy,personal,,no,,125.07,111569,no,,,per-user smart account
venue sweep: lowband_existing,aave-core,1,0x253a022a7dfaff97143d39513be6556448b9f5b4,EOA,wallet,,no,,125.04,55512,no,,,no label; no vault counterparty in latest ERC-20 transfers (Ethereum) or registry match
venue sweep: maker,Sky/Maker ETH-A,1,0xa8ee1977dc9dfc3ddac5ccc7729ab1636a47f0d0,DSProxy,personal,,no,,125.0,35661,no,,,per-user smart account
venue sweep: maker,Sky/Maker ETH-C,1,0x2a32ba5964c37e9b25113c9e869d0802a245afad,DSProxy,personal,,no,,125.0,16122,no,,,per-user smart account
venue sweep: lowband_existing,aave-v4,1,0x5ba9b1499461e676463f38b2a4cfd2c61a64f81c@0x94e7a5dc,EOA,wallet,,no,,124.98,134399,no,,,no label; no vault counterparty in latest ERC-20 transfers (Ethereum) or registry match
venue sweep: lowband_existing,aave-core,1,0xf39e46d8c426482dc450b130b523ee4433fd2074,EOA,wallet,,no,,124.85,130364,no,,,no label; no vault counterparty in latest ERC-20 transfers (Ethereum) or registry match
venue sweep: lowband_existing,aave-core,1,0xee8f9b32f201ce1cd267f137725011613ead6e33,EIP-7702,wallet,,no,,124.76,165653,no,,,no label; no vault counterparty in latest ERC-20 transfers (Ethereum) or registry match
venue sweep: lowband_existing,fluid,1,0x4307055343c3754c60081eab31cddd6bf806a7c0,EOA,wallet,,no,,124.66,92441,no,,,no label; no vault counterparty in latest ERC-20 transfers (Ethereum) or registry match
venue sweep: lowband_existing,morpho,1,0xb2a2891fe370c762836c7bc53a7dac555c759235,EOA,wallet,,no,,124.56,127494,no,,,no label; no vault counterparty in latest ERC-20 transfers (Ethereum) or registry match
lending split,compound-v3,1,0xb32d274e3cd9d83af150f3b361786abc02f0dd52,EOA,wallet,,no,,124.54,100461,no,,,no label; no vault counterparty in latest ERC-20 transfers (Ethereum) or registry match
venue sweep: lowband_existing,aave-core,1,0x701f58b0834a52fd0257accb7a14394180b8fe40,EOA,wallet,,no,,124.54,72883,no,,,no label; no vault counterparty in latest ERC-20 transfers (Ethereum) or registry match
venue sweep: lowband_existing,spark,1,0x9fdc62037b2086a7f8a03033c080c632aaaecafe,EOA,wallet,,no,,124.54,0,no,,,no label; no vault counterparty in latest ERC-20 transfers (Ethereum) or registry match
venue sweep: lowband_existing,compound-v3,42161,0x98b0fd0884d4fcccf8fe4daad8e0b91b466a3f23,EIP-7702,wallet,,no,,124.54,302706,no,,,no label; no vault counterparty in latest ERC-20 transfers (Ethereum) or registry match
venue sweep: maker,Sky/Maker WSTETH-B,1,0xaf28e634c2f465f4346e8dec00b4023852436a7b,DSProxy,personal,,no,,124.54,126692,no,,,per-user smart account
venue sweep: lowband_existing,morpho,1,0x357dfdc34f93388059d2eb09996d80f233037cba,EIP-7702,wallet,,no,,124.53,190863,no,,,no label; no vault counterparty in latest ERC-20 transfers (Ethereum) or registry match
venue sweep: lowband_existing,morpho,1,0xeeff6fd32deafe1a9d3258a51c7f952f9ff0b2ce,EOA,wallet,,no,,124.53,61339,no,,,no label; no vault counterparty in latest ERC-20 transfers (Ethereum) or registry match
venue sweep: lowband_existing,aave-core,1,0xaddffde1ed1b628d9128fd2ef4166654b7913137,EOA,wallet,,no,,124.45,720321,no,,,no label; no vault counterparty in latest ERC-20 transfers (Ethereum) or registry match
venue sweep: lowband_existing,aave-core,1,0x96a97d8316a0d81096de12e1513d0e92e661db2f,EOA,wallet,,no,,124.41,156585,no,,,no label; no vault counterparty in latest ERC-20 transfers (Ethereum) or registry match
venue sweep: lowband_existing,aave-core,1,0x124f94d86f4ddabebb4ed4b7bf3df85db7559cac,EOA,wallet,,no,,124.26,89927,no,,,no label; no vault counterparty in latest ERC-20 transfers (Ethereum) or registry match
venue sweep: curve,Curve crvUSD mint wstETH/crvUSD,1,0x252c99fe27be4007a349cb34438cfb6b10863940,EOA,wallet,,no,,124.21,100313,no,,,no label; no vault counterparty in latest ERC-20 transfers (Ethereum) or registry match
venue sweep: lowband_existing,spark,1,0xc5eb6dfd56a42cf639b230cb59326304ee5c4906,EIP-7702,wallet,,no,,124.17,164341,no,,,no label; no vault counterparty in latest ERC-20 transfers (Ethereum) or registry match
venue sweep: lowband_existing,aave-core,1,0xcf0ddfadb842fc699b75fd942e24c72292d06b65,EIP-7702,wallet,,no,,124.05,168158,no,,,no label; no vault counterparty in latest ERC-20 transfers (Ethereum) or registry match
venue sweep: maker,Sky/Maker ETH-A,1,0xb101f31c9e283808efb971fbe7fe80538bb412e2,DSProxy,personal,,no,,124.0,58431,no,,,per-user smart account
venue sweep: lowband_existing,aave-core,1,0xaf3dffb297c33ad521e152127b79885fb4d4bc48,EOA,wallet,,no,,123.95,124503,no,,,no label; no vault counterparty in latest ERC-20 transfers (Ethereum) or registry match
venue sweep: lowband_existing,fluid,1,0x69d494eade06850b5074b502faa3666ec19f0787,EOA,wallet,,no,,123.86,96579,no,,,no label; no vault counterparty in latest ERC-20 transfers (Ethereum) or registry match
venue sweep: lowband_existing,aave-v4,1,0x4bd973e98585b003c31f4c8b9d6eac5d3293b1e5@0x94e7a5dc,Safe,wallet,,no,,123.69,130052,no,,,no label; no vault counterparty in latest ERC-20 transfers (Ethereum) or registry match
venue sweep: lowband_existing,aave-base,8453,0x22703189e4ff2c1ef548f2329410c2522120cadc,EOA,wallet,,no,,123.69,203395,no,,,no label; no vault counterparty in latest ERC-20 transfers (Ethereum) or registry match
venue sweep: lowband_existing,aave-core,1,0xcd81917ff5313d02d7da3d47a9afcd3f635c36e3,EOA,wallet,,no,,123.67,151173,no,,,no label; no vault counterparty in latest ERC-20 transfers (Ethereum) or registry match
venue sweep: lowband_existing,aave-core,1,0x0a8696c84017d549f127b0d2267df2dbed10c7de,EOA,wallet,,no,,123.65,259746,no,,,no label; no vault counterparty in latest ERC-20 transfers (Ethereum) or registry match
venue sweep: maker,Sky/Maker ETH-A,1,0x794958f3fb8af2e795308fc0948c4f6857d0afbc,DSProxy,personal,,no,,123.64,97433,no,,,per-user smart account
venue sweep: lowband_existing,morpho,8453,0x2b741982f8016b5960cf83c85c43983019889395,Coinbase Smart Wallet,personal,,no,,123.62,118372,no,,,per-user smart account
venue sweep: lowband_existing,spark,1,0xbb5880019a338bc20d264460cbd87283dcfb2846,Safe,wallet,,no,,123.51,222406,no,,,no label; no vault counterparty in latest ERC-20 transfers (Ethereum) or registry match
venue sweep: lowband_existing,aave-core,1,0x6533137b66f57ba41c2d1ce1d9255b2852949ec9,EOA,wallet,,no,,123.5,99575,no,,,no label; no vault counterparty in latest ERC-20 transfers (Ethereum) or registry match
venue sweep: lowband_existing,spark,1,0xab8f25c3fe5cd5a07be36249afad2cb345025c8a,Instadapp DSA,personal,,no,,123.49,8565,no,,,per-user smart account
venue sweep: lowband_existing,aave-core,1,0x4b81730e55b640f4d1ad666cd020332cb336d74a,EOA,wallet,,no,,123.48,57795,no,,,no label; no vault counterparty in latest ERC-20 transfers (Ethereum) or registry match
venue sweep: lowband_existing,aave-base,8453,0x15e1483100913046707b5242e29a5ba4bb6e7a5a,EOA,wallet,,no,,123.44,118619,no,,,no label; no vault counterparty in latest ERC-20 transfers (Ethereum) or registry match
venue sweep: lowband_existing,aave-core,1,0x750e9a7b449904f47b793b805db469fa6e025e33,EOA,wallet,,no,,123.35,20003,no,,,no label; no vault counterparty in latest ERC-20 transfers (Ethereum) or registry match
lending split,aave-core,1,0xd4f6aaed3c40d802e1541a5152dab0e6bbff1beb,EOA,wallet,,no,,123.26,54035,no,,,wilkie.eth
venue sweep: lowband_existing,aave-v4,1,0x2056754a4238f279ca371865a7fcfa318af6f954@0x94e7a5dc,Summer.fi DPM,personal,,no,,123.17,92719,no,,,per-user smart account
venue sweep: maker,Sky/Maker ETH-A,1,0x640360b4e4e362f65cb0233b9dd5d4c9e3454fa6,DSProxy,personal,,no,,123.1,73168,no,,,per-user smart account
venue sweep: lowband_existing,compound-v3,1,0x694450aabcd9ff551c60474808ec5816ad66df53,Instadapp DSA,personal,,no,,123.08,166415,no,,,per-user smart account
venue sweep: lowband_existing,aave-core,1,0x2557fe0959934f3814c6ee72ab46e6687b81b8ca,EOA,wallet,,no,,123.03,101208,no,,,no label; no vault counterparty in latest ERC-20 transfers (Ethereum) or registry match
venue sweep: lowband_existing,morpho,480,0x9f127b66b1620d97de98746c27e245612e40285c,EOA,wallet,,no,,123.0,141530,no,,,no label; no vault counterparty in latest ERC-20 transfers (Ethereum) or registry match
venue sweep: maker,Sky/Maker ETH-C,1,0x4ec10e56efde001452e7634d990ee36f1fce23ff,DSProxy,personal,,no,,123.0,99029,no,,,per-user smart account
venue sweep: lowband_existing,aave-base,8453,0x1864577d14455690a1af79de859685940d944ea1,EOA,wallet,,no,,122.86,355206,no,,,no label; no vault counterparty in latest ERC-20 transfers (Ethereum) or registry match
venue sweep: aave_aave-plasma,aave-plasma,9745,0xfd465e168390bafbbb49e7fb0d16014f70b4d9a8,EOA,wallet,,no,,122.84,108425,no,,,no label; no vault counterparty in latest ERC-20 transfers (Ethereum) or registry match
venue sweep: lowband_existing,aave-core,1,0x3433d2acc34f07f15e939145b0c1c75430a28fb3,EOA,wallet,,no,,122.84,104269,no,,,no label; no vault counterparty in latest ERC-20 transfers (Ethereum) or registry match
venue sweep: lowband_existing,aave-core,1,0x5b338fab2b2c361315e3595bd6595ac08c03771a,EOA,wallet,,no,,122.77,48654,no,,,no label; no vault counterparty in latest ERC-20 transfers (Ethereum) or registry match
venue sweep: curve,Curve LlamaLend wstETH/crvUSD,1,0x4c4899b6e2b91b29d15fbb653ac6f25c5bf43984,EOA,wallet,,no,,122.69,116370,no,,,no label; no vault counterparty in latest ERC-20 transfers (Ethereum) or registry match
venue sweep: lowband_existing,aave-core,1,0x292b833b385249315884b0ce29fb154ed6bd5258,EOA,wallet,,no,,122.52,159755,no,,,no label; no vault counterparty in latest ERC-20 transfers (Ethereum) or registry match
venue sweep: lowband_existing,morpho,1,0x6cc1252abb6d3568e23575ea67d50f6517c36a90,Summer.fi DPM,personal,,no,,122.42,107620,no,,,per-user smart account
venue sweep: lowband_existing,spark,1,0x2a776df062b4272f09d29920404ef877c69b12f0,EOA,wallet,,no,,122.2,144959,no,,,no label; no vault counterparty in latest ERC-20 transfers (Ethereum) or registry match
venue sweep: lowband_existing,spark,1,0xbbc71613e14b450030aeca0e561dfb9437ee8104,EOA,wallet,,no,,122.16,125378,no,,,no label; no vault counterparty in latest ERC-20 transfers (Ethereum) or registry match
venue sweep: lowband_existing,morpho,1,0xd8fa2f704ac2d5ff4acecbf248db61523f99833b,EOA,wallet,,no,,122.13,75196,no,,,no label; no vault counterparty in latest ERC-20 transfers (Ethereum) or registry match
venue sweep: lowband_existing,fluid,1,0xfece478ebd9943b72104b0901053ef9fb304aa93,EOA,wallet,,no,,122.1,94641,no,,,no label; no vault counterparty in latest ERC-20 transfers (Ethereum) or registry match
venue sweep: maker,Sky/Maker ETH-B,1,0x970088e99cf27a722282c79af2a5f666c9b9492f,DSProxy,personal,,no,,122.1,85168,no,,,per-user smart account
venue sweep: lowband_existing,aave-core,1,0x06a9ef1404483e0559d67d80e323b034a3a3967d,DSProxy,personal,,no,,122.08,264879,no,,,per-user smart account
venue sweep: lowband_existing,aave-core,1,0x4adf9b737ab9c97f5728cbcf143483cf6c2f7df3,EOA,wallet,,no,,121.95,80915,no,,,no label; no vault counterparty in latest ERC-20 transfers (Ethereum) or registry match
venue sweep: lowband_existing,aave-core,1,0xaa63c203fcd3b4effed705c4bb37bf63c0ba91f6,EOA,wallet,,no,,121.85,110535,no,,,no label; no vault counterparty in latest ERC-20 transfers (Ethereum) or registry match
venue sweep: lowband_existing,morpho,8453,0x51c9edd8eec8044691f0bf653d29eff114419be2,Coinbase Smart Wallet,personal,,no,,121.73,134207,no,,,per-user smart account
venue sweep: lowband_existing,aave-core,1,0x10dab2ec740ae0b3ca22ea0a7fbdd1e447665c6b,EOA,wallet,,no,,121.62,418806,no,,,no label; no vault counterparty in latest ERC-20 transfers (Ethereum) or registry match
venue sweep: lowband_existing,aave-arbitrum,42161,0xa0eac5d90be5e6346b22895a207d49fbe9711447,EOA,wallet,,no,,121.53,98804,no,,,no label; no vault counterparty in latest ERC-20 transfers (Ethereum) or registry match
venue sweep: lowband_existing,aave-core,1,0x2089a836b77fa9acc8e2c82f39e084d613602839,EOA,wallet,,no,,121.38,117849,no,,,no label; no vault counterparty in latest ERC-20 transfers (Ethereum) or registry match
venue sweep: lowband_existing,aave-arbitrum,42161,0x922294f84ba0d04ddf72db2e62cb2c6a24df93cc,EOA,wallet,,no,,121.34,136353,no,,,no label; no vault counterparty in latest ERC-20 transfers (Ethereum) or registry match
venue sweep: lowband_existing,aave-prime,1,0x82a13ff69153d0d813bb8a4e8b035498cbe79cad,EOA,wallet,,no,,121.32,141520,no,,,no label; no vault counterparty in latest ERC-20 transfers (Ethereum) or registry match
venue sweep: lowband_existing,aave-arbitrum,42161,0x68ea8323de7643be5045765740725e65cb444e05,EOA,wallet,,no,,121.28,162186,no,,,no label; no vault counterparty in latest ERC-20 transfers (Ethereum) or registry match
venue sweep: lowband_existing,aave-core,1,0x7ee300ec74f7af0304a9038381ea3dcf3aee940d,Safe,wallet,,no,,121.24,56557,no,,,no label; no vault counterparty in latest ERC-20 transfers (Ethereum) or registry match
venue sweep: lowband_existing,compound-v3,1,0x354c04a74be6da700619778f56f681b7aa3d42f7,EOA,wallet,,no,,121.11,366570,no,,,no label; no vault counterparty in latest ERC-20 transfers (Ethereum) or registry match
venue sweep: lowband_existing,morpho,8453,0xd1364ffd54e66844404ff0e4e5597e7e5526cf14,Coinbase Smart Wallet,personal,,no,,121.07,167176,no,,,per-user smart account
venue sweep: lowband_existing,aave-core,1,0x0bc8a3f0ebbc85f3c4fcaacc585a9cb8cab64fb6,EOA,wallet,,no,,121.01,105116,no,,,no label; no vault counterparty in latest ERC-20 transfers (Ethereum) or registry match
venue sweep: lowband_existing,compound-v3,1,0xf23a1fb24a26d5f7a22ff815a1b97119d8f50207,EOA,wallet,,no,,121.0,362632,no,,,no label; no vault counterparty in latest ERC-20 transfers (Ethereum) or registry match
venue sweep: lowband_existing,aave-core,1,0x95d2ba09182101f577fb21d080fd9bc0d916011c,EOA,wallet,,no,,120.88,102556,no,,,no label; no vault counterparty in latest ERC-20 transfers (Ethereum) or registry match
venue sweep: lowband_existing,aave-core,1,0xca6784a21dedee73908310bd12a2d1fc71ec4836,EOA,wallet,,no,,120.81,103149,no,,,no label; no vault counterparty in latest ERC-20 transfers (Ethereum) or registry match
venue sweep: lowband_existing,aave-core,1,0xcb121f8e25f2bab1ae1cfd6eee7350d110ee668b,EOA,wallet,,no,,120.61,104788,no,,,no label; no vault counterparty in latest ERC-20 transfers (Ethereum) or registry match
venue sweep: lowband_existing,aave-core,1,0xa4b7c14fc280eee5b5a5f23ea034980231a34d87,EOA,wallet,,no,,120.58,100015,no,,,no label; no vault counterparty in latest ERC-20 transfers (Ethereum) or registry match
venue sweep: lowband_existing,spark,1,0x61679144c71b41f6c8dbee53e135fafcbe21799b,EOA,wallet,,no,,120.46,70834,no,,,no label; no vault counterparty in latest ERC-20 transfers (Ethereum) or registry match
venue sweep: lowband_existing,aave-arbitrum,42161,0x3540c4ae7eba3236398269d2183f8ec18cb0405e,EIP-7702,wallet,,no,,120.42,99721,no,,,no label; no vault counterparty in latest ERC-20 transfers (Ethereum) or registry match
venue sweep: lowband_existing,morpho,1,0xdc9e2ed87cb7c3dec349344d24ac774df9e1371a,EOA,wallet,,no,,120.36,125061,no,,,no label; no vault counterparty in latest ERC-20 transfers (Ethereum) or registry match
venue sweep: lowband_existing,aave-v4,1,0x769835bfe9a57f0b73ac52ae309b344c55c7a380@0x94e7a5dc,Safe,wallet,,no,,120.3,108000,no,,,no label; no vault counterparty in latest ERC-20 transfers (Ethereum) or registry match
venue sweep: lowband_existing,spark,1,0x298afe764ceade43ba80ac4390195e8d9451d6ef,EOA,wallet,,no,,120.29,127658,no,,,no label; no vault counterparty in latest ERC-20 transfers (Ethereum) or registry match
venue sweep: lowband_existing,aave-base,8453,0x05e09d942505764bca4475abf8efdbc21d1c535b,EOA,wallet,,no,,120.24,215993,no,,,no label; no vault counterparty in latest ERC-20 transfers (Ethereum) or registry match
venue sweep: lowband_existing,aave-core,1,0xc5d1e542055ca68c4e763ed1041a6756563479ad,EIP-7702,wallet,,no,,120.22,834829,no,,,no label; no vault counterparty in latest ERC-20 transfers (Ethereum) or registry match
venue sweep: lowband_existing,aave-arbitrum,42161,0x82d2684dc581cac482f52ce660e0a73782ad1ba9,EOA,wallet,,no,,120.21,112048,no,,,no label; no vault counterparty in latest ERC-20 transfers (Ethereum) or registry match
venue sweep: lowband_existing,aave-core,1,0xd2644f38b2578e57e2fb605a625ec6f0e5c16a49,EOA,wallet,,no,,120.13,106975,no,,,no label; no vault counterparty in latest ERC-20 transfers (Ethereum) or registry match
venue sweep: lowband_existing,aave-core,1,0xa16b17efbc6dbe74976df67f28c7b30104669350,EOA,wallet,,no,,120.11,73082,no,,,no label; no vault counterparty in latest ERC-20 transfers (Ethereum) or registry match
venue sweep: lowband_existing,aave-core,1,0x330d386ce9f651caef1d8ef0d7e56da85e6f8e8a,EOA,wallet,,no,,120.0,138815,no,,,no label; no vault counterparty in latest ERC-20 transfers (Ethereum) or registry match
venue sweep: lowband_existing,morpho,8453,0x67743436dbdd8b76cb22225fe78868db8fa35071,Coinbase Smart Wallet,personal,,no,,120.0,113065,no,,,per-user smart account
venue sweep: lowband_existing,aave-core,1,0x02ce0ddcbf374960ff78a8a42603ec8aa01baa0f,EOA,wallet,,no,,119.93,71420,no,,,no label; no vault counterparty in latest ERC-20 transfers (Ethereum) or registry match
venue sweep: lowband_existing,spark,1,0x4e0dc29df1847b37b8d217b1d6b85ca600184375,Safe,wallet,,no,,119.72,106242,no,,,no label; no vault counterparty in latest ERC-20 transfers (Ethereum) or registry match
venue sweep: lowband_existing,aave-core,1,0xb1e81d0107c5efe867ad850f73db3b21b442835a,EOA,wallet,,no,,119.68,82207,no,,,no label; no vault counterparty in latest ERC-20 transfers (Ethereum) or registry match
venue sweep: lowband_existing,aave-core,1,0x89e32a5909516d975a25ae504d5db67f1ca7d9ca,EOA,wallet,,no,,119.6,82346,no,,,no label; no vault counterparty in latest ERC-20 transfers (Ethereum) or registry match
venue sweep: lowband_existing,aave-base,8453,0x2bf0d7fa60d12e566ce19b1426922ca371b172a2,EIP-7702,wallet,,no,,119.57,242695,no,,,no label; no vault counterparty in latest ERC-20 transfers (Ethereum) or registry match
venue sweep: lowband_existing,aave-core,1,0xaf061e0906a4f6f696134a9ebe19b54d4ae04c02,EOA,wallet,,no,,119.49,64033,no,,,no label; no vault counterparty in latest ERC-20 transfers (Ethereum) or registry match
venue sweep: lowband_existing,aave-core,1,0xb16392df7aed1d25f94d6696b81e7c0c3c926315,EOA,wallet,,no,,119.38,36229,no,,,no label; no vault counterparty in latest ERC-20 transfers (Ethereum) or registry match
venue sweep: lowband_existing,compound-v3,42161,0xcfd62dd63073558c2c13e1ed2c9c973f85614ba9,EOA,wallet,,no,,119.36,229752,no,,,no label; no vault counterparty in latest ERC-20 transfers (Ethereum) or registry match
venue sweep: lowband_existing,morpho,8453,0xd9936b706fb16bf42ea7f0945e20b1ee627bdc29,Coinbase Smart Wallet,personal,,no,,119.33,124436,no,,,per-user smart account
venue sweep: lowband_existing,aave-core,1,0x67732ffe913b96801cc50f6f758b6830c493212c,EOA,wallet,,no,,119.31,135118,no,,,no label; no vault counterparty in latest ERC-20 transfers (Ethereum) or registry match
venue sweep: lowband_existing,compound-v3,42161,0xd7ba60766c12041d4ac68270f125868568aa335d,EOA,wallet,,no,,119.23,150229,no,,,no label; no vault counterparty in latest ERC-20 transfers (Ethereum) or registry match
venue sweep: lowband_existing,aave-core,1,0x5e0ad9c6a1810b6b6c839c3bb71c755a3a29c49f,EOA,wallet,,no,,119.22,167030,no,,,no label; no vault counterparty in latest ERC-20 transfers (Ethereum) or registry match
venue sweep: lowband_existing,aave-base,8453,0x54b00aae51e8c8f022e420681da940ad08b780d4,EOA,wallet,,no,,119.17,128302,no,,,no label; no vault counterparty in latest ERC-20 transfers (Ethereum) or registry match
venue sweep: lowband_existing,compound-v3,1,0x8854594463ab8b546f33c9407c3d38dc6c214d40,EOA,wallet,,no,,119.13,134264,no,,,no label; no vault counterparty in latest ERC-20 transfers (Ethereum) or registry match
venue sweep: lowband_existing,aave-core,1,0xd2d678a07ed4f8a2849cc927729ee571635f6824,EOA,wallet,,no,,119.09,504267,no,,,no label; no vault counterparty in latest ERC-20 transfers (Ethereum) or registry match
venue sweep: lowband_existing,aave-base,8453,0xaaa900e3b0b4564842c10a9751a2a117b60db1e4,EOA,wallet,,no,,119.06,62356,no,,,no label; no vault counterparty in latest ERC-20 transfers (Ethereum) or registry match
venue sweep: lowband_existing,compound-v3,1,0xfbb4be21beac27db0694e4802629d34b7444ef59,EOA,wallet,,no,,119.0,130500,no,,,no label; no vault counterparty in latest ERC-20 transfers (Ethereum) or registry match
venue sweep: lowband_existing,aave-core,1,0x74602f7ed57813c8bd7abf6593905a304cad0a89,EOA,wallet,,no,,118.81,135944,no,,,no label; no vault counterparty in latest ERC-20 transfers (Ethereum) or registry match
venue sweep: lowband_existing,aave-core,1,0xe56a192ab8571628ab1ade27dfc2f0cf47221eae,EOA,wallet,,no,,118.8,148545,no,,,no label; no vault counterparty in latest ERC-20 transfers (Ethereum) or registry match
venue sweep: lowband_existing,aave-core,1,0xdbdc8a53e206a8c49e4025c64e1161432a63383c,EOA,wallet,,no,,118.78,113279,no,,,no label; no vault counterparty in latest ERC-20 transfers (Ethereum) or registry match
venue sweep: lowband_existing,aave-arbitrum,42161,0xc5d2e66ef900bd682376950bd7d7c14c12b67cb0,EIP-7702,wallet,,no,,118.76,123043,no,,,no label; no vault counterparty in latest ERC-20 transfers (Ethereum) or registry match
venue sweep: lowband_existing,morpho,8453,0x5488db150ee9d3462b17d35453376dc5db8e96a5,Coinbase Smart Wallet,personal,,no,,118.65,162663,no,,,per-user smart account
venue sweep: curve,Curve LlamaLend wstETH/crvUSD,1,0x0dd16c537cdb346826203f3ab762030e7f20c78a,EOA,wallet,,no,,118.33,134081,no,,,no label; no vault counterparty in latest ERC-20 transfers (Ethereum) or registry match
venue sweep: lowband_existing,morpho,1,0x4f5ebba67dcdfa8bfaec752bde6400c0147a36c6,EOA,wallet,,no,,118.31,157701,no,,,no label; no vault counterparty in latest ERC-20 transfers (Ethereum) or registry match
venue sweep: lowband_existing,aave-arbitrum,42161,0xc843a84469f5356b8082a084075a4e54d517ca9a,EOA,wallet,,no,,118.27,103066,no,,,no label; no vault counterparty in latest ERC-20 transfers (Ethereum) or registry match
venue sweep: lowband_existing,aave-core,1,0x4a9e047f0bb79fdf398544abe556373dc75264f9,EOA,wallet,,no,,118.2,255293,no,,,no label; no vault counterparty in latest ERC-20 transfers (Ethereum) or registry match
venue sweep: lowband_existing,aave-core,1,0xf1495e220b6d08f42b243d748fb0b4d1ed999e42,EOA,wallet,,no,,118.13,82903,no,,,no label; no vault counterparty in latest ERC-20 transfers (Ethereum) or registry match
venue sweep: lowband_existing,morpho,1,0xef3f16af93f516799aa578e22c1cb1aa5795c337,Summer.fi DPM,personal,,no,,118.01,89217,no,,,per-user smart account (owner is a contract 0x7c616af8)
venue sweep: lowband_existing,morpho,1,0x0ba2e84ad8eeaa9d94447601c6a7ec7235287a2f,Safe,wallet,,no,,117.82,239044,no,,,no label; no vault counterparty in latest ERC-20 transfers (Ethereum) or registry match
venue sweep: lowband_existing,aave-core,1,0x93baee01b1008b6d9f0b29d64c896d6f2b9f91e9,DSProxy,personal,,no,,117.78,52119,no,,,per-user smart account
venue sweep: lowband_existing,aave-core,1,0xe60c37641e0bfd81e73c42b0521191bf6e3e360c,EOA,wallet,,no,,117.77,218887,no,,,no label; no vault counterparty in latest ERC-20 transfers (Ethereum) or registry match
venue sweep: lowband_existing,aave-arbitrum,42161,0x259651ce8cd8fac1de6706dbcc4c65416ccae7de,Summer.fi DPM,personal,,no,,117.76,132528,no,,,per-user smart account
venue sweep: lowband_existing,aave-base,8453,0xee8f9b32f201ce1cd267f137725011613ead6e33,EIP-7702,wallet,,no,,117.68,111437,no,,,no label; no vault counterparty in latest ERC-20 transfers (Ethereum) or registry match
venue sweep: lowband_existing,aave-core,1,0xb37b1010a176b7e709daf47d31d28f29db751bea,EOA,wallet,,no,,117.64,86293,no,,,no label; no vault counterparty in latest ERC-20 transfers (Ethereum) or registry match
venue sweep: lowband_existing,aave-v4,1,0x5476fbb78d2087c7d654cfc946020481d6dc7f30@0x94e7a5dc,EOA,wallet,,no,,117.52,179586,no,,,no label; no vault counterparty in latest ERC-20 transfers (Ethereum) or registry match
venue sweep: lowband_existing,morpho,1,0xa240ac89903ae406c65ffb4f2707eafceacff4c2,EOA,wallet,,no,,117.43,134767,no,,,no label; no vault counterparty in latest ERC-20 transfers (Ethereum) or registry match
venue sweep: lowband_existing,morpho,8453,0xd221d2edfcb25166256e8373f67af61bab17b927,Coinbase Smart Wallet,personal,,no,,117.38,138417,no,,,per-user smart account
venue sweep: aave_aave-linea,aave-linea,59144,0x8e585229fc2753ed87ea5219b8b66e973800d6c9,EOA,wallet,,no,,117.35,190778,no,,,no label; no vault counterparty in latest ERC-20 transfers (Ethereum) or registry match
venue sweep: lowband_existing,aave-core,1,0x7d0aa1ecf093fe692869ae40220d701ba5e548b1,EOA,wallet,,no,,117.33,253456,no,,,no label; no vault counterparty in latest ERC-20 transfers (Ethereum) or registry match
venue sweep: lowband_existing,spark,1,0xee8ecf29b0baf9370e62c94e7587d8a160cfd4c5,EIP-7702,wallet,,no,,117.32,80497,no,,,no label; no vault counterparty in latest ERC-20 transfers (Ethereum) or registry match
venue sweep: lowband_existing,aave-core,1,0x8ce250eddbd84fbfba9b8de3244dcedf0833fa3e,EOA,wallet,,no,,117.27,387152,no,,,no label; no vault counterparty in latest ERC-20 transfers (Ethereum) or registry match
venue sweep: lowband_existing,aave-core,1,0x5431835c915f4e95d82400fcc8784d5cde8d8e9b,EIP-7702,wallet,,no,,117.26,145177,no,,,no label; no vault counterparty in latest ERC-20 transfers (Ethereum) or registry match
venue sweep: lowband_existing,aave-core,1,0x2bec0251ef4c8d21d543830cb4e250a2d99bc1af,EOA,wallet,,no,,117.2,92484,no,,,no label; no vault counterparty in latest ERC-20 transfers (Ethereum) or registry match
venue sweep: lowband_existing,aave-core,1,0x60ded3920a3573da86cf596b0f1b2d31cf43b5b0,EIP-7702,wallet,,no,,117.16,195244,no,,,no label; no vault counterparty in latest ERC-20 transfers (Ethereum) or registry match
venue sweep: lowband_existing,aave-core,1,0xed222d72c2df009edbc5e61fd726448cb6e48117,EOA,wallet,,no,,116.83,143101,no,,,no label; no vault counterparty in latest ERC-20 transfers (Ethereum) or registry match
venue sweep: lowband_existing,morpho,8453,0xf3d210df3e8c0f497815ac0b583bbe743da1a818,Coinbase Smart Wallet,personal,,no,,116.83,165756,no,,,per-user smart account
venue sweep: lowband_existing,morpho,8453,0xc9001b11ac00f736ae41a41eb9e5f57cb62d662b,Coinbase Smart Wallet,personal,,no,,116.73,124607,no,,,per-user smart account
venue sweep: lowband_existing,aave-arbitrum,42161,0xf9869d4ba1260a47303ce5b34f27983475ce2160,EOA,wallet,,no,,116.69,133034,no,,,no label; no vault counterparty in latest ERC-20 transfers (Ethereum) or registry match
venue sweep: lowband_existing,aave-core,1,0x6b49b8a09fb0fc429d065e46440d3c4c9626e689,EOA,wallet,,no,,116.52,71791,no,,,no label; no vault counterparty in latest ERC-20 transfers (Ethereum) or registry match
venue sweep: lowband_existing,morpho,8453,0x386eb6ceeb611eb3b8385a328764ffabbf49ce5f,Coinbase Smart Wallet,personal,,no,,116.49,99995,no,,,per-user smart account
venue sweep: lowband_existing,aave-core,1,0x05bbdfc5388b9490c53a0077fb5ed8e6bbe13959,EIP-7702,wallet,,no,,116.38,96148,no,,,no label; no vault counterparty in latest ERC-20 transfers (Ethereum) or registry match
venue sweep: lowband_existing,aave-core,1,0xed22306caedb34525306fa942b24ae0091962013,EOA,wallet,,no,,116.37,204366,no,,,no label; no vault counterparty in latest ERC-20 transfers (Ethereum) or registry match
venue sweep: lowband_existing,aave-base,8453,0x5d1124fb77c539ec92e3ef853053bbce1e98271b,EIP-7702,wallet,,no,,116.34,180197,no,,,no label; no vault counterparty in latest ERC-20 transfers (Ethereum) or registry match
venue sweep: lowband_existing,aave-core,1,0x45a99e3c5c13f76ce6f4713713426e7fcae30c73,EOA,wallet,,no,,116.32,128938,no,,,no label; no vault counterparty in latest ERC-20 transfers (Ethereum) or registry match
venue sweep: lowband_existing,aave-core,1,0x1a09d69289bb64b347dbaa978417d7efce0b97e5,EIP-7702,wallet,,no,,116.28,132542,no,,,no label; no vault counterparty in latest ERC-20 transfers (Ethereum) or registry match
venue sweep: maker,Sky/Maker ETH-A,1,0x3fc7194abb1230488399e3df4ccb519cd8774a81,Safe,wallet,,no,,116.28,70805,no,,,no label; no vault counterparty in latest ERC-20 transfers (Ethereum) or registry match
venue sweep: lowband_existing,aave-core,1,0x6524febc4197a7c13c706556ecf5779c7a601235,EOA,wallet,,no,,116.22,117408,no,,,no label; no vault counterparty in latest ERC-20 transfers (Ethereum) or registry match
venue sweep: lowband_existing,aave-core,1,0x6a57e9a9494585f92ddac5f866de0c895a356f02,EOA,wallet,,no,,116.17,393958,no,,,no label; no vault counterparty in latest ERC-20 transfers (Ethereum) or registry match
venue sweep: liquity,Liquity v2 (BOLD) Liquity v2 (BOLD) branch 1 (wstETH/BOLD),1,0x47b9d4842cc43efc2d942dd5a37c30e18154955f,Safe,wallet,,no,,116.16,170322,no,,,no label; no vault counterparty in latest ERC-20 transfers (Ethereum) or registry match
venue sweep: lowband_existing,aave-core,1,0x799e83225a2488bb305ef7e676126583c6c5e0d8,EOA,wallet,,no,,116.07,226512,no,,,no label; no vault counterparty in latest ERC-20 transfers (Ethereum) or registry match
venue sweep: lowband_existing,aave-core,1,0x000fe38f07584839bd8f437c20b4cd0d7de5e983,EOA,wallet,,no,,116.0,84454,no,,,no label; no vault counterparty in latest ERC-20 transfers (Ethereum) or registry match
venue sweep: lowband_existing,morpho,1,0x3d8e2497497a3e29ad5391c08db2a1b3c32598c0,contract: BeaconProxy,counted,carry:royco-eth,yes,,115.91,90798,yes,carry:royco-eth,,listed in carry_lending_snapshot.json
venue sweep: lowband_existing,aave-core,1,0x62836946d8312a8c83f834d25021e62ea447a979,DSProxy,personal,,no,,115.74,137358,no,,,per-user smart account
venue sweep: lowband_existing,aave-core,1,0x1caceceda5b9900822186c1baea95ccca3bf5398,EOA,wallet,,no,,115.73,91796,no,,,no label; no vault counterparty in latest ERC-20 transfers (Ethereum) or registry match
venue sweep: lowband_existing,aave-core,1,0x558694f214ef0363437ed86b921df4ef95ca69a2,EOA,wallet,,no,,115.69,205488,no,,,no label; no vault counterparty in latest ERC-20 transfers (Ethereum) or registry match
venue sweep: lowband_existing,aave-v4,1,0x9516bdb5fa00d93043d58a8b1a504a1e0a8d09ca@0x94e7a5dc,EOA,wallet,,no,,115.61,83484,no,,,no label; no vault counterparty in latest ERC-20 transfers (Ethereum) or registry match
venue sweep: lowband_existing,aave-core,1,0xef0391ccbebf15fc84334d9630255093754cdaab,EOA,wallet,,no,,115.58,220956,no,,,no label; no vault counterparty in latest ERC-20 transfers (Ethereum) or registry match
venue sweep: lowband_existing,aave-v4,1,0xd145dfec20c6777735118dcdc041007b80fca2f0@0x94e7a5dc,Safe,wallet,,no,,115.51,92970,no,,,no label; no vault counterparty in latest ERC-20 transfers (Ethereum) or registry match
venue sweep: lowband_existing,aave-core,1,0xf04b3886a8bf0b80fdb227c8cd51299c19936d89,EOA,wallet,,no,,115.51,104464,no,,,no label; no vault counterparty in latest ERC-20 transfers (Ethereum) or registry match
venue sweep: lowband_existing,aave-core,1,0x04b249e2f32866b762809a95b1a9de8db604dc9c,EOA,wallet,,no,,115.51,121121,no,,,no label; no vault counterparty in latest ERC-20 transfers (Ethereum) or registry match
venue sweep: lowband_existing,compound-v3,1,0xc5b0d67b004563d633ba58a198441e992a12b04d,EOA,wallet,,no,,115.5,132773,no,,,no label; no vault counterparty in latest ERC-20 transfers (Ethereum) or registry match
lending split,fluid,1,0xcaf1943ce973c1de423fe6e9f1a255049e51666e,EOA,wallet,,no,,115.48,750605,no,,individual,"Unlabeled EOA; funding chain Poloniex 4 <- Poloniex 1, shared root with 0x9cc65c05"
venue sweep: lowband_existing,aave-core,1,0x2ee2d91ffc268b3c13e77bba8cbc879910b6602b,EOA,wallet,,no,,115.42,596679,no,,,no label; no vault counterparty in latest ERC-20 transfers (Ethereum) or registry match
venue sweep: lowband_existing,compound-v3,1,0x41c33d7c1f60b884af1b62019c47e8cedd079ce7,EOA,wallet,,no,,115.3,224268,no,,,no label; no vault counterparty in latest ERC-20 transfers (Ethereum) or registry match
venue sweep: lowband_existing,spark,1,0x96027ffd9d3f3af8d0b0b4ecdfe3b37ccae93b6a,EOA,wallet,,no,,115.21,87405,no,,,no label; no vault counterparty in latest ERC-20 transfers (Ethereum) or registry match
venue sweep: lowband_existing,aave-core,1,0x07da2c62f3a09379aae5e111558fec15a4908b17,EOA,wallet,,no,,115.16,71752,no,,,no label; no vault counterparty in latest ERC-20 transfers (Ethereum) or registry match
venue sweep: lowband_existing,aave-core,1,0x3dff195d87f97c9ba768cf6cb0f6502bfa39ce5b,EOA,wallet,,no,,115.07,125626,no,,,no label; no vault counterparty in latest ERC-20 transfers (Ethereum) or registry match
venue sweep: maker,Sky/Maker ETH-A,1,0x54b7be603c01268c38d2cea77208ea9978d2a2b7,DSProxy,personal,,no,,115.02,97725,no,,,per-user smart account
venue sweep: maker,Sky/Maker ETH-A,1,0xd865f595d3c9cdb43f526bb7f7395b87dcde6f01,DSProxy,personal,,no,,115.0,47382,no,,,per-user smart account
venue sweep: lowband_existing,aave-core,1,0x296a46f7c10ed20d1ccbb0a8d7bdede550dc75bb,EIP-7702,wallet,,no,,114.95,77020,no,,,no label; no vault counterparty in latest ERC-20 transfers (Ethereum) or registry match
venue sweep: lowband_existing,aave-core,1,0x516c422deb31731ecef0f08f448d5c3c3ce0e8ae,EOA,wallet,,no,,114.91,210141,no,,,no label; no vault counterparty in latest ERC-20 transfers (Ethereum) or registry match
venue sweep: lowband_existing,aave-v4,1,0x34401b6df3032f87b9e58a2646090896c6074203@0x94e7a5dc,Safe,wallet,,no,,114.77,59887,no,,,no label; no vault counterparty in latest ERC-20 transfers (Ethereum) or registry match
venue sweep: lowband_existing,aave-arbitrum,42161,0xe1e8914d69f7d4f93ce510e910939aa643f2b191,contract: unnamed,personal,single-owner wstETH/USDC leverage bot,no,,114.76,188501,no,,,code read (dig.py)
venue sweep: lowband_existing,aave-base,8453,0x0a800102ece7970b5be4e4318d4b96195c161cfc,EOA,wallet,,no,,114.74,123996,no,,,no label; no vault counterparty in latest ERC-20 transfers (Ethereum) or registry match
venue sweep: lowband_existing,aave-core,1,0x6d45b993f92b3b759df4bdc1995a84ef59cc6a39,EOA,wallet,,no,,114.56,135676,no,,,no label; no vault counterparty in latest ERC-20 transfers (Ethereum) or registry match
venue sweep: lowband_existing,aave-core,1,0x8f16546c40a78173bb14d1d26211f87f384fcfe4,EOA,wallet,,no,,114.56,77018,no,,,no label; no vault counterparty in latest ERC-20 transfers (Ethereum) or registry match
venue sweep: lowband_existing,compound-v3,1,0x31b44b57d6f32798b03702dc200a96072b5ab507,EOA,wallet,,no,,114.5,126544,no,,,no label; no vault counterparty in latest ERC-20 transfers (Ethereum) or registry match
venue sweep: lowband_existing,aave-core,1,0x3815bb1518d6bb4d34f8da74b5273d6047d25991,EOA,wallet,,no,,114.38,115263,no,,,no label; no vault counterparty in latest ERC-20 transfers (Ethereum) or registry match
venue sweep: lowband_existing,aave-base,8453,0xae3ee333196aa374fadc99b330868d87ae57b246,EOA,wallet,,no,,114.31,168518,no,,,no label; no vault counterparty in latest ERC-20 transfers (Ethereum) or registry match
venue sweep: curve,Curve crvUSD mint sfrxETH/crvUSD,1,0xf20317d989d2577bfb7c3487b47d5f93590b76dc,EOA,wallet,,no,,114.25,132794,no,,,no label; no vault counterparty in latest ERC-20 transfers (Ethereum) or registry match
venue sweep: lowband_existing,aave-core,1,0xf8d2b53dd4e371f6b813ac6510bcf63905feaf0c,EOA,wallet,,no,,114.13,43517,no,,,no label; no vault counterparty in latest ERC-20 transfers (Ethereum) or registry match
venue sweep: lowband_existing,aave-arbitrum,42161,0x38741b85840efd529d55d8567eee5064f719ea3c,EOA,wallet,,no,,114.0,281969,no,,,no label; no vault counterparty in latest ERC-20 transfers (Ethereum) or registry match
venue sweep: lowband_existing,aave-core,1,0xbb01e51731f332de091de8b5870f6c85e11e69fb,EOA,wallet,,no,,113.9,161284,no,,,no label; no vault counterparty in latest ERC-20 transfers (Ethereum) or registry match
venue sweep: lowband_existing,morpho,8453,0x7de3ecd8ca62628d0424b8eb7fbb6adc1dc0355c,Coinbase Smart Wallet,personal,,no,,113.85,129289,no,,,per-user smart account
venue sweep: lowband_existing,morpho,8453,0x44f2c056ff18a89b5ffce1e4d2a6761755527f9d,Coinbase Smart Wallet,personal,,no,,113.67,149726,no,,,per-user smart account
venue sweep: lowband_existing,aave-arbitrum,42161,0x3f48a2a408e16ce47d9f9706349514a45a9d21ea,EOA,wallet,,no,,113.61,96659,no,,,no label; no vault counterparty in latest ERC-20 transfers (Ethereum) or registry match
venue sweep: lowband_existing,aave-core,1,0x72e98cedcbb9b21a4a6661e6a9af9f7ae590c9d4,EOA,wallet,,no,,113.17,118090,no,,,no label; no vault counterparty in latest ERC-20 transfers (Ethereum) or registry match
venue sweep: lowband_existing,aave-core,1,0x82b7f07a66322f7eb52e956eea2e7b44bcfe6482,EOA,wallet,,no,,113.08,631526,no,,,no label; no vault counterparty in latest ERC-20 transfers (Ethereum) or registry match
venue sweep: lowband_existing,morpho,8453,0x4ebb67c5383ba892798e2a3c8ca5f16d84e6024d,Coinbase Smart Wallet,personal,,no,,112.94,158773,no,,,per-user smart account
venue sweep: lowband_existing,aave-core,1,0x061d670bc7feeda42c79f124d3faad758558a5a6,EOA,wallet,,no,,112.93,1518732,no,,,no label; no vault counterparty in latest ERC-20 transfers (Ethereum) or registry match
venue sweep: lowband_existing,fluid,1,0xd18219d56600b19870385fead98b47a42bd0ece7,EOA,wallet,,no,,112.9,161678,no,,,no label; no vault counterparty in latest ERC-20 transfers (Ethereum) or registry match
venue sweep: lowband_existing,morpho,8453,0x50bb92b60c525ca928df0c74fd0d2254fb4f852d,Coinbase Smart Wallet,personal,,no,,112.82,149421,no,,,per-user smart account
venue sweep: lowband_existing,aave-core,1,0xa7c87f5ff7367f0b30d376a4acc2a2ed93624f5b,EOA,wallet,,no,,112.81,141147,no,,,no label; no vault counterparty in latest ERC-20 transfers (Ethereum) or registry match
venue sweep: lowband_existing,morpho,8453,0x097168d340c4a1904c491f9bcc873bfa47f6d7ac,Coinbase Smart Wallet,personal,,no,,112.8,202395,no,,,per-user smart account
venue sweep: lowband_existing,aave-arbitrum,42161,0x4b7ccbc058bb1ff9e1a0540a28e577c212828172,EOA,wallet,,no,,112.8,132107,no,,,no label; no vault counterparty in latest ERC-20 transfers (Ethereum) or registry match
venue sweep: lowband_existing,aave-core,1,0x2425f6e3de4a78f66a69bd3fe6e7928e8e188abc,EOA,wallet,,no,,112.76,97531,no,,,no label; no vault counterparty in latest ERC-20 transfers (Ethereum) or registry match
venue sweep: lowband_existing,aave-core,1,0xf380b8f1e63e2bed7ca329ca1fddbc39b52cc0d3,Safe,wallet,,no,,112.73,63082,no,,,no label; no vault counterparty in latest ERC-20 transfers (Ethereum) or registry match
venue sweep: lowband_existing,aave-core,1,0xf9ec66693be6712fba7a68c3e2da098deb348a83,EOA,wallet,,no,,112.63,161543,no,,,no label; no vault counterparty in latest ERC-20 transfers (Ethereum) or registry match
venue sweep: lowband_existing,aave-core,1,0xb4011753221e622583f04ed759c55a6fd9e41c47,EOA,wallet,,no,,112.58,230944,no,,,no label; no vault counterparty in latest ERC-20 transfers (Ethereum) or registry match
venue sweep: lowband_existing,aave-core,1,0x9c7fb485d95895941dee77c92ba796fad68f5ae4,EOA,wallet,,no,,112.45,123068,no,,,no label; no vault counterparty in latest ERC-20 transfers (Ethereum) or registry match
venue sweep: lowband_existing,morpho,1,0x65736a137cd4629454bb0226704deec0aef5aded,Safe,wallet,,no,,112.42,76961,no,,,no label; no vault counterparty in latest ERC-20 transfers (Ethereum) or registry match
venue sweep: lowband_existing,aave-core,1,0x086bd168c49ffee2cbeda605828e5a72a25202ee,EOA,wallet,,no,,112.35,170482,no,,,no label; no vault counterparty in latest ERC-20 transfers (Ethereum) or registry match
venue sweep: lowband_existing,aave-base,8453,0xbcbea3d561276a00644d8456230346f92eb91845,EOA,wallet,,no,,112.27,224390,no,,,no label; no vault counterparty in latest ERC-20 transfers (Ethereum) or registry match
venue sweep: lowband_existing,aave-core,1,0x58764f68fa80b2f124baf060acde587c334b53be,EOA,wallet,,no,,112.26,91825,no,,,no label; no vault counterparty in latest ERC-20 transfers (Ethereum) or registry match
venue sweep: lowband_existing,aave-core,1,0x7f78c085441419f163a9a25522052240040366ef,EOA,wallet,,no,,112.24,124387,no,,,no label; no vault counterparty in latest ERC-20 transfers (Ethereum) or registry match
venue sweep: lowband_existing,fluid,1,0x05cc92f31b9ba482993839fa9321a3b2327144a9,EOA,wallet,,no,,112.23,136175,no,,,no label; no vault counterparty in latest ERC-20 transfers (Ethereum) or registry match
venue sweep: lowband_existing,aave-base,8453,0xdd48bdb73bdff0927ddf4c090d80a8011fa4b361,EIP-7702,wallet,,no,,112.15,76362,no,,,no label; no vault counterparty in latest ERC-20 transfers (Ethereum) or registry match
venue sweep: lowband_existing,morpho,1,0xef7d0fbc43ff9a52d7466bfb76df6b0c7e13e68d,EOA,wallet,,no,,112.11,95464,no,,,no label; no vault counterparty in latest ERC-20 transfers (Ethereum) or registry match
venue sweep: lowband_existing,morpho,1,0x59c5e18a736ac6424a4253174cfd9625f5d5fef0,EOA,wallet,,no,,112.1,150028,no,,,no label; no vault counterparty in latest ERC-20 transfers (Ethereum) or registry match
venue sweep: lowband_existing,aave-core,1,0x841035e995b573577f339138b7b040785a254ca2,EOA,wallet,,no,,112.04,140156,no,,,no label; no vault counterparty in latest ERC-20 transfers (Ethereum) or registry match
venue sweep: maker,Sky/Maker ETH-C,1,0x73781b91d63c39cb785689fa4b61a3967dfc3abc,DSProxy,personal,,no,,111.89,102553,no,,,per-user smart account
venue sweep: lowband_existing,morpho,8453,0xe1a9610a91fc96dcde3d4f7699ebe6bdf8014a5e,Coinbase Smart Wallet,personal,,no,,111.64,89695,no,,,per-user smart account
venue sweep: curve,Curve LlamaLend WETH/crvUSD,1,0x854f1269b659a727a2268ab86ff77cfb30bfb358,EOA,wallet,,no,,111.62,148495,no,,,no label; no vault counterparty in latest ERC-20 transfers (Ethereum) or registry match
venue sweep: lowband_existing,aave-core,1,0xa032a629aa6f0251f9455ed11f6b6d303c3cff7b,EOA,wallet,,no,,111.6,108458,no,,,no label; no vault counterparty in latest ERC-20 transfers (Ethereum) or registry match
venue sweep: lowband_existing,aave-base,8453,0x8dd7265d95ff0b75860dbaacfca3d48fe8632ac7,EOA,wallet,,no,,111.52,342678,no,,,no label; no vault counterparty in latest ERC-20 transfers (Ethereum) or registry match
venue sweep: lowband_existing,aave-core,1,0x51b8bd8104439f243eee1874caab7fb49cd27ca5,EOA,wallet,,no,,111.45,102623,no,,,no label; no vault counterparty in latest ERC-20 transfers (Ethereum) or registry match
venue sweep: lowband_existing,spark,1,0x5d2eddafe18517d072e75c3e3ebb98acd1e16ce3,EOA,wallet,,no,,111.43,40418,no,,,no label; no vault counterparty in latest ERC-20 transfers (Ethereum) or registry match
venue sweep: lowband_existing,aave-base,8453,0xc9458da4c5eda7acb4fea45f6152de4c5479e395,EOA,wallet,,no,,111.41,266766,no,,,no label; no vault counterparty in latest ERC-20 transfers (Ethereum) or registry match
venue sweep: lowband_existing,aave-arbitrum,42161,0xe7e36f6c04b865bc7522817016a23028630153b5,EOA,wallet,,no,,111.37,121377,no,,,no label; no vault counterparty in latest ERC-20 transfers (Ethereum) or registry match
venue sweep: lowband_existing,aave-core,1,0x6d1dc634d20268649e1eb6b207960fbc76e57dd7,EOA,wallet,,no,,111.36,77963,no,,,no label; no vault counterparty in latest ERC-20 transfers (Ethereum) or registry match
venue sweep: lowband_existing,aave-core,1,0x178cd8a14b2581e44770943d2016e2cc711903c4,EOA,wallet,,no,,111.34,41814,no,,,no label; no vault counterparty in latest ERC-20 transfers (Ethereum) or registry match
venue sweep: lowband_existing,aave-core,1,0x8ae01b958daa60306e0cb208a1265f026e55b408,EOA,wallet,,no,,111.33,47011,no,,,no label; no vault counterparty in latest ERC-20 transfers (Ethereum) or registry match
venue sweep: lowband_existing,aave-v4,1,0xcbc5cf551ba75496d10727e62dd660efc6a5b347@0x94e7a5dc,EOA,wallet,,no,,111.29,54824,no,,,no label; no vault counterparty in latest ERC-20 transfers (Ethereum) or registry match
venue sweep: lowband_existing,aave-core,1,0x25ed875f2ac0e73b43d3059b07800e24a028c902,EOA,wallet,,no,,111.28,85893,no,,,no label; no vault counterparty in latest ERC-20 transfers (Ethereum) or registry match
venue sweep: lowband_existing,fluid,1,0x10e9a3b03bd1abac7b5f84a2ad8619398e6bb12f,EIP-7702,wallet,,no,,110.88,154482,no,,,no label; no vault counterparty in latest ERC-20 transfers (Ethereum) or registry match
venue sweep: curve,Curve crvUSD mint wstETH/crvUSD,1,0x10e3085127c9bd92ab325f8d1f65cdcec2436149,EOA,wallet,,no,,110.87,93087,no,,,no label; no vault counterparty in latest ERC-20 transfers (Ethereum) or registry match
venue sweep: fluid_42161,fluid,42161,0xc3af6d72c1a448f1ef8257d98bb07da7c16cba01,Safe,wallet,,no,,110.84,89169,no,,,no label; no vault counterparty in latest ERC-20 transfers (Ethereum) or registry match
venue sweep: fluid_42161,fluid,42161,0x26f71f3195899637eb6b3f0f9fd09c0a34c8e159,EOA,wallet,,no,,110.8,136133,no,,,no label; no vault counterparty in latest ERC-20 transfers (Ethereum) or registry match
venue sweep: lowband_existing,spark,1,0x2ca140f7e71bcbe0fd73c31ea5396533670a90e5,EOA,wallet,,no,,110.66,131472,no,,,no label; no vault counterparty in latest ERC-20 transfers (Ethereum) or registry match
venue sweep: lowband_existing,aave-v4,1,0x17507072c2ee8bd8f6debd38d048c8a1887b39d4@0x94e7a5dc,EOA,wallet,,no,,110.58,142052,no,,,no label; no vault counterparty in latest ERC-20 transfers (Ethereum) or registry match
venue sweep: lowband_existing,aave-core,1,0xeca26da2eaf11ca2fe19487cfc471a14c6a742dc,EIP-7702,wallet,,no,,110.56,154363,no,,,no label; no vault counterparty in latest ERC-20 transfers (Ethereum) or registry match
venue sweep: lowband_existing,aave-arbitrum,42161,0x65b9a252486f5b258d2f5debb92a7ebbde08fa81,EOA,wallet,,no,,110.53,53154,no,,,no label; no vault counterparty in latest ERC-20 transfers (Ethereum) or registry match
venue sweep: lowband_existing,fluid,1,0x010fa8613619a4cf36d88d1c7e88fa03dc41f6de,EOA,wallet,,no,,110.5,121350,no,,,no label; no vault counterparty in latest ERC-20 transfers (Ethereum) or registry match
venue sweep: lowband_existing,aave-core,1,0xc963a9f63fd485812f485147a6c8c0d8830dfb9b,EOA,wallet,,no,,110.5,115698,no,,,smileuwu97.eth
venue sweep: lowband_existing,morpho,42161,0x5dee18ce43a9947e191cbcfd2f14d7ee5b83c9ac,Safe,wallet,,no,,110.46,223261,no,,,no label; no vault counterparty in latest ERC-20 transfers (Ethereum) or registry match
venue sweep: lowband_existing,aave-core,1,0x7aa0daf1be6970b5c32ee9d5a07a60c207d457fb,EOA,wallet,,no,,110.42,118532,no,,,no label; no vault counterparty in latest ERC-20 transfers (Ethereum) or registry match
venue sweep: lowband_existing,spark,1,0xdd51b49247865ece74fa5304f91bc4ac0e1edc0c,Summer.fi DPM,personal,,no,,110.36,44865,no,,,per-user smart account
venue sweep: lowband_existing,aave-core,1,0xa0a30c56e4ba5c1e71cf5fc980355fa8c4a63407,EOA,wallet,,no,,110.35,193414,no,,,no label; no vault counterparty in latest ERC-20 transfers (Ethereum) or registry match
venue sweep: lowband_existing,spark,1,0x6cc22cb3dbd75b39bf36f7fd2339027b591699a8,Safe,wallet,,no,,110.34,124289,no,,,no label; no vault counterparty in latest ERC-20 transfers (Ethereum) or registry match
venue sweep: lowband_existing,morpho,1,0x10df1cbf521a01c9dac20f667e74088a036ae5fd,EOA,wallet,,no,,110.32,114049,no,,,no label; no vault counterparty in latest ERC-20 transfers (Ethereum) or registry match
venue sweep: lowband_existing,aave-core,1,0x81016b5fa82b628e7653e63f43882009f90dc2b6,EOA,wallet,,no,,110.3,100520,no,,,no label; no vault counterparty in latest ERC-20 transfers (Ethereum) or registry match
venue sweep: lowband_existing,aave-core,1,0xb30a84903e5ea4d16c3adb8ed5b10d52111c1e36,EOA,wallet,,no,,110.23,33929,no,,,no label; no vault counterparty in latest ERC-20 transfers (Ethereum) or registry match
venue sweep: lowband_existing,aave-core,1,0x03b69ae9423df674eaf396c157a03be9349208f1,EOA,wallet,,no,,110.21,20062,no,,,no label; no vault counterparty in latest ERC-20 transfers (Ethereum) or registry match
venue sweep: lowband_existing,spark,1,0x85419d3637f65773068d9f8329b3a80920c8ca76,EOA,wallet,,no,,110.2,65124,no,,,no label; no vault counterparty in latest ERC-20 transfers (Ethereum) or registry match
venue sweep: lowband_existing,aave-base,8453,0x66bb6c2949b20503adf3621db9903ee52f92ffb5,EOA,wallet,,no,,110.2,236317,no,,,no label; no vault counterparty in latest ERC-20 transfers (Ethereum) or registry match
venue sweep: lowband_existing,aave-core,1,0x579ffb431b0dad4a3097c3fa82f838f06d8556e8,EOA,wallet,,no,,110.12,46500,no,,,no label; no vault counterparty in latest ERC-20 transfers (Ethereum) or registry match
venue sweep: lowband_existing,spark,1,0x39c78ce4fbd59722f48a3271fe11f9ac5f933ba0,EOA,wallet,,no,,110.08,182626,no,,,no label; no vault counterparty in latest ERC-20 transfers (Ethereum) or registry match
venue sweep: lowband_existing,aave-arbitrum,42161,0x702935b402f04aaf9a14a01804431886a7bc7431,Summer.fi DPM,personal,,no,,110.05,133013,no,,,per-user smart account
venue sweep: lowband_existing,aave-arbitrum,42161,0x6e3082017b1769cce30e1d6fa4039e6d08944381,Summer.fi DPM,personal,,no,,110.04,130396,no,,,per-user smart account
venue sweep: liquity,Liquity v2 (BOLD) Liquity v2 (BOLD) branch 0 (WETH/BOLD),1,0xd1b0e5ada9beb183404cd45177a1b6d347516144,EOA,wallet,,no,,110.0,120432,no,,,no label; no vault counterparty in latest ERC-20 transfers (Ethereum) or registry match
venue sweep: lowband_existing,aave-core,1,0x6a013b21c31b06387ea660e863f7cc4315abfbcc,EOA,wallet,,no,,109.92,38126,no,,,no label; no vault counterparty in latest ERC-20 transfers (Ethereum) or registry match
venue sweep: aave_aave-optimism,aave-optimism,10,0x2136730cc96e250028998c29e6faee6d743168fc,EOA,wallet,,no,,109.9,112405,no,,,no label; no vault counterparty in latest ERC-20 transfers (Ethereum) or registry match
venue sweep: lowband_existing,morpho,1,0xbf6152607f1e08d0396b7293722d216fd9ccbbd1,Safe,wallet,,no,,109.83,140289,no,,,no label; no vault counterparty in latest ERC-20 transfers (Ethereum) or registry match
venue sweep: lowband_existing,aave-base,8453,0x052463c5b558f273b69f5d831603a815ae4eea41,EOA,wallet,,no,,109.71,140185,no,,,no label; no vault counterparty in latest ERC-20 transfers (Ethereum) or registry match
venue sweep: lowband_existing,aave-core,1,0x96b6215713e2415e776b402d99ebec6e16b06711,EOA,wallet,,no,,109.69,138961,no,,,no label; no vault counterparty in latest ERC-20 transfers (Ethereum) or registry match
venue sweep: lowband_existing,aave-core,1,0x80fdb82489168098cd7d7f096ae41a678ae47302,EOA,wallet,,no,,109.62,223826,no,,,no label; no vault counterparty in latest ERC-20 transfers (Ethereum) or registry match
venue sweep: lowband_existing,aave-core,1,0xa553648a060b744393b65f2fda32280368cd0738,EOA,wallet,,no,,109.53,46437,no,,,no label; no vault counterparty in latest ERC-20 transfers (Ethereum) or registry match
venue sweep: lowband_existing,morpho,8453,0x8eb59e3f85fb6ba8805d3df17952ba299ca11244,Coinbase Smart Wallet,personal,,no,,109.4,163388,no,,,per-user smart account
venue sweep: lowband_existing,fluid,1,0x3f7c10cbbb1ea1046a80b738b9eaf3217410c7f6,EOA,wallet,,no,,109.39,183712,no,,,no label; no vault counterparty in latest ERC-20 transfers (Ethereum) or registry match
venue sweep: lowband_existing,aave-base,8453,0xc4a6312a5d5af3c03d546fa287fa1f883b3db749,EOA,wallet,,no,,109.39,72125,no,,,no label; no vault counterparty in latest ERC-20 transfers (Ethereum) or registry match
venue sweep: lowband_existing,aave-core,1,0xe5f4cd68172f8c49e31f19e2ed2feca6184aa47d,EOA,wallet,,no,,109.35,126501,no,,,no label; no vault counterparty in latest ERC-20 transfers (Ethereum) or registry match
venue sweep: lowband_existing,aave-core,1,0xbaaa0c5c3a512d4b0f9edb71901236f43a89f4a3,EOA,wallet,,no,,109.34,134767,no,,,no label; no vault counterparty in latest ERC-20 transfers (Ethereum) or registry match
venue sweep: lowband_existing,morpho,1,0xf94241baa46171b724ed535314963b45f84c9f16,EOA,wallet,,no,,109.3,125315,no,,,no label; no vault counterparty in latest ERC-20 transfers (Ethereum) or registry match
venue sweep: lowband_existing,aave-core,1,0x93451c4e47a3aca9629add4b0b60707e3f19a15a,EOA,wallet,,no,,109.29,3757857,no,,,no label; no vault counterparty in latest ERC-20 transfers (Ethereum) or registry match
venue sweep: lowband_existing,aave-arbitrum,42161,0xc8bfba0bcfd9a42d363881199b33c28437fc38bb,EOA,wallet,,no,,109.26,166495,no,,,no label; no vault counterparty in latest ERC-20 transfers (Ethereum) or registry match
venue sweep: lowband_existing,aave-core,1,0x9e872ab3a64188dbc02c69059ea7113899da4b90,EOA,wallet,,no,,109.19,76653,no,,,no label; no vault counterparty in latest ERC-20 transfers (Ethereum) or registry match
venue sweep: lowband_existing,aave-core,1,0xf3670cc340fb162721e98b89887699ae0b4e0f18,Coinbase Smart Wallet,personal,,no,,109.16,137633,no,,,per-user smart account
venue sweep: liquity,Liquity v2 (BOLD) Liquity v2 (BOLD) branch 0 (WETH/BOLD),1,0xc12026f7a34ea7b07ee420c50450a6f7af2ecf2e,DSProxy,personal,,no,,109.0,0,no,,,per-user smart account
venue sweep: maker,Sky/Maker ETH-A,1,0x2937f7af085b69f8ae04c0b3341b3f3845a929b8,DSProxy,personal,,no,,109.0,70082,no,,,per-user smart account
venue sweep: lowband_existing,aave-arbitrum,42161,0xe4013c1a20602c18e4b2619eab9f289cab6d4162,EOA,wallet,,no,,108.95,92124,no,,,no label; no vault counterparty in latest ERC-20 transfers (Ethereum) or registry match
venue sweep: lowband_existing,aave-arbitrum,42161,0xeee2d459803922d6075b607a6f3fa82d3feccaa1,EOA,wallet,,no,,108.86,130795,no,,,no label; no vault counterparty in latest ERC-20 transfers (Ethereum) or registry match
venue sweep: lowband_existing,morpho,8453,0x718f06a344bfecf6664d8d329a14dc9bb8ff2246,EOA,wallet,,no,,108.43,75529,no,,,no label; no vault counterparty in latest ERC-20 transfers (Ethereum) or registry match
venue sweep: lowband_existing,spark,1,0x03358af86e11a3e629f0d5504e9e6b2d837e816b,DSProxy,personal,,no,,108.41,67590,no,,,per-user smart account (owner is a contract 0x76478c3f)
venue sweep: lowband_existing,aave-core,1,0x69c41bf1e258955ef0077341f018e1c009bcb285,EOA,wallet,,no,,108.35,70766,no,,,no label; no vault counterparty in latest ERC-20 transfers (Ethereum) or registry match
venue sweep: lowband_existing,aave-base,8453,0x47f3c4be27720e5352fefc5ca076cf39e2ea862d,EOA,wallet,,no,,108.3,118359,no,,,no label; no vault counterparty in latest ERC-20 transfers (Ethereum) or registry match
venue sweep: lowband_existing,aave-core,1,0xb12e3a6b46a09f245768add8e25162998efd21ba,EOA,wallet,,no,,108.28,216891,no,,,no label; no vault counterparty in latest ERC-20 transfers (Ethereum) or registry match
venue sweep: lowband_existing,aave-core,1,0x9fdeda53af700fddf875c52552552cae9b7c473c,EOA,wallet,,no,,108.24,178364,no,,,no label; no vault counterparty in latest ERC-20 transfers (Ethereum) or registry match
venue sweep: lowband_existing,fluid,1,0xb60d601606351dc78a4f5493aa2aacc06a3b19e3,EIP-7702,wallet,,no,,108.16,121020,no,,,no label; no vault counterparty in latest ERC-20 transfers (Ethereum) or registry match
venue sweep: aave_aave-avalanche,aave-avalanche,43114,0xfd4208ccfccfe89049269f600097657c8f422687,EOA,wallet,,no,,108.08,75674,no,,,no label; no vault counterparty in latest ERC-20 transfers (Ethereum) or registry match
venue sweep: maker,Sky/Maker ETH-A,1,0x09455add63c3c82cc7b16f159635169a58607da0,DSProxy,personal,,no,,108.03,13678,no,,,per-user smart account
venue sweep: lowband_existing,compound-v3,1,0x161b1d3ab6cfd2b9f42ec758fd5a9cebd0808952,EOA,wallet,,no,,108.0,82021,no,,,no label; no vault counterparty in latest ERC-20 transfers (Ethereum) or registry match
venue sweep: lowband_existing,aave-core,1,0x604a314c1c6f56ef84db165dea7f4e2bd2c9df0d,EOA,wallet,,no,,107.98,74930,no,,,no label; no vault counterparty in latest ERC-20 transfers (Ethereum) or registry match
venue sweep: lowband_existing,aave-core,1,0x2acc146f303463517f553b0e705657963564b717,EOA,wallet,,no,,107.95,40841,no,,,no label; no vault counterparty in latest ERC-20 transfers (Ethereum) or registry match
venue sweep: lowband_existing,compound-v3,1,0x94d02e5e5e0aae399255aa1972472ec6c7ff8da3,EOA,wallet,,no,,107.94,197239,no,,,no label; no vault counterparty in latest ERC-20 transfers (Ethereum) or registry match
venue sweep: lowband_existing,morpho,8453,0x7712233f54e049d1528ebdca71f51924fd269404,Coinbase Smart Wallet,personal,,no,,107.82,104391,no,,,per-user smart account
venue sweep: lowband_existing,aave-arbitrum,42161,0x11193c85881450f79f863d290f41a987c9504c6d,EIP-7702,wallet,,no,,107.82,96696,no,,,no label; no vault counterparty in latest ERC-20 transfers (Ethereum) or registry match
venue sweep: curve,Curve crvUSD mint WETH/crvUSD,1,0x3f47a66ada01491c3d364599e5bcbf80a1a67092,EOA,wallet,,no,,107.76,130832,no,,,no label; no vault counterparty in latest ERC-20 transfers (Ethereum) or registry match
venue sweep: lowband_existing,aave-core,1,0x2b05ae07dbcef85eb4efffcb93e6606c58de7e1e,EOA,wallet,,no,,107.75,93994,no,,,no label; no vault counterparty in latest ERC-20 transfers (Ethereum) or registry match
venue sweep: lowband_existing,aave-core,1,0xcbd8d7401972d5e9a6d7d8201ea7b3f984bf6d6f,EIP-7702,wallet,,no,,107.59,653758,no,,,no label; no vault counterparty in latest ERC-20 transfers (Ethereum) or registry match
venue sweep: lowband_existing,aave-arbitrum,42161,0x241a119a8c634b58e78ec4ce9bf786756f9fd310,EOA,wallet,,no,,107.58,132348,no,,,no label; no vault counterparty in latest ERC-20 transfers (Ethereum) or registry match
venue sweep: lowband_existing,aave-base,8453,0x64b17a3af6079635479aeabf5aa1332e34d7244f,EOA,wallet,,no,,107.55,138286,no,,,no label; no vault counterparty in latest ERC-20 transfers (Ethereum) or registry match
venue sweep: lowband_existing,morpho,8453,0xc40f6f6ade14de9aa40e5a868aa8db4ae2ab5be4,EIP-7702,wallet,,no,,107.49,142117,no,,,no label; no vault counterparty in latest ERC-20 transfers (Ethereum) or registry match
venue sweep: lowband_existing,aave-core,1,0x5b2d5cd1f42d6e996ecf572838fbd6dcc206df1c,EOA,wallet,,no,,107.48,114888,no,,,no label; no vault counterparty in latest ERC-20 transfers (Ethereum) or registry match
venue sweep: lowband_existing,aave-core,1,0x4edda9d71b0b2f945f47abbbf614eca55c5a21f6,EOA,wallet,,no,,107.47,126086,no,,,no label; no vault counterparty in latest ERC-20 transfers (Ethereum) or registry match
venue sweep: lowband_existing,aave-arbitrum,42161,0xd214fcc7735c7cd2a4275f641d9fe658c0c97244,EOA,wallet,,no,,107.37,198539,no,,,no label; no vault counterparty in latest ERC-20 transfers (Ethereum) or registry match
venue sweep: lowband_existing,aave-core,1,0xd4c13484c2ddb98d45de7b6140d3e88c77b2e1a4,EOA,wallet,,no,,107.3,256887,no,,,no label; no vault counterparty in latest ERC-20 transfers (Ethereum) or registry match
venue sweep: lowband_existing,aave-base,8453,0x40d24447f4edabc0e2262a269bb3aa5f68d1f6c2,EOA,wallet,,no,,107.15,12828,no,,,no label; no vault counterparty in latest ERC-20 transfers (Ethereum) or registry match
venue sweep: lowband_existing,morpho,8453,0x14168db9a524fdf3bb92c16c6173d969b5935255,Coinbase Smart Wallet,personal,,no,,107.15,129097,no,,,per-user smart account
venue sweep: lowband_existing,aave-core,1,0xd5c8878ebb4a5c7adba228264f74517c68f5efe7,EOA,wallet,,no,,107.13,293693,no,,,no label; no vault counterparty in latest ERC-20 transfers (Ethereum) or registry match
venue sweep: lowband_existing,compound-v3,1,0x0100e4f2a841e773564c333f889ab6d6bd5fcb22,EOA,wallet,,no,,107.01,99026,no,,,no label; no vault counterparty in latest ERC-20 transfers (Ethereum) or registry match
venue sweep: maker,Sky/Maker ETH-A,1,0x0e27085f7e9385a944038a144c237fedaac6862d,DSProxy,personal,,no,,107.0,37353,no,,,per-user smart account
venue sweep: lowband_existing,aave-core,1,0xd0b53c43d3e0b58909c38487aa0c3af7dfa2d8c0,EIP-7702,wallet,,no,,106.94,160194,no,,,no label; no vault counterparty in latest ERC-20 transfers (Ethereum) or registry match
venue sweep: aave_aave-optimism,aave-optimism,10,0x8bdba88aacf3233d303f18a8d240f9b6d6c627f1,EIP-7702,wallet,,no,,106.93,85946,no,,,no label; no vault counterparty in latest ERC-20 transfers (Ethereum) or registry match
venue sweep: maker,Sky/Maker ETH-B,1,0xdcb4d61d3e9c04ba5dd32f1a6ccac4912a5ff39d,DSProxy,personal,,no,,106.89,55201,no,,,per-user smart account
venue sweep: lowband_existing,aave-core,1,0x39f54392e8c1f94e30c2687faa54a6351ea24750,EOA,wallet,,no,,106.66,94570,no,,,no label; no vault counterparty in latest ERC-20 transfers (Ethereum) or registry match
venue sweep: lowband_existing,morpho,1,0x88cd0d18e608b689fbab5644b83b08f7a267b6e8,EIP-7702,wallet,,no,,106.66,152583,no,,,no label; no vault counterparty in latest ERC-20 transfers (Ethereum) or registry match
venue sweep: lowband_existing,aave-core,1,0x64448811beef24ee1a2bcddd276b79c79201b5cd,EOA,wallet,,no,,106.61,46208,no,,,no label; no vault counterparty in latest ERC-20 transfers (Ethereum) or registry match
venue sweep: lowband_existing,morpho,8453,0xf2c9f207e85fabc5afa3a20f3612527c636e6681,Coinbase Smart Wallet,personal,,no,,106.61,102612,no,,,per-user smart account
venue sweep: lowband_existing,aave-core,1,0xe9911aefbb6fb95c188c7d06880aee3c34a5d0c1,EOA,wallet,,no,,106.4,59630,no,,,no label; no vault counterparty in latest ERC-20 transfers (Ethereum) or registry match
venue sweep: lowband_existing,aave-core,1,0x86fc4eb1ccaa9a66cea997c20a0f29bd46da0600,EOA,wallet,,no,,106.35,111205,no,,,no label; no vault counterparty in latest ERC-20 transfers (Ethereum) or registry match
venue sweep: lowband_existing,aave-core,1,0x9262737cbbd3b7226aa3b25c1c4d7ad251b3e028,EOA,wallet,,no,,106.27,118313,no,,,no label; no vault counterparty in latest ERC-20 transfers (Ethereum) or registry match
venue sweep: lowband_existing,aave-prime,1,0xf70333029974485f7b06c497ac988f38a3da7053,EOA,wallet,,no,,106.14,52101,no,,,no label; no vault counterparty in latest ERC-20 transfers (Ethereum) or registry match
venue sweep: lowband_existing,aave-arbitrum,42161,0x73a1141b1c68846bd77506d2b6a4ce16075b6526,EOA,wallet,,no,,106.12,90436,no,,,no label; no vault counterparty in latest ERC-20 transfers (Ethereum) or registry match
venue sweep: lowband_existing,aave-core,1,0x29a9cb531e97442e05cd85da339409604affd525,EOA,wallet,,no,,106.06,476377,no,,,no label; no vault counterparty in latest ERC-20 transfers (Ethereum) or registry match
venue sweep: lowband_existing,aave-arbitrum,42161,0x630eaf1754e9494f2f449179de63e7a0a098c6fe,EIP-7702,wallet,,no,,105.95,76094,no,,,no label; no vault counterparty in latest ERC-20 transfers (Ethereum) or registry match
venue sweep: lowband_existing,aave-core,1,0x4f11df32a88b667881dc8af03bc558a14eaed708,EOA,wallet,,no,,105.81,127043,no,,,no label; no vault counterparty in latest ERC-20 transfers (Ethereum) or registry match
venue sweep: lowband_existing,aave-base,8453,0xb9493f663242c02b404df0eec598e830e25b65b2,Summer.fi DPM,personal,,no,,105.8,119139,no,,,per-user smart account
venue sweep: lowband_existing,morpho,8453,0x16fe82c02d01f65beac7baa0e1360b68fedb856c,Coinbase Smart Wallet,personal,,no,,105.76,127912,no,,,per-user smart account
venue sweep: lowband_existing,aave-arbitrum,42161,0xe41912e157d72b70a27989593c4dcaad6ff17855,EOA,wallet,,no,,105.74,103569,no,,,no label; no vault counterparty in latest ERC-20 transfers (Ethereum) or registry match
venue sweep: lowband_existing,aave-core,1,0xec03bb8fce6da3b027792496400516873d396737,EOA,wallet,,no,,105.66,75898,no,,,no label; no vault counterparty in latest ERC-20 transfers (Ethereum) or registry match
venue sweep: lowband_existing,spark,1,0x9693e2725fda2c42dafe8a230ad295ec56df8211,EOA,wallet,,no,,105.47,104423,no,,,no label; no vault counterparty in latest ERC-20 transfers (Ethereum) or registry match
venue sweep: lowband_existing,aave-core,1,0xa3834ccdc244f42a572eb7f24f8aff478ce57308,EOA,wallet,,no,,105.46,155138,no,,,no label; no vault counterparty in latest ERC-20 transfers (Ethereum) or registry match
venue sweep: lowband_existing,aave-core,1,0xed4c85416b6071d8fc513bf09c36bfd83c86a29a,EOA,wallet,,no,,105.45,80108,no,,,no label; no vault counterparty in latest ERC-20 transfers (Ethereum) or registry match
venue sweep: lowband_existing,morpho,1,0x4ea9c8774a37db90332fe65a82f62edeb4784dc6,EOA,product,Lagoon: Gami ETH (gamiETH),?,,105.44,145509,no,,,registry match: lagoon safe() 0x2031eceec018549a2c729cacd6c0bfc4be2524ed
venue sweep: lowband_existing,aave-core,1,0x78084e8d29359daa9337ce6379e9e481fa64ffe2,EOA,wallet,,no,,105.43,400167,no,,,no label; no vault counterparty in latest ERC-20 transfers (Ethereum) or registry match
venue sweep: lowband_existing,aave-v4,1,0x19f82c93a528bdd7a2e45c30f68f5df8aecec306@0x94e7a5dc,EOA,wallet,,no,,105.38,70642,no,,,no label; no vault counterparty in latest ERC-20 transfers (Ethereum) or registry match
venue sweep: lowband_existing,morpho,1,0xcffaaf34835b6a550741c9d36afa95dee70a2e8d,EOA,wallet,,no,,105.33,68511,no,,,no label; no vault counterparty in latest ERC-20 transfers (Ethereum) or registry match
venue sweep: lowband_existing,aave-core,1,0x34000ed3199c90fd799f79cb784d3007cfd63a72,EOA,wallet,,no,,105.32,108853,no,,,no label; no vault counterparty in latest ERC-20 transfers (Ethereum) or registry match
venue sweep: lowband_existing,aave-core,1,0xcc2cc53baa6bffbfea9012855a50b39640fac575,EOA,wallet,,no,,105.25,1137,no,,,no label; no vault counterparty in latest ERC-20 transfers (Ethereum) or registry match
venue sweep: lowband_existing,aave-core,1,0x20a9a14d78eceafe74036d24583760b229a04483,EOA,wallet,,no,,105.2,87436,no,,,no label; no vault counterparty in latest ERC-20 transfers (Ethereum) or registry match
venue sweep: lowband_existing,aave-core,1,0xc60df9d5922d79dcdad56cad3fcb5ef2fc3e9ce8,EOA,wallet,,no,,105.18,65926,no,,,no label; no vault counterparty in latest ERC-20 transfers (Ethereum) or registry match
venue sweep: lowband_existing,morpho,8453,0x5e20db8cea77d40c407ef93880a05710366ce220,Coinbase Smart Wallet,personal,,no,,105.15,105013,no,,,per-user smart account
venue sweep: lowband_existing,spark,1,0x746d5fd4834cf6dcf3e1838a39a493dffb07b733,Summer.fi DPM,personal,,no,,105.08,97830,no,,,per-user smart account
venue sweep: lowband_existing,aave-core,1,0xf067dd0ca0de173f7cd6811cdd086392a4687812,EOA,wallet,,no,,105.06,120671,no,,,no label; no vault counterparty in latest ERC-20 transfers (Ethereum) or registry match
venue sweep: lowband_existing,morpho,1,0x3ab435d08b7278ef729eb26a4e8ccff15cd02c90,EOA,wallet,,no,,105.05,65693,no,,,no label; no vault counterparty in latest ERC-20 transfers (Ethereum) or registry match
venue sweep: lowband_existing,aave-core,1,0x61cc5cc864e9b8ad10ee425f109dc2faa63ae7de,EIP-7702,wallet,,no,,105.04,105641,no,,,no label; no vault counterparty in latest ERC-20 transfers (Ethereum) or registry match
venue sweep: lowband_existing,aave-core,1,0x1f1202800ba7f57312374ea512fbea30e7862bc6,EOA,wallet,,no,,105.02,92357,no,,,no label; no vault counterparty in latest ERC-20 transfers (Ethereum) or registry match
venue sweep: lowband_existing,spark,1,0x0805de9dcfb4e22fbefedffbea4d43e3eec726b9,EIP-7702,wallet,,no,,104.96,121022,no,,,no label; no vault counterparty in latest ERC-20 transfers (Ethereum) or registry match
venue sweep: lowband_existing,aave-core,1,0xe084581c8a2b71259c01ac931c6b145934ca0f97,EIP-7702,wallet,,no,,104.88,112543,no,,,no label; no vault counterparty in latest ERC-20 transfers (Ethereum) or registry match
venue sweep: lowband_existing,aave-core,1,0x8a9bcdc68d19e111663d6c986caf1da1eda1c304,EOA,wallet,,no,,104.87,71034,no,,,no label; no vault counterparty in latest ERC-20 transfers (Ethereum) or registry match
venue sweep: lowband_existing,aave-core,1,0x810d434bd2e07e21c5c0fd4ae64b84959d5a8aff,EOA,wallet,,no,,104.85,113140,no,,,no label; no vault counterparty in latest ERC-20 transfers (Ethereum) or registry match
venue sweep: lowband_existing,morpho,1,0x260915385d24468036789843121e7c8b8c5ab8e9,Safe,wallet,,no,,104.84,145637,no,,,no label; no vault counterparty in latest ERC-20 transfers (Ethereum) or registry match
venue sweep: aave_aave-optimism,aave-optimism,10,0xf8d921bd839381e935164ce266c4ec1e75a5e9fa,EOA,wallet,,no,,104.73,112428,no,,,no label; no vault counterparty in latest ERC-20 transfers (Ethereum) or registry match
venue sweep: lowband_existing,aave-core,1,0x1babcb61945654737f5d49aae22a356cbd1e9bee,EOA,wallet,,no,,104.71,75524,no,,,no label; no vault counterparty in latest ERC-20 transfers (Ethereum) or registry match
venue sweep: lowband_existing,morpho,8453,0x3ab435d08b7278ef729eb26a4e8ccff15cd02c90,EOA,wallet,,no,,104.66,66482,no,,,no label; no vault counterparty in latest ERC-20 transfers (Ethereum) or registry match
venue sweep: lowband_existing,aave-core,1,0xa33334d53b727a4990f7800b68962fd9d98f138b,EOA,wallet,,no,,104.65,50156,no,,,no label; no vault counterparty in latest ERC-20 transfers (Ethereum) or registry match
venue sweep: maker,Sky/Maker ETH-C,1,0x316d4821f39ce3b90e057131b7a3f6df381a9ea3,DSProxy,personal,,no,,104.6,77626,no,,,per-user smart account
venue sweep: lowband_existing,aave-core,1,0x6580d56afb72f431d74e8d58daec5fb379ff9bc7,EIP-7702,wallet,,no,,104.57,142941,no,,,no label; no vault counterparty in latest ERC-20 transfers (Ethereum) or registry match
venue sweep: fluid_8453,fluid,8453,0x9a28dd94adf2c59a8893daa7ccf4eb715f8d95d2,EIP-7702,wallet,,no,,104.51,81635,no,,,no label; no vault counterparty in latest ERC-20 transfers (Ethereum) or registry match
venue sweep: lowband_existing,morpho,8453,0x2986a158e229d4630a6c7791835c4ab6d86d122e,EOA,wallet,,no,,104.46,115155,no,,,no label; no vault counterparty in latest ERC-20 transfers (Ethereum) or registry match
venue sweep: fluid_42161,fluid,42161,0x0bbb0e26e32557ef01b0b4101bbb20653cf52d19,EIP-7702,wallet,,no,,104.41,185836,no,,,no label; no vault counterparty in latest ERC-20 transfers (Ethereum) or registry match
venue sweep: lowband_existing,aave-arbitrum,42161,0xf887fb5b10f4722afd50c29b1e5bfbe90193c93e,EOA,wallet,,no,,104.4,97161,no,,,no label; no vault counterparty in latest ERC-20 transfers (Ethereum) or registry match
venue sweep: lowband_existing,aave-core,1,0x037651095ce6ab100692aab3a6774521605b68e2,EOA,wallet,,no,,104.34,118142,no,,,no label; no vault counterparty in latest ERC-20 transfers (Ethereum) or registry match
venue sweep: aave_aave-scroll,aave-scroll,534352,0x11c5976b718a8ea56c67634a716e387114df4497,EOA,wallet,,no,,104.25,62647,no,,,no label; no vault counterparty in latest ERC-20 transfers (Ethereum) or registry match
venue sweep: lowband_existing,aave-core,1,0x4838607fadb98d1a47d4a53e7b6f3c408cfe8aff,EOA,wallet,,no,,104.2,318032,no,,,no label; no vault counterparty in latest ERC-20 transfers (Ethereum) or registry match
venue sweep: lowband_existing,aave-v4,1,0x4dfa03c64abd96359b77e7cca8219b451c19f27e@0x94e7a5dc,EOA,wallet,,no,,104.16,107260,no,,,no label; no vault counterparty in latest ERC-20 transfers (Ethereum) or registry match
venue sweep: lowband_existing,aave-core,1,0xe21aa1b03dd9af31b0f08b0727e5362c7d8d2369,EOA,wallet,,no,,104.04,101266,no,,,no label; no vault counterparty in latest ERC-20 transfers (Ethereum) or registry match
venue sweep: lowband_existing,aave-core,1,0x55b7af9db0a34742483c421a0ffa7b9e90a4cf29,EOA,wallet,,no,,104.02,40763,no,,,no label; no vault counterparty in latest ERC-20 transfers (Ethereum) or registry match
venue sweep: lowband_existing,aave-arbitrum,42161,0x0e66ebd413be5b4f82ef045f917da50a1324d223,EOA,wallet,,no,,104.02,46257,no,,,no label; no vault counterparty in latest ERC-20 transfers (Ethereum) or registry match
venue sweep: lowband_existing,aave-core,1,0x2a76912f453c8aa6ca4a9202c60379e9c768d852,EOA,wallet,,no,,103.94,85944,no,,,no label; no vault counterparty in latest ERC-20 transfers (Ethereum) or registry match
venue sweep: lowband_existing,aave-v4,1,0x0a0ae914771ec0a5851049864ccc27b1baa8cd43@0x94e7a5dc,EOA,wallet,,no,,103.92,50007,no,,,no label; no vault counterparty in latest ERC-20 transfers (Ethereum) or registry match
venue sweep: curve,Curve crvUSD mint wstETH/crvUSD,1,0xeb2cafb6ea9def8084842558ad1242bbf7fcac2b,EOA,wallet,,no,,103.87,100273,no,,,no label; no vault counterparty in latest ERC-20 transfers (Ethereum) or registry match
venue sweep: lowband_existing,aave-core,1,0xd5e434029846b286023463911145ddb0b047a020,EOA,wallet,,no,,103.83,154238,no,,,no label; no vault counterparty in latest ERC-20 transfers (Ethereum) or registry match
venue sweep: lowband_existing,aave-core,1,0xb4469aaf48912981cbf766b656a4a79f2f1b9ac7,EOA,wallet,,no,,103.8,351716,no,,,no label; no vault counterparty in latest ERC-20 transfers (Ethereum) or registry match
venue sweep: lowband_existing,aave-arbitrum,42161,0x26d7d3728c6bb762a5043a1d0cef660988bca43c,contract: unnamed,leverage,Index Coop ETH2x (Arbitrum),yes,,103.63,124917,no,index-coop (counted 0),,"SetToken ""Index Coop Ethereum 2x Index"""
venue sweep: lowband_existing,aave-core,1,0x1c41e80f602174c3011ca18bd1632bb08fc7bb26,EIP-7702,wallet,,no,,103.5,107086,no,,,no label; no vault counterparty in latest ERC-20 transfers (Ethereum) or registry match
venue sweep: lowband_existing,aave-core,1,0x00d3616e6ceb7e33605e12530f2d58dc806372ec,EOA,wallet,,no,,103.47,360995,no,,,no label; no vault counterparty in latest ERC-20 transfers (Ethereum) or registry match
venue sweep: lowband_existing,aave-core,1,0x930116a0e17ef55e9b30425dc2fd9591e3b89abb,Instadapp DSA,personal,,no,,103.45,28075,no,,,per-user smart account
venue sweep: lowband_existing,aave-core,1,0x73709ddeae9fb46c79b5d039d11243b3e9f26f93,Safe,wallet,,no,,103.41,103785,no,,,no label; no vault counterparty in latest ERC-20 transfers (Ethereum) or registry match
venue sweep: lowband_existing,aave-v4,1,0xaff9493ac4a08480f2a6f600fe8dd3b797b57e08@0x94e7a5dc,EOA,wallet,,no,,103.0,50200,no,,,no label; no vault counterparty in latest ERC-20 transfers (Ethereum) or registry match
venue sweep: lowband_existing,aave-core,1,0x3fa86791da13f91be17baf8dd650cba35008da10,EOA,wallet,,no,,102.98,143992,no,,,no label; no vault counterparty in latest ERC-20 transfers (Ethereum) or registry match
venue sweep: lowband_existing,aave-core,1,0x1f754f82fce89d76a52a81adcfc251d199237524,EOA,wallet,,no,,102.92,130111,no,,,no label; no vault counterparty in latest ERC-20 transfers (Ethereum) or registry match
venue sweep: lowband_existing,aave-core,1,0x7c65d2f9b98f6a8f2132af2312600c33fbba46ee,EOA,wallet,,no,,102.83,94810,no,,,no label; no vault counterparty in latest ERC-20 transfers (Ethereum) or registry match
venue sweep: lowband_existing,compound-v3,1,0x909c7a257b415e9e93cdc208bbd7eb9e96e29ade,EOA,wallet,,no,,102.8,87264,no,,,no label; no vault counterparty in latest ERC-20 transfers (Ethereum) or registry match
venue sweep: lowband_existing,aave-core,1,0x1db3885361167961ee3955fb0746ba56c40e246e,EOA,wallet,,no,,102.71,60775,no,,,no label; no vault counterparty in latest ERC-20 transfers (Ethereum) or registry match
venue sweep: lowband_existing,spark,1,0xc3f4925232c503deb04c62f70d4e8526804504e5,Instadapp DSA,personal,,no,,102.69,10959,no,,,per-user smart account
venue sweep: lowband_existing,spark,1,0xc8a3b83b64f54001cac41281ca80d22916d2191f,EOA,wallet,,no,,102.65,131688,no,,,no label; no vault counterparty in latest ERC-20 transfers (Ethereum) or registry match
venue sweep: lowband_existing,morpho,8453,0x81488b33b649bc38241afe8264f4472dcfc809a4,Coinbase Smart Wallet,personal,,no,,102.65,129738,no,,,per-user smart account
venue sweep: lowband_existing,aave-core,1,0x84f2905d340f07750803b9835a683897952b6a33,EIP-7702,wallet,,no,,102.64,129995,no,,,no label; no vault counterparty in latest ERC-20 transfers (Ethereum) or registry match
venue sweep: lowband_existing,aave-core,1,0x7fc557436ecb1efec93d7f93bc0e3b8687bbfa93,EOA,wallet,,no,,102.62,77135,no,,,no label; no vault counterparty in latest ERC-20 transfers (Ethereum) or registry match
venue sweep: lowband_existing,aave-core,1,0x0c90e7ad42ce09b02ddf252d0c3e3a84d92f6f1f,EOA,wallet,,no,,102.53,112364,no,,,no label; no vault counterparty in latest ERC-20 transfers (Ethereum) or registry match
venue sweep: lowband_existing,aave-core,1,0x3a484fc4e7873bd79d0b9b05ed6067a549ec9f49,EOA,wallet,,no,,102.51,102014,no,,,no label; no vault counterparty in latest ERC-20 transfers (Ethereum) or registry match
venue sweep: lowband_existing,aave-core,1,0xc00a59e32702bbc0b000ca78617ca4b4ba603000,EOA,wallet,,no,,102.51,10265,no,,,no label; no vault counterparty in latest ERC-20 transfers (Ethereum) or registry match
venue sweep: lowband_existing,aave-core,1,0x0ca2f76ff5d22b5321fec32f0f5f89c4c1f7916b,EOA,wallet,,no,,102.47,90523,no,,,no label; no vault counterparty in latest ERC-20 transfers (Ethereum) or registry match
venue sweep: lowband_existing,morpho,8453,0xe03441b43070074702a5a6595c179451aecc02b9,Coinbase Smart Wallet,personal,,no,,102.44,87548,no,,,per-user smart account
venue sweep: lowband_existing,aave-core,1,0x546538c326e3075fad45f99b5fe470407ba41a4f,EOA,wallet,,no,,102.41,38118,no,,,no label; no vault counterparty in latest ERC-20 transfers (Ethereum) or registry match
venue sweep: lowband_existing,aave-core,1,0x10ae891c91c4937591fd8a9167e009c576dd8e61,DSProxy,personal,,no,,102.37,67123,no,,,per-user smart account
venue sweep: lowband_existing,aave-core,1,0xa4b5725e5b3a51b3d04374ab6f75cbe25495bb2a,EOA,wallet,,no,,102.36,90714,no,,,no label; no vault counterparty in latest ERC-20 transfers (Ethereum) or registry match
venue sweep: lowband_existing,aave-core,1,0x32c167e1ea8aabb9c1ed844e2d462228f345c0ee,EOA,wallet,,no,,102.36,85988,no,,,no label; no vault counterparty in latest ERC-20 transfers (Ethereum) or registry match
venue sweep: fluid_8453,fluid,8453,0x3ab435d08b7278ef729eb26a4e8ccff15cd02c90,EOA,wallet,,no,,102.33,55875,no,,,no label; no vault counterparty in latest ERC-20 transfers (Ethereum) or registry match
venue sweep: lowband_existing,morpho,8453,0x755ef6b0d09cd5775f54fc748c6e6f96bb811eb6,Coinbase Smart Wallet,personal,,no,,102.33,84995,no,,,per-user smart account
venue sweep: lowband_existing,aave-core,1,0x9b2945b4a8e5f1e73ca14688353566ec4bd77ecc,EIP-7702,wallet,,no,,102.32,76907,no,,,no label; no vault counterparty in latest ERC-20 transfers (Ethereum) or registry match
venue sweep: lowband_existing,aave-core,1,0x6ed08a91adfe7052ef79a751f92e2d0de9e61afc,EOA,wallet,,no,,102.27,149839,no,,,no label; no vault counterparty in latest ERC-20 transfers (Ethereum) or registry match
venue sweep: lowband_existing,aave-core,1,0xfd6f0a2268e65cd9a2179605e1373cd7d9a45a74,EOA,wallet,,no,,102.25,30366,no,,,no label; no vault counterparty in latest ERC-20 transfers (Ethereum) or registry match
venue sweep: lowband_existing,morpho,8453,0x3c00192f28018692ad62ffeea11f8b93f897b947,Coinbase Smart Wallet,personal,,no,,102.21,128784,no,,,per-user smart account
venue sweep: lowband_existing,aave-core,1,0xee06338cfc081f127c64dd3f111ebe5133dd21c1,DSProxy,personal,,no,,102.2,105653,no,,,per-user smart account
venue sweep: lowband_existing,aave-core,1,0xe59fcbe360eca59361910b1e62a72de3195289db,EOA,wallet,,no,,102.19,100461,no,,,no label; no vault counterparty in latest ERC-20 transfers (Ethereum) or registry match
venue sweep: lowband_existing,aave-core,1,0x0ecc52ea473b2917171cda17d03f1f2de0b837ff,EOA,wallet,,no,,102.17,87973,no,,,no label; no vault counterparty in latest ERC-20 transfers (Ethereum) or registry match
venue sweep: lowband_existing,aave-arbitrum,42161,0xbd833b7a94d89483deb8ea570273083aab1da486,EOA,wallet,,no,,102.15,180640,no,,,no label; no vault counterparty in latest ERC-20 transfers (Ethereum) or registry match
venue sweep: aave_aave-gnosis,aave-gnosis,100,0x6fd2001d2171bb11f163d1d68fd927fd491288e0,EOA,wallet,,no,,102.06,106482,no,,,no label; no vault counterparty in latest ERC-20 transfers (Ethereum) or registry match
venue sweep: lowband_existing,aave-core,1,0x27d3bf67a39797b103e4bd46b5852bf725d84f74,Safe,wallet,,no,,102.03,97055,no,,,no label; no vault counterparty in latest ERC-20 transfers (Ethereum) or registry match
venue sweep: lowband_existing,fluid,1,0x4d5ab82d0744cd7b959bd67f1f65415e90f1165a,EOA,wallet,,no,,101.94,159995,no,,,no label; no vault counterparty in latest ERC-20 transfers (Ethereum) or registry match
venue sweep: lowband_existing,aave-core,1,0x2e568b8d36a31b39b8c045f603f88683b7189a54,EOA,wallet,,no,,101.94,95624,no,,,no label; no vault counterparty in latest ERC-20 transfers (Ethereum) or registry match
venue sweep: lowband_existing,aave-core,1,0x3626b6bd6cd2f40c3d330f05212a8d95dc0fa7ff,EIP-7702,wallet,,no,,101.86,54420,no,,,no label; no vault counterparty in latest ERC-20 transfers (Ethereum) or registry match
venue sweep: lowband_existing,spark,1,0x4444ee1efbcfc7716754d4df119a1dbbe29934b3,EOA,wallet,,no,,101.81,163835,no,,,no label; no vault counterparty in latest ERC-20 transfers (Ethereum) or registry match
venue sweep: lowband_existing,aave-core,1,0x575d06a89e7f449d2a7731a5a6f30eeb596b5e2c,EOA,wallet,,no,,101.76,61485,no,,,no label; no vault counterparty in latest ERC-20 transfers (Ethereum) or registry match
venue sweep: lowband_existing,aave-core,1,0xd67cce92218517b4963ee843b3a454d382691f6e,EOA,wallet,,no,,101.72,156779,no,,,no label; no vault counterparty in latest ERC-20 transfers (Ethereum) or registry match
venue sweep: lowband_existing,aave-core,1,0x285fed35cbea271a711681e84ffd83c68a596a75,EOA,wallet,,no,,101.68,40196,no,,,no label; no vault counterparty in latest ERC-20 transfers (Ethereum) or registry match
venue sweep: lowband_existing,aave-core,1,0xec7cb5e13913ceeb5b5441524763ed7443b11f8e,EIP-7702,wallet,,no,,101.62,146868,no,,,no label; no vault counterparty in latest ERC-20 transfers (Ethereum) or registry match
venue sweep: liquity,Liquity v2 (BOLD) Liquity v2 (BOLD) branch 0 (WETH/BOLD),1,0xdda8901508211dfd3a2a912feb0b913a6558c113,EOA,wallet,,no,,101.57,174119,no,,,no label; no vault counterparty in latest ERC-20 transfers (Ethereum) or registry match
venue sweep: aave_aave-linea,aave-linea,59144,0x63fb158a5d8215d0c5bd6e12ec0bd76b3ff4cd2e,EOA,wallet,,no,,101.52,98796,no,,,no label; no vault counterparty in latest ERC-20 transfers (Ethereum) or registry match
venue sweep: lowband_existing,aave-core,1,0x68a44836b6d45360481128c5969dc026cc032e59,EOA,wallet,,no,,101.46,101195,no,,,no label; no vault counterparty in latest ERC-20 transfers (Ethereum) or registry match
venue sweep: lowband_existing,aave-core,1,0x4112e032c419d923ae4ef41312b655515ef6ac79,EOA,wallet,,no,,101.43,207397,no,,,no label; no vault counterparty in latest ERC-20 transfers (Ethereum) or registry match
venue sweep: lowband_existing,aave-core,1,0xe13cec7b2c10574e5e89a780582b66d2c3c71b80,EIP-7702,wallet,,no,,101.43,124174,no,,,no label; no vault counterparty in latest ERC-20 transfers (Ethereum) or registry match
venue sweep: lowband_existing,aave-core,1,0x0a750b14faf3d43769974684d7418ac429f2424f,EOA,wallet,,no,,101.4,56449,no,,,no label; no vault counterparty in latest ERC-20 transfers (Ethereum) or registry match
venue sweep: lowband_existing,aave-prime,1,0x6c4d27d3ae62b6c1eaa9b732377f7ddf3cf2b1e6,EIP-7702,wallet,,no,,101.38,95404,no,,,no label; no vault counterparty in latest ERC-20 transfers (Ethereum) or registry match
venue sweep: lowband_existing,spark,1,0x2309bfa43da49dbd21695cbcdadc14499a66f45f,EIP-7702,wallet,,no,,101.38,51561,no,,,no label; no vault counterparty in latest ERC-20 transfers (Ethereum) or registry match
venue sweep: lowband_existing,aave-core,1,0xdc4a23d309b5030b57713d6c4a5ceb7cdc6b927d,EOA,wallet,,no,,101.37,81681,no,,,no label; no vault counterparty in latest ERC-20 transfers (Ethereum) or registry match
venue sweep: lowband_existing,morpho,8453,0xa8e5585dab74a9580578bcb527b5e89458639d79,Coinbase Smart Wallet,personal,,no,,101.36,97595,no,,,per-user smart account
venue sweep: maker,Sky/Maker ETH-A,1,0x1e23110442a3e03ec981933d5e4de5e5e1f21f61,DSProxy,personal,,no,,101.33,45415,no,,,per-user smart account
venue sweep: lowband_existing,aave-core,1,0x628bcedf72a6a9e527d6774cbd275406b073cb76,EOA,wallet,,no,,101.3,112690,no,,,no label; no vault counterparty in latest ERC-20 transfers (Ethereum) or registry match
venue sweep: lowband_existing,aave-arbitrum,42161,0xdca94b4a782a63e65ed881433475740f13fed8ce,Instadapp DSA,personal,,no,,101.26,40729,no,,,per-user smart account
venue sweep: lowband_existing,aave-core,1,0x3c36bd908f1d87c76d597524d76dfbf3699adf34,EOA,wallet,,no,,101.26,588153,no,,,no label; no vault counterparty in latest ERC-20 transfers (Ethereum) or registry match
venue sweep: lowband_existing,aave-core,1,0x3c646e6103ac64f8c01083497af533393fdd9ff5,EOA,wallet,,no,,101.26,112529,no,,,no label; no vault counterparty in latest ERC-20 transfers (Ethereum) or registry match
venue sweep: lowband_existing,aave-core,1,0xba7d61065c110c6aafd1569c6dced85f370c0afe,EOA,wallet,,no,,101.24,231423,no,,,no label; no vault counterparty in latest ERC-20 transfers (Ethereum) or registry match
venue sweep: lowband_existing,fluid,1,0x04bdeaeb9eb504787647bf4281dee46917550a9c,EOA,wallet,,no,,101.18,196400,no,,,no label; no vault counterparty in latest ERC-20 transfers (Ethereum) or registry match
venue sweep: fluid_42161,fluid,42161,0x932effb7f47f75126468f665e0651b090ec42552,EOA,wallet,,no,,101.17,118541,no,,,no label; no vault counterparty in latest ERC-20 transfers (Ethereum) or registry match
venue sweep: lowband_existing,aave-core,1,0x818a2b06e22790dc34e4bd039a11c4c11d8debf5,EOA,wallet,,no,,101.16,122925,no,,,no label; no vault counterparty in latest ERC-20 transfers (Ethereum) or registry match
venue sweep: lowband_existing,aave-arbitrum,42161,0xb5f4eb51a5ef550b3a155512243f3d31db121bea,EOA,wallet,,no,,101.15,188464,no,,,no label; no vault counterparty in latest ERC-20 transfers (Ethereum) or registry match
venue sweep: lowband_existing,aave-core,1,0x52f952246532d193856c96582465da8e6d9727f2,EOA,wallet,,no,,101.13,66324,no,,,no label; no vault counterparty in latest ERC-20 transfers (Ethereum) or registry match
venue sweep: aave_aave-optimism,aave-optimism,10,0x8846aab7d29580f3c7c69ce188cf74afbe76e92c,EOA,wallet,,no,,101.09,98301,no,,,no label; no vault counterparty in latest ERC-20 transfers (Ethereum) or registry match
venue sweep: lowband_existing,aave-arbitrum,42161,0xe149ec11c4c1f08586101df0552e153ccf4e119d,DSProxy,personal,,no,,101.06,154028,no,,,per-user smart account
venue sweep: lowband_existing,aave-core,1,0xde6ae7ef4bceae8a763d7a1913bb4e588c8401d2,EOA,wallet,,no,,101.04,307967,no,,,no label; no vault counterparty in latest ERC-20 transfers (Ethereum) or registry match
venue sweep: lowband_existing,aave-core,1,0xf2af1424978b912c6433bf96b2231977fa346cd0,EOA,wallet,,no,,101.03,116009,no,,,no label; no vault counterparty in latest ERC-20 transfers (Ethereum) or registry match
venue sweep: lowband_existing,morpho,1,0xc2c89a0216d4e2722d40e90a40bf6e483bfe7f5f,EOA,wallet,,no,,101.02,135265,no,,,no label; no vault counterparty in latest ERC-20 transfers (Ethereum) or registry match
venue sweep: maker,Sky/Maker ETH-A,1,0xabefcab2af11dfe9f89b15bde371cf3b907d6d5a,DSProxy,personal,,no,,101.0,136,no,,,per-user smart account
venue sweep: curve,Curve crvUSD mint wstETH/crvUSD,1,0xa37ab42ae008d03a33649893bd8da847e7d3358f,EOA,wallet,,no,,100.96,132954,no,,,no label; no vault counterparty in latest ERC-20 transfers (Ethereum) or registry match
venue sweep: lowband_existing,aave-core,1,0x63f034270144736760939935826b0d39330c2336,EOA,wallet,,no,,100.95,978609,no,,,no label; no vault counterparty in latest ERC-20 transfers (Ethereum) or registry match
venue sweep: lowband_existing,aave-core,1,0x73ef6cd0471839a284416c1ef76eccd00a312a38,EOA,wallet,,no,,100.92,116697,no,,,no label; no vault counterparty in latest ERC-20 transfers (Ethereum) or registry match
venue sweep: lowband_existing,compound-v3,1,0x6ee2171ecc49afd9e943af2d5f3160b133fc1eb5,EOA,wallet,,no,,100.92,50032,no,,,no label; no vault counterparty in latest ERC-20 transfers (Ethereum) or registry match
venue sweep: curve,Curve crvUSD mint sfrxETH/crvUSD,1,0x5275817b74021e97c980e95ede6bbac0d0d6f3a2,EOA,wallet,,no,,100.89,146096,no,,,no label; no vault counterparty in latest ERC-20 transfers (Ethereum) or registry match
venue sweep: lowband_existing,aave-core,1,0x146b1f8d2cb430ffed96d79102157fb6ac1ed381,Safe,wallet,,no,,100.87,100131,no,,,no label; no vault counterparty in latest ERC-20 transfers (Ethereum) or registry match
venue sweep: lowband_existing,aave-core,1,0x632adf007b697bed10eccd7f4aaa307b8cdc88ec,EOA,wallet,,no,,100.87,88717,no,,,no label; no vault counterparty in latest ERC-20 transfers (Ethereum) or registry match
venue sweep: lowband_existing,aave-core,1,0x3fef5f65db5e77d5ec02c7ecb5e0f02a76265639,EIP-7702,wallet,,no,,100.87,147234,no,,,no label; no vault counterparty in latest ERC-20 transfers (Ethereum) or registry match
venue sweep: lowband_existing,aave-core,1,0x2db757b7377b42cb294741e62b999084f0a13e51,EOA,wallet,,no,,100.82,299552,no,,,no label; no vault counterparty in latest ERC-20 transfers (Ethereum) or registry match
venue sweep: lowband_existing,aave-core,1,0x826e8cc377a309f84b365faa9ccb6d183244ab58,EOA,wallet,,no,,100.75,120882,no,,,no label; no vault counterparty in latest ERC-20 transfers (Ethereum) or registry match
venue sweep: lowband_existing,aave-core,1,0xdb2989098b4c37c8e506b726ef7cd4478fcbb13e,EOA,wallet,,no,,100.7,92785,no,,,no label; no vault counterparty in latest ERC-20 transfers (Ethereum) or registry match
venue sweep: lowband_existing,aave-core,1,0xe1668a1bee75a9d8dacc311ed74f874d30c379fe,EOA,wallet,,no,,100.69,140390,no,,,no label; no vault counterparty in latest ERC-20 transfers (Ethereum) or registry match
venue sweep: lowband_existing,spark,1,0x35ae0d15fc34fcf2f0b36bfe94f6341deb46c22f,EOA,wallet,,no,,100.68,114816,no,,,no label; no vault counterparty in latest ERC-20 transfers (Ethereum) or registry match
venue sweep: lowband_existing,aave-core,1,0xae48d2a081458fbf1cbac87355c5cb876f7bd564,Summer.fi DPM,personal,,no,,100.66,70343,no,,,per-user smart account
venue sweep: lowband_existing,aave-core,1,0x341537446490a2a16bc788cf4a875f1b9bf5c0b9,EOA,wallet,,no,,100.65,127916,no,,,no label; no vault counterparty in latest ERC-20 transfers (Ethereum) or registry match
venue sweep: lowband_existing,morpho,1,0xbef69a2ad3b5d2fd3d73f24eec68e281fe861d1d,EOA,wallet,,no,,100.54,140149,no,,,no label; no vault counterparty in latest ERC-20 transfers (Ethereum) or registry match
venue sweep: lowband_existing,aave-arbitrum,42161,0x2f7d38d702c3c08dde21a6cc776f2e2305ae56ab,EOA,wallet,,no,,100.51,30404,no,,,no label; no vault counterparty in latest ERC-20 transfers (Ethereum) or registry match
venue sweep: lowband_existing,aave-core,1,0xcfd3c59fa845dffb32682dccf4f2d337a2bf617b,EOA,wallet,,no,,100.5,61567,no,,,no label; no vault counterparty in latest ERC-20 transfers (Ethereum) or registry match
venue sweep: lowband_existing,aave-core,1,0xe632ff9051a9b40b2c374d734524c76e27e6ddf3,EIP-7702,wallet,,no,,100.48,68461,no,,,no label; no vault counterparty in latest ERC-20 transfers (Ethereum) or registry match
venue sweep: lowband_existing,aave-core,1,0x918f41205ca8f7ad0b279f1eb0f0cbf4b4b6c9da,EOA,wallet,,no,,100.48,94070,no,,,no label; no vault counterparty in latest ERC-20 transfers (Ethereum) or registry match
venue sweep: lowband_existing,aave-core,1,0xeeca8ebba2dc484f72064c0386ac097995b5cb8c,EOA,wallet,,no,,100.46,237840,no,,,no label; no vault counterparty in latest ERC-20 transfers (Ethereum) or registry match
lending split,aave-arbitrum,42161,0x2e4634304d58856d003545badbfef5ec1a442c1d,EIP-7702,wallet,,no,,100.44,196553,no,,,no label; no vault counterparty in latest ERC-20 transfers (Ethereum) or registry match
venue sweep: lowband_existing,morpho,8453,0x2078f9d7bbabfd3900a306a2f6a6c9d60bf1ac7e,Coinbase Smart Wallet,personal,,no,,100.43,41601,no,,,per-user smart account
venue sweep: lowband_existing,aave-core,1,0x1b53a89dddedb7d7742fc50440e2a393201a3a20,EOA,wallet,,no,,100.41,60650,no,,,no label; no vault counterparty in latest ERC-20 transfers (Ethereum) or registry match
venue sweep: lowband_existing,aave-core,1,0x20ced3c09efc99986c6ce298df600150e920f21e,EOA,wallet,,no,,100.39,70822,no,,,no label; no vault counterparty in latest ERC-20 transfers (Ethereum) or registry match
venue sweep: lowband_existing,aave-core,1,0xde50d84ac9a530476214a24cdeda6a4e046b861d,EOA,wallet,,no,,100.37,101011,no,,,no label; no vault counterparty in latest ERC-20 transfers (Ethereum) or registry match
venue sweep: lowband_existing,aave-core,1,0x18ca44324204754daf5966af423bd616d2fd512f,EOA,wallet,,no,,100.29,50306,no,,,no label; no vault counterparty in latest ERC-20 transfers (Ethereum) or registry match
venue sweep: lowband_existing,aave-arbitrum,42161,0xfaf00470dc04bd4d2be39c308c26d14abfd0af3e,EIP-7702,wallet,,no,,100.27,98790,no,,,no label; no vault counterparty in latest ERC-20 transfers (Ethereum) or registry match
venue sweep: lowband_existing,aave-core,1,0x3a52bf7fa1ab8b5c8bd46c178f6fe7257e0a715f,EOA,wallet,,no,,100.26,126441,no,,,no label; no vault counterparty in latest ERC-20 transfers (Ethereum) or registry match
venue sweep: lowband_existing,aave-core,1,0xd9cfa34dc51a1fc562f27b188b3e5dc2c7902068,EIP-7702,wallet,,no,,100.25,81704,no,,,no label; no vault counterparty in latest ERC-20 transfers (Ethereum) or registry match
venue sweep: lowband_existing,aave-core,1,0x52808a077fc94a33e88a4e9e3dbc049ecf6596e9,EOA,wallet,,no,,100.23,23161,no,,,no label; no vault counterparty in latest ERC-20 transfers (Ethereum) or registry match
venue sweep: lowband_existing,aave-base,8453,0x1083e6f65bf53bfcb7cbbd3c57ed1688e0110a7b,EOA,wallet,,no,,100.23,76322,no,,,no label; no vault counterparty in latest ERC-20 transfers (Ethereum) or registry match
venue sweep: aave_aave-avalanche,aave-avalanche,43114,0x444cec33aa687472304b7a1046269be143a6313e,EOA,wallet,,no,,100.22,75538,no,,,no label; no vault counterparty in latest ERC-20 transfers (Ethereum) or registry match
venue sweep: lowband_existing,aave-core,1,0xad1c1f1f0c7099502fcb4fdf36aa770473a5f14b,EOA,wallet,,no,,100.19,110431,no,,,no label; no vault counterparty in latest ERC-20 transfers (Ethereum) or registry match
venue sweep: lowband_existing,morpho,8453,0x1b78ca1f9ad8d86f14192fa5acad3d9d91d658d0,Coinbase Smart Wallet,personal,,no,,100.19,93102,no,,,per-user smart account
venue sweep: lowband_existing,aave-arbitrum,42161,0x4b13dac3de1edccd3c6a20519a0dd46e20ba79b2,EOA,wallet,,no,,100.18,128578,no,,,no label; no vault counterparty in latest ERC-20 transfers (Ethereum) or registry match
venue sweep: lowband_existing,aave-core,1,0xfcdfda023f727dafa35e8ee2715bcd7411c86b21,EOA,wallet,,no,,100.18,199737,no,,,no label; no vault counterparty in latest ERC-20 transfers (Ethereum) or registry match
venue sweep: lowband_existing,aave-core,1,0x3f35e80890b8535a9ad751191424e493e5e6883b,Safe,wallet,,no,,100.12,67058,no,,,no label; no vault counterparty in latest ERC-20 transfers (Ethereum) or registry match
venue sweep: lowband_existing,morpho,8453,0x2b3669bfa754b7d35c4890654e1181345c772932,Coinbase Smart Wallet,personal,,no,,100.12,173935,no,,,per-user smart account
venue sweep: curve,Curve LlamaLend wstETH/crvUSD,1,0x3b15cec2d922ab0ef74688bcc1056461049f89cb,EIP-7702,wallet,,no,,100.09,120249,no,,,no label; no vault counterparty in latest ERC-20 transfers (Ethereum) or registry match
venue sweep: lowband_existing,fluid,1,0x01fa18caf26275d526a35b70b35fd5480b2225ab,EOA,wallet,,no,,100.09,132442,no,,,no label; no vault counterparty in latest ERC-20 transfers (Ethereum) or registry match
venue sweep: lowband_existing,morpho,8453,0xab11239268074170c015c869d473e51feec76a12,Coinbase Smart Wallet,personal,,no,,100.07,120255,no,,,per-user smart account
venue sweep: lowband_existing,aave-core,1,0x349c376dbc3a6219b9d8083896070d0d4ed91573,EIP-7702,wallet,,no,,100.07,120835,no,,,no label; no vault counterparty in latest ERC-20 transfers (Ethereum) or registry match
venue sweep: lowband_existing,compound-v3,1,0x2b7cba47bbc484b76bc961830e1497f6f08ae0e4,Safe,wallet,,no,,100.01,44506,no,,,no label; no vault counterparty in latest ERC-20 transfers (Ethereum) or registry match
venue sweep: lowband_existing,aave-core,1,0xd278ace93eaed23397392984ebde61cc05787d36,EIP-7702,wallet,,no,,100.01,274934,no,,,no label; no vault counterparty in latest ERC-20 transfers (Ethereum) or registry match
venue sweep: lowband_existing,morpho,8453,0xcbce7933cdc4a166f978115c99e2f81a821634a1,Coinbase Smart Wallet,personal,,no,,100.0,122993,no,,,per-user smart account
venue sweep: lowband_existing,morpho,8453,0xac24bb7ad654dc2435ea2fa73a84d4c71092f3fb,Coinbase Smart Wallet,personal,,no,,100.0,115471,no,,,per-user smart account
venue sweep: lowband_existing,morpho,1,0xea9cbf465ff3e8a01ef0f9374b6eb2869bad08c2,EOA,wallet,,no,,100.0,101790,no,,,no label; no vault counterparty in latest ERC-20 transfers (Ethereum) or registry match
venue sweep: lowband_existing,morpho,8453,0x3f2c687fd2fe3bb2bcb6f175ecdeab2f5fd0c607,EOA,wallet,,no,,100.0,112956,no,,,no label; no vault counterparty in latest ERC-20 transfers (Ethereum) or registry match
venue sweep: lowband_existing,compound-v3,1,0x059793939effe3cd98edaffad580abc181b1a96b,EIP-7702,wallet,,no,,100.0,401154,no,,,no label; no vault counterparty in latest ERC-20 transfers (Ethereum) or registry match
venue sweep: lowband_existing,compound-v3,1,0x2c5d5d383b43c9a75ec0221113264fd329f4ca0a,EOA,wallet,,no,,100.0,39729,no,,,no label; no vault counterparty in latest ERC-20 transfers (Ethereum) or registry match
venue sweep: lowband_existing,compound-v3,42161,0x6ba604963046512cc0143693e9a52faa2eb41ec2,EIP-7702,wallet,,no,,100.0,35544,no,,,no label; no vault counterparty in latest ERC-20 transfers (Ethereum) or registry match
venue sweep: maker,Sky/Maker ETH-A,1,0x72ef6a861a6e37ed23d8e6f971b00deb3f202a61,DSProxy,personal,,no,,100.0,60551,no,,,per-user smart account
venue sweep: maker,Sky/Maker ETH-A,1,0x42c186ec3c394b731fcb67ffc55701802f273fa0,DSProxy,personal,,no,,100.0,33567,no,,,per-user smart account
venue sweep: maker,Sky/Maker ETH-A,1,0xe585908faa1a3d3a00eed5d3bcc4cc8f7466e119,DSProxy,personal,,no,,100.0,47359,no,,,per-user smart account
venue sweep: maker,Sky/Maker ETH-A,1,0xcf2386689d2b06539cd6dc618b3b71fe140284b4,DSProxy,personal,,no,,100.0,89074,no,,,per-user smart account
venue sweep: maker,Sky/Maker ETH-C,1,0x72570cf7d79a5877ce4a0302ee4e7168d766b172,DSProxy,personal,,no,,100.0,58752,no,,,per-user smart account
