product,account,period,metric,value,unit,source
all,chainlink:ETH/USD,2024-10,eth_usd,2517.13620867,USD,archive eth_call @ month-end block (raw/eth/gap-2026-10-07/top5-risk/positions_raw.json)
all,chainlink:ETH/USD,2024-11,eth_usd,3715.85,USD,archive eth_call @ month-end block (raw/eth/gap-2026-10-07/top5-risk/positions_raw.json)
all,chainlink:ETH/USD,2024-12,eth_usd,3334.691723,USD,archive eth_call @ month-end block (raw/eth/gap-2026-10-07/top5-risk/positions_raw.json)
all,chainlink:ETH/USD,2025-01,eth_usd,3289.80426455,USD,archive eth_call @ month-end block (raw/eth/gap-2026-10-07/top5-risk/positions_raw.json)
all,chainlink:ETH/USD,2025-02,eth_usd,2233.39,USD,archive eth_call @ month-end block (raw/eth/gap-2026-10-07/top5-risk/positions_raw.json)
all,chainlink:ETH/USD,2025-03,eth_usd,1826.1555,USD,archive eth_call @ month-end block (raw/eth/gap-2026-10-07/top5-risk/positions_raw.json)
all,chainlink:ETH/USD,2025-04,eth_usd,1796.99008905,USD,archive eth_call @ month-end block (raw/eth/gap-2026-10-07/top5-risk/positions_raw.json)
all,chainlink:ETH/USD,2025-05,eth_usd,2533.38,USD,archive eth_call @ month-end block (raw/eth/gap-2026-10-07/top5-risk/positions_raw.json)
destinations,curve_ebUSD_USDC,2025-05,share_price,1.00063564,asset per share,archive eth_call @ month-end block (raw/eth/gap-2026-10-07/top5-risk/positions_raw.json)
all,chainlink:ETH/USD,2025-06,eth_usd,2490.805137,USD,archive eth_call @ month-end block (raw/eth/gap-2026-10-07/top5-risk/positions_raw.json)
destinations,curve_ebUSD_USDC,2025-06,share_price,1.00105575,asset per share,archive eth_call @ month-end block (raw/eth/gap-2026-10-07/top5-risk/positions_raw.json)
destinations,curve_ebUSD_USDC,2025-06,parking_yield_apr_month,0.00510802,"APR fraction (simple, since previous sample)",derived from share_price
all,chainlink:ETH/USD,2025-07,eth_usd,3692.320131,USD,archive eth_call @ month-end block (raw/eth/gap-2026-10-07/top5-risk/positions_raw.json)
destinations,stcUSD,2025-07,share_price,1.00009814,asset per share,archive eth_call @ month-end block (raw/eth/gap-2026-10-07/top5-risk/positions_raw.json)
destinations,curve_ebUSD_USDC,2025-07,share_price,1.00126754,asset per share,archive eth_call @ month-end block (raw/eth/gap-2026-10-07/top5-risk/positions_raw.json)
destinations,curve_ebUSD_USDC,2025-07,parking_yield_apr_month,0.0024911,"APR fraction (simple, since previous sample)",derived from share_price
all,chainlink:ETH/USD,2025-08,eth_usd,4381.8484,USD,archive eth_call @ month-end block (raw/eth/gap-2026-10-07/top5-risk/positions_raw.json)
liquid,0x0a42b2f3a0d54157dbd7cc346335a4f1909fc02c@AaveV3,2025-08,collateral_usd,117881929.10906912,USD (protocol oracle),archive eth_call @ month-end block (raw/eth/gap-2026-10-07/top5-risk/positions_raw.json)
liquid,0x0a42b2f3a0d54157dbd7cc346335a4f1909fc02c@AaveV3,2025-08,collateral_usd:weETH,117881929.10906912,USD (protocol oracle),archive eth_call per reserve (raw/eth/gap-2026-10-07/top5-risk/aave_legs_raw.json)
liquid,0x0a42b2f3a0d54157dbd7cc346335a4f1909fc02c@AaveV3,2025-08,debt_usd_account_total,47066373.46476964,USD (protocol oracle),archive eth_call @ month-end block (raw/eth/gap-2026-10-07/top5-risk/positions_raw.json)
liquid,0x0a42b2f3a0d54157dbd7cc346335a4f1909fc02c@AaveV3,2025-08,debt_usd:USDC,47066373.46476964,USD (protocol oracle),archive eth_call per reserve (raw/eth/gap-2026-10-07/top5-risk/aave_legs_raw.json)
liquid,0x0a42b2f3a0d54157dbd7cc346335a4f1909fc02c@AaveV3,2025-08,borrow_rate:USDC,0.05609668,APR fraction (reserve variable rate),archive eth_call per reserve (raw/eth/gap-2026-10-07/top5-risk/aave_legs_raw.json)
liquid,0x0a42b2f3a0d54157dbd7cc346335a4f1909fc02c@AaveV3,2025-08,dollar_debt_usd,47066373.46476964,USD (protocol oracle),archive eth_call per reserve (raw/eth/gap-2026-10-07/top5-risk/aave_legs_raw.json)
liquid,0x0a42b2f3a0d54157dbd7cc346335a4f1909fc02c@AaveV3,2025-08,dollar_debt_usd_prior_dataset,47074498.994041,USD,data/eth/economic-dollar-loans.csv (reused leg debt and quoted APR)
liquid,0x0a42b2f3a0d54157dbd7cc346335a4f1909fc02c@AaveV3,2025-08,borrow_rate_debt_weighted,0.05609668,APR fraction,archive eth_call per reserve (raw/eth/gap-2026-10-07/top5-risk/aave_legs_raw.json)
liquid,0x0a42b2f3a0d54157dbd7cc346335a4f1909fc02c@AaveV3,2025-08,ltv,0.39926708,fraction,archive eth_call @ month-end block (raw/eth/gap-2026-10-07/top5-risk/positions_raw.json)
liquid,0x0a42b2f3a0d54157dbd7cc346335a4f1909fc02c@AaveV3,2025-08,health_factor,2.00367133,ratio,archive eth_call @ month-end block (raw/eth/gap-2026-10-07/top5-risk/positions_raw.json)
liquid,0x0a42b2f3a0d54157dbd7cc346335a4f1909fc02c@AaveV3,2025-08,dollar_share_of_account_debt,1.0,fraction,derived
liquid,0x0a42b2f3a0d54157dbd7cc346335a4f1909fc02c@AaveV3,2025-08,liquidation_threshold,0.8,fraction (weighted),archive eth_call @ month-end block (raw/eth/gap-2026-10-07/top5-risk/positions_raw.json)
destinations,stcUSD,2025-08,share_price,1.01081249,asset per share,archive eth_call @ month-end block (raw/eth/gap-2026-10-07/top5-risk/positions_raw.json)
destinations,stcUSD,2025-08,parking_yield_apr_month,0.12614055,"APR fraction (simple, since previous sample)",derived from share_price
destinations,curve_ebUSD_USDC,2025-08,share_price,1.00155741,asset per share,archive eth_call @ month-end block (raw/eth/gap-2026-10-07/top5-risk/positions_raw.json)
destinations,curve_ebUSD_USDC,2025-08,parking_yield_apr_month,0.00340859,"APR fraction (simple, since previous sample)",derived from share_price
liquid,ALL,2025-08,collateral_usd,117881929.10906912,USD (dollar-debt share of account collateral),derived
liquid,ALL,2025-08,dollar_debt_usd,47066373.46476964,USD,derived
liquid,ALL,2025-08,ltv,0.39926708,fraction,derived
liquid,ALL,2025-08,liquidation_threshold,0.8,fraction (collateral-weighted),derived
liquid,ALL,2025-08,health_factor,2.00367133,ratio (aggregate),derived
liquid,ALL,2025-08,borrow_rate_debt_weighted,0.05609668,APR fraction,derived
all,chainlink:ETH/USD,2025-09,eth_usd,4145.357429,USD,archive eth_call @ month-end block (raw/eth/gap-2026-10-07/top5-risk/positions_raw.json)
liquid,0x0a42b2f3a0d54157dbd7cc346335a4f1909fc02c@AaveV3,2025-09,collateral_usd,111719051.97767197,USD (protocol oracle),archive eth_call @ month-end block (raw/eth/gap-2026-10-07/top5-risk/positions_raw.json)
liquid,0x0a42b2f3a0d54157dbd7cc346335a4f1909fc02c@AaveV3,2025-09,collateral_usd:weETH,111719051.97767195,USD (protocol oracle),archive eth_call per reserve (raw/eth/gap-2026-10-07/top5-risk/aave_legs_raw.json)
liquid,0x0a42b2f3a0d54157dbd7cc346335a4f1909fc02c@AaveV3,2025-09,debt_usd_account_total,52305266.6020155,USD (protocol oracle),archive eth_call @ month-end block (raw/eth/gap-2026-10-07/top5-risk/positions_raw.json)
liquid,0x0a42b2f3a0d54157dbd7cc346335a4f1909fc02c@AaveV3,2025-09,debt_usd:USDC,52305266.60201549,USD (protocol oracle),archive eth_call per reserve (raw/eth/gap-2026-10-07/top5-risk/aave_legs_raw.json)
liquid,0x0a42b2f3a0d54157dbd7cc346335a4f1909fc02c@AaveV3,2025-09,borrow_rate:USDC,0.05583549,APR fraction (reserve variable rate),archive eth_call per reserve (raw/eth/gap-2026-10-07/top5-risk/aave_legs_raw.json)
liquid,0x0a42b2f3a0d54157dbd7cc346335a4f1909fc02c@AaveV3,2025-09,dollar_debt_usd,52305266.60201549,USD (protocol oracle),archive eth_call per reserve (raw/eth/gap-2026-10-07/top5-risk/aave_legs_raw.json)
liquid,0x0a42b2f3a0d54157dbd7cc346335a4f1909fc02c@AaveV3,2025-09,dollar_debt_usd_prior_dataset,52326211.73805,USD,data/eth/economic-dollar-loans.csv (reused leg debt and quoted APR)
liquid,0x0a42b2f3a0d54157dbd7cc346335a4f1909fc02c@AaveV3,2025-09,borrow_rate_debt_weighted,0.05583549,APR fraction,archive eth_call per reserve (raw/eth/gap-2026-10-07/top5-risk/aave_legs_raw.json)
liquid,0x0a42b2f3a0d54157dbd7cc346335a4f1909fc02c@AaveV3,2025-09,ltv,0.46818574,fraction,archive eth_call @ month-end block (raw/eth/gap-2026-10-07/top5-risk/positions_raw.json)
liquid,0x0a42b2f3a0d54157dbd7cc346335a4f1909fc02c@AaveV3,2025-09,health_factor,1.70872356,ratio,archive eth_call @ month-end block (raw/eth/gap-2026-10-07/top5-risk/positions_raw.json)
liquid,0x0a42b2f3a0d54157dbd7cc346335a4f1909fc02c@AaveV3,2025-09,dollar_share_of_account_debt,1.0,fraction,derived
liquid,0x0a42b2f3a0d54157dbd7cc346335a4f1909fc02c@AaveV3,2025-09,liquidation_threshold,0.8,fraction (weighted),archive eth_call @ month-end block (raw/eth/gap-2026-10-07/top5-risk/positions_raw.json)
avant,0x6cc60a0b57bc882a0471980d0e2d4ad7ddf3c4bd@SparkV3,2025-09,collateral_usd,3362416.06860382,USD (protocol oracle),archive eth_call @ month-end block (raw/eth/gap-2026-10-07/top5-risk/positions_raw.json)
avant,0x6cc60a0b57bc882a0471980d0e2d4ad7ddf3c4bd@SparkV3,2025-09,collateral_usd:WETH,89912.56599065,USD (protocol oracle),archive eth_call per reserve (raw/eth/gap-2026-10-07/top5-risk/aave_legs_raw.json)
avant,0x6cc60a0b57bc882a0471980d0e2d4ad7ddf3c4bd@SparkV3,2025-09,collateral_usd:weETH,3272503.50261318,USD (protocol oracle),archive eth_call per reserve (raw/eth/gap-2026-10-07/top5-risk/aave_legs_raw.json)
avant,0x6cc60a0b57bc882a0471980d0e2d4ad7ddf3c4bd@SparkV3,2025-09,debt_usd_account_total,2040904.67362,USD (protocol oracle),archive eth_call @ month-end block (raw/eth/gap-2026-10-07/top5-risk/positions_raw.json)
avant,0x6cc60a0b57bc882a0471980d0e2d4ad7ddf3c4bd@SparkV3,2025-09,debt_usd:PYUSD,2040904.67362,USD (protocol oracle),archive eth_call per reserve (raw/eth/gap-2026-10-07/top5-risk/aave_legs_raw.json)
avant,0x6cc60a0b57bc882a0471980d0e2d4ad7ddf3c4bd@SparkV3,2025-09,borrow_rate:PYUSD,0.02388543,APR fraction (reserve variable rate),archive eth_call per reserve (raw/eth/gap-2026-10-07/top5-risk/aave_legs_raw.json)
avant,0x6cc60a0b57bc882a0471980d0e2d4ad7ddf3c4bd@SparkV3,2025-09,dollar_debt_usd,2040904.67362,USD (protocol oracle),archive eth_call per reserve (raw/eth/gap-2026-10-07/top5-risk/aave_legs_raw.json)
avant,0x6cc60a0b57bc882a0471980d0e2d4ad7ddf3c4bd@SparkV3,2025-09,dollar_debt_usd_prior_dataset,2040904.67362,USD,data/eth/economic-dollar-loans.csv (reused leg debt and quoted APR)
avant,0x6cc60a0b57bc882a0471980d0e2d4ad7ddf3c4bd@SparkV3,2025-09,borrow_rate_debt_weighted,0.02388543,APR fraction,archive eth_call per reserve (raw/eth/gap-2026-10-07/top5-risk/aave_legs_raw.json)
avant,0x6cc60a0b57bc882a0471980d0e2d4ad7ddf3c4bd@SparkV3,2025-09,ltv,0.60697565,fraction,archive eth_call @ month-end block (raw/eth/gap-2026-10-07/top5-risk/positions_raw.json)
avant,0x6cc60a0b57bc882a0471980d0e2d4ad7ddf3c4bd@SparkV3,2025-09,health_factor,1.32064606,ratio,archive eth_call @ month-end block (raw/eth/gap-2026-10-07/top5-risk/positions_raw.json)
avant,0x6cc60a0b57bc882a0471980d0e2d4ad7ddf3c4bd@SparkV3,2025-09,dollar_share_of_account_debt,1.0,fraction,derived
avant,0x6cc60a0b57bc882a0471980d0e2d4ad7ddf3c4bd@SparkV3,2025-09,liquidation_threshold,0.8016,fraction (weighted),archive eth_call @ month-end block (raw/eth/gap-2026-10-07/top5-risk/positions_raw.json)
destinations,stcUSD,2025-09,share_price,1.02046191,asset per share,archive eth_call @ month-end block (raw/eth/gap-2026-10-07/top5-risk/positions_raw.json)
destinations,stcUSD,2025-09,parking_yield_apr_month,0.11614546,"APR fraction (simple, since previous sample)",derived from share_price
destinations,curve_ebUSD_USDC,2025-09,share_price,1.00186902,asset per share,archive eth_call @ month-end block (raw/eth/gap-2026-10-07/top5-risk/positions_raw.json)
destinations,curve_ebUSD_USDC,2025-09,parking_yield_apr_month,0.00378547,"APR fraction (simple, since previous sample)",derived from share_price
liquid,ALL,2025-09,collateral_usd,111719051.97767194,USD (dollar-debt share of account collateral),derived
liquid,ALL,2025-09,dollar_debt_usd,52305266.60201549,USD,derived
liquid,ALL,2025-09,ltv,0.46818574,fraction,derived
liquid,ALL,2025-09,liquidation_threshold,0.8,fraction (collateral-weighted),derived
liquid,ALL,2025-09,health_factor,1.70872356,ratio (aggregate),derived
liquid,ALL,2025-09,borrow_rate_debt_weighted,0.05583549,APR fraction,derived
avant,ALL,2025-09,collateral_usd,3362416.06860382,USD (dollar-debt share of account collateral),derived
avant,ALL,2025-09,dollar_debt_usd,2040904.67362,USD,derived
avant,ALL,2025-09,ltv,0.60697565,fraction,derived
avant,ALL,2025-09,liquidation_threshold,0.8016,fraction (collateral-weighted),derived
avant,ALL,2025-09,health_factor,1.32064606,ratio (aggregate),derived
avant,ALL,2025-09,borrow_rate_debt_weighted,0.02388543,APR fraction,derived
all,chainlink:ETH/USD,2025-10,eth_usd,3846.13,USD,archive eth_call @ month-end block (raw/eth/gap-2026-10-07/top5-risk/positions_raw.json)
lido-earn,0x181cb55f872450d16ae858d532b4e35e50eaa76d@AaveV3,2025-10,collateral_usd,241.84451457,USD (protocol oracle),archive eth_call @ month-end block (raw/eth/gap-2026-10-07/top5-risk/positions_raw.json)
lido-earn,0x181cb55f872450d16ae858d532b4e35e50eaa76d@AaveV3,2025-10,collateral_usd:wstETH,241.84451458,USD (protocol oracle),archive eth_call per reserve (raw/eth/gap-2026-10-07/top5-risk/aave_legs_raw.json)
lido-earn,0x181cb55f872450d16ae858d532b4e35e50eaa76d@AaveV3,2025-10,debt_usd_account_total,150.64811548,USD (protocol oracle),archive eth_call @ month-end block (raw/eth/gap-2026-10-07/top5-risk/positions_raw.json)
lido-earn,0x181cb55f872450d16ae858d532b4e35e50eaa76d@AaveV3,2025-10,debt_usd:USDC,150.64811547,USD (protocol oracle),archive eth_call per reserve (raw/eth/gap-2026-10-07/top5-risk/aave_legs_raw.json)
lido-earn,0x181cb55f872450d16ae858d532b4e35e50eaa76d@AaveV3,2025-10,borrow_rate:USDC,0.05105076,APR fraction (reserve variable rate),archive eth_call per reserve (raw/eth/gap-2026-10-07/top5-risk/aave_legs_raw.json)
lido-earn,0x181cb55f872450d16ae858d532b4e35e50eaa76d@AaveV3,2025-10,dollar_debt_usd,150.64811547,USD (protocol oracle),archive eth_call per reserve (raw/eth/gap-2026-10-07/top5-risk/aave_legs_raw.json)
lido-earn,0x181cb55f872450d16ae858d532b4e35e50eaa76d@AaveV3,2025-10,dollar_debt_usd_prior_dataset,0,USD,data/eth/economic-dollar-loans.csv (reused leg debt and quoted APR)
lido-earn,0x181cb55f872450d16ae858d532b4e35e50eaa76d@AaveV3,2025-10,borrow_rate_debt_weighted,0.05105076,APR fraction,archive eth_call per reserve (raw/eth/gap-2026-10-07/top5-risk/aave_legs_raw.json)
lido-earn,0x181cb55f872450d16ae858d532b4e35e50eaa76d@AaveV3,2025-10,ltv,0.6229131,fraction,archive eth_call @ month-end block (raw/eth/gap-2026-10-07/top5-risk/positions_raw.json)
lido-earn,0x181cb55f872450d16ae858d532b4e35e50eaa76d@AaveV3,2025-10,health_factor,1.3003419,ratio,archive eth_call @ month-end block (raw/eth/gap-2026-10-07/top5-risk/positions_raw.json)
lido-earn,0x181cb55f872450d16ae858d532b4e35e50eaa76d@AaveV3,2025-10,dollar_share_of_account_debt,1.0,fraction,derived
lido-earn,0x181cb55f872450d16ae858d532b4e35e50eaa76d@AaveV3,2025-10,liquidation_threshold,0.81,fraction (weighted),archive eth_call @ month-end block (raw/eth/gap-2026-10-07/top5-risk/positions_raw.json)
lido-earn,0x9938a09fea37ba681a1bd53d33ddde2debec1da0@AaveV3,2025-10,collateral_usd,1151.97403864,USD (protocol oracle),archive eth_call @ month-end block (raw/eth/gap-2026-10-07/top5-risk/positions_raw.json)
lido-earn,0x9938a09fea37ba681a1bd53d33ddde2debec1da0@AaveV3,2025-10,collateral_usd:USDe,576.20784696,USD (protocol oracle),archive eth_call per reserve (raw/eth/gap-2026-10-07/top5-risk/aave_legs_raw.json)
lido-earn,0x9938a09fea37ba681a1bd53d33ddde2debec1da0@AaveV3,2025-10,collateral_usd:sUSDe,575.7661917,USD (protocol oracle),archive eth_call per reserve (raw/eth/gap-2026-10-07/top5-risk/aave_legs_raw.json)
lido-earn,0x9938a09fea37ba681a1bd53d33ddde2debec1da0@AaveV3,2025-10,debt_usd_account_total,1004.0620655,USD (protocol oracle),archive eth_call @ month-end block (raw/eth/gap-2026-10-07/top5-risk/positions_raw.json)
lido-earn,0x9938a09fea37ba681a1bd53d33ddde2debec1da0@AaveV3,2025-10,debt_usd:USDC,1004.0620655,USD (protocol oracle),archive eth_call per reserve (raw/eth/gap-2026-10-07/top5-risk/aave_legs_raw.json)
lido-earn,0x9938a09fea37ba681a1bd53d33ddde2debec1da0@AaveV3,2025-10,borrow_rate:USDC,0.05105076,APR fraction (reserve variable rate),archive eth_call per reserve (raw/eth/gap-2026-10-07/top5-risk/aave_legs_raw.json)
lido-earn,0x9938a09fea37ba681a1bd53d33ddde2debec1da0@AaveV3,2025-10,dollar_debt_usd,1004.0620655,USD (protocol oracle),archive eth_call per reserve (raw/eth/gap-2026-10-07/top5-risk/aave_legs_raw.json)
lido-earn,0x9938a09fea37ba681a1bd53d33ddde2debec1da0@AaveV3,2025-10,dollar_debt_usd_prior_dataset,1004.130738,USD,data/eth/economic-dollar-loans.csv (reused leg debt and quoted APR)
lido-earn,0x9938a09fea37ba681a1bd53d33ddde2debec1da0@AaveV3,2025-10,borrow_rate_debt_weighted,0.05105076,APR fraction,archive eth_call per reserve (raw/eth/gap-2026-10-07/top5-risk/aave_legs_raw.json)
lido-earn,0x9938a09fea37ba681a1bd53d33ddde2debec1da0@AaveV3,2025-10,ltv,0.8716013,fraction,archive eth_call @ month-end block (raw/eth/gap-2026-10-07/top5-risk/positions_raw.json)
lido-earn,0x9938a09fea37ba681a1bd53d33ddde2debec1da0@AaveV3,2025-10,health_factor,1.05552849,ratio,archive eth_call @ month-end block (raw/eth/gap-2026-10-07/top5-risk/positions_raw.json)
lido-earn,0x9938a09fea37ba681a1bd53d33ddde2debec1da0@AaveV3,2025-10,dollar_share_of_account_debt,1.0,fraction,derived
lido-earn,0x9938a09fea37ba681a1bd53d33ddde2debec1da0@AaveV3,2025-10,liquidation_threshold,0.92,fraction (weighted),archive eth_call @ month-end block (raw/eth/gap-2026-10-07/top5-risk/positions_raw.json)
lido-earn,0x9938a09fea37ba681a1bd53d33ddde2debec1da0@AaveV3,2025-10,classification,1,"flag: USDe/sUSDe e-mode stable loop, excluded from ALL",getUserConfiguration/getUserEMode
avant,0x6cc60a0b57bc882a0471980d0e2d4ad7ddf3c4bd@SparkV3,2025-10,collateral_usd,8208277.95513871,USD (protocol oracle),archive eth_call @ month-end block (raw/eth/gap-2026-10-07/top5-risk/positions_raw.json)
avant,0x6cc60a0b57bc882a0471980d0e2d4ad7ddf3c4bd@SparkV3,2025-10,collateral_usd:WETH,1566866.87169505,USD (protocol oracle),archive eth_call per reserve (raw/eth/gap-2026-10-07/top5-risk/aave_legs_raw.json)
avant,0x6cc60a0b57bc882a0471980d0e2d4ad7ddf3c4bd@SparkV3,2025-10,collateral_usd:weETH,6641411.08344366,USD (protocol oracle),archive eth_call per reserve (raw/eth/gap-2026-10-07/top5-risk/aave_legs_raw.json)
avant,0x6cc60a0b57bc882a0471980d0e2d4ad7ddf3c4bd@SparkV3,2025-10,debt_usd_account_total,4327692.569042,USD (protocol oracle),archive eth_call @ month-end block (raw/eth/gap-2026-10-07/top5-risk/positions_raw.json)
avant,0x6cc60a0b57bc882a0471980d0e2d4ad7ddf3c4bd@SparkV3,2025-10,debt_usd:USDC,1000628.884843,USD (protocol oracle),archive eth_call per reserve (raw/eth/gap-2026-10-07/top5-risk/aave_legs_raw.json)
avant,0x6cc60a0b57bc882a0471980d0e2d4ad7ddf3c4bd@SparkV3,2025-10,borrow_rate:USDC,0.05399451,APR fraction (reserve variable rate),archive eth_call per reserve (raw/eth/gap-2026-10-07/top5-risk/aave_legs_raw.json)
avant,0x6cc60a0b57bc882a0471980d0e2d4ad7ddf3c4bd@SparkV3,2025-10,debt_usd:USDT,25063.894521,USD (protocol oracle),archive eth_call per reserve (raw/eth/gap-2026-10-07/top5-risk/aave_legs_raw.json)
avant,0x6cc60a0b57bc882a0471980d0e2d4ad7ddf3c4bd@SparkV3,2025-10,borrow_rate:USDT,0.03658734,APR fraction (reserve variable rate),archive eth_call per reserve (raw/eth/gap-2026-10-07/top5-risk/aave_legs_raw.json)
avant,0x6cc60a0b57bc882a0471980d0e2d4ad7ddf3c4bd@SparkV3,2025-10,debt_usd:PYUSD,3301999.789678,USD (protocol oracle),archive eth_call per reserve (raw/eth/gap-2026-10-07/top5-risk/aave_legs_raw.json)
avant,0x6cc60a0b57bc882a0471980d0e2d4ad7ddf3c4bd@SparkV3,2025-10,borrow_rate:PYUSD,0.04141929,APR fraction (reserve variable rate),archive eth_call per reserve (raw/eth/gap-2026-10-07/top5-risk/aave_legs_raw.json)
avant,0x6cc60a0b57bc882a0471980d0e2d4ad7ddf3c4bd@SparkV3,2025-10,dollar_debt_usd,4327692.569042,USD (protocol oracle),archive eth_call per reserve (raw/eth/gap-2026-10-07/top5-risk/aave_legs_raw.json)
avant,0x6cc60a0b57bc882a0471980d0e2d4ad7ddf3c4bd@SparkV3,2025-10,dollar_debt_usd_prior_dataset,3301999.789678,USD,data/eth/economic-dollar-loans.csv (reused leg debt and quoted APR)
avant,0x6cc60a0b57bc882a0471980d0e2d4ad7ddf3c4bd@SparkV3,2025-10,borrow_rate_debt_weighted,0.04429889,APR fraction,archive eth_call per reserve (raw/eth/gap-2026-10-07/top5-risk/aave_legs_raw.json)
avant,0x6cc60a0b57bc882a0471980d0e2d4ad7ddf3c4bd@SparkV3,2025-10,ltv,0.52723514,fraction,archive eth_call @ month-end block (raw/eth/gap-2026-10-07/top5-risk/positions_raw.json)
avant,0x6cc60a0b57bc882a0471980d0e2d4ad7ddf3c4bd@SparkV3,2025-10,health_factor,1.53897178,ratio,archive eth_call @ month-end block (raw/eth/gap-2026-10-07/top5-risk/positions_raw.json)
avant,0x6cc60a0b57bc882a0471980d0e2d4ad7ddf3c4bd@SparkV3,2025-10,dollar_share_of_account_debt,1.0,fraction,derived
avant,0x6cc60a0b57bc882a0471980d0e2d4ad7ddf3c4bd@SparkV3,2025-10,liquidation_threshold,0.8114,fraction (weighted),archive eth_call @ month-end block (raw/eth/gap-2026-10-07/top5-risk/positions_raw.json)
destinations,stcUSD,2025-10,share_price,1.02766965,asset per share,archive eth_call @ month-end block (raw/eth/gap-2026-10-07/top5-risk/positions_raw.json)
destinations,stcUSD,2025-10,parking_yield_apr_month,0.08316359,"APR fraction (simple, since previous sample)",derived from share_price
destinations,curve_ebUSD_USDC,2025-10,share_price,1.00241562,asset per share,archive eth_call @ month-end block (raw/eth/gap-2026-10-07/top5-risk/positions_raw.json)
destinations,curve_ebUSD_USDC,2025-10,parking_yield_apr_month,0.00642369,"APR fraction (simple, since previous sample)",derived from share_price
avant,ALL,2025-10,collateral_usd,8208277.95513871,USD (dollar-debt share of account collateral),derived
avant,ALL,2025-10,dollar_debt_usd,4327692.569042,USD,derived
avant,ALL,2025-10,ltv,0.52723514,fraction,derived
avant,ALL,2025-10,liquidation_threshold,0.8114,fraction (collateral-weighted),derived
avant,ALL,2025-10,health_factor,1.53897178,ratio (aggregate),derived
avant,ALL,2025-10,borrow_rate_debt_weighted,0.04429889,APR fraction,derived
all,chainlink:ETH/USD,2025-11,eth_usd,3004.67,USD,archive eth_call @ month-end block (raw/eth/gap-2026-10-07/top5-risk/positions_raw.json)
lido-earn,0x181cb55f872450d16ae858d532b4e35e50eaa76d@AaveV3,2025-11,collateral_usd,15561252.91483029,USD (protocol oracle),archive eth_call @ month-end block (raw/eth/gap-2026-10-07/top5-risk/positions_raw.json)
lido-earn,0x181cb55f872450d16ae858d532b4e35e50eaa76d@AaveV3,2025-11,collateral_usd:wstETH,15561252.91483029,USD (protocol oracle),archive eth_call per reserve (raw/eth/gap-2026-10-07/top5-risk/aave_legs_raw.json)
lido-earn,0x181cb55f872450d16ae858d532b4e35e50eaa76d@AaveV3,2025-11,debt_usd_account_total,8012010.52477175,USD (protocol oracle),archive eth_call @ month-end block (raw/eth/gap-2026-10-07/top5-risk/positions_raw.json)
lido-earn,0x181cb55f872450d16ae858d532b4e35e50eaa76d@AaveV3,2025-11,debt_usd:USDC,8012010.52477174,USD (protocol oracle),archive eth_call per reserve (raw/eth/gap-2026-10-07/top5-risk/aave_legs_raw.json)
lido-earn,0x181cb55f872450d16ae858d532b4e35e50eaa76d@AaveV3,2025-11,borrow_rate:USDC,0.04783045,APR fraction (reserve variable rate),archive eth_call per reserve (raw/eth/gap-2026-10-07/top5-risk/aave_legs_raw.json)
lido-earn,0x181cb55f872450d16ae858d532b4e35e50eaa76d@AaveV3,2025-11,dollar_debt_usd,8012010.52477174,USD (protocol oracle),archive eth_call per reserve (raw/eth/gap-2026-10-07/top5-risk/aave_legs_raw.json)
lido-earn,0x181cb55f872450d16ae858d532b4e35e50eaa76d@AaveV3,2025-11,dollar_debt_usd_prior_dataset,0,USD,data/eth/economic-dollar-loans.csv (reused leg debt and quoted APR)
lido-earn,0x181cb55f872450d16ae858d532b4e35e50eaa76d@AaveV3,2025-11,borrow_rate_debt_weighted,0.04783045,APR fraction,archive eth_call per reserve (raw/eth/gap-2026-10-07/top5-risk/aave_legs_raw.json)
lido-earn,0x181cb55f872450d16ae858d532b4e35e50eaa76d@AaveV3,2025-11,ltv,0.51486924,fraction,archive eth_call @ month-end block (raw/eth/gap-2026-10-07/top5-risk/positions_raw.json)
lido-earn,0x181cb55f872450d16ae858d532b4e35e50eaa76d@AaveV3,2025-11,health_factor,1.57321497,ratio,archive eth_call @ month-end block (raw/eth/gap-2026-10-07/top5-risk/positions_raw.json)
lido-earn,0x181cb55f872450d16ae858d532b4e35e50eaa76d@AaveV3,2025-11,dollar_share_of_account_debt,1.0,fraction,derived
lido-earn,0x181cb55f872450d16ae858d532b4e35e50eaa76d@AaveV3,2025-11,liquidation_threshold,0.81,fraction (weighted),archive eth_call @ month-end block (raw/eth/gap-2026-10-07/top5-risk/positions_raw.json)
lido-earn,0x9938a09fea37ba681a1bd53d33ddde2debec1da0@AaveV3,2025-11,collateral_usd,43570514.9600032,USD (protocol oracle),archive eth_call @ month-end block (raw/eth/gap-2026-10-07/top5-risk/positions_raw.json)
lido-earn,0x9938a09fea37ba681a1bd53d33ddde2debec1da0@AaveV3,2025-11,collateral_usd:USDe,21770914.96891336,USD (protocol oracle),archive eth_call per reserve (raw/eth/gap-2026-10-07/top5-risk/aave_legs_raw.json)
lido-earn,0x9938a09fea37ba681a1bd53d33ddde2debec1da0@AaveV3,2025-11,collateral_usd:sUSDe,21799599.99108984,USD (protocol oracle),archive eth_call per reserve (raw/eth/gap-2026-10-07/top5-risk/aave_legs_raw.json)
lido-earn,0x9938a09fea37ba681a1bd53d33ddde2debec1da0@AaveV3,2025-11,debt_usd_account_total,35450839.62482014,USD (protocol oracle),archive eth_call @ month-end block (raw/eth/gap-2026-10-07/top5-risk/positions_raw.json)
lido-earn,0x9938a09fea37ba681a1bd53d33ddde2debec1da0@AaveV3,2025-11,debt_usd:USDC,34549033.47768978,USD (protocol oracle),archive eth_call per reserve (raw/eth/gap-2026-10-07/top5-risk/aave_legs_raw.json)
lido-earn,0x9938a09fea37ba681a1bd53d33ddde2debec1da0@AaveV3,2025-11,borrow_rate:USDC,0.04783045,APR fraction (reserve variable rate),archive eth_call per reserve (raw/eth/gap-2026-10-07/top5-risk/aave_legs_raw.json)
lido-earn,0x9938a09fea37ba681a1bd53d33ddde2debec1da0@AaveV3,2025-11,debt_usd:USDT,901806.14713036,USD (protocol oracle),archive eth_call per reserve (raw/eth/gap-2026-10-07/top5-risk/aave_legs_raw.json)
lido-earn,0x9938a09fea37ba681a1bd53d33ddde2debec1da0@AaveV3,2025-11,borrow_rate:USDT,0.04523573,APR fraction (reserve variable rate),archive eth_call per reserve (raw/eth/gap-2026-10-07/top5-risk/aave_legs_raw.json)
lido-earn,0x9938a09fea37ba681a1bd53d33ddde2debec1da0@AaveV3,2025-11,dollar_debt_usd,35450839.62482014,USD (protocol oracle),archive eth_call per reserve (raw/eth/gap-2026-10-07/top5-risk/aave_legs_raw.json)
lido-earn,0x9938a09fea37ba681a1bd53d33ddde2debec1da0@AaveV3,2025-11,dollar_debt_usd_prior_dataset,34554562.207643,USD,data/eth/economic-dollar-loans.csv (reused leg debt and quoted APR)
lido-earn,0x9938a09fea37ba681a1bd53d33ddde2debec1da0@AaveV3,2025-11,borrow_rate_debt_weighted,0.04776445,APR fraction,archive eth_call per reserve (raw/eth/gap-2026-10-07/top5-risk/aave_legs_raw.json)
lido-earn,0x9938a09fea37ba681a1bd53d33ddde2debec1da0@AaveV3,2025-11,ltv,0.81364289,fraction,archive eth_call @ month-end block (raw/eth/gap-2026-10-07/top5-risk/positions_raw.json)
lido-earn,0x9938a09fea37ba681a1bd53d33ddde2debec1da0@AaveV3,2025-11,health_factor,1.13071719,ratio,archive eth_call @ month-end block (raw/eth/gap-2026-10-07/top5-risk/positions_raw.json)
lido-earn,0x9938a09fea37ba681a1bd53d33ddde2debec1da0@AaveV3,2025-11,dollar_share_of_account_debt,1.0,fraction,derived
lido-earn,0x9938a09fea37ba681a1bd53d33ddde2debec1da0@AaveV3,2025-11,liquidation_threshold,0.92,fraction (weighted),archive eth_call @ month-end block (raw/eth/gap-2026-10-07/top5-risk/positions_raw.json)
lido-earn,0x9938a09fea37ba681a1bd53d33ddde2debec1da0@AaveV3,2025-11,classification,1,"flag: USDe/sUSDe e-mode stable loop, excluded from ALL",getUserConfiguration/getUserEMode
avant,0x6cc60a0b57bc882a0471980d0e2d4ad7ddf3c4bd@SparkV3,2025-11,collateral_usd,5613447.42218653,USD (protocol oracle),archive eth_call @ month-end block (raw/eth/gap-2026-10-07/top5-risk/positions_raw.json)
avant,0x6cc60a0b57bc882a0471980d0e2d4ad7ddf3c4bd@SparkV3,2025-11,collateral_usd:WETH,435052.79066725,USD (protocol oracle),archive eth_call per reserve (raw/eth/gap-2026-10-07/top5-risk/aave_legs_raw.json)
avant,0x6cc60a0b57bc882a0471980d0e2d4ad7ddf3c4bd@SparkV3,2025-11,collateral_usd:weETH,5178394.63151928,USD (protocol oracle),archive eth_call per reserve (raw/eth/gap-2026-10-07/top5-risk/aave_legs_raw.json)
avant,0x6cc60a0b57bc882a0471980d0e2d4ad7ddf3c4bd@SparkV3,2025-11,debt_usd_account_total,3103939.446243,USD (protocol oracle),archive eth_call @ month-end block (raw/eth/gap-2026-10-07/top5-risk/positions_raw.json)
avant,0x6cc60a0b57bc882a0471980d0e2d4ad7ddf3c4bd@SparkV3,2025-11,debt_usd:USDC,1195334.578875,USD (protocol oracle),archive eth_call per reserve (raw/eth/gap-2026-10-07/top5-risk/aave_legs_raw.json)
avant,0x6cc60a0b57bc882a0471980d0e2d4ad7ddf3c4bd@SparkV3,2025-11,borrow_rate:USDC,0.05002581,APR fraction (reserve variable rate),archive eth_call per reserve (raw/eth/gap-2026-10-07/top5-risk/aave_legs_raw.json)
avant,0x6cc60a0b57bc882a0471980d0e2d4ad7ddf3c4bd@SparkV3,2025-11,debt_usd:USDT,1908604.867368,USD (protocol oracle),archive eth_call per reserve (raw/eth/gap-2026-10-07/top5-risk/aave_legs_raw.json)
avant,0x6cc60a0b57bc882a0471980d0e2d4ad7ddf3c4bd@SparkV3,2025-11,borrow_rate:USDT,0.04993072,APR fraction (reserve variable rate),archive eth_call per reserve (raw/eth/gap-2026-10-07/top5-risk/aave_legs_raw.json)
avant,0x6cc60a0b57bc882a0471980d0e2d4ad7ddf3c4bd@SparkV3,2025-11,dollar_debt_usd,3103939.446243,USD (protocol oracle),archive eth_call per reserve (raw/eth/gap-2026-10-07/top5-risk/aave_legs_raw.json)
avant,0x6cc60a0b57bc882a0471980d0e2d4ad7ddf3c4bd@SparkV3,2025-11,dollar_debt_usd_prior_dataset,0,USD,data/eth/economic-dollar-loans.csv (reused leg debt and quoted APR)
avant,0x6cc60a0b57bc882a0471980d0e2d4ad7ddf3c4bd@SparkV3,2025-11,borrow_rate_debt_weighted,0.04996734,APR fraction,archive eth_call per reserve (raw/eth/gap-2026-10-07/top5-risk/aave_legs_raw.json)
avant,0x6cc60a0b57bc882a0471980d0e2d4ad7ddf3c4bd@SparkV3,2025-11,ltv,0.5529471,fraction,archive eth_call @ month-end block (raw/eth/gap-2026-10-07/top5-risk/positions_raw.json)
avant,0x6cc60a0b57bc882a0471980d0e2d4ad7ddf3c4bd@SparkV3,2025-11,health_factor,1.45511208,ratio,archive eth_call @ month-end block (raw/eth/gap-2026-10-07/top5-risk/positions_raw.json)
avant,0x6cc60a0b57bc882a0471980d0e2d4ad7ddf3c4bd@SparkV3,2025-11,dollar_share_of_account_debt,1.0,fraction,derived
avant,0x6cc60a0b57bc882a0471980d0e2d4ad7ddf3c4bd@SparkV3,2025-11,liquidation_threshold,0.8046,fraction (weighted),archive eth_call @ month-end block (raw/eth/gap-2026-10-07/top5-risk/positions_raw.json)
destinations,stcUSD,2025-11,share_price,1.0360205,asset per share,archive eth_call @ month-end block (raw/eth/gap-2026-10-07/top5-risk/positions_raw.json)
destinations,stcUSD,2025-11,parking_yield_apr_month,0.09886636,"APR fraction (simple, since previous sample)",derived from share_price
destinations,curve_ebUSD_USDC,2025-11,share_price,1.00282768,asset per share,archive eth_call @ month-end block (raw/eth/gap-2026-10-07/top5-risk/positions_raw.json)
destinations,curve_ebUSD_USDC,2025-11,parking_yield_apr_month,0.00500138,"APR fraction (simple, since previous sample)",derived from share_price
lido-earn,ALL,2025-11,collateral_usd,15561252.91483028,USD (dollar-debt share of account collateral),derived
lido-earn,ALL,2025-11,dollar_debt_usd,8012010.52477174,USD,derived
lido-earn,ALL,2025-11,ltv,0.51486924,fraction,derived
lido-earn,ALL,2025-11,liquidation_threshold,0.81,fraction (collateral-weighted),derived
lido-earn,ALL,2025-11,health_factor,1.57321497,ratio (aggregate),derived
lido-earn,ALL,2025-11,borrow_rate_debt_weighted,0.04783045,APR fraction,derived
avant,ALL,2025-11,collateral_usd,5613447.42218653,USD (dollar-debt share of account collateral),derived
avant,ALL,2025-11,dollar_debt_usd,3103939.446243,USD,derived
avant,ALL,2025-11,ltv,0.5529471,fraction,derived
avant,ALL,2025-11,liquidation_threshold,0.8046,fraction (collateral-weighted),derived
avant,ALL,2025-11,health_factor,1.45511208,ratio (aggregate),derived
avant,ALL,2025-11,borrow_rate_debt_weighted,0.04996734,APR fraction,derived
all,chainlink:ETH/USD,2025-12,eth_usd,2970.64,USD,archive eth_call @ month-end block (raw/eth/gap-2026-10-07/top5-risk/positions_raw.json)
lido-earn,0x181cb55f872450d16ae858d532b4e35e50eaa76d@AaveV3,2025-12,collateral_usd,50030448.15694709,USD (protocol oracle),archive eth_call @ month-end block (raw/eth/gap-2026-10-07/top5-risk/positions_raw.json)
lido-earn,0x181cb55f872450d16ae858d532b4e35e50eaa76d@AaveV3,2025-12,collateral_usd:wstETH,50030448.1569471,USD (protocol oracle),archive eth_call per reserve (raw/eth/gap-2026-10-07/top5-risk/aave_legs_raw.json)
lido-earn,0x181cb55f872450d16ae858d532b4e35e50eaa76d@AaveV3,2025-12,debt_usd_account_total,27200528.00700107,USD (protocol oracle),archive eth_call @ month-end block (raw/eth/gap-2026-10-07/top5-risk/positions_raw.json)
lido-earn,0x181cb55f872450d16ae858d532b4e35e50eaa76d@AaveV3,2025-12,debt_usd:USDC,19002392.10000722,USD (protocol oracle),archive eth_call per reserve (raw/eth/gap-2026-10-07/top5-risk/aave_legs_raw.json)
lido-earn,0x181cb55f872450d16ae858d532b4e35e50eaa76d@AaveV3,2025-12,borrow_rate:USDC,0.04774713,APR fraction (reserve variable rate),archive eth_call per reserve (raw/eth/gap-2026-10-07/top5-risk/aave_legs_raw.json)
lido-earn,0x181cb55f872450d16ae858d532b4e35e50eaa76d@AaveV3,2025-12,debt_usd:USDT,0.85490631,USD (protocol oracle),archive eth_call per reserve (raw/eth/gap-2026-10-07/top5-risk/aave_legs_raw.json)
lido-earn,0x181cb55f872450d16ae858d532b4e35e50eaa76d@AaveV3,2025-12,borrow_rate:USDT,0.04655692,APR fraction (reserve variable rate),archive eth_call per reserve (raw/eth/gap-2026-10-07/top5-risk/aave_legs_raw.json)
lido-earn,0x181cb55f872450d16ae858d532b4e35e50eaa76d@AaveV3,2025-12,debt_usd:USDe,8198135.05208753,USD (protocol oracle),archive eth_call per reserve (raw/eth/gap-2026-10-07/top5-risk/aave_legs_raw.json)
lido-earn,0x181cb55f872450d16ae858d532b4e35e50eaa76d@AaveV3,2025-12,borrow_rate:USDe,0.03520079,APR fraction (reserve variable rate),archive eth_call per reserve (raw/eth/gap-2026-10-07/top5-risk/aave_legs_raw.json)
lido-earn,0x181cb55f872450d16ae858d532b4e35e50eaa76d@AaveV3,2025-12,dollar_debt_usd,27200528.00700106,USD (protocol oracle),archive eth_call per reserve (raw/eth/gap-2026-10-07/top5-risk/aave_legs_raw.json)
lido-earn,0x181cb55f872450d16ae858d532b4e35e50eaa76d@AaveV3,2025-12,dollar_debt_usd_prior_dataset,0.855942,USD,data/eth/economic-dollar-loans.csv (reused leg debt and quoted APR)
lido-earn,0x181cb55f872450d16ae858d532b4e35e50eaa76d@AaveV3,2025-12,borrow_rate_debt_weighted,0.04396571,APR fraction,archive eth_call per reserve (raw/eth/gap-2026-10-07/top5-risk/aave_legs_raw.json)
lido-earn,0x181cb55f872450d16ae858d532b4e35e50eaa76d@AaveV3,2025-12,ltv,0.54367948,fraction,archive eth_call @ month-end block (raw/eth/gap-2026-10-07/top5-risk/positions_raw.json)
lido-earn,0x181cb55f872450d16ae858d532b4e35e50eaa76d@AaveV3,2025-12,health_factor,1.4898484,ratio,archive eth_call @ month-end block (raw/eth/gap-2026-10-07/top5-risk/positions_raw.json)
lido-earn,0x181cb55f872450d16ae858d532b4e35e50eaa76d@AaveV3,2025-12,dollar_share_of_account_debt,1.0,fraction,derived
lido-earn,0x181cb55f872450d16ae858d532b4e35e50eaa76d@AaveV3,2025-12,liquidation_threshold,0.81,fraction (weighted),archive eth_call @ month-end block (raw/eth/gap-2026-10-07/top5-risk/positions_raw.json)
lido-earn,0x9938a09fea37ba681a1bd53d33ddde2debec1da0@AaveV3,2025-12,collateral_usd,51709303.15047406,USD (protocol oracle),archive eth_call @ month-end block (raw/eth/gap-2026-10-07/top5-risk/positions_raw.json)
lido-earn,0x9938a09fea37ba681a1bd53d33ddde2debec1da0@AaveV3,2025-12,collateral_usd:USDe,25844651.33372457,USD (protocol oracle),archive eth_call per reserve (raw/eth/gap-2026-10-07/top5-risk/aave_legs_raw.json)
lido-earn,0x9938a09fea37ba681a1bd53d33ddde2debec1da0@AaveV3,2025-12,collateral_usd:sUSDe,25864651.8167495,USD (protocol oracle),archive eth_call per reserve (raw/eth/gap-2026-10-07/top5-risk/aave_legs_raw.json)
lido-earn,0x9938a09fea37ba681a1bd53d33ddde2debec1da0@AaveV3,2025-12,debt_usd_account_total,42770737.52418731,USD (protocol oracle),archive eth_call @ month-end block (raw/eth/gap-2026-10-07/top5-risk/positions_raw.json)
lido-earn,0x9938a09fea37ba681a1bd53d33ddde2debec1da0@AaveV3,2025-12,debt_usd:USDC,42770736.58702164,USD (protocol oracle),archive eth_call per reserve (raw/eth/gap-2026-10-07/top5-risk/aave_legs_raw.json)
lido-earn,0x9938a09fea37ba681a1bd53d33ddde2debec1da0@AaveV3,2025-12,borrow_rate:USDC,0.04774713,APR fraction (reserve variable rate),archive eth_call per reserve (raw/eth/gap-2026-10-07/top5-risk/aave_legs_raw.json)
lido-earn,0x9938a09fea37ba681a1bd53d33ddde2debec1da0@AaveV3,2025-12,debt_usd:USDT,0.93716566,USD (protocol oracle),archive eth_call per reserve (raw/eth/gap-2026-10-07/top5-risk/aave_legs_raw.json)
lido-earn,0x9938a09fea37ba681a1bd53d33ddde2debec1da0@AaveV3,2025-12,borrow_rate:USDT,0.04655692,APR fraction (reserve variable rate),archive eth_call per reserve (raw/eth/gap-2026-10-07/top5-risk/aave_legs_raw.json)
lido-earn,0x9938a09fea37ba681a1bd53d33ddde2debec1da0@AaveV3,2025-12,dollar_debt_usd,42770737.5241873,USD (protocol oracle),archive eth_call per reserve (raw/eth/gap-2026-10-07/top5-risk/aave_legs_raw.json)
lido-earn,0x9938a09fea37ba681a1bd53d33ddde2debec1da0@AaveV3,2025-12,dollar_debt_usd_prior_dataset,42781859.870588,USD,data/eth/economic-dollar-loans.csv (reused leg debt and quoted APR)
lido-earn,0x9938a09fea37ba681a1bd53d33ddde2debec1da0@AaveV3,2025-12,borrow_rate_debt_weighted,0.04774713,APR fraction,archive eth_call per reserve (raw/eth/gap-2026-10-07/top5-risk/aave_legs_raw.json)
lido-earn,0x9938a09fea37ba681a1bd53d33ddde2debec1da0@AaveV3,2025-12,ltv,0.82713815,fraction,archive eth_call @ month-end block (raw/eth/gap-2026-10-07/top5-risk/positions_raw.json)
lido-earn,0x9938a09fea37ba681a1bd53d33ddde2debec1da0@AaveV3,2025-12,health_factor,1.11226885,ratio,archive eth_call @ month-end block (raw/eth/gap-2026-10-07/top5-risk/positions_raw.json)
lido-earn,0x9938a09fea37ba681a1bd53d33ddde2debec1da0@AaveV3,2025-12,dollar_share_of_account_debt,1.0,fraction,derived
lido-earn,0x9938a09fea37ba681a1bd53d33ddde2debec1da0@AaveV3,2025-12,liquidation_threshold,0.92,fraction (weighted),archive eth_call @ month-end block (raw/eth/gap-2026-10-07/top5-risk/positions_raw.json)
lido-earn,0x9938a09fea37ba681a1bd53d33ddde2debec1da0@AaveV3,2025-12,classification,1,"flag: USDe/sUSDe e-mode stable loop, excluded from ALL",getUserConfiguration/getUserEMode
avant,0x6cc60a0b57bc882a0471980d0e2d4ad7ddf3c4bd@SparkV3,2025-12,collateral_usd,7844717.66094958,USD (protocol oracle),archive eth_call @ month-end block (raw/eth/gap-2026-10-07/top5-risk/positions_raw.json)
avant,0x6cc60a0b57bc882a0471980d0e2d4ad7ddf3c4bd@SparkV3,2025-12,collateral_usd:weETH,7844717.66094958,USD (protocol oracle),archive eth_call per reserve (raw/eth/gap-2026-10-07/top5-risk/aave_legs_raw.json)
avant,0x6cc60a0b57bc882a0471980d0e2d4ad7ddf3c4bd@SparkV3,2025-12,debt_usd_account_total,2891287.65672,USD (protocol oracle),archive eth_call @ month-end block (raw/eth/gap-2026-10-07/top5-risk/positions_raw.json)
avant,0x6cc60a0b57bc882a0471980d0e2d4ad7ddf3c4bd@SparkV3,2025-12,debt_usd:USDC,925451.25152,USD (protocol oracle),archive eth_call per reserve (raw/eth/gap-2026-10-07/top5-risk/aave_legs_raw.json)
avant,0x6cc60a0b57bc882a0471980d0e2d4ad7ddf3c4bd@SparkV3,2025-12,borrow_rate:USDC,0.04861419,APR fraction (reserve variable rate),archive eth_call per reserve (raw/eth/gap-2026-10-07/top5-risk/aave_legs_raw.json)
avant,0x6cc60a0b57bc882a0471980d0e2d4ad7ddf3c4bd@SparkV3,2025-12,debt_usd:USDT,1965836.4052,USD (protocol oracle),archive eth_call per reserve (raw/eth/gap-2026-10-07/top5-risk/aave_legs_raw.json)
avant,0x6cc60a0b57bc882a0471980d0e2d4ad7ddf3c4bd@SparkV3,2025-12,borrow_rate:USDT,0.04546891,APR fraction (reserve variable rate),archive eth_call per reserve (raw/eth/gap-2026-10-07/top5-risk/aave_legs_raw.json)
avant,0x6cc60a0b57bc882a0471980d0e2d4ad7ddf3c4bd@SparkV3,2025-12,dollar_debt_usd,2891287.65672,USD (protocol oracle),archive eth_call per reserve (raw/eth/gap-2026-10-07/top5-risk/aave_legs_raw.json)
avant,0x6cc60a0b57bc882a0471980d0e2d4ad7ddf3c4bd@SparkV3,2025-12,dollar_debt_usd_prior_dataset,0,USD,data/eth/economic-dollar-loans.csv (reused leg debt and quoted APR)
avant,0x6cc60a0b57bc882a0471980d0e2d4ad7ddf3c4bd@SparkV3,2025-12,borrow_rate_debt_weighted,0.04647566,APR fraction,archive eth_call per reserve (raw/eth/gap-2026-10-07/top5-risk/aave_legs_raw.json)
avant,0x6cc60a0b57bc882a0471980d0e2d4ad7ddf3c4bd@SparkV3,2025-12,ltv,0.36856491,fraction,archive eth_call @ month-end block (raw/eth/gap-2026-10-07/top5-risk/positions_raw.json)
avant,0x6cc60a0b57bc882a0471980d0e2d4ad7ddf3c4bd@SparkV3,2025-12,health_factor,2.17058103,ratio,archive eth_call @ month-end block (raw/eth/gap-2026-10-07/top5-risk/positions_raw.json)
avant,0x6cc60a0b57bc882a0471980d0e2d4ad7ddf3c4bd@SparkV3,2025-12,dollar_share_of_account_debt,1.0,fraction,derived
avant,0x6cc60a0b57bc882a0471980d0e2d4ad7ddf3c4bd@SparkV3,2025-12,liquidation_threshold,0.8,fraction (weighted),archive eth_call @ month-end block (raw/eth/gap-2026-10-07/top5-risk/positions_raw.json)
destinations,stcUSD,2025-12,share_price,1.04130541,asset per share,archive eth_call @ month-end block (raw/eth/gap-2026-10-07/top5-risk/positions_raw.json)
destinations,stcUSD,2025-12,parking_yield_apr_month,0.06006211,"APR fraction (simple, since previous sample)",derived from share_price
destinations,curve_ebUSD_USDC,2025-12,share_price,1.00318367,asset per share,archive eth_call @ month-end block (raw/eth/gap-2026-10-07/top5-risk/positions_raw.json)
destinations,curve_ebUSD_USDC,2025-12,parking_yield_apr_month,0.00417957,"APR fraction (simple, since previous sample)",derived from share_price
lido-earn,ALL,2025-12,collateral_usd,50030448.15694707,USD (dollar-debt share of account collateral),derived
lido-earn,ALL,2025-12,dollar_debt_usd,27200528.00700106,USD,derived
lido-earn,ALL,2025-12,ltv,0.54367948,fraction,derived
lido-earn,ALL,2025-12,liquidation_threshold,0.81,fraction (collateral-weighted),derived
lido-earn,ALL,2025-12,health_factor,1.4898484,ratio (aggregate),derived
lido-earn,ALL,2025-12,borrow_rate_debt_weighted,0.04396571,APR fraction,derived
avant,ALL,2025-12,collateral_usd,7844717.66094958,USD (dollar-debt share of account collateral),derived
avant,ALL,2025-12,dollar_debt_usd,2891287.65672,USD,derived
avant,ALL,2025-12,ltv,0.36856491,fraction,derived
avant,ALL,2025-12,liquidation_threshold,0.8,fraction (collateral-weighted),derived
avant,ALL,2025-12,health_factor,2.17058103,ratio (aggregate),derived
avant,ALL,2025-12,borrow_rate_debt_weighted,0.04647566,APR fraction,derived
all,chainlink:ETH/USD,2026-01,eth_usd,2441.82742641,USD,archive eth_call @ month-end block (raw/eth/gap-2026-10-07/top5-risk/positions_raw.json)
lido-earn,0x181cb55f872450d16ae858d532b4e35e50eaa76d@AaveV3,2026-01,collateral_usd,50208807.01423673,USD (protocol oracle),archive eth_call @ month-end block (raw/eth/gap-2026-10-07/top5-risk/positions_raw.json)
lido-earn,0x181cb55f872450d16ae858d532b4e35e50eaa76d@AaveV3,2026-01,collateral_usd:wstETH,50208807.01423673,USD (protocol oracle),archive eth_call per reserve (raw/eth/gap-2026-10-07/top5-risk/aave_legs_raw.json)
lido-earn,0x181cb55f872450d16ae858d532b4e35e50eaa76d@AaveV3,2026-01,debt_usd_account_total,27281582.20100115,USD (protocol oracle),archive eth_call @ month-end block (raw/eth/gap-2026-10-07/top5-risk/positions_raw.json)
lido-earn,0x181cb55f872450d16ae858d532b4e35e50eaa76d@AaveV3,2026-01,debt_usd:USDC,7260455.75464081,USD (protocol oracle),archive eth_call per reserve (raw/eth/gap-2026-10-07/top5-risk/aave_legs_raw.json)
lido-earn,0x181cb55f872450d16ae858d532b4e35e50eaa76d@AaveV3,2026-01,borrow_rate:USDC,0.04906982,APR fraction (reserve variable rate),archive eth_call per reserve (raw/eth/gap-2026-10-07/top5-risk/aave_legs_raw.json)
lido-earn,0x181cb55f872450d16ae858d532b4e35e50eaa76d@AaveV3,2026-01,debt_usd:USDe,20021126.44636033,USD (protocol oracle),archive eth_call per reserve (raw/eth/gap-2026-10-07/top5-risk/aave_legs_raw.json)
lido-earn,0x181cb55f872450d16ae858d532b4e35e50eaa76d@AaveV3,2026-01,borrow_rate:USDe,0.03100979,APR fraction (reserve variable rate),archive eth_call per reserve (raw/eth/gap-2026-10-07/top5-risk/aave_legs_raw.json)
lido-earn,0x181cb55f872450d16ae858d532b4e35e50eaa76d@AaveV3,2026-01,dollar_debt_usd,27281582.20100114,USD (protocol oracle),archive eth_call per reserve (raw/eth/gap-2026-10-07/top5-risk/aave_legs_raw.json)
lido-earn,0x181cb55f872450d16ae858d532b4e35e50eaa76d@AaveV3,2026-01,dollar_debt_usd_prior_dataset,0,USD,data/eth/economic-dollar-loans.csv (reused leg debt and quoted APR)
lido-earn,0x181cb55f872450d16ae858d532b4e35e50eaa76d@AaveV3,2026-01,borrow_rate_debt_weighted,0.03581611,APR fraction,archive eth_call per reserve (raw/eth/gap-2026-10-07/top5-risk/aave_legs_raw.json)
lido-earn,0x181cb55f872450d16ae858d532b4e35e50eaa76d@AaveV3,2026-01,ltv,0.54336249,fraction,archive eth_call @ month-end block (raw/eth/gap-2026-10-07/top5-risk/positions_raw.json)
lido-earn,0x181cb55f872450d16ae858d532b4e35e50eaa76d@AaveV3,2026-01,health_factor,1.49071756,ratio,archive eth_call @ month-end block (raw/eth/gap-2026-10-07/top5-risk/positions_raw.json)
lido-earn,0x181cb55f872450d16ae858d532b4e35e50eaa76d@AaveV3,2026-01,dollar_share_of_account_debt,1.0,fraction,derived
lido-earn,0x181cb55f872450d16ae858d532b4e35e50eaa76d@AaveV3,2026-01,liquidation_threshold,0.81,fraction (weighted),archive eth_call @ month-end block (raw/eth/gap-2026-10-07/top5-risk/positions_raw.json)
lido-earn,0x9938a09fea37ba681a1bd53d33ddde2debec1da0@AaveV3,2026-01,collateral_usd,51931478.74839871,USD (protocol oracle),archive eth_call @ month-end block (raw/eth/gap-2026-10-07/top5-risk/positions_raw.json)
lido-earn,0x9938a09fea37ba681a1bd53d33ddde2debec1da0@AaveV3,2026-01,collateral_usd:USDe,25974950.60132521,USD (protocol oracle),archive eth_call per reserve (raw/eth/gap-2026-10-07/top5-risk/aave_legs_raw.json)
lido-earn,0x9938a09fea37ba681a1bd53d33ddde2debec1da0@AaveV3,2026-01,collateral_usd:sUSDe,25956528.14707351,USD (protocol oracle),archive eth_call per reserve (raw/eth/gap-2026-10-07/top5-risk/aave_legs_raw.json)
lido-earn,0x9938a09fea37ba681a1bd53d33ddde2debec1da0@AaveV3,2026-01,debt_usd_account_total,43146673.86322269,USD (protocol oracle),archive eth_call @ month-end block (raw/eth/gap-2026-10-07/top5-risk/positions_raw.json)
lido-earn,0x9938a09fea37ba681a1bd53d33ddde2debec1da0@AaveV3,2026-01,debt_usd:USDC,43146673.86322269,USD (protocol oracle),archive eth_call per reserve (raw/eth/gap-2026-10-07/top5-risk/aave_legs_raw.json)
lido-earn,0x9938a09fea37ba681a1bd53d33ddde2debec1da0@AaveV3,2026-01,borrow_rate:USDC,0.04906982,APR fraction (reserve variable rate),archive eth_call per reserve (raw/eth/gap-2026-10-07/top5-risk/aave_legs_raw.json)
lido-earn,0x9938a09fea37ba681a1bd53d33ddde2debec1da0@AaveV3,2026-01,dollar_debt_usd,43146673.86322269,USD (protocol oracle),archive eth_call per reserve (raw/eth/gap-2026-10-07/top5-risk/aave_legs_raw.json)
lido-earn,0x9938a09fea37ba681a1bd53d33ddde2debec1da0@AaveV3,2026-01,dollar_debt_usd_prior_dataset,43154755.885905,USD,data/eth/economic-dollar-loans.csv (reused leg debt and quoted APR)
lido-earn,0x9938a09fea37ba681a1bd53d33ddde2debec1da0@AaveV3,2026-01,borrow_rate_debt_weighted,0.04906982,APR fraction,archive eth_call per reserve (raw/eth/gap-2026-10-07/top5-risk/aave_legs_raw.json)
lido-earn,0x9938a09fea37ba681a1bd53d33ddde2debec1da0@AaveV3,2026-01,ltv,0.83083854,fraction,archive eth_call @ month-end block (raw/eth/gap-2026-10-07/top5-risk/positions_raw.json)
lido-earn,0x9938a09fea37ba681a1bd53d33ddde2debec1da0@AaveV3,2026-01,health_factor,1.10731503,ratio,archive eth_call @ month-end block (raw/eth/gap-2026-10-07/top5-risk/positions_raw.json)
lido-earn,0x9938a09fea37ba681a1bd53d33ddde2debec1da0@AaveV3,2026-01,dollar_share_of_account_debt,1.0,fraction,derived
lido-earn,0x9938a09fea37ba681a1bd53d33ddde2debec1da0@AaveV3,2026-01,liquidation_threshold,0.92,fraction (weighted),archive eth_call @ month-end block (raw/eth/gap-2026-10-07/top5-risk/positions_raw.json)
lido-earn,0x9938a09fea37ba681a1bd53d33ddde2debec1da0@AaveV3,2026-01,classification,1,"flag: USDe/sUSDe e-mode stable loop, excluded from ALL",getUserConfiguration/getUserEMode
avant,0x6cc60a0b57bc882a0471980d0e2d4ad7ddf3c4bd@SparkV3,2026-01,collateral_usd,6296448.88077376,USD (protocol oracle),archive eth_call @ month-end block (raw/eth/gap-2026-10-07/top5-risk/positions_raw.json)
avant,0x6cc60a0b57bc882a0471980d0e2d4ad7ddf3c4bd@SparkV3,2026-01,collateral_usd:WETH,759482.40965423,USD (protocol oracle),archive eth_call per reserve (raw/eth/gap-2026-10-07/top5-risk/aave_legs_raw.json)
avant,0x6cc60a0b57bc882a0471980d0e2d4ad7ddf3c4bd@SparkV3,2026-01,collateral_usd:weETH,5536966.47111955,USD (protocol oracle),archive eth_call per reserve (raw/eth/gap-2026-10-07/top5-risk/aave_legs_raw.json)
avant,0x6cc60a0b57bc882a0471980d0e2d4ad7ddf3c4bd@SparkV3,2026-01,debt_usd_account_total,2357400.327836,USD (protocol oracle),archive eth_call @ month-end block (raw/eth/gap-2026-10-07/top5-risk/positions_raw.json)
avant,0x6cc60a0b57bc882a0471980d0e2d4ad7ddf3c4bd@SparkV3,2026-01,debt_usd:USDC,384409.295791,USD (protocol oracle),archive eth_call per reserve (raw/eth/gap-2026-10-07/top5-risk/aave_legs_raw.json)
avant,0x6cc60a0b57bc882a0471980d0e2d4ad7ddf3c4bd@SparkV3,2026-01,borrow_rate:USDC,0.0479933,APR fraction (reserve variable rate),archive eth_call per reserve (raw/eth/gap-2026-10-07/top5-risk/aave_legs_raw.json)
avant,0x6cc60a0b57bc882a0471980d0e2d4ad7ddf3c4bd@SparkV3,2026-01,debt_usd:USDT,1972991.032045,USD (protocol oracle),archive eth_call per reserve (raw/eth/gap-2026-10-07/top5-risk/aave_legs_raw.json)
avant,0x6cc60a0b57bc882a0471980d0e2d4ad7ddf3c4bd@SparkV3,2026-01,borrow_rate:USDT,0.04330786,APR fraction (reserve variable rate),archive eth_call per reserve (raw/eth/gap-2026-10-07/top5-risk/aave_legs_raw.json)
avant,0x6cc60a0b57bc882a0471980d0e2d4ad7ddf3c4bd@SparkV3,2026-01,dollar_debt_usd,2357400.327836,USD (protocol oracle),archive eth_call per reserve (raw/eth/gap-2026-10-07/top5-risk/aave_legs_raw.json)
avant,0x6cc60a0b57bc882a0471980d0e2d4ad7ddf3c4bd@SparkV3,2026-01,dollar_debt_usd_prior_dataset,0,USD,data/eth/economic-dollar-loans.csv (reused leg debt and quoted APR)
avant,0x6cc60a0b57bc882a0471980d0e2d4ad7ddf3c4bd@SparkV3,2026-01,borrow_rate_debt_weighted,0.04407189,APR fraction,archive eth_call per reserve (raw/eth/gap-2026-10-07/top5-risk/aave_legs_raw.json)
avant,0x6cc60a0b57bc882a0471980d0e2d4ad7ddf3c4bd@SparkV3,2026-01,ltv,0.37440157,fraction,archive eth_call @ month-end block (raw/eth/gap-2026-10-07/top5-risk/positions_raw.json)
avant,0x6cc60a0b57bc882a0471980d0e2d4ad7ddf3c4bd@SparkV3,2026-01,health_factor,2.15597388,ratio,archive eth_call @ month-end block (raw/eth/gap-2026-10-07/top5-risk/positions_raw.json)
avant,0x6cc60a0b57bc882a0471980d0e2d4ad7ddf3c4bd@SparkV3,2026-01,dollar_share_of_account_debt,1.0,fraction,derived
avant,0x6cc60a0b57bc882a0471980d0e2d4ad7ddf3c4bd@SparkV3,2026-01,liquidation_threshold,0.8072,fraction (weighted),archive eth_call @ month-end block (raw/eth/gap-2026-10-07/top5-risk/positions_raw.json)
destinations,stcUSD,2026-01,share_price,1.04721637,asset per share,archive eth_call @ month-end block (raw/eth/gap-2026-10-07/top5-risk/positions_raw.json)
destinations,stcUSD,2026-01,parking_yield_apr_month,0.06683613,"APR fraction (simple, since previous sample)",derived from share_price
destinations,curve_ebUSD_USDC,2026-01,share_price,1.00344945,asset per share,archive eth_call @ month-end block (raw/eth/gap-2026-10-07/top5-risk/positions_raw.json)
destinations,curve_ebUSD_USDC,2026-01,parking_yield_apr_month,0.00311953,"APR fraction (simple, since previous sample)",derived from share_price
lido-earn,ALL,2026-01,collateral_usd,50208807.01423673,USD (dollar-debt share of account collateral),derived
lido-earn,ALL,2026-01,dollar_debt_usd,27281582.20100114,USD,derived
lido-earn,ALL,2026-01,ltv,0.54336249,fraction,derived
lido-earn,ALL,2026-01,liquidation_threshold,0.81,fraction (collateral-weighted),derived
lido-earn,ALL,2026-01,health_factor,1.49071756,ratio (aggregate),derived
lido-earn,ALL,2026-01,borrow_rate_debt_weighted,0.03581611,APR fraction,derived
avant,ALL,2026-01,collateral_usd,6296448.88077376,USD (dollar-debt share of account collateral),derived
avant,ALL,2026-01,dollar_debt_usd,2357400.327836,USD,derived
avant,ALL,2026-01,ltv,0.37440157,fraction,derived
avant,ALL,2026-01,liquidation_threshold,0.8072,fraction (collateral-weighted),derived
avant,ALL,2026-01,health_factor,2.15597388,ratio (aggregate),derived
avant,ALL,2026-01,borrow_rate_debt_weighted,0.04407189,APR fraction,derived
all,chainlink:ETH/USD,2026-02,eth_usd,1961.880857,USD,archive eth_call @ month-end block (raw/eth/gap-2026-10-07/top5-risk/positions_raw.json)
lido-earn,0x181cb55f872450d16ae858d532b4e35e50eaa76d@AaveV3,2026-02,collateral_usd,15519202.97082015,USD (protocol oracle),archive eth_call @ month-end block (raw/eth/gap-2026-10-07/top5-risk/positions_raw.json)
lido-earn,0x181cb55f872450d16ae858d532b4e35e50eaa76d@AaveV3,2026-02,collateral_usd:wstETH,15519202.97082016,USD (protocol oracle),archive eth_call per reserve (raw/eth/gap-2026-10-07/top5-risk/aave_legs_raw.json)
lido-earn,0x181cb55f872450d16ae858d532b4e35e50eaa76d@AaveV3,2026-02,debt_usd_account_total,5825425.30343551,USD (protocol oracle),archive eth_call @ month-end block (raw/eth/gap-2026-10-07/top5-risk/positions_raw.json)
lido-earn,0x181cb55f872450d16ae858d532b4e35e50eaa76d@AaveV3,2026-02,debt_usd:USDC,9.61380086,USD (protocol oracle),archive eth_call per reserve (raw/eth/gap-2026-10-07/top5-risk/aave_legs_raw.json)
lido-earn,0x181cb55f872450d16ae858d532b4e35e50eaa76d@AaveV3,2026-02,borrow_rate:USDC,0.03558465,APR fraction (reserve variable rate),archive eth_call per reserve (raw/eth/gap-2026-10-07/top5-risk/aave_legs_raw.json)
lido-earn,0x181cb55f872450d16ae858d532b4e35e50eaa76d@AaveV3,2026-02,debt_usd:USDe,5825415.68963464,USD (protocol oracle),archive eth_call per reserve (raw/eth/gap-2026-10-07/top5-risk/aave_legs_raw.json)
lido-earn,0x181cb55f872450d16ae858d532b4e35e50eaa76d@AaveV3,2026-02,borrow_rate:USDe,0.02557341,APR fraction (reserve variable rate),archive eth_call per reserve (raw/eth/gap-2026-10-07/top5-risk/aave_legs_raw.json)
lido-earn,0x181cb55f872450d16ae858d532b4e35e50eaa76d@AaveV3,2026-02,dollar_debt_usd,5825425.3034355,USD (protocol oracle),archive eth_call per reserve (raw/eth/gap-2026-10-07/top5-risk/aave_legs_raw.json)
lido-earn,0x181cb55f872450d16ae858d532b4e35e50eaa76d@AaveV3,2026-02,dollar_debt_usd_prior_dataset,0,USD,data/eth/economic-dollar-loans.csv (reused leg debt and quoted APR)
lido-earn,0x181cb55f872450d16ae858d532b4e35e50eaa76d@AaveV3,2026-02,borrow_rate_debt_weighted,0.02557343,APR fraction,archive eth_call per reserve (raw/eth/gap-2026-10-07/top5-risk/aave_legs_raw.json)
lido-earn,0x181cb55f872450d16ae858d532b4e35e50eaa76d@AaveV3,2026-02,ltv,0.37536885,fraction,archive eth_call @ month-end block (raw/eth/gap-2026-10-07/top5-risk/positions_raw.json)
lido-earn,0x181cb55f872450d16ae858d532b4e35e50eaa76d@AaveV3,2026-02,health_factor,2.15787754,ratio,archive eth_call @ month-end block (raw/eth/gap-2026-10-07/top5-risk/positions_raw.json)
lido-earn,0x181cb55f872450d16ae858d532b4e35e50eaa76d@AaveV3,2026-02,dollar_share_of_account_debt,1.0,fraction,derived
lido-earn,0x181cb55f872450d16ae858d532b4e35e50eaa76d@AaveV3,2026-02,liquidation_threshold,0.81,fraction (weighted),archive eth_call @ month-end block (raw/eth/gap-2026-10-07/top5-risk/positions_raw.json)
lido-earn,0x9938a09fea37ba681a1bd53d33ddde2debec1da0@AaveV3,2026-02,collateral_usd,53203676.09364274,USD (protocol oracle),archive eth_call @ month-end block (raw/eth/gap-2026-10-07/top5-risk/positions_raw.json)
lido-earn,0x9938a09fea37ba681a1bd53d33ddde2debec1da0@AaveV3,2026-02,collateral_usd:USDe,26110689.81819449,USD (protocol oracle),archive eth_call per reserve (raw/eth/gap-2026-10-07/top5-risk/aave_legs_raw.json)
lido-earn,0x9938a09fea37ba681a1bd53d33ddde2debec1da0@AaveV3,2026-02,collateral_usd:sUSDe,27092986.27544826,USD (protocol oracle),archive eth_call per reserve (raw/eth/gap-2026-10-07/top5-risk/aave_legs_raw.json)
lido-earn,0x9938a09fea37ba681a1bd53d33ddde2debec1da0@AaveV3,2026-02,debt_usd_account_total,47348567.93833172,USD (protocol oracle),archive eth_call @ month-end block (raw/eth/gap-2026-10-07/top5-risk/positions_raw.json)
lido-earn,0x9938a09fea37ba681a1bd53d33ddde2debec1da0@AaveV3,2026-02,debt_usd:USDC,47348567.93833172,USD (protocol oracle),archive eth_call per reserve (raw/eth/gap-2026-10-07/top5-risk/aave_legs_raw.json)
lido-earn,0x9938a09fea37ba681a1bd53d33ddde2debec1da0@AaveV3,2026-02,borrow_rate:USDC,0.03558465,APR fraction (reserve variable rate),archive eth_call per reserve (raw/eth/gap-2026-10-07/top5-risk/aave_legs_raw.json)
lido-earn,0x9938a09fea37ba681a1bd53d33ddde2debec1da0@AaveV3,2026-02,dollar_debt_usd,47348567.93833172,USD (protocol oracle),archive eth_call per reserve (raw/eth/gap-2026-10-07/top5-risk/aave_legs_raw.json)
lido-earn,0x9938a09fea37ba681a1bd53d33ddde2debec1da0@AaveV3,2026-02,dollar_debt_usd_prior_dataset,47349041.428746,USD,data/eth/economic-dollar-loans.csv (reused leg debt and quoted APR)
lido-earn,0x9938a09fea37ba681a1bd53d33ddde2debec1da0@AaveV3,2026-02,borrow_rate_debt_weighted,0.03558465,APR fraction,archive eth_call per reserve (raw/eth/gap-2026-10-07/top5-risk/aave_legs_raw.json)
lido-earn,0x9938a09fea37ba681a1bd53d33ddde2debec1da0@AaveV3,2026-02,ltv,0.88994918,fraction,archive eth_call @ month-end block (raw/eth/gap-2026-10-07/top5-risk/positions_raw.json)
lido-earn,0x9938a09fea37ba681a1bd53d33ddde2debec1da0@AaveV3,2026-02,health_factor,1.03376689,ratio,archive eth_call @ month-end block (raw/eth/gap-2026-10-07/top5-risk/positions_raw.json)
lido-earn,0x9938a09fea37ba681a1bd53d33ddde2debec1da0@AaveV3,2026-02,dollar_share_of_account_debt,1.0,fraction,derived
lido-earn,0x9938a09fea37ba681a1bd53d33ddde2debec1da0@AaveV3,2026-02,liquidation_threshold,0.92,fraction (weighted),archive eth_call @ month-end block (raw/eth/gap-2026-10-07/top5-risk/positions_raw.json)
lido-earn,0x9938a09fea37ba681a1bd53d33ddde2debec1da0@AaveV3,2026-02,classification,1,"flag: USDe/sUSDe e-mode stable loop, excluded from ALL",getUserConfiguration/getUserEMode
avant,0x6cc60a0b57bc882a0471980d0e2d4ad7ddf3c4bd@SparkV3,2026-02,collateral_usd,7378313.96341354,USD (protocol oracle),archive eth_call @ month-end block (raw/eth/gap-2026-10-07/top5-risk/positions_raw.json)
avant,0x6cc60a0b57bc882a0471980d0e2d4ad7ddf3c4bd@SparkV3,2026-02,collateral_usd:WETH,2139365.6850207,USD (protocol oracle),archive eth_call per reserve (raw/eth/gap-2026-10-07/top5-risk/aave_legs_raw.json)
avant,0x6cc60a0b57bc882a0471980d0e2d4ad7ddf3c4bd@SparkV3,2026-02,collateral_usd:weETH,5238948.27839285,USD (protocol oracle),archive eth_call per reserve (raw/eth/gap-2026-10-07/top5-risk/aave_legs_raw.json)
avant,0x6cc60a0b57bc882a0471980d0e2d4ad7ddf3c4bd@SparkV3,2026-02,debt_usd_account_total,4304632.400765,USD (protocol oracle),archive eth_call @ month-end block (raw/eth/gap-2026-10-07/top5-risk/positions_raw.json)
avant,0x6cc60a0b57bc882a0471980d0e2d4ad7ddf3c4bd@SparkV3,2026-02,debt_usd:USDC,2175997.840525,USD (protocol oracle),archive eth_call per reserve (raw/eth/gap-2026-10-07/top5-risk/aave_legs_raw.json)
avant,0x6cc60a0b57bc882a0471980d0e2d4ad7ddf3c4bd@SparkV3,2026-02,borrow_rate:USDC,0.03335248,APR fraction (reserve variable rate),archive eth_call per reserve (raw/eth/gap-2026-10-07/top5-risk/aave_legs_raw.json)
avant,0x6cc60a0b57bc882a0471980d0e2d4ad7ddf3c4bd@SparkV3,2026-02,debt_usd:USDT,2128634.56024,USD (protocol oracle),archive eth_call per reserve (raw/eth/gap-2026-10-07/top5-risk/aave_legs_raw.json)
avant,0x6cc60a0b57bc882a0471980d0e2d4ad7ddf3c4bd@SparkV3,2026-02,borrow_rate:USDT,0.03422416,APR fraction (reserve variable rate),archive eth_call per reserve (raw/eth/gap-2026-10-07/top5-risk/aave_legs_raw.json)
avant,0x6cc60a0b57bc882a0471980d0e2d4ad7ddf3c4bd@SparkV3,2026-02,dollar_debt_usd,4304632.400765,USD (protocol oracle),archive eth_call per reserve (raw/eth/gap-2026-10-07/top5-risk/aave_legs_raw.json)
avant,0x6cc60a0b57bc882a0471980d0e2d4ad7ddf3c4bd@SparkV3,2026-02,dollar_debt_usd_prior_dataset,0,USD,data/eth/economic-dollar-loans.csv (reused leg debt and quoted APR)
avant,0x6cc60a0b57bc882a0471980d0e2d4ad7ddf3c4bd@SparkV3,2026-02,borrow_rate_debt_weighted,0.03378352,APR fraction,archive eth_call per reserve (raw/eth/gap-2026-10-07/top5-risk/aave_legs_raw.json)
avant,0x6cc60a0b57bc882a0471980d0e2d4ad7ddf3c4bd@SparkV3,2026-02,ltv,0.58341681,fraction,archive eth_call @ month-end block (raw/eth/gap-2026-10-07/top5-risk/positions_raw.json)
avant,0x6cc60a0b57bc882a0471980d0e2d4ad7ddf3c4bd@SparkV3,2026-02,health_factor,1.40088524,ratio,archive eth_call @ month-end block (raw/eth/gap-2026-10-07/top5-risk/positions_raw.json)
avant,0x6cc60a0b57bc882a0471980d0e2d4ad7ddf3c4bd@SparkV3,2026-02,dollar_share_of_account_debt,1.0,fraction,derived
avant,0x6cc60a0b57bc882a0471980d0e2d4ad7ddf3c4bd@SparkV3,2026-02,liquidation_threshold,0.8173,fraction (weighted),archive eth_call @ month-end block (raw/eth/gap-2026-10-07/top5-risk/positions_raw.json)
destinations,stcUSD,2026-02,share_price,1.05051374,asset per share,archive eth_call @ month-end block (raw/eth/gap-2026-10-07/top5-risk/positions_raw.json)
destinations,stcUSD,2026-02,parking_yield_apr_month,0.04104556,"APR fraction (simple, since previous sample)",derived from share_price
destinations,curve_ebUSD_USDC,2026-02,share_price,1.00475073,asset per share,archive eth_call @ month-end block (raw/eth/gap-2026-10-07/top5-risk/positions_raw.json)
destinations,curve_ebUSD_USDC,2026-02,parking_yield_apr_month,0.01690474,"APR fraction (simple, since previous sample)",derived from share_price
lido-earn,ALL,2026-02,collateral_usd,15519202.97082012,USD (dollar-debt share of account collateral),derived
lido-earn,ALL,2026-02,dollar_debt_usd,5825425.3034355,USD,derived
lido-earn,ALL,2026-02,ltv,0.37536885,fraction,derived
lido-earn,ALL,2026-02,liquidation_threshold,0.81,fraction (collateral-weighted),derived
lido-earn,ALL,2026-02,health_factor,2.15787754,ratio (aggregate),derived
lido-earn,ALL,2026-02,borrow_rate_debt_weighted,0.02557343,APR fraction,derived
avant,ALL,2026-02,collateral_usd,7378313.96341354,USD (dollar-debt share of account collateral),derived
avant,ALL,2026-02,dollar_debt_usd,4304632.400765,USD,derived
avant,ALL,2026-02,ltv,0.58341681,fraction,derived
avant,ALL,2026-02,liquidation_threshold,0.8173,fraction (collateral-weighted),derived
avant,ALL,2026-02,health_factor,1.40088524,ratio (aggregate),derived
avant,ALL,2026-02,borrow_rate_debt_weighted,0.03378352,APR fraction,derived
all,chainlink:ETH/USD,2026-03,eth_usd,2105.59270197,USD,archive eth_call @ month-end block (raw/eth/gap-2026-10-07/top5-risk/positions_raw.json)
lido-earn,0x181cb55f872450d16ae858d532b4e35e50eaa76d@AaveV3,2026-03,collateral_usd,56099101.6642335,USD (protocol oracle),archive eth_call @ month-end block (raw/eth/gap-2026-10-07/top5-risk/positions_raw.json)
lido-earn,0x181cb55f872450d16ae858d532b4e35e50eaa76d@AaveV3,2026-03,collateral_usd:wstETH,56099101.6642335,USD (protocol oracle),archive eth_call per reserve (raw/eth/gap-2026-10-07/top5-risk/aave_legs_raw.json)
lido-earn,0x181cb55f872450d16ae858d532b4e35e50eaa76d@AaveV3,2026-03,debt_usd_account_total,19836523.07445177,USD (protocol oracle),archive eth_call @ month-end block (raw/eth/gap-2026-10-07/top5-risk/positions_raw.json)
lido-earn,0x181cb55f872450d16ae858d532b4e35e50eaa76d@AaveV3,2026-03,debt_usd:USDC,3002095.52530852,USD (protocol oracle),archive eth_call per reserve (raw/eth/gap-2026-10-07/top5-risk/aave_legs_raw.json)
lido-earn,0x181cb55f872450d16ae858d532b4e35e50eaa76d@AaveV3,2026-03,borrow_rate:USDC,0.0365214,APR fraction (reserve variable rate),archive eth_call per reserve (raw/eth/gap-2026-10-07/top5-risk/aave_legs_raw.json)
lido-earn,0x181cb55f872450d16ae858d532b4e35e50eaa76d@AaveV3,2026-03,debt_usd:USDT,11003087.07549663,USD (protocol oracle),archive eth_call per reserve (raw/eth/gap-2026-10-07/top5-risk/aave_legs_raw.json)
lido-earn,0x181cb55f872450d16ae858d532b4e35e50eaa76d@AaveV3,2026-03,borrow_rate:USDT,0.03085311,APR fraction (reserve variable rate),archive eth_call per reserve (raw/eth/gap-2026-10-07/top5-risk/aave_legs_raw.json)
lido-earn,0x181cb55f872450d16ae858d532b4e35e50eaa76d@AaveV3,2026-03,debt_usd:USDe,5831340.47364659,USD (protocol oracle),archive eth_call per reserve (raw/eth/gap-2026-10-07/top5-risk/aave_legs_raw.json)
lido-earn,0x181cb55f872450d16ae858d532b4e35e50eaa76d@AaveV3,2026-03,borrow_rate:USDe,0.02402241,APR fraction (reserve variable rate),archive eth_call per reserve (raw/eth/gap-2026-10-07/top5-risk/aave_legs_raw.json)
lido-earn,0x181cb55f872450d16ae858d532b4e35e50eaa76d@AaveV3,2026-03,dollar_debt_usd,19836523.07445175,USD (protocol oracle),archive eth_call per reserve (raw/eth/gap-2026-10-07/top5-risk/aave_legs_raw.json)
lido-earn,0x181cb55f872450d16ae858d532b4e35e50eaa76d@AaveV3,2026-03,dollar_debt_usd_prior_dataset,11013440.039537,USD,data/eth/economic-dollar-loans.csv (reused leg debt and quoted APR)
lido-earn,0x181cb55f872450d16ae858d532b4e35e50eaa76d@AaveV3,2026-03,borrow_rate_debt_weighted,0.02970294,APR fraction,archive eth_call per reserve (raw/eth/gap-2026-10-07/top5-risk/aave_legs_raw.json)
lido-earn,0x181cb55f872450d16ae858d532b4e35e50eaa76d@AaveV3,2026-03,ltv,0.35359787,fraction,archive eth_call @ month-end block (raw/eth/gap-2026-10-07/top5-risk/positions_raw.json)
lido-earn,0x181cb55f872450d16ae858d532b4e35e50eaa76d@AaveV3,2026-03,health_factor,2.29073776,ratio,archive eth_call @ month-end block (raw/eth/gap-2026-10-07/top5-risk/positions_raw.json)
lido-earn,0x181cb55f872450d16ae858d532b4e35e50eaa76d@AaveV3,2026-03,dollar_share_of_account_debt,1.0,fraction,derived
lido-earn,0x181cb55f872450d16ae858d532b4e35e50eaa76d@AaveV3,2026-03,liquidation_threshold,0.81,fraction (weighted),archive eth_call @ month-end block (raw/eth/gap-2026-10-07/top5-risk/positions_raw.json)
lido-earn,0x9938a09fea37ba681a1bd53d33ddde2debec1da0@AaveV3,2026-03,collateral_usd,63423219.26656382,USD (protocol oracle),archive eth_call @ month-end block (raw/eth/gap-2026-10-07/top5-risk/positions_raw.json)
lido-earn,0x9938a09fea37ba681a1bd53d33ddde2debec1da0@AaveV3,2026-03,collateral_usd:USDe,31279346.9207263,USD (protocol oracle),archive eth_call per reserve (raw/eth/gap-2026-10-07/top5-risk/aave_legs_raw.json)
lido-earn,0x9938a09fea37ba681a1bd53d33ddde2debec1da0@AaveV3,2026-03,collateral_usd:sUSDe,32143872.34583754,USD (protocol oracle),archive eth_call per reserve (raw/eth/gap-2026-10-07/top5-risk/aave_legs_raw.json)
lido-earn,0x9938a09fea37ba681a1bd53d33ddde2debec1da0@AaveV3,2026-03,debt_usd_account_total,53504025.12041552,USD (protocol oracle),archive eth_call @ month-end block (raw/eth/gap-2026-10-07/top5-risk/positions_raw.json)
lido-earn,0x9938a09fea37ba681a1bd53d33ddde2debec1da0@AaveV3,2026-03,debt_usd:USDC,53504025.12041552,USD (protocol oracle),archive eth_call per reserve (raw/eth/gap-2026-10-07/top5-risk/aave_legs_raw.json)
lido-earn,0x9938a09fea37ba681a1bd53d33ddde2debec1da0@AaveV3,2026-03,borrow_rate:USDC,0.0365214,APR fraction (reserve variable rate),archive eth_call per reserve (raw/eth/gap-2026-10-07/top5-risk/aave_legs_raw.json)
lido-earn,0x9938a09fea37ba681a1bd53d33ddde2debec1da0@AaveV3,2026-03,dollar_debt_usd,53504025.12041552,USD (protocol oracle),archive eth_call per reserve (raw/eth/gap-2026-10-07/top5-risk/aave_legs_raw.json)
lido-earn,0x9938a09fea37ba681a1bd53d33ddde2debec1da0@AaveV3,2026-03,dollar_debt_usd_prior_dataset,53521687.277217,USD,data/eth/economic-dollar-loans.csv (reused leg debt and quoted APR)
lido-earn,0x9938a09fea37ba681a1bd53d33ddde2debec1da0@AaveV3,2026-03,borrow_rate_debt_weighted,0.0365214,APR fraction,archive eth_call per reserve (raw/eth/gap-2026-10-07/top5-risk/aave_legs_raw.json)
lido-earn,0x9938a09fea37ba681a1bd53d33ddde2debec1da0@AaveV3,2026-03,ltv,0.84360311,fraction,archive eth_call @ month-end block (raw/eth/gap-2026-10-07/top5-risk/positions_raw.json)
lido-earn,0x9938a09fea37ba681a1bd53d33ddde2debec1da0@AaveV3,2026-03,health_factor,1.09056023,ratio,archive eth_call @ month-end block (raw/eth/gap-2026-10-07/top5-risk/positions_raw.json)
lido-earn,0x9938a09fea37ba681a1bd53d33ddde2debec1da0@AaveV3,2026-03,dollar_share_of_account_debt,1.0,fraction,derived
lido-earn,0x9938a09fea37ba681a1bd53d33ddde2debec1da0@AaveV3,2026-03,liquidation_threshold,0.92,fraction (weighted),archive eth_call @ month-end block (raw/eth/gap-2026-10-07/top5-risk/positions_raw.json)
lido-earn,0x9938a09fea37ba681a1bd53d33ddde2debec1da0@AaveV3,2026-03,classification,1,"flag: USDe/sUSDe e-mode stable loop, excluded from ALL",getUserConfiguration/getUserEMode
avant,0x6cc60a0b57bc882a0471980d0e2d4ad7ddf3c4bd@AaveV3,2026-03,collateral_usd,7404561.57287651,USD (protocol oracle),archive eth_call @ month-end block (raw/eth/gap-2026-10-07/top5-risk/positions_raw.json)
avant,0x6cc60a0b57bc882a0471980d0e2d4ad7ddf3c4bd@AaveV3,2026-03,collateral_usd:WETH,2588200.41297134,USD (protocol oracle),archive eth_call per reserve (raw/eth/gap-2026-10-07/top5-risk/aave_legs_raw.json)
avant,0x6cc60a0b57bc882a0471980d0e2d4ad7ddf3c4bd@AaveV3,2026-03,collateral_usd:weETH,4816361.15990518,USD (protocol oracle),archive eth_call per reserve (raw/eth/gap-2026-10-07/top5-risk/aave_legs_raw.json)
avant,0x6cc60a0b57bc882a0471980d0e2d4ad7ddf3c4bd@AaveV3,2026-03,debt_usd_account_total,4376166.37529826,USD (protocol oracle),archive eth_call @ month-end block (raw/eth/gap-2026-10-07/top5-risk/positions_raw.json)
avant,0x6cc60a0b57bc882a0471980d0e2d4ad7ddf3c4bd@AaveV3,2026-03,debt_usd:USDT,4376166.37529826,USD (protocol oracle),archive eth_call per reserve (raw/eth/gap-2026-10-07/top5-risk/aave_legs_raw.json)
avant,0x6cc60a0b57bc882a0471980d0e2d4ad7ddf3c4bd@AaveV3,2026-03,borrow_rate:USDT,0.03085311,APR fraction (reserve variable rate),archive eth_call per reserve (raw/eth/gap-2026-10-07/top5-risk/aave_legs_raw.json)
avant,0x6cc60a0b57bc882a0471980d0e2d4ad7ddf3c4bd@AaveV3,2026-03,dollar_debt_usd,4376166.37529826,USD (protocol oracle),archive eth_call per reserve (raw/eth/gap-2026-10-07/top5-risk/aave_legs_raw.json)
avant,0x6cc60a0b57bc882a0471980d0e2d4ad7ddf3c4bd@AaveV3,2026-03,dollar_debt_usd_prior_dataset,0,USD,data/eth/economic-dollar-loans.csv (reused leg debt and quoted APR)
avant,0x6cc60a0b57bc882a0471980d0e2d4ad7ddf3c4bd@AaveV3,2026-03,borrow_rate_debt_weighted,0.03085311,APR fraction,archive eth_call per reserve (raw/eth/gap-2026-10-07/top5-risk/aave_legs_raw.json)
avant,0x6cc60a0b57bc882a0471980d0e2d4ad7ddf3c4bd@AaveV3,2026-03,ltv,0.59100952,fraction,archive eth_call @ month-end block (raw/eth/gap-2026-10-07/top5-risk/positions_raw.json)
avant,0x6cc60a0b57bc882a0471980d0e2d4ad7ddf3c4bd@AaveV3,2026-03,health_factor,1.37135903,ratio,archive eth_call @ month-end block (raw/eth/gap-2026-10-07/top5-risk/positions_raw.json)
avant,0x6cc60a0b57bc882a0471980d0e2d4ad7ddf3c4bd@AaveV3,2026-03,dollar_share_of_account_debt,1.0,fraction,derived
avant,0x6cc60a0b57bc882a0471980d0e2d4ad7ddf3c4bd@AaveV3,2026-03,liquidation_threshold,0.8104,fraction (weighted),archive eth_call @ month-end block (raw/eth/gap-2026-10-07/top5-risk/positions_raw.json)
avant,0x6cc60a0b57bc882a0471980d0e2d4ad7ddf3c4bd@SparkV3,2026-03,collateral_usd,0.04437532,USD (protocol oracle),archive eth_call @ month-end block (raw/eth/gap-2026-10-07/top5-risk/positions_raw.json)
avant,0x6cc60a0b57bc882a0471980d0e2d4ad7ddf3c4bd@SparkV3,2026-03,collateral_usd:WETH,0.04437533,USD (protocol oracle),archive eth_call per reserve (raw/eth/gap-2026-10-07/top5-risk/aave_legs_raw.json)
avant,0x6cc60a0b57bc882a0471980d0e2d4ad7ddf3c4bd@SparkV3,2026-03,debt_usd_account_total,0.015572,USD (protocol oracle),archive eth_call @ month-end block (raw/eth/gap-2026-10-07/top5-risk/positions_raw.json)
avant,0x6cc60a0b57bc882a0471980d0e2d4ad7ddf3c4bd@SparkV3,2026-03,debt_usd:USDT,0.015572,USD (protocol oracle),archive eth_call per reserve (raw/eth/gap-2026-10-07/top5-risk/aave_legs_raw.json)
avant,0x6cc60a0b57bc882a0471980d0e2d4ad7ddf3c4bd@SparkV3,2026-03,borrow_rate:USDT,0.03196578,APR fraction (reserve variable rate),archive eth_call per reserve (raw/eth/gap-2026-10-07/top5-risk/aave_legs_raw.json)
avant,0x6cc60a0b57bc882a0471980d0e2d4ad7ddf3c4bd@SparkV3,2026-03,dollar_debt_usd,0.015572,USD (protocol oracle),archive eth_call per reserve (raw/eth/gap-2026-10-07/top5-risk/aave_legs_raw.json)
avant,0x6cc60a0b57bc882a0471980d0e2d4ad7ddf3c4bd@SparkV3,2026-03,dollar_debt_usd_prior_dataset,0,USD,data/eth/economic-dollar-loans.csv (reused leg debt and quoted APR)
avant,0x6cc60a0b57bc882a0471980d0e2d4ad7ddf3c4bd@SparkV3,2026-03,borrow_rate_debt_weighted,0.03196578,APR fraction,archive eth_call per reserve (raw/eth/gap-2026-10-07/top5-risk/aave_legs_raw.json)
avant,0x6cc60a0b57bc882a0471980d0e2d4ad7ddf3c4bd@SparkV3,2026-03,ltv,0.35091578,fraction,archive eth_call @ month-end block (raw/eth/gap-2026-10-07/top5-risk/positions_raw.json)
avant,0x6cc60a0b57bc882a0471980d0e2d4ad7ddf3c4bd@SparkV3,2026-03,health_factor,2.4507308,ratio,archive eth_call @ month-end block (raw/eth/gap-2026-10-07/top5-risk/positions_raw.json)
avant,0x6cc60a0b57bc882a0471980d0e2d4ad7ddf3c4bd@SparkV3,2026-03,dollar_share_of_account_debt,1.0,fraction,derived
avant,0x6cc60a0b57bc882a0471980d0e2d4ad7ddf3c4bd@SparkV3,2026-03,liquidation_threshold,0.86,fraction (weighted),archive eth_call @ month-end block (raw/eth/gap-2026-10-07/top5-risk/positions_raw.json)
liquity,0xb9e806e8f2d94c015ffefa90cd24ecce18f1663c@Ebisu-wstETH trove 0xcc51338b,2026-03,collateral_usd,16055.67722542,USD (branch lastGoodPrice),archive eth_call @ month-end block (raw/eth/gap-2026-10-07/top5-risk/positions_raw.json)
liquity,0xb9e806e8f2d94c015ffefa90cd24ecce18f1663c@Ebisu-wstETH trove 0xcc51338b,2026-03,collateral_wsteth,6.32899206,wstETH,archive eth_call @ month-end block (raw/eth/gap-2026-10-07/top5-risk/positions_raw.json)
liquity,0xb9e806e8f2d94c015ffefa90cd24ecce18f1663c@Ebisu-wstETH trove 0xcc51338b,2026-03,dollar_debt_usd,6280.84179586,ebUSD face,archive eth_call @ month-end block (raw/eth/gap-2026-10-07/top5-risk/positions_raw.json)
liquity,0xb9e806e8f2d94c015ffefa90cd24ecce18f1663c@Ebisu-wstETH trove 0xcc51338b,2026-03,ltv,0.39119133,fraction,archive eth_call @ month-end block (raw/eth/gap-2026-10-07/top5-risk/positions_raw.json)
liquity,0xb9e806e8f2d94c015ffefa90cd24ecce18f1663c@Ebisu-wstETH trove 0xcc51338b,2026-03,liquidation_threshold,0.83333333,fraction (1/MCR),trove_final_rpc.json MCR
liquity,0xb9e806e8f2d94c015ffefa90cd24ecce18f1663c@Ebisu-wstETH trove 0xcc51338b,2026-03,health_factor,2.13024487,ratio (ICR / MCR),derived
liquity,0xb9e806e8f2d94c015ffefa90cd24ecce18f1663c@Ebisu-wstETH trove 0xcc51338b,2026-03,borrow_rate_debt_weighted,0.0140601,APR fraction (trove annualInterestRate),archive eth_call @ month-end block (raw/eth/gap-2026-10-07/top5-risk/positions_raw.json)
destinations,senRLUSDv2,2026-03,share_price,1.00095619,asset per share,archive eth_call @ month-end block (raw/eth/gap-2026-10-07/top5-risk/positions_raw.json)
destinations,stcUSD,2026-03,share_price,1.0547826,asset per share,archive eth_call @ month-end block (raw/eth/gap-2026-10-07/top5-risk/positions_raw.json)
destinations,stcUSD,2026-03,parking_yield_apr_month,0.04784556,"APR fraction (simple, since previous sample)",derived from share_price
destinations,earnUSD,2026-03,share_price,1.00445929,asset per share,archive eth_call @ month-end block (raw/eth/gap-2026-10-07/top5-risk/positions_raw.json)
destinations,curve_ebUSD_USDC,2026-03,share_price,1.00523225,asset per share,archive eth_call @ month-end block (raw/eth/gap-2026-10-07/top5-risk/positions_raw.json)
destinations,curve_ebUSD_USDC,2026-03,parking_yield_apr_month,0.00564272,"APR fraction (simple, since previous sample)",derived from share_price
lido-earn,ALL,2026-03,collateral_usd,56099101.66423345,USD (dollar-debt share of account collateral),derived
lido-earn,ALL,2026-03,dollar_debt_usd,19836523.07445175,USD,derived
lido-earn,ALL,2026-03,ltv,0.35359787,fraction,derived
lido-earn,ALL,2026-03,liquidation_threshold,0.81,fraction (collateral-weighted),derived
lido-earn,ALL,2026-03,health_factor,2.29073776,ratio (aggregate),derived
lido-earn,ALL,2026-03,borrow_rate_debt_weighted,0.02970294,APR fraction,derived
avant,ALL,2026-03,collateral_usd,7404561.61725183,USD (dollar-debt share of account collateral),derived
avant,ALL,2026-03,dollar_debt_usd,4376166.39087026,USD,derived
avant,ALL,2026-03,ltv,0.59100952,fraction,derived
avant,ALL,2026-03,liquidation_threshold,0.8104,fraction (collateral-weighted),derived
avant,ALL,2026-03,health_factor,1.37121311,ratio (aggregate),derived
avant,ALL,2026-03,borrow_rate_debt_weighted,0.03085311,APR fraction,derived
liquity,ALL,2026-03,collateral_usd,16055.67722542,USD (dollar-debt share of account collateral),derived
liquity,ALL,2026-03,dollar_debt_usd,6280.84179586,USD,derived
liquity,ALL,2026-03,ltv,0.39119133,fraction,derived
liquity,ALL,2026-03,liquidation_threshold,0.83333333,fraction (collateral-weighted),derived
liquity,ALL,2026-03,health_factor,2.13024487,ratio (aggregate),derived
liquity,ALL,2026-03,borrow_rate_debt_weighted,0.0140601,APR fraction,derived
all,chainlink:ETH/USD,2026-04,eth_usd,2256.7254,USD,archive eth_call @ month-end block (raw/eth/gap-2026-10-07/top5-risk/positions_raw.json)
lido-earn,0x181cb55f872450d16ae858d532b4e35e50eaa76d@AaveV3,2026-04,collateral_usd,0.00102212,USD (protocol oracle),archive eth_call @ month-end block (raw/eth/gap-2026-10-07/top5-risk/positions_raw.json)
lido-earn,0x181cb55f872450d16ae858d532b4e35e50eaa76d@AaveV3,2026-04,collateral_usd:wstETH,0.00102212,USD (protocol oracle),archive eth_call per reserve (raw/eth/gap-2026-10-07/top5-risk/aave_legs_raw.json)
lido-earn,0x181cb55f872450d16ae858d532b4e35e50eaa76d@AaveV3,2026-04,debt_usd_account_total,0.0,USD (protocol oracle),archive eth_call @ month-end block (raw/eth/gap-2026-10-07/top5-risk/positions_raw.json)
lido-earn,0x181cb55f872450d16ae858d532b4e35e50eaa76d@AaveV3,2026-04,dollar_debt_usd,0,USD (protocol oracle),archive eth_call per reserve (raw/eth/gap-2026-10-07/top5-risk/aave_legs_raw.json)
lido-earn,0x181cb55f872450d16ae858d532b4e35e50eaa76d@AaveV3,2026-04,dollar_debt_usd_prior_dataset,0,USD,data/eth/economic-dollar-loans.csv (reused leg debt and quoted APR)
lido-earn,0x181cb55f872450d16ae858d532b4e35e50eaa76d@AaveV3,2026-04,liquidation_threshold,0.81,fraction (weighted),archive eth_call @ month-end block (raw/eth/gap-2026-10-07/top5-risk/positions_raw.json)
lido-earn,0x181cb55f872450d16ae858d532b4e35e50eaa76d@SparkV3,2026-04,collateral_usd,191297796.89706567,USD (protocol oracle),archive eth_call @ month-end block (raw/eth/gap-2026-10-07/top5-risk/positions_raw.json)
lido-earn,0x181cb55f872450d16ae858d532b4e35e50eaa76d@SparkV3,2026-04,collateral_usd:wstETH,191297796.89706573,USD (protocol oracle),archive eth_call per reserve (raw/eth/gap-2026-10-07/top5-risk/aave_legs_raw.json)
lido-earn,0x181cb55f872450d16ae858d532b4e35e50eaa76d@SparkV3,2026-04,debt_usd_account_total,65648313.000921,USD (protocol oracle),archive eth_call @ month-end block (raw/eth/gap-2026-10-07/top5-risk/positions_raw.json)
lido-earn,0x181cb55f872450d16ae858d532b4e35e50eaa76d@SparkV3,2026-04,debt_usd:USDT,65648313.000921,USD (protocol oracle),archive eth_call per reserve (raw/eth/gap-2026-10-07/top5-risk/aave_legs_raw.json)
lido-earn,0x181cb55f872450d16ae858d532b4e35e50eaa76d@SparkV3,2026-04,borrow_rate:USDT,0.03415447,APR fraction (reserve variable rate),archive eth_call per reserve (raw/eth/gap-2026-10-07/top5-risk/aave_legs_raw.json)
lido-earn,0x181cb55f872450d16ae858d532b4e35e50eaa76d@SparkV3,2026-04,dollar_debt_usd,65648313.000921,USD (protocol oracle),archive eth_call per reserve (raw/eth/gap-2026-10-07/top5-risk/aave_legs_raw.json)
lido-earn,0x181cb55f872450d16ae858d532b4e35e50eaa76d@SparkV3,2026-04,dollar_debt_usd_prior_dataset,65648313.000921,USD,data/eth/economic-dollar-loans.csv (reused leg debt and quoted APR)
lido-earn,0x181cb55f872450d16ae858d532b4e35e50eaa76d@SparkV3,2026-04,borrow_rate_debt_weighted,0.03415447,APR fraction,archive eth_call per reserve (raw/eth/gap-2026-10-07/top5-risk/aave_legs_raw.json)
lido-earn,0x181cb55f872450d16ae858d532b4e35e50eaa76d@SparkV3,2026-04,ltv,0.34317339,fraction,archive eth_call @ month-end block (raw/eth/gap-2026-10-07/top5-risk/positions_raw.json)
lido-earn,0x181cb55f872450d16ae858d532b4e35e50eaa76d@SparkV3,2026-04,health_factor,2.44774225,ratio,archive eth_call @ month-end block (raw/eth/gap-2026-10-07/top5-risk/positions_raw.json)
lido-earn,0x181cb55f872450d16ae858d532b4e35e50eaa76d@SparkV3,2026-04,dollar_share_of_account_debt,1.0,fraction,derived
lido-earn,0x181cb55f872450d16ae858d532b4e35e50eaa76d@SparkV3,2026-04,liquidation_threshold,0.84,fraction (weighted),archive eth_call @ month-end block (raw/eth/gap-2026-10-07/top5-risk/positions_raw.json)
lido-earn,0x9938a09fea37ba681a1bd53d33ddde2debec1da0@AaveV3,2026-04,collateral_usd,43919010.48310066,USD (protocol oracle),archive eth_call @ month-end block (raw/eth/gap-2026-10-07/top5-risk/positions_raw.json)
lido-earn,0x9938a09fea37ba681a1bd53d33ddde2debec1da0@AaveV3,2026-04,collateral_usd:USDe,5479751.37182254,USD (protocol oracle),archive eth_call per reserve (raw/eth/gap-2026-10-07/top5-risk/aave_legs_raw.json)
lido-earn,0x9938a09fea37ba681a1bd53d33ddde2debec1da0@AaveV3,2026-04,collateral_usd:sUSDe,38439259.11127812,USD (protocol oracle),archive eth_call per reserve (raw/eth/gap-2026-10-07/top5-risk/aave_legs_raw.json)
lido-earn,0x9938a09fea37ba681a1bd53d33ddde2debec1da0@AaveV3,2026-04,debt_usd_account_total,2311.8755276,USD (protocol oracle),archive eth_call @ month-end block (raw/eth/gap-2026-10-07/top5-risk/positions_raw.json)
lido-earn,0x9938a09fea37ba681a1bd53d33ddde2debec1da0@AaveV3,2026-04,debt_usd:USDC,2311.8755276,USD (protocol oracle),archive eth_call per reserve (raw/eth/gap-2026-10-07/top5-risk/aave_legs_raw.json)
lido-earn,0x9938a09fea37ba681a1bd53d33ddde2debec1da0@AaveV3,2026-04,borrow_rate:USDC,0.0486952,APR fraction (reserve variable rate),archive eth_call per reserve (raw/eth/gap-2026-10-07/top5-risk/aave_legs_raw.json)
lido-earn,0x9938a09fea37ba681a1bd53d33ddde2debec1da0@AaveV3,2026-04,dollar_debt_usd,2311.8755276,USD (protocol oracle),archive eth_call per reserve (raw/eth/gap-2026-10-07/top5-risk/aave_legs_raw.json)
lido-earn,0x9938a09fea37ba681a1bd53d33ddde2debec1da0@AaveV3,2026-04,dollar_debt_usd_prior_dataset,2312.722863,USD,data/eth/economic-dollar-loans.csv (reused leg debt and quoted APR)
lido-earn,0x9938a09fea37ba681a1bd53d33ddde2debec1da0@AaveV3,2026-04,borrow_rate_debt_weighted,0.0486952,APR fraction,archive eth_call per reserve (raw/eth/gap-2026-10-07/top5-risk/aave_legs_raw.json)
lido-earn,0x9938a09fea37ba681a1bd53d33ddde2debec1da0@AaveV3,2026-04,ltv,5.264e-05,fraction,archive eth_call @ month-end block (raw/eth/gap-2026-10-07/top5-risk/positions_raw.json)
lido-earn,0x9938a09fea37ba681a1bd53d33ddde2debec1da0@AaveV3,2026-04,health_factor,17477.36379493,ratio,archive eth_call @ month-end block (raw/eth/gap-2026-10-07/top5-risk/positions_raw.json)
lido-earn,0x9938a09fea37ba681a1bd53d33ddde2debec1da0@AaveV3,2026-04,dollar_share_of_account_debt,1.0,fraction,derived
lido-earn,0x9938a09fea37ba681a1bd53d33ddde2debec1da0@AaveV3,2026-04,liquidation_threshold,0.92,fraction (weighted),archive eth_call @ month-end block (raw/eth/gap-2026-10-07/top5-risk/positions_raw.json)
lido-earn,0x9938a09fea37ba681a1bd53d33ddde2debec1da0@AaveV3,2026-04,classification,1,"flag: USDe/sUSDe e-mode stable loop, excluded from ALL",getUserConfiguration/getUserEMode
avant,0x6cc60a0b57bc882a0471980d0e2d4ad7ddf3c4bd@SparkV3,2026-04,collateral_usd,3186314.29372638,USD (protocol oracle),archive eth_call @ month-end block (raw/eth/gap-2026-10-07/top5-risk/positions_raw.json)
avant,0x6cc60a0b57bc882a0471980d0e2d4ad7ddf3c4bd@SparkV3,2026-04,collateral_usd:weETH,3186314.29372639,USD (protocol oracle),archive eth_call per reserve (raw/eth/gap-2026-10-07/top5-risk/aave_legs_raw.json)
avant,0x6cc60a0b57bc882a0471980d0e2d4ad7ddf3c4bd@SparkV3,2026-04,debt_usd_account_total,1818534.62053402,USD (protocol oracle),archive eth_call @ month-end block (raw/eth/gap-2026-10-07/top5-risk/positions_raw.json)
avant,0x6cc60a0b57bc882a0471980d0e2d4ad7ddf3c4bd@SparkV3,2026-04,debt_usd:WETH,1742347.55841802,USD (protocol oracle),archive eth_call per reserve (raw/eth/gap-2026-10-07/top5-risk/aave_legs_raw.json)
avant,0x6cc60a0b57bc882a0471980d0e2d4ad7ddf3c4bd@SparkV3,2026-04,borrow_rate:WETH,0.02461052,APR fraction (reserve variable rate),archive eth_call per reserve (raw/eth/gap-2026-10-07/top5-risk/aave_legs_raw.json)
avant,0x6cc60a0b57bc882a0471980d0e2d4ad7ddf3c4bd@SparkV3,2026-04,debt_usd:USDT,76187.062116,USD (protocol oracle),archive eth_call per reserve (raw/eth/gap-2026-10-07/top5-risk/aave_legs_raw.json)
avant,0x6cc60a0b57bc882a0471980d0e2d4ad7ddf3c4bd@SparkV3,2026-04,borrow_rate:USDT,0.03415447,APR fraction (reserve variable rate),archive eth_call per reserve (raw/eth/gap-2026-10-07/top5-risk/aave_legs_raw.json)
avant,0x6cc60a0b57bc882a0471980d0e2d4ad7ddf3c4bd@SparkV3,2026-04,dollar_debt_usd,76187.062116,USD (protocol oracle),archive eth_call per reserve (raw/eth/gap-2026-10-07/top5-risk/aave_legs_raw.json)
avant,0x6cc60a0b57bc882a0471980d0e2d4ad7ddf3c4bd@SparkV3,2026-04,dollar_debt_usd_prior_dataset,0,USD,data/eth/economic-dollar-loans.csv (reused leg debt and quoted APR)
avant,0x6cc60a0b57bc882a0471980d0e2d4ad7ddf3c4bd@SparkV3,2026-04,borrow_rate_debt_weighted,0.03415447,APR fraction,archive eth_call per reserve (raw/eth/gap-2026-10-07/top5-risk/aave_legs_raw.json)
avant,0x6cc60a0b57bc882a0471980d0e2d4ad7ddf3c4bd@SparkV3,2026-04,ltv,0.57073297,fraction,archive eth_call @ month-end block (raw/eth/gap-2026-10-07/top5-risk/positions_raw.json)
avant,0x6cc60a0b57bc882a0471980d0e2d4ad7ddf3c4bd@SparkV3,2026-04,health_factor,1.4017063,ratio,archive eth_call @ month-end block (raw/eth/gap-2026-10-07/top5-risk/positions_raw.json)
avant,0x6cc60a0b57bc882a0471980d0e2d4ad7ddf3c4bd@SparkV3,2026-04,dollar_share_of_account_debt,0.04189475,fraction,derived
avant,0x6cc60a0b57bc882a0471980d0e2d4ad7ddf3c4bd@SparkV3,2026-04,liquidation_threshold,0.8,fraction (weighted),archive eth_call @ month-end block (raw/eth/gap-2026-10-07/top5-risk/positions_raw.json)
liquity,0xb9e806e8f2d94c015ffefa90cd24ecce18f1663c@Ebisu-wstETH trove 0xa7f1a2fe,2026-04,collateral_usd,70983.83216181,USD (branch lastGoodPrice),archive eth_call @ month-end block (raw/eth/gap-2026-10-07/top5-risk/positions_raw.json)
liquity,0xb9e806e8f2d94c015ffefa90cd24ecce18f1663c@Ebisu-wstETH trove 0xa7f1a2fe,2026-04,collateral_wsteth,25.56024585,wstETH,archive eth_call @ month-end block (raw/eth/gap-2026-10-07/top5-risk/positions_raw.json)
liquity,0xb9e806e8f2d94c015ffefa90cd24ecce18f1663c@Ebisu-wstETH trove 0xa7f1a2fe,2026-04,dollar_debt_usd,37687.75623205,ebUSD face,archive eth_call @ month-end block (raw/eth/gap-2026-10-07/top5-risk/positions_raw.json)
liquity,0xb9e806e8f2d94c015ffefa90cd24ecce18f1663c@Ebisu-wstETH trove 0xa7f1a2fe,2026-04,ltv,0.53093437,fraction,archive eth_call @ month-end block (raw/eth/gap-2026-10-07/top5-risk/positions_raw.json)
liquity,0xb9e806e8f2d94c015ffefa90cd24ecce18f1663c@Ebisu-wstETH trove 0xa7f1a2fe,2026-04,liquidation_threshold,0.83333333,fraction (1/MCR),trove_final_rpc.json MCR
liquity,0xb9e806e8f2d94c015ffefa90cd24ecce18f1663c@Ebisu-wstETH trove 0xa7f1a2fe,2026-04,health_factor,1.56955997,ratio (ICR / MCR),derived
liquity,0xb9e806e8f2d94c015ffefa90cd24ecce18f1663c@Ebisu-wstETH trove 0xa7f1a2fe,2026-04,borrow_rate_debt_weighted,0.00875372,APR fraction (trove annualInterestRate),archive eth_call @ month-end block (raw/eth/gap-2026-10-07/top5-risk/positions_raw.json)
destinations,senRLUSDv2,2026-04,share_price,1.00325189,asset per share,archive eth_call @ month-end block (raw/eth/gap-2026-10-07/top5-risk/positions_raw.json)
destinations,senRLUSDv2,2026-04,parking_yield_apr_month,0.02790435,"APR fraction (simple, since previous sample)",derived from share_price
destinations,stcUSD,2026-04,share_price,1.05956515,asset per share,archive eth_call @ month-end block (raw/eth/gap-2026-10-07/top5-risk/positions_raw.json)
destinations,stcUSD,2026-04,parking_yield_apr_month,0.05516555,"APR fraction (simple, since previous sample)",derived from share_price
destinations,PRIME,2026-04,share_price,1.034187,asset per share,archive eth_call @ month-end block (raw/eth/gap-2026-10-07/top5-risk/positions_raw.json)
destinations,earnUSD,2026-04,share_price,1.00852178,asset per share,archive eth_call @ month-end block (raw/eth/gap-2026-10-07/top5-risk/positions_raw.json)
destinations,earnUSD,2026-04,parking_yield_apr_month,0.04920742,"APR fraction (simple, since previous sample)",derived from share_price
destinations,curve_ebUSD_USDC,2026-04,share_price,1.00572568,asset per share,archive eth_call @ month-end block (raw/eth/gap-2026-10-07/top5-risk/positions_raw.json)
destinations,curve_ebUSD_USDC,2026-04,parking_yield_apr_month,0.00597214,"APR fraction (simple, since previous sample)",derived from share_price
lido-earn,ALL,2026-04,collateral_usd,191297796.89706567,USD (dollar-debt share of account collateral),derived
lido-earn,ALL,2026-04,dollar_debt_usd,65648313.000921,USD,derived
lido-earn,ALL,2026-04,ltv,0.34317339,fraction,derived
lido-earn,ALL,2026-04,liquidation_threshold,0.84,fraction (collateral-weighted),derived
lido-earn,ALL,2026-04,health_factor,2.44774225,ratio (aggregate),derived
lido-earn,ALL,2026-04,borrow_rate_debt_weighted,0.03415447,APR fraction,derived
avant,ALL,2026-04,collateral_usd,133489.85621508,USD (dollar-debt share of account collateral),derived
avant,ALL,2026-04,dollar_debt_usd,76187.062116,USD,derived
avant,ALL,2026-04,ltv,0.57073297,fraction,derived
avant,ALL,2026-04,liquidation_threshold,0.8,fraction (collateral-weighted),derived
avant,ALL,2026-04,health_factor,1.4017063,ratio (aggregate),derived
avant,ALL,2026-04,borrow_rate_debt_weighted,0.03415447,APR fraction,derived
liquity,ALL,2026-04,collateral_usd,70983.83216181,USD (dollar-debt share of account collateral),derived
liquity,ALL,2026-04,dollar_debt_usd,37687.75623205,USD,derived
liquity,ALL,2026-04,ltv,0.53093437,fraction,derived
liquity,ALL,2026-04,liquidation_threshold,0.83333333,fraction (collateral-weighted),derived
liquity,ALL,2026-04,health_factor,1.56955997,ratio (aggregate),derived
liquity,ALL,2026-04,borrow_rate_debt_weighted,0.00875372,APR fraction,derived
all,chainlink:ETH/USD,2026-05,eth_usd,1998.27,USD,archive eth_call @ month-end block (raw/eth/gap-2026-10-07/top5-risk/positions_raw.json)
lido-earn,0x181cb55f872450d16ae858d532b4e35e50eaa76d@AaveV3,2026-05,collateral_usd,0.00090719,USD (protocol oracle),archive eth_call @ month-end block (raw/eth/gap-2026-10-07/top5-risk/positions_raw.json)
lido-earn,0x181cb55f872450d16ae858d532b4e35e50eaa76d@AaveV3,2026-05,collateral_usd:wstETH,0.0009072,USD (protocol oracle),archive eth_call per reserve (raw/eth/gap-2026-10-07/top5-risk/aave_legs_raw.json)
lido-earn,0x181cb55f872450d16ae858d532b4e35e50eaa76d@AaveV3,2026-05,debt_usd_account_total,0.0,USD (protocol oracle),archive eth_call @ month-end block (raw/eth/gap-2026-10-07/top5-risk/positions_raw.json)
lido-earn,0x181cb55f872450d16ae858d532b4e35e50eaa76d@AaveV3,2026-05,dollar_debt_usd,0,USD (protocol oracle),archive eth_call per reserve (raw/eth/gap-2026-10-07/top5-risk/aave_legs_raw.json)
lido-earn,0x181cb55f872450d16ae858d532b4e35e50eaa76d@AaveV3,2026-05,dollar_debt_usd_prior_dataset,0,USD,data/eth/economic-dollar-loans.csv (reused leg debt and quoted APR)
lido-earn,0x181cb55f872450d16ae858d532b4e35e50eaa76d@AaveV3,2026-05,liquidation_threshold,0.81,fraction (weighted),archive eth_call @ month-end block (raw/eth/gap-2026-10-07/top5-risk/positions_raw.json)
lido-earn,0x181cb55f872450d16ae858d532b4e35e50eaa76d@SparkV3,2026-05,collateral_usd,34475958.85089675,USD (protocol oracle),archive eth_call @ month-end block (raw/eth/gap-2026-10-07/top5-risk/positions_raw.json)
lido-earn,0x181cb55f872450d16ae858d532b4e35e50eaa76d@SparkV3,2026-05,collateral_usd:wstETH,34475958.85089676,USD (protocol oracle),archive eth_call per reserve (raw/eth/gap-2026-10-07/top5-risk/aave_legs_raw.json)
lido-earn,0x181cb55f872450d16ae858d532b4e35e50eaa76d@SparkV3,2026-05,debt_usd_account_total,12463102.857716,USD (protocol oracle),archive eth_call @ month-end block (raw/eth/gap-2026-10-07/top5-risk/positions_raw.json)
lido-earn,0x181cb55f872450d16ae858d532b4e35e50eaa76d@SparkV3,2026-05,debt_usd:USDT,12463102.857716,USD (protocol oracle),archive eth_call per reserve (raw/eth/gap-2026-10-07/top5-risk/aave_legs_raw.json)
lido-earn,0x181cb55f872450d16ae858d532b4e35e50eaa76d@SparkV3,2026-05,borrow_rate:USDT,0.03395227,APR fraction (reserve variable rate),archive eth_call per reserve (raw/eth/gap-2026-10-07/top5-risk/aave_legs_raw.json)
lido-earn,0x181cb55f872450d16ae858d532b4e35e50eaa76d@SparkV3,2026-05,dollar_debt_usd,12463102.857716,USD (protocol oracle),archive eth_call per reserve (raw/eth/gap-2026-10-07/top5-risk/aave_legs_raw.json)
lido-earn,0x181cb55f872450d16ae858d532b4e35e50eaa76d@SparkV3,2026-05,dollar_debt_usd_prior_dataset,12463102.857716,USD,data/eth/economic-dollar-loans.csv (reused leg debt and quoted APR)
lido-earn,0x181cb55f872450d16ae858d532b4e35e50eaa76d@SparkV3,2026-05,borrow_rate_debt_weighted,0.03395227,APR fraction,archive eth_call per reserve (raw/eth/gap-2026-10-07/top5-risk/aave_legs_raw.json)
lido-earn,0x181cb55f872450d16ae858d532b4e35e50eaa76d@SparkV3,2026-05,ltv,0.36150127,fraction,archive eth_call @ month-end block (raw/eth/gap-2026-10-07/top5-risk/positions_raw.json)
lido-earn,0x181cb55f872450d16ae858d532b4e35e50eaa76d@SparkV3,2026-05,health_factor,2.3236433,ratio,archive eth_call @ month-end block (raw/eth/gap-2026-10-07/top5-risk/positions_raw.json)
lido-earn,0x181cb55f872450d16ae858d532b4e35e50eaa76d@SparkV3,2026-05,dollar_share_of_account_debt,1.0,fraction,derived
lido-earn,0x181cb55f872450d16ae858d532b4e35e50eaa76d@SparkV3,2026-05,liquidation_threshold,0.84,fraction (weighted),archive eth_call @ month-end block (raw/eth/gap-2026-10-07/top5-risk/positions_raw.json)
lido-earn,0x9938a09fea37ba681a1bd53d33ddde2debec1da0@AaveV3,2026-05,collateral_usd,30502.41966448,USD (protocol oracle),archive eth_call @ month-end block (raw/eth/gap-2026-10-07/top5-risk/positions_raw.json)
lido-earn,0x9938a09fea37ba681a1bd53d33ddde2debec1da0@AaveV3,2026-05,collateral_usd:USDe,26806.7961045,USD (protocol oracle),archive eth_call per reserve (raw/eth/gap-2026-10-07/top5-risk/aave_legs_raw.json)
lido-earn,0x9938a09fea37ba681a1bd53d33ddde2debec1da0@AaveV3,2026-05,collateral_usd:sUSDe,3695.62356,USD (protocol oracle),archive eth_call per reserve (raw/eth/gap-2026-10-07/top5-risk/aave_legs_raw.json)
lido-earn,0x9938a09fea37ba681a1bd53d33ddde2debec1da0@AaveV3,2026-05,debt_usd_account_total,2320.71606512,USD (protocol oracle),archive eth_call @ month-end block (raw/eth/gap-2026-10-07/top5-risk/positions_raw.json)
lido-earn,0x9938a09fea37ba681a1bd53d33ddde2debec1da0@AaveV3,2026-05,debt_usd:USDC,2320.71606511,USD (protocol oracle),archive eth_call per reserve (raw/eth/gap-2026-10-07/top5-risk/aave_legs_raw.json)
lido-earn,0x9938a09fea37ba681a1bd53d33ddde2debec1da0@AaveV3,2026-05,borrow_rate:USDC,0.10909067,APR fraction (reserve variable rate),archive eth_call per reserve (raw/eth/gap-2026-10-07/top5-risk/aave_legs_raw.json)
lido-earn,0x9938a09fea37ba681a1bd53d33ddde2debec1da0@AaveV3,2026-05,dollar_debt_usd,2320.71606511,USD (protocol oracle),archive eth_call per reserve (raw/eth/gap-2026-10-07/top5-risk/aave_legs_raw.json)
lido-earn,0x9938a09fea37ba681a1bd53d33ddde2debec1da0@AaveV3,2026-05,dollar_debt_usd_prior_dataset,2321.644723,USD,data/eth/economic-dollar-loans.csv (reused leg debt and quoted APR)
lido-earn,0x9938a09fea37ba681a1bd53d33ddde2debec1da0@AaveV3,2026-05,borrow_rate_debt_weighted,0.10909067,APR fraction,archive eth_call per reserve (raw/eth/gap-2026-10-07/top5-risk/aave_legs_raw.json)
lido-earn,0x9938a09fea37ba681a1bd53d33ddde2debec1da0@AaveV3,2026-05,ltv,0.07608302,fraction,archive eth_call @ month-end block (raw/eth/gap-2026-10-07/top5-risk/positions_raw.json)
lido-earn,0x9938a09fea37ba681a1bd53d33ddde2debec1da0@AaveV3,2026-05,health_factor,12.09205491,ratio,archive eth_call @ month-end block (raw/eth/gap-2026-10-07/top5-risk/positions_raw.json)
lido-earn,0x9938a09fea37ba681a1bd53d33ddde2debec1da0@AaveV3,2026-05,dollar_share_of_account_debt,1.0,fraction,derived
lido-earn,0x9938a09fea37ba681a1bd53d33ddde2debec1da0@AaveV3,2026-05,liquidation_threshold,0.92,fraction (weighted),archive eth_call @ month-end block (raw/eth/gap-2026-10-07/top5-risk/positions_raw.json)
lido-earn,0x9938a09fea37ba681a1bd53d33ddde2debec1da0@AaveV3,2026-05,classification,1,"flag: USDe/sUSDe e-mode stable loop, excluded from ALL",getUserConfiguration/getUserEMode
avant,0x6cc60a0b57bc882a0471980d0e2d4ad7ddf3c4bd@AaveV3,2026-05,collateral_usd,1387309.45560761,USD (protocol oracle),archive eth_call @ month-end block (raw/eth/gap-2026-10-07/top5-risk/positions_raw.json)
avant,0x6cc60a0b57bc882a0471980d0e2d4ad7ddf3c4bd@AaveV3,2026-05,collateral_usd:weETH,1387309.45560761,USD (protocol oracle),archive eth_call per reserve (raw/eth/gap-2026-10-07/top5-risk/aave_legs_raw.json)
avant,0x6cc60a0b57bc882a0471980d0e2d4ad7ddf3c4bd@AaveV3,2026-05,debt_usd_account_total,1298377.33873448,USD (protocol oracle),archive eth_call @ month-end block (raw/eth/gap-2026-10-07/top5-risk/positions_raw.json)
avant,0x6cc60a0b57bc882a0471980d0e2d4ad7ddf3c4bd@AaveV3,2026-05,debt_usd:WETH,1298377.33873448,USD (protocol oracle),archive eth_call per reserve (raw/eth/gap-2026-10-07/top5-risk/aave_legs_raw.json)
avant,0x6cc60a0b57bc882a0471980d0e2d4ad7ddf3c4bd@AaveV3,2026-05,borrow_rate:WETH,0.02089203,APR fraction (reserve variable rate),archive eth_call per reserve (raw/eth/gap-2026-10-07/top5-risk/aave_legs_raw.json)
avant,0x6cc60a0b57bc882a0471980d0e2d4ad7ddf3c4bd@AaveV3,2026-05,dollar_debt_usd,0,USD (protocol oracle),archive eth_call per reserve (raw/eth/gap-2026-10-07/top5-risk/aave_legs_raw.json)
avant,0x6cc60a0b57bc882a0471980d0e2d4ad7ddf3c4bd@AaveV3,2026-05,dollar_debt_usd_prior_dataset,0,USD,data/eth/economic-dollar-loans.csv (reused leg debt and quoted APR)
avant,0x6cc60a0b57bc882a0471980d0e2d4ad7ddf3c4bd@AaveV3,2026-05,ltv,0.93589598,fraction,archive eth_call @ month-end block (raw/eth/gap-2026-10-07/top5-risk/positions_raw.json)
avant,0x6cc60a0b57bc882a0471980d0e2d4ad7ddf3c4bd@AaveV3,2026-05,health_factor,1.01507008,ratio,archive eth_call @ month-end block (raw/eth/gap-2026-10-07/top5-risk/positions_raw.json)
avant,0x6cc60a0b57bc882a0471980d0e2d4ad7ddf3c4bd@AaveV3,2026-05,dollar_share_of_account_debt,0.0,fraction,derived
avant,0x6cc60a0b57bc882a0471980d0e2d4ad7ddf3c4bd@AaveV3,2026-05,liquidation_threshold,0.95,fraction (weighted),archive eth_call @ month-end block (raw/eth/gap-2026-10-07/top5-risk/positions_raw.json)
avant,0x6cc60a0b57bc882a0471980d0e2d4ad7ddf3c4bd@SparkV3,2026-05,collateral_usd,0.00093624,USD (protocol oracle),archive eth_call @ month-end block (raw/eth/gap-2026-10-07/top5-risk/positions_raw.json)
avant,0x6cc60a0b57bc882a0471980d0e2d4ad7ddf3c4bd@SparkV3,2026-05,collateral_usd:weETH,0.00093625,USD (protocol oracle),archive eth_call per reserve (raw/eth/gap-2026-10-07/top5-risk/aave_legs_raw.json)
avant,0x6cc60a0b57bc882a0471980d0e2d4ad7ddf3c4bd@SparkV3,2026-05,debt_usd_account_total,0.000869,USD (protocol oracle),archive eth_call @ month-end block (raw/eth/gap-2026-10-07/top5-risk/positions_raw.json)
avant,0x6cc60a0b57bc882a0471980d0e2d4ad7ddf3c4bd@SparkV3,2026-05,debt_usd:USDC,0.000869,USD (protocol oracle),archive eth_call per reserve (raw/eth/gap-2026-10-07/top5-risk/aave_legs_raw.json)
avant,0x6cc60a0b57bc882a0471980d0e2d4ad7ddf3c4bd@SparkV3,2026-05,borrow_rate:USDC,0.0450926,APR fraction (reserve variable rate),archive eth_call per reserve (raw/eth/gap-2026-10-07/top5-risk/aave_legs_raw.json)
avant,0x6cc60a0b57bc882a0471980d0e2d4ad7ddf3c4bd@SparkV3,2026-05,dollar_debt_usd,0.000869,USD (protocol oracle),archive eth_call per reserve (raw/eth/gap-2026-10-07/top5-risk/aave_legs_raw.json)
avant,0x6cc60a0b57bc882a0471980d0e2d4ad7ddf3c4bd@SparkV3,2026-05,dollar_debt_usd_prior_dataset,0,USD,data/eth/economic-dollar-loans.csv (reused leg debt and quoted APR)
avant,0x6cc60a0b57bc882a0471980d0e2d4ad7ddf3c4bd@SparkV3,2026-05,borrow_rate_debt_weighted,0.0450926,APR fraction,archive eth_call per reserve (raw/eth/gap-2026-10-07/top5-risk/aave_legs_raw.json)
avant,0x6cc60a0b57bc882a0471980d0e2d4ad7ddf3c4bd@SparkV3,2026-05,ltv,0.92818081,fraction,archive eth_call @ month-end block (raw/eth/gap-2026-10-07/top5-risk/positions_raw.json)
avant,0x6cc60a0b57bc882a0471980d0e2d4ad7ddf3c4bd@SparkV3,2026-05,health_factor,0.86189873,ratio,archive eth_call @ month-end block (raw/eth/gap-2026-10-07/top5-risk/positions_raw.json)
avant,0x6cc60a0b57bc882a0471980d0e2d4ad7ddf3c4bd@SparkV3,2026-05,dollar_share_of_account_debt,1.0,fraction,derived
avant,0x6cc60a0b57bc882a0471980d0e2d4ad7ddf3c4bd@SparkV3,2026-05,liquidation_threshold,0.8,fraction (weighted),archive eth_call @ month-end block (raw/eth/gap-2026-10-07/top5-risk/positions_raw.json)
yieldbasis,0x5f8d24f33cc5a1d5d1bf012261e6a2214c92233c@YB-LEVAMM (LT 0x2b9c9f3b),2026-05,collateral_usd,2587046.96014692,crvUSD (LP x LP oracle),archive eth_call @ month-end block (raw/eth/gap-2026-10-07/top5-risk/positions_raw.json)
yieldbasis,0x5f8d24f33cc5a1d5d1bf012261e6a2214c92233c@YB-LEVAMM (LT 0x2b9c9f3b),2026-05,dollar_debt_usd,1289884.52504569,crvUSD face,archive eth_call @ month-end block (raw/eth/gap-2026-10-07/top5-risk/positions_raw.json)
yieldbasis,0x5f8d24f33cc5a1d5d1bf012261e6a2214c92233c@YB-LEVAMM (LT 0x2b9c9f3b),2026-05,ltv,0.49859339,fraction,archive eth_call @ month-end block (raw/eth/gap-2026-10-07/top5-risk/positions_raw.json)
yieldbasis,0x5f8d24f33cc5a1d5d1bf012261e6a2214c92233c@YB-LEVAMM (LT 0x2b9c9f3b),2026-05,liquidation_threshold,0.5625,"fraction (LEVAMM critical debt/value, L=2; no liquidation engine)",LEVAMM source get_x0
yieldbasis,0x5f8d24f33cc5a1d5d1bf012261e6a2214c92233c@YB-LEVAMM (LT 0x2b9c9f3b),2026-05,max_safe_ltv,0.53125,fraction (deposit-time MAX_SAFE_DEBT),LEVAMM source __init__
yieldbasis,0x5f8d24f33cc5a1d5d1bf012261e6a2214c92233c@YB-LEVAMM (LT 0x2b9c9f3b),2026-05,target_ltv,0.5,fraction ((L-1)/L),LEVAMM source
yieldbasis,0x5f8d24f33cc5a1d5d1bf012261e6a2214c92233c@YB-LEVAMM (LT 0x2b9c9f3b),2026-05,health_factor,1.12817379,ratio (critical LTV / LTV),derived
yieldbasis,0x5f8d24f33cc5a1d5d1bf012261e6a2214c92233c@YB-LEVAMM (LT 0x2b9c9f3b),2026-05,net_value_usd,1297142.18800514,crvUSD (value_oracle),archive eth_call @ month-end block (raw/eth/gap-2026-10-07/top5-risk/positions_raw.json)
yieldbasis,0x5f8d24f33cc5a1d5d1bf012261e6a2214c92233c@YB-LEVAMM (LT 0x2b9c9f3b),2026-05,borrow_rate_debt_weighted,0.1,APR fraction (AMM rate()),archive eth_call @ month-end block (raw/eth/gap-2026-10-07/top5-risk/positions_raw.json)
liquity,0xb9e806e8f2d94c015ffefa90cd24ecce18f1663c@Ebisu-wstETH trove 0xa7f1a2fe,2026-05,collateral_usd,938125.73228109,USD (branch lastGoodPrice),archive eth_call @ month-end block (raw/eth/gap-2026-10-07/top5-risk/positions_raw.json)
liquity,0xb9e806e8f2d94c015ffefa90cd24ecce18f1663c@Ebisu-wstETH trove 0xa7f1a2fe,2026-05,collateral_wsteth,377.83000147,wstETH,archive eth_call @ month-end block (raw/eth/gap-2026-10-07/top5-risk/positions_raw.json)
liquity,0xb9e806e8f2d94c015ffefa90cd24ecce18f1663c@Ebisu-wstETH trove 0xa7f1a2fe,2026-05,dollar_debt_usd,409323.76686641,ebUSD face,archive eth_call @ month-end block (raw/eth/gap-2026-10-07/top5-risk/positions_raw.json)
liquity,0xb9e806e8f2d94c015ffefa90cd24ecce18f1663c@Ebisu-wstETH trove 0xa7f1a2fe,2026-05,ltv,0.4363208,fraction,archive eth_call @ month-end block (raw/eth/gap-2026-10-07/top5-risk/positions_raw.json)
liquity,0xb9e806e8f2d94c015ffefa90cd24ecce18f1663c@Ebisu-wstETH trove 0xa7f1a2fe,2026-05,liquidation_threshold,0.83333333,fraction (1/MCR),trove_final_rpc.json MCR
liquity,0xb9e806e8f2d94c015ffefa90cd24ecce18f1663c@Ebisu-wstETH trove 0xa7f1a2fe,2026-05,health_factor,1.90990973,ratio (ICR / MCR),derived
liquity,0xb9e806e8f2d94c015ffefa90cd24ecce18f1663c@Ebisu-wstETH trove 0xa7f1a2fe,2026-05,borrow_rate_debt_weighted,0.00875372,APR fraction (trove annualInterestRate),archive eth_call @ month-end block (raw/eth/gap-2026-10-07/top5-risk/positions_raw.json)
destinations,senRLUSDv2,2026-05,share_price,1.00478188,asset per share,archive eth_call @ month-end block (raw/eth/gap-2026-10-07/top5-risk/positions_raw.json)
destinations,senRLUSDv2,2026-05,parking_yield_apr_month,0.017956,"APR fraction (simple, since previous sample)",derived from share_price
destinations,senPYUSDPRIMEv2,2026-05,share_price,2.000629,asset per share,archive eth_call @ month-end block (raw/eth/gap-2026-10-07/top5-risk/positions_raw.json)
destinations,stcUSD,2026-05,share_price,1.06418095,asset per share,archive eth_call @ month-end block (raw/eth/gap-2026-10-07/top5-risk/positions_raw.json)
destinations,stcUSD,2026-05,parking_yield_apr_month,0.05129213,"APR fraction (simple, since previous sample)",derived from share_price
destinations,PRIME,2026-05,share_price,1.040355,asset per share,archive eth_call @ month-end block (raw/eth/gap-2026-10-07/top5-risk/positions_raw.json)
destinations,PRIME,2026-05,parking_yield_apr_month,0.07022253,"APR fraction (simple, since previous sample)",derived from share_price
destinations,earnUSD,2026-05,share_price,1.01260864,asset per share,archive eth_call @ month-end block (raw/eth/gap-2026-10-07/top5-risk/positions_raw.json)
destinations,earnUSD,2026-05,parking_yield_apr_month,0.04771296,"APR fraction (simple, since previous sample)",derived from share_price
destinations,curve_ebUSD_USDC,2026-05,share_price,1.0061108,asset per share,archive eth_call @ month-end block (raw/eth/gap-2026-10-07/top5-risk/positions_raw.json)
destinations,curve_ebUSD_USDC,2026-05,parking_yield_apr_month,0.00450861,"APR fraction (simple, since previous sample)",derived from share_price
destinations,yb_curve_WETH_crvUSD_lp,2026-05,share_price,1.00074449,asset per share,archive eth_call @ month-end block (raw/eth/gap-2026-10-07/top5-risk/positions_raw.json)
lido-earn,ALL,2026-05,collateral_usd,34475958.85089675,USD (dollar-debt share of account collateral),derived
lido-earn,ALL,2026-05,dollar_debt_usd,12463102.857716,USD,derived
lido-earn,ALL,2026-05,ltv,0.36150127,fraction,derived
lido-earn,ALL,2026-05,liquidation_threshold,0.84,fraction (collateral-weighted),derived
lido-earn,ALL,2026-05,health_factor,2.3236433,ratio (aggregate),derived
lido-earn,ALL,2026-05,borrow_rate_debt_weighted,0.03395227,APR fraction,derived
yieldbasis,ALL,2026-05,collateral_usd,2587046.96014692,USD (dollar-debt share of account collateral),derived
yieldbasis,ALL,2026-05,dollar_debt_usd,1289884.52504569,USD,derived
yieldbasis,ALL,2026-05,ltv,0.49859339,fraction,derived
yieldbasis,ALL,2026-05,liquidation_threshold,0.5625,fraction (collateral-weighted),derived
yieldbasis,ALL,2026-05,health_factor,1.12817379,ratio (aggregate),derived
yieldbasis,ALL,2026-05,borrow_rate_debt_weighted,0.1,APR fraction,derived
liquity,ALL,2026-05,collateral_usd,938125.73228109,USD (dollar-debt share of account collateral),derived
liquity,ALL,2026-05,dollar_debt_usd,409323.76686641,USD,derived
liquity,ALL,2026-05,ltv,0.4363208,fraction,derived
liquity,ALL,2026-05,liquidation_threshold,0.83333333,fraction (collateral-weighted),derived
liquity,ALL,2026-05,health_factor,1.90990973,ratio (aggregate),derived
liquity,ALL,2026-05,borrow_rate_debt_weighted,0.00875372,APR fraction,derived
all,chainlink:ETH/USD,2026-06,eth_usd,1567.03301964,USD,archive eth_call @ month-end block (raw/eth/gap-2026-10-07/top5-risk/positions_raw.json)
lido-earn,0x181cb55f872450d16ae858d532b4e35e50eaa76d@AaveV3,2026-06,collateral_usd,38019612.13655425,USD (protocol oracle),archive eth_call @ month-end block (raw/eth/gap-2026-10-07/top5-risk/positions_raw.json)
lido-earn,0x181cb55f872450d16ae858d532b4e35e50eaa76d@AaveV3,2026-06,collateral_usd:wstETH,38019612.13655425,USD (protocol oracle),archive eth_call per reserve (raw/eth/gap-2026-10-07/top5-risk/aave_legs_raw.json)
lido-earn,0x181cb55f872450d16ae858d532b4e35e50eaa76d@AaveV3,2026-06,debt_usd_account_total,15918580.67515251,USD (protocol oracle),archive eth_call @ month-end block (raw/eth/gap-2026-10-07/top5-risk/positions_raw.json)
lido-earn,0x181cb55f872450d16ae858d532b4e35e50eaa76d@AaveV3,2026-06,debt_usd:USDT,5660841.47182148,USD (protocol oracle),archive eth_call per reserve (raw/eth/gap-2026-10-07/top5-risk/aave_legs_raw.json)
lido-earn,0x181cb55f872450d16ae858d532b4e35e50eaa76d@AaveV3,2026-06,borrow_rate:USDT,0.03253536,APR fraction (reserve variable rate),archive eth_call per reserve (raw/eth/gap-2026-10-07/top5-risk/aave_legs_raw.json)
lido-earn,0x181cb55f872450d16ae858d532b4e35e50eaa76d@AaveV3,2026-06,debt_usd:USDe,10257739.20333103,USD (protocol oracle),archive eth_call per reserve (raw/eth/gap-2026-10-07/top5-risk/aave_legs_raw.json)
lido-earn,0x181cb55f872450d16ae858d532b4e35e50eaa76d@AaveV3,2026-06,borrow_rate:USDe,0.02582016,APR fraction (reserve variable rate),archive eth_call per reserve (raw/eth/gap-2026-10-07/top5-risk/aave_legs_raw.json)
lido-earn,0x181cb55f872450d16ae858d532b4e35e50eaa76d@AaveV3,2026-06,dollar_debt_usd,15918580.6751525,USD (protocol oracle),archive eth_call per reserve (raw/eth/gap-2026-10-07/top5-risk/aave_legs_raw.json)
lido-earn,0x181cb55f872450d16ae858d532b4e35e50eaa76d@AaveV3,2026-06,dollar_debt_usd_prior_dataset,5670361.157651,USD,data/eth/economic-dollar-loans.csv (reused leg debt and quoted APR)
lido-earn,0x181cb55f872450d16ae858d532b4e35e50eaa76d@AaveV3,2026-06,borrow_rate_debt_weighted,0.02820817,APR fraction,archive eth_call per reserve (raw/eth/gap-2026-10-07/top5-risk/aave_legs_raw.json)
lido-earn,0x181cb55f872450d16ae858d532b4e35e50eaa76d@AaveV3,2026-06,ltv,0.41869393,fraction,archive eth_call @ month-end block (raw/eth/gap-2026-10-07/top5-risk/positions_raw.json)
lido-earn,0x181cb55f872450d16ae858d532b4e35e50eaa76d@AaveV3,2026-06,health_factor,1.93458741,ratio,archive eth_call @ month-end block (raw/eth/gap-2026-10-07/top5-risk/positions_raw.json)
lido-earn,0x181cb55f872450d16ae858d532b4e35e50eaa76d@AaveV3,2026-06,dollar_share_of_account_debt,1.0,fraction,derived
lido-earn,0x181cb55f872450d16ae858d532b4e35e50eaa76d@AaveV3,2026-06,liquidation_threshold,0.81,fraction (weighted),archive eth_call @ month-end block (raw/eth/gap-2026-10-07/top5-risk/positions_raw.json)
lido-earn,0x181cb55f872450d16ae858d532b4e35e50eaa76d@SparkV3,2026-06,collateral_usd,9625731.90159284,USD (protocol oracle),archive eth_call @ month-end block (raw/eth/gap-2026-10-07/top5-risk/positions_raw.json)
lido-earn,0x181cb55f872450d16ae858d532b4e35e50eaa76d@SparkV3,2026-06,collateral_usd:wstETH,9625731.90159285,USD (protocol oracle),archive eth_call per reserve (raw/eth/gap-2026-10-07/top5-risk/aave_legs_raw.json)
lido-earn,0x181cb55f872450d16ae858d532b4e35e50eaa76d@SparkV3,2026-06,debt_usd_account_total,4336754.937826,USD (protocol oracle),archive eth_call @ month-end block (raw/eth/gap-2026-10-07/top5-risk/positions_raw.json)
lido-earn,0x181cb55f872450d16ae858d532b4e35e50eaa76d@SparkV3,2026-06,debt_usd:USDT,4336754.937826,USD (protocol oracle),archive eth_call per reserve (raw/eth/gap-2026-10-07/top5-risk/aave_legs_raw.json)
lido-earn,0x181cb55f872450d16ae858d532b4e35e50eaa76d@SparkV3,2026-06,borrow_rate:USDT,0.03516123,APR fraction (reserve variable rate),archive eth_call per reserve (raw/eth/gap-2026-10-07/top5-risk/aave_legs_raw.json)
lido-earn,0x181cb55f872450d16ae858d532b4e35e50eaa76d@SparkV3,2026-06,dollar_debt_usd,4336754.937826,USD (protocol oracle),archive eth_call per reserve (raw/eth/gap-2026-10-07/top5-risk/aave_legs_raw.json)
lido-earn,0x181cb55f872450d16ae858d532b4e35e50eaa76d@SparkV3,2026-06,dollar_debt_usd_prior_dataset,4336754.937826,USD,data/eth/economic-dollar-loans.csv (reused leg debt and quoted APR)
lido-earn,0x181cb55f872450d16ae858d532b4e35e50eaa76d@SparkV3,2026-06,borrow_rate_debt_weighted,0.03516123,APR fraction,archive eth_call per reserve (raw/eth/gap-2026-10-07/top5-risk/aave_legs_raw.json)
lido-earn,0x181cb55f872450d16ae858d532b4e35e50eaa76d@SparkV3,2026-06,ltv,0.45053768,fraction,archive eth_call @ month-end block (raw/eth/gap-2026-10-07/top5-risk/positions_raw.json)
lido-earn,0x181cb55f872450d16ae858d532b4e35e50eaa76d@SparkV3,2026-06,health_factor,1.86443894,ratio,archive eth_call @ month-end block (raw/eth/gap-2026-10-07/top5-risk/positions_raw.json)
lido-earn,0x181cb55f872450d16ae858d532b4e35e50eaa76d@SparkV3,2026-06,dollar_share_of_account_debt,1.0,fraction,derived
lido-earn,0x181cb55f872450d16ae858d532b4e35e50eaa76d@SparkV3,2026-06,liquidation_threshold,0.84,fraction (weighted),archive eth_call @ month-end block (raw/eth/gap-2026-10-07/top5-risk/positions_raw.json)
lido-earn,0x9938a09fea37ba681a1bd53d33ddde2debec1da0@AaveV3,2026-06,collateral_usd,26827.23061437,USD (protocol oracle),archive eth_call @ month-end block (raw/eth/gap-2026-10-07/top5-risk/positions_raw.json)
lido-earn,0x9938a09fea37ba681a1bd53d33ddde2debec1da0@AaveV3,2026-06,collateral_usd:USDe,26827.23061437,USD (protocol oracle),archive eth_call per reserve (raw/eth/gap-2026-10-07/top5-risk/aave_legs_raw.json)
lido-earn,0x9938a09fea37ba681a1bd53d33ddde2debec1da0@AaveV3,2026-06,debt_usd_account_total,2328.45398674,USD (protocol oracle),archive eth_call @ month-end block (raw/eth/gap-2026-10-07/top5-risk/positions_raw.json)
lido-earn,0x9938a09fea37ba681a1bd53d33ddde2debec1da0@AaveV3,2026-06,debt_usd:USDC,2328.45398673,USD (protocol oracle),archive eth_call per reserve (raw/eth/gap-2026-10-07/top5-risk/aave_legs_raw.json)
lido-earn,0x9938a09fea37ba681a1bd53d33ddde2debec1da0@AaveV3,2026-06,borrow_rate:USDC,0.13358397,APR fraction (reserve variable rate),archive eth_call per reserve (raw/eth/gap-2026-10-07/top5-risk/aave_legs_raw.json)
lido-earn,0x9938a09fea37ba681a1bd53d33ddde2debec1da0@AaveV3,2026-06,dollar_debt_usd,2328.45398673,USD (protocol oracle),archive eth_call per reserve (raw/eth/gap-2026-10-07/top5-risk/aave_legs_raw.json)
lido-earn,0x9938a09fea37ba681a1bd53d33ddde2debec1da0@AaveV3,2026-06,dollar_debt_usd_prior_dataset,2329.483199,USD,data/eth/economic-dollar-loans.csv (reused leg debt and quoted APR)
lido-earn,0x9938a09fea37ba681a1bd53d33ddde2debec1da0@AaveV3,2026-06,borrow_rate_debt_weighted,0.13358397,APR fraction,archive eth_call per reserve (raw/eth/gap-2026-10-07/top5-risk/aave_legs_raw.json)
lido-earn,0x9938a09fea37ba681a1bd53d33ddde2debec1da0@AaveV3,2026-06,ltv,0.08679442,fraction,archive eth_call @ month-end block (raw/eth/gap-2026-10-07/top5-risk/positions_raw.json)
lido-earn,0x9938a09fea37ba681a1bd53d33ddde2debec1da0@AaveV3,2026-06,health_factor,10.59975946,ratio,archive eth_call @ month-end block (raw/eth/gap-2026-10-07/top5-risk/positions_raw.json)
lido-earn,0x9938a09fea37ba681a1bd53d33ddde2debec1da0@AaveV3,2026-06,dollar_share_of_account_debt,1.0,fraction,derived
lido-earn,0x9938a09fea37ba681a1bd53d33ddde2debec1da0@AaveV3,2026-06,liquidation_threshold,0.92,fraction (weighted),archive eth_call @ month-end block (raw/eth/gap-2026-10-07/top5-risk/positions_raw.json)
lido-earn,0x9938a09fea37ba681a1bd53d33ddde2debec1da0@AaveV3,2026-06,classification,1,"flag: USDe/sUSDe e-mode stable loop, excluded from ALL",getUserConfiguration/getUserEMode
avant,0x6cc60a0b57bc882a0471980d0e2d4ad7ddf3c4bd@AaveV3,2026-06,collateral_usd,6185303.06727575,USD (protocol oracle),archive eth_call @ month-end block (raw/eth/gap-2026-10-07/top5-risk/positions_raw.json)
avant,0x6cc60a0b57bc882a0471980d0e2d4ad7ddf3c4bd@AaveV3,2026-06,collateral_usd:WETH,3441279.9041804,USD (protocol oracle),archive eth_call per reserve (raw/eth/gap-2026-10-07/top5-risk/aave_legs_raw.json)
avant,0x6cc60a0b57bc882a0471980d0e2d4ad7ddf3c4bd@AaveV3,2026-06,collateral_usd:wstETH,2521468.37715992,USD (protocol oracle),archive eth_call per reserve (raw/eth/gap-2026-10-07/top5-risk/aave_legs_raw.json)
avant,0x6cc60a0b57bc882a0471980d0e2d4ad7ddf3c4bd@AaveV3,2026-06,collateral_usd:weETH,222554.78593543,USD (protocol oracle),archive eth_call per reserve (raw/eth/gap-2026-10-07/top5-risk/aave_legs_raw.json)
avant,0x6cc60a0b57bc882a0471980d0e2d4ad7ddf3c4bd@AaveV3,2026-06,debt_usd_account_total,3711455.17993251,USD (protocol oracle),archive eth_call @ month-end block (raw/eth/gap-2026-10-07/top5-risk/positions_raw.json)
avant,0x6cc60a0b57bc882a0471980d0e2d4ad7ddf3c4bd@AaveV3,2026-06,debt_usd:USDC,925096.48225301,USD (protocol oracle),archive eth_call per reserve (raw/eth/gap-2026-10-07/top5-risk/aave_legs_raw.json)
avant,0x6cc60a0b57bc882a0471980d0e2d4ad7ddf3c4bd@AaveV3,2026-06,borrow_rate:USDC,0.13358397,APR fraction (reserve variable rate),archive eth_call per reserve (raw/eth/gap-2026-10-07/top5-risk/aave_legs_raw.json)
avant,0x6cc60a0b57bc882a0471980d0e2d4ad7ddf3c4bd@AaveV3,2026-06,debt_usd:USDT,2516677.15147807,USD (protocol oracle),archive eth_call per reserve (raw/eth/gap-2026-10-07/top5-risk/aave_legs_raw.json)
avant,0x6cc60a0b57bc882a0471980d0e2d4ad7ddf3c4bd@AaveV3,2026-06,borrow_rate:USDT,0.03253536,APR fraction (reserve variable rate),archive eth_call per reserve (raw/eth/gap-2026-10-07/top5-risk/aave_legs_raw.json)
avant,0x6cc60a0b57bc882a0471980d0e2d4ad7ddf3c4bd@AaveV3,2026-06,debt_usd:USDe,269681.54620142,USD (protocol oracle),archive eth_call per reserve (raw/eth/gap-2026-10-07/top5-risk/aave_legs_raw.json)
avant,0x6cc60a0b57bc882a0471980d0e2d4ad7ddf3c4bd@AaveV3,2026-06,borrow_rate:USDe,0.02582016,APR fraction (reserve variable rate),archive eth_call per reserve (raw/eth/gap-2026-10-07/top5-risk/aave_legs_raw.json)
avant,0x6cc60a0b57bc882a0471980d0e2d4ad7ddf3c4bd@AaveV3,2026-06,dollar_debt_usd,3711455.1799325,USD (protocol oracle),archive eth_call per reserve (raw/eth/gap-2026-10-07/top5-risk/aave_legs_raw.json)
avant,0x6cc60a0b57bc882a0471980d0e2d4ad7ddf3c4bd@AaveV3,2026-06,dollar_debt_usd_prior_dataset,925505.389044,USD,data/eth/economic-dollar-loans.csv (reused leg debt and quoted APR)
avant,0x6cc60a0b57bc882a0471980d0e2d4ad7ddf3c4bd@AaveV3,2026-06,borrow_rate_debt_weighted,0.05723423,APR fraction,archive eth_call per reserve (raw/eth/gap-2026-10-07/top5-risk/aave_legs_raw.json)
avant,0x6cc60a0b57bc882a0471980d0e2d4ad7ddf3c4bd@AaveV3,2026-06,ltv,0.60004419,fraction,archive eth_call @ month-end block (raw/eth/gap-2026-10-07/top5-risk/positions_raw.json)
avant,0x6cc60a0b57bc882a0471980d0e2d4ad7ddf3c4bd@AaveV3,2026-06,health_factor,1.36784503,ratio,archive eth_call @ month-end block (raw/eth/gap-2026-10-07/top5-risk/positions_raw.json)
avant,0x6cc60a0b57bc882a0471980d0e2d4ad7ddf3c4bd@AaveV3,2026-06,dollar_share_of_account_debt,1.0,fraction,derived
avant,0x6cc60a0b57bc882a0471980d0e2d4ad7ddf3c4bd@AaveV3,2026-06,liquidation_threshold,0.8207,fraction (weighted),archive eth_call @ month-end block (raw/eth/gap-2026-10-07/top5-risk/positions_raw.json)
avant,0x6cc60a0b57bc882a0471980d0e2d4ad7ddf3c4bd@SparkV3,2026-06,collateral_usd,0.0007357,USD (protocol oracle),archive eth_call @ month-end block (raw/eth/gap-2026-10-07/top5-risk/positions_raw.json)
avant,0x6cc60a0b57bc882a0471980d0e2d4ad7ddf3c4bd@SparkV3,2026-06,collateral_usd:weETH,0.00073571,USD (protocol oracle),archive eth_call per reserve (raw/eth/gap-2026-10-07/top5-risk/aave_legs_raw.json)
avant,0x6cc60a0b57bc882a0471980d0e2d4ad7ddf3c4bd@SparkV3,2026-06,debt_usd_account_total,0.000873,USD (protocol oracle),archive eth_call @ month-end block (raw/eth/gap-2026-10-07/top5-risk/positions_raw.json)
avant,0x6cc60a0b57bc882a0471980d0e2d4ad7ddf3c4bd@SparkV3,2026-06,debt_usd:USDC,0.000873,USD (protocol oracle),archive eth_call per reserve (raw/eth/gap-2026-10-07/top5-risk/aave_legs_raw.json)
avant,0x6cc60a0b57bc882a0471980d0e2d4ad7ddf3c4bd@SparkV3,2026-06,borrow_rate:USDC,0.04509296,APR fraction (reserve variable rate),archive eth_call per reserve (raw/eth/gap-2026-10-07/top5-risk/aave_legs_raw.json)
avant,0x6cc60a0b57bc882a0471980d0e2d4ad7ddf3c4bd@SparkV3,2026-06,dollar_debt_usd,0.000873,USD (protocol oracle),archive eth_call per reserve (raw/eth/gap-2026-10-07/top5-risk/aave_legs_raw.json)
avant,0x6cc60a0b57bc882a0471980d0e2d4ad7ddf3c4bd@SparkV3,2026-06,dollar_debt_usd_prior_dataset,0,USD,data/eth/economic-dollar-loans.csv (reused leg debt and quoted APR)
avant,0x6cc60a0b57bc882a0471980d0e2d4ad7ddf3c4bd@SparkV3,2026-06,borrow_rate_debt_weighted,0.04509296,APR fraction,archive eth_call per reserve (raw/eth/gap-2026-10-07/top5-risk/aave_legs_raw.json)
avant,0x6cc60a0b57bc882a0471980d0e2d4ad7ddf3c4bd@SparkV3,2026-06,ltv,1.18662498,fraction,archive eth_call @ month-end block (raw/eth/gap-2026-10-07/top5-risk/positions_raw.json)
avant,0x6cc60a0b57bc882a0471980d0e2d4ad7ddf3c4bd@SparkV3,2026-06,health_factor,0.67418099,ratio,archive eth_call @ month-end block (raw/eth/gap-2026-10-07/top5-risk/positions_raw.json)
avant,0x6cc60a0b57bc882a0471980d0e2d4ad7ddf3c4bd@SparkV3,2026-06,dollar_share_of_account_debt,1.0,fraction,derived
avant,0x6cc60a0b57bc882a0471980d0e2d4ad7ddf3c4bd@SparkV3,2026-06,liquidation_threshold,0.8,fraction (weighted),archive eth_call @ month-end block (raw/eth/gap-2026-10-07/top5-risk/positions_raw.json)
liquid,0xc936e848688c9f035fa0e7a0e4dbcf26a01245f3@Morpho:weETH/RLUSD,2026-06,collateral_usd,17206689.84387386,"USD (Morpho oracle, loan-token units)",archive eth_call @ month-end block (raw/eth/gap-2026-10-07/top5-risk/positions_raw.json)
liquid,0xc936e848688c9f035fa0e7a0e4dbcf26a01245f3@Morpho:weETH/RLUSD,2026-06,collateral_weeth,10001.35196025,weETH,archive eth_call @ month-end block (raw/eth/gap-2026-10-07/top5-risk/positions_raw.json)
liquid,0xc936e848688c9f035fa0e7a0e4dbcf26a01245f3@Morpho:weETH/RLUSD,2026-06,dollar_debt_usd,11991232.7295932,"USD (loan-token face, stored index)",archive eth_call @ month-end block (raw/eth/gap-2026-10-07/top5-risk/positions_raw.json)
liquid,0xc936e848688c9f035fa0e7a0e4dbcf26a01245f3@Morpho:weETH/RLUSD,2026-06,liquidation_threshold,0.86,fraction (LLTV),archive eth_call @ month-end block (raw/eth/gap-2026-10-07/top5-risk/positions_raw.json)
liquid,0xc936e848688c9f035fa0e7a0e4dbcf26a01245f3@Morpho:weETH/RLUSD,2026-06,ltv,0.69689364,fraction,archive eth_call @ month-end block (raw/eth/gap-2026-10-07/top5-risk/positions_raw.json)
liquid,0xc936e848688c9f035fa0e7a0e4dbcf26a01245f3@Morpho:weETH/RLUSD,2026-06,health_factor,1.23404771,ratio (LLTV x collateral / debt),derived
liquid,0xc936e848688c9f035fa0e7a0e4dbcf26a01245f3@Morpho:weETH/RLUSD,2026-06,borrow_rate_debt_weighted,0.03015027,APR fraction,data/eth/economic-dollar-loans.csv (reused leg debt and quoted APR)
yieldbasis,0x5f8d24f33cc5a1d5d1bf012261e6a2214c92233c@YB-LEVAMM (LT 0x2b9c9f3b),2026-06,collateral_usd,15843320.76810355,crvUSD (LP x LP oracle),archive eth_call @ month-end block (raw/eth/gap-2026-10-07/top5-risk/positions_raw.json)
yieldbasis,0x5f8d24f33cc5a1d5d1bf012261e6a2214c92233c@YB-LEVAMM (LT 0x2b9c9f3b),2026-06,dollar_debt_usd,7946447.27581457,crvUSD face,archive eth_call @ month-end block (raw/eth/gap-2026-10-07/top5-risk/positions_raw.json)
yieldbasis,0x5f8d24f33cc5a1d5d1bf012261e6a2214c92233c@YB-LEVAMM (LT 0x2b9c9f3b),2026-06,ltv,0.5015645,fraction,archive eth_call @ month-end block (raw/eth/gap-2026-10-07/top5-risk/positions_raw.json)
yieldbasis,0x5f8d24f33cc5a1d5d1bf012261e6a2214c92233c@YB-LEVAMM (LT 0x2b9c9f3b),2026-06,liquidation_threshold,0.5625,"fraction (LEVAMM critical debt/value, L=2; no liquidation engine)",LEVAMM source get_x0
yieldbasis,0x5f8d24f33cc5a1d5d1bf012261e6a2214c92233c@YB-LEVAMM (LT 0x2b9c9f3b),2026-06,max_safe_ltv,0.53125,fraction (deposit-time MAX_SAFE_DEBT),LEVAMM source __init__
yieldbasis,0x5f8d24f33cc5a1d5d1bf012261e6a2214c92233c@YB-LEVAMM (LT 0x2b9c9f3b),2026-06,target_ltv,0.5,fraction ((L-1)/L),LEVAMM source
yieldbasis,0x5f8d24f33cc5a1d5d1bf012261e6a2214c92233c@YB-LEVAMM (LT 0x2b9c9f3b),2026-06,health_factor,1.12149085,ratio (critical LTV / LTV),derived
yieldbasis,0x5f8d24f33cc5a1d5d1bf012261e6a2214c92233c@YB-LEVAMM (LT 0x2b9c9f3b),2026-06,net_value_usd,7896716.40346228,crvUSD (value_oracle),archive eth_call @ month-end block (raw/eth/gap-2026-10-07/top5-risk/positions_raw.json)
yieldbasis,0x5f8d24f33cc5a1d5d1bf012261e6a2214c92233c@YB-LEVAMM (LT 0x2b9c9f3b),2026-06,borrow_rate_debt_weighted,0.1,APR fraction (AMM rate()),archive eth_call @ month-end block (raw/eth/gap-2026-10-07/top5-risk/positions_raw.json)
liquity,0xb9e806e8f2d94c015ffefa90cd24ecce18f1663c@Ebisu-wstETH trove 0x17fde209,2026-06,collateral_usd,831237.66869,USD (branch lastGoodPrice),archive eth_call @ month-end block (raw/eth/gap-2026-10-07/top5-risk/positions_raw.json)
liquity,0xb9e806e8f2d94c015ffefa90cd24ecce18f1663c@Ebisu-wstETH trove 0x17fde209,2026-06,collateral_wsteth,427.31301052,wstETH,archive eth_call @ month-end block (raw/eth/gap-2026-10-07/top5-risk/positions_raw.json)
liquity,0xb9e806e8f2d94c015ffefa90cd24ecce18f1663c@Ebisu-wstETH trove 0x17fde209,2026-06,dollar_debt_usd,465004.12366864,ebUSD face,archive eth_call @ month-end block (raw/eth/gap-2026-10-07/top5-risk/positions_raw.json)
liquity,0xb9e806e8f2d94c015ffefa90cd24ecce18f1663c@Ebisu-wstETH trove 0x17fde209,2026-06,ltv,0.55941176,fraction,archive eth_call @ month-end block (raw/eth/gap-2026-10-07/top5-risk/positions_raw.json)
liquity,0xb9e806e8f2d94c015ffefa90cd24ecce18f1663c@Ebisu-wstETH trove 0x17fde209,2026-06,liquidation_threshold,0.83333333,fraction (1/MCR),trove_final_rpc.json MCR
liquity,0xb9e806e8f2d94c015ffefa90cd24ecce18f1663c@Ebisu-wstETH trove 0x17fde209,2026-06,health_factor,1.48966003,ratio (ICR / MCR),derived
liquity,0xb9e806e8f2d94c015ffefa90cd24ecce18f1663c@Ebisu-wstETH trove 0x17fde209,2026-06,borrow_rate_debt_weighted,0.0327,APR fraction (trove annualInterestRate),archive eth_call @ month-end block (raw/eth/gap-2026-10-07/top5-risk/positions_raw.json)
destinations,senRLUSDv2,2026-06,share_price,1.00623733,asset per share,archive eth_call @ month-end block (raw/eth/gap-2026-10-07/top5-risk/positions_raw.json)
destinations,senRLUSDv2,2026-06,parking_yield_apr_month,0.01762375,"APR fraction (simple, since previous sample)",derived from share_price
destinations,senPYUSDPRIMEv2,2026-06,share_price,2.005954,asset per share,archive eth_call @ month-end block (raw/eth/gap-2026-10-07/top5-risk/positions_raw.json)
destinations,senPYUSDPRIMEv2,2026-06,parking_yield_apr_month,0.03238357,"APR fraction (simple, since previous sample)",derived from share_price
destinations,stcUSD,2026-06,share_price,1.06859622,asset per share,archive eth_call @ month-end block (raw/eth/gap-2026-10-07/top5-risk/positions_raw.json)
destinations,stcUSD,2026-06,parking_yield_apr_month,0.05047926,"APR fraction (simple, since previous sample)",derived from share_price
destinations,PRIME,2026-06,share_price,1.045409,asset per share,archive eth_call @ month-end block (raw/eth/gap-2026-10-07/top5-risk/positions_raw.json)
destinations,PRIME,2026-06,parking_yield_apr_month,0.05910515,"APR fraction (simple, since previous sample)",derived from share_price
destinations,earnUSD,2026-06,share_price,1.01847536,asset per share,archive eth_call @ month-end block (raw/eth/gap-2026-10-07/top5-risk/positions_raw.json)
destinations,earnUSD,2026-06,parking_yield_apr_month,0.07048964,"APR fraction (simple, since previous sample)",derived from share_price
destinations,curve_ebUSD_USDC,2026-06,share_price,1.0068647,asset per share,archive eth_call @ month-end block (raw/eth/gap-2026-10-07/top5-risk/positions_raw.json)
destinations,curve_ebUSD_USDC,2026-06,parking_yield_apr_month,0.00911679,"APR fraction (simple, since previous sample)",derived from share_price
destinations,yb_curve_WETH_crvUSD_lp,2026-06,share_price,1.01373212,asset per share,archive eth_call @ month-end block (raw/eth/gap-2026-10-07/top5-risk/positions_raw.json)
destinations,yb_curve_WETH_crvUSD_lp,2026-06,parking_yield_apr_month,0.15789858,"APR fraction (simple, since previous sample)",derived from share_price
lido-earn,ALL,2026-06,collateral_usd,47645344.03814708,USD (dollar-debt share of account collateral),derived
lido-earn,ALL,2026-06,dollar_debt_usd,20255335.6129785,USD,derived
lido-earn,ALL,2026-06,ltv,0.42512728,fraction,derived
lido-earn,ALL,2026-06,liquidation_threshold,0.81606086,fraction (collateral-weighted),derived
lido-earn,ALL,2026-06,health_factor,1.91956832,ratio (aggregate),derived
lido-earn,ALL,2026-06,borrow_rate_debt_weighted,0.02969685,APR fraction,derived
avant,ALL,2026-06,collateral_usd,6185303.06801143,USD (dollar-debt share of account collateral),derived
avant,ALL,2026-06,dollar_debt_usd,3711455.1808055,USD,derived
avant,ALL,2026-06,ltv,0.60004419,fraction,derived
avant,ALL,2026-06,liquidation_threshold,0.8207,fraction (collateral-weighted),derived
avant,ALL,2026-06,health_factor,1.3677326,ratio (aggregate),derived
avant,ALL,2026-06,borrow_rate_debt_weighted,0.05723423,APR fraction,derived
liquid,ALL,2026-06,collateral_usd,17206689.84387386,USD (dollar-debt share of account collateral),derived
liquid,ALL,2026-06,dollar_debt_usd,11991232.7295932,USD,derived
liquid,ALL,2026-06,ltv,0.69689364,fraction,derived
liquid,ALL,2026-06,liquidation_threshold,0.86,fraction (collateral-weighted),derived
liquid,ALL,2026-06,health_factor,1.23404771,ratio (aggregate),derived
liquid,ALL,2026-06,borrow_rate_debt_weighted,0.03015027,APR fraction,derived
yieldbasis,ALL,2026-06,collateral_usd,15843320.76810355,USD (dollar-debt share of account collateral),derived
yieldbasis,ALL,2026-06,dollar_debt_usd,7946447.27581457,USD,derived
yieldbasis,ALL,2026-06,ltv,0.5015645,fraction,derived
yieldbasis,ALL,2026-06,liquidation_threshold,0.5625,fraction (collateral-weighted),derived
yieldbasis,ALL,2026-06,health_factor,1.12149085,ratio (aggregate),derived
yieldbasis,ALL,2026-06,borrow_rate_debt_weighted,0.1,APR fraction,derived
liquity,ALL,2026-06,collateral_usd,831237.66869,USD (dollar-debt share of account collateral),derived
liquity,ALL,2026-06,dollar_debt_usd,465004.12366864,USD,derived
liquity,ALL,2026-06,ltv,0.55941176,fraction,derived
liquity,ALL,2026-06,liquidation_threshold,0.83333333,fraction (collateral-weighted),derived
liquity,ALL,2026-06,health_factor,1.48966003,ratio (aggregate),derived
liquity,ALL,2026-06,borrow_rate_debt_weighted,0.0327,APR fraction,derived
all,chainlink:ETH/USD,2026-07,eth_usd,1861.96547515,USD,archive eth_call @ month-end block (raw/eth/gap-2026-10-07/top5-risk/positions_raw.json)
liquid,0x0a42b2f3a0d54157dbd7cc346335a4f1909fc02c@AaveV3,2026-07,collateral_usd,27146773.35957054,USD (protocol oracle),archive eth_call @ month-end block (raw/eth/gap-2026-10-07/top5-risk/positions_raw.json)
liquid,0x0a42b2f3a0d54157dbd7cc346335a4f1909fc02c@AaveV3,2026-07,collateral_usd:weETH,27146773.35957055,USD (protocol oracle),archive eth_call per reserve (raw/eth/gap-2026-10-07/top5-risk/aave_legs_raw.json)
liquid,0x0a42b2f3a0d54157dbd7cc346335a4f1909fc02c@AaveV3,2026-07,debt_usd_account_total,13800081.97263657,USD (protocol oracle),archive eth_call @ month-end block (raw/eth/gap-2026-10-07/top5-risk/positions_raw.json)
liquid,0x0a42b2f3a0d54157dbd7cc346335a4f1909fc02c@AaveV3,2026-07,debt_usd:USDC,13800081.97263657,USD (protocol oracle),archive eth_call per reserve (raw/eth/gap-2026-10-07/top5-risk/aave_legs_raw.json)
liquid,0x0a42b2f3a0d54157dbd7cc346335a4f1909fc02c@AaveV3,2026-07,borrow_rate:USDC,0.13961108,APR fraction (reserve variable rate),archive eth_call per reserve (raw/eth/gap-2026-10-07/top5-risk/aave_legs_raw.json)
liquid,0x0a42b2f3a0d54157dbd7cc346335a4f1909fc02c@AaveV3,2026-07,dollar_debt_usd,13800081.97263657,USD (protocol oracle),archive eth_call per reserve (raw/eth/gap-2026-10-07/top5-risk/aave_legs_raw.json)
liquid,0x0a42b2f3a0d54157dbd7cc346335a4f1909fc02c@AaveV3,2026-07,dollar_debt_usd_prior_dataset,13802704.486489,USD,data/eth/economic-dollar-loans.csv (reused leg debt and quoted APR)
liquid,0x0a42b2f3a0d54157dbd7cc346335a4f1909fc02c@AaveV3,2026-07,borrow_rate_debt_weighted,0.13961108,APR fraction,archive eth_call per reserve (raw/eth/gap-2026-10-07/top5-risk/aave_legs_raw.json)
liquid,0x0a42b2f3a0d54157dbd7cc346335a4f1909fc02c@AaveV3,2026-07,ltv,0.50835073,fraction,archive eth_call @ month-end block (raw/eth/gap-2026-10-07/top5-risk/positions_raw.json)
liquid,0x0a42b2f3a0d54157dbd7cc346335a4f1909fc02c@AaveV3,2026-07,health_factor,1.57371664,ratio,archive eth_call @ month-end block (raw/eth/gap-2026-10-07/top5-risk/positions_raw.json)
liquid,0x0a42b2f3a0d54157dbd7cc346335a4f1909fc02c@AaveV3,2026-07,dollar_share_of_account_debt,1.0,fraction,derived
liquid,0x0a42b2f3a0d54157dbd7cc346335a4f1909fc02c@AaveV3,2026-07,liquidation_threshold,0.8,fraction (weighted),archive eth_call @ month-end block (raw/eth/gap-2026-10-07/top5-risk/positions_raw.json)
lido-earn,0x181cb55f872450d16ae858d532b4e35e50eaa76d@AaveV3,2026-07,collateral_usd,54414147.77919512,USD (protocol oracle),archive eth_call @ month-end block (raw/eth/gap-2026-10-07/top5-risk/positions_raw.json)
lido-earn,0x181cb55f872450d16ae858d532b4e35e50eaa76d@AaveV3,2026-07,collateral_usd:wstETH,54414147.77919512,USD (protocol oracle),archive eth_call per reserve (raw/eth/gap-2026-10-07/top5-risk/aave_legs_raw.json)
lido-earn,0x181cb55f872450d16ae858d532b4e35e50eaa76d@AaveV3,2026-07,debt_usd_account_total,20392712.35729507,USD (protocol oracle),archive eth_call @ month-end block (raw/eth/gap-2026-10-07/top5-risk/positions_raw.json)
lido-earn,0x181cb55f872450d16ae858d532b4e35e50eaa76d@AaveV3,2026-07,debt_usd:USDT,1175258.75471474,USD (protocol oracle),archive eth_call per reserve (raw/eth/gap-2026-10-07/top5-risk/aave_legs_raw.json)
lido-earn,0x181cb55f872450d16ae858d532b4e35e50eaa76d@AaveV3,2026-07,borrow_rate:USDT,0.03591813,APR fraction (reserve variable rate),archive eth_call per reserve (raw/eth/gap-2026-10-07/top5-risk/aave_legs_raw.json)
lido-earn,0x181cb55f872450d16ae858d532b4e35e50eaa76d@AaveV3,2026-07,debt_usd:USDe,19217453.60258032,USD (protocol oracle),archive eth_call per reserve (raw/eth/gap-2026-10-07/top5-risk/aave_legs_raw.json)
lido-earn,0x181cb55f872450d16ae858d532b4e35e50eaa76d@AaveV3,2026-07,borrow_rate:USDe,0.03149694,APR fraction (reserve variable rate),archive eth_call per reserve (raw/eth/gap-2026-10-07/top5-risk/aave_legs_raw.json)
lido-earn,0x181cb55f872450d16ae858d532b4e35e50eaa76d@AaveV3,2026-07,dollar_debt_usd,20392712.35729506,USD (protocol oracle),archive eth_call per reserve (raw/eth/gap-2026-10-07/top5-risk/aave_legs_raw.json)
lido-earn,0x181cb55f872450d16ae858d532b4e35e50eaa76d@AaveV3,2026-07,dollar_debt_usd_prior_dataset,1176511.551275,USD,data/eth/economic-dollar-loans.csv (reused leg debt and quoted APR)
lido-earn,0x181cb55f872450d16ae858d532b4e35e50eaa76d@AaveV3,2026-07,borrow_rate_debt_weighted,0.03175174,APR fraction,archive eth_call per reserve (raw/eth/gap-2026-10-07/top5-risk/aave_legs_raw.json)
lido-earn,0x181cb55f872450d16ae858d532b4e35e50eaa76d@AaveV3,2026-07,ltv,0.37476857,fraction,archive eth_call @ month-end block (raw/eth/gap-2026-10-07/top5-risk/positions_raw.json)
lido-earn,0x181cb55f872450d16ae858d532b4e35e50eaa76d@AaveV3,2026-07,health_factor,2.16133386,ratio,archive eth_call @ month-end block (raw/eth/gap-2026-10-07/top5-risk/positions_raw.json)
lido-earn,0x181cb55f872450d16ae858d532b4e35e50eaa76d@AaveV3,2026-07,dollar_share_of_account_debt,1.0,fraction,derived
lido-earn,0x181cb55f872450d16ae858d532b4e35e50eaa76d@AaveV3,2026-07,liquidation_threshold,0.81,fraction (weighted),archive eth_call @ month-end block (raw/eth/gap-2026-10-07/top5-risk/positions_raw.json)
lido-earn,0x181cb55f872450d16ae858d532b4e35e50eaa76d@SparkV3,2026-07,collateral_usd,1339.20175179,USD (protocol oracle),archive eth_call @ month-end block (raw/eth/gap-2026-10-07/top5-risk/positions_raw.json)
lido-earn,0x181cb55f872450d16ae858d532b4e35e50eaa76d@SparkV3,2026-07,collateral_usd:wstETH,1339.2017518,USD (protocol oracle),archive eth_call per reserve (raw/eth/gap-2026-10-07/top5-risk/aave_legs_raw.json)
lido-earn,0x181cb55f872450d16ae858d532b4e35e50eaa76d@SparkV3,2026-07,debt_usd_account_total,0.0,USD (protocol oracle),archive eth_call @ month-end block (raw/eth/gap-2026-10-07/top5-risk/positions_raw.json)
lido-earn,0x181cb55f872450d16ae858d532b4e35e50eaa76d@SparkV3,2026-07,dollar_debt_usd,0,USD (protocol oracle),archive eth_call per reserve (raw/eth/gap-2026-10-07/top5-risk/aave_legs_raw.json)
lido-earn,0x181cb55f872450d16ae858d532b4e35e50eaa76d@SparkV3,2026-07,dollar_debt_usd_prior_dataset,0,USD,data/eth/economic-dollar-loans.csv (reused leg debt and quoted APR)
lido-earn,0x181cb55f872450d16ae858d532b4e35e50eaa76d@SparkV3,2026-07,liquidation_threshold,0.84,fraction (weighted),archive eth_call @ month-end block (raw/eth/gap-2026-10-07/top5-risk/positions_raw.json)
lido-earn,0x9938a09fea37ba681a1bd53d33ddde2debec1da0@AaveV3,2026-07,collateral_usd,26871.64912517,USD (protocol oracle),archive eth_call @ month-end block (raw/eth/gap-2026-10-07/top5-risk/positions_raw.json)
lido-earn,0x9938a09fea37ba681a1bd53d33ddde2debec1da0@AaveV3,2026-07,collateral_usd:USDe,26871.64912517,USD (protocol oracle),archive eth_call per reserve (raw/eth/gap-2026-10-07/top5-risk/aave_legs_raw.json)
lido-earn,0x9938a09fea37ba681a1bd53d33ddde2debec1da0@AaveV3,2026-07,debt_usd_account_total,2337.56604305,USD (protocol oracle),archive eth_call @ month-end block (raw/eth/gap-2026-10-07/top5-risk/positions_raw.json)
lido-earn,0x9938a09fea37ba681a1bd53d33ddde2debec1da0@AaveV3,2026-07,debt_usd:USDC,2337.56604305,USD (protocol oracle),archive eth_call per reserve (raw/eth/gap-2026-10-07/top5-risk/aave_legs_raw.json)
lido-earn,0x9938a09fea37ba681a1bd53d33ddde2debec1da0@AaveV3,2026-07,borrow_rate:USDC,0.13961108,APR fraction (reserve variable rate),archive eth_call per reserve (raw/eth/gap-2026-10-07/top5-risk/aave_legs_raw.json)
lido-earn,0x9938a09fea37ba681a1bd53d33ddde2debec1da0@AaveV3,2026-07,dollar_debt_usd,2337.56604305,USD (protocol oracle),archive eth_call per reserve (raw/eth/gap-2026-10-07/top5-risk/aave_legs_raw.json)
lido-earn,0x9938a09fea37ba681a1bd53d33ddde2debec1da0@AaveV3,2026-07,dollar_debt_usd_prior_dataset,2338.010265,USD,data/eth/economic-dollar-loans.csv (reused leg debt and quoted APR)
lido-earn,0x9938a09fea37ba681a1bd53d33ddde2debec1da0@AaveV3,2026-07,borrow_rate_debt_weighted,0.13961108,APR fraction,archive eth_call per reserve (raw/eth/gap-2026-10-07/top5-risk/aave_legs_raw.json)
lido-earn,0x9938a09fea37ba681a1bd53d33ddde2debec1da0@AaveV3,2026-07,ltv,0.08699005,fraction,archive eth_call @ month-end block (raw/eth/gap-2026-10-07/top5-risk/positions_raw.json)
lido-earn,0x9938a09fea37ba681a1bd53d33ddde2debec1da0@AaveV3,2026-07,health_factor,10.57592245,ratio,archive eth_call @ month-end block (raw/eth/gap-2026-10-07/top5-risk/positions_raw.json)
lido-earn,0x9938a09fea37ba681a1bd53d33ddde2debec1da0@AaveV3,2026-07,dollar_share_of_account_debt,1.0,fraction,derived
lido-earn,0x9938a09fea37ba681a1bd53d33ddde2debec1da0@AaveV3,2026-07,liquidation_threshold,0.92,fraction (weighted),archive eth_call @ month-end block (raw/eth/gap-2026-10-07/top5-risk/positions_raw.json)
lido-earn,0x9938a09fea37ba681a1bd53d33ddde2debec1da0@AaveV3,2026-07,classification,1,"flag: USDe/sUSDe e-mode stable loop, excluded from ALL",getUserConfiguration/getUserEMode
avant,0x6cc60a0b57bc882a0471980d0e2d4ad7ddf3c4bd@AaveV3,2026-07,collateral_usd,14329759.65443009,USD (protocol oracle),archive eth_call @ month-end block (raw/eth/gap-2026-10-07/top5-risk/positions_raw.json)
avant,0x6cc60a0b57bc882a0471980d0e2d4ad7ddf3c4bd@AaveV3,2026-07,collateral_usd:WETH,5857788.76867261,USD (protocol oracle),archive eth_call per reserve (raw/eth/gap-2026-10-07/top5-risk/aave_legs_raw.json)
avant,0x6cc60a0b57bc882a0471980d0e2d4ad7ddf3c4bd@AaveV3,2026-07,collateral_usd:wstETH,3002240.13340001,USD (protocol oracle),archive eth_call per reserve (raw/eth/gap-2026-10-07/top5-risk/aave_legs_raw.json)
avant,0x6cc60a0b57bc882a0471980d0e2d4ad7ddf3c4bd@AaveV3,2026-07,collateral_usd:weETH,5469730.75235748,USD (protocol oracle),archive eth_call per reserve (raw/eth/gap-2026-10-07/top5-risk/aave_legs_raw.json)
avant,0x6cc60a0b57bc882a0471980d0e2d4ad7ddf3c4bd@AaveV3,2026-07,debt_usd_account_total,8665055.26000371,USD (protocol oracle),archive eth_call @ month-end block (raw/eth/gap-2026-10-07/top5-risk/positions_raw.json)
avant,0x6cc60a0b57bc882a0471980d0e2d4ad7ddf3c4bd@AaveV3,2026-07,debt_usd:USDT,1276619.09900232,USD (protocol oracle),archive eth_call per reserve (raw/eth/gap-2026-10-07/top5-risk/aave_legs_raw.json)
avant,0x6cc60a0b57bc882a0471980d0e2d4ad7ddf3c4bd@AaveV3,2026-07,borrow_rate:USDT,0.03591813,APR fraction (reserve variable rate),archive eth_call per reserve (raw/eth/gap-2026-10-07/top5-risk/aave_legs_raw.json)
avant,0x6cc60a0b57bc882a0471980d0e2d4ad7ddf3c4bd@AaveV3,2026-07,debt_usd:USDe,7388436.16100137,USD (protocol oracle),archive eth_call per reserve (raw/eth/gap-2026-10-07/top5-risk/aave_legs_raw.json)
avant,0x6cc60a0b57bc882a0471980d0e2d4ad7ddf3c4bd@AaveV3,2026-07,borrow_rate:USDe,0.03149694,APR fraction (reserve variable rate),archive eth_call per reserve (raw/eth/gap-2026-10-07/top5-risk/aave_legs_raw.json)
avant,0x6cc60a0b57bc882a0471980d0e2d4ad7ddf3c4bd@AaveV3,2026-07,dollar_debt_usd,8665055.2600037,USD (protocol oracle),archive eth_call per reserve (raw/eth/gap-2026-10-07/top5-risk/aave_legs_raw.json)
avant,0x6cc60a0b57bc882a0471980d0e2d4ad7ddf3c4bd@AaveV3,2026-07,dollar_debt_usd_prior_dataset,0,USD,data/eth/economic-dollar-loans.csv (reused leg debt and quoted APR)
avant,0x6cc60a0b57bc882a0471980d0e2d4ad7ddf3c4bd@AaveV3,2026-07,borrow_rate_debt_weighted,0.03214831,APR fraction,archive eth_call per reserve (raw/eth/gap-2026-10-07/top5-risk/aave_legs_raw.json)
avant,0x6cc60a0b57bc882a0471980d0e2d4ad7ddf3c4bd@AaveV3,2026-07,ltv,0.6046895,fraction,archive eth_call @ month-end block (raw/eth/gap-2026-10-07/top5-risk/positions_raw.json)
avant,0x6cc60a0b57bc882a0471980d0e2d4ad7ddf3c4bd@AaveV3,2026-07,health_factor,1.34673853,ratio,archive eth_call @ month-end block (raw/eth/gap-2026-10-07/top5-risk/positions_raw.json)
avant,0x6cc60a0b57bc882a0471980d0e2d4ad7ddf3c4bd@AaveV3,2026-07,dollar_share_of_account_debt,1.0,fraction,derived
avant,0x6cc60a0b57bc882a0471980d0e2d4ad7ddf3c4bd@AaveV3,2026-07,liquidation_threshold,0.8143,fraction (weighted),archive eth_call @ month-end block (raw/eth/gap-2026-10-07/top5-risk/positions_raw.json)
avant,0x6cc60a0b57bc882a0471980d0e2d4ad7ddf3c4bd@SparkV3,2026-07,collateral_usd,0.00087597,USD (protocol oracle),archive eth_call @ month-end block (raw/eth/gap-2026-10-07/top5-risk/positions_raw.json)
avant,0x6cc60a0b57bc882a0471980d0e2d4ad7ddf3c4bd@SparkV3,2026-07,collateral_usd:weETH,0.00087598,USD (protocol oracle),archive eth_call per reserve (raw/eth/gap-2026-10-07/top5-risk/aave_legs_raw.json)
avant,0x6cc60a0b57bc882a0471980d0e2d4ad7ddf3c4bd@SparkV3,2026-07,debt_usd_account_total,0.000876,USD (protocol oracle),archive eth_call @ month-end block (raw/eth/gap-2026-10-07/top5-risk/positions_raw.json)
avant,0x6cc60a0b57bc882a0471980d0e2d4ad7ddf3c4bd@SparkV3,2026-07,debt_usd:USDC,0.000876,USD (protocol oracle),archive eth_call per reserve (raw/eth/gap-2026-10-07/top5-risk/aave_legs_raw.json)
avant,0x6cc60a0b57bc882a0471980d0e2d4ad7ddf3c4bd@SparkV3,2026-07,borrow_rate:USDC,0.04190083,APR fraction (reserve variable rate),archive eth_call per reserve (raw/eth/gap-2026-10-07/top5-risk/aave_legs_raw.json)
avant,0x6cc60a0b57bc882a0471980d0e2d4ad7ddf3c4bd@SparkV3,2026-07,dollar_debt_usd,0.000876,USD (protocol oracle),archive eth_call per reserve (raw/eth/gap-2026-10-07/top5-risk/aave_legs_raw.json)
avant,0x6cc60a0b57bc882a0471980d0e2d4ad7ddf3c4bd@SparkV3,2026-07,dollar_debt_usd_prior_dataset,0,USD,data/eth/economic-dollar-loans.csv (reused leg debt and quoted APR)
avant,0x6cc60a0b57bc882a0471980d0e2d4ad7ddf3c4bd@SparkV3,2026-07,borrow_rate_debt_weighted,0.04190083,APR fraction,archive eth_call per reserve (raw/eth/gap-2026-10-07/top5-risk/aave_legs_raw.json)
avant,0x6cc60a0b57bc882a0471980d0e2d4ad7ddf3c4bd@SparkV3,2026-07,ltv,1.00003425,fraction,archive eth_call @ month-end block (raw/eth/gap-2026-10-07/top5-risk/positions_raw.json)
avant,0x6cc60a0b57bc882a0471980d0e2d4ad7ddf3c4bd@SparkV3,2026-07,health_factor,0.79997717,ratio,archive eth_call @ month-end block (raw/eth/gap-2026-10-07/top5-risk/positions_raw.json)
avant,0x6cc60a0b57bc882a0471980d0e2d4ad7ddf3c4bd@SparkV3,2026-07,dollar_share_of_account_debt,1.0,fraction,derived
avant,0x6cc60a0b57bc882a0471980d0e2d4ad7ddf3c4bd@SparkV3,2026-07,liquidation_threshold,0.8,fraction (weighted),archive eth_call @ month-end block (raw/eth/gap-2026-10-07/top5-risk/positions_raw.json)
liquid,0xf0bb20865277abd641a307ece5ee04e79073416c@Morpho:weETH/RLUSD,2026-07,collateral_usd,4097587.16326214,"USD (Morpho oracle, loan-token units)",archive eth_call @ month-end block (raw/eth/gap-2026-10-07/top5-risk/positions_raw.json)
liquid,0xf0bb20865277abd641a307ece5ee04e79073416c@Morpho:weETH/RLUSD,2026-07,collateral_weeth,2000.0,weETH,archive eth_call @ month-end block (raw/eth/gap-2026-10-07/top5-risk/positions_raw.json)
liquid,0xf0bb20865277abd641a307ece5ee04e79073416c@Morpho:weETH/RLUSD,2026-07,dollar_debt_usd,1752268.67257479,"USD (loan-token face, stored index)",archive eth_call @ month-end block (raw/eth/gap-2026-10-07/top5-risk/positions_raw.json)
liquid,0xf0bb20865277abd641a307ece5ee04e79073416c@Morpho:weETH/RLUSD,2026-07,liquidation_threshold,0.86,fraction (LLTV),archive eth_call @ month-end block (raw/eth/gap-2026-10-07/top5-risk/positions_raw.json)
liquid,0xf0bb20865277abd641a307ece5ee04e79073416c@Morpho:weETH/RLUSD,2026-07,ltv,0.42763426,fraction,archive eth_call @ month-end block (raw/eth/gap-2026-10-07/top5-risk/positions_raw.json)
liquid,0xf0bb20865277abd641a307ece5ee04e79073416c@Morpho:weETH/RLUSD,2026-07,health_factor,2.01106429,ratio (LLTV x collateral / debt),derived
liquid,0xf0bb20865277abd641a307ece5ee04e79073416c@Morpho:weETH/RLUSD,2026-07,borrow_rate_debt_weighted,0.03598605,APR fraction,data/eth/economic-dollar-loans.csv (reused leg debt and quoted APR)
liquid,0xc936e848688c9f035fa0e7a0e4dbcf26a01245f3@Morpho:weETH/RLUSD,2026-07,collateral_usd,38979508.58283706,"USD (Morpho oracle, loan-token units)",archive eth_call @ month-end block (raw/eth/gap-2026-10-07/top5-risk/positions_raw.json)
liquid,0xc936e848688c9f035fa0e7a0e4dbcf26a01245f3@Morpho:weETH/RLUSD,2026-07,collateral_weeth,19025.59092937,weETH,archive eth_call @ month-end block (raw/eth/gap-2026-10-07/top5-risk/positions_raw.json)
liquid,0xc936e848688c9f035fa0e7a0e4dbcf26a01245f3@Morpho:weETH/RLUSD,2026-07,dollar_debt_usd,25087055.68160851,"USD (loan-token face, stored index)",archive eth_call @ month-end block (raw/eth/gap-2026-10-07/top5-risk/positions_raw.json)
liquid,0xc936e848688c9f035fa0e7a0e4dbcf26a01245f3@Morpho:weETH/RLUSD,2026-07,liquidation_threshold,0.86,fraction (LLTV),archive eth_call @ month-end block (raw/eth/gap-2026-10-07/top5-risk/positions_raw.json)
liquid,0xc936e848688c9f035fa0e7a0e4dbcf26a01245f3@Morpho:weETH/RLUSD,2026-07,ltv,0.643596,fraction,archive eth_call @ month-end block (raw/eth/gap-2026-10-07/top5-risk/positions_raw.json)
liquid,0xc936e848688c9f035fa0e7a0e4dbcf26a01245f3@Morpho:weETH/RLUSD,2026-07,health_factor,1.336242,ratio (LLTV x collateral / debt),derived
liquid,0xc936e848688c9f035fa0e7a0e4dbcf26a01245f3@Morpho:weETH/RLUSD,2026-07,borrow_rate_debt_weighted,0.03598605,APR fraction,data/eth/economic-dollar-loans.csv (reused leg debt and quoted APR)
liquid,0xf0bb20865277abd641a307ece5ee04e79073416c@Morpho:weETH/PYUSD,2026-07,collateral_usd,4098278.10054164,"USD (Morpho oracle, loan-token units)",archive eth_call @ month-end block (raw/eth/gap-2026-10-07/top5-risk/positions_raw.json)
liquid,0xf0bb20865277abd641a307ece5ee04e79073416c@Morpho:weETH/PYUSD,2026-07,collateral_weeth,2000.0,weETH,archive eth_call @ month-end block (raw/eth/gap-2026-10-07/top5-risk/positions_raw.json)
liquid,0xf0bb20865277abd641a307ece5ee04e79073416c@Morpho:weETH/PYUSD,2026-07,dollar_debt_usd,2001403.20239133,"USD (loan-token face, stored index)",archive eth_call @ month-end block (raw/eth/gap-2026-10-07/top5-risk/positions_raw.json)
liquid,0xf0bb20865277abd641a307ece5ee04e79073416c@Morpho:weETH/PYUSD,2026-07,liquidation_threshold,0.86,fraction (LLTV),archive eth_call @ month-end block (raw/eth/gap-2026-10-07/top5-risk/positions_raw.json)
liquid,0xf0bb20865277abd641a307ece5ee04e79073416c@Morpho:weETH/PYUSD,2026-07,ltv,0.48835222,fraction,archive eth_call @ month-end block (raw/eth/gap-2026-10-07/top5-risk/positions_raw.json)
liquid,0xf0bb20865277abd641a307ece5ee04e79073416c@Morpho:weETH/PYUSD,2026-07,health_factor,1.76102405,ratio (LLTV x collateral / debt),derived
liquid,0xf0bb20865277abd641a307ece5ee04e79073416c@Morpho:weETH/PYUSD,2026-07,borrow_rate_debt_weighted,0.05193367,APR fraction,data/eth/economic-dollar-loans.csv (reused leg debt and quoted APR)
yieldbasis,0x5f8d24f33cc5a1d5d1bf012261e6a2214c92233c@YB-LEVAMM (LT 0x2b9c9f3b),2026-07,collateral_usd,28154622.10201553,crvUSD (LP x LP oracle),archive eth_call @ month-end block (raw/eth/gap-2026-10-07/top5-risk/positions_raw.json)
yieldbasis,0x5f8d24f33cc5a1d5d1bf012261e6a2214c92233c@YB-LEVAMM (LT 0x2b9c9f3b),2026-07,dollar_debt_usd,14119338.80708416,crvUSD face,archive eth_call @ month-end block (raw/eth/gap-2026-10-07/top5-risk/positions_raw.json)
yieldbasis,0x5f8d24f33cc5a1d5d1bf012261e6a2214c92233c@YB-LEVAMM (LT 0x2b9c9f3b),2026-07,ltv,0.50149275,fraction,archive eth_call @ month-end block (raw/eth/gap-2026-10-07/top5-risk/positions_raw.json)
yieldbasis,0x5f8d24f33cc5a1d5d1bf012261e6a2214c92233c@YB-LEVAMM (LT 0x2b9c9f3b),2026-07,liquidation_threshold,0.5625,"fraction (LEVAMM critical debt/value, L=2; no liquidation engine)",LEVAMM source get_x0
yieldbasis,0x5f8d24f33cc5a1d5d1bf012261e6a2214c92233c@YB-LEVAMM (LT 0x2b9c9f3b),2026-07,max_safe_ltv,0.53125,fraction (deposit-time MAX_SAFE_DEBT),LEVAMM source __init__
yieldbasis,0x5f8d24f33cc5a1d5d1bf012261e6a2214c92233c@YB-LEVAMM (LT 0x2b9c9f3b),2026-07,target_ltv,0.5,fraction ((L-1)/L),LEVAMM source
yieldbasis,0x5f8d24f33cc5a1d5d1bf012261e6a2214c92233c@YB-LEVAMM (LT 0x2b9c9f3b),2026-07,health_factor,1.12165131,ratio (critical LTV / LTV),derived
yieldbasis,0x5f8d24f33cc5a1d5d1bf012261e6a2214c92233c@YB-LEVAMM (LT 0x2b9c9f3b),2026-07,net_value_usd,14035029.30522841,crvUSD (value_oracle),archive eth_call @ month-end block (raw/eth/gap-2026-10-07/top5-risk/positions_raw.json)
yieldbasis,0x5f8d24f33cc5a1d5d1bf012261e6a2214c92233c@YB-LEVAMM (LT 0x2b9c9f3b),2026-07,borrow_rate_debt_weighted,0.1,APR fraction (AMM rate()),archive eth_call @ month-end block (raw/eth/gap-2026-10-07/top5-risk/positions_raw.json)
liquity,0xb9e806e8f2d94c015ffefa90cd24ecce18f1663c@Ebisu-wstETH trove 0x17fde209,2026-07,collateral_usd,2387655.97393965,USD (branch lastGoodPrice),archive eth_call @ month-end block (raw/eth/gap-2026-10-07/top5-risk/positions_raw.json)
liquity,0xb9e806e8f2d94c015ffefa90cd24ecce18f1663c@Ebisu-wstETH trove 0x17fde209,2026-07,collateral_wsteth,1029.17646262,wstETH,archive eth_call @ month-end block (raw/eth/gap-2026-10-07/top5-risk/positions_raw.json)
liquity,0xb9e806e8f2d94c015ffefa90cd24ecce18f1663c@Ebisu-wstETH trove 0x17fde209,2026-07,dollar_debt_usd,1215115.3807555,ebUSD face,archive eth_call @ month-end block (raw/eth/gap-2026-10-07/top5-risk/positions_raw.json)
liquity,0xb9e806e8f2d94c015ffefa90cd24ecce18f1663c@Ebisu-wstETH trove 0x17fde209,2026-07,ltv,0.5089156,fraction,archive eth_call @ month-end block (raw/eth/gap-2026-10-07/top5-risk/positions_raw.json)
liquity,0xb9e806e8f2d94c015ffefa90cd24ecce18f1663c@Ebisu-wstETH trove 0x17fde209,2026-07,liquidation_threshold,0.83333333,fraction (1/MCR),trove_final_rpc.json MCR
liquity,0xb9e806e8f2d94c015ffefa90cd24ecce18f1663c@Ebisu-wstETH trove 0x17fde209,2026-07,health_factor,1.63746862,ratio (ICR / MCR),derived
liquity,0xb9e806e8f2d94c015ffefa90cd24ecce18f1663c@Ebisu-wstETH trove 0x17fde209,2026-07,borrow_rate_debt_weighted,0.0555,APR fraction (trove annualInterestRate),archive eth_call @ month-end block (raw/eth/gap-2026-10-07/top5-risk/positions_raw.json)
destinations,senRLUSDv2,2026-07,share_price,1.00838776,asset per share,archive eth_call @ month-end block (raw/eth/gap-2026-10-07/top5-risk/positions_raw.json)
destinations,senRLUSDv2,2026-07,parking_yield_apr_month,0.02516262,"APR fraction (simple, since previous sample)",derived from share_price
destinations,senPYUSDPRIMEv2,2026-07,share_price,2.011849,asset per share,archive eth_call @ month-end block (raw/eth/gap-2026-10-07/top5-risk/positions_raw.json)
destinations,senPYUSDPRIMEv2,2026-07,parking_yield_apr_month,0.03460143,"APR fraction (simple, since previous sample)",derived from share_price
destinations,stcUSD,2026-07,share_price,1.07327029,asset per share,archive eth_call @ month-end block (raw/eth/gap-2026-10-07/top5-risk/positions_raw.json)
destinations,stcUSD,2026-07,parking_yield_apr_month,0.0515006,"APR fraction (simple, since previous sample)",derived from share_price
destinations,PRIME,2026-07,share_price,1.051466,asset per share,archive eth_call @ month-end block (raw/eth/gap-2026-10-07/top5-risk/positions_raw.json)
destinations,PRIME,2026-07,parking_yield_apr_month,0.06821855,"APR fraction (simple, since previous sample)",derived from share_price
destinations,earnUSD,2026-07,share_price,1.02368404,asset per share,archive eth_call @ month-end block (raw/eth/gap-2026-10-07/top5-risk/positions_raw.json)
destinations,earnUSD,2026-07,parking_yield_apr_month,0.06021544,"APR fraction (simple, since previous sample)",derived from share_price
destinations,curve_ebUSD_USDC,2026-07,share_price,1.00728403,asset per share,archive eth_call @ month-end block (raw/eth/gap-2026-10-07/top5-risk/positions_raw.json)
destinations,curve_ebUSD_USDC,2026-07,parking_yield_apr_month,0.00490359,"APR fraction (simple, since previous sample)",derived from share_price
destinations,yb_curve_WETH_crvUSD_lp,2026-07,share_price,1.02011801,asset per share,archive eth_call @ month-end block (raw/eth/gap-2026-10-07/top5-risk/positions_raw.json)
destinations,yb_curve_WETH_crvUSD_lp,2026-07,parking_yield_apr_month,0.07417019,"APR fraction (simple, since previous sample)",derived from share_price
liquid,ALL,2026-07,collateral_usd,74322147.20621137,USD (dollar-debt share of account collateral),derived
liquid,ALL,2026-07,dollar_debt_usd,42640809.52921119,USD,derived
liquid,ALL,2026-07,ltv,0.57372952,fraction,derived
liquid,ALL,2026-07,liquidation_threshold,0.83808451,fraction (collateral-weighted),derived
liquid,ALL,2026-07,health_factor,1.46076589,ratio (aggregate),derived
liquid,ALL,2026-07,borrow_rate_debt_weighted,0.07027132,APR fraction,derived
lido-earn,ALL,2026-07,collateral_usd,54414147.77919509,USD (dollar-debt share of account collateral),derived
lido-earn,ALL,2026-07,dollar_debt_usd,20392712.35729506,USD,derived
lido-earn,ALL,2026-07,ltv,0.37476857,fraction,derived
lido-earn,ALL,2026-07,liquidation_threshold,0.81,fraction (collateral-weighted),derived
lido-earn,ALL,2026-07,health_factor,2.16133386,ratio (aggregate),derived
lido-earn,ALL,2026-07,borrow_rate_debt_weighted,0.03175174,APR fraction,derived
avant,ALL,2026-07,collateral_usd,14329759.65530604,USD (dollar-debt share of account collateral),derived
avant,ALL,2026-07,dollar_debt_usd,8665055.2608797,USD,derived
avant,ALL,2026-07,ltv,0.6046895,fraction,derived
avant,ALL,2026-07,liquidation_threshold,0.8143,fraction (collateral-weighted),derived
avant,ALL,2026-07,health_factor,1.34664153,ratio (aggregate),derived
avant,ALL,2026-07,borrow_rate_debt_weighted,0.03214831,APR fraction,derived
yieldbasis,ALL,2026-07,collateral_usd,28154622.10201553,USD (dollar-debt share of account collateral),derived
yieldbasis,ALL,2026-07,dollar_debt_usd,14119338.80708416,USD,derived
yieldbasis,ALL,2026-07,ltv,0.50149275,fraction,derived
yieldbasis,ALL,2026-07,liquidation_threshold,0.5625,fraction (collateral-weighted),derived
yieldbasis,ALL,2026-07,health_factor,1.12165131,ratio (aggregate),derived
yieldbasis,ALL,2026-07,borrow_rate_debt_weighted,0.1,APR fraction,derived
liquity,ALL,2026-07,collateral_usd,2387655.97393965,USD (dollar-debt share of account collateral),derived
liquity,ALL,2026-07,dollar_debt_usd,1215115.3807555,USD,derived
liquity,ALL,2026-07,ltv,0.5089156,fraction,derived
liquity,ALL,2026-07,liquidation_threshold,0.83333333,fraction (collateral-weighted),derived
liquity,ALL,2026-07,health_factor,1.63746862,ratio (aggregate),derived
liquity,ALL,2026-07,borrow_rate_debt_weighted,0.0555,APR fraction,derived
all,chainlink:ETH/USD,2026-08,eth_usd,2466.06838126,USD,archive eth_call @ month-end block (raw/eth/gap-2026-10-07/top5-risk/positions_raw.json)
liquid,0x0a42b2f3a0d54157dbd7cc346335a4f1909fc02c@AaveV3,2026-08,collateral_usd,113378947.50610344,USD (protocol oracle),archive eth_call @ month-end block (raw/eth/gap-2026-10-07/top5-risk/positions_raw.json)
liquid,0x0a42b2f3a0d54157dbd7cc346335a4f1909fc02c@AaveV3,2026-08,collateral_usd:weETH,113378947.50610346,USD (protocol oracle),archive eth_call per reserve (raw/eth/gap-2026-10-07/top5-risk/aave_legs_raw.json)
liquid,0x0a42b2f3a0d54157dbd7cc346335a4f1909fc02c@AaveV3,2026-08,debt_usd_account_total,71300251.10442117,USD (protocol oracle),archive eth_call @ month-end block (raw/eth/gap-2026-10-07/top5-risk/positions_raw.json)
liquid,0x0a42b2f3a0d54157dbd7cc346335a4f1909fc02c@AaveV3,2026-08,debt_usd:USDC,64292828.855328,USD (protocol oracle),archive eth_call per reserve (raw/eth/gap-2026-10-07/top5-risk/aave_legs_raw.json)
liquid,0x0a42b2f3a0d54157dbd7cc346335a4f1909fc02c@AaveV3,2026-08,borrow_rate:USDC,0.12607033,APR fraction (reserve variable rate),archive eth_call per reserve (raw/eth/gap-2026-10-07/top5-risk/aave_legs_raw.json)
liquid,0x0a42b2f3a0d54157dbd7cc346335a4f1909fc02c@AaveV3,2026-08,debt_usd:USDT,7007422.24909316,USD (protocol oracle),archive eth_call per reserve (raw/eth/gap-2026-10-07/top5-risk/aave_legs_raw.json)
liquid,0x0a42b2f3a0d54157dbd7cc346335a4f1909fc02c@AaveV3,2026-08,borrow_rate:USDT,0.04069955,APR fraction (reserve variable rate),archive eth_call per reserve (raw/eth/gap-2026-10-07/top5-risk/aave_legs_raw.json)
liquid,0x0a42b2f3a0d54157dbd7cc346335a4f1909fc02c@AaveV3,2026-08,dollar_debt_usd,71300251.10442117,USD (protocol oracle),archive eth_call per reserve (raw/eth/gap-2026-10-07/top5-risk/aave_legs_raw.json)
liquid,0x0a42b2f3a0d54157dbd7cc346335a4f1909fc02c@AaveV3,2026-08,dollar_debt_usd_prior_dataset,71301092.025919,USD,data/eth/economic-dollar-loans.csv (reused leg debt and quoted APR)
liquid,0x0a42b2f3a0d54157dbd7cc346335a4f1909fc02c@AaveV3,2026-08,borrow_rate_debt_weighted,0.11768005,APR fraction,archive eth_call per reserve (raw/eth/gap-2026-10-07/top5-risk/aave_legs_raw.json)
liquid,0x0a42b2f3a0d54157dbd7cc346335a4f1909fc02c@AaveV3,2026-08,ltv,0.62886676,fraction,archive eth_call @ month-end block (raw/eth/gap-2026-10-07/top5-risk/positions_raw.json)
liquid,0x0a42b2f3a0d54157dbd7cc346335a4f1909fc02c@AaveV3,2026-08,health_factor,1.27212957,ratio,archive eth_call @ month-end block (raw/eth/gap-2026-10-07/top5-risk/positions_raw.json)
liquid,0x0a42b2f3a0d54157dbd7cc346335a4f1909fc02c@AaveV3,2026-08,dollar_share_of_account_debt,1.0,fraction,derived
liquid,0x0a42b2f3a0d54157dbd7cc346335a4f1909fc02c@AaveV3,2026-08,liquidation_threshold,0.8,fraction (weighted),archive eth_call @ month-end block (raw/eth/gap-2026-10-07/top5-risk/positions_raw.json)
lido-earn,0x181cb55f872450d16ae858d532b4e35e50eaa76d@AaveV3,2026-08,collateral_usd,66110666.95874895,USD (protocol oracle),archive eth_call @ month-end block (raw/eth/gap-2026-10-07/top5-risk/positions_raw.json)
lido-earn,0x181cb55f872450d16ae858d532b4e35e50eaa76d@AaveV3,2026-08,collateral_usd:wstETH,66110666.95874896,USD (protocol oracle),archive eth_call per reserve (raw/eth/gap-2026-10-07/top5-risk/aave_legs_raw.json)
lido-earn,0x181cb55f872450d16ae858d532b4e35e50eaa76d@AaveV3,2026-08,debt_usd_account_total,17464784.20466662,USD (protocol oracle),archive eth_call @ month-end block (raw/eth/gap-2026-10-07/top5-risk/positions_raw.json)
lido-earn,0x181cb55f872450d16ae858d532b4e35e50eaa76d@AaveV3,2026-08,debt_usd:USDT,1180219.46551697,USD (protocol oracle),archive eth_call per reserve (raw/eth/gap-2026-10-07/top5-risk/aave_legs_raw.json)
lido-earn,0x181cb55f872450d16ae858d532b4e35e50eaa76d@AaveV3,2026-08,borrow_rate:USDT,0.04069955,APR fraction (reserve variable rate),archive eth_call per reserve (raw/eth/gap-2026-10-07/top5-risk/aave_legs_raw.json)
lido-earn,0x181cb55f872450d16ae858d532b4e35e50eaa76d@AaveV3,2026-08,debt_usd:USDe,16284564.73914964,USD (protocol oracle),archive eth_call per reserve (raw/eth/gap-2026-10-07/top5-risk/aave_legs_raw.json)
lido-earn,0x181cb55f872450d16ae858d532b4e35e50eaa76d@AaveV3,2026-08,borrow_rate:USDe,0.03829097,APR fraction (reserve variable rate),archive eth_call per reserve (raw/eth/gap-2026-10-07/top5-risk/aave_legs_raw.json)
lido-earn,0x181cb55f872450d16ae858d532b4e35e50eaa76d@AaveV3,2026-08,dollar_debt_usd,17464784.20466661,USD (protocol oracle),archive eth_call per reserve (raw/eth/gap-2026-10-07/top5-risk/aave_legs_raw.json)
lido-earn,0x181cb55f872450d16ae858d532b4e35e50eaa76d@AaveV3,2026-08,dollar_debt_usd_prior_dataset,1180361.097045,USD,data/eth/economic-dollar-loans.csv (reused leg debt and quoted APR)
lido-earn,0x181cb55f872450d16ae858d532b4e35e50eaa76d@AaveV3,2026-08,borrow_rate_debt_weighted,0.03845373,APR fraction,archive eth_call per reserve (raw/eth/gap-2026-10-07/top5-risk/aave_legs_raw.json)
lido-earn,0x181cb55f872450d16ae858d532b4e35e50eaa76d@AaveV3,2026-08,ltv,0.26417498,fraction,archive eth_call @ month-end block (raw/eth/gap-2026-10-07/top5-risk/positions_raw.json)
lido-earn,0x181cb55f872450d16ae858d532b4e35e50eaa76d@AaveV3,2026-08,health_factor,3.06614955,ratio,archive eth_call @ month-end block (raw/eth/gap-2026-10-07/top5-risk/positions_raw.json)
lido-earn,0x181cb55f872450d16ae858d532b4e35e50eaa76d@AaveV3,2026-08,dollar_share_of_account_debt,1.0,fraction,derived
lido-earn,0x181cb55f872450d16ae858d532b4e35e50eaa76d@AaveV3,2026-08,liquidation_threshold,0.81,fraction (weighted),archive eth_call @ month-end block (raw/eth/gap-2026-10-07/top5-risk/positions_raw.json)
lido-earn,0x181cb55f872450d16ae858d532b4e35e50eaa76d@SparkV3,2026-08,collateral_usd,6002272.53754436,USD (protocol oracle),archive eth_call @ month-end block (raw/eth/gap-2026-10-07/top5-risk/positions_raw.json)
lido-earn,0x181cb55f872450d16ae858d532b4e35e50eaa76d@SparkV3,2026-08,collateral_usd:wstETH,6002272.53754436,USD (protocol oracle),archive eth_call per reserve (raw/eth/gap-2026-10-07/top5-risk/aave_legs_raw.json)
lido-earn,0x181cb55f872450d16ae858d532b4e35e50eaa76d@SparkV3,2026-08,debt_usd_account_total,3001440.132702,USD (protocol oracle),archive eth_call @ month-end block (raw/eth/gap-2026-10-07/top5-risk/positions_raw.json)
lido-earn,0x181cb55f872450d16ae858d532b4e35e50eaa76d@SparkV3,2026-08,debt_usd:USDT,3001440.132702,USD (protocol oracle),archive eth_call per reserve (raw/eth/gap-2026-10-07/top5-risk/aave_legs_raw.json)
lido-earn,0x181cb55f872450d16ae858d532b4e35e50eaa76d@SparkV3,2026-08,borrow_rate:USDT,0.03482277,APR fraction (reserve variable rate),archive eth_call per reserve (raw/eth/gap-2026-10-07/top5-risk/aave_legs_raw.json)
lido-earn,0x181cb55f872450d16ae858d532b4e35e50eaa76d@SparkV3,2026-08,dollar_debt_usd,3001440.132702,USD (protocol oracle),archive eth_call per reserve (raw/eth/gap-2026-10-07/top5-risk/aave_legs_raw.json)
lido-earn,0x181cb55f872450d16ae858d532b4e35e50eaa76d@SparkV3,2026-08,dollar_debt_usd_prior_dataset,3001440.132702,USD,data/eth/economic-dollar-loans.csv (reused leg debt and quoted APR)
lido-earn,0x181cb55f872450d16ae858d532b4e35e50eaa76d@SparkV3,2026-08,borrow_rate_debt_weighted,0.03482277,APR fraction,archive eth_call per reserve (raw/eth/gap-2026-10-07/top5-risk/aave_legs_raw.json)
lido-earn,0x181cb55f872450d16ae858d532b4e35e50eaa76d@SparkV3,2026-08,ltv,0.50005062,fraction,archive eth_call @ month-end block (raw/eth/gap-2026-10-07/top5-risk/positions_raw.json)
lido-earn,0x181cb55f872450d16ae858d532b4e35e50eaa76d@SparkV3,2026-08,health_factor,1.67982992,ratio,archive eth_call @ month-end block (raw/eth/gap-2026-10-07/top5-risk/positions_raw.json)
lido-earn,0x181cb55f872450d16ae858d532b4e35e50eaa76d@SparkV3,2026-08,dollar_share_of_account_debt,1.0,fraction,derived
lido-earn,0x181cb55f872450d16ae858d532b4e35e50eaa76d@SparkV3,2026-08,liquidation_threshold,0.84,fraction (weighted),archive eth_call @ month-end block (raw/eth/gap-2026-10-07/top5-risk/positions_raw.json)
lido-earn,0x9938a09fea37ba681a1bd53d33ddde2debec1da0@AaveV3,2026-08,collateral_usd,2624.66244135,USD (protocol oracle),archive eth_call @ month-end block (raw/eth/gap-2026-10-07/top5-risk/positions_raw.json)
lido-earn,0x9938a09fea37ba681a1bd53d33ddde2debec1da0@AaveV3,2026-08,collateral_usd:USDe,2624.66244136,USD (protocol oracle),archive eth_call per reserve (raw/eth/gap-2026-10-07/top5-risk/aave_legs_raw.json)
lido-earn,0x9938a09fea37ba681a1bd53d33ddde2debec1da0@AaveV3,2026-08,debt_usd_account_total,2346.563828,USD (protocol oracle),archive eth_call @ month-end block (raw/eth/gap-2026-10-07/top5-risk/positions_raw.json)
lido-earn,0x9938a09fea37ba681a1bd53d33ddde2debec1da0@AaveV3,2026-08,debt_usd:USDC,2346.563828,USD (protocol oracle),archive eth_call per reserve (raw/eth/gap-2026-10-07/top5-risk/aave_legs_raw.json)
lido-earn,0x9938a09fea37ba681a1bd53d33ddde2debec1da0@AaveV3,2026-08,borrow_rate:USDC,0.12607033,APR fraction (reserve variable rate),archive eth_call per reserve (raw/eth/gap-2026-10-07/top5-risk/aave_legs_raw.json)
lido-earn,0x9938a09fea37ba681a1bd53d33ddde2debec1da0@AaveV3,2026-08,dollar_debt_usd,2346.563828,USD (protocol oracle),archive eth_call per reserve (raw/eth/gap-2026-10-07/top5-risk/aave_legs_raw.json)
lido-earn,0x9938a09fea37ba681a1bd53d33ddde2debec1da0@AaveV3,2026-08,dollar_debt_usd_prior_dataset,2346.563828,USD,data/eth/economic-dollar-loans.csv (reused leg debt and quoted APR)
lido-earn,0x9938a09fea37ba681a1bd53d33ddde2debec1da0@AaveV3,2026-08,borrow_rate_debt_weighted,0.12607033,APR fraction,archive eth_call per reserve (raw/eth/gap-2026-10-07/top5-risk/aave_legs_raw.json)
lido-earn,0x9938a09fea37ba681a1bd53d33ddde2debec1da0@AaveV3,2026-08,ltv,0.89404405,fraction,archive eth_call @ month-end block (raw/eth/gap-2026-10-07/top5-risk/positions_raw.json)
lido-earn,0x9938a09fea37ba681a1bd53d33ddde2debec1da0@AaveV3,2026-08,health_factor,1.02903208,ratio,archive eth_call @ month-end block (raw/eth/gap-2026-10-07/top5-risk/positions_raw.json)
lido-earn,0x9938a09fea37ba681a1bd53d33ddde2debec1da0@AaveV3,2026-08,dollar_share_of_account_debt,1.0,fraction,derived
lido-earn,0x9938a09fea37ba681a1bd53d33ddde2debec1da0@AaveV3,2026-08,liquidation_threshold,0.92,fraction (weighted),archive eth_call @ month-end block (raw/eth/gap-2026-10-07/top5-risk/positions_raw.json)
lido-earn,0x9938a09fea37ba681a1bd53d33ddde2debec1da0@AaveV3,2026-08,classification,1,"flag: USDe/sUSDe e-mode stable loop, excluded from ALL",getUserConfiguration/getUserEMode
avant,0x6cc60a0b57bc882a0471980d0e2d4ad7ddf3c4bd@AaveV3,2026-08,collateral_usd,9841983.26948444,USD (protocol oracle),archive eth_call @ month-end block (raw/eth/gap-2026-10-07/top5-risk/positions_raw.json)
avant,0x6cc60a0b57bc882a0471980d0e2d4ad7ddf3c4bd@AaveV3,2026-08,collateral_usd:weETH,9841983.26948444,USD (protocol oracle),archive eth_call per reserve (raw/eth/gap-2026-10-07/top5-risk/aave_legs_raw.json)
avant,0x6cc60a0b57bc882a0471980d0e2d4ad7ddf3c4bd@AaveV3,2026-08,debt_usd_account_total,5579419.46146204,USD (protocol oracle),archive eth_call @ month-end block (raw/eth/gap-2026-10-07/top5-risk/positions_raw.json)
avant,0x6cc60a0b57bc882a0471980d0e2d4ad7ddf3c4bd@AaveV3,2026-08,debt_usd:USDT,2676843.05986051,USD (protocol oracle),archive eth_call per reserve (raw/eth/gap-2026-10-07/top5-risk/aave_legs_raw.json)
avant,0x6cc60a0b57bc882a0471980d0e2d4ad7ddf3c4bd@AaveV3,2026-08,borrow_rate:USDT,0.04069955,APR fraction (reserve variable rate),archive eth_call per reserve (raw/eth/gap-2026-10-07/top5-risk/aave_legs_raw.json)
avant,0x6cc60a0b57bc882a0471980d0e2d4ad7ddf3c4bd@AaveV3,2026-08,debt_usd:USDe,2902576.40160152,USD (protocol oracle),archive eth_call per reserve (raw/eth/gap-2026-10-07/top5-risk/aave_legs_raw.json)
avant,0x6cc60a0b57bc882a0471980d0e2d4ad7ddf3c4bd@AaveV3,2026-08,borrow_rate:USDe,0.03829097,APR fraction (reserve variable rate),archive eth_call per reserve (raw/eth/gap-2026-10-07/top5-risk/aave_legs_raw.json)
avant,0x6cc60a0b57bc882a0471980d0e2d4ad7ddf3c4bd@AaveV3,2026-08,dollar_debt_usd,5579419.46146203,USD (protocol oracle),archive eth_call per reserve (raw/eth/gap-2026-10-07/top5-risk/aave_legs_raw.json)
avant,0x6cc60a0b57bc882a0471980d0e2d4ad7ddf3c4bd@AaveV3,2026-08,dollar_debt_usd_prior_dataset,0,USD,data/eth/economic-dollar-loans.csv (reused leg debt and quoted APR)
avant,0x6cc60a0b57bc882a0471980d0e2d4ad7ddf3c4bd@AaveV3,2026-08,borrow_rate_debt_weighted,0.03944654,APR fraction,archive eth_call per reserve (raw/eth/gap-2026-10-07/top5-risk/aave_legs_raw.json)
avant,0x6cc60a0b57bc882a0471980d0e2d4ad7ddf3c4bd@AaveV3,2026-08,ltv,0.56689991,fraction,archive eth_call @ month-end block (raw/eth/gap-2026-10-07/top5-risk/positions_raw.json)
avant,0x6cc60a0b57bc882a0471980d0e2d4ad7ddf3c4bd@AaveV3,2026-08,health_factor,1.41118385,ratio,archive eth_call @ month-end block (raw/eth/gap-2026-10-07/top5-risk/positions_raw.json)
avant,0x6cc60a0b57bc882a0471980d0e2d4ad7ddf3c4bd@AaveV3,2026-08,dollar_share_of_account_debt,1.0,fraction,derived
avant,0x6cc60a0b57bc882a0471980d0e2d4ad7ddf3c4bd@AaveV3,2026-08,liquidation_threshold,0.8,fraction (weighted),archive eth_call @ month-end block (raw/eth/gap-2026-10-07/top5-risk/positions_raw.json)
avant,0x6cc60a0b57bc882a0471980d0e2d4ad7ddf3c4bd@SparkV3,2026-08,collateral_usd,9553547.8355101,USD (protocol oracle),archive eth_call @ month-end block (raw/eth/gap-2026-10-07/top5-risk/positions_raw.json)
avant,0x6cc60a0b57bc882a0471980d0e2d4ad7ddf3c4bd@SparkV3,2026-08,collateral_usd:WETH,4482795.95661631,USD (protocol oracle),archive eth_call per reserve (raw/eth/gap-2026-10-07/top5-risk/aave_legs_raw.json)
avant,0x6cc60a0b57bc882a0471980d0e2d4ad7ddf3c4bd@SparkV3,2026-08,collateral_usd:wstETH,5070751.87772877,USD (protocol oracle),archive eth_call per reserve (raw/eth/gap-2026-10-07/top5-risk/aave_legs_raw.json)
avant,0x6cc60a0b57bc882a0471980d0e2d4ad7ddf3c4bd@SparkV3,2026-08,collateral_usd:weETH,0.00116503,USD (protocol oracle),archive eth_call per reserve (raw/eth/gap-2026-10-07/top5-risk/aave_legs_raw.json)
avant,0x6cc60a0b57bc882a0471980d0e2d4ad7ddf3c4bd@SparkV3,2026-08,debt_usd_account_total,5699646.78355739,USD (protocol oracle),archive eth_call @ month-end block (raw/eth/gap-2026-10-07/top5-risk/positions_raw.json)
avant,0x6cc60a0b57bc882a0471980d0e2d4ad7ddf3c4bd@SparkV3,2026-08,debt_usd:USDC,0.000879,USD (protocol oracle),archive eth_call per reserve (raw/eth/gap-2026-10-07/top5-risk/aave_legs_raw.json)
avant,0x6cc60a0b57bc882a0471980d0e2d4ad7ddf3c4bd@SparkV3,2026-08,borrow_rate:USDC,0.04190057,APR fraction (reserve variable rate),archive eth_call per reserve (raw/eth/gap-2026-10-07/top5-risk/aave_legs_raw.json)
avant,0x6cc60a0b57bc882a0471980d0e2d4ad7ddf3c4bd@SparkV3,2026-08,debt_usd:USDS,5699646.7826784,USD (protocol oracle),archive eth_call per reserve (raw/eth/gap-2026-10-07/top5-risk/aave_legs_raw.json)
avant,0x6cc60a0b57bc882a0471980d0e2d4ad7ddf3c4bd@SparkV3,2026-08,borrow_rate:USDS,0.03648226,APR fraction (reserve variable rate),archive eth_call per reserve (raw/eth/gap-2026-10-07/top5-risk/aave_legs_raw.json)
avant,0x6cc60a0b57bc882a0471980d0e2d4ad7ddf3c4bd@SparkV3,2026-08,dollar_debt_usd,5699646.7835574,USD (protocol oracle),archive eth_call per reserve (raw/eth/gap-2026-10-07/top5-risk/aave_legs_raw.json)
avant,0x6cc60a0b57bc882a0471980d0e2d4ad7ddf3c4bd@SparkV3,2026-08,dollar_debt_usd_prior_dataset,5699646.7826784,USD,data/eth/economic-dollar-loans.csv (reused leg debt and quoted APR)
avant,0x6cc60a0b57bc882a0471980d0e2d4ad7ddf3c4bd@SparkV3,2026-08,borrow_rate_debt_weighted,0.03648226,APR fraction,archive eth_call per reserve (raw/eth/gap-2026-10-07/top5-risk/aave_legs_raw.json)
avant,0x6cc60a0b57bc882a0471980d0e2d4ad7ddf3c4bd@SparkV3,2026-08,ltv,0.59660002,fraction,archive eth_call @ month-end block (raw/eth/gap-2026-10-07/top5-risk/positions_raw.json)
avant,0x6cc60a0b57bc882a0471980d0e2d4ad7ddf3c4bd@SparkV3,2026-08,health_factor,1.42356684,ratio,archive eth_call @ month-end block (raw/eth/gap-2026-10-07/top5-risk/positions_raw.json)
avant,0x6cc60a0b57bc882a0471980d0e2d4ad7ddf3c4bd@SparkV3,2026-08,dollar_share_of_account_debt,1.0,fraction,derived
avant,0x6cc60a0b57bc882a0471980d0e2d4ad7ddf3c4bd@SparkV3,2026-08,liquidation_threshold,0.8493,fraction (weighted),archive eth_call @ month-end block (raw/eth/gap-2026-10-07/top5-risk/positions_raw.json)
liquid,0xf0bb20865277abd641a307ece5ee04e79073416c@Morpho:weETH/RLUSD,2026-08,collateral_usd,53277313.72456788,"USD (Morpho oracle, loan-token units)",archive eth_call @ month-end block (raw/eth/gap-2026-10-07/top5-risk/positions_raw.json)
liquid,0xf0bb20865277abd641a307ece5ee04e79073416c@Morpho:weETH/RLUSD,2026-08,collateral_weeth,19600.0,weETH,archive eth_call @ month-end block (raw/eth/gap-2026-10-07/top5-risk/positions_raw.json)
liquid,0xf0bb20865277abd641a307ece5ee04e79073416c@Morpho:weETH/RLUSD,2026-08,dollar_debt_usd,35788043.95425043,"USD (loan-token face, stored index)",archive eth_call @ month-end block (raw/eth/gap-2026-10-07/top5-risk/positions_raw.json)
liquid,0xf0bb20865277abd641a307ece5ee04e79073416c@Morpho:weETH/RLUSD,2026-08,liquidation_threshold,0.86,fraction (LLTV),archive eth_call @ month-end block (raw/eth/gap-2026-10-07/top5-risk/positions_raw.json)
liquid,0xf0bb20865277abd641a307ece5ee04e79073416c@Morpho:weETH/RLUSD,2026-08,ltv,0.67173139,fraction,archive eth_call @ month-end block (raw/eth/gap-2026-10-07/top5-risk/positions_raw.json)
liquid,0xf0bb20865277abd641a307ece5ee04e79073416c@Morpho:weETH/RLUSD,2026-08,health_factor,1.28027365,ratio (LLTV x collateral / debt),derived
liquid,0xf0bb20865277abd641a307ece5ee04e79073416c@Morpho:weETH/RLUSD,2026-08,borrow_rate_debt_weighted,0.03760671,APR fraction,data/eth/economic-dollar-loans.csv (reused leg debt and quoted APR)
liquid,0xc936e848688c9f035fa0e7a0e4dbcf26a01245f3@Morpho:weETH/RLUSD,2026-08,collateral_usd,51777555.32961981,"USD (Morpho oracle, loan-token units)",archive eth_call @ month-end block (raw/eth/gap-2026-10-07/top5-risk/positions_raw.json)
liquid,0xc936e848688c9f035fa0e7a0e4dbcf26a01245f3@Morpho:weETH/RLUSD,2026-08,collateral_weeth,19048.25925922,weETH,archive eth_call @ month-end block (raw/eth/gap-2026-10-07/top5-risk/positions_raw.json)
liquid,0xc936e848688c9f035fa0e7a0e4dbcf26a01245f3@Morpho:weETH/RLUSD,2026-08,dollar_debt_usd,25168976.84325474,"USD (loan-token face, stored index)",archive eth_call @ month-end block (raw/eth/gap-2026-10-07/top5-risk/positions_raw.json)
liquid,0xc936e848688c9f035fa0e7a0e4dbcf26a01245f3@Morpho:weETH/RLUSD,2026-08,liquidation_threshold,0.86,fraction (LLTV),archive eth_call @ month-end block (raw/eth/gap-2026-10-07/top5-risk/positions_raw.json)
liquid,0xc936e848688c9f035fa0e7a0e4dbcf26a01245f3@Morpho:weETH/RLUSD,2026-08,ltv,0.48609821,fraction,archive eth_call @ month-end block (raw/eth/gap-2026-10-07/top5-risk/positions_raw.json)
liquid,0xc936e848688c9f035fa0e7a0e4dbcf26a01245f3@Morpho:weETH/RLUSD,2026-08,health_factor,1.76918982,ratio (LLTV x collateral / debt),derived
liquid,0xc936e848688c9f035fa0e7a0e4dbcf26a01245f3@Morpho:weETH/RLUSD,2026-08,borrow_rate_debt_weighted,0.03760671,APR fraction,data/eth/economic-dollar-loans.csv (reused leg debt and quoted APR)
liquid,0xf0bb20865277abd641a307ece5ee04e79073416c@Morpho:weETH/PYUSD,2026-08,collateral_usd,50158523.16361982,"USD (Morpho oracle, loan-token units)",archive eth_call @ month-end block (raw/eth/gap-2026-10-07/top5-risk/positions_raw.json)
liquid,0xf0bb20865277abd641a307ece5ee04e79073416c@Morpho:weETH/PYUSD,2026-08,collateral_weeth,18450.0,weETH,archive eth_call @ month-end block (raw/eth/gap-2026-10-07/top5-risk/positions_raw.json)
liquid,0xf0bb20865277abd641a307ece5ee04e79073416c@Morpho:weETH/PYUSD,2026-08,dollar_debt_usd,33569533.13937692,"USD (loan-token face, stored index)",archive eth_call @ month-end block (raw/eth/gap-2026-10-07/top5-risk/positions_raw.json)
liquid,0xf0bb20865277abd641a307ece5ee04e79073416c@Morpho:weETH/PYUSD,2026-08,liquidation_threshold,0.86,fraction (LLTV),archive eth_call @ month-end block (raw/eth/gap-2026-10-07/top5-risk/positions_raw.json)
liquid,0xf0bb20865277abd641a307ece5ee04e79073416c@Morpho:weETH/PYUSD,2026-08,ltv,0.66926877,fraction,archive eth_call @ month-end block (raw/eth/gap-2026-10-07/top5-risk/positions_raw.json)
liquid,0xf0bb20865277abd641a307ece5ee04e79073416c@Morpho:weETH/PYUSD,2026-08,health_factor,1.2849845,ratio (LLTV x collateral / debt),derived
liquid,0xf0bb20865277abd641a307ece5ee04e79073416c@Morpho:weETH/PYUSD,2026-08,borrow_rate_debt_weighted,0.04185315,APR fraction,data/eth/economic-dollar-loans.csv (reused leg debt and quoted APR)
yieldbasis,0x5f8d24f33cc5a1d5d1bf012261e6a2214c92233c@YB-LEVAMM (LT 0x2b9c9f3b),2026-08,collateral_usd,61238111.66302184,crvUSD (LP x LP oracle),archive eth_call @ month-end block (raw/eth/gap-2026-10-07/top5-risk/positions_raw.json)
yieldbasis,0x5f8d24f33cc5a1d5d1bf012261e6a2214c92233c@YB-LEVAMM (LT 0x2b9c9f3b),2026-08,dollar_debt_usd,30478608.88236249,crvUSD face,archive eth_call @ month-end block (raw/eth/gap-2026-10-07/top5-risk/positions_raw.json)
yieldbasis,0x5f8d24f33cc5a1d5d1bf012261e6a2214c92233c@YB-LEVAMM (LT 0x2b9c9f3b),2026-08,ltv,0.49770654,fraction,archive eth_call @ month-end block (raw/eth/gap-2026-10-07/top5-risk/positions_raw.json)
yieldbasis,0x5f8d24f33cc5a1d5d1bf012261e6a2214c92233c@YB-LEVAMM (LT 0x2b9c9f3b),2026-08,liquidation_threshold,0.5625,"fraction (LEVAMM critical debt/value, L=2; no liquidation engine)",LEVAMM source get_x0
yieldbasis,0x5f8d24f33cc5a1d5d1bf012261e6a2214c92233c@YB-LEVAMM (LT 0x2b9c9f3b),2026-08,max_safe_ltv,0.53125,fraction (deposit-time MAX_SAFE_DEBT),LEVAMM source __init__
yieldbasis,0x5f8d24f33cc5a1d5d1bf012261e6a2214c92233c@YB-LEVAMM (LT 0x2b9c9f3b),2026-08,target_ltv,0.5,fraction ((L-1)/L),LEVAMM source
yieldbasis,0x5f8d24f33cc5a1d5d1bf012261e6a2214c92233c@YB-LEVAMM (LT 0x2b9c9f3b),2026-08,health_factor,1.13018406,ratio (critical LTV / LTV),derived
yieldbasis,0x5f8d24f33cc5a1d5d1bf012261e6a2214c92233c@YB-LEVAMM (LT 0x2b9c9f3b),2026-08,net_value_usd,30758237.45591016,crvUSD (value_oracle),archive eth_call @ month-end block (raw/eth/gap-2026-10-07/top5-risk/positions_raw.json)
yieldbasis,0x5f8d24f33cc5a1d5d1bf012261e6a2214c92233c@YB-LEVAMM (LT 0x2b9c9f3b),2026-08,borrow_rate_debt_weighted,0.1,APR fraction (AMM rate()),archive eth_call @ month-end block (raw/eth/gap-2026-10-07/top5-risk/positions_raw.json)
liquity,0xb9e806e8f2d94c015ffefa90cd24ecce18f1663c@Ebisu-wstETH trove 0x17fde209,2026-08,collateral_usd,6108079.76981552,USD (branch lastGoodPrice),archive eth_call @ month-end block (raw/eth/gap-2026-10-07/top5-risk/positions_raw.json)
liquity,0xb9e806e8f2d94c015ffefa90cd24ecce18f1663c@Ebisu-wstETH trove 0x17fde209,2026-08,collateral_wsteth,1979.91682691,wstETH,archive eth_call @ month-end block (raw/eth/gap-2026-10-07/top5-risk/positions_raw.json)
liquity,0xb9e806e8f2d94c015ffefa90cd24ecce18f1663c@Ebisu-wstETH trove 0x17fde209,2026-08,dollar_debt_usd,3279650.67054983,ebUSD face,archive eth_call @ month-end block (raw/eth/gap-2026-10-07/top5-risk/positions_raw.json)
liquity,0xb9e806e8f2d94c015ffefa90cd24ecce18f1663c@Ebisu-wstETH trove 0x17fde209,2026-08,ltv,0.53693645,fraction,archive eth_call @ month-end block (raw/eth/gap-2026-10-07/top5-risk/positions_raw.json)
liquity,0xb9e806e8f2d94c015ffefa90cd24ecce18f1663c@Ebisu-wstETH trove 0x17fde209,2026-08,liquidation_threshold,0.83333333,fraction (1/MCR),trove_final_rpc.json MCR
liquity,0xb9e806e8f2d94c015ffefa90cd24ecce18f1663c@Ebisu-wstETH trove 0x17fde209,2026-08,health_factor,1.55201483,ratio (ICR / MCR),derived
liquity,0xb9e806e8f2d94c015ffefa90cd24ecce18f1663c@Ebisu-wstETH trove 0x17fde209,2026-08,borrow_rate_debt_weighted,0.0635,APR fraction (trove annualInterestRate),archive eth_call @ month-end block (raw/eth/gap-2026-10-07/top5-risk/positions_raw.json)
destinations,senRLUSDv2,2026-08,share_price,1.01075747,asset per share,archive eth_call @ month-end block (raw/eth/gap-2026-10-07/top5-risk/positions_raw.json)
destinations,senRLUSDv2,2026-08,parking_yield_apr_month,0.02766934,"APR fraction (simple, since previous sample)",derived from share_price
destinations,senPYUSDPRIMEv2,2026-08,share_price,2.018487,asset per share,archive eth_call @ month-end block (raw/eth/gap-2026-10-07/top5-risk/positions_raw.json)
destinations,senPYUSDPRIMEv2,2026-08,parking_yield_apr_month,0.03884839,"APR fraction (simple, since previous sample)",derived from share_price
destinations,stcUSD,2026-08,share_price,1.07788203,asset per share,archive eth_call @ month-end block (raw/eth/gap-2026-10-07/top5-risk/positions_raw.json)
destinations,stcUSD,2026-08,parking_yield_apr_month,0.05059258,"APR fraction (simple, since previous sample)",derived from share_price
destinations,PRIME,2026-08,share_price,1.057063,asset per share,archive eth_call @ month-end block (raw/eth/gap-2026-10-07/top5-risk/positions_raw.json)
destinations,PRIME,2026-08,parking_yield_apr_month,0.06267455,"APR fraction (simple, since previous sample)",derived from share_price
destinations,earnUSD,2026-08,share_price,1.0296361,asset per share,archive eth_call @ month-end block (raw/eth/gap-2026-10-07/top5-risk/positions_raw.json)
destinations,earnUSD,2026-08,parking_yield_apr_month,0.06845933,"APR fraction (simple, since previous sample)",derived from share_price
destinations,curve_ebUSD_USDC,2026-08,share_price,1.00771344,asset per share,archive eth_call @ month-end block (raw/eth/gap-2026-10-07/top5-risk/positions_raw.json)
destinations,curve_ebUSD_USDC,2026-08,parking_yield_apr_month,0.00501936,"APR fraction (simple, since previous sample)",derived from share_price
destinations,yb_curve_WETH_crvUSD_lp,2026-08,share_price,1.02602822,asset per share,archive eth_call @ month-end block (raw/eth/gap-2026-10-07/top5-risk/positions_raw.json)
destinations,yb_curve_WETH_crvUSD_lp,2026-08,parking_yield_apr_month,0.06821567,"APR fraction (simple, since previous sample)",derived from share_price
liquid,ALL,2026-08,collateral_usd,268592339.7239109,USD (dollar-debt share of account collateral),derived
liquid,ALL,2026-08,dollar_debt_usd,165826805.04130328,USD,derived
liquid,ALL,2026-08,ltv,0.61739216,fraction,derived
liquid,ALL,2026-08,liquidation_threshold,0.83467263,fraction (collateral-weighted),derived
liquid,ALL,2026-08,health_factor,1.35193267,ratio (aggregate),derived
liquid,ALL,2026-08,borrow_rate_debt_weighted,0.07289533,APR fraction,derived
lido-earn,ALL,2026-08,collateral_usd,72112939.49629326,USD (dollar-debt share of account collateral),derived
lido-earn,ALL,2026-08,dollar_debt_usd,20466224.33736861,USD,derived
lido-earn,ALL,2026-08,ltv,0.28380793,fraction,derived
lido-earn,ALL,2026-08,liquidation_threshold,0.81249703,fraction (collateral-weighted),derived
lido-earn,ALL,2026-08,health_factor,2.86284115,ratio (aggregate),derived
lido-earn,ALL,2026-08,borrow_rate_debt_weighted,0.03792124,APR fraction,derived
avant,ALL,2026-08,collateral_usd,19395531.10499452,USD (dollar-debt share of account collateral),derived
avant,ALL,2026-08,dollar_debt_usd,11279066.24501943,USD,derived
avant,ALL,2026-08,ltv,0.58152913,fraction,derived
avant,ALL,2026-08,liquidation_threshold,0.82428342,fraction (collateral-weighted),derived
avant,ALL,2026-08,health_factor,1.41744134,ratio (aggregate),derived
avant,ALL,2026-08,borrow_rate_debt_weighted,0.0379486,APR fraction,derived
yieldbasis,ALL,2026-08,collateral_usd,61238111.66302184,USD (dollar-debt share of account collateral),derived
yieldbasis,ALL,2026-08,dollar_debt_usd,30478608.88236249,USD,derived
yieldbasis,ALL,2026-08,ltv,0.49770654,fraction,derived
yieldbasis,ALL,2026-08,liquidation_threshold,0.5625,fraction (collateral-weighted),derived
yieldbasis,ALL,2026-08,health_factor,1.13018406,ratio (aggregate),derived
yieldbasis,ALL,2026-08,borrow_rate_debt_weighted,0.1,APR fraction,derived
liquity,ALL,2026-08,collateral_usd,6108079.76981552,USD (dollar-debt share of account collateral),derived
liquity,ALL,2026-08,dollar_debt_usd,3279650.67054983,USD,derived
liquity,ALL,2026-08,ltv,0.53693645,fraction,derived
liquity,ALL,2026-08,liquidation_threshold,0.83333333,fraction (collateral-weighted),derived
liquity,ALL,2026-08,health_factor,1.55201483,ratio (aggregate),derived
liquity,ALL,2026-08,borrow_rate_debt_weighted,0.0635,APR fraction,derived
all,chainlink:ETH/USD,2026-09,eth_usd,2689.75076492,USD,archive eth_call @ month-end block (raw/eth/gap-2026-10-07/top5-risk/positions_raw.json)
liquid,0x0a42b2f3a0d54157dbd7cc346335a4f1909fc02c@AaveV3,2026-09,collateral_usd,134275505.06544232,USD (protocol oracle),archive eth_call @ month-end block (raw/eth/gap-2026-10-07/top5-risk/positions_raw.json)
liquid,0x0a42b2f3a0d54157dbd7cc346335a4f1909fc02c@AaveV3,2026-09,collateral_usd:weETH,134275505.06544232,USD (protocol oracle),archive eth_call per reserve (raw/eth/gap-2026-10-07/top5-risk/aave_legs_raw.json)
liquid,0x0a42b2f3a0d54157dbd7cc346335a4f1909fc02c@AaveV3,2026-09,debt_usd_account_total,76566934.99060838,USD (protocol oracle),archive eth_call @ month-end block (raw/eth/gap-2026-10-07/top5-risk/positions_raw.json)
liquid,0x0a42b2f3a0d54157dbd7cc346335a4f1909fc02c@AaveV3,2026-09,debt_usd:USDC,64533644.69062866,USD (protocol oracle),archive eth_call per reserve (raw/eth/gap-2026-10-07/top5-risk/aave_legs_raw.json)
liquid,0x0a42b2f3a0d54157dbd7cc346335a4f1909fc02c@AaveV3,2026-09,borrow_rate:USDC,0.14104984,APR fraction (reserve variable rate),archive eth_call per reserve (raw/eth/gap-2026-10-07/top5-risk/aave_legs_raw.json)
liquid,0x0a42b2f3a0d54157dbd7cc346335a4f1909fc02c@AaveV3,2026-09,debt_usd:USDT,12033290.29997972,USD (protocol oracle),archive eth_call per reserve (raw/eth/gap-2026-10-07/top5-risk/aave_legs_raw.json)
liquid,0x0a42b2f3a0d54157dbd7cc346335a4f1909fc02c@AaveV3,2026-09,borrow_rate:USDT,0.04366667,APR fraction (reserve variable rate),archive eth_call per reserve (raw/eth/gap-2026-10-07/top5-risk/aave_legs_raw.json)
liquid,0x0a42b2f3a0d54157dbd7cc346335a4f1909fc02c@AaveV3,2026-09,dollar_debt_usd,76566934.99060838,USD (protocol oracle),archive eth_call per reserve (raw/eth/gap-2026-10-07/top5-risk/aave_legs_raw.json)
liquid,0x0a42b2f3a0d54157dbd7cc346335a4f1909fc02c@AaveV3,2026-09,dollar_debt_usd_prior_dataset,76574942.244257,USD,data/eth/economic-dollar-loans.csv (reused leg debt and quoted APR)
liquid,0x0a42b2f3a0d54157dbd7cc346335a4f1909fc02c@AaveV3,2026-09,borrow_rate_debt_weighted,0.12574506,APR fraction,archive eth_call per reserve (raw/eth/gap-2026-10-07/top5-risk/aave_legs_raw.json)
liquid,0x0a42b2f3a0d54157dbd7cc346335a4f1909fc02c@AaveV3,2026-09,ltv,0.57022265,fraction,archive eth_call @ month-end block (raw/eth/gap-2026-10-07/top5-risk/positions_raw.json)
liquid,0x0a42b2f3a0d54157dbd7cc346335a4f1909fc02c@AaveV3,2026-09,health_factor,1.40296074,ratio,archive eth_call @ month-end block (raw/eth/gap-2026-10-07/top5-risk/positions_raw.json)
liquid,0x0a42b2f3a0d54157dbd7cc346335a4f1909fc02c@AaveV3,2026-09,dollar_share_of_account_debt,1.0,fraction,derived
liquid,0x0a42b2f3a0d54157dbd7cc346335a4f1909fc02c@AaveV3,2026-09,liquidation_threshold,0.8,fraction (weighted),archive eth_call @ month-end block (raw/eth/gap-2026-10-07/top5-risk/positions_raw.json)
lido-earn,0x181cb55f872450d16ae858d532b4e35e50eaa76d@AaveV3,2026-09,collateral_usd,58827301.3609229,USD (protocol oracle),archive eth_call @ month-end block (raw/eth/gap-2026-10-07/top5-risk/positions_raw.json)
lido-earn,0x181cb55f872450d16ae858d532b4e35e50eaa76d@AaveV3,2026-09,collateral_usd:wstETH,58827301.36092291,USD (protocol oracle),archive eth_call per reserve (raw/eth/gap-2026-10-07/top5-risk/aave_legs_raw.json)
lido-earn,0x181cb55f872450d16ae858d532b4e35e50eaa76d@AaveV3,2026-09,debt_usd_account_total,22223161.15734104,USD (protocol oracle),archive eth_call @ month-end block (raw/eth/gap-2026-10-07/top5-risk/positions_raw.json)
lido-earn,0x181cb55f872450d16ae858d532b4e35e50eaa76d@AaveV3,2026-09,debt_usd:USDT,22223161.15734103,USD (protocol oracle),archive eth_call per reserve (raw/eth/gap-2026-10-07/top5-risk/aave_legs_raw.json)
lido-earn,0x181cb55f872450d16ae858d532b4e35e50eaa76d@AaveV3,2026-09,borrow_rate:USDT,0.04366667,APR fraction (reserve variable rate),archive eth_call per reserve (raw/eth/gap-2026-10-07/top5-risk/aave_legs_raw.json)
lido-earn,0x181cb55f872450d16ae858d532b4e35e50eaa76d@AaveV3,2026-09,dollar_debt_usd,22223161.15734103,USD (protocol oracle),archive eth_call per reserve (raw/eth/gap-2026-10-07/top5-risk/aave_legs_raw.json)
lido-earn,0x181cb55f872450d16ae858d532b4e35e50eaa76d@AaveV3,2026-09,dollar_debt_usd_prior_dataset,22234334.132586,USD,data/eth/economic-dollar-loans.csv (reused leg debt and quoted APR)
lido-earn,0x181cb55f872450d16ae858d532b4e35e50eaa76d@AaveV3,2026-09,borrow_rate_debt_weighted,0.04366667,APR fraction,archive eth_call per reserve (raw/eth/gap-2026-10-07/top5-risk/aave_legs_raw.json)
lido-earn,0x181cb55f872450d16ae858d532b4e35e50eaa76d@AaveV3,2026-09,ltv,0.37776952,fraction,archive eth_call @ month-end block (raw/eth/gap-2026-10-07/top5-risk/positions_raw.json)
lido-earn,0x181cb55f872450d16ae858d532b4e35e50eaa76d@AaveV3,2026-09,health_factor,2.14416454,ratio,archive eth_call @ month-end block (raw/eth/gap-2026-10-07/top5-risk/positions_raw.json)
lido-earn,0x181cb55f872450d16ae858d532b4e35e50eaa76d@AaveV3,2026-09,dollar_share_of_account_debt,1.0,fraction,derived
lido-earn,0x181cb55f872450d16ae858d532b4e35e50eaa76d@AaveV3,2026-09,liquidation_threshold,0.81,fraction (weighted),archive eth_call @ month-end block (raw/eth/gap-2026-10-07/top5-risk/positions_raw.json)
lido-earn,0x181cb55f872450d16ae858d532b4e35e50eaa76d@SparkV3,2026-09,collateral_usd,9876323.65183181,USD (protocol oracle),archive eth_call @ month-end block (raw/eth/gap-2026-10-07/top5-risk/positions_raw.json)
lido-earn,0x181cb55f872450d16ae858d532b4e35e50eaa76d@SparkV3,2026-09,collateral_usd:wstETH,9876323.65183181,USD (protocol oracle),archive eth_call per reserve (raw/eth/gap-2026-10-07/top5-risk/aave_legs_raw.json)
lido-earn,0x181cb55f872450d16ae858d532b4e35e50eaa76d@SparkV3,2026-09,debt_usd_account_total,3312417.842188,USD (protocol oracle),archive eth_call @ month-end block (raw/eth/gap-2026-10-07/top5-risk/positions_raw.json)
lido-earn,0x181cb55f872450d16ae858d532b4e35e50eaa76d@SparkV3,2026-09,debt_usd:USDT,3312417.842188,USD (protocol oracle),archive eth_call per reserve (raw/eth/gap-2026-10-07/top5-risk/aave_legs_raw.json)
lido-earn,0x181cb55f872450d16ae858d532b4e35e50eaa76d@SparkV3,2026-09,borrow_rate:USDT,0.03965748,APR fraction (reserve variable rate),archive eth_call per reserve (raw/eth/gap-2026-10-07/top5-risk/aave_legs_raw.json)
lido-earn,0x181cb55f872450d16ae858d532b4e35e50eaa76d@SparkV3,2026-09,dollar_debt_usd,3312417.842188,USD (protocol oracle),archive eth_call per reserve (raw/eth/gap-2026-10-07/top5-risk/aave_legs_raw.json)
lido-earn,0x181cb55f872450d16ae858d532b4e35e50eaa76d@SparkV3,2026-09,dollar_debt_usd_prior_dataset,3312417.842188,USD,data/eth/economic-dollar-loans.csv (reused leg debt and quoted APR)
lido-earn,0x181cb55f872450d16ae858d532b4e35e50eaa76d@SparkV3,2026-09,borrow_rate_debt_weighted,0.03965748,APR fraction,archive eth_call per reserve (raw/eth/gap-2026-10-07/top5-risk/aave_legs_raw.json)
lido-earn,0x181cb55f872450d16ae858d532b4e35e50eaa76d@SparkV3,2026-09,ltv,0.33538976,fraction,archive eth_call @ month-end block (raw/eth/gap-2026-10-07/top5-risk/positions_raw.json)
lido-earn,0x181cb55f872450d16ae858d532b4e35e50eaa76d@SparkV3,2026-09,health_factor,2.50454872,ratio,archive eth_call @ month-end block (raw/eth/gap-2026-10-07/top5-risk/positions_raw.json)
lido-earn,0x181cb55f872450d16ae858d532b4e35e50eaa76d@SparkV3,2026-09,dollar_share_of_account_debt,1.0,fraction,derived
lido-earn,0x181cb55f872450d16ae858d532b4e35e50eaa76d@SparkV3,2026-09,liquidation_threshold,0.84,fraction (weighted),archive eth_call @ month-end block (raw/eth/gap-2026-10-07/top5-risk/positions_raw.json)
lido-earn,0x9938a09fea37ba681a1bd53d33ddde2debec1da0@AaveV3,2026-09,collateral_usd,2630.66448777,USD (protocol oracle),archive eth_call @ month-end block (raw/eth/gap-2026-10-07/top5-risk/positions_raw.json)
lido-earn,0x9938a09fea37ba681a1bd53d33ddde2debec1da0@AaveV3,2026-09,collateral_usd:USDe,2630.66448777,USD (protocol oracle),archive eth_call per reserve (raw/eth/gap-2026-10-07/top5-risk/aave_legs_raw.json)
lido-earn,0x9938a09fea37ba681a1bd53d33ddde2debec1da0@AaveV3,2026-09,debt_usd_account_total,2355.35313998,USD (protocol oracle),archive eth_call @ month-end block (raw/eth/gap-2026-10-07/top5-risk/positions_raw.json)
lido-earn,0x9938a09fea37ba681a1bd53d33ddde2debec1da0@AaveV3,2026-09,debt_usd:USDC,2355.35313997,USD (protocol oracle),archive eth_call per reserve (raw/eth/gap-2026-10-07/top5-risk/aave_legs_raw.json)
lido-earn,0x9938a09fea37ba681a1bd53d33ddde2debec1da0@AaveV3,2026-09,borrow_rate:USDC,0.14104984,APR fraction (reserve variable rate),archive eth_call per reserve (raw/eth/gap-2026-10-07/top5-risk/aave_legs_raw.json)
lido-earn,0x9938a09fea37ba681a1bd53d33ddde2debec1da0@AaveV3,2026-09,dollar_debt_usd,2355.35313997,USD (protocol oracle),archive eth_call per reserve (raw/eth/gap-2026-10-07/top5-risk/aave_legs_raw.json)
lido-earn,0x9938a09fea37ba681a1bd53d33ddde2debec1da0@AaveV3,2026-09,dollar_debt_usd_prior_dataset,2355.42458,USD,data/eth/economic-dollar-loans.csv (reused leg debt and quoted APR)
lido-earn,0x9938a09fea37ba681a1bd53d33ddde2debec1da0@AaveV3,2026-09,borrow_rate_debt_weighted,0.14104984,APR fraction,archive eth_call per reserve (raw/eth/gap-2026-10-07/top5-risk/aave_legs_raw.json)
lido-earn,0x9938a09fea37ba681a1bd53d33ddde2debec1da0@AaveV3,2026-09,ltv,0.89534532,fraction,archive eth_call @ month-end block (raw/eth/gap-2026-10-07/top5-risk/positions_raw.json)
lido-earn,0x9938a09fea37ba681a1bd53d33ddde2debec1da0@AaveV3,2026-09,health_factor,1.0275365,ratio,archive eth_call @ month-end block (raw/eth/gap-2026-10-07/top5-risk/positions_raw.json)
lido-earn,0x9938a09fea37ba681a1bd53d33ddde2debec1da0@AaveV3,2026-09,dollar_share_of_account_debt,1.0,fraction,derived
lido-earn,0x9938a09fea37ba681a1bd53d33ddde2debec1da0@AaveV3,2026-09,liquidation_threshold,0.92,fraction (weighted),archive eth_call @ month-end block (raw/eth/gap-2026-10-07/top5-risk/positions_raw.json)
lido-earn,0x9938a09fea37ba681a1bd53d33ddde2debec1da0@AaveV3,2026-09,classification,1,"flag: USDe/sUSDe e-mode stable loop, excluded from ALL",getUserConfiguration/getUserEMode
avant,0x6cc60a0b57bc882a0471980d0e2d4ad7ddf3c4bd@AaveV3,2026-09,collateral_usd,3609839.5901123,USD (protocol oracle),archive eth_call @ month-end block (raw/eth/gap-2026-10-07/top5-risk/positions_raw.json)
avant,0x6cc60a0b57bc882a0471980d0e2d4ad7ddf3c4bd@AaveV3,2026-09,collateral_usd:WETH,2015660.45692838,USD (protocol oracle),archive eth_call per reserve (raw/eth/gap-2026-10-07/top5-risk/aave_legs_raw.json)
avant,0x6cc60a0b57bc882a0471980d0e2d4ad7ddf3c4bd@AaveV3,2026-09,collateral_usd:weETH,1594179.13318393,USD (protocol oracle),archive eth_call per reserve (raw/eth/gap-2026-10-07/top5-risk/aave_legs_raw.json)
avant,0x6cc60a0b57bc882a0471980d0e2d4ad7ddf3c4bd@AaveV3,2026-09,debt_usd_account_total,2210510.46722902,USD (protocol oracle),archive eth_call @ month-end block (raw/eth/gap-2026-10-07/top5-risk/positions_raw.json)
avant,0x6cc60a0b57bc882a0471980d0e2d4ad7ddf3c4bd@AaveV3,2026-09,debt_usd:USDC,2210498.3048409,USD (protocol oracle),archive eth_call per reserve (raw/eth/gap-2026-10-07/top5-risk/aave_legs_raw.json)
avant,0x6cc60a0b57bc882a0471980d0e2d4ad7ddf3c4bd@AaveV3,2026-09,borrow_rate:USDC,0.14104984,APR fraction (reserve variable rate),archive eth_call per reserve (raw/eth/gap-2026-10-07/top5-risk/aave_legs_raw.json)
avant,0x6cc60a0b57bc882a0471980d0e2d4ad7ddf3c4bd@AaveV3,2026-09,debt_usd:USDe,12.16238811,USD (protocol oracle),archive eth_call per reserve (raw/eth/gap-2026-10-07/top5-risk/aave_legs_raw.json)
avant,0x6cc60a0b57bc882a0471980d0e2d4ad7ddf3c4bd@AaveV3,2026-09,borrow_rate:USDe,0.0661209,APR fraction (reserve variable rate),archive eth_call per reserve (raw/eth/gap-2026-10-07/top5-risk/aave_legs_raw.json)
avant,0x6cc60a0b57bc882a0471980d0e2d4ad7ddf3c4bd@AaveV3,2026-09,dollar_debt_usd,2210510.46722901,USD (protocol oracle),archive eth_call per reserve (raw/eth/gap-2026-10-07/top5-risk/aave_legs_raw.json)
avant,0x6cc60a0b57bc882a0471980d0e2d4ad7ddf3c4bd@AaveV3,2026-09,dollar_debt_usd_prior_dataset,2210565.351288,USD,data/eth/economic-dollar-loans.csv (reused leg debt and quoted APR)
avant,0x6cc60a0b57bc882a0471980d0e2d4ad7ddf3c4bd@AaveV3,2026-09,borrow_rate_debt_weighted,0.14104943,APR fraction,archive eth_call per reserve (raw/eth/gap-2026-10-07/top5-risk/aave_legs_raw.json)
avant,0x6cc60a0b57bc882a0471980d0e2d4ad7ddf3c4bd@AaveV3,2026-09,ltv,0.61235698,fraction,archive eth_call @ month-end block (raw/eth/gap-2026-10-07/top5-risk/positions_raw.json)
avant,0x6cc60a0b57bc882a0471980d0e2d4ad7ddf3c4bd@AaveV3,2026-09,health_factor,1.33378309,ratio,archive eth_call @ month-end block (raw/eth/gap-2026-10-07/top5-risk/positions_raw.json)
avant,0x6cc60a0b57bc882a0471980d0e2d4ad7ddf3c4bd@AaveV3,2026-09,dollar_share_of_account_debt,1.0,fraction,derived
avant,0x6cc60a0b57bc882a0471980d0e2d4ad7ddf3c4bd@AaveV3,2026-09,liquidation_threshold,0.8167,fraction (weighted),archive eth_call @ month-end block (raw/eth/gap-2026-10-07/top5-risk/positions_raw.json)
avant,0x6cc60a0b57bc882a0471980d0e2d4ad7ddf3c4bd@SparkV3,2026-09,collateral_usd,12544237.26712458,USD (protocol oracle),archive eth_call @ month-end block (raw/eth/gap-2026-10-07/top5-risk/positions_raw.json)
avant,0x6cc60a0b57bc882a0471980d0e2d4ad7ddf3c4bd@SparkV3,2026-09,collateral_usd:WETH,7025194.33706545,USD (protocol oracle),archive eth_call per reserve (raw/eth/gap-2026-10-07/top5-risk/aave_legs_raw.json)
avant,0x6cc60a0b57bc882a0471980d0e2d4ad7ddf3c4bd@SparkV3,2026-09,collateral_usd:wstETH,5519042.92879103,USD (protocol oracle),archive eth_call per reserve (raw/eth/gap-2026-10-07/top5-risk/aave_legs_raw.json)
avant,0x6cc60a0b57bc882a0471980d0e2d4ad7ddf3c4bd@SparkV3,2026-09,collateral_usd:weETH,0.0012681,USD (protocol oracle),archive eth_call per reserve (raw/eth/gap-2026-10-07/top5-risk/aave_legs_raw.json)
avant,0x6cc60a0b57bc882a0471980d0e2d4ad7ddf3c4bd@SparkV3,2026-09,debt_usd_account_total,7821872.23077565,USD (protocol oracle),archive eth_call @ month-end block (raw/eth/gap-2026-10-07/top5-risk/positions_raw.json)
avant,0x6cc60a0b57bc882a0471980d0e2d4ad7ddf3c4bd@SparkV3,2026-09,debt_usd:USDC,0.000882,USD (protocol oracle),archive eth_call per reserve (raw/eth/gap-2026-10-07/top5-risk/aave_legs_raw.json)
avant,0x6cc60a0b57bc882a0471980d0e2d4ad7ddf3c4bd@SparkV3,2026-09,borrow_rate:USDC,0.04175918,APR fraction (reserve variable rate),archive eth_call per reserve (raw/eth/gap-2026-10-07/top5-risk/aave_legs_raw.json)
avant,0x6cc60a0b57bc882a0471980d0e2d4ad7ddf3c4bd@SparkV3,2026-09,debt_usd:USDS,7320461.33535866,USD (protocol oracle),archive eth_call per reserve (raw/eth/gap-2026-10-07/top5-risk/aave_legs_raw.json)
avant,0x6cc60a0b57bc882a0471980d0e2d4ad7ddf3c4bd@SparkV3,2026-09,borrow_rate:USDS,0.04125944,APR fraction (reserve variable rate),archive eth_call per reserve (raw/eth/gap-2026-10-07/top5-risk/aave_legs_raw.json)
avant,0x6cc60a0b57bc882a0471980d0e2d4ad7ddf3c4bd@SparkV3,2026-09,debt_usd:PYUSD,501410.894535,USD (protocol oracle),archive eth_call per reserve (raw/eth/gap-2026-10-07/top5-risk/aave_legs_raw.json)
avant,0x6cc60a0b57bc882a0471980d0e2d4ad7ddf3c4bd@SparkV3,2026-09,borrow_rate:PYUSD,0.04335033,APR fraction (reserve variable rate),archive eth_call per reserve (raw/eth/gap-2026-10-07/top5-risk/aave_legs_raw.json)
avant,0x6cc60a0b57bc882a0471980d0e2d4ad7ddf3c4bd@SparkV3,2026-09,dollar_debt_usd,7821872.23077566,USD (protocol oracle),archive eth_call per reserve (raw/eth/gap-2026-10-07/top5-risk/aave_legs_raw.json)
avant,0x6cc60a0b57bc882a0471980d0e2d4ad7ddf3c4bd@SparkV3,2026-09,dollar_debt_usd_prior_dataset,7821872.22989366,USD,data/eth/economic-dollar-loans.csv (reused leg debt and quoted APR)
avant,0x6cc60a0b57bc882a0471980d0e2d4ad7ddf3c4bd@SparkV3,2026-09,borrow_rate_debt_weighted,0.04139347,APR fraction,archive eth_call per reserve (raw/eth/gap-2026-10-07/top5-risk/aave_legs_raw.json)
avant,0x6cc60a0b57bc882a0471980d0e2d4ad7ddf3c4bd@SparkV3,2026-09,ltv,0.62354307,fraction,archive eth_call @ month-end block (raw/eth/gap-2026-10-07/top5-risk/positions_raw.json)
avant,0x6cc60a0b57bc882a0471980d0e2d4ad7ddf3c4bd@SparkV3,2026-09,health_factor,1.36510217,ratio,archive eth_call @ month-end block (raw/eth/gap-2026-10-07/top5-risk/positions_raw.json)
avant,0x6cc60a0b57bc882a0471980d0e2d4ad7ddf3c4bd@SparkV3,2026-09,dollar_share_of_account_debt,1.0,fraction,derived
avant,0x6cc60a0b57bc882a0471980d0e2d4ad7ddf3c4bd@SparkV3,2026-09,liquidation_threshold,0.8512,fraction (weighted),archive eth_call @ month-end block (raw/eth/gap-2026-10-07/top5-risk/positions_raw.json)
liquid,0xf0bb20865277abd641a307ece5ee04e79073416c@Morpho:weETH/RLUSD,2026-09,collateral_usd,53414896.95212631,"USD (Morpho oracle, loan-token units)",archive eth_call @ month-end block (raw/eth/gap-2026-10-07/top5-risk/positions_raw.json)
liquid,0xf0bb20865277abd641a307ece5ee04e79073416c@Morpho:weETH/RLUSD,2026-09,collateral_weeth,17982.6411797,weETH,archive eth_call @ month-end block (raw/eth/gap-2026-10-07/top5-risk/positions_raw.json)
liquid,0xf0bb20865277abd641a307ece5ee04e79073416c@Morpho:weETH/RLUSD,2026-09,dollar_debt_usd,35912261.57986553,"USD (loan-token face, stored index)",archive eth_call @ month-end block (raw/eth/gap-2026-10-07/top5-risk/positions_raw.json)
liquid,0xf0bb20865277abd641a307ece5ee04e79073416c@Morpho:weETH/RLUSD,2026-09,liquidation_threshold,0.86,fraction (LLTV),archive eth_call @ month-end block (raw/eth/gap-2026-10-07/top5-risk/positions_raw.json)
liquid,0xf0bb20865277abd641a307ece5ee04e79073416c@Morpho:weETH/RLUSD,2026-09,ltv,0.6723267,fraction,archive eth_call @ month-end block (raw/eth/gap-2026-10-07/top5-risk/positions_raw.json)
liquid,0xf0bb20865277abd641a307ece5ee04e79073416c@Morpho:weETH/RLUSD,2026-09,health_factor,1.27914003,ratio (LLTV x collateral / debt),derived
liquid,0xf0bb20865277abd641a307ece5ee04e79073416c@Morpho:weETH/RLUSD,2026-09,borrow_rate_debt_weighted,0.16677406,APR fraction,data/eth/economic-dollar-loans.csv (reused leg debt and quoted APR)
liquid,0xc936e848688c9f035fa0e7a0e4dbcf26a01245f3@Morpho:weETH/RLUSD,2026-09,collateral_usd,56625575.16491713,"USD (Morpho oracle, loan-token units)",archive eth_call @ month-end block (raw/eth/gap-2026-10-07/top5-risk/positions_raw.json)
liquid,0xc936e848688c9f035fa0e7a0e4dbcf26a01245f3@Morpho:weETH/RLUSD,2026-09,collateral_weeth,19063.54702317,weETH,archive eth_call @ month-end block (raw/eth/gap-2026-10-07/top5-risk/positions_raw.json)
liquid,0xc936e848688c9f035fa0e7a0e4dbcf26a01245f3@Morpho:weETH/RLUSD,2026-09,dollar_debt_usd,34278307.10888057,"USD (loan-token face, stored index)",archive eth_call @ month-end block (raw/eth/gap-2026-10-07/top5-risk/positions_raw.json)
liquid,0xc936e848688c9f035fa0e7a0e4dbcf26a01245f3@Morpho:weETH/RLUSD,2026-09,liquidation_threshold,0.86,fraction (LLTV),archive eth_call @ month-end block (raw/eth/gap-2026-10-07/top5-risk/positions_raw.json)
liquid,0xc936e848688c9f035fa0e7a0e4dbcf26a01245f3@Morpho:weETH/RLUSD,2026-09,ltv,0.60535027,fraction,archive eth_call @ month-end block (raw/eth/gap-2026-10-07/top5-risk/positions_raw.json)
liquid,0xc936e848688c9f035fa0e7a0e4dbcf26a01245f3@Morpho:weETH/RLUSD,2026-09,health_factor,1.4206651,ratio (LLTV x collateral / debt),derived
liquid,0xc936e848688c9f035fa0e7a0e4dbcf26a01245f3@Morpho:weETH/RLUSD,2026-09,borrow_rate_debt_weighted,0.16677406,APR fraction,data/eth/economic-dollar-loans.csv (reused leg debt and quoted APR)
liquid,0xf0bb20865277abd641a307ece5ee04e79073416c@Morpho:weETH/USDC,2026-09,collateral_usd,29702527.63947419,"USD (Morpho oracle, loan-token units)",archive eth_call @ month-end block (raw/eth/gap-2026-10-07/top5-risk/positions_raw.json)
liquid,0xf0bb20865277abd641a307ece5ee04e79073416c@Morpho:weETH/USDC,2026-09,collateral_weeth,10003.5419242,weETH,archive eth_call @ month-end block (raw/eth/gap-2026-10-07/top5-risk/positions_raw.json)
liquid,0xf0bb20865277abd641a307ece5ee04e79073416c@Morpho:weETH/USDC,2026-09,dollar_debt_usd,17160645.30695695,"USD (loan-token face, stored index)",archive eth_call @ month-end block (raw/eth/gap-2026-10-07/top5-risk/positions_raw.json)
liquid,0xf0bb20865277abd641a307ece5ee04e79073416c@Morpho:weETH/USDC,2026-09,liquidation_threshold,0.86,fraction (LLTV),archive eth_call @ month-end block (raw/eth/gap-2026-10-07/top5-risk/positions_raw.json)
liquid,0xf0bb20865277abd641a307ece5ee04e79073416c@Morpho:weETH/USDC,2026-09,ltv,0.57775034,fraction,archive eth_call @ month-end block (raw/eth/gap-2026-10-07/top5-risk/positions_raw.json)
liquid,0xf0bb20865277abd641a307ece5ee04e79073416c@Morpho:weETH/USDC,2026-09,health_factor,1.48853224,ratio (LLTV x collateral / debt),derived
liquid,0xf0bb20865277abd641a307ece5ee04e79073416c@Morpho:weETH/USDC,2026-09,borrow_rate_debt_weighted,0.05231947,APR fraction,data/eth/economic-dollar-loans.csv (reused leg debt and quoted APR)
liquid,0xf0bb20865277abd641a307ece5ee04e79073416c@Morpho:weETH/PYUSD,2026-09,collateral_usd,29593644.96260655,"USD (Morpho oracle, loan-token units)",archive eth_call @ month-end block (raw/eth/gap-2026-10-07/top5-risk/positions_raw.json)
liquid,0xf0bb20865277abd641a307ece5ee04e79073416c@Morpho:weETH/PYUSD,2026-09,collateral_weeth,9963.8168961,weETH,archive eth_call @ month-end block (raw/eth/gap-2026-10-07/top5-risk/positions_raw.json)
liquid,0xf0bb20865277abd641a307ece5ee04e79073416c@Morpho:weETH/PYUSD,2026-09,dollar_debt_usd,19453795.77075977,"USD (loan-token face, stored index)",archive eth_call @ month-end block (raw/eth/gap-2026-10-07/top5-risk/positions_raw.json)
liquid,0xf0bb20865277abd641a307ece5ee04e79073416c@Morpho:weETH/PYUSD,2026-09,liquidation_threshold,0.86,fraction (LLTV),archive eth_call @ month-end block (raw/eth/gap-2026-10-07/top5-risk/positions_raw.json)
liquid,0xf0bb20865277abd641a307ece5ee04e79073416c@Morpho:weETH/PYUSD,2026-09,ltv,0.65736396,fraction,archive eth_call @ month-end block (raw/eth/gap-2026-10-07/top5-risk/positions_raw.json)
liquid,0xf0bb20865277abd641a307ece5ee04e79073416c@Morpho:weETH/PYUSD,2026-09,health_factor,1.30825547,ratio (LLTV x collateral / debt),derived
liquid,0xf0bb20865277abd641a307ece5ee04e79073416c@Morpho:weETH/PYUSD,2026-09,borrow_rate_debt_weighted,0.20061278,APR fraction,data/eth/economic-dollar-loans.csv (reused leg debt and quoted APR)
yieldbasis,0x5f8d24f33cc5a1d5d1bf012261e6a2214c92233c@YB-LEVAMM (LT 0x2b9c9f3b),2026-09,collateral_usd,56207456.33401461,crvUSD (LP x LP oracle),archive eth_call @ month-end block (raw/eth/gap-2026-10-07/top5-risk/positions_raw.json)
yieldbasis,0x5f8d24f33cc5a1d5d1bf012261e6a2214c92233c@YB-LEVAMM (LT 0x2b9c9f3b),2026-09,dollar_debt_usd,28062258.14040116,crvUSD face,archive eth_call @ month-end block (raw/eth/gap-2026-10-07/top5-risk/positions_raw.json)
yieldbasis,0x5f8d24f33cc5a1d5d1bf012261e6a2214c92233c@YB-LEVAMM (LT 0x2b9c9f3b),2026-09,ltv,0.4992622,fraction,archive eth_call @ month-end block (raw/eth/gap-2026-10-07/top5-risk/positions_raw.json)
yieldbasis,0x5f8d24f33cc5a1d5d1bf012261e6a2214c92233c@YB-LEVAMM (LT 0x2b9c9f3b),2026-09,liquidation_threshold,0.5625,"fraction (LEVAMM critical debt/value, L=2; no liquidation engine)",LEVAMM source get_x0
yieldbasis,0x5f8d24f33cc5a1d5d1bf012261e6a2214c92233c@YB-LEVAMM (LT 0x2b9c9f3b),2026-09,max_safe_ltv,0.53125,fraction (deposit-time MAX_SAFE_DEBT),LEVAMM source __init__
yieldbasis,0x5f8d24f33cc5a1d5d1bf012261e6a2214c92233c@YB-LEVAMM (LT 0x2b9c9f3b),2026-09,target_ltv,0.5,fraction ((L-1)/L),LEVAMM source
yieldbasis,0x5f8d24f33cc5a1d5d1bf012261e6a2214c92233c@YB-LEVAMM (LT 0x2b9c9f3b),2026-09,health_factor,1.12666251,ratio (critical LTV / LTV),derived
yieldbasis,0x5f8d24f33cc5a1d5d1bf012261e6a2214c92233c@YB-LEVAMM (LT 0x2b9c9f3b),2026-09,net_value_usd,28145076.52387585,crvUSD (value_oracle),archive eth_call @ month-end block (raw/eth/gap-2026-10-07/top5-risk/positions_raw.json)
yieldbasis,0x5f8d24f33cc5a1d5d1bf012261e6a2214c92233c@YB-LEVAMM (LT 0x2b9c9f3b),2026-09,borrow_rate_debt_weighted,0.1,APR fraction (AMM rate()),archive eth_call @ month-end block (raw/eth/gap-2026-10-07/top5-risk/positions_raw.json)
liquity,0xb9e806e8f2d94c015ffefa90cd24ecce18f1663c@Ebisu-wstETH trove 0x17fde209,2026-09,collateral_usd,15327270.98587231,USD (branch lastGoodPrice),archive eth_call @ month-end block (raw/eth/gap-2026-10-07/top5-risk/positions_raw.json)
liquity,0xb9e806e8f2d94c015ffefa90cd24ecce18f1663c@Ebisu-wstETH trove 0x17fde209,2026-09,collateral_wsteth,4586.70676757,wstETH,archive eth_call @ month-end block (raw/eth/gap-2026-10-07/top5-risk/positions_raw.json)
liquity,0xb9e806e8f2d94c015ffefa90cd24ecce18f1663c@Ebisu-wstETH trove 0x17fde209,2026-09,dollar_debt_usd,6751121.39189043,ebUSD face,archive eth_call @ month-end block (raw/eth/gap-2026-10-07/top5-risk/positions_raw.json)
liquity,0xb9e806e8f2d94c015ffefa90cd24ecce18f1663c@Ebisu-wstETH trove 0x17fde209,2026-09,ltv,0.44046467,fraction,archive eth_call @ month-end block (raw/eth/gap-2026-10-07/top5-risk/positions_raw.json)
liquity,0xb9e806e8f2d94c015ffefa90cd24ecce18f1663c@Ebisu-wstETH trove 0x17fde209,2026-09,liquidation_threshold,0.83333333,fraction (1/MCR),trove_final_rpc.json MCR
liquity,0xb9e806e8f2d94c015ffefa90cd24ecce18f1663c@Ebisu-wstETH trove 0x17fde209,2026-09,health_factor,1.89194137,ratio (ICR / MCR),derived
liquity,0xb9e806e8f2d94c015ffefa90cd24ecce18f1663c@Ebisu-wstETH trove 0x17fde209,2026-09,borrow_rate_debt_weighted,0.0255,APR fraction (trove annualInterestRate),archive eth_call @ month-end block (raw/eth/gap-2026-10-07/top5-risk/positions_raw.json)
destinations,senRLUSDv2,2026-09,share_price,1.01301067,asset per share,archive eth_call @ month-end block (raw/eth/gap-2026-10-07/top5-risk/positions_raw.json)
destinations,senRLUSDv2,2026-09,parking_yield_apr_month,0.02712215,"APR fraction (simple, since previous sample)",derived from share_price
destinations,senPYUSDPRIMEv2,2026-09,share_price,2.024392,asset per share,archive eth_call @ month-end block (raw/eth/gap-2026-10-07/top5-risk/positions_raw.json)
destinations,senPYUSDPRIMEv2,2026-09,parking_yield_apr_month,0.03559308,"APR fraction (simple, since previous sample)",derived from share_price
destinations,stcUSD,2026-09,share_price,1.08279135,asset per share,archive eth_call @ month-end block (raw/eth/gap-2026-10-07/top5-risk/positions_raw.json)
destinations,stcUSD,2026-09,parking_yield_apr_month,0.05541435,"APR fraction (simple, since previous sample)",derived from share_price
destinations,PRIME,2026-09,share_price,1.062187,asset per share,archive eth_call @ month-end block (raw/eth/gap-2026-10-07/top5-risk/positions_raw.json)
destinations,PRIME,2026-09,parking_yield_apr_month,0.05897662,"APR fraction (simple, since previous sample)",derived from share_price
destinations,earnUSD,2026-09,share_price,1.03380269,asset per share,archive eth_call @ month-end block (raw/eth/gap-2026-10-07/top5-risk/positions_raw.json)
destinations,earnUSD,2026-09,parking_yield_apr_month,0.04923446,"APR fraction (simple, since previous sample)",derived from share_price
destinations,curve_ebUSD_USDC,2026-09,share_price,1.00807289,asset per share,archive eth_call @ month-end block (raw/eth/gap-2026-10-07/top5-risk/positions_raw.json)
destinations,curve_ebUSD_USDC,2026-09,parking_yield_apr_month,0.00433985,"APR fraction (simple, since previous sample)",derived from share_price
destinations,yb_curve_WETH_crvUSD_lp,2026-09,share_price,1.03376989,asset per share,archive eth_call @ month-end block (raw/eth/gap-2026-10-07/top5-risk/positions_raw.json)
destinations,yb_curve_WETH_crvUSD_lp,2026-09,parking_yield_apr_month,0.09180091,"APR fraction (simple, since previous sample)",derived from share_price
liquid,ALL,2026-09,collateral_usd,303612149.7845665,USD (dollar-debt share of account collateral),derived
liquid,ALL,2026-09,dollar_debt_usd,183371944.7570712,USD,derived
liquid,ALL,2026-09,ltv,0.60396774,fraction,derived
liquid,ALL,2026-09,liquidation_threshold,0.8334644,fraction (collateral-weighted),derived
liquid,ALL,2026-09,health_factor,1.37998165,ratio (aggregate),derived
liquid,ALL,2026-09,borrow_rate_debt_weighted,0.14252123,APR fraction,derived
lido-earn,ALL,2026-09,collateral_usd,68703625.0127547,USD (dollar-debt share of account collateral),derived
lido-earn,ALL,2026-09,dollar_debt_usd,25535578.99952903,USD,derived
lido-earn,ALL,2026-09,ltv,0.37167732,fraction,derived
lido-earn,ALL,2026-09,liquidation_threshold,0.81431258,fraction (collateral-weighted),derived
lido-earn,ALL,2026-09,health_factor,2.19091276,ratio (aggregate),derived
lido-earn,ALL,2026-09,borrow_rate_debt_weighted,0.04314661,APR fraction,derived
avant,ALL,2026-09,collateral_usd,16154076.85723686,USD (dollar-debt share of account collateral),derived
avant,ALL,2026-09,dollar_debt_usd,10032382.69800467,USD,derived
avant,ALL,2026-09,ltv,0.62104339,fraction,derived
avant,ALL,2026-09,liquidation_threshold,0.84349052,fraction (collateral-weighted),derived
avant,ALL,2026-09,health_factor,1.35818291,ratio (aggregate),derived
avant,ALL,2026-09,borrow_rate_debt_weighted,0.06335142,APR fraction,derived
yieldbasis,ALL,2026-09,collateral_usd,56207456.33401461,USD (dollar-debt share of account collateral),derived
yieldbasis,ALL,2026-09,dollar_debt_usd,28062258.14040116,USD,derived
yieldbasis,ALL,2026-09,ltv,0.4992622,fraction,derived
yieldbasis,ALL,2026-09,liquidation_threshold,0.5625,fraction (collateral-weighted),derived
yieldbasis,ALL,2026-09,health_factor,1.12666251,ratio (aggregate),derived
yieldbasis,ALL,2026-09,borrow_rate_debt_weighted,0.1,APR fraction,derived
liquity,ALL,2026-09,collateral_usd,15327270.98587231,USD (dollar-debt share of account collateral),derived
liquity,ALL,2026-09,dollar_debt_usd,6751121.39189043,USD,derived
liquity,ALL,2026-09,ltv,0.44046467,fraction,derived
liquity,ALL,2026-09,liquidation_threshold,0.83333333,fraction (collateral-weighted),derived
liquity,ALL,2026-09,health_factor,1.89194137,ratio (aggregate),derived
liquity,ALL,2026-09,borrow_rate_debt_weighted,0.0255,APR fraction,derived
all,chainlink:ETH/USD,T,eth_usd,2667.1509388,USD,archive eth_call @ month-end block (raw/eth/gap-2026-10-07/top5-risk/positions_raw.json)
liquid,0x0a42b2f3a0d54157dbd7cc346335a4f1909fc02c@AaveV3,T,collateral_usd,133115759.34703016,USD (protocol oracle),archive eth_call @ month-end block (raw/eth/gap-2026-10-07/top5-risk/positions_raw.json)
liquid,0x0a42b2f3a0d54157dbd7cc346335a4f1909fc02c@AaveV3,T,collateral_usd:weETH,133115759.34703015,USD (protocol oracle),archive eth_call per reserve (raw/eth/gap-2026-10-07/top5-risk/aave_legs_raw.json)
liquid,0x0a42b2f3a0d54157dbd7cc346335a4f1909fc02c@AaveV3,T,debt_usd_account_total,76588521.61157292,USD (protocol oracle),archive eth_call @ month-end block (raw/eth/gap-2026-10-07/top5-risk/positions_raw.json)
liquid,0x0a42b2f3a0d54157dbd7cc346335a4f1909fc02c@AaveV3,T,debt_usd:USDC,64548310.21087971,USD (protocol oracle),archive eth_call per reserve (raw/eth/gap-2026-10-07/top5-risk/aave_legs_raw.json)
liquid,0x0a42b2f3a0d54157dbd7cc346335a4f1909fc02c@AaveV3,T,borrow_rate:USDC,0.13934401,APR fraction (reserve variable rate),archive eth_call per reserve (raw/eth/gap-2026-10-07/top5-risk/aave_legs_raw.json)
liquid,0x0a42b2f3a0d54157dbd7cc346335a4f1909fc02c@AaveV3,T,debt_usd:USDT,12040211.40069321,USD (protocol oracle),archive eth_call per reserve (raw/eth/gap-2026-10-07/top5-risk/aave_legs_raw.json)
liquid,0x0a42b2f3a0d54157dbd7cc346335a4f1909fc02c@AaveV3,T,borrow_rate:USDT,0.04381646,APR fraction (reserve variable rate),archive eth_call per reserve (raw/eth/gap-2026-10-07/top5-risk/aave_legs_raw.json)
liquid,0x0a42b2f3a0d54157dbd7cc346335a4f1909fc02c@AaveV3,T,dollar_debt_usd,76588521.6115729,USD (protocol oracle),archive eth_call per reserve (raw/eth/gap-2026-10-07/top5-risk/aave_legs_raw.json)
liquid,0x0a42b2f3a0d54157dbd7cc346335a4f1909fc02c@AaveV3,T,dollar_debt_usd_prior_dataset,76594311.436129,USD,data/eth/economic-dollar-loans.csv (reused leg debt and quoted APR)
liquid,0x0a42b2f3a0d54157dbd7cc346335a4f1909fc02c@AaveV3,T,borrow_rate_debt_weighted,0.12432646,APR fraction,archive eth_call per reserve (raw/eth/gap-2026-10-07/top5-risk/aave_legs_raw.json)
liquid,0x0a42b2f3a0d54157dbd7cc346335a4f1909fc02c@AaveV3,T,ltv,0.57535278,fraction,archive eth_call @ month-end block (raw/eth/gap-2026-10-07/top5-risk/positions_raw.json)
liquid,0x0a42b2f3a0d54157dbd7cc346335a4f1909fc02c@AaveV3,T,health_factor,1.39045127,ratio,archive eth_call @ month-end block (raw/eth/gap-2026-10-07/top5-risk/positions_raw.json)
liquid,0x0a42b2f3a0d54157dbd7cc346335a4f1909fc02c@AaveV3,T,dollar_share_of_account_debt,1.0,fraction,derived
liquid,0x0a42b2f3a0d54157dbd7cc346335a4f1909fc02c@AaveV3,T,liquidation_threshold,0.8,fraction (weighted),archive eth_call @ month-end block (raw/eth/gap-2026-10-07/top5-risk/positions_raw.json)
liquid,0x0a42b2f3a0d54157dbd7cc346335a4f1909fc02c@SparkV3,T,collateral_usd,8048315.74266595,USD (protocol oracle),archive eth_call @ month-end block (raw/eth/gap-2026-10-07/top5-risk/positions_raw.json)
liquid,0x0a42b2f3a0d54157dbd7cc346335a4f1909fc02c@SparkV3,T,collateral_usd:wstETH,8048315.74266595,USD (protocol oracle),archive eth_call per reserve (raw/eth/gap-2026-10-07/top5-risk/aave_legs_raw.json)
liquid,0x0a42b2f3a0d54157dbd7cc346335a4f1909fc02c@SparkV3,T,debt_usd_account_total,3611570.542696,USD (protocol oracle),archive eth_call @ month-end block (raw/eth/gap-2026-10-07/top5-risk/positions_raw.json)
liquid,0x0a42b2f3a0d54157dbd7cc346335a4f1909fc02c@SparkV3,T,debt_usd:PYUSD,3611570.542696,USD (protocol oracle),archive eth_call per reserve (raw/eth/gap-2026-10-07/top5-risk/aave_legs_raw.json)
liquid,0x0a42b2f3a0d54157dbd7cc346335a4f1909fc02c@SparkV3,T,borrow_rate:PYUSD,0.04387763,APR fraction (reserve variable rate),archive eth_call per reserve (raw/eth/gap-2026-10-07/top5-risk/aave_legs_raw.json)
liquid,0x0a42b2f3a0d54157dbd7cc346335a4f1909fc02c@SparkV3,T,dollar_debt_usd,3611570.542696,USD (protocol oracle),archive eth_call per reserve (raw/eth/gap-2026-10-07/top5-risk/aave_legs_raw.json)
liquid,0x0a42b2f3a0d54157dbd7cc346335a4f1909fc02c@SparkV3,T,dollar_debt_usd_prior_dataset,3611570.542696,USD,data/eth/economic-dollar-loans.csv (reused leg debt and quoted APR)
liquid,0x0a42b2f3a0d54157dbd7cc346335a4f1909fc02c@SparkV3,T,borrow_rate_debt_weighted,0.04387763,APR fraction,archive eth_call per reserve (raw/eth/gap-2026-10-07/top5-risk/aave_legs_raw.json)
liquid,0x0a42b2f3a0d54157dbd7cc346335a4f1909fc02c@SparkV3,T,ltv,0.44873619,fraction,archive eth_call @ month-end block (raw/eth/gap-2026-10-07/top5-risk/positions_raw.json)
liquid,0x0a42b2f3a0d54157dbd7cc346335a4f1909fc02c@SparkV3,T,health_factor,1.8719239,ratio,archive eth_call @ month-end block (raw/eth/gap-2026-10-07/top5-risk/positions_raw.json)
liquid,0x0a42b2f3a0d54157dbd7cc346335a4f1909fc02c@SparkV3,T,dollar_share_of_account_debt,1.0,fraction,derived
liquid,0x0a42b2f3a0d54157dbd7cc346335a4f1909fc02c@SparkV3,T,liquidation_threshold,0.84,fraction (weighted),archive eth_call @ month-end block (raw/eth/gap-2026-10-07/top5-risk/positions_raw.json)
lido-earn,0x181cb55f872450d16ae858d532b4e35e50eaa76d@AaveV3,T,collateral_usd,58318474.40613193,USD (protocol oracle),archive eth_call @ month-end block (raw/eth/gap-2026-10-07/top5-risk/positions_raw.json)
lido-earn,0x181cb55f872450d16ae858d532b4e35e50eaa76d@AaveV3,T,collateral_usd:wstETH,58318474.40613192,USD (protocol oracle),archive eth_call per reserve (raw/eth/gap-2026-10-07/top5-risk/aave_legs_raw.json)
lido-earn,0x181cb55f872450d16ae858d532b4e35e50eaa76d@AaveV3,T,debt_usd_account_total,22235943.09251469,USD (protocol oracle),archive eth_call @ month-end block (raw/eth/gap-2026-10-07/top5-risk/positions_raw.json)
lido-earn,0x181cb55f872450d16ae858d532b4e35e50eaa76d@AaveV3,T,debt_usd:USDT,22235943.09251469,USD (protocol oracle),archive eth_call per reserve (raw/eth/gap-2026-10-07/top5-risk/aave_legs_raw.json)
lido-earn,0x181cb55f872450d16ae858d532b4e35e50eaa76d@AaveV3,T,borrow_rate:USDT,0.04381646,APR fraction (reserve variable rate),archive eth_call per reserve (raw/eth/gap-2026-10-07/top5-risk/aave_legs_raw.json)
lido-earn,0x181cb55f872450d16ae858d532b4e35e50eaa76d@AaveV3,T,dollar_debt_usd,22235943.09251469,USD (protocol oracle),archive eth_call per reserve (raw/eth/gap-2026-10-07/top5-risk/aave_legs_raw.json)
lido-earn,0x181cb55f872450d16ae858d532b4e35e50eaa76d@AaveV3,T,dollar_debt_usd_prior_dataset,22239666.457473,USD,data/eth/economic-dollar-loans.csv (reused leg debt and quoted APR)
lido-earn,0x181cb55f872450d16ae858d532b4e35e50eaa76d@AaveV3,T,borrow_rate_debt_weighted,0.04381646,APR fraction,archive eth_call per reserve (raw/eth/gap-2026-10-07/top5-risk/aave_legs_raw.json)
lido-earn,0x181cb55f872450d16ae858d532b4e35e50eaa76d@AaveV3,T,ltv,0.38128472,fraction,archive eth_call @ month-end block (raw/eth/gap-2026-10-07/top5-risk/positions_raw.json)
lido-earn,0x181cb55f872450d16ae858d532b4e35e50eaa76d@AaveV3,T,health_factor,2.12439671,ratio,archive eth_call @ month-end block (raw/eth/gap-2026-10-07/top5-risk/positions_raw.json)
lido-earn,0x181cb55f872450d16ae858d532b4e35e50eaa76d@AaveV3,T,dollar_share_of_account_debt,1.0,fraction,derived
lido-earn,0x181cb55f872450d16ae858d532b4e35e50eaa76d@AaveV3,T,liquidation_threshold,0.81,fraction (weighted),archive eth_call @ month-end block (raw/eth/gap-2026-10-07/top5-risk/positions_raw.json)
lido-earn,0x181cb55f872450d16ae858d532b4e35e50eaa76d@SparkV3,T,collateral_usd,9812127.60379002,USD (protocol oracle),archive eth_call @ month-end block (raw/eth/gap-2026-10-07/top5-risk/positions_raw.json)
lido-earn,0x181cb55f872450d16ae858d532b4e35e50eaa76d@SparkV3,T,collateral_usd:wstETH,9812127.60379003,USD (protocol oracle),archive eth_call per reserve (raw/eth/gap-2026-10-07/top5-risk/aave_legs_raw.json)
lido-earn,0x181cb55f872450d16ae858d532b4e35e50eaa76d@SparkV3,T,debt_usd_account_total,3313137.709644,USD (protocol oracle),archive eth_call @ month-end block (raw/eth/gap-2026-10-07/top5-risk/positions_raw.json)
lido-earn,0x181cb55f872450d16ae858d532b4e35e50eaa76d@SparkV3,T,debt_usd:USDT,3313137.709644,USD (protocol oracle),archive eth_call per reserve (raw/eth/gap-2026-10-07/top5-risk/aave_legs_raw.json)
lido-earn,0x181cb55f872450d16ae858d532b4e35e50eaa76d@SparkV3,T,borrow_rate:USDT,0.03966052,APR fraction (reserve variable rate),archive eth_call per reserve (raw/eth/gap-2026-10-07/top5-risk/aave_legs_raw.json)
lido-earn,0x181cb55f872450d16ae858d532b4e35e50eaa76d@SparkV3,T,dollar_debt_usd,3313137.709644,USD (protocol oracle),archive eth_call per reserve (raw/eth/gap-2026-10-07/top5-risk/aave_legs_raw.json)
lido-earn,0x181cb55f872450d16ae858d532b4e35e50eaa76d@SparkV3,T,dollar_debt_usd_prior_dataset,3313137.709644,USD,data/eth/economic-dollar-loans.csv (reused leg debt and quoted APR)
lido-earn,0x181cb55f872450d16ae858d532b4e35e50eaa76d@SparkV3,T,borrow_rate_debt_weighted,0.03966052,APR fraction,archive eth_call per reserve (raw/eth/gap-2026-10-07/top5-risk/aave_legs_raw.json)
lido-earn,0x181cb55f872450d16ae858d532b4e35e50eaa76d@SparkV3,T,ltv,0.33765742,fraction,archive eth_call @ month-end block (raw/eth/gap-2026-10-07/top5-risk/positions_raw.json)
lido-earn,0x181cb55f872450d16ae858d532b4e35e50eaa76d@SparkV3,T,health_factor,2.48772852,ratio,archive eth_call @ month-end block (raw/eth/gap-2026-10-07/top5-risk/positions_raw.json)
lido-earn,0x181cb55f872450d16ae858d532b4e35e50eaa76d@SparkV3,T,dollar_share_of_account_debt,1.0,fraction,derived
lido-earn,0x181cb55f872450d16ae858d532b4e35e50eaa76d@SparkV3,T,liquidation_threshold,0.84,fraction (weighted),archive eth_call @ month-end block (raw/eth/gap-2026-10-07/top5-risk/positions_raw.json)
lido-earn,0x9938a09fea37ba681a1bd53d33ddde2debec1da0@AaveV3,T,collateral_usd,2632.59587577,USD (protocol oracle),archive eth_call @ month-end block (raw/eth/gap-2026-10-07/top5-risk/positions_raw.json)
lido-earn,0x9938a09fea37ba681a1bd53d33ddde2debec1da0@AaveV3,T,collateral_usd:USDe,2632.59587577,USD (protocol oracle),archive eth_call per reserve (raw/eth/gap-2026-10-07/top5-risk/aave_legs_raw.json)
lido-earn,0x9938a09fea37ba681a1bd53d33ddde2debec1da0@AaveV3,T,debt_usd_account_total,2355.88840372,USD (protocol oracle),archive eth_call @ month-end block (raw/eth/gap-2026-10-07/top5-risk/positions_raw.json)
lido-earn,0x9938a09fea37ba681a1bd53d33ddde2debec1da0@AaveV3,T,debt_usd:USDC,2355.88840371,USD (protocol oracle),archive eth_call per reserve (raw/eth/gap-2026-10-07/top5-risk/aave_legs_raw.json)
lido-earn,0x9938a09fea37ba681a1bd53d33ddde2debec1da0@AaveV3,T,borrow_rate:USDC,0.13934401,APR fraction (reserve variable rate),archive eth_call per reserve (raw/eth/gap-2026-10-07/top5-risk/aave_legs_raw.json)
lido-earn,0x9938a09fea37ba681a1bd53d33ddde2debec1da0@AaveV3,T,dollar_debt_usd,2355.88840371,USD (protocol oracle),archive eth_call per reserve (raw/eth/gap-2026-10-07/top5-risk/aave_legs_raw.json)
lido-earn,0x9938a09fea37ba681a1bd53d33ddde2debec1da0@AaveV3,T,dollar_debt_usd_prior_dataset,2356.026137,USD,data/eth/economic-dollar-loans.csv (reused leg debt and quoted APR)
lido-earn,0x9938a09fea37ba681a1bd53d33ddde2debec1da0@AaveV3,T,borrow_rate_debt_weighted,0.13934401,APR fraction,archive eth_call per reserve (raw/eth/gap-2026-10-07/top5-risk/aave_legs_raw.json)
lido-earn,0x9938a09fea37ba681a1bd53d33ddde2debec1da0@AaveV3,T,ltv,0.89489178,fraction,archive eth_call @ month-end block (raw/eth/gap-2026-10-07/top5-risk/positions_raw.json)
lido-earn,0x9938a09fea37ba681a1bd53d33ddde2debec1da0@AaveV3,T,health_factor,1.02805727,ratio,archive eth_call @ month-end block (raw/eth/gap-2026-10-07/top5-risk/positions_raw.json)
lido-earn,0x9938a09fea37ba681a1bd53d33ddde2debec1da0@AaveV3,T,dollar_share_of_account_debt,1.0,fraction,derived
lido-earn,0x9938a09fea37ba681a1bd53d33ddde2debec1da0@AaveV3,T,liquidation_threshold,0.92,fraction (weighted),archive eth_call @ month-end block (raw/eth/gap-2026-10-07/top5-risk/positions_raw.json)
lido-earn,0x9938a09fea37ba681a1bd53d33ddde2debec1da0@AaveV3,T,classification,1,"flag: USDe/sUSDe e-mode stable loop, excluded from ALL",getUserConfiguration/getUserEMode
avant,0x6cc60a0b57bc882a0471980d0e2d4ad7ddf3c4bd@AaveV3,T,collateral_usd,3738550.72141847,USD (protocol oracle),archive eth_call @ month-end block (raw/eth/gap-2026-10-07/top5-risk/positions_raw.json)
avant,0x6cc60a0b57bc882a0471980d0e2d4ad7ddf3c4bd@AaveV3,T,collateral_usd:WETH,2158140.61053829,USD (protocol oracle),archive eth_call per reserve (raw/eth/gap-2026-10-07/top5-risk/aave_legs_raw.json)
avant,0x6cc60a0b57bc882a0471980d0e2d4ad7ddf3c4bd@AaveV3,T,collateral_usd:weETH,1580410.11088019,USD (protocol oracle),archive eth_call per reserve (raw/eth/gap-2026-10-07/top5-risk/aave_legs_raw.json)
avant,0x6cc60a0b57bc882a0471980d0e2d4ad7ddf3c4bd@AaveV3,T,debt_usd_account_total,2211012.81999974,USD (protocol oracle),archive eth_call @ month-end block (raw/eth/gap-2026-10-07/top5-risk/positions_raw.json)
avant,0x6cc60a0b57bc882a0471980d0e2d4ad7ddf3c4bd@AaveV3,T,debt_usd:USDC,2211000.64912636,USD (protocol oracle),archive eth_call per reserve (raw/eth/gap-2026-10-07/top5-risk/aave_legs_raw.json)
avant,0x6cc60a0b57bc882a0471980d0e2d4ad7ddf3c4bd@AaveV3,T,borrow_rate:USDC,0.13934401,APR fraction (reserve variable rate),archive eth_call per reserve (raw/eth/gap-2026-10-07/top5-risk/aave_legs_raw.json)
avant,0x6cc60a0b57bc882a0471980d0e2d4ad7ddf3c4bd@AaveV3,T,debt_usd:USDe,12.17087338,USD (protocol oracle),archive eth_call per reserve (raw/eth/gap-2026-10-07/top5-risk/aave_legs_raw.json)
avant,0x6cc60a0b57bc882a0471980d0e2d4ad7ddf3c4bd@AaveV3,T,borrow_rate:USDe,0.06608129,APR fraction (reserve variable rate),archive eth_call per reserve (raw/eth/gap-2026-10-07/top5-risk/aave_legs_raw.json)
avant,0x6cc60a0b57bc882a0471980d0e2d4ad7ddf3c4bd@AaveV3,T,dollar_debt_usd,2211012.81999974,USD (protocol oracle),archive eth_call per reserve (raw/eth/gap-2026-10-07/top5-risk/aave_legs_raw.json)
avant,0x6cc60a0b57bc882a0471980d0e2d4ad7ddf3c4bd@AaveV3,T,dollar_debt_usd_prior_dataset,2211129.911781,USD,data/eth/economic-dollar-loans.csv (reused leg debt and quoted APR)
avant,0x6cc60a0b57bc882a0471980d0e2d4ad7ddf3c4bd@AaveV3,T,borrow_rate_debt_weighted,0.13934361,APR fraction,archive eth_call per reserve (raw/eth/gap-2026-10-07/top5-risk/aave_legs_raw.json)
avant,0x6cc60a0b57bc882a0471980d0e2d4ad7ddf3c4bd@AaveV3,T,ltv,0.59140907,fraction,archive eth_call @ month-end block (raw/eth/gap-2026-10-07/top5-risk/positions_raw.json)
avant,0x6cc60a0b57bc882a0471980d0e2d4ad7ddf3c4bd@AaveV3,T,health_factor,1.38198421,ratio,archive eth_call @ month-end block (raw/eth/gap-2026-10-07/top5-risk/positions_raw.json)
avant,0x6cc60a0b57bc882a0471980d0e2d4ad7ddf3c4bd@AaveV3,T,dollar_share_of_account_debt,1.0,fraction,derived
avant,0x6cc60a0b57bc882a0471980d0e2d4ad7ddf3c4bd@AaveV3,T,liquidation_threshold,0.8173,fraction (weighted),archive eth_call @ month-end block (raw/eth/gap-2026-10-07/top5-risk/positions_raw.json)
avant,0x6cc60a0b57bc882a0471980d0e2d4ad7ddf3c4bd@SparkV3,T,collateral_usd,12590455.92267056,USD (protocol oracle),archive eth_call @ month-end block (raw/eth/gap-2026-10-07/top5-risk/positions_raw.json)
avant,0x6cc60a0b57bc882a0471980d0e2d4ad7ddf3c4bd@SparkV3,T,collateral_usd:WETH,7107286.74053352,USD (protocol oracle),archive eth_call per reserve (raw/eth/gap-2026-10-07/top5-risk/aave_legs_raw.json)
avant,0x6cc60a0b57bc882a0471980d0e2d4ad7ddf3c4bd@SparkV3,T,collateral_usd:wstETH,5483169.18087719,USD (protocol oracle),archive eth_call per reserve (raw/eth/gap-2026-10-07/top5-risk/aave_legs_raw.json)
avant,0x6cc60a0b57bc882a0471980d0e2d4ad7ddf3c4bd@SparkV3,T,collateral_usd:weETH,0.00125987,USD (protocol oracle),archive eth_call per reserve (raw/eth/gap-2026-10-07/top5-risk/aave_legs_raw.json)
avant,0x6cc60a0b57bc882a0471980d0e2d4ad7ddf3c4bd@SparkV3,T,debt_usd_account_total,7823646.68824303,USD (protocol oracle),archive eth_call @ month-end block (raw/eth/gap-2026-10-07/top5-risk/positions_raw.json)
avant,0x6cc60a0b57bc882a0471980d0e2d4ad7ddf3c4bd@SparkV3,T,debt_usd:USDC,0.000882,USD (protocol oracle),archive eth_call per reserve (raw/eth/gap-2026-10-07/top5-risk/aave_legs_raw.json)
avant,0x6cc60a0b57bc882a0471980d0e2d4ad7ddf3c4bd@SparkV3,T,borrow_rate:USDC,0.04175879,APR fraction (reserve variable rate),archive eth_call per reserve (raw/eth/gap-2026-10-07/top5-risk/aave_legs_raw.json)
avant,0x6cc60a0b57bc882a0471980d0e2d4ad7ddf3c4bd@SparkV3,T,debt_usd:USDS,7322116.67390804,USD (protocol oracle),archive eth_call per reserve (raw/eth/gap-2026-10-07/top5-risk/aave_legs_raw.json)
avant,0x6cc60a0b57bc882a0471980d0e2d4ad7ddf3c4bd@SparkV3,T,borrow_rate:USDS,0.04125971,APR fraction (reserve variable rate),archive eth_call per reserve (raw/eth/gap-2026-10-07/top5-risk/aave_legs_raw.json)
avant,0x6cc60a0b57bc882a0471980d0e2d4ad7ddf3c4bd@SparkV3,T,debt_usd:PYUSD,501530.013453,USD (protocol oracle),archive eth_call per reserve (raw/eth/gap-2026-10-07/top5-risk/aave_legs_raw.json)
avant,0x6cc60a0b57bc882a0471980d0e2d4ad7ddf3c4bd@SparkV3,T,borrow_rate:PYUSD,0.04387763,APR fraction (reserve variable rate),archive eth_call per reserve (raw/eth/gap-2026-10-07/top5-risk/aave_legs_raw.json)
avant,0x6cc60a0b57bc882a0471980d0e2d4ad7ddf3c4bd@SparkV3,T,dollar_debt_usd,7823646.68824304,USD (protocol oracle),archive eth_call per reserve (raw/eth/gap-2026-10-07/top5-risk/aave_legs_raw.json)
avant,0x6cc60a0b57bc882a0471980d0e2d4ad7ddf3c4bd@SparkV3,T,dollar_debt_usd_prior_dataset,7823646.68736104,USD,data/eth/economic-dollar-loans.csv (reused leg debt and quoted APR)
avant,0x6cc60a0b57bc882a0471980d0e2d4ad7ddf3c4bd@SparkV3,T,borrow_rate_debt_weighted,0.04142753,APR fraction,archive eth_call per reserve (raw/eth/gap-2026-10-07/top5-risk/aave_legs_raw.json)
avant,0x6cc60a0b57bc882a0471980d0e2d4ad7ddf3c4bd@SparkV3,T,ltv,0.62139503,fraction,archive eth_call @ month-end block (raw/eth/gap-2026-10-07/top5-risk/positions_raw.json)
avant,0x6cc60a0b57bc882a0471980d0e2d4ad7ddf3c4bd@SparkV3,T,health_factor,1.36982107,ratio,archive eth_call @ month-end block (raw/eth/gap-2026-10-07/top5-risk/positions_raw.json)
avant,0x6cc60a0b57bc882a0471980d0e2d4ad7ddf3c4bd@SparkV3,T,dollar_share_of_account_debt,1.0,fraction,derived
avant,0x6cc60a0b57bc882a0471980d0e2d4ad7ddf3c4bd@SparkV3,T,liquidation_threshold,0.8512,fraction (weighted),archive eth_call @ month-end block (raw/eth/gap-2026-10-07/top5-risk/positions_raw.json)
liquid,0xf0bb20865277abd641a307ece5ee04e79073416c@Morpho:weETH/RLUSD,T,collateral_usd,52957292.21402639,"USD (Morpho oracle, loan-token units)",archive eth_call @ month-end block (raw/eth/gap-2026-10-07/top5-risk/positions_raw.json)
liquid,0xf0bb20865277abd641a307ece5ee04e79073416c@Morpho:weETH/RLUSD,T,collateral_weeth,17982.6411797,weETH,archive eth_call @ month-end block (raw/eth/gap-2026-10-07/top5-risk/positions_raw.json)
liquid,0xf0bb20865277abd641a307ece5ee04e79073416c@Morpho:weETH/RLUSD,T,dollar_debt_usd,35922202.66302251,"USD (loan-token face, stored index)",archive eth_call @ month-end block (raw/eth/gap-2026-10-07/top5-risk/positions_raw.json)
liquid,0xf0bb20865277abd641a307ece5ee04e79073416c@Morpho:weETH/RLUSD,T,liquidation_threshold,0.86,fraction (LLTV),archive eth_call @ month-end block (raw/eth/gap-2026-10-07/top5-risk/positions_raw.json)
liquid,0xf0bb20865277abd641a307ece5ee04e79073416c@Morpho:weETH/RLUSD,T,ltv,0.67832401,fraction,archive eth_call @ month-end block (raw/eth/gap-2026-10-07/top5-risk/positions_raw.json)
liquid,0xf0bb20865277abd641a307ece5ee04e79073416c@Morpho:weETH/RLUSD,T,health_factor,1.2678307,ratio (LLTV x collateral / debt),derived
liquid,0xf0bb20865277abd641a307ece5ee04e79073416c@Morpho:weETH/RLUSD,T,borrow_rate_debt_weighted,0.04210021,APR fraction,data/eth/economic-dollar-loans.csv (reused leg debt and quoted APR)
liquid,0xc936e848688c9f035fa0e7a0e4dbcf26a01245f3@Morpho:weETH/RLUSD,T,collateral_usd,56140464.58768765,"USD (Morpho oracle, loan-token units)",archive eth_call @ month-end block (raw/eth/gap-2026-10-07/top5-risk/positions_raw.json)
liquid,0xc936e848688c9f035fa0e7a0e4dbcf26a01245f3@Morpho:weETH/RLUSD,T,collateral_weeth,19063.54702317,weETH,archive eth_call @ month-end block (raw/eth/gap-2026-10-07/top5-risk/positions_raw.json)
liquid,0xc936e848688c9f035fa0e7a0e4dbcf26a01245f3@Morpho:weETH/RLUSD,T,dollar_debt_usd,34287795.88754442,"USD (loan-token face, stored index)",archive eth_call @ month-end block (raw/eth/gap-2026-10-07/top5-risk/positions_raw.json)
liquid,0xc936e848688c9f035fa0e7a0e4dbcf26a01245f3@Morpho:weETH/RLUSD,T,liquidation_threshold,0.86,fraction (LLTV),archive eth_call @ month-end block (raw/eth/gap-2026-10-07/top5-risk/positions_raw.json)
liquid,0xc936e848688c9f035fa0e7a0e4dbcf26a01245f3@Morpho:weETH/RLUSD,T,ltv,0.61075013,fraction,archive eth_call @ month-end block (raw/eth/gap-2026-10-07/top5-risk/positions_raw.json)
liquid,0xc936e848688c9f035fa0e7a0e4dbcf26a01245f3@Morpho:weETH/RLUSD,T,health_factor,1.4081045,ratio (LLTV x collateral / debt),derived
liquid,0xc936e848688c9f035fa0e7a0e4dbcf26a01245f3@Morpho:weETH/RLUSD,T,borrow_rate_debt_weighted,0.04210021,APR fraction,data/eth/economic-dollar-loans.csv (reused leg debt and quoted APR)
liquid,0xf0bb20865277abd641a307ece5ee04e79073416c@Morpho:weETH/USDC,T,collateral_usd,58658961.79902495,"USD (Morpho oracle, loan-token units)",archive eth_call @ month-end block (raw/eth/gap-2026-10-07/top5-risk/positions_raw.json)
liquid,0xf0bb20865277abd641a307ece5ee04e79073416c@Morpho:weETH/USDC,T,collateral_weeth,19903.5419242,weETH,archive eth_call @ month-end block (raw/eth/gap-2026-10-07/top5-risk/positions_raw.json)
liquid,0xf0bb20865277abd641a307ece5ee04e79073416c@Morpho:weETH/USDC,T,dollar_debt_usd,30667026.92092341,"USD (loan-token face, stored index)",archive eth_call @ month-end block (raw/eth/gap-2026-10-07/top5-risk/positions_raw.json)
liquid,0xf0bb20865277abd641a307ece5ee04e79073416c@Morpho:weETH/USDC,T,liquidation_threshold,0.86,fraction (LLTV),archive eth_call @ month-end block (raw/eth/gap-2026-10-07/top5-risk/positions_raw.json)
liquid,0xf0bb20865277abd641a307ece5ee04e79073416c@Morpho:weETH/USDC,T,ltv,0.52280207,fraction,archive eth_call @ month-end block (raw/eth/gap-2026-10-07/top5-risk/positions_raw.json)
liquid,0xf0bb20865277abd641a307ece5ee04e79073416c@Morpho:weETH/USDC,T,health_factor,1.644982,ratio (LLTV x collateral / debt),derived
liquid,0xf0bb20865277abd641a307ece5ee04e79073416c@Morpho:weETH/USDC,T,borrow_rate_debt_weighted,0.04762917,APR fraction,data/eth/economic-dollar-loans.csv (reused leg debt and quoted APR)
liquid,0xf0bb20865277abd641a307ece5ee04e79073416c@Morpho:weETH/PYUSD,T,collateral_usd,2.63885967,"USD (Morpho oracle, loan-token units)",archive eth_call @ month-end block (raw/eth/gap-2026-10-07/top5-risk/positions_raw.json)
liquid,0xf0bb20865277abd641a307ece5ee04e79073416c@Morpho:weETH/PYUSD,T,collateral_weeth,0.0008961,weETH,archive eth_call @ month-end block (raw/eth/gap-2026-10-07/top5-risk/positions_raw.json)
liquid,0xf0bb20865277abd641a307ece5ee04e79073416c@Morpho:weETH/PYUSD,T,dollar_debt_usd,0.00163572,"USD (loan-token face, stored index)",archive eth_call @ month-end block (raw/eth/gap-2026-10-07/top5-risk/positions_raw.json)
liquid,0xf0bb20865277abd641a307ece5ee04e79073416c@Morpho:weETH/PYUSD,T,liquidation_threshold,0.86,fraction (LLTV),archive eth_call @ month-end block (raw/eth/gap-2026-10-07/top5-risk/positions_raw.json)
yieldbasis,0x5f8d24f33cc5a1d5d1bf012261e6a2214c92233c@YB-LEVAMM (LT 0x2b9c9f3b),T,collateral_usd,55589901.79113889,crvUSD (LP x LP oracle),archive eth_call @ month-end block (raw/eth/gap-2026-10-07/top5-risk/positions_raw.json)
yieldbasis,0x5f8d24f33cc5a1d5d1bf012261e6a2214c92233c@YB-LEVAMM (LT 0x2b9c9f3b),T,dollar_debt_usd,27814855.84394411,crvUSD face,archive eth_call @ month-end block (raw/eth/gap-2026-10-07/top5-risk/positions_raw.json)
yieldbasis,0x5f8d24f33cc5a1d5d1bf012261e6a2214c92233c@YB-LEVAMM (LT 0x2b9c9f3b),T,ltv,0.50035807,fraction,archive eth_call @ month-end block (raw/eth/gap-2026-10-07/top5-risk/positions_raw.json)
yieldbasis,0x5f8d24f33cc5a1d5d1bf012261e6a2214c92233c@YB-LEVAMM (LT 0x2b9c9f3b),T,liquidation_threshold,0.5625,"fraction (LEVAMM critical debt/value, L=2; no liquidation engine)",LEVAMM source get_x0
yieldbasis,0x5f8d24f33cc5a1d5d1bf012261e6a2214c92233c@YB-LEVAMM (LT 0x2b9c9f3b),T,max_safe_ltv,0.53125,fraction (deposit-time MAX_SAFE_DEBT),LEVAMM source __init__
yieldbasis,0x5f8d24f33cc5a1d5d1bf012261e6a2214c92233c@YB-LEVAMM (LT 0x2b9c9f3b),T,target_ltv,0.5,fraction ((L-1)/L),LEVAMM source
yieldbasis,0x5f8d24f33cc5a1d5d1bf012261e6a2214c92233c@YB-LEVAMM (LT 0x2b9c9f3b),T,health_factor,1.12419492,ratio (critical LTV / LTV),derived
yieldbasis,0x5f8d24f33cc5a1d5d1bf012261e6a2214c92233c@YB-LEVAMM (LT 0x2b9c9f3b),T,net_value_usd,27775017.35595871,crvUSD (value_oracle),archive eth_call @ month-end block (raw/eth/gap-2026-10-07/top5-risk/positions_raw.json)
yieldbasis,0x5f8d24f33cc5a1d5d1bf012261e6a2214c92233c@YB-LEVAMM (LT 0x2b9c9f3b),T,borrow_rate_debt_weighted,0.1,APR fraction (AMM rate()),archive eth_call @ month-end block (raw/eth/gap-2026-10-07/top5-risk/positions_raw.json)
liquity,0xb9e806e8f2d94c015ffefa90cd24ecce18f1663c@Ebisu-wstETH trove 0x17fde209,T,collateral_usd,15228329.34763716,USD (branch lastGoodPrice),archive eth_call @ month-end block (raw/eth/gap-2026-10-07/top5-risk/positions_raw.json)
liquity,0xb9e806e8f2d94c015ffefa90cd24ecce18f1663c@Ebisu-wstETH trove 0x17fde209,T,collateral_wsteth,4585.48215322,wstETH,archive eth_call @ month-end block (raw/eth/gap-2026-10-07/top5-risk/positions_raw.json)
liquity,0xb9e806e8f2d94c015ffefa90cd24ecce18f1663c@Ebisu-wstETH trove 0x17fde209,T,dollar_debt_usd,6752064.75085813,ebUSD face,archive eth_call @ month-end block (raw/eth/gap-2026-10-07/top5-risk/positions_raw.json)
liquity,0xb9e806e8f2d94c015ffefa90cd24ecce18f1663c@Ebisu-wstETH trove 0x17fde209,T,ltv,0.44338841,fraction,archive eth_call @ month-end block (raw/eth/gap-2026-10-07/top5-risk/positions_raw.json)
liquity,0xb9e806e8f2d94c015ffefa90cd24ecce18f1663c@Ebisu-wstETH trove 0x17fde209,T,liquidation_threshold,0.83333333,fraction (1/MCR),trove_final_rpc.json MCR
liquity,0xb9e806e8f2d94c015ffefa90cd24ecce18f1663c@Ebisu-wstETH trove 0x17fde209,T,health_factor,1.87946575,ratio (ICR / MCR),derived
liquity,0xb9e806e8f2d94c015ffefa90cd24ecce18f1663c@Ebisu-wstETH trove 0x17fde209,T,borrow_rate_debt_weighted,0.0255,APR fraction (trove annualInterestRate),archive eth_call @ month-end block (raw/eth/gap-2026-10-07/top5-risk/positions_raw.json)
destinations,senRLUSDv2,T,share_price,1.01322347,asset per share,archive eth_call @ month-end block (raw/eth/gap-2026-10-07/top5-risk/positions_raw.json)
destinations,senRLUSDv2,T,parking_yield_apr_month,0.03833729,"APR fraction (simple, since previous sample)",derived from share_price
destinations,senPYUSDPRIMEv2,T,share_price,2.024858,asset per share,archive eth_call @ month-end block (raw/eth/gap-2026-10-07/top5-risk/positions_raw.json)
destinations,senPYUSDPRIMEv2,T,parking_yield_apr_month,0.04201014,"APR fraction (simple, since previous sample)",derived from share_price
destinations,stcUSD,T,share_price,1.08320265,asset per share,archive eth_call @ month-end block (raw/eth/gap-2026-10-07/top5-risk/positions_raw.json)
destinations,stcUSD,T,parking_yield_apr_month,0.06932237,"APR fraction (simple, since previous sample)",derived from share_price
destinations,PRIME,T,share_price,1.062508,asset per share,archive eth_call @ month-end block (raw/eth/gap-2026-10-07/top5-risk/positions_raw.json)
destinations,PRIME,T,parking_yield_apr_month,0.05515272,"APR fraction (simple, since previous sample)",derived from share_price
destinations,earnUSD,T,share_price,1.03418746,asset per share,archive eth_call @ month-end block (raw/eth/gap-2026-10-07/top5-risk/positions_raw.json)
destinations,earnUSD,T,parking_yield_apr_month,0.06792477,"APR fraction (simple, since previous sample)",derived from share_price
destinations,curve_ebUSD_USDC,T,share_price,1.00810235,asset per share,archive eth_call @ month-end block (raw/eth/gap-2026-10-07/top5-risk/positions_raw.json)
destinations,curve_ebUSD_USDC,T,parking_yield_apr_month,0.00533405,"APR fraction (simple, since previous sample)",derived from share_price
destinations,yb_curve_WETH_crvUSD_lp,T,share_price,1.03422311,asset per share,archive eth_call @ month-end block (raw/eth/gap-2026-10-07/top5-risk/positions_raw.json)
destinations,yb_curve_WETH_crvUSD_lp,T,parking_yield_apr_month,0.08000944,"APR fraction (simple, since previous sample)",derived from share_price
liquid,ALL,T,collateral_usd,308920793.69043505,USD (dollar-debt share of account collateral),derived
liquid,ALL,T,dollar_debt_usd,181077117.62575924,USD,derived
liquid,ALL,T,ltv,0.58616034,fraction,derived
liquid,ALL,T,liquidation_threshold,0.83362459,fraction (collateral-weighted),derived
liquid,ALL,T,health_factor,1.42217843,ratio (aggregate),derived
liquid,ALL,T,borrow_rate_debt_weighted,0.07785052,APR fraction,derived
lido-earn,ALL,T,collateral_usd,68130602.00992194,USD (dollar-debt share of account collateral),derived
lido-earn,ALL,T,dollar_debt_usd,25549080.80215869,USD,derived
lido-earn,ALL,T,ltv,0.37500154,fraction,derived
lido-earn,ALL,T,liquidation_threshold,0.81432058,fraction (collateral-weighted),derived
lido-earn,ALL,T,health_factor,2.17151262,ratio (aggregate),derived
lido-earn,ALL,T,borrow_rate_debt_weighted,0.04327753,APR fraction,derived
avant,ALL,T,collateral_usd,16329006.64408902,USD (dollar-debt share of account collateral),derived
avant,ALL,T,dollar_debt_usd,10034659.50824277,USD,derived
avant,ALL,T,ltv,0.6145297,fraction,derived
avant,ALL,T,liquidation_threshold,0.84343854,fraction (collateral-weighted),derived
avant,ALL,T,health_factor,1.37249436,ratio (aggregate),derived
avant,ALL,T,borrow_rate_debt_weighted,0.06300212,APR fraction,derived
yieldbasis,ALL,T,collateral_usd,55589901.79113889,USD (dollar-debt share of account collateral),derived
yieldbasis,ALL,T,dollar_debt_usd,27814855.84394411,USD,derived
yieldbasis,ALL,T,ltv,0.50035807,fraction,derived
yieldbasis,ALL,T,liquidation_threshold,0.5625,fraction (collateral-weighted),derived
yieldbasis,ALL,T,health_factor,1.12419492,ratio (aggregate),derived
yieldbasis,ALL,T,borrow_rate_debt_weighted,0.1,APR fraction,derived
liquity,ALL,T,collateral_usd,15228329.34763716,USD (dollar-debt share of account collateral),derived
liquity,ALL,T,dollar_debt_usd,6752064.75085813,USD,derived
liquity,ALL,T,ltv,0.44338841,fraction,derived
liquity,ALL,T,liquidation_threshold,0.83333333,fraction (collateral-weighted),derived
liquity,ALL,T,health_factor,1.87946575,ratio (aggregate),derived
liquity,ALL,T,borrow_rate_debt_weighted,0.0255,APR fraction,derived
destinations,senRLUSDv2,T,parking_yield_apr_30d,0.02801107,APR fraction (2026-09-02 -> T),raw dest_30d_raw.json + positions_raw.json
destinations,senPYUSDPRIMEv2,T,parking_yield_apr_30d,0.03607443,APR fraction (2026-09-02 -> T),raw dest_30d_raw.json + positions_raw.json
destinations,stcUSD,T,parking_yield_apr_30d,0.05642977,APR fraction (2026-09-02 -> T),raw dest_30d_raw.json + positions_raw.json
destinations,PRIME,T,parking_yield_apr_30d,0.05892403,APR fraction (2026-09-02 -> T),raw dest_30d_raw.json + positions_raw.json
destinations,earnUSD,T,parking_yield_apr_30d,0.04795341,APR fraction (2026-09-02 -> T),raw dest_30d_raw.json + positions_raw.json
destinations,curve_ebUSD_USDC,T,parking_yield_apr_30d,0.00452033,APR fraction (2026-09-02 -> T),raw dest_30d_raw.json + positions_raw.json
destinations,yb_curve_WETH_crvUSD_lp,T,parking_yield_apr_30d,0.09185091,APR fraction (2026-09-02 -> T),raw dest_30d_raw.json + positions_raw.json
destinations,savUSD,2025-12,share_price,1.13207423,avUSD per savUSD,Chainlink SAVUSD/AVUSD feed 0x9fbb7d07 latestRoundData @ block (raw extra_raw.json)
destinations,savUSD,2026-01,share_price,1.14409197,avUSD per savUSD,Chainlink SAVUSD/AVUSD feed 0x9fbb7d07 latestRoundData @ block (raw extra_raw.json)
destinations,savUSD,2026-01,parking_yield_apr_month,0.12496535,"APR fraction (simple, between feed updates)",derived
destinations,savUSD,2026-02,share_price,1.15107309,avUSD per savUSD,Chainlink SAVUSD/AVUSD feed 0x9fbb7d07 latestRoundData @ block (raw extra_raw.json)
destinations,savUSD,2026-02,parking_yield_apr_month,0.07951691,"APR fraction (simple, between feed updates)",derived
destinations,savUSD,2026-03,share_price,1.15840361,avUSD per savUSD,Chainlink SAVUSD/AVUSD feed 0x9fbb7d07 latestRoundData @ block (raw extra_raw.json)
destinations,savUSD,2026-03,parking_yield_apr_month,0.0749649,"APR fraction (simple, between feed updates)",derived
destinations,savUSD,2026-04,share_price,1.16558951,avUSD per savUSD,Chainlink SAVUSD/AVUSD feed 0x9fbb7d07 latestRoundData @ block (raw extra_raw.json)
destinations,savUSD,2026-04,parking_yield_apr_month,0.07545401,"APR fraction (simple, between feed updates)",derived
destinations,savUSD,2026-05,share_price,1.17323576,avUSD per savUSD,Chainlink SAVUSD/AVUSD feed 0x9fbb7d07 latestRoundData @ block (raw extra_raw.json)
destinations,savUSD,2026-05,parking_yield_apr_month,0.07681689,"APR fraction (simple, between feed updates)",derived
destinations,savUSD,2026-06,share_price,1.18077425,avUSD per savUSD,Chainlink SAVUSD/AVUSD feed 0x9fbb7d07 latestRoundData @ block (raw extra_raw.json)
destinations,savUSD,2026-06,parking_yield_apr_month,0.07815524,"APR fraction (simple, between feed updates)",derived
destinations,savUSD,2026-07,share_price,1.18888687,avUSD per savUSD,Chainlink SAVUSD/AVUSD feed 0x9fbb7d07 latestRoundData @ block (raw extra_raw.json)
destinations,savUSD,2026-07,parking_yield_apr_month,0.08087433,"APR fraction (simple, between feed updates)",derived
destinations,savUSD,2026-08,share_price,1.19754117,avUSD per savUSD,Chainlink SAVUSD/AVUSD feed 0x9fbb7d07 latestRoundData @ block (raw extra_raw.json)
destinations,savUSD,2026-08,parking_yield_apr_month,0.08568599,"APR fraction (simple, between feed updates)",derived
destinations,savUSD,2026-09,share_price,1.20512538,avUSD per savUSD,Chainlink SAVUSD/AVUSD feed 0x9fbb7d07 latestRoundData @ block (raw extra_raw.json)
destinations,savUSD,2026-09,parking_yield_apr_month,0.07703195,"APR fraction (simple, between feed updates)",derived
destinations,savUSD,T,share_price,1.20561482,avUSD per savUSD,Chainlink SAVUSD/AVUSD feed 0x9fbb7d07 latestRoundData @ block (raw extra_raw.json)
destinations,savUSD,T,parking_yield_apr_month,0.07408868,"APR fraction (simple, between feed updates)",derived
destinations,savUSD,T,parking_yield_apr_30d,0.07537094,APR fraction (feed updates ~2026-09-02 -> T),derived
liquid,ALL,T,destination_map,senRLUSDv2|senPYUSDPRIMEv2|stcUSD|PRIME,text,docs + fixed-block holdings (ladder_T_raw.json)
lido-earn,ALL,T,destination_map,earnUSD,text,docs + fixed-block holdings (ladder_T_raw.json)
avant,ALL,T,destination_map,"savUSD (Avalanche, per issuer portfolio)",text,docs + fixed-block holdings (ladder_T_raw.json)
liquity,ALL,T,destination_map,"curve_ebUSD_USDC (+Uniswap V4 BOLD/USDC, not measured)",text,docs + fixed-block holdings (ladder_T_raw.json)
yieldbasis,ALL,T,destination_map,"yb_curve_WETH_crvUSD_lp (borrowed crvUSD is the LP stable leg, not parked)",text,docs + fixed-block holdings (ladder_T_raw.json)
