month,target_timestamp,block,block_hash,block_timestamp,pool,asset,label,root_custody_ETH,status
2024-09,1727740799,20866918,0xe299bedafc645febe23be153b69b3c801b6070ded637f4e0496bd9fe1d260ffc,1727740799,0xe0554a476a092703abdb3ef35c80e0d76d32939f,WETH,USDC / WETH 100,2005.9882568014798,observed
2024-09,1727740799,20866918,0xe299bedafc645febe23be153b69b3c801b6070ded637f4e0496bd9fe1d260ffc,1727740799,0x88e6a0c2ddd26feeb64f039a2c41296fcb3f5640,WETH,USDC / WETH 500,23500.787773750544,observed
2024-09,1727740799,20866918,0xe299bedafc645febe23be153b69b3c801b6070ded637f4e0496bd9fe1d260ffc,1727740799,0x8ad599c3a0ff1de082011efddc58f1908eb6e6d8,WETH,USDC / WETH 3000,19804.494078336334,observed
2024-09,1727740799,20866918,0xe299bedafc645febe23be153b69b3c801b6070ded637f4e0496bd9fe1d260ffc,1727740799,0x7bea39867e4169dbe237d55c8242a8f2fcdcc387,WETH,USDC / WETH 10000,146.51479739892366,observed
2024-09,1727740799,20866918,0xe299bedafc645febe23be153b69b3c801b6070ded637f4e0496bd9fe1d260ffc,1727740799,0xc7bbec68d12a0d1830360f8ec58fa599ba1b0e9b,WETH,USDT / WETH 100,2293.6526219288016,observed
2024-09,1727740799,20866918,0xe299bedafc645febe23be153b69b3c801b6070ded637f4e0496bd9fe1d260ffc,1727740799,0x11b815efb8f581194ae79006d24e0d814b7697f6,WETH,USDT / WETH 500,5007.735799666107,observed
2024-09,1727740799,20866918,0xe299bedafc645febe23be153b69b3c801b6070ded637f4e0496bd9fe1d260ffc,1727740799,0x4e68ccd3e89f51c3074ca5072bbac773960dfa36,WETH,USDT / WETH 3000,23845.295966393824,observed
2024-09,1727740799,20866918,0xe299bedafc645febe23be153b69b3c801b6070ded637f4e0496bd9fe1d260ffc,1727740799,0xc5af84701f98fa483ece78af83f11b6c38aca71d,WETH,USDT / WETH 10000,53.90430591307558,observed
2024-09,1727740799,20866918,0xe299bedafc645febe23be153b69b3c801b6070ded637f4e0496bd9fe1d260ffc,1727740799,0xd8dec118e1215f02e10db846dcbbfe27d477ac19,WETH,DAI / WETH 100,0.46754163178954894,observed
2024-09,1727740799,20866918,0xe299bedafc645febe23be153b69b3c801b6070ded637f4e0496bd9fe1d260ffc,1727740799,0x60594a405d53811d3bc4766596efd80fd545a270,WETH,DAI / WETH 500,423.18700784820373,observed
2024-09,1727740799,20866918,0xe299bedafc645febe23be153b69b3c801b6070ded637f4e0496bd9fe1d260ffc,1727740799,0xc2e9f25be6257c210d7adf0d4cd6e3e881ba25f8,WETH,DAI / WETH 3000,4260.744919676718,observed
2024-09,1727740799,20866918,0xe299bedafc645febe23be153b69b3c801b6070ded637f4e0496bd9fe1d260ffc,1727740799,0xa80964c5bbd1a0e95777094420555fead1a26c1e,WETH,DAI / WETH 10000,1.20316296753555,observed
2024-09,1727740799,20866918,0xe299bedafc645febe23be153b69b3c801b6070ded637f4e0496bd9fe1d260ffc,1727740799,0x109830a1aaad605bbf02a9dfa7b0b92ec2fb7daa,WETH,wstETH / WETH 100,4151.858747300783,observed
2024-09,1727740799,20866918,0xe299bedafc645febe23be153b69b3c801b6070ded637f4e0496bd9fe1d260ffc,1727740799,0xd340b57aacdd10f96fc1cf10e15921936f41e29c,WETH,wstETH / WETH 500,1.5285536871020844,observed
2024-09,1727740799,20866918,0xe299bedafc645febe23be153b69b3c801b6070ded637f4e0496bd9fe1d260ffc,1727740799,0xc12af0c4aa39d3061c56cd3cb19f5e62deeaebde,WETH,wstETH / WETH 3000,0.40693781565254505,observed
2024-09,1727740799,20866918,0xe299bedafc645febe23be153b69b3c801b6070ded637f4e0496bd9fe1d260ffc,1727740799,0x202a6012894ae5c288ea824cbc8a9bfb26a49b93,WETH,weETH / WETH 100,5226.679659343138,observed
2024-09,1727740799,20866918,0xe299bedafc645febe23be153b69b3c801b6070ded637f4e0496bd9fe1d260ffc,1727740799,0x7a415b19932c0105c82fdb6b720bb01b0cc2cae3,WETH,weETH / WETH 500,7902.564245571032,observed
2024-09,1727740799,20866918,0xe299bedafc645febe23be153b69b3c801b6070ded637f4e0496bd9fe1d260ffc,1727740799,0x6f5c74e2170cfd6f5b7829f4742dc54cec42ea07,WETH,weETH / WETH 3000,550.0102485947708,observed
2024-09,1727740799,20866918,0xe299bedafc645febe23be153b69b3c801b6070ded637f4e0496bd9fe1d260ffc,1727740799,0x553e9c493678d8606d6a5ba284643db2110df823,WETH,rETH / WETH 100,371.4750424179388,observed
2024-09,1727740799,20866918,0xe299bedafc645febe23be153b69b3c801b6070ded637f4e0496bd9fe1d260ffc,1727740799,0xa4e0faa58465a2d369aa21b3e42d43374c6f9613,WETH,rETH / WETH 500,296.82080002431076,observed
2024-09,1727740799,20866918,0xe299bedafc645febe23be153b69b3c801b6070ded637f4e0496bd9fe1d260ffc,1727740799,0xf0e02cf61b31260fd5ae527d58be16312bda59b1,WETH,rETH / WETH 3000,7.227164744658627,observed
2024-09,1727740799,20866918,0xe299bedafc645febe23be153b69b3c801b6070ded637f4e0496bd9fe1d260ffc,1727740799,0xa96a65c051bf88b4095ee1f2451c2a9d43f53ae2,native_ETH,Curve.fi ETH/aETH,328.43896292208063,observed
2024-09,1727740799,20866918,0xe299bedafc645febe23be153b69b3c801b6070ded637f4e0496bd9fe1d260ffc,1727740799,0xc5424b857f758e906013f3555dad202e4bdb4567,native_ETH,Curve.fi ETH/sETH,3.4467496271839337,observed
2024-09,1727740799,20866918,0xe299bedafc645febe23be153b69b3c801b6070ded637f4e0496bd9fe1d260ffc,1727740799,0xdc24316b9ae028f1497c275eb9192a3ea0f67022,native_ETH,Curve.fi ETH/stETH,32128.234410559184,observed
2024-09,1727740799,20866918,0xe299bedafc645febe23be153b69b3c801b6070ded637f4e0496bd9fe1d260ffc,1727740799,0xf9440930043eb3997fc70e1339dbb11f341de7a8,native_ETH,Curve.fi ETH/rETH,141.53620881231103,observed
2024-09,1727740799,20866918,0xe299bedafc645febe23be153b69b3c801b6070ded637f4e0496bd9fe1d260ffc,1727740799,0x80466c64868e1ab14a1ddf27a676c3fcbe638fe5,WETH,Curve.fi USD-BTC-ETH,37.41892161912311,observed
2024-09,1727740799,20866918,0xe299bedafc645febe23be153b69b3c801b6070ded637f4e0496bd9fe1d260ffc,1727740799,0xa1f8a6807c402e4a15ef4eba36528a3fed24e577,native_ETH,Curve.fi ETH/frxETH,638.7793124668573,observed
2024-09,1727740799,20866918,0xe299bedafc645febe23be153b69b3c801b6070ded637f4e0496bd9fe1d260ffc,1727740799,0xbfab6fa95e0091ed66058ad493189d2cb29385e6,native_ETH,Curve.fi ETH/wBETH,3.167376587400573,observed
2024-10,1730419199,21089068,0x970232afe086d78f52e602f4900a64e030c8254ba262cc7d59f6512bcde882fa,1730419199,0xe0554a476a092703abdb3ef35c80e0d76d32939f,WETH,USDC / WETH 100,634.5022048639778,observed
2024-10,1730419199,21089068,0x970232afe086d78f52e602f4900a64e030c8254ba262cc7d59f6512bcde882fa,1730419199,0x88e6a0c2ddd26feeb64f039a2c41296fcb3f5640,WETH,USDC / WETH 500,26533.422599810612,observed
2024-10,1730419199,21089068,0x970232afe086d78f52e602f4900a64e030c8254ba262cc7d59f6512bcde882fa,1730419199,0x8ad599c3a0ff1de082011efddc58f1908eb6e6d8,WETH,USDC / WETH 3000,19034.947717033618,observed
2024-10,1730419199,21089068,0x970232afe086d78f52e602f4900a64e030c8254ba262cc7d59f6512bcde882fa,1730419199,0x7bea39867e4169dbe237d55c8242a8f2fcdcc387,WETH,USDC / WETH 10000,151.60147594193404,observed
2024-10,1730419199,21089068,0x970232afe086d78f52e602f4900a64e030c8254ba262cc7d59f6512bcde882fa,1730419199,0xc7bbec68d12a0d1830360f8ec58fa599ba1b0e9b,WETH,USDT / WETH 100,2959.1593711897335,observed
2024-10,1730419199,21089068,0x970232afe086d78f52e602f4900a64e030c8254ba262cc7d59f6512bcde882fa,1730419199,0x11b815efb8f581194ae79006d24e0d814b7697f6,WETH,USDT / WETH 500,6187.759891779243,observed
2024-10,1730419199,21089068,0x970232afe086d78f52e602f4900a64e030c8254ba262cc7d59f6512bcde882fa,1730419199,0x4e68ccd3e89f51c3074ca5072bbac773960dfa36,WETH,USDT / WETH 3000,21461.96211434687,observed
2024-10,1730419199,21089068,0x970232afe086d78f52e602f4900a64e030c8254ba262cc7d59f6512bcde882fa,1730419199,0xc5af84701f98fa483ece78af83f11b6c38aca71d,WETH,USDT / WETH 10000,57.80730102065772,observed
2024-10,1730419199,21089068,0x970232afe086d78f52e602f4900a64e030c8254ba262cc7d59f6512bcde882fa,1730419199,0xd8dec118e1215f02e10db846dcbbfe27d477ac19,WETH,DAI / WETH 100,0.46754180759023484,observed
2024-10,1730419199,21089068,0x970232afe086d78f52e602f4900a64e030c8254ba262cc7d59f6512bcde882fa,1730419199,0x60594a405d53811d3bc4766596efd80fd545a270,WETH,DAI / WETH 500,407.38899395467473,observed
2024-10,1730419199,21089068,0x970232afe086d78f52e602f4900a64e030c8254ba262cc7d59f6512bcde882fa,1730419199,0xc2e9f25be6257c210d7adf0d4cd6e3e881ba25f8,WETH,DAI / WETH 3000,3397.1764676450016,observed
2024-10,1730419199,21089068,0x970232afe086d78f52e602f4900a64e030c8254ba262cc7d59f6512bcde882fa,1730419199,0xa80964c5bbd1a0e95777094420555fead1a26c1e,WETH,DAI / WETH 10000,1.1846799739623675,observed
2024-10,1730419199,21089068,0x970232afe086d78f52e602f4900a64e030c8254ba262cc7d59f6512bcde882fa,1730419199,0x109830a1aaad605bbf02a9dfa7b0b92ec2fb7daa,WETH,wstETH / WETH 100,4857.071937746414,observed
2024-10,1730419199,21089068,0x970232afe086d78f52e602f4900a64e030c8254ba262cc7d59f6512bcde882fa,1730419199,0xd340b57aacdd10f96fc1cf10e15921936f41e29c,WETH,wstETH / WETH 500,1.5303379440289364,observed
2024-10,1730419199,21089068,0x970232afe086d78f52e602f4900a64e030c8254ba262cc7d59f6512bcde882fa,1730419199,0xc12af0c4aa39d3061c56cd3cb19f5e62deeaebde,WETH,wstETH / WETH 3000,0.4068263853906046,observed
2024-10,1730419199,21089068,0x970232afe086d78f52e602f4900a64e030c8254ba262cc7d59f6512bcde882fa,1730419199,0x202a6012894ae5c288ea824cbc8a9bfb26a49b93,WETH,weETH / WETH 100,6914.87300766087,observed
2024-10,1730419199,21089068,0x970232afe086d78f52e602f4900a64e030c8254ba262cc7d59f6512bcde882fa,1730419199,0x7a415b19932c0105c82fdb6b720bb01b0cc2cae3,WETH,weETH / WETH 500,7543.611955317459,observed
2024-10,1730419199,21089068,0x970232afe086d78f52e602f4900a64e030c8254ba262cc7d59f6512bcde882fa,1730419199,0x6f5c74e2170cfd6f5b7829f4742dc54cec42ea07,WETH,weETH / WETH 3000,561.0825107647635,observed
2024-10,1730419199,21089068,0x970232afe086d78f52e602f4900a64e030c8254ba262cc7d59f6512bcde882fa,1730419199,0x553e9c493678d8606d6a5ba284643db2110df823,WETH,rETH / WETH 100,382.40149195599264,observed
2024-10,1730419199,21089068,0x970232afe086d78f52e602f4900a64e030c8254ba262cc7d59f6512bcde882fa,1730419199,0xa4e0faa58465a2d369aa21b3e42d43374c6f9613,WETH,rETH / WETH 500,264.1043928098838,observed
2024-10,1730419199,21089068,0x970232afe086d78f52e602f4900a64e030c8254ba262cc7d59f6512bcde882fa,1730419199,0xf0e02cf61b31260fd5ae527d58be16312bda59b1,WETH,rETH / WETH 3000,7.2199293371036815,observed
2024-10,1730419199,21089068,0x970232afe086d78f52e602f4900a64e030c8254ba262cc7d59f6512bcde882fa,1730419199,0xa96a65c051bf88b4095ee1f2451c2a9d43f53ae2,native_ETH,Curve.fi ETH/aETH,327.84030383457707,observed
2024-10,1730419199,21089068,0x970232afe086d78f52e602f4900a64e030c8254ba262cc7d59f6512bcde882fa,1730419199,0xc5424b857f758e906013f3555dad202e4bdb4567,native_ETH,Curve.fi ETH/sETH,1.280480605725306,observed
2024-10,1730419199,21089068,0x970232afe086d78f52e602f4900a64e030c8254ba262cc7d59f6512bcde882fa,1730419199,0xdc24316b9ae028f1497c275eb9192a3ea0f67022,native_ETH,Curve.fi ETH/stETH,25834.81143886391,observed
2024-10,1730419199,21089068,0x970232afe086d78f52e602f4900a64e030c8254ba262cc7d59f6512bcde882fa,1730419199,0xf9440930043eb3997fc70e1339dbb11f341de7a8,native_ETH,Curve.fi ETH/rETH,131.54015298271605,observed
2024-10,1730419199,21089068,0x970232afe086d78f52e602f4900a64e030c8254ba262cc7d59f6512bcde882fa,1730419199,0x80466c64868e1ab14a1ddf27a676c3fcbe638fe5,WETH,Curve.fi USD-BTC-ETH,39.515135494891545,observed
2024-10,1730419199,21089068,0x970232afe086d78f52e602f4900a64e030c8254ba262cc7d59f6512bcde882fa,1730419199,0xa1f8a6807c402e4a15ef4eba36528a3fed24e577,native_ETH,Curve.fi ETH/frxETH,706.1563545577493,observed
2024-10,1730419199,21089068,0x970232afe086d78f52e602f4900a64e030c8254ba262cc7d59f6512bcde882fa,1730419199,0xbfab6fa95e0091ed66058ad493189d2cb29385e6,native_ETH,Curve.fi ETH/wBETH,1.5536565777897737,observed
2024-11,1733011199,21303933,0xe4f8d3279fd1d4e99723fe24de362ad3ee3febd0f804234781d97c25ee31b84b,1733011199,0xe0554a476a092703abdb3ef35c80e0d76d32939f,WETH,USDC / WETH 100,517.0279805635192,observed
2024-11,1733011199,21303933,0xe4f8d3279fd1d4e99723fe24de362ad3ee3febd0f804234781d97c25ee31b84b,1733011199,0x88e6a0c2ddd26feeb64f039a2c41296fcb3f5640,WETH,USDC / WETH 500,7421.387196179526,observed
2024-11,1733011199,21303933,0xe4f8d3279fd1d4e99723fe24de362ad3ee3febd0f804234781d97c25ee31b84b,1733011199,0x8ad599c3a0ff1de082011efddc58f1908eb6e6d8,WETH,USDC / WETH 3000,5014.455157543602,observed
2024-11,1733011199,21303933,0xe4f8d3279fd1d4e99723fe24de362ad3ee3febd0f804234781d97c25ee31b84b,1733011199,0x7bea39867e4169dbe237d55c8242a8f2fcdcc387,WETH,USDC / WETH 10000,106.99857316492681,observed
2024-11,1733011199,21303933,0xe4f8d3279fd1d4e99723fe24de362ad3ee3febd0f804234781d97c25ee31b84b,1733011199,0xc7bbec68d12a0d1830360f8ec58fa599ba1b0e9b,WETH,USDT / WETH 100,420.20966921833394,observed
2024-11,1733011199,21303933,0xe4f8d3279fd1d4e99723fe24de362ad3ee3febd0f804234781d97c25ee31b84b,1733011199,0x11b815efb8f581194ae79006d24e0d814b7697f6,WETH,USDT / WETH 500,3630.157586328043,observed
2024-11,1733011199,21303933,0xe4f8d3279fd1d4e99723fe24de362ad3ee3febd0f804234781d97c25ee31b84b,1733011199,0x4e68ccd3e89f51c3074ca5072bbac773960dfa36,WETH,USDT / WETH 3000,9369.82209568173,observed
2024-11,1733011199,21303933,0xe4f8d3279fd1d4e99723fe24de362ad3ee3febd0f804234781d97c25ee31b84b,1733011199,0xc5af84701f98fa483ece78af83f11b6c38aca71d,WETH,USDT / WETH 10000,50.032374557722676,observed
2024-11,1733011199,21303933,0xe4f8d3279fd1d4e99723fe24de362ad3ee3febd0f804234781d97c25ee31b84b,1733011199,0xd8dec118e1215f02e10db846dcbbfe27d477ac19,WETH,DAI / WETH 100,0.46754180759023484,observed
2024-11,1733011199,21303933,0xe4f8d3279fd1d4e99723fe24de362ad3ee3febd0f804234781d97c25ee31b84b,1733011199,0x60594a405d53811d3bc4766596efd80fd545a270,WETH,DAI / WETH 500,231.27376469574452,observed
2024-11,1733011199,21303933,0xe4f8d3279fd1d4e99723fe24de362ad3ee3febd0f804234781d97c25ee31b84b,1733011199,0xc2e9f25be6257c210d7adf0d4cd6e3e881ba25f8,WETH,DAI / WETH 3000,631.9742562234206,observed
2024-11,1733011199,21303933,0xe4f8d3279fd1d4e99723fe24de362ad3ee3febd0f804234781d97c25ee31b84b,1733011199,0xa80964c5bbd1a0e95777094420555fead1a26c1e,WETH,DAI / WETH 10000,0.4398212440774062,observed
2024-11,1733011199,21303933,0xe4f8d3279fd1d4e99723fe24de362ad3ee3febd0f804234781d97c25ee31b84b,1733011199,0x109830a1aaad605bbf02a9dfa7b0b92ec2fb7daa,WETH,wstETH / WETH 100,4516.228915074906,observed
2024-11,1733011199,21303933,0xe4f8d3279fd1d4e99723fe24de362ad3ee3febd0f804234781d97c25ee31b84b,1733011199,0xd340b57aacdd10f96fc1cf10e15921936f41e29c,WETH,wstETH / WETH 500,1.5303379440289364,observed
2024-11,1733011199,21303933,0xe4f8d3279fd1d4e99723fe24de362ad3ee3febd0f804234781d97c25ee31b84b,1733011199,0xc12af0c4aa39d3061c56cd3cb19f5e62deeaebde,WETH,wstETH / WETH 3000,0.4061720902697222,observed
2024-11,1733011199,21303933,0xe4f8d3279fd1d4e99723fe24de362ad3ee3febd0f804234781d97c25ee31b84b,1733011199,0x202a6012894ae5c288ea824cbc8a9bfb26a49b93,WETH,weETH / WETH 100,8278.458099118401,observed
2024-11,1733011199,21303933,0xe4f8d3279fd1d4e99723fe24de362ad3ee3febd0f804234781d97c25ee31b84b,1733011199,0x7a415b19932c0105c82fdb6b720bb01b0cc2cae3,WETH,weETH / WETH 500,5059.869413479202,observed
2024-11,1733011199,21303933,0xe4f8d3279fd1d4e99723fe24de362ad3ee3febd0f804234781d97c25ee31b84b,1733011199,0x6f5c74e2170cfd6f5b7829f4742dc54cec42ea07,WETH,weETH / WETH 3000,562.5122405444872,observed
2024-11,1733011199,21303933,0xe4f8d3279fd1d4e99723fe24de362ad3ee3febd0f804234781d97c25ee31b84b,1733011199,0x553e9c493678d8606d6a5ba284643db2110df823,WETH,rETH / WETH 100,249.11543348029278,observed
2024-11,1733011199,21303933,0xe4f8d3279fd1d4e99723fe24de362ad3ee3febd0f804234781d97c25ee31b84b,1733011199,0xa4e0faa58465a2d369aa21b3e42d43374c6f9613,WETH,rETH / WETH 500,126.07656841623655,observed
2024-11,1733011199,21303933,0xe4f8d3279fd1d4e99723fe24de362ad3ee3febd0f804234781d97c25ee31b84b,1733011199,0xf0e02cf61b31260fd5ae527d58be16312bda59b1,WETH,rETH / WETH 3000,7.253572277146175,observed
2024-11,1733011199,21303933,0xe4f8d3279fd1d4e99723fe24de362ad3ee3febd0f804234781d97c25ee31b84b,1733011199,0xa96a65c051bf88b4095ee1f2451c2a9d43f53ae2,native_ETH,Curve.fi ETH/aETH,302.5503826751796,observed
2024-11,1733011199,21303933,0xe4f8d3279fd1d4e99723fe24de362ad3ee3febd0f804234781d97c25ee31b84b,1733011199,0xc5424b857f758e906013f3555dad202e4bdb4567,native_ETH,Curve.fi ETH/sETH,1.233082142211166,observed
2024-11,1733011199,21303933,0xe4f8d3279fd1d4e99723fe24de362ad3ee3febd0f804234781d97c25ee31b84b,1733011199,0xdc24316b9ae028f1497c275eb9192a3ea0f67022,native_ETH,Curve.fi ETH/stETH,25083.692155039305,observed
2024-11,1733011199,21303933,0xe4f8d3279fd1d4e99723fe24de362ad3ee3febd0f804234781d97c25ee31b84b,1733011199,0xf9440930043eb3997fc70e1339dbb11f341de7a8,native_ETH,Curve.fi ETH/rETH,110.85455556481267,observed
2024-11,1733011199,21303933,0xe4f8d3279fd1d4e99723fe24de362ad3ee3febd0f804234781d97c25ee31b84b,1733011199,0x80466c64868e1ab14a1ddf27a676c3fcbe638fe5,WETH,Curve.fi USD-BTC-ETH,33.289186409680454,observed
2024-11,1733011199,21303933,0xe4f8d3279fd1d4e99723fe24de362ad3ee3febd0f804234781d97c25ee31b84b,1733011199,0xa1f8a6807c402e4a15ef4eba36528a3fed24e577,native_ETH,Curve.fi ETH/frxETH,681.684898695634,observed
2024-11,1733011199,21303933,0xe4f8d3279fd1d4e99723fe24de362ad3ee3febd0f804234781d97c25ee31b84b,1733011199,0xbfab6fa95e0091ed66058ad493189d2cb29385e6,native_ETH,Curve.fi ETH/wBETH,1.569845772998687,observed
2024-12,1735689599,21525890,0x0532dc699467b083b2423d1f5d4951c7e7f4b5340cff470f10b8305a6d49e50b,1735689599,0xe0554a476a092703abdb3ef35c80e0d76d32939f,WETH,USDC / WETH 100,654.7567715301215,observed
2024-12,1735689599,21525890,0x0532dc699467b083b2423d1f5d4951c7e7f4b5340cff470f10b8305a6d49e50b,1735689599,0x88e6a0c2ddd26feeb64f039a2c41296fcb3f5640,WETH,USDC / WETH 500,22110.364459045213,observed
2024-12,1735689599,21525890,0x0532dc699467b083b2423d1f5d4951c7e7f4b5340cff470f10b8305a6d49e50b,1735689599,0x8ad599c3a0ff1de082011efddc58f1908eb6e6d8,WETH,USDC / WETH 3000,4367.9012946486,observed
2024-12,1735689599,21525890,0x0532dc699467b083b2423d1f5d4951c7e7f4b5340cff470f10b8305a6d49e50b,1735689599,0x7bea39867e4169dbe237d55c8242a8f2fcdcc387,WETH,USDC / WETH 10000,120.8554366994462,observed
2024-12,1735689599,21525890,0x0532dc699467b083b2423d1f5d4951c7e7f4b5340cff470f10b8305a6d49e50b,1735689599,0xc7bbec68d12a0d1830360f8ec58fa599ba1b0e9b,WETH,USDT / WETH 100,1103.5440476120987,observed
2024-12,1735689599,21525890,0x0532dc699467b083b2423d1f5d4951c7e7f4b5340cff470f10b8305a6d49e50b,1735689599,0x11b815efb8f581194ae79006d24e0d814b7697f6,WETH,USDT / WETH 500,16395.57026948207,observed
2024-12,1735689599,21525890,0x0532dc699467b083b2423d1f5d4951c7e7f4b5340cff470f10b8305a6d49e50b,1735689599,0x4e68ccd3e89f51c3074ca5072bbac773960dfa36,WETH,USDT / WETH 3000,15200.683864727009,observed
2024-12,1735689599,21525890,0x0532dc699467b083b2423d1f5d4951c7e7f4b5340cff470f10b8305a6d49e50b,1735689599,0xc5af84701f98fa483ece78af83f11b6c38aca71d,WETH,USDT / WETH 10000,77.60375572790896,observed
2024-12,1735689599,21525890,0x0532dc699467b083b2423d1f5d4951c7e7f4b5340cff470f10b8305a6d49e50b,1735689599,0xd8dec118e1215f02e10db846dcbbfe27d477ac19,WETH,DAI / WETH 100,0.46754180759023484,observed
2024-12,1735689599,21525890,0x0532dc699467b083b2423d1f5d4951c7e7f4b5340cff470f10b8305a6d49e50b,1735689599,0x60594a405d53811d3bc4766596efd80fd545a270,WETH,DAI / WETH 500,285.1531403067064,observed
2024-12,1735689599,21525890,0x0532dc699467b083b2423d1f5d4951c7e7f4b5340cff470f10b8305a6d49e50b,1735689599,0xc2e9f25be6257c210d7adf0d4cd6e3e881ba25f8,WETH,DAI / WETH 3000,357.66077380892426,observed
2024-12,1735689599,21525890,0x0532dc699467b083b2423d1f5d4951c7e7f4b5340cff470f10b8305a6d49e50b,1735689599,0xa80964c5bbd1a0e95777094420555fead1a26c1e,WETH,DAI / WETH 10000,2.303884525873219,observed
2024-12,1735689599,21525890,0x0532dc699467b083b2423d1f5d4951c7e7f4b5340cff470f10b8305a6d49e50b,1735689599,0x109830a1aaad605bbf02a9dfa7b0b92ec2fb7daa,WETH,wstETH / WETH 100,4829.840096713558,observed
2024-12,1735689599,21525890,0x0532dc699467b083b2423d1f5d4951c7e7f4b5340cff470f10b8305a6d49e50b,1735689599,0xd340b57aacdd10f96fc1cf10e15921936f41e29c,WETH,wstETH / WETH 500,1.5306379440289366,observed
2024-12,1735689599,21525890,0x0532dc699467b083b2423d1f5d4951c7e7f4b5340cff470f10b8305a6d49e50b,1735689599,0xc12af0c4aa39d3061c56cd3cb19f5e62deeaebde,WETH,wstETH / WETH 3000,0.9946233123065265,observed
2024-12,1735689599,21525890,0x0532dc699467b083b2423d1f5d4951c7e7f4b5340cff470f10b8305a6d49e50b,1735689599,0x202a6012894ae5c288ea824cbc8a9bfb26a49b93,WETH,weETH / WETH 100,5825.22465568427,observed
2024-12,1735689599,21525890,0x0532dc699467b083b2423d1f5d4951c7e7f4b5340cff470f10b8305a6d49e50b,1735689599,0x7a415b19932c0105c82fdb6b720bb01b0cc2cae3,WETH,weETH / WETH 500,3827.1570910323385,observed
2024-12,1735689599,21525890,0x0532dc699467b083b2423d1f5d4951c7e7f4b5340cff470f10b8305a6d49e50b,1735689599,0x6f5c74e2170cfd6f5b7829f4742dc54cec42ea07,WETH,weETH / WETH 3000,500.01116177531935,observed
2024-12,1735689599,21525890,0x0532dc699467b083b2423d1f5d4951c7e7f4b5340cff470f10b8305a6d49e50b,1735689599,0x553e9c493678d8606d6a5ba284643db2110df823,WETH,rETH / WETH 100,521.6661801243159,observed
2024-12,1735689599,21525890,0x0532dc699467b083b2423d1f5d4951c7e7f4b5340cff470f10b8305a6d49e50b,1735689599,0xa4e0faa58465a2d369aa21b3e42d43374c6f9613,WETH,rETH / WETH 500,199.76823994483703,observed
2024-12,1735689599,21525890,0x0532dc699467b083b2423d1f5d4951c7e7f4b5340cff470f10b8305a6d49e50b,1735689599,0xf0e02cf61b31260fd5ae527d58be16312bda59b1,WETH,rETH / WETH 3000,7.363973941548433,observed
2024-12,1735689599,21525890,0x0532dc699467b083b2423d1f5d4951c7e7f4b5340cff470f10b8305a6d49e50b,1735689599,0xa96a65c051bf88b4095ee1f2451c2a9d43f53ae2,native_ETH,Curve.fi ETH/aETH,294.9346949448036,observed
2024-12,1735689599,21525890,0x0532dc699467b083b2423d1f5d4951c7e7f4b5340cff470f10b8305a6d49e50b,1735689599,0xc5424b857f758e906013f3555dad202e4bdb4567,native_ETH,Curve.fi ETH/sETH,1.003094548662774,observed
2024-12,1735689599,21525890,0x0532dc699467b083b2423d1f5d4951c7e7f4b5340cff470f10b8305a6d49e50b,1735689599,0xdc24316b9ae028f1497c275eb9192a3ea0f67022,native_ETH,Curve.fi ETH/stETH,21758.83447198346,observed
2024-12,1735689599,21525890,0x0532dc699467b083b2423d1f5d4951c7e7f4b5340cff470f10b8305a6d49e50b,1735689599,0xf9440930043eb3997fc70e1339dbb11f341de7a8,native_ETH,Curve.fi ETH/rETH,112.07076265471139,observed
2024-12,1735689599,21525890,0x0532dc699467b083b2423d1f5d4951c7e7f4b5340cff470f10b8305a6d49e50b,1735689599,0x80466c64868e1ab14a1ddf27a676c3fcbe638fe5,WETH,Curve.fi USD-BTC-ETH,34.91713241129634,observed
2024-12,1735689599,21525890,0x0532dc699467b083b2423d1f5d4951c7e7f4b5340cff470f10b8305a6d49e50b,1735689599,0xa1f8a6807c402e4a15ef4eba36528a3fed24e577,native_ETH,Curve.fi ETH/frxETH,749.0505447536456,observed
2024-12,1735689599,21525890,0x0532dc699467b083b2423d1f5d4951c7e7f4b5340cff470f10b8305a6d49e50b,1735689599,0xbfab6fa95e0091ed66058ad493189d2cb29385e6,native_ETH,Curve.fi ETH/wBETH,2.434716944425545,observed
2025-01,1738367999,21747949,0xb69333ba2d1b08e57f6595113f18c7a1d3584c6eabb51f71b5d8381cc84e73a8,1738367999,0xe0554a476a092703abdb3ef35c80e0d76d32939f,WETH,USDC / WETH 100,862.771975314756,observed
2025-01,1738367999,21747949,0xb69333ba2d1b08e57f6595113f18c7a1d3584c6eabb51f71b5d8381cc84e73a8,1738367999,0x88e6a0c2ddd26feeb64f039a2c41296fcb3f5640,WETH,USDC / WETH 500,33079.77331717489,observed
2025-01,1738367999,21747949,0xb69333ba2d1b08e57f6595113f18c7a1d3584c6eabb51f71b5d8381cc84e73a8,1738367999,0x8ad599c3a0ff1de082011efddc58f1908eb6e6d8,WETH,USDC / WETH 3000,5088.912689692201,observed
2025-01,1738367999,21747949,0xb69333ba2d1b08e57f6595113f18c7a1d3584c6eabb51f71b5d8381cc84e73a8,1738367999,0x7bea39867e4169dbe237d55c8242a8f2fcdcc387,WETH,USDC / WETH 10000,120.45108646937341,observed
2025-01,1738367999,21747949,0xb69333ba2d1b08e57f6595113f18c7a1d3584c6eabb51f71b5d8381cc84e73a8,1738367999,0xc7bbec68d12a0d1830360f8ec58fa599ba1b0e9b,WETH,USDT / WETH 100,1254.5237434737687,observed
2025-01,1738367999,21747949,0xb69333ba2d1b08e57f6595113f18c7a1d3584c6eabb51f71b5d8381cc84e73a8,1738367999,0x11b815efb8f581194ae79006d24e0d814b7697f6,WETH,USDT / WETH 500,12871.345311818288,observed
2025-01,1738367999,21747949,0xb69333ba2d1b08e57f6595113f18c7a1d3584c6eabb51f71b5d8381cc84e73a8,1738367999,0x4e68ccd3e89f51c3074ca5072bbac773960dfa36,WETH,USDT / WETH 3000,18806.6265125877,observed
2025-01,1738367999,21747949,0xb69333ba2d1b08e57f6595113f18c7a1d3584c6eabb51f71b5d8381cc84e73a8,1738367999,0xc5af84701f98fa483ece78af83f11b6c38aca71d,WETH,USDT / WETH 10000,85.61559605192656,observed
2025-01,1738367999,21747949,0xb69333ba2d1b08e57f6595113f18c7a1d3584c6eabb51f71b5d8381cc84e73a8,1738367999,0xd8dec118e1215f02e10db846dcbbfe27d477ac19,WETH,DAI / WETH 100,0.46754180759023484,observed
2025-01,1738367999,21747949,0xb69333ba2d1b08e57f6595113f18c7a1d3584c6eabb51f71b5d8381cc84e73a8,1738367999,0x60594a405d53811d3bc4766596efd80fd545a270,WETH,DAI / WETH 500,225.02696635333834,observed
2025-01,1738367999,21747949,0xb69333ba2d1b08e57f6595113f18c7a1d3584c6eabb51f71b5d8381cc84e73a8,1738367999,0xc2e9f25be6257c210d7adf0d4cd6e3e881ba25f8,WETH,DAI / WETH 3000,548.5206798260878,observed
2025-01,1738367999,21747949,0xb69333ba2d1b08e57f6595113f18c7a1d3584c6eabb51f71b5d8381cc84e73a8,1738367999,0xa80964c5bbd1a0e95777094420555fead1a26c1e,WETH,DAI / WETH 10000,1.177611591275192,observed
2025-01,1738367999,21747949,0xb69333ba2d1b08e57f6595113f18c7a1d3584c6eabb51f71b5d8381cc84e73a8,1738367999,0x109830a1aaad605bbf02a9dfa7b0b92ec2fb7daa,WETH,wstETH / WETH 100,3913.6273208416633,observed
2025-01,1738367999,21747949,0xb69333ba2d1b08e57f6595113f18c7a1d3584c6eabb51f71b5d8381cc84e73a8,1738367999,0xd340b57aacdd10f96fc1cf10e15921936f41e29c,WETH,wstETH / WETH 500,1.530591401197203,observed
2025-01,1738367999,21747949,0xb69333ba2d1b08e57f6595113f18c7a1d3584c6eabb51f71b5d8381cc84e73a8,1738367999,0xc12af0c4aa39d3061c56cd3cb19f5e62deeaebde,WETH,wstETH / WETH 3000,0.006118569312157538,observed
2025-01,1738367999,21747949,0xb69333ba2d1b08e57f6595113f18c7a1d3584c6eabb51f71b5d8381cc84e73a8,1738367999,0x202a6012894ae5c288ea824cbc8a9bfb26a49b93,WETH,weETH / WETH 100,6916.37207406828,observed
2025-01,1738367999,21747949,0xb69333ba2d1b08e57f6595113f18c7a1d3584c6eabb51f71b5d8381cc84e73a8,1738367999,0x7a415b19932c0105c82fdb6b720bb01b0cc2cae3,WETH,weETH / WETH 500,3853.0996177357238,observed
2025-01,1738367999,21747949,0xb69333ba2d1b08e57f6595113f18c7a1d3584c6eabb51f71b5d8381cc84e73a8,1738367999,0x6f5c74e2170cfd6f5b7829f4742dc54cec42ea07,WETH,weETH / WETH 3000,510.94013302537263,observed
2025-01,1738367999,21747949,0xb69333ba2d1b08e57f6595113f18c7a1d3584c6eabb51f71b5d8381cc84e73a8,1738367999,0x553e9c493678d8606d6a5ba284643db2110df823,WETH,rETH / WETH 100,377.3319335626964,observed
2025-01,1738367999,21747949,0xb69333ba2d1b08e57f6595113f18c7a1d3584c6eabb51f71b5d8381cc84e73a8,1738367999,0xa4e0faa58465a2d369aa21b3e42d43374c6f9613,WETH,rETH / WETH 500,60.19104971316604,observed
2025-01,1738367999,21747949,0xb69333ba2d1b08e57f6595113f18c7a1d3584c6eabb51f71b5d8381cc84e73a8,1738367999,0xf0e02cf61b31260fd5ae527d58be16312bda59b1,WETH,rETH / WETH 3000,7.231251827722359,observed
2025-01,1738367999,21747949,0xb69333ba2d1b08e57f6595113f18c7a1d3584c6eabb51f71b5d8381cc84e73a8,1738367999,0xa96a65c051bf88b4095ee1f2451c2a9d43f53ae2,native_ETH,Curve.fi ETH/aETH,296.2613054141035,observed
2025-01,1738367999,21747949,0xb69333ba2d1b08e57f6595113f18c7a1d3584c6eabb51f71b5d8381cc84e73a8,1738367999,0xc5424b857f758e906013f3555dad202e4bdb4567,native_ETH,Curve.fi ETH/sETH,0.9435767506051832,observed
2025-01,1738367999,21747949,0xb69333ba2d1b08e57f6595113f18c7a1d3584c6eabb51f71b5d8381cc84e73a8,1738367999,0xdc24316b9ae028f1497c275eb9192a3ea0f67022,native_ETH,Curve.fi ETH/stETH,18702.197917093043,observed
2025-01,1738367999,21747949,0xb69333ba2d1b08e57f6595113f18c7a1d3584c6eabb51f71b5d8381cc84e73a8,1738367999,0xf9440930043eb3997fc70e1339dbb11f341de7a8,native_ETH,Curve.fi ETH/rETH,111.83594164491574,observed
2025-01,1738367999,21747949,0xb69333ba2d1b08e57f6595113f18c7a1d3584c6eabb51f71b5d8381cc84e73a8,1738367999,0x80466c64868e1ab14a1ddf27a676c3fcbe638fe5,WETH,Curve.fi USD-BTC-ETH,36.43081922085281,observed
2025-01,1738367999,21747949,0xb69333ba2d1b08e57f6595113f18c7a1d3584c6eabb51f71b5d8381cc84e73a8,1738367999,0xa1f8a6807c402e4a15ef4eba36528a3fed24e577,native_ETH,Curve.fi ETH/frxETH,625.0686746825568,observed
2025-01,1738367999,21747949,0xb69333ba2d1b08e57f6595113f18c7a1d3584c6eabb51f71b5d8381cc84e73a8,1738367999,0xbfab6fa95e0091ed66058ad493189d2cb29385e6,native_ETH,Curve.fi ETH/wBETH,0.9765159508350497,observed
2025-02,1740787199,21948291,0xea7bb9c15683174d819c78cdb6acacbb209c27ae90bdcea161174d1844e20263,1740787199,0xe0554a476a092703abdb3ef35c80e0d76d32939f,WETH,USDC / WETH 100,1853.4437039709283,observed
2025-02,1740787199,21948291,0xea7bb9c15683174d819c78cdb6acacbb209c27ae90bdcea161174d1844e20263,1740787199,0x88e6a0c2ddd26feeb64f039a2c41296fcb3f5640,WETH,USDC / WETH 500,42977.153776515705,observed
2025-02,1740787199,21948291,0xea7bb9c15683174d819c78cdb6acacbb209c27ae90bdcea161174d1844e20263,1740787199,0x8ad599c3a0ff1de082011efddc58f1908eb6e6d8,WETH,USDC / WETH 3000,16002.418150625515,observed
2025-02,1740787199,21948291,0xea7bb9c15683174d819c78cdb6acacbb209c27ae90bdcea161174d1844e20263,1740787199,0x7bea39867e4169dbe237d55c8242a8f2fcdcc387,WETH,USDC / WETH 10000,217.0828228928886,observed
2025-02,1740787199,21948291,0xea7bb9c15683174d819c78cdb6acacbb209c27ae90bdcea161174d1844e20263,1740787199,0xc7bbec68d12a0d1830360f8ec58fa599ba1b0e9b,WETH,USDT / WETH 100,2583.2265273472126,observed
2025-02,1740787199,21948291,0xea7bb9c15683174d819c78cdb6acacbb209c27ae90bdcea161174d1844e20263,1740787199,0x11b815efb8f581194ae79006d24e0d814b7697f6,WETH,USDT / WETH 500,24282.827428801804,observed
2025-02,1740787199,21948291,0xea7bb9c15683174d819c78cdb6acacbb209c27ae90bdcea161174d1844e20263,1740787199,0x4e68ccd3e89f51c3074ca5072bbac773960dfa36,WETH,USDT / WETH 3000,36284.35832058976,observed
2025-02,1740787199,21948291,0xea7bb9c15683174d819c78cdb6acacbb209c27ae90bdcea161174d1844e20263,1740787199,0xc5af84701f98fa483ece78af83f11b6c38aca71d,WETH,USDT / WETH 10000,159.87042564946043,observed
2025-02,1740787199,21948291,0xea7bb9c15683174d819c78cdb6acacbb209c27ae90bdcea161174d1844e20263,1740787199,0xd8dec118e1215f02e10db846dcbbfe27d477ac19,WETH,DAI / WETH 100,0.46754180759023484,observed
2025-02,1740787199,21948291,0xea7bb9c15683174d819c78cdb6acacbb209c27ae90bdcea161174d1844e20263,1740787199,0x60594a405d53811d3bc4766596efd80fd545a270,WETH,DAI / WETH 500,1060.2661645866333,observed
2025-02,1740787199,21948291,0xea7bb9c15683174d819c78cdb6acacbb209c27ae90bdcea161174d1844e20263,1740787199,0xc2e9f25be6257c210d7adf0d4cd6e3e881ba25f8,WETH,DAI / WETH 3000,4715.409959633065,observed
2025-02,1740787199,21948291,0xea7bb9c15683174d819c78cdb6acacbb209c27ae90bdcea161174d1844e20263,1740787199,0xa80964c5bbd1a0e95777094420555fead1a26c1e,WETH,DAI / WETH 10000,1.3370667236317926,observed
2025-02,1740787199,21948291,0xea7bb9c15683174d819c78cdb6acacbb209c27ae90bdcea161174d1844e20263,1740787199,0x109830a1aaad605bbf02a9dfa7b0b92ec2fb7daa,WETH,wstETH / WETH 100,239.7270080838138,observed
2025-02,1740787199,21948291,0xea7bb9c15683174d819c78cdb6acacbb209c27ae90bdcea161174d1844e20263,1740787199,0xd340b57aacdd10f96fc1cf10e15921936f41e29c,WETH,wstETH / WETH 500,1.7767000564646773,observed
2025-02,1740787199,21948291,0xea7bb9c15683174d819c78cdb6acacbb209c27ae90bdcea161174d1844e20263,1740787199,0xc12af0c4aa39d3061c56cd3cb19f5e62deeaebde,WETH,wstETH / WETH 3000,0.006208019353720506,observed
2025-02,1740787199,21948291,0xea7bb9c15683174d819c78cdb6acacbb209c27ae90bdcea161174d1844e20263,1740787199,0x202a6012894ae5c288ea824cbc8a9bfb26a49b93,WETH,weETH / WETH 100,7580.908235202301,observed
2025-02,1740787199,21948291,0xea7bb9c15683174d819c78cdb6acacbb209c27ae90bdcea161174d1844e20263,1740787199,0x7a415b19932c0105c82fdb6b720bb01b0cc2cae3,WETH,weETH / WETH 500,3669.395114996251,observed
2025-02,1740787199,21948291,0xea7bb9c15683174d819c78cdb6acacbb209c27ae90bdcea161174d1844e20263,1740787199,0x6f5c74e2170cfd6f5b7829f4742dc54cec42ea07,WETH,weETH / WETH 3000,511.62969113566623,observed
2025-02,1740787199,21948291,0xea7bb9c15683174d819c78cdb6acacbb209c27ae90bdcea161174d1844e20263,1740787199,0x553e9c493678d8606d6a5ba284643db2110df823,WETH,rETH / WETH 100,287.57355388365295,observed
2025-02,1740787199,21948291,0xea7bb9c15683174d819c78cdb6acacbb209c27ae90bdcea161174d1844e20263,1740787199,0xa4e0faa58465a2d369aa21b3e42d43374c6f9613,WETH,rETH / WETH 500,77.40771705133147,observed
2025-02,1740787199,21948291,0xea7bb9c15683174d819c78cdb6acacbb209c27ae90bdcea161174d1844e20263,1740787199,0xf0e02cf61b31260fd5ae527d58be16312bda59b1,WETH,rETH / WETH 3000,7.258924284942603,observed
2025-02,1740787199,21948291,0xea7bb9c15683174d819c78cdb6acacbb209c27ae90bdcea161174d1844e20263,1740787199,0xa96a65c051bf88b4095ee1f2451c2a9d43f53ae2,native_ETH,Curve.fi ETH/aETH,288.24434249960916,observed
2025-02,1740787199,21948291,0xea7bb9c15683174d819c78cdb6acacbb209c27ae90bdcea161174d1844e20263,1740787199,0xc5424b857f758e906013f3555dad202e4bdb4567,native_ETH,Curve.fi ETH/sETH,1.231823127485114,observed
2025-02,1740787199,21948291,0xea7bb9c15683174d819c78cdb6acacbb209c27ae90bdcea161174d1844e20263,1740787199,0xdc24316b9ae028f1497c275eb9192a3ea0f67022,native_ETH,Curve.fi ETH/stETH,15477.552733294975,observed
2025-02,1740787199,21948291,0xea7bb9c15683174d819c78cdb6acacbb209c27ae90bdcea161174d1844e20263,1740787199,0xf9440930043eb3997fc70e1339dbb11f341de7a8,native_ETH,Curve.fi ETH/rETH,112.77525697348587,observed
2025-02,1740787199,21948291,0xea7bb9c15683174d819c78cdb6acacbb209c27ae90bdcea161174d1844e20263,1740787199,0x80466c64868e1ab14a1ddf27a676c3fcbe638fe5,WETH,Curve.fi USD-BTC-ETH,44.83206455743256,observed
2025-02,1740787199,21948291,0xea7bb9c15683174d819c78cdb6acacbb209c27ae90bdcea161174d1844e20263,1740787199,0xa1f8a6807c402e4a15ef4eba36528a3fed24e577,native_ETH,Curve.fi ETH/frxETH,652.8247335458558,observed
2025-02,1740787199,21948291,0xea7bb9c15683174d819c78cdb6acacbb209c27ae90bdcea161174d1844e20263,1740787199,0xbfab6fa95e0091ed66058ad493189d2cb29385e6,native_ETH,Curve.fi ETH/wBETH,1.158309195743388,observed
2025-03,1743465599,22170334,0xe40435fbdde26ed87606a404b33cd81880f47bee3c22d335380961a51a459e97,1743465599,0xe0554a476a092703abdb3ef35c80e0d76d32939f,WETH,USDC / WETH 100,2382.9363716047746,observed
2025-03,1743465599,22170334,0xe40435fbdde26ed87606a404b33cd81880f47bee3c22d335380961a51a459e97,1743465599,0x88e6a0c2ddd26feeb64f039a2c41296fcb3f5640,WETH,USDC / WETH 500,66897.5286526452,observed
2025-03,1743465599,22170334,0xe40435fbdde26ed87606a404b33cd81880f47bee3c22d335380961a51a459e97,1743465599,0x8ad599c3a0ff1de082011efddc58f1908eb6e6d8,WETH,USDC / WETH 3000,18673.8100098607,observed
2025-03,1743465599,22170334,0xe40435fbdde26ed87606a404b33cd81880f47bee3c22d335380961a51a459e97,1743465599,0x7bea39867e4169dbe237d55c8242a8f2fcdcc387,WETH,USDC / WETH 10000,315.79646355427053,observed
2025-03,1743465599,22170334,0xe40435fbdde26ed87606a404b33cd81880f47bee3c22d335380961a51a459e97,1743465599,0xc7bbec68d12a0d1830360f8ec58fa599ba1b0e9b,WETH,USDT / WETH 100,2350.2578884699365,observed
2025-03,1743465599,22170334,0xe40435fbdde26ed87606a404b33cd81880f47bee3c22d335380961a51a459e97,1743465599,0x11b815efb8f581194ae79006d24e0d814b7697f6,WETH,USDT / WETH 500,20791.29245915769,observed
2025-03,1743465599,22170334,0xe40435fbdde26ed87606a404b33cd81880f47bee3c22d335380961a51a459e97,1743465599,0x4e68ccd3e89f51c3074ca5072bbac773960dfa36,WETH,USDT / WETH 3000,34819.55188259809,observed
2025-03,1743465599,22170334,0xe40435fbdde26ed87606a404b33cd81880f47bee3c22d335380961a51a459e97,1743465599,0xc5af84701f98fa483ece78af83f11b6c38aca71d,WETH,USDT / WETH 10000,180.66465194895684,observed
2025-03,1743465599,22170334,0xe40435fbdde26ed87606a404b33cd81880f47bee3c22d335380961a51a459e97,1743465599,0xd8dec118e1215f02e10db846dcbbfe27d477ac19,WETH,DAI / WETH 100,0.4632426533075495,observed
2025-03,1743465599,22170334,0xe40435fbdde26ed87606a404b33cd81880f47bee3c22d335380961a51a459e97,1743465599,0x60594a405d53811d3bc4766596efd80fd545a270,WETH,DAI / WETH 500,940.9300171516775,observed
2025-03,1743465599,22170334,0xe40435fbdde26ed87606a404b33cd81880f47bee3c22d335380961a51a459e97,1743465599,0xc2e9f25be6257c210d7adf0d4cd6e3e881ba25f8,WETH,DAI / WETH 3000,3315.3981775203583,observed
2025-03,1743465599,22170334,0xe40435fbdde26ed87606a404b33cd81880f47bee3c22d335380961a51a459e97,1743465599,0xa80964c5bbd1a0e95777094420555fead1a26c1e,WETH,DAI / WETH 10000,1.4491032575609601,observed
2025-03,1743465599,22170334,0xe40435fbdde26ed87606a404b33cd81880f47bee3c22d335380961a51a459e97,1743465599,0x109830a1aaad605bbf02a9dfa7b0b92ec2fb7daa,WETH,wstETH / WETH 100,1143.468699377524,observed
2025-03,1743465599,22170334,0xe40435fbdde26ed87606a404b33cd81880f47bee3c22d335380961a51a459e97,1743465599,0xd340b57aacdd10f96fc1cf10e15921936f41e29c,WETH,wstETH / WETH 500,1.5951923125004175,observed
2025-03,1743465599,22170334,0xe40435fbdde26ed87606a404b33cd81880f47bee3c22d335380961a51a459e97,1743465599,0xc12af0c4aa39d3061c56cd3cb19f5e62deeaebde,WETH,wstETH / WETH 3000,0.006350500681672619,observed
2025-03,1743465599,22170334,0xe40435fbdde26ed87606a404b33cd81880f47bee3c22d335380961a51a459e97,1743465599,0x202a6012894ae5c288ea824cbc8a9bfb26a49b93,WETH,weETH / WETH 100,5719.458209230181,observed
2025-03,1743465599,22170334,0xe40435fbdde26ed87606a404b33cd81880f47bee3c22d335380961a51a459e97,1743465599,0x7a415b19932c0105c82fdb6b720bb01b0cc2cae3,WETH,weETH / WETH 500,2357.13216334908,observed
2025-03,1743465599,22170334,0xe40435fbdde26ed87606a404b33cd81880f47bee3c22d335380961a51a459e97,1743465599,0x6f5c74e2170cfd6f5b7829f4742dc54cec42ea07,WETH,weETH / WETH 3000,511.62994025636135,observed
2025-03,1743465599,22170334,0xe40435fbdde26ed87606a404b33cd81880f47bee3c22d335380961a51a459e97,1743465599,0x553e9c493678d8606d6a5ba284643db2110df823,WETH,rETH / WETH 100,600.0171633861725,observed
2025-03,1743465599,22170334,0xe40435fbdde26ed87606a404b33cd81880f47bee3c22d335380961a51a459e97,1743465599,0xa4e0faa58465a2d369aa21b3e42d43374c6f9613,WETH,rETH / WETH 500,73.40588630418554,observed
2025-03,1743465599,22170334,0xe40435fbdde26ed87606a404b33cd81880f47bee3c22d335380961a51a459e97,1743465599,0xf0e02cf61b31260fd5ae527d58be16312bda59b1,WETH,rETH / WETH 3000,7.246587337810105,observed
2025-03,1743465599,22170334,0xe40435fbdde26ed87606a404b33cd81880f47bee3c22d335380961a51a459e97,1743465599,0xa96a65c051bf88b4095ee1f2451c2a9d43f53ae2,native_ETH,Curve.fi ETH/aETH,293.5395973406098,observed
2025-03,1743465599,22170334,0xe40435fbdde26ed87606a404b33cd81880f47bee3c22d335380961a51a459e97,1743465599,0xc5424b857f758e906013f3555dad202e4bdb4567,native_ETH,Curve.fi ETH/sETH,1.3616373003848146,observed
2025-03,1743465599,22170334,0xe40435fbdde26ed87606a404b33cd81880f47bee3c22d335380961a51a459e97,1743465599,0xdc24316b9ae028f1497c275eb9192a3ea0f67022,native_ETH,Curve.fi ETH/stETH,22310.52972248161,observed
2025-03,1743465599,22170334,0xe40435fbdde26ed87606a404b33cd81880f47bee3c22d335380961a51a459e97,1743465599,0xf9440930043eb3997fc70e1339dbb11f341de7a8,native_ETH,Curve.fi ETH/rETH,99.97650551419434,observed
2025-03,1743465599,22170334,0xe40435fbdde26ed87606a404b33cd81880f47bee3c22d335380961a51a459e97,1743465599,0x80466c64868e1ab14a1ddf27a676c3fcbe638fe5,WETH,Curve.fi USD-BTC-ETH,50.66366074975073,observed
2025-03,1743465599,22170334,0xe40435fbdde26ed87606a404b33cd81880f47bee3c22d335380961a51a459e97,1743465599,0xa1f8a6807c402e4a15ef4eba36528a3fed24e577,native_ETH,Curve.fi ETH/frxETH,1001.024965867777,observed
2025-03,1743465599,22170334,0xe40435fbdde26ed87606a404b33cd81880f47bee3c22d335380961a51a459e97,1743465599,0xbfab6fa95e0091ed66058ad493189d2cb29385e6,native_ETH,Curve.fi ETH/wBETH,1.1299708819708125,observed
2025-04,1746057599,22385293,0x70be063214203738eaa20e2e4ae2ebde9dc91f93ef90dcdb8375bf38683650f0,1746057599,0xe0554a476a092703abdb3ef35c80e0d76d32939f,WETH,USDC / WETH 100,1653.0139465339055,observed
2025-04,1746057599,22385293,0x70be063214203738eaa20e2e4ae2ebde9dc91f93ef90dcdb8375bf38683650f0,1746057599,0x88e6a0c2ddd26feeb64f039a2c41296fcb3f5640,WETH,USDC / WETH 500,43913.91368553486,observed
2025-04,1746057599,22385293,0x70be063214203738eaa20e2e4ae2ebde9dc91f93ef90dcdb8375bf38683650f0,1746057599,0x8ad599c3a0ff1de082011efddc58f1908eb6e6d8,WETH,USDC / WETH 3000,15451.351155396029,observed
2025-04,1746057599,22385293,0x70be063214203738eaa20e2e4ae2ebde9dc91f93ef90dcdb8375bf38683650f0,1746057599,0x7bea39867e4169dbe237d55c8242a8f2fcdcc387,WETH,USDC / WETH 10000,227.02283807870893,observed
2025-04,1746057599,22385293,0x70be063214203738eaa20e2e4ae2ebde9dc91f93ef90dcdb8375bf38683650f0,1746057599,0xc7bbec68d12a0d1830360f8ec58fa599ba1b0e9b,WETH,USDT / WETH 100,1414.3999777104805,observed
2025-04,1746057599,22385293,0x70be063214203738eaa20e2e4ae2ebde9dc91f93ef90dcdb8375bf38683650f0,1746057599,0x11b815efb8f581194ae79006d24e0d814b7697f6,WETH,USDT / WETH 500,5209.989608181899,observed
2025-04,1746057599,22385293,0x70be063214203738eaa20e2e4ae2ebde9dc91f93ef90dcdb8375bf38683650f0,1746057599,0x4e68ccd3e89f51c3074ca5072bbac773960dfa36,WETH,USDT / WETH 3000,19120.103767874305,observed
2025-04,1746057599,22385293,0x70be063214203738eaa20e2e4ae2ebde9dc91f93ef90dcdb8375bf38683650f0,1746057599,0xc5af84701f98fa483ece78af83f11b6c38aca71d,WETH,USDT / WETH 10000,184.82756634739263,observed
2025-04,1746057599,22385293,0x70be063214203738eaa20e2e4ae2ebde9dc91f93ef90dcdb8375bf38683650f0,1746057599,0xd8dec118e1215f02e10db846dcbbfe27d477ac19,WETH,DAI / WETH 100,0.4632429608655237,observed
2025-04,1746057599,22385293,0x70be063214203738eaa20e2e4ae2ebde9dc91f93ef90dcdb8375bf38683650f0,1746057599,0x60594a405d53811d3bc4766596efd80fd545a270,WETH,DAI / WETH 500,577.1416489884077,observed
2025-04,1746057599,22385293,0x70be063214203738eaa20e2e4ae2ebde9dc91f93ef90dcdb8375bf38683650f0,1746057599,0xc2e9f25be6257c210d7adf0d4cd6e3e881ba25f8,WETH,DAI / WETH 3000,1411.2837766576001,observed
2025-04,1746057599,22385293,0x70be063214203738eaa20e2e4ae2ebde9dc91f93ef90dcdb8375bf38683650f0,1746057599,0xa80964c5bbd1a0e95777094420555fead1a26c1e,WETH,DAI / WETH 10000,1.4302381136382325,observed
2025-04,1746057599,22385293,0x70be063214203738eaa20e2e4ae2ebde9dc91f93ef90dcdb8375bf38683650f0,1746057599,0x109830a1aaad605bbf02a9dfa7b0b92ec2fb7daa,WETH,wstETH / WETH 100,1502.6807149334793,observed
2025-04,1746057599,22385293,0x70be063214203738eaa20e2e4ae2ebde9dc91f93ef90dcdb8375bf38683650f0,1746057599,0xd340b57aacdd10f96fc1cf10e15921936f41e29c,WETH,wstETH / WETH 500,1.5948334648504754,observed
2025-04,1746057599,22385293,0x70be063214203738eaa20e2e4ae2ebde9dc91f93ef90dcdb8375bf38683650f0,1746057599,0xc12af0c4aa39d3061c56cd3cb19f5e62deeaebde,WETH,wstETH / WETH 3000,0.00644425220640565,observed
2025-04,1746057599,22385293,0x70be063214203738eaa20e2e4ae2ebde9dc91f93ef90dcdb8375bf38683650f0,1746057599,0x202a6012894ae5c288ea824cbc8a9bfb26a49b93,WETH,weETH / WETH 100,6318.257115835502,observed
2025-04,1746057599,22385293,0x70be063214203738eaa20e2e4ae2ebde9dc91f93ef90dcdb8375bf38683650f0,1746057599,0x7a415b19932c0105c82fdb6b720bb01b0cc2cae3,WETH,weETH / WETH 500,2443.4610984369688,observed
2025-04,1746057599,22385293,0x70be063214203738eaa20e2e4ae2ebde9dc91f93ef90dcdb8375bf38683650f0,1746057599,0x6f5c74e2170cfd6f5b7829f4742dc54cec42ea07,WETH,weETH / WETH 3000,511.6300107032398,observed
2025-04,1746057599,22385293,0x70be063214203738eaa20e2e4ae2ebde9dc91f93ef90dcdb8375bf38683650f0,1746057599,0x553e9c493678d8606d6a5ba284643db2110df823,WETH,rETH / WETH 100,565.3487094361881,observed
2025-04,1746057599,22385293,0x70be063214203738eaa20e2e4ae2ebde9dc91f93ef90dcdb8375bf38683650f0,1746057599,0xa4e0faa58465a2d369aa21b3e42d43374c6f9613,WETH,rETH / WETH 500,71.62081696305495,observed
2025-04,1746057599,22385293,0x70be063214203738eaa20e2e4ae2ebde9dc91f93ef90dcdb8375bf38683650f0,1746057599,0xf0e02cf61b31260fd5ae527d58be16312bda59b1,WETH,rETH / WETH 3000,7.254992367488348,observed
2025-04,1746057599,22385293,0x70be063214203738eaa20e2e4ae2ebde9dc91f93ef90dcdb8375bf38683650f0,1746057599,0xa96a65c051bf88b4095ee1f2451c2a9d43f53ae2,native_ETH,Curve.fi ETH/aETH,292.72995304623765,observed
2025-04,1746057599,22385293,0x70be063214203738eaa20e2e4ae2ebde9dc91f93ef90dcdb8375bf38683650f0,1746057599,0xc5424b857f758e906013f3555dad202e4bdb4567,native_ETH,Curve.fi ETH/sETH,1.4672250667608366,observed
2025-04,1746057599,22385293,0x70be063214203738eaa20e2e4ae2ebde9dc91f93ef90dcdb8375bf38683650f0,1746057599,0xdc24316b9ae028f1497c275eb9192a3ea0f67022,native_ETH,Curve.fi ETH/stETH,18426.073172275694,observed
2025-04,1746057599,22385293,0x70be063214203738eaa20e2e4ae2ebde9dc91f93ef90dcdb8375bf38683650f0,1746057599,0xf9440930043eb3997fc70e1339dbb11f341de7a8,native_ETH,Curve.fi ETH/rETH,99.68797778019659,observed
2025-04,1746057599,22385293,0x70be063214203738eaa20e2e4ae2ebde9dc91f93ef90dcdb8375bf38683650f0,1746057599,0x80466c64868e1ab14a1ddf27a676c3fcbe638fe5,WETH,Curve.fi USD-BTC-ETH,53.02141482498877,observed
2025-04,1746057599,22385293,0x70be063214203738eaa20e2e4ae2ebde9dc91f93ef90dcdb8375bf38683650f0,1746057599,0xa1f8a6807c402e4a15ef4eba36528a3fed24e577,native_ETH,Curve.fi ETH/frxETH,852.8608852362725,observed
2025-04,1746057599,22385293,0x70be063214203738eaa20e2e4ae2ebde9dc91f93ef90dcdb8375bf38683650f0,1746057599,0xbfab6fa95e0091ed66058ad493189d2cb29385e6,native_ETH,Curve.fi ETH/wBETH,0.8221758577035526,observed
2025-05,1748735999,22606142,0x0bc358a1ab32f993c13ad402779f5a3b4b4a3127dc06814cb556a158dffaa1fa,1748735999,0xe0554a476a092703abdb3ef35c80e0d76d32939f,WETH,USDC / WETH 100,1280.9434391518305,observed
2025-05,1748735999,22606142,0x0bc358a1ab32f993c13ad402779f5a3b4b4a3127dc06814cb556a158dffaa1fa,1748735999,0x88e6a0c2ddd26feeb64f039a2c41296fcb3f5640,WETH,USDC / WETH 500,17391.083872238694,observed
2025-05,1748735999,22606142,0x0bc358a1ab32f993c13ad402779f5a3b4b4a3127dc06814cb556a158dffaa1fa,1748735999,0x8ad599c3a0ff1de082011efddc58f1908eb6e6d8,WETH,USDC / WETH 3000,14224.857568195193,observed
2025-05,1748735999,22606142,0x0bc358a1ab32f993c13ad402779f5a3b4b4a3127dc06814cb556a158dffaa1fa,1748735999,0x7bea39867e4169dbe237d55c8242a8f2fcdcc387,WETH,USDC / WETH 10000,161.8715554173067,observed
2025-05,1748735999,22606142,0x0bc358a1ab32f993c13ad402779f5a3b4b4a3127dc06814cb556a158dffaa1fa,1748735999,0xc7bbec68d12a0d1830360f8ec58fa599ba1b0e9b,WETH,USDT / WETH 100,906.180194194997,observed
2025-05,1748735999,22606142,0x0bc358a1ab32f993c13ad402779f5a3b4b4a3127dc06814cb556a158dffaa1fa,1748735999,0x11b815efb8f581194ae79006d24e0d814b7697f6,WETH,USDT / WETH 500,2776.647155532228,observed
2025-05,1748735999,22606142,0x0bc358a1ab32f993c13ad402779f5a3b4b4a3127dc06814cb556a158dffaa1fa,1748735999,0x4e68ccd3e89f51c3074ca5072bbac773960dfa36,WETH,USDT / WETH 3000,16284.883044338298,observed
2025-05,1748735999,22606142,0x0bc358a1ab32f993c13ad402779f5a3b4b4a3127dc06814cb556a158dffaa1fa,1748735999,0xc5af84701f98fa483ece78af83f11b6c38aca71d,WETH,USDT / WETH 10000,150.32381406721305,observed
2025-05,1748735999,22606142,0x0bc358a1ab32f993c13ad402779f5a3b4b4a3127dc06814cb556a158dffaa1fa,1748735999,0xd8dec118e1215f02e10db846dcbbfe27d477ac19,WETH,DAI / WETH 100,0.4632435069648129,observed
2025-05,1748735999,22606142,0x0bc358a1ab32f993c13ad402779f5a3b4b4a3127dc06814cb556a158dffaa1fa,1748735999,0x60594a405d53811d3bc4766596efd80fd545a270,WETH,DAI / WETH 500,861.3516891228072,observed
2025-05,1748735999,22606142,0x0bc358a1ab32f993c13ad402779f5a3b4b4a3127dc06814cb556a158dffaa1fa,1748735999,0xc2e9f25be6257c210d7adf0d4cd6e3e881ba25f8,WETH,DAI / WETH 3000,2049.3527946418617,observed
2025-05,1748735999,22606142,0x0bc358a1ab32f993c13ad402779f5a3b4b4a3127dc06814cb556a158dffaa1fa,1748735999,0xa80964c5bbd1a0e95777094420555fead1a26c1e,WETH,DAI / WETH 10000,1.1793241438761395,observed
2025-05,1748735999,22606142,0x0bc358a1ab32f993c13ad402779f5a3b4b4a3127dc06814cb556a158dffaa1fa,1748735999,0x109830a1aaad605bbf02a9dfa7b0b92ec2fb7daa,WETH,wstETH / WETH 100,1509.5693002887588,observed
2025-05,1748735999,22606142,0x0bc358a1ab32f993c13ad402779f5a3b4b4a3127dc06814cb556a158dffaa1fa,1748735999,0xd340b57aacdd10f96fc1cf10e15921936f41e29c,WETH,wstETH / WETH 500,1.5993804537336902,observed
2025-05,1748735999,22606142,0x0bc358a1ab32f993c13ad402779f5a3b4b4a3127dc06814cb556a158dffaa1fa,1748735999,0xc12af0c4aa39d3061c56cd3cb19f5e62deeaebde,WETH,wstETH / WETH 3000,0.006662481191469868,observed
2025-05,1748735999,22606142,0x0bc358a1ab32f993c13ad402779f5a3b4b4a3127dc06814cb556a158dffaa1fa,1748735999,0x202a6012894ae5c288ea824cbc8a9bfb26a49b93,WETH,weETH / WETH 100,6048.630505127603,observed
2025-05,1748735999,22606142,0x0bc358a1ab32f993c13ad402779f5a3b4b4a3127dc06814cb556a158dffaa1fa,1748735999,0x7a415b19932c0105c82fdb6b720bb01b0cc2cae3,WETH,weETH / WETH 500,2445.9059439853645,observed
2025-05,1748735999,22606142,0x0bc358a1ab32f993c13ad402779f5a3b4b4a3127dc06814cb556a158dffaa1fa,1748735999,0x6f5c74e2170cfd6f5b7829f4742dc54cec42ea07,WETH,weETH / WETH 3000,511.6301510096701,observed
2025-05,1748735999,22606142,0x0bc358a1ab32f993c13ad402779f5a3b4b4a3127dc06814cb556a158dffaa1fa,1748735999,0x553e9c493678d8606d6a5ba284643db2110df823,WETH,rETH / WETH 100,474.59524609720376,observed
2025-05,1748735999,22606142,0x0bc358a1ab32f993c13ad402779f5a3b4b4a3127dc06814cb556a158dffaa1fa,1748735999,0xa4e0faa58465a2d369aa21b3e42d43374c6f9613,WETH,rETH / WETH 500,76.78756548337687,observed
2025-05,1748735999,22606142,0x0bc358a1ab32f993c13ad402779f5a3b4b4a3127dc06814cb556a158dffaa1fa,1748735999,0xf0e02cf61b31260fd5ae527d58be16312bda59b1,WETH,rETH / WETH 3000,7.274796971020625,observed
2025-05,1748735999,22606142,0x0bc358a1ab32f993c13ad402779f5a3b4b4a3127dc06814cb556a158dffaa1fa,1748735999,0xa96a65c051bf88b4095ee1f2451c2a9d43f53ae2,native_ETH,Curve.fi ETH/aETH,46.55826933174513,observed
2025-05,1748735999,22606142,0x0bc358a1ab32f993c13ad402779f5a3b4b4a3127dc06814cb556a158dffaa1fa,1748735999,0xc5424b857f758e906013f3555dad202e4bdb4567,native_ETH,Curve.fi ETH/sETH,1.28372220149418,observed
2025-05,1748735999,22606142,0x0bc358a1ab32f993c13ad402779f5a3b4b4a3127dc06814cb556a158dffaa1fa,1748735999,0xdc24316b9ae028f1497c275eb9192a3ea0f67022,native_ETH,Curve.fi ETH/stETH,20860.442000267958,observed
2025-05,1748735999,22606142,0x0bc358a1ab32f993c13ad402779f5a3b4b4a3127dc06814cb556a158dffaa1fa,1748735999,0xf9440930043eb3997fc70e1339dbb11f341de7a8,native_ETH,Curve.fi ETH/rETH,99.68675745664149,observed
2025-05,1748735999,22606142,0x0bc358a1ab32f993c13ad402779f5a3b4b4a3127dc06814cb556a158dffaa1fa,1748735999,0x80466c64868e1ab14a1ddf27a676c3fcbe638fe5,WETH,Curve.fi USD-BTC-ETH,42.62738231306467,observed
2025-05,1748735999,22606142,0x0bc358a1ab32f993c13ad402779f5a3b4b4a3127dc06814cb556a158dffaa1fa,1748735999,0xa1f8a6807c402e4a15ef4eba36528a3fed24e577,native_ETH,Curve.fi ETH/frxETH,1338.8895900388477,observed
2025-05,1748735999,22606142,0x0bc358a1ab32f993c13ad402779f5a3b4b4a3127dc06814cb556a158dffaa1fa,1748735999,0xbfab6fa95e0091ed66058ad493189d2cb29385e6,native_ETH,Curve.fi ETH/wBETH,0.6144910368909696,observed
2025-06,1751327999,22820673,0x8e7c34764efe88864dd4d5c77aafe2404c72d447ff597ab24c4124867cf41071,1751327999,0xe0554a476a092703abdb3ef35c80e0d76d32939f,WETH,USDC / WETH 100,1280.140815354209,observed
2025-06,1751327999,22820673,0x8e7c34764efe88864dd4d5c77aafe2404c72d447ff597ab24c4124867cf41071,1751327999,0x88e6a0c2ddd26feeb64f039a2c41296fcb3f5640,WETH,USDC / WETH 500,12304.020637204563,observed
2025-06,1751327999,22820673,0x8e7c34764efe88864dd4d5c77aafe2404c72d447ff597ab24c4124867cf41071,1751327999,0x8ad599c3a0ff1de082011efddc58f1908eb6e6d8,WETH,USDC / WETH 3000,7933.582483904176,observed
2025-06,1751327999,22820673,0x8e7c34764efe88864dd4d5c77aafe2404c72d447ff597ab24c4124867cf41071,1751327999,0x7bea39867e4169dbe237d55c8242a8f2fcdcc387,WETH,USDC / WETH 10000,167.66502415115096,observed
2025-06,1751327999,22820673,0x8e7c34764efe88864dd4d5c77aafe2404c72d447ff597ab24c4124867cf41071,1751327999,0xc7bbec68d12a0d1830360f8ec58fa599ba1b0e9b,WETH,USDT / WETH 100,1337.5366267025913,observed
2025-06,1751327999,22820673,0x8e7c34764efe88864dd4d5c77aafe2404c72d447ff597ab24c4124867cf41071,1751327999,0x11b815efb8f581194ae79006d24e0d814b7697f6,WETH,USDT / WETH 500,4408.824834480559,observed
2025-06,1751327999,22820673,0x8e7c34764efe88864dd4d5c77aafe2404c72d447ff597ab24c4124867cf41071,1751327999,0x4e68ccd3e89f51c3074ca5072bbac773960dfa36,WETH,USDT / WETH 3000,14035.207771421548,observed
2025-06,1751327999,22820673,0x8e7c34764efe88864dd4d5c77aafe2404c72d447ff597ab24c4124867cf41071,1751327999,0xc5af84701f98fa483ece78af83f11b6c38aca71d,WETH,USDT / WETH 10000,154.58562810537435,observed
2025-06,1751327999,22820673,0x8e7c34764efe88864dd4d5c77aafe2404c72d447ff597ab24c4124867cf41071,1751327999,0xd8dec118e1215f02e10db846dcbbfe27d477ac19,WETH,DAI / WETH 100,0.46324350413606474,observed
2025-06,1751327999,22820673,0x8e7c34764efe88864dd4d5c77aafe2404c72d447ff597ab24c4124867cf41071,1751327999,0x60594a405d53811d3bc4766596efd80fd545a270,WETH,DAI / WETH 500,331.4540135242005,observed
2025-06,1751327999,22820673,0x8e7c34764efe88864dd4d5c77aafe2404c72d447ff597ab24c4124867cf41071,1751327999,0xc2e9f25be6257c210d7adf0d4cd6e3e881ba25f8,WETH,DAI / WETH 3000,571.027996102061,observed
2025-06,1751327999,22820673,0x8e7c34764efe88864dd4d5c77aafe2404c72d447ff597ab24c4124867cf41071,1751327999,0xa80964c5bbd1a0e95777094420555fead1a26c1e,WETH,DAI / WETH 10000,1.1884972246019296,observed
2025-06,1751327999,22820673,0x8e7c34764efe88864dd4d5c77aafe2404c72d447ff597ab24c4124867cf41071,1751327999,0x109830a1aaad605bbf02a9dfa7b0b92ec2fb7daa,WETH,wstETH / WETH 100,1624.2886571231243,observed
2025-06,1751327999,22820673,0x8e7c34764efe88864dd4d5c77aafe2404c72d447ff597ab24c4124867cf41071,1751327999,0xd340b57aacdd10f96fc1cf10e15921936f41e29c,WETH,wstETH / WETH 500,4.4087372097653255,observed
2025-06,1751327999,22820673,0x8e7c34764efe88864dd4d5c77aafe2404c72d447ff597ab24c4124867cf41071,1751327999,0xc12af0c4aa39d3061c56cd3cb19f5e62deeaebde,WETH,wstETH / WETH 3000,0.3804279391372582,observed
2025-06,1751327999,22820673,0x8e7c34764efe88864dd4d5c77aafe2404c72d447ff597ab24c4124867cf41071,1751327999,0x202a6012894ae5c288ea824cbc8a9bfb26a49b93,WETH,weETH / WETH 100,7882.172729837988,observed
2025-06,1751327999,22820673,0x8e7c34764efe88864dd4d5c77aafe2404c72d447ff597ab24c4124867cf41071,1751327999,0x7a415b19932c0105c82fdb6b720bb01b0cc2cae3,WETH,weETH / WETH 500,2421.3344855946993,observed
2025-06,1751327999,22820673,0x8e7c34764efe88864dd4d5c77aafe2404c72d447ff597ab24c4124867cf41071,1751327999,0x6f5c74e2170cfd6f5b7829f4742dc54cec42ea07,WETH,weETH / WETH 3000,500.0132927699777,observed
2025-06,1751327999,22820673,0x8e7c34764efe88864dd4d5c77aafe2404c72d447ff597ab24c4124867cf41071,1751327999,0x553e9c493678d8606d6a5ba284643db2110df823,WETH,rETH / WETH 100,171.02329819050894,observed
2025-06,1751327999,22820673,0x8e7c34764efe88864dd4d5c77aafe2404c72d447ff597ab24c4124867cf41071,1751327999,0xa4e0faa58465a2d369aa21b3e42d43374c6f9613,WETH,rETH / WETH 500,76.84005245857809,observed
2025-06,1751327999,22820673,0x8e7c34764efe88864dd4d5c77aafe2404c72d447ff597ab24c4124867cf41071,1751327999,0xf0e02cf61b31260fd5ae527d58be16312bda59b1,WETH,rETH / WETH 3000,7.277612124015322,observed
2025-06,1751327999,22820673,0x8e7c34764efe88864dd4d5c77aafe2404c72d447ff597ab24c4124867cf41071,1751327999,0xa96a65c051bf88b4095ee1f2451c2a9d43f53ae2,native_ETH,Curve.fi ETH/aETH,46.32056909511187,observed
2025-06,1751327999,22820673,0x8e7c34764efe88864dd4d5c77aafe2404c72d447ff597ab24c4124867cf41071,1751327999,0xc5424b857f758e906013f3555dad202e4bdb4567,native_ETH,Curve.fi ETH/sETH,1.404929443725926,observed
2025-06,1751327999,22820673,0x8e7c34764efe88864dd4d5c77aafe2404c72d447ff597ab24c4124867cf41071,1751327999,0xdc24316b9ae028f1497c275eb9192a3ea0f67022,native_ETH,Curve.fi ETH/stETH,21182.517652728176,observed
2025-06,1751327999,22820673,0x8e7c34764efe88864dd4d5c77aafe2404c72d447ff597ab24c4124867cf41071,1751327999,0xf9440930043eb3997fc70e1339dbb11f341de7a8,native_ETH,Curve.fi ETH/rETH,99.52524642990079,observed
2025-06,1751327999,22820673,0x8e7c34764efe88864dd4d5c77aafe2404c72d447ff597ab24c4124867cf41071,1751327999,0x80466c64868e1ab14a1ddf27a676c3fcbe638fe5,WETH,Curve.fi USD-BTC-ETH,43.339151352342,observed
2025-06,1751327999,22820673,0x8e7c34764efe88864dd4d5c77aafe2404c72d447ff597ab24c4124867cf41071,1751327999,0xa1f8a6807c402e4a15ef4eba36528a3fed24e577,native_ETH,Curve.fi ETH/frxETH,1036.85535266481,observed
2025-06,1751327999,22820673,0x8e7c34764efe88864dd4d5c77aafe2404c72d447ff597ab24c4124867cf41071,1751327999,0xbfab6fa95e0091ed66058ad493189d2cb29385e6,native_ETH,Curve.fi ETH/wBETH,0.9404526990490327,observed
2025-07,1754006399,23042513,0x0bd72b2b1c0196f6c86e346424411a3f33c57e3420e5ea068852b69f86e7bd0f,1754006399,0xe0554a476a092703abdb3ef35c80e0d76d32939f,WETH,USDC / WETH 100,1104.6040487827765,observed
2025-07,1754006399,23042513,0x0bd72b2b1c0196f6c86e346424411a3f33c57e3420e5ea068852b69f86e7bd0f,1754006399,0x88e6a0c2ddd26feeb64f039a2c41296fcb3f5640,WETH,USDC / WETH 500,5415.917892255308,observed
2025-07,1754006399,23042513,0x0bd72b2b1c0196f6c86e346424411a3f33c57e3420e5ea068852b69f86e7bd0f,1754006399,0x8ad599c3a0ff1de082011efddc58f1908eb6e6d8,WETH,USDC / WETH 3000,3103.2675357007356,observed
2025-07,1754006399,23042513,0x0bd72b2b1c0196f6c86e346424411a3f33c57e3420e5ea068852b69f86e7bd0f,1754006399,0x7bea39867e4169dbe237d55c8242a8f2fcdcc387,WETH,USDC / WETH 10000,116.96173583937225,observed
2025-07,1754006399,23042513,0x0bd72b2b1c0196f6c86e346424411a3f33c57e3420e5ea068852b69f86e7bd0f,1754006399,0xc7bbec68d12a0d1830360f8ec58fa599ba1b0e9b,WETH,USDT / WETH 100,1096.1674844474826,observed
2025-07,1754006399,23042513,0x0bd72b2b1c0196f6c86e346424411a3f33c57e3420e5ea068852b69f86e7bd0f,1754006399,0x11b815efb8f581194ae79006d24e0d814b7697f6,WETH,USDT / WETH 500,4172.008014126395,observed
2025-07,1754006399,23042513,0x0bd72b2b1c0196f6c86e346424411a3f33c57e3420e5ea068852b69f86e7bd0f,1754006399,0x4e68ccd3e89f51c3074ca5072bbac773960dfa36,WETH,USDT / WETH 3000,11223.344794739485,observed
2025-07,1754006399,23042513,0x0bd72b2b1c0196f6c86e346424411a3f33c57e3420e5ea068852b69f86e7bd0f,1754006399,0xc5af84701f98fa483ece78af83f11b6c38aca71d,WETH,USDT / WETH 10000,61.37842841658417,observed
2025-07,1754006399,23042513,0x0bd72b2b1c0196f6c86e346424411a3f33c57e3420e5ea068852b69f86e7bd0f,1754006399,0xd8dec118e1215f02e10db846dcbbfe27d477ac19,WETH,DAI / WETH 100,0.46324344588010874,observed
2025-07,1754006399,23042513,0x0bd72b2b1c0196f6c86e346424411a3f33c57e3420e5ea068852b69f86e7bd0f,1754006399,0x60594a405d53811d3bc4766596efd80fd545a270,WETH,DAI / WETH 500,166.06114403230512,observed
2025-07,1754006399,23042513,0x0bd72b2b1c0196f6c86e346424411a3f33c57e3420e5ea068852b69f86e7bd0f,1754006399,0xc2e9f25be6257c210d7adf0d4cd6e3e881ba25f8,WETH,DAI / WETH 3000,311.63876795436704,observed
2025-07,1754006399,23042513,0x0bd72b2b1c0196f6c86e346424411a3f33c57e3420e5ea068852b69f86e7bd0f,1754006399,0xa80964c5bbd1a0e95777094420555fead1a26c1e,WETH,DAI / WETH 10000,0.4828763144103119,observed
2025-07,1754006399,23042513,0x0bd72b2b1c0196f6c86e346424411a3f33c57e3420e5ea068852b69f86e7bd0f,1754006399,0x109830a1aaad605bbf02a9dfa7b0b92ec2fb7daa,WETH,wstETH / WETH 100,1556.172705606955,observed
2025-07,1754006399,23042513,0x0bd72b2b1c0196f6c86e346424411a3f33c57e3420e5ea068852b69f86e7bd0f,1754006399,0xd340b57aacdd10f96fc1cf10e15921936f41e29c,WETH,wstETH / WETH 500,1.7598420961355197,observed
2025-07,1754006399,23042513,0x0bd72b2b1c0196f6c86e346424411a3f33c57e3420e5ea068852b69f86e7bd0f,1754006399,0xc12af0c4aa39d3061c56cd3cb19f5e62deeaebde,WETH,wstETH / WETH 3000,0.0922512245576948,observed
2025-07,1754006399,23042513,0x0bd72b2b1c0196f6c86e346424411a3f33c57e3420e5ea068852b69f86e7bd0f,1754006399,0x202a6012894ae5c288ea824cbc8a9bfb26a49b93,WETH,weETH / WETH 100,9279.774095313136,observed
2025-07,1754006399,23042513,0x0bd72b2b1c0196f6c86e346424411a3f33c57e3420e5ea068852b69f86e7bd0f,1754006399,0x7a415b19932c0105c82fdb6b720bb01b0cc2cae3,WETH,weETH / WETH 500,2463.780432332726,observed
2025-07,1754006399,23042513,0x0bd72b2b1c0196f6c86e346424411a3f33c57e3420e5ea068852b69f86e7bd0f,1754006399,0x6f5c74e2170cfd6f5b7829f4742dc54cec42ea07,WETH,weETH / WETH 3000,500.01512714751834,observed
2025-07,1754006399,23042513,0x0bd72b2b1c0196f6c86e346424411a3f33c57e3420e5ea068852b69f86e7bd0f,1754006399,0x553e9c493678d8606d6a5ba284643db2110df823,WETH,rETH / WETH 100,274.8536991504959,observed
2025-07,1754006399,23042513,0x0bd72b2b1c0196f6c86e346424411a3f33c57e3420e5ea068852b69f86e7bd0f,1754006399,0xa4e0faa58465a2d369aa21b3e42d43374c6f9613,WETH,rETH / WETH 500,57.52613700545348,observed
2025-07,1754006399,23042513,0x0bd72b2b1c0196f6c86e346424411a3f33c57e3420e5ea068852b69f86e7bd0f,1754006399,0xf0e02cf61b31260fd5ae527d58be16312bda59b1,WETH,rETH / WETH 3000,7.276089812382643,observed
2025-07,1754006399,23042513,0x0bd72b2b1c0196f6c86e346424411a3f33c57e3420e5ea068852b69f86e7bd0f,1754006399,0xa96a65c051bf88b4095ee1f2451c2a9d43f53ae2,native_ETH,Curve.fi ETH/aETH,29.250366599716074,observed
2025-07,1754006399,23042513,0x0bd72b2b1c0196f6c86e346424411a3f33c57e3420e5ea068852b69f86e7bd0f,1754006399,0xc5424b857f758e906013f3555dad202e4bdb4567,native_ETH,Curve.fi ETH/sETH,1.2180972882733843,observed
2025-07,1754006399,23042513,0x0bd72b2b1c0196f6c86e346424411a3f33c57e3420e5ea068852b69f86e7bd0f,1754006399,0xdc24316b9ae028f1497c275eb9192a3ea0f67022,native_ETH,Curve.fi ETH/stETH,15827.843072139885,observed
2025-07,1754006399,23042513,0x0bd72b2b1c0196f6c86e346424411a3f33c57e3420e5ea068852b69f86e7bd0f,1754006399,0xf9440930043eb3997fc70e1339dbb11f341de7a8,native_ETH,Curve.fi ETH/rETH,97.62004279465445,observed
2025-07,1754006399,23042513,0x0bd72b2b1c0196f6c86e346424411a3f33c57e3420e5ea068852b69f86e7bd0f,1754006399,0x80466c64868e1ab14a1ddf27a676c3fcbe638fe5,WETH,Curve.fi USD-BTC-ETH,34.408573086118636,observed
2025-07,1754006399,23042513,0x0bd72b2b1c0196f6c86e346424411a3f33c57e3420e5ea068852b69f86e7bd0f,1754006399,0xa1f8a6807c402e4a15ef4eba36528a3fed24e577,native_ETH,Curve.fi ETH/frxETH,556.4282583309139,observed
2025-07,1754006399,23042513,0x0bd72b2b1c0196f6c86e346424411a3f33c57e3420e5ea068852b69f86e7bd0f,1754006399,0xbfab6fa95e0091ed66058ad493189d2cb29385e6,native_ETH,Curve.fi ETH/wBETH,0.8271414374887796,observed
2025-08,1756684799,23264565,0x47b55bb8fd65799fce83b256b69df810551eee311af846570fff1f183a183a1c,1756684799,0xe0554a476a092703abdb3ef35c80e0d76d32939f,WETH,USDC / WETH 100,547.5607595532367,observed
2025-08,1756684799,23264565,0x47b55bb8fd65799fce83b256b69df810551eee311af846570fff1f183a183a1c,1756684799,0x88e6a0c2ddd26feeb64f039a2c41296fcb3f5640,WETH,USDC / WETH 500,7559.907828120029,observed
2025-08,1756684799,23264565,0x47b55bb8fd65799fce83b256b69df810551eee311af846570fff1f183a183a1c,1756684799,0x8ad599c3a0ff1de082011efddc58f1908eb6e6d8,WETH,USDC / WETH 3000,5937.010050460665,observed
2025-08,1756684799,23264565,0x47b55bb8fd65799fce83b256b69df810551eee311af846570fff1f183a183a1c,1756684799,0x7bea39867e4169dbe237d55c8242a8f2fcdcc387,WETH,USDC / WETH 10000,102.11045729192156,observed
2025-08,1756684799,23264565,0x47b55bb8fd65799fce83b256b69df810551eee311af846570fff1f183a183a1c,1756684799,0xc7bbec68d12a0d1830360f8ec58fa599ba1b0e9b,WETH,USDT / WETH 100,834.1106688730696,observed
2025-08,1756684799,23264565,0x47b55bb8fd65799fce83b256b69df810551eee311af846570fff1f183a183a1c,1756684799,0x11b815efb8f581194ae79006d24e0d814b7697f6,WETH,USDT / WETH 500,4593.205070210185,observed
2025-08,1756684799,23264565,0x47b55bb8fd65799fce83b256b69df810551eee311af846570fff1f183a183a1c,1756684799,0x4e68ccd3e89f51c3074ca5072bbac773960dfa36,WETH,USDT / WETH 3000,11305.568473820182,observed
2025-08,1756684799,23264565,0x47b55bb8fd65799fce83b256b69df810551eee311af846570fff1f183a183a1c,1756684799,0xc5af84701f98fa483ece78af83f11b6c38aca71d,WETH,USDT / WETH 10000,41.439230455992174,observed
2025-08,1756684799,23264565,0x47b55bb8fd65799fce83b256b69df810551eee311af846570fff1f183a183a1c,1756684799,0xd8dec118e1215f02e10db846dcbbfe27d477ac19,WETH,DAI / WETH 100,0.000922064231585955,observed
2025-08,1756684799,23264565,0x47b55bb8fd65799fce83b256b69df810551eee311af846570fff1f183a183a1c,1756684799,0x60594a405d53811d3bc4766596efd80fd545a270,WETH,DAI / WETH 500,155.35390007278784,observed
2025-08,1756684799,23264565,0x47b55bb8fd65799fce83b256b69df810551eee311af846570fff1f183a183a1c,1756684799,0xc2e9f25be6257c210d7adf0d4cd6e3e881ba25f8,WETH,DAI / WETH 3000,192.82556450719372,observed
2025-08,1756684799,23264565,0x47b55bb8fd65799fce83b256b69df810551eee311af846570fff1f183a183a1c,1756684799,0xa80964c5bbd1a0e95777094420555fead1a26c1e,WETH,DAI / WETH 10000,0.4403250565334261,observed
2025-08,1756684799,23264565,0x47b55bb8fd65799fce83b256b69df810551eee311af846570fff1f183a183a1c,1756684799,0x109830a1aaad605bbf02a9dfa7b0b92ec2fb7daa,WETH,wstETH / WETH 100,8410.026749644436,observed
2025-08,1756684799,23264565,0x47b55bb8fd65799fce83b256b69df810551eee311af846570fff1f183a183a1c,1756684799,0xd340b57aacdd10f96fc1cf10e15921936f41e29c,WETH,wstETH / WETH 500,1.6026676578091488,observed
2025-08,1756684799,23264565,0x47b55bb8fd65799fce83b256b69df810551eee311af846570fff1f183a183a1c,1756684799,0xc12af0c4aa39d3061c56cd3cb19f5e62deeaebde,WETH,wstETH / WETH 3000,0.48880531691974843,observed
2025-08,1756684799,23264565,0x47b55bb8fd65799fce83b256b69df810551eee311af846570fff1f183a183a1c,1756684799,0x202a6012894ae5c288ea824cbc8a9bfb26a49b93,WETH,weETH / WETH 100,3731.911661984291,observed
2025-08,1756684799,23264565,0x47b55bb8fd65799fce83b256b69df810551eee311af846570fff1f183a183a1c,1756684799,0x7a415b19932c0105c82fdb6b720bb01b0cc2cae3,WETH,weETH / WETH 500,2489.28004058409,observed
2025-08,1756684799,23264565,0x47b55bb8fd65799fce83b256b69df810551eee311af846570fff1f183a183a1c,1756684799,0x6f5c74e2170cfd6f5b7829f4742dc54cec42ea07,WETH,weETH / WETH 3000,500.01514031500324,observed
2025-08,1756684799,23264565,0x47b55bb8fd65799fce83b256b69df810551eee311af846570fff1f183a183a1c,1756684799,0x553e9c493678d8606d6a5ba284643db2110df823,WETH,rETH / WETH 100,34.96385295546875,observed
2025-08,1756684799,23264565,0x47b55bb8fd65799fce83b256b69df810551eee311af846570fff1f183a183a1c,1756684799,0xa4e0faa58465a2d369aa21b3e42d43374c6f9613,WETH,rETH / WETH 500,53.38920182693494,observed
2025-08,1756684799,23264565,0x47b55bb8fd65799fce83b256b69df810551eee311af846570fff1f183a183a1c,1756684799,0xf0e02cf61b31260fd5ae527d58be16312bda59b1,WETH,rETH / WETH 3000,7.0726772705552285,observed
2025-08,1756684799,23264565,0x47b55bb8fd65799fce83b256b69df810551eee311af846570fff1f183a183a1c,1756684799,0xa96a65c051bf88b4095ee1f2451c2a9d43f53ae2,native_ETH,Curve.fi ETH/aETH,28.204501774407486,observed
2025-08,1756684799,23264565,0x47b55bb8fd65799fce83b256b69df810551eee311af846570fff1f183a183a1c,1756684799,0xc5424b857f758e906013f3555dad202e4bdb4567,native_ETH,Curve.fi ETH/sETH,1.224899061279483,observed
2025-08,1756684799,23264565,0x47b55bb8fd65799fce83b256b69df810551eee311af846570fff1f183a183a1c,1756684799,0xdc24316b9ae028f1497c275eb9192a3ea0f67022,native_ETH,Curve.fi ETH/stETH,10812.884150049122,observed
2025-08,1756684799,23264565,0x47b55bb8fd65799fce83b256b69df810551eee311af846570fff1f183a183a1c,1756684799,0xf9440930043eb3997fc70e1339dbb11f341de7a8,native_ETH,Curve.fi ETH/rETH,97.55106007605046,observed
2025-08,1756684799,23264565,0x47b55bb8fd65799fce83b256b69df810551eee311af846570fff1f183a183a1c,1756684799,0x80466c64868e1ab14a1ddf27a676c3fcbe638fe5,WETH,Curve.fi USD-BTC-ETH,29.919799613979098,observed
2025-08,1756684799,23264565,0x47b55bb8fd65799fce83b256b69df810551eee311af846570fff1f183a183a1c,1756684799,0xa1f8a6807c402e4a15ef4eba36528a3fed24e577,native_ETH,Curve.fi ETH/frxETH,242.69650061246378,observed
2025-08,1756684799,23264565,0x47b55bb8fd65799fce83b256b69df810551eee311af846570fff1f183a183a1c,1756684799,0xbfab6fa95e0091ed66058ad493189d2cb29385e6,native_ETH,Curve.fi ETH/wBETH,0.48835106978720655,observed
2025-09,1759276799,23479243,0x0b6c2373db136669e187029cb13c2893a69d9e5d6bcc97044d38e83123cf5a76,1759276799,0xe0554a476a092703abdb3ef35c80e0d76d32939f,WETH,USDC / WETH 100,769.2677748129267,observed
2025-09,1759276799,23479243,0x0b6c2373db136669e187029cb13c2893a69d9e5d6bcc97044d38e83123cf5a76,1759276799,0x88e6a0c2ddd26feeb64f039a2c41296fcb3f5640,WETH,USDC / WETH 500,4294.070171170515,observed
2025-09,1759276799,23479243,0x0b6c2373db136669e187029cb13c2893a69d9e5d6bcc97044d38e83123cf5a76,1759276799,0x8ad599c3a0ff1de082011efddc58f1908eb6e6d8,WETH,USDC / WETH 3000,9592.783354459727,observed
2025-09,1759276799,23479243,0x0b6c2373db136669e187029cb13c2893a69d9e5d6bcc97044d38e83123cf5a76,1759276799,0x7bea39867e4169dbe237d55c8242a8f2fcdcc387,WETH,USDC / WETH 10000,108.74002152397583,observed
2025-09,1759276799,23479243,0x0b6c2373db136669e187029cb13c2893a69d9e5d6bcc97044d38e83123cf5a76,1759276799,0xc7bbec68d12a0d1830360f8ec58fa599ba1b0e9b,WETH,USDT / WETH 100,1242.4342440934895,observed
2025-09,1759276799,23479243,0x0b6c2373db136669e187029cb13c2893a69d9e5d6bcc97044d38e83123cf5a76,1759276799,0x11b815efb8f581194ae79006d24e0d814b7697f6,WETH,USDT / WETH 500,1273.2980698889746,observed
2025-09,1759276799,23479243,0x0b6c2373db136669e187029cb13c2893a69d9e5d6bcc97044d38e83123cf5a76,1759276799,0x4e68ccd3e89f51c3074ca5072bbac773960dfa36,WETH,USDT / WETH 3000,21465.065027221895,observed
2025-09,1759276799,23479243,0x0b6c2373db136669e187029cb13c2893a69d9e5d6bcc97044d38e83123cf5a76,1759276799,0xc5af84701f98fa483ece78af83f11b6c38aca71d,WETH,USDT / WETH 10000,42.273552322642026,observed
2025-09,1759276799,23479243,0x0b6c2373db136669e187029cb13c2893a69d9e5d6bcc97044d38e83123cf5a76,1759276799,0xd8dec118e1215f02e10db846dcbbfe27d477ac19,WETH,DAI / WETH 100,0.000935948660263587,observed
2025-09,1759276799,23479243,0x0b6c2373db136669e187029cb13c2893a69d9e5d6bcc97044d38e83123cf5a76,1759276799,0x60594a405d53811d3bc4766596efd80fd545a270,WETH,DAI / WETH 500,164.59899046338384,observed
2025-09,1759276799,23479243,0x0b6c2373db136669e187029cb13c2893a69d9e5d6bcc97044d38e83123cf5a76,1759276799,0xc2e9f25be6257c210d7adf0d4cd6e3e881ba25f8,WETH,DAI / WETH 3000,238.48874857863862,observed
2025-09,1759276799,23479243,0x0b6c2373db136669e187029cb13c2893a69d9e5d6bcc97044d38e83123cf5a76,1759276799,0xa80964c5bbd1a0e95777094420555fead1a26c1e,WETH,DAI / WETH 10000,0.456924295596205,observed
2025-09,1759276799,23479243,0x0b6c2373db136669e187029cb13c2893a69d9e5d6bcc97044d38e83123cf5a76,1759276799,0x109830a1aaad605bbf02a9dfa7b0b92ec2fb7daa,WETH,wstETH / WETH 100,5811.922800980831,observed
2025-09,1759276799,23479243,0x0b6c2373db136669e187029cb13c2893a69d9e5d6bcc97044d38e83123cf5a76,1759276799,0xd340b57aacdd10f96fc1cf10e15921936f41e29c,WETH,wstETH / WETH 500,1.5407276499520521,observed
2025-09,1759276799,23479243,0x0b6c2373db136669e187029cb13c2893a69d9e5d6bcc97044d38e83123cf5a76,1759276799,0xc12af0c4aa39d3061c56cd3cb19f5e62deeaebde,WETH,wstETH / WETH 3000,0.6450048219333279,observed
2025-09,1759276799,23479243,0x0b6c2373db136669e187029cb13c2893a69d9e5d6bcc97044d38e83123cf5a76,1759276799,0x202a6012894ae5c288ea824cbc8a9bfb26a49b93,WETH,weETH / WETH 100,7544.231547455836,observed
2025-09,1759276799,23479243,0x0b6c2373db136669e187029cb13c2893a69d9e5d6bcc97044d38e83123cf5a76,1759276799,0x7a415b19932c0105c82fdb6b720bb01b0cc2cae3,WETH,weETH / WETH 500,2688.0862833563156,observed
2025-09,1759276799,23479243,0x0b6c2373db136669e187029cb13c2893a69d9e5d6bcc97044d38e83123cf5a76,1759276799,0x6f5c74e2170cfd6f5b7829f4742dc54cec42ea07,WETH,weETH / WETH 3000,500.01577126789226,observed
2025-09,1759276799,23479243,0x0b6c2373db136669e187029cb13c2893a69d9e5d6bcc97044d38e83123cf5a76,1759276799,0x553e9c493678d8606d6a5ba284643db2110df823,WETH,rETH / WETH 100,31.881382150528758,observed
2025-09,1759276799,23479243,0x0b6c2373db136669e187029cb13c2893a69d9e5d6bcc97044d38e83123cf5a76,1759276799,0xa4e0faa58465a2d369aa21b3e42d43374c6f9613,WETH,rETH / WETH 500,59.7752348156662,observed
2025-09,1759276799,23479243,0x0b6c2373db136669e187029cb13c2893a69d9e5d6bcc97044d38e83123cf5a76,1759276799,0xf0e02cf61b31260fd5ae527d58be16312bda59b1,WETH,rETH / WETH 3000,7.078381496432819,observed
2025-09,1759276799,23479243,0x0b6c2373db136669e187029cb13c2893a69d9e5d6bcc97044d38e83123cf5a76,1759276799,0xa96a65c051bf88b4095ee1f2451c2a9d43f53ae2,native_ETH,Curve.fi ETH/aETH,26.299956846731025,observed
2025-09,1759276799,23479243,0x0b6c2373db136669e187029cb13c2893a69d9e5d6bcc97044d38e83123cf5a76,1759276799,0xc5424b857f758e906013f3555dad202e4bdb4567,native_ETH,Curve.fi ETH/sETH,1.2552331290124257,observed
2025-09,1759276799,23479243,0x0b6c2373db136669e187029cb13c2893a69d9e5d6bcc97044d38e83123cf5a76,1759276799,0xdc24316b9ae028f1497c275eb9192a3ea0f67022,native_ETH,Curve.fi ETH/stETH,22173.332189166787,observed
2025-09,1759276799,23479243,0x0b6c2373db136669e187029cb13c2893a69d9e5d6bcc97044d38e83123cf5a76,1759276799,0xf9440930043eb3997fc70e1339dbb11f341de7a8,native_ETH,Curve.fi ETH/rETH,97.64983385528258,observed
2025-09,1759276799,23479243,0x0b6c2373db136669e187029cb13c2893a69d9e5d6bcc97044d38e83123cf5a76,1759276799,0x80466c64868e1ab14a1ddf27a676c3fcbe638fe5,WETH,Curve.fi USD-BTC-ETH,31.495432154410484,observed
2025-09,1759276799,23479243,0x0b6c2373db136669e187029cb13c2893a69d9e5d6bcc97044d38e83123cf5a76,1759276799,0xa1f8a6807c402e4a15ef4eba36528a3fed24e577,native_ETH,Curve.fi ETH/frxETH,334.4676732400898,observed
2025-09,1759276799,23479243,0x0b6c2373db136669e187029cb13c2893a69d9e5d6bcc97044d38e83123cf5a76,1759276799,0xbfab6fa95e0091ed66058ad493189d2cb29385e6,native_ETH,Curve.fi ETH/wBETH,0.922573496310355,observed
2025-10,1761955199,23700766,0xefeee199dfc31122e070991916be8cdd04fd714a42ef57a590f8b38f53822e84,1761955199,0xe0554a476a092703abdb3ef35c80e0d76d32939f,WETH,USDC / WETH 100,1203.97740856723,observed
2025-10,1761955199,23700766,0xefeee199dfc31122e070991916be8cdd04fd714a42ef57a590f8b38f53822e84,1761955199,0x88e6a0c2ddd26feeb64f039a2c41296fcb3f5640,WETH,USDC / WETH 500,5131.663841485045,observed
2025-10,1761955199,23700766,0xefeee199dfc31122e070991916be8cdd04fd714a42ef57a590f8b38f53822e84,1761955199,0x8ad599c3a0ff1de082011efddc58f1908eb6e6d8,WETH,USDC / WETH 3000,13755.269767534606,observed
2025-10,1761955199,23700766,0xefeee199dfc31122e070991916be8cdd04fd714a42ef57a590f8b38f53822e84,1761955199,0x7bea39867e4169dbe237d55c8242a8f2fcdcc387,WETH,USDC / WETH 10000,118.03568931787896,observed
2025-10,1761955199,23700766,0xefeee199dfc31122e070991916be8cdd04fd714a42ef57a590f8b38f53822e84,1761955199,0xc7bbec68d12a0d1830360f8ec58fa599ba1b0e9b,WETH,USDT / WETH 100,2106.574328522145,observed
2025-10,1761955199,23700766,0xefeee199dfc31122e070991916be8cdd04fd714a42ef57a590f8b38f53822e84,1761955199,0x11b815efb8f581194ae79006d24e0d814b7697f6,WETH,USDT / WETH 500,1392.404345655974,observed
2025-10,1761955199,23700766,0xefeee199dfc31122e070991916be8cdd04fd714a42ef57a590f8b38f53822e84,1761955199,0x4e68ccd3e89f51c3074ca5072bbac773960dfa36,WETH,USDT / WETH 3000,34385.786348534246,observed
2025-10,1761955199,23700766,0xefeee199dfc31122e070991916be8cdd04fd714a42ef57a590f8b38f53822e84,1761955199,0xc5af84701f98fa483ece78af83f11b6c38aca71d,WETH,USDT / WETH 10000,57.74889435234621,observed
2025-10,1761955199,23700766,0xefeee199dfc31122e070991916be8cdd04fd714a42ef57a590f8b38f53822e84,1761955199,0xd8dec118e1215f02e10db846dcbbfe27d477ac19,WETH,DAI / WETH 100,0.000936307534609178,observed
2025-10,1761955199,23700766,0xefeee199dfc31122e070991916be8cdd04fd714a42ef57a590f8b38f53822e84,1761955199,0x60594a405d53811d3bc4766596efd80fd545a270,WETH,DAI / WETH 500,178.09238886926428,observed
2025-10,1761955199,23700766,0xefeee199dfc31122e070991916be8cdd04fd714a42ef57a590f8b38f53822e84,1761955199,0xc2e9f25be6257c210d7adf0d4cd6e3e881ba25f8,WETH,DAI / WETH 3000,258.2995169206245,observed
2025-10,1761955199,23700766,0xefeee199dfc31122e070991916be8cdd04fd714a42ef57a590f8b38f53822e84,1761955199,0xa80964c5bbd1a0e95777094420555fead1a26c1e,WETH,DAI / WETH 10000,0.48466701807892204,observed
2025-10,1761955199,23700766,0xefeee199dfc31122e070991916be8cdd04fd714a42ef57a590f8b38f53822e84,1761955199,0x109830a1aaad605bbf02a9dfa7b0b92ec2fb7daa,WETH,wstETH / WETH 100,1608.5223368715524,observed
2025-10,1761955199,23700766,0xefeee199dfc31122e070991916be8cdd04fd714a42ef57a590f8b38f53822e84,1761955199,0xd340b57aacdd10f96fc1cf10e15921936f41e29c,WETH,wstETH / WETH 500,1.541787853729701,observed
2025-10,1761955199,23700766,0xefeee199dfc31122e070991916be8cdd04fd714a42ef57a590f8b38f53822e84,1761955199,0xc12af0c4aa39d3061c56cd3cb19f5e62deeaebde,WETH,wstETH / WETH 3000,1.2672329614336555,observed
2025-10,1761955199,23700766,0xefeee199dfc31122e070991916be8cdd04fd714a42ef57a590f8b38f53822e84,1761955199,0x202a6012894ae5c288ea824cbc8a9bfb26a49b93,WETH,weETH / WETH 100,7407.224173723113,observed
2025-10,1761955199,23700766,0xefeee199dfc31122e070991916be8cdd04fd714a42ef57a590f8b38f53822e84,1761955199,0x7a415b19932c0105c82fdb6b720bb01b0cc2cae3,WETH,weETH / WETH 500,2707.294006263269,observed
2025-10,1761955199,23700766,0xefeee199dfc31122e070991916be8cdd04fd714a42ef57a590f8b38f53822e84,1761955199,0x6f5c74e2170cfd6f5b7829f4742dc54cec42ea07,WETH,weETH / WETH 3000,500.0163222306645,observed
2025-10,1761955199,23700766,0xefeee199dfc31122e070991916be8cdd04fd714a42ef57a590f8b38f53822e84,1761955199,0x553e9c493678d8606d6a5ba284643db2110df823,WETH,rETH / WETH 100,180.35161573211772,observed
2025-10,1761955199,23700766,0xefeee199dfc31122e070991916be8cdd04fd714a42ef57a590f8b38f53822e84,1761955199,0xa4e0faa58465a2d369aa21b3e42d43374c6f9613,WETH,rETH / WETH 500,73.20450315027219,observed
2025-10,1761955199,23700766,0xefeee199dfc31122e070991916be8cdd04fd714a42ef57a590f8b38f53822e84,1761955199,0xf0e02cf61b31260fd5ae527d58be16312bda59b1,WETH,rETH / WETH 3000,7.0917095834979405,observed
2025-10,1761955199,23700766,0xefeee199dfc31122e070991916be8cdd04fd714a42ef57a590f8b38f53822e84,1761955199,0xa96a65c051bf88b4095ee1f2451c2a9d43f53ae2,native_ETH,Curve.fi ETH/aETH,27.588608588025544,observed
2025-10,1761955199,23700766,0xefeee199dfc31122e070991916be8cdd04fd714a42ef57a590f8b38f53822e84,1761955199,0xc5424b857f758e906013f3555dad202e4bdb4567,native_ETH,Curve.fi ETH/sETH,1.257191197605309,observed
2025-10,1761955199,23700766,0xefeee199dfc31122e070991916be8cdd04fd714a42ef57a590f8b38f53822e84,1761955199,0xdc24316b9ae028f1497c275eb9192a3ea0f67022,native_ETH,Curve.fi ETH/stETH,21171.808441469417,observed
2025-10,1761955199,23700766,0xefeee199dfc31122e070991916be8cdd04fd714a42ef57a590f8b38f53822e84,1761955199,0xf9440930043eb3997fc70e1339dbb11f341de7a8,native_ETH,Curve.fi ETH/rETH,95.11968294204611,observed
2025-10,1761955199,23700766,0xefeee199dfc31122e070991916be8cdd04fd714a42ef57a590f8b38f53822e84,1761955199,0x80466c64868e1ab14a1ddf27a676c3fcbe638fe5,WETH,Curve.fi USD-BTC-ETH,34.023317025378,observed
2025-10,1761955199,23700766,0xefeee199dfc31122e070991916be8cdd04fd714a42ef57a590f8b38f53822e84,1761955199,0xa1f8a6807c402e4a15ef4eba36528a3fed24e577,native_ETH,Curve.fi ETH/frxETH,178.5329216593117,observed
2025-10,1761955199,23700766,0xefeee199dfc31122e070991916be8cdd04fd714a42ef57a590f8b38f53822e84,1761955199,0xbfab6fa95e0091ed66058ad493189d2cb29385e6,native_ETH,Curve.fi ETH/wBETH,1.0427920400682509,observed
2025-11,1764547199,23914920,0xaf13a41f749ec6a671ac819f78f3b9057e2b3efe6a9265ae674a1c32623d6350,1764547199,0xe0554a476a092703abdb3ef35c80e0d76d32939f,WETH,USDC / WETH 100,860.500884255046,observed
2025-11,1764547199,23914920,0xaf13a41f749ec6a671ac819f78f3b9057e2b3efe6a9265ae674a1c32623d6350,1764547199,0x88e6a0c2ddd26feeb64f039a2c41296fcb3f5640,WETH,USDC / WETH 500,5836.16345611375,observed
2025-11,1764547199,23914920,0xaf13a41f749ec6a671ac819f78f3b9057e2b3efe6a9265ae674a1c32623d6350,1764547199,0x8ad599c3a0ff1de082011efddc58f1908eb6e6d8,WETH,USDC / WETH 3000,6258.5344228687945,observed
2025-11,1764547199,23914920,0xaf13a41f749ec6a671ac819f78f3b9057e2b3efe6a9265ae674a1c32623d6350,1764547199,0x7bea39867e4169dbe237d55c8242a8f2fcdcc387,WETH,USDC / WETH 10000,146.21201125565264,observed
2025-11,1764547199,23914920,0xaf13a41f749ec6a671ac819f78f3b9057e2b3efe6a9265ae674a1c32623d6350,1764547199,0xc7bbec68d12a0d1830360f8ec58fa599ba1b0e9b,WETH,USDT / WETH 100,1673.1403752837753,observed
2025-11,1764547199,23914920,0xaf13a41f749ec6a671ac819f78f3b9057e2b3efe6a9265ae674a1c32623d6350,1764547199,0x11b815efb8f581194ae79006d24e0d814b7697f6,WETH,USDT / WETH 500,2512.9182544140685,observed
2025-11,1764547199,23914920,0xaf13a41f749ec6a671ac819f78f3b9057e2b3efe6a9265ae674a1c32623d6350,1764547199,0x4e68ccd3e89f51c3074ca5072bbac773960dfa36,WETH,USDT / WETH 3000,16300.532834469153,observed
2025-11,1764547199,23914920,0xaf13a41f749ec6a671ac819f78f3b9057e2b3efe6a9265ae674a1c32623d6350,1764547199,0xc5af84701f98fa483ece78af83f11b6c38aca71d,WETH,USDT / WETH 10000,130.01516609183238,observed
2025-11,1764547199,23914920,0xaf13a41f749ec6a671ac819f78f3b9057e2b3efe6a9265ae674a1c32623d6350,1764547199,0xd8dec118e1215f02e10db846dcbbfe27d477ac19,WETH,DAI / WETH 100,0.000936406455971586,observed
2025-11,1764547199,23914920,0xaf13a41f749ec6a671ac819f78f3b9057e2b3efe6a9265ae674a1c32623d6350,1764547199,0x60594a405d53811d3bc4766596efd80fd545a270,WETH,DAI / WETH 500,246.3084108832559,observed
2025-11,1764547199,23914920,0xaf13a41f749ec6a671ac819f78f3b9057e2b3efe6a9265ae674a1c32623d6350,1764547199,0xc2e9f25be6257c210d7adf0d4cd6e3e881ba25f8,WETH,DAI / WETH 3000,431.40763455599586,observed
2025-11,1764547199,23914920,0xaf13a41f749ec6a671ac819f78f3b9057e2b3efe6a9265ae674a1c32623d6350,1764547199,0xa80964c5bbd1a0e95777094420555fead1a26c1e,WETH,DAI / WETH 10000,1.1444201029896535,observed
2025-11,1764547199,23914920,0xaf13a41f749ec6a671ac819f78f3b9057e2b3efe6a9265ae674a1c32623d6350,1764547199,0x109830a1aaad605bbf02a9dfa7b0b92ec2fb7daa,WETH,wstETH / WETH 100,1843.5608185240187,observed
2025-11,1764547199,23914920,0xaf13a41f749ec6a671ac819f78f3b9057e2b3efe6a9265ae674a1c32623d6350,1764547199,0xd340b57aacdd10f96fc1cf10e15921936f41e29c,WETH,wstETH / WETH 500,1.5424355970878794,observed
2025-11,1764547199,23914920,0xaf13a41f749ec6a671ac819f78f3b9057e2b3efe6a9265ae674a1c32623d6350,1764547199,0xc12af0c4aa39d3061c56cd3cb19f5e62deeaebde,WETH,wstETH / WETH 3000,0.006754896524045217,observed
2025-11,1764547199,23914920,0xaf13a41f749ec6a671ac819f78f3b9057e2b3efe6a9265ae674a1c32623d6350,1764547199,0x202a6012894ae5c288ea824cbc8a9bfb26a49b93,WETH,weETH / WETH 100,7410.369076064191,observed
2025-11,1764547199,23914920,0xaf13a41f749ec6a671ac819f78f3b9057e2b3efe6a9265ae674a1c32623d6350,1764547199,0x7a415b19932c0105c82fdb6b720bb01b0cc2cae3,WETH,weETH / WETH 500,2707.9701634382664,observed
2025-11,1764547199,23914920,0xaf13a41f749ec6a671ac819f78f3b9057e2b3efe6a9265ae674a1c32623d6350,1764547199,0x6f5c74e2170cfd6f5b7829f4742dc54cec42ea07,WETH,weETH / WETH 3000,500.005234210227,observed
2025-11,1764547199,23914920,0xaf13a41f749ec6a671ac819f78f3b9057e2b3efe6a9265ae674a1c32623d6350,1764547199,0x553e9c493678d8606d6a5ba284643db2110df823,WETH,rETH / WETH 100,175.2759704027475,observed
2025-11,1764547199,23914920,0xaf13a41f749ec6a671ac819f78f3b9057e2b3efe6a9265ae674a1c32623d6350,1764547199,0xa4e0faa58465a2d369aa21b3e42d43374c6f9613,WETH,rETH / WETH 500,59.75953625348839,observed
2025-11,1764547199,23914920,0xaf13a41f749ec6a671ac819f78f3b9057e2b3efe6a9265ae674a1c32623d6350,1764547199,0xf0e02cf61b31260fd5ae527d58be16312bda59b1,WETH,rETH / WETH 3000,7.093115101784687,observed
2025-11,1764547199,23914920,0xaf13a41f749ec6a671ac819f78f3b9057e2b3efe6a9265ae674a1c32623d6350,1764547199,0xa96a65c051bf88b4095ee1f2451c2a9d43f53ae2,native_ETH,Curve.fi ETH/aETH,27.066085481725093,observed
2025-11,1764547199,23914920,0xaf13a41f749ec6a671ac819f78f3b9057e2b3efe6a9265ae674a1c32623d6350,1764547199,0xc5424b857f758e906013f3555dad202e4bdb4567,native_ETH,Curve.fi ETH/sETH,1.150441686772462,observed
2025-11,1764547199,23914920,0xaf13a41f749ec6a671ac819f78f3b9057e2b3efe6a9265ae674a1c32623d6350,1764547199,0xdc24316b9ae028f1497c275eb9192a3ea0f67022,native_ETH,Curve.fi ETH/stETH,18762.956933409147,observed
2025-11,1764547199,23914920,0xaf13a41f749ec6a671ac819f78f3b9057e2b3efe6a9265ae674a1c32623d6350,1764547199,0xf9440930043eb3997fc70e1339dbb11f341de7a8,native_ETH,Curve.fi ETH/rETH,71.83322527940503,observed
2025-11,1764547199,23914920,0xaf13a41f749ec6a671ac819f78f3b9057e2b3efe6a9265ae674a1c32623d6350,1764547199,0x80466c64868e1ab14a1ddf27a676c3fcbe638fe5,WETH,Curve.fi USD-BTC-ETH,37.526198703761764,observed
2025-11,1764547199,23914920,0xaf13a41f749ec6a671ac819f78f3b9057e2b3efe6a9265ae674a1c32623d6350,1764547199,0xa1f8a6807c402e4a15ef4eba36528a3fed24e577,native_ETH,Curve.fi ETH/frxETH,154.7337697227858,observed
2025-11,1764547199,23914920,0xaf13a41f749ec6a671ac819f78f3b9057e2b3efe6a9265ae674a1c32623d6350,1764547199,0xbfab6fa95e0091ed66058ad493189d2cb29385e6,native_ETH,Curve.fi ETH/wBETH,0.8768769121257892,observed
2025-12,1767225599,24136052,0xa08a367ae7bf2f0d018a5001dcf3084e36aa7ce78957ca3b6a4eedc8e59a2474,1767225599,0xe0554a476a092703abdb3ef35c80e0d76d32939f,WETH,USDC / WETH 100,840.1792155289879,observed
2025-12,1767225599,24136052,0xa08a367ae7bf2f0d018a5001dcf3084e36aa7ce78957ca3b6a4eedc8e59a2474,1767225599,0x88e6a0c2ddd26feeb64f039a2c41296fcb3f5640,WETH,USDC / WETH 500,6261.41667207446,observed
2025-12,1767225599,24136052,0xa08a367ae7bf2f0d018a5001dcf3084e36aa7ce78957ca3b6a4eedc8e59a2474,1767225599,0x8ad599c3a0ff1de082011efddc58f1908eb6e6d8,WETH,USDC / WETH 3000,5715.134140239607,observed
2025-12,1767225599,24136052,0xa08a367ae7bf2f0d018a5001dcf3084e36aa7ce78957ca3b6a4eedc8e59a2474,1767225599,0x7bea39867e4169dbe237d55c8242a8f2fcdcc387,WETH,USDC / WETH 10000,148.50637057982843,observed
2025-12,1767225599,24136052,0xa08a367ae7bf2f0d018a5001dcf3084e36aa7ce78957ca3b6a4eedc8e59a2474,1767225599,0xc7bbec68d12a0d1830360f8ec58fa599ba1b0e9b,WETH,USDT / WETH 100,1789.977735437457,observed
2025-12,1767225599,24136052,0xa08a367ae7bf2f0d018a5001dcf3084e36aa7ce78957ca3b6a4eedc8e59a2474,1767225599,0x11b815efb8f581194ae79006d24e0d814b7697f6,WETH,USDT / WETH 500,2207.889152235439,observed
2025-12,1767225599,24136052,0xa08a367ae7bf2f0d018a5001dcf3084e36aa7ce78957ca3b6a4eedc8e59a2474,1767225599,0x4e68ccd3e89f51c3074ca5072bbac773960dfa36,WETH,USDT / WETH 3000,23665.288944014468,observed
2025-12,1767225599,24136052,0xa08a367ae7bf2f0d018a5001dcf3084e36aa7ce78957ca3b6a4eedc8e59a2474,1767225599,0xc5af84701f98fa483ece78af83f11b6c38aca71d,WETH,USDT / WETH 10000,135.80962169991219,observed
2025-12,1767225599,24136052,0xa08a367ae7bf2f0d018a5001dcf3084e36aa7ce78957ca3b6a4eedc8e59a2474,1767225599,0xd8dec118e1215f02e10db846dcbbfe27d477ac19,WETH,DAI / WETH 100,0.000936408315289576,observed
2025-12,1767225599,24136052,0xa08a367ae7bf2f0d018a5001dcf3084e36aa7ce78957ca3b6a4eedc8e59a2474,1767225599,0x60594a405d53811d3bc4766596efd80fd545a270,WETH,DAI / WETH 500,250.19531889897175,observed
2025-12,1767225599,24136052,0xa08a367ae7bf2f0d018a5001dcf3084e36aa7ce78957ca3b6a4eedc8e59a2474,1767225599,0xc2e9f25be6257c210d7adf0d4cd6e3e881ba25f8,WETH,DAI / WETH 3000,437.9006356337553,observed
2025-12,1767225599,24136052,0xa08a367ae7bf2f0d018a5001dcf3084e36aa7ce78957ca3b6a4eedc8e59a2474,1767225599,0xa80964c5bbd1a0e95777094420555fead1a26c1e,WETH,DAI / WETH 10000,2.0010663740166277,observed
2025-12,1767225599,24136052,0xa08a367ae7bf2f0d018a5001dcf3084e36aa7ce78957ca3b6a4eedc8e59a2474,1767225599,0x109830a1aaad605bbf02a9dfa7b0b92ec2fb7daa,WETH,wstETH / WETH 100,2574.2267700514462,observed
2025-12,1767225599,24136052,0xa08a367ae7bf2f0d018a5001dcf3084e36aa7ce78957ca3b6a4eedc8e59a2474,1767225599,0xd340b57aacdd10f96fc1cf10e15921936f41e29c,WETH,wstETH / WETH 500,1.542899855999825,observed
2025-12,1767225599,24136052,0xa08a367ae7bf2f0d018a5001dcf3084e36aa7ce78957ca3b6a4eedc8e59a2474,1767225599,0xc12af0c4aa39d3061c56cd3cb19f5e62deeaebde,WETH,wstETH / WETH 3000,0.006772509089475221,observed
2025-12,1767225599,24136052,0xa08a367ae7bf2f0d018a5001dcf3084e36aa7ce78957ca3b6a4eedc8e59a2474,1767225599,0x202a6012894ae5c288ea824cbc8a9bfb26a49b93,WETH,weETH / WETH 100,3102.3924135993584,observed
2025-12,1767225599,24136052,0xa08a367ae7bf2f0d018a5001dcf3084e36aa7ce78957ca3b6a4eedc8e59a2474,1767225599,0x7a415b19932c0105c82fdb6b720bb01b0cc2cae3,WETH,weETH / WETH 500,6542.919986935801,observed
2025-12,1767225599,24136052,0xa08a367ae7bf2f0d018a5001dcf3084e36aa7ce78957ca3b6a4eedc8e59a2474,1767225599,0x6f5c74e2170cfd6f5b7829f4742dc54cec42ea07,WETH,weETH / WETH 3000,500.005234410227,observed
2025-12,1767225599,24136052,0xa08a367ae7bf2f0d018a5001dcf3084e36aa7ce78957ca3b6a4eedc8e59a2474,1767225599,0x553e9c493678d8606d6a5ba284643db2110df823,WETH,rETH / WETH 100,580.8657886913007,observed
2025-12,1767225599,24136052,0xa08a367ae7bf2f0d018a5001dcf3084e36aa7ce78957ca3b6a4eedc8e59a2474,1767225599,0xa4e0faa58465a2d369aa21b3e42d43374c6f9613,WETH,rETH / WETH 500,67.75193635932838,observed
2025-12,1767225599,24136052,0xa08a367ae7bf2f0d018a5001dcf3084e36aa7ce78957ca3b6a4eedc8e59a2474,1767225599,0xf0e02cf61b31260fd5ae527d58be16312bda59b1,WETH,rETH / WETH 3000,7.117755144808972,observed
2025-12,1767225599,24136052,0xa08a367ae7bf2f0d018a5001dcf3084e36aa7ce78957ca3b6a4eedc8e59a2474,1767225599,0xa96a65c051bf88b4095ee1f2451c2a9d43f53ae2,native_ETH,Curve.fi ETH/aETH,27.70155291014285,observed
2025-12,1767225599,24136052,0xa08a367ae7bf2f0d018a5001dcf3084e36aa7ce78957ca3b6a4eedc8e59a2474,1767225599,0xc5424b857f758e906013f3555dad202e4bdb4567,native_ETH,Curve.fi ETH/sETH,1.1588560104772692,observed
2025-12,1767225599,24136052,0xa08a367ae7bf2f0d018a5001dcf3084e36aa7ce78957ca3b6a4eedc8e59a2474,1767225599,0xdc24316b9ae028f1497c275eb9192a3ea0f67022,native_ETH,Curve.fi ETH/stETH,21325.256914008016,observed
2025-12,1767225599,24136052,0xa08a367ae7bf2f0d018a5001dcf3084e36aa7ce78957ca3b6a4eedc8e59a2474,1767225599,0xf9440930043eb3997fc70e1339dbb11f341de7a8,native_ETH,Curve.fi ETH/rETH,71.88925854668966,observed
2025-12,1767225599,24136052,0xa08a367ae7bf2f0d018a5001dcf3084e36aa7ce78957ca3b6a4eedc8e59a2474,1767225599,0x80466c64868e1ab14a1ddf27a676c3fcbe638fe5,WETH,Curve.fi USD-BTC-ETH,36.51788660373567,observed
2025-12,1767225599,24136052,0xa08a367ae7bf2f0d018a5001dcf3084e36aa7ce78957ca3b6a4eedc8e59a2474,1767225599,0xa1f8a6807c402e4a15ef4eba36528a3fed24e577,native_ETH,Curve.fi ETH/frxETH,344.56637120343754,observed
2025-12,1767225599,24136052,0xa08a367ae7bf2f0d018a5001dcf3084e36aa7ce78957ca3b6a4eedc8e59a2474,1767225599,0xbfab6fa95e0091ed66058ad493189d2cb29385e6,native_ETH,Curve.fi ETH/wBETH,1.6209586238668838,observed
2026-01,1769903999,24358292,0xbbc3b78765e7ea75b2e4e5ccf5dcf130cc03d28786403394e5ce1ee684bdeae1,1769903999,0xe0554a476a092703abdb3ef35c80e0d76d32939f,WETH,USDC / WETH 100,1050.3938862743526,observed
2026-01,1769903999,24358292,0xbbc3b78765e7ea75b2e4e5ccf5dcf130cc03d28786403394e5ce1ee684bdeae1,1769903999,0x88e6a0c2ddd26feeb64f039a2c41296fcb3f5640,WETH,USDC / WETH 500,8188.076982855135,observed
2026-01,1769903999,24358292,0xbbc3b78765e7ea75b2e4e5ccf5dcf130cc03d28786403394e5ce1ee684bdeae1,1769903999,0x8ad599c3a0ff1de082011efddc58f1908eb6e6d8,WETH,USDC / WETH 3000,11247.154314528165,observed
2026-01,1769903999,24358292,0xbbc3b78765e7ea75b2e4e5ccf5dcf130cc03d28786403394e5ce1ee684bdeae1,1769903999,0x7bea39867e4169dbe237d55c8242a8f2fcdcc387,WETH,USDC / WETH 10000,176.42357350224975,observed
2026-01,1769903999,24358292,0xbbc3b78765e7ea75b2e4e5ccf5dcf130cc03d28786403394e5ce1ee684bdeae1,1769903999,0xc7bbec68d12a0d1830360f8ec58fa599ba1b0e9b,WETH,USDT / WETH 100,3291.91896465037,observed
2026-01,1769903999,24358292,0xbbc3b78765e7ea75b2e4e5ccf5dcf130cc03d28786403394e5ce1ee684bdeae1,1769903999,0x11b815efb8f581194ae79006d24e0d814b7697f6,WETH,USDT / WETH 500,2815.727124645189,observed
2026-01,1769903999,24358292,0xbbc3b78765e7ea75b2e4e5ccf5dcf130cc03d28786403394e5ce1ee684bdeae1,1769903999,0x4e68ccd3e89f51c3074ca5072bbac773960dfa36,WETH,USDT / WETH 3000,30370.061532837597,observed
2026-01,1769903999,24358292,0xbbc3b78765e7ea75b2e4e5ccf5dcf130cc03d28786403394e5ce1ee684bdeae1,1769903999,0xc5af84701f98fa483ece78af83f11b6c38aca71d,WETH,USDT / WETH 10000,137.74510571732006,observed
2026-01,1769903999,24358292,0xbbc3b78765e7ea75b2e4e5ccf5dcf130cc03d28786403394e5ce1ee684bdeae1,1769903999,0xd8dec118e1215f02e10db846dcbbfe27d477ac19,WETH,DAI / WETH 100,0.000936426890850074,observed
2026-01,1769903999,24358292,0xbbc3b78765e7ea75b2e4e5ccf5dcf130cc03d28786403394e5ce1ee684bdeae1,1769903999,0x60594a405d53811d3bc4766596efd80fd545a270,WETH,DAI / WETH 500,318.6407229655495,observed
2026-01,1769903999,24358292,0xbbc3b78765e7ea75b2e4e5ccf5dcf130cc03d28786403394e5ce1ee684bdeae1,1769903999,0xc2e9f25be6257c210d7adf0d4cd6e3e881ba25f8,WETH,DAI / WETH 3000,575.0114656091517,observed
2026-01,1769903999,24358292,0xbbc3b78765e7ea75b2e4e5ccf5dcf130cc03d28786403394e5ce1ee684bdeae1,1769903999,0xa80964c5bbd1a0e95777094420555fead1a26c1e,WETH,DAI / WETH 10000,1.079847088707433,observed
2026-01,1769903999,24358292,0xbbc3b78765e7ea75b2e4e5ccf5dcf130cc03d28786403394e5ce1ee684bdeae1,1769903999,0x109830a1aaad605bbf02a9dfa7b0b92ec2fb7daa,WETH,wstETH / WETH 100,993.3313847535566,observed
2026-01,1769903999,24358292,0xbbc3b78765e7ea75b2e4e5ccf5dcf130cc03d28786403394e5ce1ee684bdeae1,1769903999,0xd340b57aacdd10f96fc1cf10e15921936f41e29c,WETH,wstETH / WETH 500,1.543336545087754,observed
2026-01,1769903999,24358292,0xbbc3b78765e7ea75b2e4e5ccf5dcf130cc03d28786403394e5ce1ee684bdeae1,1769903999,0xc12af0c4aa39d3061c56cd3cb19f5e62deeaebde,WETH,wstETH / WETH 3000,0.006772509089475222,observed
2026-01,1769903999,24358292,0xbbc3b78765e7ea75b2e4e5ccf5dcf130cc03d28786403394e5ce1ee684bdeae1,1769903999,0x202a6012894ae5c288ea824cbc8a9bfb26a49b93,WETH,weETH / WETH 100,737.0040285525426,observed
2026-01,1769903999,24358292,0xbbc3b78765e7ea75b2e4e5ccf5dcf130cc03d28786403394e5ce1ee684bdeae1,1769903999,0x7a415b19932c0105c82fdb6b720bb01b0cc2cae3,WETH,weETH / WETH 500,2747.1930937384077,observed
2026-01,1769903999,24358292,0xbbc3b78765e7ea75b2e4e5ccf5dcf130cc03d28786403394e5ce1ee684bdeae1,1769903999,0x6f5c74e2170cfd6f5b7829f4742dc54cec42ea07,WETH,weETH / WETH 3000,500.0052349720245,observed
2026-01,1769903999,24358292,0xbbc3b78765e7ea75b2e4e5ccf5dcf130cc03d28786403394e5ce1ee684bdeae1,1769903999,0x553e9c493678d8606d6a5ba284643db2110df823,WETH,rETH / WETH 100,387.68701517969293,observed
2026-01,1769903999,24358292,0xbbc3b78765e7ea75b2e4e5ccf5dcf130cc03d28786403394e5ce1ee684bdeae1,1769903999,0xa4e0faa58465a2d369aa21b3e42d43374c6f9613,WETH,rETH / WETH 500,67.85218754793674,observed
2026-01,1769903999,24358292,0xbbc3b78765e7ea75b2e4e5ccf5dcf130cc03d28786403394e5ce1ee684bdeae1,1769903999,0xf0e02cf61b31260fd5ae527d58be16312bda59b1,WETH,rETH / WETH 3000,7.117090844388526,observed
2026-01,1769903999,24358292,0xbbc3b78765e7ea75b2e4e5ccf5dcf130cc03d28786403394e5ce1ee684bdeae1,1769903999,0xa96a65c051bf88b4095ee1f2451c2a9d43f53ae2,native_ETH,Curve.fi ETH/aETH,26.01271815061438,observed
2026-01,1769903999,24358292,0xbbc3b78765e7ea75b2e4e5ccf5dcf130cc03d28786403394e5ce1ee684bdeae1,1769903999,0xc5424b857f758e906013f3555dad202e4bdb4567,native_ETH,Curve.fi ETH/sETH,1.1336163762799443,observed
2026-01,1769903999,24358292,0xbbc3b78765e7ea75b2e4e5ccf5dcf130cc03d28786403394e5ce1ee684bdeae1,1769903999,0xdc24316b9ae028f1497c275eb9192a3ea0f67022,native_ETH,Curve.fi ETH/stETH,17998.468728967033,observed
2026-01,1769903999,24358292,0xbbc3b78765e7ea75b2e4e5ccf5dcf130cc03d28786403394e5ce1ee684bdeae1,1769903999,0xf9440930043eb3997fc70e1339dbb11f341de7a8,native_ETH,Curve.fi ETH/rETH,72.18526974898238,observed
2026-01,1769903999,24358292,0xbbc3b78765e7ea75b2e4e5ccf5dcf130cc03d28786403394e5ce1ee684bdeae1,1769903999,0x80466c64868e1ab14a1ddf27a676c3fcbe638fe5,WETH,Curve.fi USD-BTC-ETH,40.46709226681444,observed
2026-01,1769903999,24358292,0xbbc3b78765e7ea75b2e4e5ccf5dcf130cc03d28786403394e5ce1ee684bdeae1,1769903999,0xa1f8a6807c402e4a15ef4eba36528a3fed24e577,native_ETH,Curve.fi ETH/frxETH,520.7051851610759,observed
2026-01,1769903999,24358292,0xbbc3b78765e7ea75b2e4e5ccf5dcf130cc03d28786403394e5ce1ee684bdeae1,1769903999,0xbfab6fa95e0091ed66058ad493189d2cb29385e6,native_ETH,Curve.fi ETH/wBETH,1.8826117485003677,observed
2026-02,1772323199,24558867,0xc63e7c601183455f7f489397331ba13ab131538366c75ff892ae5d413d57ad38,1772323199,0xe0554a476a092703abdb3ef35c80e0d76d32939f,WETH,USDC / WETH 100,1032.5993413075075,observed
2026-02,1772323199,24558867,0xc63e7c601183455f7f489397331ba13ab131538366c75ff892ae5d413d57ad38,1772323199,0x88e6a0c2ddd26feeb64f039a2c41296fcb3f5640,WETH,USDC / WETH 500,26657.84525043231,observed
2026-02,1772323199,24558867,0xc63e7c601183455f7f489397331ba13ab131538366c75ff892ae5d413d57ad38,1772323199,0x8ad599c3a0ff1de082011efddc58f1908eb6e6d8,WETH,USDC / WETH 3000,7362.281270225897,observed
2026-02,1772323199,24558867,0xc63e7c601183455f7f489397331ba13ab131538366c75ff892ae5d413d57ad38,1772323199,0x7bea39867e4169dbe237d55c8242a8f2fcdcc387,WETH,USDC / WETH 10000,215.50450219623227,observed
2026-02,1772323199,24558867,0xc63e7c601183455f7f489397331ba13ab131538366c75ff892ae5d413d57ad38,1772323199,0xc7bbec68d12a0d1830360f8ec58fa599ba1b0e9b,WETH,USDT / WETH 100,2771.078209928553,observed
2026-02,1772323199,24558867,0xc63e7c601183455f7f489397331ba13ab131538366c75ff892ae5d413d57ad38,1772323199,0x11b815efb8f581194ae79006d24e0d814b7697f6,WETH,USDT / WETH 500,2531.637063448431,observed
2026-02,1772323199,24558867,0xc63e7c601183455f7f489397331ba13ab131538366c75ff892ae5d413d57ad38,1772323199,0x4e68ccd3e89f51c3074ca5072bbac773960dfa36,WETH,USDT / WETH 3000,20373.74772184439,observed
2026-02,1772323199,24558867,0xc63e7c601183455f7f489397331ba13ab131538366c75ff892ae5d413d57ad38,1772323199,0xc5af84701f98fa483ece78af83f11b6c38aca71d,WETH,USDT / WETH 10000,111.81328654687606,observed
2026-02,1772323199,24558867,0xc63e7c601183455f7f489397331ba13ab131538366c75ff892ae5d413d57ad38,1772323199,0xd8dec118e1215f02e10db846dcbbfe27d477ac19,WETH,DAI / WETH 100,0.000936495655080158,observed
2026-02,1772323199,24558867,0xc63e7c601183455f7f489397331ba13ab131538366c75ff892ae5d413d57ad38,1772323199,0x60594a405d53811d3bc4766596efd80fd545a270,WETH,DAI / WETH 500,291.8155248425978,observed
2026-02,1772323199,24558867,0xc63e7c601183455f7f489397331ba13ab131538366c75ff892ae5d413d57ad38,1772323199,0xc2e9f25be6257c210d7adf0d4cd6e3e881ba25f8,WETH,DAI / WETH 3000,932.3798427440643,observed
2026-02,1772323199,24558867,0xc63e7c601183455f7f489397331ba13ab131538366c75ff892ae5d413d57ad38,1772323199,0xa80964c5bbd1a0e95777094420555fead1a26c1e,WETH,DAI / WETH 10000,1.12460383846941,observed
2026-02,1772323199,24558867,0xc63e7c601183455f7f489397331ba13ab131538366c75ff892ae5d413d57ad38,1772323199,0x109830a1aaad605bbf02a9dfa7b0b92ec2fb7daa,WETH,wstETH / WETH 100,3381.395688158015,observed
2026-02,1772323199,24558867,0xc63e7c601183455f7f489397331ba13ab131538366c75ff892ae5d413d57ad38,1772323199,0xd340b57aacdd10f96fc1cf10e15921936f41e29c,WETH,wstETH / WETH 500,1.5436422244496186,observed
2026-02,1772323199,24558867,0xc63e7c601183455f7f489397331ba13ab131538366c75ff892ae5d413d57ad38,1772323199,0xc12af0c4aa39d3061c56cd3cb19f5e62deeaebde,WETH,wstETH / WETH 3000,0.006772509089475222,observed
2026-02,1772323199,24558867,0xc63e7c601183455f7f489397331ba13ab131538366c75ff892ae5d413d57ad38,1772323199,0x202a6012894ae5c288ea824cbc8a9bfb26a49b93,WETH,weETH / WETH 100,839.7288486946908,observed
2026-02,1772323199,24558867,0xc63e7c601183455f7f489397331ba13ab131538366c75ff892ae5d413d57ad38,1772323199,0x7a415b19932c0105c82fdb6b720bb01b0cc2cae3,WETH,weETH / WETH 500,3279.0597229602167,observed
2026-02,1772323199,24558867,0xc63e7c601183455f7f489397331ba13ab131538366c75ff892ae5d413d57ad38,1772323199,0x6f5c74e2170cfd6f5b7829f4742dc54cec42ea07,WETH,weETH / WETH 3000,500.00551097055296,observed
2026-02,1772323199,24558867,0xc63e7c601183455f7f489397331ba13ab131538366c75ff892ae5d413d57ad38,1772323199,0x553e9c493678d8606d6a5ba284643db2110df823,WETH,rETH / WETH 100,348.6917860489411,observed
2026-02,1772323199,24558867,0xc63e7c601183455f7f489397331ba13ab131538366c75ff892ae5d413d57ad38,1772323199,0xa4e0faa58465a2d369aa21b3e42d43374c6f9613,WETH,rETH / WETH 500,66.05515001421196,observed
2026-02,1772323199,24558867,0xc63e7c601183455f7f489397331ba13ab131538366c75ff892ae5d413d57ad38,1772323199,0xf0e02cf61b31260fd5ae527d58be16312bda59b1,WETH,rETH / WETH 3000,7.123314034234991,observed
2026-02,1772323199,24558867,0xc63e7c601183455f7f489397331ba13ab131538366c75ff892ae5d413d57ad38,1772323199,0xa96a65c051bf88b4095ee1f2451c2a9d43f53ae2,native_ETH,Curve.fi ETH/aETH,26.9921981156836,observed
2026-02,1772323199,24558867,0xc63e7c601183455f7f489397331ba13ab131538366c75ff892ae5d413d57ad38,1772323199,0xc5424b857f758e906013f3555dad202e4bdb4567,native_ETH,Curve.fi ETH/sETH,1.2021859662649428,observed
2026-02,1772323199,24558867,0xc63e7c601183455f7f489397331ba13ab131538366c75ff892ae5d413d57ad38,1772323199,0xdc24316b9ae028f1497c275eb9192a3ea0f67022,native_ETH,Curve.fi ETH/stETH,14387.798222707264,observed
2026-02,1772323199,24558867,0xc63e7c601183455f7f489397331ba13ab131538366c75ff892ae5d413d57ad38,1772323199,0xf9440930043eb3997fc70e1339dbb11f341de7a8,native_ETH,Curve.fi ETH/rETH,67.09492153094061,observed
2026-02,1772323199,24558867,0xc63e7c601183455f7f489397331ba13ab131538366c75ff892ae5d413d57ad38,1772323199,0x80466c64868e1ab14a1ddf27a676c3fcbe638fe5,WETH,Curve.fi USD-BTC-ETH,45.04098380764662,observed
2026-02,1772323199,24558867,0xc63e7c601183455f7f489397331ba13ab131538366c75ff892ae5d413d57ad38,1772323199,0xa1f8a6807c402e4a15ef4eba36528a3fed24e577,native_ETH,Curve.fi ETH/frxETH,314.6470305700938,observed
2026-02,1772323199,24558867,0xc63e7c601183455f7f489397331ba13ab131538366c75ff892ae5d413d57ad38,1772323199,0xbfab6fa95e0091ed66058ad493189d2cb29385e6,native_ETH,Curve.fi ETH/wBETH,1.0101950208988881,observed
2026-03,1775001599,24781026,0xa66185ac20df0d3bb59ad13ef3b0bd3a4eca5b5058504794a554cb74abf529bd,1775001599,0xe0554a476a092703abdb3ef35c80e0d76d32939f,WETH,USDC / WETH 100,1100.8376745052717,observed
2026-03,1775001599,24781026,0xa66185ac20df0d3bb59ad13ef3b0bd3a4eca5b5058504794a554cb74abf529bd,1775001599,0x88e6a0c2ddd26feeb64f039a2c41296fcb3f5640,WETH,USDC / WETH 500,18407.1471979094,observed
2026-03,1775001599,24781026,0xa66185ac20df0d3bb59ad13ef3b0bd3a4eca5b5058504794a554cb74abf529bd,1775001599,0x8ad599c3a0ff1de082011efddc58f1908eb6e6d8,WETH,USDC / WETH 3000,7647.244010700019,observed
2026-03,1775001599,24781026,0xa66185ac20df0d3bb59ad13ef3b0bd3a4eca5b5058504794a554cb74abf529bd,1775001599,0x7bea39867e4169dbe237d55c8242a8f2fcdcc387,WETH,USDC / WETH 10000,208.8952871241337,observed
2026-03,1775001599,24781026,0xa66185ac20df0d3bb59ad13ef3b0bd3a4eca5b5058504794a554cb74abf529bd,1775001599,0xc7bbec68d12a0d1830360f8ec58fa599ba1b0e9b,WETH,USDT / WETH 100,2114.8009058313874,observed
2026-03,1775001599,24781026,0xa66185ac20df0d3bb59ad13ef3b0bd3a4eca5b5058504794a554cb74abf529bd,1775001599,0x11b815efb8f581194ae79006d24e0d814b7697f6,WETH,USDT / WETH 500,2612.984072454271,observed
2026-03,1775001599,24781026,0xa66185ac20df0d3bb59ad13ef3b0bd3a4eca5b5058504794a554cb74abf529bd,1775001599,0x4e68ccd3e89f51c3074ca5072bbac773960dfa36,WETH,USDT / WETH 3000,20484.294388314178,observed
2026-03,1775001599,24781026,0xa66185ac20df0d3bb59ad13ef3b0bd3a4eca5b5058504794a554cb74abf529bd,1775001599,0xc5af84701f98fa483ece78af83f11b6c38aca71d,WETH,USDT / WETH 10000,110.96735780964082,observed
2026-03,1775001599,24781026,0xa66185ac20df0d3bb59ad13ef3b0bd3a4eca5b5058504794a554cb74abf529bd,1775001599,0xd8dec118e1215f02e10db846dcbbfe27d477ac19,WETH,DAI / WETH 100,0.000936495655080158,observed
2026-03,1775001599,24781026,0xa66185ac20df0d3bb59ad13ef3b0bd3a4eca5b5058504794a554cb74abf529bd,1775001599,0x60594a405d53811d3bc4766596efd80fd545a270,WETH,DAI / WETH 500,275.03921079497474,observed
2026-03,1775001599,24781026,0xa66185ac20df0d3bb59ad13ef3b0bd3a4eca5b5058504794a554cb74abf529bd,1775001599,0xc2e9f25be6257c210d7adf0d4cd6e3e881ba25f8,WETH,DAI / WETH 3000,857.2296668515339,observed
2026-03,1775001599,24781026,0xa66185ac20df0d3bb59ad13ef3b0bd3a4eca5b5058504794a554cb74abf529bd,1775001599,0xa80964c5bbd1a0e95777094420555fead1a26c1e,WETH,DAI / WETH 10000,1.1159759157823428,observed
2026-03,1775001599,24781026,0xa66185ac20df0d3bb59ad13ef3b0bd3a4eca5b5058504794a554cb74abf529bd,1775001599,0x109830a1aaad605bbf02a9dfa7b0b92ec2fb7daa,WETH,wstETH / WETH 100,2419.455726854576,observed
2026-03,1775001599,24781026,0xa66185ac20df0d3bb59ad13ef3b0bd3a4eca5b5058504794a554cb74abf529bd,1775001599,0xd340b57aacdd10f96fc1cf10e15921936f41e29c,WETH,wstETH / WETH 500,1.5442661567050409,observed
2026-03,1775001599,24781026,0xa66185ac20df0d3bb59ad13ef3b0bd3a4eca5b5058504794a554cb74abf529bd,1775001599,0xc12af0c4aa39d3061c56cd3cb19f5e62deeaebde,WETH,wstETH / WETH 3000,0.006768811405547018,observed
2026-03,1775001599,24781026,0xa66185ac20df0d3bb59ad13ef3b0bd3a4eca5b5058504794a554cb74abf529bd,1775001599,0x202a6012894ae5c288ea824cbc8a9bfb26a49b93,WETH,weETH / WETH 100,1046.7191850025956,observed
2026-03,1775001599,24781026,0xa66185ac20df0d3bb59ad13ef3b0bd3a4eca5b5058504794a554cb74abf529bd,1775001599,0x7a415b19932c0105c82fdb6b720bb01b0cc2cae3,WETH,weETH / WETH 500,4100.513184977838,observed
2026-03,1775001599,24781026,0xa66185ac20df0d3bb59ad13ef3b0bd3a4eca5b5058504794a554cb74abf529bd,1775001599,0x6f5c74e2170cfd6f5b7829f4742dc54cec42ea07,WETH,weETH / WETH 3000,500.00551375960725,observed
2026-03,1775001599,24781026,0xa66185ac20df0d3bb59ad13ef3b0bd3a4eca5b5058504794a554cb74abf529bd,1775001599,0x553e9c493678d8606d6a5ba284643db2110df823,WETH,rETH / WETH 100,378.5202961060784,observed
2026-03,1775001599,24781026,0xa66185ac20df0d3bb59ad13ef3b0bd3a4eca5b5058504794a554cb74abf529bd,1775001599,0xa4e0faa58465a2d369aa21b3e42d43374c6f9613,WETH,rETH / WETH 500,61.80272763545953,observed
2026-03,1775001599,24781026,0xa66185ac20df0d3bb59ad13ef3b0bd3a4eca5b5058504794a554cb74abf529bd,1775001599,0xf0e02cf61b31260fd5ae527d58be16312bda59b1,WETH,rETH / WETH 3000,7.129959895105989,observed
2026-03,1775001599,24781026,0xa66185ac20df0d3bb59ad13ef3b0bd3a4eca5b5058504794a554cb74abf529bd,1775001599,0xa96a65c051bf88b4095ee1f2451c2a9d43f53ae2,native_ETH,Curve.fi ETH/aETH,26.70326771018847,observed
2026-03,1775001599,24781026,0xa66185ac20df0d3bb59ad13ef3b0bd3a4eca5b5058504794a554cb74abf529bd,1775001599,0xc5424b857f758e906013f3555dad202e4bdb4567,native_ETH,Curve.fi ETH/sETH,1.1879838583578166,observed
2026-03,1775001599,24781026,0xa66185ac20df0d3bb59ad13ef3b0bd3a4eca5b5058504794a554cb74abf529bd,1775001599,0xdc24316b9ae028f1497c275eb9192a3ea0f67022,native_ETH,Curve.fi ETH/stETH,20245.99887176439,observed
2026-03,1775001599,24781026,0xa66185ac20df0d3bb59ad13ef3b0bd3a4eca5b5058504794a554cb74abf529bd,1775001599,0xf9440930043eb3997fc70e1339dbb11f341de7a8,native_ETH,Curve.fi ETH/rETH,20.258413598375707,observed
2026-03,1775001599,24781026,0xa66185ac20df0d3bb59ad13ef3b0bd3a4eca5b5058504794a554cb74abf529bd,1775001599,0x80466c64868e1ab14a1ddf27a676c3fcbe638fe5,WETH,Curve.fi USD-BTC-ETH,41.3508662526163,observed
2026-03,1775001599,24781026,0xa66185ac20df0d3bb59ad13ef3b0bd3a4eca5b5058504794a554cb74abf529bd,1775001599,0xa1f8a6807c402e4a15ef4eba36528a3fed24e577,native_ETH,Curve.fi ETH/frxETH,408.55653365753136,observed
2026-03,1775001599,24781026,0xa66185ac20df0d3bb59ad13ef3b0bd3a4eca5b5058504794a554cb74abf529bd,1775001599,0xbfab6fa95e0091ed66058ad493189d2cb29385e6,native_ETH,Curve.fi ETH/wBETH,1.3858975125852873,observed
2026-04,1777593599,24996367,0x028da7277ea75dda67b6cf9cafab127ba9eb146dd8813958f95deb4b56bd3965,1777593599,0xe0554a476a092703abdb3ef35c80e0d76d32939f,WETH,USDC / WETH 100,1785.796860212805,observed
2026-04,1777593599,24996367,0x028da7277ea75dda67b6cf9cafab127ba9eb146dd8813958f95deb4b56bd3965,1777593599,0x88e6a0c2ddd26feeb64f039a2c41296fcb3f5640,WETH,USDC / WETH 500,13708.747533888587,observed
2026-04,1777593599,24996367,0x028da7277ea75dda67b6cf9cafab127ba9eb146dd8813958f95deb4b56bd3965,1777593599,0x8ad599c3a0ff1de082011efddc58f1908eb6e6d8,WETH,USDC / WETH 3000,6778.354066112428,observed
2026-04,1777593599,24996367,0x028da7277ea75dda67b6cf9cafab127ba9eb146dd8813958f95deb4b56bd3965,1777593599,0x7bea39867e4169dbe237d55c8242a8f2fcdcc387,WETH,USDC / WETH 10000,198.19090270072954,observed
2026-04,1777593599,24996367,0x028da7277ea75dda67b6cf9cafab127ba9eb146dd8813958f95deb4b56bd3965,1777593599,0xc7bbec68d12a0d1830360f8ec58fa599ba1b0e9b,WETH,USDT / WETH 100,1689.6826686021523,observed
2026-04,1777593599,24996367,0x028da7277ea75dda67b6cf9cafab127ba9eb146dd8813958f95deb4b56bd3965,1777593599,0x11b815efb8f581194ae79006d24e0d814b7697f6,WETH,USDT / WETH 500,2245.2054682446956,observed
2026-04,1777593599,24996367,0x028da7277ea75dda67b6cf9cafab127ba9eb146dd8813958f95deb4b56bd3965,1777593599,0x4e68ccd3e89f51c3074ca5072bbac773960dfa36,WETH,USDT / WETH 3000,22063.992275246135,observed
2026-04,1777593599,24996367,0x028da7277ea75dda67b6cf9cafab127ba9eb146dd8813958f95deb4b56bd3965,1777593599,0xc5af84701f98fa483ece78af83f11b6c38aca71d,WETH,USDT / WETH 10000,110.24614831376516,observed
2026-04,1777593599,24996367,0x028da7277ea75dda67b6cf9cafab127ba9eb146dd8813958f95deb4b56bd3965,1777593599,0xd8dec118e1215f02e10db846dcbbfe27d477ac19,WETH,DAI / WETH 100,0.000936517034955924,observed
2026-04,1777593599,24996367,0x028da7277ea75dda67b6cf9cafab127ba9eb146dd8813958f95deb4b56bd3965,1777593599,0x60594a405d53811d3bc4766596efd80fd545a270,WETH,DAI / WETH 500,543.1462113423512,observed
2026-04,1777593599,24996367,0x028da7277ea75dda67b6cf9cafab127ba9eb146dd8813958f95deb4b56bd3965,1777593599,0xc2e9f25be6257c210d7adf0d4cd6e3e881ba25f8,WETH,DAI / WETH 3000,848.7385133255732,observed
2026-04,1777593599,24996367,0x028da7277ea75dda67b6cf9cafab127ba9eb146dd8813958f95deb4b56bd3965,1777593599,0xa80964c5bbd1a0e95777094420555fead1a26c1e,WETH,DAI / WETH 10000,1.090138396993974,observed
2026-04,1777593599,24996367,0x028da7277ea75dda67b6cf9cafab127ba9eb146dd8813958f95deb4b56bd3965,1777593599,0x109830a1aaad605bbf02a9dfa7b0b92ec2fb7daa,WETH,wstETH / WETH 100,1936.1787768255592,observed
2026-04,1777593599,24996367,0x028da7277ea75dda67b6cf9cafab127ba9eb146dd8813958f95deb4b56bd3965,1777593599,0xd340b57aacdd10f96fc1cf10e15921936f41e29c,WETH,wstETH / WETH 500,1.5876697487340354,observed
2026-04,1777593599,24996367,0x028da7277ea75dda67b6cf9cafab127ba9eb146dd8813958f95deb4b56bd3965,1777593599,0xc12af0c4aa39d3061c56cd3cb19f5e62deeaebde,WETH,wstETH / WETH 3000,0.005295538347354759,observed
2026-04,1777593599,24996367,0x028da7277ea75dda67b6cf9cafab127ba9eb146dd8813958f95deb4b56bd3965,1777593599,0x202a6012894ae5c288ea824cbc8a9bfb26a49b93,WETH,weETH / WETH 100,1032.7210927883086,observed
2026-04,1777593599,24996367,0x028da7277ea75dda67b6cf9cafab127ba9eb146dd8813958f95deb4b56bd3965,1777593599,0x7a415b19932c0105c82fdb6b720bb01b0cc2cae3,WETH,weETH / WETH 500,4112.632966820807,observed
2026-04,1777593599,24996367,0x028da7277ea75dda67b6cf9cafab127ba9eb146dd8813958f95deb4b56bd3965,1777593599,0x6f5c74e2170cfd6f5b7829f4742dc54cec42ea07,WETH,weETH / WETH 3000,100.00355477526317,observed
2026-04,1777593599,24996367,0x028da7277ea75dda67b6cf9cafab127ba9eb146dd8813958f95deb4b56bd3965,1777593599,0x553e9c493678d8606d6a5ba284643db2110df823,WETH,rETH / WETH 100,299.12768939298155,observed
2026-04,1777593599,24996367,0x028da7277ea75dda67b6cf9cafab127ba9eb146dd8813958f95deb4b56bd3965,1777593599,0xa4e0faa58465a2d369aa21b3e42d43374c6f9613,WETH,rETH / WETH 500,57.748822203209826,observed
2026-04,1777593599,24996367,0x028da7277ea75dda67b6cf9cafab127ba9eb146dd8813958f95deb4b56bd3965,1777593599,0xf0e02cf61b31260fd5ae527d58be16312bda59b1,WETH,rETH / WETH 3000,7.1431102839590315,observed
2026-04,1777593599,24996367,0x028da7277ea75dda67b6cf9cafab127ba9eb146dd8813958f95deb4b56bd3965,1777593599,0xa96a65c051bf88b4095ee1f2451c2a9d43f53ae2,native_ETH,Curve.fi ETH/aETH,27.91962557328836,observed
2026-04,1777593599,24996367,0x028da7277ea75dda67b6cf9cafab127ba9eb146dd8813958f95deb4b56bd3965,1777593599,0xc5424b857f758e906013f3555dad202e4bdb4567,native_ETH,Curve.fi ETH/sETH,1.1395904848325589,observed
2026-04,1777593599,24996367,0x028da7277ea75dda67b6cf9cafab127ba9eb146dd8813958f95deb4b56bd3965,1777593599,0xdc24316b9ae028f1497c275eb9192a3ea0f67022,native_ETH,Curve.fi ETH/stETH,12266.367148789835,observed
2026-04,1777593599,24996367,0x028da7277ea75dda67b6cf9cafab127ba9eb146dd8813958f95deb4b56bd3965,1777593599,0xf9440930043eb3997fc70e1339dbb11f341de7a8,native_ETH,Curve.fi ETH/rETH,20.257147080403183,observed
2026-04,1777593599,24996367,0x028da7277ea75dda67b6cf9cafab127ba9eb146dd8813958f95deb4b56bd3965,1777593599,0x80466c64868e1ab14a1ddf27a676c3fcbe638fe5,WETH,Curve.fi USD-BTC-ETH,42.040266416503044,observed
2026-04,1777593599,24996367,0x028da7277ea75dda67b6cf9cafab127ba9eb146dd8813958f95deb4b56bd3965,1777593599,0xa1f8a6807c402e4a15ef4eba36528a3fed24e577,native_ETH,Curve.fi ETH/frxETH,122.73104114331088,observed
2026-04,1777593599,24996367,0x028da7277ea75dda67b6cf9cafab127ba9eb146dd8813958f95deb4b56bd3965,1777593599,0xbfab6fa95e0091ed66058ad493189d2cb29385e6,native_ETH,Curve.fi ETH/wBETH,1.4154487362522299,observed
2026-05,1780271999,25218797,0xf8764ee0fc709f47e9db4f264b47d0047cb16096ebf950585cbe74e9af80a0c4,1780271999,0xe0554a476a092703abdb3ef35c80e0d76d32939f,WETH,USDC / WETH 100,1597.6515374334535,observed
2026-05,1780271999,25218797,0xf8764ee0fc709f47e9db4f264b47d0047cb16096ebf950585cbe74e9af80a0c4,1780271999,0x88e6a0c2ddd26feeb64f039a2c41296fcb3f5640,WETH,USDC / WETH 500,25786.283178687936,observed
2026-05,1780271999,25218797,0xf8764ee0fc709f47e9db4f264b47d0047cb16096ebf950585cbe74e9af80a0c4,1780271999,0x8ad599c3a0ff1de082011efddc58f1908eb6e6d8,WETH,USDC / WETH 3000,7307.644661491618,observed
2026-05,1780271999,25218797,0xf8764ee0fc709f47e9db4f264b47d0047cb16096ebf950585cbe74e9af80a0c4,1780271999,0x7bea39867e4169dbe237d55c8242a8f2fcdcc387,WETH,USDC / WETH 10000,217.41532194220014,observed
2026-05,1780271999,25218797,0xf8764ee0fc709f47e9db4f264b47d0047cb16096ebf950585cbe74e9af80a0c4,1780271999,0xc7bbec68d12a0d1830360f8ec58fa599ba1b0e9b,WETH,USDT / WETH 100,2119.0293920895624,observed
2026-05,1780271999,25218797,0xf8764ee0fc709f47e9db4f264b47d0047cb16096ebf950585cbe74e9af80a0c4,1780271999,0x11b815efb8f581194ae79006d24e0d814b7697f6,WETH,USDT / WETH 500,3756.5409570294564,observed
2026-05,1780271999,25218797,0xf8764ee0fc709f47e9db4f264b47d0047cb16096ebf950585cbe74e9af80a0c4,1780271999,0x4e68ccd3e89f51c3074ca5072bbac773960dfa36,WETH,USDT / WETH 3000,33503.552332973704,observed
2026-05,1780271999,25218797,0xf8764ee0fc709f47e9db4f264b47d0047cb16096ebf950585cbe74e9af80a0c4,1780271999,0xc5af84701f98fa483ece78af83f11b6c38aca71d,WETH,USDT / WETH 10000,113.96912376449114,observed
2026-05,1780271999,25218797,0xf8764ee0fc709f47e9db4f264b47d0047cb16096ebf950585cbe74e9af80a0c4,1780271999,0xd8dec118e1215f02e10db846dcbbfe27d477ac19,WETH,DAI / WETH 100,0.00093663843323389,observed
2026-05,1780271999,25218797,0xf8764ee0fc709f47e9db4f264b47d0047cb16096ebf950585cbe74e9af80a0c4,1780271999,0x60594a405d53811d3bc4766596efd80fd545a270,WETH,DAI / WETH 500,408.2267305542671,observed
2026-05,1780271999,25218797,0xf8764ee0fc709f47e9db4f264b47d0047cb16096ebf950585cbe74e9af80a0c4,1780271999,0xc2e9f25be6257c210d7adf0d4cd6e3e881ba25f8,WETH,DAI / WETH 3000,984.4702508058972,observed
2026-05,1780271999,25218797,0xf8764ee0fc709f47e9db4f264b47d0047cb16096ebf950585cbe74e9af80a0c4,1780271999,0xa80964c5bbd1a0e95777094420555fead1a26c1e,WETH,DAI / WETH 10000,1.1231680266933988,observed
2026-05,1780271999,25218797,0xf8764ee0fc709f47e9db4f264b47d0047cb16096ebf950585cbe74e9af80a0c4,1780271999,0x109830a1aaad605bbf02a9dfa7b0b92ec2fb7daa,WETH,wstETH / WETH 100,1347.4331833185734,observed
2026-05,1780271999,25218797,0xf8764ee0fc709f47e9db4f264b47d0047cb16096ebf950585cbe74e9af80a0c4,1780271999,0xd340b57aacdd10f96fc1cf10e15921936f41e29c,WETH,wstETH / WETH 500,1.894794698916115,observed
2026-05,1780271999,25218797,0xf8764ee0fc709f47e9db4f264b47d0047cb16096ebf950585cbe74e9af80a0c4,1780271999,0xc12af0c4aa39d3061c56cd3cb19f5e62deeaebde,WETH,wstETH / WETH 3000,0.005295538347354759,observed
2026-05,1780271999,25218797,0xf8764ee0fc709f47e9db4f264b47d0047cb16096ebf950585cbe74e9af80a0c4,1780271999,0x202a6012894ae5c288ea824cbc8a9bfb26a49b93,WETH,weETH / WETH 100,3190.764021018178,observed
2026-05,1780271999,25218797,0xf8764ee0fc709f47e9db4f264b47d0047cb16096ebf950585cbe74e9af80a0c4,1780271999,0x7a415b19932c0105c82fdb6b720bb01b0cc2cae3,WETH,weETH / WETH 500,5860.113034459888,observed
2026-05,1780271999,25218797,0xf8764ee0fc709f47e9db4f264b47d0047cb16096ebf950585cbe74e9af80a0c4,1780271999,0x6f5c74e2170cfd6f5b7829f4742dc54cec42ea07,WETH,weETH / WETH 3000,100.0035562891556,observed
2026-05,1780271999,25218797,0xf8764ee0fc709f47e9db4f264b47d0047cb16096ebf950585cbe74e9af80a0c4,1780271999,0x553e9c493678d8606d6a5ba284643db2110df823,WETH,rETH / WETH 100,266.7675007298002,observed
2026-05,1780271999,25218797,0xf8764ee0fc709f47e9db4f264b47d0047cb16096ebf950585cbe74e9af80a0c4,1780271999,0xa4e0faa58465a2d369aa21b3e42d43374c6f9613,WETH,rETH / WETH 500,61.49871437782727,observed
2026-05,1780271999,25218797,0xf8764ee0fc709f47e9db4f264b47d0047cb16096ebf950585cbe74e9af80a0c4,1780271999,0xf0e02cf61b31260fd5ae527d58be16312bda59b1,WETH,rETH / WETH 3000,7.1431102839590315,observed
2026-05,1780271999,25218797,0xf8764ee0fc709f47e9db4f264b47d0047cb16096ebf950585cbe74e9af80a0c4,1780271999,0xa96a65c051bf88b4095ee1f2451c2a9d43f53ae2,native_ETH,Curve.fi ETH/aETH,27.779997449414505,observed
2026-05,1780271999,25218797,0xf8764ee0fc709f47e9db4f264b47d0047cb16096ebf950585cbe74e9af80a0c4,1780271999,0xc5424b857f758e906013f3555dad202e4bdb4567,native_ETH,Curve.fi ETH/sETH,1.1090459370625039,observed
2026-05,1780271999,25218797,0xf8764ee0fc709f47e9db4f264b47d0047cb16096ebf950585cbe74e9af80a0c4,1780271999,0xdc24316b9ae028f1497c275eb9192a3ea0f67022,native_ETH,Curve.fi ETH/stETH,19768.826088885886,observed
2026-05,1780271999,25218797,0xf8764ee0fc709f47e9db4f264b47d0047cb16096ebf950585cbe74e9af80a0c4,1780271999,0xf9440930043eb3997fc70e1339dbb11f341de7a8,native_ETH,Curve.fi ETH/rETH,20.26363326541972,observed
2026-05,1780271999,25218797,0xf8764ee0fc709f47e9db4f264b47d0047cb16096ebf950585cbe74e9af80a0c4,1780271999,0x80466c64868e1ab14a1ddf27a676c3fcbe638fe5,WETH,Curve.fi USD-BTC-ETH,45.76730372859901,observed
2026-05,1780271999,25218797,0xf8764ee0fc709f47e9db4f264b47d0047cb16096ebf950585cbe74e9af80a0c4,1780271999,0xa1f8a6807c402e4a15ef4eba36528a3fed24e577,native_ETH,Curve.fi ETH/frxETH,45.28909381800504,observed
2026-05,1780271999,25218797,0xf8764ee0fc709f47e9db4f264b47d0047cb16096ebf950585cbe74e9af80a0c4,1780271999,0xbfab6fa95e0091ed66058ad493189d2cb29385e6,native_ETH,Curve.fi ETH/wBETH,1.2811306973174,observed
2026-06,1782863999,25433938,0x82ba65044cd2af79c7e3e21dd4a87a26d257e6f9abcf585eed201f2d177f35a0,1782863999,0xe0554a476a092703abdb3ef35c80e0d76d32939f,WETH,USDC / WETH 100,1869.1799379450474,observed
2026-06,1782863999,25433938,0x82ba65044cd2af79c7e3e21dd4a87a26d257e6f9abcf585eed201f2d177f35a0,1782863999,0x88e6a0c2ddd26feeb64f039a2c41296fcb3f5640,WETH,USDC / WETH 500,40374.84202396457,observed
2026-06,1782863999,25433938,0x82ba65044cd2af79c7e3e21dd4a87a26d257e6f9abcf585eed201f2d177f35a0,1782863999,0x8ad599c3a0ff1de082011efddc58f1908eb6e6d8,WETH,USDC / WETH 3000,9180.944445922667,observed
2026-06,1782863999,25433938,0x82ba65044cd2af79c7e3e21dd4a87a26d257e6f9abcf585eed201f2d177f35a0,1782863999,0x7bea39867e4169dbe237d55c8242a8f2fcdcc387,WETH,USDC / WETH 10000,262.86154526206303,observed
2026-06,1782863999,25433938,0x82ba65044cd2af79c7e3e21dd4a87a26d257e6f9abcf585eed201f2d177f35a0,1782863999,0xc7bbec68d12a0d1830360f8ec58fa599ba1b0e9b,WETH,USDT / WETH 100,1572.8228529281691,observed
2026-06,1782863999,25433938,0x82ba65044cd2af79c7e3e21dd4a87a26d257e6f9abcf585eed201f2d177f35a0,1782863999,0x11b815efb8f581194ae79006d24e0d814b7697f6,WETH,USDT / WETH 500,5989.537721358477,observed
2026-06,1782863999,25433938,0x82ba65044cd2af79c7e3e21dd4a87a26d257e6f9abcf585eed201f2d177f35a0,1782863999,0x4e68ccd3e89f51c3074ca5072bbac773960dfa36,WETH,USDT / WETH 3000,39244.7628042028,observed
2026-06,1782863999,25433938,0x82ba65044cd2af79c7e3e21dd4a87a26d257e6f9abcf585eed201f2d177f35a0,1782863999,0xc5af84701f98fa483ece78af83f11b6c38aca71d,WETH,USDT / WETH 10000,120.8595678538949,observed
2026-06,1782863999,25433938,0x82ba65044cd2af79c7e3e21dd4a87a26d257e6f9abcf585eed201f2d177f35a0,1782863999,0xd8dec118e1215f02e10db846dcbbfe27d477ac19,WETH,DAI / WETH 100,0.001450562986946136,observed
2026-06,1782863999,25433938,0x82ba65044cd2af79c7e3e21dd4a87a26d257e6f9abcf585eed201f2d177f35a0,1782863999,0x60594a405d53811d3bc4766596efd80fd545a270,WETH,DAI / WETH 500,349.2488970658218,observed
2026-06,1782863999,25433938,0x82ba65044cd2af79c7e3e21dd4a87a26d257e6f9abcf585eed201f2d177f35a0,1782863999,0xc2e9f25be6257c210d7adf0d4cd6e3e881ba25f8,WETH,DAI / WETH 3000,1162.8454098994696,observed
2026-06,1782863999,25433938,0x82ba65044cd2af79c7e3e21dd4a87a26d257e6f9abcf585eed201f2d177f35a0,1782863999,0xa80964c5bbd1a0e95777094420555fead1a26c1e,WETH,DAI / WETH 10000,1.1576744115167168,observed
2026-06,1782863999,25433938,0x82ba65044cd2af79c7e3e21dd4a87a26d257e6f9abcf585eed201f2d177f35a0,1782863999,0x109830a1aaad605bbf02a9dfa7b0b92ec2fb7daa,WETH,wstETH / WETH 100,2531.8093916699627,observed
2026-06,1782863999,25433938,0x82ba65044cd2af79c7e3e21dd4a87a26d257e6f9abcf585eed201f2d177f35a0,1782863999,0xd340b57aacdd10f96fc1cf10e15921936f41e29c,WETH,wstETH / WETH 500,1.6041844329658574,observed
2026-06,1782863999,25433938,0x82ba65044cd2af79c7e3e21dd4a87a26d257e6f9abcf585eed201f2d177f35a0,1782863999,0xc12af0c4aa39d3061c56cd3cb19f5e62deeaebde,WETH,wstETH / WETH 3000,0.005295538347354759,observed
2026-06,1782863999,25433938,0x82ba65044cd2af79c7e3e21dd4a87a26d257e6f9abcf585eed201f2d177f35a0,1782863999,0x202a6012894ae5c288ea824cbc8a9bfb26a49b93,WETH,weETH / WETH 100,1430.5928863150486,observed
2026-06,1782863999,25433938,0x82ba65044cd2af79c7e3e21dd4a87a26d257e6f9abcf585eed201f2d177f35a0,1782863999,0x7a415b19932c0105c82fdb6b720bb01b0cc2cae3,WETH,weETH / WETH 500,3613.5519686259627,observed
2026-06,1782863999,25433938,0x82ba65044cd2af79c7e3e21dd4a87a26d257e6f9abcf585eed201f2d177f35a0,1782863999,0x6f5c74e2170cfd6f5b7829f4742dc54cec42ea07,WETH,weETH / WETH 3000,100.00355629176018,observed
2026-06,1782863999,25433938,0x82ba65044cd2af79c7e3e21dd4a87a26d257e6f9abcf585eed201f2d177f35a0,1782863999,0x553e9c493678d8606d6a5ba284643db2110df823,WETH,rETH / WETH 100,186.6094911280016,observed
2026-06,1782863999,25433938,0x82ba65044cd2af79c7e3e21dd4a87a26d257e6f9abcf585eed201f2d177f35a0,1782863999,0xa4e0faa58465a2d369aa21b3e42d43374c6f9613,WETH,rETH / WETH 500,61.091017164931856,observed
2026-06,1782863999,25433938,0x82ba65044cd2af79c7e3e21dd4a87a26d257e6f9abcf585eed201f2d177f35a0,1782863999,0xf0e02cf61b31260fd5ae527d58be16312bda59b1,WETH,rETH / WETH 3000,7.1431102839590315,observed
2026-06,1782863999,25433938,0x82ba65044cd2af79c7e3e21dd4a87a26d257e6f9abcf585eed201f2d177f35a0,1782863999,0xa96a65c051bf88b4095ee1f2451c2a9d43f53ae2,native_ETH,Curve.fi ETH/aETH,27.871930089161893,observed
2026-06,1782863999,25433938,0x82ba65044cd2af79c7e3e21dd4a87a26d257e6f9abcf585eed201f2d177f35a0,1782863999,0xc5424b857f758e906013f3555dad202e4bdb4567,native_ETH,Curve.fi ETH/sETH,1.0498630742494008,observed
2026-06,1782863999,25433938,0x82ba65044cd2af79c7e3e21dd4a87a26d257e6f9abcf585eed201f2d177f35a0,1782863999,0xdc24316b9ae028f1497c275eb9192a3ea0f67022,native_ETH,Curve.fi ETH/stETH,19403.04150645676,observed
2026-06,1782863999,25433938,0x82ba65044cd2af79c7e3e21dd4a87a26d257e6f9abcf585eed201f2d177f35a0,1782863999,0xf9440930043eb3997fc70e1339dbb11f341de7a8,native_ETH,Curve.fi ETH/rETH,20.26338678334771,observed
2026-06,1782863999,25433938,0x82ba65044cd2af79c7e3e21dd4a87a26d257e6f9abcf585eed201f2d177f35a0,1782863999,0x80466c64868e1ab14a1ddf27a676c3fcbe638fe5,WETH,Curve.fi USD-BTC-ETH,49.532409035984074,observed
2026-06,1782863999,25433938,0x82ba65044cd2af79c7e3e21dd4a87a26d257e6f9abcf585eed201f2d177f35a0,1782863999,0xa1f8a6807c402e4a15ef4eba36528a3fed24e577,native_ETH,Curve.fi ETH/frxETH,111.94239395247486,observed
2026-06,1782863999,25433938,0x82ba65044cd2af79c7e3e21dd4a87a26d257e6f9abcf585eed201f2d177f35a0,1782863999,0xbfab6fa95e0091ed66058ad493189d2cb29385e6,native_ETH,Curve.fi ETH/wBETH,0.7989728701231538,observed
2026-07,1785542399,25656292,0x0485b1eb7ba44d0e9cc31f1ac5e203b86e6525feb0c36283bef329e903bbf507,1785542399,0xe0554a476a092703abdb3ef35c80e0d76d32939f,WETH,USDC / WETH 100,1394.9760407908848,observed
2026-07,1785542399,25656292,0x0485b1eb7ba44d0e9cc31f1ac5e203b86e6525feb0c36283bef329e903bbf507,1785542399,0x88e6a0c2ddd26feeb64f039a2c41296fcb3f5640,WETH,USDC / WETH 500,34907.994768623204,observed
2026-07,1785542399,25656292,0x0485b1eb7ba44d0e9cc31f1ac5e203b86e6525feb0c36283bef329e903bbf507,1785542399,0x8ad599c3a0ff1de082011efddc58f1908eb6e6d8,WETH,USDC / WETH 3000,6268.835238913478,observed
2026-07,1785542399,25656292,0x0485b1eb7ba44d0e9cc31f1ac5e203b86e6525feb0c36283bef329e903bbf507,1785542399,0x7bea39867e4169dbe237d55c8242a8f2fcdcc387,WETH,USDC / WETH 10000,225.71982165431632,observed
2026-07,1785542399,25656292,0x0485b1eb7ba44d0e9cc31f1ac5e203b86e6525feb0c36283bef329e903bbf507,1785542399,0xc7bbec68d12a0d1830360f8ec58fa599ba1b0e9b,WETH,USDT / WETH 100,1519.024450372204,observed
2026-07,1785542399,25656292,0x0485b1eb7ba44d0e9cc31f1ac5e203b86e6525feb0c36283bef329e903bbf507,1785542399,0x11b815efb8f581194ae79006d24e0d814b7697f6,WETH,USDT / WETH 500,3526.8129183185893,observed
2026-07,1785542399,25656292,0x0485b1eb7ba44d0e9cc31f1ac5e203b86e6525feb0c36283bef329e903bbf507,1785542399,0x4e68ccd3e89f51c3074ca5072bbac773960dfa36,WETH,USDT / WETH 3000,27245.479334421918,observed
2026-07,1785542399,25656292,0x0485b1eb7ba44d0e9cc31f1ac5e203b86e6525feb0c36283bef329e903bbf507,1785542399,0xc5af84701f98fa483ece78af83f11b6c38aca71d,WETH,USDT / WETH 10000,116.69372514457751,observed
2026-07,1785542399,25656292,0x0485b1eb7ba44d0e9cc31f1ac5e203b86e6525feb0c36283bef329e903bbf507,1785542399,0xd8dec118e1215f02e10db846dcbbfe27d477ac19,WETH,DAI / WETH 100,0.000936854157587479,observed
2026-07,1785542399,25656292,0x0485b1eb7ba44d0e9cc31f1ac5e203b86e6525feb0c36283bef329e903bbf507,1785542399,0x60594a405d53811d3bc4766596efd80fd545a270,WETH,DAI / WETH 500,257.51594014703136,observed
2026-07,1785542399,25656292,0x0485b1eb7ba44d0e9cc31f1ac5e203b86e6525feb0c36283bef329e903bbf507,1785542399,0xc2e9f25be6257c210d7adf0d4cd6e3e881ba25f8,WETH,DAI / WETH 3000,1019.7013795574176,observed
2026-07,1785542399,25656292,0x0485b1eb7ba44d0e9cc31f1ac5e203b86e6525feb0c36283bef329e903bbf507,1785542399,0xa80964c5bbd1a0e95777094420555fead1a26c1e,WETH,DAI / WETH 10000,1.1340294653904577,observed
2026-07,1785542399,25656292,0x0485b1eb7ba44d0e9cc31f1ac5e203b86e6525feb0c36283bef329e903bbf507,1785542399,0x109830a1aaad605bbf02a9dfa7b0b92ec2fb7daa,WETH,wstETH / WETH 100,1503.618275962136,observed
2026-07,1785542399,25656292,0x0485b1eb7ba44d0e9cc31f1ac5e203b86e6525feb0c36283bef329e903bbf507,1785542399,0xd340b57aacdd10f96fc1cf10e15921936f41e29c,WETH,wstETH / WETH 500,1.6045275011328275,observed
2026-07,1785542399,25656292,0x0485b1eb7ba44d0e9cc31f1ac5e203b86e6525feb0c36283bef329e903bbf507,1785542399,0xc12af0c4aa39d3061c56cd3cb19f5e62deeaebde,WETH,wstETH / WETH 3000,0.005295538347354759,observed
2026-07,1785542399,25656292,0x0485b1eb7ba44d0e9cc31f1ac5e203b86e6525feb0c36283bef329e903bbf507,1785542399,0x202a6012894ae5c288ea824cbc8a9bfb26a49b93,WETH,weETH / WETH 100,2052.6316879715723,observed
2026-07,1785542399,25656292,0x0485b1eb7ba44d0e9cc31f1ac5e203b86e6525feb0c36283bef329e903bbf507,1785542399,0x7a415b19932c0105c82fdb6b720bb01b0cc2cae3,WETH,weETH / WETH 500,4840.152735809326,observed
2026-07,1785542399,25656292,0x0485b1eb7ba44d0e9cc31f1ac5e203b86e6525feb0c36283bef329e903bbf507,1785542399,0x6f5c74e2170cfd6f5b7829f4742dc54cec42ea07,WETH,weETH / WETH 3000,100.0035566944707,observed
2026-07,1785542399,25656292,0x0485b1eb7ba44d0e9cc31f1ac5e203b86e6525feb0c36283bef329e903bbf507,1785542399,0x553e9c493678d8606d6a5ba284643db2110df823,WETH,rETH / WETH 100,114.49925685076789,observed
2026-07,1785542399,25656292,0x0485b1eb7ba44d0e9cc31f1ac5e203b86e6525feb0c36283bef329e903bbf507,1785542399,0xa4e0faa58465a2d369aa21b3e42d43374c6f9613,WETH,rETH / WETH 500,60.05062416767967,observed
2026-07,1785542399,25656292,0x0485b1eb7ba44d0e9cc31f1ac5e203b86e6525feb0c36283bef329e903bbf507,1785542399,0xf0e02cf61b31260fd5ae527d58be16312bda59b1,WETH,rETH / WETH 3000,7.146701055558268,observed
2026-07,1785542399,25656292,0x0485b1eb7ba44d0e9cc31f1ac5e203b86e6525feb0c36283bef329e903bbf507,1785542399,0xa96a65c051bf88b4095ee1f2451c2a9d43f53ae2,native_ETH,Curve.fi ETH/aETH,27.953199966548826,observed
2026-07,1785542399,25656292,0x0485b1eb7ba44d0e9cc31f1ac5e203b86e6525feb0c36283bef329e903bbf507,1785542399,0xc5424b857f758e906013f3555dad202e4bdb4567,native_ETH,Curve.fi ETH/sETH,1.0498630742494008,observed
2026-07,1785542399,25656292,0x0485b1eb7ba44d0e9cc31f1ac5e203b86e6525feb0c36283bef329e903bbf507,1785542399,0xdc24316b9ae028f1497c275eb9192a3ea0f67022,native_ETH,Curve.fi ETH/stETH,19476.354442521013,observed
2026-07,1785542399,25656292,0x0485b1eb7ba44d0e9cc31f1ac5e203b86e6525feb0c36283bef329e903bbf507,1785542399,0xf9440930043eb3997fc70e1339dbb11f341de7a8,native_ETH,Curve.fi ETH/rETH,20.236012299987237,observed
2026-07,1785542399,25656292,0x0485b1eb7ba44d0e9cc31f1ac5e203b86e6525feb0c36283bef329e903bbf507,1785542399,0x80466c64868e1ab14a1ddf27a676c3fcbe638fe5,WETH,Curve.fi USD-BTC-ETH,45.2355015890732,observed
2026-07,1785542399,25656292,0x0485b1eb7ba44d0e9cc31f1ac5e203b86e6525feb0c36283bef329e903bbf507,1785542399,0xa1f8a6807c402e4a15ef4eba36528a3fed24e577,native_ETH,Curve.fi ETH/frxETH,52.2318950747959,observed
2026-07,1785542399,25656292,0x0485b1eb7ba44d0e9cc31f1ac5e203b86e6525feb0c36283bef329e903bbf507,1785542399,0xbfab6fa95e0091ed66058ad493189d2cb29385e6,native_ETH,Curve.fi ETH/wBETH,0.7080670154232952,observed
2026-08,1788220799,25878704,0x1d63bf12e101c849b9e8bceca81a71d801735fca65ff9f1f12284e9d77c20547,1788220799,0xe0554a476a092703abdb3ef35c80e0d76d32939f,WETH,USDC / WETH 100,650.6229362418383,observed
2026-08,1788220799,25878704,0x1d63bf12e101c849b9e8bceca81a71d801735fca65ff9f1f12284e9d77c20547,1788220799,0x88e6a0c2ddd26feeb64f039a2c41296fcb3f5640,WETH,USDC / WETH 500,11666.882654835626,observed
2026-08,1788220799,25878704,0x1d63bf12e101c849b9e8bceca81a71d801735fca65ff9f1f12284e9d77c20547,1788220799,0x8ad599c3a0ff1de082011efddc58f1908eb6e6d8,WETH,USDC / WETH 3000,8210.018417344932,observed
2026-08,1788220799,25878704,0x1d63bf12e101c849b9e8bceca81a71d801735fca65ff9f1f12284e9d77c20547,1788220799,0x7bea39867e4169dbe237d55c8242a8f2fcdcc387,WETH,USDC / WETH 10000,179.91720979482864,observed
2026-08,1788220799,25878704,0x1d63bf12e101c849b9e8bceca81a71d801735fca65ff9f1f12284e9d77c20547,1788220799,0xc7bbec68d12a0d1830360f8ec58fa599ba1b0e9b,WETH,USDT / WETH 100,1238.3983259212523,observed
2026-08,1788220799,25878704,0x1d63bf12e101c849b9e8bceca81a71d801735fca65ff9f1f12284e9d77c20547,1788220799,0x11b815efb8f581194ae79006d24e0d814b7697f6,WETH,USDT / WETH 500,1768.2355977773432,observed
2026-08,1788220799,25878704,0x1d63bf12e101c849b9e8bceca81a71d801735fca65ff9f1f12284e9d77c20547,1788220799,0x4e68ccd3e89f51c3074ca5072bbac773960dfa36,WETH,USDT / WETH 3000,23776.566397591367,observed
2026-08,1788220799,25878704,0x1d63bf12e101c849b9e8bceca81a71d801735fca65ff9f1f12284e9d77c20547,1788220799,0xc5af84701f98fa483ece78af83f11b6c38aca71d,WETH,USDT / WETH 10000,106.22412763157979,observed
2026-08,1788220799,25878704,0x1d63bf12e101c849b9e8bceca81a71d801735fca65ff9f1f12284e9d77c20547,1788220799,0xd8dec118e1215f02e10db846dcbbfe27d477ac19,WETH,DAI / WETH 100,0.000936857334742768,observed
2026-08,1788220799,25878704,0x1d63bf12e101c849b9e8bceca81a71d801735fca65ff9f1f12284e9d77c20547,1788220799,0x60594a405d53811d3bc4766596efd80fd545a270,WETH,DAI / WETH 500,213.83660025685614,observed
2026-08,1788220799,25878704,0x1d63bf12e101c849b9e8bceca81a71d801735fca65ff9f1f12284e9d77c20547,1788220799,0xc2e9f25be6257c210d7adf0d4cd6e3e881ba25f8,WETH,DAI / WETH 3000,675.7270549264338,observed
2026-08,1788220799,25878704,0x1d63bf12e101c849b9e8bceca81a71d801735fca65ff9f1f12284e9d77c20547,1788220799,0xa80964c5bbd1a0e95777094420555fead1a26c1e,WETH,DAI / WETH 10000,1.077956520171458,observed
2026-08,1788220799,25878704,0x1d63bf12e101c849b9e8bceca81a71d801735fca65ff9f1f12284e9d77c20547,1788220799,0x109830a1aaad605bbf02a9dfa7b0b92ec2fb7daa,WETH,wstETH / WETH 100,2348.179408608493,observed
2026-08,1788220799,25878704,0x1d63bf12e101c849b9e8bceca81a71d801735fca65ff9f1f12284e9d77c20547,1788220799,0xd340b57aacdd10f96fc1cf10e15921936f41e29c,WETH,wstETH / WETH 500,1.6050309389104527,observed
2026-08,1788220799,25878704,0x1d63bf12e101c849b9e8bceca81a71d801735fca65ff9f1f12284e9d77c20547,1788220799,0xc12af0c4aa39d3061c56cd3cb19f5e62deeaebde,WETH,wstETH / WETH 3000,0.005295538347354759,observed
2026-08,1788220799,25878704,0x1d63bf12e101c849b9e8bceca81a71d801735fca65ff9f1f12284e9d77c20547,1788220799,0x202a6012894ae5c288ea824cbc8a9bfb26a49b93,WETH,weETH / WETH 100,1768.6415607415202,observed
2026-08,1788220799,25878704,0x1d63bf12e101c849b9e8bceca81a71d801735fca65ff9f1f12284e9d77c20547,1788220799,0x7a415b19932c0105c82fdb6b720bb01b0cc2cae3,WETH,weETH / WETH 500,2654.5555235089964,observed
2026-08,1788220799,25878704,0x1d63bf12e101c849b9e8bceca81a71d801735fca65ff9f1f12284e9d77c20547,1788220799,0x6f5c74e2170cfd6f5b7829f4742dc54cec42ea07,WETH,weETH / WETH 3000,100.00355781549379,observed
2026-08,1788220799,25878704,0x1d63bf12e101c849b9e8bceca81a71d801735fca65ff9f1f12284e9d77c20547,1788220799,0x553e9c493678d8606d6a5ba284643db2110df823,WETH,rETH / WETH 100,273.6649345336027,observed
2026-08,1788220799,25878704,0x1d63bf12e101c849b9e8bceca81a71d801735fca65ff9f1f12284e9d77c20547,1788220799,0xa4e0faa58465a2d369aa21b3e42d43374c6f9613,WETH,rETH / WETH 500,13.985287425916868,observed
2026-08,1788220799,25878704,0x1d63bf12e101c849b9e8bceca81a71d801735fca65ff9f1f12284e9d77c20547,1788220799,0xf0e02cf61b31260fd5ae527d58be16312bda59b1,WETH,rETH / WETH 3000,7.149000510140076,observed
2026-08,1788220799,25878704,0x1d63bf12e101c849b9e8bceca81a71d801735fca65ff9f1f12284e9d77c20547,1788220799,0xa96a65c051bf88b4095ee1f2451c2a9d43f53ae2,native_ETH,Curve.fi ETH/aETH,28.745580471600046,observed
2026-08,1788220799,25878704,0x1d63bf12e101c849b9e8bceca81a71d801735fca65ff9f1f12284e9d77c20547,1788220799,0xc5424b857f758e906013f3555dad202e4bdb4567,native_ETH,Curve.fi ETH/sETH,1.0498630742494008,observed
2026-08,1788220799,25878704,0x1d63bf12e101c849b9e8bceca81a71d801735fca65ff9f1f12284e9d77c20547,1788220799,0xdc24316b9ae028f1497c275eb9192a3ea0f67022,native_ETH,Curve.fi ETH/stETH,19539.746434906432,observed
2026-08,1788220799,25878704,0x1d63bf12e101c849b9e8bceca81a71d801735fca65ff9f1f12284e9d77c20547,1788220799,0xf9440930043eb3997fc70e1339dbb11f341de7a8,native_ETH,Curve.fi ETH/rETH,20.219318573713146,observed
2026-08,1788220799,25878704,0x1d63bf12e101c849b9e8bceca81a71d801735fca65ff9f1f12284e9d77c20547,1788220799,0x80466c64868e1ab14a1ddf27a676c3fcbe638fe5,WETH,Curve.fi USD-BTC-ETH,39.59731391343567,observed
2026-08,1788220799,25878704,0x1d63bf12e101c849b9e8bceca81a71d801735fca65ff9f1f12284e9d77c20547,1788220799,0xa1f8a6807c402e4a15ef4eba36528a3fed24e577,native_ETH,Curve.fi ETH/frxETH,56.557457331316755,observed
2026-08,1788220799,25878704,0x1d63bf12e101c849b9e8bceca81a71d801735fca65ff9f1f12284e9d77c20547,1788220799,0xbfab6fa95e0091ed66058ad493189d2cb29385e6,native_ETH,Curve.fi ETH/wBETH,1.3582671482865574,observed
2026-09,1790812799,26093737,0xcd26204e996dceb606ccf0bc6f5bf8ea6747a471df8be73b5855f01624d5d743,1790812799,0xe0554a476a092703abdb3ef35c80e0d76d32939f,WETH,USDC / WETH 100,1204.72922016687,observed
2026-09,1790812799,26093737,0xcd26204e996dceb606ccf0bc6f5bf8ea6747a471df8be73b5855f01624d5d743,1790812799,0x88e6a0c2ddd26feeb64f039a2c41296fcb3f5640,WETH,USDC / WETH 500,8828.843992466294,observed
2026-09,1790812799,26093737,0xcd26204e996dceb606ccf0bc6f5bf8ea6747a471df8be73b5855f01624d5d743,1790812799,0x8ad599c3a0ff1de082011efddc58f1908eb6e6d8,WETH,USDC / WETH 3000,8227.112321549372,observed
2026-09,1790812799,26093737,0xcd26204e996dceb606ccf0bc6f5bf8ea6747a471df8be73b5855f01624d5d743,1790812799,0x7bea39867e4169dbe237d55c8242a8f2fcdcc387,WETH,USDC / WETH 10000,167.96193496831455,observed
2026-09,1790812799,26093737,0xcd26204e996dceb606ccf0bc6f5bf8ea6747a471df8be73b5855f01624d5d743,1790812799,0xc7bbec68d12a0d1830360f8ec58fa599ba1b0e9b,WETH,USDT / WETH 100,999.1693553942625,observed
2026-09,1790812799,26093737,0xcd26204e996dceb606ccf0bc6f5bf8ea6747a471df8be73b5855f01624d5d743,1790812799,0x11b815efb8f581194ae79006d24e0d814b7697f6,WETH,USDT / WETH 500,1548.9527446750062,observed
2026-09,1790812799,26093737,0xcd26204e996dceb606ccf0bc6f5bf8ea6747a471df8be73b5855f01624d5d743,1790812799,0x4e68ccd3e89f51c3074ca5072bbac773960dfa36,WETH,USDT / WETH 3000,20909.440311725266,observed
2026-09,1790812799,26093737,0xcd26204e996dceb606ccf0bc6f5bf8ea6747a471df8be73b5855f01624d5d743,1790812799,0xc5af84701f98fa483ece78af83f11b6c38aca71d,WETH,USDT / WETH 10000,104.28082005603467,observed
2026-09,1790812799,26093737,0xcd26204e996dceb606ccf0bc6f5bf8ea6747a471df8be73b5855f01624d5d743,1790812799,0xd8dec118e1215f02e10db846dcbbfe27d477ac19,WETH,DAI / WETH 100,0.000936766006460989,observed
2026-09,1790812799,26093737,0xcd26204e996dceb606ccf0bc6f5bf8ea6747a471df8be73b5855f01624d5d743,1790812799,0x60594a405d53811d3bc4766596efd80fd545a270,WETH,DAI / WETH 500,203.94959683904332,observed
2026-09,1790812799,26093737,0xcd26204e996dceb606ccf0bc6f5bf8ea6747a471df8be73b5855f01624d5d743,1790812799,0xc2e9f25be6257c210d7adf0d4cd6e3e881ba25f8,WETH,DAI / WETH 3000,586.2695893603361,observed
2026-09,1790812799,26093737,0xcd26204e996dceb606ccf0bc6f5bf8ea6747a471df8be73b5855f01624d5d743,1790812799,0xa80964c5bbd1a0e95777094420555fead1a26c1e,WETH,DAI / WETH 10000,1.0656276233828255,observed
2026-09,1790812799,26093737,0xcd26204e996dceb606ccf0bc6f5bf8ea6747a471df8be73b5855f01624d5d743,1790812799,0x109830a1aaad605bbf02a9dfa7b0b92ec2fb7daa,WETH,wstETH / WETH 100,1247.9322462653577,observed
2026-09,1790812799,26093737,0xcd26204e996dceb606ccf0bc6f5bf8ea6747a471df8be73b5855f01624d5d743,1790812799,0xd340b57aacdd10f96fc1cf10e15921936f41e29c,WETH,wstETH / WETH 500,1.6078869657044919,observed
2026-09,1790812799,26093737,0xcd26204e996dceb606ccf0bc6f5bf8ea6747a471df8be73b5855f01624d5d743,1790812799,0xc12af0c4aa39d3061c56cd3cb19f5e62deeaebde,WETH,wstETH / WETH 3000,0.005295538347354759,observed
2026-09,1790812799,26093737,0xcd26204e996dceb606ccf0bc6f5bf8ea6747a471df8be73b5855f01624d5d743,1790812799,0x202a6012894ae5c288ea824cbc8a9bfb26a49b93,WETH,weETH / WETH 100,1722.7384707850424,observed
2026-09,1790812799,26093737,0xcd26204e996dceb606ccf0bc6f5bf8ea6747a471df8be73b5855f01624d5d743,1790812799,0x7a415b19932c0105c82fdb6b720bb01b0cc2cae3,WETH,weETH / WETH 500,5033.694247401245,observed
2026-09,1790812799,26093737,0xcd26204e996dceb606ccf0bc6f5bf8ea6747a471df8be73b5855f01624d5d743,1790812799,0x6f5c74e2170cfd6f5b7829f4742dc54cec42ea07,WETH,weETH / WETH 3000,0.003569179049132633,observed
2026-09,1790812799,26093737,0xcd26204e996dceb606ccf0bc6f5bf8ea6747a471df8be73b5855f01624d5d743,1790812799,0x553e9c493678d8606d6a5ba284643db2110df823,WETH,rETH / WETH 100,154.75620267109335,observed
2026-09,1790812799,26093737,0xcd26204e996dceb606ccf0bc6f5bf8ea6747a471df8be73b5855f01624d5d743,1790812799,0xa4e0faa58465a2d369aa21b3e42d43374c6f9613,WETH,rETH / WETH 500,17.226993754194257,observed
2026-09,1790812799,26093737,0xcd26204e996dceb606ccf0bc6f5bf8ea6747a471df8be73b5855f01624d5d743,1790812799,0xf0e02cf61b31260fd5ae527d58be16312bda59b1,WETH,rETH / WETH 3000,7.155520731098498,observed
2026-09,1790812799,26093737,0xcd26204e996dceb606ccf0bc6f5bf8ea6747a471df8be73b5855f01624d5d743,1790812799,0xa96a65c051bf88b4095ee1f2451c2a9d43f53ae2,native_ETH,Curve.fi ETH/aETH,27.992374002035618,observed
2026-09,1790812799,26093737,0xcd26204e996dceb606ccf0bc6f5bf8ea6747a471df8be73b5855f01624d5d743,1790812799,0xc5424b857f758e906013f3555dad202e4bdb4567,native_ETH,Curve.fi ETH/sETH,1.0498630742494008,observed
2026-09,1790812799,26093737,0xcd26204e996dceb606ccf0bc6f5bf8ea6747a471df8be73b5855f01624d5d743,1790812799,0xdc24316b9ae028f1497c275eb9192a3ea0f67022,native_ETH,Curve.fi ETH/stETH,16870.179998848784,observed
2026-09,1790812799,26093737,0xcd26204e996dceb606ccf0bc6f5bf8ea6747a471df8be73b5855f01624d5d743,1790812799,0xf9440930043eb3997fc70e1339dbb11f341de7a8,native_ETH,Curve.fi ETH/rETH,20.166782317801008,observed
2026-09,1790812799,26093737,0xcd26204e996dceb606ccf0bc6f5bf8ea6747a471df8be73b5855f01624d5d743,1790812799,0x80466c64868e1ab14a1ddf27a676c3fcbe638fe5,WETH,Curve.fi USD-BTC-ETH,38.25539246178128,observed
2026-09,1790812799,26093737,0xcd26204e996dceb606ccf0bc6f5bf8ea6747a471df8be73b5855f01624d5d743,1790812799,0xa1f8a6807c402e4a15ef4eba36528a3fed24e577,native_ETH,Curve.fi ETH/frxETH,62.56817863369188,observed
2026-09,1790812799,26093737,0xcd26204e996dceb606ccf0bc6f5bf8ea6747a471df8be73b5855f01624d5d743,1790812799,0xbfab6fa95e0091ed66058ad493189d2cb29385e6,native_ETH,Curve.fi ETH/wBETH,1.0613325701450573,observed
