chain,project,symbol,pool,tvlUsd,apy,apyBase,apyReward,apyMean30d,category_hint
Ethereum,lido,STETH,747c1d2a-c668-4682-b9f9-296708a3dd90,26369151366,2.19,2.19,,2.24873,Liquid Staking
Ethereum,binance-staked-eth,WBETH,80b8bf92-b953-4c20-98ea-c9653ef2bb98,9434840068,2.20168,2.20168,,2.2341,Liquid Staking
Ethereum,ether.fi-stake,WEETH,46bd2bdf-6d92-4066-b482-e885ee172264,5946531016,2.34738,2.34738,0,2.32653,Liquid Staking
Ethereum,aave-v3,WEETH,db678df9-3281-4bc2-a8bb-01160ffd6d48,4073286986,2e-05,2e-05,,2e-05,Lending
Ethereum,sparklend,WSTETH,3b45941c-16cb-48c5-a490-16c6c4f1d86a,3650172530,0,0,,0,Lending
Ethereum,aave-v3,WSTETH,e6435aae-cbe9-4d26-ab2c-a4d533db9972,2582069329,0.00047,0.00047,,0.00019,Lending
Ethereum,rocket-pool,RETH,d4b3c522-6127-4b89-bedf-83641cdcd2eb,1396896481,2.17221,2.17221,,2.15501,Liquid Staking
Tron,justlend-v1,ETH,ae255d3e-5f02-4edd-aab3-ba43eead3a06,1288655187,0.00029,0.00029,0,0.00031,Lending
Ethereum,kelp,RSETH,33c732f6-a78d-41da-af5b-ccd9fa5e52d5,1118555260,2.22,2.22,,2.36655,Liquid Restaking
Ethereum,sky-lending,WETH,51d2f8d4-1fb5-4f6b-938b-e9cd17ca1ceb,789968129,0,,,0,CDP
Ethereum,aave-v3,WETH,e880e828-ca59-4ec6-8d4f-27182a4dc23d,732182792,1.48442,1.48442,,1.44833,Lending
Ethereum,sky-lending,WETH,54600482-cfb9-4dd9-a73b-342cffd4644a,720881554,0,,,0,CDP
Ethereum,meth-protocol,METH,b9f2f00a-ba96-4589-a171-dde979a23d87,631619929,2.17816,2.17816,,2.10855,Liquid Staking
BSC,binance-staked-eth,WBETH,566c64cb-c1ec-4027-bb67-1e9326d6d48a,566825258,2.20168,2.20168,,2.2341,Liquid Staking
Ethereum,coinbase-wrapped-staked-eth,CBETH,0f45d730-b279-4629-8e11-ccb5cc3038b4,506214014,2.36519,2.36519,,2.35203,Liquid Staking
Ethereum,stakewise-v3,OSETH,4d01599c-69ae-41a3-bae1-5fab896f04c8,419407332,2.32049,2.32049,,2.3139,Liquid Staking
Ethereum,morpho-blue,WSTETH,4ce0c458-2171-463b-92ce-458afe367a4e,417102880,0,0,,0,Lending
Ethereum,ether.fi-liquid,LIQUIDETH,b86d4934-2e75-415a-bdd2-e28143d72491,368689982,2.72909,2.72909,,3.24651,Onchain Capital Allocator
Ethereum,aave-v3,OSETH,e043585f-923f-4009-934f-005232f34a27,343360197,0,0,,0,Lending
Ethereum,sparklend,WETH,24195b31-d749-445f-bf9e-b65aa025ebdd,303378173,1.48166,1.48166,,1.45669,Lending
Base,morpho-blue,WETH,660e240a-ab18-43af-9d24-0245828f903f,215293499,0,0,,0,Lending
Ethereum,stader,ETHX,90bfb3c2-5d35-4959-a275-ba5085b08aa3,210345097,2.25679,2.25679,,2.31426,Liquid Staking
Ethereum,fluid-lite,ETH,e72916f7-a2d1-47ad-a4b9-2b054337cfd6,207561261,4.75455,,,4.70719,Yield Aggregator
Linea,ether.fi-stake,WEETH,d13ce20b-9c18-466e-be47-31ae642b0754,200076392,2.34738,2.34738,0,2.32653,Liquid Staking
Ethereum,liquity-v1,ETH,ddd25534-e3d5-4e4e-9b99-d3102323ac61,193934975,0,,,0,CDP
Ethereum,compound-v3,WSTETH,c47eea82-1e3d-4b66-8777-278b8db1dd77,173634277,0,,,0,Lending
Ethereum,fluid-lending,WSTETH,69b12bf9-edb6-46d9-b5bc-761cf9efe137,169193484,0.04,0.04,,0.03101,Lending
Base,uniswap-v3,WETH-USDC,b99bcdf5-1350-4269-981e-0e9b5cccb007,162547992,38.44169,38.44169,,66.32271,Dexs
Ethereum,compound-v3,WETH,072f6554-daa7-4708-80ba-371b896a89db,158757612,0,,,0,Lending
Ethereum,uniswap-v2,WISE-WETH,8ac917c6-12fa-49df-aa0b-ced2ebe54e91,151879063,0.00171,0.00171,,0.00766,Dexs
Ethereum,morpho-blue,WEETH,2ee0b92f-49ed-4cc1-83b6-3c63357f50d6,150327922,0,0,,0,Lending
Ethereum,aave-v4,WEETH,7c2da90f-1723-4538-a634-d3d5556c6261,147029510,0,0,,0,Lending
Base,aave-v3,CBETH,54470a44-22f4-4508-bbbb-2d8e2770ab77,145005790,0.00023,0.00023,,0.00025,Lending
Ethereum,aave-v3,WSTETH,d541708e-1283-4feb-bc7a-457fc5f8db2c,144874428,0.03294,0.03294,,0.03492,Lending
Ethereum,renzo,EZETH,e28e32b5-e356-41d9-8dc7-a376ece56619,118333709,2.14056,2.14056,,2.16424,Liquid Restaking
Ethereum,sparklend,WEETH,9da8a761-eb0f-4d41-ad05-0ebb2ed82913,113637175,0,0,,0,Lending
Arbitrum,aave-v3,WEETH,3df9ffeb-8c72-438c-a9ae-026488d8f2b2,113174262,3e-05,3e-05,,3e-05,Lending
Ethereum,stakewise-v3,ETH,05fca0cd-a063-547f-9dc4-41b41337e792,112655855,2.3805,2.3805,,2.3673,Liquid Staking
Ethereum,uniswap-v3,WETH-USDT,fc9f488e-8183-416f-a61e-4e5c571d4395,110543303,21.8979,21.8979,,41.63412,Dexs
Ethereum,aave-v3,RETH,f1a22245-a1f1-4389-8ff2-dde4914b272d,110537649,2e-05,2e-05,,2e-05,Lending
Ethereum,curve-dex,ETH-STETH,57d30b9c-fc66-4ac2-b666-69ad5f410cce,103833367,1.47,1.47,,1.29749,Dexs
Ethereum,compound-v3,WETH,94657e4e-5345-48f0-9132-f7a709e2021e,100882431,0,,,0,Lending
Ethereum,frax-ether,SFRXETH,5b3aebb3-891d-47fc-92e2-927ada3d5b82,100408907,2.51089,2.51089,,2.59186,Liquid Staking
Ethereum,uniswap-v3,USDC-WETH,665dc8bc-c79d-4800-97f7-304bf368e547,98508674,4.89134,4.89134,,11.55732,Dexs
Ethereum,fluid-dex,WSTETH-ETH,4f715567-420c-400d-9a62-0059331e3940,94162722,0.01524,0.01524,,0.39904,Dexs
Ethereum,compound-v3,WSTETH,ca969cae-bbcb-4cd7-985e-be4df9815e15,93881974,0,,,0,Lending
Ethereum,morpho-blue,WSTETH,7d114ce1-2af1-42c3-a719-406fbbc3ed92,85882813,0,0,,0,Lending
Ethereum,morpho-blue,WSTETH,462c6f50-ceab-4235-aa0e-21ee1e345908,82728607,0,0,,0,Lending
Arbitrum,pancakeswap-amm,WETH-GFC,d3abc08b-8d68-412c-9c77-f31b7bfba672,67518464,0,0,,0,Dexs
Ethereum,fluid-lending,ETH,1262521f-3ba5-47d7-b035-ace072a0d0df,66563600,1.82,1.82,,1.96404,Lending
Ethereum,treehouse-protocol,TETH,5762f4a8-bb48-45d6-90ed-2d93d1777169,66293453,0.16323,0.16323,,0.70687,DOR
Ethereum,fluid-lending,ETH,cbb9fc26-2b9e-436a-95d0-c75e2c0f5869,64151343,1.82,1.82,,1.96404,Lending
Monad,euler-v2,WETH,951e4e49-9760-49a3-aea9-bd832384219f,63916053,2.69201,1.20737,1.48464,2.71077,Lending
Ethereum,spark-savings,ETH,bace601a-530a-432c-9b79-8c6451de25ea,63123926,1.5,1.5,,1.49248,Yield
Ethereum,crvusd,WSTETH,59955098-843f-4173-a761-04c50b6d424d,61797075,0,,,0,CDP
Ethereum,morpho-blue,WEETH,be65ac8e-2b80-4582-a9d9-f8ff8ff73cb7,61376439,0,0,,0,Lending
Arbitrum,aave-v3,WSTETH,e62bcb01-ed4c-4ec9-8cfa-e86e7ccf7688,60928726,2e-05,2e-05,,2e-05,Lending
Ethereum,origin-ether,OETH,423681e3-4787-40ce-ae43-e9f67c5269b3,60518744,2.65019,2.65019,,2.65086,Liquid Staking
Ethereum,sky-lending,WSTETH,51eb4b5c-6d62-42fe-99d6-92ba6eecd2d5,59941898,0,,,0,CDP
Ethereum,liquity-v2,WSTETH,c19dd7b2-fab0-4137-a2d5-1031b03695d0,59784578,0,,,0,CDP
Ethereum,convex-finance,ETH-STETH,5ce23e7e-3800-4c9c-ad30-6db3db0515a1,58937608,1.5,1.5,0,1.29822,Yield
Ethereum,compound-v2,WETH,1e5da7c6-59bb-49bd-9f97-4f4fceeffad4,58061959,0,0,0,0,Lending
Ethereum,curve-dex,OETH-WETH,077b47b8-76c9-4081-97f2-9ca43ebdbaa0,57127186,1.61071,0.04,1.57071,1.53778,Dexs
Base,ether.fi-stake,WEETH,333f3e8b-6fe3-4ba0-9657-265ae94b7496,56895098,2.34738,2.34738,0,2.32653,Liquid Staking
Ethereum,curve-dex,CRVUSD-WETH,0fe44dca-3690-4bd2-85a6-77d823b283c5,55685440,7.34,7.34,0,10.1478,Dexs
Ethereum,aave-v3,TETH,7a950566-436e-4399-9e32-e92260a3e42d,49872127,0,0,,0,Lending
Ethereum,morpho-blue,WEETH,0b70c11c-75b6-4faa-a3af-0c17f4b3b38f,49026741,0,0,,0,Lending
Ethereum,compound-v3,WSTETH,007d03bd-4987-4b3b-b7d2-2f3af42fa4b4,48113885,0,,,0,Lending
Arbitrum,gmx-v2-perps,ETH-USDC,61b4c35c-97f6-4c05-a5ff-aeb4426adf5b,48024913,1.8552,1.8552,,3.98049,Derivatives
Ethereum,uniswap-v3,USDC-WETH,49717ee2-9808-4288-b76d-e658195b7979,46897608,13.71615,13.71615,,23.16342,Dexs
Base,aave-v3,WEETH,f0131970-afac-4835-b22c-520f192e01d5,45329906,9e-05,9e-05,,9e-05,Lending
Ethereum,uniswap-v4,ETH-USDC,a043091f-8295-44c4-b6c2-151faee0b8d1,44525444,8.43839,8.43839,,15.09775,Dexs
Ethereum,uniswap-v3,WBTC-WETH,c5599b3a-ea73-4017-a867-72eb971301d1,44470749,0.68062,0.68062,,1.55624,Dexs
Ethereum,uniswap-v3,WBTC-WETH,d59a5728-d391-4989-86f6-a94e11e0eb3b,41477346,5.07178,5.07178,,8.18139,Dexs
Gnosis,aave-v3,WSTETH,79af7462-170a-4e77-886d-898dc2145c78,39071351,0,0,,0,Lending
Monad,morpho-blue,WSTETH,e875c975-b9f7-4987-9b4b-a27f3633115f,38971192,0,0,,0,Lending
Base,aave-v3,WETH,23405eee-97e7-4b8e-8625-19c3a36047e8,38461586,4.21042,1.47014,2.74028,1.77864,Lending
Ethereum,compound-v3,ETH,85c57261-b75b-4447-a115-d79b1a7de8ed,37697711,1.44412,1.44412,0,1.33089,Lending
Ethereum,sky-lending,WSTETH,ccc467d1-bdf5-4062-81cd-7aed7dd9050b,37669570,0,,,0,CDP
Ethereum,swell-liquid-staking,SWETH,ca2acc2d-6246-44aa-ae91-8725b2c62c7c,36913343,2.37218,2.37218,,2.29605,Liquid Staking
Arbitrum,uniswap-v3,WETH-USDC,a14bd201-764c-40a5-86b8-2928b2461232,36811459,18.07699,18.07699,,26.33003,Dexs
Base,morpho-blue,CBETH,317747cc-b7b2-4acd-9047-73569916befe,36320674,0,0,,0,Lending
Arbitrum,uniswap-v3,WBTC-WETH,bb7e9353-129f-4e01-b822-f4250d0abb8a,35969755,7.00531,7.00531,,11.55836,Dexs
Ethereum,aave-v4,WSTETH,befcb753-f47d-4152-92a0-56b8f2f899b4,35783700,0,0,,0,Lending
Ethereum,swell-liquid-restaking,RSWETH,eff9b43c-a80d-4bfc-9f9e-55e02a8ef619,34653783,0.5535,0.5535,,0.63848,Liquid Restaking
Ethereum,uniswap-v4,ETH-USDT,281c146e-0332-4199-ada3-e225eef1c7de,33232054,17.17964,17.17964,,35.42774,Dexs
Base,aave-v3,WSTETH,361f0a3c-6adb-4b1c-bf35-f9cd79f2341c,32459468,0.00068,0.00068,,0.00057,Lending
Ethereum,uniswap-v2,PEPE-WETH,9f79f58d-6192-4ea1-944e-e1ae866fc2b2,31466209,4.48649,4.48649,,7.6622,Dexs
Ethereum,morpho-blue,WSTETH,0d999bae-a3d5-4c08-93f6-98abb32ce290,31150001,0,0,,0,Lending
Ethereum,puffer-stake,PUFETH,bac6982a-f344-42f7-9af4-a9882f4a77f0,31053789,2.33522,2.28206,0.05316,1.98781,Liquid Restaking
Ethereum,aave-v3,WETH,82969010-fb6e-4af6-a72c-55c8da9c78cf,30367146,4.98442,1.48442,3.5,5.03612,Lending
BSC,venus-core-pool,WBETH,b8872d86-c39e-423c-83dd-8b32f7eea91d,29763158,0.00473,0.00473,0,0.00509,Lending
Ethereum,alchemix-v3,WETH,d2c913a6-25be-5c09-bd32-72c63db7c660,29598418,2.42527,2.42527,,1.98766,Synthetics
Ethereum,liquity-v2,ETH,2c20c54c-f42d-4fb0-b474-28dad8f7b1b4,28818470,0,,,0,CDP
OP Mainnet,aave-v3,WSTETH,03a0cf78-c2f0-4ce5-85a8-2d5b77349276,28147469,0.00162,0.00162,,0.00167,Lending
Ethereum,bedrock-unieth,UNIETH,ad383eed-61d8-4378-80bd-a197d9a11c79,27524463,2.48016,2.48016,,2.53638,Liquid Restaking
Polygon,aave-v3,WETH,2b9bf1c6-a018-4e93-a32f-7cf6ccd311fc,26852175,0.37699,0.37699,,0.30607,Lending
Ethereum,curve-dex,ETH-STETH,08eaf098-4957-4922-bfca-cc0c46505a43,25911630,1.88139,1.69,0.19139,1.60539,Dexs
Ethereum,dolomite,WEETH,a4a3f225-e908-4575-b567-9efbfb9d7596,24546673,0,0,,0,Lending
Ethereum,dolomite,WETH,f78c355d-df33-44bf-96b1-39481a0dd89e,23593033,0.71633,0.71633,,0.56175,Lending
Ethereum,morpho-blue,WSTETH,58e1b97d-4391-4444-9160-7eef2e159013,23545562,0,0,,0,Lending
Ethereum,convex-finance,ETH-STETH,e378a7c2-6285-4993-9397-87ac9c8adc15,23538647,2.03747,1.74,0.29747,1.7117,Yield
Ethereum,morpho-blue,OETH,aaae213a-2331-4033-b259-0af9b161f101,23516619,0,0,,0,Lending
Ethereum,aave-v4,WSTETH,abea0e5e-1df0-4730-964d-69a19b0be1ce,23433655,0,0,,0,Lending
Ethereum,uniswap-v4,ETH-LINK,46ac97f1-cb18-40ad-9ae6-b6c31981684c,22895113,1.6336,1.6336,,28.18852,Dexs
Ethereum,ankr,ANKRETH,e201dbed-63fa-48e2-bfa2-f56e730167d2,22475125,2.54043,2.54043,,2.07588,Liquid Staking
Ethereum,uniswap-v2,USDC-WETH,702fff16-4bfa-4c1f-8c02-e0ea0f5ecde6,20952687,1.72463,1.72463,,3.10885,Dexs
Ethereum,autofinance,WETH,e9a686bf-21ed-4f78-82be-cd32625c4725,20821431,2.65708,2.47077,0.18631,2.7543,Yield
Ethereum,concrete,THUSD-USDC-ETH,c77c9bce-1b0a-4fb6-a1c8-f7c2067ef765,20471998,0,0,,0,Onchain Capital Allocator
Arbitrum,aave-v3,WETH,e302de4d-952e-4e18-9749-0a9dc86e98bc,19568379,1.09747,1.09747,,0.97471,Lending
Ethereum,yearn-finance,WETH,2b840e0a-2823-4972-9bfc-8b766c90374b,19526903,2.14946,2.14946,0,2.05612,Yield Aggregator
Ethereum,curve-dex,STETH-FRXETH,991df258-b474-4a40-8482-acf080e8ab39,18881515,1.83964,0.98,0.85964,1.63254,Dexs
Ethereum,convex-finance,STETH-FRXETH,c9873dab-0979-478c-b48c-3c3a0c935449,18880751,2.04422,0.98,1.06422,1.95678,Yield
Arbitrum,gmx-v2-perps,ETH-ETH,5e2aac09-71c8-4092-ba4f-00f1ac0d04fd,18802473,0.49962,0.49962,,1.02327,Derivatives
BSC,venus-core-pool,ETH,de8928ad-d03a-423d-92d7-3c4648e3ffd2,18715663,0.90719,0.90719,0,0.6247,Lending
Base,aerodrome-v1,WETH-VVV,a703f8c8-d94c-4bce-8c8b-a1ec8556f500,18219606,33.68904,,33.68904,33.60641,Dexs
Ethereum,morpho-blue,WETH,c17dcd78-e16e-474a-8661-443a2959c078,17815297,0,0,,0,Lending
Ethereum,liquity-v2,RETH,5f79c82d-8722-4464-b91b-f07b96fec13c,17706811,0,,,0,CDP
Ethereum,morpho-blue,WSTETH,4e678acf-4fd2-4f2b-b2fb-13130f8c6f27,17661224,0,0,,0,Lending
Ethereum,sky-lending,WETH,44c94cb2-8af3-4b7a-8cb5-0784ddcf3471,17495659,0,,,0,CDP
Ethereum,aave-v3,CBETH,fdf02dc0-c38d-4850-8d61-74668d281325,17237256,0.00015,0.00015,,0.00015,Lending
Ethereum,uniswap-v4,ETH-AZTEC,d8a6c89a-f323-4362-948d-2ceb42cfe7a6,16922868,0.73274,0.73274,,1.68656,Dexs
Ethereum,vesper,STETH,9b473092-6f2d-4fe6-af5a-f746b77ef5a0,16889642,2.61,2.61,0,2.18797,Yield Aggregator
Ethereum,symbiotic,WSTETH,c7b1c392-37c3-5c73-9725-e10bdb13b988,16789889,1.38834,0,1.38834,1.54274,Collateral Markets
Ethereum,uniswap-v4,ETH-WBTC,9507bfe0-3fd8-41dc-b2fc-4752244917fb,16586200,1.75887,1.75887,,4.39924,Dexs
Ethereum,fluid-dex,ETH-OSETH,d2c742e2-2807-4156-a665-d84ca06d56c8,16559996,2.4545,2.4545,,0.1241,Dexs
Ethereum,uniswap-v3,UNI-WETH,a9ee1b5f-558b-4e1d-a467-16345e64bc25,16328056,19.16608,19.16608,,42.138,Dexs
Ethereum,fusion-by-ipor,WETH,b01b6734-1ceb-4427-8a03-36fe9bd726b1,16133615,6.14251,3.15389,2.98863,6.2015,Onchain Capital Allocator
Ethereum,uniswap-v2,PAXG-WETH,40ac1aaf-26f1-4a04-b908-539f37672ef2,16051255,1.14292,1.14292,,2.70482,Dexs
Base,aerodrome-slipstream,WETH-CBBTC,4943b6d2-aad2-4f4d-b56e-93f41ef043aa,15942277,8.47245,5.12891,3.34354,4.75507,Dexs
Ethereum,morpho-blue,WEETH,31d8accf-ea88-4c74-ac05-99c835547654,15731630,0,0,,0,Lending
Ethereum,curve-dex,ETH+-WETH,f5ee25d0-d52d-4bf3-a3f9-515f018103c0,15538532,1.54495,0.01,1.53495,4.36839,Dexs
Ethereum,yield-basis,YB-WETH,d48e68fc-cfea-5091-9626-b527ef010255,15226462,3.13979,,3.13979,3.03028,Leveraged Farming
Ethereum,uniswap-v2,WETH-USDT,196aa543-1881-4515-9928-577693d4fa72,15095994,2.53268,2.53268,,3.47451,Dexs
Ethereum,fluid-dex,WEETH-ETH,d603563c-3780-4f9a-9625-25063b033c57,15075286,0.16246,0.16246,,0.50765,Dexs
Ethereum,curve-dex,OSETH-RETH,e7fe034b-6f68-4a8f-9cef-bab9bcd051e1,15033625,2.22,2.22,0,2.24594,Dexs
Ethereum,bancor-v3,ETH,37dcaa36-0839-4a8c-96a3-fac2bb31138a,14960830,0.03337,0.03337,,0.02512,Dexs
Ethereum,uniswap-v3,LINK-WETH,3025b6b3-e95f-490e-ba10-540c9b1b08f9,14612525,22.68674,22.68674,,27.30431,Dexs
Ethereum,curve-dex,USDT-WBTC-WETH,3c2762d6-9c06-4a42-b098-40f9f885ae02,14386167,2.64883,1.62,1.02883,2.04804,Dexs
Base,uniswap-v3,WETH-CBBTC,d632293f-ebd7-4316-850e-9b5dd4d992f3,14282118,15.86925,15.86925,,37.43128,Dexs
Ethereum,convex-finance,USDT-WBTC-WETH,3be97c90-d4a8-42b3-a0d0-2906ae4e9d27,14080582,3.36038,1.77,1.59038,2.5951,Yield
Ink,tydro,WETH,15baa435-9e38-4688-a345-6fe5783235ae,14080268,0.04332,0.04332,,0.3506,Lending
Ethereum,compound-v3,WEETH,ebe53ee0-db95-478e-8476-b8aa420be700,14041487,0,,,0,Lending
Ethereum,uniswap-v3,WETH-WEETH,84fb00e5-3c59-4878-8ebe-4fd601a861bd,13507825,0.0009,0.0009,,0.71999,Dexs
Ethereum,uniswap-v3,AAVE-WETH,472f422f-f809-4764-8169-b3e40e532bb3,13095670,18.89413,18.89413,,47.94623,Dexs
OP Mainnet,midas-rwa,ETH,7380a44d-da0e-460b-b149-0c2f2f271316,13000259,2.7,2.7,,2.18255,RWA
Polygon,aave-v3,WSTETH,dbddf880-255a-4754-83ca-4580fea4ad7b,12963680,0.00039,0.00039,,0.00049,Lending
Ethereum,curve-dex,MSETH-WETH,4257ff95-e25c-4340-885d-8ad87c41481b,12925822,2.74897,0.03,2.71897,1.8827,Dexs
Ethereum,curve-dex,WETH-WEETH,747e43ae-940f-430b-a216-251d5949b27e,12558636,2.36478,1.76,0.60478,2.17626,Dexs
Ethereum,uniswap-v2,WETH-SPX,d1333759-d29f-4ef7-9347-0109583e5a9a,12485570,5.86156,5.86156,,12.0905,Dexs
Arbitrum,fluid-lending,WSTETH,eec88a7a-789c-4953-b33c-56d5fb3db8cf,12210912,0,0,,0.00137,Lending
Ethereum,yield-basis,YB-WETH,944c101a-ea3b-5f0a-a2d3-e7580f99c69b,12207336,1.95317,1.95317,,1.88308,Leveraged Farming
Base,aerodrome-slipstream,WETH-USDC,1328ac9d-9939-4719-a85a-114935209e08,12088294,75.83493,42.80551,33.02942,266.44776,Dexs
Ethereum,curve-dex,USDT-WBTC-WETH,9e4dbe67-f5fc-4428-8e6f-93d464f40a0d,12079083,0.5212,0.52,0.0012,0.77001,Dexs
Ethereum,uniswap-v4,ETH-USDC,ddadea36-5269-4780-a88d-7fe99ad20d40,12051672,34.25759,34.25759,,15.46988,Dexs
Base,uniswap-v3,WETH-CBBTC,ae6e650d-2da1-43ee-b960-2adfdf4dc2b7,11626006,6.47218,6.47218,,15.59131,Dexs
Base,yo-protocol,WETH,2070ceaf-eedb-4795-9ede-6841ec515e1a,11268747,2.6029,2.6029,,2.37158,Yield Aggregator
Avalanche,aave-v3,WETH.E,c715efe7-a70d-4358-b2c2-c149cf658612,11148141,0.84221,0.84221,,1.45612,Lending
Base,sushiswap,WETH-NORMIE,fbf49c21-4d60-429c-bfb4-e215dcdc2204,11036561,0,0,,0,Dexs
Ethereum,reserve-protocol,ETH+,4e6cd326-72d5-4680-8d2f-3481d50e8bb1,11025111,4.78524,4.78524,,2.30228,Indexes
Ethereum,uniswap-v4,ETH-WBTC,e9ca4d9f-182f-4bb3-9644-77a9953b9624,10926230,3.2123,3.2123,,6.08461,Dexs
Ethereum,curve-dex,WETH-FRXETH,5455e498-1ca6-4f36-80f4-cf6a2f977c51,10893953,0.69341,0.1,0.59341,0.61552,Dexs
Ethereum,uniswap-v4,ETH-USDT,b3665630-8cb7-4aa0-9dfd-c2e52af27045,10886224,5.70751,5.70751,,7.54094,Dexs
Ethereum,sushiswap-v3,WBTC-WETH,9841b459-73c8-45b9-9ebd-3499192ca71a,10845479,0.89935,0.89935,,2.17087,Dexs
BSC,aave-v3,ETH,91eed93a-e7e0-49fa-92c1-40f2b2768fd9,10773131,0.59864,0.59864,,0.50455,Lending
Ethereum,convex-finance,ETH+-WETH,152b7ce2-7193-475d-9b15-3f17fee66047,10754142,2.77243,0.01,2.76243,5.84951,Yield
Ethereum,convex-finance,WETH-WEETH,7a943c54-a3cc-4977-b400-6bcad3d0c06c,10677374,2.76433,1.77,0.99433,2.55825,Yield
Base,aerodrome-slipstream,WETH-CBBTC,07eda095-9e08-4f82-ad79-2225c60ed229,10572822,88.12254,47.00008,41.12246,220.56724,Dexs
Ethereum,uniswap-v4,ETH-UNI,d375185a-a911-460d-ad17-0362508660bf,10321532,19.02144,19.02144,,38.96433,Dexs
Ethereum,beefy,USDT-WBTC-WETH,0ead67be-6b4b-40d7-8597-ca3debbd7752,10252856,3.25483,,,2.65731,Yield Aggregator
Base,fusion-by-ipor,WETH,a1dc9b8c-bf6b-4132-8578-a501c063a3c8,10073420,2.0123,1.19162,0.82068,4.26098,Onchain Capital Allocator
Ethereum,uniswap-v3,WETH-USDT,f7dd8768-77be-4f91-96d6-dd563ac23dd5,10026481,20.83598,20.83598,,26.30589,Dexs
Base,uniswap-v4,WETH-BLUEAGENT,24cfc9c2-8f22-469b-8ec7-a2896e5ac967,9964096,0.00373,0.00373,,4.23724,Dexs
Base,uniswap-v3,WETH-USDC,8b3cadb9-b9f1-4539-998c-18c02e9e65a0,9922150,24.56427,24.56427,,36.83502,Dexs
Base,morpho-blue,CBETH,e040bdef-6e6e-4627-bc88-75a0b26605b0,9816974,0,0,,0,Lending
Ethereum,uniswap-v4,ETH-DHN,b1cfd876-2f08-5df6-9f52-50e46808942e,9634391,4.47895,4.47895,,9.022,Dexs
Ethereum,uniswap-v2,DAI-WETH,011b1887-e763-44cc-be06-7764fc3d194c,9487009,1.32478,1.32478,,2.49438,Dexs
Ethereum,aave-v4,WETH,e25b2934-8c6c-468a-b680-d6cba811b85f,9401878,1.71399,1.71399,,2.14012,Lending
Ethereum,uniswap-v2,WBTC-WETH,a1c73c84-39d2-4cf3-b2cc-652853967e5c,9339043,0.25775,0.25775,,0.61243,Dexs
Ethereum,uniswap-v2,WETH-USD,73befc03-3b92-49dc-8750-82f382a01003,9333789,0,0,,0,Dexs
Arbitrum,uniswap-v4,ETH-USDC,f36b3efe-124c-4261-9b8c-29dd39c2b8e8,9292066,9.37465,9.37465,,14.37849,Dexs
Ethereum,sushiswap-v3,DAI-WETH,089a0c17-446b-4bbd-97ee-882e30684ad7,9232315,5.86836,5.86836,,10.62682,Dexs
Base,uniswap-v4,ETH-POD,371fd70e-301d-49e0-b072-a8af7470d8d4,9210280,113.8823,113.8823,,39.80174,Dexs
Cronos,vvs-standard,CDCETH-WETH,ffcad946-616c-53c4-b3c6-6565d9a906ec,8975217,0.00672,0.00672,,0.03132,Dexs
Ethereum,uniswap-v4,ETH-ZIK,775a936e-60bb-422c-bf35-ff970356b580,8938673,0.00017,0.00017,,0.00039,Dexs
Base,aerodrome-slipstream,WETH-USDC,10137e20-efbc-4e15-a733-17ecb52c48e8,8936783,46.72445,29.0223,17.70215,37.27533,Dexs
Monad,euler-v2,WETH,63339201-f070-41e4-94cf-85dc19637da4,8906736,2.70927,1.20927,1.5,2.70964,Lending
Base,aerodrome-v1,WETH-USDC,e8cb4dbb-9e66-4cfa-9c77-407118b128a0,8772306,5.93209,0.35145,5.58064,8.3227,Dexs
Arbitrum,compound-v3,WSTETH,05b39877-c068-450b-bd0c-cc6e47886aa7,8767756,0,,,0,Lending
Ethereum,uniswap-v3,LSETH-WETH,b16b4a73-dde5-4a4d-93d3-5785c4eb4a04,8453144,0.02806,0.02806,,0.02346,Dexs
Ethereum,origin-arm,ARM-WETH,7dcbc810-3f9d-54c7-bb06-037a3954558c,8443531,2.71988,2.71988,,2.56842,Yield
Ethereum,fluid-lending,WSTETH,e278d5a4-b0b5-43d5-8064-c65a3f386b8a,8353417,0.04,0.04,,0.03101,Lending
Arbitrum,compound-v3,WSTETH,03f97f6b-3e17-4ccd-8687-0b3f736441b3,8219209,0,,,0,Lending
Ethereum,convex-finance,WETH-FRXETH,4fc7d3dc-a6f0-40e6-af53-ab9d6b50b5c0,8200221,0.88398,0.1,0.78398,0.86952,Yield
Ethereum,uniswap-v2,WETH-FLOKI,542cda14-2cee-4069-b83c-328b93910dbf,8063449,1.57044,1.57044,,2.03204,Dexs
Base,morpho-blue,WSTETH,afce8a53-cee4-4e62-b2b4-f80dcaaf87b5,8049836,0,0,,0,Lending
Ethereum,stake-dao-yield,MSETH-WETH,71fa0340-09b5-4635-887b-1ce010e602ad,7915641,3.67892,0.05,3.62892,2.65812,Yield
Ethereum,morpho-blue,WEETH,a30003e4-84b0-57ec-9c8d-b5d1ef38d90a,7863932,0,0,,0,Lending
Ethereum,aave-v3,WETH,ef8c5c38-6a41-4383-9dc8-6fb31e69a0c9,7645209,1.41455,1.41455,,1.49574,Lending
Ethereum,beefy,ETH+-WETH,c98203f5-ea5c-42b0-ab85-f3edfd7b9cbe,7569586,5.50117,,,6.7034,Yield Aggregator
Monad,euler-v2,WETH,8230dac6-31e8-5957-b442-90509858cc68,7555506,2.71606,1.21606,1.5,2.79441,Lending
Ethereum,morpho-blue,RETH,a7262f82-b4fd-4e5d-adea-43fb1e5df68d,7522719,0,0,,0,Lending
Katana,yearn-finance,VBETH,23efa6ee-dbe8-4590-9857-5e0a4bcfc9ed,7237310,2.58688,1.43601,1.15087,2.99415,Yield Aggregator
Base,compound-v3,WETH,d83facac-3757-4b19-a84c-f3c0850dfe2a,7207021,0,,,0,Lending
Base,uniswap-v4,ETH-DPHN,3b9bc974-a08d-4b48-82f3-33b8bf1bc6e8,7030386,0,0,,0,Dexs
Ethereum,uniswap-v3,WETH-FOOM,0d7a79a7-827f-49cd-adce-c834a5f5b5bf,6973240,0,0,,0.00159,Dexs
Ethereum,lista-lending,WETH,45e23921-be3d-5419-9642-f1aa799307e6,6914584,5.63605,0.85286,4.78319,5.0798,Lending
Ethereum,convex-finance,USDT-WBTC-WETH,ad3d7253-fb8f-402f-a6f8-821bc0a055cb,6823249,0.64573,0.64,0.00573,0.77496,Yield
Ethereum,sushiswap,DELTA-WETH,78d075ab-9e77-451b-b390-d8fec7b04143,6822414,0,0,0,0.00598,Dexs
Ethereum,curve-dex,WETH-CVX,3e889559-f3f0-4f36-93e6-5e7d2b33ed99,6819776,11.82735,3.58,8.24735,10.52798,Dexs
Arbitrum,cian-yield-layer,WSTETH,93979396-e1b4-4119-b99b-433970d0983a,6805905,1.45,,,2.30841,Yield Aggregator
Ethereum,fluid-dex,USDC-ETH,da292ed1-aff5-44e0-8e23-333a1c61ee7f,6698762,1.0333,1.0333,,21.46622,Dexs
Ethereum,aave-v4,WETH,905359b0-509c-48ab-b8aa-fece2e5002ad,6673544,0,0,,0,Lending
Ethereum,uniswap-v3,WSTETH-WETH,ecd0c563-8aa2-423e-b8e9-d3259a316df9,6645187,1.11717,1.11717,,2.52717,Dexs
Ethereum,uniswap-v3,WETH-RAIL,e93c4024-939e-40a9-a198-4a28790cbb9f,6598023,3.33918,3.33918,,13.5144,Dexs
Base,harvest-finance,WETH,b56ecd94-1433-412b-9ebd-c313e5ae78cb,6546308,3.83,3.83,,4.39592,Yield Aggregator
Base,fusion-by-ipor,WETH,03e9d970-3a5a-4aa7-aa3e-0e2fd839a0ec,6543510,4.26511,2.91638,1.34873,4.64627,Onchain Capital Allocator
Ethereum,uniswap-v3,USDC-WETH,8b3ed515-5e6f-449a-9b64-25113cda7a29,6538299,23.78144,23.78144,,40.72346,Dexs
Arbitrum,fluid-lending,ETH,a980d165-d64a-45d8-b9c9-de2d628f5f23,6532458,1.23,1.23,,1.16936,Lending
Ethereum,uniswap-v4,1INCH-WSTETH,efeb2357-5a2b-44a4-8d94-3fd8a82b826c,6513101,13.88532,13.88532,,7.41672,Dexs
Arbitrum,uniswap-v3,WETH-USDT,49bdce2c-65d0-4bb7-bdc0-dc0d642317e6,6427862,9.62892,9.62892,,15.41996,Dexs
Ethereum,curve-dex,ALETH-FRXETH,7619ddc5-29c3-4d65-b15e-9fb7abf0da88,6426083,1.65659,0.1,1.55659,1.45824,Dexs
Ethereum,balancer-v3,RETH-WAETHWETH,efbb5313-739c-4667-aa99-379f84f5b600,6400220,5.30861,1.82384,3.48477,5.46381,Dexs
Base,fusion-by-ipor,CBETH,8d8b3ef8-1fee-4314-8cae-cdde303e4947,6394376,3.78732,2.76242,1.0249,5.59577,Onchain Capital Allocator
Arbitrum,compound-v3,WETH,0e289cf3-fee2-43fc-b387-ae7a20cfaf07,6295586,0,,,0,Lending
Monad,aave-v3,WEETH,06278df9-008d-55aa-9b7f-d2bf72bb2da2,6259126,0,0,,0,Lending
BSC,uniswap-v3,ETH-WBNB,a0a4cf75-ccd3-4ec3-a7d3-79ca59d33646,6220716,5.34097,5.34097,,10.466,Dexs
Ethereum,uniswap-v3,CIRBTC-WETH,f52d4484-76a3-5f08-8f73-367ed0884e70,6176392,0.27412,0.27412,,0.44781,Dexs
Ethereum,across,WETH,5f92620a-e60b-4871-baee-1e47cb074764,6118632,2.79315,0.19856,2.59459,2.60224,Cross Chain Bridge
OP Mainnet,uniswap-v3,USDC-WETH,b2cca178-6e44-4e34-bdec-693994727bc4,6062982,47.11268,47.11268,,78.98081,Dexs
OP Mainnet,aave-v3,WETH,3e332a41-3a15-41bc-8d5c-438c09609349,6014275,1.12757,1.12757,,1.04624,Lending
Ethereum,crvusd,WETH,fd9e9a70-84fe-43fc-a76b-d3efcd0ead10,5984391,0,,,0,CDP
Ethereum,crvusd,WEETH,adab74f3-e615-4b58-893f-2a11d203824a,5977255,0,,,0,CDP
Ethereum,uniswap-v3,RCH-WETH,1edc8161-b61a-4c93-afdf-36c9376322b4,5939465,0.00164,0.00164,,0.00297,Dexs
Ethereum,curve-dex,USDC-WBTC-WETH,4c29fa57-dec3-4977-ac87-805b0833235c,5884959,2.55965,0.69,1.86965,3.02955,Dexs
Base,morpho-blue,WSTETH,525c6864-6e24-4d23-aa44-62344acdf527,5836341,0,0,,0,Lending
Ethereum,uniswap-v2,MOG-WETH,49b23f29-ffea-4676-9c7b-40b58845be74,5820741,4.16541,4.16541,,8.21688,Dexs
Ethereum,fluid-dex,RSETH-ETH,acbd8c1e-4dcc-4297-9ef1-b7cb9c5e421f,5808993,1e-05,1e-05,,0.3972,Dexs
Ethereum,uniswap-v3,WDOGE-WETH,afcd77c4-3900-4bd7-aae8-a8d10edea579,5806381,0,0,,0.00625,Dexs
Base,uniswap-v4,ETH-USDC,642f316f-f3bf-414b-9536-122c688831e0,5761607,10.23123,10.23123,,24.62356,Dexs
Ethereum,uniswap-v2,ELON-WETH,6220e7aa-f086-4340-bd72-2ef46efb5418,5713824,0.2661,0.2661,,0.45744,Dexs
Arbitrum,uniswap-v3,WETH-USDC,94594b8f-fd0c-48c3-b760-87c8e56b64fa,5687740,13.50187,13.50187,,29.01361,Dexs
Katana,morpho-blue,WEETH,ea690139-f174-4e68-94e7-2420ac1d61c4,5624744,0.19821,0,0.19821,0.01593,Lending
Base,aerodrome-slipstream,WETH-SUPEROETHB,bc33d1ea-f566-40eb-b0a8-8d8dcf425f18,5616652,0.82632,0.02328,0.80304,1.38988,Dexs
Ethereum,uniswap-v3,UNI-WETH,e6922191-75b3-4b30-8258-1a8e09bbe739,5591443,0.02751,0.02751,,11.74444,Dexs
Ethereum,pendle-v2,WSTETH,66329c23-3419-48cf-82ea-f0a058e899a4,5502552,2.35775,2.26487,0.09288,2.45731,Yield
Ethereum,pendle-v2,WSTETH,97f2876b-d4f9-4d86-95fe-da16314c838c,5502552,2.13025,2.13025,,2.09934,Yield
Katana,morpho-blue,YOG-ETH,96b8354b-36db-5f9a-a5aa-c103dbffa720,5497200,2.95092,2.66689,0.28404,3.08073,Lending
Ethereum,native-credit-pool,WETH,76aa8b2e-c5cd-4ae5-8182-c74ee969d71d,5436286,3.744,3.744,,3.744,Lending
Ethereum,origin-arm,ARM-WETH-STETH,0610f132-4f4e-415d-bfde-81c81694fe8e,5419186,3.63689,3.63689,,2.26774,Yield
Ethereum,fusion-by-ipor,STETH,eddd84ad-dda7-49ea-9313-662e25e9e518,5381396,4.67127,4.67127,0,5.30005,Onchain Capital Allocator
Ethereum,stake-dao-yield,ETH+-WETH,4bb2f9f5-0015-4d4b-ba35-717cd9e107dc,5377066,5.73384,2.88,2.85384,5.66057,Yield
Ethereum,convex-finance,WETH-CVX,25d9dc49-3182-493a-bda4-0db53b25f457,5254246,16.53804,4.27,12.26804,15.31193,Yield
Mantle,fluxion-network,USDT0-WETH,70f8fccf-080b-5d78-8a67-0e87a0a578a5,5157910,0.43054,0.43054,,9.93702,Dexs
Ethereum,morpho-blue,WSTETH,24b1da79-0456-433e-b683-6f66b55975d9,5155476,0,0,,0,Lending
Ethereum,uniswap-v2,NPC-WETH,ae3be39f-ee3b-43de-a644-2924d7d33106,5154110,6.96594,6.96594,,15.44251,Dexs
Ethereum,curve-dex,CRVUSD-TBTC-WSTETH,92710d25-ca4e-49b4-bbc2-355aa6b3460c,5129956,3.00202,1.19,1.81202,3.39831,Dexs
Ethereum,uniswap-v3,OHM-WETH,dea7e764-1c6a-4d51-bb35-5f428fc85b57,5099417,0.93848,0.93848,,1.7918,Dexs
Ethereum,balancer-v2,BAL-WETH,30eedaf4-83f7-418b-985b-89478d4b90e6,5043018,0.07356,0.07356,,1.78026,Dexs
Ethereum,morpho-blue,WSTETH,954cd4ab-4253-4d86-a968-2cb5017c497b,4975504,0,0,,0,Lending
Ethereum,uniswap-v3,WETH-WEETH,7434bb67-f79a-4dc7-b3aa-1399a6193fbf,4954562,0.57702,0.57702,,0.35144,Dexs
Ethereum,uniswap-v3,WETH-KCS,add9f7d1-74f7-49e1-b49b-5b2772776708,4930601,0.6491,0.6491,,0.78196,Dexs
Base,harvest-finance,ETH,edb8b112-dfbd-4a6b-b504-bf8199236628,4900171,2.8,2.8,,3.08704,Yield Aggregator
Base,fluid-lending,WSTETH,36b175f1-bb53-4b27-b381-009a57657445,4892993,0.05,0.05,,0.06942,Lending
Ethereum,uniswap-v4,ETH-ADO,55d86ca5-baf3-418f-8f8d-d8f31f287bb1,4835003,0.23135,0.23135,,0.15881,Dexs
Ethereum,uniswap-v4,ETH-WLFI,ee3c4dff-2f07-40d0-8d4e-3bdd91fe5dcd,4822846,3.23598,3.23598,,3.7994,Dexs
Ethereum,convex-finance,CRVUSD-TBTC-WSTETH,924df19e-c478-4033-a2d7-bc41ed9bc4dc,4791008,4.1828,1.33,2.8528,4.43176,Yield
Ethereum,crvusd,SFRXETH,8d76c5e4-1766-4cf0-a9ca-912633a2f01a,4710194,0,,,0,CDP
Arbitrum,gmx-v2-perps,ETH-USDC,a4fc0bc3-07f2-4dfe-9b1e-df33490bced1,4709076,10.80004,10.80004,,13.39123,Derivatives
Ethereum,dolomite,WSTETH,07b253f0-924e-42e9-955e-fb15519e3d2f,4669803,0,0,,0,Lending
Polkadot,hydration-dex,AETH-WSTETH,d3c48526-63c5-48c4-a2bc-11dd4172a458,4588522,0.2433,0.2433,,0.25227,Dexs
Base,fusion-by-ipor,WETH,9bc9efe0-a3d0-4fba-bf76-fd2ee5b49a35,4564263,5.17519,4.21942,0.95577,5.72971,Onchain Capital Allocator
Base,aerodrome-v1,VIRTUAL-WETH,2669bac4-c8c1-4436-b00c-0b9287681b3f,4557700,12.77812,,12.77812,17.43378,Dexs
Ethereum,fluid-lending,WSTETH,c2881fc1-3a80-4fd5-9281-25898924b372,4536905,0.04,0.04,,0.03101,Lending
Ethereum,uniswap-v2,UNI-WETH,8d590f2f-98b3-42c6-aa6e-47460f2097a8,4504481,6.76936,6.76936,,14.7561,Dexs
Ethereum,convex-finance,USDC-WBTC-WETH,e3f71a8e-8f7c-4bc7-b111-f883c48c97af,4486518,4.11995,0.86,3.25995,4.61416,Yield
Ethereum,convex-finance,MSETH-WETH,c130b363-10fa-46d9-8221-3b23ed8027b4,4392866,3.24742,0.03,3.21742,3.81419,Yield
Ethereum,compound-v3,TETH,31063861-ab4d-43a7-a071-c240fe08a8be,4365492,0,,,0,Lending
Ethereum,fluid-dex,FLUID-ETH,a49d99b5-bbb2-40c1-8965-6d2135da8118,4324847,0,0,,0,Dexs
Ethereum,fluid-lending,WEETH,5554eb0a-d66e-4878-af40-9c53c3dbb4e0,4312435,0,0,,0,Lending
Base,uniswap-v3,BALD-WETH,6e4fddd9-aa03-46dc-9141-9d68ad3b7a55,4259182,0.00036,0.00036,,0.01891,Dexs
Base,aerodrome-v1,WETH-KTA,8ee7be96-79ab-4a27-87b1-097359555e0b,4217615,5.15459,,5.15459,8.52255,Dexs
Base,fluid-lending,WSTETH,0b025dd3-dd86-4389-8967-17d4cc1485f9,4184532,0.05,0.05,,0.06942,Lending
Ethereum,uniswap-v2,WETH-SUPER,2b62066c-f6f8-4609-b9f8-375525ea628e,4177619,22.58876,22.58876,,12.37132,Dexs
Ethereum,dolomite,METH,0ea9566b-d015-42f1-a03a-35d81d7e4a5a,4069007,0,0,,0,Lending
Ethereum,uniswap-v3,WETH-EIGEN,1b12d383-6ca1-4047-bae1-28c9c58f04ac,4066580,0.47856,0.47856,,5.03106,Dexs
Ethereum,uniswap-v3,CULT-WETH,402fc2bb-bf5e-453e-aec0-1a4cef273c03,4054935,2.84984,2.84984,,2.32235,Dexs
Ethereum,curve-dex,ALETH-WETH,92d8447d-f8fa-4862-889c-7defd260b9dc,4049425,1.3829,0.14,1.2429,1.34382,Dexs
Base,fluid-lending,ETH,c0b49fb8-d73c-42ec-8538-c2b3feb69242,4049094,1.14,1.14,,0.91241,Lending
Base,aerodrome-slipstream,WETH-WSTETH,05bd3778-2cb9-424d-a4bc-5707f8612a75,4002108,2.95279,2.13243,0.82037,3.16399,Dexs
Base,morpho-blue,CBETH,b8f4482a-30e5-4e3b-95c7-ccaa86aeeaef,3936365,0,0,,0,Lending
Ethereum,balancer-v2,WSTETH-AAVE,201e5f6e-cf75-4d0e-b07f-d58da3cee23a,3926728,4.32072,4.32072,,1.3801,Dexs
Ethereum,uniswap-v3,WETH-USDT,3a2f2faf-6423-4569-ad93-821c54cbe702,3902662,8.87205,8.87205,,14.71018,Dexs
Cronos,tectonic,WETH,cb0760b3-ab98-4b76-bbb4-d466f351dc3d,3819460,0.00137,0.00137,0,0.00172,Lending
Ethereum,uniswap-v3,INST-WETH,ab8c01f0-0586-4077-bae8-86b3e05704c3,3780110,3.0789,3.0789,,1.13132,Dexs
Ethereum,uniswap-v2,NEIRO-WETH,4f090daa-bdd6-4208-8b05-a59d33c07fe1,3710258,5.70037,5.70037,,6.10474,Dexs
Ethereum,uniswap-v2,SWFL-WETH,2511bbcc-2982-4f3c-ae05-f83faeed1bc1,3702907,0.00598,0.00598,,0.00029,Dexs
Avalanche,pharaoh-v3,WETH.E-WAVAX,1a72e920-0b77-4d75-8e90-d26aa872f0cc,3657312,53.2728,0,53.2728,73.76913,Dexs
Ethereum,uniswap-v3,DAI-WETH,c7a4d490-cd63-49a2-a969-61854b80344e,3655208,3.94125,3.94125,,8.56603,Dexs
OP Mainnet,velodrome-v2,ALETH-WETH,e2952fae-baab-4c1e-a3fb-b4815c7e1c8d,3619066,8.12766,,8.12766,6.85,Dexs
Ethereum,frankencoin,WSTETH,888ca1ed-b0cc-4a94-b104-54ed0b7a62ff,3594985,0,,,0,CDP
Arbitrum,uniswap-v4,ETH-USDC,a0240b73-abf8-43dd-8f6e-cc3cc9774d64,3552146,7.79233,7.79233,,15.85364,Dexs
Ethereum,uniswap-v4,ETH-VIBE,f820ac25-379b-5b24-b6b2-61cd0f48f3e9,3541658,164.27462,164.27462,,132.87876,Dexs
Ethereum,aave-v4,RSETH,39e1a12f-8a90-415d-96d7-5417ae7ac3fc,3503482,0,0,,0,Lending
Arbitrum,compound-v3,WETH,4e7fd7a4-4f10-421a-8ba0-0531b105bddb,3499105,0,,,0,Lending
Base,uniswap-v3,WETH-AIRDROP,4961bfb7-5a6c-4d50-a39f-f9cb8d678304,3489367,0.0002,0.0002,,0.0006,Dexs
Ethereum,uniswap-v2,XFI-WETH,330e25b4-ffcd-4fcb-a49d-c20aa8df8862,3485390,0,0,,0.00053,Dexs
Ethereum,uniswap-v4,USDC-WETH,28cf95d4-a150-489c-a492-ec6a178f82ba,3443596,0,0,,1.87523,Dexs
Base,uniswap-v3,WETH-BORED,0f11964a-2ccc-4a44-a848-d743c7d836c4,3436365,0.00016,0.00016,,0.00413,Dexs
Base,aerodrome-v1,WETH-AERO,69c0fc74-dee5-4c60-9aed-a593661d54ea,3417630,14.43773,,14.43773,13.52588,Dexs
Base,uniswap-v4,WETH-SURPLUS,74af654d-1d20-448a-8f8b-151d4c1df070,3412872,39.62532,39.62532,,51.9799,Dexs
Ethereum,morpho-blue,WSTETH,d5ee6990-f210-460f-9dad-26dabf4eb651,3404323,0,0,,0,Lending
Base,aerodrome-slipstream,WETH-AERO,3aebe700-db0b-49e2-82f6-564acdfae434,3373177,130.17829,93.3559,36.82238,184.0741,Dexs
Ethereum,frankencoin,WSTETH,9550d955-b7f4-4cde-8706-4e9dddf8fbe6,3337962,0,,,0,CDP
Ethereum,beefy,MSETH-WETH,42b421f5-0cf1-4380-b9aa-302eabd92503,3317546,3.0182,,,3.62987,Yield Aggregator
Base,morpho-blue,WSTETH,f28eb055-b5a9-4832-8fa3-caf3acefceec,3288097,0,0,,0,Lending
Ethereum,uniswap-v2,OCEAN-WETH,f59fb7e3-44dd-4cf7-8724-26f5d5a1a45d,3275487,0,0,,0,Dexs
Ethereum,uniswap-v2,BANANA-WETH,fda94d45-2066-4785-876c-550a18ff5fe4,3275191,1.68365,1.68365,,3.25658,Dexs
Ethereum,morpho-blue,WEETH,4cbf319b-17cf-4e61-bad1-17030179f5ea,3219534,0,0,,0,Lending
Ethereum,uniswap-v2,DOGE-WETH,f6d93812-7302-4692-b656-41f91b59d2e9,3212184,2.05298,2.05298,,2.31767,Dexs
Base,uniswap-v2,WETH-DINO,c11562a5-29bd-444a-9223-f7362f4a89d2,3207002,0.26333,0.26333,,0.35848,Dexs
Ethereum,uniswap-v2,WETH-GEKKO,c11b8b80-c301-41de-b7ab-8c0740cf6fe8,3181886,0.02137,0.02137,,0.00843,Dexs
Fantom,curve-dex,FUSDT-BTC-ETH,0ead1be3-46fe-4baa-9523-bedbba278069,3142124,0,0,0,0,Dexs
Ethereum,yearn-finance,WETH,7df4c62f-7851-43d9-9d9f-f0c5bf9cec32,3104631,1.66911,1.66911,0,1.70108,Yield Aggregator
Ethereum,curve-dex,PUFETH-WSTETH,4b179a19-7b56-4b0d-a876-95f89dba3ef9,3084200,0.05118,0,0.05118,2.32303,Dexs
Ethereum,uniswap-v4,ETH-STKGHO,392c849a-c9da-4673-bd30-47e279fee8ed,3027948,0,0,,0,Dexs
Base,fluid-dex,WSTETH-ETH,edcaa0e5-5349-4405-80d3-673b2ce8b6a0,3013136,0.14438,0.14438,,0.26776,Dexs
Ethereum,uniswap-v4,ETH-SYRUP,d8490bb4-a01e-4f21-aaaf-15e6e953951d,2998724,34.75425,34.75425,,41.22223,Dexs
Base,aerodrome-slipstream,WETH-VVV,ebbea9be-5a51-4e12-a113-d8524b3fc2dd,2995962,4e-05,4e-05,0,5.54735,Dexs
Ethereum,uniswap-v4,WBTC-WSTETH,14452c51-acd7-44cf-90a1-b4055497f506,2994015,4.81805,4.81805,,11.50286,Dexs
Ethereum,uniswap-v2,WDOGE-WETH,3a139a63-19f0-4461-abbf-8f0f94026cb0,2957682,0.25278,0.25278,,1.10063,Dexs
Ethereum,euler-v2,WSTETH,f51d845a-6979-4ccb-b73f-4738a753dd85,2947395,0.01792,0.01792,,0.01748,Lending
Ethereum,uniswap-v3,ENA-WETH,5a7ea2ca-8651-487e-90ca-e7b06102a050,2947375,41.46477,41.46477,,90.87789,Dexs
Ethereum,curve-dex,CRVUSD-WETH-CRV,4e5fba01-93a0-481f-9514-052f7f250de8,2903148,7.15083,3.3,3.85083,6.35648,Dexs
Ethereum,uniswap-v2,WETH-DETS,efc28cf2-88c4-40ec-93f3-7219bdbc5896,2888799,0,0,,0.00041,Dexs
Ethereum,morpho-blue,WEETH,d20e241b-b9b7-4a5e-919c-356a8c987ceb,2848318,0,0,,0,Lending
Linea,aave-v3,WEETH,310f13c2-508a-4db1-bb6d-012b711d8887,2840358,0,0,,0,Lending
Ethereum,vesper,ETH,359dd5cd-67a6-4f6a-83db-1edb301637e7,2824814,27.96,27.96,0,30.23266,Yield Aggregator
Fraxtal,curve-dex,FRXETH-SFRXETH,41ac01a5-f67f-470c-96bf-7ffb31692dd0,2812414,2.47018,1.54,0.93018,2.74345,Dexs
Base,uniswap-v2,OPAL-WETH,cb2fc73a-3806-5f83-8336-e2ba04cbbe24,2788278,0.57283,0.57283,,0.56327,Dexs
Ethereum,morpho-blue,RETH,2f88293e-036f-4681-a1c0-de218d758832,2772838,0,0,,0,Lending
Ethereum,sushiswap,WBTC-WETH,721c17e7-d8e9-4288-8436-16c27ad264df,2750375,0.26567,0.26567,0,0.57284,Dexs
Ethereum,morpho-blue,KPK-ETH-PRIME,59444b82-6f00-4f1f-89a6-48a0d715c10f,2732887,3.36109,3.36109,0,2.02789,Lending
Ethereum,uniswap-v3,WTAO-WETH,e9440a04-578f-43b8-8c53-c44c1187183d,2714571,154.7155,154.7155,,183.20825,Dexs
Base,aerodrome-slipstream,WETH-ZEN,6e7d0984-9a39-4619-86e2-13b9aae221b8,2713278,85.08976,22.53087,62.5589,141.84339,Dexs
Ethereum,uniswap-v3,FRXETH-FRAX,674bdd49-b1cc-4345-b75e-5bd7df953838,2710930,1.12458,1.12458,,1.44781,Dexs
OP Mainnet,morpho-blue,WSTETH,a47531cb-9d21-4bc2-94e8-d92791a7241f,2694475,0,0,,0,Lending
Ethereum,convex-finance,CRVUSD-WETH-CRV,654ac683-141b-42d3-b28d-b2f77eedd595,2691054,11.03141,4.95,6.08141,8.53758,Yield
Arbitrum,uniswap-v3,WETH-GMX,5921fee6-b25f-4cd9-9cc4-fb07fe83ea89,2674473,0.2184,0.2184,,0.26646,Dexs
Ink,velodrome-v3,WETH-WEETH,e2d38b36-3270-427b-921b-3f0abe62e5ac,2666190,0,,0,0,Dexs
OP Mainnet,alchemix-v3,WETH,77ffc09b-8e16-57d2-a7a7-d21d2f400b70,2633579,0.98487,0.98487,,1.23128,Synthetics
Ethereum,uniswap-v4,ETH-CTM,908fff6a-287e-4c25-93ed-40acc4effab5,2613741,0,0,,0.00652,Dexs
Base,aerodrome-v1,WETH-FAI,8133b48a-be1b-4448-9cf7-b740e9946da3,2585793,7.50356,,7.50356,6.05123,Dexs
Base,uniswap-v3,BNKR-WETH,2bb5e61e-0ed0-4c05-b791-6e3aa146875c,2575563,10.89333,10.89333,,54.32544,Dexs
Solana,kamino-lend,ETH,1290c9f5-e71c-4152-b3e8-d5f2c120e2e9,2553531,0.28429,0.28429,,0.2283,Lending
Ethereum,stake-dao-yield,ALETH-WETH,de391743-3009-42b5-8bc3-621443573221,2536161,1.78762,0.14,1.64762,1.67819,Yield
Base,aerodrome-slipstream,WETH-USDT,577caee3-254c-405d-a642-17e6b47a52b6,2528433,51.84127,39.5224,12.31886,78.90521,Dexs
Base,aerodrome-slipstream,CBETH-WETH,dc5b6771-96a6-4b38-b1c3-912544c23899,2499264,2.60539,2.09406,0.51133,3.4023,Dexs
Ethereum,morpho-blue,KPK-ETH-YIELD,24dab21e-a9b8-4369-b965-d96dc4911558,2483465,3.5718,3.5718,0,3.01613,Lending
Ethereum,fluid-lending,WSTETH,1114f0c0-a493-4fed-97bb-922a7138a75a,2478354,0.04,0.04,,0.03106,Lending
Ethereum,uniswap-v3,PEPE-WETH,a673879e-cf84-4ff6-8561-f7734133bade,2475954,4.26648,4.26648,,4.51305,Dexs
Ethereum,fluid-lending,WETH,82da3bb0-00b6-4d88-b720-8435a3affd48,2470071,1.82,1.82,,1.9654,Lending
Base,aerodrome-v1,WETH-MSETH,0af161e4-7127-4f87-89c3-fd0b1175532e,2468445,7.09944,,7.09944,5.81562,Dexs
Ethereum,uniswap-v2,BEAM-WETH,110e18b3-1c38-4248-9e92-837a726e498b,2465501,10.42246,10.42246,,6.75858,Dexs
Ethereum,morpho-blue,WSTETH,6f87228c-3cb2-476f-a06b-10e115dcc8ac,2452352,0,0,,0,Lending
Starknet,ekubo,WSTETH-ETH,181574ad-9c60-4a18-91c8-45a22da62202,2417363,0.00356,0.00356,0,0.48547,Dexs
Base,aerodrome-slipstream,WETH-VVV,7185982b-0632-4e70-89ca-441c2f0b2618,2417120,170.27751,147.63721,22.6403,371.86046,Dexs
Arbitrum,camelot-v2,PENDLE-WETH,054b89fc-997b-4600-a4ab-00dbd72c0474,2410884,3.71914,3.71914,0,9.27142,Dexs
Ethereum,uniswap-v3,WETH-NOW,50d36d6b-f56c-4b9a-a256-7089f8b804f3,2394981,0.04756,0.04756,,0.19599,Dexs
Ethereum,uniswap-v4,WETH-USDT,3b2d4cfc-42d8-46fa-94bb-c052909d88cd,2391504,0,0,,2.50201,Dexs
Ethereum,uniswap-v3,SHIBA2-WETH,0a0f10c7-ddb9-4a35-afde-f8efd8c6a8f1,2375198,1.96312,1.96312,,0.64139,Dexs
Ethereum,sushiswap-v3,USDC-WETH,3e2f51a3-6d02-4189-94bb-899e79c3a554,2364695,5.70283,5.70283,,9.49903,Dexs
Polygon,quickswap-dex,USDC-WETH,f8adcdd5-71d2-4460-956e-7ccdd53b16fa,2360785,1.34447,1.34447,,624.2411,Dexs
Ethereum,convex-finance,OSETH-RETH,10e78df0-9ce4-4d23-bfbd-f35f002e95f5,2290205,6.96502,2.23,4.73502,6.83887,Yield
Base,aerodrome-slipstream,WETH-CBBTC,541b4974-e23b-4a7a-968f-6cfc027825de,2283397,574.01578,69.6275,504.38828,2857.82066,Dexs
Ethereum,sushiswap,ILV-WETH,a951524d-177e-423b-bcf7-a172b376a08d,2272705,12.50612,12.50612,0,8.9776,Dexs
Arbitrum,gmx-v2-perps,ETH-USDC,01a2483d-7aba-44d1-85b1-7fd885a467d1,2245621,7.53635,7.53635,,8.59753,Derivatives
Base,uniswap-v4,ETH-CBBTC,e1db7b57-d7d5-4e2c-bcad-3e6068c4f7a5,2233585,11.27873,11.27873,,17.37928,Dexs
Ethereum,uniswap-v4,ETH-AAVE,8e8812ec-9057-4940-b48f-7e27e188d29c,2231098,12.99312,12.99312,,25.33845,Dexs
Arbitrum,morpho-blue,WSTETH,e8f3da05-4607-4911-8df1-e91f95b52637,2227651,0,0,,0,Lending
Ethereum,uniswap-v4,ETH-USDC,3ecb98f0-9dc2-40ac-9722-32d944163779,2225850,8.78428,8.78428,,7.55412,Dexs
Ethereum,fluid-lending,ETH,8966809c-9377-44bf-b72e-a95fe490fece,2211843,1.82,1.82,,1.96404,Lending
Ethereum,stake-dao-yield,ALETH-FRXETH,24ddfb84-4b83-4028-991c-56bfcfef76c2,2187496,2.79648,0.11,2.68648,2.41499,Yield
Ethereum,uniswap-v4,ETH-FOLD,6887ef5f-3f5e-5739-b926-cc121caa6497,2160509,46.03119,46.03119,,44.18739,Dexs
Base,aerodrome-slipstream,WETH-DRV,e727fc76-9e29-4799-a2a0-e3db5d392f9e,2097697,181.30724,118.39593,62.91131,707.42393,Dexs
Arbitrum,fluid-dex,WSTETH-ETH,b0910d1d-5638-4153-a7a6-ad0749605319,2087215,1e-05,1e-05,,0.3556,Dexs
Arbitrum,uniswap-v3,HEGIC-WETH,e72b5f97-7631-4f13-a251-39d798750f6a,2078947,0.00111,0.00111,,0.01774,Dexs
Ethereum,yo-protocol,WETH,30cd7c50-3aea-4364-80c7-4b4c964ffaca,2031402,2.6029,2.6029,,2.37021,Yield Aggregator
Ethereum,curve-dex,PUFETH-WSTETH,00a7c200-ad4e-4bb1-9c81-57edefe71925,2027624,0.93,0.93,0,2.84755,Dexs
Ethereum,uniswap-v4,ETH-PNKSTR,2fd898f9-5978-498f-9edf-39a4fb8137c9,2017938,0,0,,0,Dexs
Ethereum,balancer-v2,WBTC-WETH,39980ed4-31dd-4216-a7c7-1b878f367807,2004343,0.22447,0.22447,0,0.33752,Dexs
Ethereum,uniswap-v2,PEPECOIN-WETH,94d4b914-efc8-499f-9391-ea6d5a75b1aa,1998445,1.60935,1.60935,,5.07401,Dexs
Ethereum,morpho-blue,WEETH,ac9e09d3-34c6-4fa7-9d2f-4debe8277df1,1979565,0,0,,0,Lending
Ethereum,morpho-blue,WSTETH,48470f4d-1efc-4810-9ec7-0247d0b42a41,1978414,0,0,,0,Lending
Ethereum,gearbox,WSTETH,aa906e30-64ad-416d-a141-6a2d01a52832,1950953,0.91066,0.7443,0.16636,0.71956,Lending
Ethereum,uniswap-v2,WETH-CAW,d4148eeb-90ad-4317-9476-2c838101a254,1936850,0.7099,0.7099,,1.67037,Dexs
Arbitrum,uniswap-v3,WETH-ARB,3e9da80c-274d-4f55-8421-7439d4ef429d,1934537,53.61585,53.61585,,133.66685,Dexs
Ethereum,fluid-lending,WEETH,2c954568-517d-46a1-90f7-dd0dcfce0368,1933233,0,0,,0,Lending
Ethereum,balancer-v3,OSETH-WAWETH,a5d146f0-29f6-4b60-98a1-537f22e3f4d5,1928179,1.85318,1.85318,0,1.86481,Dexs
Linea,aave-v3,WETH,40a5252b-305d-495a-9582-664a09ef2dc5,1924340,1.26924,1.26924,,1.0649,Lending
Base,fluid-dex,WEETH-ETH,21398257-946f-4510-a687-4def9a2a9587,1911211,0.69391,0.69391,,0.07148,Dexs
Ethereum,fluid-lending,WEETH,ed708dec-fb0b-4501-a831-841e3c0af49a,1879188,0,0,,0,Lending
Ethereum,curve-dex,FRXETH-CVX,2292999a-f229-4118-823b-3f43211edd4f,1873848,12.72579,3.28,9.44579,11.39151,Dexs
Fraxtal,beefy,FRXETH-SFRXETH,978f538d-2484-4add-9c50-082d48b50d84,1872450,2.72837,,,3.00118,Yield Aggregator
Arbitrum,camelot-v3,WETH-APEETH,cc2dac50-4dce-45bb-9b3f-dd9becb646dd,1868346,0,0,,1e-05,Dexs
Ethereum,uniswap-v2,OLAS-WETH,73105498-5eaf-4032-8c5b-08615c237f2c,1864839,4.16024,4.16024,,3.6309,Dexs
Ethereum,uniswap-v2,EVN-WETH,b44321b1-2297-4fbe-a99e-da552283168c,1860842,0,0,,0.0005,Dexs
Ethereum,uniswap-v4,ETH-VSN,761d4f93-d2dc-4601-a1e3-f09e62c77405,1848280,3.21129,3.21129,,4.33309,Dexs
Ethereum,convex-finance,FRXETH-CVX,0e818d38-c480-44a6-a533-5666ed59e50c,1845059,17.15436,3.36,13.79436,16.33842,Yield
Base,aerodrome-slipstream,WETH-MSETH,08e1a166-5366-4f57-bef8-76acb53699f0,1838770,26.37152,9.48564,16.88587,194.69108,Dexs
Ethereum,uniswap-v2,WETH-CULT,9ba1500a-7a0b-43d5-903f-e0bb90e96afb,1833024,2.548,2.548,,0.42402,Dexs
Base,aerodrome-slipstream,WETH-BSDETH,66dac3bb-be33-4e22-9b35-77f05e492a7d,1828154,1.29142,0.11036,1.18106,2.2511,Dexs
Ethereum,uniswap-v3,WETH-METH,05171ab2-0920-42fd-8cea-660548b9ea58,1822643,0.9104,0.9104,,0.19709,Dexs
Base,curve-dex,WETH-CBETH,475d7ab5-a4b8-4400-ad1c-94ef9e8bdfe3,1816775,1.24869,1.24,0.00869,1.19449,Dexs
Ethereum,sentora-curator,WETH,d5dc1886-d376-53c6-8aef-bd82a2612ea8,1815310,0,0,,2.31718,Risk Curators
Ethereum,uniswap-v3,AIOZ-WETH,b7c4bd5c-cb8e-4317-9ee0-b9e0109bdaed,1813536,15.45557,15.45557,,13.88613,Dexs
Ethereum,uniswap-v2,LON-WETH,180bedce-a7e9-42fb-9d0d-b181e975a0d7,1811161,0.1166,0.1166,,0.23482,Dexs
Ethereum,uniswap-v2,WETH-RAIL,43ab8882-7948-4252-8e25-5cef3af93435,1808208,4.53186,4.53186,,12.20402,Dexs
Ethereum,curve-dex,ETH-FXN,e5314f0a-4976-4333-a964-93a24289e314,1797222,0.68007,0.68,7e-05,1.2138,Dexs
Ethereum,morpho-blue,YMVOG-WETH,50f2d0ab-a2ed-4c90-a92c-a8565a1a207c,1780985,3.64362,3.64362,0,1.79345,Lending
Ethereum,morpho-blue,UNIETH,25524efa-1a20-5e0d-ac23-dc3254dc84f3,1779418,3.37053,3.37053,0,1.8997,Lending
Ethereum,gearbox,WETH,c11cb1b9-3cd5-4252-93da-51b130fc4f45,1768904,0,0,0,0,Lending
Celo,aave-v3,WETH,5335b797-b623-4ed1-a492-880cbabb053a,1762502,1.82141,0.0185,1.80291,0.7335,Lending
Base,aerodrome-slipstream,WETH-REI,4b4071bc-944d-4838-b696-624e21a3a383,1761732,0.00589,0.00589,0,0.05431,Dexs
Base,extra-finance-leverage-farming,WETH,a9865520-5058-42ac-9a8b-99e021f2831a,1752318,0.96501,0.96501,,1.18207,Leveraged Farming
Ethereum,uniswap-v3,SKY-WETH,0238a455-cd4d-448e-9529-0d0d0beee660,1743119,82.18237,82.18237,,36.86382,Dexs
Arbitrum,fluid-lending,ETH,83514d43-0677-43ca-96be-7b33160f4a19,1725569,1.23,1.23,,1.16936,Lending
Ethereum,uniswap-v3,FET-WETH,2d8f7a82-79b7-4cb0-96aa-dcda4bfaf688,1721725,155.01241,155.01241,,47.48483,Dexs
Katana,morpho-blue,VBETH,a29dcb5e-ff86-4c7b-8c82-5f350064e499,1718702,1.31801,0,1.31801,3.32788,Lending
Ethereum,uniswap-v4,ETH-UPEG,455c4729-92b2-45e3-8cb5-144d5ac9f5f9,1716518,6.26337,6.26337,,28.77587,Dexs
Ethereum,stake-dao-yield,WETH-WEETH,f5fe9982-f8c8-4cd1-b81c-e75feaa70c4f,1705271,3.13177,1.85,1.28177,2.73954,Yield
Ethereum,uniswap-v4,ETH-SHX,0118c145-1731-4f14-91e1-830ea664dafc,1692578,11.36088,11.36088,,6.65602,Dexs
Base,aerodrome-slipstream,WETH-AAVE,2641aaa3-d441-4718-b638-029d09ca1d14,1689099,178.84047,100.81032,78.03015,86.86,Dexs
Ethereum,uniswap-v2,WETH-GAIN,1e0c385e-2194-46ed-8c0a-06b2d7693f14,1674880,0,0,,0,Dexs
Ethereum,uniswap-v2,SHIBDOGE-WETH,ed5785c9-4592-4e55-a7bb-201df65f4c62,1669697,0.02169,0.02169,,0.02573,Dexs
Ethereum,morpho-blue,WSTETH,bfef0bc9-83cf-4630-950b-51d607b7365b,1665389,0,0,,0,Lending
Ethereum,uniswap-v2,CORE-WETH,757c495b-3a88-4c21-a1ef-f7e4bc8d0064,1665133,0.01331,0.01331,,0.01814,Dexs
Ethereum,inverse-finance-firm,WSTETH,b337dc2b-fa25-4b5b-a0ff-bd83d868e4fa,1664340,0,,,0,CDP
Base,uniswap-v3,WETH-PANANA,c0df01e0-83d2-4cb4-bbd7-54c1bb14ca5c,1647044,0,0,,0.03816,Dexs
Ethereum,uniswap-v2,ANDY-WETH,0004a5d4-ce6d-43ba-ab8a-64ff555b3853,1640529,4.0548,4.0548,,4.73227,Dexs
Ethereum,bifrost-liquid-staking,VETH,eb101287-7f4f-4847-9c16-8b06c2067dc8,1634531,2.69,2.69,0,2.69,Liquid Staking
Ethereum,uniswap-v2,MKR-WETH,340f308b-f626-4f28-a334-bdb588a4d1dd,1630736,6.15145,6.15145,,3.61392,Dexs
Base,uniswap-v3,CLANKER-WETH,41273999-c799-420e-ae8b-2d8c6c6ab0fa,1629005,2.43862,2.43862,,11.50163,Dexs
Ethereum,uniswap-v2,FNSP-WETH,5bd74d1b-0c88-4ae7-b4db-90e26b956adf,1622922,0,0,,0,Dexs
Base,aerodrome-v1,WEETH.BASE-WETH,f291f114-93db-44df-ba8b-5f1ba3fd7c93,1619103,4.27434,,4.27434,3.59736,Dexs
Base,morpho-blue,WEETH,76b7445f-8416-49d9-a2a0-4899026e8272,1605838,0,0,,0,Lending
Base,uniswap-v3,DRB-WETH,45442536-fe46-4c20-8cf9-f2bf9d625b59,1605576,123.77989,123.77989,,96.96576,Dexs
Arbitrum,uniswap-v4,ETH-WBTC,fe2d7c08-41e2-4998-95f5-e396739bfb7c,1603108,0,0,,0,Dexs
Ethereum,uniswap-v4,ETH-USDT,d3b1a737-7ca2-4ef1-805b-67cb3d514118,1590934,0.00316,0.00316,,0.35359,Dexs
OP Mainnet,vesper,WSTETH,fec05017-ea81-417b-ae8b-20a86e4b23a7,1570480,0,0,0,2.34685,Yield Aggregator
Ethereum,uniswap-v2,LINK-WETH,93ff3095-f5c7-4792-b615-28b5233ceb59,1570330,3.56179,3.56179,,3.39276,Dexs
Ethereum,uniswap-v2,LFT-WETH,faf99bb4-64da-4346-8607-88694335bcc1,1565668,0,0,,0,Dexs
Base,uniswap-v3,WETH-AERO,54e12c68-2a8c-4277-9aef-af4b78e6c2a4,1552996,39.18477,39.18477,,51.054,Dexs
Ethereum,uniswap-v3,COMP-WETH,3f500684-b3f6-478f-ae1b-51924e6db1ee,1552521,0.09808,0.09808,,0.07964,Dexs
Ethereum,uniswap-v3,RFD-WETH,60eb38e8-3686-4b70-be8c-0e04b138e8e4,1550531,1.92926,1.92926,,0.85987,Dexs
Ethereum,uniswap-v3,COMP-WETH,a0653f73-8c6b-4c01-a9bb-92bb4c872100,1515804,0.30766,0.30766,,0.50232,Dexs
Arbitrum,compound-v3,WEETH,6e642655-9c87-4d5b-8237-f45cfd42a920,1509417,0,,,0,Lending
Ethereum,uniswap-v3,DOG-WETH,c0288de1-2d00-457c-ab70-56e3a6295dcc,1507158,0.01308,0.01308,,0.0707,Dexs
Base,moonwell-lending,RETH,896e6538-944f-46ec-99a4-1bb1211028b2,1505809,2e-05,2e-05,0,0.00016,Lending
Polygon,uniswap-v3,WBTC-WETH,a0588b97-12c2-4d2a-9735-24da4dde450c,1500495,5.25816,5.25816,,6.23658,Dexs
Base,uniswap-v2,VIRTUAL-WETH,eeb01a7f-dd5d-4d34-8c99-25fe47ba6c2d,1488941,9.09418,9.09418,,12.33737,Dexs
Ethereum,convex-finance,ALETH-WETH,191a1676-b210-41c5-887a-0ef981a4c50e,1483370,2.77048,0.14,2.63048,2.63027,Yield
Base,morpho-blue,CBETH,61faa6f7-db51-4205-b090-7d8bfacbad72,1482391,0,0,,0,Lending
Ethereum,uniswap-v2,SAV3-WETH,5f34d6aa-ae90-4df2-83ca-335db3e30e10,1478466,0,0,,0.00018,Dexs
OP Mainnet,compound-v3,WSTETH,25d8f956-0219-4af0-a4b2-7cc9b017c076,1457323,0,,,0,Lending
Ethereum,uniswap-v2,WETH-FOX,a53859f9-996f-41a7-b1f7-9313bd7d8ebc,1455888,1.16359,1.16359,,1.37034,Dexs
Base,uniswap-v3,WETH-TICKER,f6c31668-606a-4ebe-a357-c46bb47c38b9,1454097,0.0131,0.0131,,0.00464,Dexs
Arbitrum,uniswap-v4,ETH-USDT,e1174fe8-0705-4f83-9690-7c3a3983e6ac,1443435,6.51551,6.51551,,9.36395,Dexs
Arbitrum,fluid-lending,WSTETH,f7f5606d-523f-4b37-951c-798840bff64f,1439614,0,0,,0.00137,Lending
Ethereum,uniswap-v3,WETH-ONDO,67958842-74c0-4d3e-b113-5e6cf83893b6,1437053,80.17971,80.17971,,101.8815,Dexs
Ethereum,uniswap-v4,WSTETH-PNK,f40da205-8c3e-446c-bbcd-298cb183d323,1433471,0,0,,0.32068,Dexs
Ethereum,uniswap-v3,SERV-WETH,32222246-9bc0-420b-b608-2c39dd0bb35c,1430367,27.23871,27.23871,,41.68808,Dexs
Starknet,vesu,ETH,5463312d-2d5f-48a7-a962-2fba78ffbd6a,1424614,0.01563,0.01563,,0.02836,Lending
Ethereum,uniswap-v4,WSTETH-WLFI,f5f8a183-f9f3-42f9-9316-69fd87acf698,1416329,0,0,,0.00015,Dexs
Ethereum,uniswap-v2,JOE-WETH,86e7d910-b29c-49d7-8183-e8f52932cc64,1409785,2.06783,2.06783,,4.4289,Dexs
Ethereum,curve-dex,ETH+-eUSD-RSR,28c0ad15-ecaf-4b14-8ad6-06ded47566b1,1404947,1.28,1.28,0,1.2664,Dexs
Base,uniswap-v4,WETH-MOLT,53552b29-1dac-4aec-8034-c5a486b2a8a1,1403209,0.73708,0.73708,,2.25442,Dexs
Ethereum,uniswap-v4,WSTETH-WEETH,9d4a1670-ef5e-4429-871b-129fde240c0e,1402105,0.95075,0.95075,,0.07245,Dexs
Base,aerodrome-v1,YFI-WSTETH,a79fd5ae-6507-4190-88b1-5032c43bf7cc,1401187,8.46602,,8.46602,7.5269,Dexs
Arbitrum,dolomite,WETH,655ca962-e0ac-424c-84f9-2fe4fbb0fef4,1395812,2.30006,2.30006,,2.54004,Lending
Ethereum,uniswap-v3,TREE-WETH,ad4acc7e-f5d4-411f-8774-7744f806cc89,1392843,0.05838,0.05838,,1.22874,Dexs
Ethereum,uniswap-v2,$PAAL-WETH,a2dbafad-400f-465d-9086-9ea04e4aa3a9,1388643,18.69837,18.69837,,6.14324,Dexs
Ethereum,uniswap-v3,NEXO-WETH,bd6a0930-845b-4d5c-becd-368e7ec66ec2,1388182,1.06929,1.06929,,0.83808,Dexs
Polygon,balancer-v2,WBTC-USDC-WETH,376a7ef5-cd10-4164-8247-3417c9983f35,1370387,0.48237,0.48237,0,0.90267,Dexs
Base,uniswap-v4,WETH-GITLAWB,30946957-e36a-4867-8273-795e8e40208a,1366687,56.7516,56.7516,,56.37817,Dexs
Ethereum,uniswap-v2,M87-WETH,86567969-feb8-423d-bd37-bca3f8ae6e40,1366411,6.1458,6.1458,,8.51553,Dexs
Base,aerodrome-v1,WETH-EDEL,37a01d83-3eed-407a-9703-720f632ce288,1363842,95.68511,,95.68511,104.79523,Dexs
Ethereum,uniswap-v2,WETH-HEZ,39a4d8a0-51c4-4635-9945-b1741e174bd0,1360603,0.65511,0.65511,,0.89258,Dexs
Ethereum,uniswap-v2,TRB-WETH,7d83ad31-da2f-4da9-88a6-7c6e7c3e49cb,1357682,0,0,,0,Dexs
Cronos,vvs-standard,WCRO-WETH,0285b5c7-66d2-4f51-89ec-b7e320bf609f,1346699,2.13357,2.13357,,4.03848,Dexs
Base,compound-v3,CBETH,7bae3517-56f1-4c65-8480-904030d70343,1343571,0,,,0,Lending
Ethereum,uniswap-v2,WETH-DSYNC,e4d3c36d-4066-436b-877f-884d2f9657d0,1339900,9.6123,9.6123,,6.19287,Dexs
Base,uniswap-v2,WETH-USDC,dfe517bb-4beb-45ae-b847-5d4067fc7ef9,1333781,3.48945,3.48945,,20.40333,Dexs
Ethereum,uniswap-v2,OCEAN-WETH,ea6dd674-7567-44cd-a70f-04634f3510c5,1329889,2.55334,2.55334,,2.54048,Dexs
Base,uniswap-v3,WETH-DOGINME,e7ecd9b5-5bcc-40bf-be46-f8bdbf4d0a30,1328958,9.64316,9.64316,,7.14326,Dexs
Base,uniswap-v4,ETH-DOT,4b7680b1-3bbc-42a3-88c8-b1cb5d66f6cb,1323450,85.46587,85.46587,,134.82427,Dexs
Arbitrum,gmx-v2-perps,ETH-USDC,a4ead0a9-6a97-4127-84b2-f5972fb96050,1322729,22.83135,22.83135,,25.17694,Derivatives
Avalanche,gmx-v2-perps,ETH-USDC,84aba44b-b4db-4c1b-a882-7dd032433aba,1317270,2.12659,2.12659,,4.13152,Derivatives
Base,uniswap-v3,WETH-BRETT,a9d531ad-7883-41ae-ad3b-ad4f37decf92,1312455,8.12133,8.12133,,5.33088,Dexs
Base,morpho-blue,WETH,b1bbfcb3-6af7-4511-8ec6-e1b3eacf4a74,1307384,0,0,,0,Lending
Ethereum,uniswap-v4,ETH-CFG,47d34a64-2fd2-44dc-aae8-38d2e95d7da4,1305303,18.32057,18.32057,,50.98352,Dexs
Arbitrum,uniswap-v3,WETH-LINK,cd7dd7fa-e34c-4cf0-af2b-6d13438f3852,1303909,31.79584,31.79584,,27.6845,Dexs
Base,aerodrome-v1,WETH-WELL,8af246ee-cf26-4c8e-88f8-f2021a69e44d,1302696,9.4861,,9.4861,46.06793,Dexs
Base,harvest-finance,ETH,45ae301e-ed6a-5254-a5b9-176154b5e670,1297810,1.95,1.95,,3.00701,Yield Aggregator
Ethereum,uniswap-v2,STARL-WETH,302ad2ef-aee0-4ebe-b225-39b08ac44d68,1296654,0.01987,0.01987,,0.04066,Dexs
Base,aerodrome-slipstream,WETH-MORPHO,f884e3f7-f6e1-4b9e-b041-8624411ccddf,1282185,164.35111,113.54924,50.80187,122.38051,Dexs
Ethereum,uniswap-v2,DUMMY-WETH,9e477731-59e4-43cf-8c12-05cecc9d6074,1281732,0,0,,0.00042,Dexs
Ethereum,frankencoin,WETH,e602138e-8793-4bef-93fe-965bf25732ae,1279813,0,,,0,CDP
Ethereum,fluid-lending,WEETHS,b6b9796f-d033-4582-8fbe-23902dcba331,1261130,0,0,,0,Lending
Starknet,vesu,WSTETH,ad860359-015f-47a4-9611-b38bd871cab4,1254242,0,0,,0,Lending
Arbitrum,fluid-lending,WSTETH,ee3be731-1b33-42b3-bf0b-6b7d1ee1ca0b,1248330,0,0,,0.00137,Lending
Arbitrum,gmx-v2-perps,ETH-USDC,02f8eb07-4357-4b1e-a175-bdc8c4f4b61d,1244998,23.48904,23.48904,,37.54113,Derivatives
Ethereum,uniswap-v2,BPP-WETH,8e986267-4cc1-4e2c-9223-b5df88af6fe2,1241226,0,0,,0.58279,Dexs
Base,uniswap-v4,WETH-AEON,94bc651b-84b2-4d6f-99f3-4ecaac2af47a,1240461,61.15756,61.15756,,36.13654,Dexs
Avalanche,benqi-lending,WETH.E,caf50276-7bfe-4af0-8a47-5504fdc96393,1239571,2.91286,2.91286,0,3.61833,Lending
Ethereum,vesper,ETH,6c35eb78-d809-4717-b09b-0cc6814a0e7e,1222183,0,0,0,0,Yield Aggregator
Base,aerodrome-slipstream,CBETH-CBBTC,79369b35-dd99-4d68-b989-31c258fc40ab,1221804,125.31264,28.44077,96.87187,251.27164,Dexs
Ethereum,uniswap-v4,ETH-ETHFI,c9ddb742-da41-521d-83c1-dc386ac6e1a7,1220853,0,0,,5.39029,Dexs
Ethereum,sushiswap,WETH-RAIL,0023426a-e6e6-4eca-8b84-6cd29b03570d,1217537,3.49345,3.49345,0,9.89663,Dexs
Ethereum,euler-v2,WEETH,c92d7ebf-ecb8-4ca1-a09c-9f8516dfcb61,1216749,0,0,,0,Lending
Katana,morpho-blue,WEETH,91d1e87a-4914-49de-bcca-f5a86ed1d6c1,1213221,0,0,,0.6336,Lending
Ethereum,uniswap-v2,TGC-WETH,d51bbed3-2541-457f-a1f9-d9c51e9a5868,1211691,1.64535,1.64535,,2.17875,Dexs
Ethereum,uniswap-v4,ETH-AUR,332c741c-cbd3-56db-aea8-c7c88c20eeea,1206128,0,0,,0.00128,Dexs
Ethereum,fraxlend,SFRXETH,cde8679e-d52b-49dc-b1c1-e7c37e3a0251,1204363,0,,,0,Lending
Base,uniswap-v3,WETH-TOSHI,ee01656a-8aa1-465a-bc30-b80d6821edb0,1195206,17.22751,17.22751,,13.44984,Dexs
Ethereum,uniswap-v3,SYRUP-WETH,7f1c4126-3998-4334-9ce3-c640e869d682,1193654,61.34442,61.34442,,61.63594,Dexs
Base,stake-dao-yield,WETH-CBETH,7aa4237c-3526-4a52-9db6-63c7b7c4d6c0,1191088,1.24939,1.24,0.00939,1.19796,Yield
Base,compound-v3,WEETH,e13cb9ca-d4dd-4c30-a367-8e9b3460e445,1185834,0,,,0,Lending
Base,euler-v2,WETH,37ae63ba-576e-4ce4-a18d-fdab908c1456,1178829,2.01658,1.19724,0.81934,3.16492,Lending
Ethereum,uniswap-v4,ETH-EUL,5923fed9-8eab-484e-854b-9f19df22d519,1170860,12.03711,12.03711,,19.311,Dexs
Ethereum,curve-dex,OGN-OETH,540d4202-fb1d-4bfd-bba9-508fc93b9249,1166267,25.19196,1.71,23.48196,14.45199,Dexs
Ethereum,uniswap-v3,WETH-ETH+,bceed234-64c8-448a-b5fa-7da3c6fc5307,1163859,0.00871,0.00871,,0.11374,Dexs
Base,aerodrome-v1,WETH-BSDETH,65b6cf7e-8846-49e6-adbb-0f176ff427bb,1162205,5.23134,,5.23134,4.78472,Dexs
Berachain,berapaw,KODIWBTC-WETH,47444258-5cc2-4e33-95a7-1bc5df79b83b,1155256,2.15616,,2.15616,2.52273,Liquid Staking
Ethereum,uniswap-v2,VLT-WETH,408c545b-ea02-44a8-a16c-451b94949e10,1154156,2.40939,2.40939,,0.4311,Dexs
Ethereum,uniswap-v2,TOKEN-WETH,da71ceff-a9d4-40b9-9e7d-4d8ff7c2e964,1145354,0.61766,0.61766,,3.06773,Dexs
Ethereum,sushiswap-v3,SUSHI-WETH,a1eaf8b1-2699-4afb-9527-989880080d35,1141930,4.58867,4.58867,,10.4993,Dexs
Starknet,ekubo,ETH-STRKBTC,e9a4a3d6-c2fe-438b-88b4-d4ea598b6651,1140649,26.0566,26.0566,0,46.9539,Dexs
Base,aerodrome-slipstream,WETH-VVV,d88f6c28-38d8-4962-b041-98a481776a99,1134026,75.54275,64.97317,10.56958,77.32366,Dexs
Ethereum,sushiswap-v3,WETH-USDT,cc2ca36a-e792-469e-befe-80011df724a4,1131263,5.71427,5.71427,,10.15711,Dexs
Base,stake-dao-yield,WETH-SUPEROETHB,bf2ae73f-2483-419f-8ee3-c1332805d532,1131156,1.92989,0.04,1.88989,2.14556,Yield
Base,uniswap-v3,UXRP-WETH,77c0d868-9f87-41f1-980f-990cca319f08,1124035,5.73473,5.73473,,9.70958,Dexs
Base,aerodrome-v1,WETH-CBBTC,593056a0-1e39-451d-acc8-081526625ab3,1118379,2.35145,,2.35145,3.07037,Dexs
Ethereum,uniswap-v2,CHADS-WETH,66f38e5a-8a0b-42eb-bd7f-fabd902c87a8,1117078,0,0,,0.01162,Dexs
Base,aerodrome-slipstream,WETH-USOL,a09feb82-76db-4291-aea9-dc6e88343e09,1116324,26.47725,13.66853,12.80872,42.45843,Dexs
Arbitrum,uniswap-v4,ETH-GMX,2e719733-9484-4fb8-b3c0-88f856400c7f,1115871,0,0,,0,Dexs
Ethereum,uniswap-v3,DAI-WETH,5de03d0f-15c0-4bb5-9a18-26d03339c057,1113207,2.4579,2.4579,,7.84206,Dexs
Ethereum,uniswap-v2,MONGOOSE-WETH,fc849390-7ddb-40dd-991c-887bf780b283,1112801,0.01409,0.01409,,0.00222,Dexs
Arbitrum,uniswap-v3,WETH-USDC.E,9fb44210-2b23-4b7d-8f2f-aba82b93843e,1110959,0,0,,5.84757,Dexs
Polygon,quickswap-dex,WETH-RVLT,c7c5a7fa-8c34-4cb8-bfd6-cb3600318140,1107801,0.00027,0.00027,,0.00151,Dexs
Ethereum,uniswap-v2,MYX-WETH,88cef181-cb74-4ba1-a85e-7f0d55431f3d,1104921,0,0,,0.00093,Dexs
Ethereum,uniswap-v3,GENO-WETH,715b3905-9730-4663-afd7-738f24003e94,1103047,0.02617,0.02617,,0.09196,Dexs
Ethereum,uniswap-v3,BITCOIN-WETH,50f50e9d-4720-45e7-9285-e0fccfbd946a,1102955,11.30055,11.30055,,7.03517,Dexs
Linea,aave-v3,EZETH,3fdb0a90-f40e-438e-896a-c0b25ee8d1ed,1098840,0,0,,0,Lending
Ethereum,fluid-lending,WEETH,3db73fb9-289b-476d-89eb-1f34df2777d0,1086519,0,0,,0,Lending
Ethereum,symbiotic,WSTETH,371b5666-9b21-581a-b1aa-7be66d2a038e,1086308,0.07483,0,0.07483,0.03844,Collateral Markets
Arbitrum,uniswap-v3,PENDLE-WETH,a978c15f-c41a-433b-b02f-3434256ba66f,1084771,20.62218,20.62218,,48.53032,Dexs
Ethereum,uniswap-v2,WETH-HYPE.BET,981a384e-bd2e-470c-bb9d-b7537a4bfd76,1083677,0,0,,0,Dexs
Base,aerodrome-slipstream,WETH-AERO,6af528a8-5b88-4835-99c2-d83d8d7954c9,1082523,28.72885,28.72885,0,15.39673,Dexs
Ethereum,uniswap-v4,ETH-STRAT,6ff6c77c-ce75-4e2b-b677-59cd0679c251,1082110,0,0,,0.12688,Dexs
Base,uniswap-v2,ZUZALU-WETH,8c594382-1185-4bdc-ba42-751c6705b9ca,1074637,3.83772,3.83772,,3.89828,Dexs
OP Mainnet,velodrome-v2,MSETH-WETH,5522e03c-6813-48d6-b624-87e9d0fd327d,1067539,16.21387,,16.21387,16.86271,Dexs
OP Mainnet,yearn-finance,SAMMV2-ALETH-WETH,2a6bb29a-5dbb-4bbc-b31a-0737453b1ee9,1064138,7.81826,7.81826,0,6.54564,Yield Aggregator
Arbitrum,uniswap-v3,MOR-WETH,44f437aa-baa7-48a7-b403-10bc0ca24500,1057053,1.24712,1.24712,,2.2963,Dexs
Ethereum,uniswap-v2,OCEAN-WETH,8bdfc7c9-3ef4-463d-b906-65ba937c3f69,1056483,0,0,,0,Dexs
Ethereum,uniswap-v3,WETH-SOL,789a87fa-2dc5-46ac-a4f9-f382a9b508bd,1055313,23.39969,23.39969,,22.16616,Dexs
Ethereum,beefy,CRVUSD-WETH-CRV,575427e5-bdda-451b-ba09-97a7a5b651ec,1054822,10.92634,,,8.59251,Yield Aggregator
Rootstock,sovryn-dex,ETH-RBTC,1382d8c4-7482-4e8f-9037-a6dda636eda6,1047364,0.14,0,0.14,0.22482,Dexs
Ethereum,uniswap-v2,WETH-ASTEROID,c9b04a13-5d5b-4a30-baa9-e41a994c6636,1043951,11.55194,11.55194,,40.1362,Dexs
Ethereum,uniswap-v2,WOJAK-WETH,f4e58fa4-d718-4b19-afc0-48ebb704609b,1039224,10.96097,10.96097,,18.52588,Dexs
Ethereum,uniswap-v2,0X0-WETH,067f95e9-6d10-45e0-af60-4dd957af46ce,1037558,0.03015,0.03015,,0.17671,Dexs
Ethereum,curve-dex,WETH-PETH,64c51378-01a3-4277-a625-90b72edfbe88,1036905,0,0,0,0,Dexs
Ethereum,uniswap-v4,ETH-PNKSTR,3ee182aa-d85d-4457-aa02-6f28cb257f97,1024247,16.24166,16.24166,,30.15556,Dexs
Ethereum,uniswap-v3,WETH-REKT,86384313-4ef1-4f04-ad58-ec8a45332690,1024177,1.21127,1.21127,,8.55856,Dexs
Ethereum,uniswap-v4,ETH-RETH,2e85ff4a-54a1-4402-b6dd-80777c6a0513,1023687,0.16605,0.16605,,0.95821,Dexs
Base,uniswap-v3,WETH-COCORO,97fc03e7-ae76-47af-8b34-8a2b129bc29c,1021919,0.2826,0.2826,,0.94249,Dexs
Arbitrum,fluid-lending,WSTETH,a76d04d8-402a-4fcd-b692-9208e91219c8,1020283,0,0,,0.00137,Lending
Ethereum,uniswap-v2,FOUR-WETH,f8711ba6-8695-4a9f-88e7-d95d0f413f58,1019719,0,0,,0.05101,Dexs
Ethereum,uniswap-v2,GROK-WETH,e70c3cf9-57e9-4c96-8297-8f18fd789c87,1018203,0.39151,0.39151,,0.8693,Dexs
Ethereum,uniswap-v4,ETH-AGL,8e9e1b3a-c151-545e-bc96-659d7059d970,1006465,0,0,,0,Dexs
Ethereum,uniswap-v2,NYXT-WETH,a769eee9-28d2-4a39-b7ef-2f021c60c92c,1003439,0,0,,0.0001,Dexs
Ethereum,uniswap-v4,ETH-FWA,79f61c56-85e0-5248-aa73-ada24ca485fd,996720,0,0,,0,Dexs
Native Core,native-core-clob,ETH,9ec34926-8df8-5c86-9534-af15a68fbbc7,996563,2.81607,2.81607,,2.81206,Dexs
Base,moonwell-lending,ETH,914284ae-dbef-421f-bbb7-7c42f527fd5f,993587,1.4303,0.7991,0.6312,1.54357,Lending
Ethereum,uniswap-v2,WOJAK-WETH,d55be5c3-1f73-457b-91d6-e0061e5570d0,989145,1.46037,1.46037,,0.35217,Dexs
Ethereum,uniswap-v2,DPI-WETH,46767a06-7655-467f-9570-fc0f5578a66c,986299,6.30683,6.30683,,3.04381,Dexs
Ethereum,uniswap-v2,SHARE-WETH,ed7226b9-73e9-46c6-bd49-3b0e9ee600fc,985716,0,0,,0,Dexs
Ethereum,uniswap-v3,BABYDOGE-WETH,e3004fe1-6e4b-4011-9be2-848052c8634c,984899,0.41694,0.41694,,0.72287,Dexs
Ethereum,uniswap-v2,WETH-DEFO,f93daddd-2cba-4d77-a73e-aa7760ad60cb,984175,0,0,,2.31646,Dexs
Ethereum,uniswap-v4,ETH-01,419b6dd6-12fd-4aa7-b2d9-2d9dec3a8333,983651,24.68679,24.68679,,56.95202,Dexs
Ethereum,uniswap-v3,RETH-WETH,a24f24d4-c90c-4793-a97c-0332c7ff563a,981125,6.29397,6.29397,,3.64816,Dexs
Arbitrum,uniswap-v3,WSTETH-WETH,2ec84b50-59e5-49e6-ab12-41e99ed32a8c,980211,3.28891,3.28891,,1.21284,Dexs
Base,uniswap-v4,ETH-USDC,982e1493-352b-4f2f-bf47-d9c078365717,975825,13.97186,13.97186,,11.64398,Dexs
Ethereum,uniswap-v3,WETH-ANYONE,65f92e91-63be-4595-b9ec-52206a540a0d,973633,29.58463,29.58463,,69.1214,Dexs
Ethereum,aave-v3,TETH,3b6ebb7e-6f2a-4c19-aadb-1c89625e5a08,973493,0,0,,0,Lending
Base,compound-v3,WSTETH,7803ce5b-53b3-4192-b855-8cb383e19050,969087,0,,,0,Lending
Arbitrum,uniswap-v3,RAIN-WETH,67e1af02-d186-47bd-bd0f-584f1d115548,967531,3.87824,3.87824,,3.12759,Dexs
Ethereum,uniswap-v3,QNT-WETH,2c32828c-2105-406e-b76a-57599f1dc97c,961092,265.18626,265.18626,,189.2047,Dexs
Starknet,ekubo,USDC-ETH,b0c700e0-8e4b-41fb-af37-ae4f4ce3293b,955053,99.49491,99.49491,0,142.03722,Dexs
Ethereum,uniswap-v2,DEFLCT-WETH,a65627f9-cecf-4993-99b8-07457dcce10e,953047,0,0,,0.00056,Dexs
Ethereum,beefy,RETH-WAETHWETH,56494e41-dc61-4495-8639-52c100e96608,949607,5.04132,,,5.17783,Yield Aggregator
Unichain,euler-v2,WETH,39b18684-cf0c-471b-a991-4a65d399367a,946472,0.38532,0.38532,,0.70511,Lending
Ethereum,uniswap-v2,WETH-PUPPIES,8eccaabc-6883-4b6d-bbec-d48ae929ccd3,946095,2.65392,2.65392,,4.76399,Dexs
Base,uniswap-v2,WETH-FRENPET,596ed051-0bab-4df5-a515-4167fd89b1f4,944714,17.82923,17.82923,,17.84948,Dexs
Base,uniswap-v3,WETH-PRESALE,696e74d5-1d32-47b1-86ff-082d687d3607,944362,0,0,,7e-05,Dexs
Ethereum,euler-v2,WETH,e30876ae-e9d3-4ab1-bf5b-96920f4fc9ba,943766,1.08288,1.08288,,1.31209,Lending
Base,uniswap-v4,WETH-BOTCOIN,c7714910-5e58-42a8-b82b-65d2de7bf747,943322,0.04603,0.04603,,1.23237,Dexs
Ethereum,uniswap-v2,UMX-WETH,94d04739-d861-4a3e-b18d-4a9e45d14202,940028,0.00028,0.00028,,0.00652,Dexs
Arbitrum,uniswap-v4,ETH-DOT,763b3beb-83af-4f6b-aa1d-3cb5f328fa2f,939297,0,0,,0,Dexs
Ethereum,uniswap-v4,ETH-DMT-NAT,266d789b-b15b-42ee-b2c0-29270175df2f,938926,10.38394,10.38394,,28.62576,Dexs
Ethereum,uniswap-v2,WETH-ETHY,f8760d84-cb53-4e70-b849-798444a95385,934041,0.00025,0.00025,,0.00286,Dexs
Ethereum,euler-v2,TETH,77871537-d13b-475f-ab01-453778ad1521,933646,0,0,,0,Lending
Ethereum,uniswap-v2,KISHU-WETH,862b5030-3e1d-4781-b14f-2c6b0ce17962,926461,3.00447,3.00447,,1.21367,Dexs
Ethereum,uniswap-v2,APU-WETH,9947f275-dabf-4e21-bb04-f1020c916731,926087,2.70168,2.70168,,7.07788,Dexs
Base,uniswap-v4,WETH-CLAWD,1683ae68-ff16-4fcf-823b-0ffc6f87d601,924696,4.29024,4.29024,,6.65793,Dexs
Monad,aave-v3,WETH,7909e3f2-f00f-5e8e-9655-0d7e189794a3,923229,2.73788,1.55284,1.18504,3.60334,Lending
Ethereum,uniswap-v2,UFO-WETH,d228e4c2-6397-40ac-bd87-56b7b4e5044b,922429,0.00105,0.00105,,0.05769,Dexs
Ethereum,uniswap-v4,ETH-ADS,29dfd344-45c0-4467-bf86-7b3485ce76e2,915257,0.28756,0.28756,,0.6997,Dexs
Base,uniswap-v4,LFI-WETH,7ba3c8d4-8acf-418d-8fe5-f35916d45363,913048,82.14698,82.14698,,28.57701,Dexs
Ethereum,uniswap-v2,UNISTAKE-WETH,f29cb3b8-d1b7-4a12-8c11-2da791446382,911071,0,0,,0.0008,Dexs
Base,aerodrome-v1,WETH-WSTETH,63fb2661-0b30-431a-9a16-e1c8ed44a865,910408,0.12009,,0.12009,0.05829,Dexs
Base,uniswap-v3,WETH-MORPHO,ccc0d82d-c94f-406f-ace2-20b2ec5e278a,908210,108.5584,108.5584,,123.02331,Dexs
Base,aerodrome-slipstream,WETH-EURC,deeb8740-4041-4ca2-b87c-70f708eae796,907514,64.47144,47.03934,17.4321,120.78275,Dexs
Unichain,euler-v2,WEETH,b7b07b96-7e37-457a-a092-4144a0162f47,906482,0.00032,0.00032,,0.00028,Lending
Ethereum,fluid-lending,ETH,49373934-7cf1-48c2-a708-94e52f552ff3,899394,1.82,1.82,,1.96404,Lending
Ethereum,uniswap-v3,WSTETH-BIC,837e4537-801e-5b3b-9520-f624b663b22b,892626,0.22161,0.22161,,3.82807,Dexs
Ethereum,uniswap-v2,KEKIUS-WETH,bce397f6-1b0e-4373-9eee-f5d799ba3f91,890346,2.7904,2.7904,,5.32042,Dexs
Ethereum,uniswap-v4,ETH-USUAL,7dd7784d-70e6-4fb5-8061-4638805637fa,890297,11.75006,11.75006,,24.30651,Dexs
OP Mainnet,velodrome-v3,USDC-WETH,9f744f5f-f6d6-4f37-afc7-166c06a94080,889280,10.93873,,10.93873,27.86179,Dexs
Base,uniswap-v4,WETH-EAT,fc5788b4-916d-4909-85f2-1d25e5a1000d,887995,0.68727,0.68727,,5.72368,Dexs
Arbitrum,beefy,WSTETH-WETH,4c14f7e7-d802-4bce-9d0f-ac1e3bed6360,887106,0.66449,,,0.43006,Yield Aggregator
Ethereum,uniswap-v2,XCN-WETH,76f204e7-f0cf-49cf-8ca7-4bb8ce90b95d,885417,34.75947,34.75947,,29.93599,Dexs
Ethereum,uniswap-v2,JESUS-WETH,b8d6ceaf-7230-4e81-85e5-b1899adf6a6e,883203,0.6139,0.6139,,1.4895,Dexs
Ethereum,uniswap-v2,LADYS-WETH,79ae8295-372d-4d67-8fc4-03f54c2b49ea,883010,0.76379,0.76379,,1.6621,Dexs
Ethereum,uniswap-v2,HYPE-WETH,cafe9ff4-f630-489c-8807-0d65edb71ce8,882345,0,0,,0.0001,Dexs
Ethereum,uniswap-v4,ETH-MORPHO,7f8017d4-98f7-4e4c-b626-c4863ba4d356,881083,3.19587,3.19587,,6.62191,Dexs
Base,aerodrome-slipstream,WETH-SERV,3536d45e-555f-436c-93c7-cc6e55342831,875354,279.85185,47.97722,231.87463,344.03004,Dexs
Ethereum,uniswap-v2,WOLF-WETH,5e5d5503-d46f-4c46-a895-c92f615dd852,870973,4.9409,4.9409,,5.63745,Dexs
Ethereum,curve-llamalend,WSTETH,54e4520b-bdd2-4b0b-9932-671c1c698fb7,868229,0,,,0,Lending
Base,aerodrome-slipstream,WETH-BRETT,e92866f1-3247-444c-ac96-432f461a72e5,866595,284.91301,26.78274,258.13027,115.57384,Dexs
Ethereum,fluid-dex,WEETHS-ETH,92dcfa5e-b6d7-4def-bec4-61bc7e63616c,863851,0,0,,0.67721,Dexs
Base,uniswap-v2,WETH-KEYCAT,87d86f70-8910-45be-b18a-4590f5965ea5,862197,8.00142,8.00142,,14.47297,Dexs
Base,uniswap-v3,WETH-DEGEN,ea2b2c7a-39d9-41e4-8805-edc765de73c2,862092,5.00383,5.00383,,9.92058,Dexs
Ethereum,uniswap-v3,USDC-WETH,61d9b656-e4e8-4b6b-8659-06131995b499,861000,3.59523,3.59523,,4.61297,Dexs
Ethereum,uniswap-v3,HUNT-WETH,48bf02ba-60e3-429f-af72-384a0f4f0a81,860208,0.57691,0.57691,,1.94874,Dexs
OP Mainnet,compound-v3,WEETH,703d593d-57b4-4efd-a32a-973bec2a2e67,854516,0,,,0,Lending
Ethereum,uniswap-v4,ETH-WOCT,d81e646f-c77f-4025-bf8b-0a8976ea5a71,851106,2.89756,2.89756,,13.14584,Dexs
Ethereum,curve-dex,GHO-CBBTC-WETH,b1e79bb7-6137-43d4-ac96-694f9a1cfddd,850419,4.77322,0.54,4.23322,5.4572,Dexs
BSC,lista-cdp,WBETH,76f8c0c2-7a52-4419-aa0a-f884ab33ca70,850418,0,,,0,CDP
Ethereum,uniswap-v3,SHI-WETH,9e666bc6-8c20-46b5-ae4a-0765724872e0,850377,0.16645,0.16645,,0.4932,Dexs
Ethereum,uniswap-v2,WETH-CHKN,b591a7c5-9f62-4c91-babd-4f127d5ea9be,847920,0.00341,0.00341,,0.07543,Dexs
Ethereum,uniswap-v2,NATI-WETH,aa42c0f5-4cec-4739-b0ae-06e97ea059f1,842081,0,0,,0.02919,Dexs
Base,uniswap-v2,WETH-NPC,3e8be2b0-5267-4567-b371-c5bde0645681,841251,8.48869,8.48869,,19.87228,Dexs
Ethereum,uniswap-v4,ETH-CRO,b71f50a6-9744-4399-9578-70cdbfd00808,838458,13.58001,13.58001,,23.75628,Dexs
Ethereum,uniswap-v2,LIB-WETH,725cc51d-a86d-48e4-89c8-7c2e7ba2bb05,837779,0,0,,0.00031,Dexs
Ethereum,uniswap-v2,WETH-UNIBOT,fd883134-dc0c-4c13-a349-afbf2756da4c,837150,0.00987,0.00987,,0.09832,Dexs
Base,uniswap-v4,ETH-USDC,a2e5a9de-0d91-4795-bfcd-a39845ee35a7,835672,1.67449,1.67449,,6.9371,Dexs
Avalanche,uniswap-v3,WETH.E-WAVAX,cf2fed69-253b-4a63-b3a4-c5011805b04a,834553,13.6651,13.6651,,18.42802,Dexs
Arbitrum,camelot-v2,WETH-TROVE,00da8266-ff9e-416b-ab47-65f6d5829cbc,834090,0.00586,0.00586,,0.00585,Dexs
Polygon,folks-finance-xchain,WSTETH,33782bb3-bcae-4ffb-a97c-7694db559239,833487,0,0,0,0.00096,Lending
Arbitrum,uniswap-v3,WBTC-WETH,14d11019-8d05-43b9-8ab9-f9baeb9e70fa,828019,2.32291,2.32291,,6.52546,Dexs
Ethereum,curve-dex,TETH-WEETH,d0f09aac-e563-4cfc-b1d6-9a0c3d6767cb,824924,2.74,2.74,0,2.62961,Dexs
Arbitrum,gmx-v2-perps,ETH-USDC,d8e9838a-f710-4ac2-b002-1fe93ecb83ae,824618,9.11979,9.11979,,30.03677,Derivatives
Ethereum,uniswap-v3,TONCOIN-WETH,bfdfd932-979c-4a12-8381-d7fa5db9b020,823873,10.66466,10.66466,,16.55074,Dexs
Base,uniswap-v3,WETH-CMC20,c7120c7c-7aa2-417d-b499-8db0f5ff6430,823712,1.49642,1.49642,,2.24323,Dexs
Ethereum,morpho-blue,WSTETH,d6b49578-c84e-49be-a920-9dab43c28180,822564,0,0,,0,Lending
Base,aerodrome-slipstream,WETH-B3,877ebb7b-2328-40e3-bbfb-ca6d86cb8e18,821386,107.89559,22.38459,85.51099,489.18171,Dexs
Ethereum,uniswap-v3,WETH-CBBTC,0b978e13-b787-4bac-a3db-cc5754d50cf0,815811,6.76036,6.76036,,11.38823,Dexs
OP Mainnet,velodrome-v3,WETH-WBTC,27bf5333-4866-4f68-9f12-a31be620d9b6,814806,10.21716,,10.21716,12.00553,Dexs
Ethereum,uniswap-v3,WETH-BSSB,4754deb7-b94b-4874-82c3-a5e6c6b00dd0,814692,0,0,,0.00186,Dexs
Solana,project-0,ETH,37d329c3-483f-416d-97fd-58e6af764d49,809417,0.39061,0.39061,,0.40798,Lending
Ethereum,uniswap-v3,VSTR-WETH,b5284d13-348a-404e-a57a-701883bd2c0b,808096,0.23734,0.23734,,0.34268,Dexs
Ethereum,uniswap-v3,WETH-PUFETH,f152a018-6cc6-4614-8b56-fe4548773cd4,805797,0.00529,0.00529,,2.1297,Dexs
Ethereum,uniswap-v3,WALLET-WETH,b39eb4b4-e692-4a18-a802-e127773a6563,801461,22.04214,22.04214,,9.1122,Dexs
Linea,aave-v3,WSTETH,1bd96dcd-9987-43b2-88c3-fb795f87615d,800262,0.00092,0.00092,,0.00092,Lending
Ethereum,fluid-dex,EZETH-ETH,dcd38ffa-5a7d-44b6-857e-684811c4620d,799148,3.85651,3.85651,,1.16429,Dexs
Ethereum,uniswap-v2,QRX-WETH,8ab44991-687b-48b8-9b30-3e83160aab78,797449,0.01932,0.01932,,0.02768,Dexs
OP Mainnet,uniswap-v3,WETH-WBTC,08095962-7fd3-4319-ae45-7a02316c788b,796348,0,0,,6.65932,Dexs
Solana,gmx-solana,ETH-USDC,219f98b1-ce4a-4d73-8887-2c13025ed868,789687,9.64102,9.64102,,168.06373,Derivatives
Ethereum,uniswap-v3,IMPT-WETH,573d6b65-f98d-4952-9f45-e7f031eebcb0,788997,0.65337,0.65337,,0.17688,Dexs
Arbitrum,curve-dex,USD₮0-WBTC-WETH,429bbfd9-1496-4871-9406-b64f3d05f38d,784858,0.38,0.38,0,0.62543,Dexs
Ethereum,uniswap-v4,ETH-DAI,8b308db5-44cf-477b-8432-9c38abdabb89,784588,2.1415,2.1415,,4.32173,Dexs
Ethereum,uniswap-v2,GOOCH-WETH,56f0d9f8-9dde-4aeb-aa01-3755c4bb2b6b,784199,0.0004,0.0004,,0.00098,Dexs
Starknet,ekubo,STRK-ETH,b984cf22-1ba7-4576-a8bd-d5a8050d995a,782463,181.98059,181.98059,0,308.74335,Dexs
Ethereum,curve-dex,YNETHX-WETH,08d9e568-98b5-4957-bad6-e69ed4cf0d76,782038,1.92339,1.92,0.00339,2.33921,Dexs
Base,beefy,MSETH-WETH,4e694253-449d-4750-8dcd-3cfaa94452aa,778036,6.6388,,,5.44882,Yield Aggregator
Base,uniswap-v4,WETH-KELLYCLAUDE,b000c1b5-b484-4349-8cec-c7cba2da7254,775938,6.24914,6.24914,,4.1724,Dexs
OP Mainnet,velodrome-v3,USDC-WETH,97d1d418-3f4e-4eec-9408-0185d4324ba3,775804,109.82696,,109.82696,291.30085,Dexs
Base,uniswap-v3,WETH-USDC,2541ed5b-65e0-401a-bde8-f261ba78817b,772914,17.06213,17.06213,,24.16162,Dexs
Ethereum,sushiswap,WETH-ALCX,1cc9980b-7c86-4303-955e-94c7840c5eea,769831,0.69591,0.69591,0,8.65867,Dexs
Ethereum,uniswap-v3,LCAI-WETH,10b8f396-3ec6-47e1-9823-07c616e3bfd6,769163,1.233,1.233,,2.11782,Dexs
Base,aerodrome-v1,WETH-DRV,f9639d02-b33e-4cd1-a126-916e66136bf0,765179,118.66815,,118.66815,79.43457,Dexs
Base,uniswap-v4,WETH-CLAWNCH,935f2256-3107-4ffb-a1b9-4b1c2ec2b732,759084,0.23445,0.23445,,6.55391,Dexs
Ethereum,uniswap-v2,QOM-WETH,b4609df1-5671-4cd0-849a-ab0f27d572c0,758844,0.01493,0.01493,,0.08004,Dexs
Ethereum,uniswap-v3,WNXM-WETH,9965d9da-c995-4e31-b8de-ba431d88b16c,754456,0.2666,0.2666,,16.34697,Dexs
Ethereum,uniswap-v2,RENZEC-WETH,e44974bf-ba82-45d7-87be-09a4bed76e81,753452,0,0,,0.04203,Dexs
Ethereum,curve-dex,ETH-FRXETH,1158e728-ec4c-44e4-9345-0eb326862516,748888,0.48146,0.45,0.03146,0.20188,Dexs
Base,uniswap-v4,WETH-CONWAY,cb966a46-20d1-4b93-b58b-b6fc03dcd5df,744565,533.4293,533.4293,,20.2779,Dexs
Ethereum,uniswap-v4,ETH-LSK,b9887f2f-8d21-4c7f-8265-798b7748766c,742405,21.76286,21.76286,,173.85581,Dexs
Ethereum,curve-dex,WETH-SDT,544cb1d2-7945-4e98-8230-c51160d27d5a,741217,8.41512,0.18,8.23512,8.32417,Dexs
Base,compound-v3,WSTETH,71391dac-7bbc-478d-9d11-d4813bebd90d,739654,0,,,0,Lending
Arbitrum,beefy,WBTC-WETH,d3a86c35-11aa-4061-bf99-8a7347251f95,739091,3.35977,,,2.88878,Yield Aggregator
Ethereum,stake-dao-yield,WETH-SDT,819fdad2-e497-4f01-a1bf-35d6ffcb2e6b,736329,9.65232,0.19,9.46232,9.39181,Yield
Ethereum,uniswap-v2,NEURAL-WETH,5690eef7-353b-4f8e-bd6a-a68b0c5fafa8,728923,43.81209,43.81209,,19.10922,Dexs
Ethereum,lagoon,MTPOOL-ETH,d9fe5f81-6a0c-4d9d-8c50-6f035076a899,724566,3.93196,3.93196,,7.49438,Onchain Capital Allocator
Ethereum,uniswap-v3,WETH-ENS,fa10346f-5056-49ad-afac-9400688e44ed,724207,3.80125,3.80125,,3.44047,Dexs
Unichain,morpho-blue,WSTETH,1645ce34-ad9a-483a-aa1d-4e5379df212f,721145,0,0,,0,Lending
Base,aerodrome-slipstream,ICP-WETH,34987574-6e85-4046-ae9f-2b2b881008c6,715032,307.81403,17.43115,290.38288,422.56742,Dexs
Ethereum,uniswap-v4,ETH-IXS,c7bb64fd-ed91-4d17-a3c3-b42e015f6851,714617,54.51573,54.51573,,19.64729,Dexs
Berachain,dolomite,WETH,3bcbd70c-1610-462c-9761-222546502782,710226,0.00578,0.00578,,0.00514,Lending
Ethereum,uniswap-v2,WOO-WETH,c4fc6442-6018-4a62-b1be-44ccdfe381fd,708142,4.95177,4.95177,,6.78013,Dexs
Base,sushiswap-v3,WETH-KRAV,66fa43a0-4af5-41f9-a88e-fe1accdac3f5,707959,0.00262,0.00262,,0.00625,Dexs
Ethereum,convex-finance,ETH-FXN,02f202af-5a37-4934-bb68-4b40f022df2a,707338,0.63,0.63,0,1.21157,Yield
Arbitrum,curve-dex,ALETH-WETH,fa4c63d8-e411-437a-80be-b09c603cfa7b,705638,8.07756,0,8.07756,6.40342,Dexs
OP Mainnet,exactly,WETH,c5d416fa-6063-4573-96ec-fd3f3764e20f,705037,0,0,,0,Lending
OP Mainnet,exactly,WETH,ea595227-2924-4570-a5be-d97feae4d22e,705037,0,0,,0,Lending
OP Mainnet,exactly,WETH,755541b1-6df1-4ae5-8e48-853640448dc6,705037,0.70982,0.70982,,0.7252,Lending
OP Mainnet,exactly,WETH,5348d6f5-3585-4b70-bb39-50893d73ab24,705037,0,0,,0,Lending
OP Mainnet,exactly,WETH,d96d1b4e-1ba3-4f23-8f88-7a0bb4cd06f3,705037,0,0,,0,Lending
OP Mainnet,exactly,WETH,cb2efe9f-8c4c-40cb-8fdd-e4a5c4d64e29,705037,0,0,,0,Lending
OP Mainnet,exactly,WETH,47710c55-d128-4d39-bc1d-7afc5b9c56d1,705037,0,0,,0,Lending
OP Mainnet,exactly,WETH,b2a0bbd1-c585-5156-b710-20a933c0f27e,705037,0,0,,0,Lending
OP Mainnet,exactly,WETH,340b9333-6674-53f4-9b06-7f639e151fd7,705037,0,0,,0,Lending
OP Mainnet,exactly,WETH,a227de72-94da-5a13-8af0-6d26fbbebecb,705037,0,0,,0,Lending
OP Mainnet,exactly,WETH,bd4ab57e-e64e-4ba2-a506-54ec45b85946,705037,0,0,,0,Lending
Polygon,uniswap-v3,USDC-WETH,7755b02a-ba25-4025-85c7-77908d78c486,703641,29.20576,29.20576,,20.7031,Dexs
Ethereum,frax,FRAX-WETH,72619740-add8-4325-bab7-a8467d6e2f73,703240,2.37091,2.37091,,2.19886,Algo-Stables
Ethereum,uniswap-v2,WETH-XAMP,3d7ccacb-3fb8-472a-8b5b-e4a71c73e731,702183,0,0,,0.0068,Dexs
Ethereum,uniswap-v2,WETH-GME,6acb72f3-69be-4753-86dd-4eaf4bb519f0,694398,1.10043,1.10043,,2.19007,Dexs
Ethereum,uniswap-v3,SAN-WETH,66257bbe-9c73-44f8-a2b0-05a5b9fc94c5,691967,0,0,,0.03189,Dexs
Ethereum,uniswap-v4,ETH-SEND,33357fad-77e5-58d4-b92c-03a7159b87f8,691343,163.10343,163.10343,,1033.86811,Dexs
Ethereum,uniswap-v3,METIS-WETH,7d288858-94b1-4217-ad09-5992bdea59ae,688782,4.50159,4.50159,,8.88521,Dexs
Ethereum,uniswap-v2,WETH-LNQ,e4b987ac-a298-4ca9-ad0d-24db6db4e078,688599,5.27446,5.27446,,8.56875,Dexs
Ethereum,uniswap-v2,IC-WETH,c15ea321-8d5f-45d7-b4f2-e1c773139448,680778,0.10869,0.10869,,1.32896,Dexs
Ethereum,uniswap-v3,RLB-WETH,d757fc0c-e9d1-4f8c-af1a-d78e341f5f96,678001,4.983,4.983,,7.63814,Dexs
Polygon,uniswap-v3,WETH-INST,6e54e59d-43ae-4d2c-8c87-1d8c7e71710d,673825,15.09451,15.09451,,3.7621,Dexs
Ethereum,uniswap-v2,ROBO-WETH,76779d06-73b3-48e6-ab5f-c9454189d078,672680,0.0524,0.0524,,0.12341,Dexs
Ethereum,uniswap-v4,ETH-WOO,13efeee4-02ce-42aa-9883-23be783b90b5,672242,11.21642,11.21642,,11.58138,Dexs
Ethereum,uniswap-v3,LDO-WETH,2fc9c593-f66b-4d05-b474-87ebc13ce378,669244,30.1494,30.1494,,16.45275,Dexs
Base,uniswap-v3,WETH-BSDETH,def4fcc7-3a5f-486d-92a7-cc4477bdf97c,668190,0,0,,0.0001,Dexs
Ethereum,gearbox,WETH,5d06dfea-61f8-4807-a148-bff73c059092,667917,3.5358,1.55806,1.97775,3.07848,Lending
Ink,velodrome-v3,USD₮0-WETH,e9a3d32d-d09a-40f0-ad44-8b7a7941bc78,667363,3.82317,,3.82317,9.80119,Dexs
Base,aerodrome-slipstream,WEETH-WETH,4410a5ad-f0a4-47fc-8c37-15b7056d1c94,666719,4.10828,1.51462,2.59367,1.73016,Dexs
Base,aerodrome-v1,WETH-SPX,5f46d9a5-b1e7-49e4-93f8-e6d7a504eb9f,666465,20.6264,,20.6264,18.04275,Dexs
Ethereum,uniswap-v3,PIN-WETH,e10173b8-0307-4837-abd6-125f87c052fd,663568,28.73396,28.73396,,23.08816,Dexs
Base,extra-finance-leverage-farming,WETH-VVV,84884749-d26f-4105-8ea9-2a0ca92a69a5,663133,18.68572,18.68572,,17.93869,Leveraged Farming
Ethereum,uniswap-v2,TRUMP-WETH,23e26be6-8223-47ff-b33d-2014ee8693e6,662421,0.04227,0.04227,,0.37571,Dexs
Base,beefy,CBETH-WETH,1db8b8bb-8b10-4070-a992-07d3fb8f961e,657908,1.28807,,,0.16048,Yield Aggregator
Ethereum,uniswap-v2,LEAD-WETH,b36d827e-1a08-4cfe-bba6-3c754b8106aa,656980,0,0,,0.00015,Dexs
Ethereum,uniswap-v4,ETH-WC2026,c90f12c1-b9fe-4854-8ed4-209015e293ba,653877,0,0,,0,Dexs
Ethereum,uniswap-v2,SPECTRE-WETH,a0bd9288-8ff5-4545-83a0-6d485d277a72,651607,2.27567,2.27567,,8.34464,Dexs
Ethereum,uniswap-v3,POWR-WETH,92c55c31-9892-414b-81ce-fb11470763a4,650895,0.64949,0.64949,,2.11912,Dexs
Ethereum,curve-dex,ETH-YFI,700ab88a-4323-4b82-8fbe-b69dd8790e95,649716,7.3667,2.33,5.0367,6.62593,Dexs
Ethereum,sushiswap,WETH-USDT,b1ff3e89-14a0-42a1-b760-716304387201,646896,1.30607,1.30607,0,3.20993,Dexs
Ethereum,curve-dex,WETH-RSUP,1cfa57c8-2c94-4c3d-869f-a3ae98cfb370,643265,14.91358,0.77,14.14358,16.37876,Dexs
Base,aerodrome-slipstream,WETH-CBXRP,ad247753-74a9-4958-ab00-82a6b436ee03,642702,73.93367,50.8456,23.08807,107.32423,Dexs
Ethereum,uniswap-v4,ETH-CHMPSTR,337fa189-6b19-4d97-ade4-3d6439355cc5,642612,0,0,,0,Dexs
Ethereum,convex-finance,ETH-YFI,f3330a13-895a-4772-b4f2-b20030e36498,640374,10.23476,2.49,7.74476,9.25061,Yield
Base,uniswap-v4,CLAWBANK-WETH,485cbeb8-9b0e-4808-84fe-0fc74c276b3e,640371,4.11453,4.11453,,13.34338,Dexs
Ethereum,uniswap-v2,SHIB-WETH,a3e110f6-1eea-4ad3-b97b-0434e34b55bd,636402,93.32897,93.32897,,39.72504,Dexs
Ethereum,uniswap-v2,X2Y2-WETH,a1193f50-99a9-4411-a7dc-a9c49a11c3cd,635930,0,0,,0.01453,Dexs
Ethereum,uniswap-v3,ADI-WETH,9b020193-6072-46d1-a429-41a4450ab275,634939,1.63057,1.63057,,2.41165,Dexs
Base,uniswap-v3,VIRTUAL-WETH,3e406e0c-c916-4a02-b40e-558e67d37983,633786,60.40286,60.40286,,59.14917,Dexs
Base,uniswap-v3,WETH-BEBE,60fb1e0c-a02a-416e-b9e3-6e7eedfe4111,630332,0,0,,0.00217,Dexs
Base,aerodrome-v1,WETH-MET,49da3a5c-0f8f-47d2-ac18-d665be77bca0,628071,93.0544,,93.0544,22.94715,Dexs
Ethereum,uniswap-v3,APUFF-WETH,7bea7dc6-2704-4255-ab6e-cff914f129f4,627524,0.02276,0.02276,,0.00362,Dexs
Ethereum,pancakeswap-amm-v3,USDC-WETH,19624fc7-d998-48f5-abd5-49fb3841dccb,626909,12.22886,12.22886,,22.06379,Dexs
Ethereum,uniswap-v4,ETH-SOL,5cc88220-1e3f-4429-8f7b-876242c0e7a9,625783,27.49017,27.49017,,21.89568,Dexs
Ethereum,uniswap-v2,KUMA-WETH,c266e9e5-65f7-412f-9730-5a348dfdeb59,625204,0,0,,0.03765,Dexs
Base,morpho-blue,WEETH,66ac59bc-b685-4870-aa3d-bbb2183844a9,622110,0,0,,0,Lending
BSC,pancakeswap-amm,ETH-WBNB,f6b2ec4d-e94f-4c7b-b7a1-303de1428b57,620825,0.85066,0.85066,0,1.82103,Dexs
Ethereum,uniswap-v2,OSAK-WETH,6a6e1615-a61b-4441-908f-232a6ca47850,619511,0.67008,0.67008,,0.77929,Dexs
Ethereum,uniswap-v3,STETH-WETH,f8931ddf-5ef0-4eb6-9ddf-718cd3f1a172,614091,0.02066,0.02066,,0.27842,Dexs
Polygon,uniswap-v3,WETH-USDT,b316d495-5e1a-4104-b8fa-a1d9188bb519,613515,10.46557,10.46557,,13.42489,Dexs
Base,moonwell-lending,WSTETH,0d27f0a5-572a-41cd-98a6-ad5804f95044,612151,2.78873,2.70359,0.08514,6.95951,Lending
Ethereum,uniswap-v4,ETH-RED,1156f9c3-a099-4ff6-993c-e5afe00a16b1,610309,33.67071,33.67071,,34.88955,Dexs
Base,uniswap-v2,WETH-SKI,190da63b-79b9-4d0b-b3fa-440c612d631b,607994,2.39493,2.39493,,5.26584,Dexs
Ethereum,balancer-v2,QI-WETH,26ea467f-3c63-4b35-9f21-983f7a2cdb0e,607866,0,0,,0.01544,Dexs
Base,uniswap-v3,WETH-USDC,3ea03bb2-0fda-4280-9389-f76c5b75ff2b,605280,45.5348,45.5348,,46.7703,Dexs
Ethereum,morpho-blue,WETH,63cc2647-59e4-4e8a-ab04-8f442279b931,600737,0,0,,0,Lending
Ethereum,uniswap-v3,ICP-WETH,919f50a0-1f61-4082-86e9-eb1eec8c82be,596247,12.0463,12.0463,,15.90598,Dexs
Base,fluid-lending,WEETH,593e0545-1aca-4802-af33-9b5392aca8c1,596026,0,0,,0,Lending
Ethereum,uniswap-v2,WETH-DITAU,b6f0a207-a720-4287-ac46-d834ac8bc6c3,593200,0.37988,0.37988,,0.51656,Dexs
Ethereum,uniswap-v2,WETH-SLAP,720f5a92-487f-4e96-b517-7a40c59ba4c6,591525,0.00304,0.00304,,0.01926,Dexs
Arbitrum,gains-network,WETH,ba852dba-2778-4b00-a8e5-5ea40b56270f,591309,2.6649,2.6649,,2.61439,Derivatives
Ethereum,curve-dex,UNIETH-FRXETH,656524d2-7cf6-4ed4-ab49-929053005759,590644,0.06,0.06,0,0.89364,Dexs
Base,aerodrome-slipstream,WETH-LCAP,0116270f-73ee-485c-ac5e-496f063c15c4,589348,12.48358,7.62503,4.85854,19.97847,Dexs
Ethereum,uniswap-v2,WETH-AMPL,4f2c535f-51ce-4ea5-8c90-2889cebccad8,587589,0.24829,0.24829,,0.6523,Dexs
Base,morpho-blue,CBETH,073b204c-f9a8-41a8-b878-058a30d020df,586982,0,0,,0,Lending
Ethereum,uniswap-v4,ETH-LDV,e5b797bf-25ad-4939-8afd-afec64a5112d,586888,0,0,,0.00078,Dexs
Ethereum,uniswap-v3,WETH-MATH,b2c273b6-8aa3-46bf-a1e7-886a25172cd7,586654,0,0,,0.07238,Dexs
Ethereum,uniswap-v3,WBTC-WETH,cf56d05a-7b22-469a-9728-9f04d26d9be5,586128,6.73463,6.73463,,12.65876,Dexs
Ethereum,curve-dex,ETH-ETHX,f78f31b0-80ed-4504-bf89-74e0162e998f,586065,6.33104,1.82,4.51104,4.41117,Dexs
Ethereum,uniswap-v3,BOTTO-WETH,cedb1cd2-ecd9-4b76-ae63-6d6f95a81578,585816,0,0,,1.4645,Dexs
Ethereum,uniswap-v4,ETH-HUNT,2694bfce-2549-4a1b-85fa-e46cbf2d9226,584412,0.29346,0.29346,,0.44533,Dexs
Ethereum,uniswap-v3,LQTY-WETH,0d91ce59-256a-4b7a-a156-357a8df9cc32,583816,8.53265,8.53265,,12.34577,Dexs
Base,uniswap-v3,WETH-USOL,a29cd7cc-3475-4110-bc74-85226d53614a,583570,5.30346,5.30346,,8.84735,Dexs
Arbitrum,uniswap-v3,WETH-RNG,fe449b5c-b996-40ea-84f9-9e1f625a8979,582997,0,0,,0.00618,Dexs
Polygon,fluid-lending,WSTETH,afb5e95b-59f8-4b20-84ab-0624ff7b6c71,582330,0,0,,0,Lending
Ethereum,sushiswap,LFG-WETH,b83858da-a1dd-49e3-b776-0f4f78bd3ebc,581240,0,0,0,0.0083,Dexs
Ethereum,uniswap-v3,HAIR-WETH,210791a3-32da-49d2-8987-eaad8ea715d7,579624,1.15802,1.15802,,2.34708,Dexs
BSC,uniswap-v3,ETH-BTCB,a8a67ce9-3f86-4272-a305-d4b2abd58783,578981,15.78385,15.78385,,41.93171,Dexs
Ethereum,uniswap-v4,ETH-WSTETH,77ae54c8-0aaa-4238-9726-5607ad43f2b2,577585,0.25895,0.25895,,0.97456,Dexs
Arbitrum,stake-dao-yield,ALETH-WETH,9a972972-30f1-4bcc-b1f1-9a3d7117a01b,576259,8.42296,0.04,8.38296,6.3432,Yield
Base,uniswap-v2,TRUE-WETH,5785bc0d-a33d-42f8-a376-2cbed8e08c1b,576088,3.60566,3.60566,,55.3595,Dexs
Ethereum,uniswap-v2,PEIPEI-WETH,01c11fce-5818-410f-84cb-076176191959,575609,1.08586,1.08586,,1.77278,Dexs
Ethereum,stake-dao-yield,WETH,33676b19-1e74-459c-8fa1-1294ae8ff303,575572,2.52276,2.52276,0,1.58116,Yield
Polygon,uniswap-v3,WETH-AAVE,3556c2a8-b3dc-41ff-b0ff-28fcf07b6832,575395,34.74672,34.74672,,33.31797,Dexs
Ethereum,uniswap-v2,MANYU-WETH,0dca8743-e0fd-4741-942c-f634b8743eb7,571964,4.9272,4.9272,,16.78619,Dexs
Solana,raydium-amm,RAY-ETH,61d3125a-9bc7-4562-9d73-316da2dcd15a,567712,1,1,0,4.4544,Dexs
Ethereum,uniswap-v3,PANDORA-WETH,f6635031-e5f8-4a99-9b46-4fd160859cf7,567411,0,0,,0.02007,Dexs
Ethereum,uniswap-v2,⚗️-WETH,ff81760d-e3df-41d1-8e71-0f630d4685c7,566583,0,0,,0.01567,Dexs
Polygon,fluid-lending,WSTETH,aaf3c8d0-ebe8-4f61-8d2d-76094e5ecac1,565804,0,0,,0,Lending
Ethereum,convex-finance,ETH-FRXETH,6d342d6a-9796-443e-8152-b94e8b6021fc,562722,0.53132,0.44,0.09132,0.22445,Yield
Ethereum,uniswap-v2,WETH-LUFFY,926a4bba-9d1c-43b2-b27a-3c940f348a58,562594,0,0,,0.00115,Dexs
Ethereum,pancakeswap-amm,WBTC-WETH,55402b56-6d73-410d-bb3a-111a6f00b9f1,562151,0.18205,0.18205,,0.5562,Dexs
Ethereum,uniswap-v3,WETH-SURE,e7b68066-17e2-47ea-beac-4501dda37557,562096,0,0,,0,Dexs
Arbitrum,fluid-lending,ETH,c531430b-4ad9-45a0-8f76-976d3964a77e,561839,1.23,1.23,,1.16936,Lending
OP Mainnet,velodrome-v3,WSTETH-WETH,35ce2eb3-03cf-4f09-83e1-e653ee80abcc,558785,1.0133,,1.0133,1.4661,Dexs
Ethereum,uniswap-v3,MRF-WETH,59859e12-07e7-485c-bda6-582f95c28896,558697,0.02257,0.02257,,0.00984,Dexs
Ethereum,steer-protocol,WETH-ETH+,1ecb775c-8140-4af3-8c13-a175e92a34eb,557496,0.05,0.05,,0.16152,Liquidity Manager
Arbitrum,uniswap-v3,CRV-WETH,415084d5-948c-4a27-a596-3ed9319f8a24,556639,35.72092,35.72092,,42.20872,Dexs
Base,uniswap-v4,ETH-PITCH,781a03a7-9af7-4438-bc9d-0da25e02a84a,556120,0.01545,0.01545,,0.08043,Dexs
Polygon,quickswap-dex,WMATIC-WETH,2a8b1bc2-596e-435c-8518-ba6897ecb225,555247,3.21773,3.21773,,1856.74637,Dexs
Ethereum,convex-finance,YNETHX-WETH,1329e9b3-986c-4485-9bed-9b744e8a05ef,554390,1.92,1.92,0,2.73279,Yield
Ethereum,uniswap-v3,MET-WETH,ac07786b-d316-4ce9-9b48-cc36e18604e0,552494,0,0,,0,Dexs
Ethereum,uniswap-v2,RXS-WETH,d69f6798-4c23-455b-8791-cf01a132636f,551221,0,0,,0,Dexs
Ethereum,uniswap-v4,ETH-USDT,0819e3de-5fa4-4ca9-9d28-2de9ad11124d,550186,15.78067,15.78067,,14.92245,Dexs
Base,uniswap-v4,LIQ-WETH,432f25f3-bb7f-4077-af0e-a3b26b9f0b8d,549745,0.05907,0.05907,,5.11094,Dexs
Ethereum,uniswap-v4,ETH-XAUT,84614aba-7e06-4b6c-85b9-6189d2fcf807,548914,20.93176,20.93176,,35.18957,Dexs
Ethereum,uniswap-v4,ETH-KIT,fa445f86-e81e-403f-91a1-7330f0b1a9b7,548327,0,0,,0.14852,Dexs
Polygon,uniswap-v4,KIT-WETH,c8792653-c34f-4327-b708-24a32a1b4504,546633,0,0,,0.0729,Dexs
Flare,kinetic,WETH,477f1419-4c04-4f1e-a35e-1b200da694f1,546433,6.06018,6.06018,0,5.7596,Lending
Ethereum,convex-finance,WETH-PETH,ccfd708c-c17c-46e2-8922-0641302b2a51,546304,0,0,0,0,Yield
Ethereum,uniswap-v2,UNKNOWN-WETH,3f76871b-b2cf-484f-ac48-fe7d8f26a2f5,546158,0,0,,0.00022,Dexs
Arbitrum,woofi-earn,ETH,dfbdb08e-3327-4f1c-80cb-3fa8546b0fbb,545989,3.68107,3.68107,0,3.60358,Yield
Ethereum,curve-dex,WETH-T,2b79e03c-3cee-48a8-b91f-7ee61c4e6025,545503,5.55777,5.55,0.00777,5.8302,Dexs
OP Mainnet,velodrome-v3,WETH-OP,81bcc097-bf89-4169-a33b-e1cf843fec75,545041,0,,0,0,Dexs
Ethereum,fluid-lending,ETH,7482f0b2-2ea1-4cef-82b9-d09192bbe2e9,544552,1.82,1.82,,1.96404,Lending
Base,morpho-blue,WSTETH,046c6e4e-4c0c-4b42-9c9c-43364e470c03,544544,0,0,,0,Lending
Ethereum,uniswap-v2,YEE-WETH,def6d61e-cc5e-4af1-9c54-eaefb3b2ef61,544436,10.55346,10.55346,,17.36831,Dexs
Ethereum,convex-finance,WETH-T,0ff94f7e-9e35-47f1-b134-9e67cae826ec,541100,5.5,5.5,0,5.76327,Yield
Arbitrum,camelot-v2,SECT-WETH,b64ffa22-1619-477a-9c98-87cb1d4bec37,539451,0,0,,0.0097,Dexs
Ethereum,uniswap-v2,HOE-WETH,55986dad-ea71-4ffc-90ae-9d375064defc,539293,0,0,,0.00159,Dexs
Base,uniswap-v3,WETH-TREE,b241433a-e7a0-4d38-b14d-2cfdd1028ec8,538809,0.15066,0.15066,,1.0665,Dexs
OP Mainnet,velodrome-v3,WETH-WBTC,43421482-6d3b-4d2a-887b-78e10d5c3b65,537845,86.76887,,86.76887,63.03647,Dexs
Ethereum,curve-dex,ETH-ALD,31273585-b1a5-4ae6-8026-ce0f377d24a1,536730,6.02196,6.01,0.01196,0.33547,Dexs
Ethereum,uniswap-v4,ETH-STRATO,937ecabb-2a50-4ee9-b263-0fab48baf622,536448,0,0,,0,Dexs
Ethereum,convex-finance,ETH-ALD,2f4fa5ef-ed48-4814-87f6-2b61c5359277,536349,5.95,5.95,0,0.35904,Yield
Arbitrum,uniswap-v4,ETH-EVA,16d02052-eacb-43e3-bc46-076efa813fd1,535732,0,0,,0,Dexs
Ethereum,uniswap-v4,ETH-EURC,bda4aa41-8d75-4131-8999-f07c5c34c2a0,535030,11.33526,11.33526,,10.22081,Dexs
Base,uniswap-v3,WETH-NOJEET,390c4f6f-1c83-413e-861d-3df3de2f38cb,533709,0,0,,0.00228,Dexs
Flare,sparkdex-v3.1,WETH-FXRP,e1cca30e-5f57-406b-9585-a581ea2eafd1,533219,0,0,,2.05626,Dexs
Base,uniswap-v3,WETH-AERO,71bde61d-42d1-4b94-a5e2-54c62b245d60,532325,1.52716,1.52716,,8.18002,Dexs
Ethereum,uniswap-v2,BOOE-WETH,e20cd35f-a0bb-4926-aa19-a3d78087a0e6,532124,1.59127,1.59127,,4.09483,Dexs
Ethereum,convex-finance,WETH-RSUP,03783f78-933d-4cbd-b446-8e3b7c8b5638,530894,28.38811,0.87,27.51811,27.21142,Yield
Ethereum,uniswap-v2,MOODENG-WETH,9b8ac016-8747-40b6-83b6-c197adb6a22c,530178,1.68588,1.68588,,3.09817,Dexs
Ethereum,convex-finance,GHO-CBBTC-WETH,dbd88c6b-1f07-4028-aa72-3e6339837122,529324,1.19,1.19,0,10.08259,Yield
Ethereum,uniswap-v2,WETH-BRAIN,d9ebe90b-27ed-4806-8534-c14cd4539750,528281,0,0,,0.00289,Dexs
Ethereum,uniswap-v2,DOGE-WETH,ae2dafd7-bda7-4529-aaa8-edba41e37b61,527545,0.24335,0.24335,,1.32897,Dexs
Ethereum,uniswap-v4,ETH-ASTEROID,1fa98e6f-ec3a-4b59-9df4-01ed9ec4930f,526136,0.00056,0.00056,,1.03271,Dexs
Ethereum,uniswap-v2,LAIKA-WETH,2dd5314d-a6d5-4e61-af03-89c074c7cdea,523373,0.39086,0.39086,,3.02956,Dexs
Ethereum,stake-dao-yield,ETH-STETH,b40158b2-c61e-4123-a90b-9ec17b290259,521318,2.12544,1.72,0.40544,1.74719,Yield
Starknet,troves,USDC-ETH,b081ad5c-8304-4c96-bfd9-731e85d66e5f,521265,33.81235,33.81235,0,30.14445,Yield
Ethereum,uniswap-v2,SWISS-WETH,acf32de9-96b8-4e2f-a2d4-5d670720525b,520493,0,0,,0,Dexs
Ethereum,uniswap-v2,FTMX-WETH,bb6f6975-3336-47ab-904f-7646bdd69e9a,519213,0.62553,0.62553,,0.36735,Dexs
Base,vesper,ETH,aba92dbe-f256-4be3-8fd5-21d6b51bd69c,519096,0.14,0.14,0,0.15837,Yield Aggregator
Ethereum,uniswap-v3,MUBI-WETH,f7f41174-e5dc-4004-a30b-c5824ee13599,517748,0.66562,0.66562,,0.40505,Dexs
Base,uniswap-v4,WETH-RATSPEAK,c770eb58-49db-492d-b42c-11acedff8ce1,516769,8.09879,8.09879,,45.41895,Dexs
Base,aerodrome-slipstream,HYPE-WETH,2d73e593-f529-4373-aca7-58b4c552517b,513755,309.66612,98.13573,211.53039,381.78123,Dexs
Base,uniswap-v3,WETH-ELONRWA,4ed44cc7-d8cc-41fc-9362-9f891f49a860,513593,0.0247,0.0247,,0.04793,Dexs
Ethereum,harvest-finance,STETH-ETH,1b9d6e6a-6230-417d-b291-a6351480cfe6,513431,2.06,2.06,,1.68131,Yield Aggregator
Ethereum,uniswap-v3,KROM-WETH,d3d6eb6a-4bf9-4a16-947f-6ce7d5399959,513429,0.00052,0.00052,,0.02245,Dexs
Base,uniswap-v4,ETH-VAPI,f70763d9-cfe1-59a9-97b9-ecf7602fd227,512765,0,0,,0,Dexs
Base,uniswap-v4,WETH-CLAWSTR,f2cac107-8fa7-4789-8dd9-0c7dac5ce745,512124,0.00366,0.00366,,0.04663,Dexs
Base,aerodrome-v1,WETH-VEIL,dbbc6ff4-72c5-43cf-aa5c-46e393cdd97e,511969,57.71815,,57.71815,94.34611,Dexs
Ethereum,uniswap-v3,WAAC-WETH,139ea625-dbd0-4ffc-a286-af386a9fd64b,511242,0.11497,0.11497,,4.26016,Dexs
Ethereum,uniswap-v3,WETH-CRV,9112c2c0-a25d-4910-958b-c227045edf42,510873,10.06766,10.06766,,25.79159,Dexs
Ethereum,uniswap-v4,ETH-HYSG,6c4d865c-b5ef-4ad5-a9c6-036ba2bff37c,509195,0,0,,0,Dexs
Starknet,troves,ETH-STRKBTC,b657e46f-3649-4efd-8ed0-29e29f36ef1b,508549,3.6556,3.6556,0,8.37963,Yield
Ethereum,uniswap-v3,TRAC-WETH,1e7880a1-6217-482e-8053-2d4cc3f71931,507081,108.14116,108.14116,,57.40703,Dexs
Bifrost Network,bifi,ETH,e5686448-3686-4da2-8863-5d3b2647b816,506600,0.07992,0.07992,,0.0796,Lending
Base,uniswap-v4,ETH-BASECAT,534c936a-4d0d-55fc-be4f-e14ed5e4bb6d,505797,0,0,,0,Dexs
Base,uniswap-v4,ETH-HUNT,0fa4b16d-c867-4764-b20d-d764b48b1fb2,505247,1.43109,1.43109,,1.37556,Dexs
Ethereum,uniswap-v2,LMEOW-WETH,ab021482-2488-4bdb-bdc4-5ceb333d6d1e,504883,6.11871,6.11871,,9.04979,Dexs
OP Mainnet,compound-v3,WSTETH,d9a28405-6299-4af6-b37e-e9a9f09a1299,504423,0,,,0,Lending
Ethereum,uniswap-v4,ETH-H,29e592ff-e03d-48df-9e23-215d36cea005,501085,0,0,,0.02472,Dexs
Ethereum,uniswap-v3,YNG-WETH,1d4a3ec7-b725-4281-9013-638bb81ced9d,500075,0.58629,0.58629,,0.96596,Dexs
Ethereum,uniswap-v4,ETH-SKY,354af3af-3b33-4b0d-a17a-f39a1b46e905,499258,27.63681,27.63681,,20.50682,Dexs
Ethereum,uniswap-v2,TAOBOT-WETH,c0251ac0-4675-401a-9017-e57843baac84,498301,2.87152,2.87152,,4.79722,Dexs
Ethereum,uniswap-v2,WETH-4CHAN,c94138f4-a5de-4fc4-9433-b1de82eeeeb6,497121,0.92341,0.92341,,1.87054,Dexs
Solana,raydium-amm,WETH-WSOL,a6288d01-94f4-4eae-be40-846729cc8210,496651,1.1,1.1,0,3.42506,Dexs
Arbitrum,sushiswap-v3,WETH-USDC.E,57015496-e4d1-4a4a-b278-d49a5bf0a1d3,495421,5.85091,5.85091,,9.99626,Dexs
Ethereum,uniswap-v4,ETH-VIBESTR,68cfeea2-aabe-4e39-8608-b8cfd97c2996,494336,0,0,,0,Dexs
Ethereum,curve-dex,WETH-INV,289fd501-498b-4c0b-97f3-807dfbd1d927,494113,2.24,2.24,0,2.06393,Dexs
Ethereum,uniswap-v2,WETH-TROLL,12fc4a60-99d5-4d93-9521-912d0d312ae6,493862,0.08842,0.08842,,1.18854,Dexs
Polygon,quickswap-dex,WBTC-WETH,de5d5894-e216-4422-ac71-c10ef5b07331,493328,0.45672,0.45672,,524.74261,Dexs
Ethereum,fluid-lending,WEETH,07ff0b09-7ad3-4016-ab98-38f879a30b99,492833,0,0,,0,Lending
Ethereum,uniswap-v2,SAND-WETH,38bf6ea2-7812-41c1-9508-894ee47e05b6,492486,128.72001,128.72001,,15.284,Dexs
Ethereum,uniswap-v3,UNCX-WETH,96d547e7-441d-426d-8261-fe41f45b98ba,491975,0.01109,0.01109,,0.06765,Dexs
Ethereum,uniswap-v2,BGB-WETH,2b7aa6a6-3154-4288-889b-98534cd1b4e6,491605,2.18436,2.18436,,9.30023,Dexs
Monad,euler-v2,WETH,842fd8d6-5e94-472f-b5d5-b42cfee98ab8,491380,2.42663,0.92663,1.5,2.29966,Lending
Base,extra-finance-leverage-farming,VIRTUAL-WETH,cc02c5e9-8ed0-4e9c-b226-f02a4df10f46,491114,13.42413,13.42413,,19.02025,Leveraged Farming
Base,compound-v3,CBETH,c372279e-92ff-4acc-ad90-14a4d3a888e4,490403,0,,,0,Lending
Ethereum,uniswap-v3,STK-WETH,2350eb4c-ff90-435b-b44c-eef026c3db07,487592,0.36696,0.36696,,1.76793,Dexs
Ethereum,uniswap-v4,ETH-CRV,0c3fbdf4-55a5-4f40-b101-83106a40bde7,487090,32.01081,32.01081,,33.8733,Dexs
Ethereum,curve-llamalend,WETH,653b9b46-53af-4122-811f-3b69ba1adc5e,486546,0,,,0,Lending
Ethereum,uniswap-v4,ETH-STETH,787b6f59-e71a-4856-918d-a2f62abcaafc,484992,0.40465,0.40465,,0.83011,Dexs
Base,alien-base-v3,ALB-WETH,e65dd833-6304-4535-be7d-ae722083890c,484956,4.35232,4.35232,0,4.19685,Dexs
Ethereum,beefy,USDC-WBTC-WETH,6b89a0cb-9f6d-4bad-b086-eb823def1e3d,484890,4.13624,,,4.47153,Yield Aggregator
Solana,save,ETH,cb28058a-6d8b-4093-af17-e90c7eab138b,484094,0.34,0.34,0,0.71217,Lending
Sui,cetus-clmm,USDC-ETH,09623b9b-e4f4-4081-8c70-cc8a7b2d7e06,483928,28.53035,24.30518,4.22516,27.08679,Dexs
Arbitrum,camelot-v2,AIDOGE-WETH,5e46e127-f39d-4ab1-b57b-f6de6c895772,482685,0.45586,0.45586,,0.53983,Dexs
Arbitrum,uniswap-v3,ARC-WETH,d68f716b-d900-45f5-9ad7-1d84d3532937,482566,9e-05,9e-05,,0.02311,Dexs
Ethereum,gamma,LQTY-WETH,ad500954-864e-4633-8351-b3a5fcd35e00,482434,4.0879,4.0879,0,5.7551,Liquidity Manager
Ethereum,uniswap-v2,YBAN-WETH,5f582846-9f8a-485d-82bf-46085de397ab,482409,0,0,,0,Dexs
Ethereum,uniswap-v4,ETH-1INCH,9337a681-156f-4ee5-91f0-84ad73b26c32,481992,0.77621,0.77621,,0.23468,Dexs
Ethereum,uniswap-v2,NEKO-WETH,e8e996ca-3f67-4543-ba01-e5ace20ae355,477924,0.01076,0.01076,,0.00085,Dexs
Arbitrum,uniswap-v3,WETH-AAVE,95fd15b0-f05e-470f-a87b-ac3d58c2d9a0,477217,33.91356,33.91356,,28.17648,Dexs
Ethereum,uniswap-v2,FJO-WETH,b8024449-2071-4e70-b984-31bbaf655bf3,477082,0,0,,0.02445,Dexs
Base,aerodrome-slipstream,VIRTUAL-WETH,4304484b-d197-45d5-8d53-39c52b139377,477040,258.77635,111.3966,147.37975,108.14907,Dexs
Ethereum,uniswap-v2,SMILEY-WETH,0c0c96c3-f1c0-48d9-90f8-aaf6dd545562,477008,0.00095,0.00095,,0.02829,Dexs
Arbitrum,fluid-lending,WETH,12c58026-7208-4899-9f0c-dfc293513a3d,476147,1.23,1.23,,1.16956,Lending
Ethereum,uniswap-v2,POOH-WETH,dd9330d0-6ac3-42e1-bc58-b716646362f5,475429,0.31445,0.31445,,1.52843,Dexs
Base,uniswap-v3,WETH-VVV,1666d5a3-22ab-456c-9ef7-66bba0733c39,475322,95.85269,95.85269,,224.23277,Dexs
Base,uniswap-v2,WETH-DCAI,52313960-b547-49aa-97d5-9a3eeebe6d15,475124,3.49302,3.49302,,3.44162,Dexs
Ethereum,uniswap-v4,ETH-ONDO,e6d3edc1-aaa5-4ab0-baf8-63b553a8139e,474456,31.36846,31.36846,,72.7102,Dexs
Base,uniswap-v2,WETH-RTX,3f951d65-b5e9-49bc-9e71-8b9ec6f18758,474311,0,0,,0,Dexs
Scroll,ether.fi-stake,WEETH,6cec9ad9-01c5-44dd-a081-1ab4e417590c,473694,2.34738,2.34738,0,2.32653,Liquid Staking
Ethereum,uniswap-v2,AUDIO-WETH,dc7cec37-5def-4023-9c14-f3b1d411c0e2,473651,16.56458,16.56458,,10.39853,Dexs
Ethereum,uniswap-v4,ETH-PENX,d2ccaf83-764d-4df3-9e8f-f89af4a2453d,472386,0,0,,0,Dexs
Base,uniswap-v3,WETH-STONKEX,53aec296-bf0d-5fd9-bc2e-f5b9891257df,470109,323.94822,323.94822,,760.25239,Dexs
Ethereum,uniswap-v4,ETH-API3,6688893b-a805-4d7a-8b46-3765ba12dabb,466825,14.80025,14.80025,,8.73774,Dexs
Base,uniswap-v2,DCPLUS-WETH,71d08aa2-79a7-4df2-9042-9b2366bcc9a6,466626,2.70171,2.70171,,2.2967,Dexs
Ethereum,uniswap-v2,HOLD-WETH,1e68bd70-f55e-430e-bf0b-fe152bdef1e8,464552,5.5451,5.5451,,11.48125,Dexs
Ethereum,beefy,ALETH-FRXETH,1eeb3784-0bb0-470c-b06e-9965f36bd7d1,463018,2.94607,,,2.48332,Yield Aggregator
Ethereum,uniswap-v3,SNT-WETH,4fa22b31-c3c9-453b-bdaf-9bea60985d01,462498,1.32919,1.32919,,2.47838,Dexs
Ethereum,uniswap-v4,ETH-APE,0e4a4a80-55e3-4d34-b545-642b9c495176,461064,30.7427,30.7427,,18.7883,Dexs
Ethereum,uniswap-v3,WETH-COW,3dc6640f-d845-45dd-a891-f4dd46d676af,460714,8.93231,8.93231,,12.51024,Dexs
Ethereum,uniswap-v4,ETH-XYO,b38d57dd-3755-4c94-9d13-96faa3e6edf4,457546,7.04102,7.04102,,7.7805,Dexs
Ethereum,uniswap-v2,WETH-KISHIMOTO,49a862be-2614-4897-94b2-44aeb0450466,455954,0,0,,2e-05,Dexs
Base,uniswap-v4,WETH-HOME,ae99e82b-e8ef-50c6-8ff3-15444b701a18,455919,0,0,,0,Dexs
Ethereum,uniswap-v2,VOLT-WETH,71c481f9-12b0-4430-ad0f-04ebbac1321a,455781,0,0,,0.0055,Dexs
Ethereum,uniswap-v4,ETH-FET,d2869b84-0682-4bb0-8246-9d936b5fcf53,455731,108.50295,108.50295,,35.72904,Dexs
Base,uniswap-v4,ETH-A0T,60e232c8-2c54-41a1-98a4-a8be1b2c75a0,455000,10.96079,10.96079,,17.28221,Dexs
Ethereum,uniswap-v2,HEX-WETH,58d627ed-2d0f-451a-a228-8751f151fd4c,454975,15.85492,15.85492,,14.15122,Dexs
Ethereum,uniswap-v3,INST-WETH,91075e50-5155-44e4-a32e-3d2b137ee284,453973,13.05132,13.05132,,7.03531,Dexs
Arbitrum,uniswap-v3,WETH-UNI,eb782bdd-b9a5-4522-914d-285049ce9e9f,453882,39.37279,39.37279,,69.90996,Dexs
Ethereum,uniswap-v2,MVL-WETH,e3003a9d-e060-460d-a819-6694ee930506,453745,0.04305,0.04305,,2.03443,Dexs
Ethereum,uniswap-v2,AURORA-WETH,89bd9552-1265-4d43-9746-dec687837d81,453076,15.55795,15.55795,,71.18292,Dexs
Base,uniswap-v4,WETH-NOOK,07ef9173-79ea-462f-81eb-f1b4d53542ed,453038,8.08147,8.08147,,3.79688,Dexs
Ethereum,uniswap-v2,BDAG-WETH,172cce1c-9e81-4411-bab4-17b34ad456cd,452720,0,0,,0,Dexs
Base,uniswap-v3,WETH-AUKI,f8c0b897-6e0d-4623-8628-977a8f33abfd,451529,6.64308,6.64308,,39.492,Dexs
Ethereum,uniswap-v4,ETH-USDC,66deb31a-9d64-57fd-afb4-d60959f2b7e7,451158,0,0,,0.45294,Dexs
Ethereum,uniswap-v4,ZC-WETH,9f31832d-4b52-5644-915a-83fd713e0635,449069,0,0,,0,Dexs
Ethereum,uniswap-v3,SNPAD-WETH,97ed833f-8158-4e94-9ab2-86fa6199c5ff,448804,16.28606,16.28606,,4.88517,Dexs
Starknet,ekubo,ETH-USDC.E,d7a6a86e-b246-4df4-99b2-8fc9a283faa2,447602,40.16829,40.16829,0,65.35054,Dexs
Ethereum,uniswap-v2,NKP-WETH,b2e8048b-5326-401e-8487-d591b50a67bb,446789,0.04713,0.04713,,0.7654,Dexs
Ethereum,uniswap-v4,ETH-NES,73e46037-6b0c-5b51-b37b-9daa3e750102,445980,0,0,,0,Dexs
Ethereum,uniswap-v2,ZRT-WETH,739d7eab-4cc1-5505-bd6a-355eff98dae1,444732,0.89346,0.89346,,1.08416,Dexs
Ethereum,uniswap-v3,BIFI-WETH,c1ffafe1-fbd3-4ec2-8055-51306afd0f0f,442311,5.40902,5.40902,,7.47384,Dexs
OP Mainnet,uniswap-v3,WETH-USDT,c480e171-174a-42cc-9d2a-efa3c3cd4f9a,442204,0,0,,5.52486,Dexs
Base,uniswap-v2,WETH-DACT,f7dd639a-e6f4-57a8-9d40-d4a1d72111ec,442020,54.37177,54.37177,,96.87491,Dexs
Ethereum,uniswap-v2,WETH-ROOT,3a57b8d3-dbc2-48ce-95b9-74f420314023,441605,0,0,,0.00453,Dexs
Ethereum,uniswap-v3,MOONEY-WETH,1373820d-20f9-480b-8030-56576348eae8,440712,0.66421,0.66421,,0.46163,Dexs
Ethereum,sushiswap-v3,MKR-WETH,de7b615e-d156-47d0-a4bf-5b556ab4591e,438173,19.23778,19.23778,,10.51397,Dexs
Ethereum,uniswap-v2,SPE-WETH,5618b0bd-c55f-4042-8ac4-e361a5cfc920,437557,0,0,,0.08201,Dexs
Ethereum,uniswap-v2,BDAG-WETH,65ad6617-1058-456d-aa32-8bb45d3bec79,435022,0,0,,0,Dexs
Polygon,uniswap-v3,LINK-WETH,51fad72e-394a-43bf-9b20-373227b38afd,434814,14.14602,14.14602,,19.77992,Dexs
Ethereum,uniswap-v4,ETH-PNKSTR,a527768e-1126-43ad-b657-63704847f3da,434408,0.03839,0.03839,,0.26886,Dexs
Ethereum,uniswap-v3,OVR-WETH,b5215276-124a-4343-9b37-c99e4ead9f39,431511,1.17119,1.17119,,3.14352,Dexs
Ethereum,uniswap-v2,WETH-BYTE,2e1b9a7b-642b-45dd-8504-cb4a496aace4,430164,0.33313,0.33313,,1.79372,Dexs
Base,fluid-dex,FLUID-ETH,d11f4165-e0c4-4770-a58f-916646d7ae75,430006,0,0,,0,Dexs
Base,uniswap-v2,MUTM-WETH,b69cac5f-9a99-4943-af16-a00a9546b09e,429280,0,0,,4e-05,Dexs
OP Mainnet,compound-v3,EZETH,5b6edf87-536d-4248-b492-57c8dc56f52a,429252,0,,,0,Lending
Ethereum,uniswap-v2,PRDZ-WETH,db3563ad-4755-41c1-8ef6-ca3d5ecc0f61,428665,0,0,,5e-05,Dexs
Base,morpho-blue,CBETH,b8dcf4a9-78ad-405a-affa-5a1d8e0bf11a,428662,0,0,,0,Lending
Base,uniswap-v3,MOEW-WETH,0f171171-9a7d-40ae-aad8-b27f038f6a53,428585,2.01205,2.01205,,2.7944,Dexs
Polygon,uniswap-v3,USDC-WETH,6771b2a4-3e1c-49d3-86cb-9e06ee24f991,427322,15.61271,15.61271,,25.82339,Dexs
Arbitrum,fluid-dex,FLUID-ETH,04ff70af-0ba7-4eee-8b85-b1e2fd630ea1,426665,0,0,,0,Dexs
Ethereum,uniswap-v3,LINK-WETH,a3ac56ac-2aa8-465d-9b11-e06e0f9d8d18,426550,38.0952,38.0952,,40.41637,Dexs
Polygon,uniswap-v3,WETH-USDT,6a3b91b4-cb24-4161-b7a7-50a3b9fbd4f3,426482,25.50079,25.50079,,67.42508,Dexs
Ethereum,uniswap-v2,BOB-WETH,c19821c2-55bc-404b-bed2-e590ebb1663b,426430,0.10638,0.10638,,0.28375,Dexs
Ethereum,uniswap-v3,SEED-WETH,92fefeff-c378-42bb-b9d2-810b0e2929fd,426153,0.00013,0.00013,,0.03846,Dexs
Ethereum,uniswap-v2,WETH-SOLX,4bb5e36c-0405-43f0-ab0a-cb6b6606d973,425747,0,0,,0,Dexs
Base,uniswap-v2,WETH-MIGGLES,e6e9f892-4f97-4115-9525-98dbbf92a868,423707,5.27325,5.27325,,9.59124,Dexs
Ethereum,uniswap-v3,ETH2X-FLI-WETH,871f52f5-dab9-4a8d-af2a-a0e55929e163,423392,0.32625,0.32625,,5.13321,Dexs
Ethereum,stake-dao-yield,ETH-ETHX,c572b921-0373-439d-b224-caf54b78f358,422962,8.00943,2.32,5.68943,5.66014,Yield
Base,uniswap-v4,WETH-WOON,f3bf7918-3758-4d41-a691-a5d22deb35cc,422121,3.29518,3.29518,,7.23648,Dexs
Arbitrum,compound-v3,EZETH,420ad40c-2aab-4996-bb65-643d1ead3bfc,421565,0,,,0,Lending
Base,uniswap-v4,ETH-CBBTC,4a7274d6-af67-4e63-a993-98ae74174952,421347,1.53539,1.53539,,3.71193,Dexs
Base,aerodrome-slipstream,WETH-LINK,72c5a43f-e10a-40ee-b472-68b383297fbe,420955,66.16966,47.45068,18.71899,43.57182,Dexs
Base,uniswap-v3,WETH-ADS,16625656-f950-40fb-9459-ff63f1d561c2,419656,2.43265,2.43265,,6.06083,Dexs
Base,compound-v3,WETH,7993b97d-12c3-4a36-b6b6-5b37bac4f8ae,419375,1.42682,1.42682,0,1.44303,Lending
Ethereum,uniswap-v2,WETH-DLUME,fddccbf1-d2c2-4d06-a2cf-ac5f3679ffeb,418209,0,0,,0,Dexs
Base,uniswap-v4,BOAR-WETH,3392b14e-3657-5dc5-874d-6cc76b063915,417276,269.98053,269.98053,,1661.22625,Dexs
Ethereum,curve-dex,GEAR-ETH,7ddb4796-a620-47a0-acdc-3f0058d284ac,416253,0.79013,0.79,0.00013,1.36666,Dexs
Ethereum,uniswap-v2,BIDEN-WETH,8ef9c7bb-8150-45df-9839-78fb2d023401,415861,0,0,,0.00328,Dexs
Ethereum,uniswap-v2,RNDR-WETH,3ea693f6-9f78-47d7-bbb9-fac9e2a51aaa,415092,8.05437,8.05437,,12.16661,Dexs
Ethereum,uniswap-v3,SSV-WETH,78019537-31a3-49da-99b4-0a570b084c46,414906,3.89674,3.89674,,7.47915,Dexs
Ethereum,uniswap-v3,TRG-WETH,3703ccf3-951b-4527-b7aa-b171ae490988,414835,0,0,,0.00248,Dexs
Ethereum,uniswap-v2,PAPI-WETH,f66ff055-a126-4087-b368-7082eae8cf06,414680,0,0,,0.00066,Dexs
Ethereum,uniswap-v3,MKR-WETH,031fe8ae-e000-49b6-bcc4-0a90021e5bc3,414206,22.06964,22.06964,,10.30572,Dexs
Ethereum,sushiswap,TOKE-WETH,b6789fa8-1a6f-49e7-b5df-7d2c8fc04eac,413767,0.41053,0.41053,0,1.22713,Dexs
Ethereum,uniswap-v4,ETH-LIT,e6358547-a080-449e-a6eb-e1a3711eb767,413138,29.4283,29.4283,,64.95807,Dexs
Ethereum,uniswap-v2,WETH-MOAP,9b76eba2-7889-4cd4-a491-15c70ea44088,412729,0,0,,0,Dexs
Base,uniswap-v4,WETH-LUMEN,24288c25-12cd-4860-a83f-af3480a8eff7,412180,0.08919,0.08919,,0.20226,Dexs
Base,uniswap-v3,WETH-COSMIC,5be7882b-5f90-4367-b1a1-c4ef5da75528,411664,0,0,,0.00104,Dexs
Ethereum,uniswap-v3,ATH-WETH,493c9c8a-712d-432b-8fe1-6d671c517d42,411292,115.01511,115.01511,,31.92259,Dexs
Fraxtal,stake-dao-yield,WFRXETH-SFRXETH,cf4da607-287d-4fbd-ba6b-1b727856ea19,410846,3.29015,1.57,1.72015,3.57475,Yield
Base,uniswap-v4,WETH-BASESHAKE,82202743-7f22-464c-aa59-fe1becfe703e,409865,0.55117,0.55117,,0.94682,Dexs
Base,uniswap-v4,ETH-MENDEL,19a9e1c3-9834-4860-a79b-724b40921e30,409494,0,0,,0,Dexs
Base,kyberswap-fairflow,ETH-USDC,d50cca8b-43ca-43ca-b449-c2926ba045bb,409257,3.23839,1.88111,1.35727,3.24373,Yield Aggregator
Base,uniswap-v4,ETH-USDC,e57fc077-f7de-4d4a-82b6-a7843f14ff3d,409210,1.58573,1.58573,,1.98501,Dexs
Ethereum,ekubo,ETH-WSTETH,50f8eb1c-8242-449f-a999-e65b0393e7d8,409006,0.47339,0.47339,0,1.21336,Dexs
Ethereum,uniswap-v2,WETH-MAGA,d0acdc74-0547-4617-a4de-bdc478e6bafc,408924,0.01496,0.01496,,0.35439,Dexs
Ethereum,ekubo,ETH-WSTETH,f209cc87-b366-4029-8252-4ceccc5ce88e,408610,0.19125,0.19125,0,0.69809,Dexs
Ethereum,uniswap-v4,ETH-PUDGYSTR,941d576b-044e-4734-ada2-c4376cae4a5c,407926,0,0,,0,Dexs
Ethereum,uniswap-v2,MONTE-WETH,8047f623-c616-46f9-abfd-99e567d3b669,406933,0,0,,0,Dexs
Ethereum,uniswap-v2,HOPPY-WETH,1d02e0b2-9441-4c4f-922a-1fa61aa98733,405585,0.13996,0.13996,,1.35267,Dexs
Arbitrum,uniswap-v4,ETH-UNI,8678bd94-e2f9-44c2-874c-86c5dd178743,405093,0,0,,0,Dexs
Base,uniswap-v2,ONCHAIN-WETH,401d9df1-58df-4365-9a50-20e58501f7dc,404254,0,0,,0.00119,Dexs
Ethereum,uniswap-v3,AGRS-WETH,346f7a36-701c-4998-afdb-3a609bb77127,403283,30.12315,30.12315,,36.61954,Dexs
OP Mainnet,moonwell-lending,WSTETH,9cbef607-58b0-40d9-a2bf-e7ba335c1bfd,402646,0.00163,0.00163,0,0.00573,Lending
Ethereum,uniswap-v2,STETH-WETH,e144a863-8013-49d4-8c3c-637ffd415308,402110,0.03144,0.03144,,0.06894,Dexs
Avalanche,aave-v4,WETH.E,a193d23a-5508-5069-9a55-a16f42e24a07,401588,0.41065,0.41065,,0.38085,Lending
Ethereum,uniswap-v2,SIMP-WETH,23d762fe-17b6-4b3e-a5dd-9d02588a130d,401335,0,0,,0.01531,Dexs
Ethereum,clipper,WBTC-USDC-USDT-DAI-WETH,5eaceb29-632b-4178-890b-0b0d24700ef6,401191,3.65456,0,3.65456,3.48769,Dexs
Ethereum,uniswap-v2,RICE-WETH,4e7447e7-3de8-4034-8182-0de482941ce5,401077,0,0,,0.02011,Dexs
Ethereum,pancakeswap-amm-v3,ORDER-WETH,b3477c69-e154-492e-9533-62abb672ca30,400173,0.90604,0.90604,,1.48055,Dexs
Ethereum,steer-protocol,OPEN-WETH,c38f06b9-3657-4c25-b556-3968006fcf6c,398958,13.5,13.5,,6.42992,Liquidity Manager
Ethereum,uniswap-v2,BLV-WETH,096ccc68-4b9e-4bfc-9dcf-aa968c3e9524,398703,0,0,,0,Dexs
Ethereum,uniswap-v2,EVERAPE🍌-WETH,b3a791c4-fdd5-45b9-9a26-c269c0a78b70,397692,0,0,,0.00019,Dexs
OP Mainnet,uniswap-v4,ETH-S*ETH,1e6fe8e7-1448-5a48-a8f5-7e12cde0fd30,395845,0,0,,0,Dexs
Ethereum,uniswap-v2,WETH-DGD,b6345246-3c0b-4b14-a2b5-6e1bc69207cc,395201,0,0,,1.27615,Dexs
Base,beefy,WETH-BSDETH,5f83ac83-753a-4382-869f-38c4e1658a36,394775,4.84616,,,4.42859,Yield Aggregator
Base,uniswap-v3,OMI-WETH,727a886f-e76c-440e-a246-90a83dca4dd7,394260,22.94495,22.94495,,17.57045,Dexs
Ethereum,uniswap-v2,WETH-CHART,528755eb-2e81-4763-8f64-2ce495246fed,393641,0,0,,0,Dexs
Ethereum,uniswap-v3,TORN-WETH,673878a2-34c7-4a86-bb52-7bce001a1082,393545,15.70634,15.70634,,54.6924,Dexs
Polygon,fluid-lending,WETH,bc362a7d-e234-4264-8d76-f095382041bd,393076,0.74,0.74,,0.87084,Lending
Ethereum,uniswap-v2,PUSSY-WETH,471b57c9-619d-41b6-a9ec-5a1fb4897ea8,392846,0.09301,0.09301,,0.12981,Dexs
Ethereum,uniswap-v2,SHKOOBY-WETH,c1265286-1b7d-4b31-810f-0f009168f7c2,392142,0,0,,0.0001,Dexs
Arbitrum,beefy,WETH-USDC,32cf8182-1877-4429-abad-986af3f3ab46,391885,7.73771,,,12.9351,Yield Aggregator
Base,aerodrome-v1,WETH-FBOMB,f5d42b5f-40b7-45b8-b5f2-b15c39378cde,391769,36.69763,,36.69763,31.66962,Dexs
Ethereum,uniswap-v3,WETH-COW,d8cf538a-cf9e-4675-a365-5506ed4711e8,391103,25.02721,25.02721,,16.91339,Dexs
Polygon,uniswap-v3,LINK-WETH,0dc02cd6-a7fc-48f0-8004-82960399eb5a,389816,23.70433,23.70433,,43.31197,Dexs
Ethereum,uniswap-v2,POCHI-WETH,01445e94-19a8-4296-87e3-6b63a74775b6,389813,0,0,,3e-05,Dexs
Arbitrum,compound-v3,WETH,be3d7cb9-f008-4050-8802-13ea505bcbdf,389040,1.23128,1.23128,0,1.23593,Lending
Ethereum,uniswap-v2,WETH-NOW,46af331a-b68a-4075-8622-6afe237bf20d,388948,0.0454,0.0454,,0.14162,Dexs
Ethereum,uniswap-v2,GZLR-WETH,b199b0a2-0f50-47e3-b593-317da51ea56d,388560,0,0,,0.00702,Dexs
Ethereum,uniswap-v2,BANKETH-WETH,dfcac92e-5223-4d78-893f-3a24de203ab4,388326,0,0,,0.00124,Dexs
Ethereum,uniswap-v4,ETH-APESTR,ac67f0fc-b465-4dae-a218-837cc6b12da3,388197,0,0,,0,Dexs
Ethereum,uniswap-v2,WETH-YERB,c000ecce-f29b-4fe8-9ae1-dea5ceccc55d,386818,0,0,,0,Dexs
Ethereum,uniswap-v2,$GASPAY-WETH,eda58ab7-9c0b-4f73-a876-0ce5ddc4fd84,386738,0,0,,0,Dexs
Ethereum,uniswap-v3,WTAO-WETH,e58126b8-6e4b-406b-bcbb-53a5ea5284bf,386616,36.91287,36.91287,,64.0739,Dexs
Ethereum,uniswap-v3,WETH-USDT,da0cfe35-c566-4956-8c11-f1b68a5d6676,386516,1.19015,1.19015,,1.74836,Dexs
Ethereum,uniswap-v2,LISA-WETH,eb4470f5-1089-4c9b-ae8d-103daf31706b,386331,0,0,,0.00056,Dexs
Base,uniswap-v3,BGCI-WETH,f0e5333b-e19c-4133-ad6a-482e9095b68f,385708,0.84365,0.84365,,1.61119,Dexs
Ethereum,uniswap-v3,WETH-FROGE,0bf2d2cc-62e4-44ba-84e7-9a420fafc712,385679,10.32095,10.32095,,23.17557,Dexs
Base,uniswap-v3,WETH-IMO,a4747855-3a36-46cb-bfb6-5bb706b25879,384698,21.39391,21.39391,,3.54653,Dexs
Ethereum,uniswap-v3,EAI-WETH,835e310f-97b8-4ddb-bd0a-c7e693219987,384036,0.00397,0.00397,,0.02314,Dexs
Ethereum,uniswap-v2,FLOKI-WETH,4f83cf55-1614-4471-86b2-70accb73edf0,381963,0,0,,0,Dexs
Ethereum,uniswap-v2,TCORE-WETH,f9bdad33-c065-4913-b0e1-63d6e2965560,381829,0,0,,0.0095,Dexs
MegaETH,aave-v3,WSTETH,52612f7a-d8ec-43a0-a01a-2ba1ffc0ec9d,381099,0,0,,0,Lending
Ethereum,balancer-v2,WETH-LIT,acfb20fb-df0d-44bc-97a8-46e1c3dad255,379078,0.09358,0.09358,,0.04565,Dexs
Ethereum,uniswap-v3,1INCH-WETH,b40a9869-ec18-453b-a973-e8b603e8c730,378531,0.47501,0.47501,,0.65073,Dexs
Ethereum,uniswap-v2,ALF-WETH,c6c7007a-9844-434e-8e53-49bc6ea5706d,378206,0,0,,0,Dexs
Ethereum,uniswap-v2,WHALE-WETH,0b043d89-8235-43e5-9ddd-da475b6f4f01,378042,0.00746,0.00746,,0.42198,Dexs
Ethereum,uniswap-v3,WETH-RPL,624dacc8-25ac-44b2-b68c-4f8d7eab1e1e,377588,1.57686,1.57686,,2.16878,Dexs
Ethereum,uniswap-v2,X-WETH,95e678d2-d1f8-4bfe-89aa-c89584e7ac6b,376561,1.1002,1.1002,,1.05282,Dexs
Base,uniswap-v4,WETH-STARKBOT,5e505705-aa64-4c89-975b-07fe4bda4242,376407,0,0,,0.19898,Dexs
Ethereum,uniswap-v2,RENA-WETH,8b7f8a5a-d7a5-476e-9288-53cb2d25fbb9,376390,0,0,,0.02929,Dexs
Ethereum,uniswap-v4,ETH-00,f138e405-4509-4220-8bfd-8758d4bddf8d,376109,8.03941,8.03941,,30.24848,Dexs
Base,uniswap-v4,WETH-FELIX,a8e09994-70e4-42a3-be49-bfc6c48a41fe,376097,0.50776,0.50776,,0.47706,Dexs
Ethereum,uniswap-v4,ETH-BIO,b376af99-84eb-470e-91c8-9aaeccb659b0,375404,3.18488,3.18488,,4.26429,Dexs
Ethereum,uniswap-v3,MAI-WETH,7a53fdd4-d8aa-4a3f-a7cb-db5d62ab6a82,374526,5e-05,5e-05,,0.01794,Dexs
Osmosis,osmosis-dex,WETH-OSMO,b52fb9a6-f7df-4920-b82c-7c090455ac6e,373356,0.11984,0.11984,,0.1364,Dexs
Ethereum,uniswap-v4,ETH-ETHFI,4d355012-df82-4874-95fd-c8d48c7b864c,373042,8.49551,8.49551,,9.64585,Dexs
Ethereum,uniswap-v2,$LOOT-WETH,27b6a052-fd50-4007-a74f-7047f33712fb,372848,0,0,,0.30365,Dexs
Arbitrum,curve-dex,CRVUSD-WBTC-WETH,77500885-c503-43d5-b84e-f057bebb96d8,371343,0.58,0.58,0,0.8755,Dexs
Starknet,ekubo,STRK-ETH,d030033c-6076-4caf-942a-9f928b857035,370912,26.75397,26.75397,0,22.21415,Dexs
Arbitrum,sushiswap-v3,WETH-USDC,664fd6e5-130a-446e-b039-84a804853c03,370672,5.66565,5.66565,,17.03396,Dexs
Arbitrum,uniswap-v4,ETH-ARB,0d867d22-c35d-46e5-a7d9-57582abe61a1,370649,0,0,,0,Dexs
Base,uniswap-v4,WETH-USDC,2826439d-016d-430d-aa52-505b81c25191,370131,10.46464,10.46464,,18.54299,Dexs
Base,aerodrome-slipstream,WETH-BID,16454a97-090c-4468-83d5-92a6e55ac2b2,369554,4.26816,0.2789,3.98926,9.18249,Dexs
OP Mainnet,extra-finance-leverage-farming,WETH,c833c18d-7d54-421a-bb80-174233be7568,369218,0.23823,0.23823,,0.23665,Leveraged Farming
Ethereum,uniswap-v2,ANGL-WETH,60a422d8-6ae5-41bd-8c94-cec7900f787f,369033,0,0,,0,Dexs
Ethereum,uniswap-v2,WETH-PALM,b496c59b-a596-4073-b0f6-e87bfaa76a61,368897,2.61197,2.61197,,6.02037,Dexs
Ethereum,uniswap-v2,KOMPETE-WETH,1b5b7722-f7e9-41f2-b266-2536e5c00e8b,368695,0.00257,0.00257,,0.11516,Dexs
Base,uniswap-v4,WETH-ROBOTMONEY,0cf3c4fa-3e1c-4912-804b-e090f9549fcc,368605,2.56693,2.56693,,7.37859,Dexs
Arbitrum,gmx-v2-perps,ETH-USDC,0ef269a0-a9ca-495c-b003-45a71cba3f96,367970,17.85455,17.85455,,12.66026,Derivatives
Ethereum,uniswap-v3,WETH-WEPE,c35362a7-3ac8-400b-8799-18a72dfcb786,367633,0.02271,0.02271,,0.32667,Dexs
Ethereum,uniswap-v2,LMAO-WETH,d060b377-7d1c-4a31-b4d2-0a598d7674d9,367421,0,0,,0,Dexs
Ethereum,uniswap-v2,WETH-YSEC,eaeab6de-139b-40d1-946c-c4cf92da87c5,367404,0.00273,0.00273,,0.00904,Dexs
Ethereum,compound-v3,WEETH,25a745d7-749f-4a70-9b94-543351cce638,367227,0,,,0,Lending
Base,uniswap-v4,WETH-ANTIHUNTER,675c3956-3515-4e68-9cd6-13f4d0328008,366993,0.18842,0.18842,,1.36291,Dexs
Ethereum,uniswap-v2,WETH-INUINU,dc911f23-2490-4a92-b27f-ccfbc22d487d,366848,0.12149,0.12149,,0.61311,Dexs
Arbitrum,uniswap-v3,WETH-USDT,b8582b33-80e3-4250-a496-02936860669f,366335,10.22427,10.22427,,22.90602,Dexs
OP Mainnet,compound-v3,WETH,63f78424-8029-4c6a-b19c-d81143a77550,366216,0,,,0,Lending
Base,aerodrome-slipstream,VIRTUAL-WETH,d87275b5-c6f2-48be-bcf0-23a87cab80ec,365466,76.76499,34.3509,42.41409,90.00048,Dexs
Arbitrum,uniswap-v4,ETH-WOO,8b4836aa-3ac9-4ff4-8b10-a0e7183360aa,365229,0,0,,0,Dexs
Base,uniswap-v4,ETH-KTA,4610c594-15fa-4476-858f-8f2deb6b6eb0,365215,0.02225,0.02225,,0.15681,Dexs
Base,uniswap-v3,WETH-AAVE,b47c0561-9d87-4127-88ca-93d0d55ed85a,365192,34.72931,34.72931,,62.43039,Dexs
Ethereum,uniswap-v2,HASHAI-WETH,b7278078-ee0e-491a-99ec-086fe7209d0e,364866,1.91072,1.91072,,1.39664,Dexs
Ethereum,stake-dao-yield,OETH-WETH,02e8f190-ec31-4850-946a-185627abe6dc,364672,3.33566,0.01,3.32566,3.20082,Yield
Base,uniswap-v4,CYB3RWR3N-WETH,33aeaa63-daa1-4ab2-b074-18047faa7be2,361043,0.60484,0.60484,,33.43594,Dexs
Ethereum,uniswap-v2,KENDU-WETH,ac6b8895-4c4b-4f18-b6e8-eed00b1679de,360078,0.24164,0.24164,,1.6137,Dexs
Ethereum,uniswap-v4,ETH-WTAO,a4b243a7-7331-47b2-97a1-4101eb0b6643,360032,32.09169,32.09169,,45.74543,Dexs
Ethereum,uniswap-v2,DEGEN-WETH,0d078421-b674-4dda-9794-f0314ea84ddb,359880,0.00097,0.00097,,0.01861,Dexs
Ethereum,uniswap-v3,QANX-WETH,ff83b42d-1ded-4c85-974c-4155155fd8dd,359368,3.72366,3.72366,,6.92906,Dexs
Ethereum,uniswap-v2,BTC2.0-WETH,4ac75fa7-a7ee-48a1-a5a1-cf8ff9dd0c02,359136,0.00256,0.00256,,0.04191,Dexs
Arbitrum,uniswap-v4,ETH-PENDLE,a36ab020-b495-4f52-ba10-7c5517b76725,358492,0,0,,0,Dexs
Arbitrum,balancer-v2,WBTC-WETH-USDC,872bc9c7-5c79-479b-a654-e72b74e4c810,358209,0.47312,0.47312,0,0.96225,Dexs
Ethereum,sushiswap,WETH-CIG,7c08c152-ccc6-427c-bcb6-16e3f7472c5b,358085,0,0,0,0.02848,Dexs
Arbitrum,beefy,WETH-ARB,ad7f3f73-be25-4da6-84b6-4b2b6d80465b,357547,178.89878,,,3082.0974,Yield Aggregator
Base,uniswap-v2,WETH-BENJI,c231858c-4320-45e7-a6fc-0d0b635b61cb,357348,2.91708,2.91708,,1.78723,Dexs
Ethereum,uniswap-v2,WETH-SURF,16a0c721-1e92-4cb5-ae69-32c49c876f0c,356762,0,0,,0.00892,Dexs
Base,uniswap-v3,WETH-UNI,db20b699-ec66-433f-a9de-71e1e2c8ede2,356349,105.23372,105.23372,,179.63528,Dexs
Ethereum,sushiswap,MEEB-WETH,89ee04fe-d9f5-4966-8e7d-734c5436e876,356281,0,0,0,0.24804,Dexs
BSC,uniswap-v4,ETH-BNCB,5ac35821-d053-52dc-8a19-80eeb3f7f991,356141,0,0,,0,Dexs
Ink,velodrome-v3,WETH-KBTC,f624e335-a9c0-455d-86ed-c54578e99bdf,355882,6.44372,,6.44372,7.10517,Dexs
Base,uniswap-v3,WETH-PEPE,0c9d30bd-d127-4350-8193-963dcdaa01ce,354906,7.977,7.977,,10.44485,Dexs
Base,beefy,WETH-USDC,128e0a65-bbd6-48a3-81ec-d491cb987125,354468,5.18094,,,7.15631,Yield Aggregator
OP Mainnet,uniswap-v3,WETH-DAI,f99f0504-ebb5-4b0e-a9f5-adcff27b9b54,353966,0,0,,22.53454,Dexs
Ethereum,uniswap-v3,WETH-CCBCH,44a84afc-5268-4e08-af87-72682663a37c,353955,0,0,,1.85766,Dexs
Ethereum,morpho-blue,WSTETH,fe8773b9-b67f-4862-afd7-65d6e191a064,353425,0,0,,0,Lending
Base,uniswap-v4,WETH-MOLTX,f85a18af-b72b-4aa0-a464-4fd09bd0125c,352425,0,0,,0.09249,Dexs
Ethereum,uniswap-v2,LOOPIN-WETH,931107b4-2ec2-4440-a2ce-e23c2abb627a,352265,0,0,,0,Dexs
Ethereum,uniswap-v4,ETH-JOGA,f6675718-bf36-47e6-b938-7099d41bc278,352190,0,0,,0,Dexs
Ethereum,uniswap-v3,PENDLE-WETH,e889bc1c-15fe-4d3b-95e7-f72b7501e0f4,351347,18.02072,18.02072,,75.70019,Dexs
Ethereum,uniswap-v4,ETH-DAI,1a0dd6a1-0d2f-53be-914f-ce3fdac44805,351329,69.45717,69.45717,,61.89843,Dexs
Ethereum,uniswap-v2,MR-WETH,9e727dcb-9071-498f-9b3f-2ec7ffc364ce,351016,0,0,,0,Dexs
Ethereum,uniswap-v4,ETH-DAI,7068092f-c11b-5c4b-acb1-c5bf0f7510c0,350156,9.60181,9.60181,,6.81188,Dexs
Ethereum,uniswap-v4,ETH-DAI,96fbbfda-35e5-5882-a8e1-eeae07876284,350090,6.92251,6.92251,,3.76393,Dexs
Ethereum,uniswap-v4,ETH-DAI,75ffb053-5d9e-5e7c-aede-010557ea03c0,350078,5.12378,5.12378,,4.74184,Dexs
Ethereum,uniswap-v2,(Δ)-WETH,353883a1-1e1c-4ce3-8335-a00f6deeb3b3,349742,0,0,,5e-05,Dexs
Ethereum,uniswap-v2,PIKA-WETH,f34fc9c8-12ac-47ed-bced-ce008816572a,348856,0,0,,0,Dexs
Arbitrum,fluid-lending,ETH,800e0039-11a1-4b9e-b999-eb7475fdea7e,348489,1.23,1.23,,1.16936,Lending
Arbitrum,morpho-blue,WETH,7e903803-b675-404a-aa2c-6b6025158e4c,348346,0,0,,0,Lending
Ethereum,uniswap-v2,UCN-WETH,49ebc5a6-94d6-4630-af51-7dac275ee584,348221,0,0,,0.01567,Dexs
Base,uniswap-v2,WETH-FROK,5f5b8a4f-723e-4952-ae1b-ed0c96f6b01d,345105,0.10385,0.10385,,2.83641,Dexs
Ethereum,uniswap-v2,IXS-WETH,523a693b-1fd7-42a4-8931-0eddbe3d8e7e,344304,43.21287,43.21287,,10.61312,Dexs
Arbitrum,gmx-v2-perps,ETH-USDC,e3ebc797-8572-48e4-8ac6-810803090a4a,344148,11.18069,11.18069,,7.49417,Derivatives
Ethereum,uniswap-v2,WETH-RTX,86f3af42-1b0c-4617-ac3c-a5cc363f00cd,343417,0,0,,0,Dexs
Ethereum,uniswap-v2,WXMR-WETH,5a9771a7-3599-4f2f-a222-f01aee825ebd,342274,0.49905,0.49905,,3.32904,Dexs
Ethereum,uniswap-v2,KIBSHI-WETH,072f98e7-dcc6-4382-8004-71d297338690,341688,0.65105,0.65105,,6.74897,Dexs
Ethereum,uniswap-v2,WETH-PHIL,70b7b987-5e68-4de0-a3ef-941ffd99e18d,341627,0,0,,0,Dexs
Base,uniswap-v3,WETH-GOLD,1bc3e824-810f-4a05-bb65-bb43f515f16f,341489,0,0,,0.00363,Dexs
Arbitrum,gmx-v2-perps,ETH-USDC,fbd3fe22-8f3f-4479-a0bb-c7f6c2dec4f5,341023,0,0,,0,Derivatives
Base,uniswap-v3,DIME-WETH,e81f973d-46dd-4c81-9615-b03bd5585e0a,340795,0.29498,0.29498,,1.18141,Dexs
Arbitrum,uniswap-v3,WETH-LINK,fad38baa-78b7-410b-b72b-5db39b7f6f51,340066,22.87414,22.87414,,24.45878,Dexs
Base,curve-dex,CRVUSD-TBTC-WETH,efb10ba5-532a-407f-9324-ff86e25b003b,339797,0.62376,0.62,0.00376,1.09449,Dexs
Ethereum,uniswap-v2,WETH-INU,22696727-96c5-41d7-89b6-de10db7534cc,339510,0.00032,0.00032,,0.05281,Dexs
Ethereum,uniswap-v2,DOBO-WETH,7567c85c-7e3b-4e59-b1b2-3b537eeb54d2,339206,0,0,,0,Dexs
MultiversX,hatom-lending,WETH,8c877233-8919-4146-90c9-0c39beb77f20,338343,0.22937,0.22937,,0.20595,Lending
Arbitrum,uniswap-v3,WETH-CRYPTO,a0adee00-d1ff-42da-860d-5a0b4662a62d,338200,0.00893,0.00893,,0.27442,Dexs
Ethereum,uniswap-v2,TATSU-WETH,e9ee4184-f5e5-4d10-920e-2baa97376410,337398,0,0,,0,Dexs
Ethereum,uniswap-v3,CBETH-WETH,473a2c92-cc86-4f86-b380-85141bcec627,337240,0.79192,0.79192,,1.63873,Dexs
Ethereum,uniswap-v2,RXS-WETH,77a37697-9276-4d03-8c10-7c1617493a8d,335196,0,0,,0,Dexs
Ethereum,uniswap-v2,NANOCORE-WETH,cc188065-5286-4d3d-a280-35f9d290a0ae,334920,0,0,,0,Dexs
Base,harvest-finance,ETH,246d9534-f0f0-4386-acd8-548f445a7509,334894,2.7,2.7,,3.18602,Yield Aggregator
Base,uniswap-v2,WETH-CON,6f792064-07e4-58cf-9496-299ba078bce7,334830,73.92169,73.92169,,115.65309,Dexs
Ethereum,uniswap-v3,WETH-ETHFI,6784dfda-542b-48bd-a6aa-5dc97813a31c,334193,63.47486,63.47486,,127.46002,Dexs
Base,uniswap-v2,WETH-NPC,f18a7c34-4284-5db3-8796-0dc02e4627cf,333903,173.04185,173.04185,,207.92177,Dexs
Ethereum,uniswap-v3,SHIB-WETH,da3d3c6a-8d0d-4db3-8e1f-908ae7ad126a,331411,281.37033,281.37033,,35.83533,Dexs
Ethereum,uniswap-v4,ETH-DOT,6c684ad8-6c35-4bef-98e0-80d6a5c9cf75,331103,0.0008,0.0008,,0.00659,Dexs
Base,uniswap-v4,ETH-PING,459a71b6-f8e0-432f-af29-c24d88bb9000,330393,0,0,,0.0028,Dexs
OP Mainnet,velodrome-v2,WETH-VELO,09921e93-8c35-46fb-94ba-9fe0580a2a88,330100,25.6,,25.6,25.12221,Dexs
Base,uniswap-v2,WETH-GARY,b2f26f2e-4bf6-45d7-b551-b735da1774f2,329989,0,0,,0,Dexs
Ethereum,uniswap-v4,ETH-RPL,ee62baf9-7268-4799-8e07-0e1b2a31b2f0,329744,7.32689,7.32689,,26.28409,Dexs
Ethereum,fluid-lending,WSTETH,7289af72-25cf-4fa9-a2e5-3e79f315118d,329193,0.04,0.04,,0.03101,Lending
OP Mainnet,velodrome-v3,WETH-VELO,46a80298-8bac-4311-b96b-8d9b6a07a94e,327511,79.93021,,79.93021,118.16124,Dexs
Ethereum,uniswap-v2,BAD-WETH,30f6cb05-609f-4df5-888e-098509d3feee,327178,0.61322,0.61322,,1.2364,Dexs
Ethereum,uniswap-v3,PRO-WETH,443ecf71-b23d-42ec-a9e2-c34177dc3206,326574,10.90897,10.90897,,14.18248,Dexs
Mantle,aave-v3,WETH,4a0e9f84-09a0-491a-aa5e-269813d31a59,326001,0.0065,0.0065,,0.00245,Lending
Ethereum,uniswap-v2,GARY-WETH,90333e7b-cccc-4c3e-ba51-4db4ed7d2721,325404,0,0,,0,Dexs
Ethereum,origin-arm,ARM-WETH-EETH,632e4738-0025-5a2c-8ee0-50f8a550c387,324989,1.56155,1.56155,,1.28837,Yield
Ethereum,uniswap-v2,WETH-ШАЙЛУШАЙ,e84b27f7-b95c-4e4d-8888-91b53b756403,324246,0.03501,0.03501,,1.83017,Dexs
Base,uniswap-v2,WETH-HYPER,f1606b86-c89a-4abd-ba23-d7b615ad8120,324194,0,0,,0,Dexs
OP Mainnet,vesper,ETH,43e149fc-a0d8-4680-8bb5-8ba12f09e94a,323351,0.65,0.65,0,0.62576,Yield Aggregator
Ethereum,beefy,WETH,557cc9ea-303b-4653-a33d-0451f16c36ee,323118,2.78939,,,1.6374,Yield Aggregator
Ethereum,uniswap-v2,WETH-LUSH,f8beddec-c38c-4fe1-b389-b23c78c44b20,323057,0,0,,0,Dexs
Base,uniswap-v4,ETH-GS,69fb112f-0e9c-5206-95ab-fadb9f216007,322998,0.03795,0.03795,,0.59549,Dexs
Ethereum,uniswap-v4,ETH-BTCSTR,a8917b84-d36b-4c6e-9b95-6e954b04c2ab,322920,0,0,,0,Dexs
Base,uniswap-v3,IDRISS-WETH,b9713f11-4065-4110-8bd5-13ca2ad4be45,322439,0.03403,0.03403,,0.02346,Dexs
Ethereum,curve-dex,WSTETH-RETH-SFRXETH,8b55f2ca-0f4b-4dbd-8d02-62e8bc397fb9,322301,2.38,2.38,0,2.51319,Dexs
Ethereum,uniswap-v4,ETH-BOLD,5bf5569b-2e3c-4ee2-b587-64f52ca0efaf,321977,11.91726,11.91726,,18.03083,Dexs
Base,uniswap-v2,RUSSELL-WETH,5d212bdb-7272-40f1-93e5-ff058cedeb0e,320428,12.28409,12.28409,,11.74732,Dexs
Ethereum,uniswap-v4,ETH-SWING,30d18bcd-cc17-5ec4-a9e1-d19135116a74,320114,3.61005,3.61005,,16.50692,Dexs
Ethereum,uniswap-v2,WETH-IBNAI,5b316d19-4b4e-57a9-a632-1e56f7af3d2d,320068,0.30124,0.30124,,1.04003,Dexs
Base,uniswap-v4,ETH-GOLDN,7d90e5f9-9b5e-423e-b3bc-8533f37c9b18,319858,0.00321,0.00321,,0.58835,Dexs
Ethereum,uniswap-v2,YFIM-WETH,38475eae-ccc9-4972-a32a-45147c1b4374,319656,0,0,,0.00445,Dexs
Polygon,uniswap-v3,WBTC-WETH,726e7de0-289d-4589-9dbf-c04d26115255,318544,0.21215,0.21215,,0.68887,Dexs
OP Mainnet,uniswap-v3,WETH-OP,b023d35a-f511-4650-9518-03a4728cda76,318298,0,0,,8623.78364,Dexs
Ethereum,pancakeswap-amm,WETH-USDT,d77a4965-de74-48d4-afc5-1a73e3ce9d65,317080,2.00815,2.00815,,2.68125,Dexs
Base,uniswap-v4,WETH-JUNO,82944144-af68-4ee9-b7e3-dab62215bb7c,316927,4.39843,4.39843,,4.10555,Dexs
Ethereum,uniswap-v2,RVF-WETH,c8491524-05ff-4492-9897-383507019fc5,316919,0,0,,0,Dexs
Arbitrum,uniswap-v4,ETH-USDT,703db9e1-88af-43dd-ba99-44877f7c53f8,315963,2.36114,2.36114,,4.98712,Dexs
Ethereum,uniswap-v2,PIB-WETH,56531fe2-6b55-4f2b-b0d1-9a3b14f4338c,315641,0,0,,0,Dexs
Ethereum,uniswap-v2,WNXM-WETH,74529548-15e1-461d-9a54-8d95a0a98ee1,315397,0.06468,0.06468,,2.30515,Dexs
Arbitrum,uniswap-v3,LPT-WETH,240bcd61-cc7a-40fa-9dec-b6e84e00f65c,315279,47.82358,47.82358,,35.04691,Dexs
Ethereum,pendle-v2,PUFETH,af01c9fd-58d8-4ecc-b27f-99b7bf40af8a,315008,3.38249,3.38249,,2.83169,Yield
Ethereum,pendle-v2,PUFETH,bff45894-3c74-453b-b7ec-00837e09230b,315008,3.94406,3.94406,,3.41507,Yield
Ethereum,uniswap-v2,PC-WETH,0af06677-4169-4d9d-bfb6-f9910be749cc,314993,0.17453,0.17453,,1.5212,Dexs
Ethereum,uniswap-v4,ETH-FUSE,5ffcd1ed-3d8e-579f-b669-9b21bfb4388d,314686,227.63294,227.63294,,934.12078,Dexs
Ethereum,stake-dao-yield,GHO-CBBTC-WETH,98fc7b0c-8b35-4486-a4b4-7b429ca579bc,314623,7.83008,0.88,6.95008,8.18712,Yield
Ethereum,uniswap-v2,WLITI-WETH,b4deed74-eff5-417c-84a2-71753a9c326d,314506,0,0,,0.0286,Dexs
Base,uniswap-v4,ETH-FLETH,98f81d1a-7b4b-40a4-8d96-d38da041a7bf,313913,0.04199,0.04199,,0.10212,Dexs
Ethereum,uniswap-v2,EPRO-WETH,7347f5c8-d965-4f5e-a5a2-de0567e77526,313032,0,0,,8e-05,Dexs
Base,uniswap-v2,LILPEPE-WETH,8e45b7e1-6dec-46a1-95c4-a7e32acf1d29,312794,0,0,,1e-05,Dexs
Ethereum,curve-dex,USDT-WBTC-WETH,9abc391b-1ddf-4afb-bced-43dcc26c3fa6,312456,0.69,0.69,0,0.74267,Dexs
Ethereum,curve-dex,ETH-CLEV,f525ce6d-93e9-4e84-a620-5f631603e8f0,311591,5.74511,0,5.74511,6.03616,Dexs
Ethereum,uniswap-v2,LCS-WETH,9e9e2ac0-478c-4cce-be20-35a4354ebafe,310622,0.05765,0.05765,,1.17924,Dexs
Ethereum,uniswap-v4,ETH-ADX,fc863a95-b764-48d7-a133-f181905cb8cf,310431,0.49346,0.49346,,0.62465,Dexs
Fraxtal,curve-dex,EZETH-FRXETH,45e82632-b504-4cb8-9fda-dfaedead081f,310311,0,0,0,0.89724,Dexs
Base,euler-v2,WEETH,7bade541-1b21-4b13-8981-bbe4db2d1ff1,310232,5e-05,5e-05,,3e-05,Lending
Ethereum,uniswap-v2,AKITA-WETH,1109a03b-618c-47b3-af82-8031fee2ce21,309921,0.08904,0.08904,,0.36838,Dexs
Base,aerodrome-v1,WETH-DEUS,76135ba8-dbbd-43e6-babb-92e5931bb359,309700,64.38006,,64.38006,51.94252,Dexs
Ethereum,uniswap-v2,WETH-ORBS,87aab758-8b98-4ccc-9631-70e414f34686,309096,1.40655,1.40655,,3.87556,Dexs
Base,uniswap-v3,CHAOS-WETH,4b81cbf5-313b-4e27-b235-1e340dc1aef7,309055,0.00133,0.00133,,0.14241,Dexs
Base,uniswap-v3,WETH-11-11,6ab8e7d1-6d2b-48ca-877f-f3289b3e7bdc,308796,0,0,,0.00239,Dexs
Ethereum,uniswap-v2,CXN-WETH,ba556e85-03b4-44a2-90d0-cd92993c42c9,308386,0.00368,0.00368,,4e-05,Dexs
Ethereum,uniswap-v4,ETH-STOCKER,f8a05d16-6721-5db4-bc11-2d2e914e82cb,307499,2748.82697,2748.82697,,2788.65373,Dexs
Base,aerodrome-slipstream,WETH-WOO,e9493cad-d31b-4c1c-9a16-6ed0e726e644,307424,121.15632,18.53202,102.62431,73.13752,Dexs
Ethereum,uniswap-v3,TBTC-WETH,9bf0dfe0-142d-4daa-92b3-10750384500f,307105,1.61612,1.61612,,4.17008,Dexs
Base,uniswap-v4,WETH-MIROSHARK,f5c88d56-eb57-463b-83f9-3f5d16cf85d5,305947,16.73807,16.73807,,13.49335,Dexs
Ethereum,convex-finance,WSTETH-RETH-SFRXETH,68733740-6d4c-4af2-b938-6a25cc73d7e9,305939,2.42,2.42,0,2.51178,Yield
Ethereum,pancakeswap-amm,USDC-WETH,acb26391-803b-4118-95d7-7e68fa0e01bf,305719,1.46401,1.46401,,3.78848,Dexs
Base,uniswap-v2,WETH-JUMP,5678a704-4489-5cb7-9315-0e47a3cc6154,305485,76.07098,76.07098,,122.98287,Dexs
Ethereum,uniswap-v2,KEN-WETH,69a8e916-813e-4f6f-b7f7-4f61857f3a94,304905,0,0,,0.01257,Dexs
Ethereum,uniswap-v2,CLOUT-WETH,afdd2952-386f-4be9-9bf6-1ed1c316d509,304364,0,0,,0.02226,Dexs
Ethereum,uniswap-v3,RNDR-WETH,f50fdaa0-9db4-49f9-a2dd-1b3edb703051,303965,58.50236,58.50236,,60.34197,Dexs
Ethereum,uniswap-v2,CSWAP-WETH,f38761d4-3bb9-4af0-ace6-160988c47b3e,303880,1.10411,1.10411,,3.64006,Dexs
Ethereum,uniswap-v2,$MONG-WETH,7f5bcf7f-b892-4a5e-9d16-556032175e62,303177,0.00142,0.00142,,0.21431,Dexs
Ethereum,uniswap-v3,DACAT-WETH,5036e16d-ce75-4c90-a3f5-038e747f15a1,303100,0.0246,0.0246,,0.08085,Dexs
Ethereum,uniswap-v2,WETH-MCC,489d450a-753a-4e8a-9a84-41cc28b48d33,302820,0,0,,0.00108,Dexs
Ethereum,uniswap-v3,WXRP-WETH,6ac5b118-6705-41aa-a7bd-fcbd111c043a,302607,25.24434,25.24434,,67.05716,Dexs
Ethereum,uniswap-v3,CAI-WETH,049555bc-c67d-4cd4-b5a0-3f522d447ddd,301914,0.22837,0.22837,,0.24793,Dexs
Berachain,berapaw,I-WETH-USDC.E,ebc4336d-27a0-43c6-b0b5-e2a1e0702bb1,301765,35.35105,,35.35105,31.33362,Liquid Staking
Ethereum,supernova-cl,WETH-USDT,759c68e5-1dea-4915-b729-04963f608f47,301640,13896.46678,0,13896.46678,22362.21668,Dexs
Ethereum,uniswap-v4,ETH-SATO,530f2e5c-94ee-43e9-b676-048b4f7065a5,301400,0.82204,0.82204,,1.67733,Dexs
Base,euler-v2,WETH,b132f4e0-d9ea-5be3-b43a-288802a4280b,301135,0.29814,0.29814,,1.13793,Lending
Arbitrum,alchemix-v3,WETH,b5f05b22-718f-549b-813d-430a24a6ed45,300906,1.84727,1.84727,,1.83721,Synthetics
Ethereum,uniswap-v2,PHA-WETH,eed0e360-a9fc-4c3a-bbcf-d0f841c67167,299405,42.70397,42.70397,,86.7246,Dexs
Ethereum,uniswap-v3,OPEN-WETH,6ab4f0b7-2ad2-4b79-8430-a67f2ccb86bd,299134,4.56707,4.56707,,7.44777,Dexs
Base,uniswap-v4,WETH-1F916,3686dc8c-92b0-5698-b644-5c51bd77d21e,299026,25.80921,25.80921,,84.30928,Dexs
Base,uniswap-v4,WETH-REGENT,cad84bf8-8484-4534-987f-eac464d3f712,298668,0.52225,0.52225,,10.12453,Dexs
Ethereum,uniswap-v3,WETH-FLAY,ad728587-4c24-4e8b-9aae-37159b2d7df7,298494,1.27529,1.27529,,1.19802,Dexs
Ethereum,uniswap-v3,BNB-WETH,e22573b1-2309-4358-a3f7-f51551679a3a,298042,4.00454,4.00454,,31.09421,Dexs
Base,uniswap-v2,WETH-MUTM,20cebdd9-6117-48fa-ac93-73659f06c977,296975,0,0,,0,Dexs
Ethereum,symbiosis,WETH,843a9be6-6646-4e5d-b34a-bcb45bea6d6d,296802,1.44932,1.44932,,3.98237,Cross Chain Bridge
Arbitrum,gmx-v2-perps,ETH-USDC,d62b868b-05c3-457b-a10d-af0bd5e82d96,295981,22.14921,22.14921,,26.51356,Derivatives
Ethereum,uniswap-v2,TRWA-WETH,6d50edd8-4a0f-44f9-9e2e-fbcde41536b9,295961,2.52343,2.52343,,2.93353,Dexs
Base,uniswap-v4,WETH-SAIRI,c1a9d3de-8ece-45d7-abd6-eeabef9bbad5,295864,4.29017,4.29017,,6.81058,Dexs
Base,uniswap-v3,SIMMI-WETH,12d67546-b171-4e27-8157-b9796c1ee7b6,295703,0.07257,0.07257,,0.21445,Dexs
Ethereum,uniswap-v3,VIRTUAL-WETH,39ef4b0f-5b62-4d5d-9f71-41776d0690fd,295500,49.95844,49.95844,,44.75421,Dexs
Ethereum,uniswap-v3,SAFE-WETH,2505d5de-74c0-4d4c-b9cb-8ce082319f74,295496,32.26642,32.26642,,41.95782,Dexs
Ethereum,uniswap-v2,LINU-WETH,1bed3efe-8b75-4014-beab-c7371fce87a3,295198,0.01705,0.01705,,0.09065,Dexs
Ethereum,uniswap-v2,TET-WETH,91ad2ca4-4220-4e8e-b231-efd55ab54c67,295088,11.44796,11.44796,,4.0566,Dexs
Ethereum,uniswap-v4,ETH-WBTC,89aee1dd-d9b6-4f25-95db-7c5f5e6ade1b,295046,6.3263,6.3263,,17.37556,Dexs
Ethereum,curve-dex,WETH-CJPY,c5d9c086-301f-48a1-acfb-34d70bafb574,294327,3.92729,0.26,3.66729,3.89591,Dexs
Ethereum,uniswap-v2,WETH-JIM,a8df677a-8e00-4460-a7a9-a590012c1525,293961,0.01652,0.01652,,0.05022,Dexs
Ethereum,uniswap-v2,LZRS-WETH,1540d52e-393c-4d46-9cc4-e3dda89f643a,293784,0,0,,0.0001,Dexs
Base,uniswap-v3,WETH-MAGIC,4b24fc4d-4c49-4406-b1fe-18693817a517,293757,27.57199,27.57199,,7.7406,Dexs
Base,uniswap-v4,ASTEROID-WETH,f2084ff7-16bf-4b32-b813-d3cbcaf4952a,293739,0,0,,0,Dexs
Ethereum,uniswap-v2,SHRUB-WETH,ae9bded8-3c12-48dc-9e64-eff37429604a,293697,13.57175,13.57175,,6.66768,Dexs
Ethereum,uniswap-v4,ETH-STRAT,52db7849-b775-4369-bfe8-b182d35ddfae,293648,0,0,,0.00029,Dexs
Ethereum,motoswap-farm,MOTO-WETH,a7e4f05d-c547-5bd6-a66c-28f33a2ebb2f,293520,35.68176,35.68176,0,25.6426,Farm
Ethereum,uniswap-v2,WETH-GEN,2a6f1655-d6c0-454f-8923-f884ecc20525,293265,0.0002,0.0002,,0.08988,Dexs
Ethereum,uniswap-v2,SOLX-WETH,0809783e-1357-440e-bc02-0d7b3813baae,293238,0,0,,0,Dexs
Base,aerodrome-slipstream,TBTC-WETH,eb798825-7007-466d-b9f5-a30e7d0eb6ad,293046,9.1908,3.9645,5.2263,10.25879,Dexs
Ethereum,curve-dex,CRVUSD-WETH,747005c3-9750-4330-912e-90d023cfac71,292513,23.69,23.69,0,4.83641,Dexs
Ethereum,uniswap-v4,ETH-VIRTUAL,e5beb1d5-7b72-4e23-8288-b62cb385d3a2,292402,45.19766,45.19766,,30.02189,Dexs
Ethereum,uniswap-v4,ETH-SHIT,0c86b6ed-2cc2-4211-b363-f1889135527f,292318,0.02165,0.02165,,1.37961,Dexs
Ethereum,uniswap-v2,BDAG-WETH,819b65f8-bce3-4696-8016-a0fc4703890f,292261,0,0,,0,Dexs
Ethereum,uniswap-v2,WETH-ETHYS,46a82e36-79fc-439a-b698-ebb705e375b1,292075,0.01006,0.01006,,0.00066,Dexs
Ethereum,uniswap-v2,PLOUTΩS-WETH,3ee48f62-794e-4c49-bfe1-393f76df4187,291947,0.004,0.004,,0.0004,Dexs
Base,beefy,WETH-USDC,3155997e-ee0e-4516-8129-20cc87f463c1,291937,16.06619,,,12.07799,Yield Aggregator
Ethereum,uniswap-v4,ETH-TORN,bfb80e16-7f07-4546-8199-da2060f64723,291665,2.4809,2.4809,,11.12265,Dexs
Ethereum,uniswap-v2,WETH-BTT,4778a47e-8f5b-497b-b9b6-8bfba1343183,291413,0.57072,0.57072,,1.25073,Dexs
Monad,neverland,WETH,226ca3b7-162a-441c-ad87-047fcf2a1fc7,291235,5.70747,0.4279,5.27957,2.84107,Lending
Ethereum,convex-finance,WETH-CJPY,5192b229-53c2-4c23-8da5-6a309cbc1b00,291195,5.88215,0.31,5.57215,6.3158,Yield
Base,uniswap-v2,BTCB-WETH,b998d09e-ece5-418b-bb9f-655a93ebecc3,291028,0.30513,0.30513,,0.69252,Dexs
Arbitrum,uniswap-v3,PEAR-WETH,9984360f-b781-4018-9d54-3444c4ea6c55,290777,9.1834,9.1834,,14.59291,Dexs
Ethereum,uniswap-v2,ABYSS-WETH,2beff55e-1e2d-4361-8876-aff16a06a420,290745,0.03954,0.03954,,0.06477,Dexs
Base,uniswap-v2,WETH-CTO,8fc0718e-f318-44c3-ae2c-e01e1ad9e76d,290340,0,0,,0.01024,Dexs
Ethereum,curve-dex,EIGEN-WETH,299e4ce8-3f76-4475-8a84-489286714bb4,290189,4.86,4.86,0,3.14118,Dexs
Ethereum,sushiswap,USDC-WETH,966e2c65-5c3a-4550-bbbd-d51f8e528b1a,287910,2.98487,2.98487,0,3.42497,Dexs
Ethereum,uniswap-v3,NEAR-WETH,50e5df26-3e32-4de1-9a99-f966e10865f6,287722,39.78072,39.78072,,201.19377,Dexs
Ethereum,uniswap-v3,WETH-ZRX,2994a649-ba24-44e3-827b-37bd08e9696f,287528,7.22588,7.22588,,3.56481,Dexs
Arbitrum,camelot-v2,WETH-OHM,d1a3947b-c4c8-4ca3-80d9-c91a5decbc9e,287188,0.00914,0.00914,,0.30957,Dexs
Ethereum,pancakeswap-amm-v3,USDC-WETH,5db47459-bf1b-4bdb-b4d1-48f4dada055b,287135,0.2911,0.2911,,6.17074,Dexs
Ethereum,uniswap-v2,WETH-SMI,8b815e7b-2493-4f17-bae5-9a69e679c270,286540,0.00186,0.00186,,0.01833,Dexs
Ethereum,curve-dex,WETH-RETH,b3a7ecee-57fd-49dc-abf8-cd272a59e6e3,286527,1.44,1.44,0,1.75021,Dexs
Ethereum,uniswap-v2,GTAVI-WETH,9127de99-7fbc-5e6f-a08e-f235226046d9,286109,0.10301,0.10301,,0.39547,Dexs
Ethereum,uniswap-v3,BED-WETH,d8f01f79-078a-42a9-a0dc-40f4d012a622,285291,0.41075,0.41075,,0.53758,Dexs
Base,uniswap-v4,WETH-BLOCKTRONICS,b80e8249-83ad-4a85-978b-80947851db27,284804,0.06921,0.06921,,3.84929,Dexs
Ethereum,uniswap-v2,PROOF-WETH,f1729dcc-ecec-44ea-a7df-1e45db31c93e,284681,0,0,,0,Dexs
Plasma,fluid-lending,WEETH,bbe06342-53d9-450b-9564-1ba3e799e9bb,284148,0,0,,0,Lending
Base,uniswap-v2,ZC-WETH,4ce12363-9513-5f84-b003-9d874e265c83,283962,223.33657,223.33657,,259.08155,Dexs
Ethereum,uniswap-v2,KYE-WETH,8402f356-f68a-4e47-b7e9-0b5bc0a87190,283299,0,0,,0,Dexs
Base,uniswap-v4,ETH-BEAN,157568c3-cb0a-46db-8499-bc1e0f4b5bb0,283115,3.85556,3.85556,,9.15785,Dexs
Base,uniswap-v3,UDOGE-WETH,0b693573-8798-4515-b525-a9d13a732eff,282517,9.53828,9.53828,,20.37494,Dexs
Base,beefy,WETH-USDC,e682ffcb-a455-4208-ac66-c2c2a1271dfa,282469,52.96419,,,143.42254,Yield Aggregator
Ethereum,uniswap-v2,SHIK-WETH,4596a588-e059-4155-8220-37577e857d03,282400,0.00153,0.00153,,0.08531,Dexs
Ethereum,uniswap-v4,ETH-SQGROW,4534e56b-e9fa-49e0-bcf5-f3f11954e59b,282268,21.63822,21.63822,,60.82641,Dexs
Base,uniswap-v2,WETH-DOGE,de66ee9c-7cd9-4dbc-957d-334990cca37f,281997,0,0,,0,Dexs
Base,uniswap-v3,WETH-RWASS,a032190d-d8fc-44e9-8de8-c0a2a48a5622,281419,0,0,,0.00394,Dexs
Ethereum,sushiswap,SUSHI-WETH,67e9e077-a277-4906-b7fa-62621223963b,281132,6.0495,6.0495,0,11.01066,Dexs
Arbitrum,beefy,WETH-USDC,e012ca5a-a281-4cf5-a33f-d5710792ab6d,279897,7.35744,,,11.33881,Yield Aggregator
Ethereum,uniswap-v2,F9-WETH,a3b1982d-3856-4eca-9fd4-00f9465ac7ea,279789,0,0,,0.02091,Dexs
OP Mainnet,compound-v3,WETH,c0b1d745-7fe9-4c27-a95d-b02aa9d26465,279671,1.26574,1.26574,0,1.25643,Lending
Ethereum,uniswap-v4,ETH-PEPE,5bc939b7-9b68-442b-89de-ed4f3833cfda,278937,10.63084,10.63084,,13.63807,Dexs
Ethereum,uniswap-v4,ETH-WSTETH,35362830-55b6-4b0d-b400-e5e2cdac6b4a,278878,0,0,,0,Dexs
Ethereum,balancer-v2,XNS-WETH,3047f159-92f7-493c-b12f-5494b084ac79,278364,0,0,,4e-05,Dexs
Ethereum,uniswap-v4,ETH-AAVE,6573e0e5-91fc-4056-b1b3-372e39b4ff30,277982,0,0,,0,Dexs
Ethereum,uniswap-v2,WETH-RYU,b7b7b595-acf2-4bee-92aa-3a3b5acaa40d,276935,3.62125,3.62125,,2.7214,Dexs
Ethereum,uniswap-v2,BIAO-WETH,7c4d2101-e58f-425d-adc9-7680d99ac2b2,276897,0,0,,0.02347,Dexs
Ethereum,uniswap-v2,GOKU-WETH,cd7a8d4c-a26d-46c2-b813-b896c4a13bc1,276802,0,0,,0.00605,Dexs
OP Mainnet,uniswap-v3,USDC-WETH,3eed0f06-750c-4155-b949-c16368eb173e,276650,3.68204,3.68204,,22.03277,Dexs
Ethereum,uniswap-v3,MEME-WETH,2b53e332-3ad2-4307-bc32-54ed412c1652,276164,11.88008,11.88008,,11.6437,Dexs
Ethereum,uniswap-v3,BEST-WETH,747f5e9d-c680-4ae4-aae1-8d2e0b07fc80,276006,0.74227,0.74227,,3.25894,Dexs
Ethereum,uniswap-v2,KEKEC-WETH,9738e397-c5ba-4d62-b560-d27cd55142c4,275859,0.0618,0.0618,,1.22792,Dexs
Ethereum,uniswap-v4,ETH-NIL,a3f46406-6d64-40a4-b388-c01b93a457e7,275605,25.29425,25.29425,,38.00637,Dexs
Arbitrum,balancer-v2,WSTETH-UPDOGE,8a677275-3e27-4a3b-a262-a5e2c79dfc98,275323,0,0,,0,Dexs
Base,uniswap-v4,WETH-LIKES,eca3bd67-df5e-4959-bc5a-272f6863ac24,275077,0.15427,0.15427,,12.49302,Dexs
Ethereum,uniswap-v2,ASTEROID-WETH,864ecb14-e47c-467b-842f-70f8283261c0,275040,34.25145,34.25145,,23.67629,Dexs
Gnosis,gamma,WETH-WSTETH,ef6847de-bc3a-5f92-b2d1-601b19c5a9fa,274237,0,0,0,0,Liquidity Manager
Ethereum,uniswap-v3,WETH-SOLX,f63d0304-2f09-4207-9901-385c950a0792,274233,0.73781,0.73781,,1.97723,Dexs
Arbitrum,uniswap-v3,WETH-USDC.E,d8f13b99-3eb8-436f-97d6-882ea1eff8f4,274087,0,0,,8.38959,Dexs
Arbitrum,fluid-lending,WEETH,99b5eb89-f35d-497a-8a58-702212b6d559,273489,0,0,,0,Lending
Ethereum,pancakeswap-amm-v3,AIOZ-WETH,84af8ced-9cac-460a-b062-6887147c6fb8,273470,17.43886,17.43886,,20.30811,Dexs
Gnosis,gamma,WETH-WSTETH,78bd6d2e-0dc1-47df-afa5-d2cd9a46deee,273322,0,0,0,0,Liquidity Manager
Ethereum,uniswap-v2,TW33T-WETH,65dae884-7c9c-4be4-acc8-f9bd33d4876f,273222,0,0,,0,Dexs
Ethereum,ekubo,ETH-USDC,3c89a5a0-8359-4197-8f4a-fe4e6e501456,272372,36.51797,36.51797,0,63.49534,Dexs
BSC,uniswap-v4,ASTER-WBETH,0c9472a9-fc69-43f6-8919-68283134848e,271627,0,0,,0,Dexs
Base,uniswap-v3,WETH-FLUID,2edfe9c4-2e3b-4cc7-8bd3-7383a8f0b343,271517,6.99645,6.99645,,1.72533,Dexs
Ethereum,uniswap-v4,ETH-SPK,02628ae1-65e1-4895-8ae1-06f6ea86930d,270611,22.46387,22.46387,,23.95072,Dexs
Ethereum,uniswap-v2,MATIC-WETH,7e0b43a6-9aa1-4d9e-a9de-ab5269b63a2b,270606,7.57375,7.57375,,13.88195,Dexs
Base,extra-finance-leverage-farming,WETH,b53f5aab-3047-4bd7-afde-2ee5a91bc2e3,270550,0.29077,0.29077,,0.24265,Leveraged Farming
Ethereum,uniswap-v3,PORK-WETH,75a896ab-e1ad-4bed-94d3-dcb5e8c5568c,270193,7.05359,7.05359,,4.57997,Dexs
Ethereum,uniswap-v4,ETH-FWA,1edb1619-d677-5c3a-8198-76cdc8fb253a,270110,119.41715,119.41715,,469.78836,Dexs
Ethereum,uniswap-v4,ETH-PORK,1dc087f9-d367-4dae-a391-1e798891fdb1,269834,5.95921,5.95921,,11.63225,Dexs
Ethereum,uniswap-v3,SHIB-WETH,37806794-37c5-4d66-b340-ad376ebc2af1,269715,1.73274,1.73274,,1.63436,Dexs
Polkadot,hydration-dex,WETH-AETH,b90433eb-4df0-4ebe-9cc5-dedfc256474e,269693,0.0566,0.0566,,0.07763,Dexs
Ethereum,uniswap-v2,PROXIMA-WETH,64dcfb62-d1e6-4238-95c5-0dae5f0a5659,268942,0,0,,0.00099,Dexs
Ethereum,balancer-v2,GASLESS-WETH,9c21c87a-0df5-4951-a837-527ec9c23530,268414,0,0,,0,Dexs
Ethereum,uniswap-v4,ETH-FWWETH,e40495da-9bc3-4b49-940c-b29cc870eb30,268190,0,0,,0,Dexs
Ethereum,uniswap-v4,ETH-DRV,228195a2-7925-4504-b4e2-a8bcb65d109b,267626,297.59449,297.59449,,396.36014,Dexs
Ethereum,uniswap-v3,WETH-XUSD,2bc274d9-a927-41d2-84ec-0fc7d994589f,267528,5.155,5.155,,7.75579,Dexs
Polygon,uniswap-v4,WBTC-WETH,c37f8a14-3279-4fd7-a91e-a1cf43c4f50b,267439,3.66781,3.66781,,5.90333,Dexs
Ethereum,uniswap-v2,TOAD-WETH,da450cd5-f7cf-45c9-b9ed-c9467fd9b4c9,267326,0,0,,0,Dexs
Ethereum,uniswap-v2,WETH-SOLX,2ff4bd76-730b-40ca-9014-474a491fd8ae,266901,0,0,,0,Dexs
Arbitrum,gmx-v2-perps,ETH-USDC,b801f59c-2d64-4b3d-b3a2-fcebb5985a8e,266634,27.73347,27.73347,,20.93646,Derivatives
Arbitrum,camelot-v3,WETH-USDC,a51d982c-72ad-43b1-9cb2-0273c46655f3,266387,16.71011,16.71011,,16.96382,Dexs
Ethereum,beefy,CRVUSD-TBTC-WSTETH,aab2274c-5b74-43af-90f0-927a470a9dd7,266213,4.21772,,,4.37552,Yield Aggregator
Base,uniswap-v2,WETH-VOY,806929a2-514b-48a2-a70b-3e086c83e9df,265495,0.00082,0.00082,,0.06903,Dexs
Arbitrum,curve-dex,WETH-FRXETH,8957da1b-9d3c-438a-9bc1-fbab4dfce2c9,264786,0,0,0,0.00025,Dexs
Ethereum,uniswap-v3,RNDR-WETH,e7cd012c-4e7b-42c8-bc6a-ab07a40f8cc7,264592,65.08981,65.08981,,75.47912,Dexs
Ethereum,uniswap-v2,PCORE-WETH,3ea47192-4b90-4c6b-9570-306783aba56a,264462,0,0,,9e-05,Dexs
OP Mainnet,beefy,WBTC-WETH,5407e0b1-0f81-4408-b5cf-2bce2b7c4a69,264293,7.11373,,,4.57429,Yield Aggregator
Ethereum,uniswap-v4,ETH-WBTCSTR,18a95b92-294c-49c0-8cef-ed601bf4039b,264221,0,0,,0,Dexs
Base,uniswap-v4,WETH-TELLR,5cb6fd44-5f2e-41b9-a844-46d31e75a0de,264130,0.00058,0.00058,,0.047,Dexs
Ethereum,uniswap-v3,WETH-WEETH,b02cf37b-fde7-48ad-bff9-f3955fe565b1,263967,0,0,,0.00038,Dexs
Base,aerodrome-v1,WETH-USDBC,56b16fb3-5d3c-4fd9-8cee-b131a50d7422,263873,10.19324,,10.19324,10.80377,Dexs
Base,uniswap-v2,WETH-NORV,5d104e23-4261-5d2c-9efc-47c00030d7a9,263424,89.99031,89.99031,,121.46318,Dexs
Ethereum,uniswap-v4,ETH-USDC,94b4935b-cd9c-409e-b0fd-265d6620695a,263412,6.59533,6.59533,,13.00756,Dexs
Polygon,uniswap-v4,ATXM-WETH,bb4f946a-a9d1-4b13-a377-202bfd3262f0,262597,8.49753,8.49753,,22.99506,Dexs
Ethereum,uniswap-v2,SCAM-WETH,6256c60d-ee02-40f5-953c-d5f6c8091eb0,261444,0,0,,0,Dexs
Base,uniswap-v4,WETH-RETAKE,0227ec55-ad24-4c11-aa77-883f2f312237,261292,0,0,,0,Dexs
Base,uniswap-v3,WETH-CIRCLE,204fc6d4-97cd-414f-905f-f3566ed7efe8,260769,1.16083,1.16083,,3.3728,Dexs
Base,uniswap-v2,WETH-VRAX,b880edea-369c-5fb5-b68e-42d610d436e3,259782,228.13595,228.13595,,259.58474,Dexs
Base,uniswap-v3,WETH-FAI,3ae837aa-eec6-4b68-821f-11b74edf9f73,259392,2.07849,2.07849,,3.98135,Dexs
Ethereum,uniswap-v2,RAI-WETH,4cae00bf-061a-455d-8c78-085ebb5659fb,259023,1.12232,1.12232,,1.39951,Dexs
Ethereum,uniswap-v2,MP3-WETH,da05003a-f0f6-4659-bf84-a9589e9b81d7,258718,0,0,,0.00247,Dexs
Base,aerodrome-slipstream,WETH-TIBBIR,4153d5ef-763e-4e84-b109-c31ce0f447e2,258683,390.38968,263.36151,127.02816,559.03188,Dexs
BSC,kinza-finance,ETH,abadece3-0fa6-4383-b4ce-68ae3cb8a50f,258577,0.25551,0.25551,,0.2683,Lending
Ethereum,uniswap-v2,KIF-WETH,ae6674f1-ecd6-410c-b652-dc8c22d1784e,258519,0,0,,0.00276,Dexs
Base,aerodrome-slipstream,BIO-WETH,3709f4bb-2114-4742-907a-7bb5d58de274,257818,307.53044,55.98091,251.54953,105.67985,Dexs
Ethereum,uniswap-v2,WETH-YFMS,7e64cee4-11a1-4676-a3bb-a699fdd16940,257682,0,0,,0.0026,Dexs
Ethereum,uniswap-v2,MSTR-WETH,4eeeccae-614f-40e9-b7bb-99ed1a82eb6d,257661,0.03234,0.03234,,0.44809,Dexs
Ethereum,uniswap-v2,WETH-DOGC,afe10985-1d71-48b3-a328-4c0e93e8ef4c,257551,2e-05,2e-05,,0.05021,Dexs
Ethereum,stake-dao-yield,WETH-CVX,8e9171a9-75f8-4b74-bc99-2b59a75bcc56,257245,20.63855,3.23,17.40855,19.94779,Yield
Ethereum,uniswap-v2,LCAI-WETH,b0d8b050-dc59-4070-9ab9-3f476789e895,255955,0,0,,0,Dexs
Base,uniswap-v3,WETH-NOICE,0b986f99-8823-4912-b80b-fd1071aabbc0,255833,19.07247,19.07247,,30.81834,Dexs
Base,uniswap-v4,WETH-FREECODE,047746a3-bc7c-4f44-a5b1-043d1787a1fb,255522,11.77995,11.77995,,25.95714,Dexs
Ethereum,uniswap-v2,WETH-DEXT,c1f6005f-9d1d-4667-b435-f1ae668b6991,255076,3.2337,3.2337,,5.2636,Dexs
Arbitrum,uniswap-v4,WETH-USDC,e04816db-e4ec-4e03-a052-ca27e7289df2,254686,24.26105,24.26105,,43.3776,Dexs
Ethereum,uniswap-v3,EDGE-WETH,af141e5f-a166-4553-ae5d-cd2e2d5a48cf,254654,1.37372,1.37372,,2.79727,Dexs
Ethereum,uniswap-v2,COR-WETH,87a10a9c-0b6c-4e19-bef0-a593767064b3,254543,0,0,,0,Dexs
Ethereum,uniswap-v2,WETH-NMT,bf8c039d-e340-4451-9765-d4664703f256,254524,0,0,,0.0001,Dexs
Arbitrum,euler-v2,TETH,383ae6a9-03e8-4698-909a-ad75eef9a67d,253969,0.00029,0.00029,,2e-05,Lending
Base,aerodrome-slipstream,AERO-WSTETH,1d62cf0f-0777-4158-ab95-c1456cabab4f,253856,84.53329,34.86172,49.67157,42.66693,Dexs
Ethereum,uniswap-v2,BOOMB-WETH,e01b4295-d54e-4ba2-adab-277b2db71407,253320,0,0,,8e-05,Dexs
Base,fluid-lending,ETH,03fcfbc2-fe99-43fd-98b1-9dd3cbb5ae60,253108,1.14,1.14,,0.91241,Lending
Base,uniswap-v4,WETH-BNKRW,19c4c8a7-990a-42b0-83be-8d7bfd3e237e,252463,0.18629,0.18629,,7.9078,Dexs
Arbitrum,fluid-lending,WEETH,45f56d3f-bc31-4c6f-a0bc-3a4898d6e03d,252288,0,0,,0,Lending
Ethereum,uniswap-v2,RUST-WETH,9e958604-2151-44d8-9719-4bd65b66d4df,251322,0,0,,0,Dexs
Base,uniswap-v4,WETH-SUPERGEMMA,962104f4-5cfa-498c-a976-3d297466be66,250689,1.5196,1.5196,,7.77533,Dexs
Ethereum,harvest-finance,ETH,f52fcbc6-88a8-42b0-965e-563f1d1e52da,250537,2.94,2.94,,2.60087,Yield Aggregator
OP Mainnet,uniswap-v4,ETH-USDC,43a18ac0-0e15-44a2-9d49-28f4f4e3cfe8,250187,4.08131,4.08131,,18.62891,Dexs
Ethereum,uniswap-v2,ZYN-WETH,23f54ca1-d8df-43e1-a85a-5ef295a33423,250171,0.04689,0.04689,,1.27556,Dexs
Ethereum,uniswap-v2,SAN-WETH,6ae1ef21-207c-4956-ba8d-272ac82b033f,250106,0,0,,0.00221,Dexs
Ethereum,uniswap-v4,ETH-VIBE,6c34cb29-1f05-5633-bba6-866795c877d0,250083,102.10804,102.10804,,112.7902,Dexs
Ethereum,uniswap-v4,ETH-FOOM,0987d643-5be9-44db-bf33-6708e8895927,249844,0,0,,0,Dexs
Arbitrum,gmx-v2-perps,ETH-USDC,3a153acc-7430-405b-a5d8-5d8f2734d0f2,249717,2.50163,2.50163,,5.2806,Derivatives
BSC,uniswap-v4,BNB-ETH,9557d375-34b0-4388-a321-9a21ddeeda95,249560,6.25472,6.25472,,14.62508,Dexs
ZKsync Era,zkswap-v2,LONG-WETH,472dd466-6dd3-425d-aa76-5ccc7c59faa5,249220,0.55995,0.55995,0,0.22791,Dexs
Ethereum,uniswap-v2,BUBU-WETH,96a560a6-3c92-43c5-bf7e-b93c8450141b,248883,0,0,,0,Dexs
Base,uniswap-v2,WETH-LILPEPE,a5786abe-d670-4b7b-b1fd-679358ffaaa3,248686,0,0,,2e-05,Dexs
Base,uniswap-v2,CYS-WETH,6b44be6c-c422-5405-9307-8adcb36d9cb0,248610,220.36091,220.36091,,271.50053,Dexs
Base,morpho-blue,RETH,e78f8f2f-5dbd-4cd3-98ef-7864c237144f,246686,0,0,,0,Lending
Ethereum,uniswap-v2,LILPEPE-WETH,778081ee-3cc9-4c0d-b230-eadaf0f6c9b2,246633,0,0,,0,Dexs
Ethereum,balancer-v3,WETH-EIGEN,8b7b5448-824d-442d-917e-a07aefe293a2,246218,0,0,0,0,Dexs
Ethereum,uniswap-v2,AMAMI-WETH,609aad6a-9d3d-42ce-a26d-601703c65cb0,245264,0,0,,0,Dexs
Ethereum,uniswap-v2,WSB-WETH,bfcc2703-422f-40c7-9764-931e550f2a0e,244755,0.00883,0.00883,,0.01044,Dexs
Base,uniswap-v3,WETH-MFR,acee006e-2796-43fe-8fb6-0baa60ff82fc,244104,0,0,,0.00268,Dexs
Ethereum,uniswap-v4,ETH-ZC,bd1a6986-bf19-586a-b794-cbbf9fd83d6c,243613,982.02172,982.02172,,5667.13214,Dexs
Base,uniswap-v2,WETH-STREET,e4d59210-ba28-5bcb-8af5-1ccdcd8f391e,243425,261.81199,261.81199,,293.11278,Dexs
Base,uniswap-v4,WETH-TSG,955d4576-3cf7-43d5-bb62-8e0ae06f766e,243347,2.01389,2.01389,,3.77483,Dexs
Ethereum,pancakeswap-amm-v3,WETH-DEXE,1bbc9526-56d5-403f-808a-53c8c3277d98,243041,0.40164,0.40164,,0.49082,Dexs
Ethereum,pancakeswap-amm-v3,WETH-USDT,3603d576-a4d7-4317-9ae1-bf451b3e637a,242895,12.13229,12.13229,,19.00819,Dexs
Ethereum,uniswap-v2,WETH-HEMULE,6e067b0c-0ee6-4a00-b972-85b6b4f9478c,242452,0,0,,0,Dexs
Ethereum,uniswap-v2,ROO-WETH,c8e2302d-3787-443f-a571-c610620c67c0,242313,0,0,,0.00064,Dexs
Base,uniswap-v4,WETH-ROBOTMONEY,0feefc99-8bba-47ef-b691-d262eaffbc87,241309,0,0,,0,Dexs
Ethereum,uniswap-v2,WETH-TERMINUS,6e81c9bf-de9e-4529-95cd-4637a6c5fafb,240632,0.01252,0.01252,,0.87868,Dexs
Arbitrum,camelot-v2,WETH-EQB,11f4f3ae-021f-4d85-9c83-2b9c5cb7a51e,239578,4.39888,4.39888,0,10.34512,Dexs
Base,pancakeswap-amm,WETH-GPP,81fcdf2d-ae25-5e4f-b161-c11999089b47,239315,9.78945,9.78945,,6.82691,Dexs
Ethereum,uniswap-v2,WOLF-WETH,1a2d4747-897a-45bc-be83-585cb436ad70,239228,0,0,,0.06328,Dexs
Avalanche,pangolin-v2,WETH.E-WAVAX,e5064c41-7f36-4fd4-9e64-15353d48dbf2,239087,4.2538,4.2538,,5.94031,Dexs
Ethereum,uniswap-v2,WETH-LARRY,d4447e3c-ffcb-491c-bd4e-e19cd18607c7,238957,0,0,,0,Dexs
OP Mainnet,woofi-earn,ETH,ffb846cd-bf30-444e-b533-30bf0121931d,238757,3.57725,3.57725,0,3.53734,Yield
Ethereum,uniswap-v3,WLD-WETH,882e600d-27b3-4408-85a3-140ab0910ec6,238373,360.04107,360.04107,,108.96656,Dexs
Ethereum,uniswap-v2,UNLEASH-WETH,2b0c9069-f947-4896-82c6-9b4145a82850,237686,0,0,,0.01968,Dexs
Base,aerodrome-slipstream,WETH-RED,8d0b004b-5347-4935-a2c0-80e28fad6f73,237495,69.10124,51.18338,17.91786,139.54219,Dexs
Polygon,uniswap-v4,WETH-USDT,568c80ed-1a23-4ce1-a83c-cf4a62877454,237414,6.20763,6.20763,,8.91598,Dexs
Base,uniswap-v2,WETH-GDD,5fd482a1-8521-4899-8339-bc6b965550e6,237250,1e-05,1e-05,,0.05461,Dexs
Ethereum,uniswap-v2,GPU-WETH,d0ae2616-48cf-4c04-a77c-a636c3fa6903,237088,1.15502,1.15502,,1.39947,Dexs
Ethereum,uniswap-v2,WETH-HOICHI,5aa33ed1-c5f0-4cde-a310-fd634c05f208,237068,0,0,,0,Dexs
Ethereum,uniswap-v2,$DIE-WETH,b1da6ab7-c34f-4572-93c6-46023d71c9eb,236105,0,0,,0,Dexs
Base,uniswap-v3,WETH-UADA,5a578343-99c5-42a1-a95d-778ddd86d826,235347,18.67936,18.67936,,23.79619,Dexs
Ethereum,uniswap-v2,WETH-BIGTIME,94077610-e0b9-498b-b16f-a8957720de9b,234820,0,0,,0,Dexs
MegaETH,aave-v3,WETH,1b9f6e32-d7d0-4261-8fd8-7921d8a43d91,234778,0.68859,0.68859,,0.68128,Lending
Base,beefy,VVV-WETH,18765eef-3d2d-4feb-b545-a9c7800c3157,234099,35.67267,,,36.99444,Yield Aggregator
Avalanche,joe-v2.1,WETH.E-WAVAX,40727cc8-cbae-4a16-ae4c-d461211d2666,234035,0.00265,0.00265,,0.56456,Dexs
Ethereum,uniswap-v2,WETH-ZKML,893412a7-5c33-4bf2-a083-05bc5fb569a2,234032,1.12009,1.12009,,1.22057,Dexs
Base,uniswap-v4,WETH-LAUKI,e46fa575-dfa9-4084-9a94-a33e6cb6a941,233624,0,0,,0.09137,Dexs
Base,spectra-metavaults,WETH,4f3241a2-f517-4780-8874-4f5e36913d33,233173,3.5541,2.91248,0.64161,3.98359,Onchain Capital Allocator
Base,aerodrome-slipstream,TOWNS-WETH,f3ab8cab-927e-4aed-9cbf-00d95c5350d7,232941,51.8497,36.8908,14.9589,176.50377,Dexs
Flare,sparkdex-v4,WETH-USD₮0,8b554c6d-6b42-4c80-8d46-a1488538a021,232821,13.04274,2.38835,10.65439,23.06908,Dexs
Ethereum,uniswap-v2,WETH-POWER,f641b665-87a9-42a2-acef-e5941911dce1,232677,0,0,,0.00163,Dexs
Base,aerodrome-v1,GAI-WETH,67c44fd4-5eff-4198-8d3d-e8b9ef264c21,232628,0,,0,0,Dexs
Base,aerodrome-slipstream,SEDA-WETH,6e914bf1-d395-4f95-a2f7-562a636a24b5,232095,62.25671,3.10608,59.15064,493.84864,Dexs
Base,uniswap-v4,ETH-TIPN,e378a9f3-0acc-48bb-8c1b-9b155e799d95,231952,0.00045,0.00045,,0.03046,Dexs
Base,uniswap-v4,ETH-SLX,12bd9331-2831-4177-8b25-a8b99f677164,231908,0,0,,0,Dexs
Base,uniswap-v2,WETH-HOODIE,bd6a9de0-ba31-571e-b291-a1e169fda51b,231837,96.12438,96.12438,,139.13308,Dexs
Base,uniswap-v3,WETH-IMGN,4f7d65a6-42f9-4084-a291-bcb6492d0044,231759,0.24628,0.24628,,3.17694,Dexs
Ethereum,uniswap-v2,BYC-WETH,78a991dd-293c-4310-95d7-bcd56a003327,231647,0,0,,0,Dexs
Ethereum,uniswap-v2,BTCBULL-WETH,fcf191f4-d44c-4422-ad6f-dcd5b27ca2cb,231309,0,0,,0,Dexs
Ethereum,uniswap-v4,ETH-PUFFER,72fc66c6-3e16-49ba-aef4-0adbaabb8776,231239,11.90118,11.90118,,76.87374,Dexs
Ethereum,uniswap-v2,VANA-WETH,8f86d3b6-692b-4772-a74e-ae19fb797390,230754,0,0,,0,Dexs
Arbitrum,uniswap-v4,ETH-LINK,3deb0226-e667-412d-a788-2d1dc50a3711,230360,0,0,,0,Dexs
Base,uniswap-v2,WETH-HYPER,776bf2a9-5604-4773-88e1-c84f764e581f,230292,0,0,,9e-05,Dexs
Arbitrum,gmx-v2-perps,ETH-USDC,896fdcf6-9e7c-48b9-8a83-d7bb3abce21f,230177,28.60426,28.60426,,31.86482,Derivatives
Base,uniswap-v4,WETH-1CLAWAI,1435aece-221b-4654-96d5-274c2d88404a,229530,6.92267,6.92267,,15.97342,Dexs
Base,extra-finance-leverage-farming,WETH-USDC,490d4579-1c3f-4ee8-802c-db88c046cd42,229122,5.6726,5.6726,,7.79702,Leveraged Farming
Base,uniswap-v4,WETH-ANYONE,ed9de5d2-9ade-5b7b-9874-d2bea2e7ab03,229091,26.39726,26.39726,,20.40367,Dexs
Base,uniswap-v3,WETH-MOL,69f93895-6727-4fd9-86c4-b82fb71d3c35,228538,0,0,,0,Dexs
Robinhood Chain,alandale-v3,WETH-USDG,98ea5e7c-ff59-52d8-a1ce-633c308d4c5c,228337,68.56437,0,68.56437,100.06852,Dexs
Base,uniswap-v4,WETH-GOLD,96f61d61-d006-4368-a199-5b7fa5c6d6ab,228115,0,0,,0.00142,Dexs
Base,uniswap-v4,WETH-RWAGMI,d3836032-ac07-5fa6-b895-7b2c52806088,226838,12.82602,12.82602,,53.67337,Dexs
Ethereum,uniswap-v4,ETH-NEX,406a6d43-ece9-42db-a628-5299cada09b0,226702,0,0,,0.19259,Dexs
Sui,navi-lending,WETH,57d223b6-3256-4c84-887d-4f9897aebf10,226579,0.00095,0.00095,0,0.00095,Lending
Ethereum,uniswap-v2,WETH-REBEL,6f2bb8ab-faf5-4edf-affb-5463692a6e2e,226506,0,0,,7e-05,Dexs
Ethereum,stake-dao-yield,CRVUSD-TBTC-WSTETH,aa794f50-21ac-429a-8f66-1d1abc766504,226500,5.38149,1.55,3.83149,5.31992,Yield
Ethereum,uniswap-v2,YAI-WETH,9d514bb1-9ed4-4b54-8109-e9e9f5d5a7f4,226227,0.03535,0.03535,,0.02696,Dexs
Base,uniswap-v3,DICKBUTT-WETH,bbafaee9-b1c1-4cdf-afd3-79f97353823c,225974,6.63905,6.63905,,20.44625,Dexs
Base,uniswap-v4,WETH-BOTCOIN,add58596-bfb7-4f36-9393-c866e2aa82c9,225916,0,0,,0.41206,Dexs
Ethereum,uniswap-v2,CDS-WETH,a422c433-cf1d-4243-bdf1-f9dbbc5b29cd,225601,0.00345,0.00345,,0.00106,Dexs
Base,uniswap-v4,AVC-WETH,beb44706-a4cd-466f-af2a-2ac9ab663058,225558,0.13681,0.13681,,0.2943,Dexs
Ethereum,uniswap-v2,MARVIN-WETH,01902417-b17b-53cb-882c-06091d625de0,225529,12.77011,12.77011,,24.21025,Dexs
Ethereum,uniswap-v3,HLX-WETH,4c9d0793-6976-5a4b-86a9-9d180a5e8755,225055,6.23946,6.23946,,4.92037,Dexs
Avalanche,deltaprime,WETH.E,44cae4d5-0848-4c16-bc48-b65d20e443bd,224794,3.14016,3.14016,,1.8654,Leveraged Farming
Ethereum,uniswap-v2,EBET-WETH,b71be3a4-131b-4593-993a-3b54ad61700b,224681,0,0,,0,Dexs
Ethereum,uniswap-v3,BERASTONE-WETH,646eeea2-bac8-4c31-b96c-b8bce376ebae,224466,0.06961,0.06961,,0.26195,Dexs
Polygon,compound-v3,WETH,87188e84-4b9c-48d7-9512-75a522e1727f,223770,0,,,0,Lending
Base,uniswap-v4,ETH-SHIB,f2a9f172-1e94-4283-bc84-8f6616c4017d,223432,2.85035,2.85035,,22.11704,Dexs
Base,uniswap-v4,ETH-VVV,8053ca28-e301-4383-a9ac-206d6f12c379,223412,3.26491,3.26491,,3.65755,Dexs
Ethereum,uniswap-v2,WETH-SBR,8918ac7e-241c-493c-a630-da046a417298,223086,0.0076,0.0076,,1.15491,Dexs
Base,uniswap-v4,WETH-MOLTEN,ec35e341-511c-4965-a45a-aa07125914e2,223067,0.01672,0.01672,,0.04965,Dexs
Base,uniswap-v2,WETH-$MFER,affac611-0e3c-4b81-a690-48b6f637f3ed,222333,0.09564,0.09564,,1.56813,Dexs
Base,uniswap-v4,BOTCOIN-WETH,ebb808fa-6379-5a65-b58f-892176c7e555,221789,0,0,,0,Dexs
Ethereum,uniswap-v3,WETH-TITANX,10a3e39a-bb78-466f-bcf9-f4ed53b50a9a,221754,31.69539,31.69539,,30.1802,Dexs
Ethereum,uniswap-v4,ETH-SPX,3ea04079-840c-44d3-abf0-f8c4185875aa,221723,2.78365,2.78365,,4.86843,Dexs
OP Mainnet,compound-v3,RETH,f24f1b9f-9556-4f36-996f-e19cadf1f7a6,221374,0,,,0,Lending
Ethereum,uniswap-v3,1CAT-WETH,8102988d-0797-4833-a63b-3daff946fe58,221254,0,0,,0.13054,Dexs
Base,aerodrome-slipstream,WETH-PENDLE,145ca243-2a20-48f4-bc20-88515fa23dd1,220434,120.19719,12.26008,107.93711,177.9154,Dexs
Ethereum,fusion-by-ipor,WSTETH,70dcb593-7dda-4e59-bbea-2b85e336ee72,220405,0.00151,0.00151,0,0.00128,Onchain Capital Allocator
Ethereum,uniswap-v2,CHEDDA-WETH,ec596c1f-9ef1-4fb1-a5aa-0664666a32eb,220276,0.00265,0.00265,,0.00752,Dexs
BSC,venus-core-pool,BETH,7e556b84-5836-4803-8204-081dedfd3e84,219445,0,0,0,0,Lending
Ethereum,uniswap-v2,WORLD-WETH,9329e5e6-29ba-4dc5-8a12-1079db0f8c64,219307,0,0,,0.00748,Dexs
Ethereum,uniswap-v2,PAZZY-WETH,2cb57085-ec0c-4f45-995f-0f40783d3708,219086,0,0,,0,Dexs
Base,fusion-by-ipor,WSTETH,24727d24-30cd-4a49-a45b-b5b4faeec72e,218987,3.78587,3.78587,0,1.78112,Onchain Capital Allocator
Ethereum,uniswap-v2,XYZ-WETH,dcbea605-9095-4d87-866c-490e4ae1b960,218711,0,0,,0,Dexs
Ethereum,uniswap-v2,RSR-WETH,65693b6b-d3f7-468a-8e32-9855f8b0bbc4,218120,0,0,,0,Dexs
Ethereum,sushiswap,XSUSHI-WETH,8ac88afb-25f2-4053-b8ae-391358f568be,218046,2.04668,2.04668,0,3.88463,Dexs
Base,sushiswap,TYBG-WETH,98f18889-a5cf-45ae-95e8-ccba5afde611,217957,1.43414,1.43414,,5.40268,Dexs
Base,compound-v3,EZETH,ccd0708c-5e07-477f-9dfa-59db70451b69,217621,0,,,0,Lending
Base,uniswap-v4,WETH-BOTS,a27d99c7-f2c9-550e-b6f6-c8fccbf6135f,217582,83.79108,83.79108,,93.31935,Dexs
Base,aerodrome-v1,WETH-GHST,af08f671-96c6-48a0-a8d3-222e8127ef35,217426,8.4841,,8.4841,30.94484,Dexs
Ethereum,uniswap-v2,ZEUS-WETH,42bb5dc7-76d6-40d7-8a84-4ecb913233e0,217007,6.90073,6.90073,,2.78234,Dexs
Ethereum,uniswap-v2,GOOSE-WETH,8adf9889-deb2-47ba-b300-5d4b86c53ed9,216954,0,0,,0,Dexs
Base,uniswap-v4,WETH-FEY,3be4dbcf-74ce-485c-b37e-97dc482ee5c5,216773,0.00214,0.00214,,4.49447,Dexs
Ethereum,curve-dex,ETH-KP3R,b14cb043-eca3-4893-a8c9-3b5e6a96f273,216720,0.02,0.02,0,0.0477,Dexs
Ethereum,uniswap-v2,WETH-LEDGER,c42d83bf-7f52-431f-940a-9b60e91df4b4,216665,1.40135,1.40135,,3.24874,Dexs
Arbitrum,uniswap-v4,ETH-PENDLE,9e931aa5-7b7c-4c3b-8edb-fb9f07d9ce18,216581,0,0,,0,Dexs
Base,aerodrome-slipstream,XSGD-WETH,3a9705b8-a90e-4ff3-a33d-29d64a817c81,216509,17.54731,3.66129,13.88602,54.97306,Dexs
Ethereum,uniswap-v2,WETH-TOSHI,050b74fa-9324-45f6-bccc-94087f3923d3,216482,0,0,,0.00052,Dexs
Ethereum,uniswap-v2,FRACT-WETH,1a9b8a42-4a38-4e05-b09f-fd8666618407,216146,0,0,,0,Dexs
Ethereum,convex-finance,ETH-KP3R,8ba6cffc-8eed-4c62-a19a-ab0c2b5991c5,216062,0.01,0.01,0,0.0597,Yield
Ethereum,uniswap-v2,MUTM-WETH,0ca5921f-529e-4b0a-837a-81a067b20ffe,215932,0,0,,0,Dexs
Ethereum,uniswap-v2,LCAI-WETH,ab7fa884-b567-417f-b942-cd8fda0dfec7,215261,0,0,,0,Dexs
Arbitrum,camelot-v3,GNS-WETH,f413a14f-e487-4325-8c88-3f3665e71606,215169,20.57049,20.57049,,11.42516,Dexs
Ethereum,uniswap-v2,SHIT-WETH,e89b0f56-95c4-476d-8d2f-d1145386b4cf,214544,0,0,,0,Dexs
Ethereum,uniswap-v3,PEW-WETH,0bdc0bdb-8d70-4d8c-b9e6-4666ec104b30,214408,0.01311,0.01311,,0.69912,Dexs
Ethereum,balancer-v3,WETH-EIGEN,c75dd170-2d54-50d6-8e46-abb634162993,214355,0,0,0,0,Dexs
Plasma,fluid-lending,WEETH,76d598a3-fc39-4c02-afb6-84a24bf115b5,214260,0,0,,0,Lending
Ethereum,curve-dex,ETH-CBETH,d9e834a1-c6f0-44a4-a45c-b80d40318837,213998,1.54,1.54,0,1.47631,Dexs
Ethereum,uniswap-v4,ETH-STETH,d718d98a-0010-4f72-88b8-f172026be5cc,213647,0,0,,0.63137,Dexs
Arbitrum,uniswap-v3,PEAS-WETH,d2290557-51d0-4765-bbaa-a821316aef9b,213635,2.27686,2.27686,,4.37386,Dexs
Ethereum,uniswap-v4,ETH-BIRBSTR,e7110eaf-9824-4774-81ec-8f06c79e1a80,213482,0,0,,0,Dexs
Arbitrum,camelot-v2,WETH-SYK,08a736f7-a0ed-40ff-bd3b-8c602b8f606e,213362,6.24853,6.24853,,7.97895,Dexs
Ethereum,uniswap-v3,PEAS-WETH,59a12e88-fc48-40ce-8e31-0d2e1bfeba8f,213153,0.43918,0.43918,,5.1818,Dexs
Ethereum,uniswap-v3,XFT-WETH,6773e454-4a0f-4ed0-b213-60cf9556d1ec,213140,0,0,,0.60646,Dexs
Ethereum,uniswap-v2,BOBO-WETH,ded20b67-3ce3-4ab8-ac4c-235b501a4ded,212541,0.11182,0.11182,,0.45014,Dexs
Ethereum,uniswap-v2,PEEN-WETH,34ed3a51-9ea2-4851-a179-101db2b32ae7,212470,0,0,,0,Dexs
Ethereum,uniswap-v4,ETH-PAINSTR,83313b58-a3f1-470b-8425-643a74688695,212178,0,0,,0,Dexs
Base,uniswap-v3,WETH-CBBTC,c6ed2f1d-5262-4b65-bd4b-3010e9e50b38,211958,7.70742,7.70742,,27.57092,Dexs
Ethereum,uniswap-v2,XSUNC-WETH,09a48586-95d5-4a3a-899a-1a43ed5126f5,211849,0,0,,0.00025,Dexs
Ethereum,uniswap-v2,TICS-WETH,7b111905-ce95-45a3-9cd4-21287145eb8d,211093,0,0,,0,Dexs
Base,aerodrome-v1,WETH-FLOCK,06f77e8f-c80a-4668-b2de-ef867a07a03b,210941,57.32855,,57.32855,70.76271,Dexs
Base,uniswap-v3,BUILD-WETH,9db97cd3-6d35-4afd-9e02-3be6c3e83922,210619,0.05389,0.05389,,0.09403,Dexs
Ethereum,uniswap-v4,ETH-INJ,59695fdd-1382-48e7-ac2e-3e0689ecb54b,210544,47.61245,47.61245,,71.65172,Dexs
Base,uniswap-v4,WETH-GITBANK,395fd41e-9d7c-43ab-a4ae-22349367ec59,210520,0.41669,0.41669,,2.0725,Dexs
Ethereum,uniswap-v2,SAITAMA-WETH,93002137-638d-47ae-8c5a-4a0c9cf3f562,210396,0,0,,0,Dexs
Ethereum,fraxlend,SFRXETH,d5a5e303-325e-4b01-a2dc-96494eef2f8b,210301,0,,,0,Lending
Ethereum,uniswap-v4,ETH-ZIK,2dd2ace9-9c7c-4877-add8-a0a8fc8cbd9a,209906,0.0015,0.0015,,0.94792,Dexs
Polygon,uniswap-v4,USDC-WETH,c27801b5-6bb2-4b89-8a13-ecd6cd9266e7,209689,1.86205,1.86205,,2.8265,Dexs
Ethereum,uniswap-v4,ETH-CMD,219bdbd1-abad-414c-ae52-424a556b4035,209558,0,0,,0,Dexs
Ethereum,uniswap-v3,WETH-INS,987e4d9f-1483-4ed9-ae44-0f38196c7eff,209536,0,0,,0.06546,Dexs
Base,uniswap-v4,WETH-PEON,5dab917f-dbef-46ca-b069-a653f63e1166,209536,0.02204,0.02204,,0.09951,Dexs
Starknet,vesu,ETH,b23915c7-7050-48ba-ab7c-ba1da676c160,209187,0.05088,0.05088,,0.02749,Lending
Ethereum,uniswap-v2,CAT-WETH,1411d14f-8f53-457d-afda-36ba3136a836,208988,0.03973,0.03973,,1.45741,Dexs
Ethereum,uniswap-v2,WETH-WCI,38ef6075-a65c-4f84-a24c-94229f811ad1,207766,0,0,,0.00029,Dexs
Ethereum,uniswap-v4,ETH-BENAT,5d71afa1-3905-49cb-b99f-669c22a6ffd3,207721,39.39741,39.39741,,37.79112,Dexs
Ethereum,uniswap-v2,BTSE-WETH,da5da76a-7ecf-466a-b6b2-6d23f753f713,207625,0.52203,0.52203,,1.47679,Dexs
Base,uniswap-v4,ETH-STFY,1e6c13d6-bb00-5e07-b267-efb9a34d2c44,207557,54.6861,54.6861,,197.19648,Dexs
Ethereum,uniswap-v2,SYYF-WETH,4f0228db-a926-451c-a527-cebedf19a08b,207501,0,0,,0,Dexs
Ethereum,sushiswap,CVX-WETH,198b765f-13c5-4174-9e8c-effb644382e7,207324,12.39307,12.39307,0,7.76218,Dexs
Arbitrum,uniswap-v3,WETH-ARCHI,13ba3fdd-e4fa-42cb-98c7-8e9a4278fe7b,207281,0,0,,0.00095,Dexs
Arbitrum,fluid-lending,WSTETH,774d8f11-71ad-451b-8072-1708bb0cd253,207246,0,0,,0.00137,Lending
Ethereum,uniswap-v4,STOCKER-WETH,c54f1df3-6ec0-5d4f-a2cf-511896641247,207219,0,0,,0,Dexs
Arbitrum,fluid-lending,WEETH,36165df5-9bee-45e1-8051-e60982f412dd,207125,0,0,,0,Lending
Base,uniswap-v3,NYA-WETH,89b0b4fd-06ff-4d9c-813a-4c0ed46a294c,207041,0.00476,0.00476,,0.01552,Dexs
Base,uniswap-v2,WETH-FORCE,8d9c2928-6c61-404d-8271-d98d66126bc1,206685,0,0,,0.01322,Dexs
OP Mainnet,uniswap-v3,NYA-WETH,7bd9c764-36e6-4fc6-b816-a96109a6faf0,206565,0.00914,0.00914,,0.01337,Dexs
Arbitrum,uniswap-v3,NYA-WETH,4b0214bf-be80-464d-9058-8712af9c0cab,206556,0.00705,0.00705,,0.01313,Dexs
Ethereum,sushiswap,DAI-WETH,090af3b9-7ba3-4356-96d8-1ea7f887b616,206477,1.47581,1.47581,0,2.33865,Dexs
Base,uniswap-v4,WETH-X420,9ead8485-af08-4467-baac-9f46c9443972,206364,0,0,,0.25325,Dexs
Base,uniswap-v3,WETH-ERC20,c8268161-6b6e-5487-92c0-698a6f1817e9,205932,0.10783,0.10783,,0.70659,Dexs
Polygon,uniswap-v3,WETH-SOL,44aae084-6b3f-4990-b946-3084de98fc9a,205841,17.48718,17.48718,,21.10844,Dexs
OP Mainnet,compound-v3,WETH,cc9d790f-e618-447a-8552-239fc7f6b58c,205741,0,,,0,Lending
Ethereum,uniswap-v2,WETH-MIND,220f0278-bf86-4e2f-9f9c-ec6e30615c5a,205740,0,0,,0,Dexs
Base,uniswap-v3,WETH-KULT,cd5f3777-5c8f-4015-9ada-7b8c36c5d496,205407,0.95045,0.95045,,0.75401,Dexs
Ethereum,uniswap-v4,ETH-CAH,a0a2d1f8-cc29-45ea-8ec8-b0697756e6ca,205270,35.00544,35.00544,,17.91885,Dexs
Base,aerodrome-v1,WETH-TLOS,9d3d9149-6be9-4cf0-94b8-7718a82b0cf8,205270,53.82752,,53.82752,87.08959,Dexs
Ethereum,uniswap-v2,K21-WETH,cbf84d7e-701b-4323-a868-095371e359c2,205180,0.01576,0.01576,,0.04754,Dexs
Base,uniswap-v4,WETH-RENT,7978dd33-a9b7-487e-9fe0-845757e76169,205046,0.27661,0.27661,,0.62424,Dexs
Base,aerodrome-slipstream,VIRTUAL-WETH,8d182f18-a49e-4afd-9fcc-4d70ea2f6e0f,204866,523.42278,164.79348,358.62931,693.72144,Dexs
Celo,uniswap-v3,USD₮-WETH,ad87c260-8a41-4553-a0ba-47c58d798364,204601,3.37984,3.37984,,6.22802,Dexs
Ethereum,uniswap-v2,ZIG-WETH,9169ecce-f1b4-4593-b9f4-22eb988d19ab,204453,28.51179,28.51179,,51.33031,Dexs
Ethereum,curve-dex,ETH+-ETH,5a046093-29fc-4ecb-b90e-daccda151b5b,204295,0.85012,0.85,0.00012,0.58661,Dexs
Ethereum,uniswap-v2,OGPU-WETH,63e1bdb8-265f-4bf0-8ffd-8ec45bedae35,204000,2.42904,2.42904,,2.35424,Dexs
Base,uniswap-v4,ETH-ETHFI,7d48d657-2a08-4b99-b97d-a72c01805fcf,203269,27.90027,27.90027,,32.37841,Dexs
Ethereum,uniswap-v3,BAT-WETH,8b00b03b-641a-43b3-a8ec-4113bca456b2,202871,3.031,3.031,,4.28463,Dexs
Ethereum,uniswap-v2,SHIBTORO-WETH,3228b967-3561-4b13-ae0a-73629ed0a193,201702,0,0,,0.00093,Dexs
Base,uniswap-v3,WETH-PARTI,4533a42b-d826-47ca-92c7-3505a89256ae,201692,12.03913,12.03913,,9.34836,Dexs
Ethereum,uniswap-v2,WETH-SATOSHI,4411a2a3-ed2a-47a4-afc5-a3790e7707bd,201689,1.87927,1.87927,,1.33875,Dexs
Ethereum,balancer-v2,USDC-WETH,eb849dd3-4907-4d9e-bb5e-ec542a442130,201640,22.29825,22.29825,,2.17733,Dexs
Ethereum,uniswap-v2,WETH-PEPPA,99527523-d61d-4e02-97ac-2a91aa7a72c2,201297,0,0,,0,Dexs
Base,aerodrome-v1,BOTTO-WETH,f83daa70-8229-4adb-ab31-d144242a98b7,201258,15.23597,,15.23597,34.60728,Dexs
Ethereum,curve-dex,RETH-WSTETH,7d5591c7-352e-43f8-8585-fdc3c778d905,201232,0,0,0,0.01228,Dexs
Ethereum,uniswap-v4,ETH-PAXG,32602865-4a5c-4373-b095-c6856ced4df3,200906,2.49805,2.49805,,8.46979,Dexs
Base,fluid-lending,ETH,737aaec1-9079-40d3-9e8a-71510df68386,200771,1.14,1.14,,0.91241,Lending
Ethereum,uniswap-v2,WETH-HAHA,6b0ad536-52f6-479e-b33e-78d6b765b3e2,200765,0.00272,0.00272,,0.40646,Dexs
Ethereum,uniswap-v2,FAKEAI-WETH,561345da-f674-4b03-a972-f79026989b22,200668,0.03938,0.03938,,0.2642,Dexs
Ethereum,uniswap-v4,ETH-NES,d962d492-34fc-55d7-8a44-a55b5948371b,200593,0,0,,0,Dexs
Base,uniswap-v4,WETH-ATBASH,7493ae23-8eb2-4b7a-aff8-0796a71dd3ea,200526,18.60583,18.60583,,11.8103,Dexs
Defichain,defichain-dex,ETH-DFI,985775eb-a5fb-4efc-9302-d1862dd0aca3,200399,0,0,0,0,Dexs
Ethereum,uniswap-v4,WSTETH-FWWSTETH,077c198d-fa98-48be-a82b-21bf7248793d,200304,0,0,,0,Dexs
Ethereum,uniswap-v3,DMT-WETH,d23b1609-811a-4122-87e1-5736a0f7a515,200128,1.33075,1.33075,,3.86892,Dexs
Ethereum,uniswap-v4,ETH-LO0P,225284a3-9404-4fa4-b5bf-cc81c5e92539,199998,0,0,,0,Dexs
Base,uniswap-v4,ETH-PING,a315614c-1b31-4287-8e63-b0cbed3956d6,199844,0,0,,0.07384,Dexs
Arbitrum,uniswap-v3,WETH-NST,16c09aa8-dc98-4c34-8d14-ebebccae7cf4,199537,5.37985,5.37985,,11.50316,Dexs
Ethereum,uniswap-v2,BLZ-WETH,a2e97b89-8286-4784-bbcd-29f7cb08ed78,199466,6.0064,6.0064,,18.11619,Dexs
Ethereum,uniswap-v2,WETH-GOLDEN,7a275d26-5e34-46ea-a666-b41abb783a0a,199261,0,0,,0,Dexs
Ethereum,uniswap-v2,WSB-WETH,2492639b-20bd-4ef0-80b8-5040ddb1ea1e,198780,0,0,,0.4585,Dexs
Ethereum,uniswap-v4,ETH-PEPU,c3b58e2f-30d3-49c0-a47e-c5d2d87f123d,198769,0.54031,0.54031,,1.67651,Dexs
Base,uniswap-v2,TZ-WETH,db9b3509-318f-47fb-adf1-bbb8d8192852,198765,0.14826,0.14826,,3.00507,Dexs
Ethereum,uniswap-v3,WETH-SETH2,987fac28-0ff4-41d8-a3db-0c39810b0a38,198533,2.81625,2.81625,,0.59292,Dexs
Base,uniswap-v4,CC-WETH,4596bc8d-5252-4ffa-9948-1ff245c37f93,198445,0.00184,0.00184,,0.10826,Dexs
Base,uniswap-v4,CODY-WETH,5a7347ba-679a-443f-a086-5fa01803b396,198341,0,0,,0.36729,Dexs
Base,uniswap-v2,A1C-WETH,80782cad-9982-49cd-b8ce-bc44ba9fd65e,198330,5.24826,5.24826,,11.38991,Dexs
Base,uniswap-v4,ETH-FRAME,36722579-9247-4856-9ebc-e8494fd921fe,198205,0.0749,0.0749,,0.67551,Dexs
Ethereum,uniswap-v2,DOGGY-WETH,a9364b98-ac48-4e93-ad4c-4ca2d69a0800,197996,0,0,,0,Dexs
Ethereum,uniswap-v2,CHURCH-WETH,80540859-866d-46f6-bdea-5f4affe6a8c5,197960,0.00428,0.00428,,0.00116,Dexs
Base,uniswap-v2,WETH-PKT,b3371832-ee19-40b0-a7a3-211be26edc46,197616,0.00011,0.00011,,0.19658,Dexs
Base,alien-base-v3,WETH-USDC,a5cda4f4-c3a1-4801-917d-3c6697bc7442,197434,3e-05,3e-05,0,3.07742,Dexs
Ethereum,uniswap-v2,WFAI-WETH,eb42503d-91da-4219-84ab-bb3c6ff50f73,196349,0.00102,0.00102,,0.00302,Dexs
OP Mainnet,velodrome-v2,PXETH-ALETH,c4eebef6-8613-4140-9ee9-3a54272c229d,196277,5.3409,,5.3409,4.5231,Dexs
Ethereum,uniswap-v4,ETH-FLT,0be0578a-fccc-417f-ba96-e3bd1ea997b3,196037,12.44595,12.44595,,28.05297,Dexs
Ethereum,uniswap-v2,VZZN-WETH,7e155943-8f1c-4adc-a88b-558a3d141da7,195958,0,0,,0,Dexs
Base,uniswap-v4,ETH-NEMESIS,fa985a29-682c-46f7-92c0-db411b4b8140,195956,0.08453,0.08453,,6.21265,Dexs
Polygon,uniswap-v3,WETH-ULT,23964261-b655-43bc-b036-78cd11461238,195607,0,0,,0.28029,Dexs
Ethereum,kyberswap-fairflow,ETH-WSTETH,ad2dc4f0-3e08-49e6-8e10-8347d9d82dd8,195400,0,0,0,0,Yield Aggregator
OP Mainnet,velodrome-v2,WETH-MOOBIFI,0747421f-6dba-4042-952a-2d9d2e864917,195257,3.93138,,3.93138,4.26177,Dexs
Linea,etherex-cl,USDC-WETH,54125a9d-966d-4734-85e5-ae231b781894,195057,275.70005,0,275.70005,387.4665,Dexs
Ethereum,uniswap-v2,FOLLOW-WETH,97b1cc4b-dbc3-49bb-bb58-e8178aee4cf6,194845,0,0,,0,Dexs
Ethereum,uniswap-v2,WETH-CAP,d01da74c-c3ab-4dd9-b93f-9c0f808515a1,194350,0,0,,0.00252,Dexs
Ethereum,uniswap-v3,ZCHF-WETH,4ce93f84-a3dd-45fe-9bb0-515c8c5a00ae,194177,2.37563,2.37563,,5.45137,Dexs
Ethereum,uniswap-v2,AVOCADO🥑-WETH,eb44ac31-2927-470e-8399-acf86b72feb8,194046,0,0,,0,Dexs
OP Mainnet,beefy,MOOBIFI-WETH,e8abf396-074c-4e5f-b641-201bcd2963d5,193557,3.63757,,,3.93226,Yield Aggregator
Base,uniswap-v4,LITCOIN-WETH,39caf2c1-17c4-4e73-b12c-9b6cf10d7e0e,193343,0.00116,0.00116,,0.68939,Dexs
Base,autofinance,WETH,fb969501-889f-4cab-b9b5-dfd67d9e298d,193272,1.50943,1.50943,0,1.48094,Yield
Ethereum,uniswap-v2,FIGHT-WETH,828a3eff-6c9b-43b5-933b-55a3d3f8a0dd,193234,0.16384,0.16384,,0.78029,Dexs
Ethereum,uniswap-v2,WETH-$LOG,a99b092b-b83a-4fed-a752-305f2a721347,193227,0,0,,0,Dexs
Ethereum,uniswap-v2,PEPE2.0-WETH,0b9a718d-2c0e-4702-b671-49867f361c51,193186,0,0,,0,Dexs
Ethereum,uniswap-v3,WETH-SPX,da527a50-3f37-43b1-a19b-1c523e5dbd84,192802,6.76522,6.76522,,21.06658,Dexs
Ethereum,steer-protocol,RSR-WETH,5ecac724-5aec-4f8c-852a-349d30d92f76,192727,20.74,20.74,,42.42248,Liquidity Manager
Ethereum,uniswap-v2,TACO-WETH,e623b073-d160-46d5-8d07-c4d78b75c61f,192656,0,0,,0,Dexs
Ethereum,uniswap-v2,RCORE-WETH,51838d05-707c-43d8-8815-dcdc535c991a,192194,0,0,,0,Dexs
Ethereum,uniswap-v2,XYZ-WETH,d8f07b36-4858-4c33-b751-63f3e2e79218,192139,0,0,,0,Dexs
Ethereum,uniswap-v2,HAL9000-WETH,868fab05-9bbb-4aee-9a4f-d223dbf2728c,191934,0,0,,0,Dexs
OP Mainnet,uniswap-v4,ETH-USDC,822ef517-13c8-4173-8df0-ff512671ad99,191880,9.70825,9.70825,,24.21073,Dexs
Ethereum,uniswap-v2,XFUND-WETH,518c716e-3365-4964-adce-632b0006ad6e,191649,0.36982,0.36982,,0.41455,Dexs
Ethereum,uniswap-v3,AAVE-WETH,b9e88347-80b2-4b50-85e3-14559671da57,191581,59.60581,59.60581,,59.53169,Dexs
Polygon,uniswap-v3,WETH-UNI,7388b29b-465c-406c-96a4-e6b97860b088,190886,47.17888,47.17888,,50.51447,Dexs
Ethereum,uniswap-v2,XRP-WETH,522f0a35-3b14-5012-9a28-ac212566843d,190811,0,0,,0,Dexs
Ethereum,uniswap-v2,WOOFIE-WETH,fba5f676-a871-4b8f-9be3-838dcd2e703a,190654,0,0,,0,Dexs
Base,sushiswap,WETH-TOBY,b4d427a7-2530-4510-a47c-54b99d57de12,190342,1.23007,1.23007,,3.13461,Dexs
Ethereum,uniswap-v2,LCAI-WETH,c6ffd4a7-10c6-41a7-a5db-86cb287174dd,190200,0,0,,0,Dexs
Arbitrum,beefy,WETH-USDC,f06408fd-c7a3-4b2b-a94c-9d8a39357999,190124,15.41173,,,23.13834,Yield Aggregator
Ethereum,uniswap-v2,TRBT-WETH,3a9f5688-d9e6-4254-99ef-aa635f4bf4e9,189521,0,0,,0.00098,Dexs
Ethereum,balancer-v2,STATAETHWETH-WETH,7ca7b3c2-d3dd-411c-98be-d5e856013da7,189442,0,0,,0,Dexs
Ethereum,uniswap-v2,XRP-WETH,03dfe891-e26d-5bda-91b7-7db51aa74ec3,189430,0,0,,0,Dexs
Ethereum,uniswap-v2,NOX-WETH,b6654fbd-ab73-4241-843b-977842e67996,189284,1.45355,1.45355,,9.37521,Dexs
Ethereum,uniswap-v2,WETH-COTI,17b013f7-39fa-417d-91d0-b31e176cc7f6,189142,16.79479,16.79479,,49.61865,Dexs
Ethereum,uniswap-v2,GYOSHI-WETH,e665a380-f1d7-40df-b4c6-3444c3ad6741,189089,0,0,,0,Dexs
Base,beefy,WETH-AERO,87ac2982-c8e2-4690-95ed-7ac82d8eee71,188960,9.80485,,,60.32665,Yield Aggregator
Ethereum,uniswap-v2,WETH-PEPETUAL,b5949795-1151-4210-bca6-6f3859092a7d,188959,0,0,,0,Dexs
Ethereum,uniswap-v2,FLOKI-WETH,5bb45231-a355-4d3f-aa11-5b0600ac1ead,188814,0,0,,0,Dexs
Ethereum,sushiswap,SPELL-WETH,d3708029-34e3-41ce-b076-0aeb4f146904,188590,2.5904,2.5904,0,7.21126,Dexs
Ethereum,uniswap-v3,SAVM-WETH,eadb12dc-a9d3-4b8f-992c-2c1cffe491c1,188291,0.03632,0.03632,,0.02062,Dexs
Arbitrum,uniswap-v3,PENDLE-WETH,c4f27457-0d3d-4f6d-8c3e-eb1a0e6e91b8,188229,9.70197,9.70197,,17.56937,Dexs
Ethereum,uniswap-v2,WETH-NCDT,95a1756d-d0f7-45c9-a21e-8c36b3ec7a0f,188206,0.00425,0.00425,,0.19831,Dexs
Ethereum,uniswap-v2,BCB-WETH,2a012030-8e39-470c-997e-83798383e0cf,187831,0,0,,0.01785,Dexs
Ethereum,uniswap-v2,UNIT-WETH,4449ef3d-09f7-406a-af84-c468ba2015c6,187622,0,0,,0,Dexs
Ethereum,convex-finance,ETH-CBETH,3046ac00-53f7-4ad5-b1f8-c323501d4d3e,187418,1.59,1.59,0,1.47461,Yield
BSC,symbiosis,WETH,5cb2bc4b-df91-4277-881d-7d5a63958214,187362,2.13665,2.13665,,7.22073,Cross Chain Bridge
Ethereum,uniswap-v2,WETH-XRP20,c62959e4-cc36-4fbd-baea-6e9210ec693b,187223,0.10667,0.10667,,0.33867,Dexs
Ethereum,uniswap-v2,WETH-XRP,9304ccb8-8e71-583f-85d2-c09b0babb513,187059,0,0,,0,Dexs
Base,aerodrome-slipstream,WETH-ZRO,9b9497ab-56f4-4650-a162-e323b90d0c4c,186844,456.71237,360.07268,96.63968,498.17269,Dexs
Base,uniswap-v4,RIPPLE-WETH,93184def-ee74-5847-a932-556f8c32d804,186729,7.45675,7.45675,,11.32163,Dexs
OP Mainnet,velodrome-v2,WETH-OPP,6545c9af-4a76-4e67-b1c6-a778aabd3dff,186577,52.0929,,52.0929,47.98664,Dexs
Ethereum,uniswap-v2,BSE-WETH,411233e9-a7c0-47f1-ba8d-073be165905e,186573,0,0,,0.00312,Dexs
Base,uniswap-v2,WETH-RB,87cdc657-629f-4a71-9747-61a389de010a,186479,0,0,,0.00099,Dexs
Ethereum,uniswap-v4,ETH-WCUP,c98159e6-8e05-4261-91cd-dc1d9d0ec3c8,186432,0,0,,0.00451,Dexs
Ethereum,uniswap-v3,CRO-WETH,c2859369-1954-46b0-a692-8a9c5aa77624,186406,10.03236,10.03236,,5.3744,Dexs
Base,uniswap-v3,WETH-MT,bba96f26-dd6e-41eb-bb30-69102dbd3634,186312,0.31709,0.31709,,0.47471,Dexs
Base,uniswap-v3,WETH-CLUSTR,4ed698b2-f601-4f2f-b547-8c9788c6b7ae,186263,0.00666,0.00666,,0.00301,Dexs
Arbitrum,fluid-dex,WEETH-ETH,f4106b25-024d-4f19-85f0-bf109ab46f7c,185922,1.53266,1.53266,,3.15281,Dexs
Base,uniswap-v4,ETH-SPIKE,f25ab85f-6b92-5513-b16d-4e7fdfc2b57d,185698,0,0,,0,Dexs
Ethereum,uniswap-v2,TRUST-WETH,cdb1f7fa-9db9-42b3-b458-25c0593a24a1,185328,0,0,,0,Dexs
Ethereum,uniswap-v3,WETH-FINALE,01c0e998-100e-4e03-9cc7-7964a2ee403b,185267,0.00981,0.00981,,0.10597,Dexs
Base,uniswap-v3,FARTCOIN-WETH,6ec6bad9-3a52-4444-9053-21a8441ec454,185101,6.06266,6.06266,,5.59877,Dexs
Base,uniswap-v4,ETH-PRO,0c32e8b6-5b4c-4e96-9f73-bba2a9328a27,184866,0.34612,0.34612,,0.66372,Dexs
Base,uniswap-v2,WETH-CIFORUS,ecb5e14d-1e7d-54c0-aad5-385b93402ea4,184771,131.87045,131.87045,,161.41909,Dexs
Linea,etherex-cl,WEETH-WETH,299003b1-f45f-428c-b250-d3e680c860c6,184714,0,0,0,0,Dexs
Arbitrum,curve-dex,FETH-XETH-WETH,c4adc23f-1e5b-4889-8488-57481d98bfb5,184560,0.00247,0,0.00247,0.13998,Dexs
Polygon,uniswap-v3,WMATIC-WETH,d8ce4c9a-f1cf-4792-ad78-b5446d06a650,184475,7.76085,7.76085,,9.30685,Dexs
Ethereum,uniswap-v2,CMCNT-WETH,3df23c64-1643-490f-919d-1187b8a3ee47,184454,0,0,,0,Dexs
Base,fluid-lending,WSTETH,0d57fb52-dd5a-467a-b300-127a3096a7cb,183970,0.05,0.05,,0.06948,Lending
OP Mainnet,extra-finance-xlend,WSTETH,a003fe82-ba07-49b9-882c-76d0ac3336de,183598,0,0,0,0,Lending
Ethereum,solidly-v3,LINK-WETH,01e77caa-7b31-4606-abeb-415a4329a85f,183403,0.00265,0.00265,0,0.00063,Dexs
Polygon,fluid-lending,WETH,9ecca377-7027-4abe-82f8-4bdc54c0dad9,183391,0.74,0.74,,0.87084,Lending
Base,aerodrome-slipstream,WETH-CBBTC,34784097-cd3b-4643-b349-641f84817cd7,183360,5.85057,5.85057,0,3.3131,Dexs
Ethereum,uniswap-v2,WETH-BEPE,724adb7f-debe-4b3b-9bd2-a263731f4ff9,183324,0,0,,0.00188,Dexs
Ethereum,uniswap-v2,BTCBULL-WETH,41c5bb98-3122-411d-9a5a-6e8942101d37,182922,0,0,,0,Dexs
Ethereum,uniswap-v3,ABT-WETH,9af4e11a-a0a4-4482-a3e6-3729b4dfb36f,182881,8.16817,8.16817,,53.71977,Dexs
Robinhood Chain,kyberswap-fairflow,ETH-USDG,058c6b93-03fb-57a2-ab92-e39d6e47d076,182524,6.21068,1.6592,4.55148,27.73034,Yield Aggregator
Arbitrum,uniswap-v3,WETH-ARB,483c0801-b3c5-4873-87d9-a84a8de4ec92,182462,33.97166,33.97166,,56.42067,Dexs
Ethereum,uniswap-v4,ETH-TONCOIN,90fba60d-58ef-4ab3-b775-6835111ab563,182211,14.28387,14.28387,,21.30466,Dexs
Base,uniswap-v4,WETH-SELFCLAW,d4a1ded7-63f7-49cd-beff-a06acf604404,182180,0.00284,0.00284,,6.70244,Dexs
Ethereum,uniswap-v3,WETH-BLOCK,21dfa227-f69a-402c-9b63-6da59a97feee,181990,1.61407,1.61407,,5.12275,Dexs
Ethereum,uniswap-v3,GLQ-WETH,92ab6a52-060a-49ff-950c-dfdfb345bf87,181928,2.7867,2.7867,,4.69919,Dexs
Base,uniswap-v2,WETH-ARC,f052fa19-c3a5-503b-b38f-4636a1ac0a3b,181794,130.05553,130.05553,,157.95029,Dexs
Base,uniswap-v2,RUVI-WETH,92574008-891e-4f4c-892b-059912ee6a2b,181745,0,0,,0.00462,Dexs
Ethereum,uniswap-v3,EEFI-WETH,376cf231-1d3f-4a3b-a3d9-711bfec66301,181493,0.34483,0.34483,,1.04001,Dexs
Ethereum,uniswap-v2,GCC-WETH,5b8b88ba-d003-4673-a709-89497349e228,181338,0,0,,0,Dexs
Ethereum,uniswap-v3,UNI-WETH,dc84c3c1-ecfe-424d-a89b-f2f045b5f980,181080,18.84374,18.84374,,45.40619,Dexs
Base,uniswap-v3,WETH-REI,7cb47e02-170a-4f9e-bdd4-9d1a9a65e65a,181078,16.98299,16.98299,,89.00708,Dexs
Ethereum,uniswap-v4,ETH-UMA,8802c435-4e44-4bef-827f-d3a9fd85b75b,180802,4.59498,4.59498,,10.93287,Dexs
Base,uniswap-v3,LILPEPE-WETH,d5221500-fb1c-5fed-91c6-4ad054c682d5,180617,2e-05,2e-05,,2e-05,Dexs
OP Mainnet,uniswap-v3,LINK-WETH,86c29c12-4404-495b-a5af-ca0c1fb5c6b5,180476,0,0,,11.14022,Dexs
Ethereum,uniswap-v2,ROKO-WETH,0ec07ec9-d27c-43d8-8e65-193f020344f8,180379,0.6096,0.6096,,0.82841,Dexs
Base,uniswap-v4,ETH-CBBTC,de6bb940-3978-4941-98a2-44bad5f25aef,180038,0.25916,0.25916,,0.67265,Dexs
Base,uniswap-v3,ALTT-WETH,f77919c0-3d8b-4d25-ae00-5d4f9aceb53f,179563,0.48044,0.48044,,0.49727,Dexs
Flow,more-markets,WETH,e465ca11-dd6a-41cf-a784-99637f42baca,179562,0,0,0,0,Lending
Base,uniswap-v2,WETH-AEROBUD,ef2bca1f-10b9-4b51-8f3d-1c8a60204353,179535,1.86644,1.86644,,2.31566,Dexs
Base,aerodrome-v1,WETH-LCAP,12a13c04-5762-4a65-9893-1309e3a03bed,179344,18.99043,,18.99043,15.52753,Dexs
Ethereum,uniswap-v2,CRADLE-WETH,8688c20f-ec14-4d2e-a733-fcdaf4019148,178959,0,0,,0,Dexs
Ethereum,uniswap-v2,WAXE-WETH,8f75aa1e-81db-4b91-b7ea-df17d36a1efb,178875,2.4157,2.4157,,2.06657,Dexs
Base,uniswap-v4,BASEMATE-WETH,0df1bc73-8981-4a65-bc2f-e3e6bec8ca69,178797,23.50798,23.50798,,53.32515,Dexs
Base,uniswap-v2,WETH-TBR,feabdc7d-97c7-4125-981f-04eb40970e59,178704,0,0,,0.01448,Dexs
Ethereum,uniswap-v2,TORN-WETH,19c89880-9b28-45c5-b235-fcfc4fbc3b2d,178527,4.50796,4.50796,,10.38459,Dexs
Ethereum,solidly-v3,USDC-WETH,aa2371ee-8ee9-46b1-a5fd-63c516928b56,178524,0.00085,0.00071,0.00014,0.01414,Dexs
Ethereum,uniswap-v2,WETH-PATRIOT,de1586c2-cc20-4192-82a9-3fd7879a80f3,178169,0,0,,0,Dexs
Ethereum,uniswap-v2,ABSHIBA.COM-WETH,6f2a528c-879f-4b28-a9f7-10e3a24c982b,178132,0,0,,0,Dexs
Ethereum,uniswap-v2,WETH-CHAIN,2aa3c021-0dd3-450e-a261-86e903657aa0,178020,0.52898,0.52898,,1.27178,Dexs
Base,uniswap-v2,WETH-AGL,bc0c381e-95fc-588c-91c6-e373153b1b9a,178013,342.10128,342.10128,,362.44811,Dexs
Ethereum,uniswap-v2,VB-WETH,1af4ed43-ac55-4166-901c-78f3843aab55,177874,0,0,,0,Dexs
Ethereum,uniswap-v4,FWWEETH-WEETH,2599a01b-89e1-4b45-a650-0fd8c7391506,177718,0,0,,0,Dexs
Ethereum,uniswap-v2,WETH-KEYS,6fa6e6cd-731b-48f6-837f-a63855d879b8,177510,0,0,,0.00582,Dexs
Ethereum,uniswap-v4,ETH-WQUIL,8bebfb43-8ca7-490a-9876-60b13b2f7049,176877,10.56223,10.56223,,38.89192,Dexs
Ethereum,uniswap-v4,ETH-NMR,778575e6-2083-498f-9052-83d80742801d,176810,16.49967,16.49967,,17.87054,Dexs
Ethereum,compound-v3,PUFETH,507c0596-8677-4006-bd6d-1698e13203e2,176400,0,,,0,Lending
Starknet,ekubo,WSTETH-LEGACY-ETH,adddea21-5be6-499f-b448-53ef0d9b8311,176196,3.05213,3.05213,0,1.03538,Dexs
Base,aerodrome-v1,WETH-TAROT,60728315-0bf5-42e3-9fa7-eec9b2e04a24,176079,27.20789,,27.20789,23.08569,Dexs
Ethereum,uniswap-v2,WETH-GRT,dc560bc4-58d4-42fa-9dfc-4d1f74aafa97,176028,5.98137,5.98137,,16.37759,Dexs
Base,uniswap-v4,WETH-HOUSE,fa17f202-4d7e-4454-9ffd-471b71be409a,175893,0,0,,0,Dexs
Ethereum,sushiswap,SYN-WETH,0be95680-6a08-4198-af58-4370384df7ed,175889,21.53238,21.53238,0,71.66723,Dexs
Ethereum,fluid-lending,WSTETH,65e0d199-0778-42bb-a869-3b8f7bafd859,175783,0.04,0.04,,0.03101,Lending
Ethereum,uniswap-v2,MCC-WETH,d5e6b7b8-a087-4176-89c1-2a66d10de0cf,175320,0,0,,0,Dexs
Polygon,fluid-lending,WSTETH,815c15ab-b33a-4213-9b8a-385c0f497a29,175089,0,0,,0,Lending
Ethereum,uniswap-v2,WETH-DAGZ,deb222ec-9ddc-4a81-8023-4bc11e19cfe4,174958,0,0,,0,Dexs
Ethereum,uniswap-v3,WETH-SWETH,64e26366-3582-439c-b1de-b7cf84cf2749,174841,0.59371,0.59371,,4.19499,Dexs
Ethereum,pancakeswap-amm-v3,CAKE-WETH,96f98206-cf4b-427a-977a-95f20794ca72,174711,2.45161,2.45161,,20.79264,Dexs
Base,uniswap-v4,WETH-QE,da466846-ca7b-4e57-a91e-6502e627ab0a,174658,0.55585,0.55585,,0.2521,Dexs
Ethereum,uniswap-v2,SPRAY-WETH,898cfef6-bf16-479c-8918-6399d433dd5e,174461,0,0,,0,Dexs
Base,uniswap-v3,WETH-ZFI,a95577bd-395a-4838-95f3-958591e91ae4,174452,6.04103,6.04103,,16.27557,Dexs
Ethereum,uniswap-v2,WETH-CAPY,5b4e6429-89aa-4dcc-b201-90932efad95f,174331,0,0,,0.04161,Dexs
Base,uniswap-v3,WETH-GME,7b11ab5c-0a70-4a2e-8894-e937f4720962,173790,0,0,,2e-05,Dexs
OP Mainnet,yearn-finance,SAMMV2-MSETH-WETH,1da6add5-c4ae-4fe0-af7c-1144ca38db56,173286,16.17762,16.17762,0,16.86943,Yield Aggregator
Base,beefy,LCAP-WETH,f0b40146-298c-4dfe-acdc-f1ff854c2e5a,173042,18.73421,,,15.10154,Yield Aggregator
Base,uniswap-v4,FCAGENT-WETH,f888b24b-48d6-4c18-bf0d-33773c4b9aee,172816,0,0,,0.00258,Dexs
Ethereum,uniswap-v4,ETH-IMDSTR,edeb9789-2a23-53a5-baee-939ac84f29d2,172811,0,0,,0,Dexs
Ethereum,uniswap-v4,WBTC-WSTETH,063aa42d-a46d-4b45-8725-d784a8e25843,172787,0.36093,0.36093,,0.86054,Dexs
Ethereum,balancer-v2,DAI-WETH,bf4a5bda-e35a-440d-a4fe-56235616f9a3,172569,4.53729,4.53729,0,1.66097,Dexs
Ethereum,sushiswap-v3,WETH-CRV,2d8c27e2-be09-4e4b-a3cd-8c202d39ddb2,172377,34.71724,34.71724,,38.19658,Dexs
Ethereum,uniswap-v2,WETH-MSI,2c135c8c-ed65-4cb3-a231-7de4c20cf7bf,172372,0,0,,0.05586,Dexs
Ethereum,sushiswap,ICHI-WETH,cff7ac9a-29b9-4057-bb87-20f790e13a15,172232,0.00487,0.00487,0,0.60218,Dexs
Arbitrum,gmx-v2-perps,ETH-USDC,84ef4942-4a33-4a08-adfa-16d5ceb3134b,171928,11.00842,11.00842,,12.38205,Derivatives
Ethereum,uniswap-v2,PEEPO-WETH,35c619dc-e0e2-4e7f-9a97-dc87fabebaee,171879,0,0,,0.02783,Dexs
Ethereum,uniswap-v2,ASTRA-WETH,ecd818f8-73a7-46d1-a67b-05ffdee739b2,171700,4.23044,4.23044,,2.83143,Dexs
Base,aerodrome-slipstream,WETH-USDC,24f5fb00-be58-4ea3-96eb-6df15e4b0d9d,171606,71.39549,71.39549,0,104.22919,Dexs
Ethereum,uniswap-v4,ETH-TFT,b137f65d-6718-47ff-8261-8596de1ee2bb,171380,0,0,,0,Dexs
Base,aerodrome-slipstream,WETH-TIBBIR,dd4273f8-bda0-445d-a0bf-5933e9332672,171089,0.20766,0.20766,0,25.14074,Dexs
Ethereum,uniswap-v2,MARVIN-WETH,88c82279-6c14-4f74-8e9b-70e22e19627b,171057,0.29989,0.29989,,0.66873,Dexs
Ethereum,uniswap-v3,BITCOIN-WETH,458bebdc-d4d2-410f-9338-93d295c4e934,170986,0.23058,0.23058,,0.83898,Dexs
Base,uniswap-v2,WETH-DKING,9506d69d-ec61-496e-b8b1-d07cda1a2483,170677,0.00063,0.00063,,0.00541,Dexs
Arbitrum,beefy,WBTC-WETH,8970e648-4be7-4127-abb0-74ce41b559e5,170581,3.13918,,,3.34931,Yield Aggregator
Base,uniswap-v4,WETH-OWOCKIBOT,b7dd4847-6f5a-4c6f-b1ef-0ff6428e8e08,170286,0,0,,0.35508,Dexs
Ethereum,uniswap-v2,KUSUNOKI-WETH,00dbe240-5f50-42b0-acdf-2114d87019c3,170220,0,0,,0.00015,Dexs
Ethereum,uniswap-v2,FINE-WETH,43d0840a-a66c-4ce7-9faf-822c0f47e855,170220,0,0,,0.09048,Dexs
Arbitrum,gmx-v2-perps,ETH-USDC,0e1ee178-5770-40e1-b79b-0cb218fe9740,169818,19.46542,19.46542,,25.19308,Derivatives
Ethereum,uniswap-v4,ETH-ACX,1ddbf80b-bc6a-4a63-b420-89eb6b4b25e6,169771,1.46456,1.46456,,13.20598,Dexs
Ethereum,uniswap-v2,ASE-WETH,0de2b068-30f8-4a96-a919-ce93af0e9f89,169701,3.44803,3.44803,,11.87402,Dexs
Arbitrum,symbiosis,WETH,04d7c9db-e391-4d00-b2ca-32349d855aa6,169640,0.41261,0.41261,,1.4004,Cross Chain Bridge
Ethereum,uniswap-v2,BULLET-WETH,38832596-aef8-452b-ae32-c53cf925a4f4,169457,0,0,,0.00098,Dexs
Ethereum,bracket-vaults,WETH,1e4f8d85-11dd-4dbe-a1a9-7edf0fc5a58f,169443,6.61,6.61,,6.69601,Onchain Capital Allocator
Base,uniswap-v2,WETH-PEPETO,51be0cdb-52cb-418b-8b30-3c0b994d7e6c,169133,0,0,,0,Dexs
Monad,curvance,WETH,35899a86-f2a3-46b3-b537-d3258803d21b,169015,0.02854,0.02854,,0.02305,Lending
Ethereum,uniswap-v2,LOCK-WETH,edb37483-44a1-484d-b7af-fd174406b929,168963,0,0,,0.00093,Dexs
Ethereum,uniswap-v3,LIT-WETH,3e009966-024d-4666-86aa-e97ad8eab868,168939,49.21471,49.21471,,93.78275,Dexs
Ethereum,uniswap-v2,TROG-WETH,0beeab24-577a-40e1-8e39-2adbe0c33fc9,168802,0,0,,0.24793,Dexs
Base,moonwell-lending,WEETH,e1cb1e97-f932-41ae-841d-964a4d594153,168802,0.00011,0.00011,0,0.00012,Lending
Ethereum,uniswap-v2,CHI-WETH,542a76a5-d126-499c-aa5b-ef855c8003ca,168727,0,0,,0,Dexs
OP Mainnet,compound-v3,WSTETH,4712faa3-d362-4187-abc6-5c128d76f46d,168688,0,,,0,Lending
Base,aerodrome-v1,EXTRA-WETH,0f19a269-1df0-4b1b-8e30-1eb7bfbe275f,168489,39.51354,,39.51354,50.14315,Dexs
Ethereum,uniswap-v4,ETH-LIQUIDETH,dcbd00ab-fc44-4618-9d79-f6ae33ec4bb2,168392,0,0,,0,Dexs
Base,aerodrome-slipstream,TIG-WETH,d665da9a-2fd9-4271-b340-cfebe20612c4,168358,17.09747,17.09747,0,15.71139,Dexs
Arbitrum,gmx-v2-perps,ETH-USDC,4deeb5b7-d1f6-4775-bbef-ffaf0ece2399,168235,1.59605,1.59605,,5.13688,Derivatives
Ethereum,yearn-finance,WETH,92fa2c73-533f-4158-8c9c-fadb1e088fa2,167994,1.6657,1.6657,0,1.69673,Yield Aggregator
Ethereum,uniswap-v2,O-WETH,197eb041-c922-491d-ad2d-1fe5a02d02ef,167938,0.1207,0.1207,,0.60422,Dexs
Cronos,vvs-standard,USDC-WETH,ff631a4b-166a-45ed-8936-87a1c5652cd0,167581,1.1698,1.1698,,2.53992,Dexs
OP Mainnet,uniswap-v3,WETH-AAVE,99479970-c3d5-4b4b-85b6-d9821da99e53,167497,0,0,,23.77623,Dexs
Ethereum,uniswap-v4,ETH-GLHFSTR,00e36a67-40f4-4758-be95-0c1a3aeeebe4,167373,0,0,,0,Dexs
Base,uniswap-v3,WETH-PENGUINS,1e09422b-66dc-4875-a37c-55015beebacc,167321,28.20666,28.20666,,34.1661,Dexs
Ethereum,uniswap-v3,KP3R-WETH,73af0123-ecdf-4952-9799-fb9be4f2833f,167314,0.07115,0.07115,,0.16827,Dexs
Base,beefy,WETH-USDC,0c62668e-3610-4938-ad5b-96ca698e6d05,167169,16.05465,,,25.88597,Yield Aggregator
Base,uniswap-v4,WETH-DAIMON,2e23150d-9ae8-4d72-8189-9d1187b77812,167061,0.00013,0.00013,,0.11923,Dexs
Ethereum,uniswap-v2,WILD-WETH,6ac7d09a-555f-4b07-b6b5-1e883de3a6c5,166860,17.05492,17.05492,,14.52668,Dexs
Ethereum,uniswap-v3,WETH-GTC,f6a01394-b4d4-45b5-9dfc-20e678810b2e,166630,89.20901,89.20901,,14.0046,Dexs
Ethereum,uniswap-v2,SHEESHA-WETH,d8b08fb1-60ba-443b-baf6-facbe51cc1bf,166223,0.00647,0.00647,,0.02102,Dexs
Ethereum,uniswap-v3,HARAMBE-WETH,601b6bd7-331a-434d-9d26-b52c1bdf6f1e,165710,0.00955,0.00955,,0.51128,Dexs
Ethereum,uniswap-v2,BHOME-WETH,369cfebd-7dce-4068-97ac-0343cc9f4bcc,165582,0,0,,0,Dexs
Ethereum,uniswap-v2,WETH-$ROAR,1c3a65a7-4eea-4665-ae11-a2047218a904,165499,0.61623,0.61623,,1.92456,Dexs
Base,uniswap-v4,WETH-SMCF,17227b6c-166e-4db8-91c3-ce3d360c7b71,165461,0.06683,0.06683,,0.4065,Dexs
Arbitrum,camelot-v2,WETH-USDC,4606a6d6-445d-4338-81bf-e96c38196bcb,165303,1.43777,1.43777,0,2.69788,Dexs
Ethereum,uniswap-v2,COMP-WETH,4aa5eec2-12a4-4df2-b521-7fd5235bf49f,165179,9.49232,9.49232,,9.96501,Dexs
Base,uniswap-v4,SINGULARITY-ENGINE-WETH,c1c9cd9d-fdad-460c-881d-35dbd11b20dc,165138,2e-05,2e-05,,0.0028,Dexs
OP Mainnet,uniswap-v3,WETH-USDC,d512245c-1a85-4bf4-98b6-bc60358fd370,165100,0,0,,68.94993,Dexs
Ethereum,uniswap-v2,ENX-WETH,e13df743-99b4-4a8d-8f67-bd075485d981,164823,2.8082,2.8082,,6.55113,Dexs
OP Mainnet,beefy,ALETH-WETH,ecdef3e1-2390-4c89-ab0e-44e6d419f6fc,164565,7.64475,,,6.39066,Yield Aggregator
Ethereum,uniswap-v2,WETH-BOI,f0ced880-7fe3-4585-993a-17d14312aeb6,164387,0,0,,0,Dexs
Ethereum,uniswap-v2,BOTTO-WETH,850a24e1-d2bb-48fa-8481-85c7cf593501,164307,0.11551,0.11551,,0.65003,Dexs
Ethereum,uniswap-v2,WETH-ZENT,487319d6-bbd2-47b2-bf92-79f1182727ec,163650,1.98618,1.98618,,9.62432,Dexs
OP Mainnet,velodrome-v3,USDC-WSTETH,a2292631-ba5f-4399-b421-5232a07f7c2e,163627,42.33151,,42.33151,61.04213,Dexs
Arbitrum,uniswap-v4,ETH-ETHFI,3a25184d-bc1f-5f5a-bb58-8187adba673f,163322,0,0,,0,Dexs
Polygon,quickswap-dex,WETH-USDT,ddccf0c5-74c7-4029-bf10-57f547d6292d,163319,1.92952,1.92952,,4361.83622,Dexs
Ethereum,uniswap-v2,CIEL-WETH,99e389c3-a777-4a3f-8be9-7ae2d22f773e,163241,0,0,,0,Dexs
Ethereum,uniswap-v2,WETH-RISE,d3a4dfd4-16b7-4fff-aeeb-85398a692b46,163213,0,0,,0,Dexs
Polygon,uniswap-v3,WMATIC-WETH,684919ff-13a1-4bae-83ac-249ae1424905,163183,28.53926,28.53926,,38.06855,Dexs
Ethereum,uniswap-v2,CLOSEDAI-WETH,6cd59a7f-853e-418d-828b-11864326a121,163022,0,0,,0,Dexs
Base,uniswap-v4,WETH-CRAIG,fb6cf928-a93e-4f11-9b82-2e14a262a7d1,162992,0,0,,0.00542,Dexs
Base,uniswap-v3,WETH-$MFER,d8dc2807-af69-4a41-9abf-1cbf7b65dabd,162848,0.0003,0.0003,,0.08622,Dexs
Ethereum,uniswap-v2,$TOADS-WETH,1e35d546-e0bb-482c-9d7d-372adc3df72d,161906,0,0,,0.00367,Dexs
Ethereum,uniswap-v2,SMARTCREDIT-WETH,6535da13-5729-45f9-bd8d-6b492b9fba05,161563,0.00419,0.00419,,0.01479,Dexs
BSC,uniswap-v3,ETH-WBNB,7d7d19f1-4a2f-4003-a92e-9702ff225073,161528,9.73769,9.73769,,15.69732,Dexs
Ethereum,uniswap-v2,T6900-WETH,81a02ac5-2a15-4ae3-9c22-de9403a2b96d,161474,0,0,,0,Dexs
Ethereum,uniswap-v2,WETH-BABYFLOKI,e1e2cba8-888c-437d-957c-3467d6354c13,161223,0,0,,0,Dexs
Ethereum,uniswap-v2,CORE-WETH,11ddaaa4-92cf-4dcb-a259-8911f00002e8,160962,0,0,,0,Dexs
Base,uniswap-v3,WETH-DIEM,6d3763f2-b4c3-4c95-ae28-4248cb9c0358,160904,65.28409,65.28409,,152.11318,Dexs
Ethereum,uniswap-v2,GHX-WETH,de299ee8-e682-4f19-b779-57e42a01a40f,160897,4.30282,4.30282,,19.47762,Dexs
Ethereum,uniswap-v2,REFI-WETH,9528c819-d5d2-4656-889c-3e3346c527cc,160860,0,0,,0,Dexs
Ethereum,uniswap-v2,WASSIE-WETH,d5745a01-78c3-4d3c-9c2b-67a3aefab01e,160707,0.33776,0.33776,,0.57624,Dexs
Base,uniswap-v4,WETH-ETHR,29262bbb-64e6-4375-9add-926bee15ab92,160693,0,0,,0,Dexs
Ethereum,uniswap-v2,YFI-WETH,4c3b9cbb-25f9-4d3e-9422-1aa1087e1d39,160675,7.75472,7.75472,,4.72745,Dexs
Base,uniswap-v4,WETH-MACHINES,c15d2117-0234-4d67-89ed-3c197511c382,160647,0,0,,0.29278,Dexs
Ethereum,uniswap-v2,BALL-WETH,f8c2e3d4-554e-45e2-84f1-db9e43fef598,160228,0,0,,0,Dexs
Ethereum,uniswap-v2,KNDX-WETH,b2b1e5e2-0623-4cc6-9cc0-f3b35679c5bc,160069,0.68781,0.68781,,1.31899,Dexs
Ethereum,convex-finance,RETH-WSTETH,75eeeb8e-e34e-4607-bd92-e527b3062f9e,159992,0,0,0,0.02536,Yield
Ethereum,uniswap-v2,BPEP-WETH,dc478525-9ec3-4b41-b43f-10fbf457b35c,159885,0,0,,0,Dexs
OP Mainnet,velodrome-v2,WETH-OVER,396f0ae1-c26a-4f65-aeb4-e09e3c4e2d9c,159875,5.60249,,5.60249,3.13826,Dexs
Ethereum,uniswap-v4,ETH-ESS,cb91d3b2-eefe-4ba1-8f9e-a2d2311dc2f1,159753,12.1381,12.1381,,8.43692,Dexs
Ethereum,uniswap-v2,ARNXM-WETH,548b98c4-d066-462d-b07a-ec203227dfe2,159240,0,0,,0.00539,Dexs
Ethereum,uniswap-v2,WETH-CATGPT,bc6c7684-151d-4d1e-be02-c5332bdf5593,159142,0,0,,0,Dexs
Ethereum,uniswap-v2,DXY-WETH,f47b93f2-d771-4c9a-a917-e7cc948eb827,159022,0,0,,0.00012,Dexs
Base,beefy,WETH-USDC,db074704-a877-457c-83c7-720a5c933bb2,158975,12.31003,,,18.68051,Yield Aggregator
Base,aerodrome-slipstream,XPUFETH-WETH,7698898e-f516-45e6-a705-257c7da0be5a,158930,1.81385,,1.81385,0.38594,Dexs
Base,uniswap-v4,WETH-HIVE,0a543166-3001-4158-89ee-cfc20bd51aa4,158684,4.77395,4.77395,,19.40219,Dexs
Ethereum,uniswap-v2,WETH-WPE,528328a8-1883-4732-b9fe-a2ff0471ec50,158681,0.00019,0.00019,,0.02806,Dexs
Polygon,uniswap-v4,POL-WETH,ce4fb431-d3a8-49b7-b0c3-ae3f9c5f0318,158454,8.97395,8.97395,,15.46099,Dexs
Polygon,uniswap-v4,POL-ETHX,79a81b8f-bd1e-41d8-adc9-68704af7179a,158402,0,0,,0,Dexs
Base,uniswap-v4,ETH-NVDAC,1c31bd0c-2835-5ea5-9848-c65531372bd0,158302,0,0,,3.29983,Dexs
Monad,beefy,WETH,f3d2bed4-84ff-519d-81ad-7222afaeb2d7,158231,3.92529,,,4.28713,Yield Aggregator
Arbitrum,gmx-v2-perps,ETH-USDC,e5ca1cbb-74ac-4c82-9660-c4f32f54479a,158060,22.24406,22.24406,,15.71628,Derivatives
Base,uniswap-v3,1R0R-WETH,ffe9b4a0-c451-588a-9c1d-d17f243e5057,157988,4.76969,4.76969,,1.18615,Dexs
Arbitrum,uniswap-v3,WETH-USDC,2d4ca6f7-b980-49df-b32e-91f613ae9e09,157940,5.6427,5.6427,,26.13988,Dexs
Base,aerodrome-v1,CBETH-WETH,ea82fc02-6da1-4349-8129-6c2bd5dddce2,157900,0.301,,0.301,0.55203,Dexs
Base,uniswap-v3,VIRTUAL-WETH,6725de7e-3f65-481c-b70c-e9d6fffa8c24,157719,14.01086,14.01086,,13.34077,Dexs
Ethereum,uniswap-v4,ETH-PRISM,333477a4-a7b9-492c-ad21-39cfb681e71f,157656,0.32093,0.32093,,1.41194,Dexs
Base,symbiosis,WETH,fa69efd1-617d-4837-b826-9cc3d0076c8b,157560,0.32717,0.32717,,1.57959,Cross Chain Bridge
Base,uniswap-v2,WETH-MOLLY,99606f8e-ffbc-4843-b403-67edd3b01c2f,157431,0.27526,0.27526,,0.64763,Dexs
Ethereum,uniswap-v2,QF-WETH,a1c49c09-da6d-48be-b946-1b0ba8cb042c,157362,0.30688,0.30688,,0.82198,Dexs
Ethereum,uniswap-v2,MUTM-WETH,068fd2bc-f7c1-4aba-8ed1-8885615272bd,157284,0,0,,0,Dexs
Ethereum,uniswap-v2,RAMP-WETH,3edd79ba-7af4-4855-8f3b-152be40b3333,157276,0.09766,0.09766,,0.10724,Dexs
Ethereum,uniswap-v4,ETH-CREDITSTR,aba9c645-9d74-54ff-a735-8f5e92753d50,157245,0,0,,0,Dexs
Ethereum,uniswap-v4,ETH-PUNKSR,f272b287-1bcc-41d1-8204-e4ed8e41e7eb,157058,0,0,,0,Dexs
Base,uniswap-v4,ETH-METALOS,c91c16af-1159-4ca6-84e8-337fc7940c89,156974,0.00198,0.00198,,0.10076,Dexs
Ethereum,uniswap-v2,DPC-WETH,bd0858ce-3c42-4bf0-92c0-d10ea444e9c4,156905,0,0,,0,Dexs
Polygon,fluid-lending,WETH,7ca1a708-5028-4488-865c-35d961bbd096,156868,0.74,0.74,,0.87229,Lending
Ethereum,convex-finance,ETH-ETHX,65b7d01f-52de-4071-a735-698c52d3643e,156821,5.615,1.83,3.785,7.37791,Yield
Base,uniswap-v4,WETH-HERMESOS,307fb6a5-7b29-4bc6-9f59-b958482388f7,156803,0.00476,0.00476,,2.10463,Dexs
Base,uniswap-v4,ETH-USDC,9582600a-726e-5d02-883f-d2cba28a5674,156647,0,0,,0,Dexs
Base,balancer-v2,WETH-IMO,2c994f4c-61f3-4576-b6e5-1fb878a1489b,156618,2.79599,2.79599,0,0.58618,Dexs
Ethereum,beefy,MSETH-WETH,12432ca0-313b-4d14-8d31-eba625f42e37,156314,3.39034,,,2.46063,Yield Aggregator
Ethereum,uniswap-v2,WETH-DOG,0a638b43-6ce4-4646-a373-5cd60c429600,156126,0,0,,0,Dexs
Ethereum,uniswap-v2,WETH-QUBY,a8410bf8-fd4b-4365-bfc8-0b3baab18610,156004,0,0,,0,Dexs
Base,uniswap-v2,OZ-WETH,df03ec08-4f73-4145-8d02-cbd848f89f67,155780,0,0,,5e-05,Dexs
Ethereum,uniswap-v2,FRIEND-WETH,580d59b7-7192-44c6-8cf8-be23d5026f30,155717,0,0,,0,Dexs
BSC,uniswap-v4,ETH-USDT,dc3773db-7ac4-4549-ace1-e0763113e097,155713,13.32334,13.32334,,112.77953,Dexs
Ethereum,uniswap-v4,ETH-OBOL,d73a9d67-8155-44af-944d-0d923d939503,155710,3.53297,3.53297,,24.83537,Dexs
Ethereum,uniswap-v4,ETH-LO0P,7e2cf50e-1eb5-4f71-addf-835e830f1a95,155660,0,0,,0,Dexs
Ethereum,uniswap-v4,ETH-MSTR,7983f8a1-03d5-42ed-8834-7bdf103765b8,155579,0,0,,0,Dexs
Polygon,uniswap-v4,WETH-TEL,6b9473ca-1e45-4fa7-ae93-9a1a4a702663,155541,52.77447,52.77447,,57.12108,Dexs
Ethereum,uniswap-v4,ETH-STREET,be41594f-a0ad-4729-8ade-ff69c51a0865,155286,0,0,,0,Dexs
Polygon,uniswap-v4,WETH-TEL,4c4ede37-6667-569f-a42e-5f3c27b87c5c,155198,77.35692,77.35692,,123.61112,Dexs
Polygon,uniswap-v4,FIN-WETH,e1b8d982-a466-4eec-8fa8-d623b882c41d,155103,8.49076,8.49076,,4.7434,Dexs
Base,uniswap-v4,WETH-WOON,d7412d5f-7139-4425-94fe-56d1153efa87,155080,0,0,,0,Dexs
Ethereum,uniswap-v2,YFBETA-WETH,7f364abd-2b1e-4be1-a6e5-827e77673c4e,155061,0,0,,0.00058,Dexs
Ethereum,uniswap-v4,ETH-REKTSTR,540c9c4a-92ba-4016-8c81-4fd79a92420d,154858,0,0,,0,Dexs
Ethereum,uniswap-v2,DUCKER-WETH,b8310032-6371-4b76-be96-f55c160cad56,154716,0,0,,0.02502,Dexs
Ethereum,uniswap-v2,MTAUR-WETH,440c7082-c8f7-400c-bfa3-e255ed6b0399,154513,0,0,,0,Dexs
Ethereum,uniswap-v4,ETH-TEL,0060b528-c9e4-4d4d-a514-efba2808d2d4,154411,5.88921,5.88921,,13.1883,Dexs
Ethereum,uniswap-v2,WETH-NEIRO,8f4a496f-48ea-46e3-ad6c-0ea92284bbe7,154375,0.07014,0.07014,,0.28614,Dexs
Starknet,vesu,WSTETH,97a4d9bd-38ef-4059-a8fb-2107726f8323,154162,0,0,,0,Lending
Arbitrum,uniswap-v4,ETH-AAVE,dd7d67f4-0552-4cb6-94a6-8f14192f4cd7,154117,0,0,,0,Dexs
Ethereum,curve-dex,ETH-ANKRETH,83fcc624-ff58-4c3a-9b10-b8cc9d0da285,154034,1.09,1.09,0,1.02033,Dexs
Ethereum,uniswap-v2,SHIRYO-WETH,c98f7c9d-b402-45b9-9c29-adda9cf0e344,153919,0,0,,0,Dexs
Arbitrum,camelot-v3,WEETH-WETH,a15170cc-d6d7-457f-9d1f-64ee5f881842,153796,7.49104,7.49104,,0.81624,Dexs
Ethereum,uniswap-v2,SUSHI-WETH,40506c81-50e7-4063-bc4d-0e3e16031ea7,153671,5.0561,5.0561,,10.33975,Dexs
Ethereum,uniswap-v2,WETH-OSCAR,ea6e6e1b-62e3-4a95-842e-460e6d90ff5f,153597,0,0,,0,Dexs
Ethereum,uniswap-v4,ETH-DEEDSTR,09e40314-e19e-4b89-a905-7c5d729c8005,153577,0,0,,0,Dexs
Ethereum,uniswap-v4,ETH-DUAL,f3a83af1-141c-4ebb-9aa2-b0a705a1ec61,153505,0.63225,0.63225,,2.29967,Dexs
Base,uniswap-v3,WETH-LSEA,b417d809-6294-4029-9c4f-4bd745b8a3f8,153489,0.55857,0.55857,,0.78399,Dexs
Base,aerodrome-v1,WETH-JARVIS,63b5e571-db71-4df2-bd44-3d0b867fe03c,153465,5.64572,,5.64572,4.57067,Dexs
Base,uniswap-v3,₸USD-WETH,95b1e0f3-5653-4552-bac0-361a55801474,153337,0.00066,0.00066,,0.20713,Dexs
Base,uniswap-v4,WETH-SHX,f15c2a99-3ba8-4357-9654-0973f71ab5b8,153290,24.00624,24.00624,,10.41237,Dexs
Ethereum,uniswap-v3,PEOPLE-WETH,44f19b04-894a-48f1-bef6-6a803990dca1,153286,12.4406,12.4406,,17.32603,Dexs
Robinhood Chain,ekubo,ETH-USDG,f5946d39-c480-5b12-8f2e-6f8b9dfd0dc1,153231,140.59305,0,140.59305,291.18454,Dexs
Base,uniswap-v2,WETH-SUBBD,cb482832-ba3d-438e-8375-74974d9c90f5,153177,0,0,,0,Dexs
Arbitrum,morpho-blue,WSTETH,415853f1-f2f2-427a-91ef-ed799930fed5,153068,0,0,,0,Lending
Ethereum,uniswap-v2,SPYRO-WETH,6ae51cba-d271-44b3-91a6-b8da2048d0d5,153025,0,0,,0,Dexs
Ethereum,uniswap-v3,ALEPH-WETH,f8ceda2b-08e7-4ec5-a567-d53ae2e76347,152950,0,0,,0,Dexs
Base,aerodrome-slipstream,WETH-RSC,7edc3f3c-b861-4c62-9e4c-9e39cb8183bd,152726,388.60091,22.81162,365.78929,392.98938,Dexs
Ethereum,uniswap-v2,WETH-GEN,6a9a184e-592b-4bb9-89f2-7c5687875312,152576,0,0,,0.08936,Dexs
Ethereum,uniswap-v3,ATOS-WETH,70ee90b8-4190-47fb-a89f-4386eb599da9,152487,56.43295,56.43295,,55.38295,Dexs
Ethereum,uniswap-v2,WMC-WETH,86ea77a2-53eb-429e-8d2e-07ac4b683a7a,152469,2.00743,2.00743,,0.97192,Dexs
Base,beefy,TBTC-WETH,59a280c0-2afa-4ca4-b485-dcb3341698bd,152463,5.66656,,,6.80142,Yield Aggregator
Ethereum,uniswap-v2,XMW-WETH,b334ce1a-0110-4774-828d-bd6d2ee92405,152312,0.01994,0.01994,,0.07618,Dexs
Ethereum,uniswap-v2,DEXL-WETH,a801fc52-bbd0-4cb7-9b3b-79329c03ae98,152217,0,0,,0.3955,Dexs
Ethereum,uniswap-v2,WETH-ARTY,7fd638a3-a04a-4918-bb81-b5276d0cd4d3,151649,0,0,,0,Dexs
Ethereum,uniswap-v2,WETH-VISION,a2c75f3e-bd0d-41c6-a510-64c35577b06e,151537,0,0,,0.03149,Dexs
Ethereum,uniswap-v2,DORK-WETH,5794660c-8c61-4de3-925c-eb2e5ebf92b2,151522,0,0,,0.00329,Dexs
Base,alien-base-v3,CBETH-WETH,c60a21ae-99e2-4be2-9cd5-e125c03b7dc9,151206,0.00183,0.00183,0,0.06802,Dexs
Base,uniswap-v4,INVSTMNT-WETH,63cbd8cb-071b-5760-97ad-da41e07f58e5,151134,33.43044,33.43044,,24.52887,Dexs
Arbitrum,camelot-v2,AIEN-WETH,68a5c924-51b0-4119-b38d-8629536ebf56,151108,0.00023,0.00023,,0.00337,Dexs
Base,uniswap-v4,WOON-WETH,9b20a39e-5032-4cec-89d1-565b36b54efa,151093,0,0,,0,Dexs
Ethereum,uniswap-v2,SUNC-WETH,21dcd7e7-7191-4329-bb9f-152c81c0605c,150691,0.00357,0.00357,,0.00285,Dexs
Base,uniswap-v3,WETH-MEY,7c8d13e6-e5d7-43d8-8fef-72c2b9185963,150581,3.35364,3.35364,,27.96388,Dexs
Base,uniswap-v3,WETH-FAIR,08c09775-b4fa-4ab1-bfcf-9aa3bd94bcb5,150361,30.38945,30.38945,,8.33203,Dexs
Base,uniswap-v3,NEUY-WETH,8089e831-1982-5ad7-8a4b-78c8e07c0c94,150356,22.52952,22.52952,,25.92755,Dexs
Base,uniswap-v4,WETH-EMBER,018f4c26-022e-4dd1-a8c2-57cc433f6485,150110,0.00079,0.00079,,1.16101,Dexs
Ethereum,uniswap-v2,FLOKI-WETH,55d8ea1c-eba2-433d-acc9-8845edd4cd66,149999,0,0,,0,Dexs
Ethereum,uniswap-v2,WOMI-WETH,4035b45d-3bc1-46a8-a3c6-cbf69b7dab5b,149941,0.00265,0.00265,,0.05837,Dexs
Arbitrum,camelot-v2,BOOP-WETH,70f7ea77-bf4f-4b3b-82f7-a485d89e3639,149721,3.17659,3.17659,,8.00254,Dexs
Ethereum,uniswap-v4,ETH-SPHINCS,ca38a263-49bc-4d7c-8edc-48013960193b,149704,0.053,0.053,,0.42354,Dexs
Berachain,dolomite,WEETH,1ceef789-4fe7-4af7-b2ab-26bcee264209,149669,0,0,,0,Lending
Base,uniswap-v2,RTX-WETH,4bd22d77-4703-4813-86a5-6580d6f514ca,149444,0,0,,0,Dexs
Arbitrum,camelot-v3,RDP-WETH,77e1b1fc-ee29-45ac-82f5-9d24da9b28e9,149351,0,0,,0.20197,Dexs
Ethereum,uniswap-v3,HEX-WETH,4ea1ebc3-b8b1-4d5b-a4ad-f178ebcfc219,149120,11.04373,11.04373,,12.57432,Dexs
Base,uniswap-v4,CLAWDSPIRACY-WETH,f6df99a6-b164-4d12-918b-5249146cc7ce,149005,0.00767,0.00767,,0.57689,Dexs
Base,uniswap-v4,WETH-CLONK,7df57204-cd06-433e-b892-bbf9a1df946e,148690,0,0,,1.0949,Dexs
Base,aerodrome-slipstream,BNKR-WETH,d7b0af87-0dba-4f48-8505-c801fccad673,148310,317.2142,178.4987,138.71551,350.19946,Dexs
Ethereum,uniswap-v2,MATTER-WETH,818d49d9-b345-4c63-8eed-8b7c3a625055,148256,0.10869,0.10869,,0.06433,Dexs
Ethereum,uniswap-v4,ETH-USOCKS,cf072c95-555a-5858-8d6a-8ce10a4079b8,148220,0,0,,2.1535,Dexs
Ethereum,stake-dao-yield,USDC-WBTC-WETH,cb8e68e8-2465-4a56-b51a-a5fb66f68718,148102,5.04697,1.09,3.95697,4.96888,Yield
Ethereum,uniswap-v2,GANYMEDE-WETH,25a881df-63e4-4990-bf12-8c0660f69fb1,147698,0,0,,0,Dexs
Base,uniswap-v3,WETH-USDT,ca8bbe4c-f3f0-45b1-aff2-bb379fe65a64,147469,49.10891,49.10891,,49.4657,Dexs
Ethereum,uniswap-v2,NUTS-WETH,0f6d7f3f-7849-4678-8aa0-efe093e0380b,147394,3.67552,3.67552,,1.54846,Dexs
Base,aerodrome-v1,AERO-WSTETH,6e543f65-c654-4fe3-aa1a-3f57c3db5cda,147385,8.60927,,8.60927,10.46528,Dexs
Ethereum,uniswap-v2,KEX-WETH,b5d698f9-1f15-43a1-b95e-0e54882a1bd1,147076,0,0,,0.34222,Dexs
Cronos,vvs-standard,WETH-WETH,ce7a126c-b88e-5fa9-87c1-b8e148b57c13,146951,0.00235,0.00235,,0.12033,Dexs
Ethereum,uniswap-v4,ETH-REACT,72c6fa77-eed2-4b88-acbc-90718b0b966b,146927,7.40219,7.40219,,13.86844,Dexs
Base,uniswap-v2,WETH-PEPENODE,7563bb0d-a4d2-41b3-b1a3-e95c757e3b9a,146919,0,0,,0,Dexs
Fraxtal,curve-dex,FRXUSD-FRXETH-WFRAX,f071ba3c-20a5-4e7a-b058-963aca464e10,146799,21.26161,1.77,19.49161,23.35941,Dexs
Ethereum,uniswap-v4,ETH-W,1b38e6dd-ee9b-47e8-b2bd-81ae87abe357,146783,21.0541,21.0541,,22.63081,Dexs
Base,euler-v2,CBETH,eae10cdb-28be-4f9b-aacd-52161ac4eae7,146752,1e-05,1e-05,,1e-05,Lending
Base,uniswap-v4,ETH-BRIAN,fa9795a9-8dd0-5316-9837-675ca8c3eabf,146680,0.02087,0.02087,,0.07382,Dexs
Ethereum,uniswap-v4,ETH-SNOWMOON,8ae6326d-1c6c-580f-9140-42eaf7883828,146624,49.10556,49.10556,,1704.06804,Dexs
Ethereum,uniswap-v4,ETH-UPEG,95f6784c-93c0-4d6d-ade3-bfca12ed6f2d,146551,0.58136,0.58136,,22.8725,Dexs
Base,uniswap-v3,WETH-YO,88730a20-1967-44db-b94f-dd307ee12a75,146408,0,0,,0.00151,Dexs
Base,uniswap-v4,CLAUNCH-WETH,8fbd7f55-e8a5-4379-a80e-be1dcca7816f,146256,0.00064,0.00064,,0.00852,Dexs
Ethereum,uniswap-v3,GLM-WETH,7cb7a611-466e-4cfe-8bcc-f9a4ba25e48b,146195,0,0,,0.06158,Dexs
Base,uniswap-v3,WETH-SENDIT,9ee3d0d0-d6d2-4ee6-a1c8-38b2c35b9b7a,146119,7e-05,7e-05,,0.11185,Dexs
Base,beefy,WETH-EURC,89bfa439-2fd0-4887-a0b2-33dfb017a147,146035,17.85109,,,17.23543,Yield Aggregator
Ethereum,abracadabra-spell,SPELL-WETH,e5f3f8c2-7a28-434a-bd76-3a6445f02c71,145901,16.25759,,16.25759,15.7877,CDP
Ethereum,uniswap-v4,ETH-DIMO,03ae0ff5-fefb-44ec-a747-f0c1a5dcafba,145844,0,0,,0,Dexs
Ethereum,uniswap-v2,RIBBIT-WETH,69259ee6-5553-41b3-8ddd-c1bca2e533ae,145782,0.03963,0.03963,,0.0962,Dexs
Ethereum,uniswap-v2,MOONDAY-WETH,c0916b4b-5ae7-467c-acea-97c23518895b,145749,0,0,,0.00139,Dexs
Ethereum,uniswap-v2,DNBUY-WETH,3cde9e70-02c8-4255-a1dd-39aec63820af,145671,0,0,,0,Dexs
Ethereum,uniswap-v2,WETH-BEZOGE,d0b647f3-ecbc-495f-a5a8-e8b3f35bfbcb,145614,0,0,,0.25824,Dexs
Ethereum,uniswap-v2,TENSHI-WETH,e6452a11-065b-418a-9c05-416dadf9727e,145516,0,0,,0.00116,Dexs
Ethereum,uniswap-v2,WETH-CUMINU,c7b2450e-5e8c-41ff-9b04-8a63d9f10067,145487,0,0,,0.00446,Dexs
Base,uniswap-v4,WETH-CAPACITR,8468e3cf-f717-4eb1-b3e9-7b7b9d80a31d,145343,2.17295,2.17295,,7.29776,Dexs
Base,uniswap-v3,WETH-XSWAP,d67dbdb2-f10d-4296-8dc8-a37742686ef3,145333,1.06296,1.06296,,1.9456,Dexs
Ethereum,uniswap-v2,BUNNY-WETH,46b5abaf-58f9-43b3-ba41-10034464fa12,145029,0,0,,0.0072,Dexs
Base,uniswap-v4,ETH-USDC,6275faed-af06-52f9-8691-98cdf7b3ed0a,145015,49.66445,49.66445,,59.57322,Dexs
Ethereum,uniswap-v4,ETH-LDO,db15dc51-7ffe-4ed0-a823-b38dd4e80e94,144818,20.17585,20.17585,,16.80205,Dexs
Ethereum,uniswap-v2,BONK-WETH,f9dd67f9-fdb4-4c76-902e-0481bde6ef88,144761,0.00742,0.00742,,0.02414,Dexs
Base,uniswap-v4,WETH-BIO,77a8b1f4-1119-4d42-8cc3-faeca78d5799,144205,0,0,,0.01357,Dexs
Ethereum,uniswap-v2,KLW-WETH,6a69459f-8b65-44c2-8e00-fc81704c5eef,144179,0,0,,0,Dexs
Ethereum,uniswap-v4,ETH-MEEBSTR,0d5f42c5-e995-46ed-ba3a-291967074931,144056,0,0,,0,Dexs
Base,uniswap-v4,ETH-NOCK,a9975fb5-59ce-4ef2-90ac-02cb0021ca12,144053,29.4399,29.4399,,184.02361,Dexs
Base,uniswap-v4,VDOR-WETH,b62f054d-98c1-474f-9ff6-bce951ef0014,144043,0,0,,0,Dexs
Base,uniswap-v3,HPC-WETH,16ad437d-3bfd-4118-9fce-660e9ea294de,143914,0.00016,0.00016,,0.08575,Dexs
Ethereum,uniswap-v2,POLS-WETH,2776796e-82f2-4694-a0d3-561490f68fac,143841,2.61293,2.61293,,4.53747,Dexs
Ethereum,steer-protocol,DFX-WETH,00f92507-3f43-421d-b6af-c90a207b247c,143752,3.23,3.23,,15.76607,Liquidity Manager
Ethereum,uniswap-v2,LABRA-WETH,031ca812-a966-4653-8d50-7b4adf9939ae,143592,0,0,,0.0178,Dexs
Ethereum,uniswap-v3,PEPU-WETH,f2149cfe-bffd-45c0-8ceb-b5ee490f16b7,143511,0.01417,0.01417,,0.1756,Dexs
Base,uniswap-v4,WETH-HARNESS,3b84becc-d530-4db7-a1f5-64d1b6d75d22,143356,12.36713,12.36713,,38.40325,Dexs
Base,uniswap-v4,WETH-VOSF,da3dba23-4196-5add-b588-3dd321ee0020,143292,83.90309,83.90309,,62.71165,Dexs
Arbitrum,gmx-v2-perps,WSTETH-ETH,b9ed31f1-5295-4896-be97-041fe90c8f5f,143244,0.0057,0.0057,,0.3249,Derivatives
Ethereum,uniswap-v2,GASS-WETH,95f488cd-2fa6-42c9-8288-1cc5e19e6674,143021,0.74075,0.74075,,1.33335,Dexs
Arbitrum,gmx-v2-perps,ETH-USDC,df91a9a9-a89d-4bd0-9088-0d049d5fcea1,142779,31.00082,31.00082,,18.73118,Derivatives
Ethereum,uniswap-v3,WETH-BERRY,1a40f2ff-1046-45ce-a6d7-d21d8fccd82b,142742,3.06231,3.06231,,14.92359,Dexs
Ethereum,uniswap-v2,WETH-DEFROGS,414ec487-5828-4943-a587-0c78ac35931c,142650,0.17769,0.17769,,0.04133,Dexs
Ethereum,uniswap-v2,BABYSHIA-WETH,08b680a9-5189-40da-b9a6-1244f8682d42,142379,0,0,,0,Dexs
Base,uniswap-v4,ETH-CBETH,6fad892c-6b75-5666-9b09-cb77a7746a51,142349,3.09977,3.09977,,7.29571,Dexs
Base,uniswap-v4,WSOS-WETH,af31f83e-c79f-5890-890e-73c5d03ae181,142323,17.81,17.81,,20.98906,Dexs
Ethereum,pancakeswap-amm-v3,WBTC-WETH,ca99ea38-1db3-4df3-90a3-91685cb591c3,142175,1.82048,1.82048,,5.49643,Dexs
Ethereum,uniswap-v2,NUT-WETH,6db449ae-1fd1-4fc2-9b4e-a9129234fd37,142103,2.44133,2.44133,,0.30141,Dexs
Ethereum,uniswap-v2,NEBO-WETH,0a35ca60-b8b7-43a5-89b5-089a1179dab6,142005,0,0,,0.09835,Dexs
Ethereum,uniswap-v2,WETH-HYPC,58bf1c08-edd4-40b9-8e03-e3d4beec0f17,141966,0.59562,0.59562,,0.40263,Dexs
Ethereum,uniswap-v2,1R0R-WETH,e2ac5acb-e044-4e74-b208-331526cf4740,141837,0.14349,0.14349,,0.94297,Dexs
Ethereum,uniswap-v2,SANI-WETH,0e033c64-fd92-44b4-a0fd-cee4a6b63151,141831,0.00277,0.00277,,0.02959,Dexs
Ethereum,uniswap-v4,ETH-RALLY,cbfd606c-ba6d-4392-a274-6a0d8947bce8,141729,59.77109,59.77109,,60.37325,Dexs
Ethereum,sushiswap,YFI-WETH,0d41092f-2792-4590-96c0-39f68aa77041,141721,7.50881,7.50881,0,3.463,Dexs
Ethereum,uniswap-v2,NEURA-WETH,632404e0-3ee3-42de-9d70-087a16490d00,141710,0,0,,0,Dexs
Base,uniswap-v4,ETH-GDEX,9e395b4a-9c5c-5262-aa65-012dce622fd2,141680,0.61721,0.61721,,2.21124,Dexs
Ethereum,uniswap-v2,WETH-R34P,a65de409-ad09-4990-8b46-7906ec74e209,141576,0.00205,0.00205,,5e-05,Dexs
Arbitrum,uniswap-v3,WETH-GMX,d05dabc8-b729-4ca9-b83d-204afb62dde4,141530,8.84841,8.84841,,46.86121,Dexs
Ethereum,uniswap-v2,$ALPHA-WETH,b1b81373-d921-51ed-93c3-6e9a40f561d3,141352,0,0,,0,Dexs
Ethereum,uniswap-v2,JEST-WETH,8b446aa7-12b8-487d-8fee-a3818a94adf8,141343,0,0,,0.57482,Dexs
Base,uniswap-v2,WETH-DONUT,b510c5b4-8d4c-4b43-88b3-26a3fd996f67,141260,0.06974,0.06974,,7.37551,Dexs
Ethereum,uniswap-v2,DD-WETH,eecbecff-8116-41f9-9fd0-7bc693a997f0,141084,0,0,,0.06557,Dexs
Ethereum,uniswap-v2,MSN-WETH,d4f49398-0f41-47b1-a8ea-84e67f80b0ed,141074,0,0,,0,Dexs
Ethereum,uniswap-v2,BLUESPARROW-WETH,94281259-9acf-4d12-ba6d-9512db136136,141056,0,0,,0,Dexs
Ethereum,uniswap-v2,WETH-DOGEGF,eaf547cb-60da-4213-b835-43f26edcef9e,140954,1.62807,1.62807,,2.11241,Dexs
Ethereum,uniswap-v2,JUMP-WETH,09a4873e-44f5-5528-bd3f-e4ff898f4b56,140894,0,0,,0,Dexs
Ethereum,uniswap-v2,TRG-WETH,88087553-c06f-44af-a05d-7e6e0d8aa1d8,140549,0,0,,0.00372,Dexs
Base,uniswap-v2,BEATS-WETH,bbb50220-9c98-49d6-b2b6-5e4d217a5c58,140436,0.29007,0.29007,,1.38884,Dexs
Base,uniswap-v3,WETH-MOCHI,b5788765-cbeb-4032-b20a-c85663b30925,140358,4.99905,4.99905,,14.18648,Dexs
Base,aerodrome-slipstream,WETH-USDC,dfbc5d80-9b09-4810-b55b-a52dea7af4aa,140350,2.20081,2.20081,0,0.54883,Dexs
Ethereum,uniswap-v2,WRAP-WETH,f90fd2d9-bf4a-4839-babb-563c19886ace,140259,0,0,,4e-05,Dexs
Base,uniswap-v2,WETH-AQUARI,44db045d-0587-47cc-a9d0-470b5616fd71,140208,1.99956,1.99956,,2.89702,Dexs
Ethereum,uniswap-v2,CFI-WETH,9830c1cd-9bce-4155-b99a-91ede77476bf,139946,0,0,,0.0009,Dexs
Base,aerodrome-v1,WETH-SYMM,438f1b4c-fc3e-4446-a740-9afc53aab308,139879,28.04186,,28.04186,20.98817,Dexs
Arbitrum,camelot-v3,PNP-WETH,e8712309-7bd3-4971-aefd-e22046e6e111,139870,0.17486,0.17486,,5.368,Dexs
Base,uniswap-v2,WETH-SNORT,d3d10a05-69b9-4e28-953c-dac1b006fb92,139372,0.00283,0.00283,,0.06041,Dexs
Arbitrum,camelot-v3,ETHFI-WETH,740ab298-8d62-4dbd-b098-aa7e14232fa7,139292,12.80036,12.80036,,16.33269,Dexs
Ethereum,uniswap-v2,ORD-WETH,4634809a-bb8e-4452-bd50-8073b066eb8f,139245,0,0,,0,Dexs
Ethereum,uniswap-v2,MEOW-WETH,e2bb6824-2f21-4224-a80e-ec3f512b4227,139172,0,0,,0.0023,Dexs
Ethereum,uniswap-v4,ETH-GOBSTR,16d04ec2-ea4e-4f13-8292-3d0153a7f6b3,139108,0,0,,0,Dexs
Base,uniswap-v4,OPENHUMAN-WETH,0647b01e-9a01-4d64-afa8-a267776a0a94,139002,0.15397,0.15397,,0.94787,Dexs
Ethereum,uniswap-v2,COSHI-WETH,a36e3f50-11c9-4249-a74f-186151b46e7b,138957,0.00641,0.00641,,0.03379,Dexs
Ethereum,uniswap-v3,TEL-WETH,4df1cf5f-d247-43f1-8983-e433431de6f0,138832,46.19166,46.19166,,63.41701,Dexs
Base,uniswap-v3,WETH-MUTM,a661e291-41e7-5f41-8193-71bd1f414991,138819,0,0,,0,Dexs
Base,uniswap-v3,OXI-WETH,194b26ff-0ba5-4cc9-80df-57010cc202b6,138697,0.00653,0.00653,,0.42776,Dexs
Ethereum,uniswap-v2,BCAT-WETH,66157ba6-d409-4e91-bf1d-cd7265f9a19a,138678,0.7955,0.7955,,1.623,Dexs
Ethereum,uniswap-v2,SOTU-WETH,0faff3e2-3943-485a-8c02-200d2484839a,138673,0.36099,0.36099,,0.65747,Dexs
Ethereum,curve-dex,OETH-ARM-WETH-STETH,a0e36ac9-443c-4123-b543-364c3d1cfa68,138587,0,0,0,2.13012,Dexs
Ethereum,uniswap-v3,WSTETH-USDC,48f90fe9-caaa-40c5-915b-a9dd1df46756,138542,12.24308,12.24308,,15.42755,Dexs
Arbitrum,dolomite,WEETH,70ee6e0d-6d81-4756-924d-0783bcb7f23d,138524,0.00285,0.00285,,0.00163,Lending
BSC,uniswap-v3,ETH-USDT,d0f8a106-5eeb-4abd-a313-9245192e822b,138079,10.58905,10.58905,,34.98601,Dexs
Ethereum,sushiswap,IQ-WETH,0381328c-1077-42dc-8b0c-2f0ad01bf6e2,138040,2.21441,2.21441,0,18.39315,Dexs
Ethereum,uniswap-v2,DOGWIFHAT-WETH,e84e3af1-6559-4ebe-af9d-99d8006048f2,137987,0.00774,0.00774,,0.20307,Dexs
Ethereum,uniswap-v2,SBRT-WETH,7c6e26b5-e2f7-4441-a222-ab698c687165,137960,0,0,,0.00405,Dexs
Base,uniswap-v4,WETH-NEOFORM,81bc9d8b-b33c-4527-8f7f-1a66a44bfc20,137906,0,0,,0.03933,Dexs
OP Mainnet,exactly,WSTETH,091c2e6a-ccfe-506c-a45f-3f4b403cf46b,137874,0,0,,0,Lending
OP Mainnet,exactly,WSTETH,ecd41488-4d38-5211-8f3d-74538bb8ab45,137874,0,0,,0,Lending
OP Mainnet,exactly,WSTETH,8b279835-eeb2-4a56-82ec-3632b8daf762,137874,0,0,,0,Lending
OP Mainnet,exactly,WSTETH,ebfa86e3-02c4-4f22-a339-8ba08eb73416,137874,0,0,,0,Lending
OP Mainnet,exactly,WSTETH,a1e8d906-22c5-4f25-b325-50f4cb80f0fa,137874,0,0,,0,Lending
OP Mainnet,exactly,WSTETH,a53ffea7-663f-482e-8a2b-9c9fc78979d2,137874,0,0,,0,Lending
OP Mainnet,exactly,WSTETH,b751e009-e062-40b6-b433-47c66533587b,137874,0,0,,0,Lending
OP Mainnet,exactly,WSTETH,3c1229a5-8a30-5051-8015-91c52e98fca4,137874,0,0,,0,Lending
OP Mainnet,exactly,WSTETH,01a0ab55-7324-4ac5-9ee1-f1c7f31346ea,137874,0.02152,0.02152,,0.02236,Lending
OP Mainnet,exactly,WSTETH,43231700-592d-4c98-aa94-51848d7dd183,137874,0,0,,0,Lending
OP Mainnet,exactly,WSTETH,6d9e25b6-8b50-4d75-a87c-013940fdf4f1,137874,0,0,,0,Lending
Ethereum,uniswap-v2,QNT-WETH,2ff2b579-4ced-4401-a856-73af29c3b763,137822,126.38826,126.38826,,347.32676,Dexs
Ethereum,uniswap-v4,ETH-SENT,3b0366f3-98cd-494f-883f-ee016fd19d83,137781,0,0,,0,Dexs
Ethereum,uniswap-v2,N3WS-WETH,c6c3f767-ca2d-4331-afc6-f1fc3cc54224,137625,0,0,,0,Dexs
Base,native-credit-pool,WETH,9f1d3455-050c-482c-93e0-e1271d240cec,137594,1.792,1.792,,1.792,Lending
Arbitrum,morpho-blue,WETH,f91555bf-2cb4-412f-96e5-f2806751f95e,137564,0,0,,0,Lending
Ethereum,uniswap-v2,SHIBAKEN-WETH,f1f7aa83-7e78-4a1b-b69c-f94da1e8a92b,137336,0.00465,0.00465,,0.0025,Dexs
Base,uniswap-v4,WETH-POOPCOIN,b1b240ff-cb6d-440a-ab84-16902e45eed6,137212,0,0,,0.6854,Dexs
Arbitrum,uniswap-v4,ETH-ZRO,c2ad7919-e2ea-499f-ab76-5f0e07ad0d49,137105,0,0,,0,Dexs
Ethereum,uniswap-v4,ETH-RARE,c381a475-9a86-4a3f-bdd9-a84da3c1995b,137013,9.76669,9.76669,,20.71341,Dexs
Ethereum,uniswap-v4,ETH-CHKSTR,750a7894-db06-43f5-b725-f5bbfc21098f,136522,0,0,,0,Dexs
Base,uniswap-v4,VANCE-WETH,d012280f-1f2a-4db6-b2b4-9f2fb2fb62ba,136473,0,0,,0.24295,Dexs
Ethereum,uniswap-v2,A16Z-WETH,e3a0c6a2-0282-4877-b71d-974eb4ea2a4c,136399,0,0,,0,Dexs
Base,aerodrome-slipstream,WETH-COOKIE,753f99f9-baf3-4bc2-8c28-d42fd17ccd09,136316,127.05779,22.02088,105.03692,159.64952,Dexs
Ethereum,uniswap-v2,WETH-ROPE,69858021-d85c-4670-97c0-6a6b1a0516f3,136283,0,0,,0,Dexs
Arbitrum,uniswap-v3,WETH-RETH,cd3afedc-3dd3-43cc-9729-9a15db508683,136242,1.52386,1.52386,,2.64553,Dexs
Base,uniswap-v4,WETH-CRED,2097381a-b24c-4198-b331-e90bfdfcd591,136132,3.0466,3.0466,,7.76405,Dexs
Ethereum,uniswap-v2,WETH-GMEE,117db328-23f1-432b-8a2a-0e6526c29e6f,135714,0.51221,0.51221,,0.90491,Dexs
Ethereum,uniswap-v2,VANCE-WETH,0a14f683-dd6b-402d-8a1a-4a8b3b3d2681,135684,0.02035,0.02035,,2.65186,Dexs
Base,uniswap-v4,WETH-ARGUE,adbafab7-1e89-4df2-a865-0fed07ac0cf1,135659,0,0,,0.04194,Dexs
Ethereum,uniswap-v2,ORDS-WETH,f5a02856-0f2d-48b6-b90f-c6cada0d1c53,135642,0.03902,0.03902,,0.07041,Dexs
Ethereum,curve-dex,WETH-FXUSD,f1e4ffd1-a441-4a16-9d8a-4894023b993f,135530,0.88,0.88,0,1.54343,Dexs
Base,uniswap-v4,WETH-POLAR,0bd98d33-ef67-4b6d-bb8a-2ea8e1d85a39,135429,0,0,,0,Dexs
Ethereum,uniswap-v3,WETH-RIO,46a38137-3032-4b71-a32d-67ba05e4ea1b,135303,0,0,,0,Dexs
Ethereum,uniswap-v2,SMUDGE-WETH,b40ab32d-151a-4a7e-a887-b04c164bf49f,135036,0,0,,0,Dexs
Ethereum,uniswap-v4,ETH-WNXM,86da7fbc-14c2-4903-a3dc-b3e8846c4586,134857,0,0,,4.91323,Dexs
Ethereum,uniswap-v2,DERP-WETH,7353b989-e05c-4bee-9341-577ee5fedab3,134750,0,0,,0,Dexs
Starknet,vesu,WSTETH,29e31622-3cce-4e50-b5f0-334d45a2622d,134703,0,0,,0,Lending
Base,uniswap-v4,WETH-GITC,dd7c11a1-8e22-4998-84fd-e2684873ec45,134484,0,0,,0.16305,Dexs
Base,uniswap-v3,DOG-WETH,6430a6d8-5208-48fa-870e-2bbd81f04592,134477,0.01357,0.01357,,21.65557,Dexs
Base,beefy,VIRTUAL-WETH,7dfb59ef-8cab-4953-a7ea-c8f912764ba7,134424,50.46903,,,52.95473,Yield Aggregator
Base,uniswap-v4,WETH-EVO,3d255331-6cad-42b0-b690-4baf0508d8bc,134419,12.55562,12.55562,,8.41549,Dexs
Ethereum,uniswap-v2,OPTIMUS-WETH,72ad7236-af5c-4390-b179-181d64999f08,134372,0.38162,0.38162,,1.92217,Dexs
Ethereum,uniswap-v4,ETH-ALEPH,e9bf23be-bcb8-59f9-8095-3bfa93b3971d,134298,0,0,,0,Dexs
Ethereum,uniswap-v2,INU-WETH,5c209b64-2222-4a8c-aefd-c4e6ff434d03,134225,0.00214,0.00214,,0.2155,Dexs
Ethereum,uniswap-v2,WETH-CRYO,c1d03b06-2b7a-4f16-81a5-bb0ea58924b5,134213,0,0,,0,Dexs
Base,uniswap-v4,ATLASFORGE-WETH,07cc3ae8-b8d7-4ed1-b0a5-9e407b8a931d,134209,0.00113,0.00113,,0.37759,Dexs
Ethereum,uniswap-v2,WETH-NADA,df40c2d1-bb44-4865-9d8b-5ec8854ad727,134108,0,0,,0,Dexs
Base,uniswap-v4,WETH-CANTON,d517903b-0e35-4b64-8914-2562dcf2f901,134038,0.31251,0.31251,,2.3335,Dexs
Ethereum,uniswap-v4,ETH-TRUF,707efbb0-1a0c-4c63-a587-71602d486bb1,134016,2.16865,2.16865,,10.43132,Dexs
BSC,pancakeswap-amm,ETH-BTCB,019251e1-0344-431e-8a8c-e7e216fa9514,133971,0.35925,0.35925,0,0.75743,Dexs
Base,uniswap-v4,WETH-EVE,27aa0483-8210-4a32-ad49-165fe56f869d,133965,1.20003,1.20003,,26.76576,Dexs
Ethereum,uniswap-v2,WADZ-WETH,0b727494-bcbf-4922-bc83-469d6bd3c41d,133723,0.02054,0.02054,,0.0254,Dexs
Ethereum,steer-protocol,DGI-WETH,1e1dfbe4-a109-487e-b659-f25b8599f6bd,133601,13.77,13.77,,12.39641,Liquidity Manager
Base,uniswap-v4,ETH-BLUEPILL,a86f8ce6-3eb6-548d-8dd0-175fee0c7364,133421,28.31199,28.31199,,28.31199,Dexs
Ethereum,uniswap-v2,COCORO-WETH,0f2ba4e2-4964-48b0-8fb8-1fa73b965649,133318,4.70549,4.70549,,3.00688,Dexs
Ethereum,uniswap-v2,AVG-WETH,e983543c-75d1-47ce-80c0-1dcd77b3d424,133194,0,0,,0.41922,Dexs
Ethereum,uniswap-v2,SHIRO-WETH,fc841609-e819-4def-b8fc-53c2a5bd750d,133191,8.09358,8.09358,,11.73521,Dexs
Ethereum,uniswap-v2,VS-WETH,b14a38cd-45c6-46e3-8517-ed2caef94311,133039,0,0,,0,Dexs
Ethereum,uniswap-v2,DIP-WETH,398adc11-45ca-41e7-9d20-d859fe8cb090,133016,0,0,,0,Dexs
Ethereum,uniswap-v3,PUFFER-WETH,f6b15f67-cb03-4ed6-be34-74b6f148d452,133010,6.93054,6.93054,,53.87811,Dexs
Base,uniswap-v4,WETH-MARTY,d807d4a9-b632-4436-a417-8ccffe833715,132571,0.00742,0.00742,,0.03078,Dexs
Ethereum,uniswap-v2,HINA-WETH,3ba76f1f-601e-4a5e-a804-d3555f501f5c,132368,0.00071,0.00071,,0.01117,Dexs
Ethereum,sushiswap-v3,YFI-WETH,5fc409b3-eb5f-4208-9651-c6d4d8c24beb,132312,34.14748,34.14748,,12.71068,Dexs
Ethereum,uniswap-v4,ETH-AUTO,34ee4a28-8353-468a-a8d5-0475c034eac7,132194,0.20887,0.20887,,2.29059,Dexs
Ethereum,uniswap-v2,KORI-WETH,becdc1f9-3448-42ad-9796-8a14b2ed8ef0,132045,0,0,,0,Dexs
Ethereum,uniswap-v4,ETH-USDC,bd3b1844-59e2-4de2-a311-41beb743a44c,131972,5.52898,5.52898,,12.67921,Dexs
Ethereum,uniswap-v3,GNUS-WETH,daed7bd0-e064-42fb-8b06-67ae68d28454,131968,5.67238,5.67238,,18.3069,Dexs
Base,uniswap-v3,WETH-LTAI,3402c509-d0b4-4011-9034-1ba9c48e84bb,131825,0,0,,0.02341,Dexs
Base,uniswap-v2,WETH-SIREN,78a8e29a-b5a4-479b-9615-2e619f35c05c,131656,3.96684,3.96684,,6.6643,Dexs
Base,uniswap-v4,WETH-DOPPEL,8ec525c7-6ab2-41c5-97e5-e69a4c9d810e,131644,0.00576,0.00576,,0.44858,Dexs
Base,aerodrome-v1,FBOMB-WSTETH,1a6f5da2-d9ca-4226-8230-9a2c12eef530,131625,8.68171,,8.68171,12.89217,Dexs
Ethereum,uniswap-v2,GETH-WETH,e7ef6aa6-4ab2-4c35-aa73-65f1197ab341,131513,0,0,,0.00616,Dexs
Ethereum,uniswap-v2,ZYPTO-WETH,0e258bbd-8cfc-4955-8ea3-c9f64032c04e,131477,0.85728,0.85728,,2.15807,Dexs
Ethereum,uniswap-v2,FLX-WETH,ec9ed3df-3f6c-4e8f-b20b-51e778f91d73,131403,0,0,,0.65825,Dexs
Base,aerodrome-slipstream,WETH-CBLTC,d58103de-0eea-4690-99c1-eceb1826d860,131378,176.69683,118.52877,58.16806,84.66443,Dexs
Base,uniswap-v4,WETH-OPENCLAW,a93b4a2d-e50c-42d9-806d-ccdad7e97c43,131287,0.05466,0.05466,,0.08351,Dexs
Ethereum,uniswap-v2,ARC-WETH,3b381e0d-16b9-43ef-8c75-939cc3108826,131286,10.55807,10.55807,,10.03852,Dexs
Base,uniswap-v4,WETH-DAVE,78da6ff3-a686-492e-b8ba-40e2ebc15a4c,131139,3.17227,3.17227,,0.08304,Dexs
Ethereum,balancer-v2,WETH-NOTE,f37dffea-05d1-4f3e-8a83-f5436a9106c7,131122,0,0,0,0.21972,Dexs
Base,uniswap-v4,WETH-WOLF,1b93a3e1-6442-4365-9d3f-ee912f684311,130950,0.778,0.778,,7.70883,Dexs
Base,uniswap-v4,WETH-GOYIM,0a507388-e225-4362-9445-64264de7d258,130938,0,0,,0,Dexs
Ethereum,uniswap-v2,𝕏-WETH,01c2cc69-1830-4ea7-b82b-7f3eaba73b07,130895,1.27717,1.27717,,2.23946,Dexs
Base,uniswap-v4,WETH-MINI,7adc0198-48ae-4d63-8511-40c33ea167d1,130784,0.01822,0.01822,,0.0755,Dexs
Base,uniswap-v2,DEAI-WETH,7e98ca77-5887-500b-81cb-c528d19027df,130774,5.11176,5.11176,,7.72735,Dexs
Arbitrum,camelot-v3,PENDLE-WETH,ad4fc370-78de-4203-9146-d7545a3f895f,130452,20.05852,20.05852,,44.12525,Dexs
Ethereum,uniswap-v2,WETH-STRNGR,62cf2177-d2b3-4bd7-89cc-df38dafe126e,130401,0.00275,0.00275,,0.00378,Dexs
Base,uniswap-v4,ETHR-WETH,4e949edf-6483-45cf-b23f-558207c47423,130392,0.06652,0.06652,,12.72967,Dexs
Ethereum,uniswap-v3,PEPES-WETH,3cad2d2c-09f7-4126-87fe-b7f670f29ab4,130267,0,0,,0.45143,Dexs
Ethereum,uniswap-v2,API3-WETH,dfa2dce5-42dc-4173-8865-c78b9e6dc3e0,129908,10.84189,10.84189,,7.81122,Dexs
Ethereum,uniswap-v3,WETH-OSQTH,115c0ec6-ac08-4f8a-acb4-bf605fc5784c,129855,0.61562,0.61562,,0.08499,Dexs
Ethereum,uniswap-v3,OHM-WETH,7b3f1713-9df4-4347-b8e9-a778a00098a7,129854,0.1251,0.1251,,0.60121,Dexs
Ethereum,uniswap-v3,TKING-WETH,f1eb7730-3497-4449-a373-28abe9177d92,129794,0.00159,0.00159,,0.10064,Dexs
Base,uniswap-v3,WETH-TAO,5e86c21c-6d1e-5861-85ca-a45276ae4737,129715,214.2395,214.2395,,237.8669,Dexs
Ethereum,uniswap-v2,X-WETH,de476369-03b8-402f-bb5b-4c8d8cd4c698,129626,0.00278,0.00278,,0.04543,Dexs
Ethereum,uniswap-v2,RVST-WETH,f1d3bdc7-2c80-42db-bac1-a45cd935a2e9,129493,0,0,,0.04099,Dexs
Base,uniswap-v4,WETH-BRAINPRO,d799b0e7-afce-4eb0-8ddd-47ff6c58afa7,129464,0.02882,0.02882,,0.07855,Dexs
Base,uniswap-v3,WETH-PEPETO,078916c3-935e-5a23-8363-1bbe2c92732b,129225,0,0,,0,Dexs
Ethereum,uniswap-v4,ETH-TRAC,2fbe19fb-133c-4db2-bc61-264f988e5d27,129174,63.83599,63.83599,,66.76875,Dexs
Ethereum,uniswap-v2,SFI-WETH,9e9e97db-3cbc-4303-9bd8-d2d28d5f2a30,129047,1.95875,1.95875,,6.28653,Dexs
Base,uniswap-v4,ETH-WOFT,998db234-d21f-59d2-9ea0-152bf5c61677,129008,6.08062,6.08062,,6.08062,Dexs
Arbitrum,uniswap-v3,WETH-LSETH,434f05af-7128-4d40-93f8-22db263f927d,129004,0.00038,0.00038,,0.00181,Dexs
Arbitrum,gmx-v2-perps,ETH-USDC,27fef2fd-fa29-445f-a33b-beddb2ca966f,128971,6.56873,6.56873,,10.69819,Derivatives
Ethereum,uniswap-v4,ETH-AKITA,8ba271a3-1a72-4a60-b979-5a36ac1f2c2b,128949,5.33913,5.33913,,24.1684,Dexs
Base,uniswap-v4,ETH-SPARK,805f545c-2ca5-41a2-a455-992c6f4d5478,128877,7.95386,7.95386,,18.76883,Dexs
Ethereum,uniswap-v4,ETH-GOBLIN,561b5621-514e-449c-a600-59024eed9dd7,128773,0,0,,0.05133,Dexs
Arbitrum,uniswap-v3,WETH-DAI,0c1f5caa-98bc-455c-b4bb-009570f7b7a4,128602,1.77579,1.77579,,13.6348,Dexs
Ethereum,uniswap-v4,ETH-TOADSTR,d72d6ac6-cbbe-4872-b791-3c6c8e4e1f6b,128529,0,0,,0,Dexs
Ethereum,uniswap-v3,WETH-ENS,0e1ddaae-78bb-4aca-9731-7c79cc0291a5,128499,19.3246,19.3246,,7.24158,Dexs
Ethereum,uniswap-v2,LY-WETH,0792cd83-09cc-4ca5-ab97-97b14b9ca521,128459,0,0,,0,Dexs
Ethereum,yield-basis,YB-WETH,47bdcbc9-9d71-560e-9b99-582c94ea469d,128008,21.41247,21.41247,,9.00764,Leveraged Farming
Ethereum,sushiswap,WETH-NFD,975d955c-7b35-4abd-83a3-3bc990b750f4,127988,1.57549,1.57549,0,12.92825,Dexs
Ethereum,uniswap-v2,WETH-RXS,3074efb7-1d0a-4184-8497-507d77272c63,127953,0,0,,0,Dexs
Ethereum,uniswap-v2,WETH-TKINU,887ad307-d590-49b0-9db0-8d2042ec2b9d,127889,0,0,,0.52644,Dexs
Base,uniswap-v4,ETH-QUILL,dde56b7e-cce7-4eb1-8a2a-50b41f95ab9e,127769,0,0,,1.04337,Dexs
Base,uniswap-v4,WETH-DELU,b00618c4-940d-4044-8369-87e32192f4c4,127730,0.46775,0.46775,,3.32996,Dexs
Base,uniswap-v4,WETH-CLAWK,e9b53863-9826-40d2-b144-42f4eca29e73,127545,0,0,,0.18057,Dexs
Base,uniswap-v2,WETH-MIDAS,723fb660-9fd4-43b2-8ad0-0058ad0435d0,127529,0.05038,0.05038,,0.82456,Dexs
Ethereum,uniswap-v3,MOBY-WETH,3825a5cc-3d60-452e-ac5d-9df1c678221d,127513,0.09349,0.09349,,0.12126,Dexs
Ethereum,uniswap-v2,DMTR-WETH,2d4cf306-eb38-4c5c-ac59-f2503b97e2c7,127284,11.08365,11.08365,,21.75436,Dexs
ZKsync Era,zkswap-v2,USDC.E-WETH,275cc0a1-571b-41f2-a467-ec69efbf4e47,127202,0.95631,0.95631,0,1.45981,Dexs
Base,uniswap-v3,WETH-COIN,fe6edd87-fd9f-4320-97b3-b4aad91a468a,126870,0.04836,0.04836,,0.49954,Dexs
Ethereum,curve-dex,WETH-SPC,f13e0a93-16eb-44ef-b329-bc87aa2e60aa,126817,105.45706,0.24,105.21706,98.02242,Dexs
Arbitrum,camelot-v2,WETH-LANCE,726b47ad-a7e2-426f-af1c-98b3254a0765,126789,0,0,,0,Dexs
Ethereum,uniswap-v2,BOG-WETH,dc14e7dc-2798-4302-960c-ca2b488b0df5,126787,0,0,,0,Dexs
Ethereum,uniswap-v2,MOONKIN-WETH,b91628c1-dccf-41a5-b5cf-a4764b17bef0,126766,2.11067,2.11067,,9.50438,Dexs
Ethereum,uniswap-v4,ETH-OLY,5a0c564e-c96f-5ee7-97b1-7b4a73f47fdc,126649,1.53259,1.53259,,2.9362,Dexs
Ethereum,uniswap-v2,MEOW-WETH,cd97dcf1-1766-4748-8cef-483329eabe42,126515,0,0,,0,Dexs
Ethereum,uniswap-v2,WETH-BIRDDOG,8eec8855-4dee-48b7-b35f-ee944fe02fb4,126504,0.3829,0.3829,,0.18467,Dexs
Ethereum,uniswap-v4,ETH-ELEVATE,5b7b5d88-5e5b-4841-a6a4-92df499a2183,126397,10.83167,10.83167,,12.48626,Dexs
Ethereum,sushiswap,FTXTOKEN-WETH,00dde020-46a5-435b-a5b0-eaf869404b8b,126331,4.67298,4.67298,0,59.32433,Dexs
Ethereum,uniswap-v2,HACHI-WETH,917eb8f2-cc81-41dc-965d-0fe54b7d131e,126274,0.07097,0.07097,,0.47854,Dexs
Base,uniswap-v4,WETH-CLAWDICT,c528bf09-320d-49f2-bd4f-3ca20e464388,126256,0,0,,0.01913,Dexs
Base,uniswap-v3,TIG-WETH,6164cd98-fb7a-43b1-82e2-b1203dd46a2b,126092,144.52758,144.52758,,107.79882,Dexs
Base,aerodrome-slipstream,WETH-DRV,ee2472de-e4eb-4a65-86e8-5321042762dd,125941,4e-05,4e-05,0,3.35232,Dexs
Base,uniswap-v4,ETH-CLANKER,624b4a39-24a3-4e01-940d-fd7b379521d5,125683,0.01228,0.01228,,0.05578,Dexs
Base,uniswap-v3,WETH-DEGEN,ae82b93c-7abc-4aaa-82d2-1858454e6827,125656,24.32788,24.32788,,46.89197,Dexs
Arbitrum,deltaprime,WETH,877ad94d-4acd-4e19-8ebd-aa1575d08d00,125621,0.05606,0.05606,,0.44156,Leveraged Farming
Ethereum,uniswap-v2,RUVI-WETH,2add2bac-41e8-4ffa-b472-2a66dcbd5674,125563,0,0,,0,Dexs
Ethereum,uniswap-v2,BOX-WETH,f42f0183-0c91-46f8-9b18-0fcafa094529,125449,1.27264,1.27264,,5.77721,Dexs
Ethereum,uniswap-v3,MORPHO-WETH,53da6e5a-778d-40d5-a5f3-f188b27cb576,125334,15.2194,15.2194,,32.7713,Dexs
Ethereum,balancer-v3,WETH-EIGEN,a874d9a4-fc29-5170-9dbb-a9f13bad19db,125111,0,0,0,0,Dexs
Base,uniswap-v4,WETH-VVVEITY,f5ba6eee-d6c9-47e2-b82c-dc867bcbccfa,124899,0.55449,0.55449,,71.27385,Dexs
Ethereum,uniswap-v2,S-WETH,14c091a2-00c5-4e9c-bf72-0bf6faac80a5,124807,0,0,,0,Dexs
Base,uniswap-v2,IRA-WETH,668b9b43-33fb-45e8-88bf-4ca1049713a5,124804,0.24326,0.24326,,0.19389,Dexs
Ethereum,uniswap-v2,CCX-WETH,6b15c814-f937-46ac-b5e0-20db505072cb,124749,0,0,,0,Dexs
Base,uniswap-v4,WETH-ASTEROID,c32cbac9-a86e-4c99-9e0a-6dbc00eec665,124736,0,0,,0,Dexs
Ethereum,uniswap-v2,WETH-SHIROX,aae1b8a1-f12e-4687-bff9-0d6fb9100f18,124710,0,0,,0,Dexs
Base,uniswap-v4,TCRUST-WETH,a5a249fb-458a-4040-b4e0-cc0a2734d6df,124685,0,0,,0.00467,Dexs
Arbitrum,uniswap-v3,WETH-ARB,57437274-42a0-45eb-8389-992b8b71fc44,124546,59.90342,59.90342,,63.24308,Dexs
Ethereum,uniswap-v2,FATE-WETH,24031a22-e536-477f-b263-b92a1889537c,124481,0,0,,0,Dexs
Polygon,fluid-lending,WETH,a4e8526a-c2c1-4066-9ce1-2032dbf413ae,124436,0.74,0.74,,0.87084,Lending
Base,uniswap-v4,ETH-TEL,33dd5db0-def1-573a-9706-0a4e2527d87b,124420,26.87008,26.87008,,47.9674,Dexs
Ethereum,uniswap-v2,ROCK-WETH,681c9f98-7eee-4fea-b455-977059f9f34e,124308,0,0,,0,Dexs
Ethereum,uniswap-v2,WETH-ANKRETH,3ca44052-61e7-4c45-aa2e-d2cd4d2381b5,124273,0,0,,0.17752,Dexs
OP Mainnet,velodrome-v2,WSTETH-WETH,c50be195-b74e-463a-b543-85b86cf1a220,124220,0.34312,,0.34312,0.28826,Dexs
Base,uniswap-v4,WETH-BUNKER,448c07cb-a4d0-4b98-a5b5-6e1a8fae6501,124152,0.01479,0.01479,,0.10037,Dexs
Ethereum,uniswap-v3,RSR-WETH,7e308dcf-b3da-48dc-82ba-5ae630c5d2f4,124073,0,0,,0,Dexs
Ethereum,uniswap-v4,ETH-EPIC,19457d93-6be3-4207-8d0c-a15e8b321e29,123986,13.76617,13.76617,,27.7718,Dexs
Arbitrum,gmx-v2-perps,ETH-USDC,2295861c-26c7-4784-bd9a-0c9a991944c3,123911,4.50461,4.50461,,24.77802,Derivatives
Base,uniswap-v3,WETH-BRETT,3e485ec0-19e1-4bac-a4eb-4f28cc3ea139,123897,63.62067,63.62067,,35.97488,Dexs
Base,uniswap-v4,WETH-MOLTLINE,a87314d3-14f2-4a89-89dd-360f1ccd69c8,123878,0,0,,0.40165,Dexs
Ethereum,uniswap-v4,SWETH-RSWETH,f7c47597-2190-4c5c-813f-4d958f74cccc,123823,0,0,,0,Dexs
Ethereum,uniswap-v2,$EDRAIN-WETH,739b70b1-80c6-4442-8153-5520cd048ca8,123665,0,0,,0,Dexs
Base,aerodrome-slipstream,WETH-USDC,80739318-c205-4177-9207-3c4322925ac6,123631,5174.35792,26.28252,5148.07539,10104.48892,Dexs
Base,uniswap-v2,WETH-PRXN,8bc11c0c-0767-4509-8c65-d718740a069d,123624,0.53824,0.53824,,0.2139,Dexs
Ethereum,ekubo,ETH-EKUBO,21acb62d-c0de-4a90-bb69-43adf7885c5d,123511,572.81855,572.81855,0,898.94095,Dexs
Ethereum,uniswap-v4,ETH-KLIK,7e3d4d3c-9aee-596f-8fba-8a0f845d41d7,123445,0,0,,0,Dexs
Ethereum,uniswap-v2,SHIFU-WETH,0ad20c21-b7e0-48d1-9441-07b7fb28fb2c,123401,0.05265,0.05265,,0.09271,Dexs
Arbitrum,pancakeswap-amm,WETH-DNC,4d46d508-df47-4e12-bf99-e22f91e2005d,123386,1.6318,1.6318,,0.0871,Dexs
Base,uniswap-v2,KERMIT-WETH,ca10b498-97ca-4405-95cb-3cdc91c138fd,123217,0,0,,0,Dexs
Ethereum,uniswap-v2,WETH-AUTOS,fec534af-3eda-48cc-be83-e30eb5e8f152,123117,4.24278,4.24278,,11.61176,Dexs
Ethereum,uniswap-v2,USHI-WETH,40193275-a303-4868-857e-bba95a4df190,123101,0,0,,0.00512,Dexs
Arbitrum,uniswap-v3,WETH-USDC,73abd456-ad4d-45df-9a47-86758ab5a8ef,123026,34.76942,34.76942,,33.95947,Dexs
Base,alien-base-v3,ALB-WETH,473b9001-bc73-47a0-b5f4-a18448611031,122957,10.42307,10.42307,0,7.818,Dexs
Base,uniswap-v3,WETH-OWO,2913f374-9305-417e-91e5-9a21adf91404,122805,0,0,,0.00055,Dexs
Ethereum,uniswap-v2,MONKE-WETH,6a663d06-293e-4efa-b0df-1de1f4e71afa,122690,0,0,,0,Dexs
Ethereum,uniswap-v2,RSTK-WETH,e820651b-ceab-4e4b-871a-ca553345acee,122639,0,0,,0.00361,Dexs
Ethereum,uniswap-v4,ETH-KARRAT,b6214be0-25c2-4bd2-9986-8e25668fce26,122636,76.31998,76.31998,,42.61876,Dexs
Ethereum,uniswap-v2,BEST-WETH,0ca54c13-3310-4d13-a3a1-5c1444861193,122563,0,0,,0,Dexs
BSC,uniswap-v3,XRP-ETH,507f955a-fa25-4106-a963-e1e552546fac,122547,7.33754,7.33754,,13.27116,Dexs
Ethereum,uniswap-v2,PLANET-WETH,c828fb6f-4668-48be-8c52-4504f4f72658,122492,0.24742,0.24742,,0.21795,Dexs
Ethereum,uniswap-v2,ELON-WETH,f2e2a783-5a98-4bf8-8ba6-a1a2927e1798,122255,0.00535,0.00535,,0.35528,Dexs
Base,uniswap-v2,BABYPEPE-WETH,9020e69e-cbf4-40e5-9469-1d36c107c2b8,122015,6e-05,6e-05,,0.03021,Dexs
Arbitrum,uniswap-v3,WETH-SEED,5f0db05b-bfdf-465a-9222-687a367addb5,121985,0,0,,0.12595,Dexs
Arbitrum,uniswap-v3,WETH-ZPC,37115708-79b0-485b-942d-661e0a64b137,121878,0,0,,0.00347,Dexs
Ethereum,uniswap-v2,SWAG-WETH,6da5d567-8630-4397-bc32-bc782dd13806,121830,0.00588,0.00588,,0.53127,Dexs
Ethereum,uniswap-v2,SOLANA-WETH,94edbb97-f737-4205-95f6-6e6a778d71e7,121821,3.01913,3.01913,,1.73044,Dexs
Arbitrum,uniswap-v3,CNFI-WETH,4b0f0d1d-3f08-4db2-a3d9-63c1d09b76a4,121744,0,0,,0.20108,Dexs
Base,uniswap-v4,WETH-FOMOLT,82397457-ab3e-4817-81fc-6db41209fda8,121409,0,0,,0.01958,Dexs
Arbitrum,uniswap-v4,ETH-USDC,21b4fa3a-1203-4027-9f21-628cf73d148e,121367,0,0,,0,Dexs
Base,uniswap-v4,WETH-BV7X,ae9881b3-c004-4203-95bb-5e3d4c85d38e,121279,0,0,,10.71715,Dexs
Ethereum,uniswap-v2,BABYPEPE-WETH,f0f69fac-f182-43fb-a225-64531cd59e5e,121171,0,0,,0,Dexs
Base,uniswap-v4,WETH-YOSHI,4b49cd15-1b61-4c96-b08c-289055f85416,120738,0.00708,0.00708,,0.54114,Dexs
Ethereum,uniswap-v4,ETH-SLOP,f0e674f6-ad83-4cde-8a87-14fd0a04eeb6,120530,0,0,,0,Dexs
Arbitrum,gmx-v2-perps,ETH-USDC,1fe9f91d-8079-4cee-85b1-2702f631186a,120417,2.01494,2.01494,,5.47859,Derivatives
Base,uniswap-v2,WETH-$BUNNI,d27a1f58-450a-485a-9e9c-7accc2f40c0c,120274,0,0,,0.04683,Dexs
Ethereum,uniswap-v2,GEAR-WETH,59d8497a-0437-58cb-93ee-daf69f5fe07a,120158,1.97765,1.97765,,7.67609,Dexs
Ethereum,uniswap-v2,OHMI-WETH,b192fc68-5178-4e8b-88e3-d6db5a896627,119946,0.01024,0.01024,,0.06752,Dexs
Base,uniswap-v4,WETH-SAIMMY,68b15315-a45e-41db-890e-09c2a80f0bf5,119774,0,0,,0,Dexs
Base,uniswap-v2,WETH-PAWTH,b2c67581-f92f-4e1a-b818-369f50599b3f,119702,0,0,,0.03127,Dexs
Ethereum,uniswap-v2,WETH-CRV,99a300d4-5dc0-49f2-b5d1-ad97d17763e6,119617,7.63268,7.63268,,9.01573,Dexs
OP Mainnet,velodrome-v2,WETH-FBOMB,cd62b734-ff85-44fb-967c-519a18f6feb7,119607,3.97449,,3.97449,4.93959,Dexs
Base,uniswap-v2,WETH-BLCK,b5ac680a-ede0-4caf-a4f0-bfb4ec9c25c5,119581,0,0,,0.00347,Dexs
Arbitrum,gmx-v2-perps,ETH-USDC,4446ddda-e05a-4064-b336-5be7635bd525,119575,13.86968,13.86968,,15.21547,Derivatives
Base,uniswap-v2,WETH-SURGE,4ff71117-e655-4fb5-a7cb-9da29d7b8f1f,119539,6.76458,6.76458,,17.90516,Dexs
Ethereum,uniswap-v2,MONONOKE-INU-WETH,92187ca2-fabc-4dc1-85e1-0ca514f7caf1,119402,0.32192,0.32192,,0.08894,Dexs
Arbitrum,gmx-v2-perps,ETH-USDC,de82b0d2-cec7-444d-a502-ea014d338088,119221,39.78628,39.78628,,19.23388,Derivatives
Arbitrum,compound-v3,EZETH,8fe49c7b-64b7-49cb-9924-411f618588ef,119185,0,,,0,Lending
Polygon,uniswap-v4,WETH-TEL,d46dea6e-c44c-4741-8a55-d9f2a96bd1e8,119102,0,0,,0,Dexs
Avalanche,beefy,ETH-WAVAX,132f4250-d400-4750-8024-f19c94be1786,119047,51.52152,,,196.08913,Yield Aggregator
Ethereum,3jane-options,ETH-X-C,ededa9e7-d50b-405d-b1f7-92ff083001ba,118928,30.55132,,,29.2902,Options Vault
Ethereum,uniswap-v3,RSR-WETH,75ca1ed2-dcd0-419d-99e8-8aa13aa08364,118806,21.94797,21.94797,,39.93566,Dexs
Ethereum,uniswap-v4,ETH-NES,74519b9e-34c7-56e8-9280-b01f8dfed36c,118693,0,0,,0,Dexs
Ethereum,uniswap-v2,SHIBGF-WETH,2f311dcc-1bf2-462e-a5c1-80eba3ce0a67,118655,0,0,,0.04585,Dexs
Ethereum,uniswap-v2,STRAY-WETH,ac891321-3f96-4792-acb6-ec807e06cde6,118416,0,0,,0,Dexs
Ethereum,uniswap-v2,BRETT-WETH,7a0e5c7d-f1b9-48af-954f-fadba716dab1,118405,0,0,,0.06128,Dexs
Ethereum,uniswap-v4,ETH-VEE,92974aef-911e-4765-a74f-476c9b847583,118381,0.60709,0.60709,,0.14837,Dexs
Ethereum,uniswap-v3,CVX-WETH,7c4101a3-366a-4e50-9247-3667d973c671,118347,15.22651,15.22651,,5.94674,Dexs
Ethereum,uniswap-v2,WOOOOO!-WETH,83f1895c-05b8-487c-8eff-517ff72b97a8,118193,0,0,,0,Dexs
Ethereum,concentrator,USDT-WBTC-ETH,71c5474f-752f-41f4-bfcf-42e24669b651,118097,3.41,,,2.6422,Yield
Ethereum,uniswap-v2,Q*-WETH,e32f6250-f2fa-4e14-8f0b-8cb8135add2d,118092,0.02115,0.02115,,0.03037,Dexs
Ethereum,uniswap-v2,PWQ-WETH,598866d3-cc86-4681-b4e0-964ea66f2c8f,118035,0,0,,0,Dexs
Ethereum,uniswap-v2,FOXE-WETH,6a6023b6-8502-4769-9f66-b1ec77182f13,117996,0,0,,0,Dexs
Ethereum,inverse-finance-firm,WETH,dcbc0158-f4d3-4a8f-afeb-74b1e1b22a0c,117978,0,,,0,CDP
Ethereum,uniswap-v2,WETH-LOTR,075e07eb-1972-4464-9d85-f1ea7cf5a8c3,117909,0,0,,0,Dexs
Ethereum,frankencoin,WSTETH,27e08907-5085-56f8-a22f-617bf2aea0e0,117863,0,,,0,CDP
Ethereum,uniswap-v2,DDAWGS-WETH,101d3245-77bd-4cf1-a025-e41210bd562c,117853,0,0,,0,Dexs
Base,uniswap-v2,WETH-PATIENCE,314f171a-8d08-490a-afcd-40225cbafa62,117801,7.51241,7.51241,,2.35513,Dexs
Base,uniswap-v2,WETH-AXIS,fabaee48-7b9e-550b-8f30-30f96a21f99d,117723,0,0,,0.38284,Dexs
Base,uniswap-v4,WETH-SYYN,8421abe2-5158-468f-8cca-761a065988e5,117681,0.10497,0.10497,,0.11755,Dexs
Base,uniswap-v3,WETH-LINGO,227d7b30-5ab9-464b-b40c-f4f4b6e4d7db,117571,4.6945,4.6945,,7.12072,Dexs
Base,uniswap-v2,BFX-WETH,cc35a1f6-eaff-4d59-be68-4771f23e379a,117518,0,0,,0,Dexs
Base,uniswap-v4,WEB4-WETH,b8e0f4a8-5d3f-4477-80ad-9b7bd5574705,117415,0,0,,0.00373,Dexs
Ethereum,frankencoin,WSTETH,0f47f84b-0e90-4e6f-8739-4ef6375ef63b,117394,0,,,0,CDP
Ethereum,morpho-blue,WETH,c2ef148c-5213-44e3-b284-3f4d16805424,117361,0,0,,0,Lending
Base,uniswap-v3,WETH-HYPER,c5c35be4-bed0-5a65-8d3e-7512a7273b0e,117328,0,0,,0,Dexs
Ethereum,uniswap-v2,TYPE-WETH,de2ab694-a5a4-418c-ad06-f198a4604fa0,117274,1.51385,1.51385,,0.63277,Dexs
Ethereum,uniswap-v2,TREND-WETH,8443b01e-5cc9-5304-a011-907a1246fe11,117268,2.53284,2.53284,,2.90865,Dexs
Base,uniswap-v4,WETH-SINGIT,97232bc8-9b1a-4f14-9d60-1f221fdd4b60,117121,11.97534,11.97534,,45.13061,Dexs
Sonic,beets-dex,ECLP-WETH-WBTC,134ec73a-6a6e-41d5-9f93-2ca1cb58dfbd,117094,53.68003,1.52551,52.15452,30.23667,Dexs
Ethereum,uniswap-v3,WETH-XPR,005c20d2-5e52-47eb-b814-47d870a608d2,117024,63.62721,63.62721,,109.45524,Dexs
Base,uniswap-v4,4CLAW-WETH,e3f778bb-1f84-40d1-b209-5d28ac997013,116720,0,0,,0.01822,Dexs
Ethereum,uniswap-v2,SMC-WETH,e4729ee2-1455-4561-a1a7-11c1a1bf848c,116655,0,0,,0,Dexs
Cronos,vvs-flawless,WCRO-WETH,98b15949-964a-5520-a8f3-7d9e11c6a63e,116606,7.01351,7.01351,,12.2656,Dexs
Ethereum,uniswap-v2,GM-WETH,0c8957fa-f68b-4516-866c-2ced2d807926,116599,0,0,,0,Dexs
Base,uniswap-v3,BYTE-WETH,c037350d-166b-49d6-841d-1affffb04f93,116591,0.02025,0.02025,,3.65237,Dexs
Base,bmx-classic-perps,ETH-CBBTC-USDC,ccf47286-8972-4e44-a442-2c08852a4ad9,116540,0,0,,0,Derivatives
Ethereum,uniswap-v4,ETH-DICKSTR,b285bdc4-09ec-4b6d-b077-596a55ee8e64,116496,0,0,,0,Dexs
Ethereum,uniswap-v2,MYSTERY-WETH,5e5e11a3-98d2-4ab8-bb11-49d05fbd3f7d,116481,0.74417,0.74417,,0.50567,Dexs
Ethereum,uniswap-v4,ETH-ENA,bb60306c-6720-4137-8068-a4d3579ab932,116420,13.8916,13.8916,,27.97932,Dexs
Base,uniswap-v2,WETH-OZ,074ebc96-1e4a-47c9-ad01-08b9865af886,116413,0,0,,0,Dexs
Polygon,balancer-v2,WMATIC-USDC-WETH-BAL,d077bb72-ecf2-4f12-acc9-362bf50d0bae,116228,1.26865,1.26865,0,2.56849,Dexs
Ethereum,uniswap-v2,LMWR-WETH,72da4636-aa83-4a4e-a1ae-59594eb1e274,116114,0.96512,0.96512,,7.07468,Dexs
Base,uniswap-v2,WETH-GLE,ec4f8c4c-8586-4cca-908d-bd0488944a09,115962,0.68881,0.68881,,0.01634,Dexs
Ethereum,uniswap-v2,CAVA-WETH,cd288f9f-6d83-4083-8de3-322555096694,115925,0,0,,0.00302,Dexs
Ethereum,uniswap-v2,PAPPLE-WETH,f5bae628-b269-4d47-90e5-36bf2d89600f,115876,0.05498,0.05498,,0.96904,Dexs
Ethereum,uniswap-v2,WETH-ONIGIRI,79997db6-0474-4132-8c70-567345c5239c,115651,0.29374,0.29374,,0.39271,Dexs
Ethereum,uniswap-v2,SNX-WETH,ae1d429a-ec54-44fb-95f5-e89e5f1e860c,115603,25.91936,25.91936,,11.66137,Dexs
Robinhood Chain,alandale-v3,WETH-SPY,aa262208-c77c-5877-9f46-a2ec7a3a4aea,115542,44.27856,0,44.27856,123.45977,Dexs
Ethereum,uniswap-v2,SHEPE-WETH,67b12f17-5f13-4eeb-b760-232a456733d2,115436,0,0,,0,Dexs
Base,uniswap-v3,SCI-WETH,b15cab2f-bedd-4f4f-a841-02556af903bc,115410,5.69426,5.69426,,1.36745,Dexs
Base,alien-base-v3,WETH-USDC,ee8fc6f3-2801-4f6b-ba94-3d32874d8884,115339,0.0003,0.0003,0,0.00519,Dexs
Ethereum,uniswap-v2,WETH-IDOGE,7df68949-86e2-4945-9eeb-b0f2b4e45855,115246,0,0,,0,Dexs
Ethereum,uniswap-v3,RIO-WETH,54dacb8d-cb59-45cb-b4f0-9ea6e5fce946,115140,39.26569,39.26569,,54.66695,Dexs
Base,uniswap-v2,WETH-SPX93K,2828a771-b514-56e4-9354-ed9d8478b3a3,115119,0,0,,19.59567,Dexs
OP Mainnet,velodrome-v2,EXA-WETH,2e4ac811-e143-43ca-bfd0-9fc06c81e83f,115070,16.54444,,16.54444,5.8403,Dexs
OP Mainnet,beefy,WSTETH-USDC,15edba14-b13f-4d5b-8198-dbf3553b046a,115004,29.82687,,,40.81618,Yield Aggregator
Base,uniswap-v3,WETH-CBZEC,5ff0b98d-e450-53dd-9d8d-53bb0cc310f6,114982,107.03659,107.03659,,189.30319,Dexs
Ethereum,uniswap-v2,OK4MI-WETH,8a873aa2-f7fe-4933-9e42-ceaf8a6d7189,114779,0,0,,0,Dexs
Ethereum,uniswap-v2,UB-WETH,25e5bef2-9748-46a1-abf8-e904bbfb8b5a,114724,0,0,,0,Dexs
Ethereum,uniswap-v4,ETH-SD,0c5d0cbd-8608-481e-aa5b-4bb1e70d5426,114558,47.79537,47.79537,,12.93223,Dexs
Base,alien-base-v3,CBETH-WETH,02652b52-c0ec-436a-8daa-2557ecb7dc55,114550,8.05094,0.01429,8.03666,8.5495,Dexs
Base,uniswap-v4,ETH-BASEPAD,18bc5c6b-34f0-5dc4-ba6c-7bc9349a4137,114544,5018.45182,5018.45182,,4328.17476,Dexs
OP Mainnet,uniswap-v4,ETH-WBTC,4baab5c9-64c9-40f6-9f95-76a289d5959d,114490,4.26618,4.26618,,7.47132,Dexs
Base,uniswap-v4,XDP-WETH,d97c9e55-772e-5401-b64e-18bb159e2834,114471,124.76742,124.76742,,68.65827,Dexs
Ethereum,uniswap-v2,WETH-ZINU,54e1835c-f557-41aa-879c-49395bd69ca9,114467,0,0,,0.00467,Dexs
Ethereum,stake-dao-yield,YNETHX-WETH,f44855a6-8872-4f2c-946b-1ca35b1cac31,114429,1.79718,1.79,0.00718,2.41821,Yield
Arbitrum,uniswap-v3,WETH-KRL,fc839036-4ef2-42c7-860c-7f6349b84293,114351,0,0,,3e-05,Dexs
Ethereum,uniswap-v2,WETH-NEXE,1882fbb7-84fd-4ee2-a8ed-31a5b3554f71,114342,0,0,,0.00769,Dexs
OP Mainnet,velodrome-v2,WETH-OP,e4a96a27-9ad1-458b-8a27-5752bb35839a,114257,37.9185,,37.9185,19.87982,Dexs
Base,uniswap-v4,WETH-VSOF,0767597d-c52d-59eb-9081-98a34dedc212,114248,112.14124,112.14124,,66.62264,Dexs
Ethereum,uniswap-v2,TEAR-WETH,5a4cbff2-baf4-4dd5-9137-a9d95b847c88,114200,0,0,,0,Dexs
Ethereum,uniswap-v4,ETH-STRK,cf515b65-cfff-5c74-8c9f-f0761f802374,114199,71.98691,71.98691,,135.06015,Dexs
Ethereum,uniswap-v4,ETH-CRYPTO,1278fd76-46d3-45d4-8de2-db096b6b5985,114156,2.55814,2.55814,,5.68831,Dexs
Base,alien-base-v3,WETH-CBBTC,4a020723-31d7-4ce8-8117-58ea87ed7621,114125,5.17558,5.17558,0,4.60277,Dexs
Ethereum,uniswap-v2,WETH-BEBE,a618298f-0feb-40ae-a0de-7022c3adf59f,114081,0.35791,0.35791,,0.50364,Dexs
Ethereum,uniswap-v2,MND-WETH,d11147fb-79a1-4b7e-9a9c-e4b4a4ac91ce,114022,0,0,,0.0639,Dexs
Ethereum,curve-dex,ETH-RETH,febfb5b4-7485-44bc-ae4a-7b192ac61fe3,113889,0.98,0.98,0,1.14353,Dexs
Ethereum,uniswap-v2,MILFIN-WETH,91bf3c54-ad59-4051-8ef3-78077a2c72a6,113822,0,0,,0,Dexs
Ethereum,sushiswap,STKATOM-WETH,fca25fa9-9365-4241-8322-8e54fd114f19,113780,0,0,0,0,Dexs
Ethereum,uniswap-v2,SHIBI-WETH,9158b48d-a83e-4244-bffb-c1670c852889,113716,0,0,,0,Dexs
Ethereum,uniswap-v4,ETH-JRNY,6bf07a57-6d30-4cf6-a234-7328e6a63cd5,113634,0.67485,0.67485,,0.0849,Dexs
Arbitrum,uniswap-v3,SOL-WETH,74a30bce-27cc-49ca-a2e1-3109e6c37553,113621,84.8037,84.8037,,59.67698,Dexs
OP Mainnet,uniswap-v3,WETH-USDC,fede7dd5-91f6-4596-986c-d7379210f71d,113594,0,0,,2.20875,Dexs
Ethereum,uniswap-v2,KANJI-WETH,39118282-35e3-42a7-97bf-30b266ef3f5e,113546,0,0,,0,Dexs
Ethereum,uniswap-v2,WETH-FEY,8ced2064-cced-438b-a6e2-15425f3971b4,113511,0.10483,0.10483,,0.45653,Dexs
Ethereum,uniswap-v2,BOBO-WETH,8588a1d9-f3b7-4e92-9985-72a454116b28,113492,0.01588,0.01588,,0.68668,Dexs
Ethereum,curve-dex,WETH-DETH,3cf5b14b-d922-48cd-a6c6-b39127e18b50,113465,0,0,0,2.96836,Dexs
Base,uniswap-v2,WETH-OZAK,e8bb8c36-0a07-58e8-a7c1-e9d35a0abb69,113460,197.64784,197.64784,,202.63452,Dexs
Ethereum,uniswap-v4,ETH-ANVL,a203895e-f5c0-59b2-ba97-815fe17a54b9,113310,35.69606,35.69606,,51.90493,Dexs
Ethereum,uniswap-v2,GIGA-WETH,d4f8e9b2-c6d3-47e5-8959-dbc15caac391,113079,0,0,,0.0026,Dexs
Base,uniswap-v4,EMMET-WETH,53d68dfc-132c-4f8d-acd5-3042d14d6c0d,113020,0.74452,0.74452,,0.30576,Dexs
Ethereum,uniswap-v4,ETH-LCX,119d49e5-f42c-4e4a-b867-a05c3f236469,113004,490.01331,490.01331,,178.30061,Dexs
Arbitrum,gmx-v2-perps,ETH-USDC,ce833635-44e2-4fe0-9dd2-17959a577a3e,112941,20.81142,20.81142,,11.19679,Derivatives
Ethereum,uniswap-v2,LIQ-WETH,0ebafaba-ef35-4811-9070-a26cabcf10fd,112903,0,0,,0,Dexs
Arbitrum,curve-dex,ETH-WSTETH,668763b1-d038-4c97-b918-f013e91e863e,112815,1.14,1.14,0,1.14235,Dexs
Ethereum,uniswap-v2,BABYNEIRO-WETH,08849272-9290-4417-a817-d49663626886,112788,0,0,,0,Dexs
Ethereum,uniswap-v2,SHD-WETH,ece1e3f8-382f-4156-a0af-d3ef1ae83ef5,112681,0,0,,1.09086,Dexs
BSC,uniswap-v4,ETH-10X,54c4e91a-855f-5468-994b-afeb041e56b0,112671,0,0,,0,Dexs
Ethereum,uniswap-v2,WFO-WETH,add3d637-4564-45ec-9ec8-ad580e91e042,112642,0,0,,0,Dexs
Base,uniswap-v4,WETH-THINK,02d5bd0e-03ee-413b-801b-1749ac0a2540,112628,0.65321,0.65321,,0.11618,Dexs
Ethereum,uniswap-v4,ETH-DOLO,d3907ea3-f7f7-47cf-b44c-01573c0b8b96,112611,0.00387,0.00387,,4.72429,Dexs
Base,aerodrome-v1,WETH-DOG,18337fa4-0cfb-4726-b34a-3d9b00e3db72,112611,0.66556,,0.66556,0.70065,Dexs
Ethereum,uniswap-v2,SAUDIPEPE-WETH,c89c6f3f-c04d-4820-9fe5-3a7e77f2a23e,112603,0,0,,0,Dexs
Ethereum,uniswap-v2,GDT-WETH,898b0949-3253-4ec8-9ff3-d1c64cc29a15,112454,0,0,,0,Dexs
Ethereum,maverick-v2,MAV-WETH,853470a8-4351-464b-8c1a-f44347199c77,112446,0,0,,0,Dexs
Base,uniswap-v4,ETH-DRB,fcddd175-1a85-441a-ba35-46ce8790c883,112251,13.12798,13.12798,,17.48471,Dexs
Polygon,quickswap-dex,WETH-QUICK,7c7e5f3c-5fd4-4b02-9073-549b5cd27941,112036,1.1443,1.1443,,1316.423,Dexs
Ethereum,uniswap-v2,BOBA-WETH,d0761ae0-7458-47b3-8ae4-ec26a7af071c,111979,0,0,,0,Dexs
Base,uniswap-v3,WETH-ABX,f5c8b063-e873-4fe8-86b3-a03e1b76ce8c,111921,14.04232,14.04232,,15.60583,Dexs
Ethereum,harvest-finance,CVX-ETH,93f53138-0f8b-4592-aa57-03c2d60234f9,111849,19.17,19.17,,18.52295,Yield Aggregator
Base,uniswap-v4,WETH-BASEPOST,fdbc6486-88b6-4f02-9ced-d5302fca09b5,111847,0,0,,0.00089,Dexs
Ethereum,uniswap-v2,QUID-WETH,6edb2899-21d0-4dc8-8304-797311fbb221,111781,0,0,,0,Dexs
Base,sushiswap-v3,WETH-COIN,22f9b6e8-4112-4964-ba1e-ab77019ce440,111746,0.00113,0.00113,,0.19882,Dexs
Base,uniswap-v4,WETH-PERKOS,e30f5d09-6b47-44bd-829d-53716d5e6115,111671,0.00501,0.00501,,2.86483,Dexs
Base,uniswap-v4,WETH-ATLAS,7cab514f-9ef3-5cb2-a356-2cab6329f897,111624,389.73416,389.73416,,2182.92977,Dexs
Ethereum,uniswap-v2,LEPEW-WETH,4f85e443-32b4-4e31-8b55-bb8307402bf2,111536,0,0,,0,Dexs
Base,uniswap-v3,RFND-WETH,1feb1348-e710-40d3-966d-1614f158a959,111491,0.15161,0.15161,,0.05178,Dexs
Arbitrum,camelot-v2,JONES-WETH,077ad274-8cd5-498a-b458-9f727e3caec2,111436,0.01553,0.01553,0,1.66977,Dexs
Ethereum,uniswap-v3,MATIC-WETH,24b1e211-9e93-48d6-9be1-ad995c62656b,111079,0.23383,0.23383,,1.18941,Dexs
Ethereum,uniswap-v2,FVT-WETH,4c9ae1fa-a8a1-40bf-adb8-7c92ef23986c,111025,0,0,,0.002,Dexs
Base,uniswap-v3,WETH-MVTT10F,bf07f001-01e8-4487-b810-47a8689bee42,110974,1.21916,1.21916,,0.43942,Dexs
Ethereum,uniswap-v4,ETH-SQUIGSTR,8476a7b5-7cf9-4e91-806e-25065fe72656,110961,0,0,,0,Dexs
Ethereum,uniswap-v2,BRETT-WETH,f3b20abf-9e34-4938-b68f-b47c97c941c1,110848,2.31213,2.31213,,2.95125,Dexs
Base,uniswap-v4,ETH-ATLAS,0efc8068-2953-57d9-b830-d5fe98f98f25,110802,8.62804,8.62804,,8.62804,Dexs
Ethereum,uniswap-v2,WETH-LION,42ca3d42-ad72-4991-b24a-ab497b55b60f,110733,0,0,,0.0057,Dexs
Ethereum,balancer-v3,WETH-EIGEN,2641cb40-ae57-5a54-9170-486e48f1ffe1,110715,0,0,0,1e-05,Dexs
Flare,sparkdex-v4,WETH-WFLR,c643e87a-d97f-409b-9505-5fcc25e1f633,110690,45.74179,37.19682,8.54497,29.99857,Dexs
Polygon,uniswap-v3,NEUY-WETH,4ee970e1-233a-49c5-b3c4-e56f1937af05,110667,14.07205,14.07205,,30.27858,Dexs
Base,uniswap-v4,ETH-RARE,d29ab4f0-6a55-4f02-ac12-9a07b92688fb,110589,7.91457,7.91457,,7.3834,Dexs
Ethereum,uniswap-v3,CHEX-WETH,a43705a1-0d04-4682-b005-72b9e243a5bd,110575,25.32735,25.32735,,19.90999,Dexs
Avalanche,uniswap-v3,WETH.E-WAVAX,df1b2ef3-465f-4338-9e1e-5fd3eed17b8a,110570,70.81321,70.81321,,66.94181,Dexs
Base,pancakeswap-amm,MEWNB-WETH,98cd70c9-8d74-4df5-b98a-eefc7de41ed6,110547,0,0,,0,Dexs
Arbitrum,gamma,WETH-USDC,10628f11-8a2a-590f-80c1-f7ce845971d2,110463,0,0,0,0,Liquidity Manager
Ethereum,uniswap-v2,DOGEPOOP-WETH,5c46c66c-1be2-42ba-925e-dd90b20b1650,110416,0,0,,0,Dexs
Ethereum,uniswap-v2,MEMEME-WETH,1e7cd574-450e-4587-aac4-649b1492832b,110360,0,0,,0.00064,Dexs
OP Mainnet,uniswap-v4,ETH-WSTETH,66fbe588-b3d8-4b9a-96cc-f81b14032ff1,110346,0,0,,0,Dexs
Polygon,quickswap-dex,LINK-WETH,043a02ae-fa8d-44f5-890e-a0725f3f18a9,110344,2.73482,2.73482,,765.67096,Dexs
Ethereum,uniswap-v2,PINU-WETH,41b28a2f-d47d-47bc-9d9c-71e29f067c33,110297,0,0,,0.00143,Dexs
Ethereum,uniswap-v2,MONET-WETH,294c188e-c986-436d-a086-cd7930fb9860,110165,0,0,,0,Dexs
Ethereum,uniswap-v2,PCATV2-WETH,8d3fa1c9-4f12-405d-9d86-59b45738c7fb,110092,0,0,,0,Dexs
Ethereum,uniswap-v2,HYPER-WETH,52054414-7161-4fc1-95c0-20e7f1d30525,110083,0,0,,0,Dexs
Ethereum,uniswap-v3,XAUT-WETH,3b727e77-2a04-4e89-873a-fb168bc88d9c,110006,12.90507,12.90507,,21.27527,Dexs
Arbitrum,compound-v3,RSETH,bd323fdf-81f2-40bd-96a0-189a48ea48e5,109981,0,,,0,Lending
Arbitrum,gamma,WETH-USDC,ad0989d3-2464-4dc6-8d6d-d70a3c798f17,109940,0,0,0,0,Liquidity Manager
Ethereum,uniswap-v2,WETH-KAKUAN,99b4e4ee-eb3c-4fa6-b163-c21efe3590ed,109914,0,0,,0,Dexs
OP Mainnet,uniswap-v3,WETH-WBTC,b512fab1-bdb3-4250-a4fa-4ce52781ad11,109883,0,0,,68.1753,Dexs
Ethereum,uniswap-v4,ETH-01,fd58164e-eac8-42f7-9068-665806099073,109696,0,0,,0.01214,Dexs
Base,uniswap-v4,ETH-DENIM,72d9fe8d-7b1d-5eb8-aced-bd74aa133858,109672,53.36074,53.36074,,36.48591,Dexs
Ethereum,uniswap-v2,MOL-WETH,4386dcfa-0123-4fa4-a5b1-0f9879ac56b8,109663,0,0,,0,Dexs
Ethereum,uniswap-v2,UWU-WETH,9f21fda7-60cc-4f2b-910f-c93e740153f9,109621,0,0,,0,Dexs
Base,uniswap-v3,WETH-MUTM,1b64cd7b-e967-5f1c-8789-f086c778a534,109574,0,0,,0,Dexs
Ethereum,uniswap-v2,STRONG-WETH,4091cfda-91c5-4c5d-b813-07c2520b5b5d,109515,0.00864,0.00864,,0.11677,Dexs
Ethereum,uniswap-v2,KABOSU-WETH,e6a6f1b0-2c36-4578-a68b-084a420262fa,109506,0.03959,0.03959,,0.08249,Dexs
Ethereum,uniswap-v2,TAONU-WETH,f73c0609-f398-4864-a1ae-10d7b72466cd,109392,0,0,,0,Dexs
Ethereum,uniswap-v2,WETH-AGL,6a99e656-58e7-45a5-a020-1c5e6392e55e,109122,0,0,,0,Dexs
OP Mainnet,moonwell-lending,ETH,f65459ef-ebfa-496d-8f3f-23a328c6e78d,109116,0.62252,0.62252,0,0.3432,Lending
Ethereum,uniswap-v2,DIREWOLF-WETH,22c22485-7526-45e0-84c3-aa3a0f07ea14,109038,0,0,,0.00049,Dexs
Base,uniswap-v2,JUMP-WETH,4e1bb812-132d-5889-8d48-83c6576e7bff,109035,167.37758,167.37758,,127.93704,Dexs
Ethereum,uniswap-v2,MANGA-WETH,4ef2305e-0f07-40ca-8d84-968820c116d4,109022,0,0,,0,Dexs
Ethereum,uniswap-v2,MELLOW-WETH,5c164c2d-b90a-4212-9076-53bd2f0e2e63,108870,0,0,,0,Dexs
Ethereum,pancakeswap-amm-v3,WETH-USDT,7c51d224-e17b-4a72-89b2-d2a9b8918051,108825,5.62325,5.62325,,20.84702,Dexs
Base,uniswap-v3,UPONLY-WETH,edca562a-7f20-4392-9728-f3457c0874bb,108773,0.78936,0.78936,,24.02979,Dexs
Ethereum,uniswap-v2,$MP-WETH,a08dba6e-7a3f-46d7-bca7-4ac6de545125,108706,0,0,,0,Dexs
Ethereum,uniswap-v2,DUB-WETH,b3de65ae-bda7-4fa1-8161-c2f5716aef7e,108608,0,0,,0,Dexs
Ethereum,curve-dex,ETH-RETH,5a24d1f0-1977-4cc6-8d76-e762842c5e81,108512,0.00519,0,0.00519,0.00595,Dexs
Base,clipper,USDC-DAI-WETH,335ccf15-163e-4646-82c3-d1b20c0a49fb,108435,0,0,,0,Dexs
Base,uniswap-v4,WETH-UNICLAW,1ad5fad1-0155-48a8-a3b7-ed4d9c38e4b5,108322,0.00345,0.00345,,0.00844,Dexs
Ethereum,sushiswap,AAVE-WETH,19b4118b-20d2-4923-bf0a-7189f818fe96,108272,4.89095,4.89095,0,4.42706,Dexs
Ethereum,uniswap-v3,VITA-WETH,191dcc97-ce9f-4490-b5d0-a5ce61282e8c,108214,0,0,,2.37477,Dexs
Ethereum,uniswap-v2,WETH-WAGIEBOT,fb5bc902-52eb-4ae8-bba1-6e96bffb03ae,108210,0,0,,0,Dexs
Ethereum,uniswap-v2,OPIUM-WETH,9b73160c-5c46-5bdc-a00b-06644713e029,108100,0,0,,0,Dexs
OP Mainnet,clipper,WETH-USDC-USDT-WBTC-DAI-LINK-OP,a5bdc411-beb7-4fcb-929e-dc66dbfc7c38,108030,1.80693,0.00011,1.80682,1.7392,Dexs
Base,uniswap-v4,WETH-CLAWDVEGAS,04a15547-914c-4057-946e-018ea6a02d9d,107973,0.00579,0.00579,,0.3835,Dexs
Ethereum,uniswap-v2,WEN-WETH,d936ed2f-8ebd-4639-9a1c-094344deb424,107910,0,0,,0.00513,Dexs
Base,uniswap-v2,WETH-BIRB,3cd94ae1-914d-44fb-a1b6-fa5bbffce500,107855,0.00734,0.00734,,0.07225,Dexs
Base,uniswap-v4,ETH-TOSHI,bf440b20-a144-4a8b-8874-ea2ae51889e2,107819,15.6708,15.6708,,19.12781,Dexs
Ethereum,uniswap-v2,SLICE-WETH,a099a59c-b9f7-4d13-abdb-b434387777f3,107813,0.11205,0.11205,,0.11706,Dexs
Ethereum,uniswap-v2,SPICE-WETH,85ab88d2-bfd1-48e3-a17e-fcfd214ee07f,107812,0,0,,0,Dexs
Base,aerodrome-v1,WETH-LRDS,d3510680-2a01-413b-8d78-585911338ac0,107688,24.31461,,24.31461,46.38273,Dexs
Base,uniswap-v4,ETH-USDC,68886f88-d1fc-5efb-8e7e-0a026134a596,107664,0,0,,11.13678,Dexs
Ethereum,uniswap-v3,AXS-WETH,36eae28d-687b-43fd-8377-7422a53bfc91,107654,1.04529,1.04529,,0.35235,Dexs
Ethereum,convex-finance,OETH-ARM-WETH-STETH,9b20c948-e4a2-476c-8a3a-5700ce26e017,107638,2.68,2.68,0,2.99962,Yield
Ethereum,uniswap-v2,CCC-WETH,f5a9d72f-1979-56d0-818e-5aaa2a6d5ecb,107583,0,0,,0,Dexs
Cronos,vvs-standard,WBTC-WETH,f9c86cef-ab96-5ec9-aacd-d2a5d52b6875,107474,0.19933,0.19933,,0.56105,Dexs
Base,uniswap-v3,TABOSHI-WETH,d0ba09f0-abb2-4ecb-adfd-1bbb744e4a35,107457,2.0944,2.0944,,3.64341,Dexs
Ethereum,uniswap-v2,WETH-UNIC,5a873bae-afb9-4825-b60d-521425f16741,107352,0,0,,0,Dexs
Polygon,uniswap-v3,USDC-WETH,ed8ac635-8ef9-499d-a235-449ac977923e,107314,3.17279,3.17279,,6.08076,Dexs
Base,fluid-lending,WETH,2319c901-a49e-43d7-9901-f9ef7a6b1480,107292,1.14,1.14,,0.9113,Lending
Base,uniswap-v3,HBAR-WETH,8209bc41-8eed-403a-8538-0e3aa843a853,107290,1.06237,1.06237,,0.47651,Dexs
Ethereum,uniswap-v2,WETH-DFIO,869c7b22-18d6-47a3-aa69-8831532c3eec,107231,0,0,,0.05084,Dexs
Ethereum,uniswap-v2,HARRIS-WETH,c3c67a13-3790-43b0-9145-9ab195b447e3,107083,0.05929,0.05929,,0.50762,Dexs
Sonic,shadow-exchange-clmm,USDC.E-WETH,a5ea7bec-91e2-4743-964d-35ea9034b0bd,106931,65.15466,0,65.15466,109.37049,Dexs
Base,uniswap-v2,WETH-SAIX,fe1dc619-f3f5-402f-a7c0-a643f32ebcae,106817,0,0,,0,Dexs
Ethereum,uniswap-v2,DEKU-WETH,cd28c1fc-3f86-43d6-9e99-84c53464034a,106772,0,0,,0,Dexs
Polygon,balancer-v2,WETH-TEL,2d143ba5-3e81-48ee-89b3-1b304de3d6e0,106543,9.28019,9.28019,,3.27083,Dexs
Base,uniswap-v3,WETH-ONCHAIN,b270ea05-4b50-4acd-98c0-6f42d76c7c0e,106532,0.00271,0.00271,,0.01232,Dexs
Ethereum,morpho-blue,WSTETH,fd31bc8d-9b7a-56c9-aa99-a7e7c0ed5a64,106444,0,0,,0,Lending
Ethereum,curve-dex,HEMI-WETH,3e120dd8-7a87-49bd-bb2e-a35bf727fbae,106344,0.83,0.83,0,5.84174,Dexs
Base,uniswap-v2,WETH-IMDSTR,0320bc67-547a-5588-ba3b-d6653088785a,106255,672.11987,672.11987,,250.60627,Dexs
Base,uniswap-v2,WETH-FCKN,cec2dbe0-bdfa-431c-bb40-cb640e26e658,106142,0.00649,0.00649,,0.02476,Dexs
OP Mainnet,velodrome-v2,ALETH-FRXETH,4f19e802-6d2f-4718-b2fd-08d27bde66f0,106003,0.53863,,0.53863,0.35624,Dexs
Base,uniswap-v4,WETH-0XCORAL,bd262e86-6319-4679-bdfe-51abe38cbd40,105999,1.77349,1.77349,,7.93481,Dexs
Polygon,beefy,WBTC-ETH,faba715c-a9ff-4169-857d-3d7cc417f398,105843,3.39785,,,5.12476,Yield Aggregator
Base,woofi-earn,ETH,754f3fee-0ab4-4261-be2d-07e8ac9396b2,105813,3.74708,3.74708,0,3.76185,Yield
Base,uniswap-v2,CJ-WETH,b48860af-0f64-48ba-aa8a-48e5065b6730,105760,0.10273,0.10273,,0.30445,Dexs
Ethereum,uniswap-v2,STEP-WETH,c8afb4f6-6130-470b-aace-ccdb893802ef,105727,0,0,,0,Dexs
Base,uniswap-v4,WETH-OTTIE,645d0a36-9906-415b-a566-3fb4f11754ea,105719,0,0,,0,Dexs
Ethereum,uniswap-v3,WETH-RAINI,6889b84c-d91b-4e9d-9bfb-9810ce67fb23,105583,0,0,,0.0163,Dexs
Base,uniswap-v4,WETH-TEO,6a5ae578-6373-4679-863d-79fc8de25421,105463,5.45766,5.45766,,1.62529,Dexs
Base,uniswap-v4,CANTONCC-WETH,a1b20e45-b645-4713-85e8-76b9c151c87e,105456,0.02262,0.02262,,5.71272,Dexs
Base,uniswap-v4,WETH-MYKCLAWD,441be081-6672-4d86-bee1-4f903de3fd8e,105373,0,0,,2.72542,Dexs
Base,uniswap-v3,WETH-RETH,df9f539e-0b47-4158-9191-5f746daea2df,105297,2.25411,2.25411,,2.25676,Dexs
Ethereum,lazy-summer-protocol,WETH,bc0bc5bc-ba8b-4b5d-bb86-1cd173b89813,105217,0,0,,0,Yield Aggregator
Ethereum,uniswap-v4,ETH-PRISM,1b30197e-02ea-5a1c-8488-78cc8181936c,105157,0,0,,48.23766,Dexs
Ethereum,uniswap-v4,ETH-ZC,5369bb60-f765-58ea-a267-24f84b10187e,105130,37.78463,37.78463,,3221.88541,Dexs
Ethereum,uniswap-v2,WETH-BAG,2b4f8bdf-dfa4-4bf4-b024-cb7076d9c07f,105023,0,0,,0,Dexs
Base,uniswap-v4,DARKSOL-WETH,0bd889d5-ad71-4d01-a3f3-299b286d7e24,104980,12.35422,12.35422,,3.26191,Dexs
Ethereum,uniswap-v2,BTC-WETH,407fafb5-feb3-45bb-b50b-ad95a99c2ce9,104942,0,0,,0,Dexs
Base,uniswap-v4,WETH-OPENAGENTMARKET,a194016c-e11e-4662-853c-b6964e1a9fe4,104834,0,0,,0.62164,Dexs
Ethereum,uniswap-v2,DORKL-WETH,8ffef64b-bc41-4f26-ad61-a0a5766da8b2,104569,0,0,,0.00748,Dexs
Ethereum,uniswap-v4,ETH-PNKSTR,52f5d77e-1896-4176-a0ae-f116ae2c0945,104523,0,0,,0.3739,Dexs
Ethereum,uniswap-v2,WETH-HONK,22d93a03-aa44-4d34-9feb-472f8a6e98c6,104470,0.09241,0.09241,,0.94509,Dexs
Base,uniswap-v2,WETH-PNT,1879fb7f-5ca5-5767-a892-c2645bbc84c4,104436,177.52132,177.52132,,125.40125,Dexs
Ethereum,uniswap-v2,ERUTA-WETH,5d38748a-7dc8-444f-a6a4-81387d5d063a,104385,0,0,,0,Dexs
Ethereum,uniswap-v2,WETH-APED,ba44ac04-ac51-4272-af13-16c5ece872a4,104321,0.15493,0.15493,,0.15936,Dexs
Ethereum,uniswap-v2,DTO-WETH,30c1212f-1ebf-41bc-be9d-bd722ac9c8bd,104285,0.2642,0.2642,,0.25825,Dexs
Ethereum,uniswap-v2,MC-WETH,9e263160-8ff5-42d0-95ef-7dbadec4d81b,104283,0,0,,0.01317,Dexs
Ethereum,uniswap-v2,WETH-MJ404,ea330f91-6ab5-4a04-a366-9e0b8371e501,104249,0,0,,0,Dexs
Ethereum,pancakeswap-amm,BOOM-WETH,c40d4024-dac2-4659-8f34-bb35bcab55f3,104220,0,0,,0.00089,Dexs
Ethereum,uniswap-v2,WETH-SANTA,73f83da7-49f1-4418-ac6d-3d0fd65376a5,104206,0,0,,0,Dexs
Ethereum,sushiswap,ILSI-WETH,2267ad3f-29bb-4556-8f69-3baf0125861c,104206,0,0,0,0.201,Dexs
Base,uniswap-v3,WETH-HYPER,cb4131bd-738e-5b11-87e7-6a81e30b2b90,104183,0,0,,0.0001,Dexs
Base,morpho-blue,RETH,dc431f54-96c3-4ad1-b194-280be5dd7c75,104091,0,0,,0,Lending
Base,uniswap-v3,WETH-HYPER,0e7f30ee-4182-5d4c-837a-4ee9e0ba7741,104073,0,0,,0,Dexs
Base,uniswap-v3,WETH-HINT,65832bc0-ed36-416c-9e0a-c30dd83cc7c5,104019,1.70917,1.70917,,3.56536,Dexs
Arbitrum,beefy,WETH-USDT0,90b42cdd-00b1-4ae3-a9b0-7058fe264408,104007,9.39094,,,10.38459,Yield Aggregator
Ethereum,uniswap-v2,GW-WETH,7c716bc9-f93c-426b-99b7-2bc60e66fa9b,103923,0,0,,0,Dexs
Ethereum,uniswap-v4,ETH-FFWA,2ff0858e-d169-5f96-aadd-fd2ce2ae8689,103904,0,0,,0,Dexs
Ethereum,uniswap-v2,FGM-WETH,706b01ba-e9cd-492d-be7d-6b4dd97b6f5a,103898,0,0,,0.29602,Dexs
Base,uniswap-v3,WETH-ALICEB,35db1b61-8730-4e25-964e-777792a95065,103857,0,0,,0,Dexs
Ethereum,uniswap-v2,UNFI-WETH,a04fa7a1-99c5-4d27-8ca1-e982fccad89b,103832,0,0,,0,Dexs
Base,uniswap-v4,WETH-MOLTH,736a4d44-ee66-4a7d-8a51-5a9487712cdc,103804,0,0,,0.03373,Dexs
Ethereum,uniswap-v2,CATALORIAN-WETH,871e88ad-6180-4e25-ba56-f477cc3144ea,103791,0.48427,0.48427,,0.72655,Dexs
Ethereum,uniswap-v2,M87-WETH,8ecf0896-c2dc-44fe-b5fb-7e5faec6a446,103784,0,0,,0.02188,Dexs
Ethereum,uniswap-v4,ETH-GLM,fa561157-484c-4c1a-9339-a323ede38eaa,103737,16.22147,16.22147,,17.34851,Dexs
Arbitrum,uniswap-v3,ZRO-WETH,c48e0049-063d-4976-88c2-961df59ec51a,103708,135.6496,135.6496,,61.98569,Dexs
Polygon,quickswap-dex,WETH-MCHC,040de32c-fa23-4fac-afe5-7e28f972254f,103562,0.00323,0.00323,,70.82332,Dexs
Ethereum,uniswap-v2,BAZED-WETH,a6360706-52f5-4e47-8b8d-be410afbfcc4,103510,0.30107,0.30107,,0.11604,Dexs
Ethereum,uniswap-v2,GANGTRUMP-WETH,77cb9748-8bf7-4699-a879-92ba30253b69,103451,0,0,,0,Dexs
OP Mainnet,uniswap-v3,WETH-UNI,4c080e1b-ea51-4699-9d32-79696c7f9425,103431,0,0,,3.68308,Dexs
Ethereum,uniswap-v2,EBULL-WETH,2998cb51-db66-4f74-8806-df4293f5ed8d,103419,0,0,,2.3895,Dexs
Ethereum,uniswap-v2,LLD-WETH,3ac1ec20-27ec-4298-8c2f-6bd524f3f269,103322,0,0,,1.71481,Dexs
Base,uniswap-v2,MAXI-WETH,7e429770-7f6f-4956-a434-75cff0920207,103304,0,0,,0,Dexs
Base,uniswap-v4,ETH-DENIM,a8da2ca1-aa09-56e5-9478-205211145b9d,103294,88.13678,88.13678,,68.16032,Dexs
Base,uniswap-v4,WETH-EUDAEMON,f542e542-7c06-4e70-9cfb-5c9f4165d8eb,103134,0,0,,0.02167,Dexs
Ethereum,uniswap-v4,ETH-WXTM,8a180b71-dcc2-41a0-a680-b10e5824ee0e,103089,251.36762,251.36762,,651.72117,Dexs
Base,uniswap-v2,MUTM-WETH,380d11b8-7e55-499f-9c5f-d713fc18b480,102955,0,0,,6e-05,Dexs
Base,uniswap-v2,WETH-MTAUR,09d3648e-c441-475e-9c18-438585db4089,102869,0,0,,0,Dexs
Base,uniswap-v2,WETH-BDAG,3b5285e2-5d1c-4fe4-af95-19b3712ad61b,102835,0,0,,0,Dexs
Ethereum,uniswap-v4,ETH-L3,0ff07e7d-6d2e-4dbf-87bf-ecd108ad7451,102609,2.27017,2.27017,,29.23436,Dexs
Ethereum,uniswap-v4,ETH-SUSDS,3db43aa8-5a61-4037-a68e-509cdc50f1e9,102577,0.03628,0.03628,,0.68219,Dexs
Arbitrum,gmx-v2-perps,ETH-USDC,ed4a6109-e46a-4c69-92ad-a65744dedb94,102485,7.13666,7.13666,,3.72612,Derivatives
Ethereum,uniswap-v2,WETH-GMFAM,72334bc7-37f3-4b51-a0f4-8b222c38bf51,102482,0.00109,0.00109,,0.00882,Dexs
Ethereum,uniswap-v2,XRP-WETH,af42c33e-e8e5-485c-9571-7e1c6e7a50a4,102477,0,0,,0.58189,Dexs
Ethereum,uniswap-v2,YTSLA-WETH,a5a8397f-aa15-4fbd-a5f3-b2f3ee189046,102457,0,0,,1e-05,Dexs
Ethereum,uniswap-v2,AIKEK-WETH,d1d097f1-2b3b-4ba8-9b24-bf98acd3ba1f,102406,0.02387,0.02387,,1.06659,Dexs
Ethereum,uniswap-v2,PEPETO-WETH,2720f42a-72f4-4901-849d-86541bdde9e9,102257,0,0,,0,Dexs
Ethereum,uniswap-v2,RZR-WETH,40b1d4af-8b0c-462c-b790-4dcb1c6a73d0,102214,0,0,,0,Dexs
Ethereum,uniswap-v4,ETH-RNDR,074c0dff-356d-4f51-aad7-36dce565a739,102143,29.86257,29.86257,,30.60321,Dexs
Base,uniswap-v3,PRO-WETH,e47b2343-1f60-47ab-9025-2135a475aa18,102035,0.00275,0.00275,,0.32509,Dexs
Unichain,euler-v2,WSTETH,913f8d47-c198-4415-a342-fc45a6e9f656,102030,0.00035,0.00035,,0.00041,Lending
Polygon,uniswap-v3,GNUS-WETH,c1aaca25-1eee-4720-8cad-b5f63d941fa2,102001,0,0,,18.30018,Dexs
Ethereum,uniswap-v2,BXBT-WETH,dfeb29b1-494c-4045-a5d1-69ecc87f5c8d,101999,0,0,,0.15706,Dexs
Ethereum,uniswap-v2,MCC-WETH,ed99ec97-ea04-4b37-9ecc-7abb8fe71050,101949,0,0,,0,Dexs
Ethereum,uniswap-v2,BORG-WETH,a99c43de-0c00-48fe-b6bf-3b6ca9914521,101793,0,0,,0,Dexs
Base,uniswap-v4,WETH-ADHD,ea3e37d3-cccf-4edf-b580-912dd327844c,101779,0,0,,0.02375,Dexs
Ethereum,uniswap-v2,LUFFY-WETH,af7e0cee-8b10-4eda-b0fd-eaffe7214e35,101713,0,0,,0,Dexs
Base,uniswap-v3,WETH-WSTETH,069f8d86-0783-47f2-8f04-311c7519c1c5,101687,2.28786,2.28786,,2.12326,Dexs
Ethereum,uniswap-v2,DGC-WETH,cec60007-3ca7-4c49-a04e-29fcd83cee1c,101635,0,0,,0,Dexs
Ethereum,uniswap-v2,ZUT-WETH,d1fdc3b1-fa2c-4c5a-86db-db797e231243,101598,0.00582,0.00582,,0.00925,Dexs
Ethereum,sushiswap,COMP-WETH,b96b7791-89fd-4fb3-ad23-b1290ae88dcd,101573,8.74799,8.74799,0,10.31164,Dexs
Base,aerodrome-slipstream,CLANKER-WETH,49d6cc94-f311-447b-9de2-d44be06b9637,101507,244.76388,62.17009,182.59379,189.15817,Dexs
Ethereum,curve-dex,PXETH-STETH,b640d150-56b8-4bfa-b39b-460d1f9d3229,101422,1.21,1.21,0,1.39111,Dexs
Ethereum,uniswap-v2,ABSHIBA.COM-WETH,afa265c4-5089-40b3-a38b-22dd7d0e0ef7,101225,0,0,,0,Dexs
BSC,beefy,ETH-WBNB,3209a82b-f18e-4b63-92d3-8100693470e1,101122,2.38227,,,16.79168,Yield Aggregator
Arbitrum,camelot-v3,WETH-LINK,c86c7089-2962-4d6f-b9cd-509752b7f7ea,101081,90.54278,90.54278,,29.75849,Dexs
Base,uniswap-v4,ETH-PLUMBER,37027797-4007-54a9-90d5-ad00ee91906d,100966,0,0,,0,Dexs
Ethereum,uniswap-v2,CHAD-WETH,037cb72f-8fe0-43d4-98f4-9207e494af21,100868,0.00469,0.00469,,0.09509,Dexs
Ethereum,uniswap-v2,WVTR-WETH,f8744278-895b-4e2e-89a7-6d687850c733,100841,0,0,,0,Dexs
Ethereum,uniswap-v4,ETH-ID,d3032c06-8520-453a-895d-009e398b897f,100787,1.3311,1.3311,,2.86659,Dexs
Ethereum,uniswap-v2,APOOL-WETH,8ff8891c-e0dc-4025-aee1-de25feffb241,100786,0,0,,0,Dexs
Ethereum,beefy,USDC-WETH,728b0f3c-832e-59c4-9561-0e5c84545c0d,100767,17.48908,,,22.93861,Yield Aggregator
Ethereum,uniswap-v2,2027-WETH,88ef8e6e-87f4-47ee-9008-47ee18e47582,100763,0,0,,0.17162,Dexs
Arbitrum,gmx-v2-perps,ETH-USDC,a7c397dc-f960-4c39-a267-3353acdfa4c9,100661,7.23977,7.23977,,7.36428,Derivatives
Ethereum,uniswap-v2,ELONGD-WETH,a2888e3d-7415-4026-b914-73806a45bc4d,100532,0,0,,0.00864,Dexs
Base,gammaswap-open-interest,WETH-USDC,915cca08-8b3f-404b-866a-9a53be7381cd,100506,25.4609,25.4609,,29.61413,Options
Ethereum,uniswap-v2,FAC-WETH,0bc1b1b1-dcb3-416d-bb90-ffc636c81ca8,100439,0.29639,0.29639,,0.51404,Dexs
Base,uniswap-v2,PEPENODE-WETH,7144505a-bb43-422b-8c90-21d378c62b7a,100172,0,0,,0,Dexs
Arbitrum,balancer-v3,AAVEWSTETH-WETH,55ade9dc-98e1-43f1-b6ad-80ff8798a7b9,100036,2.05001,2.05001,0,1.72263,Dexs
Ethereum,uniswap-v2,WETH-AP,f3a6edb9-d167-4a64-b557-15cb402eb6a1,99985,0.41652,0.41652,,1.10118,Dexs
Ethereum,uniswap-v3,WPLS-WETH,d519d056-e680-41e4-9893-34522ae262fd,99977,105.03833,105.03833,,68.36948,Dexs
Ethereum,uniswap-v2,DREAM-WETH,adb4b926-e1dd-4a75-ad54-a0ff6c31a960,99957,0,0,,0,Dexs
Base,uniswap-v4,ETH-CC,80faa0d2-58af-52e0-b550-0c1f1b1db2bb,99945,48.55051,48.55051,,48.55051,Dexs
Base,uniswap-v3,BASED-WETH,bfa76009-20ea-4b8a-b7e5-17a263061ea2,99934,0.00474,0.00474,,0.14376,Dexs
Arbitrum,uniswap-v4,ETH-WBTC,e406d64e-6735-4d63-8bc7-3950bc2770d6,99900,0,0,,0,Dexs
Base,uniswap-v4,ETH-BLUEPILL,db02609d-1358-54c8-82c1-74e495b97d65,99638,92.22074,92.22074,,47.08677,Dexs
Ethereum,uniswap-v2,WETH-APX,d50ef78e-6b76-4785-950a-4c940457a60b,99593,0.00181,0.00181,,0.06257,Dexs
Ethereum,uniswap-v2,PEEZY-WETH,39bdfbe5-49ab-4ca0-9559-6e98301591f0,99427,0,0,,0,Dexs
Ethereum,uniswap-v2,UNN-WETH,34f4f6c6-c5e8-4589-9911-b9571cd6a057,99396,0.13843,0.13843,,0.11642,Dexs
Base,uniswap-v2,WETH-FLIPR,39767491-6f19-4853-bebb-2c53fbbaec79,99380,19.04475,19.04475,,21.04491,Dexs
Ethereum,uniswap-v2,CELL-WETH,da963da3-1ab5-42ca-b216-002fdada1f5d,99299,39.4628,39.4628,,5.6499,Dexs
Base,uniswap-v4,AXOBOTL-WETH,769a30ec-d863-44cd-b6df-aec0ae84595d,99253,0,0,,0.01556,Dexs
Polygon,uniswap-v3,WETH-LDO,8f5ff521-0392-409d-a362-d0ff0b40d04f,99250,32.99608,32.99608,,35.26555,Dexs
Base,aerodrome-v1,WETH-DHT,fb5349ce-31da-4c9e-b8df-b06b49124520,99236,39.26396,,39.26396,30.87227,Dexs
Ethereum,uniswap-v2,ALPHA-WETH,04763a8c-ed53-4224-b5c2-6944436a7200,99201,0,0,,0.12449,Dexs
Arbitrum,gmx-v2-perps,ETH-USDC,ac0ac088-59d5-488f-b5be-75a6a5381ac1,99173,15.78408,15.78408,,17.026,Derivatives
Ethereum,uniswap-v2,WG0-WETH,f5b58638-e881-472c-991f-38aaa679e035,99158,0,0,,0.09698,Dexs
Ethereum,uniswap-v3,NEIRO-WETH,ed26bb34-7d4e-4595-8d10-52855e01b7a4,99154,12.4039,12.4039,,11.59187,Dexs
Ethereum,uniswap-v2,CCV2-WETH,ea07036c-95c9-4fcf-ad70-f50f5b373809,99138,0,0,,0,Dexs
Ethereum,uniswap-v4,ETH-UPEG,9c63f5e7-a232-49c2-a88f-515681cb2166,99138,0,0,,2e-05,Dexs
OP Mainnet,curve-dex,ETH-WSTETH,50224a28-5a6c-489c-b72e-16df397a9fd2,99086,1.13,1.13,0,1.14149,Dexs
Base,alien-base-v3,WETH-CBBTC,f458bbb0-28f5-41d4-9971-e09e7ff82060,99057,0.073,0.073,0,0.10822,Dexs
Base,uniswap-v4,ETH-$SXS,925da4e4-8a15-4526-bf33-78c3220c654b,98985,0,0,,0,Dexs
Base,uniswap-v4,WETH-FASTLANE,e7b176c3-ade4-513c-9ef0-c7c9ee1dbd52,98963,53.03878,53.03878,,32.20172,Dexs
Ethereum,uniswap-v3,WETH-REEF,1c2da828-579d-4cc9-8af9-b8062c3d7302,98955,0,0,,0,Dexs
Arbitrum,camelot-v2,WETH-CU,9de91df8-c485-4e86-a479-45cc5a5ed68a,98943,0,0,,0.09259,Dexs
Base,fluid-lending,WSTETH,8887a5d8-f0ac-496b-b249-c2f29d2b9585,98358,0.05,0.05,,0.06942,Lending
Ethereum,uniswap-v2,WETH-MLN,538827e2-1542-4ae1-9fda-4792b942e55b,98332,2.93959,2.93959,,10.4385,Dexs
Ethereum,uniswap-v2,STONK-WETH,67894743-c261-4aab-9b65-98f70d563ac0,98226,0.01544,0.01544,,2.3128,Dexs
OP Mainnet,uniswap-v3,TUX-WETH,b139e4b9-156d-4c50-96e2-b9f3d1ebef1e,98131,0.30722,0.30722,,0.30649,Dexs
Ethereum,uniswap-v4,ETH-LXO,5641fafa-4c54-4df5-b28f-2ed1fe676964,98067,0,0,,0,Dexs
Ethereum,uniswap-v3,KIZUNA-WETH,d1577ffb-2784-4b0e-8d5a-725a5536d65c,98052,5.10143,5.10143,,7.03857,Dexs
Base,uniswap-v4,ETHYS-WETH,55f6ac3b-c437-418b-b7d7-0d419b1fb672,98052,0,0,,0.02221,Dexs
Ethereum,uniswap-v2,WETH-CUBE,6129411a-8128-49e9-917c-f45c11848bd2,98044,0.48552,0.48552,,0.3873,Dexs
Base,uniswap-v3,WETH-BASEISFOREVERYONE,1bbcf6be-9da4-4a8e-907d-af045ea09338,98004,16.61296,16.61296,,12.58658,Dexs
Ethereum,uniswap-v4,ETH-LINK,5ea6a46d-a289-4737-9274-2224f1a07ca5,98002,5.23108,5.23108,,3.94947,Dexs
Base,uniswap-v4,WETH-WOFT,35832a4c-240f-57d1-b3bd-f0d468390678,97999,51.27243,51.27243,,48.25524,Dexs
Arbitrum,beefy,TBTC-WETH,314a2298-be34-4ac0-ab44-c0505de6240a,97997,2.99335,,,3.30648,Yield Aggregator
Ethereum,uniswap-v2,MONKEYS-WETH,ebe47e00-6c14-4a91-8d80-cc326b37c356,97993,0.0006,0.0006,,0.00757,Dexs
Ethereum,uniswap-v2,AMERICA-WETH,251d59c2-ec95-49f5-81b2-932bb6f02846,97989,0,0,,0,Dexs
Ethereum,uniswap-v2,ROAI-WETH,e3950723-8592-4ceb-af10-0e95d1606108,97936,6.42361,6.42361,,0.9386,Dexs
Ethereum,uniswap-v2,VACUUM-WETH,8e084cdd-9099-4bf8-8116-1962ead989bb,97899,0,0,,0,Dexs
Arbitrum,uniswap-v3,LAVA-WETH,292673f0-42de-4073-b128-1382a4d19e25,97898,0,0,,0.00327,Dexs
Ethereum,uniswap-v2,HAKKA-WETH,64b978cb-7cba-43f1-93b0-f1ec9cf75ab5,97864,2.22293,2.22293,,0.30044,Dexs
Ethereum,uniswap-v2,ELONONE-WETH,d53bb25d-bdd3-42a9-b9c5-c8594755dae7,97811,0.0003,0.0003,,0.05724,Dexs
Base,uniswap-v3,BSBL-WETH,0a913f77-1adf-432b-ab4d-a6107e4a6395,97802,0.05431,0.05431,,6.13602,Dexs
Base,aerodrome-v1,TBTC-WETH,334c7f45-5c99-469e-81b1-f23d8a79e8c8,97777,1.70216,,1.70216,1.53159,Dexs
Base,uniswap-v4,WETH-POLSIA,9d41baf4-6cd4-4a58-a746-8ddffdffec5c,97688,0,0,,1.81386,Dexs
Ethereum,uniswap-v2,WETH-MAGA,584bc14e-ce7b-49ce-9a41-fe2db818d302,97655,0,0,,0,Dexs
Ethereum,uniswap-v4,ETH-FET,a5683e89-ff90-4e8d-882d-e5c1747ac2e4,97639,56.7921,56.7921,,9.14053,Dexs
Ethereum,uniswap-v3,FTM-WETH,271c816f-3772-4e69-a291-1520774dc23a,97600,1.66477,1.66477,,15.44926,Dexs
Ethereum,uniswap-v2,$0XGAS-WETH,f699efdb-be10-4566-8293-dee8ab04ce8d,97579,0.01729,0.01729,,0.93201,Dexs
Base,uniswap-v2,WETH-SIXR,b290ffa9-676e-520b-8252-e8dcb6a7afb0,97530,0,0,,42.84649,Dexs
Base,uniswap-v4,WETH-PONG,20a2b50c-491e-4eb1-b7c8-4e6b82306e45,97407,0,0,,0.00495,Dexs
Ethereum,uniswap-v2,WETH-ZARO,ce7f7bb6-00db-4d9b-8e40-e9a220796b0c,97337,0.00486,0.00486,,0.05561,Dexs
Ethereum,uniswap-v4,ETH-UNI,580ead1a-5935-4eda-8307-df25044bc3e6,97307,1.34456,1.34456,,42.94512,Dexs
Base,uniswap-v3,WETH-ALI,a9f32526-b91e-4b86-a3ff-b37e51a21352,97263,0.00249,0.00249,,0.0237,Dexs
Ethereum,uniswap-v2,WETH-WSKR,6f1a6b1c-340b-4e33-93fe-686d42757d83,97243,0,0,,0.00126,Dexs
Ethereum,uniswap-v2,CHI-WETH,772856a5-258b-437c-bcb5-e64f9208a8bf,97234,0,0,,0,Dexs
Ethereum,uniswap-v4,ETH-WETH,d84aea35-b0f1-459d-8548-3bd0bfdeb56c,97212,0.80435,0.80435,,2.04616,Dexs
Base,uniswap-v4,FILAMENT-WETH,b57970aa-d64f-428e-980e-6f3652c75e53,97177,0,0,,0,Dexs
Ethereum,uniswap-v2,DINGER-WETH,7aa2ef30-c53c-42f7-adf7-c85e29e697e0,97144,0.01148,0.01148,,0.13065,Dexs
Base,uniswap-v4,WETH-ZEEBOT,40d5d00f-5d90-4bc9-9f9d-f1b63769c86f,97128,0,0,,0.07505,Dexs
Ethereum,uniswap-v2,DFT-WETH,c62c5d7d-a112-4242-852c-48458d0a8114,96988,0,0,,0,Dexs
Ethereum,uniswap-v2,KEANU-WETH,dfbe9782-e98b-46fb-a103-152e14764e8b,96956,0,0,,0.56578,Dexs
Base,uniswap-v4,RELDO-WETH,02d83633-bda0-4530-ab49-d3d0caf915de,96896,0,0,,0.00301,Dexs
Base,uniswap-v2,WETH-BOOMER,278da864-ae8b-46cc-b7e3-dea131b1f45b,96892,6e-05,6e-05,,0.70184,Dexs
Base,uniswap-v2,WETH-CEECIL,2a904c05-0ae3-5c48-922f-ab8657b0aee6,96848,5.38007,5.38007,,5.38007,Dexs
Ethereum,uniswap-v2,WETH-SMPL,60ddb4b3-414b-4b0c-a386-c66fa585603e,96685,0,0,,0,Dexs
Base,uniswap-v4,WETH-AXIOM,1821d03e-584c-4093-9f58-6fe8d6bd38c6,96621,0.03807,0.03807,,1.11259,Dexs
Ethereum,uniswap-v4,ETH-CWC,7a449593-983b-5f2d-a9c9-fb1562250982,96537,7.22135,7.22135,,28.30577,Dexs
OP Mainnet,frax,FRAX-WETH,74ecd256-117f-4529-a49d-53053c6e79dd,96480,1.41167,1.41167,,2.18086,Algo-Stables
Ethereum,uniswap-v2,OPSEC-WETH,bdd397c3-a064-4f01-8ad0-53473f32e2a1,96446,0.00097,0.00097,,0.03559,Dexs
Scroll,compound-v3,WETH,15c8e294-d3e3-4006-99d3-fd2ee46a4544,96290,0,,,0,Lending
Ethereum,uniswap-v2,HIGH-WETH,61df2813-c8b4-405c-82aa-430d2d1ffc99,96286,41.86246,41.86246,,25.59031,Dexs
Ethereum,uniswap-v2,INUS-WETH,784e5a44-1d5f-4186-a346-ba49bb5d74b5,96258,0,0,,0.06654,Dexs
Arbitrum,gammaswap-open-interest,PENDLE-WETH,77ce8712-889d-49dc-a3c8-7471b63b2e9e,96254,4.66348,4.66348,,7.7157,Options
Ethereum,uniswap-v4,ETH-ZC,88362329-5b46-5eb9-8fa3-aa9f8497968c,96249,3117.24194,3117.24194,,6191.09425,Dexs
Ethereum,uniswap-v4,ETH-TITANX,e6fa00c4-08ec-4444-9603-fbcef8813c44,96232,0,0,,2.00238,Dexs
Base,uniswap-v2,WETH-T6900,3f9b6053-5066-445a-86c5-27f56b4db7cb,96205,0,0,,0,Dexs
Ethereum,sushiswap,SUNDER-WETH,a3837bb8-1beb-4a34-b838-631d76112436,96192,0,0,0,0.00017,Dexs
Ethereum,uniswap-v2,PEPE-WETH,891ef97a-a74c-435d-8fe8-9f4fe522edb4,96178,0,0,,0.00496,Dexs
Ethereum,uniswap-v2,WETH-BYB,bc54d676-ca99-412d-98b0-b6316f25ded8,96166,0,0,,0,Dexs
Ethereum,uniswap-v2,WETH-BUSINESS,dd9953c3-6790-47c5-b8c3-649fa012de5e,96128,0.52923,0.52923,,1.05515,Dexs
Starknet,vesu,ETH,d7fbc577-7e22-4a9a-b0dd-601ad50c0a0a,96077,0.38505,0.38505,,0.33907,Lending
Ethereum,uniswap-v3,OHM-WETH,acd82191-477a-4aba-982a-21e31d0ae697,96021,9.83339,9.83339,,21.7839,Dexs
Arbitrum,gmx-v2-perps,ETH-USDC,f44f5bd1-32d8-48df-a338-889059a9d399,95937,12.27939,12.27939,,29.72346,Derivatives
Base,uniswap-v4,WETH-COS,d9102eb2-d97d-4831-af80-61cb9d927fa5,95915,68.05965,68.05965,,3.0066,Dexs
Arbitrum,balancer-v2,OLAS-WETH,2ee044c7-7568-49d3-bea8-c7d70cb9841a,95882,0.87993,0.87993,,0.77555,Dexs
Ethereum,uniswap-v2,CLAVELL-WETH,5338cf22-7d7a-4621-a71d-85d15d50f237,95810,0,0,,0.05134,Dexs
Ethereum,uniswap-v2,MTAO-WETH,dca4e099-91de-4be2-8610-5bab456d6343,95778,0,0,,0,Dexs
Base,aerodrome-slipstream,WETH-ORDER,48ea9b44-c1fe-46fb-944d-9e0095356fd7,95739,424.05397,1.20908,422.84489,160.23031,Dexs
Ethereum,uniswap-v3,WETH-IMX,9aad93e3-e017-4eaa-81fd-ae56e3aa8d59,95698,5.1416,5.1416,,2.00864,Dexs
Ethereum,uniswap-v2,KTO-WETH,44989281-28ac-48d8-bb41-047754fbf31d,95696,0,0,,0.04086,Dexs
Ethereum,uniswap-v2,LMI-WETH,78641d29-51e6-4c7e-a3a0-de75959b6b22,95631,0.53634,0.53634,,0.45486,Dexs
Base,uniswap-v4,BENCHMARK-WETH,21d87a53-5dd8-4329-a4f0-5120b2a39aff,95595,0,0,,0.00515,Dexs
Ethereum,uniswap-v2,HACKD🚓-WETH,848b4e04-bed0-44e7-9e08-bb812de404f8,95583,0,0,,0,Dexs
Base,aerodrome-slipstream,WETH-SPX,778c6d99-9148-4f58-91a7-11232060b95f,95550,131.77977,35.87173,95.90803,135.73037,Dexs
Base,uniswap-v4,WETH-BAES,354ccc97-8c2f-4d12-8137-87301ddb941b,95546,4.48051,4.48051,,132.40628,Dexs
Base,uniswap-v2,WETH-PPUMP,8164c91e-5eb7-4413-a185-8a04e3ab0238,95513,0.04312,0.04312,,0.24002,Dexs
Base,extra-finance-leverage-farming,EXTRA-WETH,056a6f7a-918a-4f85-8408-6a7ca8c2a87f,95444,48.92775,48.92775,,68.44951,Leveraged Farming
Ethereum,uniswap-v3,TURBO-WETH,5044167e-ec79-40a5-ad42-8090e259abcb,95104,16.18398,16.18398,,22.77293,Dexs
Ethereum,uniswap-v2,TRAVA-WETH,9ea1b038-343b-42c5-922c-eb9183ae0cad,94774,0,0,,0.0002,Dexs
Base,uniswap-v4,WETH-MOVIE,cdf311a3-0cd8-4f5e-a3af-87e4bb1ec02b,94774,0,0,,0.16938,Dexs
Ethereum,uniswap-v2,GRPL-WETH,e976d5e4-be5c-4670-be4f-d03d6b247925,94758,0,0,,0.00313,Dexs
Base,uniswap-v2,WETH-SPX26B,f17b8db1-75a8-59e7-a74b-1b24bad5c7f5,94668,0,0,,41.15975,Dexs
Ethereum,uniswap-v3,GNO-WETH,caf4f7ff-3f1e-41b6-8c6c-7ca70265d08d,94566,5.87919,5.87919,,44.19164,Dexs
Ethereum,uniswap-v2,BRRR-WETH,c4357e7f-6c3f-40fa-98ad-b5d4ba72b841,94525,0,0,,0,Dexs
Base,uniswap-v4,WETH-WOFT,ca8f4330-1525-5fd0-b3ec-6729bda2cbfe,94470,54.80429,54.80429,,45.22607,Dexs
Base,alien-base-v3,CBETH-WETH,b8135d49-031b-45d1-bafa-f6f682cff2d2,94464,0,0,0,0,Dexs
Ethereum,uniswap-v2,YYF-WETH,ec9b409f-765f-43ab-8d7b-8392f61bef51,94444,0,0,,0,Dexs
Base,uniswap-v4,WETH-HABS,d97d5516-ff44-4f53-9333-7692771e09a7,94422,0.0002,0.0002,,0.07554,Dexs
Base,fusion-by-ipor,WETH,c07cf717-47e3-56f3-be7e-edac9bd2844c,94374,1.91848,1.50827,0.41022,2.68034,Onchain Capital Allocator
Base,uniswap-v4,WETH-VOSF,9493462f-3088-5895-b0fb-5f1337d5e4dc,94265,49.24749,49.24749,,108.91337,Dexs
Ethereum,uniswap-v2,TRUMP-WETH,8f68e809-4a5d-4da8-83d4-a7153e4c2f76,94225,0.03197,0.03197,,1.68308,Dexs
BSC,uniswap-v4,ETH-USDC,6af05925-af87-4dd3-896e-d167a31bd382,94219,22.88807,22.88807,,48.12708,Dexs
Ethereum,uniswap-v2,PEPELON-WETH,ff198345-3d01-49a9-8446-b13d51c067db,94099,0,0,,0,Dexs
Ethereum,uniswap-v4,ETH-BUX,f2e0f63d-53b5-4fe1-86e9-8f609b2f6469,94053,0,0,,0.01043,Dexs
Ethereum,uniswap-v2,AAVE-WETH,c03d8a93-2e96-4439-a8ed-c3ac595a6c2c,93983,6.18048,6.18048,,6.51851,Dexs
Ethereum,uniswap-v3,WETH-LIT,c62d5e56-a649-4857-8914-9a40e2187643,93974,0,0,,0.01908,Dexs
Ethereum,uniswap-v2,CYBERD-WETH,992f926c-3a55-4498-b632-d248bc2309f7,93868,0,0,,0.0053,Dexs
Ethereum,uniswap-v3,APE-WETH,2fd08578-093e-4873-9600-368d89607809,93860,1.34697,1.34697,,0.39953,Dexs
Base,uniswap-v4,WETH-OPG,9811a6e9-c891-453d-bce4-5cbab9d897c8,93741,0,0,,0,Dexs
Ethereum,uniswap-v2,APE-WETH,093e4724-e44c-4892-a962-616b62fffa2e,93577,0,0,,0,Dexs
Ethereum,uniswap-v2,WETH-WLFI,e85cc5d4-41b1-4e64-bbb2-06b00d9320ac,93574,0.00244,0.00244,,0.01866,Dexs
Ethereum,convex-finance,ETH+-ETH,74346f6f-c7ee-4506-a204-baf48e13decb,93569,0.85,0.85,0,0.58617,Yield
Base,uniswap-v4,WETH-RIPS,ec95dc7f-7e06-4628-a385-a0f8389090c8,93518,0.60473,0.60473,,1.11296,Dexs
Ethereum,uniswap-v2,AKI-WETH,cda2aa56-2f7b-493f-8602-1955286a8bd6,93489,0,0,,0,Dexs
Base,uniswap-v4,WETH-MONTRA,1ba49c6d-0824-446b-bcd8-b04a80805081,93465,0,0,,0.03084,Dexs
Base,uniswap-v2,WETH-BUGZ,5b267bee-23f5-47a7-a844-621c4301155a,93464,0,0,,0,Dexs
Ethereum,frankencoin,WSTETH,8140dd0b-e4ed-5068-9b2d-68ab7ce098aa,93463,0,,,0,CDP
Base,uniswap-v2,BYE-WETH,e7528221-c7d4-5ffa-9bb3-af8725f7ee4f,93297,135.91582,135.91582,,105.25098,Dexs
Arbitrum,camelot-v3,RDPX-WETH,85310594-b966-462e-8980-d4b51b317599,93253,0,0,,0.00014,Dexs
Ethereum,uniswap-v2,DCORE-WETH,426d6bc1-ab8a-44d1-94e7-e47bc2c9f0ba,93204,0,0,,0.00094,Dexs
Ethereum,uniswap-v2,WETH-DFI,e515c55b-92e1-4db1-b539-9b5f467dcea6,93159,0,0,,0,Dexs
Arbitrum,uniswap-v3,TBTC-WETH,2fa7e5cc-8f92-4190-90e5-2765c33f1dd0,93147,4.6954,4.6954,,6.94732,Dexs
Base,uniswap-v2,WETH-HUH,0e5ca262-b91b-4f9e-b248-d860771a0b86,93138,0,0,,0.05524,Dexs
Ethereum,uniswap-v2,BKBY-WETH,107886a3-10bf-4798-b580-fcf7710ad349,93108,0,0,,0,Dexs
Osmosis,osmosis-dex,LINK-ETH,cd0eeb06-b817-42fa-a09f-2e65e596850e,93088,0,0,,0.0025,Dexs
Ethereum,lazy-summer-protocol,WETH,cae1486e-1d00-45ba-bd5d-460fbd5dd4cb,93067,0,0,,0,Yield Aggregator
Ethereum,uniswap-v2,BABYSHIB-WETH,9434c370-ef07-4e65-81d9-3672e65cb223,93041,0,0,,0,Dexs
Base,uniswap-v4,ETH-PAIR,913d754a-c442-58ce-96ac-5597a0ee9da2,93024,1.43761,1.43761,,0.79641,Dexs
Base,uniswap-v4,WETH-DOTA,bc835674-37c9-4244-b492-e16d2eb97c74,93008,0,0,,2.5648,Dexs
Ethereum,uniswap-v2,CATE-WETH,33a6ef1d-44b0-463b-a089-88986f542843,92972,0.05687,0.05687,,3.11218,Dexs
Ethereum,uniswap-v2,WETH-BBMUSK,fd6b027c-80d0-4655-aa54-dfb327f7326e,92937,0,0,,0,Dexs
Arbitrum,beefy,USDT0-WETH,a104d655-6f79-4563-aa10-3c879993cbee,92858,9.13948,,,14.25065,Yield Aggregator
Ethereum,uniswap-v2,WETH-SLEEPY-SHIB,30ca5c19-e9bf-46a6-9526-549db7d76784,92813,0,0,,0,Dexs
Base,uniswap-v4,ETH-PUMPTOBER,16cee6c5-b55c-5ad2-949b-d431cbed3933,92778,1.69437,1.69437,,0.90893,Dexs
Ethereum,peapods-finance,WETH,2fc7212e-dfdf-4bc5-8772-aef7a1602c41,92730,5.18372,5.18372,,5.41518,Yield
Ethereum,uniswap-v2,WETH-VAI,64e264df-53ee-49ab-af12-e788885172ae,92629,78.21251,78.21251,,50.25111,Dexs
Ethereum,origami-finance,OPAL-WEETH-A,c1f6013e-fcb3-4329-860e-2a8a2aabf75f,92594,4.56632,4.56632,,5.36048,Leveraged Farming
Base,pancakeswap-amm,WETH-COW,46d33575-7ab6-4d0c-b1aa-04a090f07644,92593,2.80139,2.80139,,2.76878,Dexs
Polygon,balancer-v2,VISION-WETH,b2423d31-5ec4-45d7-ba18-5f9de4abda8e,92518,1e-05,0,1e-05,0.32366,Dexs
Base,sushiswap-v3,WETH-USDC,e322bfac-b8ca-48a5-9eb5-434a833a5bdd,92504,6.22698,6.22698,,18.85378,Dexs
Ethereum,uniswap-v2,EVOLVE-WETH,5faff3a9-c7fe-448b-b17f-9a97e0b2d53c,92347,0,0,,0,Dexs
Ethereum,uniswap-v2,XVIX-WETH,6a863fe9-c1b3-4f60-b4cd-074f4538f659,92327,0,0,,0.00032,Dexs
Ethereum,uniswap-v2,KAWA-WETH,da6c12bc-9ec2-4c0c-a4cb-3635d5ad1f94,92209,0,0,,0,Dexs
OP Mainnet,beefy,WSTETH-WETH,64fb4a1c-6a0a-465e-97b6-c54c1814a4d7,92186,0.3111,,,0.26093,Yield Aggregator
Ethereum,sushiswap,WETH-PLUR,040ae9e1-3673-49a9-adda-7ba0e2e18f22,92148,0,0,0,0,Dexs
Base,uniswap-v4,WETH-SCL,02feca6f-6235-4366-8171-2a9b2d476ea7,92030,0,0,,0,Dexs
Arbitrum,camelot-v2,WETH-SMOL,c15d7148-29e1-484a-bbf5-62e0620441eb,92017,0.71441,0.71441,,0.62352,Dexs
Ethereum,uniswap-v2,MANA-WETH,3e1d0ae2-c1a0-45a8-b9ce-1eb42d95919c,91930,71.23307,71.23307,,8.97326,Dexs
Ethereum,uniswap-v2,MARS-WETH,6a1d7860-67e7-40a8-b7a1-cdcd1e3222ed,91841,3.55807,3.55807,,1.14743,Dexs
Base,uniswap-v2,WETH-HYPER,e5b977d4-3728-4efd-a4e9-a0be03d47031,91824,0,0,,0,Dexs
Ethereum,uniswap-v2,WETH-DED,7a7d2c88-41db-4f1a-884a-3195c2efd0fd,91758,0,0,,0,Dexs
Arbitrum,gmx-v2-perps,ETH-USDC,5f317cf3-a86f-4598-a17f-aed38d3b207b,91754,10.68511,10.68511,,11.50264,Derivatives
Ethereum,uniswap-v2,JJ-WETH,7177b59f-d396-4e5e-868e-5fc9dadcfd36,91552,0.00633,0.00633,,0.07917,Dexs
Ethereum,uniswap-v2,WETH-ROPE,a3a2a45b-260e-4f2f-87d9-1d5125db0919,91519,0,0,,0,Dexs
Ethereum,uniswap-v2,PUSSC💹-WETH,30d61a57-7e6e-406c-a1e1-3a9d662d549c,91463,0,0,,0,Dexs
Base,alien-base-v3,CBETH-WETH,5fd1cbc7-d887-4491-ac61-46f99846b0de,91437,0,0,0,0,Dexs
Ethereum,uniswap-v2,LAMBO-WETH,4bc43e83-3998-44fa-8acb-a3558dfc2c9d,91353,0.00274,0.00274,,0.12699,Dexs
Ethereum,uniswap-v2,SCAN-WETH,cb24cdb6-9766-4c3b-ae8c-9f3f95124ad1,91350,0,0,,0,Dexs
Ethereum,uniswap-v2,NAU-WETH,1c62980e-0db3-43e5-94d1-afd2632df3c4,91348,0,0,,0,Dexs
Ethereum,uniswap-v2,PONZIE-WETH,9c9b66de-2fad-4b30-a389-cea21c4919d4,91290,0,0,,0.00151,Dexs
OP Mainnet,uniswap-v3,WETH-WCT,ac302982-7db7-4afa-8b51-98ac11f23dfb,91231,5.51682,5.51682,,4.9914,Dexs
Ethereum,uniswap-v2,WETH-MRING,4ea981ed-4e6d-406f-8c80-5004e2287bb3,91164,0,0,,0.00267,Dexs
Ethereum,uniswap-v3,SPEC-WETH,5b102760-0108-4f7a-ad80-d47464a6cf9b,91147,0.04307,0.04307,,0.44589,Dexs
Ethereum,uniswap-v2,AUF-WETH,5bf03abc-7fa7-45c9-aeb1-f18ad0ec5fbf,91108,0,0,,0,Dexs
Base,uniswap-v4,ETH-FIX6900,a5d67cbf-bb36-53c5-b5a9-cbf185ad82f1,91103,1.59213,1.59213,,0.83676,Dexs
Ethereum,uniswap-v2,BIAO-WETH,c99a8dfd-321d-4e13-a469-ff36756a8d2f,91086,0,0,,0.11849,Dexs
Flare,sparkdex-v3.1,WETH-USD₮0,305809a9-5f00-4814-8b1b-04da6728974b,91055,0.63986,0.63986,,0.61343,Dexs
Ethereum,uniswap-v2,SQUID-WETH,5451025c-d096-46da-8d92-67d187609a80,91044,0,0,,0,Dexs
Base,uniswap-v2,AXIS-WETH,869e2b1a-bda1-5d48-b508-22f8fbfddf3f,91018,167.31813,167.31813,,156.19841,Dexs
OP Mainnet,velodrome-v3,WETH-OP,165a34de-5408-46be-82e2-c2a1d70d5f3e,90969,1446.47779,,1446.47779,957.18969,Dexs
Ethereum,uniswap-v2,WETH-RMPL,63a68063-e142-4cbb-9e26-bf96daf3c8e7,90935,0,0,,0.00204,Dexs
Ethereum,uniswap-v2,PEPE-WETH,899226a2-a648-4e6c-975f-86804fabae94,90922,0.06755,0.06755,,1.58079,Dexs
Base,uniswap-v3,WETH-IXS,bbfa3b60-8b00-42f2-91e3-5bc9762046e2,90891,21.84019,21.84019,,8.11915,Dexs
Base,uniswap-v2,WETH-BFX,999ec95b-9749-4c4e-bd98-9acdd83c7df8,90814,0,0,,0,Dexs
Base,uniswap-v4,ETH-QPEPE,8fd56bea-d149-518d-925a-2fa46c496bcc,90810,2.60371,2.60371,,2.14942,Dexs
Ethereum,uniswap-v2,POG2-WETH,9394fdea-e344-46d3-966f-cf4b7338d97d,90763,0,0,,0,Dexs
Base,uniswap-v4,WETH-BOAR,2e43bdf5-dae0-53fd-a400-fcd2d076392b,90738,48.43702,48.43702,,36.36687,Dexs
Ethereum,uniswap-v2,ANVA-WETH,74872362-07c8-44b1-bf6b-34674f88ecec,90575,0,0,,0,Dexs
Ethereum,sushiswap,NEAR-WETH,8260dfde-4d67-4aa3-8807-1e7fcf26ec3b,90510,18.21731,18.21731,0,50.91334,Dexs
Ethereum,uniswap-v2,BAT-WETH,2c80c773-ef66-4fad-8c84-799715ad9055,90508,27.04116,27.04116,,8.40196,Dexs
Bob,segment-finance,STONE,690f36db-c601-494f-9ca1-c302f6c26116,90492,0.00313,0.00313,,0.00313,Lending
Base,uniswap-v2,WETH-ALYT,8cee777e-f32f-4c65-96c0-d4228d973405,90462,0,0,,0.02188,Dexs
Base,uniswap-v4,ETH-VIRTUAL,863c61fd-ffea-42a4-921f-21c4929e2ae3,90369,9.54942,9.54942,,10.70914,Dexs
Base,uniswap-v4,CLAWIAI-WETH,ddc8c50a-ce9b-4c88-9bed-21ff939a3374,90346,0,0,,0.05511,Dexs
Arbitrum,sushiswap-v3,WBTC-WETH,cf596a0d-8926-4fb9-85a0-b1c93ec38641,90302,0.71201,0.71201,,1.9007,Dexs
OP Mainnet,velodrome-v2,WETH-OPENX,31a56d2a-6bce-49dd-ad50-363212bf1f7f,90244,38.64041,,38.64041,32.6731,Dexs
Base,uniswap-v2,WETH-SPX67H,5e0804c9-cc7b-5af7-8a65-130061682187,90130,0,0,,39.62558,Dexs
Ethereum,uniswap-v2,$AQS-WETH,b06842dd-511e-49fa-a25e-aafa3ff0a354,90118,0,0,,0,Dexs
Robinhood Chain,alandale-v3,WETH-LUTE,80de08b9-2155-54a4-aa4f-b0c468903148,90102,222.27857,0,222.27857,446.06066,Dexs
Ethereum,uniswap-v4,ETH-MEEGSTR,c128bd41-b72b-4c05-a34e-f0d5d536fb74,90095,0,0,,0,Dexs
Ethereum,uniswap-v2,EPEP-WETH,20e4e017-7c07-4b3b-a534-42ee81fe9723,90056,0,0,,0,Dexs
Arbitrum,uniswap-v3,WETH-KNS,3f3a4a11-f3b1-4a2d-a2e4-f34ef792aa91,90051,0,0,,1e-05,Dexs
Base,uniswap-v4,ETH-IOF,ab821772-8162-5a1f-8ca5-303cf8077bfc,89971,92.5714,92.5714,,57.11448,Dexs
Ethereum,uniswap-v2,WETH-OWO,9e97dc14-a69a-452a-9b6b-c3da802e7406,89918,0,0,,0.00062,Dexs
Ethereum,uniswap-v2,WETH-HOKK,5e28cb6d-5020-44f7-8ed2-7f7a1c7b6cd2,89842,0.04925,0.04925,,0.34889,Dexs
Base,uniswap-v3,QR-WETH,f3a6b8b3-c3ea-450b-b9d9-e07fae22bdc7,89772,6.58423,6.58423,,2.95294,Dexs
Base,uniswap-v4,ETH-ASOR,b52720f6-4d32-5092-802a-6c5b6ec516d4,89741,66.79053,66.79053,,66.79053,Dexs
Ethereum,uniswap-v2,WETH-PIKACHU,14a4d443-b76b-40b3-927f-1b95aedca183,89661,0.85146,0.85146,,1.89358,Dexs
OP Mainnet,beefy,WETH-USDC,6ff014a2-a740-428c-a66f-7593b98e87e0,89587,9.5387,,,12.61785,Yield Aggregator
Fraxtal,frax,FRAX-SFRXETH,3925201c-4a78-4e19-809b-6c02d429161e,89572,0,0,,0,Algo-Stables
Ethereum,uniswap-v2,SUBBD-WETH,6a5e7d7a-a9aa-4b45-8dc1-9dfd27e582cc,89570,0,0,,0,Dexs
Ethereum,uniswap-v4,ETH-USDC,44a5f3f5-84be-49ee-b860-26ffe9a3d210,89493,0,0,,0,Dexs
Ethereum,curve-dex,FRXETH-IQ,a766b4b1-8db4-42e6-98b8-0bcc74a10b23,89436,0.32,0.32,0,1.81997,Dexs
Base,beefy,CRVUSD-TBTC-WETH,fe313373-e69f-474e-bcd2-e1ae82cef848,89418,0.98344,,,1.37203,Yield Aggregator
Base,beefy,CBETH-WETH,29a832c8-58aa-409d-8f0a-b8ba70be261a,89413,1.24796,,,1.21717,Yield Aggregator
Base,uniswap-v4,ETH-USDC,546213b0-3a5f-4557-9859-fa63062cf05b,89410,0.71516,0.71516,,1.09422,Dexs
Ethereum,uniswap-v2,SPEPE-WETH,6db4b27d-fee9-4616-9aad-74ee5c470eed,89404,0,0,,0,Dexs
Ethereum,uniswap-v2,PEPE-WETH,070df738-6a4d-4291-a062-8a959514d6b5,89271,0.00428,0.00428,,0.00025,Dexs
Ethereum,uniswap-v2,HID-WETH,cae6e11b-523e-4328-99ee-70b2918bd830,89259,0,0,,0.07577,Dexs
Ethereum,uniswap-v2,WETH-BDP,c95819db-e510-4582-83ea-a6f3e68d5e77,89151,0.29611,0.29611,,0.18415,Dexs
Base,uniswap-v3,WETH-VCNT,69583d67-8e07-4088-905a-c7a8932235ac,89086,256.39752,256.39752,,351.97138,Dexs
Ethereum,uniswap-v2,DKWON-WETH,1a57d38d-1094-430c-b366-d9f300aeb800,88990,0,0,,0,Dexs
Base,uniswap-v4,WETH-FUCK,e2c1b652-0eda-4340-8f80-884734769509,88975,0,0,,0.36,Dexs
Ethereum,uniswap-v2,OHMI-WETH,635dce3b-fca9-4e8d-a15d-4df7407d9e47,88961,0,0,,0,Dexs
Ethereum,uniswap-v2,AI-WETH,60653146-a256-4bc8-83c1-dbebaa1693af,88943,0.31398,0.31398,,1.26055,Dexs
Ethereum,uniswap-v2,CHIHUA-WETH,bfc745f4-4e80-4669-9b5c-cd1a57e62562,88793,5e-05,5e-05,,0.00927,Dexs
Base,beefy,CBBTC-WETH,e17cd6b3-cdf4-45b3-a933-df70b86676c1,88769,6.74062,,,7.85956,Yield Aggregator
Base,uniswap-v4,WETH-KEEPER,94d2dd70-963c-4257-9e02-194657453a31,88754,0,0,,0,Dexs
Avalanche,pangolin-v2,WAVAX-ETH,913055f0-7621-4bd7-893d-d5cc48abbaf2,88730,0.0669,0.0669,,0.32914,Dexs
Arbitrum,camelot-v3,WETH-GMX,978fd139-604d-41b2-a960-ecf76fde3f53,88564,110.10782,110.10782,,53.60111,Dexs
Base,uniswap-v4,WETH-CROTA,54aa7623-c0cb-4885-844d-8a21f7b5ca9b,88563,0.00212,0.00212,,0.04715,Dexs
Ethereum,uniswap-v2,PICA-WETH,237d9ad3-a0b9-41e7-b2f6-12e796a2f912,88551,0,0,,0,Dexs
Ethereum,convex-finance,FRXETH-IQ,76c9effd-8a1b-4726-8748-0410e986f4de,88539,0.32,0.32,0,1.82271,Yield
Solana,raydium-amm,ETH-WSOL,6dae3bdf-9d82-4a39-9a42-23dbb508bf81,88514,6.11,6.11,0,17.56107,Dexs
Ethereum,uniswap-v2,LAIKA-WETH,62d30c7a-2641-4922-af43-5dd5a3297e9a,88476,0,0,,0.29783,Dexs
Base,uniswap-v2,SPX83K-WETH,e414dee9-356b-53ac-96ca-0ff2ff4f81d5,88322,197.94386,197.94386,,148.07204,Dexs
Base,uniswap-v3,WETH-LUSH,96b0ddc7-8777-496c-befe-03aa83b255b6,88305,0,0,,1.33621,Dexs
Ethereum,uniswap-v4,ETH-NAKASTR,e17ecd5b-d316-4cb3-a26c-fb5b55d6d737,88305,0,0,,0,Dexs
Base,uniswap-v4,WETH-MFERSTR,9d33feb8-c927-4a67-9279-90dfa5027d29,88218,1.81062,1.81062,,0.48852,Dexs
Ethereum,uniswap-v4,ETH-TBTC,20f61aa4-a76d-41d0-8146-01060d4ec7de,88096,0.64533,0.64533,,1.53657,Dexs
Ethereum,uniswap-v2,DYOR-WETH,d64ffa5f-c438-4513-83b0-1fdb1d3af287,88020,0,0,,0.00965,Dexs
Ethereum,uniswap-v2,WETH-OPPAI,f94d7dd4-fcdc-4328-ae40-20deb29f7e20,87951,0,0,,0.00368,Dexs
Ethereum,uniswap-v2,WETH-DOGE1,f8a4b9a4-74e4-4070-ba82-017974358c19,87946,0,0,,3.39018,Dexs
Polygon,quickswap-dex,HEO-WETH,7db28420-6a3d-46ae-a8e5-8d8ac1924c38,87909,0,0,,0,Dexs
Base,uniswap-v2,WETH-SAI,2e307494-b105-56b3-b81f-9cac9757922e,87844,0,0,,36.28403,Dexs
Ethereum,uniswap-v2,DART-WETH,34f1b525-741b-4ce0-9604-a1d5811418d4,87784,0,0,,0,Dexs
Base,uniswap-v4,WETH-EVE,cb554f99-3a57-44a0-a5b2-fed60c2603a2,87775,0,0,,0,Dexs
Ethereum,uniswap-v2,RPT-WETH,fa4d0110-41c2-4aba-b256-bc408737df5e,87634,0,0,,0,Dexs
Ethereum,uniswap-v2,KEI-WETH,69a931e1-49eb-47d6-a19e-80e6c52a07ae,87507,0,0,,0.02135,Dexs
Arbitrum,compound-v3,WSTETH,829ac1b4-2129-4699-a412-59a5d7dbab64,87500,0,,,0,Lending
Ethereum,uniswap-v2,WEB-WETH,6e8cf4b7-b058-414e-bf42-e8b702ebd6f9,87482,0,0,,0.10108,Dexs
Ethereum,uniswap-v2,SAI-WETH,381ca8cb-e1b1-4e70-b9da-74a9099443a9,87405,0,0,,0,Dexs
Base,uniswap-v4,AGNT-WETH,39462834-1c1d-4706-bf7e-ec5b899562fc,87393,1.33459,1.33459,,2.67371,Dexs
Ethereum,uniswap-v2,PAI-WETH,6a4926d2-1fa6-4c41-9b32-4e9c42228afc,87378,0.21176,0.21176,,1.05733,Dexs
Ethereum,uniswap-v4,ETH-RKFL,f1a6e34b-a692-46ab-8a24-d29569f35673,87377,0,0,,0.02552,Dexs
Arbitrum,uniswap-v3,WETH-RRC,f3d6f597-42f1-4025-96cf-d70efa312213,87333,0,0,,0.00162,Dexs
Ethereum,uniswap-v4,ETH-BEAM,e1a60ed9-7e6c-41cd-b8ac-0155227237f5,87263,13.4119,13.4119,,11.89653,Dexs
Ethereum,uniswap-v2,WETH-$YANTRA,c92e461d-a3f5-4890-bd90-6a163a60be4d,87258,0,0,,0,Dexs
Ethereum,uniswap-v2,D-ACC-WETH,96e742e4-b94a-45ef-94ac-88962ae4ec81,87246,2.97017,2.97017,,11.62634,Dexs
Ethereum,uniswap-v2,BLOCKDAG-WETH,b31cdda3-2440-49b2-aa99-8bf357f688a6,87138,0,0,,0,Dexs
Ethereum,morpho-blue,WETH,9c21bcbb-20d7-46f2-8804-fda2e05a3a06,87127,0,0,,0,Lending
Ethereum,uniswap-v4,USDC-WETH,f0a35c07-4826-4fcf-b3ff-41b5322b49de,87097,9.94896,9.94896,,29.33834,Dexs
Ethereum,uniswap-v2,WETH-WAGMI,fd02319e-3c0d-4e3e-a37a-ce691fda66de,87089,0.00838,0.00838,,0.15656,Dexs
Base,uniswap-v3,WETH-SNUG,b36ae41a-7d88-4a08-8107-0b49e8a6ceb0,87045,0,0,,0,Dexs
Ethereum,uniswap-v2,AUDAI-WETH,d32c4776-d275-4e9e-a5fc-9cae24f4b790,87043,0,0,,0,Dexs
Ethereum,curve-dex,ETH-CTR,4be97d9f-eb9a-4119-8c5b-c6df2f63a99c,87024,8.65749,0.29,8.36749,8.86192,Dexs
Ethereum,uniswap-v4,ETH-GRG,fb0af3b5-1056-4b26-8322-110c6e372b45,86944,0,0,,5.99353,Dexs
MultiversX,xexchange,WETH-WEGLD,1503c784-70b6-4a7d-9ed8-043ec7f5b8a3,86939,20.9854,2.06188,18.92352,22.45532,Dexs
Ethereum,uniswap-v2,WETH-LESLIE,e0e6b2ad-893e-4905-8adb-b149377475a9,86882,0,0,,0,Dexs
Ethereum,uniswap-v2,STRUMP-WETH,3998ec29-e9b0-466c-bbd6-1884047d229b,86815,0.03507,0.03507,,0.12172,Dexs
Arbitrum,gmx-v2-perps,ETH-USDC,a95b9e94-0cf3-4671-b9d1-904e1a28c25c,86815,2.3296,2.3296,,7.66971,Derivatives
Sonic,shadow-exchange-clmm,WS-WETH,e50ce450-d2b8-45fe-b496-9ee1fb5673c2,86787,86.56069,0,86.56069,268.63602,Dexs
Ethereum,uniswap-v2,YELLOW-WETH,70603009-f8b4-4762-9821-916fce7452a2,86707,0,0,,0,Dexs
Ethereum,uniswap-v2,PROT-WETH,1d817cc0-499c-4a88-8e7b-e82eb170d6c7,86703,0,0,,0,Dexs
Base,aerodrome-v1,WETH-DOGINME,d0c84a52-77ad-47b5-8dfc-21bdc8d3ebad,86697,58.98861,,58.98861,64.72763,Dexs
OP Mainnet,velodrome-v2,THALES-WETH,24b48a25-5867-42f9-97e3-c119a9defdfd,86689,1.69523,,1.69523,0.67405,Dexs
Base,fluid-lending,WSTETH,5e2cc96f-2cbf-42a1-9915-67e87f492861,86688,0.05,0.05,,0.06942,Lending
Base,uniswap-v4,WETH-TEMPO,94175d68-336a-4328-b7ff-b52d98a51c8d,86662,0.02561,0.02561,,0.79473,Dexs
Ethereum,uniswap-v4,ETH-$BLKCHK,bf11c026-7e16-491e-ae5a-89c890a14de1,86648,0,0,,0.30384,Dexs
Base,uniswap-v4,ETH-PARASITE,24533ae1-ce9d-5cd3-bc67-a6cfd132643c,86612,1.18431,1.18431,,0.53825,Dexs
Base,uniswap-v2,WETH-PEPE,f35b5f19-8ba9-47cd-a2f5-241fa90ccd6c,86470,0.13706,0.13706,,1.74878,Dexs
Base,uniswap-v4,ETH-BOTIFY,39d40a4e-8b35-543c-b5e9-2ea92a22e747,86445,1.45784,1.45784,,0.87565,Dexs
Base,sushiswap,ANDY-WETH,199ffa9d-907c-426c-83cb-180ea164ec26,86442,0.44897,0.44897,,0.82142,Dexs
Ethereum,uniswap-v2,WETH-GM,db550709-eea5-4664-b99b-e2d63f9fbe6d,86432,0,0,,0,Dexs
Base,uniswap-v4,WETH-BURN,54bfed72-760d-4fb8-9176-51ec7857a14a,86394,0,0,,0.04456,Dexs
Base,uniswap-v3,WETH-PSC,84575114-b3a2-4fb8-a9a1-eb8737ef75a7,86377,0,0,,0.00012,Dexs
Ethereum,uniswap-v2,VIK-WETH,7231d6cb-a114-4b29-bc76-89f2e4f5bd0c,86236,0,0,,0,Dexs
Ethereum,uniswap-v2,WETH-SEXY,03596a6b-8060-43b9-b720-696bdb6688b2,86111,0,0,,0,Dexs
Ethereum,uniswap-v2,WETH-QQQF,1c853ede-ac30-464f-95dd-ebc906c00964,86042,0,0,,0,Dexs
Ethereum,uniswap-v2,WHISTLER-WETH,b9bde9ee-1b97-4de5-8c83-f9ff30f602e9,86034,0,0,,0,Dexs
Ethereum,uniswap-v2,ARCH-WETH,de8c6503-5eef-45f4-9746-4f1bdcdd29b1,86012,0,0,,0.00183,Dexs
Ethereum,uniswap-v2,WETH-RATO,5c2af405-ea6d-4bf5-9aff-a247ddda8894,85994,0.49424,0.49424,,0.78093,Dexs
Base,uniswap-v4,WETH-SEYKOTA,b6ef83de-24ad-4653-8e4a-2de0def7e527,85986,0,0,,0,Dexs
Base,uniswap-v3,BRING-WETH,3dae3262-221a-46cd-91ac-11d3537bd83e,85761,3.48362,3.48362,,0.59264,Dexs
Base,uniswap-v4,WETH-LOBSTER,9fdc65eb-2768-4698-bbd0-7d230f5ec651,85756,0,0,,0,Dexs
Ethereum,uniswap-v2,$MEDXT-WETH,727520e8-f8bc-44bb-a33d-80e7004577ea,85731,0,0,,0,Dexs
Base,uniswap-v4,WETH-ETN,9d450ecc-81c5-521a-aedb-995cd38b0e60,85669,78.45891,78.45891,,62.76244,Dexs
Base,uniswap-v4,ETH-BLUEPILL,e5e58efb-9bf5-57af-bf96-79f34215a7de,85664,83.16016,83.16016,,55.17778,Dexs
Base,uniswap-v4,WETH-CASH,3eb56c9f-c87f-45c4-9d00-b8b7b9741bd5,85648,0,0,,0.0485,Dexs
Arbitrum,balancer-v3,TETH-WAARBWSTETH,bda3dfd6-e325-4605-b064-296e6c0fa0fa,85560,2.2215,2.2215,0,2.2389,Dexs
Ethereum,uniswap-v2,NEX-WETH,1853c6ef-46aa-4482-8277-620dce7142bd,85488,0,0,,0,Dexs
Base,uniswap-v4,ETH-TEL,1ae717af-343f-40c8-be31-7c69207c54ca,85483,16.08155,16.08155,,27.7158,Dexs
Ethereum,uniswap-v4,ETH-ARCN,cfd3281b-19f2-40c7-9aa0-aea258e2fc43,85465,21.45563,21.45563,,21.36472,Dexs
Ethereum,uniswap-v2,CHOCOBO-WETH,8415d6f9-a916-4b58-a229-f36002f98071,85449,0,0,,0,Dexs
Ethereum,uniswap-v2,LOTTY-WETH,2e982054-92ea-478d-b1a9-5c02bec759f4,85415,0,0,,0.07192,Dexs
Base,uniswap-v3,WETH-PEN,f616298c-5ca2-431b-9d89-0532b83f4b4e,85385,0,0,,0.00953,Dexs
Ethereum,uniswap-v3,WETH-WAMPL,2e5ddf22-61b7-4b07-aaab-70397f2bdbc3,85363,0.49949,0.49949,,2.34684,Dexs
Ethereum,uniswap-v2,PAC-WETH,8a9c34f1-9f93-48dd-ab86-480f3cf2be2d,85359,1.76722,1.76722,,2.06205,Dexs
Base,uniswap-v4,WETH-FARVERSE,62e81515-9bb8-402e-be33-565d043f4a24,85352,0.49387,0.49387,,0.22979,Dexs
Ethereum,uniswap-v2,WAT-WETH,51671e93-cdf9-4e98-8fba-5b8f2139bebb,85338,0.08301,0.08301,,0.09188,Dexs
Ethereum,uniswap-v2,WETH-PLATO,83cf30e4-adeb-4146-98d9-6de4008bccbc,85308,0,0,,0,Dexs
Base,uniswap-v4,WETH-LUKSO,19c86589-4666-4ce1-abd6-4a5a9a891124,85294,0.41698,0.41698,,0.26021,Dexs
Base,uniswap-v2,WETH-DOOMER,f7fee2cd-d0d5-44ea-9a34-691377598183,85259,0.70844,0.70844,,0.63769,Dexs
Base,uniswap-v4,HALO-WETH,f0b4044c-bd39-4be0-b535-34d94a972e2f,85225,0.70541,0.70541,,1.02636,Dexs
Ethereum,uniswap-v2,BRETT-WETH,1566706f-1122-4537-a858-7ed82eacde90,85202,0.32656,0.32656,,0.84126,Dexs
Ethereum,sushiswap,WETH-AMP,29a15616-bd47-4041-9465-2c0c08e8b399,85180,2.86458,2.86458,0,25.00085,Dexs
Base,beefy,CBXRP-WETH,95bbdb2f-d24f-402a-adc5-af8fb873b291,85162,41.39174,,,42.39165,Yield Aggregator
Ethereum,curve-dex,WETH-STETH,4135ffa3-e55d-49dc-8eb0-00436d9742f6,85104,3.41,3.41,0,1.45042,Dexs
Ethereum,uniswap-v2,GFOX-WETH,5eb0abc5-58f1-41c0-a74f-e8f6cec99f5e,85098,0,0,,0,Dexs
Ethereum,uniswap-v2,RIVUS-WETH,8e9810c9-6bd7-50cb-9c43-ea8b63e8647a,85097,0,0,,0,Dexs
Arbitrum,uniswap-v3,ODYS-WETH,663bc68e-d51d-5867-9695-8340e92de889,85071,49.31733,49.31733,,424.57457,Dexs
Ethereum,uniswap-v2,TEST-WETH,db94c8c2-9139-487f-8111-5514b603c2bf,85020,0,0,,0.00557,Dexs
Ethereum,uniswap-v2,CLUB-WETH,02af4450-0ead-5f5a-9292-9838e4cfb1fe,84954,0,0,,0,Dexs
Ethereum,convex-finance,ETH-RETH,fc7701fc-e290-4606-a8be-9e4ba6c5f91a,84799,0.98,0.98,0,1.1441,Yield
Base,uniswap-v3,FROC-WETH,da13eee0-7c57-481f-9043-249f0cc4aaa5,84782,0.07482,0.07482,,1.27356,Dexs
Ethereum,uniswap-v2,X-WETH,361664bf-1921-4562-af0a-44626c937ad3,84702,0.01806,0.01806,,0.14903,Dexs
Base,uniswap-v4,ETH-NEARPAD,39364a83-1e70-56a1-b00e-0b760b492ff2,84689,2.3938,2.3938,,1.65828,Dexs
Base,uniswap-v4,WETH-CLAWSHI,e116a613-99b2-4f30-8941-3db08645ba1f,84639,0.97965,0.97965,,0.04649,Dexs
Ethereum,uniswap-v2,WETH-XTF.YYYWR1,da0cfe18-ffbe-4f12-a8e3-7e6d60093510,84322,0,0,,0,Dexs
Ethereum,uniswap-v2,WOLF-WETH,6fcb8fa4-ede5-41c4-8a5c-d06e6fbd10d4,84227,0,0,,0.13154,Dexs
Ethereum,uniswap-v2,OGSM-WETH,72423839-325e-4773-81c0-6af4267e291c,84118,0,0,,0,Dexs
Base,uniswap-v2,DYNA-WETH,23781165-7a61-4ffb-b488-701a2692c705,83993,3.77405,3.77405,,2.9932,Dexs
Base,uniswap-v4,ETH-MERGE,a158c692-8f57-51b7-9bae-def0494efe2f,83987,1.91835,1.91835,,1.30137,Dexs
Base,uniswap-v3,WETH-TAOBITTENSOR,4ce0cc40-b814-5208-b59e-6618e9f833a3,83966,0.77466,0.77466,,8.13748,Dexs
Ethereum,uniswap-v2,EEF-WETH,148cd285-598c-4586-8b3e-3ce4dfed6cbd,83936,0,0,,0,Dexs
Ethereum,uniswap-v2,WETH-BTMX,dce064bc-24ef-411a-9f09-7bb090ea7a4a,83921,0,0,,0,Dexs
Ethereum,uniswap-v2,WETH-CURRY,add8f988-fbf9-41cc-80e3-75a3c2b870ed,83911,0,0,,0.00023,Dexs
Base,uniswap-v4,STABLE-WETH,bb21b58e-b63f-486f-8548-884178da3a59,83886,0,0,,0.00171,Dexs
Ethereum,uniswap-v2,WETH-FXI,d74621f1-eb3f-4489-b711-f2a6c3b290a8,83851,0,0,,0,Dexs
Polygon,uniswap-v4,USDC-WETH,7a21c2b9-4568-4696-b6a8-8bcf05cc7af4,83810,1.89284,1.89284,,1.18541,Dexs
Ethereum,uniswap-v2,CHEEMS-WETH,23f9a086-65b7-4a03-87aa-0bca8900ffde,83807,0,0,,0,Dexs
Ethereum,uniswap-v4,WETH-CIL,5ee12380-2ca7-434b-9998-dc6b4f25ac30,83794,0,0,,0,Dexs
Ethereum,uniswap-v4,DARK-WETH,a5156132-1912-57d1-9f39-161bd0f651e0,83718,2.49159,2.49159,,1.84723,Dexs
Ethereum,uniswap-v2,GROYPER-WETH,80d17355-8c3b-480f-bd31-3ebaaa811971,83712,0.00837,0.00837,,0.89306,Dexs
Polygon,compound-v3,WETH,86136467-14aa-4b35-b794-b3322902dc5b,83661,0,,,0,Lending
Ethereum,uniswap-v2,STORJ-WETH,c04bf977-fff9-45e4-8a41-1a285f6b9fc7,83650,6.06349,6.06349,,65.73412,Dexs
Ethereum,uniswap-v2,PKF-WETH,1bf66788-77e8-4e3a-82eb-d8bb63721fbb,83604,0.00058,0.00058,,0.00198,Dexs
Ethereum,uniswap-v2,NITRO-WETH,dabb02d5-0ed5-4381-af5a-a4057f0ccf01,83604,0.22613,0.22613,,1.69679,Dexs
Base,aerodrome-slipstream,WETH-SIGN,646151d4-3123-417a-8b98-0b490df03d8b,83533,144.05332,8.76919,135.28413,337.21551,Dexs
Ethereum,uniswap-v2,LITTLEPEPE-WETH,69699d37-f2ca-4946-8ea8-3282caaf2c7b,83514,0,0,,0,Dexs
Ethereum,uniswap-v2,WETH-ZUZALU,b9796dfc-dad8-4907-844d-74702f8ce7b1,83501,0,0,,0.04734,Dexs
Ethereum,uniswap-v2,DOGGO-WETH,562c8c09-e4cc-4f7c-b7c6-ad0307761fee,83485,0.02638,0.02638,,0.47952,Dexs
OP Mainnet,uniswap-v4,ETH-DAI,2d0b7486-9c91-4986-af35-0d51d51a0261,83472,0.11282,0.11282,,10.57675,Dexs
Flare,sparkdex-v3.1,WETH-USDC.E,a7c7e066-6184-496c-848c-85dce9fd509e,83468,0.46955,0.46955,,0.68505,Dexs
Base,uniswap-v4,ETH-PAIDBOT,0f214afb-2ae6-517d-83bd-b24fd5f4422d,83334,1.37537,1.37537,,0.67727,Dexs
Base,uniswap-v4,WETH-MEI,37a7aacc-6947-4b32-b68f-fd7235d2c5ee,83329,0.24315,0.24315,,4.37357,Dexs
Ethereum,uniswap-v2,KITTY-WETH,c9ca165b-bb37-4a27-912f-c7aa256386f8,83323,0,0,,0,Dexs
Base,aerodrome-v1,WETH-COOKIE,41a21d03-d564-4667-9f4d-ad4caf4974aa,83308,76.94098,,76.94098,56.04079,Dexs
Ethereum,uniswap-v2,INX-WETH,428b1448-0022-42fc-bd40-883dfaaab4bc,83297,0,0,,0,Dexs
Ethereum,uniswap-v2,DODO-WETH,70ced949-3a53-4b20-af56-17e8cf258867,82980,6.50342,6.50342,,8.79862,Dexs
Base,uniswap-v2,WETH-$POOP,5477a35a-03a7-41f5-a0cd-daf283bbbd9d,82962,0.00507,0.00507,,5.13695,Dexs
Base,uniswap-v4,ETH-NOTC,42cade23-0207-4f05-834c-81d71eda5e4f,82957,0,0,,0,Dexs
Ethereum,uniswap-v2,DOGPAD-WETH,3afd8f54-e118-4c9c-9e91-731942e7d95e,82941,0,0,,0.00251,Dexs
Ink,velodrome-v3,OUSDT-WETH,817cfaf7-0e27-4c07-8ba9-32a0da1dac04,82870,35.10807,,35.10807,66.83116,Dexs
Ethereum,uniswap-v2,WETH-JEFF,7eac53dd-5ea1-4ec9-b37b-11a3f601a9cf,82865,0.03796,0.03796,,0.09679,Dexs
Ethereum,uniswap-v2,OCAI-WETH,d9cafc79-9a2c-403a-bdf6-2650516db511,82763,0,0,,0,Dexs
Ethereum,uniswap-v2,WETH-FDIC,5958b123-83a5-4871-842c-62c4d96f137b,82758,0,0,,0,Dexs
Ethereum,uniswap-v2,GFARM2-WETH,c5877e77-0140-4a8f-a706-62c6d85533c3,82718,0,0,,0.27802,Dexs
Base,uniswap-v3,ALPHA-WETH,74776d60-ca16-44f5-80f1-a82e900c69a1,82660,2.36174,2.36174,,6.62483,Dexs
Base,uniswap-v4,TBD-WETH,d2943795-b71d-4507-95da-fccde6385b3c,82633,0,0,,0.0533,Dexs
Base,uniswap-v2,WETH-GNOT,02bf6104-21e4-5814-8232-65ea5447933d,82560,0,0,,43.08019,Dexs
Ethereum,uniswap-v2,PDCT-WETH,f87d80a7-33f9-4921-a0fa-2c5e422b075a,82558,0,0,,0,Dexs
Ethereum,uniswap-v2,KATSUMI-WETH,3581d6a7-d3d9-4f11-bed5-4380667a4938,82516,0,0,,0,Dexs
Starknet,ekubo,LORDS-ETH,49d721a3-e252-4573-b727-c287ec304ff4,82500,32.34656,32.34656,0,41.28028,Dexs
Ethereum,uniswap-v4,ETH-XL1,e7219bc6-8ed1-42fb-873c-09293e94f9f3,82492,0.3528,0.3528,,1.2476,Dexs
Base,beefy,CBBTC-WETH,d6fddcf9-c5e0-4251-9386-4c0681eb7279,82460,4.29939,,,4.8209,Yield Aggregator
Base,uniswap-v2,WETH-GECKO,e585bcc1-5685-4f50-ad36-2df2a5fb5a07,82434,0,0,,0.01078,Dexs
Base,uniswap-v2,WETH-BLAZE,12d1d8f3-1f0d-4c1e-a57d-d758266b9ea3,82309,0.00802,0.00802,,0.01853,Dexs
Base,aerodrome-slipstream,WETH-NVDAC,f6f4ab63-9a82-5ea6-a79c-28484454865d,82302,225.19535,73.89974,151.2956,394.67869,Dexs
Base,uniswap-v4,WETH-AMBERVIBE,3ec3a166-9d61-4724-ad19-630ce5dc193d,82238,0,0,,0.02943,Dexs
Base,uniswap-v3,WETH-BOJAK,e04c3bb1-b217-41b0-b692-a3c3fccfa2c9,82115,0,0,,0.00314,Dexs
Ethereum,uniswap-v4,ARK-WETH,8eba3d1b-44a1-4f40-a560-b9f28196db49,82109,0,0,,0,Dexs
Ethereum,uniswap-v2,WETH-VIBE,719aeef5-c2c2-49fb-9222-d4f85bfa969d,82069,0,0,,0.00043,Dexs
Base,compound-v3,CBETH,8d89b481-a21c-4481-b2a8-b6cf8b59b09e,81980,0,,,0,Lending
Ethereum,uniswap-v2,WETH-HOGE,a8a736eb-6743-467e-b71d-d4651b0ef4c5,81973,0.04323,0.04323,,0.49566,Dexs
OP Mainnet,uniswap-v3,WETH-SNT,03f4ad3e-6d0f-4bc1-b325-3664ff4d4b8b,81887,0.00011,0.00011,,0.00054,Dexs
Ethereum,uniswap-v2,ADX-WETH,b6aecbed-ef29-4ebf-942c-ae625a6a89c6,81831,2.41455,2.41455,,3.17578,Dexs
Ethereum,uniswap-v2,LBLOCK-WETH,9bdbf311-9aba-4203-bd55-754a0b837147,81779,0,0,,0,Dexs
Base,uniswap-v2,WETH-SKICAT,ee3438ad-7df3-4412-acf8-dfba93dd8a09,81779,3.49187,3.49187,,1.41829,Dexs
Arbitrum,uniswap-v3,WETH-GRT,6f2ec10e-003b-47d5-9e58-a55ae5ef6497,81733,87.84054,87.84054,,68.42676,Dexs
Ethereum,uniswap-v2,WETH-DXC,e593a8fd-3ff2-451d-82ee-8b4e1ef920ff,81664,0,0,,0,Dexs
Base,uniswap-v4,VDOR-WETH,75bef378-664d-41b5-a1e1-d554aae4131f,81589,0,0,,0,Dexs
Ethereum,uniswap-v3,JUSTICE-WETH,345d5f7d-742e-4016-af91-a67e46cba9c0,81563,36.50372,36.50372,,58.42764,Dexs
Base,uniswap-v4,WETH-PANELCALL,25a4c7c0-7ff5-5544-b4b0-d6317e68e227,81551,26.2105,26.2105,,26.2105,Dexs
Polygon,uniswap-v4,WETH-AAVE,5cebe6d8-2a71-4bcd-862b-0d0dfef5de59,81538,4.39556,4.39556,,6.86809,Dexs
Ethereum,uniswap-v3,BONE-WETH,f7e8c121-5dce-452f-ae7a-813bd9adc13f,81533,0.96673,0.96673,,0.44501,Dexs
Base,uniswap-v4,WETH-ROOTAI,75bdd49f-6234-4a16-a50f-18481ea55f87,81415,0.03593,0.03593,,0.22087,Dexs
Ethereum,uniswap-v2,AKIRA-WETH,dcf70cb5-d7c9-4ef7-a82a-6361decf27f3,81370,0,0,,0,Dexs
Ethereum,uniswap-v4,ETH-STONE,da52d752-ff89-48e3-9cb2-a5423f4d2910,81364,12.29897,12.29897,,6.55687,Dexs
Ethereum,uniswap-v2,WETH-ETHEREUM,77341de1-7044-450d-a073-365a4c1444a8,81323,0,0,,0.26881,Dexs
Ethereum,uniswap-v2,WETH-DOGE-1,776bab98-5ef9-4806-b99e-54faf9df36aa,81257,0.55018,0.55018,,2.18655,Dexs
Ethereum,uniswap-v2,UBT-WETH,0c25e2b6-8bc5-4948-825f-84110d14feca,81198,10.61719,10.61719,,10.40555,Dexs
Base,uniswap-v3,WETH-COR,e088c488-b15f-5b0e-8ca4-4d57d2d94882,81189,0,0,,0.23761,Dexs
Base,uniswap-v2,WETH-PEPETO,b3a42cbf-75aa-4675-b260-91d35acfe4ce,81185,0,0,,0,Dexs
Ethereum,uniswap-v2,WOJAK2.69-WETH,488a2e66-fbfb-4f25-9980-dc0e7bbee3c9,81139,0,0,,0,Dexs
Base,uniswap-v3,OVR-WETH,6a5a1c2e-edd8-4a47-8446-5b43a1829114,81090,15.54532,15.54532,,3.56561,Dexs
Base,uniswap-v4,CLAUDEAGENT-WETH,e8f3aceb-4cf8-4fc3-96f8-20605ba0271a,81065,0,0,,0.02008,Dexs
Ethereum,uniswap-v2,XMONEY-WETH,5544e3ba-9ecf-4b19-8100-02691e064fad,81012,8.20073,8.20073,,2.04467,Dexs
Ethereum,uniswap-v2,NITEFEEDER-WETH,e892149b-28e7-4dcf-85ea-0df748aea9cb,80976,0,0,,0,Dexs
Base,uniswap-v3,WETH-ALPE,9ce3c729-e8b5-5126-9d78-c28701ab7aed,80853,0,0,,0,Dexs
Base,uniswap-v3,WETH-RISITA,ff213a97-293d-401c-8cf5-ef2f2ef7b22c,80846,0,0,,0.00178,Dexs
Ethereum,uniswap-v2,WILDEBEEST-WETH,3f4cc199-8464-5946-a25c-2c951db89f05,80829,108.2241,108.2241,,182.54683,Dexs
Base,uniswap-v4,WETH-BERRY,35a84eb6-6f2e-4ecf-af0f-a37e24c83c85,80780,0.00247,0.00247,,2.49609,Dexs
Ethereum,uniswap-v2,WETH-DANK,abea18ac-82aa-450b-9acb-950e9646c4ff,80738,0,0,,0,Dexs
Ethereum,uniswap-v2,WZNN-WETH,303e7229-a78d-4aa3-b5b7-6ff717d67b89,80551,0,0,,0.4226,Dexs
Ethereum,uniswap-v2,SHIBC-WETH,90c5a979-03f0-4ddd-9f31-3ba5125efe6c,80546,0,0,,0,Dexs
Ethereum,uniswap-v2,MOON-WETH,c198bed1-eb42-56cb-bf99-10de030a9561,80481,0,0,,0,Dexs
Ethereum,uniswap-v2,KNINE-WETH,e6d266fc-02a9-4ca3-b8ac-ac31338bbf2e,80454,0,0,,0.24794,Dexs
Ethereum,uniswap-v2,FLIPIT-WETH,ab2b61f1-ab3e-4856-bf2c-72f46beede88,80301,0,0,,0,Dexs
Ethereum,uniswap-v2,PIKA-WETH,97c06716-c92f-471d-b024-ed111ecef01f,80278,0.00381,0.00381,,0.07961,Dexs
Base,aerodrome-slipstream,WETH-GOOGLC,a1265a82-835c-533c-bbad-18cca93bec6e,80265,209.85705,92.08464,117.77241,377.91527,Dexs
Base,uniswap-v2,LBRETT-WETH,f153814c-c9d8-45aa-9546-711491af263d,80237,0,0,,0,Dexs
Ethereum,uniswap-v3,WQUIL-WETH,e6a57a2f-cf83-46a9-b762-e6b95b84379f,80221,1.41127,1.41127,,7.85035,Dexs
Ethereum,uniswap-v2,CBSN-WETH,0a49a78b-1233-4eb3-8836-c8ff1c49d964,80195,0,0,,0.06156,Dexs
Ethereum,uniswap-v2,HOLY-WETH,c6279ddd-9722-505e-b899-4a7cb9681a28,80071,0,0,,0,Dexs
Ethereum,uniswap-v2,WETH-MARIE,32879c89-6c78-4148-8228-8371e5d43bdf,80065,1.36644,1.36644,,3.87588,Dexs
Ethereum,convex-finance,ETH-CLEV,4289cfc2-593a-4be9-8a6c-19ca0df0780e,80062,10.14674,0.04,10.10674,9.30374,Yield
Ethereum,uniswap-v2,WETH-FFF,3b5e7c6d-5027-599b-b8f8-ee5e4f97deeb,79950,0,0,,0,Dexs
Ethereum,uniswap-v2,XAI-WETH,deb19a0a-00b1-41f7-8444-4ce12478256d,79930,0,0,,0.07899,Dexs
Ethereum,uniswap-v2,WETH-SHLD,e036b2a3-1839-4067-a27c-9f1d7eff3f63,79912,0,0,,0.00015,Dexs
Base,uniswap-v4,ETH-BASEJUICE,793db7e3-97fe-569b-949a-4d67389703fe,79904,0,0,,0,Dexs
Ethereum,uniswap-v2,BSO-WETH,75f66549-0766-53d6-9496-2e5a243a2c2c,79899,0.03443,0.03443,,0.20591,Dexs
Ethereum,uniswap-v3,PNDC-WETH,a84f69c6-878a-4770-863d-d8a146fd3a3b,79765,15.87213,15.87213,,23.43571,Dexs
Ethereum,ipor-derivatives,STETH,ebe0e811-1c2a-4510-b4ee-b0c4fefc4966,79712,6.20771,6.20771,,5.3212,Derivatives
Base,uniswap-v4,ETH-BNKR,af72aead-11b3-4a6a-b83d-963922893369,79691,0.32761,0.32761,,1514.77174,Dexs
Base,uniswap-v2,WETH-MAXI,8da43963-6530-4a88-a65f-d003ff4e3985,79661,0,0,,0,Dexs
Base,uniswap-v3,LFI-WETH,01195f0c-da0d-4927-919e-ec5de819f78b,79601,1118.06615,1118.06615,,319.69102,Dexs
Ethereum,uniswap-v2,WAIT-WETH,83dcbf18-4e1b-42f4-b66a-63cb7ce7d12d,79574,0,0,,5.26282,Dexs
Ethereum,uniswap-v3,WETH-INJ,41fe06c8-4b34-4942-b308-8bce7cb95ffa,79487,12.32975,12.32975,,33.56026,Dexs
Ethereum,uniswap-v2,MOTO-WETH,e462181c-6362-56ae-a23c-c5d39daf6800,79465,204.29334,204.29334,,142.05609,Dexs
Base,uniswap-v4,ETH-UPTOBER,e4a333ad-ecfd-5776-bd8c-b3dd6248269f,79361,31.82375,31.82375,,26.40266,Dexs
Base,aerodrome-v1,WETH-LUCHA,a0d8e1f4-a010-4479-bea5-41354b795c8e,79337,41.97314,,41.97314,33.64016,Dexs
Ethereum,uniswap-v2,LUCO-WETH,467a88c9-0700-5f09-b2a7-12dfd8f2335e,79328,0.01579,0.01579,,0.00968,Dexs
Arbitrum,curve-llamalend,WETH,317f2585-37ee-444a-862f-446a6173096a,79282,0,,,0,Lending
Ethereum,uniswap-v2,GEKE-WETH,980981e4-a87c-4593-a95b-7fcde39c8c88,79270,0,0,,0.02115,Dexs
Ethereum,uniswap-v3,LDO-WETH,e715d826-57af-46ea-8396-5352be9964a8,79199,29.27438,29.27438,,30.86305,Dexs
Ethereum,uniswap-v2,WETH-MBCORE,83ae2d8b-d446-59a0-b2ba-5831ca82c90b,79198,0,0,,0.00134,Dexs
Linea,gamma,WEETH-WETH,90704314-0787-5133-be63-fb6d7f6c13b1,79181,0,0,0,0,Liquidity Manager
Ethereum,uniswap-v2,WETH-UPBO,15443746-17a3-4859-aaa3-c9d90913f038,79058,0,0,,0,Dexs
Ethereum,sushiswap,PENDLE-WETH,9b25058c-1a6c-4e7f-aa21-bb8359c686a6,79001,2.74952,2.74952,0,9.88135,Dexs
Ethereum,uniswap-v2,YI12-WETH,9e126c74-bbca-4be8-acf1-ff561234603a,78941,0,0,,0,Dexs
Ethereum,uniswap-v4,ETH-ARGO,50922a6e-e714-5f92-80d5-ed63e3fb1bfe,78917,0,0,,4687.83539,Dexs
Ethereum,sushiswap,TCAP-WETH,4c42ec0b-a0bd-4666-9bc5-38bea21ee914,78882,0,0,0,0.06639,Dexs
Ethereum,uniswap-v2,SCALE-WETH,1fbc96e7-7c60-4c40-a6c1-7872376bed6c,78832,0,0,,0,Dexs
Base,uniswap-v3,WETH-OZ,32420b62-6579-5d33-a145-a06885f188c6,78771,0,0,,0,Dexs
Ethereum,uniswap-v2,THOT-WETH,cd6b1234-2730-53c5-b4b5-3ccbf67c222e,78737,0,0,,0,Dexs
Ethereum,uniswap-v2,REIT-WETH,3a978a4a-5bb8-45d1-a16d-2b38cd150a4b,78715,0,0,,0,Dexs
Ethereum,uniswap-v2,WETH-ENCORE,62482b27-08c3-4c66-a3fb-0aa5b37da85d,78652,0,0,,0,Dexs
Ethereum,uniswap-v2,ANB-WETH,d7e5a253-c0e8-428d-9aa1-0c31639b4fcb,78605,0.31331,0.31331,,0.33974,Dexs
Ethereum,uniswap-v2,LEGEND-WETH,d33a64a6-af44-51f3-8188-9134ec290356,78603,0,0,,0,Dexs
Ethereum,uniswap-v2,SUBBD-WETH,157f19bc-c2eb-4bae-a265-20ead91d3cfa,78602,0,0,,0,Dexs
Ethereum,uniswap-v2,WETH-FEAST,58844827-1b3c-5b81-a7be-f983b7b348fe,78541,0.00444,0.00444,,0.00093,Dexs
Base,uniswap-v4,CYB3RWR3N-WETH,7689302b-e90c-40b2-bd09-42bbc12adc47,78463,0,0,,0,Dexs
Base,uniswap-v3,WETH-BERF,c61a1310-e4c3-4755-a5c8-470e060e02f1,78441,0.00177,0.00177,,0.01111,Dexs
Base,uniswap-v3,WETH-NVDAC,4118a559-6fdd-582f-a6ef-f17b80e0dbec,78431,49.44583,49.44583,,113.21874,Dexs
Base,uniswap-v4,WETH-NOSOUL,6bd19186-f069-4c23-af7d-95756d1b8347,78394,0,0,,0.02196,Dexs
Ethereum,uniswap-v2,WETH-KAERU,c7ecc961-6e85-52f8-9179-5a46cc76b930,78389,0,0,,0,Dexs
Linea,gamma,WEETH-WETH,b51734bd-525f-450a-b374-8c72c5f2cb93,78384,0,0,0,0,Liquidity Manager
Linea,lynex-v2,WEETH-WETH,5a42becf-8a3d-4307-8baa-09b56e93849e,78384,0.78711,0.78711,0,1.1533,Dexs
Ethereum,uniswap-v2,WETH-GMAC,9b668c72-4af8-4f64-9ff2-3ce351cafc2c,78372,0,0,,0,Dexs
Base,uniswap-v4,SETZ-WETH,5a1c3ec2-3c9e-5e40-8577-e3752e3a6987,78356,0,0,,0,Dexs
Base,beefy,AERO-WSTETH,e18ef3cc-42de-4e90-9bb1-02ed71c8bfa1,78322,8.10253,,,10.08142,Yield Aggregator
Ethereum,uniswap-v2,CONAN-WETH,cc5a6873-bb8d-474f-9d65-bb7f6008ef22,78275,0.01656,0.01656,,0.23421,Dexs
Base,uniswap-v4,WETH-VDOR,8111a28a-fc54-4894-b08f-d1b4957283be,78263,0,0,,0,Dexs
Base,uniswap-v2,WETH-EAI,8b51d8ea-3587-46cc-acc7-a2a37b17eb15,78257,0.07318,0.07318,,0.32361,Dexs
Ethereum,uniswap-v2,WETH-CAKE,d6d36de4-8e0a-5d1b-8489-3854892591a7,78247,0,0,,0,Dexs
Base,uniswap-v3,PRO-WETH,04b00d61-6094-41f7-8477-703e97409a23,78161,68.87017,68.87017,,38.75835,Dexs
Flare,sparkdex-v4,WETH-FLRETH,89cbdfbf-5106-4c0b-92f8-06c0ad5576c3,78142,12.01296,0.28744,11.72552,8.28186,Dexs
Base,uniswap-v4,ETH-FASTLANE,bcd75aef-eade-5b7e-968c-c4fcc2f571f3,78103,58.68795,58.68795,,42.35566,Dexs
Base,sushiswap-v3,BAPE-WETH,1ca937a4-30ea-4840-809c-b7f370066e14,78096,0,0,,0.0744,Dexs
Ethereum,uniswap-v2,BITANT-WETH,af2e8f61-e64e-4697-bf28-1520413196cc,78088,0,0,,0.09106,Dexs
OP Mainnet,cian-yield-layer,WSTETH,e0a0ea3c-924f-46c4-89e3-9672fc36d3bd,78047,3.54,,,3.95256,Yield Aggregator
Ethereum,uniswap-v3,XEN-WETH,0b902d53-157a-4009-b7f2-9bc6a47ec52b,78038,171.51028,171.51028,,78.29695,Dexs
Ethereum,uniswap-v2,WETH-THING,58d67d5d-17fb-426e-8091-6eb8b17cca2e,77985,0,0,,0.004,Dexs
Ethereum,uniswap-v3,WETH-CRV,276b6428-6140-4cbc-b7bf-623af2442f06,77913,1.74424,1.74424,,2.21656,Dexs
Base,uniswap-v4,WETH-GRANTR,3567543c-c10e-476e-8e02-57f0a2609190,77901,0,0,,0.24271,Dexs
Ethereum,uniswap-v2,NML-WETH,b4b8867c-c498-4812-8dad-5b23a6dbdb51,77900,0,0,,0,Dexs
Base,uniswap-v2,SNOWMOON-WETH,6e5982c1-c43c-5856-8991-b14d29bb77c9,77829,976.52929,976.52929,,303.57761,Dexs
Ethereum,uniswap-v2,BAR-WETH,211afa38-d627-45a7-8fbb-96adaa9ba08c,77762,0.03717,0.03717,,0.17664,Dexs
Ethereum,uniswap-v2,RFUEL-WETH,47096775-04f9-402f-b432-2330add78b5b,77746,0.10788,0.10788,,0.51627,Dexs
Ethereum,frankencoin,WETH,67f00831-ffb0-5d6c-b7f1-9bd459587e52,77739,0,,,0,CDP
Base,uniswap-v4,ETH-DEBT,29c63b34-a96b-5d1e-9c2b-df2835ae8ff9,77714,1.5715,1.5715,,1.07027,Dexs
BSC,kinza-finance,WBETH,5bfa568b-f778-40e5-8a45-dc4ea302f901,77658,0.25206,0.25206,,0.29902,Lending
Arbitrum,camelot-v3,WBTC-WETH,54f8cc1c-f468-4031-b44a-859692175bee,77634,2.04559,2.04559,,5.6535,Dexs
Base,uniswap-v4,WETH-EDGE,ce71889b-9d2f-4d5d-a8ed-f4849ba77d1e,77492,0.01071,0.01071,,0.54637,Dexs
Ethereum,sushiswap-v3,FRAX-WETH,f209f170-226c-5bc3-93e2-785b5474d6e3,77487,0,0,,4.54687,Dexs
Ethereum,uniswap-v2,HOPE-WETH,100fa864-a420-43c3-89bd-ed225df6ad70,77454,0,0,,0,Dexs
Ethereum,uniswap-v2,WETH-KOL,757bd9f7-5dda-47dd-9d88-72d7d4f76f49,77341,0,0,,0.05941,Dexs
Ink,velodrome-v3,USDC-WETH,a071110c-5180-465a-8a4a-0ec9b62ec0a8,77242,37.59638,,37.59638,56.89074,Dexs
Unichain,morpho-blue,WETH,5ef2ad32-5519-42c5-bfe0-4d43736e82b7,77194,0,0,,0,Lending
Arbitrum,camelot-v2,WETH-IFARM,39687c9b-e2d2-481f-b65c-53aea193b78c,77125,0.00118,0.00118,0,0.88968,Dexs
Base,uniswap-v4,OPENWORK-WETH,3ad6e0ce-699f-4d08-9e9f-57ae1f76e3d3,77036,0,0,,0.04873,Dexs
Monad,beefy,WETH,3fba8dfb-7366-4048-b648-456bea81f4d4,77030,2.64198,,,2.59307,Yield Aggregator
Ethereum,uniswap-v2,WETH-ASAP,a580e97e-68b4-4930-a050-ffe9a65ff7b9,76976,0.00059,0.00059,,0.00264,Dexs
Ethereum,uniswap-v2,WETH-MAGAFINANCE,80b6e4e8-cc23-53db-8f38-db90800dd969,76959,0,0,,0,Dexs
Base,uniswap-v4,ETH-AIOCTO,256af7af-d4a8-4fc6-bf0c-31427eec60e0,76950,1.19023,1.19023,,2.8145,Dexs
Base,uniswap-v4,WETH-USDP,7b090fb6-5659-47a9-98f8-26b050c4fa0d,76932,0.08916,0.08916,,0.36915,Dexs
Base,uniswap-v3,ATL-WETH,2957a7c9-39c8-48e7-b3cb-3e1c54f9fce0,76885,0.03085,0.03085,,0.22603,Dexs
Ethereum,uniswap-v2,WETH-SHIV,3d844ede-3490-4017-b095-199ee2f2ae1e,76697,0.09886,0.09886,,0.18277,Dexs
Ethereum,uniswap-v2,BUTTER-WETH,da5315f9-60d5-43cf-9b47-604478fa08db,76681,0,0,,0,Dexs
Hemi,sushiswap-v3,WETH-HEMIBTC,a0104ecc-5dbc-403c-8090-ca869df612d0,76679,0.28043,0.28043,,12.11216,Dexs
Ethereum,uniswap-v2,VM888-WETH,74841613-1253-43c8-a84d-dda3642f8ed1,76671,0.01168,0.01168,,0.26111,Dexs
Polygon,quickswap-dex,MILK-WETH,b218ae56-dcd7-4dce-9a4e-59e9384736ed,76645,1.6981,1.6981,,0.09555,Dexs
Ethereum,uniswap-v2,WETH-KEKE,f9052b1c-706d-4b26-ad98-604a74d52c10,76604,0.33208,0.33208,,0.65456,Dexs
Base,uniswap-v4,WETH-LOOP,d14f478d-c849-4f8d-9c22-e255828821e6,76582,0,0,,0,Dexs
Base,extra-finance-xlend,WETH,201dab71-ef7f-47c7-ba7a-b62868df9d37,76578,0.44015,0.44015,0,0.30105,Lending
Ethereum,uniswap-v4,ETH-SAT1,08c3bb78-d4f1-428c-9132-64f6f92969b2,76523,0,0,,0,Dexs
Arbitrum,gmx-v2-perps,ETH-USDC,bedc1860-dc07-4215-a64e-f09ee7513b58,76498,9.52179,9.52179,,4.54562,Derivatives
Ethereum,uniswap-v2,CRE-WETH,1e744983-b32c-46b7-aad7-102d504047a6,76497,0,0,,0,Dexs
Arbitrum,fluid-lending,WSTETH,e92a6af8-146a-401c-bd0d-a0c50f092ef8,76495,0,0,,0.00139,Lending
Ethereum,uniswap-v2,TAXI-WETH,041ba28d-a0da-4f96-8d0b-c84c9a826ee0,76439,0,0,,0,Dexs
Ethereum,uniswap-v2,⭕-WETH,c2fc7fbf-298b-4f11-8b14-4e0091dbee9c,76435,0,0,,0,Dexs
Ethereum,uniswap-v2,KISHIMOTO-WETH,f5077f81-007e-43e7-b7b7-694e2959cd3a,76430,0,0,,0,Dexs
Ethereum,uniswap-v2,NYAN-WETH,479a3f57-4c84-4b5b-a021-e67b264b5b09,76427,0,0,,0,Dexs
Ethereum,uniswap-v2,WETH-EDU,8480158c-791c-47c2-b691-c12ad687a0b7,76357,0,0,,0,Dexs
Base,uniswap-v4,MOLTROAD-WETH,e77af220-60ad-40d1-b92d-e0f1353d8552,76338,0,0,,0.02975,Dexs
Base,sushiswap,FELLA-WETH,f3ff98f8-9908-4f43-8ced-73150580a974,76326,0,0,,0.00181,Dexs
Ethereum,uniswap-v2,WETH-LKING,33ea5b0b-453d-53a7-983b-83a569c5434c,76280,0,0,,0,Dexs
Ethereum,uniswap-v2,WETH-WBCB,b024d5ef-2bc2-485c-b594-25b3e9d071ce,76230,0,0,,0,Dexs
Base,uniswap-v4,WETH-RUNNINGTBA,cc3b563a-5353-4d5d-acfb-f17fc4dedd1d,76224,0,0,,4827.91712,Dexs
Ethereum,uniswap-v2,PLUMS-WETH,142fdcb5-2691-48a8-b85f-ba988e8dbd4b,76207,0,0,,0,Dexs
Base,uniswap-v4,WETH-COMPUTE,463465be-5853-4df4-ba92-480b813250f1,76116,0,0,,0.5827,Dexs
Ethereum,beefy,AAVE-WETH,08259c43-7c9d-5fc3-8d75-77da7426c57b,76112,73.24171,,,56.6923,Yield Aggregator
Base,sushiswap,WETH-NORMIE,6585a2d3-dfd6-4b88-be14-46bb559d2f44,76044,0.04102,0.04102,,0.2157,Dexs
Arbitrum,gmx-v2-perps,WSTETH-USDE,79dbe362-f71c-426c-9b29-2112f97ce4f5,75993,0.5996,0.5996,,1.75854,Derivatives
Base,uniswap-v2,PEEZY-WETH,0f12c56d-1853-4754-9204-8dfba5d662cf,75951,0.88217,0.88217,,0.61324,Dexs
Ethereum,uniswap-v2,ZKHIVE-WETH,863d37c8-cf15-4d7c-9af7-803da6c1bdd5,75885,0,0,,0,Dexs
Ethereum,uniswap-v2,CREA-WETH,b1b5bdfe-181b-4f23-99b3-be1a604fc0dc,75839,0,0,,0,Dexs
Base,euler-v2,WETH,6220a31d-7c3f-4bf6-91ee-f026c9d35e92,75764,1.51699,1.51699,,1.55702,Lending
Base,uniswap-v4,WETH-VDOR,df8a1165-249a-476f-bd4f-6a4818145b1b,75682,0,0,,0,Dexs
Ethereum,uniswap-v2,WETH-YEET,82a5f464-6563-455e-bd31-79f812ca1135,75656,0,0,,0,Dexs
Ethereum,curve-dex,VSP-WETH,0a191100-33a1-47bd-a219-5ecb6dae76be,75632,11.90808,0.08,11.82808,29.06246,Dexs
Ethereum,uniswap-v2,AWF-WETH,d98b5fb5-06db-48c2-953a-79e3377ba8fc,75618,10.62517,10.62517,,10.61825,Dexs
Ethereum,uniswap-v2,SDT-WETH,0905e7cb-224f-4bd3-8c93-a61b14e5ebfe,75574,0.67206,0.67206,,0.72424,Dexs
Base,uniswap-v4,ETH-CBETH,3bc8c9e2-d303-41c5-8a2f-6cde75a048bf,75543,0,0,,0,Dexs
Ethereum,uniswap-v2,VU-WETH,759f6901-cace-4395-979f-fd1e1e1827ca,75541,0,0,,0,Dexs
Ethereum,uniswap-v2,WETH-PLEB,99473dd4-927a-4ec6-aca6-1b55356ce22c,75519,0,0,,0.05224,Dexs
Ethereum,uniswap-v2,BBOP-WETH,2ebae9d1-f477-534b-952b-2ee352125c33,75491,0,0,,0,Dexs
Ethereum,uniswap-v4,ETH-SA1T,4844497b-0c75-4827-b278-70385f9eae9b,75472,0.49222,0.49222,,0.09178,Dexs
Ethereum,uniswap-v2,ON-WETH,f6fd6be5-24c2-5a9f-9810-ec5d37fefb29,75328,0,0,,0,Dexs
Ethereum,uniswap-v2,GSHIBA-WETH,293892a0-90f4-5417-9f00-fc0dd34d7a1c,75255,0,0,,0,Dexs
Base,aerodrome-slipstream,WETH-CBADA,991b37f9-447b-4282-bb1a-c1cff2220b46,75197,258.64838,147.46642,111.18196,118.28169,Dexs
OP Mainnet,uniswap-v4,WETH-A3K,cc7779a8-2001-5056-bbf0-ef5da5a0c916,75161,0,0,,0,Dexs
Arbitrum,gmx-v2-perps,ETH-USDC,c5d1e197-bb8f-5aba-ab93-1d5579ddd401,75128,12.46003,12.46003,,7.50373,Derivatives
Ethereum,uniswap-v2,PBN-WETH,a7b872a8-baff-546e-80c3-fe8c5198e620,75079,0,0,,0,Dexs
Base,uniswap-v3,JUNGLEBAYMEMES-WETH,74a493ff-93e1-4148-a72f-389f08aecbb8,75001,0.00462,0.00462,,0.2471,Dexs
Ethereum,uniswap-v2,GENSLR-WETH,f2c5c1b8-f03f-4239-b2f6-f1de141be39c,74930,0.01736,0.01736,,0.00513,Dexs
Ethereum,uniswap-v2,BUCKBREAKER-WETH,fe420c26-e5ae-5cab-8d0f-7799ad84bd1b,74883,0,0,,0,Dexs
Ethereum,uniswap-v2,ZIPCAT-WETH,89ca0fee-fdc7-5867-aa2e-346efec6fdf1,74856,0,0,,0,Dexs
Ethereum,uniswap-v2,AXUS-WETH,991d6b36-3932-5517-975e-4fd623ad5a0e,74813,0,0,,0,Dexs
Base,uniswap-v4,WETH-SLING,ca249c38-cd56-4315-b08d-69e7da127b2d,74803,0.00036,0.00036,,0.07269,Dexs
Ethereum,uniswap-v2,FTW-WETH,c010cc70-bb09-4d9f-8c27-de9747d931ca,74748,0,0,,0,Dexs
Ethereum,uniswap-v2,SIFI-WETH,4616f9f0-5a36-5a2c-8951-0ec00d086a3e,74729,0,0,,0,Dexs
Ethereum,uniswap-v2,AIB-WETH,80e0f210-a5bc-454f-9146-3469cfce0e11,74696,2.24964,2.24964,,4.87947,Dexs
Base,peapods-finance,WETH,52ca4394-9c57-454f-9a9a-893f59a99135,74665,17.09217,17.09217,,20.87462,Yield
Ethereum,uniswap-v4,ETH-ATOS,2bab7b1b-18be-44f2-afb5-27d6536e8097,74642,2.66282,2.66282,,2.43172,Dexs
Base,uniswap-v4,KLAUS-WETH,de6f0ae3-2532-4e98-8b9d-53842a4ff7b9,74600,0,0,,0.0142,Dexs
Ethereum,uniswap-v2,TOKE-WETH,57f52716-82cf-46b0-b646-c5da18ae24e6,74587,0.1623,0.1623,,0.73168,Dexs
Arbitrum,gmx-v2-perps,ETH-USDC,d784d84e-ff30-4e4a-a191-7f4459847882,74437,17.44066,17.44066,,7.07686,Derivatives
Ethereum,uniswap-v2,WETH-TWOPAW,d1256828-3e47-4907-868f-ebe72cfde778,74391,0,0,,0,Dexs
Ethereum,uniswap-v2,WETH-GAMER,3d314bd2-a630-4330-9eba-8253d9bf73d2,74379,0,0,,0.17062,Dexs
Ethereum,uniswap-v2,MARKS-WETH,b8fc6472-d29e-4984-a571-491de3d22eee,74335,0,0,,0,Dexs
Ethereum,uniswap-v2,FEARNOT-WETH,6bd5b474-9206-4fee-8b50-021a5c10f2b4,74270,0,0,,0,Dexs
Avalanche,gmx-v2-perps,ETH-ETH,de65592c-e1f2-4dae-a007-a2da8ce0d184,74256,0.00522,0.00522,,0.17517,Derivatives
Ethereum,uniswap-v2,PRVS-WETH,a5d2b448-a507-580f-bb9f-9e36cb1c5a59,74227,0,0,,0,Dexs
Ethereum,uniswap-v4,ETH-MATH,29119841-4023-5e62-adb9-e53ab3defaa7,74166,27.41724,27.41724,,9.87802,Dexs
Arbitrum,gmx-v2-perps,ETH-USDC,c81c8938-9be5-4911-8759-b656a7c7b4b5,74096,11.46683,11.46683,,4.35705,Derivatives
Ethereum,uniswap-v4,ETH-RSETH,ebbd6400-24cd-5a34-bde1-63411db737d3,74083,0.03567,0.03567,,36.1502,Dexs
Base,balancer-v3,TETH-WABASWSTETH,8c41378d-0f6a-419c-a682-ddf4f984059d,74061,2.2212,2.2212,0,2.20515,Dexs
Arbitrum,beefy,LINK-WETH,5ff8bdc7-ffd6-4878-b459-35d26d543324,74045,74.53641,,,22.31195,Yield Aggregator
Ethereum,uniswap-v4,ETH-USDC,24b6127f-0c0a-4e4e-a81b-81c6556a3b5d,73984,0.06416,0.06416,,0.43806,Dexs
Ethereum,uniswap-v4,ETH-VERI,595ee59f-e5c9-53be-b312-3a300df74cb8,73880,27.72936,27.72936,,13.32665,Dexs
Polygon,woofi-earn,WETH,bd067f51-884d-4e5b-870e-325921c77a3b,73829,5.19864,5.19864,0,5.29079,Yield
Base,uniswap-v4,ETH-AEON,4ba3ec5a-4a51-5823-bb66-751fe1fb31e5,73819,1233.32156,1233.32156,,1617.02726,Dexs
Base,uniswap-v3,UXLM-WETH,b1d9c700-262e-4aab-bf39-2323d72546f6,73768,2.7999,2.7999,,4.08267,Dexs
Ethereum,morpho-blue,EZETH,3e1fa3de-3844-4aa7-bbc1-0363fc72b3b1,73761,0,0,,0,Lending
Ethereum,uniswap-v2,JUP-WETH,377b8b5c-29e4-4605-9cbe-2a6c06dc4221,73651,0.07832,0.07832,,0.60317,Dexs
Ethereum,uniswap-v2,MOODENG-WETH,9389ea15-9fe3-4da1-a5f8-72f138dbe93b,73631,0,0,,0,Dexs
Base,uniswap-v3,DOG-WSTETH,7dec0455-6639-48c8-a12b-aa2a5238c0e8,73534,0,0,,0,Dexs
Ethereum,uniswap-v2,DRC-WETH,70094538-1f74-4d66-a868-a33d39034139,73525,0,0,,0.4269,Dexs
Ethereum,curve-dex,ETH-OETH,18cb2d80-422e-4d0d-a223-66a307f06d8d,73451,3.17869,0.73,2.44869,3.08128,Dexs
Base,uniswap-v4,WETH-AAI,28c498a1-673b-4fcb-bbfa-3f6d85061e00,73415,0,0,,3.04632,Dexs
Ethereum,uniswap-v4,ETH-ARGOSTR,75e22500-52a6-5b50-95aa-cbbd9b363310,73393,0,0,,0,Dexs
Base,uniswap-v4,WETH-DELU,85f95054-fab1-4179-b32d-6dabb46a734a,73387,0,0,,0,Dexs
Base,uniswap-v4,ETH-MT,a733cf06-3a64-50be-b3cd-4a676b88a870,73337,2.24672,2.24672,,1.56464,Dexs
Base,uniswap-v3,WETH-RSR,ab2f432a-f8d7-4a7c-8b2a-d466e5d0f748,73323,89.91551,89.91551,,104.50091,Dexs
Base,uniswap-v4,ETH-AMETA,697a3e5e-ede7-48c4-9306-ed047de4d143,73240,1.88826,1.88826,,1.49095,Dexs
Ethereum,ekubo,ETH-USDC,045c096d-9e17-4c06-b109-e6e09557f15d,73207,20.18687,20.18687,0,45.62961,Dexs
Ethereum,uniswap-v4,ETH-UFFFO,e6592d98-5d8f-599f-a3c8-e7d1e4b75eda,73048,0.02742,0.02742,,0.24608,Dexs
Base,uniswap-v4,DRUCK-WETH,2fae95b1-4ea5-4164-9fe2-c5ff22c5607c,73021,0,0,,0,Dexs
Base,aerodrome-v1,TYBG-WETH,eb4ab21d-55bb-49c9-9ff9-3bba4908a9f1,72955,46.90118,,46.90118,60.04812,Dexs
Base,uniswap-v3,PAWS-WETH,14afe29b-f292-4d8d-a000-c681f02993e6,72784,15.52883,15.52883,,12.86522,Dexs
Avalanche,blackhole-clmm,WETH.E-WAVAX,96a08202-70fe-4c11-b4af-6e41ff0c84d5,72663,802.12526,0,802.12526,856.75469,Dexs
Base,uniswap-v4,WETH-CLAWDIA,adc8c12d-8b10-4f38-8189-54eb501cc630,72547,0,0,,0.23976,Dexs
Base,uniswap-v3,WETH-TPRO,7938d8b3-d10e-593c-bc04-791a091d2569,72467,0.27941,0.27941,,0.58229,Dexs
Ethereum,uniswap-v4,ETH-OKB,110dba7f-9069-4298-9664-a942ed96f180,72460,1.74465,1.74465,,7.49461,Dexs
Ethereum,uniswap-v4,ETH-UPEG,46b99c5c-80bc-44cb-9971-0ef5999520df,72445,0,0,,0.41337,Dexs
Base,uniswap-v4,ETH-SI,172c0a7e-946b-5de7-8f6c-4f32cf79d873,72418,132.39437,132.39437,,186.2599,Dexs
Base,aerodrome-v1,WETH-OVER,228fa8b8-0e4e-4261-b886-64a89565150a,72409,5.22888,,5.22888,3.16478,Dexs
Base,uniswap-v2,CRAPPY-WETH,e03d9b3a-f0d9-4344-b985-7c856f94bce5,72357,0,0,,0,Dexs
Base,uniswap-v3,WETH-OKAYEG,5de78c99-c13b-4ba1-a01f-0d7c9ff4f71c,72343,0.09916,0.09916,,1.12692,Dexs
Ethereum,uniswap-v4,ETH-SPIRAL,590f2313-249f-56e1-a3d6-ca9f9a293fad,72332,0,0,,0,Dexs
Arbitrum,camelot-v2,WSTETH-WETH,aceb3d16-dee5-4cdc-9cf2-ad207e657442,72300,0.00025,0.00025,0,0.00036,Dexs
Ethereum,pancakeswap-amm,GOLDGR-WETH,be3f2b21-948a-42d8-b926-81798df346f6,72219,0.65037,0.65037,,0.97317,Dexs
ZKsync Era,zkswap-v2,ZK-WETH,91a79cd0-dc28-4e5a-8de3-12053f80a5b7,72209,3.38508,3.38508,0,6.0859,Dexs
Ethereum,uniswap-v2,ZERO-WETH,aa332018-403a-43e4-a6ac-e345db9f09ee,72164,0,0,,0,Dexs
Base,uniswap-v3,WETH-RIKU,79be8f99-fa36-4367-b216-2a1c6fa775a4,72164,0,0,,0.08597,Dexs
Base,uniswap-v4,WETH-EARENDEL,5c52ebf0-a2cf-421d-b216-7d436cd8d396,72148,0,0,,0.37141,Dexs
Ethereum,uniswap-v2,TREND-WETH,c7e27c1c-7496-4a4c-ae8f-f5985e1a1507,72059,0,0,,0,Dexs
Gnosis,symbiosis,WETH,c0d3b0c6-f517-4a5e-8713-95af464ff081,72017,0.01803,0.01803,,0.05876,Cross Chain Bridge
Base,uniswap-v3,WETH-KTA,4febf5f4-deda-4d36-9ae6-e29124485404,71943,31.63254,31.63254,,54.03851,Dexs
Base,uniswap-v4,ETH-STITION,0a2f087c-5386-562c-9be5-583d3654e40b,71726,0,0,,0,Dexs
Ethereum,uniswap-v4,ETH-RETH,3ba6bdbd-1ca9-533f-ad0e-c4b8300818c5,71702,0.07189,0.07189,,0.01758,Dexs
Base,uniswap-v2,WETH-PAT,9b7f0d31-338f-4ffc-911c-04eda87a2940,71667,0,0,,0.01974,Dexs
Base,uniswap-v4,SQUAER-WETH,89e7793a-f3f1-4954-b0ff-90971194a5be,71462,0,0,,0.01436,Dexs
Base,beefy,TBTC-WETH,960c90b9-310e-4c40-ab9b-04bbfb8fc60c,71455,1.55219,,,1.39595,Yield Aggregator
Ethereum,uniswap-v2,MLT-WETH,95c42e70-3f5b-4cfa-a4a6-980f67384031,71418,0.14329,0.14329,,0.07669,Dexs
OP Mainnet,extra-finance-xlend,WETH,54392a64-2165-47a2-b08e-88dd61b8768c,71397,0.90035,0.90035,0,0.67364,Lending
Base,uniswap-v3,LSTEAK-WETH,9a16acd5-f879-5046-b110-8cb760ce7845,71374,0.19561,0.19561,,5.6222,Dexs
Arbitrum,uniswap-v3,LDO-WETH,7bd8982c-5704-4ba0-a4c7-a8c7de9abbb4,71331,18.59059,18.59059,,21.51183,Dexs
Arbitrum,uniswap-v3,LAVA-WETH,7987b584-0d22-40f7-be56-a38010f6ae3e,71318,4.07503,4.07503,,31.34117,Dexs
Ethereum,curve-dex,ETH-XETH,3f8d5d05-24a6-4cbd-ad08-a484a16d8b2e,71230,0.02215,0.02,0.00215,0.19913,Dexs
Base,beefy,VVV-WETH,df4c1ba8-93c5-431f-be88-4e717c07f1e1,71167,71.40427,,,100.2921,Yield Aggregator
Osmosis,osmosis-dex,WETH-OSMO,094e3edf-9d92-4e4e-a456-fb1b6058420b,71139,1.94328,1.94328,,1.53665,Dexs
Base,uniswap-v4,WETH-CLOUDX,98e5bc68-756f-425b-99b7-c5445736959f,70994,0,0,,0.04036,Dexs
Avalanche,uniswap-v4,WETH.E-USDC,6b3e8f60-e352-4615-a3ac-c084bee55b7b,70961,7.92653,7.92653,,16.14207,Dexs
Base,uniswap-v4,WETH-MYTHOS,d6d48a8c-e774-4895-a886-0512983433dd,70939,0.4521,0.4521,,0.44744,Dexs
Base,uniswap-v3,WETH-TRX,b756de8e-cd60-4003-abaf-aa470cd19a2d,70914,1.77773,1.77773,,7.68354,Dexs
Base,alien-base-v3,WETH-USDC,42a5a863-778a-421c-af67-5b4c9436cd4d,70822,15.16517,0,15.16517,23.977,Dexs
Ethereum,uniswap-v4,ETH-ONE,844f5d41-aae2-4c0a-9c56-ebffe9548588,70739,0,0,,0,Dexs
Ethereum,sushiswap,WETH-BTRFLY,cddc36bd-b862-4d81-9535-b2ef9fe981b6,70651,0,0,0,0,Dexs
Base,uniswap-v2,WETH-BDAG,44208b56-7c1c-4579-93db-4ecfb48443e3,70611,0,0,,0,Dexs
Base,uniswap-v3,WETH-ROOST,4e9adf6d-afda-47a9-8cf4-58160681eb98,70602,0.1754,0.1754,,0.7612,Dexs
Arbitrum,gmx-v2-perps,ETH-USDC,0fcfc655-5ce5-4e5c-a67b-6c55bc9c38fb,70588,19.74791,19.74791,,8.79248,Derivatives
Base,alien-base-v3,WETH-USDC,1735e755-8b7b-46d2-b93c-efe2c5754f9b,70519,8.70309,0,8.70309,7.32175,Dexs
Ethereum,uniswap-v4,ETH-RSTR,337cb555-b403-4dc2-8527-4ffaddfb67ad,70500,0,0,,0,Dexs
Base,uniswap-v3,WETH-BOOL,35c5054f-1e81-41cc-ae39-b0ff6461bf60,70443,8e-05,8e-05,,0.00032,Dexs
Arbitrum,uniswap-v3,ANIME-WETH,20f788ef-8255-41ce-8de2-024e3a0060f6,70424,0.20121,0.20121,,6.02799,Dexs
Arbitrum,balancer-v2,RDNT-WETH,88a48fa9-bea0-499b-aa4d-e32079bf1fce,70282,0.48582,0.48582,0,5.09816,Dexs
Base,uniswap-v2,BRIAN-WETH,c5cf9fac-cb09-40c6-94a7-94c827997ac0,70224,0.02062,0.02062,,0.58089,Dexs
Arbitrum,gmx-v2-perps,ETH-USDC,fe07522e-dd5a-4bf4-bb8b-89fdb4055934,70180,4.18428,4.18428,,5.46844,Derivatives
Base,aerodrome-slipstream,WETH-CBXRP,16f57370-96da-46f5-af56-febc5f3296aa,70031,0.83275,0.83275,0,9.17591,Dexs
Arbitrum,camelot-v3,WETH-ARB,df0ae297-a543-47de-ad7e-02bcdc3febad,70017,20.73069,20.73069,,70.7877,Dexs
Base,uniswap-v2,BITBOT-WETH,78b3b63b-a02b-47cc-8320-33f9b2508e4b,69792,0,0,,0.09226,Dexs
Base,uniswap-v4,WETH-OBOLCLAW,08b52529-7657-4602-bec7-51750cc3046b,69781,0,0,,0.04446,Dexs
Base,uniswap-v3,CLANKFUN-WETH,3d5307f7-6c40-43b6-b87f-34a3ca573aab,69758,0.04647,0.04647,,0.44167,Dexs
Base,uniswap-v2,WETH-CYOP,4b9ba2a7-f549-4450-9c27-e05e0370d149,69757,0.13157,0.13157,,0.21753,Dexs
Base,uniswap-v4,WETH-KATCH,37cc67a0-431d-41bc-b6cd-615fa7585688,69684,0,0,,0.12142,Dexs
Ethereum,kyberswap-fairflow,ETH-RETH,99cab903-55d1-4c6d-9be8-10e56ba0ed70,69613,23.37373,0.03676,23.33697,32.08165,Yield Aggregator
Base,uniswap-v4,WETH-TRIDENT,fc567b10-0412-4e05-8b20-8a37c140d000,69564,0,0,,0.06778,Dexs
Ethereum,uniswap-v4,ETH-ONDO,13c2e154-01cb-59bb-8f6b-ea094be59a22,69453,227.28841,227.28841,,160.50319,Dexs
Base,uniswap-v4,WETH-USDC,d08b03ac-3cb9-53c6-9f49-8a70e8961c23,69277,8.34445,8.34445,,22.11719,Dexs
OP Mainnet,uniswap-v3,WETH-KROM,8fb5edb9-5d45-43ad-88dd-8afd0b9fe173,69228,0,0,,94.5958,Dexs
Arbitrum,gmx-v2-perps,ETH-USDC,1c35b340-58c8-4122-8996-c26bda676f9a,69115,4.24951,4.24951,,2.32897,Derivatives
Ethereum,uniswap-v4,WETH-EMERALD,72d50f98-0128-5661-987d-18b5cbf4be3c,69068,7.46844,7.46844,,7.46844,Dexs
Base,uniswap-v4,WETH-KARPATHYMOLTY,a7642f93-1e6e-4b66-ad77-97c6b3a64b60,69060,0,0,,0.06413,Dexs
Ethereum,uniswap-v3,ZRO-WETH,95d587bd-1941-4dc8-9bee-9190cf15bebf,69026,211.51019,211.51019,,77.91973,Dexs
Ethereum,sushiswap,EETH-WETH,a1004edf-dc6d-4115-a169-3f502987c3d2,68999,0.07587,0.07587,0,0.21953,Dexs
Celo,uniswap-v3,USD₮-WETH,53a906e0-d837-4cef-b562-e29222f6b3b6,68977,57.28008,57.28008,,120.41852,Dexs
BSC,uniswap-v3,ETH-SOL,6efbe248-9a0a-417f-8da6-ee53a83489b9,68858,2.00008,2.00008,,6.14791,Dexs
Base,uniswap-v4,WETH-USDC,49de7270-3d39-5dfc-a840-850b2ad161b4,68764,7.55124,7.55124,,13.57407,Dexs
Base,uniswap-v4,WETH-APINOW,ae8a9f58-8f90-4ec1-b129-34e95170dadc,68741,0,0,,0,Dexs
Base,uniswap-v4,WETH-AXOBOTL,9fe4dade-b2cf-4d09-8f8d-d473b9fd2d97,68721,0,0,,1.01856,Dexs
Ethereum,yearn-finance,YNETHX-ETH,5c6d0783-3419-401e-bec6-6ebd13576bc5,68679,1.79722,1.79722,0,2.37773,Yield Aggregator
Base,uniswap-v4,ETH-KSLR,7f45fdee-0553-537a-ae51-1cc5bf304eae,68524,0.06411,0.06411,,0.16818,Dexs
Base,fluid-lending,WEETH,69ef31b8-4e8a-43b4-8fdf-760bd3fc994b,68411,0,0,,0,Lending
Base,uniswap-v3,WETH-WARP,97bff289-31bb-4a79-906d-ffcc5e68d969,68399,0.89315,0.89315,,1.86817,Dexs
Base,uniswap-v3,WETH-RTX,125236c3-5782-5c31-a839-637261a01a07,68385,0,0,,0,Dexs
Arbitrum,gmx-v2-perps,ETH-USDC,a3f83882-20f8-4ba1-986f-045c79a1610a,68318,9.85925,9.85925,,12.84042,Derivatives
Base,uniswap-v3,ROCKY-WETH,3117063d-2f64-46d4-be17-6c522fcc9ec9,68243,3e-05,3e-05,,0.06022,Dexs
Arbitrum,gmx-v2-perps,ETH-USDC,ba1896a4-e90a-4948-bfa6-451bfd318ea8,68187,17.34793,17.34793,,11.9068,Derivatives
BSC,pancakeswap-amm,ETH-USDC,7ad86bde-60f1-4647-96ae-2ae15389d814,68171,1.24914,1.24914,0,3.01875,Dexs
Base,uniswap-v4,WETH-SOLVR,ef0420da-5c1f-41d4-8cf7-382a54e7cb86,68010,0.00518,0.00518,,0.36296,Dexs
Base,uniswap-v3,REMITTIX-WETH,19085bda-5525-46f7-9447-6350b05f1166,67886,0.01064,0.01064,,0.43317,Dexs
Base,uniswap-v3,WETH-SUP,a32fc833-87cb-556f-ae5c-7a5a3b98c0fe,67754,28.404,28.404,,36.42095,Dexs
Ethereum,euler-v2,WETH,e611bd01-f5da-5538-8ede-f3a8f81e1527,67610,0.20226,0.20226,,0.20221,Lending
Base,uniswap-v3,WETH-BEST,52d8e6f6-d6bf-59ca-af74-5756f37766d4,67608,0,0,,0,Dexs
Base,uniswap-v4,WETH-CLAWDITOR,b80d0725-2d7e-41d1-baf7-b195b415425d,67602,0,0,,0.05526,Dexs
Ethereum,uniswap-v2,WETH-CHIRP,a49034d8-a95b-4db0-8e43-3f517ae72d0a,67535,0,0,,0,Dexs
Base,uniswap-v4,WETH-HUNCH,e04b5ce5-b114-4a31-805a-ba55ac0172d5,67458,1.56476,1.56476,,3.54008,Dexs
Base,uniswap-v4,WETH-B420,5ef72a1a-b3b3-5d62-80f0-a2b5e5505127,67371,0.89918,0.89918,,16.53112,Dexs
Base,uniswap-v3,WETH-KROW,9ef69ad2-be36-432c-8db6-1da7e08a1294,67340,0,0,,0.00236,Dexs
OP Mainnet,uniswap-v3,KRL-WETH,937d47d6-e941-498c-94ee-647d60012682,67334,0,0,,0.16279,Dexs
Base,uniswap-v4,ETH-RTX,356dbf66-5310-41ae-ab20-e420a41e86d1,67291,0,0,,1e-05,Dexs
Arbitrum,beefy,UNI-WETH,4591f359-2a62-4e21-8d81-4fb3977703d5,67261,24.32341,,,44.04763,Yield Aggregator
Base,uniswap-v4,ETH-AEON,604227d3-b2f1-45d1-8a33-1798a9444ddf,67250,0.00113,0.00113,,0.09754,Dexs
Base,uniswap-v4,ETH-SI,d5c7d48b-242c-58c6-9004-7e086e4c63ae,67200,94.38716,94.38716,,67.75517,Dexs
Polygon,quickswap-dex,WETH-AAVE,d100caa5-2350-4ef8-b7b3-b1d900b58ca3,67184,7.69729,7.69729,,1598.73356,Dexs
Ethereum,uniswap-v4,ETH-RADAR,f76d566d-8952-46e6-a153-1758a3a851cf,67149,19.89918,19.89918,,0.94075,Dexs
Base,uniswap-v2,WETH-SUBBD,4e5ba656-ead3-48ae-91c9-df0e0e413c0e,67094,0,0,,0,Dexs
Base,beefy,WETH-LINK,3b5cbd11-ba5a-4181-b9bd-5ce0a9aed6f3,67083,10.61795,,,17.7609,Yield Aggregator
Arbitrum,uniswap-v3,SCHRODI-WETH,6ea866dc-ceb8-40b7-a319-863df277ac13,66972,1.69536,1.69536,,3.78541,Dexs
Base,uniswap-v4,MFERGPT-WETH,a6494ea4-4ce8-426b-85e6-549aef5acad8,66945,0,0,,0.22072,Dexs
Base,uniswap-v4,WETH-AIGHT,fa80a961-4e2d-4385-a065-e205a2d5aad5,66853,0,0,,0.16305,Dexs
Base,uniswap-v3,BEEARD-WETH,16ff2fc4-c06d-452e-a25f-cc8d1c042e70,66785,0.03306,0.03306,,0.20723,Dexs
Base,uniswap-v4,WETH-SENT,b67f4b68-32bf-4f96-b458-ed7c507ca3fb,66727,0.56051,0.56051,,724.16628,Dexs
Base,extra-finance-xlend,WSTETH,f521f551-e524-45d6-962e-58d4aadd52f1,66714,0,0,0,0,Lending
Ethereum,ekubo,ETH-USDC,b3ae58f7-ba25-478a-b21c-f0113dd65076,66694,0,0,0,0,Dexs
Base,uniswap-v4,ETH-PUB,1d44a9b4-89fe-4177-a1fc-1ccc07da12fb,66649,0,0,,0.06481,Dexs
Base,uniswap-v3,WETH-KINEXYS,645a0bcc-ef22-5218-9085-2e659ed741b2,66584,0.37239,0.37239,,2.05758,Dexs
Base,aerodrome-v1,WETH-TRAC,0dd804c2-1f50-4f13-a252-fa1336ca73f6,66571,82661.77214,,82661.77214,78185.02067,Dexs
Base,uniswap-v3,WETH-STACKR,73241c91-2dda-595b-b418-67f8e3b45f62,66543,0.04542,0.04542,,0.26939,Dexs
Ethereum,uniswap-v4,ETH-USDC,564fba22-5b8d-4972-ae3b-2564e1a54d2c,66521,4.93743,4.93743,,11.90693,Dexs
Linea,gamma,NWG-WETH,9d398e85-c5f5-48d0-9e30-8146810dfb68,66521,0,0,0,0,Liquidity Manager
Starknet,ekubo,ETH-USDC.E,e633d6b5-f083-47f2-9e0f-5a5844b22dfd,66517,67.93209,67.93209,0,91.90182,Dexs
Base,uniswap-v4,WETH-AZL,3e592542-45ee-4982-a48f-953ba7ad0d2b,66497,1.178,1.178,,1.57438,Dexs
Ethereum,uniswap-v3,DPI-WETH,990ad226-ad66-4153-8a02-49097525ef04,66456,2.13853,2.13853,,0.7178,Dexs
Ethereum,uniswap-v3,RBN-WETH,92774453-a627-4733-a57f-dcae1245b0ac,66444,0.01854,0.01854,,0.06387,Dexs
Base,uniswap-v2,WETH-SOAK,3d7d7979-31c6-4dbe-ab4d-26d3166f6af7,66309,0,0,,0,Dexs
Base,uniswap-v4,WETH-ARYA,d97b3fd8-7831-4c49-a5c6-9fd52426f943,66177,0,0,,0,Dexs
Base,uniswap-v2,WETH-RISE,83b2a577-309e-48c2-9412-a2aea50e3cef,66142,8.31218,2.99461,5.31757,3.48769,Dexs
Base,aerodrome-slipstream,WETH-WCT,bb0d893b-4030-408f-94e6-d94d2dd93dc4,66083,65.77773,10.90689,54.87084,123.61126,Dexs
Base,uniswap-v3,GLANKER-WETH,5e9ea09a-8bfd-46cd-b488-01ff8190a1a8,66075,0.22175,0.22175,,0.17124,Dexs
Ethereum,uniswap-v4,ETH-USDC,7f25f5a5-a292-5775-bb9f-795410718c31,66073,0,0,,0,Dexs
Linea,gamma,NWG-WETH,3c02de14-5f7d-5e61-a65c-6cd786f85d2e,66042,0,0,0,0,Liquidity Manager
Starknet,vesu,ETH,c542c7f1-c9d6-4e4f-b90c-5bc167d93514,66030,0.0009,0.0009,,0.03768,Lending
Arbitrum,uniswap-v3,WETH-ATH,ebd0ce31-95b7-406a-aa3f-86ea3bbc5998,66003,177.44874,177.44874,,94.57982,Dexs
Base,uniswap-v2,WETH-BLSTR,46292f20-44f0-4d56-9313-cf9ab1c866b0,65993,0,0,,0.00077,Dexs
Base,uniswap-v2,WETH-HYPER,43cd6ad6-b467-4aff-b9ff-5476591a5848,65949,0,0,,0,Dexs
Base,beefy,MORPHO-WETH,7fce95af-6f9d-4ddf-bb2a-ca59c4607d7c,65757,39.18645,,,37.57532,Yield Aggregator
Base,beefy,CBBTC-WETH,312f8a33-8fd7-4088-b75b-0f95362f1ee2,65717,1.82978,,,1.83844,Yield Aggregator
Base,uniswap-v4,WETH-EMERGE,02ad091f-55b3-40d7-a477-d52c46e1dd62,65693,0.00335,0.00335,,0.11036,Dexs
Base,uniswap-v3,CBETH-WETH,f5e4892f-d904-4758-be5c-5a247394663f,65627,0.00203,0.00203,,0.24571,Dexs
Base,uniswap-v4,WETH-TGATE,3a8233fd-ee0a-4cff-ba37-74078a6e2476,65609,0,0,,0.06975,Dexs
Base,uniswap-v3,WETH-FOMO,174b1222-7d6a-47ef-8d0a-cb7749e9f203,65411,0.00353,0.00353,,0.00215,Dexs
Ethereum,uniswap-v3,TURT-WETH,45ccee78-f8f3-4eb8-856a-94e81e911b9e,65400,3.20564,3.20564,,1.65548,Dexs
Base,aerodrome-v1,WETH-MOR,7f5bd558-1a9e-43cc-af19-4aca86ee6b04,65374,29.2665,,29.2665,24.75874,Dexs
Arbitrum,camelot-v2,WETH-SIZE,f6e91f59-2e85-4ac8-a6cd-84155e332720,65355,0,0,,0.11567,Dexs
Ethereum,uniswap-v2,RG-WETH,d3bf2654-a1c0-4f7c-8920-e3eb22da7982,65353,0,0,,0,Dexs
Katana,morpho-blue,VBETH,c4479f7f-7b80-4e4c-94d5-44230b08f42a,65312,0,0,,3.23746,Lending
Base,uniswap-v3,METALLICUS-WETH,0cd5ce30-0124-57b9-93a6-3324273239e7,65298,0.78177,0.78177,,1.46478,Dexs
Arbitrum,beefy,CRV-WETH,ce3ad96c-3dc4-452f-8a91-1b8fd077c660,65277,43.92698,,,42.37072,Yield Aggregator
Base,uniswap-v4,WETH-MOLTYCASH,ae9feb05-6f35-48db-8177-f30a7ac9c358,65156,0,0,,1.59289,Dexs
Ethereum,uniswap-v2,ORAI-WETH,ccd9a73e-0b6c-4539-9fd7-fce3bfbdbc8c,64973,4.57903,4.57903,,7.96621,Dexs
Ethereum,uniswap-v4,ETH-XIN,4a44a95b-cc16-45d6-98e1-8165f9da7ae2,64896,2.93174,2.93174,,3.71837,Dexs
Ethereum,balancer-v3,WETH-EIGEN,f3f8b686-1a99-4479-83af-c2def1bcc7bb,64786,0,0,0,0,Dexs
Base,uniswap-v4,WETH-MGDP,f6b42851-3503-4043-a8b1-4ea2f137f930,64644,0,0,,3.78047,Dexs
Ethereum,uniswap-v4,ETH-WTON,9094f593-d80e-5cbc-874b-d2fc1281d9ac,64491,2.49021,2.49021,,51.20588,Dexs
Ethereum,uniswap-v4,ETH-BWLK,3506bca6-557d-549f-bb7c-d67a78cb006b,64453,0,0,,5.74655,Dexs
Ethereum,balancer-v3,WETH-EIGEN,4ab94724-d273-4699-80d9-39f6f5462d4b,64449,0,0,0,0,Dexs
Base,aerodrome-slipstream,WETH-ENA,c85e4988-c0df-4d64-923d-deb7144e2768,64436,198.08948,51.2418,146.84768,219.20794,Dexs
Ethereum,balancer-v3,WETH-EIGEN,9a14b88e-969d-4949-91bb-0ec1ff1c547d,64415,0,0,0,0,Dexs
Arbitrum,curve-dex,RSR-WETH,9fda456f-ad47-4ef2-810e-41e4685ca623,64381,0.06,0.06,0,0.31318,Dexs
Ethereum,balancer-v3,WETH-EIGEN,a6eacaa7-f253-4d62-81c2-6245a95ed2dd,64310,0,0,0,0,Dexs
Ethereum,uniswap-v4,ETH-VITA,167fc77d-127b-4b6e-be43-d19c6e3c90fb,64309,0,0,,0.0185,Dexs
Ethereum,uniswap-v4,ETH-YND,cef2ad86-831d-4a19-a914-e59dd3f9cec1,64278,0.00045,0.00045,,0.158,Dexs
Base,uniswap-v2,WETH-BZIL,054527c7-6c95-4044-b2b6-436e9f86464e,64277,0,0,,0,Dexs
Heco,mdex,ETH-USDT,21c644c1-895d-4793-8c9d-63efd3fee9a7,64268,30.2122,0.01045,30.20176,30.2122,Dexs
Base,uniswap-v2,WETH-CATA,9e905641-9ea5-4896-b167-aa7ecd7e77b8,64250,0.14548,0.14548,,0.02784,Dexs
Ethereum,balancer-v3,WETH-EIGEN,4744171c-8862-442c-a0f6-a94363cffb04,64222,0,0,0,0,Dexs
Ethereum,fluid-lending,WSTETH,a778071d-143d-491e-be85-0ca1736cc6e6,64188,0.04,0.04,,0.03101,Lending
Base,uniswap-v2,CONDO-WETH,72a5668c-3236-4b92-8347-b1a690838038,64157,0.96723,0.96723,,2.11861,Dexs
Ethereum,balancer-v3,WETH-EIGEN,f85c3f34-0a21-52ee-bfc6-d95dafdf8546,64126,0,0,0,0,Dexs
Base,uniswap-v4,ETH-WOFT,07045e24-9489-559a-81d7-25ec9a0c15c5,64107,142.11567,142.11567,,65.53601,Dexs
Ethereum,balancer-v3,WETH-EIGEN,db5d8afe-e06c-4c31-8321-3b0ea547140d,63964,0,0,0,0,Dexs
Ethereum,balancer-v3,WETH-EIGEN,ff1bf766-80c0-4003-b3d0-f60921ed789d,63942,0,0,0,0,Dexs
Base,harvest-finance,VVV-ETH,ad21e5e1-d704-4ff5-8580-01694cd530d2,63940,35.42,35.42,,36.67029,Yield Aggregator
Base,alien-base-v3,WETH-CBBTC,3dbe57e2-7987-4e0d-9d7a-31a6cc8118fe,63897,15.35086,3.34455,12.00632,16.54707,Dexs
Arbitrum,gmx-v2-perps,ETH-USDC,57f09e58-5ba0-448e-a94c-2d32bad13cbf,63869,0.78106,0.78106,,7.40003,Derivatives
Sonic,metropolis-dlmm-vaults,WETH-WS,871944b9-4d79-4f50-b2bd-38d750914002,63832,38.82568,35.17221,3.65347,94.39616,Liquidity Manager
Base,fluid-lending,CBETH,32536559-5434-44e4-bfba-6d0323ffa6e9,63790,0,0,,0,Lending
Base,uniswap-v2,BLOOD-WETH,cc6c1eaa-5eee-4f0b-848d-72f226def9d3,63482,0.22081,0.22081,,0.12912,Dexs
Base,uniswap-v3,CARLO-WETH,efa7af3f-78c9-436d-b858-2f599a48f287,63473,0.00057,0.00057,,0.72342,Dexs
Base,sushiswap-v3,WETH-TOSHI,e2d707cc-2f46-4237-92be-9386a805d205,63452,0.2426,0.2426,,0.01196,Dexs
Hyperliquid L1,morpho-blue,CMETH,46b2994e-e028-4a25-9da4-84b40bb975fd,63321,0,0,,0,Lending
Ethereum,fusion-by-ipor,WETH,8f27e6d6-1d14-4611-8ea6-51482d0921ef,63294,2.13778,2.13778,0,1.87789,Onchain Capital Allocator
Ethereum,uniswap-v3,WETH-FUND,5e58c311-17db-4766-94a9-3dd269b0f8a5,63277,3.07977,3.07977,,0.24432,Dexs
Ethereum,sushiswap,WDOGE-WETH,1f37911c-43fe-4bfd-af84-c6712f3a5ff7,63181,0,0,0,0.84283,Dexs
Ethereum,balancer-v3,WETH-EIGEN,2d280634-6330-46c9-91d7-8c98d8a9fcf8,63155,0,0,0,0,Dexs
Base,uniswap-v2,BEST-WETH,251cc582-5c0a-435c-b7de-0a13070f8fc2,63108,0,0,,0,Dexs
Base,uniswap-v2,WETH-ZIGGY,736c9c81-3f3a-4505-b83c-c73b682239db,63080,0.04267,0.04267,,0.11225,Dexs
Ethereum,balancer-v3,WETH-EIGEN,4e27c0b6-1f35-4fb9-8ce0-bdbd20577c7e,63077,0,0,0,0,Dexs
Base,uniswap-v2,WETH-FUCK,6ade9616-fd9f-44f5-aeb3-6bafcb224d7d,62995,0,0,,0,Dexs
Base,uniswap-v3,CREPE-WETH,e6fdd5fc-bb7b-5dbb-8e13-b11f9c887c74,62978,1.2055,1.2055,,1.94152,Dexs
Ethereum,fluid-lending,ETH,13f4ca38-13f8-4e56-80fc-e7687f5d6599,62938,1.82,1.82,,1.96404,Lending
Arbitrum,uniswap-v3,WETH-YOU,b7ae4769-d0ce-4123-af6a-4fc502d814e2,62815,0,0,,0.00074,Dexs
Base,uniswap-v4,WETH-QNT,d8cd857f-c774-5136-970f-4ebd0f2e5d87,62739,33.66145,33.66145,,26.81444,Dexs
Ethereum,balancer-v3,WETH-EIGEN,43638fbc-dba5-49c6-85e7-16f98975db6a,62733,0,0,0,0,Dexs
Polygon,uniswap-v3,WETH-MOCA,f5c96f99-47ea-41de-a71f-b21830a4d409,62732,0.18435,0.18435,,0.32012,Dexs
Base,uniswap-v4,WETH-SHELLMATES,c54f3beb-1846-4741-a87e-97c58592c4ae,62700,0,0,,0.01411,Dexs
Ethereum,balancer-v3,WETH-EIGEN,a634ef5c-240c-57a8-84f9-027afaced357,62414,0,0,0,0,Dexs
Ethereum,sushiswap,GCAKE-WETH,b03fdae4-6720-4b80-a492-db613d2e4dda,62376,0,0,0,0.00042,Dexs
Base,uniswap-v3,WETH-UNEAR,bbdc2b30-67f5-5c18-9d6e-44d21f216449,62352,21.62346,21.62346,,72.56902,Dexs
Ethereum,balancer-v3,WETH-EIGEN,6b75f7f2-ce55-4ac1-81a2-a23e10d6c0c7,62338,0,0,0,0,Dexs
Base,peapods-finance,WETH,ecd0cc16-674b-4a76-bba5-8793605f80d2,62331,0,0,,0,Yield
Ethereum,vesper,RETH,c8cf898f-029a-4c9b-bfc5-c8120a62484b,62303,0,0,0,0,Yield Aggregator
Ethereum,balancer-v3,WETH-EIGEN,15fe9e2a-6fad-5bba-ae6a-e9f2b422156d,62230,0,0,0,0,Dexs
Ethereum,uniswap-v4,ETH-GROW,bc06f423-15ec-4edd-8afa-fb3576226b84,62226,63.52356,63.52356,,46.28612,Dexs
Ethereum,balancer-v3,WETH-EIGEN,ea478af3-e701-5f5f-900f-489bccb6692f,62192,0,0,0,0,Dexs
Ethereum,balancer-v3,WETH-EIGEN,94f966df-9cba-42bb-81f8-e415b71b0232,62191,0,0,0,0,Dexs
Ethereum,uniswap-v4,ETH-STECRV,cc49ffa9-db49-4e04-9b82-6ab7106b1ea1,62177,0,0,,0,Dexs
OP Mainnet,uniswap-v3,WETH-HAN,863107f6-31ae-48b3-904d-7da76512758b,62088,0,0,,419.60823,Dexs
Ethereum,balancer-v3,WETH-EIGEN,d4e2eac3-3806-4641-a002-91c6353b7c90,62077,0,0,0,0,Dexs
Ethereum,uniswap-v3,WETH-ACH,aa425b6d-15c6-44e3-a141-2f099ce390f8,62032,3.49565,3.49565,,7.08231,Dexs
Ethereum,sushiswap-v3,WETH-USDT,77f421d2-b544-4537-99d6-5a5162a197ec,62023,5.68547,5.68547,,8.60368,Dexs
Base,alien-base-v3,WETH-USDC,02aafdee-bedf-4920-97e8-c98dd4d83208,61890,0.33748,0.33748,0,0.3714,Dexs
Ethereum,uniswap-v3,MAZZE-WETH,b2ad999d-fd89-41ff-81fd-b5ea0d0dbc64,61837,0.11534,0.11534,,4.09487,Dexs
Base,uniswap-v3,$ZBCN-WETH,03f4a33a-656a-50bf-a5ca-b0c2224fe1da,61729,0.03877,0.03877,,1.80267,Dexs
Base,aerodrome-slipstream,WETH-CBDOGE,5976df72-17ff-4813-95ee-4f152d17c9c6,61697,460.5758,396.74845,63.82734,100.17535,Dexs
Ethereum,lazy-summer-protocol,WETH,4ee5a76e-e5de-4864-b671-a1f425a065dd,61672,0,0,,0,Yield Aggregator
Base,uniswap-v3,CSPR-WETH,35ff2583-9eca-5171-b324-a5532d466123,61615,1.23158,1.23158,,4.27883,Dexs
Base,uniswap-v4,WETH-PLSBRO,76b53361-5149-462c-9c12-c8a3b0c8010d,61542,0,0,,0.45535,Dexs
Ethereum,uniswap-v4,ETH-ETHFI,b93ae8d3-d0e8-53eb-bf06-c82e7eb2232a,61495,0.00021,0.00021,,7.49515,Dexs
Ethereum,balancer-v3,WETH-EIGEN,845fa371-f5f5-548f-a4f2-6938d1e56e1f,61481,0,0,0,0,Dexs
Ethereum,balancer-v3,WETH-EIGEN,7a3ca296-9c26-4aeb-a680-3b47c2ed2df8,61458,0,0,0,0,Dexs
Ethereum,balancer-v3,WETH-EIGEN,67e3f804-2e95-4e74-98b2-1b769e9f879d,61428,0,0,0,0,Dexs
Base,uniswap-v3,SHIBA-WETH,d3699811-abf3-42d4-8084-47d4321d8cbb,61292,5e-05,5e-05,,0.01237,Dexs
Ethereum,balancer-v3,WETH-EIGEN,a1073014-78a5-572a-916f-2e3cf15293ba,61285,0,0,0,0,Dexs
Base,uniswap-v3,TEVA-WETH,a9a31bd0-df43-4ed0-9911-2cb2c4ade0bd,61284,359.22302,359.22302,,101.38782,Dexs
Ethereum,pareto-credit,WETH,c53a0ab7-8439-5b41-bf5f-03a6d1c376c3,61273,4,4,,4,Uncollateralized Lending
Ethereum,uniswap-v3,DZHV-WETH,910eb669-e1fc-4499-a76f-46f9904be74b,61272,0,0,,3.68713,Dexs
Base,uniswap-v2,WETH-MAXI,665ebd44-5666-413f-9e89-80b3285250ab,61262,0,0,,0,Dexs
Ethereum,balancer-v3,WETH-EIGEN,1994c6fd-8084-4e1f-94e1-59a5be12feb2,61244,0,0,0,0,Dexs
Ethereum,balancer-v3,WETH-EIGEN,22df04a3-8d0f-5a95-b7ef-3dc5fe11fe17,61242,0,0,0,0,Dexs
Arbitrum,compound-v3,WETH,5fe31d6b-1629-439c-a9ed-620abae1a329,61169,0,,,0,Lending
Base,uniswap-v3,WETH-JACK,ed5fa910-dd3b-4dad-846b-e6e79f16766a,61144,0.02042,0.02042,,0.11216,Dexs
Ethereum,balancer-v3,WETH-EIGEN,c2173100-6bfb-5af4-82f3-11c59345dff5,61083,0,0,0,0,Dexs
Polygon,uniswap-v4,WETH-AAVE,bc65420f-8597-440f-aa50-445d4e0e5148,61064,5.50249,5.50249,,1677.93896,Dexs
Arbitrum,fluid-dex,EZETH-ETH,7dc4c9e6-3e37-48b9-bc49-85eb5a6f20da,61042,1.6093,1.6093,,1.40756,Dexs
Ethereum,balancer-v3,WETH-EIGEN,ce24f12f-be15-47b8-8f20-5694d5248295,61019,0,0,0,0,Dexs
Polygon,quickswap-dex,WETH-DAI,ecf4cb52-bdc5-424b-afa5-697e0a014b8e,60954,6.17146,6.17146,,2.34524,Dexs
Base,uniswap-v3,WETH-BASECAT,3d9c490d-2fba-545d-8b04-164bf5d37e06,60917,579.85334,579.85334,,1375.95701,Dexs
Ethereum,balancer-v3,WETH-EIGEN,95014ddf-0108-52c7-8f64-f1e637f6a5e2,60874,0,0,0,0,Dexs
Ethereum,balancer-v3,WETH-EIGEN,2561e673-81e7-452f-a7e1-555f68f52963,60865,0,0,0,0,Dexs
Ethereum,convex-finance,UNIETH-FRXETH,8b175564-158f-4079-a309-9d0384b6227b,60843,0.06,0.06,0,0.92435,Yield
Base,aerodrome-v1,WETH-TN100X,99642578-7a9b-4ea7-bfa2-62da1ff3e373,60816,77.27712,,77.27712,60.49397,Dexs
Base,uniswap-v4,WETH-SAMI,d8ff7991-80cc-5b4c-8646-1e3c139c2831,60674,2.69358,2.69358,,3.96457,Dexs
Arbitrum,uniswap-v4,ETH-WSTETH,55d756c0-8210-411a-9742-8de3d728b548,60671,0,0,,0,Dexs
Ethereum,balancer-v3,WETH-EIGEN,385ec286-e0b8-4d49-8ae1-cdf6d30d0f3c,60637,0,0,0,0,Dexs
Base,uniswap-v3,WETH-ABTC,a74476d1-e455-4c8e-aed2-97d08a8ab807,60546,0,0,,0.55845,Dexs
Base,uniswap-v3,WETH-LBRETT,2ec24ae3-5cd4-53fe-836b-b967843cffb1,60539,0,0,,0,Dexs
Polygon,gains-network,WETH,84a9e95d-d479-4f57-8fbe-0dc3eaf5c5e2,60530,0,0,,0,Derivatives
Arbitrum,curve-dex,ETH+-WETH,6cd5c507-ff67-40ff-b37d-96cdf0985e78,60506,0.82,0.82,0,0.56604,Dexs
Base,uniswap-v2,WETH-BEAST,490954ec-426b-45e9-9445-363b09beba74,60505,0.0532,0.0532,,0.11373,Dexs
Base,uniswap-v3,LUM-WETH,9720c9d0-8efe-4308-b08e-f46a9b5bb506,60448,1.3854,1.3854,,9.11256,Dexs
Base,uniswap-v3,VIRTUAL-WETH,aed30fac-88f2-4aa6-989a-d3c91bd90dcb,60434,61.58072,61.58072,,42.80017,Dexs
Base,uniswap-v4,WETH-TORUCEOAI,3d16c525-e942-4bfa-b300-86cd5e6cb8e6,60309,0,0,,0.29095,Dexs
Base,balancer-v2,WETH-OLAS,45ed9cc8-7e43-4c87-98fa-08597aacfe58,60301,2.25114,2.25114,,2.46751,Dexs
Base,uniswap-v4,ETH-CBETH,f0854dde-a7fb-4131-ad5a-1bf3ba5c98b3,60140,0,0,,0.09633,Dexs
Ethereum,sushiswap,WETH-AMPL,f0c4098f-b667-4a4e-8ce0-bc79299a6ad1,60125,0,0,0,0.57418,Dexs
Ethereum,uniswap-v4,ETH-MYTH,ba9fb8a8-ad82-4c2e-b1e0-678b119d4b67,60111,2.64181,2.64181,,1.58249,Dexs
Ethereum,balancer-v3,WETH-EIGEN,e507334f-a3b4-45c4-a7b1-745e074ac5e8,60105,0,0,0,0,Dexs
Ethereum,uniswap-v4,ETH-FUSECAT,95d88d59-eeb3-588b-8d87-67ee2f678b01,60084,81.91248,81.91248,,2282.27265,Dexs
Ethereum,uniswap-v4,ETH-SWELL,392d37c7-afb5-4f2d-9190-eeba7f431b1d,60051,3.54844,3.54844,,32.59037,Dexs
Base,uniswap-v4,WETH-BUILDERARENA,3d2c5186-ba49-422f-953d-c6f90b8354b1,59894,2e-05,2e-05,,0.04152,Dexs
Ethereum,uniswap-v3,EWTB-WETH,9e71c634-2bef-4783-876c-4d9600e52fce,59855,0.19107,0.19107,,0.09678,Dexs
Polygon,uniswap-v4,WBTC-WETH,e89ff8b2-cec7-43df-a4d5-0dee6ff65c86,59835,0.83128,0.83128,,1.53386,Dexs
Ethereum,balancer-v3,WETH-EIGEN,f2db50be-b855-40f6-8d45-ed197eb8deed,59832,0,0,0,0,Dexs
Base,uniswap-v4,WETH-VBUTERIN,3d0b2932-779a-4a38-a2aa-53ab95ab241e,59733,0,0,,1742.66462,Dexs
Ethereum,uniswap-v4,ETH-SUMMER,9ea4bbe0-9491-460d-9f92-928cbf6a6b7a,59730,0,0,,0.00022,Dexs
Ethereum,balancer-v3,WETH-EIGEN,d8e7e20a-a65a-49fd-9bab-222a30e53cc2,59714,0,0,0,0,Dexs
Base,uniswap-v4,WETH-ROGUEAI,5b3ca3e7-73ce-4b6d-bdea-f6be19edc2d7,59707,0,0,,0.0201,Dexs
Base,aerodrome-slipstream,WETH-SYRUP,7113cbce-92d1-469c-9fe4-9dbfa9f1618e,59697,323.71962,202.7782,120.94142,104.94006,Dexs
Base,aerodrome-slipstream,WETH-USUI,cf22ab20-25de-4d5f-9ffa-aaa284dc7d35,59684,179.74807,34.90116,144.8469,77.42035,Dexs
Ethereum,uniswap-v3,ENQAI-WETH,51826bdc-0e08-4a0d-8eec-ae1215d7566a,59659,0.00162,0.00162,,3.44679,Dexs
Ethereum,balancer-v3,WETH-EIGEN,95f064d1-a100-4b28-a2f9-bd41f449e1d3,59647,0,0,0,0,Dexs
Base,uniswap-v4,ETH-BASECAT,1fe50ea0-3298-58e8-a54d-08b9b6beccd8,59619,0.00327,0.00327,,16.11337,Dexs
Ethereum,balancer-v3,WETH-EIGEN,e961a43a-a09c-4130-9cac-e6db9f488c19,59567,0,0,0,0,Dexs
Base,uniswap-v4,GNULL-WETH,d4b44658-cb62-4763-9f64-e3d1263af9de,59518,0.0322,0.0322,,0.17467,Dexs
Ethereum,uniswap-v4,ETH-SENDOVER,f92c5529-12be-5caa-a5cf-c7a3bc83ad21,59506,700.60796,700.60796,,530.49199,Dexs
Ethereum,balancer-v3,WETH-EIGEN,a41ebcb5-9d00-59f0-ba98-dc1d4e62fb05,59489,0,0,0,0,Dexs
Base,uniswap-v3,MIRROR-WETH,56a53645-103e-432c-ba5d-668a3b3646d0,59487,1e-05,1e-05,,0.08934,Dexs
Ethereum,balancer-v3,WETH-EIGEN,9bc05fd0-ae1f-496c-ab44-1cb11b387e24,59426,0,0,0,0,Dexs
Ethereum,balancer-v3,WETH-EIGEN,9dfab7c6-6ff9-5f0a-9292-3073d75cbc33,59399,0,0,0,0,Dexs
Arbitrum,beefy,PENDLE-WETH,32915f13-b51f-4f5f-9dc6-1d593a3b2f98,59321,11.18969,,,33.30348,Yield Aggregator
Base,uniswap-v3,WETH-MOR,e09a7530-4bd2-4ef2-9b7f-2529b84ec927,59315,7.80997,7.80997,,18.58487,Dexs
Sonic,metropolis-dlmm-vaults,WETH-USSD,f7ef0fbf-8e07-4349-b055-411a1f801a2a,59275,14.56729,10.06287,4.50442,24.71889,Liquidity Manager
Ethereum,uniswap-v4,ETH-JOE,645c03a2-ce55-4ab1-8f04-ca0478003fe4,59222,0,0,,0,Dexs
Polygon,uniswap-v3,WETH-JERO,1204a31e-e426-480a-9325-0fee1375a3ab,59190,0,0,,0,Dexs
Mantle,woofi-earn,CMETH,d2a06b86-3d15-42be-aa1a-95278a382fc8,59097,0,0,0,0,Yield
Base,uniswap-v2,WETH-BENI,3f2649b3-e2ec-4f4f-b1b3-1eab82caa9e9,59058,0,0,,0.64575,Dexs
Ethereum,solidly-v3,SOLID-WETH,63242712-a726-4888-b39c-bc5d1b3428b6,59011,0,0,0,0.07374,Dexs
Base,uniswap-v3,HEIR-WETH,1cab4851-c006-442a-94b0-3340dc1009cf,58953,0.00645,0.00645,,0.11808,Dexs
Base,aerodrome-v1,WETH-NPC,5c070dd2-5fee-4350-b80b-66d3bd9f15b5,58920,30.77228,,30.77228,39.08409,Dexs
Ethereum,balancer-v3,WETH-EIGEN,e44706fa-d10a-418c-b960-be808bd26ea9,58900,0,0,0,0,Dexs
Base,uniswap-v3,WETH-ZOO,c0d63537-82b2-485b-9fe2-cf8ede4fe29b,58840,0,0,,0.00449,Dexs
Ethereum,balancer-v3,WETH-EIGEN,a62eb6b6-442d-4efe-95e1-47df28b46fc4,58738,0,0,0,0,Dexs
Base,uniswap-v2,WETH-DADA,1524d530-82f1-4257-9433-482f099c6cc3,58719,0,0,,0.13577,Dexs
Base,uniswap-v3,$CHECKR-WETH,0dbcf3df-9f92-42b6-8b05-a56db11e931c,58717,0,0,,1.79023,Dexs
Base,aerodrome-slipstream,WETH-W,88e6268f-1ab5-4416-b30f-89a795630503,58706,124.6656,23.66429,101.0013,85.19584,Dexs
Ethereum,balancer-v3,WETH-EIGEN,31dcf40e-c1c9-40a5-9193-05d21c7db43c,58678,0,0,0,0,Dexs
Base,uniswap-v3,WETH-TERRALUNACLASSIC,a130a448-58b0-53e5-9f1a-6527fb704d1e,58598,3.00252,3.00252,,1.849,Dexs
Base,uniswap-v4,ETH-USDC,831219e5-a96b-5ffe-91fe-1182e7587aa1,58593,65.87457,65.87457,,56.73125,Dexs
Base,uniswap-v4,ETH-BASECAT,4ade4489-03ab-5fc6-bb3b-a9a37f5fb4a5,58569,0.75131,0.75131,,655.19119,Dexs
Ethereum,uniswap-v4,SILVERCHAT-WETH,8db31d5c-1e04-548b-8dd1-3619ac349005,58563,9.34139,9.34139,,9.34139,Dexs
Base,lazy-summer-protocol,WETH,87c34793-4ce8-4e19-83d2-e7ac9cb377b7,58538,0,0,,0,Yield Aggregator
Monad,balancer-v3,AUTORANGE-WMON-WETH,c8563074-2d25-462d-87a0-3e2491a76012,58474,96.16553,95.47883,0.6867,60.56567,Dexs
Base,beefy,WETH-USDC,f28c53df-2f81-4160-a42f-a8a0b1952a71,58464,7.87818,,,11.91803,Yield Aggregator
Base,uniswap-v4,WETH-OTX,2206cbb6-954f-47bc-b1ae-13a82f649b39,58425,0.00919,0.00919,,0.12449,Dexs
Base,uniswap-v3,WETH-CHAD,4efd5146-1dd1-4caa-9e15-ef3be417714b,58418,2.04053,2.04053,,52.03672,Dexs
Ethereum,beefy,UNI-WETH,8bb64a7f-f6fe-551e-af94-a5c11bac82ce,58399,60.81332,,,186.83865,Yield Aggregator
Ethereum,uniswap-v3,OCEAN-WETH,4d50c3ff-1088-4a39-80c3-ca58eff18f86,58387,0,0,,0,Dexs
Base,uniswap-v4,ETH-LAPTOP,90493870-71ed-5a52-ac8e-1c7598f0204d,58301,0.95084,0.95084,,257.89708,Dexs
Base,uniswap-v4,WETH-SURVIVE,58e57daa-e05f-4ed2-ac20-e9ea55504bab,58204,0,0,,0.03718,Dexs
OP Mainnet,velodrome-v2,WETH-ETHFI,9c69b87e-7581-41d4-a813-fefb9a10daa0,58193,0,,0,0,Dexs
Base,uniswap-v2,WETH-APC,3476ca08-0e3e-4ac1-8b33-606ce8565f0e,58133,0,0,,0,Dexs
Ethereum,balancer-v3,WETH-EIGEN,51e4b8fd-0524-4dda-9f0e-6ef1c3b7a620,58113,0,0,0,0,Dexs
OP Mainnet,velodrome-v2,WETH-FRXETH,169d22d8-cb13-4395-a4f0-9023d8853abf,58098,1.36134,,1.36134,0.34148,Dexs
Base,uniswap-v3,WETH-USDC,e6b406c9-c046-4066-b0f5-1fbd186feb9c,58071,51.05893,51.05893,,42.3628,Dexs
Ethereum,uniswap-v4,ETH-FLORK,a2b3b23b-b5e7-4e2a-b512-bdb52bf19101,58032,0,0,,0.07327,Dexs
Ethereum,uniswap-v4,ETH-ETHSTR,302bbcbd-17de-4251-abd5-301b6b9eea51,57926,0,0,,0,Dexs
Ethereum,balancer-v2,WETH-ROBOT,4bcfb10f-0344-46fa-9805-30d738d822de,57910,0.02969,0.02969,,0.67846,Dexs
Ethereum,stake-dao-yield,ETH-OETH,def9e241-04ed-443b-9004-623a290aa769,57904,5.276,0.53,4.746,5.62119,Yield
Ethereum,balancer-v3,WETH-EIGEN,e03de837-49f4-4eca-bec7-92b3bd7483ee,57889,0,0,0,0,Dexs
Base,uniswap-v2,WETH-ALPE,39ddc962-59f8-404a-90f4-a77477dd9a4d,57758,0,0,,0,Dexs
Base,uniswap-v4,WETH-VEILNET,c0945a91-62de-40d5-913f-c69b4777c697,57754,0.23111,0.23111,,0.55551,Dexs
Ethereum,uniswap-v4,ETH-MORE,4c45db26-8453-4fca-94af-3bcdf0c317b0,57750,5.47653,5.47653,,0.6183,Dexs
Base,uniswap-v4,ETH-SPEC,5903a3bc-b380-4ab7-ba6c-823cee041645,57587,6.73162,6.73162,,1212.57434,Dexs
Ethereum,balancer-v3,WETH-EIGEN,237fb321-d4c7-58ca-b5c2-2902b29eaa30,57568,0,0,0,0,Dexs
Ethereum,balancer-v3,WETH-EIGEN,3b05fbc7-047b-4464-b205-29e98f336891,57567,0,0,0,0,Dexs
Arbitrum,uniswap-v4,ETH-USDC,85c589e0-0af1-5346-a324-184d6306e3bc,57529,0,0,,16.15274,Dexs
Base,uniswap-v4,ETH-SPAWN,01121e1a-e231-46da-9987-d12bc3c19fbc,57497,0,0,,0,Dexs
Base,uniswap-v2,WETH-LOT,87036320-51d8-485f-9738-621f23fd0c56,57481,1.73046,1.73046,,0.3516,Dexs
Base,uniswap-v4,WETH-WISH,2b293f29-5fb8-4583-95ab-5e85e513c6f6,57447,0,0,,0.02676,Dexs
Base,uniswap-v3,NATIVE-WETH,bacf5b0d-d355-4469-a693-8f262f23902e,57380,0.02337,0.02337,,0.24006,Dexs
Base,uniswap-v3,GHFFB47YII2RTEEYY10OP-WETH,0a775d91-2c17-438f-8881-aea27b446490,57364,0,0,,0.19326,Dexs
Ethereum,uniswap-v4,ETH-PEPE,9a309699-0d3b-442f-a6f6-946c82ff92a8,57349,0.24153,0.24153,,1602.2457,Dexs
Ethereum,uniswap-v4,ETH-ZC,6772bbd6-2393-5ee0-a056-6cd84d852425,57337,410.21816,410.21816,,410.21816,Dexs
Ethereum,uniswap-v4,ETH-KING,8d05d970-3623-4adb-b7a3-67b3cb82304f,57330,0.2652,0.2652,,2532.45893,Dexs
Ethereum,uniswap-v4,ETH-ZIK,cff01c90-6d3b-53e4-86c2-4ca7278eadf3,57282,0.01322,0.01322,,0.03574,Dexs
Ethereum,balancer-v3,WETH-EIGEN,4eb60e7d-cc76-59d9-aecc-bba97735e9ef,57249,0,0,0,0,Dexs
Base,uniswap-v4,WETH-GROK-1,2d766366-006e-4b28-965a-632b619f8da4,57238,0,0,,0.01324,Dexs
OP Mainnet,uniswap-v4,ETH-OP,3c49536f-953e-4c5b-b1b5-bb445d75de8f,57211,3.9296,3.9296,,1172.19578,Dexs
Ethereum,uniswap-v4,ETH-PPT,63e7e98d-9795-436b-b199-b3591957a141,57197,190.82071,190.82071,,2758.36305,Dexs
Ethereum,balancer-v3,WETH-EIGEN,74dc3320-c492-59aa-9c54-c30ab60d917c,57183,0,0,0,0,Dexs
Base,uniswap-v3,COINYE-WETH,ee260124-aee7-4da6-8524-af78acde5973,57175,1.58715,1.58715,,4.63155,Dexs
Base,aerodrome-slipstream,WETH-BASECAT,ab6c7bf1-1bc8-5b5b-ae09-34e9368987ca,57163,2157.38843,1720.49999,436.88844,4038.2258,Dexs
Linea,etherex-cl,LINEA-WETH,4f31b56e-c6e8-4564-acc8-ab7c00938a3c,57110,0,0,0,0,Dexs
Ethereum,balancer-v3,WETH-EIGEN,5f38db5b-3dfa-50b5-91a1-bd1d303a3ae9,57074,0,0,0,0,Dexs
OP Mainnet,uniswap-v3,WETH-WLD,bd4d7b1c-a0d8-42ab-a0e8-a2e7c9ad3dfb,57042,64.78132,64.78132,,25.57386,Dexs
Base,uniswap-v4,WETH-IMITATIONGAME,989147f2-1e11-4f6d-b417-7203c2b18f29,56959,0,0,,0.0202,Dexs
Ethereum,balancer-v2,WETH-COW,cd000c9e-0b3e-4c48-9623-b36d8e8f1497,56951,2.67196,2.67196,0,2.41881,Dexs
Base,uniswap-v3,YUMYUM-WETH,1d6627ef-f4f1-4e97-a1cb-492b700883f7,56950,0.6449,0.6449,,0.50259,Dexs
Ethereum,balancer-v3,WETH-EIGEN,cecf9c84-04f6-5eab-bf2e-ca9c335c32b7,56929,0,0,0,0,Dexs
Base,uniswap-v3,WETH-BRAIN,752c877f-9ff6-45ba-b5df-214b70388ed4,56926,0,0,,0.13078,Dexs
Base,uniswap-v4,TACHI-WETH,880e78ac-6aae-4f1d-bdac-82100a4d23bf,56884,0,0,,0.97691,Dexs
Ethereum,balancer-v3,WETH-EIGEN,e7caea6b-37c3-47bd-ae07-fc76d090f9e5,56711,0,0,0,0,Dexs
Arbitrum,gmx-v2-perps,ETH-USDC,d2d4c1ec-ff71-4b3d-b35c-91f7d56c0249,56670,4.52105,4.52105,,6.26228,Derivatives
Base,aerodrome-slipstream,WETH-ZRO,ffc4d7b3-5c6a-4432-a32e-aa2efb5e0221,56669,37.27347,37.27347,0,1.60952,Dexs
Ethereum,balancer-v3,WETH-EIGEN,f72037b6-2123-5809-b238-7e695d7ca94b,56664,0,0,0,0,Dexs
Base,uniswap-v4,X402CLAW-WETH,246ad068-851f-4f66-aade-f694a0c9981b,56662,0,0,,0.05734,Dexs
Ethereum,uniswap-v3,WETH-GALA,55a60e79-be19-4ec2-b77e-bf63b48001b2,56622,11.17115,11.17115,,4.33465,Dexs
Ethereum,uniswap-v4,ETH-NEAR,9bce6aa8-ac0b-40a6-bd71-741cd3030118,56609,240.52601,240.52601,,1124.15013,Dexs
Arbitrum,uniswap-v3,WSTETH-USDC,2368b017-615e-4809-97ff-5549beb62c1a,56593,15.78039,15.78039,,53.05488,Dexs
Base,uniswap-v4,WETH-CLAWDIUS,01957a8c-2d55-4946-a3c6-1429466ed75d,56573,0,0,,0.04231,Dexs
Ethereum,uniswap-v4,ETH-RSETH,01ab6e60-7653-5dfa-93f2-3ce134e81bfb,56548,0,0,,0,Dexs
Ethereum,convex-finance,ETH-RETH,b8d187e5-6c99-4cbc-9b1a-a13e1ce6d152,56511,0,0,0,0.00028,Yield
Base,aerodrome-v1,WETH-W,9218880d-1a29-450b-8a3b-0a1323deb2f2,56510,34885.89748,,34885.89748,32068.48666,Dexs
Base,uniswap-v2,WETH-NNN,319af94c-e8ec-44aa-8a51-fbbbc0dd7984,56483,0,0,,0.06381,Dexs
Base,uniswap-v4,WETH-A2H,43211fd8-ccb6-4a1b-8948-7f9241ed7e6a,56445,0.51459,0.51459,,1.19352,Dexs
Ethereum,balancer-v3,WETH-EIGEN,2f72aafc-1bbd-5e1d-afe6-3dea6a39ded9,56412,0,0,0,0,Dexs
Ethereum,balancer-v3,WETH-EIGEN,55a5c8f1-309e-4898-a4dd-efed2574ccc5,56341,0,0,0,0,Dexs
Base,uniswap-v3,BOLIDE-WETH,02a31209-1f77-4b04-a863-60591a697e5e,56336,0.01287,0.01287,,1.2503,Dexs
Ethereum,uniswap-v4,ETH-ALEPH,547b0c0b-8efe-488c-8fba-d39c6f1f65c1,56297,0,0,,0,Dexs
Ethereum,balancer-v3,WETH-EIGEN,08422279-da68-47b3-980a-8edf50aa9ea8,56229,0,0,0,0,Dexs
Ethereum,uniswap-v4,ETH-CHEX,ee0dc0c3-2df4-5c77-aa98-c6b992cb7466,56225,137.46616,137.46616,,1423.84492,Dexs
Arbitrum,curve-dex,UNIETH-WETH,9063f7fa-f787-42be-909c-a5b666dfff5c,56217,0.12,0.12,0,2.13163,Dexs
Ethereum,uniswap-v3,RETH-WETH,5685fa0d-a7cf-4b60-9b77-ff23b4583f81,56197,1.42493,1.42493,,2.62509,Dexs
Base,uniswap-v4,ETH-AERO,91a4c6bc-09ad-4ec2-80ad-0c0dda2099a5,56177,6.27541,6.27541,,204.89028,Dexs
Ethereum,balancer-v3,WETH-EIGEN,68d3f493-c034-5358-b2a0-ccab8ed13bdb,56149,0,0,0,0,Dexs
Base,uniswap-v4,WETH-HCLAW,9b170ed2-8d7c-4195-8844-8dcd4b19e07f,56132,0,0,,0.14161,Dexs
Base,uniswap-v3,WETH-PEAQ,04a48e3a-46dc-5f84-9234-143aee34bb11,56067,94.09916,94.09916,,45.09541,Dexs
Ethereum,balancer-v2,VLR-WETH,f8ce6c29-7443-415c-b77b-ea3c10525dcc,55952,0.00449,0.00449,,0.14505,Dexs
Ethereum,balancer-v3,WETH-EIGEN,dd7f81ae-a943-4589-aa2e-d92b23ba8ad5,55734,0,0,0,0,Dexs
Base,uniswap-v3,GRK-WETH,cbaacc0c-3120-4118-b268-22d5a2be4eb2,55655,0.0012,0.0012,,1.99031,Dexs
Base,uniswap-v4,WETH-PISSFACE,71be288f-4c3a-4f17-8e19-f95363721784,55653,0,0,,0.01053,Dexs
Base,uniswap-v3,XVM-WETH,e2d8894a-9f08-4544-9dd3-d0be52b91adc,55635,2.8758,2.8758,,0.56931,Dexs
Arbitrum,gmx-v2-perps,ETH-USDC,a9ad62f0-695a-46cb-8da0-14117fc25e9e,55616,36.56244,36.56244,,16.65043,Derivatives
Ethereum,uniswap-v4,ETH-TCC,d9b4aa5d-1cb7-5184-8adc-b03d7b8faec3,55607,0,0,,9.87795,Dexs
Ethereum,pancakeswap-amm,WETH-INK,cf5ffd97-3d6b-4b15-bd77-627b32618039,55600,0,0,,0,Dexs
Arbitrum,gmx-v2-perps,ETH-USDC,08ecb05c-37f2-49c7-a3d7-c34509678280,55571,1.60604,1.60604,,2.17671,Derivatives
Base,uniswap-v4,WETH-MIRROR,f0205887-84ad-4a2a-bc8b-6aad3b0cfba3,55564,0,0,,0.19016,Dexs
Arbitrum,gmx-v2-perps,ETH-USDC,6b9e24c0-eb4d-464b-80a2-195e19a86847,55504,10.1831,10.1831,,18.02057,Derivatives
ZKsync Era,zkswap-v2,ZF-WETH,21d42ad5-f34b-4fe6-b03d-778fcce1c549,55465,0.56517,0.56517,0,0.11261,Dexs
Base,uniswap-v2,WETH-CHIDO,941447d2-a8f2-48f4-9f8b-06fed6597770,55434,0.13538,0.13538,,0.65572,Dexs
Base,uniswap-v4,"WETH-BUONGIORNO,BASE",c75a57ca-10a7-473e-ad2b-396167b9fc19,55422,0,0,,3525.1695,Dexs
OP Mainnet,uniswap-v3,WETH-USDT,b454c283-5bed-4080-99f6-9aa866c24807,55403,0,0,,19.77652,Dexs
Ethereum,uniswap-v4,ETH-$JPT,9f8913d8-4cd9-5829-8812-607d89c96a2c,55398,0.15884,0.15884,,202.7489,Dexs
Ethereum,uniswap-v3,WETH-SUPER,d464adf3-c48c-46d4-98cc-90fb17780499,55362,115.44703,115.44703,,60.98432,Dexs
Ethereum,uniswap-v3,LUNA-WETH,793c17ce-313f-46dd-886b-72f8972cfd8f,55276,46.14022,46.14022,,99.88227,Dexs
Base,aerodrome-slipstream,SOL-WETH,830b4ed3-a209-5359-acd0-b60c8f0a977e,55221,440.62765,71.18092,369.44673,756.6278,Dexs
Ethereum,uniswap-v4,ETH-BUBBLE,a1075cbc-0a4e-4893-a19a-48364e3821c1,55220,0.70783,0.70783,,2.58581,Dexs
Base,uniswap-v2,WIRON-WETH,7d280f51-6894-4435-b4c3-9bce9a120e14,55205,1.14198,1.14198,,4.43193,Dexs
Base,uniswap-v4,WETH-ORBIT,0b0a9c95-c0d8-4e0e-b113-7971f59d7cc8,55204,0.00066,0.00066,,0.13231,Dexs
Base,beefy,WETH-DEGEN,d18a3f4d-36e8-4d72-8abc-1c32cd6b8ded,55189,30.28122,,,224.02967,Yield Aggregator
Base,gammaswap-open-interest,WETH-CBBTC,7cb96570-d5a7-4f42-8786-eb20d3e558a6,55177,27.27496,27.27496,,31.79532,Options
Ethereum,sushiswap,ROBO-WETH,8afe25ea-4b5a-47b2-a8cc-773ee11db665,55128,0,0,0,0.07342,Dexs
Ethereum,balancer-v3,WETH-EIGEN,22c36122-33cb-5a92-8f37-0b43e1a3abda,55122,0,0,0,2e-05,Dexs
Base,uniswap-v4,WETH-BROSEF,d81da7f3-d9b1-4f19-92bb-8fd26427e091,55093,0,0,,0,Dexs
Ethereum,balancer-v3,WETH-EIGEN,2e1793fd-61d6-46c7-8618-c977f3fff355,55051,0,0,0,2.01025,Dexs
Base,uniswap-v4,WETH-HAMMER0,8f9659ac-8258-4528-95bb-02176b298eed,55021,0,0,,0.01482,Dexs
Base,rubicon,WETH-RUBI,64687685-ce9d-5a18-8b1e-2c132b6566d6,54981,0.44742,0.44742,,1.24994,Dexs
Ethereum,uniswap-v4,ETH-SPEPE,f41b5a6c-03c8-5d55-834b-12ddceb4d008,54979,2001.9186,2001.9186,,1683.08897,Dexs
Base,uniswap-v4,WETH-NOELCLAW,dab5bd95-fe81-4ef6-aad7-951c03973973,54979,0,0,,0.03699,Dexs
Ethereum,frax,FXS-FRXETH,9c0bd600-76eb-4f52-ae01-dba43387c8a3,54969,1.25403,1.25403,,1.04193,Algo-Stables
Ethereum,balancer-v3,WETH-EIGEN,5a228218-92d2-4abb-bd15-1a534e16f08b,54963,0,0,0,2e-05,Dexs
Ethereum,uniswap-v4,ETH-PALPHA,ec705375-f62a-5f6a-ae53-cb187633a22b,54956,0,0,,0,Dexs
OP Mainnet,uniswap-v3,USDC-WETH,d048f8eb-938b-44de-851b-3d69c6b58f0a,54915,5.57964,5.57964,,6.9217,Dexs
Base,uniswap-v4,WETH-CRUDE,f6326ebe-c3fe-4f4e-b93c-9b70ffb9bed2,54885,1.52289,1.52289,,1287.5905,Dexs
Base,uniswap-v2,WETH-CHAMPZ,bf374ef9-2442-4df2-afb1-c292c33cf9c9,54870,0.00034,0.00034,,0.26278,Dexs
Ethereum,balancer-v3,WETH-EIGEN,4121aeb8-cc4a-4f2e-9040-98f922086ea6,54846,0,0,0,2.65821,Dexs
Base,uniswap-v4,WETH-SCOUT,59b28c8a-4300-4cc8-b82f-462c610dc893,54802,0,0,,0.12168,Dexs
Ethereum,uniswap-v4,ETH-AUDM,cd4ede7f-3d9d-438d-beb2-4a467c6700e2,54788,1.25833,1.25833,,2.49541,Dexs
Arbitrum,beefy,WEETH-WETH,0b14e62e-36e1-4a76-84e4-4397ff50e071,54782,1.38733,,,1.87704,Yield Aggregator
Base,uniswap-v4,NEWSWORTHY-WETH,c93d1edb-7d93-4338-8afd-d379b2ccb865,54781,0,0,,0.01912,Dexs
Ethereum,balancer-v3,WETH-EIGEN,0e1c123c-0a00-4f15-99a8-0462cb7869c0,54760,0,0,0,1.76168,Dexs
Base,uniswap-v4,ARO-WETH,455a2c5d-0e53-5f1d-8724-307781be03fd,54751,118.31198,118.31198,,63.49247,Dexs
Base,uniswap-v4,WETH-STAKR,9677149a-d562-4f98-8913-b01b0b9130b1,54724,0,0,,1.62679,Dexs
Ethereum,uniswap-v4,ETH-STR,c8200a91-5867-4e57-8117-39d614eb5d1a,54644,0,0,,0,Dexs
Ethereum,sushiswap,OMNI-WETH,23a9ce02-3a4a-4d74-8497-717c82c3d078,54606,0.04996,0.04996,0,2.26017,Dexs
Base,uniswap-v3,WETH-MYST,8a14e473-7a8c-4b28-b169-3b7548a4ea97,54583,0,0,,0.45646,Dexs
Base,uniswap-v3,TYSM-WETH,1b2d7bf3-0ecd-5ae9-bbd4-b4967467fc4d,54575,0.06524,0.06524,,0.61818,Dexs
Base,uniswap-v4,ETH-UPTOBER,8f9f159b-56cc-59eb-b229-82b2ff18d5c3,54508,0,0,,0,Dexs
Ethereum,uniswap-v4,ETH-GEMS,83f7aeac-a14d-4be3-92de-da69da32d57a,54495,22.39099,22.39099,,6.63833,Dexs
Ethereum,uniswap-v3,WETH-TRU,596e7d21-e634-485c-9cb5-d60621f858e6,54428,0,0,,0,Dexs
Arbitrum,uniswap-v4,ETH-WBTC,59a96400-d964-4e82-afd3-daa799cad9b4,54382,0,0,,0,Dexs
Base,uniswap-v4,VOLT-WETH,f04079c1-5c06-4728-96e7-cb99e920a9c6,54379,0,0,,0,Dexs
Base,uniswap-v3,WETH-QCV,cc322bc2-c43a-41b3-8259-ea872eb8d226,54366,0.17583,0.17583,,0.15243,Dexs
Base,uniswap-v3,STREME-WETH,df35dc92-d34d-46d0-9a5c-291bd20963fb,54326,0.0188,0.0188,,0.0476,Dexs
Base,uniswap-v3,CBETH-VCNT,6b13d2fa-3427-5184-bc18-f23258b51ed5,54321,2.06385,2.06385,,3.11459,Dexs
Ethereum,uniswap-v4,ETH-DRGN,6e090290-6718-4967-a412-1cbc35af3542,54319,3.29507,3.29507,,3727.45195,Dexs
Base,moonwell-lending,WRSETH,e025bdfe-1703-446a-adcd-10095cfde914,54314,0,0,0,0,Lending
Base,uniswap-v2,WETH-TICKLE,4b288021-ffd9-4285-bab2-f75d21bbd786,54171,0,0,,0.00367,Dexs
Ethereum,balancer-v3,WETH-EIGEN,889dba89-c625-4f12-98e6-3cde31669664,54135,0,0,0,0,Dexs
Ethereum,uniswap-v4,ETH-PNDC,0f529223-07b9-4481-a3c1-8ce14e07e74f,54102,40.21261,40.21261,,651.45805,Dexs
Base,uniswap-v4,MOLTYPICS-WETH,bcd9df31-1cfa-4a3c-b581-26bdfe073f4e,54040,0,0,,0.03735,Dexs
Base,uniswap-v3,WETH-VIBE,6a49a681-f8dc-4a4d-8f38-9022edbf8f3c,53987,0,0,,1.81565,Dexs
Ethereum,uniswap-v4,ETH-MARS,2bf0ebd5-6850-4571-a924-85a292aa450b,53982,0,0,,10.44507,Dexs
Base,uniswap-v2,LABZ-WETH,d36b2dc9-765b-4d45-980f-6427b00ee3d2,53925,0,0,,0.00435,Dexs
Base,uniswap-v3,WETH-KOMPETE,f6be33d8-6e74-4bfe-91fa-c7bf97dc269b,53900,1.19283,1.19283,,3.79682,Dexs
Ethereum,uniswap-v4,ETH-STORY,53bf1277-54c0-414b-8f36-79d38b4031ea,53899,0,0,,0.00493,Dexs
Base,aerodrome-slipstream,UXRP-WETH,a3e2eb64-d306-485a-aa87-7562bf61c5ff,53888,38.29411,17.90522,20.38889,37.87296,Dexs
Ethereum,uniswap-v4,ETH-USDQ,e5e24f37-ad20-478a-af2c-3499628d0331,53866,2.97518,2.97518,,52.08125,Dexs
Base,uniswap-v4,WETH-FYP,3c18865a-aacf-4fd2-bf68-77659c495cbd,53827,0.05972,0.05972,,5.4091,Dexs
Unichain,euler-v2,WETH,31785829-a658-4ed5-80df-f411615b4fb0,53809,0.41148,0.41148,,0.41122,Lending
Ethereum,uniswap-v4,ETH-WLD,886e7e90-f028-4d10-8d1e-4f75d86972ce,53779,72.38419,72.38419,,33.74118,Dexs
Plasma,fluid-lending,WETH,d13a7acc-2bd5-4043-97cb-c155f3735357,53682,0.42,0.42,,0.40206,Lending
Ethereum,uniswap-v4,LAYER-WETH,580659b6-3195-4906-be0d-98d0fa76a628,53659,0,0,,0.02239,Dexs
Base,uniswap-v2,BAPE-WETH,d0e2ce73-910b-4eb4-b64d-17b5b72c6b19,53656,0,0,,0,Dexs
Bob,segment-finance,WETH,e15573de-a1bf-49e2-9a84-9f3574b7dedb,53622,0.31665,0.31665,,0.34351,Lending
Ethereum,uniswap-v4,ETH-AAVE,56449ab6-37f8-4e9d-ac65-88ff7952e8fc,53616,0.27167,0.27167,,11259.74911,Dexs
Base,uniswap-v2,WETH-BB,a73efdd9-c492-4710-b38b-d55884cb5144,53600,0,0,,0,Dexs
BSC,beefy,ETH-USDT,e07ee3b5-b95b-4be9-98ea-996dabb53235,53599,4.5839,,,5.11083,Yield Aggregator
Base,uniswap-v3,WETH-BASEBULL,37ca553a-69a2-52ec-9934-58fae5a154ba,53570,27.82148,27.82148,,70.57309,Dexs
Ethereum,uniswap-v3,MORPHO-WETH,72385d92-7363-4fae-bca2-87aaaf3b509d,53535,3.19975,3.19975,,71.63631,Dexs
Base,uniswap-v4,DEAL-WETH,876cecc9-1782-4f12-8020-6748fc63a0c7,53520,0,0,,0.21651,Dexs
Base,uniswap-v4,COSTANZA-WETH,3f396b02-e5d5-41cd-85f3-119fe370cece,53515,2.81379,2.81379,,2.34327,Dexs
Base,uniswap-v2,RXS-WETH,f8c88717-1885-4b7d-a079-9a2269267611,53505,0,0,,0,Dexs
Avalanche,folks-finance-xchain,WETH.E,230eda18-3eaf-4625-b4bd-3c93d15af2e5,53491,0.153,0.153,0,0.28471,Lending
Ethereum,uniswap-v4,ETH-WAR,97ba7255-2c42-56e6-b378-526972a8a342,53452,0,0,,0.01236,Dexs
Base,uniswap-v4,WETH-FASTLANE,013757f3-e079-5154-b2fe-68871702ebcb,53416,554.34323,554.34323,,2326.80371,Dexs
Base,aerodrome-v1,CBETH-SPECTRA,2a1f9d4f-da49-4a7f-bcd6-dfed22cb5e0d,53393,63.44596,,63.44596,59.86947,Dexs
Base,uniswap-v4,ETH-BRIAN,d72080f4-d1e0-5032-ab84-5a5ef6446a3d,53377,0,0,,0,Dexs
Ethereum,uniswap-v4,ETH-FLOOD,e584463a-4e0e-48a9-9ccf-8466c1e453f5,53262,0,0,,0,Dexs
Ethereum,uniswap-v4,ETH-ENS,aba807df-02a8-408a-8d23-2de7a2e4e7b4,53259,3.13227,3.13227,,87.59613,Dexs
Base,uniswap-v4,WETH-CLAWDX,dec3ddee-ce67-423a-81ec-1c01dc177ac8,53257,0,0,,0.01063,Dexs
Ethereum,uniswap-v4,ETH-AVOS,f897d0f0-ee82-50a3-8b94-abec91ba3d80,53252,406.15968,406.15968,,406.15968,Dexs
Polygon,uniswap-v3,FYN-WETH,b98d7585-ba41-4d45-a8a5-55819219741b,53219,0.27977,0.27977,,0.68784,Dexs
Ethereum,uniswap-v2,PBTC-WETH,dce48ebc-d53d-40ec-81c0-a55fec23611d,53183,0.09724,0.09724,,0.25731,Dexs
Ethereum,uniswap-v4,ETH-USDC,064a8d31-0d7c-497c-92ad-a5f740ead973,53165,0,0,,0,Dexs
Base,uniswap-v3,WBTC-WETH,82a81b6c-9a9f-5927-8f05-32e0be855ff8,53159,7.47042,7.47042,,6.68097,Dexs
Base,uniswap-v2,WETH-AMPD,5594f512-79eb-41d0-bd51-c9e42d13e99b,53142,0.01082,0.01082,,0.07823,Dexs
Base,aerodrome-slipstream,WETH-KTA,7e7146ae-3146-4bf3-8d7b-67f618791b83,53101,87.80241,39.21284,48.58957,193.49671,Dexs
Ethereum,uniswap-v4,ETH-FLOKI,bf4a6e7b-24e6-5c60-9392-1f8e4d25fcb9,53051,2082.52776,2082.52776,,1995.98666,Dexs
Shape,shapeswap-v3,WETH-USDC.E,c9c23277-8d0c-502f-a36c-fe4fcd70b544,53042,1.35768,1.35768,,2.21796,Dexs
Ethereum,uniswap-v4,ETH-AST,c693761b-ebff-43e9-bb57-f1775535e758,52981,26937.99897,26937.99897,,26937.99897,Dexs
Base,uniswap-v4,MERCURY-WETH,a6a7adcc-9733-412e-8c57-2c58655b2127,52954,0,0,,0,Dexs
Base,uniswap-v4,WETH-HARBOR,46db6f78-2a77-4fa7-8f2c-9b1a262fbdae,52863,0,0,,1.27778,Dexs
Base,beefy,VVV-WETH,4ccde8cb-0db7-43ad-80f7-4e51132a0673,52840,85.14121,,,2584.2732,Yield Aggregator
Base,fluid-dex,EZETH-ETH,0d18d598-fced-487f-ae99-77cb75c2da15,52794,0.18962,0.18962,,1.51855,Dexs
Ethereum,uniswap-v4,ETH-UORE,26ad0970-15ae-4dd1-b0ff-8bab207d9ce4,52635,0,0,,0,Dexs
Base,uniswap-v3,WETH-UHBAR,be97687c-08c5-4dc6-a448-3cb96dc7c60e,52627,26.49254,26.49254,,32.35956,Dexs
Ethereum,sushiswap,BANK-WETH,bbe1f800-c099-4d45-bb50-45d811c410e3,52608,0,0,0,0.09182,Dexs
Base,uniswap-v3,JOOCE-WETH,77d17af5-f578-4a99-8a74-0526570965e4,52562,0.00889,0.00889,,1.19112,Dexs
Base,uniswap-v2,WETH-BZIL,5bc0be3c-8d38-421d-952b-71768c93be59,52536,0,0,,0,Dexs
Base,uniswap-v3,CHECK-WETH,0d49b270-cfee-4815-bc21-d28d46ce3bf7,52483,0.04572,0.04572,,0.02518,Dexs
Ethereum,uniswap-v3,WETH-KCS,c12910dd-176f-4263-b512-6d69c2086720,52476,0.00054,0.00054,,0.87883,Dexs
Base,uniswap-v4,WETH-CHIP,e2b9af43-60d3-599f-99f7-ce4663457ee9,52371,12.3071,12.3071,,12.3071,Dexs
Arbitrum,uniswap-v3,VCNT-WETH,8a6213a8-095e-4caf-b95b-dc7e8704c9eb,52326,1.34366,1.34366,,4.13057,Dexs
Base,uniswap-v2,WETH-FLOPPA,44c6f306-acb4-4325-a098-3c3b48c18779,52297,0.16044,0.16044,,1.29303,Dexs
Base,uniswap-v2,WETH-AGE,a04ff8a2-7c1a-482a-9de0-c91bce1e3db1,52296,0,0,,0,Dexs
Ethereum,uniswap-v3,FXS-WETH,be9bfbf7-2e8e-42a1-b91c-7b2dc45d8231,52254,0,0,,0.12737,Dexs
Base,beefy,WETH-USDC,ae2126f0-15fb-441a-94ae-a4a702d0880d,52219,18.98025,,,7.13512,Yield Aggregator
Linea,euler-v2,WETH,58b39751-4786-404d-a28a-44795235621e,52188,0.94398,0.94398,,1.13266,Lending
Base,uniswap-v2,WETH-DIGIT,1eb04a45-e738-4780-b60c-45a2adef0c52,52183,0,0,,0.1841,Dexs
Base,pancakeswap-amm,MUTM-WETH,18dd13a3-e8ec-4f14-9b21-f6312c1e68fc,52078,0,0,,0,Dexs
Ethereum,beefy,CVX-WETH,eddfcfbe-6971-4ba8-84df-2db850f83d6e,51995,16.60892,,,15.43279,Yield Aggregator
Base,uniswap-v4,WETH-FRED,051a4de5-7d74-41ba-b12d-dd34ba2130ff,51926,0,0,,0.0892,Dexs
Base,uniswap-v4,WETH-INCLAWNCH,9de8fbb6-6ca8-40a5-8dc4-a2d0f1271e57,51907,0.00652,0.00652,,0.01398,Dexs
Base,uniswap-v4,WETH-X402,36d4c2cd-e6b0-488c-b72a-892604450774,51797,0.67878,0.67878,,2.12688,Dexs
OP Mainnet,velodrome-v2,WETH-DHT,a7f89220-05b2-473e-9e34-5b81c90fe5e7,51736,35.21332,,35.21332,28.51332,Dexs
Base,uniswap-v3,DUBBZ-WETH,234ad7c9-1156-45a1-a777-df408868136e,51725,0.00278,0.00278,,0.1156,Dexs
Arbitrum,curve-llamalend,WETH,bbaf3f89-7c1a-48fd-845b-b04f85c133d5,51700,0,,,0,Lending
Ethereum,uniswap-v4,ETH-EARNETH,29594c9c-026e-5bb0-aa21-6fb7e36aedfe,51659,0,0,,0,Dexs
Osmosis,osmosis-dex,ETH-USDC.N,b3c6ef34-cc68-433b-9898-38e495afdc7e,51652,0.06465,0.06465,,0.1321,Dexs
Base,uniswap-v4,SEARXLY-WETH,6232a78c-c37e-4c37-9f73-da5690cd9162,51643,0,0,,0.29384,Dexs
Base,uniswap-v2,WETH-FABRIC,a80f9c4c-56fa-424e-8929-e8f2e066e5ce,51634,0,0,,0,Dexs
Base,aerodrome-slipstream,WETH-REPPO,44fe37b5-c08d-4b85-b89e-858b0b4586d3,51585,355.34358,205.36374,149.97984,1257.94551,Dexs
Base,uniswap-v2,CHONK-WETH,26ec08c0-5c40-42d6-9db3-db346d478285,51576,0,0,,0,Dexs
Sonic,beets-dex,ECLP-WETH-USDC.E,333ee968-6f0a-4e1f-b175-8953b5c27d77,51519,92.83623,16.94866,75.88758,76.99683,Dexs
OP Mainnet,uniswap-v4,ETH-USDC,4b3c3179-6dd0-4c0f-bbee-e1ec991e75a7,51458,9.94857,9.94857,,242.27885,Dexs
Base,uniswap-v2,WETH-RYU,e3544874-7dd4-4bf1-ac48-f1b8582860c7,51420,0.06827,0.06827,,1.66962,Dexs
Base,uniswap-v2,WETH-$KITA,1a15622d-5473-4b66-b570-263606679682,51409,0,0,,0.00088,Dexs
Base,uniswap-v3,WETH-$NASDAQ,02181809-e6b9-5a9f-93fc-7b7e455b4314,51372,0.05652,0.05652,,0.43602,Dexs
Ethereum,uniswap-v4,ETH-ZC,74a5d4ec-580c-5800-af59-23e85a3c41dc,51286,2255.29439,2255.29439,,9306.57704,Dexs
Base,uniswap-v4,WETH-OUROBOROS,e3821112-3255-474d-8ede-ede0ceb88f94,51279,0,0,,0.00307,Dexs
Base,ipor-derivatives,WSTETH,b201ef85-5190-49f4-9406-140c21fecb34,51241,7.48566,7.48566,,3.26496,Derivatives
Ethereum,uniswap-v3,GAMMA-WETH,a347b151-e5ff-4251-89e7-0cb475b93494,51220,0.00086,0.00086,,0.01199,Dexs
Ethereum,uniswap-v4,ETH-MAPO,780aa55a-b7f9-4b4b-8086-798f32516163,51202,0,0,,0,Dexs
Base,uniswap-v4,ORBIT-WETH,355b9698-c08f-4d74-89e5-3ce2b7382c46,51092,0.00942,0.00942,,0.26331,Dexs
Base,uniswap-v4,SLEUTH-WETH,843a0192-b079-4346-a77a-5f69b2bcf765,51091,1.62732,1.62732,,1.9208,Dexs
Base,uniswap-v4,ETH-COAI,d82e9e8c-34cb-41a9-96f3-9d6fcecc45a1,51066,0.25755,0.25755,,36.66316,Dexs
Ethereum,uniswap-v4,ETH-TNA,567ee653-961e-58e7-84fd-14799ff38174,51049,8.97954,8.97954,,8.73066,Dexs
OP Mainnet,velodrome-v3,WETH-USDT,4d4433db-b2fb-4b72-bbf9-f817ca9c600c,51005,167.50167,,167.50167,306.5899,Dexs
Arbitrum,uniswap-v4,ETH-ARB,fd88ea7a-95e5-4dc6-a897-0ced9684f41c,50973,0,0,,0,Dexs
OP Mainnet,morpho-blue,WETH,fec616a8-eab0-4994-8ee5-8d1fea9c68c3,50961,0,0,,0,Lending
Ethereum,uniswap-v3,GLM-WETH,fc456fce-6f88-4b9f-88ff-38b49d87e072,50920,8.22571,8.22571,,9.88363,Dexs
Base,uniswap-v4,ETH-GOOGLC,221bfc4d-ee31-5f9f-ab7a-b2a7f059ee71,50898,16249.50865,16249.50865,,16180.00748,Dexs
Base,uniswap-v4,ETH-ICNT,5ffcacff-04a9-4ce1-83f0-2fbd0b2c0ea5,50890,0,0,,0,Dexs
Arbitrum,fluid-lending,ETH,b73e74d5-c383-402c-939b-accafbf1c36c,50871,1.23,1.23,,1.16936,Lending
Base,uniswap-v2,SHARE-WETH,bbb0a8e8-8c51-4a51-866d-11d3dee5215a,50869,0,0,,0.00837,Dexs
Base,uniswap-v4,WETH-FORGE,980791c8-68ba-4528-80b9-3ff535653111,50821,0.18591,0.18591,,1926.48498,Dexs
Base,uniswap-v4,WETH-DEVTOPIA,1703c562-2376-46e2-a0b6-ba520a877a3c,50807,0,0,,0.00038,Dexs
Ethereum,uniswap-v4,ETH-WTAO,bfd08c67-d6e9-5208-9ac2-34b80e8403e6,50796,1.92094,1.92094,,1.2485,Dexs
Ethereum,morpho-blue,WEETH,16f04526-805f-4fc8-abec-66b59fad5cfa,50697,0,0,,0,Lending
Ethereum,uniswap-v4,ETH-GMT,d95ecac4-0df2-5564-bc5a-8f2af7602d4a,50646,0,0,,0,Dexs
Base,uniswap-v4,ETH-BASECAT,3b933b7b-41b4-54f6-9c42-e692a8e9f2bb,50611,0,0,,88.28471,Dexs
Ethereum,uniswap-v4,ETH-NMR,12908c11-72f9-4d58-8e35-cd9899e2b616,50593,26845.42208,26845.42208,,26703.85337,Dexs
Ethereum,sushiswap,WETH-IMX,d1981d7c-132e-4801-9c2c-7e57e5cd66ee,50586,19.54169,19.54169,0,10.3443,Dexs
Ethereum,uniswap-v4,ETH-UPEGSTR,15a083b6-8836-4c5a-b0d4-01e409b17b7f,50521,0,0,,0,Dexs
Base,uniswap-v4,MIND-WETH,096345e4-6e8e-4345-af42-d3d6d7d8d553,50461,0,0,,0.00771,Dexs
Abstract,symbiosis,WETH,f9f7a381-7fd1-4614-85aa-c4e805c97354,50421,0.2462,0.2462,,0.26489,Cross Chain Bridge
Base,uniswap-v3,WETH-WOLF,0c8d8b81-3bb7-5017-a1a4-5b191ffb3e5b,50357,0.34929,0.34929,,0.26993,Dexs
Ethereum,uniswap-v4,ETH-ABT,378ed3f1-0450-4966-94b1-9cffa817ba0a,50308,0,0,,0,Dexs
Ethereum,origami-finance,LOV-WSTETH-A,646ee09e-8c71-427f-a547-47a647023fec,50280,3.51641,3.51641,,2.92697,Leveraged Farming
Base,uniswap-v2,WETH-BALD,4cafbc14-a11e-4115-8bf3-b0a8a5c5b050,50256,0.00962,0.00962,,1.55933,Dexs
Ethereum,uniswap-v4,ETH-USDT,cc8b8c14-3305-536d-a421-fbf3e15cdf6c,50208,0,0,,13.37051,Dexs
Ethereum,uniswap-v4,ETH-BAT,277c54d4-d0d3-403d-ae72-eee0061f486c,50169,6437.70802,6437.70802,,6373.68801,Dexs
Ethereum,uniswap-v4,ETH-COW,d3007c73-3bb4-480c-9907-7f77e6509871,50135,1.16988,1.16988,,2430.37644,Dexs
Base,uniswap-v4,WETH-NDTA,6af1f0b0-6b8a-590c-bd14-a2bc56c3a373,50132,86.79595,86.79595,,26.32358,Dexs
Ethereum,uniswap-v4,WSTETH-RETH,a0f60783-af39-452b-8dd5-d04b7b8ec8b1,50088,0,0,,0.00157,Dexs
Ethereum,termmax,WETH,7fd54ab1-db37-40c6-a8c2-8ef11f631fea,50076,0,0,,1.20548,Lending
Base,uniswap-v2,WETH-MONSTA,9e51e6c7-b8a9-49eb-8c79-412e6a1a44cd,50074,0.23172,0.23172,,0.1937,Dexs
Arbitrum,uniswap-v3,FLUID-WETH,87639b86-f9cc-43cd-aa57-034ddc5d7643,49983,0,0,,0,Dexs
Base,arcadia-v2,WETH,2e8d67b9-d543-4ee3-b257-4c303ed7c277,49959,5.71976,5.71976,,4.60005,Liquidity Manager
Base,uniswap-v3,WETH-OBOT,39819063-bc6f-4c0a-b29e-4029753d8af1,49916,0,0,,0,Dexs
Base,uniswap-v2,WETH-BONK,cd41e642-2b6c-4fc5-8f4f-07edc34f61f1,49904,0.0525,0.0525,,0.432,Dexs
Base,uniswap-v4,WETH-NDTA,4ddf5d6a-7811-543f-9134-465a339b449a,49864,18.65409,18.65409,,18.65409,Dexs
Base,uniswap-v2,WETH-ELI5A,dc1545f7-70c6-4caf-9a13-9889f23d6969,49774,1.6059,1.6059,,1.68123,Dexs
Base,uniswap-v4,WETH-WAKE,3d896c72-64bc-45d9-94ef-0561607c30e7,49723,0,0,,0.85369,Dexs
Arbitrum,camelot-v3,WSTETH-WETH,74f69f14-ea25-4ef8-8829-95e43a128341,49694,0.45245,0.45245,,0.71735,Dexs
Base,uniswap-v4,WETH-CLAUDE,74404fdf-e4ea-491b-98e3-922c5cc62941,49662,0.01045,0.01045,,0.29777,Dexs
Base,uniswap-v3,WETH-PACK,9fabc0a3-4c4f-4925-8062-1788147961e2,49647,0,0,,0.041,Dexs
Base,uniswap-v4,WETH-OTTO,5fb890b0-da02-45f4-b0f1-244001cded96,49629,65.42748,65.42748,,1.62885,Dexs
Base,uniswap-v2,WETH-FAME,c68df307-4269-424c-b578-8beab17a6929,49623,0.0802,0.0802,,0.50115,Dexs
Base,uniswap-v4,ETH-PING,b99d13fa-0232-4254-a3af-133cd4e1a111,49542,0,0,,13218.94331,Dexs
Base,pancakeswap-amm,WETH-GENSYN,162922d2-552d-4886-964e-20b84b455656,49372,0,0,,0.00021,Dexs
Ethereum,uniswap-v4,ZC-WETH,b5dac8ef-212a-532f-8069-69972e5fb0d0,49345,2129.83462,2129.83462,,2129.83462,Dexs
Ethereum,uniswap-v4,ETH-RSWETH,1e673050-2d9a-485a-becb-f3fa9f1d2ebc,49265,0,0,,141.76971,Dexs
Base,uniswap-v4,WETH-ASYM,05a9bfda-e235-43e3-90ed-d2a73e3f35fe,49238,0,0,,2759.39109,Dexs
Base,uniswap-v3,ULTC-WETH,e2e22bfa-c98c-41df-b36d-329ac19c4368,49110,7.77837,7.77837,,3.70614,Dexs
Base,uniswap-v4,ETH-REI,a05cbf5b-1b0c-4fc4-99d3-adaf324860c7,48906,0.0203,0.0203,,44231.04441,Dexs
Arbitrum,camelot-v2,WETH-CHEESE,66f28158-4ead-4914-b307-27d33502c498,48864,0.00088,0.00088,,0.00215,Dexs
Base,uniswap-v3,WETH-FOGO,61829a48-33b3-5aa4-9073-1b9aae998aa3,48825,0,0,,0,Dexs
Base,uniswap-v4,WETH-MCCLAW,3d2fda51-7e78-4900-b83f-2400393362a2,48813,0,0,,0.036,Dexs
Base,uniswap-v2,WETH-FIRETURD,bbf1443e-66c3-54ca-b20e-98b8d81c3ac2,48812,0,0,,0.17912,Dexs
Base,uniswap-v3,RLUSD-WETH,e4c225fc-c0ed-4231-ade2-4c3889c85be9,48766,0.01497,0.01497,,0.15069,Dexs
Base,uniswap-v3,WETH-BLU,0c036967-6f0b-41c5-9da1-55a408cda8b6,48710,0,0,,0,Dexs
Base,aerodrome-slipstream,WETH-MOOBIFI,34d89b9c-2043-49e4-8686-bb3db5c6d113,48691,56.89217,14.66762,42.22454,67.05159,Dexs
Base,alien-base-v3,WETH-EURC,f11b2653-e055-4dc7-8062-ba64bc7e1b49,48659,1e-05,1e-05,0,6.27747,Dexs
Base,morpho-blue,CBETH,edc28e42-30c5-476e-91f2-007805861d59,48622,0,0,,0,Lending
Base,uniswap-v3,XDC-WETH,91d9b32c-8c5d-5188-ba28-0ecfd9307aaf,48551,3.67545,3.67545,,1.20979,Dexs
Base,snowbl-capital,WETH,13530dba-6188-509c-a38f-457b33245114,48546,0,0,,0,Onchain Capital Allocator
Base,uniswap-v2,WETH-AION,736c5b4c-8c9c-4599-a3f1-8f4510ef6bf0,48442,0,0,,0.47771,Dexs
Ethereum,uniswap-v4,ETH-VEYL,02cd4db4-4e79-56df-894f-4eaa0ee7236f,48408,0,0,,0,Dexs
Base,uniswap-v2,WETH-NBX,e83c68d9-8b9d-473d-82d1-f65624c44ae0,48403,0,0,,0.29135,Dexs
Arbitrum,uniswap-v3,WEETH-WETH,d5123cc8-ffce-4855-97f8-c471952bcd66,48352,0.01135,0.01135,,3.56743,Dexs
Ethereum,uniswap-v4,ETH-NHOUR,da518bd1-a589-57af-a3ed-df97993ba846,48314,989.5646,989.5646,,842.92443,Dexs
Base,uniswap-v4,WETH-KARPATHY,52e7e0e3-0b6b-4e76-872c-f67df1f05544,48284,0,0,,0.1478,Dexs
Base,uniswap-v4,WETH-NPM,04708512-ecdd-4f87-87f6-8c7caa5c68b9,48268,0,0,,2441.24634,Dexs
Ethereum,pancakeswap-amm,WETH-MOON,b8fab05a-a75a-5c53-ba26-0a37ccc47b84,48262,0.02521,0.02521,,0.02521,Dexs
Base,uniswap-v4,WETH-ALEISTER,a50ad090-ecc1-4aa7-b75a-20394dfac7ff,48251,0,0,,1.04136,Dexs
OP Mainnet,beefy,FRXETH-WETH,36f7d001-2323-48bc-b4f3-ab37fa527df3,48222,1.26157,,,0.31446,Yield Aggregator
Ethereum,uniswap-v3,SKL-WETH,f825cf2c-ebbe-438f-90ac-696b8ff935ba,48117,0.75364,0.75364,,1.88673,Dexs
Arbitrum,uniswap-v3,ETHFI-WETH,127c022f-93bd-4902-ba13-a6015418e5ca,48115,49.14899,49.14899,,60.96992,Dexs
Arbitrum,uniswap-v3,RAIN-WETH,7629b38d-021f-49dd-a342-c8330870d810,48055,98.78432,98.78432,,27.53325,Dexs
Base,uniswap-v2,WETH-COMMUNITY,50f9c820-1017-49c3-b3f6-0bc523738879,48030,0,0,,0.14252,Dexs
Ethereum,compound-v3,CBETH,68e30785-53bf-49ef-892f-88b197c6bfe6,48010,0,,,0,Lending
Ethereum,convex-finance,ETH-XETH,3824d1d6-dc8d-41fe-a95b-331514b0aff7,47989,0.02,0.02,0,0.37493,Yield
Base,uniswap-v2,RFC-WETH,2f1c8ab1-dd2b-4c27-9597-e59574c22f56,47879,0,0,,0.01609,Dexs
OP Mainnet,uniswap-v3,WETH-SNX,4ab46de7-e10a-4728-b237-792886da4f01,47827,0,0,,851.26597,Dexs
Base,uniswap-v3,WETH-NOCK,ada16443-99ae-5a31-a2ec-de3cad926981,47812,131.88782,131.88782,,443.78833,Dexs
Ethereum,uniswap-v4,ETH-GLADIAS,209a5ce3-1459-5236-b6f3-3f7e80b4eda8,47756,1639.20851,1639.20851,,1639.20851,Dexs
OP Mainnet,curve-llamalend,WETH,ac1bb984-5d26-5a2a-8b5c-6f7d7e6bc2b9,47743,2.935,2.935,0,1.87167,Lending
Metis,symbiosis,WETH,944d3bd5-9a31-40a8-b7ac-fb0258ae569f,47664,0.08634,0.08634,,0.06128,Cross Chain Bridge
Base,uniswap-v2,WETH-RSGP,9229be68-2a16-42db-84f5-d6d005040c82,47576,0,0,,0.04851,Dexs
Base,uniswap-v4,PEAQ-WETH,b7fd1918-9f12-569a-9a15-2b5f952e6148,47545,3.41054,3.41054,,5.33081,Dexs
Base,uniswap-v3,WETH-CLX,dbd856b3-f743-47ef-8f80-94663e4e17f4,47501,2.54203,2.54203,,8.71974,Dexs
Polygon,quickswap-dex,WOO-WETH,50db3bbb-16a5-4473-9056-af9e4bf5256c,47501,2.50963,2.50963,,243.32287,Dexs
Base,uniswap-v3,BRACKY-WETH,d1458011-e254-45b9-a666-ddef8966ffbd,47500,0.02449,0.02449,,0.1708,Dexs
Base,uniswap-v2,WETH-BETS,4c011259-3a10-4f9d-bd6d-d6e8ce116e81,47447,0,0,,0.02189,Dexs
Base,uniswap-v2,TICS-WETH,b4a17b36-fdd9-427f-a797-044d06a4764d,47427,0,0,,0,Dexs
Base,uniswap-v4,NANOBOT-WETH,6302e7fb-e9f5-4b2f-8068-5cb32e68e567,47410,0,0,,0.27646,Dexs
Base,uniswap-v3,WETH-WBNB,7a314330-69f9-4790-a6a1-7dbaa85240ee,47382,3.04859,3.04859,,8.39356,Dexs
Base,uniswap-v4,WETH-WORDADAY,ee715109-66d8-407e-8c68-558e0d58be97,47377,0,0,,431.15083,Dexs
Ethereum,smardex-amm,SDEX-WETH,ebdc2ae0-8b74-420f-95f0-cd118a0c0a49,47374,6.01411,6.01411,0,8.14175,Dexs
Ethereum,convex-finance,ETH-OETH,b3a55ca0-e3fa-4888-be44-9abf91a33dc9,47347,5.40238,0.73,4.67238,5.39983,Yield
Fraxtal,fraxlend,SFRXETH,e34f3de1-ff5c-4037-9d94-d5b387514ffa,47337,0,,,0,Lending
Base,uniswap-v3,DODO-WETH,82a12a28-febf-4921-96a7-34e568bd086a,47327,0.20776,0.20776,,0.14155,Dexs
Base,uniswap-v2,FELLA-WETH,f79b5d1f-af72-4e98-8cc7-64e0dc28ce4f,47320,0,0,,0.0009,Dexs
Base,uniswap-v2,WETH-PEPE,5b4d7516-c4f0-4e68-8270-287c1f8abe31,47314,0,0,,0.02797,Dexs
Ethereum,uniswap-v4,ETH-CABAL,36d662be-8ad3-475b-af90-f396cd76da55,47275,0,0,,0,Dexs
Base,uniswap-v3,STARLINK-WETH,3296272c-cc93-5106-98a8-2506eea457f8,47092,0.1906,0.1906,,0.83705,Dexs
Base,uniswap-v2,WETH-BSTR,301a53b3-62e0-4584-9d48-cace5d214190,47067,0.08349,0.08349,,0.11691,Dexs
Polygon,quickswap-dex,WETH-ADDY,10232ca4-8459-4064-970a-6d94ba6dc0d1,47024,0.05033,0.05033,,515.89883,Dexs
Base,uniswap-v2,WETH-CORGI,0d36a09e-9449-4e3a-9066-5d0da15acddb,47002,0.13422,0.13422,,0.06188,Dexs
Solana,save,WSTETH,b50b0a4c-2df7-4fe0-89fb-db64ece255a8,46983,0,0,0,0,Lending
Base,uniswap-v4,ETH-BRAINARM,f250dadf-adf6-5a94-8e8c-62f3537a8921,46915,0,0,,0,Dexs
Ethereum,convex-finance,ETH-ANKRETH,9bf4b4b0-a53a-44c4-84dd-a1ff9c54b83d,46784,1.36,1.36,0,1.12015,Yield
Ethereum,sushiswap,FEWGO-WETH,3240c6b5-2c5e-4143-8e16-1dd70aa90c0a,46756,0,0,0,7e-05,Dexs
Base,uniswap-v3,WETH-NANO,43ef883d-26b4-5133-ba11-38945b236c4a,46712,0,0,,0.59571,Dexs
Ethereum,uniswap-v4,ZKAPI-WETH,72bd2d63-c5b7-565b-98da-794358e9349e,46712,0,0,,0,Dexs
Ethereum,uniswap-v3,WETH-TRIBE,84739cce-49ed-457f-86aa-cfdf69ef0bda,46687,23.23449,23.23449,,11.59604,Dexs
Base,uniswap-v4,WETH-SAIMMY,9d1d519d-b7ae-493a-b95c-7712089b80db,46631,0.02759,0.02759,,0.05605,Dexs
Base,uniswap-v2,DSNT-WETH,832a79ce-ac3e-4af0-a9a3-8cd91fa414eb,46596,0,0,,0,Dexs
Ethereum,uniswap-v4,ETH-SI,fddec356-0bdb-5772-a8a1-365edafe8d3d,46441,2121.09759,2121.09759,,1797.95595,Dexs
Base,aerodrome-slipstream,WETH-YGG,d3d737e8-09cb-4ba1-ae94-d1715ddda0da,46360,785.63003,0.02276,785.60728,2077.1732,Dexs
Base,uniswap-v2,WETH-SURF,3f888195-6df3-48f3-bf66-58712812f5f7,46304,0,0,,0.3192,Dexs
Polygon,balancer-v2,USDC-LINK-WETH-BAL-AAVE,00d2347a-0d22-4e94-a187-98d17caf225a,46303,1.66285,1.66282,3e-05,2.40537,Dexs
Base,uniswap-v4,WETH-ETN,5a657362-af0b-56e2-93eb-10c3b1c1f5d8,46299,171.85536,171.85536,,88.80527,Dexs
Ethereum,uniswap-v4,VERIDIA-WETH,0fff1fda-2cad-501e-9e5c-34bbbcf64645,46248,0,0,,0,Dexs
Base,alien-base-v3,WETH-USDBC,646127ad-aee7-4fdf-b01f-ace6a49a4232,46232,0.0263,0.0263,0,0.09373,Dexs
Linea,etherex-cl,MUSD-WETH,1108b704-6c9f-4128-a40d-fa48bb867183,46229,0,0,0,0,Dexs
Base,uniswap-v3,WETH-ULINK,7ef6022c-0939-40d6-a72b-c6292d46c448,46198,2.35525,2.35525,,4.56465,Dexs
Base,aerodrome-v1,GENOME-WETH,fe2919a9-ce5b-4b32-bae4-70a2688742c3,46194,4.86901,,4.86901,3.96311,Dexs
Ethereum,sushiswap,WETH-ENS,f163c711-2f51-4800-8174-975e76c61450,46191,4.96547,4.96547,0,5.16534,Dexs
Ethereum,uniswap-v3,BONK-WETH,afd76e77-8811-4990-b661-a3a905956a0b,46131,0,0,,0,Dexs
Base,uniswap-v4,CLAWNET-WETH,835b211e-3872-4322-8a39-22580c67ea9a,46082,0,0,,3427.57103,Dexs
Ethereum,balancer-v2,M2-WETH,14cfa937-f79c-421f-af93-4d1ec986243b,46079,0,0,,0.03758,Dexs
Ethereum,uniswap-v4,SNOWMOON-WETH,a1c0c296-50e5-5f9c-a9e5-b95af2ea803b,46030,0,0,,0,Dexs
Base,uniswap-v2,WETH-DOGC,88d4363c-3a37-53a2-bf93-0fbb9129258a,45999,0.17885,0.17885,,0.21916,Dexs
Base,uniswap-v2,VARM-WETH,eda564b6-c423-44cb-b1fd-192509c971a9,45991,0,0,,0.00031,Dexs
Ethereum,uniswap-v4,ETH-VC,b22d6f07-c57c-5575-8ce6-604845472d59,45985,0,0,,0,Dexs
Base,uniswap-v4,WETH-SHELL,2867bcf9-a4d4-4d0b-b30c-afd6745b52a6,45941,0,0,,0.01395,Dexs
Ethereum,cian-yield-layer,STETH,a2a9678d-f030-429b-a77b-95cc02a7d935,45911,1.98,,,2.13845,Yield Aggregator
Ethereum,uniswap-v3,PEPE-WETH,bfdcbce8-227d-44b2-b24d-e8b4ca0fa228,45893,3.13051,3.13051,,3.71016,Dexs
Base,uniswap-v4,SHARP-WETH,3c3813a2-84c6-4859-bb16-bdcbcf1720d9,45832,0.02573,0.02573,,0.33155,Dexs
Arbitrum,gmx-v2-perps,ETH-USDC,4533981f-e0c5-4765-999a-69e24246716a,45819,6.7346,6.7346,,18.59126,Derivatives
Berachain,bex,WETH-WBERA,b7c41046-795c-4fb1-8954-8625c1252a43,45778,2.56586,2.56586,0,4.27522,Dexs
Base,uniswap-v2,CUBE-WETH,791b89c9-ffab-405d-a677-e73cbbff9f8c,45740,377.46065,377.46065,,36.96923,Dexs
Ethereum,morpho-blue,WSTETH,0dca80f8-3389-48e5-bd5d-f7f4d032dc0c,45630,0,0,,0,Lending
Base,uniswap-v4,WETH-VVVKERNEL,1b9e9353-182f-46e4-b006-16234a5609b4,45615,0.01597,0.01597,,794.56063,Dexs
BSC,lista-cdp,ETH,e9166913-ea37-4b7b-b8a4-ad025e3650e3,45590,0,,,0,CDP
Base,uniswap-v4,WETH-BASTR,d9371dc2-0cd1-4217-b437-5778976d6135,45365,0,0,,0.26365,Dexs
Ethereum,uniswap-v4,ETH-RISK,7ded0a93-3b23-5db8-ac63-e5aafb327f51,45322,0,0,,0,Dexs
Base,uniswap-v4,WETH-CLAWBERRY,e8e7640d-e3f6-4575-b157-6bd42f09d4e1,45299,0,0,,0.02041,Dexs
Arbitrum,camelot-v2,WETH-BRUH,8500b411-f07d-4222-a8e0-f2e7ef6c3bcb,45297,0.00185,0.00185,,0.00921,Dexs
Base,uniswap-v4,WETH-CHIP,8dac5cf7-92af-54ea-8889-b85a91ec092c,45280,2841.29063,2841.29063,,2841.29063,Dexs
Base,uniswap-v3,I-WETH,3bcf486a-79cc-4248-8d12-1af65b677d8a,45271,5.52291,5.52291,,0.90245,Dexs
Ethereum,sushiswap,WETH-DAOX,9dd2f014-8568-4bb6-8680-8ffa25e5473c,45175,0.46913,0.46913,0,0.83428,Dexs
Base,beefy,NPC-WETH,9241965f-c64c-4b4e-af70-819b5137afb7,45159,31.94412,,,42.84715,Yield Aggregator
Arbitrum,dolomite,RETH,b49d2247-044a-47c1-87c5-89e41ac51ea8,45124,0.12292,0.12292,,0.1462,Lending
Base,uniswap-v3,WETH-BIRD,52cf6a6b-f0ea-4c23-a41d-6813d1556686,45118,0,0,,0,Dexs
Base,uniswap-v4,WETH-JPEG,717fa106-074f-41b0-ae83-7edcc1b9c918,45085,1.6694,1.6694,,1243.31813,Dexs
Base,uniswap-v2,CCG-WETH,cc06b604-e12e-483a-8fbe-83e2a6ba5376,45083,0,0,,0,Dexs
Base,uniswap-v4,BMIND-WETH,14902f54-ae8c-488e-956c-d4cf46f06eda,45037,0,0,,3.16898,Dexs
Base,uniswap-v4,WETH-GOLD,f685a9c1-7d44-414d-b7ba-e86f65b444f2,44948,0,0,,0.02752,Dexs
Base,uniswap-v4,SYNTH-WETH,ccb63235-3876-4d4f-890b-a3aa23c4d674,44945,0,0,,0.32122,Dexs
Base,uniswap-v2,WETH-LORENZ,36b61aea-1ccc-4b35-8624-b7dce55d7707,44931,0,0,,0,Dexs
Ethereum,uniswap-v4,ETH-ADO,b499f199-ea24-477d-92b3-faeda733d14f,44920,0,0,,0,Dexs
Ethereum,compound-v3,EZETH,3ebae7dd-d7b6-4406-a6a8-032aa23502ad,44919,0,,,0,Lending
Ethereum,uniswap-v3,WETH-AXGT,99b364e7-1be2-44cb-8505-47a61206a70d,44767,0,0,,0,Dexs
Base,uniswap-v2,REAPER-WETH,729c493b-d376-4b38-9d83-820cf4c4609a,44753,2e-05,2e-05,,0.00343,Dexs
Ethereum,folks-finance-xchain,ETH,29d6e588-190b-4daf-b840-9e5eaa62cc43,44637,0.517,0.517,0,0.85916,Lending
Ethereum,uniswap-v3,LCX-WETH,0876b461-288b-4fd6-adea-ae09bc295951,44483,56.92505,56.92505,,68.56013,Dexs
Linea,etherex-cl,WBTC-WETH,c92ebd2a-cab5-46b7-8497-a817963d5000,44381,0,0,0,0,Dexs
Ethereum,ammalgam-dlex,USDC-WETH,a4c22322-53df-5dfb-b5f3-440a98a18e34,44375,0.94605,0.94605,,1.90887,Lending
OP Mainnet,velodrome-v2,WETH-USDC,b20115b4-1f3b-47d7-a395-e17db00e4a60,44361,10.71884,,10.71884,9.47789,Dexs
Ethereum,pancakeswap-amm,WETH-CHAIN,aa5eea3d-6048-5379-a908-5763d976af44,44341,18.44173,18.44173,,73.2179,Dexs
Ethereum,sushiswap,KP3R-WETH,28a8c087-f5c4-461e-85fb-e858678e5ea0,44318,0.49324,0.49324,0,0.50539,Dexs
Ethereum,uniswap-v4,ETH-STREET,16f56a17-e1d2-5678-8248-d67a1ea98b0f,44286,0,0,,0,Dexs
Base,uniswap-v4,ALFRED-WETH,7cdaf29d-0f78-4ff3-9989-482e08eb6fb1,44261,0,0,,0.0305,Dexs
Ethereum,uniswap-v3,FET-WETH,3fe0a0d6-da5b-4764-99e7-29e30785ce02,44248,36.05588,36.05588,,32.90443,Dexs
Arbitrum,camelot-v2,WETH-ARB,a383d2c4-d1cb-4706-8da1-54d48bd37417,44241,6.22152,6.22152,0,19.53313,Dexs
Ethereum,uniswap-v3,HOT-WETH,cfbec451-0525-4cef-b567-8c251f2e8b1c,44202,108.49176,108.49176,,59.27633,Dexs
Ethereum,curve-dex,ETH-XYO,c49dcf2f-982a-404e-a219-5f8414b1e6cc,44090,0.98,0.98,0,1.44904,Dexs
Base,aerodrome-slipstream,BITCOIN-WETH,d2ca6fd3-1610-445f-bf53-1e7155e25c96,44074,366.89323,12.76818,354.12505,435.1537,Dexs
Base,uniswap-v2,WETH-AYB,b0973ac3-b964-424c-a47d-72149172ae1d,44050,2.79962,2.79962,,3.94759,Dexs
Ethereum,curve-llamalend,WETH,846d6185-1234-462e-a0bc-3092107dbf18,44040,0,,,0,Lending
Arbitrum,uniswap-v3,PRIME-WETH,be749f32-93e1-4d6a-8dcf-fca85438cb16,43983,0.00014,0.00014,,0.00131,Dexs
Ethereum,uniswap-v3,ARB-WETH,6981f09a-1941-44b7-a1fc-4b9f916cee8d,43830,22.75483,22.75483,,81.17324,Dexs
Ethereum,pancakeswap-amm-v3,FUN-WETH,cd6a2a36-c81e-4a9d-8a11-9a1375dbb460,43807,4.56243,4.56243,,10.51841,Dexs
Ethereum,uniswap-v4,ETH-MILADYSTR,0cfb43fd-f3dd-53fa-9b33-c397c44a8457,43750,0,0,,0,Dexs
Base,uniswap-v4,WETH-OMNIBOT,75c880a1-2b1d-47fa-8816-3a6f7da17e55,43736,0,0,,17.8628,Dexs
Ethereum,pancakeswap-amm-v3,CANTO-WETH,779a73ec-f5e7-42c4-9149-2d460770253b,43643,0.09547,0.09547,,0.27756,Dexs
Base,uniswap-v4,WETH-CRUST,0cd0f508-fbf4-401e-a134-206db9e186fb,43633,0,0,,3162.73335,Dexs
Base,beefy,VIRTUAL-WETH,d06c372b-cf84-4573-bd45-4bb8b9fdf58c,43599,92.9044,,,67.57395,Yield Aggregator
Base,alien-base-v3,WETH-EURC,44cc99c1-ff0c-43a5-b63c-73699f6edba4,43592,14.07892,0,14.07892,20.23423,Dexs
Base,uniswap-v4,WETH-BUGZ,d5ac0c27-1be7-49ea-9ed4-efc8474818f8,43562,0,0,,1653.60285,Dexs
OP Mainnet,uniswap-v3,WETH-ZINU,cb0c5d0e-69ff-4b89-b996-f99ee19eb86e,43493,0,0,,0.00072,Dexs
Fraxtal,curve-dex,FRXETH-SQUID,9e186fd4-c482-4122-a2b3-637788aa9d1b,43463,0.48734,0.13,0.35734,1.34653,Dexs
Base,uniswap-v3,WETH-TOSHI,4efba25a-e9e0-494c-bbb7-c48411434496,43417,25.59291,25.59291,,78.61108,Dexs
Ethereum,curve-dex,WETH-OPEN,132f7ea8-5cfc-4105-bbbc-743007a3687f,43382,0.08,0.08,0,0.3136,Dexs
Base,uniswap-v3,WETH-FUNGI,c3c07bd9-ba94-48dc-bc50-05396be33749,43302,8.09939,8.09939,,2.32909,Dexs
Ethereum,sushiswap,GOG-WETH,7ef5815c-1ad9-4f0e-9ef0-979ebe7e15f2,43235,0.50659,0.50659,0,1.4658,Dexs
Ethereum,uniswap-v3,SOCKS-WETH,ecb8cd86-f8b0-40cb-beb4-2bee6fd53e3d,43222,0.10689,0.10689,,0.98361,Dexs
Mantle,woofi-earn,METH,d9164dee-c3af-4051-a50b-014f5f03f352,43173,0,0,0,0,Yield
Ethereum,uniswap-v4,ZKAPI-WETH,9d0fa3ed-0490-56b0-bf30-8c8b6eed1bf8,43139,23.84674,23.84674,,17.53969,Dexs
Base,balancer-v3,AUTORANGE-WETH-USDC,cfa33c20-3fcc-5c0e-a65f-58eac9221c76,43128,27.30049,8.54395,18.75654,27.78782,Dexs
Ethereum,uniswap-v3,DINO-WETH,6ebc6950-e188-44eb-9b1e-8cc6075a084b,43091,4.53816,4.53816,,40.01874,Dexs
Ethereum,uniswap-v3,ASH-WETH,4b395c18-921c-42d2-8f4f-45711b7b95fd,43021,1.99436,1.99436,,5.11589,Dexs
Base,uniswap-v3,WETH-TERMINAL,d2aec012-8410-4b44-99c3-7f9d6b491c11,42998,0,0,,0.20204,Dexs
Ethereum,balancer-v3,AUTORANGE-WETH-USDC-C,3c837b91-96e6-5435-b8ad-c9f84171ff01,42963,47.53659,14.79726,32.73933,267.76271,Dexs
Base,uniswap-v3,CBETH-WETH,27c8ddfd-7aa6-43e2-b06a-907d4f3ac103,42940,0.87863,0.87863,,1.6777,Dexs
Base,sushiswap,TZNK-WETH,1ee8118b-f53f-4bbc-84a2-354b0c40cf7b,42913,0,0,,0.04635,Dexs
Base,uniswap-v4,WINTERMOLT-WETH,f432ad68-2003-4d2b-a46c-fa4009be4216,42901,0,0,,0.0039,Dexs
Arbitrum,uniswap-v3,KROM-WETH,41c1b8d8-4f12-48b6-9bca-d9cb2c1dec73,42900,0.02139,0.02139,,0.37184,Dexs
Ethereum,balancer-v3,AUTORANGE-WETH-USDC,797edea3-7d89-5bdd-b469-1391527b638e,42898,49.18625,16.43427,32.75198,266.0693,Dexs
Base,sushiswap-v3,YOU-WETH,691bc0eb-9c8c-4946-86c4-89c401be1722,42895,0,0,,0.0016,Dexs
Ethereum,concentrator,USDT-WBTC-ETH,4dc0dff1-3f24-46fc-98cc-a20fa678158b,42849,0.64,,,0.77524,Yield
Base,sushiswap,WETH-TOSHI,25b78c16-4028-4dc5-a7a2-a8e8ff156fa8,42669,0.04436,0.04436,,0.00051,Dexs
Ethereum,uniswap-v3,PIXL-WETH,8d6ec28c-202b-4d05-838f-d295b11f4d06,42635,22.23778,22.23778,,36.62442,Dexs
Base,uniswap-v3,WETH-USDT,7d329f0b-3138-4c2b-872c-168dfad2c84d,42594,0,0,,0,Dexs
Ethereum,sushiswap,NST-WETH,243d75ac-1a13-4974-b176-5097ed81efaa,42590,0.53478,0.53478,0,9.02409,Dexs
Base,uniswap-v3,WETH-$FROGGI,3acc1a75-e75f-4b39-8a32-306e8ec06993,42582,0.01128,0.01128,,2.40292,Dexs
Ethereum,uniswap-v3,UBT-WETH,c28aa127-2209-40b8-a7bc-4c91e124ed48,42581,16.56683,16.56683,,9.09262,Dexs
Ethereum,gamma,USDC-WETH,3d644eda-6d4e-46d6-b27e-dc7ec1fac896,42570,0,0,0,0,Liquidity Manager
Polygon,balancer-v2,WBTC-WETH,325f461d-e1ba-4369-a490-e57d1a48396e,42570,0.09305,0.09303,3e-05,0.2369,Dexs
Ethereum,sushiswap,GALA-WETH,31325813-4208-4f8c-b38d-18453f96259f,42476,0.04765,0.04765,0,0.1133,Dexs
Arbitrum,gmx-v2-perps,ETH-USDC,ceafa562-053c-4b49-9a31-1b7fa5d5e4df,42464,0.2331,0.2331,,2.45199,Derivatives
Ethereum,uniswap-v3,BDID-WETH,3fcdfc4a-76f2-426a-81d2-e634f62a2bd0,42320,0.00062,0.00062,,0.04677,Dexs
Base,uniswap-v4,SPIRIT-WETH,60f6b853-97c5-443b-bb11-9e136e8b0b1c,42312,0,0,,1918.53223,Dexs
Base,alien-base-v3,WETH-CBBTC,eed320ce-d37f-45f4-91d6-3a21f8e6ee8b,42281,5.97578,0.53239,5.44339,7.69095,Dexs
Ethereum,uniswap-v4,ETH-FET,5b7eb283-fa05-473f-ae10-4755264fb4fd,42258,0,0,,0,Dexs
Base,aerodrome-v1,WETH-WELS,b9970204-29e3-4ada-9404-4c6f8c31bb60,42240,0.98697,,0.98697,1.41171,Dexs
Base,uniswap-v4,WETH-ZBASE,fcaa9f7f-8537-4029-a31a-7725cf8531fd,42169,0,0,,1904.46993,Dexs
Base,aerodrome-slipstream,WETH-TOSHI,674284ff-72e3-4c27-9835-f5ec7833f899,42169,142.54332,108.05598,34.48734,90.77839,Dexs
Base,uniswap-v2,FAFNIR-WETH,933ee3a6-c746-5424-bc40-7cdff567cc62,42150,2.01994,2.01994,,1.87813,Dexs
Base,uniswap-v2,WETH-GME,698aa0d8-99d6-4584-b4ee-e612daa4101c,42134,0,0,,0.07344,Dexs
Ethereum,curve-dex,TETH-WSTETH,884d8539-ddca-418f-b5c8-8a46ecbc6ab3,42126,0.24,0.24,0,0.3209,Dexs
Base,uniswap-v4,WETH-BUTLER,4daa9f5c-dd7c-47ce-bfdc-595dca7f4402,42110,0,0,,687.72656,Dexs
Base,uniswap-v2,WETH-CHUCK,edea6a3b-e1e9-42e0-82f6-2bdbc912de64,42105,0.03094,0.03094,,1.65169,Dexs
Base,uniswap-v2,BOTTO-WETH,40b5d37d-bd25-41d9-a7ec-7bf353c6e99d,42009,0.00781,0.00781,,1.03463,Dexs
Base,beefy,CBLTC-WETH,3c61cc20-9508-47a5-9a7e-8bb77a3f613d,42007,100.14321,,,40.42819,Yield Aggregator
Ethereum,sushiswap,WETH-PUFA,e8903a25-7be3-4105-a5d7-4585fda0e73f,41894,0,0,0,0,Dexs
Ethereum,ekubo,ETH-USDC,783d7efc-654d-5a72-b10b-1bed0848b502,41832,11.13352,11.13352,0,80.32002,Dexs
Ethereum,sushiswap,MULTI-WETH,0f0a1580-3815-4532-9705-b3d18fda6944,41788,2.99603,2.99603,0,0.90633,Dexs
Ethereum,uniswap-v3,MAVIA-WETH,5231740c-66d1-4b95-97b7-e3ffa8db202f,41643,66.64522,66.64522,,13.84617,Dexs
Base,uniswap-v4,WETH-COBALT,4284c6ec-683c-4d74-b087-a28217afd2d7,41608,0.15483,0.15483,,1783.63379,Dexs
Base,uniswap-v2,$WEEDE-WETH,ed61b703-4ad2-4ee6-bdf0-12a58d76c165,41586,0,0,,0.08054,Dexs
Base,uniswap-v3,$ZBCN-WETH,7f3dea72-f13b-40c8-a221-3b28d521ba05,41557,0.05952,0.05952,,0.50186,Dexs
Base,uniswap-v2,WETH-LILPEPE,054ee054-c328-4a9b-b284-033e56599a0b,41537,0,0,,0,Dexs
OP Mainnet,velodrome-v2,RING-WETH,29a73c46-70cb-4c73-bc52-aa01ed3f5b1f,41503,33.27315,,33.27315,29.80847,Dexs
Ethereum,uniswap-v3,WETH-RSC,a474f932-b57a-4902-aeb4-af92d10db376,41471,3.34252,3.34252,,8.065,Dexs
Arbitrum,uniswap-v3,LILAI-WETH,134aa307-ed13-4ab8-8eff-c132b74af0a4,41446,0.8814,0.8814,,0.62963,Dexs
Linea,euler-v2,WEETH,0ae6a413-6ef1-4a1e-a385-494d6ba2ad05,41379,0.00193,0.00193,,0.00158,Lending
Base,aerodrome-slipstream,ZORA-WETH,da28f1cd-9a4c-45c6-85ae-34202e379591,41374,307.07026,187.46479,119.60548,256.38524,Dexs
Base,uniswap-v3,WETH-WAZ,48f7bf17-5d30-41d0-8b84-ab7bd8b5cc31,41300,0,0,,0.01854,Dexs
Ethereum,sushiswap,UNI-WETH,fd7f232c-7f0a-491e-b9a7-bb05af59f767,41258,5.03225,5.03225,0,8.89268,Dexs
Ethereum,sushiswap,STKXPRT-WETH,3379ccff-cb49-4218-8f93-264faefa6e6c,41243,0,0,0,0,Dexs
Linea,lynex-v2,LYNX-WETH,2defdebf-06c9-4fbb-ada1-a7a7f13dc803,41175,0.69395,0.69395,0,1.92427,Dexs
Base,uniswap-v3,CREATE-WETH,08a8c105-82f2-461e-9eaa-8ed19f2cb65b,41142,2e-05,2e-05,,0.19346,Dexs
Base,uniswap-v4,WETH-PIPAI,c9d4e0cd-6d97-4fa3-a050-a58df98dc424,41123,0,0,,2407.4985,Dexs
Ethereum,beefy,CLEV-WETH,56ce2603-6ff9-47aa-ada0-a9e6b5960b92,41039,9.6813,,,8.96678,Yield Aggregator
Base,uniswap-v4,FASTLANE-WETH,deea0b13-b23b-550f-8d2e-eb5eecd1f92c,41032,2281.30437,2281.30437,,2281.30437,Dexs
Base,uniswap-v3,WETH-MASQ,d42a8923-a58d-48d7-8e0c-3c488bbf02e7,41027,0,0,,0.65163,Dexs
Base,aerodrome-v1,CRYO-WETH,e077d194-4363-4cfc-9331-1678713454fc,40987,0.77358,,0.77358,0.65288,Dexs
Base,uniswap-v3,CLANKERMON-WETH,ffee1776-8a12-4964-ab08-2b731f5848d8,40960,0.08576,0.08576,,0.20771,Dexs
Base,uniswap-v2,WETH-TIMI,22f67060-bbb7-4d61-b7f0-9648e507a309,40948,2.28137,2.28137,,7.63613,Dexs
Base,uniswap-v4,AGI-WETH,52c390d8-a6fd-5ca3-8e08-735c49f4ebdb,40946,42.28989,42.28989,,41.77758,Dexs
Arbitrum,uniswap-v3,DHDX-WETH,156c6565-4d9e-4296-a844-e81ddbc1327c,40901,0.30191,0.30191,,0.49768,Dexs
Base,harvest-finance,GENOME-ETH,63ffb0a3-9dd2-49f3-95f5-ee0a009d0419,40852,4.59,4.59,,3.69684,Yield Aggregator
Ethereum,sushiswap,DOG-WETH,61f69d1f-2855-44d9-add9-6d4f10d385c2,40844,0.1849,0.1849,0,0.75989,Dexs
Base,uniswap-v3,WETH-COMP,c63024a7-b60b-43d3-a2e6-19220e3762aa,40844,47.59499,47.59499,,42.59048,Dexs
Ethereum,sushiswap,NFTX-WETH,6728db00-8f13-4cfa-a91b-e7814c68d252,40819,0,0,0,0.1617,Dexs
Base,uniswap-v4,0XDP-WETH,6aa3a5ef-4e8c-4e73-8c87-70b292b4d4b7,40800,0,0,,3446.07744,Dexs
Base,uniswap-v4,CLAWKA-WETH,2e64fda8-0b83-4307-9cff-5cc1ef65fea3,40786,0,0,,15108.05523,Dexs
Base,uniswap-v4,WETH-HD,76d88a40-ce63-489f-b471-eed754bc7103,40779,0,0,,20.71269,Dexs
Base,uniswap-v3,NET-WETH,05bce7bb-d0eb-4fbf-a515-cdd26985260d,40772,0.00928,0.00928,,0.39077,Dexs
Polygon,uniswap-v3,WSTETH-WETH,370888aa-304c-4bc7-9f79-12c553db8791,40748,0.22563,0.22563,,3.82822,Dexs
Base,sushiswap,WETH-OMNI,28d43674-7bd2-4a2e-8f9a-e551f3101d81,40738,0,0,,0.67072,Dexs
Ethereum,uniswap-v3,WETH-ULTI,a3f8c054-7da0-4efc-80ab-67e67406e898,40728,59.48893,59.48893,,65.3272,Dexs
Arbitrum,gmx-v2-perps,ETH-USDC,5f325e32-929c-46e2-a1b3-db23235c48e8,40688,11.28882,11.28882,,7.5646,Derivatives
Arbitrum,uniswap-v3,PEPE-WETH,48d109b7-eea1-4c7e-9620-a94775c5912e,40468,22.11631,22.11631,,44.78597,Dexs
OP Mainnet,uniswap-v3,WSTETH-EZETH,10ca12f8-95cc-4607-9376-b0ee4d160d6c,40396,0.00072,0.00072,,0.04774,Dexs
Arbitrum,dolomite,EZETH,224bb5da-e231-46cf-8b05-df0c9a57292d,40375,0,0,,0,Lending
Ethereum,euler-v2,WETH,b986405d-14a3-4648-bd9d-8a83af3af728,40364,1.08288,1.08288,,1.31209,Lending
ZKsync Era,symbiosis,WETH,6360b649-5821-4690-991c-f9ff3bd47b7b,40328,0.45314,0.45314,,0.26556,Cross Chain Bridge
Base,uniswap-v2,$PILL-WETH,a8aefee9-5f50-446d-a5ec-04c74fff380a,40289,0,0,,0.01212,Dexs
Base,gammaswap-open-interest,WEETH-USDC,8a903437-bcfe-491a-b283-b6177ba1cfa6,40280,1.2746,1.2746,,2.0838,Options
Base,aerodrome-v1,WETH-TKN,1b7e0ced-0ee4-4e87-b07c-05e2788a1275,40278,16.14551,,16.14551,16.18976,Dexs
Osmosis,osmosis-dex,WBTC-WETH,cc1e7a72-4de1-43f8-9590-e118e59f12df,40230,0.08359,0.08359,,0.0009,Dexs
Base,uniswap-v4,FRED-WETH,41075f1d-c82f-4334-bd49-eda8b05af142,40213,0,0,,1707.31534,Dexs
Polygon,uniswap-v3,USDC-WETH,21915427-4de3-41e2-bc95-60e492deb28e,40083,7.63051,7.63051,,8.79673,Dexs
Base,uniswap-v4,ANYONE-WETH,d3fb9c13-3acf-5b76-8d3c-66238e5d577d,40034,0,0,,0,Dexs
Base,uniswap-v2,DEEPR-WETH,3e8bae14-1b50-48fb-983f-6b34f2c8e3da,40014,0,0,,0.06292,Dexs
Base,aerodrome-slipstream,WETH-MAMO,b1b24298-d957-48cb-ae63-ae43d7b7ef86,40013,95.22556,20.25239,74.97317,242.46487,Dexs
Base,uniswap-v2,WETH-B,301498a9-312e-468b-a98b-0fa099f7748a,39994,0,0,,0.00192,Dexs
Ethereum,balancer-v2,HOOT-WETH,cf5ddb2e-0dd4-4780-ac77-31493b9d06ba,39992,0,0,,0,Dexs
Base,uniswap-v2,PACA-WETH,53a5173b-357c-4a29-91b4-1a8974f9e963,39856,0.00067,0.00067,,0.25295,Dexs
Ethereum,uniswap-v3,WETH-NO,c6faf3c2-ce0e-4f7e-857a-96d6ef056af7,39804,0,0,,0,Dexs
Base,aerodrome-slipstream,DRB-WETH,2030777e-132d-4651-856b-d7f511f905a7,39780,815.23065,349.58913,465.64152,1106.66334,Dexs
Arbitrum,gmx-v2-perps,ETH-USDC,02366593-5861-473f-9388-251aa858320e,39768,14.23887,14.23887,,18.45296,Derivatives
Base,aerodrome-slipstream,WETH-DOG,7bf45077-95d9-44f6-b051-bd455d8271d2,39693,97.92157,,97.92157,342.08914,Dexs
Base,uniswap-v4,SYLTH-WETH,4d286812-3d0a-456f-8b3d-8777a77a8221,39686,0,0,,15363.69419,Dexs
Arbitrum,uniswap-v3,GNS-WETH,1b52e1f6-9bb2-4e19-9b6b-3a27da560aca,39685,19.07563,19.07563,,13.9253,Dexs
Base,uniswap-v4,WETH-SOVRA,3700c66a-eff7-4422-8313-a3e816f7d5a4,39663,0,0,,4727.54923,Dexs
Ethereum,uniswap-v4,ETH-AP,bddd9871-b999-5faa-99fe-11f137171424,39359,29937.76584,29937.76584,,18664.44326,Dexs
Base,uniswap-v4,WETH-VINI,0b26e8d0-5a22-4fe3-b941-db6a13c7d1af,39344,0,0,,0.04499,Dexs
Ethereum,uniswap-v3,TRX-WETH,2205346b-b229-494f-b03d-7dabfdd01586,39310,0.04884,0.04884,,0.29415,Dexs
Ethereum,compound-v3,RSETH,fa7b11ef-ea74-4f2a-89bf-65c8b8731355,39254,0,,,0,Lending
Base,uniswap-v4,WETH-BIO,4f53cc01-c0ab-484c-9b47-1b728ad1ffbe,39224,24084.12019,24084.12019,,3790.08979,Dexs
Base,uniswap-v2,WETH-LOCKIN,3526357f-8b03-4bb5-9d8d-65ce41435a5d,39122,0,0,,0.00069,Dexs
Base,uniswap-v4,WETH-BASEHELPER,bbd7d2a8-a900-400f-8576-c61792c34381,39120,0,0,,8596.07416,Dexs
Arbitrum,balancer-v2,WSTETH-TANGO,8d8a97f6-7b0e-494a-b842-9c83a0f1600d,39096,0.00035,0.00035,,1.07093,Dexs
Ethereum,uniswap-v3,SAND-WETH,442bfa49-96f7-44ad-abe8-51ff30712799,39042,74.83693,74.83693,,7.58234,Dexs
Arbitrum,uniswap-v3,WETH-HOLD,2a8bd60f-29cc-4e03-a306-294c3f7e0dc7,39040,0.00017,0.00017,,0.00276,Dexs
Polygon,symbiosis,WETH,406783d2-85bc-4d9e-b6e6-0765dd395f6c,38965,0.63563,0.63563,,0.58012,Cross Chain Bridge
Base,uniswap-v4,WETH-ETN,d0cca0c0-a212-51f1-9623-81b9bec923bd,38935,110.69712,110.69712,,93.31864,Dexs
Base,uniswap-v3,WETH-XPRNETWORK,fe99e52f-2e8c-5c08-be89-4fc73a62a7a4,38884,4.62032,4.62032,,6.21895,Dexs
Base,uniswap-v3,WETH-MORPHO,95fc6ba1-7496-4bfe-a8c3-ad25836e6bf5,38841,25.34982,25.34982,,62.03363,Dexs
Base,uniswap-v2,WETH-DILIGENT,00feac84-810e-4a0d-88db-9adc153af984,38829,0,0,,0.02167,Dexs
OP Mainnet,velodrome-v3,WETH-TBTC,8bd572e2-dee9-46c6-b9e2-1dfd033db835,38765,16.39865,,16.39865,26.46338,Dexs
Base,uniswap-v3,HIGHER-WETH,685b3433-4a63-4d28-b5a2-85df4f544a3e,38754,0.09557,0.09557,,3.62048,Dexs
Base,uniswap-v3,WETH-JPMD,6aec6b51-de61-4006-a737-5671a9930162,38734,0.90495,0.90495,,3.00047,Dexs
Arbitrum,gammaswap-open-interest,WEETH-USDC,57320e59-a48c-4b7a-b022-5ebcf70d3822,38682,1.0402,1.0402,,1.60721,Options
Ethereum,uniswap-v3,JASMY-WETH,7320dc3d-f9f4-4717-a42c-0d61fa36e1e1,38672,153.00068,153.00068,,253.20896,Dexs
Base,uniswap-v3,MTAUR-WETH,26dc1d50-bdcf-5b7a-beef-1fad147a57b4,38672,0.00935,0.00935,,0.81105,Dexs
Base,uniswap-v4,WETH-HOWDY,1b4a6d54-ae54-4a18-8019-c54783c504ad,38612,0,0,,0.11661,Dexs
Base,uniswap-v3,FWOG-WETH,157f912c-9312-48f6-8c88-42a642d369c2,38586,0.00017,0.00017,,0.34137,Dexs
Base,uniswap-v2,WETH-LAZY,c04f9d0f-1dc2-4a5c-97fa-bc8287114757,38556,0.09075,0.09075,,1.28988,Dexs
Base,uniswap-v3,WETH-DRV,5c3051fe-16ca-57ff-ab0f-06aca2acbeba,38451,473.70074,473.70074,,525.69078,Dexs
Ethereum,uniswap-v4,ETH-WOWSTR,48ba9346-fff4-490f-92e7-ba8a89be038e,38420,0,0,,0,Dexs
Polygon,beefy,WPOL-ETH,d6c3ef65-26c0-4db3-a6f6-6dd2747dc295,38419,42.88143,,,55.99301,Yield Aggregator
Base,uniswap-v2,TRUMP-WETH,30534554-4847-4644-856c-18c5de3c8fd9,38361,0.45376,0.45376,,0.60642,Dexs
Base,uniswap-v2,5SCAPE-WETH,be11b37d-51eb-4315-8e26-6b0b3fd58b6e,38347,0,0,,0,Dexs
Base,uniswap-v3,WETH-SCOIN,4cb5a49a-ea7b-4c29-8e33-cb5d9b3c7c97,38316,0,0,,0.26796,Dexs
Ethereum,sushiswap,WETH-WTON,fdac010f-2682-4fca-aa92-1abf56a71481,38311,2.30787,2.30787,0,12.50711,Dexs
Base,uniswap-v2,WETH-PLATZY,27d52281-f1bb-490b-a9d6-4a8d571fcbbe,38296,0,0,,0,Dexs
OP Mainnet,uniswap-v3,WETH-ZRO,dcd0f6fc-f97b-4a70-af42-cd75362d857b,38204,0,0,,122.63884,Dexs
Base,aerodrome-v1,WBTC-WETH,6e8a2349-7dfc-45d1-b8fc-3ea0728773e6,38195,0,,0,0,Dexs
Base,uniswap-v2,WETH-KNINE,7fc97a60-4603-5f9a-bf5e-872a70f9cd26,38129,0,0,,0.36064,Dexs
Ethereum,curve-dex,ETH-SDT,b11318be-a35e-4f30-b44e-75df18eabff2,38117,0,0,0,0.11554,Dexs
Base,uniswap-v4,WETH-MOLTOCRACY,9c2f8f54-7132-436b-94ca-a7ae42c8a0c3,38115,26497.87201,26497.87201,,23526.82587,Dexs
Base,uniswap-v3,WETH-ZRO,bc4c3a73-b9ce-439c-90d9-105f4c66eb26,38074,119.85337,119.85337,,61.18986,Dexs
Base,uniswap-v4,PINTO-WETH,2aac303a-45d5-4172-9bd8-5fd7c0afb36e,38035,0,0,,770.68277,Dexs
Linea,symbiosis,WETH,fcbe4f58-10b3-46a4-ab4f-07697cfe7472,37910,0.00599,0.00599,,0.13358,Cross Chain Bridge
Ethereum,curve-dex,WEETH-RSWETH,723ea0df-c394-4a4c-b517-d761673b47b0,37906,4.62315,4.48,0.14315,11.59194,Dexs
Base,uniswap-v4,WETH-SNR,73431534-04c9-41dc-a6ca-c6092e374ca8,37878,0,0,,2080.93664,Dexs
Ethereum,uniswap-v3,GMT-WETH,cce131e3-ff50-4df1-b779-9020e31e12ef,37813,69.22475,69.22475,,275.21536,Dexs
Base,uniswap-v3,WETH-BRIUN,bdfcff02-b826-4ab1-8c03-be637cc4f937,37801,0.78858,0.78858,,3.24935,Dexs
Base,uniswap-v4,WETH-BASIR,5bbebdb1-91b1-48dd-b97a-5e1f8c7b8303,37783,0,0,,0.01518,Dexs
Base,uniswap-v4,WETH-NURTBAGLARD,af153333-a6d5-473f-bbbc-28461a90f6ef,37772,0,0,,0.12614,Dexs
Arbitrum,uniswap-v3,KABOSU-WETH,2054642d-35a3-4cc9-b94d-157bf374bd83,37726,0.0461,0.0461,,0.07149,Dexs
Base,uniswap-v2,WETH-TURBO,5a99e574-d1e4-4c17-a143-8600fa6d0358,37714,0.45002,0.45002,,0.40903,Dexs
Ethereum,sushiswap,SNX-WETH,6a718104-865f-4974-8227-a53acefb698a,37711,15.92254,15.92254,0,7.71289,Dexs
Monad,morpho-blue,WETH,35b7a39f-6921-48b3-b740-ee040b0b8daa,37505,0,0,,0,Lending
Base,uniswap-v3,WETH-CHOMP,096ab4bc-af7f-4dce-b2c1-3426423a258c,37498,0.12608,0.12608,,5.35335,Dexs
OP Mainnet,yearn-finance,SAMMV2-ALETH-FRXETH,b5aff58a-b9af-47a5-a805-9be93b274a31,37479,0.50128,0.50128,0,0.3317,Yield Aggregator
Berachain,symbiosis,WETH,3ff413eb-2182-44ae-8247-84b72579ce55,37332,0.00508,0.00508,,0.33443,Cross Chain Bridge
Base,uniswap-v4,WETH-DEFI-NATIVE,504c07f5-2caf-58f8-a9f8-be8ca9d0cbf9,37318,0,0,,582.27962,Dexs
Ethereum,uniswap-v3,SWISE-WETH,d62e2be0-58b5-4b56-b0fb-388588b5f46c,37301,0,0,,0,Dexs
Base,uniswap-v2,WETH-$BAGEL,8fcd4724-5562-4cc1-a72b-c3d14f1305ac,37247,0,0,,3e-05,Dexs
Base,uniswap-v3,BONKER-WETH,ae15a8e6-1729-4c08-af29-ce70af7b4eae,37232,0.47838,0.47838,,0.21682,Dexs
Base,uniswap-v2,WETH-ZAMA,cbc6e20c-ff6c-5afb-a3cd-fdb985abee5d,37213,10.02995,10.02995,,12.66141,Dexs
Ethereum,uniswap-v4,ETH-CONDO,67b59def-dcd8-5099-a70c-19aea90ffd6c,37206,1473.82796,1473.82796,,767.81805,Dexs
Ethereum,uniswap-v4,ETH-FWOGSTR,5974c329-81d7-4244-8142-e8806c71ae91,37185,0,0,,0,Dexs
Base,uniswap-v3,WETH-USDBC,5b6c01f5-c41f-42ae-aa85-baa339628c3a,37136,7.77677,7.77677,,17.0196,Dexs
Base,aerodrome-slipstream,WETH-SERV,b12d4220-912d-4e21-9c44-37226a77cf90,37127,0.00394,0.00394,0,0.00949,Dexs
Ethereum,uniswap-v3,XYO-WETH,1570c8ca-9fff-4430-9a67-9941095a967e,37126,2.29713,2.29713,,9.93086,Dexs
Starknet,ekubo,ETH-EKUBO,d0e35b77-b772-49a7-b7ec-ee236300bccc,37074,0,0,0,0,Dexs
Ethereum,pancakeswap-amm,MOON-WETH,67144c2c-be82-57fe-9cec-70fe51d0b47a,36980,14.07378,14.07378,,8.26313,Dexs
Base,uniswap-v2,WETH-CAW,b7a7a0d0-3b18-4363-b4d7-781fafcb7cb1,36952,25.39179,25.39179,,8.04943,Dexs
Ethereum,balancer-v2,WETH-PSP,0954f5f3-5534-4194-8ca9-d631c1673c07,36933,0.01025,0.01025,,0.02879,Dexs
Base,aerodrome-slipstream,WETH-POKT,976e3f61-5d18-450f-908d-3ff4c0921760,36911,82.33139,4.05734,78.27405,170.01898,Dexs
Base,uniswap-v3,BARKBARK-WETH,4aa512a6-4fe5-477e-a599-b9a5053bb1b0,36843,0.03902,0.03902,,0.76419,Dexs
Base,uniswap-v4,ETH-MITHRA,95b441b9-4584-48e1-a83d-adc890cfb8fd,36806,0,0,,0.07626,Dexs
Avalanche,blackhole-amm,WETH.E-WAVAX,9e3d6f4c-e7b3-4ed4-b55c-3bc3837e92db,36803,6.28617,1.54697,4.73921,3.70163,Dexs
Ethereum,curve-dex,WETH-UWU,e117afc1-2458-44f4-9270-b6d723d9c335,36781,0,0,0,0.02079,Dexs
Starknet,ekubo,WBTC-ETH,d7fd5fb4-df43-4070-9936-0fd6f4ef838c,36708,20.66461,20.66461,0,48.39969,Dexs
Base,uniswap-v4,WETH-PROXI,076dcaef-3d04-4f03-8612-cf921cff22e6,36691,0.00106,0.00106,,0.00851,Dexs
Base,sushiswap-v3,WETH-BROGE,0c8f5091-83bf-4c6f-91ee-905743dc3493,36625,0,0,,0.75119,Dexs
Base,uniswap-v3,CIGS-WETH,447d89a8-5a04-4aa5-b5c8-8a8188e1f33f,36617,0.11773,0.11773,,3.18449,Dexs
Base,uniswap-v3,XRP-WETH,e4a19ae8-d257-56ce-8a68-56d26e39bfce,36606,0.00026,0.00026,,0.68406,Dexs
Ethereum,curve-dex,STETH-ETH0,47df39c6-9d00-4f3e-ac1a-7eedf58efff0,36601,0.93,0.93,0,0.93564,Dexs
OP Mainnet,beefy,ALETH-FRXETH,bc71c59e-1cad-4352-9290-e42001e8da8d,36478,0.49559,,,0.32603,Yield Aggregator
Thorchain,rujira-money-market,ETH,d2c80402-7c8d-528d-ac41-6d34cacc5acb,36391,0.25203,0.25203,,0.24867,Lending
Ethereum,sushiswap,OAK-WETH,d4630323-a42d-4e9c-b288-545ed33b3928,36389,0,0,0,0,Dexs
Arbitrum,morpho-blue,WEETH,f98849af-1166-420a-9aba-4e952269fb7d,36369,0,0,,0,Lending
Base,alien-base-v3,ALB-WETH,ed7e09ed-627a-4da7-a3e7-47e5070b50f6,36309,42.25793,0,42.25793,43.99815,Dexs
Base,uniswap-v2,WETH-WTAO,f1b27f3e-df65-5514-8c05-ad0a51ba5126,36304,5.79384,5.79384,,15.52163,Dexs
Ethereum,beefy,WETH-USDT,531d5f57-bfa4-5058-ba10-75eb0fed7874,36290,17.1907,,,23.07132,Yield Aggregator
Base,uniswap-v2,WETH-STRUMP,2e2d239a-7d51-42b3-b044-6098cff6057d,36285,0,0,,0,Dexs
Base,uniswap-v3,MUST-WETH,7b624f4b-1a87-4b1e-8a16-369f392905df,36240,0.03498,0.03498,,0.07372,Dexs
Ethereum,supernova-amm,NOVA-WETH,baf89383-c7ad-4cd1-ad35-8605084dda46,36217,40.16995,12.18958,27.98037,25.15042,Dexs
Base,aerodrome-v1,WETH-SAM,69076e95-b767-4b50-b9a0-ddc1880a3ebe,36190,9.50233,,9.50233,163.47178,Dexs
Ethereum,uniswap-v3,MANA-WETH,0adc5d8c-2d13-4398-9012-62e1746ed8a7,36181,54.88023,54.88023,,5.88593,Dexs
Ethereum,yearn-finance,STETH-NG-F,a2225954-96ac-4905-be19-4d47ebeeb878,36172,1.85577,1.85577,0,1.73415,Yield Aggregator
Base,uniswap-v4,WETH-MONEYFORROBOTS,3bb5f4cf-36a7-4044-91bb-e25c1f140af9,36130,0,0,,3061.72641,Dexs
Ethereum,uniswap-v3,AGLD-WETH,5ee0f761-64e7-497f-b5ab-9a81f7ba0279,36129,0,0,,0,Dexs
Base,beefy,VIRTUAL-WETH,704365d2-19fa-47dd-bda4-42edc1eda98c,36127,12.28806,,,17.24567,Yield Aggregator
Ethereum,uniswap-v3,WETH-FOOM,d2f08bcf-4279-4c49-b39c-c0e819a6eb8f,36062,0,0,,0,Dexs
Ethereum,uniswap-v4,ETH-LFWA,d9134bdc-56ec-540f-bf97-946393c869be,35943,0,0,,0,Dexs
Ethereum,curve-dex,WETH-PUFETH,cb2a0cd1-ce5e-4a37-b7c7-4ec4b488d305,35843,0.03,0.03,0,4.59111,Dexs
Ethereum,sushiswap,WETH-BICO,48bae776-6ebd-4483-8f42-8cf9cfa3ab00,35832,3.68612,3.68612,0,7.59389,Dexs
Ethereum,uniswap-v4,ETH-ELA,feb8921b-68d6-5dea-b031-db4d54110dfe,35819,30.44156,30.44156,,6554.31982,Dexs
Base,morpho-blue,WEETH,b95d592b-c94e-4d6d-8560-50a53551446f,35770,0,0,,0,Lending
Base,uniswap-v2,WETH-INVADERS,3e595fb7-bc20-4724-a392-bc7fa5d2eb8a,35740,0,0,,0.0741,Dexs
Base,euler-v2,WSTETH,a9d1e031-6b3e-4a3d-a1db-85238605e2b5,35737,0.01616,0.01616,,0.011,Lending
Base,uniswap-v4,WETH-GAMAL,e92ce805-c151-41ce-ac0f-f1e7afa998f6,35715,0.05273,0.05273,,1118.32345,Dexs
Base,uniswap-v4,WETH-DRAGON,172fe81d-8acb-4a05-90c1-da8de91c6569,35703,0,0,,2200.39291,Dexs
Ethereum,uniswap-v4,ETH-PEPEP,c5251128-bbac-4663-ac79-49fbd5f7e3d5,35677,0,0,,0,Dexs
Base,uniswap-v2,WETH-BWORM,7c7d2686-61e1-4c62-a0e5-d13903d1e788,35627,0.0335,0.0335,,0.32417,Dexs
Base,uniswap-v2,WETH-BIRDTREMP,675976d8-2037-469a-bf8c-76732c29091a,35611,0,0,,0,Dexs
Base,uniswap-v2,WETH-BACHI,36f5e6db-b936-4ae3-9e60-a5253a43bfa5,35591,1e-05,1e-05,,1.74856,Dexs
Base,uniswap-v2,WETH-LUV,189d12ae-207d-4362-8a8e-451f35b1bda4,35577,0,0,,0,Dexs
Base,uniswap-v2,WETH-OPTAGLOBAL,5dcf91c9-0303-47ff-9f8c-73324e76fd84,35563,0,0,,0.2734,Dexs
Arbitrum,camelot-v3,APE-WETH,ff0c55ba-9e2d-4ea6-bc74-ce78b35c37f0,35548,128.06508,128.06508,,42.93579,Dexs
Ethereum,pancakeswap-amm,INK-WETH,c4bc7bd2-9af5-56e1-b9ba-ed110df295e4,35500,0,0,,0.24079,Dexs
Ethereum,uniswap-v4,ETH-BTCSTR,3131c218-04c2-4d78-9841-03f550bfd6f4,35461,0,0,,0,Dexs
Base,uniswap-v3,EPIC-WETH,a5d73da2-8760-5dd1-acf5-689e2cdf68fe,35423,0.50284,0.50284,,2.26394,Dexs
Base,uniswap-v3,OIL-WETH,5ef9ada9-8d99-4696-a9df-c24fb4c62012,35419,0.0228,0.0228,,0.39097,Dexs
Ethereum,maverick-v2,WSTETH-WETH,cc1aa247-2382-4b37-8d6a-7a54a53c594a,35380,0,0,,0,Dexs
Base,fluid-lending,CBETH,3704cbda-df1d-4b13-902a-86ace75829b4,35371,0,0,,0,Lending
Ethereum,balancer-v2,LINK-WETH,d0e55085-1a72-4b4d-890f-ebe724d3b791,35333,2.29903,2.29903,0,0.88994,Dexs
Base,uniswap-v4,WETH-SHELLDON,700bdc33-c234-474c-b643-a86a123c9bd8,35330,0,0,,1927.85222,Dexs
Base,uniswap-v4,WETH-ZEROCLAW,2f00a47f-69d0-41f9-9cda-4f23d5bc4d98,35325,0,0,,4970.25547,Dexs
Ethereum,uniswap-v4,ETH-UAUD,fa5329ed-1bcc-4e9f-b048-dd90867823ad,35301,0,0,,0.55392,Dexs
Ethereum,sushiswap,KENKA-WETH,fe0d4250-d327-472b-aed8-934d21f2c43e,35211,0,0,0,0,Dexs
Ethereum,uniswap-v3,BYTES-WETH,0debb1f1-91ab-44ee-ae09-f9b5b84060f5,35155,26.81961,26.81961,,20.7943,Dexs
Arbitrum,balancer-v2,WETH-RATS,908a9313-8d18-422f-b422-142239b84acc,35150,0,0,,0,Dexs
Base,uniswap-v3,ANON-WETH,64cb9198-7a7e-4996-bd14-901f5e6bbadf,35132,2.18939,2.18939,,14.01034,Dexs
Avalanche,uniswap-v3,WETH.E-USDC,8eee4fd4-2e84-4668-bb6a-57cfb504a61c,35129,0.00462,0.00462,,1.31675,Dexs
Ethereum,sushiswap,MOONCAT-WETH,2b33e995-9736-4c80-9cad-28c70ae946d6,35122,0,0,0,0.12073,Dexs
Ethereum,pancakeswap-amm,INK-WETH,7b2febd1-d04a-5c8c-be60-b3af185a6903,35113,0,0,,32.58455,Dexs
Base,uniswap-v3,XRPRLUSD-WETH,618f6546-fdd8-4b2f-a174-354c88349045,35110,0.00998,0.00998,,1.43287,Dexs
OP Mainnet,velodrome-v2,SFRXETH-FRXETH,68a25e37-1907-4113-8666-830efb9afc12,35003,1.04029,,1.04029,0.87706,Dexs
Base,uniswap-v4,ETH-NANITE,15aacdcd-59b5-4c61-8ff2-0cdff6ac69b5,35002,0,0,,0,Dexs
Ethereum,uniswap-v3,PRIME-WETH,cf15f354-247f-40a0-a0d8-961f14b75505,34919,123.01349,123.01349,,46.98791,Dexs
Base,uniswap-v4,WETH-CHIP,91788bbf-ef5f-531b-be4f-a62a8fdacf58,34843,0,0,,0,Dexs
Arbitrum,gmx-v2-perps,ETH-USDC,4d804ead-5785-5e8d-af00-0f8a516e951d,34832,4.66611,4.66611,,4.34393,Derivatives
Arbitrum,folks-finance-xchain,WSTETH,6a34f598-6448-4613-9dc2-ec13608c939f,34818,0,0,0,0,Lending
Base,aerodrome-v1,WETH-DEGEN,7e15dae2-ba5c-4658-b1a2-efb908a15200,34806,31.32642,,31.32642,26.89045,Dexs
Base,uniswap-v2,WETH-NILEX,b20ba1ea-bfed-4725-8073-a970490e36e5,34795,0,0,,0.00498,Dexs
Arbitrum,uniswap-v3,WBTC-WETH,2f9ddcb6-1d5c-42f1-afb1-5df054c419f3,34792,0.11905,0.11905,,0.27578,Dexs
Ethereum,midas-rwa,ETH,df1eba23-788b-54b2-8522-f78bed9af239,34761,0.85,0.85,,0.85,RWA
Ethereum,gamma,RETH-WETH,6a1939e3-dbe7-4ae6-9666-6dff90837b76,34728,1.43996,1.43996,0,1.35041,Liquidity Manager
Ethereum,sushiswap,LDO-WETH,ba3f2b5f-6fcb-4bbc-a38d-f9b522bccfce,34715,5.37076,5.37076,0,4.93381,Dexs
Arbitrum,camelot-v2,HOOT-WETH,1866b2bd-0c29-4bf8-93a1-891790fb48bc,34667,0,0,,7e-05,Dexs
Ethereum,pancakeswap-amm-v3,JGGL-WETH,9b4a45e4-e1d2-4ba5-a3c6-3d61d2cfcb7e,34624,0,0,,0,Dexs
Sonic,beefy,USDC-WETH,faffaa32-17c3-4860-9d2d-caaa4f3f6cef,34587,27.87526,,,65.66334,Yield Aggregator
Base,beefy,WETH-AERO,fbd66ca0-6d6e-41fc-9475-8ecb88f59c86,34477,35.87695,,,39.52754,Yield Aggregator
Base,uniswap-v4,MYKCLAWD-WETH,96c9c7c8-5938-43f2-873e-cc20a16a4d4d,34437,0,0,,3958.37535,Dexs
OP Mainnet,velodrome-v3,WETH-VELO,10df8664-2aa1-44ac-9a84-499a29b4fa4a,34429,0,,0,0,Dexs
Base,uniswap-v3,WETH-OSAK,c6aee0a7-f77a-4283-8108-f8295168578b,34423,0,0,,0.00011,Dexs
Base,uniswap-v4,WETH-MOSS,c12689d0-3d29-5744-b1a5-258af3a2876f,34401,0,0,,1917.49897,Dexs
Base,uniswap-v2,WETH-FOMO,ff045104-7ad7-4b71-899d-b038ce47c7f5,34392,0,0,,0.07043,Dexs
Base,uniswap-v3,CBETH-SPX,b72b419d-c6d5-463d-857f-9156d627f223,34385,3.77454,3.77454,,8.0247,Dexs
Base,aerodrome-v1,MAVIA-WETH,c1799afe-7453-4a4a-b54d-97c28bf2345f,34356,39.90246,,39.90246,32.98648,Dexs
Base,uniswap-v2,WETH-TAOLOR,07bc0b97-2116-4916-b522-efa66903b622,34345,2.42013,2.42013,,4.47824,Dexs
OP Mainnet,moonwell-lending,RETH,ef5bba25-3891-4215-973c-ad1c647e6152,34328,0.00152,0.00152,0,0.01279,Lending
Ethereum,uniswap-v4,ETH-LDR,9ada13dc-51e0-515f-8def-f3ba396ccd11,34327,0,0,,1.34514,Dexs
Ethereum,curve-dex,OHM-ETH,2e674724-c164-4149-b0d4-9172631369fc,34287,0.54,0.54,0,0.59833,Dexs
Base,alien-base-v3,WETH-CBBTC,8fb257a6-3c18-4a39-91b8-0a0f1ed5ac9f,34216,0.00019,0.00019,0,1e-05,Dexs
Ethereum,uniswap-v4,ETH-LESS,40d262c4-a7f9-4206-bed5-aa8a4b1d7041,34165,0,0,,0,Dexs
Ethereum,pancakeswap-amm,ZEST-WETH,dcd61a11-7d07-5c15-99ea-9372c4c16f5b,34127,147.91329,147.91329,,77.13687,Dexs
Base,beefy,AERO-WETH,fe3ba2c3-b861-402b-a4ac-1b7f9e3d1969,34091,13.94765,,,13.15068,Yield Aggregator
Base,beefy,WELL-WETH,18fd5b4d-c048-4c50-a867-9e74a706cad1,34073,8.93663,,,67.16151,Yield Aggregator
Base,uniswap-v4,WETH-GEM,88388961-2cea-4318-9c32-2e6fc6e83cfe,34058,0,0,,0.2246,Dexs
Ethereum,uniswap-v3,WETH-FPIS,21cced9c-0f83-4160-8814-444a40a0da4c,34053,0.49065,0.49065,,0.77805,Dexs
Base,uniswap-v3,WETH-WEIRDO,3c7795de-9fc5-4939-b52c-7ed559d7ab50,34030,0.20691,0.20691,,0.86316,Dexs
Base,uniswap-v2,WETH-ENA,9732f7b4-f9e9-536f-8f81-a59c4d9659b2,34010,0.04552,0.04552,,2.37207,Dexs
Base,uniswap-v2,WETH-CHA,4bd1a357-26d9-488c-9e5c-d046e2a4a080,33899,0,0,,0,Dexs
Base,uniswap-v3,🟩🦞-WETH,9eadb400-3e4e-5da6-8faa-9454feffc949,33897,0,0,,0.58252,Dexs
Polygon,quickswap-dex,WETH-HAKKA,27aedef8-ae91-415e-82fe-24a24d024631,33883,0,0,,2e-05,Dexs
Unichain,euler-v2,RETH,08e87523-a296-4b76-b365-e347f7f8757e,33877,0.00013,0.00013,,0.00013,Lending
Ethereum,sushiswap,FLOAT-WETH,1c3f9a4f-a91d-4cc9-aa91-d1941ab6c899,33867,0,0,0,1.0139,Dexs
Base,uniswap-v4,WETH-ANDROIDLM,0502abe7-4c92-5480-88b0-ad79a78616fc,33842,647.14179,647.14179,,647.14179,Dexs
Base,uniswap-v2,WETH-HELLOWORLD,01f6dba7-402c-44df-872e-f2b9479f15d9,33813,8e-05,8e-05,,0.01993,Dexs
Base,uniswap-v2,WETH-BFX,2e644124-77fc-4f8e-87ea-0adf9ebe2963,33801,0,0,,0,Dexs
Base,uniswap-v2,PEEP-WETH,2f9fb256-03cd-435f-933d-547542645ed7,33779,0,0,,0.00359,Dexs
BSC,beefy,ETH-WBNB,088338fc-a0a6-4518-b6a2-fac5a855e249,33776,8.25771,,,9.69191,Yield Aggregator
Ethereum,uniswap-v4,ETH-GUSTR,fa2fc8bf-b64e-488f-aa58-144db9939528,33749,0,0,,0,Dexs
Ethereum,uniswap-v3,MANYU-WETH,8ec60a8f-ffa7-4121-b806-f3c309976641,33746,3.99715,3.99715,,26.5268,Dexs
Base,uniswap-v3,TAO-WETH,33a652f3-96a4-58f4-b513-7a44c0d317e0,33738,0.06064,0.06064,,0.32252,Dexs
Arbitrum,uniswap-v3,DZHV-WETH,2cddc909-1ee0-4ddc-a6ba-548bf40417ee,33735,0.15172,0.15172,,3.75664,Dexs
Arbitrum,clipper,USDT0-WETH-WBTC-USDC-DAI-ARB,572c3c0b-30d9-4164-bc50-2281ac441c52,33724,0.00018,0.00018,,3e-05,Dexs
Base,uniswap-v2,WETH-WOLF,2ed0c30c-8331-44c3-a24c-940782344f09,33705,0.91496,0.91496,,0.40146,Dexs
Move,yuzu-finance,USDC.E-WETH.E,4e965b0b-0765-47f4-a590-17a7043896b8,33632,1.28105,1.28105,0,2.00119,Dexs
Base,uniswap-v3,WETH-PURRCOIN,f7316766-1c73-4cbb-b7c5-3c01309a95b4,33630,1.7637,1.7637,,0.6495,Dexs
Arbitrum,harvest-finance,ETH,e96154ca-13b3-4072-b43a-57e1e3930a1f,33608,1.13,1.13,,1.13838,Yield Aggregator
Arbitrum,harvest-finance,WETH,57dba277-4228-4cb8-acd8-62c9c46c7cd6,33566,0.98,0.98,,1.08802,Yield Aggregator
Arbitrum,fusion-by-ipor,WETH,80c35058-a309-4526-a696-8ee309fa8a46,33551,1.11326,1.11326,0,1.11897,Onchain Capital Allocator
Base,uniswap-v2,WETH-MERIT,2f0f9a57-f099-497a-bfb3-6246caf7b48e,33504,0,0,,0.06616,Dexs
Heco,mdex,ETH-HBTC,04c10fe2-61ef-464c-ae82-902e284541bf,33496,1.94173,0.00869,1.93304,1.94173,Dexs
Ethereum,uniswap-v3,WBTC-WETH,d12f85a6-6684-4b8e-82bd-f47d3a052ace,33431,10.32283,10.32283,,22.77704,Dexs
Base,beefy,WETH,42b4ff35-e40a-4cdc-939c-7eb323eba2f9,33419,1.54684,,,1.53433,Yield Aggregator
Arbitrum,uniswap-v3,WETH-RLC,d5a2fc63-9974-4bb7-983b-91dbac106697,33414,0,0,,0.00565,Dexs
Ethereum,uniswap-v3,RETH-WETH,a747d965-23c3-444b-beac-e7ac2d81d29e,33410,0,0,,0.02078,Dexs
Arbitrum,harvest-finance,ETH,6405abd7-f080-43f0-b4ee-78e22d37fdf6,33397,1.22,1.22,,1.24345,Yield Aggregator
Base,uniswap-v2,WETH-ARQX,77efa5e9-edd6-4a12-a912-f27c2671533d,33391,0,0,,0.01279,Dexs
Ethereum,sushiswap,SFI-WETH,c9b05628-a9e0-4e56-90f7-b1fa52685b28,33353,1.30664,1.30664,0,4.34898,Dexs
Base,uniswap-v3,TEST-WETH,238007ce-1590-43fe-8aaf-8163d32d2b4c,33289,1.0903,1.0903,,0.31442,Dexs
Base,uniswap-v3,WETH-$LARRY,82c4d7ba-be7d-43e8-9e9b-abf096adaeef,33264,0.00313,0.00313,,0.02696,Dexs
Arbitrum,sushiswap-v3,WETH-SUSHI,b8387161-9e01-55bd-9159-ac99c3253665,33256,3.74944,3.74944,,13.18715,Dexs
Base,uniswap-v3,DRAI-WETH,b0fd5067-d5c5-4cc1-8fc5-4e1c336c25e9,33243,0.00109,0.00109,,5.15918,Dexs
Base,uniswap-v3,MILF-WETH,9d4cbe37-320e-5d90-be75-d8e75bb4fb85,33208,4.51886,4.51886,,11.48647,Dexs
Base,uniswap-v3,FETCHAI-WETH,ca0022c4-00de-576d-ac95-ca6d5bec2905,33157,1.18603,1.18603,,1.05928,Dexs
Ethereum,uniswap-v3,ILV-WETH,451ac068-79f3-4786-b4c6-712355ff4eae,33139,12.37147,12.37147,,9.47326,Dexs
Arbitrum,camelot-v2,BONSAI-WETH,26ea57be-a6c9-4dcf-9869-14ce690544b3,33095,0,0,,2.533,Dexs
Base,uniswap-v4,WETH-BRAIN,12470e0e-558e-48e9-a83e-a174a3bd5004,33071,0,0,,4549.25246,Dexs
Ethereum,uniswap-v3,GALA-WETH,f8d5da07-8b35-4344-9e5c-b3214d837509,33059,0,0,,0,Dexs
Polygon,quickswap-dex,JEUR-WETH,3c00d4d3-f5c2-4a63-8f7a-9d0a10f544b3,33002,1.1875,1.1875,,1.93649,Dexs
Ethereum,curve-dex,ETH-LDO,c44dce9d-8675-4f36-b95f-4d8d184daa54,32913,4.11867,3.53,0.58867,2.36569,Dexs
Ethereum,supernova-cl,USDC-WETH,a3764441-e293-4e6b-a01b-aa6b8d3e7e19,32866,10217.46838,0,10217.46838,28710.61131,Dexs
Ethereum,balancer-v2,MKR-WETH,c0a29e27-6de6-4ba5-904a-e45f324906d8,32778,2.10105,2.10105,,1.00938,Dexs
Ethereum,sushiswap,MANA-WETH,b0193dac-f90c-4e1f-94af-efbb09d61f75,32736,43.6149,43.6149,0,5.95675,Dexs
Base,uniswap-v3,VTH-WETH,d7a7b3b4-8a42-5f12-a5d2-cce4cdd25b42,32719,0.4507,0.4507,,0.34415,Dexs
Ethereum,convex-finance,OHM-ETH,87a5bfe1-71b5-4f9a-8bb1-6dc0773e7ad7,32699,0.54,0.54,0,0.60039,Yield
Ethereum,sushiswap,FISH-WETH,828c7158-f6aa-436f-9aad-29387f819961,32673,0,0,0,0.01846,Dexs
Base,uniswap-v2,ARBL-WETH,56376bdd-f400-482a-ba76-3f344d20c4a9,32658,0,0,,0,Dexs
Ethereum,stake-dao-yield,CRVUSD-WETH-CRV,0faa075a-ca40-450c-b7ba-adf6997e394f,32581,11.1416,3.03,8.1116,10.44726,Yield
Base,uniswap-v2,WETH-SKITTEN,0bae2570-d7a7-4a7f-b7f0-273878a73dc6,32542,0.08629,0.08629,,0.12195,Dexs
OP Mainnet,velodrome-v2,IB-WETH,298b635c-dcf9-4cdb-8a74-20de451ae63f,32402,2.37867,,2.37867,2.01045,Dexs
Base,uniswap-v3,WETH-ESX,1d3250f5-1487-4232-a699-4edaabd0ae69,32366,2.83829,2.83829,,23.6403,Dexs
Polygon,uniswap-v3,WETH-AAVE,1e825b77-27ff-47f5-bbbc-61c75c5b35bf,32349,22.82233,22.82233,,32.26579,Dexs
Base,uniswap-v2,WETH-EOS,00cce5f5-8c93-4165-84f4-0e7ed581feea,32289,0,0,,0.05124,Dexs
Ethereum,uniswap-v3,WETH-ETHFI,bde8769f-224e-46ae-81ba-c52058248f1e,32289,8.7609,8.7609,,11.95161,Dexs
Base,aerodrome-slipstream,WETH-USD+,db803811-64cd-49ad-a08e-f2a28f4209cc,32282,28.28765,7.66277,20.62487,32.22369,Dexs
Base,uniswap-v3,ROCKETAI-WETH,6afe7d76-b84c-4161-b16d-f2c034206175,32207,0.1149,0.1149,,0.0929,Dexs
Base,uniswap-v2,WETH-BOLT,266e4214-fac2-4ec3-8519-4c9f77d874bb,32202,0.14647,0.14647,,0.44192,Dexs
Base,uniswap-v3,$USDTTO$5-WETH,d18acf7e-f80a-5305-a88c-e0a49030f8a5,32120,0.16111,0.16111,,0.09861,Dexs
OP Mainnet,velodrome-v2,WETH-MET,b044a04f-5e0c-439a-952a-fc1df699c925,32103,30.65086,,30.65086,25.17382,Dexs
Base,uniswap-v3,BLONDE-WETH,a5cbb06b-af26-48cd-b424-8f29dfbdfab7,32091,0.00024,0.00024,,3.61243,Dexs
Katana,morpho-blue,WEETH,b5802695-e197-40b3-9019-8d14f1a87c78,32066,0,0,,0,Lending
Ethereum,sushiswap,WETH-LADY,cfed0eea-be31-4308-ba89-ebc56a1205ca,31827,0,0,0,0.00061,Dexs
Base,uniswap-v3,IOTA-WETH,7219a3c1-ea54-51d1-84f3-5ee76906a593,31816,0.00795,0.00795,,2.32924,Dexs
Ethereum,uniswap-v4,ETH-SHX,b98abefa-00ec-497b-b046-90f7baf9aacb,31699,0,0,,0,Dexs
Base,sushiswap-v3,WETH-MOCHI,cc62fc52-d2ba-4696-99a0-effa8d56a579,31638,0,0,,0.34167,Dexs
Polygon,beefy,AAVE-ETH,6ae41d5f-50ce-409d-a7e1-4d54a3e537d6,31628,48.29044,,,19.99387,Yield Aggregator
Base,beefy,CLANKER-WETH,fb6f8453-5a2e-4b59-9d10-7c0299849db1,31610,16.0326,,,193.55197,Yield Aggregator
Ethereum,uniswap-v4,ETH-LODE,64a4ebb3-4e1e-4d8d-923a-fd761afbac55,31592,0,0,,2392.62956,Dexs
OP Mainnet,beefy,WETH-WBTC,81b736d7-8a6f-4e98-9668-bb8a59a83549,31568,3.90245,,,4.55955,Yield Aggregator
Base,uniswap-v3,WETH-ROCK,f6c3d8b5-f05b-45b1-a952-12082fd438ea,31530,0.04819,0.04819,,0.19914,Dexs
Base,aerodrome-slipstream,WETH-RSC,789b34d1-5b2f-4ae0-ae31-58afa527afd9,31523,232.4887,81.3616,151.1271,103.57209,Dexs
Base,uniswap-v2,WETH-AGENT,aa549574-cc78-4743-b6bf-47370f8684c9,31503,0,0,,0.0171,Dexs
Arbitrum,sushiswap-v3,WETH-USDT,40f86401-06e0-41a9-93a9-9e905ac5175e,31489,4.19285,4.19285,,6.18033,Dexs
BSC,mdex,ETH-USDT,36b107c0-e216-4300-a6f2-6828f387826a,31460,59.05849,0.28597,58.77252,60.10448,Dexs
Polygon,quickswap-dex,WETH-TEL,5210f137-a978-47d7-a4ec-b0e033ae7db1,31424,16.76629,16.76629,,2768.10452,Dexs
Ethereum,ekubo,ETH-USDT,b9d0026e-93ba-4c01-9f45-fe4d7dd5167a,31408,56.76682,56.76682,0,54.99005,Dexs
Base,uniswap-v2,WETH-BOMI,703a0bb0-4cb0-4fe2-9084-5b2060f4ec36,31401,2.82305,2.82305,,1.61206,Dexs
Base,aerodrome-slipstream,OUSDT-WETH,6d541f92-1adc-418f-8e50-c6e33dc9c659,31401,62.17297,38.8023,23.37067,43.82322,Dexs
Base,uniswap-v3,DZHV-WETH,544d738c-22ef-4504-8a87-505119f1dcc5,31366,2.68025,2.68025,,3.51537,Dexs
Base,uniswap-v3,CHAOS-WETH,b27de4ba-858d-4a56-b368-47945d961a2e,31339,0.03419,0.03419,,0.6184,Dexs
Arbitrum,sushiswap-v3,WETH-USDT,4033e28b-47b9-4c71-8d6c-52ce8ee7d91e,31318,4.87405,4.87405,,8.32727,Dexs
Base,uniswap-v3,USD1-WETH,575f4274-1da7-502b-b45f-c798574659e3,31270,0.014,0.014,,0.3556,Dexs
Arbitrum,gamma,RDPX-WETH,dd5114e9-081b-41e4-8d00-41740d0bef8f,31249,0,0,0,0,Liquidity Manager
Ethereum,uniswap-v4,ETH-RSWETH,e6497169-41ad-4311-b92b-bc8629b26723,31214,0,0,,0,Dexs
Arbitrum,uniswap-v3,WSTETH-KNC,d16f0320-2f51-400b-8a47-43ba481a05fc,31211,4.37997,4.37997,,4.26354,Dexs
Polygon,balancer-v2,USDC-WETH,c0de2ca7-6e3e-44dc-8758-5c6dce250975,31188,0.35707,0.35692,0.00015,0.58469,Dexs
Base,uniswap-v2,WETH-DOGE,f9fb78b0-db54-4a37-806e-c6a45968ae9b,31167,0.00056,0.00056,,0.17825,Dexs
Sonic,shadow-exchange-clmm,WBTC-WETH,1e1c25f8-84ff-4e43-a0c1-7962396710b8,31157,9.43979,0,9.43979,19.54683,Dexs
Ethereum,pancakeswap-amm,INK-WETH,07926178-602e-5d14-92a3-94790c6dd84c,31094,0,0,,58.13211,Dexs
Base,uniswap-v3,WETH-TRANSLATE,ad293bef-e75d-4cc9-b2de-a311cfbf1d7e,31092,2.00924,2.00924,,0.33118,Dexs
Base,uniswap-v3,WETH-AVNT,5d62f721-7b98-4f35-870a-929084a4535e,31026,34.53467,34.53467,,27.52094,Dexs
Base,uniswap-v2,WETH-BASE,cb6d2b91-45a1-410e-bbad-5b4de16059de,30976,0.05819,0.05819,,0.64,Dexs
Base,uniswap-v4,WETH-HYPER,01160f99-3fca-46d7-8fac-3f5d2683a7ce,30940,3.65952,3.65952,,147.62546,Dexs
Base,uniswap-v2,WETH-COIN50,d640f518-d4dd-462c-b78a-274c8ad99352,30926,0.00086,0.00086,,0.92693,Dexs
Base,uniswap-v3,BRICS-WETH,b7d0c854-dcde-5cf6-b37d-209551d86df7,30884,0.57737,0.57737,,1.14611,Dexs
OP Mainnet,beefy,VELOV2-WETH,a8437571-ee1c-4323-a039-c2e3c492b41c,30864,26.07212,,,26.02229,Yield Aggregator
Ethereum,uniswap-v3,WETH-ZRC,c1ec0b9e-be33-40f7-845e-088225ac2e55,30859,0.00305,0.00305,,0.20154,Dexs
Ethereum,uniswap-v3,PEPECOIN-WETH,fc3a951a-2aa3-4297-ba77-15a53f128752,30848,0,0,,0,Dexs
Base,uniswap-v2,WETH-TSO,96f78df5-91fa-4dbd-94b6-5ad2e9105f4c,30845,0,0,,0.02704,Dexs
Arbitrum,gmx-v2-perps,ETH-USDC,df4d1dea-cfe1-4ea2-90d7-f7612c67b5ac,30839,0.63918,0.63918,,12.78549,Derivatives
Ethereum,uniswap-v3,LORDS-WETH,feb2f327-ed1b-4f4c-b8bd-d9fd26fe785b,30773,0.91175,0.91175,,0.53113,Dexs
Base,uniswap-v4,WETH-DEXTER,b8630b02-d477-4b3f-a1c9-14f1e95a3f16,30765,0,0,,2737.46096,Dexs
Ethereum,uniswap-v4,ETH-PNKSTR,8375e986-0b1c-487b-b551-12fa60a6715c,30693,0,0,,0,Dexs
Arbitrum,fluid-dex,USDC-ETH,0beabf6c-581f-4eb9-9556-f9d5ba910185,30659,7.46578,7.46578,,17.68856,Dexs
Ethereum,curve-dex,CRVUSD-WETH,0a8b7a1b-ca6d-5890-ad21-a332f66f187f,30656,0,0,0,131.99275,Dexs
Arbitrum,gmx-v2-perps,ETH-USDC,76bad788-1d19-450d-a048-9c74490cce2a,30650,0.94098,0.94098,,3.90637,Derivatives
Ethereum,uniswap-v4,ETH-PON,268b89be-92f4-5406-8ec6-d3884b7658f4,30648,0.04477,0.04477,,0.18197,Dexs
Scroll,symbiosis,WETH,d208e715-bb11-49cb-8ff0-33985050c76a,30623,0.07774,0.07774,,0.18195,Cross Chain Bridge
Ethereum,sushiswap,FODL-WETH,b1a3f905-a393-46b1-8e81-2eeb5e6fb33d,30619,0.37648,0.37648,0,0.51846,Dexs
Base,alien-base-v3,ALB-WETH,c81c0fa9-a6d0-493c-bbb0-8f66cf1a5654,30610,0.08525,0.08525,0,1.2539,Dexs
Base,uniswap-v2,WETH-BCAT,13b99315-b9e1-4652-840a-e4bf2437bdc6,30559,0,0,,0.23141,Dexs
Base,extra-finance-xlend,CBETH,96d5e7e3-c17c-4ab9-aae7-b82112dd3342,30549,0,0,0,0,Lending
Arbitrum,gamma,RDPX-WETH,be633e4c-7974-518b-ab33-8b1bac834a93,30548,0,0,0,0,Liquidity Manager
Ethereum,balancer-v3,RSETH-HGETH,09d55491-32c2-49c4-a379-f0bf817fefd1,30546,5.05932,5.05932,0,5.72194,Dexs
Base,uniswap-v2,WETH-EGO,504dd7d5-643f-4e0c-892a-560dfb17d255,30543,0,0,,0,Dexs
Ethereum,sushiswap,WETH-DOGEGF,542705ec-9873-4e26-80e3-d5ed69098d9f,30540,1.528,1.528,0,2.10769,Dexs
Base,uniswap-v2,MICKEY-WETH,b10c93b1-09c4-4270-a8e5-c02ce3d92464,30466,0,0,,0.11163,Dexs
OP Mainnet,uniswap-v3,THALES-WETH,447f7f53-3229-4025-96d9-e16a5134b069,30448,0.88209,0.88209,,0.62142,Dexs
Ethereum,stake-dao-yield,ETH+-WETH,d61a1f2c-022f-43bb-a670-376710b0305b,30354,0.90025,0.9,0.00025,0.57758,Yield
Ethereum,uniswap-v4,ETH-LIQUIDETH,4532e9d3-f284-4d12-a5e8-a51f18a1c647,30340,0,0,,6.3246,Dexs
Ethereum,sushiswap,DONA-WETH,33032791-0725-4df1-b1fa-f30fbd4973ce,30305,0,0,0,0.00299,Dexs
Ethereum,pancakeswap-amm-v3,HEX-WETH,139ac970-33af-48fe-935f-1fd235ad39c2,30186,0,0,,0,Dexs
Ink,velodrome-v3,WETH-USDC.E,8ced46ef-89b8-40b2-9037-ee3a48497d2b,30126,40.06461,,40.06461,65.81346,Dexs
Ethereum,curve-dex,CRVUSD-WETH,b8148bf6-e577-5a89-a332-efa306f2faa6,30099,0,0,0,0,Dexs
Base,uniswap-v2,WETH-CHRETT,c11ac4f8-5d16-4688-acc6-7c00e969ce0b,30095,0.0019,0.0019,,0.13114,Dexs
Arbitrum,uniswap-v3,ZRO-WETH,2add30f5-048f-452b-8919-6710d73ec986,30075,210.914,210.914,,67.81374,Dexs
Arbitrum,frax,FRAX-WETH,fe1eda31-2579-49ac-9e11-d0fd9249d15a,30073,0,0,,0.00296,Algo-Stables
Base,uniswap-v2,WETH-SATO,22ce66c0-4aa8-46bd-b6f3-f8d1200b679e,30068,0.12551,0.12551,,0.58613,Dexs
Celo,uniswap-v3,CELO-WETH,603b01b8-fffc-4734-82dd-072d50d5eab0,30060,43.50708,43.50708,,56.37324,Dexs
Ethereum,uniswap-v3,WETH-STRK,9f119554-3f68-4610-9360-c7b68a819f45,30034,29.86214,29.86214,,54.41178,Dexs
Ethereum,morpho-blue,WSTETH,e4b30ffd-a619-4fa2-b9fd-1d5977874b92,30013,0,0,,0,Lending
Base,uniswap-v3,WETH-SYRUP,3a1b814d-a869-479c-af39-4b1523c202e3,30011,80.56236,80.56236,,34.3894,Dexs
Base,uniswap-v2,WETH-KARUM,648d8f40-d855-4acf-904c-297c13939cb2,29999,0.12315,0.12315,,0.06751,Dexs
Ethereum,uniswap-v3,UDW-WETH,0d65a5c4-0e39-4d3f-8935-e2e2167690cb,29996,0.00019,0.00019,,0.00012,Dexs
Ethereum,frankencoin,WSTETH,18c27364-e624-5e92-a037-a2ff1f0a4a5f,29951,0,,,0,CDP
Base,uniswap-v2,WETH-BENTO,2bfd4489-42e4-433f-85fe-06971289f9df,29938,0.30489,0.30489,,0.22998,Dexs
Base,uniswap-v3,GROOVE-WETH,e4369436-c078-48c8-bf57-009cfa5cb9ae,29872,74.18962,74.18962,,56.34266,Dexs
Base,uniswap-v4,POLYGRAPH-WETH,bf6adaba-f6ef-4c38-89c2-995df6333538,29860,0,0,,0.61543,Dexs
Ethereum,sushiswap,LINK-WETH,a93c1773-5974-4a0e-9feb-29f9e8cf3c3d,29855,2.93546,2.93546,0,2.23881,Dexs
Base,uniswap-v3,WETH-USDT,51150243-fa2e-462d-b9c6-78024dfe17d5,29845,7.32899,7.32899,,20.72925,Dexs
Ethereum,uniswap-v4,ETH-RSWETH,579930d2-39e2-4f5d-abfc-d223f964aaa5,29766,0,0,,0,Dexs
Polygon,quickswap-dex,WETH-MART,b40c247e-d05d-44a9-98e2-d9ad035bb32d,29736,0.54856,0.54856,,1.06885,Dexs
Arbitrum,uniswap-v3,AICODE-WETH,77a1edc8-d751-4d03-bebc-702afee09306,29717,0.00156,0.00156,,0.00491,Dexs
OP Mainnet,curve-dex,CRVUSD-WBTC-WETH,1aa6535d-165f-4c54-a3f4-53b9648d20c5,29691,0.64,0.64,0,1.04831,Dexs
OP Mainnet,uniswap-v3,HAI-WETH,1a9e8842-32af-4fd9-a7de-0d6f50ccaa7b,29664,1.99864,1.99864,,4.58741,Dexs
Base,uniswap-v4,NEXUS-WETH,22a0b38b-6400-4489-bd61-07fa83ef7b4b,29661,0,0,,903.88336,Dexs
Ethereum,uniswap-v3,OS-WETH,12732139-0a81-4438-826b-0f32a4e8c583,29581,0,0,,0.05083,Dexs
Arbitrum,uniswap-v3,WSTETH-0FX,39c4653e-e8ec-43b1-962e-a2038f252df3,29565,0,0,,4.2342,Dexs
Base,aerodrome-v1,ION-WETH,ee919565-354d-4e1b-aa55-5d4d6f1896ed,29529,6.85582,,6.85582,5.19284,Dexs
Base,uniswap-v3,BETR-WETH,85f5c672-c2e8-47ff-8ffc-6b2d9ccc5b8d,29528,1.6796,1.6796,,88.83773,Dexs
Ethereum,curve-dex,WETH-ASF,90a24026-a98c-42d9-878b-212fafb13567,29490,0.20848,0.12,0.08848,0.36714,Dexs
Polygon,curve-dex,SDT-WETH,ca6d15ff-961d-4947-b3d9-6a6347c75e2d,29474,0.37,0.37,0,0.04606,Dexs
BSC,mdex,ETH-BUSD,092651a1-2198-4505-8842-1f622d10819e,29463,0,0,0,0,Dexs
Ethereum,stake-dao-yield,WETH-ASF,c8dcd9d9-032d-4cd5-8d74-8a5440460071,29400,0.25293,0.15,0.10293,0.37252,Yield
Base,uniswap-v2,WETH-USA,52b9e24b-e948-4892-9712-6ef74c78f097,29370,2.71604,2.71604,,0.18052,Dexs
Base,extra-finance-xlend,WEETH,75143523-37d0-4822-a483-9eb9494df4d8,29348,0.00012,0.00012,0,0.00012,Lending
OP Mainnet,compound-v3,WRSETH,89f7b2a0-5e17-4ca3-8ecb-9dca29effc8e,29322,0,,,0,Lending
Base,uniswap-v4,ETH-FRAFF,10500d0a-bcd6-48b3-8d4b-a5c951e40def,29319,0,0,,0,Dexs
Base,aerodrome-v1,WETH-CXT,ddea2890-36d3-44ee-a619-5693b4978951,29312,5.09888,,5.09888,5.52829,Dexs
Arbitrum,gmx-v2-perps,ETH-USDC,95fec1af-354f-4dbc-82fc-8e80b56ccad6,29261,16.05502,16.05502,,28.20856,Derivatives
Base,uniswap-v3,PEPI-WETH,e1e1194b-110e-401d-908e-5b5c71573cb5,29214,0.04188,0.04188,,0.17491,Dexs
Ethereum,sushiswap,RARE-WETH,1f9d86f5-e05f-4acf-bd2d-0fae436b06c4,29114,8.16925,8.16925,0,281.85823,Dexs
Manta,symbiosis,WETH,54a71c43-1fe5-40ac-823e-4dd73f775686,29098,0.36136,0.36136,,0.35538,Cross Chain Bridge
Neo,flamingo-finance,WETH-FUSD,11e0cc3c-4bb2-4ae4-a075-873bd1ac6a10,29091,0.11783,0,0.11783,3.01786,Dexs
Ethereum,sushiswap-v3,LINK-WETH,f9422725-f5de-46b8-99f2-2283c0d45993,29065,9.35161,9.35161,,4.69013,Dexs
Ethereum,uniswap-v3,EFI-WETH,e42104e8-9893-4bb8-83db-b5b1f254417b,29056,0.00365,0.00365,,0.01537,Dexs
Base,uniswap-v2,BOX-WETH,1a9ccb83-5919-41f6-a4ec-3f8ab8ec1683,29028,4.0985,4.0985,,3.716,Dexs
OP Mainnet,uniswap-v3,GTC-WETH,5025bd7c-a795-435a-b09c-c69ce84db8d5,29021,0,0,,25.77049,Dexs
Mantle,symbiosis,WETH,c27a31d8-999a-4681-bb9b-08159d053ccc,29001,0.441,0.441,,0.23919,Cross Chain Bridge
Base,uniswap-v4,ETH-KAITO,3e1aa4a6-c1ba-451c-b606-e92289ecea54,28987,0,0,,0,Dexs
Base,uniswap-v3,CLO-WETH,8c72515d-74a8-47a4-9534-10e4a768dea4,28975,0.17125,0.17125,,0.09819,Dexs
Base,uniswap-v3,WETH-GITLAWB,2edc4c13-26da-4fc4-a505-4e027469c2e7,28959,597.51137,597.51137,,639.37586,Dexs
Base,uniswap-v2,WETH-EOLAS,50731162-6e1a-4eef-85f8-5080cc3c777b,28949,0.03672,0.03672,,0.15421,Dexs
Base,scale,WETH-TOSHI,ed7f4c48-5b9c-4b81-b4dd-3134c224fea2,28933,0.00187,,0.00187,0.00127,Dexs
Ethereum,uniswap-v4,ETH-CLICKSTR,c6655fba-d450-44bb-8dfe-45d41f4976d1,28909,0,0,,0,Dexs
Ethereum,sushiswap,WETH-DACXI,08c82b3e-4d03-43ae-a8d9-0fa814a92f94,28847,0,0,0,0.00098,Dexs
Linea,etherex-cl,WSTETH-WETH,97ae5a15-7879-456d-a621-87406e17b31d,28812,0,0,0,0,Dexs
Base,uniswap-v2,TOTEM-WETH,01e4e979-5577-43bd-974c-9df98732e7c0,28779,8.48432,8.48432,,23.87085,Dexs
Ethereum,uniswap-v3,TONCOIN-WETH,125a72e9-e1e9-409f-81eb-d0fb5718dd46,28757,0,0,,0,Dexs
Monad,morpho-blue,WSTETH,d0b9a167-6954-4723-b2dd-c3af22b12cac,28744,0,0,,0,Lending
Base,uniswap-v2,WETH-UNITY,7e5d39c8-0857-492f-8ae6-eb2467a91dbc,28694,0,0,,0,Dexs
Arbitrum,beefy,WSTETH-WETH,727bb116-ce35-4e5b-bd4e-fba04cf74a07,28654,0.13623,,,0.42778,Yield Aggregator
OP Mainnet,uniswap-v3,WETH-BIRB,613587a3-5b27-4f65-9ea3-a169d80ee37e,28622,0,0,,1e-05,Dexs
Ethereum,uniswap-v3,PEPE-WETH,af5c4325-5d8e-420f-bfbe-2cc046f73b6b,28527,5.52456,5.52456,,2.88299,Dexs
Robinhood Chain,alandale-v2,WETH-LUTE,ab364ba5-abe9-54e7-850b-3fcfb7fd5a9f,28491,191.09725,0,191.09725,235.6821,Dexs
Base,aerodrome-v1,EZETH-WETH,1d315c8f-640d-4e2b-9407-986b41956425,28465,0.2346,,0.2346,0.36956,Dexs
Base,uniswap-v4,WETH-DAVO,f8687500-623a-4c8a-8b92-4e9de829c741,28409,0,0,,0,Dexs
Ethereum,sushiswap,LIL-WETH,aada4847-eb26-4d72-ade5-8768a2b757eb,28404,0,0,0,0.09924,Dexs
Base,uniswap-v4,WETH-MESH,7a760bd6-f8fd-4165-bf5e-e0d8f51256a0,28286,0,0,,1030.30855,Dexs
Polygon,uniswap-v3,PAXG-WETH,88e05acb-f3de-4d82-b5cf-915cad5a8161,28251,0.08498,0.08498,,0.16546,Dexs
Ethereum,sushiswap,WETH-SNL,dc7195e9-2e47-42d8-bf39-2d5e75a29aba,28248,0,0,0,0.00226,Dexs
Base,uniswap-v2,WETH-ETHB,bbce8c2f-3d0f-418f-8197-b38aa1fbe6d2,28207,0.01941,0.01941,,0.43188,Dexs
Base,beefy,DRB-WETH,7da61faf-64e8-43bf-b8f3-67c767e0f1d9,28195,3192.51603,,,5897.27517,Yield Aggregator
Base,beefy,WETH-USDT,3d1f171f-7e32-4f70-9346-72038b9b0afb,28164,5.92402,,,11.31468,Yield Aggregator
Ethereum,sushiswap,BASK-WETH,39cec070-c18d-40db-853a-dff635f4eb90,28141,0,0,0,0.00025,Dexs
Base,uniswap-v2,WETH-WSB,35267974-546e-4a19-9076-5d3b2c84f0b1,28123,0,0,,0.0717,Dexs
Ethereum,stake-dao-yield,FRXETH-CVX,6abca940-35f5-460b-92f2-039b02fb7038,28117,22.45256,2.46,19.99256,22.12793,Yield
OP Mainnet,uniswap-v3,LINK-WETH,a1502535-817a-4550-92c4-93965f879bfc,28116,0,0,,6.00986,Dexs
Arbitrum,camelot-v3,ZRO-WETH,47667f6b-d59f-4c76-a9b7-5e5c7dea0575,28077,75.22663,75.22663,,60.023,Dexs
Base,aerodrome-slipstream,WETH-LINKS,600bcff7-1658-43fb-ba2d-5b24e155a30b,28036,87.98965,0.01287,87.97678,995.16697,Dexs
Arbitrum,smardex-amm,WETH-SDEX,4a1656a7-b8b5-4da1-9256-caf2181fadce,27972,0.43079,0.43079,0,1.25356,Dexs
Plasma,fluid-lending,WETH,0269935f-192f-48a9-9e1d-b9278f451a0b,27970,0.42,0.42,,0.40206,Lending
Base,uniswap-v2,WETH-PREME,0b1b9d3a-2c54-4f7f-8a04-05ed273e5dcb,27944,0.16004,0.16004,,5.36248,Dexs
Base,uniswap-v2,WETH-ROBOME,a3407303-1fd6-465e-b77e-6dd1c488d74b,27888,0,0,,0,Dexs
Ethereum,beefy,RSUP-WETH,2098d60e-9987-4f64-bdf7-378276cab920,27836,29.60338,,,28.33349,Yield Aggregator
Base,uniswap-v2,WETH-TRI,0dcf56fa-ba33-4281-b4bb-086f811c49c2,27719,0,0,,0.00412,Dexs
Ethereum,sushiswap,WETH-GRT,30beceb4-13b4-452a-8333-b031e828bac8,27715,4.37033,4.37033,0,12.3704,Dexs
Base,uniswap-v2,WETH-RAND,c7ea06d5-987c-4e80-8c72-35ab1c5ecd63,27655,0,0,,0,Dexs
Ethereum,sushiswap,THOR-WETH,c3d52541-3255-451a-bcea-c6e37222b189,27648,8.09649,8.09649,0,7.84433,Dexs
Base,uniswap-v4,WETH-VOSF,28320b66-d4bf-5621-ab98-cc19f5a9e082,27624,213.61173,213.61173,,168.59957,Dexs
Arbitrum,uniswap-v3,MAGIC-WETH,afb71713-9c2e-4717-a8a3-9f959b966e49,27544,205.47204,205.47204,,47.44947,Dexs
Ethereum,uniswap-v4,ETH-DSTRX,c54ecb1e-8e88-45ef-b06e-397370cd048b,27515,0,0,,0.69427,Dexs
Ethereum,uniswap-v3,MPL-WETH,8e529266-25d0-4a29-ab13-22a1a8604bbe,27492,35.9681,35.9681,,18.06646,Dexs
Base,uniswap-v3,OPSYS-WETH,cdf929ed-c80a-4c16-afc3-b0291de5a4e8,27469,0.07607,0.07607,,1.42702,Dexs
Base,uniswap-v3,XRT-WETH,00759461-be09-5cd3-b223-cfc72e0a8038,27457,2.59928,2.59928,,2.37266,Dexs
Base,uniswap-v2,WETH-JOGECO,25465c11-ff21-47e0-ba43-3485a6ab7bfe,27430,0,0,,0.36077,Dexs
Arbitrum,gmx-v2-perps,ETH-USDC,64132120-61dd-4e25-964f-69a8b8732dae,27414,0.17918,0.17918,,3.4404,Derivatives
Ethereum,uniswap-v3,LDO-WETH,778a5fa1-ed36-483d-a49a-fdc2cfffcfad,27409,0,0,,0.00017,Dexs
Arbitrum,uniswap-v4,ETH-AARBUSDT,b253c1ae-10d7-4e94-906c-3fcab21cdbf3,27402,0,0,,0,Dexs
Base,uniswap-v3,WETH-RAIL,852ed456-0884-4801-ace6-215a534e8170,27399,0,0,,0.00484,Dexs
Base,beefy,VIRTUAL-WETH,649f1030-6417-4efa-866c-f26ce1a471dc,27395,45.18095,,,42.71071,Yield Aggregator
Arbitrum,beefy,AAVE-WETH,3a55d7c7-9888-4987-92ab-5db9b9823672,27392,23.50272,,,24.43625,Yield Aggregator
Base,uniswap-v2,FREEZ-WETH,9c55e3b5-15e5-46f0-bc54-3364f00f5d85,27375,0,0,,0,Dexs
Base,aerodrome-slipstream,WETH-DOGINME,ab799ae3-3813-44c6-82de-122813bf61e6,27357,432.47594,190.88132,241.59462,253.54763,Dexs
Base,sushiswap,WETH-TRUMPEPE,0d583524-d394-4ccb-8834-da4b9536a750,27302,0,0,,0.0016,Dexs
Ethereum,sushiswap,DYDX-WETH,f338267a-bad3-4c63-8aae-554f0824c0f8,27298,5.87962,5.87962,0,3.78825,Dexs
Base,aerodrome-v1,WETH-BID,877e360d-7e2d-45df-9af4-375d341981a3,27291,2.51796,,2.51796,3.65933,Dexs
Ethereum,stake-dao-yield,WETH-RSUP,cc4e72d4-48fc-400c-bedc-bbe85bdf2244,27210,30.69636,0.5,30.19636,33.60185,Yield
Base,uniswap-v2,WETH-MAT,8edaa974-52e7-4d93-b1ff-7eb640a9216b,27123,0,0,,0,Dexs
Base,uniswap-v3,GDUPI-WETH,75653f9e-4b5a-4495-81ac-3730d7667ea3,27113,0.00015,0.00015,,0.21016,Dexs
Arbitrum,gamma,WETH-LINK,23bd38ee-7b5f-478e-9f09-a0080b40e1c4,27106,0,0,0,0,Liquidity Manager
Base,uniswap-v2,JECAK-WETH,0c842717-92f9-4fd1-a5f2-a43ca67b27a4,27070,0,0,,0,Dexs
Base,uniswap-v2,WETH-INTEGER,846cc70b-fddd-443b-b177-04b7b5bbba9b,27054,0,0,,0.06085,Dexs
OP Mainnet,uniswap-v3,WETH-OP,5c73ff86-cfdc-4b1f-b001-952cdada6e59,27050,0,0,,5592.08753,Dexs
Base,beefy,TOSHI-WETH,b8ba6efb-ba2f-45af-8162-45021a8a211f,27044,27.87871,,,15.64808,Yield Aggregator
Base,uniswap-v4,XST-WETH,a133c7da-cf3f-58dc-a423-d4a11819ff94,27022,0,0,,6.2108,Dexs
Base,beefy,MOR-WETH,3cd33553-5602-45fb-bd68-62d783ec4f96,27015,30.26051,,,25.48902,Yield Aggregator
Arbitrum,uniswap-v3,WETH-CBBTC,d5d20844-3415-4790-8f40-a7d8d1d94d15,26999,7.2939,7.2939,,13.74081,Dexs
Polygon,quickswap-dex,USDC-WETH,3a344e51-869b-4762-a54e-e8e40a75fd55,26949,3.54381,3.54381,,3.94963,Dexs
Ethereum,curve-dex,USDC-WETH-INV,aea49076-8ca9-491b-a3fb-39cd1c0c55fa,26875,2.36,2.36,0,0.8017,Dexs
Ethereum,sushiswap,POND-WETH,71070403-e720-4478-aed8-d5078d8c7bbc,26859,2.95311,2.95311,0,26.89432,Dexs
Base,uniswap-v2,WETH-,b1c70093-c512-4d17-9c09-74b52484c7e6,26850,0,0,,0.03276,Dexs
Cronos,vvs-standard,USDT-WETH,14a370ab-e3ef-4de8-904f-a4378ecb3e6b,26828,0.76975,0.76975,,1.36747,Dexs
Base,uniswap-v2,FOMC-WETH,8ea2aac2-9017-4875-9805-2b6504377dcf,26827,0,0,,0,Dexs
Ethereum,uniswap-v4,ETH-SUPERWETH,abf4e6d3-6285-5b9f-a9ba-400877abe299,26820,8.92526,8.92526,,8.92243,Dexs
Base,uniswap-v3,XLM-WETH,423574ca-0025-5f09-bf30-6366f6f6890a,26758,1.15673,1.15673,,3.91106,Dexs
Base,beefy,LRDS-WETH,3ffc3b1a-64b5-4211-9a34-c465a7aca4de,26758,24.60388,,,55.63599,Yield Aggregator
Ethereum,fraxlend,FRXETH,5e2235e0-3000-408e-907e-d4b12c917904,26757,0,0,,0,Lending
Ethereum,fraxlend,WOETH,7adf64f6-3034-4cee-b8a0-e5f385b7b6da,26757,0,,,0,Lending
Avalanche,joe-v2.1,WETH.E-USDC,537535eb-32e5-47d8-996a-0991f9821ec6,26731,32.05537,32.05537,,42.632,Dexs
Ethereum,uniswap-v4,ETH-SHIT,71411a1e-d345-43a8-8d09-472acb7903d0,26700,0,0,,0,Dexs
Base,uniswap-v4,WETH-POIDH,e6c70c98-3a8e-53ec-9774-ce6f9a6938aa,26679,7239.80701,7239.80701,,7275.31543,Dexs
Base,peapods-finance,WETH,c8cd4461-268e-4e95-8565-91031a63e1aa,26652,33.2363,33.2363,,80.0304,Yield
BSC,uniswap-v3,ETH-以太坊,26dd4250-86ba-58c4-8ba7-c1780ad19af4,26567,8.37234,8.37234,,15.43159,Dexs
Arbitrum,camelot-v2,WETH-BUFF,b12d25d6-9dac-42da-9c92-bfc160f960f6,26539,0,0,,0.21565,Dexs
Base,uniswap-v2,WETH-SHOGUN,bf6e6d08-fb45-49ac-ad44-6127cbb9c866,26532,0.00063,0.00063,,0.07938,Dexs
Arbitrum,uniswap-v3,WETH-EQU,8a3865fe-35fd-4fce-aa43-9122dede910b,26532,0,0,,0.00119,Dexs
Base,uniswap-v2,WETH-ICCM,2c7c888e-0832-4299-b750-39d7ed7ff33e,26529,0,0,,0,Dexs
Ethereum,balancer-v2,ACX-WSTETH,8f7b5b8c-09db-45e3-8938-f30115d34672,26515,0.74287,0.74287,,3.25779,Dexs
Linea,gamma,WBTC-WETH,fe750c83-b008-40ed-841f-5ef8f3618fae,26500,0,0,0,0,Liquidity Manager
Linea,lynex-v2,WBTC-WETH,312c7ee2-f045-4c12-b98e-6d88b83da2ab,26500,16.2944,16.2944,0,22.58501,Dexs
Base,uniswap-v2,WETH-TEST,9d06885f-6268-493f-97e1-14e2fdd4240e,26486,0,0,,0,Dexs
Ethereum,supernova-cl,WBTC-WETH,3fd0fb85-0099-4f9b-9a9f-ee79dd17d28a,26480,5370.39253,0,5370.39253,4607.19409,Dexs
Gnosis,gamma,WETH-WXDAI,68c22d32-5e0a-4d12-a4bf-fa857069a733,26475,0,0,0,0,Liquidity Manager
Gnosis,gamma,WETH-WXDAI,54d1679e-6295-4693-ac25-9f47110d68f8,26474,0,0,0,0,Liquidity Manager
Base,uniswap-v2,WETH-CRAFT,a11fb4f4-4e52-45b2-8401-759420595ca1,26470,1.4103,1.4103,,0.06177,Dexs
Linea,gamma,WBTC-WETH,c46fc079-d289-4fdc-907d-69003d8ac2fe,26454,0,0,0,0,Liquidity Manager
OP Mainnet,beefy,WSTETH-EZETH,50da46cb-1932-41f5-916f-f69078c326f5,26445,0.00079,,,0.30647,Yield Aggregator
Base,uniswap-v2,WETH-DOGEGF,2912de8b-c8bd-4b9f-8811-eebaaaa02ab7,26414,15.17287,15.17287,,2.21019,Dexs
Base,uniswap-v2,WETH-SLEPE,1b14022b-b2a0-451e-87b6-2520dc4d7493,26395,0,0,,0.00315,Dexs
Arbitrum,camelot-v2,WETH-AISHIB,d1313da3-9b84-4815-9263-595ccd26b09a,26385,0.01408,0.01408,,0.04108,Dexs
Ethereum,sushiswap,WETH-MASK,cf9d0b93-5fc0-4ab7-b932-08e9acfcf4f7,26370,0,0,0,0.71552,Dexs
Base,uniswap-v3,SMOL-WETH,f17691f1-4074-413a-bdae-b1c6d3bbe496,26353,0.02612,0.02612,,0.11696,Dexs
Base,uniswap-v2,WETH-AUBRAI,fcaaa138-0fd2-4453-a1f4-e71ee6c722fd,26341,1.60307,1.60307,,2.07124,Dexs
Base,uniswap-v2,WETH-BALDER,f0131bbf-16f4-454b-a6b7-2bb650cca214,26313,0,0,,0,Dexs
Ethereum,uniswap-v3,WETH-E,6154d77f-b377-42c7-9daa-1e9cab311d13,26310,0.0901,0.0901,,0.9992,Dexs
Base,uniswap-v3,WETH-XVM,0298323b-c87e-5fbd-8745-ea42bee3ffc1,26231,0,0,,0.12997,Dexs
Base,beefy,WETH-MORPHO,6c9e76d4-af13-4446-9873-b4d19b3ad356,26230,16.98158,,,57.19273,Yield Aggregator
Polygon,clipper,USDC-WETH-USDT0-WMATIC-DAI-WBTC,5e92f0a6-fa87-4053-af48-b37962d56ab4,26206,0.00071,0.00071,,0.00026,Dexs
Arbitrum,beefy,WBTC-WETH,5b70ed4c-f4f0-4106-9c9e-5f8505f193da,26205,1.54666,,,1.67076,Yield Aggregator
Base,uniswap-v2,ACE-WETH,55576f58-a596-4218-ac32-f0b952299b55,26193,0,0,,0.0017,Dexs
Base,uniswap-v2,WETH-BUIDL,fbac01e6-1f12-4758-8aad-84abc785e4a5,26144,0,0,,0.00685,Dexs
Base,aerodrome-v1,RIPE-WETH,fc813394-a046-437c-a8ec-5c9806e5ddbb,26143,1110.68396,,1110.68396,767.72879,Dexs
Base,uniswap-v2,BRITT-WETH,9ed724ef-b121-464e-bf43-076d73c2c361,26136,0.00486,0.00486,,0.06864,Dexs
Starknet,ekubo,ETH-USDT,2ef4373a-b6c2-494a-86a6-8f4c35ea2cba,26131,13.2959,13.2959,0,30.67909,Dexs
Arbitrum,camelot-v3,BONK-WETH,a7654b19-5b52-4833-8f43-7b3e580869df,26129,4.79687,4.79687,,7.89576,Dexs
Base,uniswap-v3,WEETH-WETH,8340ef20-1c46-4ce0-809c-b970245b0932,26084,0.12095,0.12095,,0.50447,Dexs
Ethereum,curve-dex,RETH-FRXETH,0dd4c573-a3c6-4c35-9bc3-d618aacbc58c,26062,1.48,1.48,0,1.28601,Dexs
Base,uniswap-v2,WETH-LUCID,e296c4ec-bf88-4a4f-97c3-e61ff673233e,26036,0,0,,0.04535,Dexs
Ethereum,convex-finance,RETH-FRXETH,30f3b82f-07db-4b92-8657-1ebb277dc23b,26015,1.53,1.53,0,1.28672,Yield
OP Mainnet,beefy,MSETH-WETH,dd7374d4-453d-4600-93c1-a76ca9d3f5d9,25985,15.81969,,,16.50438,Yield Aggregator
OP Mainnet,uniswap-v3,WETH-AAVE,1bd36492-8de4-4cfd-a7c4-401a434ceaa8,25979,0,0,,1037.11101,Dexs
Base,uniswap-v2,COVID-WETH,1a0b2f5d-0967-4b9e-a684-b4bf0e6476bb,25967,0,0,,0,Dexs
Ethereum,beefy,FXN-WETH,e1d8147b-7be0-47d9-a28f-f4979f948245,25957,40.06772,,,42.28809,Yield Aggregator
Base,uniswap-v4,WETH-37,ce5b7df2-3ec5-4d25-bd61-9c2f7221acde,25912,0,0,,0.10055,Dexs
Ethereum,uniswap-v3,MYRIA-WETH,813e3c36-365c-45ec-a651-b100727a8d08,25829,16.62986,16.62986,,9.99172,Dexs
Ethereum,sushiswap,PIPT-WETH,f534431e-fc56-45be-8343-47a478030e1d,25812,1.21202,1.21202,0,0.82137,Dexs
Base,uniswap-v3,WETH-FLOCK,39b72427-43ad-42b6-8558-32c86e9bca7d,25811,48.52647,48.52647,,119.97315,Dexs
Base,aerodrome-slipstream,WETH-TALENT,70beaa22-5382-478f-8be6-e3b00509e629,25785,61.64296,1.11854,60.52441,33.75217,Dexs
Polygon,uniswap-v3,TOTEM-WETH,f46d491b-fdfc-4c60-85d8-d681a9e04a35,25761,0.08981,0.08981,,0.25213,Dexs
Base,uniswap-v2,WETH-HOG,acb13141-89f6-463a-add1-d411089b5f1c,25749,0.00611,0.00611,,0.00395,Dexs
BSC,beefy,ETH-USDT,6443f224-7ed4-4376-a645-98b62c064c61,25720,9.71383,,,9.39408,Yield Aggregator
Ethereum,curve-dex,WETH-AIOZ,6ff09f1c-ac7f-4540-99b5-28793458f800,25698,4.16424,3.82,0.34424,5.79958,Dexs
Base,aerodrome-slipstream,WETH-UNEAR,657fb736-5452-4433-8b03-1bcb8451bbc6,25651,185.81637,22.51985,163.29652,296.80408,Dexs
Base,beefy,ZRO-WETH,7a70bcdc-7da4-44bf-a6a9-952b4ae85f62,25639,527.33835,,,319.28639,Yield Aggregator
Ethereum,curve-dex,WEETH-WETH,132ad375-9e75-417d-b09c-cda41a51f950,25595,1.09,1.09,0,1.20871,Dexs
Ethereum,uniswap-v3,SYN-WETH,0e310673-239d-4eeb-8efe-dfc2965c575b,25590,0,0,,0,Dexs
Base,uniswap-v4,WETH-FIDPUNKS,c78c73e2-b999-4ca1-8894-b87188dafd10,25580,0.00088,0.00088,,2773.93653,Dexs
Ethereum,ekubo,ETH-EKUBO,e765fb6f-6f04-48c4-a0b1-363ac5532987,25560,0,0,0,0,Dexs
Ethereum,uniswap-v3,WETH-IMX,7e93e79c-6bb4-43f4-9bc3-49f4388e1d2f,25527,3.78089,3.78089,,1.89629,Dexs
Base,scale,CBETH-CBBTC,3d19a05f-6686-4acd-9d92-f77b4b20e10e,25488,0.41496,,0.41496,0.41645,Dexs
Polygon,quickswap-dex,AIMX-WETH,6765b30f-250f-4fa2-8c46-bcf848e9d98e,25463,0,0,,0.79053,Dexs
Arbitrum,gmx-v2-perps,ETH-USDC,a5facf7c-f329-453e-970a-9e7ace8e45cd,25447,5.45623,5.45623,,5.47269,Derivatives
Base,uniswap-v3,SPXC-WETH,7157fd55-9cc8-5bb5-8aa7-1f3de900216c,25414,0.73495,0.73495,,0.15664,Dexs
Base,uniswap-v4,ETH-CONTENT,19b647c1-6830-49d4-9ae7-19e81228c2d5,25381,0,0,,0,Dexs
Base,uniswap-v2,WETH-COVID,90792d8e-1fc5-4c4a-9eca-c38524dd7a54,25366,0,0,,0.00186,Dexs
Base,uniswap-v3,XLM-WETH,69bdae67-e25d-4c14-aa0a-06c9075481b4,25323,0.34854,0.34854,,0.71422,Dexs
Base,uniswap-v3,WETH-APU,4746d96d-fbb5-4809-a169-86fc1e747a3d,25264,6.72807,6.72807,,6.24368,Dexs
Ethereum,pancakeswap-amm,HOLDME-WETH,8c62b441-f4ac-4a9a-af99-27003792ef87,25249,0,0,,0.00628,Dexs
Base,uniswap-v2,WETH-DBRO,03d63d7d-cc7f-4379-b7cf-6898f852be1b,25230,0,0,,1e-05,Dexs
Base,uniswap-v2,WETH-BLOO,32d44098-e776-43a2-8568-df16bf2b4d9f,25192,0,0,,0.0834,Dexs
Arbitrum,gamma,WETH-USDC,62c87c15-b1c2-450a-bbc8-c04fd23bb8c0,25138,0,0,0,0,Liquidity Manager
Ethereum,balancer-v2,ARCH-WETH,efd36d1c-f13c-4d78-8d5d-22a8c3b4d2e2,25127,0,0,0,0.00173,Dexs
Base,uniswap-v2,WETH-RISE,e346d111-50c4-4b1c-90e4-8e27ad608da8,25097,0,0,,0.00031,Dexs
OP Mainnet,velodrome-v2,WSTETH-FBOMB,42fc2b31-dfe7-432b-bf84-679f75ea6cc2,25094,4.87065,,4.87065,5.20442,Dexs
Base,kyberswap-fairflow,ETH-CBBTC,5ed45ccb-29d9-404f-a4ec-2cb685307098,25055,2.38252,0.33337,2.04915,4.20117,Yield Aggregator
Opbnb,pancakeswap-amm-v3,WBNB-ETH,ca40f6c5-0663-4757-afcb-8b904ceed872,24993,3.966,3.966,,2.39978,Dexs
Ethereum,uniswap-v3,GOHM-WETH,9c3d0eda-9e67-4bed-a7b7-65b5081b17c2,24911,1.03571,1.03571,,20.64783,Dexs
Ethereum,pancakeswap-amm-v3,WETH-ZIK,7a259a9b-ee5e-40be-90eb-39a6e66fd67a,24909,0,0,,0.87285,Dexs
Arbitrum,uniswap-v3,WETH-XBG,5ca4d40c-372b-42bd-a6ae-a067371160f4,24859,28.97096,28.97096,,27.05883,Dexs
Base,uniswap-v3,$COBIE-WETH,8e71482c-f1d7-5723-a6f4-3cd719492fe9,24783,0.46084,0.46084,,24.98776,Dexs
Polygon,quickswap-dex,BLOC-WETH,e3fe9c5c-b3f2-4a49-8dcd-e307832c4576,24781,0,0,,0.02061,Dexs
Base,uniswap-v2,WETH-BAKI,7b2e2e26-d74c-41dd-88f0-7d6288b7681b,24753,0,0,,0,Dexs
Base,uniswap-v2,WETH-CLARK,2312bae1-ff5c-495e-b54d-f32caf30720e,24728,0,0,,3.93271,Dexs
Base,uniswap-v2,WETH-WIF,cc9b8f1f-59cd-443e-bcbc-5f98b800e511,24694,0,0,,0.01588,Dexs
Ethereum,balancer-v3,ROCK.RETH-RETH,b81db4be-af00-4a37-a3cb-1bea81f2e1f5,24610,3.31507,3.31507,0,13.93356,Dexs
Base,uniswap-v2,YES2-WETH,4615a295-0d44-47cb-8a4e-20aee57b76fd,24574,0,0,,0.01611,Dexs
Base,uniswap-v2,WETH-MEASLES,1746c10e-b868-4fb0-850b-63744cebf6cb,24554,0,0,,0.00053,Dexs
Ethereum,uniswap-v3,YFI-WETH,991902ce-1298-4cd4-8768-f5492686b74e,24517,3.14415,3.14415,,2.45183,Dexs
Base,sushiswap,WETH-$BOON,42e94d11-caf5-4cbf-8e94-a3904ad3dece,24515,0,0,,0.03724,Dexs
Polygon,uniswap-v3,WETH-ASK,7f5bba01-47f5-43be-b29b-d5795e51abb0,24497,0.29558,0.29558,,0.72992,Dexs
ZKsync Era,pancakeswap-amm,WETH-MEOW,7104bd63-5163-42cb-a41b-93eaeefe3856,24467,0.15652,0.15652,,0.07031,Dexs
OP Mainnet,uniswap-v3,WSTETH-WETH,91c91bf5-a2a0-4bbb-acb2-2c2a3de0e7ca,24457,0,0,,1888.33479,Dexs
Base,uniswap-v2,WETH-$PARTY,7c488359-b964-4d3c-b0da-e430b18ea748,24445,0,0,,0.01122,Dexs
Base,uniswap-v2,WETH-ASTROVERSE,f86e1440-8d90-4ba4-9049-5033c35f1060,24442,0,0,,0.0001,Dexs
Base,uniswap-v2,WETH-MIM,4ba6f41d-34cd-49be-b566-2ff507ac8dc2,24437,0,0,,0.03144,Dexs
Solana,raydium-amm,METH-WETH,223c9f18-cab8-5489-99cf-eb413ac91a8b,24350,31.22,31.22,0,363.25476,Dexs
Arbitrum,curve-dex,CRVUSD-WETH-GMAC,c07c437a-da2d-4f3d-a27f-3b91087e4787,24342,0.13,0.13,0,9.27207,Dexs
Ethereum,uniswap-v4,OUTBURN-WETH,c60bfd2f-4bb8-5d5c-93f3-b509450bc62e,24304,0,0,,0,Dexs
Base,uniswap-v2,WETH-ORCL,6f30e787-199e-43ec-80b4-8b2e94dfda41,24270,0.59555,0.59555,,0.22578,Dexs
Base,uniswap-v2,WETH-SOLANA,e8c88455-e998-4e60-aa38-87368d9efdf9,24256,0,0,,9e-05,Dexs
Arbitrum,uniswap-v3,GTC-WETH,9c539dd2-eae9-409c-a42e-f58d74831c76,24236,32.47918,32.47918,,5.31349,Dexs
Base,uniswap-v2,WETH-AMEN,d5872447-652a-48b2-8043-00449d5ffabb,24234,0,0,,0.03674,Dexs
Base,uniswap-v2,WETH-SPX6900,6c8f03e5-62e9-44c3-9835-721d48241a02,24223,0.92,0.92,,0.53916,Dexs
Base,beefy,SUPEROETHB-WETH,d23b5dc5-bc63-4d4f-b36a-ca92acd5411a,24206,1.71894,,,1.95856,Yield Aggregator
Base,uniswap-v2,WETH-BOE,711241ff-a72a-476a-a272-04d5c1af7dc6,24192,0,0,,0.12229,Dexs
Base,uniswap-v2,WETH-ACST,ef1e208e-9ecb-4cb5-86b8-86140cfc3b79,24182,0,0,,0.00255,Dexs
Arbitrum,uniswap-v3,NOLA-WETH,a02e438d-7daf-5c87-ab85-511887f1d570,24179,5.8158,5.8158,,138.75863,Dexs
Base,uniswap-v3,WETH-GMRT,1979e7dd-210c-43fd-a3f7-4ed92655d8d3,24123,1.91285,1.91285,,2.65642,Dexs
MegaETH,sir,WETH-USDM,4346572d-34f8-4be4-b127-89897e4f1a5a,24105,59.48086,0.18117,59.29969,42.41793,Derivatives
Ethereum,uniswap-v3,WETH-OMI,67057aaa-0c80-44c8-903f-a2a22e7f8bc8,24103,0,0,,0,Dexs
Base,aerodrome-v1,WETH-WRSETH,9068fd28-7390-435d-b8b5-a6aaefaac2a9,24097,0.33544,,0.33544,0.26578,Dexs
Solana,raydium-amm,ROCK-WETH,f32a1bcf-9e77-546d-94fd-bb85b298c814,24087,34.31,34.31,0,305.90991,Dexs
Osmosis,osmosis-dex,WETH-YIELDETH,c62ca227-8921-40a9-a362-4386fc8cc5b4,24085,0,0,,0,Dexs
Base,uniswap-v2,WETH-BODA,b6521240-2f8d-4bb1-a6e6-83db95e320b3,24046,0.00078,0.00078,,0.16152,Dexs
Ethereum,sushiswap,BIFI-WETH,0d64b898-f891-4e2b-b86a-35c6231de635,24019,0,0,0,6.00033,Dexs
OP Mainnet,beefy,EXA-WETH,a9fb92d1-3ccf-489c-8578-c0b03a98f57e,24005,16.26784,,,5.4885,Yield Aggregator
Robinhood Chain,alandale-v3,WETH-SHOP,cf0075e8-60ab-5494-bf02-82165960b83c,23990,82.63317,0,82.63317,331.62153,Dexs
Base,uniswap-v3,WETH-VANTA,f0423c5a-eb1c-43c2-b40a-ee1697c96473,23953,0,0,,0.43019,Dexs
Ethereum,sushiswap,WASABI-WETH,14b980fc-4524-42a5-acb3-d853cc4c5bf3,23917,0,0,0,0.0071,Dexs
Base,uniswap-v3,SOL-WETH,fb5f247e-5383-4dd9-8bcc-a180e98eb38d,23907,3.48701,3.48701,,21.69057,Dexs
Ethereum,pancakeswap-amm-v3,BLB-WETH,92294754-94ab-4a73-b7c7-cf2fd2b7c7e9,23899,0,0,,1.75255,Dexs
Base,degenprime,WETH,6ff79490-0cdf-4dcf-914f-65c9f6e93182,23894,0.23884,0.23884,,1.00224,Leveraged Farming
Heco,mdex,MDX-ETH,a702f85d-ba47-4d8f-a03f-4624499f2ba2,23892,0.42677,0.01924,0.40752,0.42677,Dexs
Ethereum,beefy,WBTC-WETH,45f3a3cf-dfcd-5df6-a69e-9244a52417d5,23828,3.15591,,,7.08038,Yield Aggregator
Base,uniswap-v2,WETH-PERCY,6bc0d1c7-263c-4821-8af5-52a6a81ef9a5,23748,0,0,,0.0043,Dexs
Base,uniswap-v2,WETH-MOON,c63910ed-9b18-4805-b9a4-284d055c7b29,23748,5.81891,5.81891,,0.16948,Dexs
OP Mainnet,beefy,OP-WETH,780e36cd-35b2-496f-8ac4-fd45534b03b3,23699,40.85011,,,19.86108,Yield Aggregator
Base,uniswap-v2,WETH-ESMX,267a93d4-3b9e-4bd9-9214-db96e6dcd5fe,23673,0,0,,0.46207,Dexs
Base,uniswap-v3,WETH-NORMILIO,a3f20ed5-67c1-45fe-82ce-cc3ffc7cb1f6,23669,0.00552,0.00552,,0.992,Dexs
Base,uniswap-v3,WETH-SURPLUS,050309c4-57ff-5f6b-aa61-435d2c3a0165,23646,541.32999,541.32999,,585.11585,Dexs
Base,uniswap-v3,CATBUS-WETH,e3082602-3081-5c98-abac-99df1857afc8,23622,0.30686,0.30686,,1.74309,Dexs
Ethereum,pancakeswap-amm,ZEST-WETH,44386fb3-146a-5529-aff0-e845f4992f0a,23612,161.64191,161.64191,,62.72373,Dexs
Base,uniswap-v2,WETH-XRPL,eecee59b-54cf-42ba-88cf-924f79d17821,23611,0.02265,0.02265,,0.54203,Dexs
Base,uniswap-v3,WETH-BASE,91d6d8f4-a70e-44ca-83b0-9cc35785d11b,23601,1.12534,1.12534,,9.54677,Dexs
Base,alien-base-v3,WETH-INT,2f383ac8-aa23-433f-b5fd-b50411873162,23595,0.01586,0.01586,0,56.45693,Dexs
OP Mainnet,balancer-v3,SS-SFRXETH-RETH-WSTETH,5360a994-5ed4-4bca-b126-9ea84baee7fc,23550,2.09807,2.09807,0,2.14626,Dexs
Sonic,metropolis-dlmm-vaults,WBTC-WETH,593e5135-7622-46a8-ba55-604abe47041b,23519,11.03433,5.21326,5.82107,22.73939,Liquidity Manager
Ethereum,curve-dex,STBT-ETH,1d5e53ac-1fa8-496e-a788-8c2cf37533df,23456,0.14,0.14,0,0.26096,Dexs
Fraxtal,curve-dex,CRVUSD-FRXETH-CRV,394e78dd-2207-40ea-b5ee-4e459229baef,23448,0.94,0.94,0,2.30995,Dexs
Base,uniswap-v3,WETH-BASE人生,65d4805c-ed9b-405d-abb2-798fdee0ed8f,23444,3.23901,3.23901,,9.63417,Dexs
Base,uniswap-v2,ASG-WETH,a0dcc2ea-c004-4d55-a1cb-fccbbfa804e5,23377,0,0,,0.00365,Dexs
Polygon,balancer-v2,AVAX-WETH-SOL,fed9e91b-a1e3-43ad-bbe7-25224e7f1ef0,23363,0.7342,0.73413,6e-05,1.18054,Dexs
OP Mainnet,beefy,WETH-USDC,f1fe3cee-5e7d-4fc1-a678-de84c4490c66,23350,4.48947,,,12.90907,Yield Aggregator
Base,uniswap-v2,WETH-FIT,c6f4c994-fafb-4a55-9ffb-365e7fe9dd9d,23349,0.00076,0.00076,,0.17072,Dexs
Base,beefy,WETH-MOOBIFI,6d5fffac-6f29-4839-8443-5cac4b82c339,23305,30.07472,,,38.21428,Yield Aggregator
Base,uniswap-v2,BE-WETH,6b803375-a714-406a-ad3d-ba23084bc719,23296,0,0,,0.00098,Dexs
Base,uniswap-v3,WETH-HORSE,8d87c21e-5aa3-42ad-89c7-e9a3c33d4542,23289,1.54681,1.54681,,7.87497,Dexs
Base,uniswap-v2,WETH-BASEWOLF,2888ddb4-42dc-42e2-9c71-63ed1b0df993,23287,0,0,,0,Dexs
Base,uniswap-v2,WETH-VDT,2fe1cc82-8313-4e56-9471-27368f3d7668,23272,0.19585,0.19585,,0.35412,Dexs
Base,uniswap-v3,ZORA-WETH,438b0229-b9ce-4e98-9b8d-e9527c61aff3,23246,51.27306,51.27306,,46.76944,Dexs
Ethereum,uniswap-v4,ETH-IUSDC,b077c57c-4768-402b-86da-99fb63c00903,23224,0,0,,0,Dexs
Base,uniswap-v3,WETH-TORT,e9806562-9e6c-441b-bf25-5dfac82aac0d,23207,0.00023,0.00023,,0.04948,Dexs
Base,uniswap-v2,WETH-TTRUMP,818fc657-2c68-45bc-a091-95c96b894170,23179,0,0,,0.05852,Dexs
Base,uniswap-v2,WETH-FPN,c3c97402-32a9-4310-8e6d-d79817751b3a,23140,0,0,,0,Dexs
Base,stake-dao-yield,CRVUSD-TBTC-WETH,e134ed50-1476-4cd3-b0a3-3ad82b6d17c0,23115,0.98797,0.98,0.00797,1.13072,Yield
Base,uniswap-v2,POLLUK-WETH,42994f0b-dc69-4add-acc2-ddb4ba4c38f8,23088,2.08191,2.08191,,0.50491,Dexs
Gnosis,balancer-v2,WETH-WSTETH,a76e51b4-7a47-463c-ba7f-18b775e9d004,23080,0.3506,0.3506,0,0.33118,Dexs
Avalanche,blackhole-amm,WETH.E-BLACK,71efd761-5e04-4754-9d0e-c6688dcd5389,23054,36.74274,12.7976,23.94514,28.24306,Dexs
Ethereum,uniswap-v3,MNT-WETH,09b28735-1d8a-4aa4-928b-123cd6041304,23036,20.25725,20.25725,,11.94662,Dexs
Polygon,quickswap-dex,WETH-UNI,ec2322fb-c939-49b4-81b1-9a7e7c61c25d,22957,5.06379,5.06379,,777.17649,Dexs
Ethereum,sushiswap,OCEAN-WETH,9721c726-167c-4e09-8a06-d60aa34d76a2,22936,1.89301,1.89301,0,2.7985,Dexs
Base,uniswap-v3,WETH-FRAME,4d8e34a0-241e-45b8-a38a-e5c02205e8c3,22932,0,0,,0.25411,Dexs
Base,beefy,MORPHO-WETH,55a78dac-5345-4d37-b5d1-254afc11c43d,22901,42.54181,,,42.84282,Yield Aggregator
Base,uniswap-v2,WETH-BUZZ,2d418a90-dd07-46fe-a53e-fb926d51accc,22895,0,0,,0.01305,Dexs
Base,uniswap-v4,WETH-LUNA,dc8582e0-2703-4189-b30b-e5c38ef96bc6,22847,9.6502,9.6502,,2392.18391,Dexs
Base,uniswap-v2,WETH-BILLNYE,f4c0e53b-bdeb-4d14-b4ba-ca1d65a6b89e,22841,0,0,,0.0206,Dexs
Arbitrum,gamma,PENDLE-WETH,e856c332-4bd5-4bba-8b58-cefa1e6a96ed,22766,0,0,0,0,Liquidity Manager
Linea,lynex-v2,WBTC-WETH,5b8c1586-4cf0-48ec-b04e-e5841f5f22c4,22733,0.57126,0.57126,0,11.26471,Dexs
Arbitrum,gamma,PENDLE-WETH,5f6e92d2-1679-4fba-8b93-159a9b85deae,22709,0,0,0,0,Liquidity Manager
Base,uniswap-v2,RIZZY-WETH,c188f31c-e559-43ba-a1ed-4c723e4f6705,22691,0,0,,0.07614,Dexs
Base,uniswap-v3,WETH-NPC,92ff8509-00dd-4d1e-bb3e-c8eb968e92f6,22669,17.57502,17.57502,,60.69604,Dexs
Base,uniswap-v2,WETH-HIV,45b3a3ab-1be6-4853-8860-b050ce56c382,22667,0,0,,0.00106,Dexs
Polygon,quickswap-dex,WETH-MOCA,26e72228-1f6f-4a18-b99f-3fdccab531c1,22637,0.21246,0.21246,,129.03718,Dexs
Base,uniswap-v4,DATA-WETH,9187ea0e-ed7f-5a8d-9346-45bd4d1e731e,22579,0,0,,4.12857,Dexs
Base,aerodrome-slipstream,WETH-ETHFI,f3fb93d2-1f44-4c50-a724-3d4128470625,22565,233.49745,84.85481,148.64265,154.10256,Dexs
Base,uniswap-v2,9MM-WETH,9a1206a5-caa4-4ced-82db-2514d7913ccb,22549,0.01591,0.01591,,0.1509,Dexs
Polygon,quickswap-dex,GLQ-WETH,95a4ae12-1dff-497d-b6d9-17ecb39fd57b,22528,0,0,,0.40022,Dexs
Base,uniswap-v2,WPKOIN-WETH,fc26166c-70ab-44ea-ae7a-acc1a9ef4b6e,22517,0,0,,0.48494,Dexs
Base,uniswap-v2,WETH-FRIENDO,a6d571ab-b462-4b58-909e-ec235ce4fffb,22495,0,0,,3e-05,Dexs
Ethereum,uniswap-v4,ETH-LIQUIDETH,c5bd985c-f229-42a0-9a9f-513d306a1e69,22457,0,0,,14.77049,Dexs
Ethereum,maverick-v2,ZRO-WETH,ae56fb72-edb1-4cb9-b36e-449916b0c25a,22455,2.19682,2.19682,,0.64054,Dexs
Ethereum,uniswap-v3,WETH-HOP,24db2876-8a49-4d44-9c68-2282e03d6c71,22451,0,0,,0.00286,Dexs
Sonic,symbiosis,WETH,915ef8e8-f6d7-46d8-870c-d626499dae78,22446,0.4823,0.4823,,0.67038,Cross Chain Bridge
Ethereum,uniswap-v3,WETH-LAKE,2526caf2-00df-482b-b7a8-d7f1d78a3986,22332,1.50649,1.50649,,2.41102,Dexs
Base,uniswap-v2,WANDER-WETH,d0ad30f3-4630-431a-aa8b-4311c6a7cd6c,22297,0,0,,0,Dexs
Base,uniswap-v2,WETH-AIRTOK,71f325db-70d9-4c8b-a39d-b6d2d8b686f6,22294,0,0,,0.0759,Dexs
Base,aerodrome-slipstream,EZETH-WETH,94908625-5745-49c3-a4a1-7f2a12279e0c,22286,40.85772,0.04839,40.80933,21.20729,Dexs
Arbitrum,euler-v2,WETH,589aa5cd-aeab-433e-aefc-9d0992796430,22278,6.22416,6.22416,,6.57548,Lending
Starknet,ekubo,DAIV0-ETH,877d93ed-6962-4847-a5f3-53d0826ad194,22204,6.38641,6.38641,0,10.62469,Dexs
Ethereum,uniswap-v3,RND-WETH,108b8607-10e5-4304-a9a6-57bb500d8dc2,22147,0.17267,0.17267,,6.80054,Dexs
Arbitrum,compound-v3,RETH,45762d4a-f5fb-4a61-8087-473fc8f98991,22142,0,,,0,Lending
Base,aerodrome-v1,WETH-RSR,939c15f8-3978-472a-8714-09c99a983a09,22069,52.28005,,52.28005,44.34967,Dexs
Ethereum,uniswap-v3,SUDO-WETH,9a72fc59-302f-4749-ad42-439071f49a8f,22068,0,0,,0.29966,Dexs
Base,uniswap-v2,WETH-UMAX,e9d50d31-33ad-43f9-8ca5-6c1e434fc689,22012,0,0,,0.16678,Dexs
Base,uniswap-v2,WETH-XRPB,fd8a0540-7d46-4487-9550-275089aceaa6,22012,0.24774,0.24774,,0.17951,Dexs
Arbitrum,camelot-v2,WETH-TATAN,a2cfe169-7d89-43cc-998a-1e0d38fd49ee,21988,0,0,,0,Dexs
Base,uniswap-v4,AUTOMATON-WETH,a2212072-b417-4045-86b1-2126d88ef09c,21948,0,0,,1092.55755,Dexs
Fraxtal,curve-dex,WSTETH-FRXETH,a1d8cc68-413d-4734-9e78-a59d9e05b498,21936,4.26,4.26,0,1.12999,Dexs
Polygon,harvest-finance,USDC.E-ETH,efd36a98-c227-4f57-a1c1-123847ad3be6,21929,72.31,72.31,,85.1613,Yield Aggregator
Taiko,symbiosis,WETH,1eb9d71a-a8c6-40ad-a3cd-a3d006cd6d25,21920,0.0668,0.0668,,0.10742,Cross Chain Bridge
Base,uniswap-v2,WETH-UNUSD,f861ab40-cacb-42eb-9af7-fa9ee73089f4,21897,0,0,,0,Dexs
Base,uniswap-v4,WETH-PITLANE,f6137347-61d5-4c78-9abb-999f3d0239e9,21857,0,0,,0,Dexs
Arbitrum,beefy,GMX-WETH,009fe71d-0438-4765-ae92-0a6079f6225f,21837,67.3607,,,50.8035,Yield Aggregator
Base,aerodrome-slipstream,WETH-FAI,815cdace-91e8-4e2b-b65a-2359b4b82550,21828,260.4898,200.44246,60.04733,109.2774,Dexs
Base,extra-finance-leverage-farming,WETH,36a9ea28-7bf9-4d5b-9a5b-301e0f9b38f0,21819,1.22805,1.22805,,1.34126,Leveraged Farming
Base,alien-base-v3,VIRTUAL-WETH,548749fc-0bdd-4601-b277-846292fdfe59,21811,0.00083,0.00083,0,0.00054,Dexs
Arbitrum,uniswap-v3,VEE-WETH,f690aab9-2055-411d-b57a-b48aab2e4bd0,21798,3.65828,3.65828,,1.81698,Dexs
Base,uniswap-v2,WETH-HASBULLA,e7f6f8e0-1051-4b69-98be-3d49946fe869,21762,0,0,,0,Dexs
Polygon,uniswap-v3,KNC-WETH,87bdcd81-8d27-4790-b66c-d26fecacdb50,21746,22.18545,22.18545,,7.85462,Dexs
Base,uniswap-v2,DEAI-WETH,30bc12c5-e99c-443d-95b8-8e28fe1bf83c,21739,0,0,,0.02583,Dexs
Ethereum,curve-dex,ETH-MKUSD,bed365fe-aa39-483d-bb72-6ca70f85e38d,21734,0.25,0.25,0,0.42227,Dexs
Base,uniswap-v2,WETH-ANTHRAX,18b3573d-e3a5-41d8-ab20-e277fa4f19b6,21724,1e-05,1e-05,,0.02719,Dexs
Arbitrum,ipor-derivatives,WSTETH,dda379a6-2e01-4cf5-acb9-2d0f8f15c442,21703,2.31731,2.31731,,4.35127,Derivatives
Base,uniswap-v3,CLANKER-WETH,b52515ba-fa64-4af2-9123-df0246b5115e,21695,19.93493,19.93493,,49.01161,Dexs
Base,uniswap-v2,WETH-BILLY,48e6fe81-e992-495e-8dea-3a82ea80cfcb,21684,0,0,,0.37415,Dexs
Arbitrum,camelot-v2,WETH-SIMP,d60a6813-ff21-4a63-a1e9-9aa1a651884a,21671,0,0,,0.00479,Dexs
Base,aerodrome-v1,WETH-USDC,290c5357-973a-45a0-bee2-e715374f9441,21655,4.38514,0.97057,3.41457,4.42819,Dexs
Ethereum,curve-dex,ETH-SETH,72b4c5d9-500e-45d2-93e3-2aa6a47df547,21628,0,0,0,0,Dexs
Ethereum,uniswap-v3,WETH-ICE,7f34e90c-51e4-411c-96bc-ad186e4a5074,21532,0,0,,0,Dexs
Base,uniswap-v3,WETH-SPX,ba33524a-9190-4dac-bf66-99e7d3b3c216,21521,29.30997,29.30997,,25.7112,Dexs
Base,uniswap-v3,ZIGCHAIN-WETH,dcc35ab4-cbf2-5161-b7ea-fd6705de5baf,21487,0.00725,0.00725,,1.46468,Dexs
Metis,gamma,WETH-WMETIS,b8d82478-58db-57b1-bac0-7275cf375433,21467,80.35737,80.35737,0,80.35737,Liquidity Manager
Arbitrum,stake-dao-yield,UNIETH-WETH,b9f85088-e03b-4200-bea8-bcf3ade27d16,21452,2.23,2.23,0,2.25129,Yield
Base,uniswap-v3,WETH-KEYCAT,f1df5a62-bf16-423c-9d4e-ee82beee536c,21444,0.75885,0.75885,,4.76888,Dexs
Base,aerodrome-slipstream,WETH-KEYCAT,6d4ab01f-35cb-45e1-a89b-4a67feba9ce6,21432,97.49448,22.7703,74.72418,180.49458,Dexs
Ethereum,curve-dex,ETH-TOKE,fa530ebc-a11a-4e1e-84fb-7084fc42b4b3,21409,1.59,1.59,0,0.45899,Dexs
OP Mainnet,velodrome-v3,USD₮0-WETH,de0ba1a9-24f1-41ab-b81b-3fb2e5bb5716,21408,27.63243,,27.63243,67.83458,Dexs
Base,beefy,USDT-WETH,fef19d2e-76b6-4f86-a41f-66ec393cf6c9,21392,9.76785,,,10.33958,Yield Aggregator
Ethereum,sushiswap,DAI-WSTETH,f62606f1-3908-48fc-853c-3d7354e46788,21369,0.87912,0.87912,0,1.83413,Dexs
Base,uniswap-v4,XST-WETH,e27a8c4b-5985-546a-8c64-5eeeb28ed269,21364,0,0,,0.42441,Dexs
Ethereum,convex-finance,WETH-AIOZ,0a7cb145-dd9e-49cc-9ad3-2b52a65763fb,21342,4.42,4.42,0,5.78513,Yield
Ethereum,uniswap-v3,ALEPH-WETH,6330406b-1be3-4634-b72a-f41d46227efc,21315,0,0,,0,Dexs
Linea,lynex-v2,VAMM-LINUS-WETH,1a8761de-2e49-4bda-b21c-49d71f586566,21302,0.10445,0.10445,0,0.09919,Dexs
OP Mainnet,uniswap-v3,XSPACE-WETH,04f60f8f-dc25-4a88-813c-aabc10c1de31,21296,0.44858,0.44858,,0.81591,Dexs
Ethereum,balancer-v2,UNN-WETH,4f3b4ca3-8cb4-427a-9eab-a4e81f577a94,21285,0,0,,0.02589,Dexs
Ethereum,uniswap-v3,LADYS-WETH,f71ec90d-4911-49db-acec-17ef9d1844a8,21278,0.01906,0.01906,,0.03185,Dexs
Ethereum,uwu-lend,WETH,c182eb7e-c3aa-4a5b-aeaa-4b1ef05cbf6d,21257,0.10951,0.10951,,0.10951,Lending
Ethereum,convex-finance,ETH-LDO,69361f05-1a95-4323-9b6f-44338ad22e98,21249,5.88248,2.94,2.94248,2.59267,Yield
Base,uniswap-v2,WETH-TAOS,135aedbf-9e61-4c8d-8cbb-96ee5258308b,21221,0.91942,0.91942,,0.13433,Dexs
Base,uniswap-v3,OCTO-WETH,2993647b-2240-56fd-935b-e433da7f69dd,21211,0.01759,0.01759,,3.32666,Dexs
Polygon,fluid-lending,WETH,d218dee8-7ae2-42e6-ab87-11796491570e,21209,0.74,0.74,,0.82736,Lending
Base,uniswap-v2,WETH-EBOLA,55e07dba-8c50-4701-a7a7-b2be44546fef,21181,0,0,,0.00071,Dexs
Base,uniswap-v3,WETH-PONCHO,5d96a3b6-0a4f-4f5f-b71d-5a3c24b25326,21174,0.05972,0.05972,,1.71464,Dexs
Arbitrum,beefy,ZRO-WETH,9223f7c0-8e1a-483f-b7ee-fdd9029a73c7,21168,212.37882,,,159.25431,Yield Aggregator
Arbitrum,camelot-v2,WETH-NOLA,0fa3dbcc-e1ee-4d75-bf4b-67231c804dfc,21168,0.00412,0.00412,,0.01223,Dexs
OP Mainnet,uniswap-v3,WETH-DAI,07dddbda-5118-4c9e-a02e-63ce012704e3,21132,0,0,,277.12911,Dexs
Base,uniswap-v2,WETH-ZYPTO,b8dc1e9f-40bd-4b61-b8a3-a47ab5ead030,21129,0.36562,0.36562,,1.59435,Dexs
Metis,hercules-v3,WETH-WMETIS,5cf21900-1d04-45bf-b27d-64a456c36a40,21109,104.42294,104.42294,,119.87309,Dexs
Base,uniswap-v3,WETH-BENJI,b7c6a0f0-4cb6-438a-b6b8-d6b6bca9b3a2,21108,2.12223,2.12223,,2.75038,Dexs
Base,aerodrome-slipstream,WETH-EURC,209767d1-1e76-4d5c-a824-7b6bb9008bb3,21037,6.21263,6.21263,0,0.52778,Dexs
Base,beefy,ZRO-WETH,e4a7476d-f78e-4553-932c-205d83b1763a,21035,203.4191,,,140.06391,Yield Aggregator
Base,uniswap-v2,WETH-SWC,a136c62a-d59b-47ef-b602-9b483043976f,21031,0.07426,0.07426,,0.78403,Dexs
Polygon,quickswap-dex,WETH-BERM,e818689b-884b-4159-95fe-be6f59ff6417,21026,0,0,,0,Dexs
Metis,gamma,WETH-WMETIS,215b2c93-8ca7-46c5-8dd1-303374e98def,21013,19.23114,19.23114,0,102.15223,Liquidity Manager
Base,rubicon,WETH-RUBI,47038142-fc61-5411-b950-4d33f632cd3d,21007,75.87919,0.23585,75.64334,76.56056,Dexs
Arbitrum,uniswap-v3,WETH-GHOST,36e11934-9368-4cb7-a622-49579b999fd5,21002,0,0,,0,Dexs
Base,uniswap-v2,BASINO-WETH,f27950fd-a87b-4196-887a-7e0282dbddae,20975,0,0,,0,Dexs
Base,uniswap-v2,BSW-WETH,0aa77a65-f473-40d4-9d49-3113a373de86,20967,0,0,,0.01444,Dexs
Polygon,quickswap-dex,GHST-WETH,18a189a6-af8f-49c6-a89d-2aa723a50c38,20957,0.47886,0.47886,,5.70063,Dexs
Arbitrum,camelot-v3,EZETH-WETH,eae71490-a488-45b1-b904-9212ac038587,20927,0.63532,0.63532,,0.95513,Dexs
Base,uniswap-v2,BORK-WETH,1420e5dd-b7da-4a63-a34e-72096a99d4c7,20921,0,0,,0.05566,Dexs
Base,uniswap-v2,NOODS-WETH,6ad69c65-ee29-424b-8aca-c1755a97ad2c,20918,0,0,,0,Dexs
Ethereum,balancer-v2,COIN-WETH,e860b6a6-2295-48b8-84a6-e570f28c237f,20905,0,0,,0.00024,Dexs
Moonbeam,moonwell-lending,WETH,e41272e8-2da9-4441-9495-a1683d5967ca,20890,0.14274,0.14274,0,0.14274,Lending
Base,aerodrome-v1,WETH-TOWER,53d3f266-539e-43a1-98f7-625734c6ab61,20876,11.37929,,11.37929,9.12828,Dexs
Ethereum,convex-finance,ETH-SDT,005a2e22-2f13-41f2-8593-19b1219c5f25,20873,0.18,0.18,0,0.15315,Yield
OP Mainnet,uniswap-v3,WETH-LYRA,f08cd684-5f0b-4e17-883c-382d73c4dce3,20862,0,0,,1407.38634,Dexs
Arbitrum,camelot-v3,FCTR-WETH,f72f28f3-c5e2-4c0f-b8b9-63491c427df1,20860,0.52176,0.52176,,0.49456,Dexs
Base,uniswap-v3,WETH-CLAWD,0912d41d-f452-42bb-8a76-51c82176a665,20841,12.70285,12.70285,,17.73358,Dexs
Base,uniswap-v2,BHUSKY-WETH,37655a01-a35b-4b05-9b4f-3f261359a958,20820,0.26633,0.26633,,0.43617,Dexs
Robinhood Chain,alandale-v3,WETH-TSLA,51f4c3a0-e5cc-59f0-ad91-64acdbe689b1,20799,95.93227,0,95.93227,335.31847,Dexs
Ethereum,uniswap-v3,PAXG-WETH,55ca984e-eb22-4ab2-8be7-656288b2022b,20749,1.41568,1.41568,,3.6108,Dexs
Base,uniswap-v2,WETH-BP,4ba3387e-3bb8-4649-b793-8f365d90f32e,20739,0,0,,0.11782,Dexs
Base,uniswap-v2,WETH-MUTM,4815af3a-5446-4dc9-bb24-939f66418827,20718,0,0,,0,Dexs
Base,uniswap-v3,WETH-BPS,10d82315-9b77-4284-875f-5909592834af,20689,0,0,,1.97472,Dexs
Base,compound-v3,WETH,75108987-6374-4e2b-8de5-56181758e532,20610,0,,,0,Lending
Ethereum,sushiswap,CTX-WETH,6701bf34-04dc-4320-a41f-4ffcd0162dcb,20607,21.43881,21.43881,0,9.01922,Dexs
Ethereum,sushiswap,YVBOOST-WETH,58129bee-0a87-462a-a61a-7cdb4da4b59c,20563,0,0,0,0.07876,Dexs
Base,uniswap-v2,CLOUD-WETH,93b1f5c4-87ee-4ffd-b130-c71805ab8829,20559,0,0,,0.01977,Dexs
Base,aerodrome-slipstream,WETH-LITKEY,54d802eb-407b-477d-9650-1ebdf4f446ec,20545,322.40152,20.6415,301.76002,1331.19323,Dexs
Base,uniswap-v3,WETH-WBC,3116ae88-f673-5ae4-a684-a633419973b1,20541,41.65859,41.65859,,24.05742,Dexs
Arbitrum,beefy,LINK-WETH,6bc1cadf-ffa8-4de4-8104-b07b42d56a87,20536,25.59827,,,11.18581,Yield Aggregator
OP Mainnet,velodrome-v2,ITP-WSTETH,507d3976-3927-4813-8efa-383f6ca6c727,20526,15.96857,,15.96857,78.8393,Dexs
Base,uniswap-v2,CCC-WETH,03921b55-3947-4c58-b886-17fb7502660d,20493,1.50125,1.50125,,0.29168,Dexs
Base,uniswap-v2,BROAK-WETH,4376fb76-ca21-46c1-8c09-2e48524afa8c,20471,0,0,,0.16245,Dexs
Base,uniswap-v3,CONSENT-WETH,51be79cb-0b9c-4441-8e61-7fd65439a5e4,20400,0.02142,0.02142,,0.85422,Dexs
Base,beefy,CRVUSD-TBTC-WETH,9bc87256-4077-41bb-85d5-a286784ac64b,20396,0.98713,,,1.37523,Yield Aggregator
Soneium,symbiosis,WETH,9dd6e8b7-964a-47fd-b248-d48e267d9259,20345,0.02067,0.02067,,0.0671,Cross Chain Bridge
Base,sushiswap-v3,WETH-USDC,90fba028-6774-4978-987b-be75e9281dd4,20341,1.84652,1.84652,,14.25847,Dexs
OP Mainnet,moonwell-lending,WEETH,ada998a0-7499-4df7-95b6-f615f6509379,20331,0.00013,0.00013,0,0.00155,Lending
Ethereum,sushiswap,WETH-SUPER,565bf6cb-b81d-4f54-8aab-0e8176825fad,20286,30.36195,30.36195,0,121.00777,Dexs
Base,uniswap-v2,WETH-BALT,5d9a14ce-9d75-4109-b2fb-f28eb009ac28,20283,0,0,,0.05076,Dexs
Base,uniswap-v2,DEFIDO-WETH,457086fa-ff8c-4cb4-8d92-7bfd0221049f,20264,0,0,,0.03265,Dexs
Polygon,uniswap-v3,CLAY-WETH,7318db95-67a8-4060-9387-f1511fa39bee,20244,0.01665,0.01665,,0.92291,Dexs
Ethereum,pancakeswap-amm,WETH-CHAIN,3b4492ef-1e46-5faf-82e7-1509803281b1,20239,0,0,,78.21786,Dexs
Base,uniswap-v2,FRLZ-WETH,fec7412b-a152-4619-8111-3aa3f7a656eb,20229,0.09612,0.09612,,0.29218,Dexs
Base,aerodrome-v1,WETH-ATH,175ab33b-4255-40b7-a35b-eba0ae4fc831,20229,26.51651,,26.51651,21.57297,Dexs
Base,uniswap-v2,WETH-CAT,f6ca1c20-24aa-4296-9e83-78de6016a651,20219,0,0,,0.03321,Dexs
Arbitrum,uniswap-v3,RWA-WETH,4f40a17b-d2d6-4e03-90b0-d856e19c8c6b,20207,2.70354,2.70354,,5.703,Dexs
Base,uniswap-v3,PUBLIUS-WETH,4c7b087b-9059-43ca-8718-66f65bfe2554,20153,0.0191,0.0191,,0.06503,Dexs
BSC,uniswap-v3,ETH-USDC,2519d189-9ca4-45a4-80e2-111a735e5335,20137,5.78879,5.78879,,15.3598,Dexs
Ethereum,uniswap-v3,WNXM-WETH,119b9236-4578-4891-b70c-155558962272,20054,0,0,,0.11295,Dexs
Base,uniswap-v2,WETH-EMMA,89d4b3cb-97aa-4b0d-aefe-2cee75021582,19977,0,0,,0,Dexs
Base,uniswap-v3,WETH-TOBY,b6609bc9-a4e4-493e-9bc4-232e7469550c,19962,2.11066,2.11066,,12.46278,Dexs
Base,uniswap-v2,WETH-DUH,4b01f9ec-67ad-4d1a-bea0-f2ef48f9b6a9,19916,0,0,,0.04325,Dexs
Base,uniswap-v4,WETH-DEBASE,09d4d5a0-fe03-5107-b4bc-c2136a1a093c,19879,0.13262,0.13262,,414.78571,Dexs
Polygon,quickswap-dex,GFARM2-WETH,5b5aacc3-55f7-4f5d-be07-3ceef0951950,19861,0.30963,0.30963,,47.03645,Dexs
Ethereum,uniswap-v4,ETH-PEPESTR,2cac920c-24d3-4379-b157-5e31924c84db,19860,0,0,,0,Dexs
Base,uniswap-v3,WETH-BASE属于每一个人,80a87d6d-08f1-4f13-b9db-28648f6f0ffb,19826,0.21806,0.21806,,4.05752,Dexs
Avalanche,uniswap-v3,BTC.B-WETH.E,3b93384d-5fb4-45ba-89ea-1a4fab650f24,19826,0,0,,0,Dexs
Base,uniswap-v4,WETH-AWAL,37dd0835-65df-45f9-89f5-fde524318916,19820,0,0,,0.00226,Dexs
Linea,etherex-cl,FOXY-WETH,fefd235a-6e06-4b12-811d-d0c57d222e01,19798,0,0,0,0,Dexs
Base,uniswap-v3,CYBRO-WETH,d546ef6f-8a91-4f82-af9c-e504f2659f48,19788,0.00344,0.00344,,0.50006,Dexs
Base,uniswap-v3,WETH-REPPO,6a77f506-4752-5d0a-bbdb-fde53d7d55a2,19787,203.8523,203.8523,,843.34621,Dexs
Base,uniswap-v2,WETH-SUBBD,d96a5166-c717-4448-bf9f-892776ca18e8,19782,0,0,,0,Dexs
Base,sushiswap-v3,BEPE-WETH,d2c55831-e21b-4a7a-93b4-a2101583b443,19777,1.39015,1.39015,,3.20708,Dexs
Ethereum,uniswap-v3,WETH-GRT,43c7c765-6c45-46ef-8b51-2fcc97afcf36,19763,2.75733,2.75733,,5.56124,Dexs
Base,uniswap-v2,KIMCHI-WETH,29fae0a1-4666-4cee-b615-422c6129c271,19683,0,0,,0.00021,Dexs
Starknet,troves,STRK-ETH,5a281485-7f72-4918-9195-2c473053b700,19670,101.35466,101.35466,0,197.43796,Yield
Ethereum,stake-dao-yield,WETH-SPC,bb7e3f73-f7c2-4c35-9822-b9ace4ea6c32,19644,150.2336,0.37,149.8636,138.31077,Yield
Base,uniswap-v2,MRSMIGGLES-WETH,a3a5122b-cfa9-4faf-8c7c-2da4a4af0b12,19643,0,0,,0.10899,Dexs
Base,uniswap-v2,WETH-$AMIRI,6f179fc5-c2d8-59e1-a637-9ea9ce3cbb8f,19623,0,0,,0.00956,Dexs
Base,uniswap-v2,AKUMA-WETH,d74fc9b4-ea2a-47ad-b280-c1a5600e52ac,19603,0.04446,0.04446,,1.44299,Dexs
Arbitrum,gmx-v2-perps,ETH-USDC,d9dcd8a5-d4ae-4c83-961c-eae20cbdf7e4,19575,11.51236,11.51236,,8.37115,Derivatives
Base,uniswap-v2,WETH-BTC,6d8c5b39-423a-467d-9abc-c662bd3d9ea9,19573,6.14908,6.14908,,1.77469,Dexs
Base,uniswap-v3,SAHARA-WETH,bf978ec8-2593-5ca2-92c7-81b17ec2bca5,19527,18.20379,18.20379,,11.57812,Dexs
Base,uniswap-v2,WETH-LIGHT,fa92ad59-7a61-48b9-a2df-0be4aa14d9b6,19518,0,0,,0.02528,Dexs
OP Mainnet,yearn-finance,VAMMV2-IB-WETH,3a535412-f8c8-48e5-b202-5a89e153f26a,19487,2.2079,2.2079,0,1.85275,Yield Aggregator
Ethereum,sushiswap,WETH-DOGEP,7a9a1e3c-0da7-4ff7-9e30-5b608a45e135,19472,0,0,0,0.00063,Dexs
Base,beefy,CBBTC-WETH,43ffbf18-eefb-4898-8a46-fd39be289a8e,19458,4.18634,,,5.49365,Yield Aggregator
Base,uniswap-v2,AGENT47-WETH,32caf50b-0eeb-4e82-80be-181c791294ee,19447,0,0,,0.00064,Dexs
Ethereum,curve-dex,WETH-YLAY,98d1a3e9-7447-4a59-b1b6-df20924d466e,19408,0.13,0.13,0,0.19744,Dexs
Base,uniswap-v2,ONLYUP-WETH,b0996677-7bdf-4678-a672-ac3db0613853,19337,0,0,,0.02043,Dexs
Arbitrum,dolomite,WSTETH,edcd0773-dec3-4ed6-8fbb-c4c7d7b79f07,19327,0.00152,0.00152,,0.44443,Lending
Base,uniswap-v4,WETH-JESSE,eaa2d9e3-569e-4272-93bb-dcce1ec161a3,19323,0,0,,1738.00024,Dexs
Ethereum,sushiswap,WETH-QTO,cc0dcda0-46a9-43bc-bdc4-2bdb961adeae,19293,0.16286,0.16286,0,2.37386,Dexs
Base,compound-v3,WRSETH,4b1bd000-0fdd-4a75-bb30-45b513f7e5f7,19287,0,,,0,Lending
Base,uniswap-v2,WETH-CBDC,8a6a5d25-b2f9-46d3-b9d3-aa14ca996674,19225,0,0,,0.01001,Dexs
Ethereum,kyberswap-fairflow,ETH-USDC,ea5a45df-ec76-4641-b075-f1a0a2b423a1,19213,0,0,0,0,Yield Aggregator
Base,uniswap-v3,WETH-DOG,d7fdf4ab-c767-412f-8976-4b8cce0afe20,19199,0.00061,0.00061,,0.01516,Dexs
Hemi,sushiswap-v3,WETH-USDC.E,af6d0007-29a6-407c-9fa3-5b29a2bfdcce,19183,22.00381,22.00381,,46.35113,Dexs
Ethereum,uniswap-v3,PUNDIX-WETH,cd9cd243-068b-4738-87e9-721bbf083a2f,19175,0,0,,2.48143,Dexs
Base,uniswap-v2,KERMIT-WETH,caed06fe-fa02-4ce3-8fe6-e4d1c08e734b,19166,0,0,,1e-05,Dexs
Base,uniswap-v2,WETH-KURBI,c2495c2c-f4dc-4e61-a042-a289b1df5948,19133,0,0,,0.11013,Dexs
Base,uniswap-v2,WETH-BROGG,dfa257aa-b89f-4fa2-88b8-3303bb6a7642,19113,0.01951,0.01951,,0.02672,Dexs
Base,alien-base-v3,CBETH-WETH,ac4c70c2-354e-475b-a6fb-039b54602002,19088,0,0,0,0,Dexs
Arbitrum,camelot-v2,WETH-NOISEGPT,f8500864-7965-4ffd-99f5-114170c1e267,19075,0,0,,0.07537,Dexs
Ethereum,uniswap-v3,WETH-EUL,afc1ab00-3a49-467e-9e3c-9dfe52f40dcf,19062,2.34797,2.34797,,3.85617,Dexs
Arbitrum,uniswap-v3,WETH-CIP,c99d2c80-1580-4f81-ad5a-caad1d029dc9,19044,8.52789,8.52789,,12.1891,Dexs
Base,beefy,ALB-WETH,83d198e1-1de3-4c9f-85e3-e10deeec5350,19036,93.64623,,,62.01602,Yield Aggregator
Base,uniswap-v2,WETH-LUIGI,44255d2f-5f68-4eb8-aafc-fcbc6fdac83a,19026,0,0,,0.00839,Dexs
Arbitrum,camelot-v3,WETH-USDT,18f607ad-5a86-4caf-b585-b5af417faf3e,19026,1.44522,1.44522,,1.62562,Dexs
Base,aerodrome-v1,WETH-APU,b891cfa9-99c9-445b-b046-a323598429a1,19005,7.93073,,7.93073,10.83035,Dexs
Ethereum,uniswap-v4,ETH-DEGEN,fbe8c6ca-b51c-536e-bc2e-1f75570c86e8,19002,0,0,,0,Dexs
Base,beefy,WSTETH-WETH,935983fa-bad6-4220-8f48-5ef1694412e3,18960,0.68157,,,0.68451,Yield Aggregator
Base,beefy,WSTETH-WETH,7fc2f0eb-f2ca-412e-b931-cc63327fb697,18929,0.39724,,,1.43318,Yield Aggregator
Ethereum,curve-dex,ETH-PRISMA,32dcb60c-36ba-48c9-9ba2-290020627f7b,18920,0.29,0.29,0,0.44462,Dexs
Base,uniswap-v2,WETH-DEWN,e7b8ea28-a909-46b8-ba23-174a370f3239,18905,0,0,,0.01015,Dexs
Base,uniswap-v2,WETH-BSB,7b8405c5-083b-4584-9dc7-4db99efc6d8d,18877,0.00017,0.00017,,0.20802,Dexs
Polygon,quickswap-dex,AXI-WETH,91b68850-5807-4357-bdb6-c67a0349c92d,18861,0,0,,0.24313,Dexs
Base,uniswap-v3,EEEEEEEEE-WETH,8231ee94-371b-409b-8019-3401f7c70024,18841,0.34052,0.34052,,0.17808,Dexs
Base,uniswap-v3,WETH-MOONBASE,72f12146-0edb-5a94-8ce3-379b6e8ddc5c,18770,0.20824,0.20824,,30.42826,Dexs
Linea,lynex-v2,VAMM-BOL-WETH,0c560d21-8269-4c1b-aff8-583de1f1097b,18760,127.63369,127.63369,0,111.68073,Dexs
Base,aerodrome-slipstream,SPON-WETH,905ee756-5387-42fd-a980-39f4dccaf4d1,18749,3.49583,0,3.49583,2.02762,Dexs
Starknet,ekubo,WSTETH-LEGACY-ETH,865bdddd-80b1-4f3b-ac6e-9cd6ba9b4c3b,18726,6.08195,6.08195,0,17.76832,Dexs
Polygon,uniswap-v3,WETH-$DEZ,8b416b1f-79f6-481a-bf9d-9961e43530ad,18664,11.99449,11.99449,,17.06266,Dexs
OP Mainnet,velodrome-v3,USDC-WSTETH,cc4a2ed3-c2ae-456c-97c0-24baa9e7e849,18663,57.60048,,57.60048,58.99419,Dexs
Base,uniswap-v2,WETH-AETHER,37f3d23f-a956-4f5e-b7d2-e59529189e45,18656,0,0,,0.03475,Dexs
Base,uniswap-v2,PPAI-WETH,bca2c4c7-47ea-4ff9-b08d-5b224da85fce,18645,0,0,,0.0434,Dexs
Base,uniswap-v3,$COOL-WETH,6f0be3e9-bc07-40a8-89b2-5776a2d17b3b,18643,0.09649,0.09649,,0.13345,Dexs
Base,uniswap-v3,WETH-TBA,8e9a3dde-bfb8-59b5-a385-9d9a5d1d037d,18633,0,0,,0.00536,Dexs
Base,uniswap-v3,WETH-PRIME,a2724395-2ea4-4c55-b19e-ec45c0dd22ab,18610,4.76082,4.76082,,33.21285,Dexs
Polygon,beefy,ETH-USDC,8f7f4f27-dbaa-4d33-a99f-b1db7b8b7d0c,18586,13.485,,,20.59273,Yield Aggregator
Base,uniswap-v2,WETH-ARABWIF,0ca021da-1b7b-4924-bf08-ac8d781dc7e6,18532,0,0,,7e-05,Dexs
Base,beefy,AAVE-WETH,1ac247ee-d79d-42be-8525-89cc404f02d4,18527,24.09166,,,24.33798,Yield Aggregator
Base,uniswap-v4,WETH-CLAWLINKER,ce04fe33-0517-46e5-a77c-0144343c7e4a,18519,0,0,,0.21001,Dexs
Ethereum,uniswap-v4,ETH-PEPESTR,b4186f18-8ada-42ef-a9e6-ab3fc8c1c684,18507,0,0,,0,Dexs
Base,uniswap-v2,WETH-BINU,d15a32e4-b9af-4fef-a57b-bbdd1dd975d8,18501,0,0,,0.00863,Dexs
Ethereum,smardex-amm,CO2AI-WETH,5e2eb9f5-bbef-47ba-9209-eeb4be2ad8f8,18496,0,0,0,0,Dexs
Base,uniswap-v2,WETH-HOCAI,05584da7-1f03-4b08-ae38-061dc70d8cf2,18495,0,0,,0.00084,Dexs
Base,uniswap-v2,BUTT-WETH,f9910872-d72a-4fb4-94a3-9fff7bb5d7f3,18488,0,0,,0.00063,Dexs
Base,uniswap-v3,WETH-WFLI,443ae686-09c3-5cec-aaad-af06b094c422,18483,0,0,,0.09855,Dexs
Base,uniswap-v2,XAI22H-WETH,9527f06f-1387-4fd8-bf9d-e9044d143254,18471,0,0,,0,Dexs
Ethereum,sushiswap,PHUNK-WETH,4c15649f-aeb8-4e28-8205-4e5b36daaa2c,18465,6.05039,6.05039,0,1.8892,Dexs
Base,uniswap-v3,BANKR-WETH,595a44f1-bef6-4383-b957-ae2d912813cc,18439,2.66499,2.66499,,2.75078,Dexs
Ethereum,uniswap-v3,XI-WETH,34ff44ee-335c-40e6-bc62-f84ec3db5fc0,18435,4.00861,4.00861,,11.77567,Dexs
Base,beefy,CBETH-WETH,f18043fc-f4b2-4af7-9879-bcb78776e589,18435,0.27274,,,0.50169,Yield Aggregator
Arbitrum,uniswap-v3,PEEW-WETH,979617ad-c2d5-4312-b263-e6cc939efbe8,18432,0,0,,0.00343,Dexs
Base,beefy,WETH-USDC,cbb80ccb-6907-44a1-bb27-c93abce89735,18427,16.45541,,,24.99746,Yield Aggregator
Base,uniswap-v2,WETH-DOOK,2043acc5-cbb2-4a50-9c47-cdd0c1ce0c99,18411,0.23187,0.23187,,0.05625,Dexs
Ethereum,sushiswap,$WATTS-WETH,9c68e047-8fd8-4406-bd78-6b78e0211528,18405,0,0,0,0,Dexs
Base,uniswap-v2,MIRA-WETH,ff2f6589-8c8e-4374-b35e-f1bcd19e144f,18377,0,0,,0.01573,Dexs
Base,uniswap-v2,WETH-BRAT,66656a59-5c3c-4f24-9737-71692e80042d,18364,0,0,,0.00447,Dexs
Base,uniswap-v2,WETH-SKINUT,2374fd5a-22b4-413b-be51-c489cef93d3a,18335,0.00496,0.00496,,0.03834,Dexs
Ethereum,sushiswap,WETH-SYLO,b79391c2-6d61-4de2-b748-cc00e33340be,18312,12.3099,12.3099,0,3.16234,Dexs
Base,uniswap-v2,CTOSHI-WETH,fdf4f74d-800e-4291-ac7c-6f589dd0832a,18300,0,0,,0.05628,Dexs
Ethereum,sushiswap,WETH-CRV,5a6c3aa3-7f40-4364-801e-a6a5d2367a6e,18291,5.58671,5.58671,0,5.9305,Dexs
Base,uniswap-v3,MBG-WETH,6c15432e-ce1a-4147-adf8-40214cc84199,18259,0.18191,0.18191,,0.47845,Dexs
Base,uniswap-v4,DECLAWDS-WETH,29b49968-02b4-41d4-962a-8d57d7e58604,18241,0,0,,0.44508,Dexs
Ethereum,uniswap-v4,ETH-SPWETH,1304e01f-9741-4f50-af44-7b1c36a2f9df,18239,0,0,,0,Dexs
OP Mainnet,symbiosis,WETH,929f1338-1d1b-4618-9ee4-b23f8ab37c4f,18230,0.12146,0.12146,,1.3533,Cross Chain Bridge
Base,uniswap-v2,WETH-PENGU,7a4ac2c0-ea90-427b-9a6f-caa2eddec473,18221,0,0,,0.21004,Dexs
Base,uniswap-v2,WETH-LMNK,bee333da-87ac-4d63-9aff-ce7f46c73d9d,18218,0.68958,0.68958,,47.67851,Dexs
Solana,raydium-amm,LMEOW-WETH,440f5631-4a9c-505d-acf9-ce873beec8bb,18212,36.4,36.4,0,271.43781,Dexs
Base,kyberswap-fairflow,ETH-VIRTUAL,e676d3d3-a4f0-453e-852a-dd8e795b7689,18189,7.02791,7.02791,0,5.96681,Yield Aggregator
OP Mainnet,uniswap-v3,WETH-COMINGSOON,c17b70c0-6815-4196-8e70-746e60e28de5,18188,0,0,,0,Dexs
Base,extra-finance-leverage-farming,WETH-OVER,ffbde6d0-ab40-4f1d-9e46-294358454ffd,18146,5.35798,5.35798,,3.19755,Leveraged Farming
Arbitrum,uniswap-v3,WETH-FLC,f8ed2e28-0682-4ff6-8366-18403168098e,18131,0,0,,0.0041,Dexs
Arbitrum,fluid-lending,WEETH,810f3cd0-9985-49ca-884d-1e2045db6e03,18101,0,0,,0,Lending
Ethereum,uniswap-v3,RETH-RPL,612c378d-2f08-4f24-a1ad-58dacd6c73e9,18096,1.85811,1.85811,,1.87175,Dexs
Base,uniswap-v3,WETH-AETHIR,f8e65a86-dfb0-44ae-9d49-37468c2d6e61,18082,0,0,,0,Dexs
Base,uniswap-v2,WETH-$PANDA,62962861-f1b8-44a0-8644-b61bbab55d98,18074,0,0,,0.03467,Dexs
Ethereum,rubicon,ARROW-WETH,6198847e-f803-569b-b8e4-d22e78cf8777,18068,2.36817,2.36817,,112.65396,Dexs
Polygon,quickswap-dex,WETH-WISE,c97eb262-d45b-4085-a3e7-82cd7fc19ede,18057,4e-05,4e-05,,50.88745,Dexs
Arbitrum,uniswap-v3,XSPACE-WETH,8995b248-8050-486e-bb36-b7aa3a989299,18042,0.23336,0.23336,,0.64906,Dexs
OP Mainnet,velodrome-v2,WETH-LUSD,6ce19ad5-6829-4b6c-b90a-039bb805859e,18030,5.28085,,5.28085,4.32593,Dexs
Ethereum,uniswap-v3,SNX-WETH,5c2c54f4-5f66-4de3-8e6f-c75b7a9833c3,18009,1.99597,1.99597,,0.67307,Dexs
Ethereum,sushiswap,PUNK-WETH,16097097-1c84-4a07-86f6-a9113eab2eef,17992,0,0,0,3.07673,Dexs
Arbitrum,uniswap-v3,CAP-WETH,19e947f7-8463-473b-ab1b-5254e0d3bf8e,17985,0,0,,0,Dexs
Ethereum,uniswap-v4,ETH-TFSTR,ef6f34aa-9291-5b13-81d2-7630e6329dd9,17971,0,0,,0,Dexs
Base,uniswap-v3,ECHO-WETH,e745ccc8-76ae-556f-b3fd-394bfbeee377,17954,0.01307,0.01307,,11.53261,Dexs
Ethereum,yield-basis,YB-WETH,5eda7f70-fe30-5907-9626-05527e4090c2,17932,50.20494,,50.20494,54.99406,Leveraged Farming
Base,beefy,REI-WETH,1c81094a-4c2e-4be1-a731-3e6d38891f3b,17931,40.4597,,,283.94483,Yield Aggregator
BSC,lista-cdp,WSTETH,c4d483ab-65e2-46ee-ae35-a0f92c01d778,17887,0,,,0,CDP
Base,beefy,DRV-WETH,123914ae-27e7-5b53-9a95-7bb507bedefa,17866,143.73082,,,370.37515,Yield Aggregator
Base,uniswap-v2,WETH-DNA,e4829d3f-4d2b-5c21-a750-de07125c070e,17846,0,0,,0.79198,Dexs
Base,uniswap-v2,MESSY-WETH,123c0672-145c-4e27-85fe-58b1a523446d,17827,1.35355,1.35355,,2.09645,Dexs
Base,uniswap-v2,WETH-▄︻デ══━一,3e0605c9-af5a-4851-9bbf-3621d9c6b695,17825,0,0,,0.00851,Dexs
Base,uniswap-v2,YUUKI-WETH,8ba833a1-3877-4cc3-81e4-4be194a3c17a,17825,0,0,,0.07517,Dexs
Starknet,ekubo,8-ETH,978cd9c4-ffc7-46c0-a088-4c22faf61e71,17809,0,0,0,32.93603,Dexs
Arbitrum,camelot-v2,JACKBOT-WETH,6c4475bc-6d30-4e72-aa3d-4ae7a8d0498a,17801,0,0,,0,Dexs
OP Mainnet,beefy,WETH-OP,59ef75f9-8d7e-4ff0-9ea7-47106e57fd1e,17792,69.99149,,,91.78198,Yield Aggregator
Base,uniswap-v4,WETH-MINTEDMERCH,4b931670-45e8-44c2-a88b-42c628451381,17786,0.0377,0.0377,,0.602,Dexs
Base,uniswap-v2,WETH-CUBE,c0e29330-c86b-4785-9677-c003bea6532a,17783,0,0,,0.02174,Dexs
Base,uniswap-v2,LTB-WETH,c4670da2-e4bc-4d11-8177-e4c9686acec3,17770,0,0,,0,Dexs
Base,uniswap-v3,͏-WETH,b00e1285-b4ad-4a1c-832f-5595bff5f67d,17765,0.00346,0.00346,,0.52909,Dexs
Base,uniswap-v3,WETH-FART,8cb81417-0b4f-4c35-8514-5081ce4c0d3f,17758,0,0,,0,Dexs
Base,uniswap-v2,WETH-NEGED,9b095461-387b-4e7c-b21c-67a113f8d55f,17711,0.00166,0.00166,,0.16249,Dexs
Base,uniswap-v2,$ERROR-WETH,f2cd8d96-663a-44f5-a9f5-fc104655f7ca,17711,0,0,,0.00534,Dexs
Ethereum,balancer-v2,OHM-WSTETH,6acb2a34-dc5b-424f-b4d6-96caa8a767b0,17689,0.19572,0.19572,,0.27854,Dexs
Ethereum,uniswap-v4,ETH-DOGESTR,11fb58c3-648b-4d57-a391-42acfb51ce0f,17668,0,0,,0,Dexs
Base,uniswap-v2,WETH-WOLF,6ffcd057-4f15-4483-8182-d05ea18ea68e,17643,0,0,,0.03111,Dexs
Ethereum,balancer-v2,LDO-WSTETH,86902516-7e33-4b79-9c1b-ddb78ed40277,17632,1.54302,1.54302,,1.25861,Dexs
Base,uniswap-v2,GLUTEU-WETH,ce34adea-378e-45f8-a944-b57fec209be8,17626,1.6639,1.6639,,0.98026,Dexs
Ethereum,sushiswap,SOS-WETH,05b457f3-a484-4d23-a2b7-01dded169dd3,17604,0.0252,0.0252,0,0.4459,Dexs
Arbitrum,balancer-v2,WETH-ARB,49ae6788-a510-4ad7-a792-9c3ab53cfd1a,17601,3.67417,3.67417,,10.17895,Dexs
Ethereum,uniswap-v3,WETH-LUNA,2f4cef66-0550-4db0-af0d-ce8926aa775f,17599,0.23822,0.23822,,0.30294,Dexs
Base,uniswap-v2,DGZ-WETH,6dd6fc0e-4ac0-45a7-9c1c-31abfc1a6365,17594,0.06648,0.06648,,0.16047,Dexs
Base,uniswap-v2,WOJAK-WETH,00f05842-1fea-47ed-8bc6-0e39eda3b363,17583,0,0,,0.00279,Dexs
Base,uniswap-v2,WETH-BUTT,97e5410c-244c-4f97-81a7-0b57e604cb94,17582,0.03655,0.03655,,0.07057,Dexs
Ethereum,balancer-v2,WETH-ALCX,a9f29a12-7772-46bc-b1f7-871689a0d5e0,17572,0.36251,0.36251,0,2.52677,Dexs
Base,uniswap-v2,WETH-COIN,b561090c-a0c6-413f-8367-9ea4c6b33ed8,17538,0,0,,0.0614,Dexs
Arbitrum,balancer-v2,WSTETH-JITOSOL,bec7bcb0-7dcb-4995-857a-40ccb85f8c64,17538,0.02546,0.02546,,0.16743,Dexs
Base,uniswap-v2,WETH-RATS,365b151e-c1b3-4ab0-aab7-7ba72796496c,17514,0,0,,0.00277,Dexs
Base,uniswap-v3,SPINACH-WETH,0336b309-8244-4e52-a2f2-dd77d500e68a,17511,0.28508,0.28508,,0.20906,Dexs
Ethereum,uniswap-v3,RARE-WETH,84d26425-f6c6-4bc7-961e-39241777ac44,17468,2.85626,2.85626,,6.88517,Dexs
OP Mainnet,uniswap-v3,WETH-PCM,e815af8d-679f-4669-ab6f-21efeaf27056,17464,0.0828,0.0828,,0.2858,Dexs
Base,uniswap-v2,LORD-WETH,03b0e894-249c-4a1f-b99b-11170052db1c,17460,0,0,,0.03934,Dexs
Ethereum,sushiswap,NIJI-WETH,276282b2-3c2c-4f1d-b0df-689367ad7cc0,17448,0,0,0,0,Dexs
Ethereum,uniswap-v3,IOTX-WETH,354486ef-1a7c-427a-aee2-e2bc84a443f4,17421,0.05279,0.05279,,1.43676,Dexs
Ethereum,balancer-v2,STR-WETH,e81e8b00-27de-433f-97e0-4344ff3e46be,17418,0,0,,0,Dexs
Base,uniswap-v2,TRUMP-WETH,e148ba96-42b4-4a64-9091-bc3d269c314a,17405,0.04376,0.04376,,0.15663,Dexs
Ethereum,sushiswap,FVT-WETH,afe9906e-2a93-40a4-9581-d470117cbaca,17381,0,0,0,4e-05,Dexs
Osmosis,osmosis-dex,ETH-BTC,c07027cb-8fb0-4399-a579-39f8ace7ce58,17372,0.00406,0.00406,,0.01344,Dexs
Ethereum,balancer-v2,WETH-WNCG,c0d9f4f9-d9eb-4a6e-b582-2fc32574f058,17367,0.17691,0.17691,0,0.69949,Dexs
Ethereum,convex-finance,GEAR-ETH,d9bd0bfa-a492-4b57-834f-ac5dfbd1a6db,17365,0.9,0.9,0,1.3772,Yield
Base,pancakeswap-amm,WETH-MUMIN,c2ab529b-93ad-4ec8-883f-41019aeb367b,17333,0,0,,0,Dexs
Base,beefy,WEETH-WETH,1dab025c-5a76-4e5a-85de-0af293542250,17283,3.94295,,,3.31124,Yield Aggregator
OP Mainnet,uniswap-v3,WETH-PIKA,927fbcd8-cf5a-4ca2-901d-5a37e0cf4db0,17270,0,0,,0.00017,Dexs
Arbitrum,uniswap-v3,REKT-WETH,d1e601c7-1af4-4623-bf06-1aa7be7e5028,17248,0.00069,0.00069,,0.03685,Dexs
Base,uniswap-v2,BAILEY-WETH,5ecfb323-4998-42d2-a31a-77158007ed3e,17239,0,0,,5.18025,Dexs
Base,uniswap-v2,WETH-SYNC,d8e57c84-291a-4847-8434-3c734c1bdc18,17236,0,0,,0,Dexs
BSC,uniswap-v3,ETH-LTC,0438cb95-e9fe-479c-80ed-043ed78e3c0c,17236,83.49064,83.49064,,90.68718,Dexs
Base,aerodrome-slipstream,WETH-DEGEN,94b37203-fcba-41e8-97e8-cbb0f92a2f41,17218,145.15893,22.39625,122.76268,148.85394,Dexs
Base,uniswap-v2,WETH-$FREN,18620d6b-a792-462b-a6b8-346b283fbf7b,17193,0,0,,1.40596,Dexs
Ethereum,sushiswap,PICKLE-WETH,169c4947-25cd-4944-9843-5fc188efbcd0,17188,0,0,0,0.06581,Dexs
Base,uniswap-v3,CLIZA-WETH,ba9db2cf-2647-4f43-b4f2-e14bb31f9fb3,17184,2.18456,2.18456,,0.15405,Dexs
Ethereum,uniswap-v3,WETH-GFI,de1f9212-286f-42f9-8a4b-6536e0ceb359,17176,0,0,,0.03982,Dexs
Base,uniswap-v3,WETH-BKCR,5e9a3e65-818d-44c4-8064-c4d34aba8231,17160,0,0,,0.57056,Dexs
OP Mainnet,beefy,WBTC-WETH,e7cec9c1-3640-46a8-9182-622467bd8ad4,17137,6.16444,,,6.91993,Yield Aggregator
Ethereum,uniswap-v4,ETH-RSWETH,0c57a544-e561-4a4a-95cd-517e3f6d6f96,17112,0,0,,0,Dexs
Ethereum,uniswap-v4,ETH-444STR,3de9d1bd-fd4d-47ac-9e7d-2562f44ea822,17108,0,0,,0,Dexs
Ethereum,convex-finance,ETH-CTR,aeee225c-f237-4061-9653-b9ce76e9229a,17076,16.03051,0.29,15.74051,14.58483,Yield
Ethereum,sushiswap,IBEUR-WETH,dd5bb661-406d-4791-95f3-c81b6e4b2fb9,17071,0.02335,0.02335,0,0.02164,Dexs
Ethereum,uniswap-v4,ETH-AGL,695275dd-e53c-5351-b56b-c503564dd127,17070,0,0,,0,Dexs
Arbitrum,uniswap-v3,BOOP-WETH,fdd630b1-7e70-41d2-a0de-69f06e3444c2,17063,0.3956,0.3956,,2.56089,Dexs
Arbitrum,uniswap-v3,WETH-NOLA,2fe71438-7e6b-4c55-a492-68622b26e611,17055,0,0,,1.79442,Dexs
Ethereum,sushiswap,WETH-WNCG,425e9255-d3a4-4b2b-af9c-bb3c8bcf52f9,16988,0.85444,0.85444,0,3.44849,Dexs
Arbitrum,kyberswap-fairflow,WETH-USDC,a71ce1fa-635b-461d-b1ef-63e147d5942f,16968,0.00051,0.00051,0,0.01362,Yield Aggregator
Base,uniswap-v2,WETH-GM,572fee32-a709-48d7-bb33-312d378b3242,16942,0,0,,3e-05,Dexs
Base,uniswap-v3,WETH-DOJI,64d84ac6-83d2-5812-9123-2d917e80586c,16942,0.08771,0.08771,,27.98456,Dexs
Ink,velodrome-v3,ANITA-WETH,51cd1446-70b0-4e5c-adb8-141114b3ce92,16930,1107.33281,,1107.33281,2154.76613,Dexs
BSC,mdex,ETH-BTCB,b877c4ac-f763-4e13-a5d3-622f5c75b16c,16922,8.27404,0.2743,7.99974,8.01205,Dexs
Base,aerodrome-v1,MOG-WETH,7b542141-5eed-4d70-bee6-0f9733beb362,16909,304.73962,,304.73962,259.83149,Dexs
Polygon,uniswap-v3,DMT-WETH,b619178b-c097-44d4-9192-3590f1b018a0,16907,0.06792,0.06792,,0.41636,Dexs
Solana,raydium-amm,WETH-LOOMI,166befac-2ab8-54db-838d-249db22ca5cf,16903,154.81,154.81,0,306.6651,Dexs
Polygon,uniswap-v3,WETH-MLN,543e899e-8d0f-45ca-ab93-89e374aa180f,16898,0,0,,0,Dexs
Ethereum,uniswap-v3,DYDX-WETH,1e11646b-9e73-4b89-829c-9a722cd60055,16895,0,0,,0,Dexs
Ethereum,sushiswap,BDI-WETH,3c0b1988-8147-45e1-93d0-965233f28aa7,16882,0,0,0,1.91514,Dexs
Base,uniswap-v2,WETH-ARGUS,2a410417-3752-49b5-92ee-d68a76c56e16,16872,13.49018,13.49018,,0.34315,Dexs
Base,alien-base-v3,WETH-B3,46fe98f2-711e-4ce8-95bf-62b5a6de5b59,16871,1.67325,1.67325,0,7.16298,Dexs
Base,uniswap-v2,WETH-MINKY,17ba0b7a-9664-40f4-92bd-d08eb631766e,16862,0,0,,0.12186,Dexs
Polygon,beefy,LINK-ETH,b55dc152-cf29-44d5-8485-65f5fcb40002,16827,5.19861,,,15.40979,Yield Aggregator
Base,aerodrome-slipstream,WETH-REI,9e0209c8-d508-5249-bc99-f703997c5a10,16794,381.37532,287.78856,93.58676,892.68723,Dexs
Ethereum,uniswap-v4,ETH-BETH,f38a98f0-4a2b-4ec4-b28f-3aeb1b3c9e93,16792,0,0,,0,Dexs
Base,uniswap-v2,WETH-BSOL,73dd763e-2efa-4dc3-bd76-1abacc5d36a6,16750,0,0,,0.10718,Dexs
Arbitrum,camelot-v3,MAGIC-WETH,73e0aaf1-0346-412b-bcbb-8418c32ab304,16749,41.75964,41.75964,,16.04893,Dexs
Ethereum,sushiswap,TORN-WETH,e9fbe20e-57fd-42d8-85cd-ba9dbe04a3f8,16727,4.26656,4.26656,0,8.33704,Dexs
Base,uniswap-v2,JUMP-WETH,6100f608-5815-4909-9b58-6b88e4bb5875,16723,0,0,,0.00238,Dexs
Base,uniswap-v2,WETH-DADDY,39e8ff8a-4a0c-45dc-8dcb-5c478b0cf221,16709,0.75396,0.75396,,0.05058,Dexs
Polygon,quickswap-dex,WETH-SUPER,1b6c8c0f-e88c-453a-a9b5-a897339f356c,16705,15.41971,15.41971,,438.99953,Dexs
Ethereum,uniswap-v4,ETH-111,a1ab153d-5a39-49cc-9434-0977c8e8db04,16646,0,0,,0,Dexs
Ethereum,sushiswap,OHM-WETH,50f2e73c-a063-4ccc-a637-a8e04bb2084c,16641,0.55572,0.55572,0,0.47525,Dexs
Flare,sparkdex-v3.1,WETH-WFLR,41c78ee2-ca13-4061-a696-68c45f933014,16614,0.55165,0.0237,0.52795,0.63297,Dexs
Move,meridian-amm,EZETH-WETH.E,69f236ef-b780-4141-934c-9cfa0f8d8711,16582,0,0,0,6e-05,Dexs
Linea,euler-v2,WSTETH,1e5fb054-2ae6-4aef-aaed-fcb0c80c04bc,16552,0,0,,0,Lending
Arbitrum,uniswap-v3,WETH-BIRD,971c8855-7de2-499d-9e0b-a117c68f57ab,16523,0,0,,0,Dexs
Ethereum,chainflip-lending,ETH,a646ec33-9535-4935-baa3-d8993ec49e18,16520,0,0,,0.01093,Lending
Ethereum,uniswap-v4,ETH-SHIBSTR,b476ae5a-3601-4297-8900-0cab93216410,16515,0,0,,0,Dexs
Arbitrum,camelot-v3,KITSU-WETH,ffab6aec-6c9e-44a6-a7ff-ff257a738d43,16472,0.34469,0.34469,,1.4588,Dexs
Base,uniswap-v3,$BUG-WETH,7b2ffa89-f457-47fb-8662-85457cd7f8b9,16467,0.05333,0.05333,,0.64924,Dexs
Base,uniswap-v2,WETH-AGENTPUDGY,8a6718ba-41d8-459d-ad1a-035f1afa1e3c,16455,0,0,,0.06069,Dexs
Base,alien-base-v3,ALB-WETH,2b72d684-91e6-4f19-b44f-78f7dcd4fd2c,16454,0,0,0,0,Dexs
Arbitrum,uniswap-v3,WETH-DYOR,835c7173-4936-4b3e-84ec-932280314648,16436,0,0,,0.00021,Dexs
Ethereum,sir,WETH-USDC,6a4fe3fd-a3dd-4691-9f18-cb92719f9af6,16433,48.16797,48.16797,0,30.25124,Derivatives
Ethereum,sushiswap,SATA-WETH,0dfdca3b-461e-4428-9c42-51b01b302bfb,16416,0,0,0,0.01388,Dexs
Base,uniswap-v3,🟦-WETH,cbd77a02-9f42-49b9-9f03-309037cb0dc8,16350,0.04173,0.04173,,8.1092,Dexs
Base,uniswap-v2,WETH-CHAIR,ae8d3ad7-88f0-43ce-90a8-edbe819596d0,16313,0.00092,0.00092,,0.00034,Dexs
Polygon,quickswap-dex,WETH-BANANA,210b895d-acd4-47e7-bb4c-27cd81079878,16311,0,0,,0.00023,Dexs
BSC,wombat-exchange,LP-SFRXETH,c2184a20-88f8-4190-b777-76e946fc11da,16303,0.00079,0.00075,4e-05,0.04725,Dexs
Monad,curvance,EZETH,029c7b71-6a00-4565-b89d-b759093ab041,16302,0,0,,0,Lending
Base,uniswap-v2,BBL-WETH,634fc2ab-7094-4866-9df4-d54e05567370,16270,0,0,,0,Dexs
Arbitrum,uniswap-v3,WETH-XVS,c0e40905-9de1-497c-b3f4-5dfcb53f450a,16252,0.37647,0.37647,,1.28301,Dexs
Base,uniswap-v2,WETH-SPIX,92302c78-7d67-4cb8-9d1e-1768cc95cde9,16242,0,0,,0.06519,Dexs
Arbitrum,uniswap-v3,MILES-WETH,61df2f01-fa6b-5daf-b984-eadd2760ba4a,16230,20.38626,20.38626,,88.37225,Dexs
Base,uniswap-v2,ALF-WETH,837ca51e-1893-492b-a7b5-448e57f2448e,16211,0.00542,0.00542,,0.06551,Dexs
Arbitrum,uniswap-v3,WETH-NCASH,a0853d9d-9ade-4036-822b-54da12d6e63d,16196,0,0,,0.23058,Dexs
Sui,cetus-clmm,ETH-SUI,dacdf34f-0c50-4d28-8df6-1bd97a9c8367,16188,43.34316,43.34316,0,26.15101,Dexs
OP Mainnet,uniswap-v3,WETH-USDC,c7d05e66-da36-439f-a673-a6d4f4ed0198,16170,0,0,,1.56481,Dexs
Arbitrum,folks-finance-xchain,WEETH,420a1e3c-3e43-4a92-bc8d-a14a044003aa,16169,0,0,0,0,Lending
Base,uniswap-v2,WETH-CIRCLE,1e903fbe-920b-4a93-aa24-f6426442ee80,16155,0,0,,0,Dexs
Arbitrum,camelot-v2,WETH-NOLA,ab86d75e-ea7d-404b-8d05-a07d7f95b67b,16143,0,0,,0,Dexs
Base,uniswap-v4,WETH-XRESEARCH,8fc55517-586b-4bad-8577-ce519879d413,16137,0,0,,0.11281,Dexs
Base,uniswap-v2,WETH-RESPECT,535f6b09-af4a-4b3f-be7d-575726694960,16097,0,0,,0,Dexs
Base,uniswap-v2,DELTA-WETH,cbc2f05e-a4b4-4235-a0ab-12a0ba57817d,16090,0,0,,0.00188,Dexs
Ethereum,uniswap-v3,APU-WETH,4beffe8c-4b12-4b9e-b788-dc9e049e4037,16085,87.8581,87.8581,,3.65803,Dexs
Ethereum,compound-v3,METH,390b8ac3-9ca8-4f31-9414-99e3ea734737,16077,0,,,0,Lending
Ethereum,curve-dex,CRVUSD-FRXETH-SILO,12ff8fd6-cc17-40d1-9cc9-808f04972b8b,16076,0.25954,0.09,0.16954,0.4444,Dexs
Base,uniswap-v2,WETH-TRAI,be2d592b-74cc-4381-803c-18928e8947c2,16045,0.05723,0.05723,,0.40273,Dexs
OP Mainnet,uniswap-v3,CRV-WETH,5dd34d15-e022-4682-aff1-f3b45e0dad0e,16035,0,0,,502.66167,Dexs
Robinhood Chain,alandale-v3,WETH-INDEX,6f1bca85-bd88-5d2f-ae91-aca520919d3c,16026,568.09062,0,568.09062,880.94764,Dexs
OP Mainnet,uniswap-v3,WSTETH-KNC,8998894c-698b-44fc-be02-52545ae24c2b,16025,3.14428,3.14428,,3.2327,Dexs
Base,aerodrome-v1,CBETH-WETH,821776c6-b8bd-4775-8f26-8dc90bff8e43,16007,0.01638,,0.01638,0.02198,Dexs
Base,uniswap-v2,WETH-SAKE,320ef31f-2a17-4f47-9cca-854e569d1547,15996,0,0,,0.08473,Dexs
Ethereum,frankencoin,WETH,6ff80a8c-8d76-5086-9101-01a64d9f1041,15987,0,,,0,CDP
Polygon,beefy,UNI-ETH,2da02f04-2a0a-4cb8-9506-deaffb7a43e8,15950,13.06842,,,46.53054,Yield Aggregator
Ethereum,sushiswap,OPIUM-WETH,9a71864a-4cf1-491f-9f9a-a53ddafa0bf9,15924,0.02699,0.02699,0,0.07155,Dexs
Ethereum,pancakeswap-amm-v3,WBETH-WETH,7cbec080-178f-453c-af0c-5181058b6dc1,15905,0.84134,0.84134,,2.64797,Dexs
Base,uniswap-v3,RUNNER-WETH,4ed3ee42-53de-45ac-9e5f-0071efb628b5,15895,0.19164,0.19164,,9.60863,Dexs
Arbitrum,beefy,WETH-USDCE,c3cfd32d-4e0f-4792-a0df-ade4b341bf45,15887,11.50334,,,17.66734,Yield Aggregator
Ethereum,convex-finance,CRVUSD-FRXETH-SILO,64a5ba63-d409-471c-a6d5-243860ac3632,15870,0.14,0.14,0,0.25717,Yield
Base,uniswap-v2,BRB-WETH,947c3b49-13e6-5ecb-902e-789508944695,15859,43.35731,43.35731,,72.72532,Dexs
Base,uniswap-v2,BONO-WETH,fedaa252-13b8-4609-a160-983cc75df342,15849,0,0,,0.0016,Dexs
Ethereum,sushiswap,WETH-FREN,3098f686-c70e-4ee9-b35a-36aae0cb789b,15818,0,0,0,0.00154,Dexs
Base,uniswap-v3,WETH-GLASSES,d70396ad-fac2-4998-be7b-9d37dd013572,15800,0,0,,0.01167,Dexs
Base,uniswap-v3,WETH-ASEND,98f3d942-bee2-48b8-bff4-8324cf5a5e47,15798,0,0,,0,Dexs
Base,uniswap-v2,BASED-WETH,c6ba28b1-4b37-4718-a4ab-501cf2b09506,15796,0,0,,3.29018,Dexs
Ethereum,uniswap-v3,BEAM-WETH,c97a077d-a993-42fc-b6b1-d605bb56836b,15796,1.80947,1.80947,,1.01019,Dexs
Base,uniswap-v2,WETH-BASU,fe303441-ef4c-428a-9c64-c4dc6b2076fe,15769,0,0,,0.12368,Dexs
Ethereum,uniswap-v3,AGEUR-WETH,1142c94f-1188-4cb0-8228-0b634d9eaf12,15755,0.73847,0.73847,,1.3338,Dexs
Arbitrum,camelot-v2,DROP-WETH,8659f7e9-6c0a-4e9e-9942-9dc447fcac67,15755,0.00528,0.00528,,0.00518,Dexs
Ethereum,sushiswap,MUST-WETH,1e5c5f56-8cd5-40de-b999-e5c2a69d9e22,15753,0,0,0,0.06363,Dexs
Sonic,beefy,WS-WETH,b8e0a8fa-e84f-46be-af69-8bbcc9cddb48,15749,95.16735,,,610.91068,Yield Aggregator
Ethereum,uniswap-v4,ETH-ELEVATE,f244e9df-32bd-462f-a60a-9bb8ac15d817,15747,149.37826,149.37826,,109.71282,Dexs
Base,uniswap-v2,WETH-BLING,441ab5c7-0cc5-4ac0-9fa3-fd9dd9aea291,15734,0,0,,0.00224,Dexs
Base,uniswap-v3,FALSENINE-WETH,aaca2b2a-281b-4517-aaa9-7384b4ffaa5e,15712,0.00091,0.00091,,0.23316,Dexs
Base,uniswap-v2,WETH-BLUE,dc915409-dec9-4d4a-b0d4-3b07a020eff9,15695,0.75008,0.75008,,1.27046,Dexs
Ethereum,uniswap-v4,ETH-SWEEPSTR,6eaec801-b4df-47e1-aa5f-8d7724ef66b6,15685,0,0,,0,Dexs
Base,uniswap-v2,BRENN-WETH,4e694980-954d-43fd-a439-165a15619086,15676,0,0,,0,Dexs
Base,uniswap-v2,WETH-DUDE,20471d73-b075-4bee-ba8a-9745498a78e6,15669,0.00568,0.00568,,0.08152,Dexs
Base,alien-base-v3,WETH-AEROBUD,b8972f49-19b6-4f65-8640-c255aed09bc3,15653,1.61928,1.61928,0,2.4188,Dexs
Bob,uniswap-v3,WBTC-WETH,94bec762-cfa9-40cd-a927-719ca2482567,15604,12.27195,12.27195,,36.62729,Dexs
BSC,venus-flux,ETH,fd644d1b-431c-41f8-90bc-317e3f65ec84,15600,0.48,0.48,0,0.59517,Lending
Polygon,balancer-v2,LINK-WETH-BAL-AAVE,424911d0-4e25-4892-9819-ebaf4814f02d,15596,1.2652,1.2651,0.0001,1.57848,Dexs
Base,uniswap-v2,BANANA-WETH,e282e08f-86a0-4b74-ae25-53f62dd23e13,15565,0,0,,0.028,Dexs
Base,beefy,WETH-AERO,b6a1a7cd-06a5-4461-8623-bd6a52f138ce,15547,33.89042,,,35.19428,Yield Aggregator
Ethereum,sushiswap,VUSD-WETH,ab656f9c-23ed-446a-a653-89c5208ea62d,15546,0.79401,0.79401,0,1.1558,Dexs
Base,uniswap-v3,TAB-WETH,e65b8e7e-d52b-4364-ae37-0b4eba9d69af,15532,0.0118,0.0118,,0.14767,Dexs
Polygon,quickswap-dex,POLI-WETH,21204cd3-1b66-4467-bafb-eab257f48f81,15516,0,0,,0,Dexs
Base,alien-base-v3,ALB-WETH,a7715db8-42aa-4dfb-83b2-133d7f56a0c4,15506,0,0,0,0,Dexs
Base,uniswap-v3,BRND-WETH,e5dafe25-5ed5-4148-a909-89b5dfb72975,15502,0.00247,0.00247,,0.40577,Dexs
Base,uniswap-v2,BMARV-WETH,190269a1-8d38-4ea0-9521-2025f9749f78,15493,0,0,,0.00364,Dexs
Base,aerodrome-slipstream,WETH-AIXBT,59cb4a93-c76c-444b-9f68-05beb59d8dad,15461,173.05407,51.2441,121.80997,124.06962,Dexs
Base,aerodrome-v1,WETH-KLIMA,6ce6646c-c1e4-49fc-8dc6-458519e9881d,15450,55.69823,,55.69823,42.83833,Dexs
Ethereum,sushiswap,WETH-PLR,b56a0895-1bfd-41c8-8c65-8d09f387871c,15447,0.07667,0.07667,0,0.18247,Dexs
Ethereum,uniswap-v3,SHRUB-WETH,1c7ae026-7789-4c98-9048-bda1b8cab45c,15439,5.78008,5.78008,,5.45081,Dexs
Flare,sparkdex-v3.1,WETH-FLRETH,5e3af1e2-79ac-4dad-bc81-d565a8dcefec,15437,0.01718,0.01718,,0.00987,Dexs
Base,uniswap-v4,ETH-NANITE,9ba6102d-fa64-4dd3-b57d-48fee248d5f1,15424,0,0,,0,Dexs
Base,uniswap-v2,WETH-SOLB,9443b1bb-2926-4641-953d-5956dbc59f51,15423,0,0,,0.21698,Dexs
Arbitrum,camelot-v3,RBC-WETH,4200f197-e824-4d11-af23-3950b4f0263a,15391,0,0,,0.07142,Dexs
Base,uniswap-v2,WETH-CHATTY,1f672317-4e13-4dd7-9db2-ef544ff0e9f9,15373,0,0,,0,Dexs
Ethereum,sushiswap,BLOCK-WETH,4211f54a-e56e-436c-9088-427eb57e8bc7,15335,0.0257,0.0257,0,0.00194,Dexs
Base,uniswap-v2,WETH-SKIPUP,761f9055-d090-46e1-91a8-cdc71616262d,15316,0.00089,0.00089,,0.00623,Dexs
Ethereum,pancakeswap-amm,WETH-WNCG,fd82e01d-ed3e-432d-ba05-831599c65376,15309,0.62339,0.62339,,2.15228,Dexs
Base,beefy,CBETH,ac270d86-ab21-4c7e-a981-5bc0b3928a73,15300,2.37021,,,2.36739,Yield Aggregator
Heco,mdex,HUSD-ETH,7e692787-30bc-4fdc-81cc-6ef58f41378b,15295,0,0,0,0,Dexs
Base,uniswap-v3,WETH-RSC,db191e84-b77d-4dd9-bbe8-2a61ca1f7e7d,15280,1.54283,1.54283,,26.84504,Dexs
Base,uniswap-v4,WAR-WETH,a2e29270-a04e-45d0-b66a-49aa033c43a3,15280,0,0,,0.00198,Dexs
Base,uniswap-v3,RUSSELL-WETH,c98fe270-23b0-4e32-957a-fb371e19e4f5,15265,14.0431,14.0431,,26.00555,Dexs
Base,uniswap-v2,WETH-AETHR,ffae9527-cc74-43a1-b74e-d9f38f0b520d,15251,0,0,,0.08278,Dexs
Base,uniswap-v2,WETH-ANGEL,a3db8037-bba1-4134-8356-680ea1a028db,15245,0,0,,0.07727,Dexs
Arbitrum,beefy,LDO-WETH,1c563727-1a81-4a8d-9c0d-522826f4cea8,15245,20.93185,,,29.7734,Yield Aggregator
Base,uniswap-v3,WETH-GCAT,63cda20e-8067-4648-b707-59acef40b4b2,15224,0,0,,0.06456,Dexs
Base,uniswap-v3,WETH-WTCOIN,20753e6b-0acc-5c97-9a61-2e4c98f67d3b,15216,135.91151,135.91151,,253.26241,Dexs
OP Mainnet,velodrome-v2,WETH-HOP,477a22a9-9aa3-4bb1-87b7-b24c231b3ef9,15210,189.07186,,189.07186,157.51835,Dexs
Arbitrum,gamma,EZETH-WETH,2505ee81-02ac-5606-8704-6b2700b0dff4,15180,0,0,0,0,Liquidity Manager
Ethereum,sushiswap,RUNE-WETH,68458a5e-ae50-453e-998a-8e13a482d61e,15164,4.21591,4.21591,0,0.5889,Dexs
Base,uniswap-v2,WETH-MOON,dc1946aa-b486-4bfb-af70-a6efcdd4ff21,15154,0,0,,0.27131,Dexs
Arbitrum,gamma,EZETH-WETH,a8396fac-3afc-4df6-ac1b-3c3108b78796,15145,0,0,0,0,Liquidity Manager
Berachain,dolomite,RSWETH,aceb0ba5-502c-4928-87e3-72907741422e,15112,0,0,,0,Lending
Ethereum,sushiswap,WETH-CANNA,9b7da02d-7392-41bc-b052-2b55ebebc7ef,15105,0,0,0,0,Dexs
Base,aerodrome-slipstream,WETH-VELVET,624f9d54-e8fb-4291-912f-437a4a00874d,15097,3673.3572,1934.17225,1739.18495,689.48616,Dexs
Base,uniswap-v2,WETH-GIVE,a80b4df8-b83d-4d3e-a1ba-075fa6403fa7,15091,0,0,,0.12002,Dexs
Ethereum,sushiswap,AEON-WETH,b89407c1-d15a-46db-ac0c-b1616ca7b933,15045,0,0,0,0.07785,Dexs
Base,uniswap-v3,PUBE-WETH,7cdb0bc7-e7f8-43b7-881d-7c105e6b112b,15034,0.08003,0.08003,,0.62539,Dexs
Polygon,quickswap-dex,WETH-FID,1916b1db-cedf-47c1-8e31-7d89c683368d,14997,0.05904,0.05904,,0.06106,Dexs
Base,uniswap-v2,WETH-BRETARDIO,7ac1be34-72ea-41c8-9123-be6838f384fc,14976,0,0,,0.00095,Dexs
BSC,beefy,ETH-BTCB,2b9022cb-aabb-4bfc-a294-2c3575a66c72,14965,7.66262,,,4.41686,Yield Aggregator
Base,uniswap-v2,AIGPU-WETH,20f63e30-2e7f-4a60-aa0f-dfaaf766ac14,14962,0,0,,0,Dexs
Ethereum,uniswap-v3,DBI-WETH,5d7957c9-6e09-46e7-8ac3-15680fc0c22a,14962,42.11578,42.11578,,37.11627,Dexs
Base,uniswap-v2,WETH-NUTRABUDDY,fcf4de26-1475-41df-a81f-55ce7790aa0b,14958,0,0,,0,Dexs
Polygon,uniswap-v3,WETH-DAI,07ae493b-6984-4a0e-89cf-612b7c428b40,14942,1.8351,1.8351,,2.3387,Dexs
Robinhood Chain,alandale-v3,AMC-WETH,6f33d971-b7b8-5e70-aba9-2062dab5824a,14941,43.96528,0,43.96528,285.82006,Dexs
Ethereum,uniswap-v4,ETH-STECRV,3f185e87-15c0-4c7e-92ea-db68ab28a5fd,14927,0,0,,0,Dexs
Arbitrum,uniswap-v3,BOO-WETH,82848996-781c-4482-9954-2c6e6232d318,14925,0,0,,0,Dexs
Base,uniswap-v2,WETH-MARIE,ece3d0c3-77d7-4f2a-aced-7927b2344d15,14917,0,0,,0.00018,Dexs
Starknet,ekubo,CASH-ETH,116f878e-e970-594f-9d7d-5c5037b95010,14916,26.18542,26.18542,0,36.35719,Dexs
ZKsync Era,woofi-earn,ETH,0ad30211-dbba-474b-9bd5-b2d642b966f5,14908,0,0,0,0,Yield
OP Mainnet,uniswap-v3,WETH-BITANT,8ce8ecf2-b90d-4e65-9ee8-ac8d04b46594,14905,0,0,,25.75935,Dexs
Ethereum,uniswap-v3,ORA-WETH,371badf1-b981-47d2-bdc5-4bfe0df653fb,14901,0,0,,2.96806,Dexs
Ethereum,uniswap-v3,GEL-WETH,c0d2e590-fb7e-43b7-88d0-ec04f0228c1e,14891,0,0,,0.18443,Dexs
Base,aerodrome-v1,SYND-WETH,34e9c2c8-8289-42a9-8e3c-0ea3239b1bda,14875,108.62295,,108.62295,113.93682,Dexs
Polygon,quickswap-dex,NEXO-WETH,13778281-a113-40b9-9927-f1d3e3e09bc1,14874,0.59331,0.59331,,391.32971,Dexs
Base,uniswap-v2,WETH-BPH,63d9850c-36bd-4cfa-9282-acd51844cbb8,14862,0,0,,0,Dexs
Base,uniswap-v2,CTO-WETH,95753549-05a5-4db0-95ec-63ef35d5704b,14837,0,0,,0.1821,Dexs
Base,uniswap-v2,JOGECO-WETH,ad126e46-1d6b-4b05-8a11-bc657fd15b35,14827,0,0,,0,Dexs
Base,uniswap-v2,WETH-DOGEBASE,85cb8f23-29a1-4f7d-8b6d-2e4304ee0fe8,14826,0.32948,0.32948,,0.37326,Dexs
Polygon,uniswap-v3,MKR-WETH,528507c5-3da1-4391-aa0d-98ef0b292dcd,14826,14.4661,14.4661,,6.23554,Dexs
Ethereum,beefy,USDC-WETH,4863331e-c52d-5b55-b7cc-087feceefe41,14804,17.48908,,,22.93861,Yield Aggregator
Arbitrum,uniswap-v3,WETH-GRT,2d0c1d96-0d38-436c-8ba3-a3437219d4c8,14791,55.01348,55.01348,,121.6982,Dexs
Ethereum,uniswap-v4,ETH-KNICKS,3192338b-53fe-4ae1-95cd-e983352030a6,14778,0,0,,0,Dexs
Ethereum,uniswap-v4,ETH-RWA,2b6dbfd3-999b-5513-9b33-cc38a39093ee,14747,0,0,,0,Dexs
Base,uniswap-v2,WETH-D.O.G.E,cb315c04-a453-4c0d-83ff-ca05c326397c,14722,0.07106,0.07106,,0.15206,Dexs
Base,uniswap-v3,BNXR-WETH,502dd23a-86ea-4a62-a716-c149057160cb,14721,4.90988,4.90988,,0.19051,Dexs
Ethereum,balancer-v2,PAR-WETH,ac56e759-3104-4aee-9a73-10602ae2e567,14717,0.15704,0.15704,,0.18323,Dexs
Base,uniswap-v2,WETH-MAXMRKT,5cc17e2c-ee3b-43f6-83b4-463ea6ec907c,14697,0,0,,0.00096,Dexs
Base,aerodrome-slipstream,EIGEN-WETH,9ec56183-b4f8-4955-9e12-ea45e0823add,14685,223.00283,75.59173,147.4111,118.29776,Dexs
Arbitrum,uniswap-v3,WETH-NYAI,205dffe9-2f83-41ac-9074-a219cf34380c,14671,0,0,,0.00082,Dexs
Arbitrum,beefy,GMX-WETH,a86d1142-c9ec-41b3-a5c3-6be71fcdd224,14663,21.11468,,,22.16992,Yield Aggregator
Base,uniswap-v3,SMCTOKEN-WETH,89b15a6f-df6b-4e50-b205-d96a56dded1d,14646,0.12902,0.12902,,1.48184,Dexs
Arbitrum,uniswap-v3,WETH-PEPE,00196d9a-9f18-464a-982f-cb451a1303e7,14636,0,0,,1.19975,Dexs
Arbitrum,uniswap-v3,WETH-USDT,a6fc6500-e3cb-4d2e-a18e-12bcdf5aa22c,14632,0.81354,0.81354,,1.31472,Dexs
Base,uniswap-v2,MISSER-WETH,b05613c0-6d54-43b8-8c49-f769b04755bd,14625,0,0,,0.08618,Dexs
BSC,uniswap-v3,ETH-USDT,8bf06438-b14e-475c-8998-76cfbff9ed7b,14616,1.42059,1.42059,,4.20943,Dexs
Ethereum,kyberswap-fairflow,ETH-PPT,38900bb4-0b63-5f84-910d-01371fccb9f5,14610,118.20218,118.20218,0,47.97653,Yield Aggregator
Base,uniswap-v3,MEOW-WETH,188243d5-38a6-57c3-adf6-c52662d027bf,14576,26.52848,26.52848,,50.12419,Dexs
Base,sushiswap-v3,WETH-RICK,e2211489-76fd-4eb6-ac16-6ea200c64707,14575,0,0,,0.17484,Dexs
Ethereum,uniswap-v4,ETH-CMETH,c353d2e7-35ed-53f2-82db-896df35cfb91,14572,0,0,,0,Dexs
OP Mainnet,uniswap-v3,BOO-WETH,714c5e03-3fa8-4bd3-a593-2250ecd36bff,14566,0,0,,0.03131,Dexs
Base,aerodrome-slipstream,WFRAX-WETH,e98b58c6-8bc2-43d7-a1c2-19c4a7010e92,14549,17.14664,1.72537,15.42127,133.90537,Dexs
Arbitrum,gammaswap-open-interest,WETH-USDT,43c97331-2bcb-4265-9fc1-bd774d9fdaf1,14548,0.0252,0.0252,,0.4323,Options
Base,beefy,CBXRP-WETH,725ef7ba-4607-45bb-b63b-7f7b7e0f6b68,14544,38.29045,,,37.52936,Yield Aggregator
Base,uniswap-v2,WETH-CAO,af1c2801-04d4-47dc-bc47-1e89f3e27ac9,14529,0,0,,0.09006,Dexs
Base,smardex-amm,WETH-SDEX,d0085a79-0d2a-45ad-ae5e-6c00c3fb330c,14501,2.78368,2.78368,0,2.17849,Dexs
Ethereum,sushiswap,BAND-WETH,67bea106-ffff-424e-ba2e-9962f54cd864,14496,23.71863,23.71863,0,3.44175,Dexs
Base,uniswap-v3,BASED-WETH,09538804-dd36-4ee7-808d-4f64fac66c42,14493,3.20719,3.20719,,0.20124,Dexs
Ethereum,sushiswap,BPT-WETH,b296a0e3-e285-42ad-8879-a66d9842735f,14468,0.00098,0.00098,0,0.55342,Dexs
Monad,springx,WETH,c56b2c43-6e89-4e93-83a2-0a669d5c9573,14468,5.97,5.97,,6.7553,Yield
Base,uniswap-v3,WETH-SKOP,6962f0ba-c8c7-423d-93f3-2ee2af54daca,14426,3.06983,3.06983,,8.65764,Dexs
Base,uniswap-v2,FME-WETH,635d4acc-842b-4647-8aef-79bb8150e233,14424,0,0,,0.00285,Dexs
Ethereum,uniswap-v3,1INCH-WETH,4c979125-9d0c-474d-a568-47de0988a5f0,14419,0.4779,0.4779,,0.31764,Dexs
Base,uniswap-v2,WETH-CANNABISAI,eb480b0e-6d6a-41d5-9d29-6af583bdca2b,14416,0.03369,0.03369,,0.00711,Dexs
Ethereum,balancer-v2,WETH-USDT,8cc9cb4f-a0b0-42b8-966a-08a2f7e61d6c,14411,0.58873,0.58873,,1.3658,Dexs
Arbitrum,camelot-v3,APEX-WETH,bd655034-56b8-4b66-a8a1-7b0732bc5dba,14406,44.70497,44.70497,,82.98143,Dexs
Arbitrum,camelot-v3,WSTETH-ETHX,1ffc04ac-1d52-4665-9021-6f884a8eafef,14404,0,0,,4e-05,Dexs
Polygon,quickswap-dex,WETH-XPB,5b345327-db84-4993-9cce-d03555cc7859,14380,0,0,,0,Dexs
Arbitrum,uniswap-v3,WETH-OSAK,56ca8375-bfc8-4297-ba5f-0f0fb9401442,14373,0,0,,0.00251,Dexs
Base,uniswap-v2,WETH-FIRE,9e76224c-3931-4a06-a75e-a152fda059be,14359,0,0,,0.03826,Dexs
Base,uniswap-v2,TOKITO-WETH,a18c4f33-4bed-48fd-a3b9-a249a6155e69,14357,0,0,,0.00744,Dexs
Ethereum,uniswap-v3,NMR-WETH,7073d1c9-65db-48a1-86ae-47359deef23c,14310,102.51188,102.51188,,96.51953,Dexs
Polygon,uniswap-v3,WETH-$ERA,52d06fe9-af16-4ea4-ba3d-259ece8393e5,14309,0,0,,1.00001,Dexs
Base,uniswap-v3,WETH-SAPIEN,7e03e6dc-9409-40c3-9dfd-157856be0268,14307,32.40904,32.40904,,40.70899,Dexs
Arbitrum,uniswap-v3,WETH-DPI,29cfe83c-1927-4f25-b7e0-94d1e1264808,14306,0,0,,1.9717,Dexs
Arbitrum,uniswap-v3,WETH-GETH,b9852b28-a722-4b2e-a6c2-9d50d3c270da,14303,0.00222,0.00222,,0.01567,Dexs
Base,uniswap-v3,JETBOLT-WETH,c7917110-8c25-480d-bea1-03376bf4db58,14283,0.00071,0.00071,,0.00071,Dexs
Ethereum,uniswap-v4,ETH-V4,83258cf6-a797-5ee9-9953-685ee1819877,14236,0,0,,0,Dexs
Ethereum,convex-finance,WETH-RETH,eed0c744-b835-4646-92f5-fa875fbf4029,14225,1.44,1.44,0,1.75279,Yield
Katana,symbiosis,WETH,04d96c39-04d6-4e51-9536-781990cfd49f,14222,0,0,,0.08654,Cross Chain Bridge
Base,uniswap-v2,WETH-🪙GOLD,cf2c091d-86ff-49c5-9cff-f513ddef8534,14217,0,0,,0,Dexs
Polygon,uniswap-v3,WETH-TEL,fe93b9ef-0d3a-485e-963b-014a40fe6c3e,14212,164.01673,164.01673,,79.49536,Dexs
Ethereum,supernova-cl,XAUT-WETH,55804c7a-5da9-43e9-8445-7ed5b78febc1,14211,3194.52538,0,3194.52538,1795.4715,Dexs
Robinhood Chain,alandale-v3,WETH-BABA,e45a5e36-a5e2-59bc-ae6b-ca3b325150ab,14209,30.79244,0,30.79244,268.88137,Dexs
Base,uniswap-v2,BRETT2.0-WETH,c7393891-ccfd-4820-ab67-d7166580e3dc,14173,0,0,,0.01649,Dexs
Base,pancakeswap-amm,OZ-WETH,38889be8-36e6-466a-b132-bbf61e9cd7ad,14168,0,0,,0,Dexs
Ethereum,sushiswap,WXRP-WETH,5890d5dd-66e2-476a-bfc7-9d56d274d43e,14152,4.02233,4.02233,0,5.60299,Dexs
Base,uniswap-v3,PARADOX-WETH,4c075c9e-3e85-4384-a537-7f19d69fd7ba,14146,0.16172,0.16172,,2.07772,Dexs
Base,uniswap-v2,WETH-ARC,ee3055b9-1a3a-4f2f-a4fa-b19c5c08f055,14143,2.84462,2.84462,,5.90209,Dexs
Ethereum,uniswap-v4,ETH-IETHV2,61191842-76c9-4a65-ad40-00b0156adc36,14122,0,0,,0,Dexs
Arbitrum,uniswap-v3,WETH-FARB,0a72c4bf-47c5-49cb-9406-d24852a358f8,14104,0,0,,0.00237,Dexs
Base,aerodrome-v1,WETH-CHAMP,9adc7df6-dba5-4d99-aa80-0846b906cf7b,14103,12.1085,,12.1085,14.48175,Dexs
Base,uniswap-v2,WETH-GOAT,8ff4cf98-d73f-45f0-969e-2e9d4d2b9738,14062,0,0,,0.03119,Dexs
Arbitrum,uniswap-v3,WETH-POGAIBABY,9b357da5-bb06-461f-8dd7-58db543c3740,14050,0,0,,0.00016,Dexs
OP Mainnet,velodrome-v2,HAUS-WETH,f46cfdaf-c79a-4f99-a55f-79892b8890dd,14033,0,,0,0,Dexs
Base,uniswap-v3,WETH-POLA,7c1a9c8f-2b11-4f4c-9d0e-793f236d0766,14029,0.54255,0.54255,,1.09388,Dexs
Base,uniswap-v2,WETH-DOM,858e0a69-82e5-4307-a55f-5f98249bc507,14013,0,0,,0.2242,Dexs
Ethereum,balancer-v2,DPI-WBTC-WETH,639da759-0a77-41b2-a9d2-5ec6531aebd9,14007,0.86278,0.86278,,1.10826,Dexs
Ethereum,uniswap-v3,WETH-HAY,5fb60439-abd8-40b9-bb4d-3cf7c9075dad,13999,0,0,,10.81812,Dexs
Arbitrum,uniswap-v3,GEMS-WETH,4be45818-37f7-47d3-a007-473dbd6a05e2,13995,6.56043,6.56043,,5.49034,Dexs
BSC,uniswap-v3,ETH-USDC,5690ec25-9639-48d9-b6c5-f86a273f8208,13982,5.30053,5.30053,,8.54896,Dexs
Base,uniswap-v2,WETH-YEPE,02076637-cf9b-4c31-8e3e-0d576afa7b59,13968,0,0,,0,Dexs
Base,uniswap-v2,WETH-LCAI,5cfbf763-7fc4-4b20-a56f-1736ef82ece1,13938,0,0,,1.26654,Dexs
Base,uniswap-v2,BS4-WETH,62842609-078f-432d-a7f1-5a33eb0357b4,13933,0,0,,0.00319,Dexs
Polygon,harvest-finance,ETH-USDT,ec363333-cc04-4e82-a56b-efa8dadac128,13920,58.03,58.03,,103.47454,Yield Aggregator
Base,uniswap-v3,BUTTHOLE-WETH,2101b4ce-ab09-4882-a969-6335327bee6a,13904,0.02735,0.02735,,0.11663,Dexs
Arbitrum,uniswap-v3,WETH-PUJA,1275a1af-45e6-4546-a2d0-7457e196671a,13898,0,0,,0.00033,Dexs
Base,uniswap-v3,PEPEC-WETH,1bf44975-7ba3-4971-b60c-6769b451f9bb,13895,1.08222,1.08222,,6.45194,Dexs
Base,fluid-lending,WEETH,6d494872-efe6-495c-8822-5442da3f51f6,13890,0,0,,0,Lending
Robinhood Chain,ekubo,ETH-USDG,5b4e2904-fb8a-596b-a83a-1db1f0b88b71,13865,66.61425,66.61425,0,249.38129,Dexs
Ethereum,uniswap-v3,WSTETH-USDC,d38a7e49-27f8-4679-b4af-b9752f25f2e6,13860,1.26848,1.26848,,395.37862,Dexs
Base,uniswap-v2,WETH-BRETT2.0,303e0f1a-ec8c-4c49-b778-2b3fad811e1e,13851,0,0,,0.04085,Dexs
Ethereum,smardex-amm,WETH-USDT,69e2fdf4-32e8-4e06-94f8-1c967b308e43,13849,4.38304,4.38304,0,4.95755,Dexs
Ethereum,uniswap-v3,MOG-WETH,dd465376-2c54-4b56-b50d-252c295af7d2,13824,1.55927,1.55927,,10.8183,Dexs
Base,aerodrome-slipstream,WETH-COOKIE,1e950c05-28ff-458a-b8bb-160697d6d751,13780,1.21354,1.21354,0,3.04882,Dexs
Base,uniswap-v2,WETH-BLUBI,a0099d9d-d214-4967-b570-38f9a8ad28b6,13779,0.00963,0.00963,,0.01237,Dexs
Base,uniswap-v2,WETH-LOA,607b1880-65c1-4599-965e-bcb06b6b0f0a,13772,4e-05,4e-05,,0.01555,Dexs
Base,aerodrome-v1,WETH-SYRUP,987c68a4-0b31-41d4-8884-03503862ee42,13741,11.77318,,11.77318,10.81219,Dexs
Base,uniswap-v2,WETH-BOBA,be6fcdc7-f1a5-424b-8a7c-70d818bd3f4e,13738,0.3976,0.3976,,0.01884,Dexs
Base,uniswap-v2,WETH-FPEPE,1d3ed755-56c4-41d4-bcb5-0e1f04d70ed5,13737,0,0,,0.03909,Dexs
Base,uniswap-v3,WETH-QUACK,3749c5d9-f5f1-419d-a7da-fd6bce910f7f,13732,0.00592,0.00592,,0.00135,Dexs
Arbitrum,uniswap-v3,WETH-VKA,1e2306ac-0def-45a0-b8bb-f4d4554c61a4,13709,0,0,,0.00012,Dexs
Robinhood Chain,morpho-blue,WETH,aff4aa50-22e2-54a4-a10e-0aa2440f1552,13707,0,0,,0,Lending
Base,uniswap-v4,WETH-BLOCKRUNAI,42834e7a-983d-431e-946a-59ecc33a10ca,13700,0,0,,798.85991,Dexs
Base,uniswap-v2,WETH-LATCH,b53b22a2-0da6-4cb6-9897-0b982d7fe3a1,13691,0,0,,0.00035,Dexs
Base,uniswap-v4,ETH-MWETH,99afbb8a-d9e8-41f8-8952-ec0f016034c5,13669,0,0,,0,Dexs
Ethereum,sushiswap,PNK-WETH,f5d0ac14-ed10-4435-bd35-7becc442f0ad,13665,0.75286,0.75286,0,0.70959,Dexs
Arbitrum,uniswap-v3,WETH-QKNTL,c558135c-2006-49ab-a1d6-0a8e5e09426e,13663,0,0,,0.05668,Dexs
Ethereum,pancakeswap-amm,ETHCAKE-WETH,c4c02eb6-39e6-436b-84f0-a193ea0b0ec8,13662,0,0,,0,Dexs
Ethereum,sushiswap,XFT-WETH,8974bbb7-3762-40ad-bda7-a3545390e656,13660,0,0,0,0.36685,Dexs
Arbitrum,camelot-v2,AIBABY-WETH,f7b8f051-61a9-4829-8780-e667f211cf0c,13629,0,0,,0.0002,Dexs
Ethereum,balancer-v2,MPH-WETH,20891206-13d0-4049-ba6a-d16e4d9b70de,13624,0.05786,0.05786,0,0.03937,Dexs
Base,uniswap-v3,GRIPPY-WETH,b11f5eb6-6f5a-49f1-aa76-11a3135ec04c,13609,0.00134,0.00134,,2.70191,Dexs
Ethereum,sushiswap,TKNFY-WETH,631d53b3-8c77-44e3-8112-8696ce7bdf3f,13606,0,0,0,0.00187,Dexs
Base,uniswap-v2,WETH-NYAN,2c21eb89-2699-4c0d-8fe1-ced04799cd41,13564,0,0,,0.01828,Dexs
Arbitrum,uniswap-v3,LADYS-WETH,decaf23c-377e-4c94-b637-87c3eac84178,13555,0,0,,0.01894,Dexs
Base,extra-finance-leverage-farming,WEETH-WETH,ebd9c627-a906-464a-a4b1-dd8434ee5076,13546,4.32683,4.32683,,3.61444,Leveraged Farming
Ethereum,inverse-finance-firm,STETH,14e6e06c-a9aa-4f98-ae10-3236ef8a2927,13540,0,,,0,CDP
Base,uniswap-v2,VANGU-WETH,715a1044-1f46-43b3-9d7b-9c3f2ccbb1bf,13517,0,0,,0.00095,Dexs
Base,uniswap-v2,WETH-LINU,eface2e7-83c6-4730-990d-51ba51ef1f15,13506,0,0,,0.00029,Dexs
Base,uniswap-v2,WETH-BLINDZEBRAS,40c1091a-5de0-4992-93dd-63fe5a3a9602,13483,0,0,,0.00062,Dexs
Base,uniswap-v2,GMN-WETH,7628d848-c506-4ce6-92a3-e7c124deee22,13480,0,0,,0,Dexs
Arbitrum,camelot-v2,NOSE-WETH,0de7ada8-ed9d-47f2-891b-85f0266ed411,13475,0,0,,0,Dexs
Base,uniswap-v3,FED-WETH,cb02a1fd-aea0-4269-96bf-fb7bf0e69442,13473,0.03064,0.03064,,0.43589,Dexs
Ethereum,uniswap-v4,ETH-GG,fe0aa1b3-1b54-590d-a6bb-d617bea56811,13434,0,0,,0,Dexs
Base,uniswap-v2,EVENTS-WETH,b5ac98bf-d84e-4ae4-9683-7b72f0c39ae1,13430,0,0,,1e-05,Dexs
Base,sushiswap,WETH-KEPT,bb2d9119-a7b1-4a16-873d-076b88062396,13409,0,0,,0.05902,Dexs
Arbitrum,uniswap-v3,WETH-PEN,5d5dc8e2-478f-4411-8a45-89b7b06e1eed,13404,0,0,,0,Dexs
Base,uniswap-v2,BROOT-WETH,a1a43e74-baf4-46bb-a321-10dee8fc510f,13387,0,0,,1e-05,Dexs
Base,uniswap-v2,MARI-WETH,55f2ee3e-1e87-4586-ae3c-a29e5112c6ba,13381,0,0,,0.06941,Dexs
Monad,morpho-blue,WETH,6eab417e-e9e8-4d5e-b8f7-88add51f44d9,13380,0,0,,0,Lending
Base,uniswap-v2,WETH-CHICKY,409493ae-43ed-424d-bae6-c610467c634d,13373,0,0,,0.00079,Dexs
Ethereum,uniswap-v4,PANO-WETH,463e05ac-4b7b-4e04-879b-34acc1c20312,13368,0,0,,0,Dexs
Base,uniswap-v2,FLOCK-WETH,2c6f39ee-4131-4643-b6f0-2e1ad706ff2d,13357,0,0,,0,Dexs
Base,uniswap-v2,SYNDOG-WETH,0f985486-a79f-41a3-8972-8ccee079edd1,13352,0.0072,0.0072,,0.07005,Dexs
Base,uniswap-v2,BIDDY-WETH,22dcd7ca-e38a-4f56-ad7e-b1b66904b5f2,13344,0.04104,0.04104,,0.03137,Dexs
Base,sushiswap,WETH-BOMB,71d958a7-ea80-472d-bd62-ea7ef6750cfa,13338,0,0,,0,Dexs
Sonic,metropolis-dlmm-vaults,WETH-USSD,06ca95a1-b5f1-4aa2-ad22-dcef9da1af2a,13337,15.87323,12.4901,3.38313,29.41259,Liquidity Manager
Ethereum,uniswap-v4,ETH-JUMP,9e38864d-bddc-5b85-b6d8-817831aff51b,13330,1.99308,1.99308,,5.68961,Dexs
Base,uniswap-v2,BADCAT-WETH,7f76f81e-827f-491c-a12e-eb27002fc38c,13311,0,0,,0.07768,Dexs
Base,uniswap-v3,WETH-LBM,961f994a-247b-423b-95ad-aa7cfcb6b8dd,13311,3.12609,3.12609,,5.86774,Dexs
Ethereum,uniswap-v3,BLUR-WETH,0c1385f3-977b-435f-b4af-a89a96aefb63,13310,0,0,,0.21571,Dexs
Base,uniswap-v2,DOA-WETH,4575adcb-80a7-4bac-9aa0-5f019a3cdc5f,13309,0,0,,0.06038,Dexs
Base,beefy,VVV-WETH,1799904c-4cd3-4d81-9155-1d56632297a9,13307,90.7202,,,189.83342,Yield Aggregator
Base,uniswap-v2,WETH-MEMEZ,90bc141e-161c-43e8-bbba-156047e91401,13306,0.00038,0.00038,,0.00011,Dexs
Base,uniswap-v2,WETH-PP,e3352ce6-1f5a-4729-8c37-35e514e3a1b2,13301,0,0,,0.01677,Dexs
Base,uniswap-v2,INTERN-WETH,4d46ad96-531c-4088-9368-ac5635f5b062,13296,0,0,,0.00684,Dexs
Base,uniswap-v3,LIVE-WETH,22be5413-75a4-45ad-880e-3f2e41fae9a0,13289,0.20239,0.20239,,5.08829,Dexs
Sui,scallop-lend,WETH,765d1396-9f80-40a6-8016-05a945468de1,13255,0.07953,0.07953,,0.0909,Lending
OP Mainnet,uniswap-v3,AI-WETH,76b73696-3270-4b76-aaaf-03c8420d5542,13247,0.02497,0.02497,,0.59123,Dexs
Ethereum,uniswap-v3,WETH-MAGA,fc976d75-1b03-4a8d-8a00-ef0622630dc8,13233,0.08017,0.08017,,0.30251,Dexs
Ethereum,sushiswap,ALPHA-WETH,5e21af2b-68d0-4cf5-b8ce-ce65eda37c03,13218,2.59678,2.59678,0,1.48721,Dexs
Base,uniswap-v2,WETH-WEIRDO,cb93eb23-5d43-461a-be71-3d36d3bfc9d7,13202,0,0,,0.00292,Dexs
Arbitrum,beefy,MAGIC-WETH,ef8633f6-77cc-4dc4-896f-3a48f2c91284,13202,1547.50604,,,864.49599,Yield Aggregator
Base,uniswap-v2,THETRUTH-WETH,0577d93e-e5f2-40c4-88c9-7d62732ed21d,13188,0,0,,0.06135,Dexs
Base,uniswap-v2,WETH-$HOBBES,b6cf6d00-2d00-4be9-90b2-2df5c7d63420,13182,0,0,,0.04598,Dexs
Base,uniswap-v2,WETH-SKIC,e7b39b56-3239-4689-9361-5da55a52d8c5,13166,0,0,,0.0176,Dexs
Arbitrum,beefy,RETH-WETH,076b1d97-738e-4bf9-a603-8d84e3669752,13164,0.00014,,,5.76895,Yield Aggregator
Base,uniswap-v2,TROVE-WETH,8488141d-e7d9-4101-9689-2ca4d73c27c8,13163,0,0,,0.87214,Dexs
Base,uniswap-v2,WETH-ARI,53c01efe-5728-40c0-bcfc-8cf0ad5d3183,13163,0,0,,0.04593,Dexs
Base,uniswap-v2,WETH-PLAY,1ce46c36-dd1c-4eaa-94b1-153e945452fe,13163,0,0,,0.01123,Dexs
Ethereum,uniswap-v3,SMT-WETH,aff4cfa8-ebb7-428d-ad8d-14e7c56d6d5b,13162,0.26227,0.26227,,1.10532,Dexs
Base,uniswap-v3,HMNY-WETH,dac9bc1a-7219-4d3f-b4dc-ab1c358510d6,13157,0.05271,0.05271,,0.22449,Dexs
Ethereum,sushiswap,UST-WETH,442ffb7f-6910-494f-81af-1e713c6be0ca,13145,0.01841,0.01841,0,16.49449,Dexs
Base,uniswap-v3,WETH-BLEP,123edfa8-5e72-44ec-b3f3-b94eb2f9f7cb,13137,0.71975,0.71975,,0.36892,Dexs
Arbitrum,uniswap-v3,AIUS-WETH,de2109d6-db3b-452c-90ce-a1d8175a6a5d,13136,0.02329,0.02329,,7.44198,Dexs
Ethereum,pancakeswap-amm,CHAIN-WETH,1d7d8aa0-f990-55e4-9734-1cba2b95a9cf,13136,0,0,,8.14871,Dexs
Base,uniswap-v2,WETH-BOBO,8b47f475-42df-4d1e-8bac-1120b7e0216e,13127,0,0,,0.00022,Dexs
Arbitrum,gamma,WBTC-WETH,cfa95306-701e-4352-926c-4227cc9bc3e2,13125,0,0,0,0,Liquidity Manager
Base,uniswap-v2,WETH-MIND,8d8e0a60-846e-4ef2-a390-3467e63ea147,13122,0,0,,0.00612,Dexs
Base,uniswap-v2,WETH-BALDO,c1086846-3a4a-4194-880e-b7b8ef261fca,13095,0,0,,0.048,Dexs
Base,uniswap-v2,WETH-KENDU,8d6232d0-99aa-404c-860c-40a84f024b2e,13083,0.00359,0.00359,,0.22981,Dexs
Base,uniswap-v2,WETH-TRED,d0a81ffc-4e6e-4fc7-8a80-fa1b32dc7dc5,13077,0,0,,0,Dexs
Ethereum,sushiswap,RLC-WETH,6160b6a9-f6bc-421b-8eee-c95e99b1ca55,13062,38.93202,38.93202,0,11.09963,Dexs
Base,uniswap-v2,WETH-PAI,5deb1809-4640-4f99-98c6-ff8a490bb370,13057,0,0,,0,Dexs
Polygon,quickswap-dex,VISION-WETH,0ca5ac8d-9f24-430c-ac50-d29b3479bef6,13049,0.01444,0.01444,,144.33281,Dexs
Arbitrum,gamma,WBTC-WETH,7715cde2-94b6-590c-b038-1bfff951de7a,13049,0,0,0,0,Liquidity Manager
Ethereum,euler-v2,PUFETH,28cfc969-0042-4f0b-9403-c655f30974f1,13045,1e-05,1e-05,,1e-05,Lending
Base,uniswap-v2,LEGATAO-WETH,15f3e389-9d21-4018-9ae3-09263fdeb2af,13038,0,0,,0.04471,Dexs
Base,uniswap-v2,WETH-MYST,3766615d-d145-48b7-b651-e339268ffbe3,13025,0,0,,0,Dexs
Arbitrum,gmx-v2-perps,ETH-USDC,ef2ce3ac-e0a5-4903-bce4-e2b91a75e54d,13002,0.8819,0.8819,,6.05858,Derivatives
Base,uniswap-v2,WETH-MARCAT,2763ae1d-5090-4020-96e6-4e8368582a18,12983,0,0,,0,Dexs
Base,uniswap-v3,FCAST-WETH,f69980c9-ca0e-401c-abfc-92cf1ca29d99,12960,0.00067,0.00067,,1.57498,Dexs
Base,aerodrome-v1,WMTX-WETH,53ebaa19-e80f-40df-9802-ed793684f6d8,12959,125.73372,,125.73372,22.9106,Dexs
Base,sushiswap,WETH-BALD,e2354b34-27e5-4f56-a0a2-0e021b096dc2,12915,0.01132,0.01132,,0.01101,Dexs
Polygon,uniswap-v3,EP-WETH,c493c434-4c3c-472f-8961-b63eafced315,12905,0.9276,0.9276,,1.59874,Dexs
Base,fusion-by-ipor,WETH,b4122e86-3678-4393-9796-adbd06b620b3,12891,1.48179,1.48179,0,1.50361,Onchain Capital Allocator
Base,uniswap-v2,COW-WETH,3a9ef385-04e1-4dfd-836a-0d9fcc3a3835,12886,0,0,,20.68492,Dexs
Base,uniswap-v4,WETH-NDTA,5ab1e1ed-ba2d-5c09-b12f-d97e74ca9e60,12877,0,0,,153.60227,Dexs
MultiversX,ashswap,WETH-JWLETH,22b3b9d0-70b4-4241-9558-1e518a8c0e90,12876,0.13227,0,0.13227,0.13227,Dexs
Ethereum,uniswap-v3,INDEX-WETH,31984015-9c5b-4c65-baa5-fb2bdbd85351,12865,0,0,,10.20532,Dexs
Base,uniswap-v2,WETH-EVRGROW,edde56c9-c64a-402c-87c6-c07e98149de6,12838,0.0292,0.0292,,0.41936,Dexs
Sonic,metropolis-dlmm,WETH-WS,78de0e06-9e26-43b0-a069-89337d4691e0,12838,220.02228,220.02228,,546.17311,Dexs
Base,aerodrome-v1,MODE-WETH,6d7754fa-d57b-4a67-b48a-8f101bfe75e6,12802,0.4602,,0.4602,0.59143,Dexs
Base,uniswap-v2,WETH-WIF,9233c1f7-322b-4b63-87f6-fd5a5d5fd0b1,12790,0,0,,0.00411,Dexs
Ethereum,sushiswap,WETH-JPEG,8bfe59b5-37b4-4ca4-811f-63674fdd7fb8,12788,0,0,0,0.00143,Dexs
Base,uniswap-v2,WETH-PEPLO,76f0b7b7-8f27-4f6e-ba2b-2a32aa30cc09,12786,0.00135,0.00135,,0.32727,Dexs
Base,uniswap-v2,UNCONLY-WETH,2b9e4e5b-3c39-4176-a952-6b6eb16d6fc6,12776,0,0,,0.28714,Dexs
Base,sushiswap,WETH-$NUTS,8f04b3f4-ea12-4419-ac5d-c8663215ba2a,12774,0,0,,0,Dexs
Base,uniswap-v2,SUPH-WETH,bcbf0d2e-b0b8-4440-9d44-202f2e376562,12773,0,0,,0.14342,Dexs
Base,uniswap-v2,WETH-BALDIE,7c44ebca-e8b7-4927-b667-245b5f96b4f6,12756,0,0,,9e-05,Dexs
Base,uniswap-v3,$33BITS-WETH,4f194409-b101-444c-ad21-4a1185562e56,12756,0.04075,0.04075,,0.81037,Dexs
Arbitrum,balancer-v2,WETH-VSTA,9a349ffb-302f-41a5-b660-1bac00449d66,12753,0.0023,0,0.0023,0.26457,Dexs
Base,uniswap-v2,WETH-HOPPY,9a05122a-3313-4a6b-af30-a2f7b5c7188a,12733,0,0,,0.21785,Dexs
Base,uniswap-v4,UDAU-WETH,c0334146-3452-474a-ba28-7366d2012ebc,12719,0,0,,0.02271,Dexs
Arbitrum,gammaswap-open-interest,WETH-USDC,d619dfa3-a756-4e16-beae-830d9c473989,12711,0.88875,0.88875,,1.53008,Options
Mode,symbiosis,WETH,24cb06c6-646e-4a2e-9d76-3669dad97474,12709,0,0,,0.04769,Cross Chain Bridge
Base,uniswap-v3,BASED-WETH,53b2796b-5f6d-467e-8375-3f9c62479a0a,12708,0.01969,0.01969,,0.07121,Dexs
Base,uniswap-v2,WETH-SHIBC,caf006b3-fc75-41dd-9a04-686ce5766063,12698,0,0,,0,Dexs
Ethereum,sushiswap,PLBT-WETH,3a71295c-db48-43ac-b3b3-3dda09d70e4b,12692,0,0,0,0.15443,Dexs
Base,uniswap-v2,WETH-FREN,d828db1a-5439-47d2-a71e-3c18232a0116,12691,0,0,,0.03591,Dexs
Base,beefy,HYPE-WETH,b16c9a11-207e-54a2-a266-843433189a60,12689,15.56645,,,18.93071,Yield Aggregator
Base,uniswap-v2,WETH-JOGECO,5084e22e-4e50-478c-a6ad-d672eb1f717e,12670,0,0,,0.02025,Dexs
Base,uniswap-v2,WETH-BEAR,7a3546a5-a8df-458a-b80a-cb5b38885851,12665,0,0,,0,Dexs
Polygon,quickswap-dex,WETH-FOLO,6e9b80d9-f33c-4515-adee-e1b5675118ab,12663,0,0,,0.0042,Dexs
Base,uniswap-v2,WETH-COPE,a9bed4cd-4345-4e1a-9660-c14d6fff7bc3,12658,0,0,,0.03946,Dexs
Ethereum,sushiswap,BMI-WETH,8133cf1f-3d31-42a2-b79e-5923af4dc78e,12651,0,0,0,0.59794,Dexs
Base,uniswap-v2,WETH-TRUMPWU,193179b4-6dd3-427a-a4a2-bfdc6b27261f,12646,0,0,,0,Dexs
Base,uniswap-v4,MEGA-WETH,97d989e5-4091-448f-8f37-0a77dc5023b0,12638,0,0,,0.00492,Dexs
Ethereum,uniswap-v3,WETH-SBR,0e41340d-c4c7-4478-a8a1-03f4967d5076,12636,0,0,,0,Dexs
OP Mainnet,yearn-finance,VAMMV2-WETH-LUSD,ad48c65f-6e85-4aa9-a2d5-01987883f9df,12634,5.00073,5.00073,0,4.06986,Yield Aggregator
Base,uniswap-v2,MANIC-WETH,cffca31d-8f03-460f-8fef-f67a4841ec45,12625,0,0,,0.01419,Dexs
Ethereum,uniswap-v4,ETH-CHEETOSTR,8d07058c-7c1b-4a07-9b39-8f072032df2f,12621,0,0,,0,Dexs
Base,uniswap-v2,WETH-KEVIN,8aba6ce8-4467-49bc-88d2-2173ddb6538c,12604,0.13549,0.13549,,0.13614,Dexs
Base,uniswap-v3,WETH-MENTE,5af3992f-c210-5d59-a2dd-f86b3a6147e9,12604,40.13008,40.13008,,73.95169,Dexs
Base,uniswap-v2,BM-WETH,ffa0691a-a76b-455b-ab06-aa85ac01e261,12596,0,0,,1.76132,Dexs
Ethereum,uniswap-v3,SDEX-WETH,b73a6c7c-9006-4bcb-afe1-17ffa552a035,12573,0.01077,0.01077,,12.49784,Dexs
Base,uniswap-v2,WETH-BSOP,bc8557c5-aec9-4d0d-8e7e-849386b3ed74,12565,0,0,,0.40759,Dexs
Ethereum,compound-v3,WOETH,e4ad0d33-d11f-4087-9fea-1350d5229c02,12562,0,,,0,Lending
Base,uniswap-v2,WNULLA-WETH,2cb76ca9-9fc8-5aca-a81e-1a1b9bb5f057,12558,7.44451,7.44451,,17.12397,Dexs
Base,aerodrome-slipstream,SYND-WETH,1285bd92-6d90-471a-9cc5-e69b1ab8e2c7,12558,192.01742,54.01041,138.00701,751.61798,Dexs
Base,uniswap-v3,WETH-MIGGLES,8be8fef2-99eb-42a9-969e-e0e63d4c6327,12547,6.29149,6.29149,,15.90159,Dexs
Base,uniswap-v2,WETH-SAFE,286f0aa5-aa72-41a8-bedd-d0580fdf7e93,12533,0,0,,2e-05,Dexs
Linea,etherex-cl,USDT-WETH,355da47d-38e1-460e-91f8-c8a719eca013,12529,210.84711,0,210.84711,570.67748,Dexs
Base,uniswap-v2,WETH-SZL,91f4f59c-4a43-44ed-b731-eb5cfd61fca9,12527,0.03232,0.03232,,0.36823,Dexs
Base,sushiswap,TOCHI-WETH,05b108b9-8600-4d64-b688-271e963cf54e,12521,0.0001,0.0001,,0.20706,Dexs
Base,sushiswap,CHIBI-WETH,f1f1c6dc-ed4f-47a2-a1a7-8de85f946f87,12514,0.00715,0.00715,,0.02687,Dexs
Base,uniswap-v2,JAIHOZ-WETH,56dbf57f-b060-4dcb-852a-d1ef05a3ab17,12512,0,0,,0,Dexs
Base,uniswap-v3,UNIV-WETH,812b39be-e234-5033-8752-f7bc6836ad63,12502,0.02646,0.02646,,0.02684,Dexs
Ethereum,sushiswap,GM-WETH,b024f609-6e9e-4b25-a2e3-b26b505b490c,12497,0.00093,0.00093,0,0.02279,Dexs
Avalanche,blackhole-amm,SUPER-WETH.E,0fa39856-f72e-4ca9-b6e7-3fb1b6f1960c,12489,36.43093,24.14257,12.28836,14.52752,Dexs
Ethereum,sushiswap,TUSD-WETH,b7129d30-ea43-4ff8-aa02-ee85798d4d12,12469,0.35916,0.35916,0,0.61583,Dexs
Base,uniswap-v2,WETH-CATCH,e42f336a-78c1-4fec-a646-87ad1dc578f4,12463,0,0,,0.15135,Dexs
Ethereum,uniswap-v3,ELON-WETH,9453dc16-7323-4f8d-93e8-5ce0422f66bb,12449,0.04542,0.04542,,0.2731,Dexs
Ethereum,uniswap-v3,WETH-GTC,b5c5e6dd-56f9-4633-a420-9940c6694e6c,12439,38.48354,38.48354,,9.47788,Dexs
Ethereum,convex-finance,USDT-WBTC-WETH,4a7a3e0b-778e-477b-88e5-f26176d8cecb,12435,1.01,1.01,0,0.74232,Yield
Arbitrum,camelot-v3,WETH-PLUTUS,6db42735-70ad-4ed7-8162-ec49301e86e9,12423,0.43456,0.43456,,1.89721,Dexs
Base,uniswap-v2,GCBDC-WETH,5a1462df-792b-4396-a17f-3751add09f0b,12415,0,0,,0,Dexs
Base,uniswap-v2,WETH-BUCKO,41c578b9-2c82-4376-b507-3d575b6aa968,12389,0,0,,0.00843,Dexs
Arbitrum,balancer-v2,ARS-WETH,f8de32af-a548-498b-a2a0-2743abad9c18,12366,0,0,,0.04059,Dexs
Base,uniswap-v2,WETH-MKONG,51dd06fb-339f-4e01-854f-86686442c4ff,12365,0,0,,0.00493,Dexs
Base,uniswap-v2,WETH-OFAC,ed474081-6d53-4905-9ef7-ba01e3e9cf24,12365,0,0,,0.0043,Dexs
Ink,tydro,WEETH,20eb1a71-bff9-40e0-93f4-9a6a299521ab,12362,0,0,,0,Lending
Base,uniswap-v3,WETH-INTO,2987247c-8655-46ba-8b2e-33c4a68723d8,12352,7e-05,7e-05,,0.76082,Dexs
OP Mainnet,beefy,OP-WETH,d947242d-df2b-4883-ac83-9433a269b2b4,12346,252.17355,,,197.66906,Yield Aggregator
Arbitrum,camelot-v2,HODL-WETH,724b1e4e-15f0-44a0-8149-f556b04f92b4,12340,0,0,,0,Dexs
Base,uniswap-v4,IMAGINE-WETH,5f51b2a7-143f-43ac-b741-0c6872e4082e,12337,0.11227,0.11227,,0.46699,Dexs
Base,uniswap-v2,GCLUB-WETH,cdaf7225-48f0-40c3-8bde-f9ac79b3c16b,12333,0,0,,0.44174,Dexs
Base,uniswap-v2,WETH-CHASE,7bffd041-54c5-433c-8313-1e2ae460ed1f,12321,0,0,,0.03218,Dexs
OP Mainnet,uniswap-v3,WETH-KNC,8d1a74ce-84b8-4e9c-ba9d-2b16f587d838,12317,5.61473,5.61473,,6.76239,Dexs
Base,uniswap-v2,BTB-WETH,4f532942-eba5-4774-8785-d55ec131cf72,12299,0,0,,0,Dexs
Ethereum,sushiswap,LEND-WETH,d577c442-babd-4535-b645-c0ad4ae48732,12270,0.11238,0.11238,0,0.29995,Dexs
Polygon,quickswap-dex,WETH-$HROOM,f0863c13-6905-45c1-8fbb-90fc20b0caaf,12263,0,0,,0.01147,Dexs
Ethereum,balancer-v3,AUTORANGE-TREE-TETH,a165c0df-fa2b-5c40-8771-2b0c4de97938,12258,3.75559,3.75559,0,16.86812,Dexs
Base,uniswap-v2,WETH-BODEN,01739f79-9840-46e3-bcb4-0983097b6d71,12251,0,0,,28.46968,Dexs
Ethereum,uniswap-v3,WETH-MNW,8cc7e6a0-a6f8-4c13-9689-f92ee8e162af,12238,0.76709,0.76709,,2.06957,Dexs
Sonic,metropolis-dlmm,WETH-USSD,4e725df4-bb54-484f-b5f5-a9d9b533ac2b,12228,78.40494,78.40494,,154.25689,Dexs
Ethereum,sushiswap,CREAM-WETH,140f1406-79c7-4cce-82cc-1489273c7a08,12224,0,0,0,1.49033,Dexs
Cronos zkEVM,amply-finance,ETH,81278c26-51b3-4e2d-b8d8-186e881923b4,12221,0.05001,0.05001,,0.03952,Lending
Base,uniswap-v3,ALB-WETH,2c180ffd-2450-4caa-bcc3-184ca3fd3bd4,12213,142.52876,142.52876,,55.653,Dexs
Base,uniswap-v3,DFB-WETH,90538b8f-18f0-4fdc-a3b9-1992c4758edf,12201,0.04324,0.04324,,5.50146,Dexs
Base,uniswap-v2,WETH-GODCAT,9ee074ad-116f-435b-8b9e-076ece1e0dcd,12196,0.2296,0.2296,,0.02475,Dexs
Base,beefy,CBETH-WETH,ce83c9f7-c43e-5bf3-be44-4495aeddc641,12194,2.49959,,,1.88062,Yield Aggregator
Arbitrum,beefy,WETH-USDC,93b09c3f-4810-4cad-81f3-241cc286dff0,12189,15.3161,,,22.45978,Yield Aggregator
Base,uniswap-v2,WETH-BMONEY,97d271fb-e4da-4e0d-baac-f09d004cea44,12176,0,0,,0.03265,Dexs
Base,uniswap-v2,WETH-YOUTH,92f52b3a-b310-46a1-bf40-bccecfed9d5a,12172,0,0,,0.00849,Dexs
Base,gammaswap-open-interest,WETH-AYB,b00b39c0-f688-47fc-a2fe-90494426e931,12172,1.42932,1.42932,,1.19824,Options
Arbitrum,gamma,WBTC-WETH,1151c47a-5cf3-424b-bfc4-f68ce77b2b52,12162,0,0,0,0,Liquidity Manager
Base,uniswap-v2,BEND-WETH,caef2829-00ac-450b-a431-9cdd3195a695,12160,0,0,,0,Dexs
Base,uniswap-v2,WETH-DND721,cc33b589-b0a5-4b05-8940-06697ecd8f1a,12156,0,0,,0.116,Dexs
Ethereum,frax,FRAX-WETH,cc87a11f-7653-4abe-ad73-8dda9821bd06,12149,0,0,,0,Algo-Stables
Base,uniswap-v2,$BRADD-WETH,95bbc9ff-bce2-42f3-8d95-a825d4e41083,12147,0.00274,0.00274,,0.01528,Dexs
Base,uniswap-v2,WETH-SUMMER,543f3d00-4b3b-4e4c-bc1f-6917085ca21c,12140,0,0,,0.00306,Dexs
Base,uniswap-v3,WETH-EGGS,61f86e7c-d730-4664-bf60-5ce2040c8e29,12138,0,0,,14.57775,Dexs
Base,uniswap-v2,WETH-CAP,2de205fc-81a3-4477-a16f-b9e02e46c742,12127,0,0,,0.00074,Dexs
Ethereum,uniswap-v3,KUMA-WETH,a08695e4-a616-4332-99c2-dc5c05160ffa,12121,0,0,,0.00016,Dexs
Base,uniswap-v2,WETH-GIB,80ce9082-02bc-413f-beca-8b897b8658aa,12110,0,0,,0.03416,Dexs
Monad,uniswap-v3,USDC-WETH,4a5cd4c0-6652-51bf-9f82-06d3444e3ddf,12109,2.14702,2.14702,,22.02751,Dexs
Base,uniswap-v2,WETH-RETAIL,c956ce5f-b828-46d8-ae67-1b46d5a08565,12106,0,0,,0.00623,Dexs
Gnosis,balancer-v3,JAENSE-SCRC-WETH,7b6d2f6e-f1c0-44fb-88e5-621c15050406,12105,0.29881,0.29881,0,0.33483,Dexs
Base,uniswap-v2,WETH-HTRD,799f0f16-3012-4249-8712-13de7f92ddb7,12092,0,0,,0.00127,Dexs
Ethereum,uniswap-v4,ETH-BURN,b2019b2c-8749-46df-bf29-162bd4205921,12090,0,0,,0,Dexs
Base,uniswap-v2,WETH-SHADOWAI,3a79f68a-f1dd-4474-8554-278cd2534948,12086,0,0,,0.03225,Dexs
Base,uniswap-v2,PACATO-WETH,a628ac1c-5e85-4937-9922-89ff11e859c3,12076,0.01441,0.01441,,0.57686,Dexs
Base,uniswap-v2,SUPRA-WETH,e4e29136-fa39-4016-8d69-72c0d0b64e60,12076,0,0,,0,Dexs
Base,uniswap-v2,BLINDZEBRAS-WETH,ac12bf00-0317-41e2-85cc-7174a0bb7be8,12076,0,0,,0,Dexs
Base,uniswap-v2,BONKEY-WETH,34eafa83-35bc-4821-b633-2e1e81eeda4b,12063,0,0,,0.28252,Dexs
Base,uniswap-v2,WETH-AVOLAS,03703c78-6e9f-40e0-b4ae-2492ebc0cab3,12053,0,0,,0.00404,Dexs
Base,uniswap-v2,CAPITAL-WETH,967877bd-dc9c-4552-80cb-21bc03a4e273,12051,0,0,,0.0857,Dexs
Arbitrum,beefy,RETH-WETH,bb12c7ab-0f9a-4fef-8e5d-4d6c713b5326,12046,0.00014,,,5.76895,Yield Aggregator
Polygon,uniswap-v3,RNDR-WETH,3703369b-f699-4372-802c-93534ed06ab4,12040,0.01111,0.01111,,0.11873,Dexs
OP Mainnet,extra-finance-leverage-farming,WSTETH,6ecc4456-2f7d-4daa-8b00-ee162d78643a,12026,0.00068,0.00068,,0.00068,Leveraged Farming
Base,uniswap-v2,WETH-KRETT,aa0ddd25-c07b-4461-a3f2-c1397ad3883b,12020,0,0,,0.04724,Dexs
Base,uniswap-v2,WETH-UMI,fe82e6c6-8a3f-4eee-80d6-35fe275d772d,11959,0,0,,0.00407,Dexs
Ethereum,uniswap-v4,ETH-BTFSTR,03c3ff03-a7dc-4d46-9721-77009f572fb5,11954,0,0,,0,Dexs
Base,uniswap-v2,WETH-SAMS,0f60dcc7-5bbd-497e-ab22-0eb1942f754e,11941,0.10011,0.10011,,0.0119,Dexs
Base,uniswap-v2,WETH-BEAST,f26fe9f2-953e-4866-b4da-f20dc9598aa3,11939,0.09189,0.09189,,0.0606,Dexs
Base,uniswap-v2,WETH-BRO,f3675285-aa4f-4925-a89e-261d1c97dbfc,11939,0,0,,0.12694,Dexs
Base,uniswap-v2,WETH-AICARTEL,f82f7b89-dad0-4b59-a4e3-e11a5f7a8058,11938,0,0,,0,Dexs
Ethereum,balancer-v2,WETH-AURA,2e0673d6-b495-46d6-8ee7-057c0a5b27a0,11929,0.18069,0.18069,0,1.43791,Dexs
Base,uniswap-v3,$PUBLIC-WETH,5b0af4dd-79bc-49ef-8677-0842f60dbc11,11922,0.34625,0.34625,,16.62623,Dexs
Base,uniswap-v2,WETH-HKING,0017df5f-4c03-4397-8643-d4312ec296e8,11911,0,0,,0,Dexs
Base,uniswap-v2,WETH-$PARTY,93384f55-53f6-44cb-b46d-4685f2280084,11909,0,0,,0.00279,Dexs
Ethereum,sushiswap,WETH-BMILLY,79f7b64e-9882-42af-bde2-9b8421039b51,11905,0,0,0,0.1579,Dexs
Base,uniswap-v2,WETH-LAMBOW,719489fa-cf77-4883-8f1e-dcd70d31914c,11903,0,0,,0.00725,Dexs
Base,uniswap-v2,LISA-WETH,5afa7093-a328-4fe2-ab14-444502f1fe2c,11889,0,0,,0.01399,Dexs
Ethereum,maverick-v2,WETH-CBBTC,17f4f73c-b02e-480f-94cb-214e28e0af4c,11865,0,0,,0,Dexs
Base,aerodrome-slipstream,WETH-APU,096edb0f-cbae-4128-9624-198eea77faa7,11857,52.89314,0.88413,52.00901,464.46901,Dexs
Base,uniswap-v2,WETH-CATLY,1fed24e8-438f-47a2-928f-305f89df2d41,11856,0,0,,0,Dexs
Base,uniswap-v2,WETH-CRANK,b3a57c46-edc8-4044-afea-567147c39af3,11846,0,0,,0.00551,Dexs
Ethereum,sushiswap,FTM-WETH,78268925-bd6e-41dd-ba84-0669a454a900,11842,2.75363,2.75363,0,7.1862,Dexs
Arbitrum,camelot-v3,ATLAS-WETH,d0d0f04b-4be7-4a45-89a8-3edf89bc791e,11842,0,0,,0,Dexs
Base,uniswap-v2,WETH-BSC,d7a38628-bee9-4c0d-99ea-5a09d9b4d8e9,11832,0.30251,0.30251,,0.15363,Dexs
BSC,beefy,ETH-WBNB,c7ba816c-c2c5-46cf-a5d4-85f179859349,11831,3.97111,,,2.14927,Yield Aggregator
Polygon,quickswap-dex,WETH-CXETH,41f9912e-599a-4612-abf7-5ef324ad1624,11827,0,0,,0.00197,Dexs
Base,uniswap-v2,WETH-NOB,193dfd13-2984-4e7b-b744-bd46a3e144d3,11792,0,0,,0.0029,Dexs
Base,uniswap-v2,WETH-ALLCAT,a966e534-c137-4ec2-8f54-186d1382c7dd,11791,2e-05,2e-05,,0.00065,Dexs
Base,uniswap-v2,BITBANK-WETH,2f3c0113-fe3a-5398-a7a7-c1c416b95098,11776,0,0,,0.49702,Dexs
Base,uniswap-v2,WETH-BATCAT,31502459-ca5d-42e1-aa68-89043665ec9c,11770,0.26687,0.26687,,0.02365,Dexs
Osmosis,osmosis-dex,ETH-USDC.N,ed7f0e9e-dab0-4a26-8874-ab1ec28da93a,11766,0,0,,0.02955,Dexs
Base,uniswap-v2,OAT-WETH,de5bf7da-1531-4683-a4dd-13f5cf1f22fa,11764,0,0,,0.03344,Dexs
Base,uniswap-v2,WETH-USM,3e597581-0d98-46cb-a41c-b814f20fa5c5,11759,0.0014,0.0014,,0.14193,Dexs
Base,uniswap-v2,UP-WETH,a87caa65-ca7c-4385-a311-ec2e0cb50fb4,11747,0,0,,0.0003,Dexs
Base,uniswap-v2,WETH-AGENT2025,518da27b-f39d-4155-a6de-8fd8ff189f6a,11740,0.00972,0.00972,,0.12383,Dexs
Base,aerodrome-v1,WETH-ANZ,46560a92-4eae-47c9-b1dd-934df9c23a5c,11739,221.31326,,221.31326,144.01382,Dexs
Base,uniswap-v4,WETH-LAGER,7c65f679-f22d-4988-a0e2-c426112ad841,11735,0,0,,1376.24909,Dexs
Ethereum,sushiswap-v3,POL-WETH,f4cc219f-15e9-4292-9381-2bf338d357ac,11727,2.48713,2.48713,,25.82015,Dexs
Ethereum,uniswap-v3,ERC-69-WETH,406daebc-8f18-4b34-964c-0ca9c987a517,11718,0.34371,0.34371,,13.15636,Dexs
Arbitrum,uniswap-v3,WETH-STAR,cb0c12cb-22e8-416f-8221-9e08c17ce3bd,11713,5.16934,5.16934,,0.59316,Dexs
Base,uniswap-v2,WETH-BAAI,9c407cf2-3bea-4c34-ab40-cebbdc395b00,11710,0,0,,0.00407,Dexs
Base,uniswap-v2,WETH-GMB,627c46eb-e2fc-4025-b6fe-4d71d4eb0710,11709,0,0,,0.53705,Dexs
Ethereum,sushiswap,WETH-COTI,06c825e3-e133-4b3e-ba36-f21ea7b6ad02,11700,9.98999,9.98999,0,29.87722,Dexs
BSC,uniswap-v3,CAKE-ETH,e224bcef-978a-4062-b6c5-29856b46bc98,11699,6.96279,6.96279,,17.83622,Dexs
OP Mainnet,velodrome-v2,WETH-TBTC,03db6899-8c2c-4fa4-93db-3f56ac311c12,11699,3.18913,,3.18913,2.68565,Dexs
Ethereum,uniswap-v3,PSYOP-WETH,0dc5c81b-1a34-4cdd-ae08-0ba5e3ae79bc,11698,0,0,,0.02082,Dexs
Base,uniswap-v2,WETH-LABUBU,68a51bbe-2e76-4748-9d93-b7c74175c3a2,11685,0,0,,0,Dexs
Base,uniswap-v2,WETH-DETECTIVE,975e8589-4a3b-47c4-8fd6-f598dd51791b,11679,0,0,,0.21528,Dexs
Base,uniswap-v2,WETH-NEIRO,75c50189-be6f-4dd7-b002-949f0e2a356f,11612,0.01788,0.01788,,0.03429,Dexs
Base,beefy,WETH-MORPHO,7b5bc194-2d01-4cd5-a60f-e7d8bbeb8cb9,11583,39.76994,,,48.89197,Yield Aggregator
Base,uniswap-v2,NORMIE-WETH,362592a1-aa4d-4773-b696-95bcfeb97f00,11578,0.85859,0.85859,,0.02381,Dexs
Ethereum,sushiswap,WETH-SLP,f94e151e-e736-43a1-a3b5-a52c91d50b94,11569,6.56548,6.56548,0,5.12398,Dexs
Ethereum,sushiswap,XRUNE-WETH,3146cc73-5d6f-46bc-b6c3-814a9e081a76,11568,1.71406,1.71406,0,2.16221,Dexs
Base,fluid-lending,ETH,a090722b-2710-4967-90c3-0333c9c31ed1,11561,1.14,1.14,,0.91241,Lending
Base,uniswap-v3,WETH-LUMINA,3162ad1e-7700-4ba0-a59e-2e0f2bba96b7,11557,0,0,,0.00702,Dexs
Robinhood Chain,alandale-v3,WETH-SNAP,91926b4c-835a-5a71-af78-67083c416f24,11557,80.77588,0,80.77588,223.48454,Dexs
Base,uniswap-v2,WETH-TESLAAI,7207cd9c-55be-414d-b093-195fe5ac0b89,11556,0,0,,0,Dexs
Ethereum,sushiswap,INV-WETH,ce9706c2-ef78-4ed9-a7b0-0469ef0ea319,11554,2.13376,2.13376,0,2.21596,Dexs
Base,uniswap-v2,WETH-GLYPH,32bb1d11-dda0-4522-93eb-95096bb7fd8b,11544,0,0,,0,Dexs
Arbitrum,camelot-v2,M404-WETH,e2496c1f-251c-44a8-b705-91f748b02b4a,11529,0,0,,0.00011,Dexs
Base,uniswap-v3,BOSHI-WETH,84a124e8-0dd8-49c8-a5a8-c3f571031983,11526,0,0,,0.16159,Dexs
Ethereum,sushiswap,BLOCKS-WETH,fc75dcc2-2a81-466c-9727-97197e851fea,11524,0,0,0,0,Dexs
Base,uniswap-v3,BLAP-WETH,84ec190a-8b0a-4496-a297-d327bd8439ab,11520,0.02606,0.02606,,0.01367,Dexs
Ethereum,uniswap-v4,ETH-CDXR,8ddb0697-e743-5f4e-a2e8-77336d88e7e7,11504,506.51066,506.51066,,7499.17203,Dexs
Base,uniswap-v3,WETH-HIM,fdf16e6d-0435-4462-be2a-5198e938a8d5,11492,0,0,,0.37097,Dexs
BSC,uniswap-v3,ETH-SOL,493d0202-5daa-4347-94e0-fbb13d50ffbd,11491,0.59085,0.59085,,2.68859,Dexs
Base,uniswap-v2,WETH-SHARP,ac4ce81c-e578-48ce-8bef-b4a05052c931,11485,0,0,,0.3396,Dexs
Ethereum,sushiswap,CIG-WETH,b47b80e3-571b-44eb-a845-499491805c87,11475,0,0,0,0.00275,Dexs
Base,uniswap-v2,WETH-PROOFAI,bb90033a-521b-4dc7-86eb-fd2f22b672e9,11466,0,0,,0.03937,Dexs
Ethereum,uniswap-v4,ETH-YTP,0e5040d1-9e00-4750-93cb-e0e93c4bc6d8,11464,0,0,,0,Dexs
Base,sushiswap-v3,WETH-HIGH,4e5906b0-2d4a-4a38-8155-84cbc4055717,11464,0,0,,12.72611,Dexs
OP Mainnet,morpho-blue,WSTETH,2eda5045-b9fd-4011-a71c-434ba0240c3c,11453,0,0,,0,Lending
Base,uniswap-v2,WETH-RSP,dc29e4b0-a0b6-4519-84fa-8dbf1c5997cf,11447,0,0,,0.08402,Dexs
Base,uniswap-v2,WETH-$PAPA,855431af-f0c4-474c-bf63-d8578350fdd8,11446,0,0,,0,Dexs
Base,uniswap-v2,WETH-UP,3cc7bb37-7681-48f0-bb32-628b0c4484b6,11436,0,0,,0.00347,Dexs
Ethereum,uniswap-v3,SHIA-WETH,039ea759-b09e-4252-a81c-61e7e9e1b47c,11419,0.18691,0.18691,,1.08119,Dexs
Polygon,quickswap-dex,WETH-DMT,9959b717-168c-4103-9d97-28d106a14553,11414,2.16711,2.16711,,24.3898,Dexs
Ethereum,sushiswap,MYFI-WETH,8790e6d9-c768-4cec-8fc9-1962db4915f9,11409,0,0,0,0,Dexs
Ethereum,curve-dex,WETH-RSWETH,17f611a0-404e-4fa2-b533-f81891695e5a,11404,3.23157,2.95,0.28157,7.76813,Dexs
Ethereum,uniswap-v3,WETH-FOLD,3f63ac95-3bca-4d20-9813-942aa0ef84e1,11402,0,0,,2.96539,Dexs
Arbitrum,kyberswap-fairflow,WBTC-WETH,766f58c9-4bac-46eb-9cc9-d01001590c55,11401,0.00921,0.00921,0,0.30187,Yield Aggregator
Ethereum,uniswap-v4,ETH-IUSDC,d574dbe2-08b3-46e5-94a0-0b3036aaa357,11384,0,0,,0,Dexs
Base,uniswap-v2,WETH-LILY,2a91c852-69fe-47f4-b90a-508690285ca9,11383,0,0,,0.00043,Dexs
OP Mainnet,velodrome-v2,WETH-ERN,ec5c27e8-9c87-4a46-985d-4b0d737a66b9,11383,911.05733,,911.05733,756.45858,Dexs
Base,uniswap-v3,WETH-NORMUS,a8ffa1aa-9a48-4ad6-ba87-1991a6a92604,11370,0.05003,0.05003,,0.03806,Dexs
Base,uniswap-v2,WETH-UPOL,06c5465b-a0b8-457a-bc40-dd7363b146c1,11368,0,0,,0.29135,Dexs
Base,aerodrome-slipstream,WETH-USDC,a3a55e11-b864-4ff2-9fc3-68d1b7e7fc46,11365,23.30397,6.65044,16.65353,101.77887,Dexs
Arbitrum,gammaswap-open-interest,WETH-GS,86a2ee7d-14cb-4819-bf19-351119f5688c,11359,9.42434,9.42434,,26.48992,Options
Robinhood Chain,alandale-v3,WETH-USAR,3d181c00-94b0-5add-b885-d27757e79c96,11359,69.61934,0,69.61934,136.0429,Dexs
Base,uniswap-v4,FCMON-WETH,2c36072c-723e-41b3-b15e-5ac96782a5c7,11348,0,0,,3695.43498,Dexs
Base,uniswap-v2,WETH-ROBO,3b250aff-9fc6-4799-8efd-a0afc9a57163,11343,0,0,,0.00135,Dexs
Arbitrum,balancer-v2,STATAARBWETH-WETH,a0dc5781-6c00-41a2-b32f-0d955786d167,11338,0,0,,0,Dexs
Base,uniswap-v2,WETH-PIGGY,5d29637a-7ea0-4b8f-8c21-21d6a6cebb9d,11335,0.81157,0.81157,,0.71223,Dexs
Base,uniswap-v2,AILEEN-WETH,2900ec66-1fbb-4d37-aebc-b60d809a6251,11325,0,0,,0.04143,Dexs
OP Mainnet,uniswap-v3,WETH-HAIR,3b07d369-f9dd-403a-80f5-e55ea7582aef,11316,0.16993,0.16993,,0.37053,Dexs
Base,uniswap-v2,WETH-SLIME,97961884-cfa0-452a-b49d-9ca468a5c997,11315,0,0,,0,Dexs
Arbitrum,camelot-v2,AIBULL-WETH,5b4ebaa3-72f1-4a20-bdd1-74a77f7eca9a,11314,0,0,,0,Dexs
Base,uniswap-v2,RATZ-WETH,5105c038-394e-4988-a9c6-275bc092b7e7,11309,0,0,,3e-05,Dexs
Base,uniswap-v2,WETH-DEBANKY,c799d98b-9655-43df-b3cc-d0813e7fc919,11306,0,0,,0.00714,Dexs
Ethereum,sushiswap-v3,ILV-WETH,59444b2f-375c-4198-9c25-cdd04dc60342,11301,6.71388,6.71388,,4.26457,Dexs
Base,uniswap-v2,BMIGGLES-WETH,f7a10a64-feb9-46a3-81ab-a8422748036d,11293,0,0,,0.01415,Dexs
Arbitrum,camelot-v2,WETH-AIFLOKI,31e6c82a-6567-45ec-9d41-0ac49320d59e,11287,0,0,,0.00116,Dexs
Base,uniswap-v3,WETH-ZRO,73ac9b2a-347e-428d-86b2-2a24426616fc,11286,132.28265,132.28265,,64.75866,Dexs
Base,aerodrome-slipstream,USDZ-WETH,c5a9ff8e-6a43-4267-b6b3-ece391d58c21,11286,39.71497,6.65194,33.06303,111.49676,Dexs
Base,uniswap-v2,BABYSATO-WETH,4b63c5e6-7d2b-4c78-beb0-46108a075aae,11284,0.02057,0.02057,,0.1187,Dexs
Base,uniswap-v2,WETH-TUMB,ec54d4d1-64ff-461e-9137-5dcba5065761,11281,0,0,,0.00013,Dexs
OP Mainnet,velodrome-v2,WSTETH-SNX,f046eb9b-80cb-4d5a-a8bb-7b4919f621a5,11281,9.20238,,9.20238,4.86416,Dexs
Base,uniswap-v2,WETH-RIKY,a00fa1aa-5ebf-48e0-83b3-7bd1e1c08972,11269,0,0,,0.13696,Dexs
Base,uniswap-v2,WETH-TAKION,d88eadb0-9026-4ac9-8c58-3c6f5652fe33,11265,0,0,,0.0026,Dexs
Ethereum,sushiswap,WETH-RGT,ec3766de-02bc-4082-bb2d-7cbf498a89b4,11262,0,0,0,0.23086,Dexs
Base,uniswap-v2,BKKT-WETH,78a14fae-62f5-4bca-a9a1-e7b51dae42a6,11259,0,0,,0.17477,Dexs
Base,uniswap-v2,WETH-VIX,e91b004f-70fa-4f2c-8e67-d30db3bc95a9,11256,0,0,,0.01095,Dexs
Ethereum,pancakeswap-amm-v3,TORN-WETH,8642a63f-0214-465b-a77e-0077f067c97c,11234,27.24295,27.24295,,12.57241,Dexs
ZKsync Era,zkswap-v2,WETH-WSTETH,1464b923-1614-4c3d-b1c3-68b879c5e7eb,11227,3.37385,3.37385,0,0.12373,Dexs
Base,uniswap-v2,ALEXANDER-WETH,e53d2026-bc5a-40e9-8fae-f8fedb04fa7d,11225,0,0,,0.00794,Dexs
Base,uniswap-v2,CIPHERAI-WETH,d20d5b8c-4c25-4278-ab4c-cb1c4f6fc622,11205,0,0,,0.00138,Dexs
Ethereum,sushiswap,UMA-WETH,2bf0b7ae-fd7a-4c91-82bc-cffb8f922758,11205,0.82516,0.82516,0,3.25969,Dexs
Base,uniswap-v2,CHEF247-WETH,20136e4d-778c-4483-adfa-0c6dfcd51220,11203,0,0,,0.01319,Dexs
Sonic,metropolis-dlmm,WBTC-WETH,af6a5496-c94c-40fd-805b-c68c2d4da405,11202,19.89223,19.89223,,51.99735,Dexs
Arbitrum,beefy,ZRO-WETH,459e0c78-f7b6-425b-beec-7b98188c5aa5,11193,573.86545,,,2018.5922,Yield Aggregator
Base,uniswap-v2,WETH-BUL,954b7f8a-6c78-4f6b-8ce2-5a99dfc96201,11175,0,0,,0,Dexs
Base,uniswap-v2,WETH-OMEGA,8fe8a301-b4ce-480b-8939-f21877a7f800,11171,0,0,,0,Dexs
Base,uniswap-v3,HELVETICA-WETH,f059ddd7-7bee-4faa-8f25-bd1c7f2addf5,11170,0.01613,0.01613,,0.16146,Dexs
Base,uniswap-v2,WETH-WHALE,047e3037-a8f1-4247-a0f8-15c4fe3de783,11149,0,0,,0,Dexs
Base,uniswap-v2,WETH-PWIF,0874f718-9745-4b84-b2b3-e6971ee6d552,11131,0.20297,0.20297,,0.35382,Dexs
Base,uniswap-v3,WETH-BLEU,11b18403-b257-4009-a4eb-4d7bfa583c71,11124,0.10125,0.10125,,0.66318,Dexs
Ethereum,uniswap-v3,SYRUP-WETH,9c71b73c-3158-41f2-8465-2550aa44b4c1,11124,0,0,,0.04359,Dexs
Base,uniswap-v2,WETH-INSIGHTFUL,d83202c4-85dd-4f49-af6e-9026e9959ea0,11099,0,0,,0.00206,Dexs
Base,uniswap-v2,WETH-ICE,5938f6f0-aa4a-47e7-8e72-c5bc00542440,11097,0,0,,0.08189,Dexs
Base,uniswap-v2,WETH-BALDHALLA,c5a02a9f-158a-45fc-b04f-62b2aa920b96,11082,0,0,,0.0197,Dexs
Base,uniswap-v2,WETH-KAHN,0f40d93c-22aa-4bbd-9db6-75c0eff7f4b4,11072,0.34892,0.34892,,0.01205,Dexs
Base,sushiswap,EASE-WETH,1e9aff48-2747-4738-b088-2919cd340480,11068,0,0,,0,Dexs
Base,uniswap-v2,SEEK-WETH,de6f03b8-c6c4-4985-b911-7b8b328e953c,11046,0,0,,0,Dexs
Solana,raydium-amm,ETH-USDC,5120e6f2-bc78-5541-a6e7-7cac34f2759c,11041,27.72,27.72,0,27.72,Dexs
Base,uniswap-v2,WETH-BSM,b79ea913-a9e4-4247-a329-a078a136b941,11038,0,0,,0.0005,Dexs
Base,uniswap-v2,WETH-DIG,95e2a0ec-8d8d-4f93-81ba-46dcd71458a6,11034,0,0,,0.01018,Dexs
Ethereum,pancakeswap-amm-v3,WETH-MRED,93d64188-2db0-4ae1-bccb-160f50ae59c5,11033,0,0,,0.56843,Dexs
Base,uniswap-v2,PENGUIN-WETH,226b170e-98db-4fe8-8dd5-66b73bb054d1,11013,0,0,,0.01118,Dexs
Base,uniswap-v3,WETH-KOLZ,5cb8445f-1420-4da1-85fc-6c9716178c2b,11013,0.02328,0.02328,,0.05202,Dexs
Base,beefy,WETH-WSTETH,b36957f1-c0f2-4ad8-9de6-d23df4134e7f,11002,0.10873,,,0.05276,Yield Aggregator
Arbitrum,uniswap-v3,WETH-XNF,0c9e6d23-0c09-4cba-97d5-0e8dae6b702f,11001,2.42857,2.42857,,0.05567,Dexs
Base,folks-finance-xchain,ETH,822e55e3-0ff7-4df3-8b44-712b97d80fe5,10999,0.246,0.246,0,0.14887,Lending
Base,uniswap-v2,WETH-MOONS,fb69bf3b-0d56-4b13-9fb0-56df6cdd5cd9,10998,0,0,,0.04211,Dexs
Base,uniswap-v2,WETH-SWART,9517deb0-79d4-438a-b59c-a4489f863c52,10995,0,0,,0.00344,Dexs
Arbitrum,uniswap-v3,WETH-KEI,d866cff7-c517-407b-bc6d-561f5bd800b3,10993,0,0,,0,Dexs
Base,uniswap-v2,WETH-GAME,bc110aa3-ae4c-428f-9b8e-47d410b98f2a,10991,0,0,,0.01809,Dexs
Base,uniswap-v2,WETH-GIVECRYPTO,57a9ceaf-3a2e-4128-b0c9-18849ef8915a,10982,0,0,,0.00095,Dexs
Ethereum,sushiswap,WETH-MVRS,81b21a5c-3d46-4292-9471-3bd34f036df3,10980,0,0,0,0,Dexs
Base,uniswap-v2,WETH-BEEPS,ed86d3c7-f943-44da-a4d2-4d84206e034c,10972,0,0,,0.00811,Dexs
Base,aerodrome-v1,WETH-SEXY,2b41cac0-2ff8-4402-8176-9867649cb487,10958,200.31317,,200.31317,180.92879,Dexs
Arbitrum,balancer-v2,BAL-WETH,624ecad1-0124-4651-9524-f6170eec46d2,10957,0.00828,0.00828,,0.27263,Dexs
Base,uniswap-v2,BRRR-WETH,c465449b-a5b2-47c5-918f-db41ba75d28f,10937,0,0,,0.01224,Dexs
Base,uniswap-v3,CONSUELA-WETH,c667d658-5e9b-4a31-b44d-f091abd651de,10936,0.05078,0.05078,,0.30765,Dexs
Base,uniswap-v3,WETH-KAITO,2461c708-61dc-41e6-ab65-f77a5e745e91,10921,64.20387,64.20387,,78.63715,Dexs
Base,uniswap-v2,WETH-BIGD,7927fa7a-33a8-4d5f-9962-17454a8ad17d,10919,0,0,,0,Dexs
BSC,fwb,ETH,09a50045-61b3-5efb-9e71-8b48200b4b94,10916,8,8,,8,Yield
BSC,goose-finance,ETH-WBNB,47d3e397-320f-4061-bace-b66cc56f9f66,10916,3.4248,,3.4248,3.4475,Farm
Base,uniswap-v3,MMC-WETH,bd73dc88-2072-425a-aaf3-ce0df5e8e8d6,10915,0.00248,0.00248,,0.78312,Dexs
Base,uniswap-v2,WETH-SHROOMI,e1798fc6-a40e-40f1-a129-0e325a601783,10912,0,0,,0.01824,Dexs
Arbitrum,gamma,WSTETH-WETH,9ce903b2-3f01-4c1d-91c3-ce9262ca9851,10897,0,0,0,0,Liquidity Manager
Arbitrum,camelot-v3,VITAI-WETH,81968dbd-fdac-484a-ab30-dcc70f446245,10894,0,0,,0.00057,Dexs
Base,uniswap-v2,WETH-TITANDAO,028ee0c0-3dfc-44c5-8461-9a4d8c8a30dc,10871,0,0,,0,Dexs
Arbitrum,gamma,WSTETH-WETH,ccc98e4c-a4ec-4c16-a027-afef75f424a2,10868,0,0,0,0,Liquidity Manager
Arbitrum,camelot-v2,WETH-SHIBAI,60a5d3fb-2695-4e5a-8651-aa1af220fe64,10865,0,0,,0.13925,Dexs
Base,uniswap-v3,MELNC-WETH,6d30249d-8bf8-4616-96a3-aaf91eb9924e,10852,9.90991,9.90991,,2.91246,Dexs
Base,uniswap-v2,GDAX-WETH,185f9e5a-d247-43d6-b193-f4a29333a4e6,10850,0,0,,0.01635,Dexs
Robinhood Chain,alandale-v3,WETH-AI,14a7b756-6cf1-56ce-88ef-52f3f627f744,10850,171.02967,0,171.02967,733.7886,Dexs
Ethereum,balancer-v2,AMPHRETH-RSTETH-WSTETH-RE7LRT-STEAKLRT,99e41f8a-d0fd-4961-82ee-b85e1806d327,10849,0,0,0,0,Dexs
Base,uniswap-v2,WETH-S3NSE,a3fefdf9-7a27-48a6-aaa2-2472ae24caa9,10838,0,0,,0.01684,Dexs
Base,uniswap-v2,WETH-PICA,51a83f0f-a89c-4fe4-9786-55e826f08147,10837,0,0,,0.26014,Dexs
Polygon,uniswap-v3,WETH-CCDAO,e94a7087-658b-4c21-aaf0-1c79cfc411f1,10836,4.78508,4.78508,,3.47158,Dexs
Base,uniswap-v2,WETH-BISCUIT,e981f3b4-4fc2-4682-a75a-58717694640d,10835,0,0,,0,Dexs
Base,uniswap-v2,WETH-BBB,6a105725-b2d5-40dd-97e3-480a124d0b36,10818,0,0,,0.02862,Dexs
Base,uniswap-v2,SPORTS-WETH,042dabcb-22c8-4582-a022-e9510f4924ec,10809,0,0,,5e-05,Dexs
Base,uniswap-v2,INNOVIA-WETH,729c99dd-95f3-4561-a4c8-c6c9489da9de,10807,0,0,,0.00459,Dexs
Base,aerodrome-slipstream,WETH-LUNA,3471fac0-34d9-45de-835f-23583cb64153,10807,70.07473,10.81535,59.25938,63.53783,Dexs
Base,uniswap-v2,WETH-HOOBERMAN,0d30c6f6-e1d4-4845-970b-58259859a94f,10802,0,0,,0,Dexs
Base,uniswap-v2,WETH-ARIA,09bb0752-18bf-454e-9dbb-6233daa95557,10800,0,0,,0.00074,Dexs
Base,uniswap-v4,WETH-CC,25e45bce-a299-5367-98c2-0f53794f6327,10798,0,0,,2.8903,Dexs
Arbitrum,uniswap-v3,PARAM-WETH,2ec1c77d-62d3-448a-b688-2c14e9d748cb,10796,6e-05,6e-05,,0.05201,Dexs
Base,uniswap-v2,WETH-GRASS,b6c39f31-c78a-49c4-b30c-1b35b871f2f4,10794,0,0,,0.16264,Dexs
Base,uniswap-v2,WETH-BLUE,0ec6c176-87f8-441c-ba60-2b17356a1830,10791,0,0,,0.12407,Dexs
Base,uniswap-v2,WETH-TOPG,f6e60a8d-ea0c-4863-a72e-f0aed8126d46,10791,0,0,,0.00428,Dexs
Ethereum,uniswap-v3,CELR-WETH,fdd2e685-6cf8-4cc9-bd2e-b8b04cbf5a6b,10786,1.19662,1.19662,,4.89195,Dexs
Base,uniswap-v2,WETH-PVP,a7695595-ebb1-4e61-901c-a047993bde2a,10763,0,0,,0,Dexs
Base,uniswap-v3,WETH-COAT,c49eb360-9fdb-4f69-ad85-99ef372a786a,10763,0.00051,0.00051,,0.06013,Dexs
Polygon,uniswap-v3,WETH-MONKEYNEWS,3c7adafc-8e76-44ce-8694-4a941c9382ea,10760,0,0,,0,Dexs
Arbitrum,uniswap-v3,WETH-AGETH,a062eb32-fc6c-436a-bb5d-c4f92aa00bd2,10759,0,0,,1.19832,Dexs
Base,uniswap-v2,WETH-GME,c2578f93-ffa8-4cd5-ae17-09c40cc0d16d,10754,0,0,,0,Dexs
Base,beefy,AVNT-WETH,8cddf704-a112-4236-a6cc-ee1a56cbe7e6,10753,55.4173,,,73.55185,Yield Aggregator
Ethereum,uniswap-v4,ETH-JUMP,3f8c5fc0-e757-5abd-84d2-93b1d016c809,10751,1.34859,1.34859,,4.35114,Dexs
Base,uniswap-v2,DWA-WETH,9489cbfa-206e-4289-a1a6-57018bfd630c,10738,0,0,,0.00013,Dexs
Base,uniswap-v2,WETH-DUK,96c9d8f2-aca8-4a51-bc08-367c283786ba,10731,0,0,,0,Dexs
Ethereum,sushiswap,DESTROYELON-WETH,29d0651d-92f5-4c34-bea6-3db619f53de8,10731,0,0,0,0,Dexs
Polygon,quickswap-dex,WETH-DOGEHR,f77c08bf-2f68-40e4-85fd-4b2358637bd2,10727,0,0,,0,Dexs
Arbitrum,uniswap-v3,SPARTANS-WETH,5cbd6ff0-e800-545c-8d77-a7b161b820c3,10726,4.14725,4.14725,,111.10817,Dexs
Base,uniswap-v2,WETH-DCAT,5de6ad26-e34e-4d30-9c14-0848d4357cb8,10695,0,0,,0,Dexs
Ethereum,balancer-v2,SNX-WETH,2d3fd223-a5c3-4ddc-badd-d7229ca3f8b6,10693,2.75541,2.75541,0,3.81423,Dexs
Base,uniswap-v2,WETH-BJ002,e31fccd9-a644-4c26-922b-0cc263f55f1a,10685,0,0,,1e-05,Dexs
Base,alien-base-v3,TBTC-WETH,29b99c3f-34f8-4299-be28-4d0b6ef943d2,10684,0,0,0,0.00061,Dexs
Ethereum,uniswap-v3,AETHWETH-WETH,0e09627b-1c4e-4f18-b12c-7579c47ac0ca,10679,3.34394,3.34394,,1.8766,Dexs
Base,uniswap-v2,WETH-THERA,25449d93-95fa-419f-abde-25f56781d79d,10678,0,0,,0.0092,Dexs
Ethereum,uniswap-v3,BOOE-WETH,143fff1e-2431-4672-984a-8d06642133b3,10674,1.42563,1.42563,,5.61442,Dexs
Ethereum,curve-dex,ETH-WBETH,b195f9cd-1ed2-4335-8a2b-fb7b79ba8afd,10669,2.14079,2.14,0.00079,3.54784,Dexs
Robinhood Chain,alandale-v3,WETH-NVDA,385f0259-e03e-5145-9ae9-04b231aff57f,10667,86.01425,0,86.01425,161.75018,Dexs
Base,uniswap-v2,WETH-CURAITOR,62a61b87-de51-4725-a780-cd0e57354c9b,10665,0,0,,0,Dexs
Base,uniswap-v2,WETH-AIDAOS,1b60040b-8f60-4bc6-9840-be0436e06a77,10661,0,0,,0,Dexs
Base,beefy,LFI-WETH,939e7573-8675-4694-b545-44f019dfa786,10655,776229.65563,,,20032.09829,Yield Aggregator
Base,uniswap-v2,WETH-IGEN,4981db2a-7ba2-44e7-9cfd-b72ddd2616f2,10652,0,0,,0.00939,Dexs
Base,uniswap-v2,WETH-SKIND,23e4c7aa-497b-493d-b787-6aefe82c1e29,10652,0,0,,0,Dexs
Ethereum,sushiswap,AXS-WETH,ed225614-ee82-4950-a388-a9177b0055ef,10641,27.39219,27.39219,0,8.0228,Dexs
Base,uniswap-v2,WETH-BIRDDOG,5ee17369-fe98-4261-91b1-d263ac934958,10636,0,0,,0.06316,Dexs
Starknet,troves,ETH,ce7296fb-bf96-452d-bdd6-5d6b81aa463e,10629,0,0,0,0,Yield
Base,uniswap-v2,WETH-DEEPSEEK,dfe9d2f4-191a-4915-8930-d7642fb14be5,10611,0,0,,0,Dexs
Arbitrum,uniswap-v3,STG-WETH,602b6611-6b23-4922-88b6-029d380d0190,10605,20.72332,20.72332,,21.83888,Dexs
Ethereum,sushiswap,$ROPE-WETH,cd885882-0df2-4714-82b2-4c8c4a6bc499,10601,0,0,0,0.00314,Dexs
Base,uniswap-v2,AI16Y-WETH,b5d11d63-06d5-469e-bc97-3cb4e48fcd8c,10590,0,0,,0,Dexs
Base,uniswap-v2,DOGGO-WETH,16b40bdb-fad3-4192-9e30-c15f02839114,10584,0,0,,0,Dexs
Ethereum,curve-dex,WETH-SQUILL,332787cc-7e75-4b16-864f-c17de1cb64dd,10582,0,0,0,3.91102,Dexs
Base,aerodrome-v1,EZETH-WETH,6febccc2-5c44-4a12-b4d1-74e15eb029d0,10573,0.01333,,0.01333,0.5141,Dexs
Base,uniswap-v2,EXBT-WETH,2d641a8d-69dc-4c76-8e50-430c6fd390af,10554,0,0,,0.00345,Dexs
Base,uniswap-v2,WETH-BLF,a5769261-9179-4c3e-838e-a6fccb984b63,10552,0.16855,0.16855,,0.00077,Dexs
Base,uniswap-v2,WETH-BRETT,903069b5-7829-4c8a-89a0-6d4367cc328c,10549,0,0,,0.00272,Dexs
Ethereum,balancer-v2,RDNT-WETH,e28b7350-85a9-40e0-ab67-201bd4bf5ec4,10549,0,0,,2.87752,Dexs
Base,uniswap-v2,WETH-AIXT,d6c2b223-b1df-430e-a5a0-374864fc90fc,10545,0,0,,0.0001,Dexs
Ethereum,uniswap-v3,CAL-WETH,7485ad69-9143-4efd-acd3-64e2c854150e,10528,0,0,,9.70257,Dexs
Arbitrum,uniswap-v3,WETH-AARK,f7e3a708-4ff2-4c71-96d1-b90cc0251dc6,10528,4.91216,4.91216,,27.21365,Dexs
Base,uniswap-v2,1337-WETH,71225b36-c4b5-4b69-8fbf-b2504dd2ef72,10527,0,0,,1e-05,Dexs
Ethereum,balancer-v2,WAWETH-WETH,06ebd6db-52f0-4bd0-9f69-fd4385454f1d,10506,0,0,,0,Dexs
Base,uniswap-v2,WETH-DOCS,b1d5dea0-f7b0-486c-8b8e-e7ed9c7d29ee,10502,0,0,,0,Dexs
Base,uniswap-v2,WETH-HER0,9f5f6a64-4f65-4830-a8a6-c4e305422bf9,10500,0,0,,0.00349,Dexs
Base,beefy,WETH-EURC,063fb37a-23a0-4bb2-9c98-b3f722498606,10500,9.82365,,,11.45211,Yield Aggregator
Base,uniswap-v2,WETH-BOTCHI,c9dca2ba-b5d7-4162-9e45-846c1998ff6f,10499,0,0,,0,Dexs
Base,uniswap-v2,WETH-OMEN,58cc71fb-f344-409a-bd7d-e8b46f79b04b,10499,0,0,,0.00117,Dexs
Ethereum,pancakeswap-amm-v3,PAXG-WETH,5e862946-06f3-516c-915a-5c8761111d15,10492,0.69149,0.69149,,7.80848,Dexs
Gnosis,balancer-v2,WETH-WBTC-USDC,f6ee7f7b-7cd3-4394-9f41-ca7aef283c66,10488,0.00028,0.00028,,0.00056,Dexs
Arbitrum,balancer-v2,WETH-LINK,1f414971-b767-4210-8818-66b4aa889d06,10486,0.54515,0.54515,0,0.40387,Dexs
Base,uniswap-v2,CHARITAI-WETH,91daddc9-cbdd-4407-879e-edfa0acbe45c,10484,0,0,,0,Dexs
Ethereum,sushiswap,HEART-WETH,a1561073-4383-41bb-a68d-9ae1bf310776,10467,0,0,0,0,Dexs
Ethereum,sushiswap,WETH-SI,193482b9-2f51-49b2-ba1f-9268e122cf9c,10458,0.9885,0.9885,0,0.07987,Dexs
Base,uniswap-v2,TAI-WETH,148557e5-ae35-4c8c-a3f5-d87fe9af9b1c,10457,0,0,,0,Dexs
Base,uniswap-v2,WETH-BASEDGUY,ace57e7c-a448-48f0-bcb9-9675e8861dd7,10449,0.01393,0.01393,,0.00178,Dexs
Base,uniswap-v2,WETH-RENT,7b2b1700-4422-425c-9a3d-2fde7ab47382,10446,0,0,,0.00345,Dexs
Base,uniswap-v3,WETH-DIET,7db7686e-e46e-4888-8bc8-5ec91fd8d70a,10443,0,0,,2.17408,Dexs
Fraxtal,curve-llamalend,SFRXETH,8eaad569-fdab-4534-92f3-f612873d5c3f,10441,0,,,0,Lending
Base,sushiswap,WETH-FRENZ,4fb53918-cb16-4a90-93f0-69e364ee6fbf,10437,0,0,,0.03194,Dexs
Base,uniswap-v3,ANONFUN-WETH,733bdc80-25c8-46cb-a1d4-5d520a0dab10,10406,2.43673,2.43673,,1.40846,Dexs
Base,uniswap-v2,WETH-WTF,24113836-8bfd-4115-8db0-49b518db99ee,10403,0,0,,0.01143,Dexs
Base,uniswap-v2,POME-WETH,4b60f14e-6d3b-4f69-838c-dc7e25d7f0cb,10401,0,0,,0,Dexs
Base,uniswap-v2,ROXY-WETH,6bec7993-189d-45b2-bd27-d4aa1a499da0,10400,0,0,,0.1015,Dexs
Base,uniswap-v2,WETH-DATAFI,ed67f60f-2207-4ceb-9b20-fb03e0f35660,10397,0,0,,2e-05,Dexs
Base,uniswap-v4,ETH-PELOSI,cbe463ac-0ec9-4e41-bc03-2f049e7ef51a,10374,0,0,,0,Dexs
Base,uniswap-v2,WETH-AIUS,3d6c456c-dfdd-49de-8981-6143adbb18d1,10373,0,0,,0,Dexs
Base,uniswap-v2,HIGH-WETH,c2a7930e-1ed1-4b6b-8dfa-5abe13db4a2a,10373,0.0585,0.0585,,0.00245,Dexs
Monad,folks-finance-xchain,WETH,a9c264ce-74a0-4d42-b99d-b007dc21cf6a,10372,0,0,0,0.01558,Lending
Base,uniswap-v2,BREKK-WETH,4bac5a5e-c3de-4db9-9792-7b83b6dd1da5,10367,0,0,,0,Dexs
Base,uniswap-v2,WETH-BREAD,5990778c-e4f2-4a8f-9f3b-335a971f2113,10362,0,0,,0.21811,Dexs
Base,uniswap-v2,RYUJIN-WETH,726ca313-3031-47c6-804d-bb2b423f05ca,10360,0.02913,0.02913,,0.1686,Dexs
Base,aerodrome-v1,1000X-WETH,0c5e7911-82f5-437c-bbce-39554a933708,10352,32.48136,,32.48136,27.66613,Dexs
Base,uniswap-v2,TREM-WETH,f9af4f35-9e60-4048-a40d-4cca8bddeb8a,10343,0,0,,0,Dexs
Base,sushiswap,WETH-BASED,fae812f5-65aa-4041-8c98-75f95197cdee,10338,0,0,,0.00067,Dexs
Base,uniswap-v2,WETH-REX,25e26755-e0eb-4af2-870e-ea946b622108,10333,0.01385,0.01385,,5.76517,Dexs
Neutron,astroport,WSTETH.AXL-WSTETH,d1edc2bd-0a92-4b93-b759-288ae5e89faf,10332,0,0,0,0,Dexs
Base,uniswap-v4,USFD-WETH,2b58a8c3-81d2-5af6-8944-cee75a7c44a4,10327,5.72077,5.72077,,55.41983,Dexs
Base,uniswap-v3,TRUTH-WETH,69db6d5b-40a6-4524-9473-6bf252763af9,10326,3.51473,3.51473,,0.99896,Dexs
Ethereum,sushiswap,WETH-GODS,ad3cca53-09c0-4c50-bbaf-ed50420f9b78,10294,30.1571,30.1571,0,12.65915,Dexs
Base,balancer-v2,WETH-VLR,52d4d027-ad66-46c4-b267-08a32de263de,10291,0.02794,0.02794,,0.1606,Dexs
Base,fusion-by-ipor,WETH,f0c38e46-62ba-41c1-a7b1-396d48a6c11f,10289,2.52316,2.52316,0,3.00022,Onchain Capital Allocator
Ethereum,sushiswap,JPEGS-WETH,dcc5aaed-6019-4e23-be6c-7e9fa353c085,10288,0,0,0,0.00558,Dexs
Base,uniswap-v2,FATE-WETH,b26052d0-d39c-4df0-a98a-537635fcd8ec,10283,0,0,,0.00214,Dexs
Ethereum,sushiswap,YGG-WETH,03993700-4d31-4446-b746-ae95aeec692a,10278,13.49341,13.49341,0,11.82793,Dexs
Arbitrum,uniswap-v3,WETH-SOHI,808ca3a0-0b36-4887-92a9-6a09a77caa0f,10275,0,0,,9e-05,Dexs
Base,uniswap-v2,WETH-$HELLO,12499481-e06e-46e7-b5d0-4bae09efeaf4,10272,0,0,,0,Dexs
Base,uniswap-v2,LAMBO-WETH,d355d99a-5026-4b40-8294-f89875d541ba,10271,0,0,,0,Dexs
Base,uniswap-v2,WETH-SUMI,bcb24d69-3ae7-47e6-893b-5de89f92d0ed,10267,0,0,,0.00387,Dexs
Katana,morpho-blue,WEETH,c1ae6df8-9993-4e07-b2e8-3f1bb1503ee7,10258,80.90112,0,80.90112,52.0878,Lending
Base,uniswap-v2,WETH-AUGURA,78136915-a805-42ed-b8e0-6d92c7304402,10257,0,0,,0,Dexs
Base,uniswap-v2,WETH-CAIRE,0bcdaab1-bd59-4fc8-88a1-70512d7955d4,10253,0,0,,0,Dexs
Ethereum,supernova-cl,FET-WETH,e950925c-b352-4b84-bfd9-6540d2f623dd,10252,4073.90311,0,4073.90311,1752.96123,Dexs
Base,uniswap-v2,LOUISA-WETH,50836aa4-02f0-4ca9-81c1-ef1d3305e4c8,10249,0,0,,0,Dexs
Base,uniswap-v3,LAD-WETH,2628c7c7-3e5c-458e-9933-4fe80770587f,10244,0,0,,0.27633,Dexs
Base,uniswap-v2,WETH-EOMOUS,08acf96c-37d2-4a05-bb51-6a7d1e5bad1e,10243,0,0,,0.02056,Dexs
Base,uniswap-v2,WETH-WSBRETT,cbbe3177-a380-4efb-964e-be8e900fbd31,10240,0.00299,0.00299,,7e-05,Dexs
Base,uniswap-v2,WETH-AI6IX9INE,585221b9-2aa9-47db-a456-cff2061bd5c4,10238,0,0,,0.00617,Dexs
Base,uniswap-v2,WETH-LILB,0db061b5-1833-46c8-b311-c933d39704df,10234,0,0,,0.0128,Dexs
Base,uniswap-v4,NIBEL-ETH-USDC,0a2d9afd-0cba-414c-bb74-8ce76e52ea2f,10233,0,0,,0.01585,Dexs
Base,uniswap-v2,WETH-BRATT,40efc97e-acf3-4098-8297-7e671a116672,10225,0.01201,0.01201,,0.0037,Dexs
Base,uniswap-v2,WETH-XRP,12715201-9473-40fa-9835-793f4b641031,10223,0,0,,0.0545,Dexs
Base,uniswap-v2,WETH-DDAO,f35b2b51-9e52-4427-bee2-d82b950ea669,10222,0,0,,0.01305,Dexs
Arbitrum,uniswap-v3,WETH-TLT,2265a32f-c4a2-4edd-93e5-9e31ef7e35aa,10214,0,0,,0,Dexs
Base,uniswap-v2,WETH-BORKIE,9e40becc-6166-421d-b0fc-ad76714182a1,10209,0.49031,0.49031,,0.02105,Dexs
Base,aerodrome-slipstream,WETH-KAITO,c969049a-a808-42c9-a177-079ed8a55258,10209,266.30079,166.24397,100.05683,147.81455,Dexs
Base,uniswap-v2,WETH-BEZOS,80d144bc-d5ca-4eb3-9678-6f52c38937fa,10208,0,0,,0.00226,Dexs
Base,uniswap-v3,COMICSANS-WETH,dc7ccf12-3a2c-45aa-b2e2-4039480303ca,10201,0.00037,0.00037,,1.06233,Dexs
Base,uniswap-v2,WETH-BM,adc7da03-12a0-4fd4-ae32-dac6ffa999cd,10195,0,0,,0.24423,Dexs
Base,aerodrome-v1,WETH-RFL,79c46c07-f73e-466e-a611-7316cb28b379,10175,204.56814,,204.56814,150.14419,Dexs
Base,uniswap-v2,WETH-JUNK,f0b1f696-7a24-4ce8-a332-4b9348d86cb5,10173,0,0,,0,Dexs
OP Mainnet,uniswap-v3,WETH-ANTH,8d5efc21-6706-4c67-8967-4ee8c052a2de,10173,0.69017,0.69017,,0.69971,Dexs
Base,uniswap-v2,WETH-RABBIT,bc328c8b-c576-4c44-97be-2f1af322a38a,10172,0,0,,0,Dexs
Heco,mdex,WHT-ETH,6f43f529-2a29-49fa-8621-adb5d86c5e91,10172,0.42192,0.03902,0.3829,0.42192,Dexs
Base,uniswap-v2,WETH-POV,665f78d1-1f09-41fa-aa29-961691c811a6,10169,0,0,,0.00138,Dexs
Base,uniswap-v3,WETH-UCAST,415ae489-60e9-442a-87b9-50c80a7084d9,10168,0,0,,0,Dexs
Base,uniswap-v2,MONKE-WETH,6a8aa32a-f0f1-4acb-8b1a-e2bf4a6328a3,10165,0,0,,0.00364,Dexs
Ethereum,balancer-v2,OLAS-WBTC-DAI-WETH,a611e0a4-146d-4afa-88db-dc0b71091164,10160,2.19288,2.19288,,1.54634,Dexs
Base,uniswap-v2,WETH-SHARP,609eba02-f24f-493c-801a-6a0499af6c56,10156,0,0,,0.00015,Dexs
Base,uniswap-v2,WETH-CREATORHAT,f1c55e88-a644-4845-9684-fc335fd9b4a3,10149,0,0,,0,Dexs
Base,uniswap-v2,CANDY-WETH,76524a22-af5a-4139-aebf-22ebaeb950bb,10145,0,0,,0.00545,Dexs
Monad,morpho-blue,WETH,0714fc5c-30f9-41e6-980f-994579e38920,10125,0,0,,0,Lending
Base,uniswap-v2,LEGATIO-WETH,f58c1b3c-6063-4020-83b7-1934ed847a28,10124,0,0,,0.00029,Dexs
Base,uniswap-v2,WETH-SKYLAR,fe6aa97a-6fb0-4bab-bd9c-b9b1f11a785c,10118,0,0,,0,Dexs
Ethereum,sushiswap,DAOMSTR-WETH,88d0cf22-a49f-4cfa-bd49-b0c384788332,10114,0,0,0,0,Dexs
Arbitrum,uniswap-v3,NYAN-WETH,f895cd29-7ec8-5018-a2fd-96f2a7463a0b,10113,0.28059,0.28059,,36.95598,Dexs
Ethereum,uniswap-v3,OLAS-WETH,e36a932f-437f-497d-89b4-db2297801488,10112,0,0,,2e-05,Dexs
Base,uniswap-v2,WETH-NENEDROID,91a0e57e-0f5e-40d7-b41e-1d39d1c36ca5,10104,0,0,,0,Dexs
Linea,lynex-v2,VAMM-LILI-WETH,c1c6d42a-b3ce-417d-8f30-56efba917f67,10092,0,0,0,0,Dexs
Arbitrum,uniswap-v3,WETH-ETHS,cb82248e-0b9a-424f-9670-081c4f6b76f1,10081,0,0,,0.02737,Dexs
Base,uniswap-v2,WETH-LEGAL,54e814e1-a01d-4e76-ad3e-8cac4568292c,10077,0,0,,0,Dexs
Ethereum,uniswap-v3,AEVO-WETH,a580ad64-40f3-4270-b0f5-b11e13873e5f,10076,0.69167,0.69167,,0.50827,Dexs
Base,uniswap-v2,WETH-XIBA,8f28670f-2114-4176-838d-fafd12e3d61d,10064,0,0,,0,Dexs
Base,uniswap-v2,PATHOS-WETH,47c85fa3-db8a-4bde-96e1-d8bcb1241a28,10063,0,0,,0,Dexs
Base,uniswap-v2,WETH-BDOGE,2ed988a4-5631-45cf-9da8-f2d654cd8a7c,10054,0.1197,0.1197,,0.057,Dexs
Ethereum,uniswap-v3,BONE-WETH,1596f7c3-62c3-48f1-8d29-46e32985778d,10053,2e-05,2e-05,,0.76208,Dexs
Ethereum,sushiswap,RTRD-WETH,eeb549df-4e99-490f-a702-4fd6b18ef851,10049,0,0,0,0,Dexs
Arbitrum,uniswap-v3,SPA-WETH,12a12bdd-10eb-40b8-b395-b5235f419d63,10048,77.54517,77.54517,,93.93677,Dexs
Ethereum,uniswap-v3,WETH-LOOKS,d1280cb3-2440-4741-ba7d-d695bbbdd17a,10036,1e-05,1e-05,,1.60561,Dexs
Base,uniswap-v2,WETH-GCR,ab88c90b-b197-485d-8779-7192f7854987,10035,0,0,,0.00281,Dexs
Ethereum,uniswap-v4,ETH-SKULLSTR,70bb6c48-b527-4f93-99bc-cc9025fd36f3,10026,0,0,,0,Dexs
Base,uniswap-v2,WETH-AZRK,9c4e393c-3bf7-4b11-9ebe-d9be3ad55f31,10024,0,0,,0,Dexs
Base,uniswap-v2,WETH-INNO,cfec1316-4e4b-46bb-9f66-bb17bdc7ab6d,10023,0,0,,0,Dexs
Base,aerodrome-slipstream,WETH-USDS,5b27f8b4-cd44-45c1-b34a-144e96500f31,10023,31.73783,18.42744,13.3104,41.30208,Dexs
Base,uniswap-v2,WETH-WMSTER,eb2cf765-8f6e-4eb5-90d8-3360fad83a24,10021,0.01046,0.01046,,0.08414,Dexs
Ethereum,sushiswap,FARM-WETH,a501ed5f-e4c9-45b4-9026-863850c16864,10017,2.402,2.402,0,23.35825,Dexs
Base,uniswap-v2,WETH-TAOA,7525e144-0bbf-4b6d-9c6c-39154f6ca5d3,10011,0,0,,0,Dexs
Base,sushiswap,WETH-PIKA,91b38829-95e6-47de-8772-a76219562fd9,10009,0,0,,0.01082,Dexs
Base,uniswap-v2,WETH-ALG0,422b59d0-c63e-4806-a291-111645a38f31,10006,0,0,,0,Dexs
Base,uniswap-v2,WETH-CAPY,5898748f-ba65-42ab-aa89-481c9129d5a0,10004,0,0,,0,Dexs
Base,uniswap-v2,ALP-WETH,cb59de99-9842-4eea-b495-1d3cb45c62a2,10004,0,0,,0.00363,Dexs
Arbitrum,balancer-v3,WETH-USDC,e10abe8a-9c65-483a-a692-4c70103cc014,10002,0,0,0,0,Dexs
Linea,euler-v2,WETH,2613b6dd-c732-4319-9839-b32a5f0b11f5,9637,0.91219,0.91219,,0.91911,Lending
OP Mainnet,curve-llamalend,WSTETH,1f7a2e87-7638-599c-b64c-7eab9dc70953,7980,0,,,0,Lending
Ethereum,fraxlend,SFRXETH,ac5d9c24-a694-4ea4-9f42-281ec416c009,6890,0,,,0,Lending
Ethereum,fraxlend,WSTETH,3d05c4d8-a033-40ac-bfb9-3cc7bf30babd,5500,0,,,0,Lending
Fraxtal,fraxlend,EZETH,fd8709e2-af2a-4bc9-bce4-818cdffbe068,5132,0,,,0,Lending
Algorand,folks-finance-lending,WETH-NTT,72206a45-df67-4a98-b4f0-c49802014d13,4386,1.42,1.42,,1.19325,Lending
Linea,euler-v2,WETH,e9a78b05-fdab-4bba-a8ab-5d68fdf26aa8,4040,2.02655,2.02655,,1.16508,Lending
OP Mainnet,curve-llamalend,WSTETH,74ca7648-7992-552b-b969-b6fae8c99861,2900,0,,,0,Lending
Move,layerbank,WETH.E,739773e4-8782-4c95-ba0b-c39e076ef7cd,2289,5.47191,2.16803,3.30388,4.87544,Lending
Avalanche,euler-v2,WETH.E,3ba6f1c0-6fee-4d34-a50a-d8fc5446eff3,0,71.99989,71.99989,,71.99989,Lending
Arbitrum,tender-finance,ETH,f9929231-b06a-4d7a-b29a-41194b3f5a17,0,0,0,,25.0935,Lending
Ethereum,fira,WSTETH,a79e580e-422b-4ce3-9204-cde8a5f91d77,0,0,0,,0,Lending
